{
  "dataset_info": {
    "name": "UAV Log Dataset",
    "description": "Time-aligned UAV sensor data for GPS error correction training",
    "version": "1.0",
    "total_samples": 5268,
    "total_features": 24,
    "memory_usage_mb": 1.2410392761230469,
    "coordinate_system": "ENU",
    "target_frequency_hz": 15.0
  },
  "features": {
    "timestamp": {
      "description": "Unix timestamp in seconds",
      "unit": "seconds",
      "type": "continuous",
      "source": "synchronized",
      "count": 5268,
      "missing_count": 0,
      "missing_percentage": 0.0,
      "mean": 254.95423566666665,
      "std": 101.39232931757927,
      "min": 79.387569,
      "max": 430.5209023333333,
      "median": 254.95423566666668,
      "q25": 167.17090233333334,
      "q75": 342.73756899999995
    },
    "gps_x": {
      "description": "GPS position in East direction (ENU coordinates)",
      "unit": "meters",
      "type": "continuous",
      "source": "gps",
      "count": 5268,
      "missing_count": 0,
      "missing_percentage": 0.0,
      "mean": 3.3225561001556574e-13,
      "std": 1.0,
      "min": -2.5674423957722117,
      "max": 2.572225406862684,
      "median": 0.025839092308071264,
      "q25": -0.7082756755953424,
      "q75": 0.7903455221119047
    },
    "gps_y": {
      "description": "GPS position in North direction (ENU coordinates)",
      "unit": "meters",
      "type": "continuous",
      "source": "gps",
      "count": 5268,
      "missing_count": 0,
      "missing_percentage": 0.0,
      "mean": 2.7623898882499135e-10,
      "std": 1.0,
      "min": -1.7495781614221997,
      "max": 2.940198812110989,
      "median": 0.09522914812745875,
      "q25": -0.738236537468637,
      "q75": 0.5667750227172231
    },
    "gps_z": {
      "description": "GPS position in Up direction (ENU coordinates)",
      "unit": "meters",
      "type": "continuous",
      "source": "gps",
      "count": 5268,
      "missing_count": 0,
      "missing_percentage": 0.0,
      "mean": 2.2573354642522847e-14,
      "std": 0.9999999999999999,
      "min": -2.1373791932786275,
      "max": 2.7778526994641504,
      "median": -0.21536524199080365,
      "q25": -0.7178791080426988,
      "q75": 0.609129014169237
    },
    "imu_ax": {
      "description": "IMU acceleration in X axis",
      "unit": "m/s\u00b2",
      "type": "continuous",
      "source": "imu",
      "count": 5268,
      "missing_count": 0,
      "missing_percentage": 0.0,
      "mean": 5.3951612434328035e-18,
      "std": 1.0,
      "min": -18.308175190852193,
      "max": 39.14276768171938,
      "median": -0.026779131326119424,
      "q25": -0.030754100270160737,
      "q75": -0.024624043167328545
    },
    "imu_ay": {
      "description": "IMU acceleration in Y axis",
      "unit": "m/s\u00b2",
      "type": "continuous",
      "source": "imu",
      "count": 5268,
      "missing_count": 0,
      "missing_percentage": 0.0,
      "mean": 6.743951554291004e-18,
      "std": 1.0,
      "min": -20.615698251747624,
      "max": 21.292737356466265,
      "median": 0.020267441430901707,
      "q25": 0.016582427091473638,
      "q75": 0.026239726340033784
    },
    "imu_az": {
      "description": "IMU acceleration in Z axis",
      "unit": "m/s\u00b2",
      "type": "continuous",
      "source": "imu",
      "count": 5268,
      "missing_count": 0,
      "missing_percentage": 0.0,
      "mean": -2.023185466287301e-18,
      "std": 1.0,
      "min": -25.455532187707366,
      "max": 24.846360750430804,
      "median": -0.004996738985662912,
      "q25": -0.015044672711528477,
      "q75": 0.001374594054336671
    },
    "imu_gx": {
      "description": "IMU gyroscope angular velocity in X axis",
      "unit": "rad/s",
      "type": "continuous",
      "source": "imu",
      "count": 5268,
      "missing_count": 0,
      "missing_percentage": 0.0,
      "mean": 5.3951612434328035e-18,
      "std": 0.9999999999999997,
      "min": -35.986937016053524,
      "max": 21.17603995334605,
      "median": 0.02894311700006582,
      "q25": -0.22902624797995555,
      "q75": 0.10729143168606649
    },
    "imu_gy": {
      "description": "IMU gyroscope angular velocity in Y axis",
      "unit": "rad/s",
      "type": "continuous",
      "source": "imu",
      "count": 5268,
      "missing_count": 0,
      "missing_percentage": 0.0,
      "mean": -4.316128994746243e-17,
      "std": 0.9999999999999999,
      "min": -35.125598599594,
      "max": 13.856753854471524,
      "median": 0.19259568960261852,
      "q25": -0.6217106941026438,
      "q75": 0.4468157174285252
    },
    "imu_gz": {
      "description": "IMU gyroscope angular velocity in Z axis",
      "unit": "rad/s",
      "type": "continuous",
      "source": "imu",
      "count": 5268,
      "missing_count": 0,
      "missing_percentage": 0.0,
      "mean": 1.0790322486865606e-16,
      "std": 1.0,
      "min": -3.3817697443181634,
      "max": 17.047273877042343,
      "median": -0.15531237638982143,
      "q25": -0.16441114742245228,
      "q75": -0.15013501051561304
    },
    "velocity_x": {
      "description": "Velocity in East direction",
      "unit": "m/s",
      "type": "continuous",
      "source": "derived",
      "count": 5268,
      "missing_count": 0,
      "missing_percentage": 0.0,
      "mean": -8.632257989492486e-17,
      "std": 1.0,
      "min": -0.6266651565303211,
      "max": 5.599130092371508,
      "median": -0.4370827357423159,
      "q25": -0.5102425567514162,
      "q75": -0.14097011885752575
    },
    "velocity_y": {
      "description": "Velocity in North direction",
      "unit": "m/s",
      "type": "continuous",
      "source": "derived",
      "count": 5268,
      "missing_count": 0,
      "missing_percentage": 0.0,
      "mean": 6.905806391593988e-16,
      "std": 0.9999999999999999,
      "min": -0.8491246080116824,
      "max": 5.421113413326659,
      "median": -0.43538326066502747,
      "q25": -0.50434015188947,
      "q75": 0.1292939702286771
    },
    "velocity_z": {
      "description": "Velocity in Up direction",
      "unit": "m/s",
      "type": "continuous",
      "source": "derived",
      "count": 5268,
      "missing_count": 0,
      "missing_percentage": 0.0,
      "mean": -2.1580644973731213e-16,
      "std": 1.0,
      "min": -1.3938832180000955,
      "max": 9.79465665852439,
      "median": -0.24501029261997231,
      "q25": -0.5340815448123907,
      "q75": 0.23306908600594956
    },
    "hdop": {
      "description": "Horizontal Dilution of Precision",
      "unit": "dimensionless",
      "type": "continuous",
      "source": "gps",
      "count": 5268,
      "missing_count": 0,
      "missing_percentage": 0.0,
      "mean": 1.9854193375832717e-15,
      "std": 1.0,
      "min": -1.019576380530977,
      "max": 5.779467009002199,
      "median": -0.24230908569866563,
      "q25": -0.5265944263640413,
      "q75": -0.24230908569866563
    },
    "vdop": {
      "description": "Vertical Dilution of Precision",
      "unit": "dimensionless",
      "type": "continuous",
      "source": "gps",
      "count": 5268,
      "missing_count": 0,
      "missing_percentage": 0.0,
      "mean": 2.470983849492224e-15,
      "std": 1.0,
      "min": -1.4705921243339803,
      "max": 3.8511484367771684,
      "median": 0.24778743072963766,
      "q25": -0.6782500640472091,
      "q75": 0.3382284599435124
    },
    "fix_type": {
      "description": "GPS fix type (0=no fix, 1=dead reckoning, 2=2D, 3=3D, etc.)",
      "unit": "categorical",
      "type": "categorical",
      "source": "gps",
      "count": 5268,
      "missing_count": 0,
      "missing_percentage": 0.0,
      "unique_count": 1,
      "most_frequent": "3",
      "most_frequent_count": 5268,
      "unique_values": [
        "3"
      ]
    },
    "motion_label": {
      "description": "Feature: motion_label",
      "unit": "unknown",
      "type": "categorical",
      "source": "unknown",
      "count": 5268,
      "missing_count": 0,