Time_s,GPS_NSats,GPS_HDop,GPS_Lat,GPS_Lng,GPS_Alt,GPS_Spd,GPS_GCrs,GPA_HAcc,GPA_VAcc,GPA_SAcc,IMU_GyrX,IMU_GyrY,IMU_GyrZ,IMU_AccX,IMU_AccY,IMU_AccZ,BARO_Alt,VIBE_VibeX,VIBE_VibeY,VIBE_VibeZ,VIBE_Clip,ATT_Roll,ATT_Pitch,ATT_Yaw
00:45.9,0,100,0,0,0,0,0,0,0,0,0.008571671,-0.0108665,-0.004981246,0.04707927,0.03319564,-9.78931,-0.2414254,0.009300875,0.0125572,0.01028881,0,-0.06,-0.16,211.94
00:46.0,0,100,0,0,0,0,0,0,0,0,0.007974767,-0.01004698,-0.004160359,0.04375174,0.03762237,-9.7893555,-0.2414254,0.00935276,0.012183292,0.010350256,0,-0.06,-0.16,211.94
00:46.0,0,100,0,0,0,0,0,0,0,0,0.007377863,-0.00922746,-0.003339472,0.04042421,0.0420491,-9.789401,-0.2414254,0.009404644,0.011809384,0.010411702,0,-0.06,-0.16,211.94
00:46.0,0,100,0,0,0,0,0,0,0,0,0.007503636,-0.009987055,-0.000687426,0.042068005,0.044069245,-9.7878195,-0.2414254,0.009456529,0.011435476,0.010473148,0,-0.06,-0.16,211.94
00:46.0,0,100,0,0,0,0,0,0,0,0,0.007629409,-0.01074665,0.001964619,0.0437118,0.04608939,-9.786238,-0.2414254,0.009508413,0.011061568,0.010534594,0,-0.06,-0.16,211.94
00:46.0,0,100,0,0,0,0,0,0,0,0,0.007933677,-0.010732985,0.003996487,0.04577942,0.04593697,-9.787435,-0.2414254,0.009560298,0.01068766,0.01059604,0,-0.06,-0.16,211.94
00:46.1,0,100,0,0,0,0,0,0,0,0,0.008237945,-0.01071932,0.006028354,0.04784704,0.04578455,-9.788632,-0.2414254,0.009578502,0.010619836,0.010577512,0,-0.06,-0.16,211.944
00:46.1,0,100,0,0,0,0,0,0,0,0,0.008141404,-0.01083018,0.006109476,0.043969695,0.042574115,-9.787904,-0.2414254,0.009596706,0.010552012,0.010558984,0,-0.06,-0.16,211.948
00:46.1,0,100,0,0,0,0,0,0,0,0,0.008044863,-0.01094104,0.006190598,0.04009235,0.03936368,-9.787176,-0.2414254,0.009614909,0.010484188,0.010540456,0,-0.06,-0.16,211.952
00:46.1,0,100,0,0,0,0,0,0,0,0,0.008281505,-0.011192345,0.004577456,0.04380079,0.0367909,-9.7880565,-0.2414254,0.009633113,0.010416364,0.010521928,0,-0.06,-0.16,211.956
00:46.1,0,100,0,0,0,0,0,0,0,0,0.008518147,-0.01144365,0.002964314,0.04750923,0.03421812,-9.788937,-0.2414254,0.009651317,0.01034854,0.0105034,0,-0.06,-0.16,211.96
00:46.2,0,100,0,0,0,0,0,0,0,0,0.004479876,-0.006338946,-0.00016136,0.04668724,0.03497257,-9.791651,-0.211106862,0.009436965,0.010068592,0.010670066,0,-0.06,-0.16,211.956
00:46.2,0,100,0,0,0,0,0,0,0,0,0.000441606,-0.001234242,-0.003287034,0.04586525,0.03572702,-9.794365,-0.180788324,0.009222613,0.009788645,0.010836732,0,-0.06,-0.16,211.952
00:46.2,0,100,0,0,0,0,0,0,0,0,0.004559321,-0.005597907,-0.003301876,0.046650465,0.038076675,-9.7910165,-0.150469786,0.009008262,0.009508697,0.011003398,0,-0.06,-0.16,211.948
00:46.2,0,100,0,0,0,0,0,0,0,0,0.008677037,-0.009961572,-0.003316718,0.04743568,0.04042633,-9.787668,-0.120151248,0.00879391,0.00922875,0.011170064,0,-0.06,-0.16,211.944
00:46.2,0,100,0,0,0,0,0,0,0,0,0.008528044,-0.010807761,-0.001868838,0.043776125,0.04239444,-9.7864405,-0.08983271,0.008579558,0.008948802,0.01133673,0,-0.06,-0.16,211.94
00:46.3,0,100,0,0,0,0,0,0,0,0,0.00837905,-0.01165395,-0.000420959,0.04011657,0.04436255,-9.785213,-0.088709802,0.01968114,0.019767772,0.023180298,0,-0.06,-0.162,211.942
00:46.3,0,100,0,0,0,0,0,0,0,0,0.008254235,-0.01143502,0.002327277,0.04269621,0.04573418,-9.7861745,-0.087586894,0.030782723,0.030586741,0.035023866,0,-0.06,-0.164,211.944
00:46.3,0,100,0,0,0,0,0,0,0,0,0.008129419,-0.01121609,0.005075513,0.04527585,0.04710581,-9.787136,-0.086463986,0.041884305,0.041405711,0.046867434,0,-0.06,-0.166,211.946
00:46.3,0,100,0,0,0,0,0,0,0,0,0.008083159,-0.01061942,0.005926608,0.045173635,0.04355402,-9.7871625,-0.085341078,0.052985888,0.05222468,0.058711002,0,-0.06,-0.168,211.948
00:46.3,0,100,0,0,0,0,0,0,0,0,0.008036898,-0.01002275,0.006777702,0.04507142,0.04000223,-9.787189,-0.08421817,0.06408747,0.06304365,0.07055457,0,-0.06,-0.17,211.95
00:46.4,0,100,0,0,0,0,0,0,0,0,0.007888705,-0.01019178,0.004557811,0.04219201,0.039031895,-9.7875955,-0.113413796,0.052964061,0.052296086,0.058469196,0,-0.058,-0.172,211.95
00:46.4,0,100,0,0,0,0,0,0,0,0,0.007740512,-0.01036081,0.002337919,0.0393126,0.03806156,-9.788002,-0.142609422,0.041840652,0.041548521,0.046383822,0,-0.056,-0.174,211.95
00:46.4,0,100,0,0,0,0,0,0,0,0,0.004463795,-0.007810169,-0.000932358,0.048016565,0.043927955,-9.791933,-0.171805048,0.030717242,0.030800957,0.034298448,0,-0.054,-0.176,211.95
00:46.4,0,100,0,0,0,0,0,0,0,0,0.001187079,-0.005259527,-0.004202635,0.05672053,0.04979435,-9.795864,-0.201000674,0.019593833,0.020053392,0.022213074,0,-0.052,-0.178,211.95
00:46.4,0,100,0,0,0,0,0,0,0,0,0.000954761,-0.003360179,-0.003994699,0.045331045,0.04918481,-9.795427,-0.2301963,0.008470424,0.009305828,0.0101277,0,-0.05,-0.18,211.95
00:46.5,0,100,0,0,0,0,0,0,0,0,0.000722443,-0.001460831,-0.003786763,0.03394156,0.04857527,-9.79499,-0.21222976,0.008950373,0.009376004,0.010056109,0,-0.05,-0.182,211.95
00:46.5,0,100,0,0,0,0,0,0,0,0,0.00467151,-0.005038394,-0.001274438,0.0400153,0.04708706,-9.789934,-0.19426322,0.009430322,0.009446181,0.009984519,0,-0.05,-0.184,211.95
00:46.5,0,100,0,0,0,0,0,0,0,0,0.008620577,-0.008615957,0.001237887,0.04608904,0.04559885,-9.784878,-0.17629668,0.009910272,0.009516357,0.009912928,0,-0.05,-0.186,211.95
00:46.5,0,100,0,0,0,0,0,0,0,0,0.008244306,-0.009764614,0.002356856,0.041459105,0.046527985,-9.783649,-0.15833014,0.010390221,0.009586534,0.009841338,0,-0.05,-0.188,211.95
00:46.5,0,100,0,0,0,0,0,0,0,0,0.007868035,-0.01091327,0.003475824,0.03682917,0.04745712,-9.78242,-0.1403636,0.01087017,0.00965671,0.009769747,0,-0.05,-0.19,211.95
00:46.6,0,100,0,0,0,0,0,0,0,0,0.007889984,-0.011821655,0.004306583,0.0409355,0.044448175,-9.781265,-0.1083607,0.010493177,0.00990407,0.01004395,0,-0.048,-0.192,211.952
00:46.6,0,100,0,0,0,0,0,0,0,0,0.007911933,-0.01273004,0.005137342,0.04504183,0.04143923,-9.78011,-0.0763578,0.010116184,0.01015143,0.010318152,0,-0.046,-0.194,211.954
00:46.6,0,100,0,0,0,0,0,0,0,0,0.008160879,-0.011649095,0.003845373,0.04567208,0.04101573,-9.7806185,-0.0443549,0.009739192,0.01039879,0.010592355,0,-0.044,-0.196,211.956
00:46.6,0,100,0,0,0,0,0,0,0,0,0.008409824,-0.01056815,0.002553405,0.04630233,0.04059223,-9.781127,-0.012352,0.009362199,0.01064615,0.010866557,0,-0.042,-0.198,211.958
00:46.6,0,100,0,0,0,0,0,0,0,0,0.008418954,-0.010353745,4.29E-05,0.04510456,0.0386908,-9.779472,0.0196509,0.008985206,0.01089351,0.01114076,0,-0.04,-0.2,211.96
00:46.7,0,100,0,0,0,0,0,0,0,0,0.008428083,-0.01013934,-0.002467631,0.04390679,0.03678937,-9.777817,-0.02021236,0.00890453,0.0110431,0.011026814,0,-0.04,-0.202,211.952
00:46.7,0,100,0,0,0,0,0,0,0,0,0.00801804,-0.01010043,-0.004094477,0.045065255,0.036715635,-9.778149,-0.06007562,0.008823854,0.01119269,0.010912868,0,-0.04,-0.204,211.944
00:46.7,0,100,0,0,0,0,0,0,0,0,0.007607997,-0.01006152,-0.005721323,0.04622372,0.0366419,-9.778481,-0.09993888,0.008743177,0.01134228,0.010798922,0,-0.04,-0.206,211.936
00:46.7,0,100,0,0,0,0,0,0,0,0,0.004175532,-0.004502905,-0.003058273,0.03901296,0.04243258,-9.7944885,-0.13980214,0.008662501,0.01149187,0.010684976,0,-0.04,-0.208,211.928
00:46.7,0,100,0,0,0,0,0,0,0,0,0.000743068,0.001055709,-0.000395223,0.0318022,0.04822326,-9.810496,-0.1796654,0.008581825,0.01164146,0.01057103,0,-0.04,-0.21,211.92
00:46.8,0,100,0,0,0,0,0,0,0,0,0.004738959,-0.005232791,0.002494861,0.038521775,0.04661028,-9.7929685,-0.15271559,0.019360202,0.02240034,0.023984722,0,-0.04,-0.212,211.926
00:46.8,0,100,0,0,0,0,0,0,0,0,0.008734851,-0.01152129,0.005384944,0.04524135,0.0449973,-9.775441,-0.12576578,0.030138579,0.03315922,0.037398414,0,-0.04,-0.214,211.932
00:46.8,0,100,0,0,0,0,0,0,0,0,0.007976259,-0.010579233,0.006229194,0.044275765,0.04132641,-9.7781245,-0.09881597,0.040916956,0.0439181,0.050812106,0,-0.04,-0.216,211.938
00:46.8,0,100,0,0,0,0,0,0,0,0,0.007217666,-0.009637176,0.007073443,0.04331018,0.03765552,-9.780808,-0.07186616,0.051695333,0.05467698,0.064225798,0,-0.04,-0.218,211.944
00:46.8,0,100,0,0,0,0,0,0,0,0,0.007585549,-0.010632223,0.005124042,0.046617305,0.038456495,-9.7786105,-0.04491635,0.06247371,0.06543586,0.07763949,0,-0.04,-0.22,211.95
00:46.9,0,100,0,0,0,0,0,0,0,0,0.007953431,-0.01162727,0.003174641,0.04992443,0.03925747,-9.776413,-0.053899622,0.051926332,0.054405582,0.064028228,0,-0.038,-0.22,211.948
00:46.9,0,100,0,0,0,0,0,0,0,0,0.007826576,-0.010559604,0.001236811,0.04580046,0.034430055,-9.7791815,-0.062882894,0.041378953,0.043375304,0.050416966,0,-0.036,-0.22,211.946
00:46.9,0,100,0,0,0,0,0,0,0,0,0.007699721,-0.009491937,-0.000701019,0.04167649,0.02960264,-9.78195,-0.071866166,0.030831575,0.032345026,0.036805705,0,-0.034,-0.22,211.944
00:46.9,0,100,0,0,0,0,0,0,0,0,0.008617601,-0.010140424,-0.002146174,0.043661895,0.03597159,-9.778984,-0.080849438,0.020284196,0.021314748,0.023194443,0,-0.032,-0.22,211.942
00:46.9,0,100,0,0,0,0,0,0,0,0,0.00953548,-0.01078891,-0.003591328,0.0456473,0.04234054,-9.776018,-0.08983271,0.009736818,0.01028447,0.009583181,0,-0.03,-0.22,211.94
00:47.0,0,100,0,0,0,0,0,0,0,0,0.003693981,-0.00526188,-0.003210881,0.04489344,0.045798395,-9.784278,-0.116782528,0.009383856,0.010063392,0.009750151,0,-0.03,-0.222,211.94
00:47.0,0,100,0,0,0,0,0,0,0,0,-0.002147518,0.00026515,-0.002830434,0.04413958,0.04925625,-9.792538,-0.143732346,0.009030894,0.009842313,0.009917121,0,-0.03,-0.224,211.94
00:47.0,0,100,0,0,0,0,0,0,0,0,0.003102823,-0.00563545,0.001383854,0.043706295,0.046205655,-9.7854435,-0.170682164,0.008677932,0.009621235,0.01008409,0,-0.03,-0.226,211.94
00:47.0,0,100,0,0,0,0,0,0,0,0,0.008353164,-0.01153605,0.005598143,0.04327301,0.04315506,-9.778349,-0.197631982,0.00832497,0.009400156,0.01025106,0,-0.03,-0.228,211.94
00:47.0,0,100,0,0,0,0,0,0,0,0,0.007752564,-0.010654882,0.006260577,0.042267385,0.04240826,-9.779921,-0.2245818,0.007972008,0.009179078,0.01041803,0,-0.03,-0.23,211.94
00:47.1,0,100,0,0,0,0,0,0,0,0,0.007151964,-0.009773714,0.006923011,0.04126176,0.04166146,-9.781493,-0.2122298,0.008427974,0.009326176,0.01078084,0,-0.03,-0.232,211.942
00:47.1,0,100,0,0,0,0,0,0,0,0,0.007903095,-0.010666392,0.005592946,0.047213185,0.040952285,-9.7798345,-0.1998778,0.008883941,0.009473274,0.01114365,0,-0.03,-0.234,211.944
00:47.1,0,100,0,0,0,0,0,0,0,0,0.008654225,-0.01155907,0.004262881,0.05316461,0.04024311,-9.778176,-0.1875258,0.009339907,0.009620372,0.01150646,0,-0.03,-0.236,211.946
00:47.1,0,100,0,0,0,0,0,0,0,0,0.007591481,-0.010901475,0.001353322,0.04834063,0.03695903,-9.7806855,-0.1751738,0.009795874,0.00976747,0.01186927,0,-0.03,-0.238,211.948
00:47.1,0,100,0,0,0,0,0,0,0,0,0.006528737,-0.01024388,-0.001556237,0.04351665,0.03367495,-9.783195,-0.1628218,0.01025184,0.009914568,0.01223208,0,-0.03,-0.24,211.95
00:47.2,0,100,0,0,0,0,0,0,0,0,0.007993154,-0.009877696,-0.003322995,0.044270815,0.03403635,-9.779632,-0.124081442,0.01022558,0.009927545,0.012059396,0,-0.028,-0.242,211.944
00:47.2,0,100,0,0,0,0,0,0,0,0,0.009457571,-0.009511512,-0.005089753,0.04502498,0.03439775,-9.776069,-0.085341084,0.01019932,0.009940522,0.011886712,0,-0.026,-0.244,211.938
00:47.2,0,100,0,0,0,0,0,0,0,0,0.003954108,-0.006922825,-0.002712455,0.04520087,0.0426358,-9.7826335,-0.046600726,0.01017306,0.0099535,0.011714028,0,-0.024,-0.246,211.932
00:47.2,0,100,0,0,0,0,0,0,0,0,-0.001549355,-0.004334137,-0.000335158,0.04537676,0.05087385,-9.789198,-0.007860368,0.0101468,0.009966477,0.011541344,0,-0.022,-0.248,211.926
00:47.2,0,100,0,0,0,0,0,0,0,0,0.002995298,-0.006488887,0.0022873,0.048282555,0.04913739,-9.782889,0.03087999,0.01012054,0.009979454,0.01136866,0,-0.02,-0.25,211.92
00:47.3,0,100,0,0,0,0,0,0,0,0,0.007539952,-0.008643636,0.004909758,0.05118835,0.04740093,-9.77658,-0.025826908,0.02031068,0.020586045,0.02306583,0,-0.02,-0.252,211.926
00:47.3,0,100,0,0,0,0,0,0,0,0,0.007112923,-0.010069983,0.006076176,0.043339755,0.041589055,-9.775602,-0.082533806,0.03050082,0.031192636,0.034763,0,-0.02,-0.254,211.932
00:47.3,0,100,0,0,0,0,0,0,0,0,0.006685894,-0.01149633,0.007242594,0.03549116,0.03577718,-9.774624,-0.139240704,0.04069096,0.041799228,0.04646017,0,-0.02,-0.256,211.938
00:47.3,0,100,0,0,0,0,0,0,0,0,0.007240686,-0.010957785,0.007187941,0.04391187,0.039818985,-9.7744805,-0.195947602,0.0508811,0.052405819,0.05815734,0,-0.02,-0.258,211.944
00:47.3,0,100,0,0,0,0,0,0,0,0,0.007795478,-0.01041924,0.007133288,0.05233258,0.04386079,-9.774337,-0.2526545,0.06107124,0.06301241,0.06985451,0,-0.02,-0.26,211.95
00:47.4,0,100,0,0,0,0,0,0,0,0,0.007093252,-0.009641857,0.003422767,0.048005985,0.03781263,-9.7770605,-0.23356504,0.05143844,0.052384645,0.058119978,0,-0.018,-0.262,211.946
00:47.4,0,100,0,0,0,0,0,0,0,0,0.006391027,-0.008864474,-0.000287754,0.04367939,0.03176447,-9.779784,-0.21447558,0.04180564,0.04175688,0.046385446,0,-0.016,-0.264,211.942
00:47.4,0,100,0,0,0,0,0,0,0,0,0.008365019,-0.010623222,-0.003541897,0.04220851,0.03171107,-9.7745795,-0.19538612,0.03217284,0.031129116,0.034650914,0,-0.014,-0.266,211.938
00:47.4,0,100,0,0,0,0,0,0,0,0,0.01033901,-0.01238197,-0.006796039,0.04073763,0.03165767,-9.769375,-0.17629666,0.02254004,0.020501351,0.022916382,0,-0.012,-0.268,211.934
00:47.4,0,100,0,0,0,0,0,0,0,0,0.008920256,-0.010646785,-0.005618524,0.04283039,0.03629555,-9.7734235,-0.1572072,0.01290724,0.009873586,0.01118185,0,-0.01,-0.27,211.93
00:47.5,0,100,0,0,0,0,0,0,0,0,0.007501501,-0.008911599,-0.00444101,0.04492315,0.04093343,-9.777472,-0.16394466,0.012573772,0.010660407,0.011121702,0,-0.01,-0.27,211.93
00:47.5,0,100,0,0,0,0,0,0,0,0,0.003392018,-0.004872631,-0.000597869,0.04542281,0.052468005,-9.7903945,-0.17068212,0.012240304,0.011447228,0.011061554,0,-0.01,-0.27,211.93
00:47.5,0,100,0,0,0,0,0,0,0,0,-0.000717464,-0.000833663,0.003245271,0.04592247,0.06400258,-9.803317,-0.17741958,0.011906836,0.012234048,0.011001406,0,-0.01,-0.27,211.93
00:47.5,0,100,0,0,0,0,0,0,0,0,0.002848675,-0.005880946,0.005827566,0.03902189,0.048155985,-9.789585,-0.18415704,0.011573368,0.013020869,0.010941258,0,-0.01,-0.27,211.93
00:47.5,0,100,0,0,0,0,0,0,0,0,0.006414814,-0.01092823,0.008409861,0.03212131,0.03230939,-9.775853,-0.1908945,0.0112399,0.01380769,0.01088111,0,-0.01,-0.27,211.93
00:47.6,0,100,0,0,0,0,0,0,0,0,0.007424596,-0.01127419,0.006947799,0.04045187,0.03877508,-9.774284,-0.154961418,0.011268852,0.013429198,0.010788378,0,-0.01,-0.272,211.932
00:47.6,0,100,0,0,0,0,0,0,0,0,0.008434378,-0.01162015,0.005485737,0.04878243,0.04524077,-9.772715,-0.119028336,0.011297804,0.013050706,0.010695646,0,-0.01,-0.274,211.934
00:47.6,0,100,0,0,0,0,0,0,0,0,0.007897458,-0.009628534,0.002585978,0.04722099,0.039443155,-9.7751355,-0.083095254,0.011326756,0.012672214,0.010602914,0,-0.01,-0.276,211.936
00:47.6,0,100,0,0,0,0,0,0,0,0,0.007360537,-0.007636919,-0.000313782,0.04565955,0.03364554,-9.777556,-0.047162172,0.011355708,0.012293722,0.010510182,0,-0.01,-0.278,211.938
00:47.6,0,100,0,0,0,0,0,0,0,0,0.008443611,-0.009455915,-0.002066153,0.042208055,0.03579707,-9.7750535,-0.01122909,0.01138466,0.01191523,0.01041745,0,-0.01,-0.28,211.94
00:47.7,0,100,0,0,0,0,0,0,0,0,0.009526684,-0.01127491,-0.003818525,0.03875656,0.0379486,-9.772551,-0.049407992,0.011037847,0.011549742,0.010360506,0,-0.01,-0.282,211.936
00:47.7,0,100,0,0,0,0,0,0,0,0,0.008663763,-0.010373778,-0.00371137,0.04234608,0.04124813,-9.7767455,-0.087586894,0.010691034,0.011184254,0.010303562,0,-0.01,-0.284,211.932
00:47.7,0,100,0,0,0,0,0,0,0,0,0.007800841,-0.009472646,-0.003604215,0.0459356,0.04454766,-9.78094,-0.125765796,0.010344221,0.010818766,0.010246618,0,-0.01,-0.286,211.928
00:47.7,0,100,0,0,0,0,0,0,0,0,0.003789297,-0.009398315,0.000210468,0.048236245,0.04896943,-9.784461,-0.163944698,0.009997408,0.010453278,0.010189674,0,-0.01,-0.288,211.924
00:47.7,0,100,0,0,0,0,0,0,0,0,-0.000222248,-0.009323983,0.004025152,0.05053689,0.0533912,-9.787982,-0.2021236,0.009650595,0.01008779,0.01013273,0,-0.01,-0.29,211.92
00:47.8,0,100,0,0,0,0,0,0,0,0,0.004134575,-0.010214986,0.006058645,0.042222955,0.0448907,-9.783043,-0.18415706,0.009917308,0.009957375,0.0100323,0,-0.008,-0.292,211.926
00:47.8,0,100,0,0,0,0,0,0,0,0,0.008491397,-0.01110599,0.008092139,0.03390902,0.0363902,-9.778104,-0.16619052,0.010184021,0.009826959,0.009931869,0,-0.006,-0.294,211.932
00:47.8,0,100,0,0,0,0,0,0,0,0,0.008117688,-0.0112087,0.007404993,0.04346412,0.04066304,-9.775986,-0.14822398,0.010450734,0.009696544,0.009831439,0,-0.004,-0.296,211.938
00:47.8,0,100,0,0,0,0,0,0,0,0,0.007743979,-0.01131141,0.006717846,0.05301922,0.04493588,-9.773868,-0.13025744,0.010717447,0.009566128,0.009731008,0,-0.002,-0.298,211.944
00:47.8,0,100,0,0,0,0,0,0,0,0,0.007009037,-0.009950329,0.003495036,0.046776085,0.03931429,-9.7766265,-0.1122909,0.01098416,0.009435713,0.009630578,0,0,-0.3,211.95
00:47.9,0,100,0,0,0,0,0,0,0,0,0.006274095,-0.008589247,0.000272226,0.04053295,0.0336927,-9.779385,-0.078042176,0.02030049,0.020405982,0.021861044,0,0,-0.3,211.946
00:47.9,0,100,0,0,0,0,0,0,0,0,0.007768264,-0.009719159,-0.00201379,0.041710725,0.0346168,-9.778524,-0.043793452,0.02961682,0.031376252,0.034091511,0,0,-0.3,211.942
00:47.9,0,100,0,0,0,0,0,0,0,0,0.009262433,-0.01084907,-0.004299805,0.0428885,0.0355409,-9.777663,-0.009544728,0.03893315,0.042346521,0.046321977,0,0,-0.3,211.938
00:47.9,0,100,0,0,0,0,0,0,0,0,0.007835818,-0.00945912,-0.004104802,0.044377915,0.04184694,-9.780824,0.024703996,0.04824948,0.053316791,0.058552444,0,0,-0.3,211.934
00:47.9,0,100,0,0,0,0,0,0,0,0,0.006409202,-0.008069169,-0.003909798,0.04586733,0.04815298,-9.783985,0.05895272,0.05756581,0.06428706,0.07078291,0,0,-0.3,211.93
00:48.0,0,100,0,0,0,0,0,0,0,0,0.004505934,-0.000776881,-0.000439937,0.04902402,0.05520984,-9.7927985,0.04379345,0.04917598,0.056851446,0.059469346,0,0,-0.302,211.932
00:48.0,0,100,0,0,0,0,0,0,0,0,0.002602666,0.006515406,0.003029924,0.05218071,0.0622667,-9.801612,0.02863418,0.04078615,0.049415832,0.048155782,0,0,-0.304,211.934
00:48.0,0,100,0,0,0,0,0,0,0,0,0.003279569,0.003111724,0.004312757,0.04466273,0.05754403,-9.801349,0.01347491,0.03239632,0.041980218,0.036842218,0,0,-0.306,211.936
00:48.0,0,100,0,0,0,0,0,0,0,0,0.003956472,-0.000291959,0.005595589,0.03714475,0.05282136,-9.801086,-0.00168436,0.02400649,0.034544604,0.025528654,0,0,-0.308,211.938
00:48.0,0,100,0,0,0,0,0,0,0,0,0.005659427,-0.004687384,0.005527444,0.04420626,0.047439715,-9.7899495,-0.01684363,0.01561666,0.02710899,0.01421509,0,0,-0.31,211.94
00:48.1,0,100,0,0,0,0,0,0,0,0,0.007362381,-0.00908281,0.005459299,0.05126777,0.04205807,-9.778813,-0.038178904,0.049876148,0.102600892,0.085127432,0,0,-0.31,211.94
00:48.1,0,100,0,0,0,0,0,0,0,0,0.007389876,-0.009740265,-0.001408087,0.047047215,0.036346385,-9.7796475,-0.059514178,0.084135636,0.178092794,0.156039774,0,0,-0.31,211.94
00:48.1,0,100,0,0,0,0,0,0,0,0,0.007417371,-0.01039772,-0.008275473,0.04282666,0.0306347,-9.780482,-0.080849452,0.118395124,0.253584696,0.226952116,0,0,-0.31,211.94
00:48.1,0,100,0,0,0,0,0,0,0,0,0.014091391,-0.004854328,0.010924139,0.041449275,0.05236105,-9.7830695,-0.102184726,0.152654612,0.329076598,0.297864458,0,0,-0.31,211.94
00:48.1,0,100,0,0,0,0,0,0,0,0,0.02076541,0.000689064,0.03012375,0.04007189,0.0740874,-9.785657,-0.12352,0.1869141,0.4045685,0.3687768,0,0,-0.31,211.94
00:48.2,0,100,0,0,0,0,0,0,0,0,0.005502348,-0.010407718,0.042720225,0.039460715,0.071943405,-9.780548,-0.115659634,0.23565528,0.531664,0.39739582,0,0,-0.312,211.95
00:48.2,0,100,0,0,0,0,0,0,0,0,-0.009760714,-0.0215045,0.0553167,0.03884954,0.06979941,-9.775439,-0.107799268,0.28439646,0.6587595,0.42601484,0,0,-0.314,211.96
00:48.2,0,100,0,0,0,0,0,0,0,0,0.000540918,-0.006245364,0.00294776,0.050009035,0.00447369,-9.7832375,-0.099938902,0.33313764,0.785855,0.45463386,0,0,-0.316,211.97
00:48.2,0,100,0,0,0,0,0,0,0,0,0.01084255,0.009013773,-0.04942118,0.06116853,-0.06085203,-9.791036,-0.092078536,0.38187882,0.9129505,0.48325288,0,0,-0.318,211.98
00:48.2,0,100,0,0,0,0,0,0,0,0,0.004661211,0.005941228,-0.08040974,0.05711004,-0.040846795,-9.7886145,-0.08421817,0.43062,1.040046,0.5118719,0,0,-0.32,211.99
00:48.3,0,100,0,0,0,0,0,0,0,0,-0.001520128,0.002868683,-0.1113983,0.05305155,-0.02084156,-9.786193,-0.08309526,0.40659498,0.9656638,0.48977676,0,0,-0.322,211.924
00:48.3,0,100,0,0,0,0,0,0,0,0,-0.003341414,0.00220178,-0.08287193,0.045697855,0.04077217,-9.7990105,-0.08197235,0.38256996,0.8912816,0.46768162,0,0,-0.324,211.858
00:48.3,0,100,0,0,0,0,0,0,0,0,-0.005162699,0.001534877,-0.05434556,0.03834416,0.1023859,-9.811828,-0.08084944,0.35854494,0.8168994,0.44558648,0,0,-0.326,211.792
00:48.3,0,100,0,0,0,0,0,0,0,0,0.009165031,-0.015364362,-0.006460515,0.056482015,0.11313865,-9.7846045,-0.07972653,0.33451992,0.7425172,0.42349134,0,0,-0.328,211.726
00:48.3,0,100,0,0,0,0,0,0,0,0,0.02349276,-0.0322636,0.04142453,0.07461987,0.1238914,-9.757381,-0.07860362,0.3104949,0.668135,0.4013962,0,0,-0.33,211.66
00:48.4,0,100,0,0,0,0,0,0,0,0,0.01055335,-0.024180705,0.068928245,0.0681326,0.11338685,-9.7629495,-0.094324336,0.3623473,0.7146002,0.4531346,0,0,-0.334,211.746
00:48.4,0,100,0,0,0,0,0,0,0,0,-0.002386061,-0.01609781,0.09643196,0.06164533,0.1028823,-9.768518,-0.110045052,0.4141997,0.7610654,0.504873,0,0,-0.338,211.832
00:48.4,0,100,0,0,0,0,0,0,0,0,0.006169494,-0.0223386,0.08419696,0.060947555,0.052433672,-9.761651,-0.125765768,0.4660521,0.8075306,0.5566114,0,0,-0.342,211.918
00:48.4,0,100,0,0,0,0,0,0,0,0,0.01472505,-0.02857939,0.07196196,0.06024978,0.001985044,-9.754784,-0.141486484,0.5179045,0.8539958,0.6083498,0,0,-0.346,212.004
00:48.4,0,100,0,0,0,0,0,0,0,0,0.01578911,-0.023801485,0.04205616,0.06261409,-0.010474868,-9.7609575,-0.1572072,0.5697569,0.900461,0.6600882,0,0,-0.35,212.09
00:48.5,0,100,0,0,0,0,0,0,0,0,0.01685317,-0.01902358,0.01215036,0.0649784,-0.02293478,-9.767131,-0.16169884,0.5191531,0.82774352,0.67458114,0,0.002,-0.348,212.056
00:48.5,0,100,0,0,0,0,0,0,0,0,0.009580076,-0.015431855,-0.017410905,0.055796695,0.0104342,-9.762159,-0.16619048,0.4685493,0.75502604,0.68907408,0,0.004,-0.346,212.022
00:48.5,0,100,0,0,0,0,0,0,0,0,0.002306982,-0.01184013,-0.04697217,0.04661499,0.04380318,-9.757187,-0.17068212,0.4179455,0.68230856,0.70356702,0,0.006,-0.344,211.988
00:48.5,0,100,0,0,0,0,0,0,0,0,0.004663489,-0.006986813,-0.051477385,0.086547295,0.04282455,-9.77044,-0.17517376,0.3673417,0.60959108,0.71805996,0,0.008,-0.342,211.954
00:48.5,0,100,0,0,0,0,0,0,0,0,0.007019997,-0.002133495,-0.0559826,0.1264796,0.04184592,-9.783693,-0.1796654,0.3167379,0.5368736,0.7325529,0,0.01,-0.34,211.92
00:48.6,0,100,0,0,0,0,0,0,0,0,-0.003610657,-0.006609013,-0.038090725,0.06919464,0.070647675,-9.7761645,-0.16394468,0.3035904,0.54149576,0.76216378,0,0.01,-0.342,211.908
00:48.6,0,100,0,0,0,0,0,0,0,0,-0.01424131,-0.01108453,-0.02019885,0.01190968,0.09944943,-9.768636,-0.14822396,0.2904429,0.54611792,0.79177466,0,0.01,-0.344,211.896
00:48.6,0,100,0,0,0,0,0,0,0,0,-0.006881662,-0.009112735,0.00092044,0.04396478,0.076291315,-9.774742,-0.13250324,0.2772954,0.55074008,0.82138554,0,0.01,-0.346,211.884
00:48.6,0,100,0,0,0,0,0,0,0,0,0.000477985,-0.007140939,0.02203973,0.07601988,0.0531332,-9.780848,-0.11678252,0.2641479,0.55536224,0.85099642,0,0.01,-0.348,211.872
00:48.6,0,100,0,0,0,0,0,0,0,0,-0.004993472,-0.005578543,0.03582988,0.057366715,0.054964305,-9.7823785,-0.1010618,0.2510004,0.5599844,0.8806073,0,0.01,-0.35,211.86
00:48.7,0,100,0,0,0,0,0,0,0,0,-0.01046493,-0.004016146,0.04962003,0.03871355,0.05679541,-9.783909,-0.096570164,0.24385542,0.56357176,0.88413744,0,0.01,-0.352,211.894
00:48.7,0,100,0,0,0,0,0,0,0,0,9.67E-05,-0.006990915,0.041137405,0.04907285,0.04994601,-9.7701985,-0.092078528,0.23671044,0.56715912,0.88766758,0,0.01,-0.354,211.928
00:48.7,0,100,0,0,0,0,0,0,0,0,0.01065832,-0.009965683,0.03265478,0.05943215,0.04309661,-9.756488,-0.087586892,0.22956546,0.57074648,0.89119772,0,0.01,-0.356,211.962
00:48.7,0,100,0,0,0,0,0,0,0,0,0.010108383,-0.005235608,0.016379425,0.06933757,0.01463497,-9.773934,-0.083095256,0.22242048,0.57433384,0.89472786,0,0.01,-0.358,211.996
00:48.7,0,100,0,0,0,0,0,0,0,0,0.009558446,-0.000505533,0.00010407,0.07924299,-0.01382667,-9.79138,-0.07860362,0.2152755,0.5779212,0.898258,0,0.01,-0.36,212.03
00:48.8,0,100,0,0,0,0,0,0,0,0,0.002200209,0.000727312,-0.008698195,0.064749765,0.041117465,-9.775623,-0.129134516,0.21038656,0.56237616,0.8644924,0,0.012,-0.36,212.014
00:48.8,0,100,0,0,0,0,0,0,0,0,-0.005158027,0.001960158,-0.01750046,0.05025654,0.0960616,-9.759866,-0.179665412,0.20549762,0.54683112,0.8307268,0,0.014,-0.36,211.998
00:48.8,0,100,0,0,0,0,0,0,0,0,0.001148686,-0.000920852,-0.013417703,0.053637145,0.056446755,-9.769925,-0.230196308,0.20060868,0.53128608,0.7969612,0,0.016,-0.36,211.982
00:48.8,0,100,0,0,0,0,0,0,0,0,0.007455398,-0.003801862,-0.009334945,0.05701775,0.01683191,-9.779984,-0.280727204,0.19571974,0.51574104,0.7631956,0,0.018,-0.36,211.966
00:48.8,0,100,0,0,0,0,0,0,0,0,-0.002537391,0.001257079,-0.003486618,0.04538085,0.03200928,-9.7777055,-0.3312581,0.1908308,0.500196,0.72943,0,0.02,-0.36,211.95
00:48.9,0,100,0,0,0,0,0,0,0,0,-0.01253018,0.006316021,0.002361709,0.03374395,0.04718665,-9.775427,-0.30430828,0.23758298,0.6196394,0.75515662,0,0.02,-0.362,211.958
00:48.9,0,100,0,0,0,0,0,0,0,0,-0.002945554,0.000286784,0.004237116,0.04026716,0.053055465,-9.7670825,-0.27735846,0.28433516,0.7390828,0.78088324,0,0.02,-0.364,211.966
00:48.9,0,100,0,0,0,0,0,0,0,0,0.006639072,-0.005742454,0.006112523,0.04679037,0.05892428,-9.758738,-0.25040864,0.33108734,0.8585262,0.80660986,0,0.02,-0.366,211.974
00:48.9,0,100,0,0,0,0,0,0,0,0,0.015433481,0.000858222,0.006276375,0.055864115,0.03819734,-9.7706695,-0.22345882,0.37783952,0.9779696,0.83233648,0,0.02,-0.368,211.982
00:48.9,0,100,0,0,0,0,0,0,0,0,0.02422789,0.007458898,0.006440226,0.06493786,0.0174704,-9.782601,-0.196509,0.4245917,1.097413,0.8580631,0,0.02,-0.37,211.99
00:49.0,0,100,0,0,0,0,0,0,0,0,0.02361585,0.005105426,0.002566351,0.048291665,0.04188847,-9.7753645,-0.1942632,0.405099,1.1590404,0.79683214,0,0.02,-0.372,211.99
00:49.0,0,100,0,0,0,0,0,0,0,0,0.02300381,0.002751953,-0.001307524,0.03164547,0.06630654,-9.768128,-0.1920174,0.3856063,1.2206678,0.73560118,0,0.02,-0.374,211.99
00:49.0,0,100,0,0,0,0,0,0,0,0,0.016524065,0.005650336,-0.005602455,0.05033728,0.030132386,-9.7814095,-0.1897716,0.3661136,1.2822952,0.67437022,0,0.02,-0.376,211.99
00:49.0,0,100,0,0,0,0,0,0,0,0,0.01004432,0.008548719,-0.009897385,0.06902909,-0.006041768,-9.794691,-0.1875258,0.3466209,1.3439226,0.61313926,0,0.02,-0.378,211.99
00:49.0,0,100,0,0,0,0,0,0,0,0,-0.001028935,0.007136538,-0.012230843,0.062288015,0.034159966,-9.7919735,-0.18528,0.3271282,1.40555,0.5519083,0,0.02,-0.38,211.99
00:49.1,0,100,0,0,0,0,0,0,0,0,-0.01210219,0.005724356,-0.0145643,0.05554694,0.0743617,-9.789256,-0.166190542,0.30772172,1.3704948,0.53310136,0,0.018,-0.38,211.982
00:49.1,0,100,0,0,0,0,0,0,0,0,-0.008659706,0.0042908,-0.012461435,0.05879854,0.04613536,-9.795364,-0.147101084,0.28831524,1.3354396,0.51429442,0,0.016,-0.38,211.974
00:49.1,0,100,0,0,0,0,0,0,0,0,-0.005217221,0.002857244,-0.01035857,0.06205014,0.01790902,-9.801472,-0.128011626,0.26890876,1.3003844,0.49548748,0,0.014,-0.38,211.966
00:49.1,0,100,0,0,0,0,0,0,0,0,0.006086915,-0.002417713,-0.008366215,0.04281112,0.044714225,-9.793124,-0.108922168,0.24950228,1.2653292,0.47668054,0,0.012,-0.38,211.958
00:49.1,0,100,0,0,0,0,0,0,0,0,0.01739105,-0.00769267,-0.006373859,0.0235721,0.07151943,-9.784776,-0.08983271,0.2300958,1.230274,0.4578736,0,0.01,-0.38,211.95
00:49.2,0,100,0,0,0,0,0,0,0,0,0.02626957,-0.007442791,-0.0029017,0.0351158,0.048506005,-9.792784,-0.114536708,0.26783524,1.255305,0.47658568,0,0.014,-0.382,211.954
00:49.2,0,100,0,0,0,0,0,0,0,0,0.03514809,-0.007192912,0.00057046,0.0466595,0.02549258,-9.800792,-0.139240706,0.30557468,1.280336,0.49529776,0,0.018,-0.384,211.958
00:49.2,0,100,0,0,0,0,0,0,0,0,0.021138488,-0.005963915,0.00084265,0.047170835,0.03061921,-9.8018485,-0.163944704,0.34331412,1.305367,0.51400984,0,0.022,-0.386,211.962
00:49.2,0,100,0,0,0,0,0,0,0,0,0.007128885,-0.004734917,0.00111484,0.04768217,0.03574584,-9.802905,-0.188648702,0.38105356,1.330398,0.53272192,0,0.026,-0.388,211.966
00:49.2,0,100,0,0,0,0,0,0,0,0,0.006659566,-0.007961504,-0.000411376,0.0505528,0.038965115,-9.794898,-0.2133527,0.418793,1.355429,0.551434,0,0.03,-0.39,211.97
00:49.3,0,100,0,0,0,0,0,0,0,0,0.006190247,-0.01118809,-0.001937592,0.05342343,0.04218439,-9.786891,-0.2021236,0.40301538,1.2975374,0.56884852,0,0.028,-0.392,211.972
00:49.3,0,100,0,0,0,0,0,0,0,0,0.001544452,-0.006913328,-0.000735834,0.07384444,0.0597205,-9.7946175,-0.1908945,0.38723776,1.2396458,0.58626304,0,0.026,-0.394,211.974
00:49.3,0,100,0,0,0,0,0,0,0,0,-0.003101343,-0.002638566,0.000465925,0.09426545,0.07725661,-9.802344,-0.1796654,0.37146014,1.1817542,0.60367756,0,0.024,-0.396,211.976
00:49.3,0,100,0,0,0,0,0,0,0,0,0.003254471,-0.010012393,0.001416104,0.06226748,0.07461957,-9.7951125,-0.1684363,0.35568252,1.1238626,0.62109208,0,0.022,-0.398,211.978
00:49.3,0,100,0,0,0,0,0,0,0,0,0.009610284,-0.01738622,0.002366283,0.03026951,0.07198253,-9.787881,-0.1572072,0.3399049,1.065971,0.6385066,0,0.02,-0.4,211.98
00:49.4,0,100,0,0,0,0,0,0,0,0,0.012927282,-0.01464575,0.00225776,0.05025004,0.055383035,-9.793824,-0.15046976,0.3583034,1.1126414,0.69095268,0,0.022,-0.402,211.976
00:49.4,0,100,0,0,0,0,0,0,0,0,0.01624428,-0.01190528,0.002149237,0.07023057,0.03878354,-9.799767,-0.14373232,0.3767019,1.1593118,0.74339876,0,0.024,-0.404,211.972
00:49.4,0,100,0,0,0,0,0,0,0,0,0.007146122,-0.011222085,0.002634829,0.054281345,0.054780955,-9.792433,-0.13699488,0.3951004,1.2059822,0.79584484,0,0.026,-0.406,211.968
00:49.4,0,100,0,0,0,0,0,0,0,0,-0.001952037,-0.01053889,0.003120421,0.03833212,0.07077837,-9.785099,-0.13025744,0.4134989,1.2526526,0.84829092,0,0.028,-0.408,211.964
00:49.4,0,100,0,0,0,0,0,0,0,0,0.010995467,-0.01537128,0.004042436,0.05384477,0.062311215,-9.778734,-0.12352,0.4318974,1.299323,0.900737,0,0.03,-0.41,211.96
00:49.5,0,100,0,0,0,0,0,0,0,0,0.02394297,-0.02020367,0.00496445,0.06935742,0.05384406,-9.772369,-0.15271562,0.40799644,1.20769234,0.83234406,0,0.032,-0.412,211.968
00:49.5,0,100,0,0,0,0,0,0,0,0,0.015815829,-0.01615046,0.009139485,0.048282025,0.05449642,-9.7782325,-0.18191124,0.38409548,1.11606168,0.76395112,0,0.034,-0.414,211.976
00:49.5,0,100,0,0,0,0,0,0,0,0,0.007688688,-0.01209725,0.01331452,0.02720663,0.05514878,-9.784096,-0.21110686,0.36019452,1.02443102,0.69555818,0,0.036,-0.416,211.984
00:49.5,0,100,0,0,0,0,0,0,0,0,0.002515368,-0.008587005,0.01395929,0.04943015,0.061681995,-9.783334,-0.24030248,0.33629356,0.93280036,0.62716524,0,0.038,-0.418,211.992
00:49.5,0,100,0,0,0,0,0,0,0,0,-0.002657953,-0.005076759,0.01460406,0.07165367,0.06821521,-9.782572,-0.2694981,0.3123926,0.8411697,0.5587723,0,0.04,-0.42,212
00:49.6,0,100,0,0,0,0,0,0,0,0,-0.007799317,-0.002198446,0.0115542,0.07650489,0.072097165,-9.7885215,-0.29195628,0.3175679,0.83165286,0.52484358,0,0.038,-0.422,212.002
00:49.6,0,100,0,0,0,0,0,0,0,0,-0.01294068,0.000679868,0.00850434,0.08135611,0.07597912,-9.794471,-0.31441446,0.3227432,0.82213602,0.49091486,0,0.036,-0.424,212.004
00:49.6,0,100,0,0,0,0,0,0,0,0,-0.006625048,-0.002131103,0.006205691,0.06062452,0.062080115,-9.783476,-0.33687264,0.3279185,0.81261918,0.45698614,0,0.034,-0.426,212.006
00:49.6,0,100,0,0,0,0,0,0,0,0,-0.000309417,-0.004942074,0.003907042,0.03989293,0.04818111,-9.772481,-0.35933082,0.3330938,0.80310234,0.42305742,0,0.032,-0.428,212.008
00:49.6,0,100,0,0,0,0,0,0,0,0,0.002620534,-0.003762157,0.002177456,0.040032925,0.048056355,-9.7743,-0.381789,0.3382691,0.7935855,0.3891287,0,0.03,-0.43,212.01
00:49.7,0,100,0,0,0,0,0,0,0,0,0.005550485,-0.002582239,0.000447871,0.04017292,0.0479316,-9.776119,-0.37954318,0.3393482,0.8160225,0.39688432,0,0.032,-0.432,212.008
00:49.7,0,100,0,0,0,0,0,0,0,0,0.005205687,9.51E-06,0.004392333,0.03730671,0.049385055,-9.7766275,-0.37729736,0.3404273,0.8384595,0.40463994,0,0.034,-0.434,212.006
00:49.7,0,100,0,0,0,0,0,0,0,0,0.004860888,0.002601253,0.008336795,0.0344405,0.05083851,-9.777136,-0.37505154,0.3415064,0.8608965,0.41239556,0,0.036,-0.436,212.004
00:49.7,0,100,0,0,0,0,0,0,0,0,0.007444459,0.004001122,0.009525177,0.031476195,0.053054455,-9.7783025,-0.37280572,0.3425855,0.8833335,0.42015118,0,0.038,-0.438,212.002
00:49.7,0,100,0,0,0,0,0,0,0,0,0.01002803,0.005400991,0.01071356,0.02851189,0.0552704,-9.779469,-0.3705599,0.3436646,0.9057705,0.4279068,0,0.04,-0.44,212
00:49.8,0,100,0,0,0,0,0,0,0,0,0.01333072,0.007997091,0.008405373,0.034061905,0.05148925,-9.783225,-0.37280572,0.36615742,0.970295,0.4399865,0,0.044,-0.44,212.002
00:49.8,0,100,0,0,0,0,0,0,0,0,0.01663341,0.01059319,0.006097186,0.03961192,0.0477081,-9.786981,-0.37505154,0.38865024,1.0348195,0.4520662,0,0.048,-0.44,212.004
00:49.8,0,100,0,0,0,0,0,0,0,0,0.012825202,0.009807892,0.001532655,0.08275591,0.05271454,-9.7985165,-0.37729736,0.41114306,1.099344,0.4641459,0,0.052,-0.44,212.006
00:49.8,0,100,0,0,0,0,0,0,0,0,0.009016993,0.009022594,-0.003031875,0.1258999,0.05772098,-9.810052,-0.37954318,0.43363588,1.1638685,0.4762256,0,0.056,-0.44,212.008
00:49.8,0,100,0,0,0,0,0,0,0,0,0.013496941,0.008515872,-0.001729796,0.07685519,0.04731558,-9.8049845,-0.381789,0.4561287,1.228393,0.4883053,0,0.06,-0.44,212.01
00:49.9,0,100,0,0,0,0,0,0,0,0,0.01797689,0.00800915,-0.000427717,0.02781048,0.03691018,-9.799917,-0.36157664,0.46314416,1.3332126,0.53241942,0,0.058,-0.442,212.008
00:49.9,0,100,0,0,0,0,0,0,0,0,0.02236484,0.006528621,0.000322662,0.036955565,0.03475255,-9.7983915,-0.34136428,0.47015962,1.4380322,0.57653354,0,0.056,-0.444,212.006
00:49.9,0,100,0,0,0,0,0,0,0,0,0.02675279,0.005048091,0.00107304,0.04610065,0.03259492,-9.796866,-0.32115192,0.47717508,1.5428518,0.62064766,0,0.054,-0.446,212.004
00:49.9,0,100,0,0,0,0,0,0,0,0,0.01223127,0.008219286,-0.002318691,0.02983978,0.03379319,-9.8094955,-0.30093956,0.48419054,1.6476714,0.66476178,0,0.052,-0.448,212.002
00:49.9,0,100,0,0,0,0,0,0,0,0,-0.002290251,0.01139048,-0.005710421,0.01357891,0.03499146,-9.822125,-0.2807272,0.491206,1.752491,0.7088759,0,0.05,-0.45,212
00:50.0,0,100,0,0,0,0,0,0,0,0,-0.003771134,0.004227335,-0.002487746,0.04890827,0.03584635,-9.809915,-0.27398974,0.49166082,1.6271634,0.7060258,0,0.046,-0.446,212.002
00:50.0,0,100,0,0,0,0,0,0,0,0,-0.005252016,-0.002935811,0.000734929,0.08423763,0.03670124,-9.797705,-0.26725228,0.49211564,1.5018358,0.7031757,0,0.042,-0.442,212.004
00:50.0,0,100,0,0,0,0,0,0,0,0,-0.001340379,-0.006279147,0.00701545,0.05443568,0.048922215,-9.7946825,-0.26051482,0.49257046,1.3765082,0.7003256,0,0.038,-0.438,212.006
00:50.0,0,100,0,0,0,0,0,0,0,0,0.002571257,-0.009622482,0.01329597,0.02463373,0.06114319,-9.79166,-0.25377736,0.49302528,1.2511806,0.6974755,0,0.034,-0.434,212.008
00:50.0,0,100,0,0,0,0,0,0,0,0,0.014515749,-0.019085166,0.01421166,0.050305505,0.05299004,-9.7861465,-0.2470399,0.4934801,1.125853,0.6946254,0,0.03,-0.43,212.01
00:50.1,0,100,0,0,0,0,0,0,0,0,0.02646024,-0.02854785,0.01512735,0.07597728,0.04483689,-9.780633,-0.26163772,0.56247202,1.1253494,0.80842872,0,0.024,-0.428,212.042
00:50.1,0,100,0,0,0,0,0,0,0,0,0.02142701,-0.03585834,0.02339125,0.05392617,0.061675865,-9.784321,-0.27623554,0.63146394,1.1248458,0.92223204,0,0.018,-0.426,212.074
00:50.1,0,100,0,0,0,0,0,0,0,0,0.01639378,-0.04316883,0.03165515,0.03187506,0.07851484,-9.788009,-0.29083336,0.70045586,1.1243422,1.03603536,0,0.012,-0.424,212.106
00:50.1,0,100,0,0,0,0,0,0,0,0,-0.017787435,-0.002114065,0.032635075,0.13796618,0.10211477,-9.7845685,-0.30543118,0.76944778,1.1238386,1.14983868,0,0.006,-0.422,212.138
00:50.1,0,100,0,0,0,0,0,0,0,0,-0.05196865,0.0389407,0.033615,0.2440573,0.1257147,-9.781128,-0.320029,0.8384397,1.123335,1.263642,0,0,-0.42,212.17
00:50.2,0,100,0,0,0,0,0,0,0,0,-0.023654445,0.020369557,0.02218678,0.121543515,0.08797926,-9.791812,-0.28971046,1.10456616,1.2579932,1.5392264,0,-0.006,-0.41,212.18
00:50.2,0,100,0,0,0,0,0,0,0,0,0.004659761,0.001798413,0.01075856,-0.00097027,0.05024382,-9.802496,-0.25939192,1.37069262,1.3926514,1.8148108,0,-0.012,-0.4,212.19
00:50.2,0,100,0,0,0,0,0,0,0,0,0.091274731,-0.041709809,-0.01550184,0.048990245,0.048236875,-9.7816775,-0.22907338,1.63681908,1.5273096,2.0903952,0,-0.018,-0.39,212.2
00:50.2,0,100,0,0,0,0,0,0,0,0,0.1778897,-0.08521803,-0.04176224,0.09895076,0.04622993,-9.760859,-0.19875484,1.90294554,1.6619678,2.3659796,0,-0.024,-0.38,212.21
00:50.2,0,100,0,0,0,0,0,0,0,0,0.02193695,0.044982035,-0.025310685,0.047670866,0.03430239,-9.8112645,-0.1684363,2.169072,1.796626,2.641564,0,-0.03,-0.37,212.22
00:50.3,0,100,0,0,0,0,0,0,0,0,-0.1340158,0.1751821,-0.008859129,-0.003609029,0.02237485,-9.86167,-0.1549614,2.3538286,1.8997208,2.9437458,0,-0.04,-0.362,212.206
00:50.3,0,100,0,0,0,0,0,0,0,0,-0.0067481,0.047281545,-0.01278108,0.005027971,0.094490025,-9.8274805,-0.1414865,2.5385852,2.0028156,3.2459276,0,-0.05,-0.354,212.192
00:50.3,0,100,0,0,0,0,0,0,0,0,0.1205196,-0.08061901,-0.01670303,0.01366497,0.1666052,-9.793291,-0.1280116,2.7233418,2.1059104,3.5481094,0,-0.06,-0.346,212.178
00:50.3,0,100,0,0,0,0,0,0,0,0,0.01030028,-0.005340565,0.00558853,0.052573635,0.13393825,-9.7794835,-0.1145367,2.9080984,2.2090052,3.8502912,0,-0.07,-0.338,212.164
00:50.3,0,100,0,0,0,0,0,0,0,0,-0.09991904,0.06993788,0.02788009,0.0914823,0.1012713,-9.765676,-0.1010618,3.092855,2.3121,4.152473,0,-0.08,-0.33,212.15
00:50.4,0,100,0,0,0,0,0,0,0,0,-0.090443905,0.10383754,0.035142175,0.1882444,0.08807824,-9.784929,-0.15496142,3.1459276,2.2284402,4.2624162,0,-0.072,-0.334,212.172
00:50.4,0,100,0,0,0,0,0,0,0,0,-0.08096877,0.1377372,0.04240426,0.2850065,0.07488518,-9.804182,-0.20886104,3.1990002,2.1447804,4.3723594,0,-0.064,-0.338,212.194
00:50.4,0,100,0,0,0,0,0,0,0,0,0.050422815,-0.0267323,0.01165968,0.21405055,0.040811266,-9.755283,-0.26276066,3.2520728,2.0611206,4.4823026,0,-0.056,-0.342,212.216
00:50.4,0,100,0,0,0,0,0,0,0,0,0.1818144,-0.1912018,-0.0190849,0.1430946,0.006737351,-9.706384,-0.31666028,3.3051454,1.9774608,4.5922458,0,-0.048,-0.346,212.238
00:50.4,0,100,0,0,0,0,0,0,0,0,0.08466337,-0.1194768,-0.03343732,0.1334999,0.02676401,-9.721485,-0.3705599,3.358218,1.893801,4.702189,0,-0.04,-0.35,212.26
00:50.5,0,100,0,0,0,0,0,0,0,0,-0.01248766,-0.0477518,-0.04778974,0.1239052,0.04679067,-9.736586,-0.34136428,3.3318264,1.9206928,4.6531422,0,-0.036,-0.354,212.232
00:50.5,0,100,0,0,0,0,0,0,0,0,-0.08914953,0.04009425,-0.01358023,0.09334176,0.05344211,-9.8204795,-0.31216866,3.3054348,1.9475846,4.6040954,0,-0.032,-0.358,212.204
00:50.5,0,100,0,0,0,0,0,0,0,0,-0.1658114,0.1279403,0.02062928,0.06277832,0.06009355,-9.904373,-0.28297304,3.2790432,1.9744764,4.5550486,0,-0.028,-0.362,212.176
00:50.5,0,100,0,0,0,0,0,0,0,0,-0.02529545,0.036144085,0.012539031,0.057185595,0.086984625,-9.841005,-0.25377742,3.2526516,2.0013682,4.5060018,0,-0.024,-0.366,212.148
00:50.5,0,100,0,0,0,0,0,0,0,0,0.1152205,-0.05565213,0.004448781,0.05159287,0.1138757,-9.777637,-0.2245818,3.22626,2.02826,4.456955,0,-0.02,-0.37,212.12
00:50.6,0,100,0,0,0,0,0,0,0,0,0.1112025,-0.06324259,-0.008701475,0.06332187,0.074443505,-9.780842,-0.24030252,3.1307762,2.1086924,4.1558228,0,-0.028,-0.372,212.138
00:50.6,0,100,0,0,0,0,0,0,0,0,0.1071845,-0.07083305,-0.02185173,0.07505087,0.03501131,-9.784047,-0.25602324,3.0352924,2.1891248,3.8546906,0,-0.036,-0.374,212.156
00:50.6,0,100,0,0,0,0,0,0,0,0,0.021881855,-0.054654345,-0.012268141,0.155095935,0.078824205,-9.7572255,-0.27174396,2.9398086,2.2695572,3.5535584,0,-0.044,-0.376,212.174
00:50.6,0,100,0,0,0,0,0,0,0,0,-0.06342079,-0.03847564,-0.002684551,0.235141,0.1226371,-9.730404,-0.28746468,2.8443248,2.3499896,3.2524262,0,-0.052,-0.378,212.192
00:50.6,0,100,0,0,0,0,0,0,0,0,-0.055416615,-0.01296986,-0.008311981,0.21871175,0.11182365,-9.786577,-0.3031854,2.748841,2.430422,2.951294,0,-0.06,-0.38,212.21
00:50.7,0,100,0,0,0,0,0,0,0,0,-0.04741244,0.01253592,-0.01393941,0.2022825,0.1010102,-9.84275,-0.30992286,2.5983564,2.2801958,2.9202796,0,-0.062,-0.37,212.192
00:50.7,0,100,0,0,0,0,0,0,0,0,-0.018707112,0.02784213,-0.010384441,0.17963515,0.10285505,-9.8164285,-0.31666032,2.4478718,2.1299696,2.8892652,0,-0.064,-0.36,212.174
00:50.7,0,100,0,0,0,0,0,0,0,0,0.009998216,0.04314834,-0.006829472,0.1569878,0.1046999,-9.790107,-0.32339778,2.2973872,1.9797434,2.8582508,0,-0.066,-0.35,212.156
00:50.7,0,100,0,0,0,0,0,0,0,0,-0.029491752,0.08019862,0.017439639,0.057050005,0.11805465,-9.8338785,-0.33013524,2.1469026,1.8295172,2.8272364,0,-0.068,-0.34,212.138
00:50.7,0,100,0,0,0,0,0,0,0,0,-0.06898172,0.1172489,0.04170875,-0.04288779,0.1314094,-9.87765,-0.3368727,1.996418,1.679291,2.796222,0,-0.07,-0.33,212.12
00:50.8,0,100,0,0,0,0,0,0,0,0,-0.003377005,0.050612365,0.032006245,0.02148673,0.08225766,-9.842764,-0.37280578,1.919524,1.7576068,2.6861926,0,-0.076,-0.332,212.13
00:50.8,0,100,0,0,0,0,0,0,0,0,0.06222771,-0.01602417,0.02230374,0.08586125,0.03310592,-9.807878,-0.40873886,1.84263,1.8359226,2.5761632,0,-0.082,-0.334,212.14
00:50.8,0,100,0,0,0,0,0,0,0,0,0.015280865,-0.002242615,0.01931834,0.092851975,0.060055125,-9.7968125,-0.44467194,1.765736,1.9142384,2.4661338,0,-0.088,-0.336,212.15
00:50.8,0,100,0,0,0,0,0,0,0,0,-0.03166598,0.01153894,0.01633294,0.0998427,0.08700433,-9.785747,-0.48060502,1.688842,1.9925542,2.3561044,0,-0.094,-0.338,212.16
00:50.8,0,100,0,0,0,0,0,0,0,0,-0.021815335,0.044296245,0.011041207,0.071505905,0.112823715,-9.807129,-0.5165381,1.611948,2.07087,2.246075,0,-0.1,-0.34,212.17
00:50.9,0,100,0,0,0,0,0,0,0,0,-0.01196469,0.07705355,0.005749473,0.04316911,0.1386431,-9.828511,-0.46488428,1.5762062,2.2455588,2.1504264,0,-0.1,-0.34,212.166
00:50.9,0,100,0,0,0,0,0,0,0,0,0.045250105,0.0220779,-0.018702303,0.110116505,0.13939745,-9.799351,-0.41323046,1.5404644,2.4202476,2.0547778,0,-0.1,-0.34,212.162
00:50.9,0,100,0,0,0,0,0,0,0,0,0.1024649,-0.03289775,-0.04315408,0.1770639,0.1401518,-9.770191,-0.36157664,1.5047226,2.5949364,1.9591292,0,-0.1,-0.34,212.158
00:50.9,0,100,0,0,0,0,0,0,0,0,0.00797249,-0.009475935,-0.00813682,0.113766085,0.08315117,-9.787651,-0.30992282,1.4689808,2.7696252,1.8634806,0,-0.1,-0.34,212.154
00:50.9,0,100,0,0,0,0,0,0,0,0,-0.08651992,0.01394588,0.02688044,0.05046827,0.02615054,-9.805111,-0.258269,1.433239,2.944314,1.767832,0,-0.1,-0.34,212.15
00:51.0,0,100,0,0,0,0,0,0,0,0,-0.01416566,0.014612795,0.02924886,0.042031425,0.07476747,-9.8079815,-0.258269,1.5028962,2.988344,1.8782018,0,-0.106,-0.33,212.168
00:51.0,0,100,0,0,0,0,0,0,0,0,0.0581886,0.01527971,0.03161728,0.03359458,0.1233844,-9.810852,-0.258269,1.5725534,3.032374,1.9885716,0,-0.112,-0.32,212.186
00:51.0,0,100,0,0,0,0,0,0,0,0,0.044661085,-0.02033514,0.02969767,0.040377555,0.10418822,-9.834872,-0.258269,1.6422106,3.076404,2.0989414,0,-0.118,-0.31,212.204
00:51.0,0,100,0,0,0,0,0,0,0,0,0.03113357,-0.05594999,0.02777806,0.04716053,0.08499204,-9.858892,-0.258269,1.7118678,3.120434,2.2093112,0,-0.124,-0.3,212.222
00:51.0,0,100,0,0,0,0,0,0,0,0,-0.016613,0.00807462,0.003217175,0.088599765,0.061134005,-9.8432865,-0.258269,1.781525,3.164464,2.319681,0,-0.13,-0.29,212.24
00:51.1,0,100,0,0,0,0,0,0,0,0,-0.06435957,0.07209923,-0.02134371,0.130039,0.03727597,-9.827681,-0.27398974,2.0058118,3.5183994,2.3759228,0,-0.146,-0.278,212.234
00:51.1,0,100,0,0,0,0,0,0,0,0,-0.01968193,0.01506914,0.00219186,0.10976963,0.062904245,-9.8323195,-0.28971048,2.2300986,3.8723348,2.4321646,0,-0.162,-0.266,212.228
00:51.1,0,100,0,0,0,0,0,0,0,0,0.02499571,-0.04196095,0.02572743,0.08950026,0.08853252,-9.836958,-0.30543122,2.4543854,4.2262702,2.4884064,0,-0.178,-0.254,212.222
00:51.1,0,100,0,0,0,0,0,0,0,0,-0.039344445,-0.03094251,0.00197951,0.12058288,0.047494136,-9.7801695,-0.32115196,2.6786722,4.5802056,2.5446482,0,-0.194,-0.242,212.216
00:51.1,0,100,0,0,0,0,0,0,0,0,-0.1036846,-0.01992407,-0.02176841,0.1516655,0.006455751,-9.723381,-0.3368727,2.902959,4.934141,2.60089,0,-0.21,-0.23,212.21
00:51.2,0,100,0,0,0,0,0,0,0,0,-0.1054283,0.055168815,-0.00043694,0.22149555,0.091603425,-9.7877235,-0.3121687,3.0178578,4.9071666,2.7616902,0,-0.228,-0.216,212.23
00:51.2,0,100,0,0,0,0,0,0,0,0,-0.107172,0.1302617,0.02089453,0.2913256,0.1767511,-9.852066,-0.2874647,3.1327566,4.8801922,2.9224904,0,-0.246,-0.202,212.25
00:51.2,0,100,0,0,0,0,0,0,0,0,0.01436615,-0.00670315,0.034511075,0.1964453,0.13863565,-9.77453,-0.2627607,3.2476554,4.8532178,3.0832906,0,-0.264,-0.188,212.27
00:51.2,0,100,0,0,0,0,0,0,0,0,0.1359043,-0.143668,0.04812762,0.101565,0.1005202,-9.696994,-0.2380567,3.3625542,4.8262434,3.2440908,0,-0.282,-0.174,212.29
00:51.2,0,100,0,0,0,0,0,0,0,0,-0.0019987,-0.0137098,0.01657806,0.1037447,0.033328085,-9.747989,-0.2133527,3.477453,4.799269,3.404891,0,-0.3,-0.16,212.31
00:51.3,0,100,0,0,0,0,0,0,0,0,-0.1399017,0.1162484,-0.0149715,0.1059244,-0.03386403,-9.798984,-0.2021236,3.5345652,4.9494262,3.5374674,0,-0.312,-0.148,212.332
00:51.3,0,100,0,0,0,0,0,0,0,0,-0.04057683,0.04723329,0.0028614,0.077460705,0.02715182,-9.816689,-0.1908945,3.5916774,5.0995834,3.6700438,0,-0.324,-0.136,212.354
00:51.3,0,100,0,0,0,0,0,0,0,0,0.05874804,-0.02178182,0.0206943,0.04899701,0.08816767,-9.834394,-0.1796654,3.6487896,5.2497406,3.8026202,0,-0.336,-0.124,212.376
00:51.3,0,100,0,0,0,0,0,0,0,0,0.040213305,-0.0199734,0.029313985,0.165876205,0.080560845,-9.762452,-0.1684363,3.7059018,5.3998978,3.9351966,0,-0.348,-0.112,212.398
00:51.3,0,100,0,0,0,0,0,0,0,0,0.02167857,-0.01816498,0.03793367,0.2827554,0.07295402,-9.69051,-0.1572072,3.763014,5.550055,4.067773,0,-0.36,-0.1,212.42
00:51.4,0,100,0,0,0,0,0,0,0,0,0.01382635,0.031337195,0.0423699,0.182979165,0.01152907,-9.750528,-0.14485521,3.9767148,5.705684,4.3854464,0,-0.376,-0.078,212.474
00:51.4,0,100,0,0,0,0,0,0,0,0,0.005974129,0.08083937,0.04680613,0.08320293,-0.04989588,-9.810546,-0.13250322,4.1904156,5.861313,4.7031198,0,-0.392,-0.056,212.528
00:51.4,0,100,0,0,0,0,0,0,0,0,0.072635115,-0.070962715,0.077098165,0.112595715,0.02827081,-9.8653415,-0.12015123,4.4041164,6.016942,5.0207932,0,-0.408,-0.034,212.582
00:51.4,0,100,0,0,0,0,0,0,0,0,0.1392961,-0.2227648,0.1073902,0.1419885,0.1064375,-9.920137,-0.10779924,4.6178172,6.172571,5.3384666,0,-0.424,-0.012,212.636
00:51.4,0,100,0,0,0,0,0,0,0,0,0.05116645,0.03073235,0.1121902,0.10018778,0.00465186,-9.9357215,-0.09544725,4.831518,6.3282,5.65614,0,-0.44,0.01,212.69
00:51.5,0,100,0,0,0,0,0,0,0,0,-0.0369632,0.2842295,0.1169902,0.05838706,-0.09713378,-9.951306,-0.11004506,5.0652316,6.1033954,5.8558284,0,-0.416,0.098,212.842
00:51.5,0,100,0,0,0,0,0,0,0,0,0.0956651,0.15186312,0.12792815,-0.02061928,-0.11728659,-9.981393,-0.12464287,5.2989452,5.8785908,6.0555168,0,-0.392,0.186,212.994
00:51.5,0,100,0,0,0,0,0,0,0,0,0.2282934,0.01949674,0.1388661,-0.09962562,-0.1374394,-10.01148,-0.13924068,5.5326588,5.6537862,6.2552052,0,-0.368,0.274,213.146
00:51.5,0,100,0,0,0,0,0,0,0,0,0.04386665,0.13494257,0.14073345,0.02909894,-0.2098365,-10.10175,-0.15383849,5.7663724,5.4289816,6.4548936,0,-0.344,0.362,213.298
00:51.5,0,100,0,0,0,0,0,0,0,0,-0.1405601,0.2503884,0.1426008,0.1578235,-0.2822336,-10.19202,-0.1684363,6.000086,5.204177,6.654582,0,-0.32,0.45,213.45
00:51.6,0,100,0,0,0,0,0,0,0,0,-0.01175715,0.075518035,0.16614945,0.12920755,-0.2939813,-10.05065,-0.16955922,5.9952208,5.2179684,6.3088178,0,-0.296,0.554,213.678
00:51.6,0,100,0,0,0,0,0,0,0,0,0.1170458,-0.09935233,0.1896981,0.1005916,-0.305729,-9.90928,-0.17068214,5.9903556,5.2317598,5.9630536,0,-0.272,0.658,213.906
00:51.6,0,100,0,0,0,0,0,0,0,0,0.060777107,0.030201235,0.19876895,0.06135163,-0.3036713,-9.913585,-0.17180506,5.9854904,5.2455512,5.6172894,0,-0.248,0.762,214.134
00:51.6,0,100,0,0,0,0,0,0,0,0,0.004508414,0.1597548,0.2078398,0.02211166,-0.3016136,-9.91789,-0.17292798,5.9806252,5.2593426,5.2715252,0,-0.224,0.866,214.362
00:51.6,0,100,0,0,0,0,0,0,0,0,0.020399957,0.03879067,0.2055915,0.28423533,-0.31139505,-9.7859705,-0.1740509,5.97576,5.273134,4.925761,0,-0.2,0.97,214.59
00:51.7,0,100,0,0,0,0,0,0,0,0,0.0362915,-0.08217346,0.2033432,0.546359,-0.3211765,-9.654051,-0.1751738,5.726663,5.0308388,5.0617762,0,-0.156,0.942,214.848
00:51.7,0,100,0,0,0,0,0,0,0,0,0.06944935,-0.064052905,0.2200249,0.388738,-0.24850895,-9.755392,-0.1762967,5.477566,4.7885436,5.1977914,0,-0.112,0.914,215.106
00:51.7,0,100,0,0,0,0,0,0,0,0,0.1026072,-0.04593235,0.2367066,0.231117,-0.1758414,-9.856733,-0.1774196,5.228469,4.5462484,5.3338066,0,-0.068,0.886,215.364
00:51.7,0,100,0,0,0,0,0,0,0,0,0.015220935,0.044017775,0.2294828,0.113869527,-0.2528954,-10.0064665,-0.1785425,4.979372,4.3039532,5.4698218,0,-0.024,0.858,215.622
00:51.7,0,100,0,0,0,0,0,0,0,0,-0.07216533,0.1339679,0.222259,-0.003377946,-0.3299494,-10.1562,-0.1796654,4.730275,4.061658,5.605837,0,0.02,0.83,215.88
00:51.8,0,100,0,0,0,0,0,0,0,0,-0.010327645,0.07641052,0.25477115,-0.031207768,-0.2903973,-10.1308,-0.143170866,4.7262444,3.9996304,5.4818528,0,-0.022,0.884,216.162
00:51.8,0,100,0,0,0,0,0,0,0,0,0.05151004,0.01885314,0.2872833,-0.05903759,-0.2508452,-10.1054,-0.106676331,4.7222138,3.9376028,5.3578686,0,-0.064,0.938,216.444
00:51.8,0,100,0,0,0,0,0,0,0,0,-0.03514003,0.06108447,0.2563167,0.083158255,-0.27293205,-10.0075575,-0.070181797,4.7181832,3.8755752,5.2338844,0,-0.106,0.992,216.726
00:51.8,0,100,0,0,0,0,0,0,0,0,-0.1217901,0.1033158,0.2253501,0.2253541,-0.2950189,-9.909715,-0.033687262,4.7141526,3.8135476,5.1099002,0,-0.148,1.046,217.008
00:51.8,0,100,0,0,0,0,0,0,0,0,-0.00559275,0.009628265,0.2273862,0.149384505,-0.2554539,-9.9299235,0.002807272,4.710122,3.75152,4.985916,0,-0.19,1.1,217.29
00:51.9,0,100,0,0,0,0,0,0,0,0,0.1106046,-0.08405927,0.2294223,0.07341491,-0.2158889,-9.950132,-0.013474906,4.6975074,3.9386914,4.9068112,0,-0.224,1.072,217.498
00:51.9,0,100,0,0,0,0,0,0,0,0,0.086407625,-0.109999835,0.22058455,0.125586905,-0.26726265,-9.990811,-0.029757085,4.6848928,4.1258628,4.8277064,0,-0.258,1.044,217.706
00:51.9,0,100,0,0,0,0,0,0,0,0,0.06221065,-0.1359404,0.2117468,0.1777589,-0.3186364,-10.03149,-0.046039263,4.6722782,4.3130342,4.7486016,0,-0.292,1.016,217.914
00:51.9,0,100,0,0,0,0,0,0,0,0,-0.044859775,0.0115194,0.1708194,0.21806605,-0.26374495,-10.095515,-0.062321442,4.6596636,4.5002056,4.6694968,0,-0.326,0.988,218.122
00:51.9,0,100,0,0,0,0,0,0,0,0,-0.1519302,0.1589792,0.129892,0.2583732,-0.2088535,-10.15954,-0.07860362,4.647049,4.687377,4.590392,0,-0.36,0.96,218.33
00:52.0,0,100,0,0,0,0,0,0,0,0,-0.02423515,-0.0152231,0.1540074,0.20096225,-0.16998125,-10.0816,-0.070743258,4.7647554,4.7758568,4.452531,0,-0.314,0.926,218.518
00:52.0,0,100,0,0,0,0,0,0,0,0,0.1034599,-0.1894254,0.1781228,0.1435513,-0.131109,-10.00366,-0.062882896,4.8824618,4.8643366,4.31467,0,-0.268,0.892,218.706
00:52.0,0,100,0,0,0,0,0,0,0,0,0.03000893,-0.064050185,0.1559292,0.1750865,-0.16354205,-9.90341,-0.055022534,5.0001682,4.9528164,4.176809,0,-0.222,0.858,218.894
00:52.0,0,100,0,0,0,0,0,0,0,0,-0.04344204,0.06132503,0.1337356,0.2066217,-0.1959751,-9.80316,-0.047162172,5.1178746,5.0412962,4.038948,0,-0.176,0.824,219.082
00:52.0,0,100,0,0,0,0,0,0,0,0,0.08590923,-0.00695567,0.14360215,0.096318205,-0.16278265,-9.962105,-0.03930181,5.235581,5.129776,3.901087,0,-0.13,0.79,219.27
00:52.1,0,100,0,0,0,0,0,0,0,0,0.2152605,-0.07523637,0.1534687,-0.01398529,-0.1295902,-10.12105,-0.017966542,5.1754014,5.2457054,3.848605,0,-0.094,0.762,219.356
00:52.1,0,100,0,0,0,0,0,0,0,0,0.086548685,-0.089115685,0.096904435,0.115324005,-0.26538995,-10.0376175,0.003368726,5.1152218,5.3616348,3.796123,0,-0.058,0.734,219.442
00:52.1,0,100,0,0,0,0,0,0,0,0,-0.04216313,-0.102995,0.04034017,0.2446333,-0.4011897,-9.954185,0.024703994,5.0550422,5.4775642,3.743641,0,-0.022,0.706,219.528
00:52.1,0,100,0,0,0,0,0,0,0,0,-0.017662938,0.00975105,0.022712155,0.07969064,-0.3091084,-10.0992975,0.046039262,4.9948626,5.5934936,3.691159,0,0.014,0.678,219.614
00:52.1,0,100,0,0,0,0,0,0,0,0,0.006837254,0.1224971,0.005084139,-0.08525202,-0.2170271,-10.24441,0.06737453,4.934683,5.709423,3.638677,0,0.05,0.65,219.7
00:52.2,0,100,0,0,0,0,0,0,0,0,-0.000596425,0.016848225,-0.023948041,-0.001081105,-0.2391158,-10.06633,0.069058894,4.7654198,5.6310012,3.6972864,0,-0.006,0.698,219.648
00:52.2,0,100,0,0,0,0,0,0,0,0,-0.008030103,-0.08880065,-0.05298022,0.08308981,-0.2612045,-9.88825,0.070743258,4.5961566,5.5525794,3.7558958,0,-0.062,0.746,219.596
00:52.2,0,100,0,0,0,0,0,0,0,0,-0.062333652,0.043613075,-0.066364725,0.217916555,-0.18742305,-9.9376725,0.072427622,4.4268934,5.4741576,3.8145052,0,-0.118,0.794,219.544
00:52.2,0,100,0,0,0,0,0,0,0,0,-0.1166372,0.1760268,-0.07974923,0.3527433,-0.1136416,-9.987095,0.074111986,4.2576302,5.3957358,3.8731146,0,-0.174,0.842,219.492
00:52.2,0,100,0,0,0,0,0,0,0,0,-0.04823382,0.0584513,-0.07305563,0.2868096,-0.0413577,-9.933145,0.07579635,4.088367,5.317314,3.931724,0,-0.23,0.89,219.44
00:52.3,0,100,0,0,0,0,0,0,0,0,0.02016956,-0.0591242,-0.06636203,0.2208759,0.0309262,-9.879195,0.02358108,4.0781116,5.2923682,4.0151348,0,-0.292,0.906,219.342
00:52.3,0,100,0,0,0,0,0,0,0,0,-0.03795864,0.01556762,-0.07957569,0.1728247,-0.04417845,-9.715277,-0.02863419,4.0678562,5.2674224,4.0985456,0,-0.354,0.922,219.244
00:52.3,0,100,0,0,0,0,0,0,0,0,-0.09608684,0.09025944,-0.09278935,0.1247735,-0.1192831,-9.551359,-0.08084946,4.0576008,5.2424766,4.1819564,0,-0.416,0.938,219.146
00:52.3,0,100,0,0,0,0,0,0,0,0,-0.07411139,0.05523414,-0.09245044,0.064279382,-0.1424169,-9.3550265,-0.13306473,4.0473454,5.2175308,4.2653672,0,-0.478,0.954,219.048
00:52.3,0,100,0,0,0,0,0,0,0,0,-0.05213594,0.02020884,-0.09211153,0.003785263,-0.1655507,-9.158694,-0.18528,4.03709,5.192585,4.348778,0,-0.54,0.97,218.95
00:52.4,0,100,0,0,0,0,0,0,0,0,-0.044736355,-0.035814455,-0.09473099,0.041574771,-0.124937375,-8.9324685,-0.13306473,3.9837922,5.128486,4.289667,0,-0.58,0.992,218.87
00:52.4,0,100,0,0,0,0,0,0,0,0,-0.03733677,-0.09183775,-0.09735045,0.07936428,-0.08432405,-8.706243,-0.08084946,3.9304944,5.064387,4.230556,0,-0.62,1.014,218.79
00:52.4,0,100,0,0,0,0,0,0,0,0,-0.03873364,0.033868125,-0.069388415,0.07321605,-0.02933772,-8.605086,-0.02863419,3.8771966,5.000288,4.171445,0,-0.66,1.036,218.71
00:52.4,0,100,0,0,0,0,0,0,0,0,-0.04013051,0.159574,-0.04142638,0.06706782,0.02564861,-8.503929,0.02358108,3.8238988,4.936189,4.112334,0,-0.7,1.058,218.63
00:52.4,0,100,0,0,0,0,0,0,0,0,0.033110645,-0.03186775,-0.043281405,0.10081896,-0.022941565,-8.2477695,0.07579635,3.770601,4.87209,4.053223,0,-0.74,1.08,218.55
00:52.5,0,100,0,0,0,0,0,0,0,0,0.1063518,-0.2233095,-0.04513643,0.1345701,-0.07153174,-7.99161,0.00449164,3.790338,4.8565416,3.9851534,0,-0.752,1.052,218.514
00:52.5,0,100,0,0,0,0,0,0,0,0,-0.0020316,-0.09230713,-0.046107865,0.22258145,0.000199355,-7.9421395,-0.06681307,3.810075,4.8409932,3.9170838,0,-0.764,1.024,218.478
00:52.5,0,100,0,0,0,0,0,0,0,0,-0.110415,0.03869524,-0.0470793,0.3105928,0.07193045,-7.892669,-0.13811778,3.829812,4.8254448,3.8490142,0,-0.776,0.996,218.442
00:52.5,0,100,0,0,0,0,0,0,0,0,-0.07352244,0.039483545,-0.029703425,0.131839185,-0.014767075,-8.024879,-0.20942249,3.849549,4.8098964,3.7809446,0,-0.788,0.968,218.406
00:52.5,0,100,0,0,0,0,0,0,0,0,-0.03662988,0.04027185,-0.01232755,-0.04691443,-0.1014646,-8.157089,-0.2807272,3.869286,4.794348,3.712875,0,-0.8,0.94,218.37
00:52.6,0,100,0,0,0,0,0,0,0,0,-0.014121524,-0.039400775,-0.031641455,0.060398785,-0.06939734,-8.097448,-0.25714612,3.9837238,4.9631562,3.6226252,0,-0.834,0.888,218.314
00:52.6,0,100,0,0,0,0,0,0,0,0,0.008386831,-0.1190734,-0.05095536,0.167712,-0.03733008,-8.037807,-0.23356504,4.0981616,5.1319644,3.5323754,0,-0.868,0.836,218.258
00:52.6,0,100,0,0,0,0,0,0,0,0,-0.067359985,-0.05208244,-0.06756318,0.1753727,-0.07075124,-8.0274485,-0.20998396,4.2125994,5.3007726,3.4421256,0,-0.902,0.784,218.202
00:52.6,0,100,0,0,0,0,0,0,0,0,-0.1431068,0.01490852,-0.084171,0.1830334,-0.1041724,-8.01709,-0.18640288,4.3270372,5.4695808,3.3518758,0,-0.936,0.732,218.146
00:52.6,0,100,0,0,0,0,0,0,0,0,0.086643,-0.06153019,-0.048777405,0.076445475,0.0646216,-8.1703345,-0.1628218,4.441475,5.638389,3.261626,0,-0.97,0.68,218.09
00:52.7,0,100,0,0,0,0,0,0,0,0,0.3163928,-0.1379689,-0.01338381,-0.03014245,0.2334156,-8.323579,-0.141486528,4.2887786,5.554765,3.3056672,0,-0.922,0.696,218.026
00:52.7,0,100,0,0,0,0,0,0,0,0,0.12791086,-0.008797,-0.045099385,0.027010745,0.0136359,-8.5087665,-0.120151256,4.1360822,5.471141,3.3497084,0,-0.874,0.712,217.962
00:52.7,0,100,0,0,0,0,0,0,0,0,-0.06057108,0.1203749,-0.07681496,0.08416394,-0.2061438,-8.693954,-0.098815984,3.9833858,5.387517,3.3937496,0,-0.826,0.728,217.898
00:52.7,0,100,0,0,0,0,0,0,0,0,-0.020224725,0.075638105,-0.054737935,0.11723252,-0.105806858,-8.73545,-0.077480712,3.8306894,5.303893,3.4377908,0,-0.778,0.744,217.834
00:52.7,0,100,0,0,0,0,0,0,0,0,0.02012163,0.03090131,-0.03266091,0.1503011,-0.005469916,-8.776946,-0.05614544,3.677993,5.220269,3.481832,0,-0.73,0.76,217.77
00:52.8,0,100,0,0,0,0,0,0,0,0,0.292606765,-0.225472345,-0.098416405,1.28688055,1.210176042,-18.782213,-0.072989072,3.756679,5.5088168,4.6688634,0,-0.548,0.58,217.584
00:52.8,0,100,0,0,0,0,0,0,0,0,0.5650919,-0.481846,-0.1641719,2.42346,2.425822,-28.78748,-0.089832704,3.835365,5.7973646,5.8558948,0,-0.366,0.4,217.398
00:52.8,0,100,0,0,0,0,0,0,0,0,0.22529195,-0.3836234,-0.151788,1.209073698,1.135287,-20.584885,-0.106676336,3.914051,6.0859124,7.0429262,0,-0.184,0.22,217.212
00:52.8,0,100,0,0,0,0,0,0,0,0,-0.114508,-0.2854008,-0.1394041,-0.005312604,-0.155248,-12.38229,-0.123519968,3.992737,6.3744602,8.2299576,0,-0.002,0.04,217.026
00:52.8,0,100,0,0,0,0,0,0,0,0,-0.020799575,-0.157500085,-0.1951831,0.095641948,-0.07194478,-10.4346375,-0.1403636,4.071423,6.663008,9.416989,0,0.18,-0.14,216.84
00:52.9,0,100,0,0,0,0,0,0,0,0,0.07290885,-0.02959937,-0.2509621,0.1965965,0.01135844,-8.486985,-0.13250324,3.8328674,6.3253882,8.6615422,0,0.192,-0.11,216.604
00:52.9,0,100,0,0,0,0,0,0,0,0,0.05667756,-0.02728915,-0.224277,0.1402517,0.028525165,-8.8501505,-0.12464288,3.5943118,5.9877684,7.9060954,0,0.204,-0.08,216.368
00:52.9,0,100,0,0,0,0,0,0,0,0,0.04044627,-0.02497893,-0.1975919,0.0839069,0.04569189,-9.213316,-0.11678252,3.3557562,5.6501486,7.1506486,0,0.216,-0.05,216.132
00:52.9,0,100,0,0,0,0,0,0,0,0,0.031057085,-0.024287495,-0.17339465,0.05955326,-0.042940055,-9.1329435,-0.10892216,3.1172006,5.3125288,6.3952018,0,0.228,-0.02,215.896
00:52.9,0,100,0,0,0,0,0,0,0,0,0.0216679,-0.02359606,-0.1491974,0.03519962,-0.131572,-9.052571,-0.1010618,2.878645,4.974909,5.639755,0,0.24,0.01,215.66
00:53.0,0,100,0,0,0,0,0,0,0,0,-0.0465692,0.05393472,-0.1721705,0.00771108,-0.2035494,-8.771147,-0.098815982,2.7227478,4.8270382,5.1801342,0,0.244,0.018,215.46
00:53.0,0,100,0,0,0,0,0,0,0,0,-0.1148063,0.1314655,-0.1951436,-0.01977746,-0.2755268,-8.489723,-0.096570164,2.5668506,4.6791674,4.7205134,0,0.248,0.026,215.26
00:53.0,0,100,0,0,0,0,0,0,0,0,0.0347048,0.0317304,-0.1690065,0.09594452,-0.0466613,-8.4711545,-0.094324346,2.4109534,4.5312966,4.2608926,0,0.252,0.034,215.06
00:53.0,0,100,0,0,0,0,0,0,0,0,0.1842159,-0.0680047,-0.1428694,0.2116665,0.1822042,-8.452586,-0.092078528,2.2550562,4.3834258,3.8012718,0,0.256,0.042,214.86
00:53.0,0,100,0,0,0,0,0,0,0,0,0.1472894,-6.71E-05,-0.14856405,0.13881265,0.08572989,-8.481113,-0.08983271,2.099159,4.235555,3.341651,0,0.26,0.05,214.66
00:53.1,0,100,0,0,0,0,0,0,0,0,0.1103629,0.06787056,-0.1542587,0.0659588,-0.01074442,-8.50964,-0.061198534,2.181409,4.0575092,3.2000976,0,0.254,0.116,214.484
00:53.1,0,100,0,0,0,0,0,0,0,0,0.03458368,0.04430503,-0.15565705,0.11166555,-0.08495346,-8.3328555,-0.032564358,2.263659,3.8794634,3.0585442,0,0.248,0.182,214.308
00:53.1,0,100,0,0,0,0,0,0,0,0,-0.04119554,0.0207395,-0.1570554,0.1573723,-0.1591625,-8.156071,-0.003930182,2.345909,3.7014176,2.9169908,0,0.242,0.248,214.132
00:53.1,0,100,0,0,0,0,0,0,0,0,-0.04317667,-0.04009525,-0.14781345,0.16036135,-0.10681297,-7.983203,0.024703994,2.428159,3.5233718,2.7754374,0,0.236,0.314,213.956
00:53.1,0,100,0,0,0,0,0,0,0,0,-0.0451578,-0.10093,-0.1385715,0.1633504,-0.05446344,-7.810335,0.05333817,2.510409,3.345326,2.633884,0,0.23,0.38,213.78
00:53.2,0,100,0,0,0,0,0,0,0,0,-0.0398349,0.00699275,-0.15121115,0.05518588,-0.040609245,-7.9731535,0.04828508,2.3029238,3.385985,2.413555,0,0.18,0.402,213.618
00:53.2,0,100,0,0,0,0,0,0,0,0,-0.034512,0.1149155,-0.1638508,-0.05297864,-0.02675505,-8.135972,0.04323199,2.0954386,3.426644,2.193226,0,0.13,0.424,213.456
00:53.2,0,100,0,0,0,0,0,0,0,0,-0.063368275,0.066261235,-0.14255815,0.03720468,-0.043269785,-8.15927,0.0381789,1.8879534,3.467303,1.972897,0,0.08,0.446,213.294
00:53.2,0,100,0,0,0,0,0,0,0,0,-0.09222455,0.01760697,-0.1212655,0.127388,-0.05978452,-8.182568,0.03312581,1.6804682,3.507962,1.752568,0,0.03,0.468,213.132
00:53.2,0,100,0,0,0,0,0,0,0,0,0.029742625,-0.022188625,-0.09450181,0.18301715,0.06343334,-8.1953315,0.02807272,1.472983,3.548621,1.532239,0,-0.02,0.49,212.97
00:53.3,0,100,0,0,0,0,0,0,0,0,0.1517098,-0.06198422,-0.06773812,0.2386463,0.1866512,-8.208095,0.043793436,1.5116086,3.6700662,1.6650886,0,-0.008,0.47,212.88
00:53.3,0,100,0,0,0,0,0,0,0,0,0.03818781,0.006080435,-0.076793455,0.19050085,0.111659855,-8.2718705,0.059514152,1.5502342,3.7915114,1.7979382,0,0.004,0.45,212.79
00:53.3,0,100,0,0,0,0,0,0,0,0,-0.07533418,0.07414509,-0.08584879,0.1423554,0.03666851,-8.335646,0.075234868,1.5888598,3.9129566,1.9307878,0,0.016,0.43,212.7
00:53.3,0,100,0,0,0,0,0,0,0,0,-0.20378589,-0.013286255,-0.06919172,0.2892555,-0.066572145,-8.3502235,0.090955584,1.6274854,4.0344018,2.0636374,0,0.028,0.41,212.61
00:53.3,0,100,0,0,0,0,0,0,0,0,-0.3322376,-0.1007176,-0.05253465,0.4361556,-0.1698128,-8.364801,0.1066763,1.666111,4.155847,2.196487,0,0.04,0.39,212.52
00:53.4,0,100,0,0,0,0,0,0,0,0,0.0163847,0.12827875,-0.077308625,0.68583,1.2536891,-17.2236705,0.0561454,1.927963,4.3440014,3.4531306,0,0.156,0.57,212.442
00:53.4,0,100,0,0,0,0,0,0,0,0,0.365007,0.3572751,-0.1020826,0.9355044,2.677191,-26.08254,0.0056145,2.189815,4.5321558,4.7097742,0,0.272,0.75,212.364
00:53.4,0,100,0,0,0,0,0,0,0,0,0.19264313,0.47481075,-0.079204295,0.3527106,1.38763373,-17.905716,-0.0449164,2.451667,4.7203102,5.9664178,0,0.388,0.93,212.286
00:53.4,0,100,0,0,0,0,0,0,0,0,0.02027926,0.5923464,-0.05632599,-0.2300832,0.09807646,-9.728892,-0.0954473,2.713519,4.9084646,7.2230614,0,0.504,1.11,212.208
00:53.4,0,100,0,0,0,0,0,0,0,0,-0.08424182,0.38329495,-0.03813981,0.05641325,-0.04557677,-7.9642995,-0.1459782,2.975371,5.096619,8.479705,0,0.62,1.29,212.13
00:53.5,0,100,0,0,0,0,0,0,0,0,-0.1887629,0.1742435,-0.01995363,0.3429097,-0.18923,-6.199707,-0.15720728,2.7938582,4.763549,7.7554916,0,0.42,1.362,212.11
00:53.5,0,100,0,0,0,0,0,0,0,0,-0.16577275,0.055771365,-0.006184072,0.3818796,-0.0322824,-5.895041,-0.16843636,2.6123454,4.430479,7.0312782,0,0.22,1.434,212.09
00:53.5,0,100,0,0,0,0,0,0,0,0,-0.1427826,-0.06270077,0.007585486,0.4208495,0.1246652,-5.590375,-0.17966544,2.4308326,4.097409,6.3070648,0,0.02,1.506,212.07
00:53.5,0,100,0,0,0,0,0,0,0,0,-0.05924314,-0.081248045,-0.001796567,0.3458308,0.156224,-5.232933,-0.19089452,2.2493198,3.764339,5.5828514,0,-0.18,1.578,212.05
00:53.5,0,100,0,0,0,0,0,0,0,0,0.02429632,-0.09979532,-0.01117862,0.2708121,0.1877828,-4.875491,-0.2021236,2.067807,3.431269,4.858638,0,-0.38,1.65,212.03
00:53.6,0,100,0,0,0,0,0,0,0,0,0.055277095,-0.84900866,-0.029239855,1.43257855,0.4352538,-7.6274105,-0.19426324,2.4868412,3.6140398,5.7537814,0,0.144,1.05,212.014
00:53.6,0,100,0,0,0,0,0,0,0,0,0.08625787,-1.598222,-0.04730109,2.594345,0.6827248,-10.37933,-0.18640288,2.9058754,3.7968106,6.6489248,0,0.668,0.45,211.998
00:53.6,0,100,0,0,0,0,0,0,0,0,0.650908435,-0.95740835,-0.05183794,1.77634725,1.7368679,-14.57132,-0.17854252,3.3249096,3.9795814,7.5440682,0,1.192,-0.15,211.982
00:53.6,0,100,0,0,0,0,0,0,0,0,1.215559,-0.3165947,-0.05637479,0.9583495,2.791011,-18.76331,-0.17068216,3.7439438,4.1623522,8.4392116,0,1.716,-0.75,211.966
00:53.6,0,100,0,0,0,0,0,0,0,0,0.50260735,-0.29017315,-0.07158635,0.58973715,0.9977333,-12.1791,-0.1628218,4.162978,4.345123,9.334355,0,2.24,-1.35,211.95
00:53.7,0,100,0,0,0,0,0,0,0,0,-0.2103443,-0.2637516,-0.08679791,0.2211248,-0.7955444,-5.59489,-0.16169888,3.8517968,4.1000936,8.763548,0,1.726,-0.996,211.802
00:53.7,0,100,0,0,0,0,0,0,0,0,-0.46437715,0.3328967,-0.095675055,-0.4134821,-0.29645205,-7.712001,-0.16057596,3.5406156,3.8550642,8.192741,0,1.212,-0.642,211.654
00:53.7,0,100,0,0,0,0,0,0,0,0,-0.71841,0.929545,-0.1045522,-1.048089,0.2026403,-9.829112,-0.15945304,3.2294344,3.6100348,7.621934,0,0.698,-0.288,211.506
00:53.7,0,100,0,0,0,0,0,0,0,0,-0.486571,0.35265325,-0.1393266,-0.19495195,0.77827865,-10.557066,-0.15833012,2.9182532,3.3650054,7.051127,0,0.184,0.066,211.358
00:53.7,0,100,0,0,0,0,0,0,0,0,-0.254732,-0.2242385,-0.174101,0.6581851,1.353917,-11.28502,-0.1572072,2.607072,3.119976,6.48032,0,-0.33,0.42,211.21
00:53.8,0,100,0,0,0,0,0,0,0,0,0.1316939,-0.065316835,-0.11497425,0.3950559,1.514217,-9.4189015,-0.17966538,2.5435228,2.9883416,6.0612062,0,-0.304,0.318,211.134
00:53.8,0,100,0,0,0,0,0,0,0,0,0.5181198,0.09360483,-0.0558475,0.1319267,1.674517,-7.552783,-0.20212356,2.4799736,2.8567072,5.6420924,0,-0.278,0.216,211.058
00:53.8,0,100,0,0,0,0,0,0,0,0,0.1095356,0.0329221,-0.036602775,0.371786,1.09789235,-9.4091765,-0.22458174,2.4164244,2.7250728,5.2229786,0,-0.252,0.114,210.982
00:53.8,0,100,0,0,0,0,0,0,0,0,-0.2990486,-0.02776063,-0.01735805,0.6116453,0.5212677,-11.26557,-0.24703992,2.3528752,2.5934384,4.8038648,0,-0.226,0.012,210.906
00:53.8,0,100,0,0,0,0,0,0,0,0,-0.171548065,0.01068477,0.01169923,0.59983365,0.94149835,-10.2055465,-0.2694981,2.289326,2.461804,4.384751,0,-0.2,-0.09,210.83
00:53.9,0,100,0,0,0,0,0,0,0,0,-0.04404753,0.04913017,0.04075651,0.588022,1.361729,-9.145523,-0.25153156,2.246422,2.3261002,4.2243214,0,-0.212,-0.068,210.858
00:53.9,0,100,0,0,0,0,0,0,0,0,0.047686335,0.017146365,0.022160854,0.5866291,1.379048,-9.470548,-0.23356502,2.203518,2.1903964,4.0638918,0,-0.224,-0.046,210.886
00:53.9,0,100,0,0,0,0,0,0,0,0,0.1394202,-0.01483744,0.003565198,0.5852362,1.396367,-9.795573,-0.21559848,2.160614,2.0546926,3.9034622,0,-0.236,-0.024,210.914
00:53.9,0,100,0,0,0,0,0,0,0,0,0.00476535,0.07627513,0.029184369,0.6627904,1.0403433,-9.8546735,-0.19763194,2.11771,1.9189888,3.7430326,0,-0.248,-0.002,210.942
00:53.9,0,100,0,0,0,0,0,0,0,0,-0.1298895,0.1673877,0.05480354,0.7403446,0.6843196,-9.913774,-0.1796654,2.074806,1.783285,3.582603,0,-0.26,0.02,210.97
00:54.0,0,100,0,0,0,0,0,0,0,0,0.0279563,-0.0676514,0.054709565,0.6640064,0.485178,-9.6896145,-0.18527994,2.0074336,1.7226164,3.3733486,0,-0.2,-0.042,210.986
00:54.0,0,100,0,0,0,0,0,0,0,0,0.1858021,-0.3026905,0.05461559,0.5876682,0.2860364,-9.465455,-0.19089448,1.9400612,1.6619478,3.1640942,0,-0.14,-0.104,211.002
00:54.0,0,100,0,0,0,0,0,0,0,0,0.070588465,-0.10854061,0.01953859,0.3372723,0.149982835,-9.713345,-0.19650902,1.8726888,1.6012792,2.9548398,0,-0.08,-0.166,211.018
00:54.0,0,100,0,0,0,0,0,0,0,0,-0.04462517,0.08560928,-0.01553841,0.0868764,0.01392927,-9.961235,-0.20212356,1.8053164,1.5406106,2.7455854,0,-0.02,-0.228,211.034
00:54.0,0,100,0,0,0,0,0,0,0,0,0.019855725,-0.002589135,-0.02985041,0.1271554,0.001812225,-9.822874,-0.2077381,1.737944,1.479942,2.536331,0,0.04,-0.29,211.05
00:54.1,0,100,0,0,0,0,0,0,0,0,0.08433662,-0.09078755,-0.04416241,0.1674344,-0.01030482,-9.684513,-0.159453028,1.7333204,1.420375,2.4883382,0,0.158,-0.418,211.014
00:54.1,0,100,0,0,0,0,0,0,0,0,0.09839741,-0.087456745,-0.03260789,0.00490645,-0.05837686,-9.7409865,-0.111167956,1.7286968,1.360808,2.4403454,0,0.276,-0.546,210.978
00:54.1,0,100,0,0,0,0,0,0,0,0,0.1124582,-0.08412594,-0.02105337,-0.1576215,-0.1064489,-9.79746,-0.062882884,1.7240732,1.301241,2.3923526,0,0.394,-0.674,210.942
00:54.1,0,100,0,0,0,0,0,0,0,0,0.085930385,-0.12688217,-0.00152969,-0.12592277,-0.1166892,-9.826741,-0.014597812,1.7194496,1.241674,2.3443598,0,0.512,-0.802,210.906
00:54.1,0,100,0,0,0,0,0,0,0,0,0.05940257,-0.1696384,0.01799399,-0.09422404,-0.1269295,-9.856022,0.03368726,1.714826,1.182107,2.296367,0,0.63,-0.93,210.87
00:54.2,0,100,0,0,0,0,0,0,0,0,0.034991995,-0.069805105,0.0244579,-0.076173495,-0.1567167,-9.844837,-0.043793452,1.7435834,1.2580154,2.25477,0,0.65,-0.944,210.896
00:54.2,0,100,0,0,0,0,0,0,0,0,0.01058142,0.03002819,0.03092181,-0.05812295,-0.1865039,-9.833652,-0.121274164,1.7723408,1.3339238,2.213173,0,0.67,-0.958,210.922
00:54.2,0,100,0,0,0,0,0,0,0,0,0.05684156,-0.074466105,0.033709515,-0.117381325,-0.136022915,-9.7638515,-0.198754876,1.8010982,1.4098322,2.171576,0,0.69,-0.972,210.948
00:54.2,0,100,0,0,0,0,0,0,0,0,0.1031017,-0.1789604,0.03649722,-0.1766397,-0.08554193,-9.694051,-0.276235588,1.8298556,1.4857406,2.129979,0,0.71,-0.986,210.974
00:54.2,0,100,0,0,0,0,0,0,0,0,0.04060313,-0.040485825,0.02917219,-0.115251195,-0.166920365,-9.769339,-0.3537163,1.858613,1.561649,2.088382,0,0.73,-1,211
00:54.3,0,100,0,0,0,0,0,0,0,0,-0.02189544,0.09798875,0.02184716,-0.05386269,-0.2482988,-9.844627,-0.32564358,1.7911456,1.4766698,2.0643176,0,0.694,-0.962,210.974
00:54.3,0,100,0,0,0,0,0,0,0,0,-0.04614118,0.057627515,-0.00308773,-0.083609595,-0.17376934,-9.842267,-0.29757086,1.7236782,1.3916906,2.0402532,0,0.658,-0.924,210.948
00:54.3,0,100,0,0,0,0,0,0,0,0,-0.07038692,0.01726628,-0.02802262,-0.1133565,-0.09923988,-9.839907,-0.26949814,1.6562108,1.3067114,2.0161888,0,0.622,-0.886,210.922
00:54.3,0,100,0,0,0,0,0,0,0,0,-0.067119635,0.08640229,-0.038165765,0.00612345,-0.10329549,-9.798112,-0.24142542,1.5887434,1.2217322,1.9921244,0,0.586,-0.848,210.896
00:54.3,0,100,0,0,0,0,0,0,0,0,-0.06385235,0.1555383,-0.04830891,0.1256034,-0.1073511,-9.756317,-0.2133527,1.521276,1.136753,1.96806,0,0.55,-0.81,210.87
00:54.4,0,100,0,0,0,0,0,0,0,0,-0.015537415,0.0243405,-0.031559445,0.05774338,-0.04835655,-9.7555985,-0.172927978,1.548578,1.1573888,1.956017,0,0.506,-0.77,210.868
00:54.4,0,100,0,0,0,0,0,0,0,0,0.03277752,-0.1068573,-0.01480998,-0.01011664,0.010638,-9.75488,-0.132503256,1.57588,1.1780246,1.943974,0,0.462,-0.73,210.866
00:54.4,0,100,0,0,0,0,0,0,0,0,0.010622985,-0.01908808,0.00736256,-0.020354515,-0.04146264,-9.801034,-0.092078534,1.603182,1.1986604,1.931931,0,0.418,-0.69,210.864
00:54.4,0,100,0,0,0,0,0,0,0,0,-0.01153155,0.06868114,0.0295351,-0.03059239,-0.09356328,-9.847188,-0.051653812,1.630484,1.2192962,1.919888,0,0.374,-0.65,210.862
00:54.4,0,100,0,0,0,0,0,0,0,0,-0.077052375,0.05752142,0.042461225,-0.041746035,-0.050021728,-9.8567785,-0.01122909,1.657786,1.239932,1.907845,0,0.33,-0.61,210.86
00:54.5,0,100,0,0,0,0,0,0,0,0,-0.1425732,0.0463617,0.05538735,-0.05289968,-0.006480176,-9.866369,-0.061759992,1.6123052,1.243315,1.9206594,0,0.284,-0.564,210.876
00:54.5,0,100,0,0,0,0,0,0,0,0,-0.06553255,0.04188269,0.03971642,0.09897466,0.066817112,-9.7798075,-0.112290894,1.5668244,1.246698,1.9334738,0,0.238,-0.518,210.892
00:54.5,0,100,0,0,0,0,0,0,0,0,0.0115081,0.03740368,0.02404549,0.250849,0.1401144,-9.693246,-0.162821796,1.5213436,1.250081,1.9462882,0,0.192,-0.472,210.908
00:54.5,0,100,0,0,0,0,0,0,0,0,-0.03603491,0.062792005,0.00292528,0.29148015,0.16736005,-9.760439,-0.213352698,1.4758628,1.253464,1.9591026,0,0.146,-0.426,210.924
00:54.5,0,100,0,0,0,0,0,0,0,0,-0.08357792,0.08818033,-0.01819493,0.3321113,0.1946057,-9.827632,-0.2638836,1.430382,1.256847,1.971917,0,0.1,-0.38,210.94
00:54.6,0,100,0,0,0,0,0,0,0,0,-0.031217625,0.039702183,-0.02711165,0.38405675,0.3005116,-9.785071,-0.216721424,1.3863192,1.2401634,1.9303066,0,0.104,-0.388,210.904
00:54.6,0,100,0,0,0,0,0,0,0,0,0.02114267,-0.008775964,-0.03602837,0.4360022,0.4064175,-9.74251,-0.169559248,1.3422564,1.2234798,1.8886962,0,0.108,-0.396,210.868
00:54.6,0,100,0,0,0,0,0,0,0,0,0.028294515,-0.049117242,-0.017874576,0.35484575,0.2954172,-9.746997,-0.122397072,1.2981936,1.2067962,1.8470858,0,0.112,-0.404,210.832
00:54.6,0,100,0,0,0,0,0,0,0,0,0.03544636,-0.08945852,0.000279219,0.2736893,0.1844169,-9.751484,-0.075234896,1.2541308,1.1901126,1.8054754,0,0.116,-0.412,210.796
00:54.6,0,100,0,0,0,0,0,0,0,0,0.00165767,-0.046485063,0.012662544,0.2407104,0.140167865,-9.8065225,-0.02807272,1.210068,1.173429,1.763865,0,0.12,-0.42,210.76
00:54.7,0,100,0,0,0,0,0,0,0,0,-0.03213102,-0.003511606,0.02504587,0.2077315,0.09591883,-9.861561,-0.072989076,1.1973776,1.2225778,1.7181646,0,0.134,-0.44,210.77
00:54.7,0,100,0,0,0,0,0,0,0,0,0.015462065,-0.035111628,0.013146534,0.148300335,0.03793273,-9.796039,-0.117905432,1.1846872,1.2717266,1.6724642,0,0.148,-0.46,210.78
00:54.7,0,100,0,0,0,0,0,0,0,0,0.06305515,-0.06671165,0.001247198,0.08886917,-0.02005337,-9.730517,-0.162821788,1.1719968,1.3208754,1.6267638,0,0.162,-0.48,210.79
00:54.7,0,100,0,0,0,0,0,0,0,0,0.041677355,-0.06153547,0.007682309,0.076412225,-0.04400846,-9.737361,-0.207738144,1.1593064,1.3700242,1.5810634,0,0.176,-0.5,210.8
00:54.7,0,100,0,0,0,0,0,0,0,0,0.02029956,-0.05635929,0.01411742,0.06395528,-0.06796355,-9.744205,-0.2526545,1.146616,1.419173,1.535363,0,0.19,-0.52,210.81
00:54.8,0,100,0,0,0,0,0,0,0,0,0.011299026,-0.022566175,-0.00105765,0.10655684,-0.111294825,-9.7529305,-0.25826904,1.0309988,1.30108994,1.42334348,0,0.206,-0.526,210.792
00:54.8,0,100,0,0,0,0,0,0,0,0,0.002298492,0.01122694,-0.01623272,0.1491584,-0.1546261,-9.761656,-0.26388358,0.9153816,1.18300688,1.31132396,0,0.222,-0.532,210.774
00:54.8,0,100,0,0,0,0,0,0,0,0,0.025459191,-0.020880715,-0.01537352,0.05456187,-0.00319025,-9.7979885,-0.26949812,0.7997644,1.06492382,1.19930444,0,0.238,-0.538,210.756
00:54.8,0,100,0,0,0,0,0,0,0,0,0.04861989,-0.05298837,-0.01451432,-0.04003466,0.1482456,-9.834321,-0.27511266,0.6841472,0.94684076,1.08728492,0,0.254,-0.544,210.738
00:54.8,0,100,0,0,0,0,0,0,0,0,0.009846245,-0.005127795,-0.011441005,-0.024697125,0.120608095,-9.8532485,-0.2807272,0.56853,0.8287577,0.9752654,0,0.27,-0.55,210.72
00:54.9,0,100,0,0,0,0,0,0,0,0,-0.0289274,0.04273278,-0.00836769,-0.009359589,0.09297059,-9.872176,-0.27286684,0.56383622,0.81858784,0.9487618,0,0.27,-0.554,210.722
00:54.9,0,100,0,0,0,0,0,0,0,0,0.006970165,-0.005198705,0.00565648,0.105416955,0.08440332,-9.816936,-0.26500648,0.55914244,0.80841798,0.9222582,0,0.27,-0.558,210.724
00:54.9,0,100,0,0,0,0,0,0,0,0,0.04286773,-0.05313019,0.01968065,0.2201935,0.07583605,-9.761696,-0.25714612,0.55444866,0.79824812,0.8957546,0,0.27,-0.562,210.726
00:54.9,0,100,0,0,0,0,0,0,0,0,0.02485174,-0.038558655,0.01998616,0.144738355,0.057121275,-9.776247,-0.24928576,0.54975488,0.78807826,0.869251,0,0.27,-0.566,210.728
00:54.9,0,100,0,0,0,0,0,0,0,0,0.006835749,-0.02398712,0.02029167,0.06928321,0.0384065,-9.790798,-0.2414254,0.5450611,0.7779084,0.8427474,0,0.27,-0.57,210.73
00:55.0,0,100,0,0,0,0,0,0,0,0,-0.0008493,0.00271326,0.01424851,0.07990897,0.03919275,-9.809025,-0.22570468,0.53155458,0.7522596,0.79780516,0,0.27,-0.568,210.724
00:55.0,0,100,0,0,0,0,0,0,0,0,-0.008534349,0.02941364,0.00820535,0.09053473,0.039979,-9.827252,-0.20998396,0.51804806,0.7266108,0.75286292,0,0.27,-0.566,210.718
00:55.0,0,100,0,0,0,0,0,0,0,0,0.006369771,0.004096115,-0.003588065,0.09235699,0.039283415,-9.807551,-0.19426324,0.50454154,0.700962,0.70792068,0,0.27,-0.564,210.712
00:55.0,0,100,0,0,0,0,0,0,0,0,0.02127389,-0.02122141,-0.01538148,0.09417925,0.03858783,-9.78785,-0.17854252,0.49103502,0.6753132,0.66297844,0,0.27,-0.562,210.706
00:55.0,0,100,0,0,0,0,0,0,0,0,0.019427215,-0.030722155,-0.017638545,0.099533625,0.030881665,-9.789239,-0.1628218,0.4775285,0.6496644,0.6180362,0,0.27,-0.56,210.7
00:55.1,0,100,0,0,0,0,0,0,0,0,0.01758054,-0.0402229,-0.01989561,0.104888,0.0231755,-9.790628,-0.21896724,0.46324786,0.62798476,0.59973846,0,0.272,-0.564,210.686
00:55.1,0,100,0,0,0,0,0,0,0,0,0.022571495,-0.043706155,-0.012873772,0.101348925,0.051519195,-9.7799745,-0.27511268,0.44896722,0.60630512,0.58144072,0,0.274,-0.568,210.672
00:55.1,0,100,0,0,0,0,0,0,0,0,0.02756245,-0.04718941,-0.005851934,0.09780985,0.07986289,-9.769321,-0.33125812,0.43468658,0.58462548,0.56314298,0,0.276,-0.572,210.658
00:55.1,0,100,0,0,0,0,0,0,0,0,0.01219048,-0.01675349,0.003696168,0.109992125,0.06013949,-9.78168,-0.38740356,0.42040594,0.56294584,0.54484524,0,0.278,-0.576,210.644
00:55.1,0,100,0,0,0,0,0,0,0,0,-0.00318149,0.01368243,0.01324427,0.1221744,0.04041609,-9.794039,-0.443549,0.4061253,0.5412662,0.5265475,0,0.28,-0.58,210.63
00:55.2,0,100,0,0,0,0,0,0,0,0,-0.001118051,0.01537223,0.012452635,0.100906905,0.03157629,-9.79713,-0.39750974,0.42513986,0.61222722,0.5367892,0,0.28,-0.58,210.634
00:55.2,0,100,0,0,0,0,0,0,0,0,0.000945389,0.01706203,0.011661,0.07963941,0.02273649,-9.800221,-0.35147048,0.44415442,0.68318824,0.5470309,0,0.28,-0.58,210.638
00:55.2,0,100,0,0,0,0,0,0,0,0,-0.006031236,0.020137575,0.008095426,0.07468626,0.021567895,-9.809852,-0.30543122,0.46316898,0.75414926,0.5572726,0,0.28,-0.58,210.642
00:55.2,0,100,0,0,0,0,0,0,0,0,-0.01300786,0.02321312,0.004529852,0.06973311,0.0203993,-9.819483,-0.25939196,0.48218354,0.82511028,0.5675143,0,0.28,-0.58,210.646
00:55.2,0,100,0,0,0,0,0,0,0,0,-0.009609636,0.014338919,-0.000837612,0.074764085,0.012715826,-9.8220445,-0.2133527,0.5011981,0.8960713,0.577756,0,0.28,-0.58,210.65
00:55.3,0,100,0,0,0,0,0,0,0,0,-0.006211412,0.005464717,-0.006205075,0.07979506,0.005032352,-9.824606,-0.18977161,0.52733256,0.95685424,0.6010534,0,0.284,-0.584,210.636
00:55.3,0,100,0,0,0,0,0,0,0,0,0.001361986,-0.007470242,-0.008930303,0.08131963,0.014441851,-9.8114735,-0.16619052,0.55346702,1.01763718,0.6243508,0,0.288,-0.588,210.622
00:55.3,0,100,0,0,0,0,0,0,0,0,0.008935383,-0.0204052,-0.01165553,0.0828442,0.02385135,-9.798341,-0.14260943,0.57960148,1.07842012,0.6476482,0,0.292,-0.592,210.608
00:55.3,0,100,0,0,0,0,0,0,0,0,0.024643606,-0.02408375,-0.00811329,0.0876478,0.032411735,-9.7980165,-0.11902834,0.60573594,1.13920306,0.6709456,0,0.296,-0.596,210.594
00:55.3,0,100,0,0,0,0,0,0,0,0,0.04035183,-0.0277623,-0.00457105,0.0924514,0.04097212,-9.797692,-0.09544725,0.6318704,1.199986,0.694243,0,0.3,-0.6,210.58
00:55.4,0,100,0,0,0,0,0,0,0,0,0.02499567,-0.03577314,0.000842867,0.0990266,0.05147412,-9.7871145,-0.14260942,0.60348008,1.2469404,0.73375532,0,0.298,-0.602,210.582
00:55.4,0,100,0,0,0,0,0,0,0,0,0.00963951,-0.04378398,0.006256784,0.1056018,0.06197612,-9.776537,-0.18977159,0.57508976,1.2938948,0.77326764,0,0.296,-0.604,210.584
00:55.4,0,100,0,0,0,0,0,0,0,0,0.003860494,-0.037991675,0.007897558,0.11866025,0.10440606,-9.7754655,-0.23693376,0.54669944,1.3408492,0.81277996,0,0.294,-0.606,210.586
00:55.4,0,100,0,0,0,0,0,0,0,0,-0.001918523,-0.03219937,0.009538331,0.1317187,0.146836,-9.774394,-0.28409593,0.51830912,1.3878036,0.85229228,0,0.292,-0.608,210.588
00:55.4,0,100,0,0,0,0,0,0,0,0,0.017089489,-0.037143565,0.009977926,0.1227459,0.10167292,-9.762972,-0.3312581,0.4899188,1.434758,0.8918046,0,0.29,-0.61,210.59
00:55.5,0,100,0,0,0,0,0,0,0,0,0.0360975,-0.04208776,0.01041752,0.1137731,0.05650984,-9.75155,-0.276235568,0.47093842,1.4015328,0.9034456,0,0.294,-0.612,210.584
00:55.5,0,100,0,0,0,0,0,0,0,0,0.02531904,-0.03083369,0.005974528,0.09046313,0.03673074,-9.764484,-0.221213036,0.45195804,1.3683076,0.9150866,0,0.298,-0.614,210.578
00:55.5,0,100,0,0,0,0,0,0,0,0,0.01454058,-0.01957962,0.001531535,0.06715316,0.01695164,-9.777418,-0.166190504,0.43297766,1.3350824,0.9267276,0,0.302,-0.616,210.572
00:55.5,0,100,0,0,0,0,0,0,0,0,0.018609965,-0.021833795,-0.004391437,0.09063313,0.03064619,-9.7712625,-0.111167972,0.41399728,1.3018572,0.9383686,0,0.306,-0.618,210.566
00:55.5,0,100,0,0,0,0,0,0,0,0,0.02267935,-0.02408797,-0.01031441,0.1141131,0.04434074,-9.765107,-0.05614544,0.3950169,1.268632,0.9500096,0,0.31,-0.62,210.56
00:55.6,0,100,0,0,0,0,0,0,0,0,0.020303525,-0.015719109,-0.007784734,0.09827475,0.0453308,-9.7784905,-0.089832712,0.39505668,1.2499264,0.95352376,0,0.306,-0.62,210.552
00:55.6,0,100,0,0,0,0,0,0,0,0,0.0179277,-0.007350247,-0.005255058,0.0824364,0.04632086,-9.791874,-0.123519984,0.39509646,1.2312208,0.95703792,0,0.302,-0.62,210.544
00:55.6,0,100,0,0,0,0,0,0,0,0,0.012941363,-0.003140081,0.002069294,0.07671266,0.05407073,-9.800472,-0.157207256,0.39513624,1.2125152,0.96055208,0,0.298,-0.62,210.536
00:55.6,0,100,0,0,0,0,0,0,0,0,0.007955026,0.001070085,0.009393645,0.07098892,0.0618206,-9.80907,-0.190894528,0.39517602,1.1938096,0.96406624,0,0.294,-0.62,210.528
00:55.6,0,100,0,0,0,0,0,0,0,0,0.004382025,0.003251317,0.013137983,0.10177211,0.09243985,-9.8194465,-0.2245818,0.3952158,1.175104,0.9675804,0,0.29,-0.62,210.52
00:55.7,0,100,0,0,0,0,0,0,0,0,0.000809023,0.005432549,0.01688232,0.1325553,0.1230591,-9.829823,-0.23131924,0.41655296,1.3039956,0.97308606,0,0.296,-0.624,210.524
00:55.7,0,100,0,0,0,0,0,0,0,0,0.010239687,0.003556848,0.011978593,0.10644539,0.063390433,-9.8293425,-0.23805668,0.43789012,1.4328872,0.97859172,0,0.302,-0.628,210.528
00:55.7,0,100,0,0,0,0,0,0,0,0,0.01967035,0.001681146,0.007074865,0.08033548,0.003721766,-9.828862,-0.24479412,0.45922728,1.5617788,0.98409738,0,0.308,-0.632,210.532
00:55.7,0,100,0,0,0,0,0,0,0,0,0.008464583,0.002027182,0.000370561,0.07728285,0.009713693,-9.8315675,-0.25153156,0.48056444,1.6906704,0.98960304,0,0.314,-0.636,210.536
00:55.7,0,100,0,0,0,0,0,0,0,0,-0.002741184,0.002373217,-0.006333744,0.07423022,0.01570562,-9.834273,-0.258269,0.5019016,1.819562,0.9951087,0,0.32,-0.64,210.54
00:55.8,0,100,0,0,0,0,0,0,0,0,-0.004356079,-0.002818069,-0.007202471,0.086178415,0.01637191,-9.832665,-0.23468792,0.47063768,1.7348556,1.00314836,0,0.316,-0.64,210.528
00:55.8,0,100,0,0,0,0,0,0,0,0,-0.005970974,-0.008009354,-0.008071197,0.09812661,0.0170382,-9.831057,-0.21110684,0.43937376,1.6501492,1.01118802,0,0.312,-0.64,210.516
00:55.8,0,100,0,0,0,0,0,0,0,0,-0.016543032,-0.007804173,-0.007470029,0.086301765,0.024401865,-9.8356255,-0.18752576,0.40810984,1.5654428,1.01922768,0,0.308,-0.64,210.504
00:55.8,0,100,0,0,0,0,0,0,0,0,-0.02711509,-0.007598992,-0.00686886,0.07447692,0.03176553,-9.840194,-0.16394468,0.37684592,1.4807364,1.02726734,0,0.304,-0.64,210.492
00:55.8,0,100,0,0,0,0,0,0,0,0,-0.018690265,-0.012073961,-0.002878102,0.09066056,0.03192547,-9.8306155,-0.1403636,0.345582,1.39603,1.035307,0,0.3,-0.64,210.48
00:55.9,0,100,0,0,0,0,0,0,0,0,-0.01026544,-0.01654893,0.001112656,0.1068442,0.03208541,-9.821037,-0.15496142,0.3421453,1.3791188,1.00592556,0,0.302,-0.644,210.482
00:55.9,0,100,0,0,0,0,0,0,0,0,-0.004414509,-0.01499115,0.001685669,0.11514855,0.083301455,-9.821303,-0.16955924,0.3387086,1.3622076,0.97654412,0,0.304,-0.648,210.484
00:55.9,0,100,0,0,0,0,0,0,0,0,0.001436422,-0.01343337,0.002258681,0.1234529,0.1345175,-9.821569,-0.18415706,0.3352719,1.3452964,0.94716268,0,0.306,-0.652,210.486
00:55.9,0,100,0,0,0,0,0,0,0,0,-0.001463602,-0.0130634,0.003193607,0.1440951,0.10788589,-9.8101795,-0.19875488,0.3318352,1.3283852,0.91778124,0,0.308,-0.656,210.488
00:55.9,0,100,0,0,0,0,0,0,0,0,-0.004363625,-0.01269343,0.004128533,0.1647373,0.08125428,-9.79879,-0.2133527,0.3283985,1.311474,0.8883998,0,0.31,-0.66,210.49
00:56.0,0,100,0,0,0,0,0,0,0,0,-0.000504741,-0.02123548,0.001734221,0.12709464,0.066272455,-9.7952585,-0.23131924,0.33679498,1.3501056,0.87421362,0,0.312,-0.662,210.484
00:56.0,0,100,0,0,0,0,0,0,0,0,0.003354143,-0.02977753,-0.000660092,0.08945198,0.05129063,-9.791727,-0.24928578,0.34519146,1.3887372,0.86002744,0,0.314,-0.664,210.478
00:56.0,0,100,0,0,0,0,0,0,0,0,0.009108332,-0.023518995,0.002253945,0.092284245,0.0451475,-9.7916475,-0.26725232,0.35358794,1.4273688,0.84584126,0,0.316,-0.666,210.472
00:56.0,0,100,0,0,0,0,0,0,0,0,0.01486252,-0.01726046,0.005167981,0.09511651,0.03900437,-9.791568,-0.28521886,0.36198442,1.4660004,0.83165508,0,0.318,-0.668,210.466
00:56.0,0,100,0,0,0,0,0,0,0,0,0.013156135,-0.01682506,0.007245349,0.088854005,0.043750615,-9.7853545,-0.3031854,0.3703809,1.504632,0.8174689,0,0.32,-0.67,210.46
00:56.1,0,100,0,0,0,0,0,0,0,0,0.01144975,-0.01638966,0.009322716,0.0825915,0.04849686,-9.779141,-0.2919563,0.36488546,1.38818844,0.78214238,0,0.32,-0.67,210.458
00:56.1,0,100,0,0,0,0,0,0,0,0,0.008574962,-0.0138423,0.005884411,0.0861656,0.044141655,-9.779372,-0.2807272,0.35939002,1.27174488,0.74681586,0,0.32,-0.67,210.456
00:56.1,0,100,0,0,0,0,0,0,0,0,0.005700173,-0.01129494,0.002446105,0.0897397,0.03978645,-9.779603,-0.2694981,0.35389458,1.15530132,0.71148934,0,0.32,-0.67,210.454
00:56.1,0,100,0,0,0,0,0,0,0,0,0.011414187,-0.007401514,-0.001902753,0.091605315,0.042181955,-9.7783715,-0.258269,0.34839914,1.03885776,0.67616282,0,0.32,-0.67,210.452
00:56.1,0,100,0,0,0,0,0,0,0,0,0.0171282,-0.003508089,-0.00625161,0.09347093,0.04457746,-9.77714,-0.2470399,0.3429037,0.9224142,0.6408363,0,0.32,-0.67,210.45
00:56.2,0,100,0,0,0,0,0,0,0,0,0.015861425,0.003412355,-0.005853592,0.111481165,0.0659119,-9.7848685,-0.26163772,0.37111948,0.98460956,0.6169276,0,0.324,-0.672,210.442
00:56.2,0,100,0,0,0,0,0,0,0,0,0.01459465,0.0103328,-0.005455574,0.1294914,0.08724634,-9.792597,-0.27623554,0.39933526,1.04680492,0.5930189,0,0.328,-0.674,210.434
00:56.2,0,100,0,0,0,0,0,0,0,0,0.016310575,0.004010135,-0.005721704,0.102051445,0.058935865,-9.7899085,-0.29083336,0.42755104,1.10900028,0.5691102,0,0.332,-0.676,210.426
00:56.2,0,100,0,0,0,0,0,0,0,0,0.0180265,-0.00231253,-0.005987834,0.07461149,0.03062539,-9.78722,-0.30543118,0.45576682,1.17119564,0.5452015,0,0.336,-0.678,210.418
00:56.2,0,100,0,0,0,0,0,0,0,0,0.019312265,-0.004195677,-0.00274486,0.081267805,0.04214942,-9.7871575,-0.320029,0.4839826,1.233391,0.5212928,0,0.34,-0.68,210.41
00:56.3,0,100,0,0,0,0,0,0,0,0,0.02059803,-0.006078824,0.000498115,0.08792412,0.05367345,-9.787095,-0.30318538,0.4793162,1.18365758,0.52487588,0,0.34,-0.684,210.412
00:56.3,0,100,0,0,0,0,0,0,0,0,0.02100952,-0.00560779,0.004650802,0.081259225,0.04370834,-9.7942945,-0.28634176,0.4746498,1.13392416,0.52845896,0,0.34,-0.688,210.414
00:56.3,0,100,0,0,0,0,0,0,0,0,0.02142101,-0.005136757,0.008803489,0.07459433,0.03374323,-9.801494,-0.26949814,0.4699834,1.08419074,0.53204204,0,0.34,-0.692,210.416
00:56.3,0,100,0,0,0,0,0,0,0,0,0.009259968,-0.005135075,0.00647587,0.07332094,0.03251916,-9.8040555,-0.25265452,0.465317,1.03445732,0.53562512,0,0.34,-0.696,210.418
00:56.3,0,100,0,0,0,0,0,0,0,0,-0.002901074,-0.005133392,0.00414825,0.07204755,0.03129509,-9.806617,-0.2358109,0.4606506,0.9847239,0.5392082,0,0.34,-0.7,210.42
00:56.4,0,100,0,0,0,0,0,0,0,0,0.010549538,-0.009093621,0.00098824,0.07981189,0.027246235,-9.7998165,-0.2504087,0.4312572,0.97835742,0.60166984,0,0.342,-0.702,210.412
00:56.4,0,100,0,0,0,0,0,0,0,0,0.02400015,-0.01305385,-0.00217177,0.08757623,0.02319738,-9.793016,-0.2650065,0.4018638,0.97199094,0.66413148,0,0.344,-0.704,210.404
00:56.4,0,100,0,0,0,0,0,0,0,0,0.0112767,-0.009174314,-0.002232032,0.08043313,0.02272732,-9.7992225,-0.2796043,0.3724704,0.96562446,0.72659312,0,0.346,-0.706,210.396
00:56.4,0,100,0,0,0,0,0,0,0,0,-0.001446751,-0.005294777,-0.002292294,0.07329003,0.02225726,-9.805429,-0.2942021,0.343077,0.95925798,0.78905476,0,0.348,-0.708,210.388
00:56.4,0,100,0,0,0,0,0,0,0,0,0.001190771,-0.006782389,0.001876732,0.084481335,0.029906725,-9.800118,-0.3087999,0.3136836,0.9528915,0.8515164,0,0.35,-0.71,210.38
00:56.5,0,100,0,0,0,0,0,0,0,0,0.003828293,-0.00827,0.006045758,0.09567264,0.03755619,-9.794807,-0.34361008,0.31754418,0.9645354,0.82621832,0,0.35,-0.712,210.38
00:56.5,0,100,0,0,0,0,0,0,0,0,0.003434198,-0.009203965,0.00572181,0.10547022,0.06162434,-9.7895455,-0.37842026,0.32140476,0.9761793,0.80092024,0,0.35,-0.714,210.38
00:56.5,0,100,0,0,0,0,0,0,0,0,0.003040103,-0.01013793,0.005397862,0.1152678,0.08569249,-9.784284,-0.41323044,0.32526534,0.9878232,0.77562216,0,0.35,-0.716,210.38
00:56.5,0,100,0,0,0,0,0,0,0,0,-0.002317462,-0.005970608,0.006510914,0.101594985,0.05108037,-9.7949695,-0.44804062,0.32912592,0.9994671,0.75032408,0,0.35,-0.718,210.38
00:56.5,0,100,0,0,0,0,0,0,0,0,-0.007675027,-0.001803285,0.007623965,0.08792217,0.01646825,-9.805655,-0.4828508,0.3329865,1.011111,0.725026,0,0.35,-0.72,210.38
00:56.6,0,100,0,0,0,0,0,0,0,0,-0.003029782,-0.009171268,0.003374962,0.087726865,0.02593194,-9.789112,-0.45365518,0.35360228,1.121808,0.76627414,0,0.354,-0.722,210.37
00:56.6,0,100,0,0,0,0,0,0,0,0,0.001615464,-0.01653925,-0.000874042,0.08753156,0.03539563,-9.772569,-0.42445956,0.37421806,1.232505,0.80752228,0,0.358,-0.724,210.36
00:56.6,0,100,0,0,0,0,0,0,0,0,0.006960472,-0.009082103,-0.00278224,0.0877176,0.02572029,-9.78513,-0.39526394,0.39483384,1.343202,0.84877042,0,0.362,-0.726,210.35
00:56.6,0,100,0,0,0,0,0,0,0,0,0.01230548,-0.001624957,-0.004690438,0.08790364,0.01604495,-9.797691,-0.36606832,0.41544962,1.453899,0.89001856,0,0.366,-0.728,210.34
00:56.6,0,100,0,0,0,0,0,0,0,0,0.009948049,-0.006383939,-0.002173558,0.08212367,0.031626735,-9.78741,-0.3368727,0.4360654,1.564596,0.9312667,0,0.37,-0.73,210.33
00:56.7,0,100,0,0,0,0,0,0,0,0,0.007590618,-0.01114292,0.000343321,0.0763437,0.04720852,-9.777129,-0.32115196,0.42503166,1.6279388,0.96637696,0,0.368,-0.732,210.328
00:56.7,0,100,0,0,0,0,0,0,0,0,0.002698044,-0.007045029,0.00455267,0.0767698,0.03550281,-9.7848105,-0.30543122,0.41399792,1.6912816,1.00148722,0,0.366,-0.734,210.326
00:56.7,0,100,0,0,0,0,0,0,0,0,-0.00219453,-0.002947137,0.008762019,0.0771959,0.0237971,-9.792492,-0.28971048,0.40296418,1.7546244,1.03659748,0,0.364,-0.736,210.324
00:56.7,0,100,0,0,0,0,0,0,0,0,-0.007570135,0.007663182,0.01061972,0.1026351,0.0802835,-9.8098425,-0.27398974,0.39193044,1.8179672,1.07170774,0,0.362,-0.738,210.322
00:56.7,0,100,0,0,0,0,0,0,0,0,-0.01294574,0.0182735,0.01247742,0.1280743,0.1367699,-9.827193,-0.258269,0.3808967,1.88131,1.106818,0,0.36,-0.74,210.32
00:56.8,0,100,0,0,0,0,0,0,0,0,-0.003494127,0.008763297,0.00970609,0.104797815,0.09092613,-9.8122755,-0.27398974,0.37184268,1.7805356,1.099288,0,0.358,-0.74,210.314
00:56.8,0,100,0,0,0,0,0,0,0,0,0.005957486,-0.000746906,0.006934759,0.08152133,0.04508236,-9.797358,-0.28971048,0.36278866,1.6797612,1.091758,0,0.356,-0.74,210.308
00:56.8,0,100,0,0,0,0,0,0,0,0,0.003252515,0.003704737,0.003084892,0.07635092,0.028112635,-9.8117715,-0.30543122,0.35373464,1.5789868,1.084228,0,0.354,-0.74,210.302
00:56.8,0,100,0,0,0,0,0,0,0,0,0.000547545,0.008156381,-0.000764975,0.07118051,0.01114291,-9.826185,-0.32115196,0.34468062,1.4782124,1.076698,0,0.352,-0.74,210.296
00:56.8,0,100,0,0,0,0,0,0,0,0,0.010312712,-0.000120736,-0.001685664,0.07741412,0.03046812,-9.819402,-0.3368727,0.3356266,1.377438,1.069168,0,0.35,-0.74,210.29
00:56.9,0,100,0,0,0,0,0,0,0,0,0.02007788,-0.008397853,-0.002606353,0.08364773,0.04979333,-9.812619,-0.33125814,0.3627391,1.6135638,1.0602172,0,0.35,-0.742,210.282
00:56.9,0,100,0,0,0,0,0,0,0,0,0.020833025,-0.007564633,-0.000784574,0.080467655,0.043892865,-9.8217345,-0.32564358,0.3898516,1.8496896,1.0512664,0,0.35,-0.744,210.274
00:56.9,0,100,0,0,0,0,0,0,0,0,0.02158817,-0.006731413,0.001037205,0.07728758,0.0379924,-9.83085,-0.32002902,0.4169641,2.0858154,1.0423156,0,0.35,-0.746,210.266
00:56.9,0,100,0,0,0,0,0,0,0,0,0.018335585,-0.007039904,0.00522166,0.075184905,0.04058086,-9.829654,-0.31441446,0.4440766,2.3219412,1.0333648,0,0.35,-0.748,210.258
00:56.9,0,100,0,0,0,0,0,0,0,0,0.015083,-0.007348395,0.009406114,0.07308223,0.04316932,-9.828458,-0.3087999,0.4711891,2.558067,1.024414,0,0.35,-0.75,210.25
00:57.0,0,100,0,0,0,0,0,0,0,0,0.01966181,-0.010233603,0.007652473,0.101044415,0.07870851,-9.8332135,-0.31441446,0.44599682,2.3309736,1.0101764,0,0.354,-0.75,210.252
00:57.0,0,100,0,0,0,0,0,0,0,0,0.02424062,-0.01311881,0.005898831,0.1290066,0.1142477,-9.837969,-0.32002902,0.42080454,2.1038802,0.9959388,0,0.358,-0.75,210.254
00:57.0,0,100,0,0,0,0,0,0,0,0,0.008979155,-0.012398935,0.002970437,0.13149535,0.08633626,-9.8392865,-0.32564358,0.39561226,1.8767868,0.9817012,0,0.362,-0.75,210.256
00:57.0,0,100,0,0,0,0,0,0,0,0,-0.006282311,-0.01167906,4.20E-05,0.1339841,0.05842482,-9.840604,-0.33125814,0.37041998,1.6496934,0.9674636,0,0.366,-0.75,210.258
00:57.0,0,100,0,0,0,0,0,0,0,0,0.001258012,-0.02485683,-0.001774232,0.13244565,0.04517836,-9.8148085,-0.3368727,0.3452277,1.4226,0.953226,0,0.37,-0.75,210.26
00:57.1,0,100,0,0,0,0,0,0,0,0,0.008798335,-0.0380346,-0.003590508,0.1309072,0.0319319,-9.789013,-0.31778324,0.3671818,1.4682108,0.88992048,0,0.368,-0.752,210.25
00:57.1,0,100,0,0,0,0,0,0,0,0,-0.004800588,-0.032826095,-0.006502398,0.11067773,0.01956617,-9.8010725,-0.29869378,0.3891359,1.5138216,0.82661496,0,0.366,-0.754,210.24
00:57.1,0,100,0,0,0,0,0,0,0,0,-0.01839951,-0.02761759,-0.009414289,0.09044826,0.00720044,-9.813132,-0.27960432,0.41109,1.5594324,0.76330944,0,0.364,-0.756,210.23
00:57.1,0,100,0,0,0,0,0,0,0,0,0.000437245,-0.02792916,-0.009456242,0.10203618,0.01657947,-9.7990425,-0.26051486,0.4330441,1.6050432,0.70000392,0,0.362,-0.758,210.22
00:57.1,0,100,0,0,0,0,0,0,0,0,0.019274,-0.02824073,-0.009498194,0.1136241,0.0259585,-9.784953,-0.2414254,0.4549982,1.650654,0.6366984,0,0.36,-0.76,210.21
00:57.2,0,100,0,0,0,0,0,0,0,0,0.01521522,-0.026006415,-0.007440101,0.08925489,0.03398961,-9.790754,-0.26163776,0.4348593,1.5530476,0.6289772,0,0.36,-0.762,210.206
00:57.2,0,100,0,0,0,0,0,0,0,0,0.01115644,-0.0237721,-0.005382007,0.06488568,0.04202072,-9.796555,-0.28185012,0.4147204,1.4554412,0.621256,0,0.36,-0.764,210.202
00:57.2,0,100,0,0,0,0,0,0,0,0,0.01824606,-0.01765274,0.001610494,0.09191329,0.0529738,-9.791902,-0.30206248,0.3945815,1.3578348,0.6135348,0,0.36,-0.766,210.198
00:57.2,0,100,0,0,0,0,0,0,0,0,0.02533568,-0.01153338,0.008602995,0.1189409,0.06392688,-9.787249,-0.32227484,0.3744426,1.2602284,0.6058136,0,0.36,-0.768,210.194
00:57.2,0,100,0,0,0,0,0,0,0,0,0.026373795,-0.014400935,0.009582048,0.10034769,0.06118391,-9.782582,-0.3424872,0.3543037,1.162622,0.5980924,0,0.36,-0.77,210.19
00:57.3,0,100,0,0,0,0,0,0,0,0,0.02741191,-0.01726849,0.0105611,0.08175448,0.05844094,-9.777915,-0.31441448,0.35414478,1.2599498,0.61120052,0,0.362,-0.77,210.188
00:57.3,0,100,0,0,0,0,0,0,0,0,0.026883095,-0.007071849,0.002355575,0.09257594,0.079086205,-9.7984605,-0.28634176,0.35398586,1.3572776,0.62430864,0,0.364,-0.77,210.186
00:57.3,0,100,0,0,0,0,0,0,0,0,0.02635428,0.003124793,-0.005849951,0.1033974,0.09973147,-9.819006,-0.25826904,0.35382694,1.4546054,0.63741676,0,0.366,-0.77,210.184
00:57.3,0,100,0,0,0,0,0,0,0,0,0.028739175,-0.000706812,-0.008972276,0.10533215,0.063539485,-9.8128055,-0.23019632,0.35366802,1.5519332,0.65052488,0,0.368,-0.77,210.182
00:57.3,0,100,0,0,0,0,0,0,0,0,0.03112407,-0.004538416,-0.0120946,0.1072669,0.0273475,-9.806605,-0.2021236,0.3535091,1.649261,0.663633,0,0.37,-0.77,210.18
00:57.4,0,100,0,0,0,0,0,0,0,0,0.016562096,-0.007901283,-0.011279975,0.09079386,0.03455343,-9.809804,-0.20773814,0.39684916,1.5783944,0.7182027,0,0.368,-0.772,210.172
00:57.4,0,100,0,0,0,0,0,0,0,0,0.002000122,-0.01126415,-0.01046535,0.07432082,0.04175936,-9.813003,-0.21335268,0.44018922,1.5075278,0.7727724,0,0.366,-0.774,210.164
00:57.4,0,100,0,0,0,0,0,0,0,0,0.004356807,-0.009900439,-0.004527545,0.08603678,0.032970875,-9.8165395,-0.21896722,0.48352928,1.4366612,0.8273421,0,0.364,-0.776,210.156
00:57.4,0,100,0,0,0,0,0,0,0,0,0.006713492,-0.008536727,0.001410261,0.09775274,0.02418239,-9.820076,-0.22458176,0.52686934,1.3657946,0.8819118,0,0.362,-0.778,210.148
00:57.4,0,100,0,0,0,0,0,0,0,0,0.012826801,-0.020403324,0.004957775,0.09141253,0.04047751,-9.8104605,-0.2301963,0.5702094,1.294928,0.9364815,0,0.36,-0.78,210.14
00:57.5,0,100,0,0,0,0,0,0,0,0,0.01894011,-0.03226992,0.008505288,0.08507232,0.05677263,-9.800845,-0.21335268,0.5408658,1.2586346,0.8782892,0,0.36,-0.782,210.136
00:57.5,0,100,0,0,0,0,0,0,0,0,0.0195011,-0.027292735,0.00542049,0.09334411,0.035982655,-9.8078275,-0.19650906,0.5115222,1.2223412,0.8200969,0,0.36,-0.784,210.132
00:57.5,0,100,0,0,0,0,0,0,0,0,0.02006209,-0.02231555,0.002335691,0.1016159,0.01519268,-9.81481,-0.17966544,0.4821786,1.1860478,0.7619046,0,0.36,-0.786,210.128
00:57.5,0,100,0,0,0,0,0,0,0,0,0.022455655,-0.022402595,0.000610665,0.1189311,0.05857949,-9.8061965,-0.16282182,0.452835,1.1497544,0.7037123,0,0.36,-0.788,210.124
00:57.5,0,100,0,0,0,0,0,0,0,0,0.02484922,-0.02248964,-0.001114362,0.1362463,0.1019663,-9.797583,-0.1459782,0.4234914,1.113461,0.64552,0,0.36,-0.79,210.12
00:57.6,0,100,0,0,0,0,0,0,0,0,0.026227915,-0.027347875,0.001720905,0.1221125,0.071763965,-9.793419,-0.16394474,0.40636882,1.09025652,0.6907092,0,0.362,-0.792,210.116
00:57.6,0,100,0,0,0,0,0,0,0,0,0.02760661,-0.03220611,0.004556171,0.1079787,0.04156163,-9.789255,-0.18191128,0.38924624,1.06705204,0.7358984,0,0.364,-0.794,210.112
00:57.6,0,100,0,0,0,0,0,0,0,0,0.02129425,-0.02646514,0.008060751,0.102069245,0.05222096,-9.7873475,-0.19987782,0.37212366,1.04384756,0.7810876,0,0.366,-0.796,210.108
00:57.6,0,100,0,0,0,0,0,0,0,0,0.01498189,-0.02072417,0.01156533,0.09615979,0.06288029,-9.78544,-0.21784436,0.35500108,1.02064308,0.8262768,0,0.368,-0.798,210.104
00:57.6,0,100,0,0,0,0,0,0,0,0,0.01409525,-0.023641315,0.01315304,0.08987814,0.06741622,-9.7725555,-0.2358109,0.3378785,0.9974386,0.871466,0,0.37,-0.8,210.1
00:57.7,0,100,0,0,0,0,0,0,0,0,0.01320861,-0.02655846,0.01474075,0.08359649,0.07195215,-9.759671,-0.2492858,0.33971628,0.99331804,0.85031282,0,0.372,-0.804,210.102
00:57.7,0,100,0,0,0,0,0,0,0,0,0.01282301,-0.02158608,0.01288133,0.095011145,0.043527415,-9.7629485,-0.2627607,0.34155406,0.98919748,0.82915964,0,0.374,-0.808,210.104
00:57.7,0,100,0,0,0,0,0,0,0,0,0.01243741,-0.0166137,0.01102191,0.1064258,0.01510268,-9.766226,-0.2762356,0.34339184,0.98507692,0.80800646,0,0.376,-0.812,210.106
00:57.7,0,100,0,0,0,0,0,0,0,0,0.008608539,-0.01864561,0.007579512,0.09568797,0.03816995,-9.7646045,-0.2897105,0.34522962,0.98095636,0.78685328,0,0.378,-0.816,210.108
00:57.7,0,100,0,0,0,0,0,0,0,0,0.004779668,-0.02067752,0.004137114,0.08495014,0.06123722,-9.762983,-0.3031854,0.3470674,0.9768358,0.7657001,0,0.38,-0.82,210.11
00:57.8,0,100,0,0,0,0,0,0,0,0,0.007865879,-0.014477933,0.002941339,0.09597252,0.05530696,-9.7713715,-0.2897105,0.37182186,1.23131184,0.81951668,0,0.384,-0.822,210.1
00:57.8,0,100,0,0,0,0,0,0,0,0,0.01095209,-0.008278346,0.001745563,0.1069949,0.0493767,-9.77976,-0.2762356,0.39657632,1.48578788,0.87333326,0,0.388,-0.824,210.09
00:57.8,0,100,0,0,0,0,0,0,0,0,0.02496298,-0.007645776,-0.00223646,0.14640855,0.0841079,-9.7880035,-0.2627607,0.42133078,1.74026392,0.92714984,0,0.392,-0.826,210.08
00:57.8,0,100,0,0,0,0,0,0,0,0,0.03897387,-0.007013205,-0.006218483,0.1858222,0.1188391,-9.796247,-0.2492858,0.44608524,1.99473996,0.98096642,0,0.396,-0.828,210.07
00:57.8,0,100,0,0,0,0,0,0,0,0,0.020946581,-0.00629999,-0.00680826,0.138037495,0.076593465,-9.794656,-0.2358109,0.4708397,2.249216,1.034783,0,0.4,-0.83,210.06
00:57.9,0,100,0,0,0,0,0,0,0,0,0.002919291,-0.005586774,-0.007398037,0.09025279,0.03434783,-9.793065,-0.24591708,0.49233304,2.212113,1.0051186,0,0.4,-0.832,210.06
00:57.9,0,100,0,0,0,0,0,0,0,0,0.005182922,-0.004408236,-0.003625532,0.085427805,0.03324598,-9.7955015,-0.25602326,0.51382638,2.17501,0.9754542,0,0.4,-0.834,210.06
00:57.9,0,100,0,0,0,0,0,0,0,0,0.007446553,-0.003229697,0.000146974,0.08060282,0.03214413,-9.797938,-0.26612944,0.53531972,2.137907,0.9457898,0,0.4,-0.836,210.06
00:57.9,0,100,0,0,0,0,0,0,0,0,0.018130787,-0.011813674,0.001401317,0.07160898,0.043278245,-9.7898475,-0.27623562,0.55681306,2.100804,0.9161254,0,0.4,-0.838,210.06
00:57.9,0,100,0,0,0,0,0,0,0,0,0.02881502,-0.02039765,0.00265566,0.06261514,0.05441236,-9.781757,-0.2863418,0.5783064,2.063701,0.886461,0,0.4,-0.84,210.06
00:58.0,0,100,0,0,0,0,0,0,0,0,0.016787276,-0.0115864,0.002401286,0.07422147,0.03354019,-9.802443,-0.30655414,0.53019852,1.8990592,0.8493796,0,0.404,-0.844,210.06
00:58.0,0,100,0,0,0,0,0,0,0,0,0.004759532,-0.00277515,0.002146913,0.0858278,0.01266802,-9.823129,-0.32676648,0.48209064,1.7344174,0.8122982,0,0.408,-0.848,210.06
00:58.0,0,100,0,0,0,0,0,0,0,0,0.019532886,-0.017089885,-0.002270546,0.089327815,0.02640956,-9.8013085,-0.34697882,0.43398276,1.5697756,0.7752168,0,0.412,-0.852,210.06
00:58.0,0,100,0,0,0,0,0,0,0,0,0.03430624,-0.03140462,-0.006688004,0.09282783,0.0401511,-9.779488,-0.36719116,0.38587488,1.4051338,0.7381354,0,0.416,-0.856,210.06
00:58.0,0,100,0,0,0,0,0,0,0,0,0.02214762,-0.019221334,-0.00674769,0.108155065,0.043783025,-9.8168645,-0.3874035,0.337767,1.240492,0.701054,0,0.42,-0.86,210.06
00:58.1,0,100,0,0,0,0,0,0,0,0,0.009989,-0.007038047,-0.006807376,0.1234823,0.04741495,-9.854241,-0.35933078,0.3683181,1.4918162,0.7198593,0,0.422,-0.864,210.052
00:58.1,0,100,0,0,0,0,0,0,0,0,0.03056697,-0.023291028,-0.002449149,0.10487554,0.056041935,-9.8265705,-0.33125806,0.3988692,1.7431404,0.7386646,0,0.424,-0.868,210.044
00:58.1,0,100,0,0,0,0,0,0,0,0,0.05114494,-0.03954401,0.001909078,0.08626878,0.06466892,-9.7989,-0.30318534,0.4294203,1.9944646,0.7574699,0,0.426,-0.872,210.036
00:58.1,0,100,0,0,0,0,0,0,0,0,0.05414571,-0.03615022,0.008306474,0.084064595,0.05806632,-9.806272,-0.27511262,0.4599714,2.2457888,0.7762752,0,0.428,-0.876,210.028
00:58.1,0,100,0,0,0,0,0,0,0,0,0.05714648,-0.03275643,0.01470387,0.08186041,0.05146372,-9.813644,-0.2470399,0.4905225,2.497113,0.7950805,0,0.43,-0.88,210.02
00:58.2,0,100,0,0,0,0,0,0,0,0,0.049189705,-0.0281078,0.01552554,0.089324695,0.04072328,-9.815094,-0.24142536,0.50545808,2.5919808,0.83193328,0,0.428,-0.878,210.022
00:58.2,0,100,0,0,0,0,0,0,0,0,0.04123293,-0.02345917,0.01634721,0.09678898,0.02998284,-9.816544,-0.23581082,0.52039366,2.6868486,0.86878606,0,0.426,-0.876,210.024
00:58.2,0,100,0,0,0,0,0,0,0,0,0.01357604,-0.02404338,0.01096787,0.087106345,0.0223712,-9.814736,-0.23019628,0.53532924,2.7817164,0.90563884,0,0.424,-0.874,210.026
00:58.2,0,100,0,0,0,0,0,0,0,0,-0.01408085,-0.02462759,0.005588529,0.07742371,0.01475956,-9.812928,-0.22458174,0.55026482,2.8765842,0.94249162,0,0.422,-0.872,210.028
00:58.2,0,100,0,0,0,0,0,0,0,0,0.00506987,-0.02461587,0.003290094,0.092907105,0.023771125,-9.8068235,-0.2189672,0.5652004,2.971452,0.9793444,0,0.42,-0.87,210.03
00:58.3,0,100,0,0,0,0,0,0,0,0,0.02422059,-0.02460415,0.00099166,0.1083905,0.03278269,-9.800719,-0.22458174,0.59578712,3.0158056,0.98783252,0,0.42,-0.87,210.024
00:58.3,0,100,0,0,0,0,0,0,0,0,0.02488826,-0.02286638,-0.001157899,0.12488015,0.04625757,-9.7881295,-0.23019628,0.62637384,3.0601592,0.99632064,0,0.42,-0.87,210.018
00:58.3,0,100,0,0,0,0,0,0,0,0,0.02555593,-0.02112861,-0.003307457,0.1413698,0.05973245,-9.77554,-0.23581082,0.65696056,3.1045128,1.00480876,0,0.42,-0.87,210.012
00:58.3,0,100,0,0,0,0,0,0,0,0,0.042074265,-0.02770029,-0.002136738,0.1247711,0.050061355,-9.769425,-0.24142536,0.68754728,3.1488664,1.01329688,0,0.42,-0.87,210.006
00:58.3,0,100,0,0,0,0,0,0,0,0,0.0585926,-0.03427197,-0.000966019,0.1081724,0.04039026,-9.76331,-0.2470399,0.718134,3.19322,1.021785,0,0.42,-0.87,210
00:58.4,0,100,0,0,0,0,0,0,0,0,0.05225443,-0.032186205,0.00111959,0.102770835,0.05202321,-9.7680665,-0.22795046,0.69413404,3.0487244,1.00533642,0,0.42,-0.872,209.998
00:58.4,0,100,0,0,0,0,0,0,0,0,0.04591626,-0.03010044,0.003205199,0.09736927,0.06365616,-9.772823,-0.20886102,0.67013408,2.9042288,0.98888784,0,0.42,-0.874,209.996
00:58.4,0,100,0,0,0,0,0,0,0,0,0.0444601,-0.02612502,0.005015231,0.098748685,0.061346975,-9.771426,-0.18977158,0.64613412,2.7597332,0.97243926,0,0.42,-0.876,209.994
00:58.4,0,100,0,0,0,0,0,0,0,0,0.04300394,-0.0221496,0.006825262,0.1001281,0.05903779,-9.770029,-0.17068214,0.62213416,2.6152376,0.95599068,0,0.42,-0.878,209.992
00:58.4,0,100,0,0,0,0,0,0,0,0,0.027991075,-0.01707464,0.004574109,0.089911825,0.05185272,-9.777578,-0.1515927,0.5981342,2.470742,0.9395421,0,0.42,-0.88,209.99
00:58.5,0,100,0,0,0,0,0,0,0,0,0.01297821,-0.01199968,0.002322955,0.07969555,0.04466765,-9.785127,-0.17966542,0.55692628,2.2323482,0.92956512,0,0.42,-0.882,209.986
00:58.5,0,100,0,0,0,0,0,0,0,0,0.010965757,-0.013305765,-0.000340016,0.088851265,0.049969085,-9.7838525,-0.20773814,0.51571836,1.9939544,0.91958814,0,0.42,-0.884,209.982
00:58.5,0,100,0,0,0,0,0,0,0,0,0.008953304,-0.01461185,-0.003002986,0.09800698,0.05527052,-9.782578,-0.23581086,0.47451044,1.7555606,0.90961116,0,0.42,-0.886,209.978
00:58.5,0,100,0,0,0,0,0,0,0,0,0.013346002,-0.008518178,-0.004582107,0.094218805,0.042965635,-9.7970535,-0.26388358,0.43330252,1.5171668,0.89963418,0,0.42,-0.888,209.974
00:58.5,0,100,0,0,0,0,0,0,0,0,0.0177387,-0.002424506,-0.006161228,0.09043063,0.03066075,-9.811529,-0.2919563,0.3920946,1.278773,0.8896572,0,0.42,-0.89,209.97
00:58.6,0,100,0,0,0,0,0,0,0,0,0.006581015,0.000144508,-0.006649303,0.08791136,0.05307811,-9.832529,-0.28072722,0.38792966,1.19948884,0.88520734,0,0.42,-0.892,209.962
00:58.6,0,100,0,0,0,0,0,0,0,0,-0.00457667,0.002713521,-0.007137377,0.08539209,0.07549547,-9.853529,-0.26949814,0.38376472,1.12020468,0.88075748,0,0.42,-0.894,209.954
00:58.6,0,100,0,0,0,0,0,0,0,0,-0.002256675,-0.001587625,-0.00294762,0.111261245,0.05382961,-9.8452225,-0.25826906,0.37959978,1.04092052,0.87630762,0,0.42,-0.896,209.946
00:58.6,0,100,0,0,0,0,0,0,0,0,6.33E-05,-0.005888771,0.001242138,0.1371304,0.03216375,-9.836916,-0.24703998,0.37543484,0.96163636,0.87185776,0,0.42,-0.898,209.938
00:58.6,0,100,0,0,0,0,0,0,0,0,0.000742692,-0.006339012,0.001718169,0.09625624,0.03732849,-9.838597,-0.2358109,0.3712699,0.8823522,0.8674079,0,0.42,-0.9,209.93
00:58.7,0,100,0,0,0,0,0,0,0,0,0.001422064,-0.006789254,0.0021942,0.05538208,0.04249323,-9.840278,-0.26612942,0.36894156,0.91145836,0.84695056,0,0.418,-0.9,209.924
00:58.7,0,100,0,0,0,0,0,0,0,0,0.004336571,-0.009524582,3.98E-05,0.08010569,0.028894285,-9.833475,-0.29644794,0.36661322,0.94056452,0.82649322,0,0.416,-0.9,209.918
00:58.7,0,100,0,0,0,0,0,0,0,0,0.007251077,-0.01225991,-0.002114509,0.1048293,0.01529534,-9.826672,-0.32676646,0.36428488,0.96967068,0.80603588,0,0.414,-0.9,209.912
00:58.7,0,100,0,0,0,0,0,0,0,0,-0.00036316,-0.01508511,-0.000952597,0.086616035,0.03117271,-9.8255145,-0.35708498,0.36195654,0.99877684,0.78557854,0,0.412,-0.9,209.906
00:58.7,0,100,0,0,0,0,0,0,0,0,-0.007977397,-0.01791031,0.000209314,0.06840277,0.04705008,-9.824357,-0.3874035,0.3596282,1.027883,0.7651212,0,0.41,-0.9,209.9
00:58.8,0,100,0,0,0,0,0,0,0,0,-0.000787988,-0.02439768,0.000403935,0.087096135,0.036965265,-9.8172525,-0.3604537,0.36611868,1.079511,0.7587607,0,0.414,-0.902,209.894
00:58.8,0,100,0,0,0,0,0,0,0,0,0.006401421,-0.03088505,0.000598555,0.1057895,0.02688045,-9.810148,-0.3335039,0.37260916,1.131139,0.7524002,0,0.418,-0.904,209.888
00:58.8,0,100,0,0,0,0,0,0,0,0,0.012246996,-0.0275105,-0.000129262,0.098468105,0.025790725,-9.8108905,-0.3065541,0.37909964,1.182767,0.7460397,0,0.422,-0.906,209.882
00:58.8,0,100,0,0,0,0,0,0,0,0,0.01809257,-0.02413595,-0.000857079,0.09114671,0.024701,-9.811633,-0.2796043,0.38559012,1.234395,0.7396792,0,0.426,-0.908,209.876
00:58.8,0,100,0,0,0,0,0,0,0,0,0.01592593,-0.029708605,0.002265844,0.09437392,0.02616514,-9.8025095,-0.2526545,0.3920806,1.286023,0.7333187,0,0.43,-0.91,209.87
00:58.9,0,100,0,0,0,0,0,0,0,0,0.01375929,-0.03528126,0.005388767,0.09760113,0.02762928,-9.793386,-0.2537774,0.42256298,1.2715532,0.75840202,0,0.426,-0.912,209.872
00:58.9,0,100,0,0,0,0,0,0,0,0,0.007907602,-0.02751324,0.005988255,0.117712465,0.04857674,-9.788565,-0.2549003,0.45304536,1.2570834,0.78348534,0,0.422,-0.914,209.874
00:58.9,0,100,0,0,0,0,0,0,0,0,0.002055913,-0.01974522,0.006587743,0.1378238,0.0695242,-9.783744,-0.2560232,0.48352774,1.2426136,0.80856866,0,0.418,-0.916,209.876
00:58.9,0,100,0,0,0,0,0,0,0,0,0.011809747,-0.02681766,0.004999773,0.11881855,0.06167744,-9.7753805,-0.2571461,0.51401012,1.2281438,0.83365198,0,0.414,-0.918,209.878
00:58.9,0,100,0,0,0,0,0,0,0,0,0.02156358,-0.0338901,0.003411803,0.0998133,0.05383068,-9.767017,-0.258269,0.5444925,1.213674,0.8587353,0,0.41,-0.92,209.88
00:59.0,0,100,0,0,0,0,0,0,0,0,0.020238925,-0.027213285,0.001228145,0.096040625,0.042063735,-9.769837,-0.24254828,0.56531342,1.2263614,0.8827507,0,0.414,-0.92,209.868
00:59.0,0,100,0,0,0,0,0,0,0,0,0.01891427,-0.02053647,-0.000955513,0.09226795,0.03029679,-9.772657,-0.22682756,0.58613434,1.2390488,0.9067661,0,0.418,-0.92,209.856
00:59.0,0,100,0,0,0,0,0,0,0,0,0.01981802,-0.019629975,-0.000398234,0.102363725,0.04452807,-9.762962,-0.21110684,0.60695526,1.2517362,0.9307815,0,0.422,-0.92,209.844
00:59.0,0,100,0,0,0,0,0,0,0,0,0.02072177,-0.01872348,0.000159045,0.1124595,0.05875935,-9.753267,-0.19538612,0.62777618,1.2644236,0.9547969,0,0.426,-0.92,209.832
00:59.0,0,100,0,0,0,0,0,0,0,0,0.021246995,-0.01572737,0.002434382,0.100344485,0.058235585,-9.7584345,-0.1796654,0.6485971,1.277111,0.9788123,0,0.43,-0.92,209.82
00:59.1,0,100,0,0,0,0,0,0,0,0,0.02177222,-0.01273126,0.004709718,0.08822947,0.05771182,-9.763602,-0.16282177,0.59097216,1.18905134,0.98755284,0,0.43,-0.922,209.822
00:59.1,0,100,0,0,0,0,0,0,0,0,0.02228794,-0.00987834,0.005665475,0.088452375,0.056979265,-9.766805,-0.14597814,0.53334722,1.10099168,0.99629338,0,0.43,-0.924,209.824
00:59.1,0,100,0,0,0,0,0,0,0,0,0.02280366,-0.00702542,0.006621231,0.08867528,0.05624671,-9.770008,-0.12913451,0.47572228,1.01293202,1.00503392,0,0.43,-0.926,209.826
00:59.1,0,100,0,0,0,0,0,0,0,0,0.02045345,-0.002473637,0.003917584,0.09894254,0.057974475,-9.7831185,-0.11229088,0.41809734,0.92487236,1.01377446,0,0.43,-0.928,209.828
00:59.1,0,100,0,0,0,0,0,0,0,0,0.01810324,0.002078146,0.001213936,0.1092098,0.05970224,-9.796229,-0.09544725,0.3604724,0.8368127,1.022515,0,0.43,-0.93,209.83
00:59.2,0,100,0,0,0,0,0,0,0,0,0.015993255,0.00242167,-0.003273584,0.11705075,0.05805547,-9.8110495,-0.12913452,0.3487013,0.80940808,0.96691832,0,0.43,-0.93,209.822
00:59.2,0,100,0,0,0,0,0,0,0,0,0.01388327,0.002765195,-0.007761104,0.1248917,0.0564087,-9.82587,-0.16282179,0.3369302,0.78200346,0.91132164,0,0.43,-0.93,209.814
00:59.2,0,100,0,0,0,0,0,0,0,0,0.004941005,0.001538549,-0.004897428,0.11247675,0.04624287,-9.8035755,-0.19650906,0.3251591,0.75459884,0.85572496,0,0.43,-0.93,209.806
00:59.2,0,100,0,0,0,0,0,0,0,0,-0.00400126,0.000311903,-0.002033752,0.1000618,0.03607704,-9.781281,-0.23019633,0.313388,0.72719422,0.80012828,0,0.43,-0.93,209.798
00:59.2,0,100,0,0,0,0,0,0,0,0,0.006054985,-0.001708289,-0.002664098,0.09701446,0.041976925,-9.7913205,-0.2638836,0.3016169,0.6997896,0.7445316,0,0.43,-0.93,209.79
00:59.3,0,100,0,0,0,0,0,0,0,0,0.01611123,-0.003728481,-0.003294443,0.09396712,0.04787681,-9.80136,-0.23244214,0.28126738,0.65330254,0.69567004,0,0.432,-0.932,209.788
00:59.3,0,100,0,0,0,0,0,0,0,0,0.010499603,-0.001377366,0.000231624,0.08770309,0.0466492,-9.8006365,-0.20100068,0.26091786,0.60681548,0.64680848,0,0.434,-0.934,209.786
00:59.3,0,100,0,0,0,0,0,0,0,0,0.004887976,0.000973749,0.003757691,0.08143906,0.04542159,-9.799913,-0.16955922,0.24056834,0.56032842,0.59794692,0,0.436,-0.936,209.784
00:59.3,0,100,0,0,0,0,0,0,0,0,0.010290593,-0.00214068,0.002716401,0.083492105,0.04139894,-9.806024,-0.13811776,0.22021882,0.51384136,0.54908536,0,0.438,-0.938,209.782
00:59.3,0,100,0,0,0,0,0,0,0,0,0.01569321,-0.005255108,0.001675111,0.08554515,0.03737629,-9.812135,-0.1066763,0.1998693,0.4673543,0.5002238,0,0.44,-0.94,209.78
00:59.4,0,100,0,0,0,0,0,0,0,0,0.009794563,-0.015141134,0.003242186,0.0922736,0.034980015,-9.803519,-0.14710102,0.19665144,0.4402048,0.47100624,0,0.44,-0.94,209.776
00:59.4,0,100,0,0,0,0,0,0,0,0,0.003895916,-0.02502716,0.004809261,0.09900205,0.03258374,-9.794903,-0.18752574,0.19343358,0.4130553,0.44178868,0,0.44,-0.94,209.772
00:59.4,0,100,0,0,0,0,0,0,0,0,0.001745882,-0.018881945,0.003669909,0.09273922,0.027287725,-9.792856,-0.22795046,0.19021572,0.3859058,0.41257112,0,0.44,-0.94,209.768
00:59.4,0,100,0,0,0,0,0,0,0,0,-0.000404152,-0.01273673,0.002530556,0.08647639,0.02199171,-9.790809,-0.26837518,0.18699786,0.3587563,0.38335356,0,0.44,-0.94,209.764
00:59.4,0,100,0,0,0,0,0,0,0,0,-0.003373414,-0.007323767,0.000114809,0.093983345,0.02388249,-9.786933,-0.3087999,0.18378,0.3316068,0.354136,0,0.44,-0.94,209.76
00:59.5,0,100,0,0,0,0,0,0,0,0,-0.006342676,-0.001910803,-0.002300939,0.1014903,0.02577327,-9.783057,-0.31329154,0.20144596,0.35433526,0.35315436,0,0.44,-0.942,209.754
00:59.5,0,100,0,0,0,0,0,0,0,0,0.00017911,-0.010438541,-0.000628503,0.10069927,0.030453785,-9.788604,-0.31778318,0.21911192,0.37706372,0.35217272,0,0.44,-0.944,209.748
00:59.5,0,100,0,0,0,0,0,0,0,0,0.006700897,-0.01896628,0.001043934,0.09990824,0.0351343,-9.794151,-0.32227482,0.23677788,0.39979218,0.35119108,0,0.44,-0.946,209.742
00:59.5,0,100,0,0,0,0,0,0,0,0,0.007552348,-0.02112913,0.001203285,0.11514312,0.019669634,-9.7906315,-0.32676646,0.25444384,0.42252064,0.35020944,0,0.44,-0.948,209.736
00:59.5,0,100,0,0,0,0,0,0,0,0,0.008403799,-0.02329198,0.001362636,0.130378,0.004204968,-9.787112,-0.3312581,0.2721098,0.4452491,0.3492278,0,0.44,-0.95,209.73
00:59.6,0,100,0,0,0,0,0,0,0,0,0.01182483,-0.015185153,0.000468789,0.113926815,0.025556179,-9.801979,-0.30992284,0.2445107,0.40238236,0.32658276,0,0.442,-0.954,209.724
00:59.6,0,100,0,0,0,0,0,0,0,0,0.01524586,-0.007078326,-0.000425058,0.09747563,0.04690739,-9.816846,-0.28858758,0.2169116,0.35951562,0.30393772,0,0.444,-0.958,209.718
00:59.6,0,100,0,0,0,0,0,0,0,0,0.010074889,-0.010274148,-0.001192534,0.0566824,0.05183654,-9.813338,-0.26725232,0.1893125,0.31664888,0.28129268,0,0.446,-0.962,209.712
00:59.6,0,100,0,0,0,0,0,0,0,0,0.004903918,-0.01346997,-0.001960009,0.01588917,0.05676569,-9.80983,-0.24591706,0.1617134,0.27378214,0.25864764,0,0.448,-0.966,209.706
00:59.6,0,100,0,0,0,0,0,0,0,0,0.010430044,-0.010665875,-0.000388778,0.052248755,0.031320435,-9.8060495,-0.2245818,0.1341143,0.2309154,0.2360026,0,0.45,-0.97,209.7
00:59.7,0,100,0,0,0,0,0,0,0,0,0.01595617,-0.00786178,0.001182452,0.08860834,0.00587518,-9.802269,-0.20324652,0.1316415,0.23570594,0.23542132,0,0.452,-0.97,209.698
00:59.7,0,100,0,0,0,0,0,0,0,0,0.006563778,-0.007654826,0.002133055,0.08384583,0.03684471,-9.79933,-0.18191124,0.1291687,0.24049648,0.23484004,0,0.454,-0.97,209.696
00:59.7,0,100,0,0,0,0,0,0,0,0,-0.002828613,-0.007447872,0.003083657,0.07908332,0.06781424,-9.796391,-0.16057596,0.1266959,0.24528702,0.23425876,0,0.456,-0.97,209.694
00:59.7,0,100,0,0,0,0,0,0,0,0,0.003702408,-0.007631361,0.00310635,0.09193286,0.042100405,-9.801758,-0.13924068,0.1242231,0.25007756,0.23367748,0,0.458,-0.97,209.692
00:59.7,0,100,0,0,0,0,0,0,0,0,0.01023343,-0.007814849,0.003129042,0.1047824,0.01638657,-9.807125,-0.1179054,0.1217503,0.2548681,0.2330962,0,0.46,-0.97,209.69
00:59.8,0,100,0,0,0,0,0,0,0,0,0.008423806,-0.01166937,0.001843009,0.088770585,0.029767955,-9.8012435,-0.13474904,0.116050868,0.24199672,0.22262272,0,0.46,-0.97,209.684
00:59.8,0,100,0,0,0,0,0,0,0,0,0.006614182,-0.01552389,0.000556976,0.07275877,0.04314934,-9.795362,-0.15159268,0.110351436,0.22912534,0.21214924,0,0.46,-0.97,209.678
00:59.8,0,100,0,0,0,0,0,0,0,0,0.008804946,-0.013406985,-0.000220875,0.08263987,0.030442605,-9.796145,-0.16843632,0.104652004,0.21625396,0.20167576,0,0.46,-0.97,209.672
00:59.8,0,100,0,0,0,0,0,0,0,0,0.01099571,-0.01129008,-0.000998726,0.09252097,0.01773587,-9.796928,-0.18527996,0.098952572,0.20338258,0.19120228,0,0.46,-0.97,209.666
00:59.8,0,100,0,0,0,0,0,0,0,0,0.008824883,-0.01220386,-0.000562959,0.08755705,0.036124095,-9.797205,-0.2021236,0.09325314,0.1905112,0.1807288,0,0.46,-0.97,209.66
00:59.9,0,100,0,0,0,0,0,0,0,0,0.006654055,-0.01311764,-0.000127193,0.08259313,0.05451232,-9.797482,-0.20773814,0.092374338,0.20320238,0.17778754,0,0.46,-0.968,209.658
00:59.9,0,100,0,0,0,0,0,0,0,0,0.009296033,-0.011134861,0.002219744,0.082342165,0.03834608,-9.7993585,-0.21335268,0.091495536,0.21589356,0.17484628,0,0.46,-0.966,209.656
00:59.9,0,100,0,0,0,0,0,0,0,0,0.01193801,-0.009152082,0.004566682,0.0820912,0.02217984,-9.801235,-0.21896722,0.090616734,0.22858474,0.17190502,0,0.46,-0.964,209.654
00:59.9,0,100,0,0,0,0,0,0,0,0,0.004602771,-0.003875181,0.001999906,0.088750955,0.036016255,-9.798121,-0.22458176,0.089737932,0.24127592,0.16896376,0,0.46,-0.962,209.652
00:59.9,0,100,0,0,0,0,0,0,0,0,-0.002732468,0.00140172,-0.00056687,0.09541071,0.04985267,-9.795007,-0.2301963,0.08885913,0.2539671,0.1660225,0,0.46,-0.96,209.65
01:00.0,0,100,0,0,0,0,0,0,0,0,0.005874566,-0.00548711,0.001809037,0.090036255,0.04025843,-9.7975845,-0.195386128,0.161591404,0.3422982,0.22452666,0,0.458,-0.96,209.648
01:00.0,0,100,0,0,0,0,0,0,0,0,0.0144816,-0.01237594,0.004184944,0.0846618,0.03066419,-9.800162,-0.160575956,0.234323678,0.4306293,0.28303082,0,0.456,-0.96,209.646
01:00.0,0,100,0,0,0,0,0,0,0,0,0.015540215,-0.01531726,0.002206684,0.085003265,0.034282065,-9.798384,-0.125765784,0.307055952,0.5189604,0.34153498,0,0.454,-0.96,209.644
01:00.0,0,100,0,0,0,0,0,0,0,0,0.01659883,-0.01825858,0.000228424,0.08534473,0.03789994,-9.796606,-0.090955612,0.379788226,0.6072915,0.40003914,0,0.452,-0.96,209.642
01:00.0,0,100,0,0,0,0,0,0,0,0,0.007393509,-0.011652975,0.000104365,0.079792385,0.032008345,-9.7982775,-0.05614544,0.4525205,0.6956226,0.4585433,0,0.45,-0.96,209.64
01:00.1,0,100,0,0,0,0,0,0,0,0,-0.001811813,-0.005047369,-1.97E-05,0.07424004,0.02611675,-9.799949,-0.101061792,0.4745235,0.76744048,0.59003204,0,0.45,-0.956,209.634
01:00.1,0,100,0,0,0,0,0,0,0,0,0.020226809,-0.013995,0.000803945,0.08214243,0.04065148,-9.789229,-0.145978144,0.4965265,0.83925836,0.72152078,0,0.45,-0.952,209.628
01:00.1,0,100,0,0,0,0,0,0,0,0,0.04226543,-0.02294263,0.001627584,0.09004482,0.05518621,-9.778509,-0.190894496,0.5185295,0.91107624,0.85300952,0,0.45,-0.948,209.622
01:00.1,0,100,0,0,0,0,0,0,0,0,0.031733145,-0.021134545,-0.001392383,0.0803386,0.049093375,-9.787121,-0.235810848,0.5405325,0.98289412,0.98449826,0,0.45,-0.944,209.616
01:00.1,0,100,0,0,0,0,0,0,0,0,0.02120086,-0.01932646,-0.004412349,0.07063238,0.04300054,-9.795733,-0.2807272,0.5625355,1.054712,1.115987,0,0.45,-0.94,209.61
01:00.2,0,100,0,0,0,0,0,0,0,0,0.007308654,-0.015171495,0.003959346,0.08253016,0.0344159,-9.797469,-0.26388356,0.53268152,1.0440462,1.08436398,0,0.446,-0.936,209.61
01:00.2,0,100,0,0,0,0,0,0,0,0,-0.006583552,-0.01101653,0.01233104,0.09442794,0.02583126,-9.799205,-0.24703992,0.50282754,1.0333804,1.05274096,0,0.442,-0.932,209.61
01:00.2,0,100,0,0,0,0,0,0,0,0,0.002392669,-0.009081324,0.007305403,0.085073605,0.056174865,-9.799088,-0.23019628,0.47297356,1.0227146,1.02111794,0,0.438,-0.928,209.61
01:00.2,0,100,0,0,0,0,0,0,0,0,0.01136889,-0.007146117,0.002279766,0.07571927,0.08651847,-9.798971,-0.21335264,0.44311958,1.0120488,0.98949492,0,0.434,-0.924,209.61
01:00.2,0,100,0,0,0,0,0,0,0,0,0.008738973,-0.011140014,0.00044356,0.086645625,0.048674775,-9.798092,-0.196509,0.4132656,1.001383,0.9578719,0,0.43,-0.92,209.61
01:00.3,0,100,0,0,0,0,0,0,0,0,0.006109055,-0.01513391,-0.001392646,0.09757198,0.01083108,-9.797213,-0.1819112,0.38902074,0.9754867,0.90355222,0,0.428,-0.912,209.604
01:00.3,0,100,0,0,0,0,0,0,0,0,0.000955142,-0.010640773,0.000988168,0.07865519,0.029064795,-9.7977295,-0.1673134,0.36477588,0.9495904,0.84923254,0,0.426,-0.904,209.598
01:00.3,0,100,0,0,0,0,0,0,0,0,-0.004198772,-0.006147635,0.003368981,0.0597384,0.04729851,-9.798246,-0.1527156,0.34053102,0.9236941,0.79491286,0,0.424,-0.896,209.592
01:00.3,0,100,0,0,0,0,0,0,0,0,0.007786789,-0.007921094,0.001795871,0.08118545,0.03760338,-9.795522,-0.1381178,0.31628616,0.8977978,0.74059318,0,0.422,-0.888,209.586
01:00.3,0,100,0,0,0,0,0,0,0,0,0.01977235,-0.009694553,0.000222761,0.1026325,0.02790825,-9.792798,-0.12352,0.2920413,0.8719015,0.6862735,0,0.42,-0.88,209.58
01:00.4,0,100,0,0,0,0,0,0,0,0,0.006943404,-0.013588962,0.003458706,0.084330375,0.03285885,-9.794719,-0.135872,0.29713308,0.9715208,0.65720818,0,0.414,-0.872,209.578
01:00.4,0,100,0,0,0,0,0,0,0,0,-0.005885543,-0.01748337,0.006694652,0.06602825,0.03780945,-9.79664,-0.148224,0.30222486,1.0711401,0.62814286,0,0.408,-0.864,209.576
01:00.4,0,100,0,0,0,0,0,0,0,0,0.013615239,-0.011749375,0.006022319,0.075634575,0.039142385,-9.794728,-0.160576,0.30731664,1.1707594,0.59907754,0,0.402,-0.856,209.574
01:00.4,0,100,0,0,0,0,0,0,0,0,0.03311602,-0.006015379,0.005349985,0.0852409,0.04047532,-9.792816,-0.172928,0.31240842,1.2703787,0.57001222,0,0.396,-0.848,209.572
01:00.4,0,100,0,0,0,0,0,0,0,0,0.02478737,-0.002414807,-0.000252716,0.08788815,0.07650381,-9.794624,-0.18528,0.3175002,1.369998,0.5409469,0,0.39,-0.84,209.57
01:00.5,0,100,0,0,0,0,0,0,0,0,0.01645872,0.001185765,-0.005855418,0.0905354,0.1125323,-9.796432,-0.18977162,0.32047116,1.3849416,0.54921174,0,0.386,-0.828,209.566
01:00.5,0,100,0,0,0,0,0,0,0,0,0.006317811,-0.004969863,-0.003027256,0.084577285,0.07101282,-9.795005,-0.19426324,0.32344212,1.3998852,0.55747658,0,0.382,-0.816,209.562
01:00.5,0,100,0,0,0,0,0,0,0,0,-0.003823099,-0.01112549,-0.000199095,0.07861917,0.02949334,-9.793578,-0.19875486,0.32641308,1.4148288,0.56574142,0,0.378,-0.804,209.558
01:00.5,0,100,0,0,0,0,0,0,0,0,0.009225321,-0.007746788,0.001581832,0.078877415,0.030035155,-9.7989005,-0.20324648,0.32938404,1.4297724,0.57400626,0,0.374,-0.792,209.554
01:00.5,0,100,0,0,0,0,0,0,0,0,0.02227374,-0.004368086,0.003362758,0.07913566,0.03057697,-9.804223,-0.2077381,0.332355,1.444716,0.5822711,0,0.37,-0.78,209.55
01:00.6,0,100,0,0,0,0,0,0,0,0,0.019529565,-0.009056353,0.001382422,0.08448435,0.0399401,-9.7998255,-0.21447556,0.336444,1.4153248,0.5676956,0,0.366,-0.766,209.548
01:00.6,0,100,0,0,0,0,0,0,0,0,0.01678539,-0.01374462,-0.000597915,0.08983304,0.04930323,-9.795428,-0.22121302,0.340533,1.3859336,0.5531201,0,0.362,-0.752,209.546
01:00.6,0,100,0,0,0,0,0,0,0,0,0.003222235,-0.01242958,0.005594313,0.08541932,0.03674434,-9.79678,-0.22795048,0.344622,1.3565424,0.5385446,0,0.358,-0.738,209.544
01:00.6,0,100,0,0,0,0,0,0,0,0,-0.01034092,-0.01111454,0.01178654,0.0810056,0.02418545,-9.798132,-0.23468794,0.348711,1.3271512,0.5239691,0,0.354,-0.724,209.542
01:00.6,0,100,0,0,0,0,0,0,0,0,0.015715475,-0.014396065,0.010499942,0.07896299,0.045270705,-9.793453,-0.2414254,0.3528,1.29776,0.5093936,0,0.35,-0.71,209.54
01:00.7,0,100,0,0,0,0,0,0,0,0,0.04177187,-0.01767759,0.009213344,0.07692038,0.06635596,-9.788774,-0.22345886,0.38826342,1.4987826,0.54529412,0,0.338,-0.696,209.538
01:00.7,0,100,0,0,0,0,0,0,0,0,0.0171378,-0.002835575,0.003384786,0.15058909,0.082192695,-9.795741,-0.20549232,0.42372684,1.6998052,0.58119464,0,0.326,-0.682,209.536
01:00.7,0,100,0,0,0,0,0,0,0,0,-0.00749627,0.01200644,-0.002443772,0.2242578,0.09802943,-9.802708,-0.18752578,0.45919026,1.9008278,0.61709516,0,0.314,-0.668,209.534
01:00.7,0,100,0,0,0,0,0,0,0,0,-0.019588615,0.000177085,0.000190894,0.17315955,0.125015865,-9.794536,-0.16955924,0.49465368,2.1018504,0.65299568,0,0.302,-0.654,209.532
01:00.7,0,100,0,0,0,0,0,0,0,0,-0.03168096,-0.01165227,0.002825559,0.1220613,0.1520023,-9.786364,-0.1515927,0.5301171,2.302873,0.6888962,0,0.29,-0.64,209.53
01:00.8,0,100,0,0,0,0,0,0,0,0,0.000994225,-0.009230163,0.004627843,0.09845212,0.092840625,-9.7948575,-0.14710106,0.51281558,2.2484246,0.66937502,0,0.286,-0.624,209.52
01:00.8,0,100,0,0,0,0,0,0,0,0,0.03366941,-0.006808055,0.006430126,0.07484294,0.03367895,-9.803351,-0.14260942,0.49551406,2.1939762,0.64985384,0,0.282,-0.608,209.51
01:00.8,0,100,0,0,0,0,0,0,0,0,0.024975315,-0.006321314,-0.003812972,0.08338634,0.03658671,-9.801486,-0.13811778,0.47821254,2.1395278,0.63033266,0,0.278,-0.592,209.5
01:00.8,0,100,0,0,0,0,0,0,0,0,0.01628122,-0.005834573,-0.01405607,0.09192974,0.03949447,-9.799621,-0.13362614,0.46091102,2.0850794,0.61081148,0,0.274,-0.576,209.49
01:00.8,0,100,0,0,0,0,0,0,0,0,0.002986915,-0.010093057,-0.000767865,0.087911555,0.041537405,-9.796727,-0.1291345,0.4436095,2.030631,0.5912903,0,0.27,-0.56,209.48
01:00.9,0,100,0,0,0,0,0,0,0,0,-0.01030739,-0.01435154,0.01252034,0.08389337,0.04358034,-9.793833,-0.1403636,0.41921194,1.9227976,0.56203108,0,0.262,-0.542,209.49
01:00.9,0,100,0,0,0,0,0,0,0,0,0.00766882,-0.01632586,0.014797975,0.078425355,0.04527845,-9.792032,-0.1515927,0.39481438,1.8149642,0.53277186,0,0.254,-0.524,209.5
01:00.9,0,100,0,0,0,0,0,0,0,0,0.02564503,-0.01830018,0.01707561,0.07295734,0.04697656,-9.790231,-0.1628218,0.37041682,1.7071308,0.50351264,0,0.246,-0.506,209.51
01:00.9,0,100,0,0,0,0,0,0,0,0,0.012058468,-0.012436137,0.011957618,0.084011065,0.034702055,-9.7935995,-0.1740509,0.34601926,1.5992974,0.47425342,0,0.238,-0.488,209.52
01:00.9,0,100,0,0,0,0,0,0,0,0,-0.001528095,-0.006572094,0.006839625,0.09506479,0.02242755,-9.796968,-0.18528,0.3216217,1.491464,0.4449942,0,0.23,-0.47,209.53
01:01.0,0,100,0,0,0,0,0,0,0,0,-0.000368988,-0.009813452,0.002254043,0.090180895,0.025461545,-9.7933725,-0.15720727,0.31053698,1.422386,0.42841942,0,0.22,-0.452,209.516
01:01.0,0,100,0,0,0,0,0,0,0,0,0.000790118,-0.01305481,-0.00233154,0.085297,0.02849554,-9.789777,-0.12913454,0.29945226,1.353308,0.41184464,0,0.21,-0.434,209.502
01:01.0,0,100,0,0,0,0,0,0,0,0,0.005285056,-0.005468295,-0.00977952,0.081637635,0.014986459,-9.7959355,-0.10106181,0.28836754,1.28423,0.39526986,0,0.2,-0.416,209.488
01:01.0,0,100,0,0,0,0,0,0,0,0,0.009779993,0.002118221,-0.0172275,0.07797827,0.001477378,-9.802094,-0.07298908,0.27728282,1.215152,0.37869508,0,0.19,-0.398,209.474
01:01.0,0,100,0,0,0,0,0,0,0,0,0.005836872,-0.004220465,-0.013037694,0.085275365,0.023943574,-9.799547,-0.04491635,0.2661981,1.146074,0.3621203,0,0.18,-0.38,209.46
01:01.1,0,100,0,0,0,0,0,0,0,0,0.00189375,-0.01055915,-0.008847887,0.09257246,0.04640977,-9.797,-0.053899622,0.24318414,1.05129126,0.32962916,0,0.172,-0.362,209.46
01:01.1,0,100,0,0,0,0,0,0,0,0,0.003658054,-0.009827228,0.000300177,0.083941275,0.04878054,-9.797319,-0.062882894,0.22017018,0.95650852,0.29713802,0,0.164,-0.344,209.46
01:01.1,0,100,0,0,0,0,0,0,0,0,0.005422359,-0.009095305,0.00944824,0.07531009,0.05115131,-9.797638,-0.071866166,0.19715622,0.86172578,0.26464688,0,0.156,-0.326,209.46
01:01.1,0,100,0,0,0,0,0,0,0,0,0.00898985,-0.010721113,0.01283184,0.07884677,0.043979995,-9.7949595,-0.080849438,0.17414226,0.76694304,0.23215574,0,0.148,-0.308,209.46
01:01.1,0,100,0,0,0,0,0,0,0,0,0.01255734,-0.01234692,0.01621544,0.08238345,0.03680868,-9.792281,-0.08983271,0.1511283,0.6721603,0.1996646,0,0.14,-0.29,209.46
01:01.2,0,100,0,0,0,0,0,0,0,0,0.007625676,-0.011546035,0.011737527,0.08531082,0.034462615,-9.7952765,-0.120151248,0.1410006,0.62381826,0.18487426,0,0.132,-0.27,209.46
01:01.2,0,100,0,0,0,0,0,0,0,0,0.002694012,-0.01074515,0.007259614,0.08823819,0.03211655,-9.798272,-0.150469786,0.1308729,0.57547622,0.17008392,0,0.124,-0.25,209.46
01:01.2,0,100,0,0,0,0,0,0,0,0,0.007193261,-0.01117327,0.000984718,0.09068372,0.026084905,-9.797491,-0.180788324,0.1207452,0.52713418,0.15529358,0,0.116,-0.23,209.46
01:01.2,0,100,0,0,0,0,0,0,0,0,0.01169251,-0.01160139,-0.005290177,0.09312925,0.02005326,-9.79671,-0.211106862,0.1106175,0.47879214,0.14050324,0,0.108,-0.21,209.46
01:01.2,0,100,0,0,0,0,0,0,0,0,0.005992603,-0.006764442,-0.009911693,0.085288375,0.012280223,-9.801101,-0.2414254,0.1004898,0.4304501,0.1257129,0,0.1,-0.19,209.46
01:01.3,0,100,0,0,0,0,0,0,0,0,0.000292696,-0.001927493,-0.01453321,0.0774475,0.004507185,-9.805492,-0.24591704,0.09407502,0.39787958,0.11576762,0,0.092,-0.172,209.448
01:01.3,0,100,0,0,0,0,0,0,0,0,0.004257093,-0.006342026,-0.010041744,0.084576805,0.025235737,-9.802392,-0.25040868,0.08766024,0.36530906,0.10582234,0,0.084,-0.154,209.436
01:01.3,0,100,0,0,0,0,0,0,0,0,0.008221489,-0.01075656,-0.005550277,0.09170611,0.04596429,-9.799292,-0.25490032,0.08124546,0.33273854,0.09587706,0,0.076,-0.136,209.424
01:01.3,0,100,0,0,0,0,0,0,0,0,0.008192101,-0.01100748,0.001394046,0.083891725,0.047550705,-9.7989375,-0.25939196,0.07483068,0.30016802,0.08593178,0,0.068,-0.118,209.412
01:01.3,0,100,0,0,0,0,0,0,0,0,0.008162712,-0.0112584,0.008338368,0.07607734,0.04913712,-9.798583,-0.2638836,0.0684159,0.2675975,0.0759865,0,0.06,-0.1,209.4
01:01.4,0,100,0,0,0,0,0,0,0,0,0.008467997,-0.01120617,0.011802029,0.078132775,0.039548795,-9.7986855,-0.24816288,0.07867038,0.24911572,0.076033344,0,0.052,-0.082,209.412
01:01.4,0,100,0,0,0,0,0,0,0,0,0.008773282,-0.01115394,0.01526569,0.08018821,0.02996047,-9.798788,-0.23244216,0.08892486,0.23063394,0.076080188,0,0.044,-0.064,209.424
01:01.4,0,100,0,0,0,0,0,0,0,0,0.008195009,-0.01093981,0.012622615,0.08250771,0.032187425,-9.7999575,-0.21672144,0.09917934,0.21215216,0.076127032,0,0.036,-0.046,209.436
01:01.4,0,100,0,0,0,0,0,0,0,0,0.007616736,-0.01072568,0.009979539,0.08482721,0.03441438,-9.801127,-0.20100072,0.10943382,0.19367038,0.076173876,0,0.028,-0.028,209.448
01:01.4,0,100,0,0,0,0,0,0,0,0,0.007042735,-0.017176565,0.06725662,-0.0073288,-0.02210615,-9.796837,-0.18528,0.1196883,0.1751886,0.07622072,0,0.02,-0.01,209.46
01:01.5,0,100,0,0,0,0,0,0,0,0,0.006468734,-0.02362745,0.1245337,-0.09948481,-0.07862668,-9.792547,-0.16843636,0.18013152,0.25339686,0.129520756,0,-0.022,0.04,209.714
01:01.5,0,100,0,0,0,0,0,0,0,0,-0.015413043,0.02890801,0.21955925,-0.220745655,-0.20466989,-9.819586,-0.15159272,0.24057474,0.33160512,0.182820792,0,-0.064,0.09,209.968
01:01.5,0,100,0,0,0,0,0,0,0,0,-0.03729482,0.08144347,0.3145848,-0.3420065,-0.3307131,-9.846625,-0.13474908,0.30101796,0.40981338,0.236120828,0,-0.106,0.14,210.222
01:01.5,0,100,0,0,0,0,0,0,0,0,-0.037091205,0.05199399,0.2580723,-0.10978565,-0.0610358,-9.810517,-0.11790544,0.36146118,0.48802164,0.289420864,0,-0.148,0.19,210.476
01:01.5,0,100,0,0,0,0,0,0,0,0,-0.03688759,0.02254451,0.2015598,0.1224352,0.2086415,-9.774409,-0.1010618,0.4219044,0.5662299,0.3427209,0,-0.19,0.24,210.73
01:01.6,0,100,0,0,0,0,0,0,0,0,-0.00392189,0.015395602,0.06726318,0.41038925,0.21077855,-9.791146,-0.1381178,0.39972222,0.56636732,0.34983402,0,-0.21,0.288,210.582
01:01.6,0,100,0,0,0,0,0,0,0,0,0.02904381,0.008246693,-0.06703344,0.6983433,0.2129156,-9.807883,-0.1751738,0.37754004,0.56650474,0.35694714,0,-0.23,0.336,210.434
01:01.6,0,100,0,0,0,0,0,0,0,0,0.00241871,0.024241617,-0.18828437,0.57523515,0.20100305,-9.841374,-0.2122298,0.35535786,0.56664216,0.36406026,0,-0.25,0.384,210.286
01:01.6,0,100,0,0,0,0,0,0,0,0,-0.02420639,0.04023654,-0.3095353,0.452127,0.1890905,-9.874865,-0.2492858,0.33317568,0.56677958,0.37117338,0,-0.27,0.432,210.138
01:01.6,0,100,0,0,0,0,0,0,0,0,0.00101277,-0.00731425,-0.27586555,0.222552786,0.1600647,-9.801064,-0.2863418,0.3109935,0.566917,0.3782865,0,-0.29,0.48,209.99
01:01.7,0,100,0,0,0,0,0,0,0,0,0.02623193,-0.05486504,-0.2421958,-0.007021429,0.1310389,-9.727263,-0.26388362,0.31824718,0.53085464,0.36449954,0,-0.28,0.45,210.046
01:01.7,0,100,0,0,0,0,0,0,0,0,0.020612575,-0.073144655,-0.0279596,-0.079347964,0.1920334,-9.760725,-0.24142544,0.32550086,0.49479228,0.35071258,0,-0.27,0.42,210.102
01:01.7,0,100,0,0,0,0,0,0,0,0,0.01499322,-0.09142427,0.1862766,-0.1516745,0.2530279,-9.794187,-0.21896726,0.33275454,0.45872992,0.33692562,0,-0.26,0.39,210.158
01:01.7,0,100,0,0,0,0,0,0,0,0,0.01371483,-0.04466267,0.2379479,0.1234896,0.2803054,-9.812714,-0.19650908,0.34000822,0.42266756,0.32313866,0,-0.25,0.36,210.214
01:01.7,0,100,0,0,0,0,0,0,0,0,0.01243644,0.00209893,0.2896192,0.3986537,0.3075829,-9.831241,-0.1740509,0.3472619,0.3866052,0.3093517,0,-0.24,0.33,210.27
01:01.8,0,100,0,0,0,0,0,0,0,0,0.028312675,-0.02553501,0.107541885,0.5244405,0.2948408,-9.8025075,-0.18527998,0.34277258,0.37974654,0.32631348,0,-0.204,0.256,210.09
01:01.8,0,100,0,0,0,0,0,0,0,0,0.04418891,-0.05316895,-0.07453543,0.6502273,0.2820987,-9.773774,-0.19650906,0.33828326,0.37288788,0.34327526,0,-0.168,0.182,209.91
01:01.8,0,100,0,0,0,0,0,0,0,0,0.03796769,-0.088399125,-0.228755515,0.57230295,0.2499549,-9.73424,-0.20773814,0.33379394,0.36602922,0.36023704,0,-0.132,0.108,209.73
01:01.8,0,100,0,0,0,0,0,0,0,0,0.03174647,-0.1236293,-0.3829756,0.4943786,0.2178111,-9.694706,-0.21896722,0.32930462,0.35917056,0.37719882,0,-0.096,0.034,209.55
01:01.8,0,100,0,0,0,0,0,0,0,0,0.071408185,-0.19443525,-0.4477123,0.42339915,0.32881945,-9.691241,-0.2301963,0.3248153,0.3523119,0.3941606,0,-0.06,-0.04,209.37
01:01.9,0,100,0,0,0,0,0,0,0,0,0.1110699,-0.2652412,-0.512449,0.3524197,0.4398278,-9.687776,-0.22682758,0.37120334,0.39387566,0.49935994,0,-0.148,-0.268,208.694
01:01.9,0,100,0,0,0,0,0,0,0,0,0.01158837,-0.19736905,-0.55831485,0.4387857,0.46931285,-10.262978,-0.22345886,0.41759138,0.43543942,0.60455928,0,-0.236,-0.496,208.018
01:01.9,0,100,0,0,0,0,0,0,0,0,-0.08789316,-0.1294969,-0.6041807,0.5251517,0.4987979,-10.83818,-0.22009014,0.46397942,0.47700318,0.70975862,0,-0.324,-0.724,207.342
01:01.9,0,100,0,0,0,0,0,0,0,0,-0.17524488,-0.12886825,-0.6597627,0.49653645,0.41607975,-10.594135,-0.21672142,0.51036746,0.51856694,0.81495796,0,-0.412,-0.952,206.666
01:01.9,0,100,0,0,0,0,0,0,0,0,-0.2625966,-0.1282396,-0.7153447,0.4679212,0.3333616,-10.35009,-0.2133527,0.5567555,0.5601307,0.9201573,0,-0.5,-1.18,205.99
01:02.0,0,100,0,0,0,0,0,0,0,0,-0.2389012,-0.1326613,-0.65460885,0.0748801,0.4562207,-9.8256615,-0.20661524,0.54444418,0.55305176,0.890728,0,-0.778,-1.188,205.378
01:02.0,0,100,0,0,0,0,0,0,0,0,-0.2152058,-0.137083,-0.593873,-0.318161,0.5790798,-9.301233,-0.19987778,0.53213286,0.54597282,0.8612987,0,-1.056,-1.196,204.766
01:02.0,0,100,0,0,0,0,0,0,0,0,-0.2618715,-0.01439705,-0.4926897,-0.50453225,0.8412699,-9.7078015,-0.19314032,0.51982154,0.53889388,0.8318694,0,-1.334,-1.204,204.154
01:02.0,0,100,0,0,0,0,0,0,0,0,-0.3085372,0.1082889,-0.3915064,-0.6909035,1.10346,-10.11437,-0.18640286,0.50751022,0.53181494,0.8024401,0,-1.612,-1.212,203.542
01:02.0,0,100,0,0,0,0,0,0,0,0,-0.3156745,0.2743835,-0.3000179,-0.6808704,1.3858375,-10.230985,-0.1796654,0.4951989,0.524736,0.7730108,0,-1.89,-1.22,202.93
01:02.1,0,100,0,0,0,0,0,0,0,0,-0.3228118,0.4404781,-0.2085294,-0.6708373,1.668215,-10.3476,-0.20886104,0.50973678,0.50074814,0.72480606,0,-2.178,-0.812,202.49
01:02.1,0,100,0,0,0,0,0,0,0,0,-0.3139564,0.39102115,-0.2923034,-0.23149145,1.909993,-10.58698,-0.23805668,0.52427466,0.47676028,0.67660132,0,-2.466,-0.404,202.05
01:02.1,0,100,0,0,0,0,0,0,0,0,-0.305101,0.3415642,-0.3760774,0.2078544,2.151771,-10.82636,-0.26725232,0.53881254,0.45277242,0.62839658,0,-2.754,0.004,201.61
01:02.1,0,100,0,0,0,0,0,0,0,0,-0.10054475,0.3027497,-0.50378465,0.6302082,2.150927,-10.798445,-0.29644796,0.55335042,0.42878456,0.58019184,0,-3.042,0.412,201.17
01:02.1,0,100,0,0,0,0,0,0,0,0,0.1040115,0.2639352,-0.6314919,1.052562,2.150083,-10.77053,-0.3256436,0.5678883,0.4047967,0.5319871,0,-3.33,0.82,200.73
01:02.2,0,100,0,0,0,0,0,0,0,0,0.27558615,0.148430265,-0.66150965,1.1885135,1.9214615,-10.564065,-0.29869378,0.52740694,0.38206422,0.50303724,0,-2.726,0.702,199.958
01:02.2,0,100,0,0,0,0,0,0,0,0,0.4471608,0.03292533,-0.6915274,1.324465,1.69284,-10.3576,-0.27174396,0.48692558,0.35933174,0.47408738,0,-2.122,0.584,199.186
01:02.2,0,100,0,0,0,0,0,0,0,0,0.63293465,-0.160258385,-0.6730013,1.3739855,1.624952,-10.19353,-0.24479414,0.44644422,0.33659926,0.44513752,0,-1.518,0.466,198.414
01:02.2,0,100,0,0,0,0,0,0,0,0,0.8187085,-0.3534421,-0.6544752,1.423506,1.557064,-10.02946,-0.21784432,0.40596286,0.31386678,0.41618766,0,-0.914,0.348,197.642
01:02.2,0,100,0,0,0,0,0,0,0,0,0.8539853,-0.5032885,-0.6663806,1.412736,1.372429,-9.805363,-0.1908945,0.3654815,0.2911343,0.3872378,0,-0.31,0.23,196.87
01:02.3,0,100,0,0,0,0,0,0,0,0,0.8892621,-0.6531349,-0.678286,1.401966,1.187794,-9.581266,-0.20661522,0.36062234,0.29797538,0.36895418,0,0.646,-0.386,196.066
01:02.3,0,100,0,0,0,0,0,0,0,0,0.87109475,-0.6124149,-0.672803,0.93161655,1.0276339,-9.449728,-0.22233594,0.35576318,0.30481646,0.35067056,0,1.602,-1.002,195.262
01:02.3,0,100,0,0,0,0,0,0,0,0,0.8529274,-0.5716949,-0.66732,0.4612671,0.8674738,-9.31819,-0.23805666,0.35090402,0.31165754,0.33238694,0,2.558,-1.618,194.458
01:02.3,0,100,0,0,0,0,0,0,0,0,0.70171735,-0.4959334,-0.688958,0.3972756,0.62662115,-9.1830075,-0.25377738,0.34604486,0.31849862,0.31410332,0,3.514,-2.234,193.654
01:02.3,0,100,0,0,0,0,0,0,0,0,0.5505073,-0.4201719,-0.710596,0.3332841,0.3857685,-9.047825,-0.2694981,0.3411857,0.3253397,0.2958197,0,4.47,-2.85,192.85
01:02.4,0,100,0,0,0,0,0,0,0,0,0.28480162,-0.28025575,-0.69094035,0.201510795,0.165882725,-8.8984175,-0.26500646,0.3376989,0.31860112,0.2995291,0,4.43,-2.79,192.178
01:02.4,0,100,0,0,0,0,0,0,0,0,0.01909594,-0.1403396,-0.6712847,0.06973749,-0.05400305,-8.74901,-0.26051482,0.3342121,0.31186254,0.3032385,0,4.39,-2.73,191.506
01:02.4,0,100,0,0,0,0,0,0,0,0,-0.15578433,0.0668543,-0.56363745,-0.162141305,-0.081294775,-8.8949215,-0.25602318,0.3307253,0.30512396,0.3069479,0,4.35,-2.67,190.834
01:02.4,0,100,0,0,0,0,0,0,0,0,-0.3306646,0.2740482,-0.4559902,-0.3940201,-0.1085865,-9.040833,-0.25153154,0.3272385,0.29838538,0.3106573,0,4.31,-2.61,190.162
01:02.4,0,100,0,0,0,0,0,0,0,0,-0.507601,0.3912446,-0.3517488,-0.3524841,-0.04676087,-9.1090865,-0.2470399,0.3237517,0.2916468,0.3143667,0,4.27,-2.55,189.49
01:02.5,0,100,0,0,0,0,0,0,0,0,-0.6845374,0.508441,-0.2475074,-0.3109481,0.01506476,-9.17734,-0.26837518,0.31101314,0.29655604,0.32606908,0,3.152,-1.966,189.272
01:02.5,0,100,0,0,0,0,0,0,0,0,-0.9068012,0.4964895,-0.21550245,-0.121011155,0.08695033,-9.125286,-0.28971046,0.29827458,0.30146528,0.33777146,0,2.034,-1.382,189.054
01:02.5,0,100,0,0,0,0,0,0,0,0,-1.129065,0.484538,-0.1834975,0.06892579,0.1588359,-9.073232,-0.31104574,0.28553602,0.30637452,0.34947384,0,0.916,-0.798,188.836
01:02.5,0,100,0,0,0,0,0,0,0,0,-1.135894,0.5086229,-0.1663834,-0.048133655,0.45448045,-9.337833,-0.33238102,0.27279746,0.31128376,0.36117622,0,-0.202,-0.214,188.618
01:02.5,0,100,0,0,0,0,0,0,0,0,-1.142723,0.5327078,-0.1492693,-0.1651931,0.750125,-9.602434,-0.3537163,0.2600589,0.316193,0.3728786,0,-1.32,0.37,188.4
01:02.6,0,100,0,0,0,0,0,0,0,0,-1.00050805,0.54781345,-0.18347505,-0.084100537,0.876269,-9.6720145,-0.35933084,0.2851928,0.31958246,0.36710064,0,-2.156,1.012,188.084
01:02.6,0,100,0,0,0,0,0,0,0,0,-0.8582931,0.5629191,-0.2176808,-0.003007974,1.002413,-9.741595,-0.36494538,0.3103267,0.32297192,0.36132268,0,-2.992,1.654,187.768
01:02.6,0,100,0,0,0,0,0,0,0,0,-0.628736,0.5741795,-0.25585765,0.235423763,0.91849645,-9.605759,-0.37055992,0.3354606,0.32636138,0.35554472,0,-3.828,2.296,187.452
01:02.6,0,100,0,0,0,0,0,0,0,0,-0.3991789,0.5854399,-0.2940345,0.4738555,0.8345799,-9.469923,-0.37617446,0.3605945,0.32975084,0.34976676,0,-4.664,2.938,187.136
01:02.6,0,100,0,0,0,0,0,0,0,0,-0.228284925,0.4391566,-0.23699865,0.87861825,0.424023955,-9.089696,-0.381789,0.3857284,0.3331403,0.3439888,0,-5.5,3.58,186.82
01:02.7,0,100,0,0,0,0,0,0,0,0,-0.05739095,0.2928733,-0.1799628,1.283381,0.01346801,-8.709469,-0.369437,0.36859812,0.33910766,0.3259931,0,-5.326,3.606,186.778
01:02.7,0,100,0,0,0,0,0,0,0,0,0.104078575,0.12253695,-0.07435666,1.2979685,-0.145366845,-8.679341,-0.357085,0.35146784,0.34507502,0.3079974,0,-5.152,3.632,186.736
01:02.7,0,100,0,0,0,0,0,0,0,0,0.2655481,-0.0477994,0.03124948,1.312556,-0.3042017,-8.649213,-0.344733,0.33433756,0.35104238,0.2900017,0,-4.978,3.658,186.694
01:02.7,0,100,0,0,0,0,0,0,0,0,0.33354415,-0.23882245,0.08302784,1.287635,-0.44751505,-8.6660325,-0.332381,0.31720728,0.35700974,0.272006,0,-4.804,3.684,186.652
01:02.7,0,100,0,0,0,0,0,0,0,0,0.4015402,-0.4298455,0.1348062,1.262714,-0.5908284,-8.682852,-0.320029,0.300077,0.3629771,0.2540103,0,-4.63,3.71,186.61
01:02.8,0,100,0,0,0,0,0,0,0,0,0.4619422,-0.48454915,0.13269455,1.0556606,-0.7740474,-8.899151,-0.32564354,0.28050652,0.35908346,0.26600498,0,-4.08,3.196,186.744
01:02.8,0,100,0,0,0,0,0,0,0,0,0.5223442,-0.5392528,0.1305829,0.8486072,-0.9572664,-9.11545,-0.33125808,0.26093604,0.35518982,0.27799966,0,-3.53,2.682,186.878
01:02.8,0,100,0,0,0,0,0,0,0,0,0.51033,-0.4744749,0.08772625,0.7453677,-1.1671152,-9.4070665,-0.33687262,0.24136556,0.35129618,0.28999434,0,-2.98,2.168,187.012
01:02.8,0,100,0,0,0,0,0,0,0,0,0.4983158,-0.409697,0.0448696,0.6421282,-1.376964,-9.698683,-0.34248716,0.22179508,0.34740254,0.30198902,0,-2.43,1.654,187.146
01:02.8,0,100,0,0,0,0,0,0,0,0,0.40579905,-0.27400195,-0.025941935,0.72312105,-1.519938,-9.822035,-0.3481017,0.2022246,0.3435089,0.3139837,0,-1.88,1.14,187.28
01:02.9,0,100,0,0,0,0,0,0,0,0,0.3132823,-0.1383069,-0.09675347,0.8041139,-1.662912,-9.945387,-0.34136426,0.18722212,0.32602184,0.28982168,0,-1.792,1.178,187.164
01:02.9,0,100,0,0,0,0,0,0,0,0,0.17412873,-0.02476006,-0.116150985,0.7262403,-1.9091365,-9.961103,-0.33462682,0.17221964,0.30853478,0.26565966,0,-1.704,1.216,187.048
01:02.9,0,100,0,0,0,0,0,0,0,0,0.03497516,0.08878678,-0.1355485,0.6483667,-2.155361,-9.976819,-0.32788938,0.15721716,0.29104772,0.24149764,0,-1.616,1.254,186.932
01:02.9,0,100,0,0,0,0,0,0,0,0,-0.10584547,0.17641849,-0.088054315,0.62942605,-2.082028,-9.9955395,-0.32115194,0.14221468,0.27356066,0.21733562,0,-1.528,1.292,186.816
01:02.9,0,100,0,0,0,0,0,0,0,0,-0.2466661,0.2640502,-0.04056013,0.6104854,-2.008695,-10.01426,-0.3144145,0.1272122,0.2560736,0.1931736,0,-1.44,1.33,186.7
01:03.0,0,100,0,0,0,0,0,0,0,0,-0.3514096,0.27929465,0.002652675,0.65155515,-1.819008,-9.9653715,-0.31216868,0.25704562,0.45425768,0.49379468,0,-1.372,1.39,186.71
01:03.0,0,100,0,0,0,0,0,0,0,0,-0.4561531,0.2945391,0.04586548,0.6926249,-1.629321,-9.916483,-0.30992286,0.38687904,0.65244176,0.79441576,0,-1.304,1.45,186.72
01:03.0,0,100,0,0,0,0,0,0,0,0,0.1515476,-0.0072871,0.023311701,0.7838772,-0.825701305,-10.2997415,-0.30767704,0.51671246,0.85062584,1.09503684,0,-1.236,1.51,186.73
01:03.0,0,100,0,0,0,0,0,0,0,0,0.7592483,-0.3091133,0.000757922,0.8751295,-0.02208161,-10.683,-0.30543122,0.64654588,1.04880992,1.39565792,0,-1.168,1.57,186.74
01:03.0,0,100,0,0,0,0,0,0,0,0,0.98827215,-0.5161944,-0.133195539,0.6719537,-0.230574055,-11.23495,-0.3031854,0.7763793,1.246994,1.696279,0,-1.1,1.63,186.75
01:03.1,0,100,0,0,0,0,0,0,0,0,1.217296,-0.7232755,-0.267149,0.4687779,-0.4390665,-11.7869,-0.30655412,1.14319944,1.514845,2.1564432,0,-0.774,1.696,186.012
01:03.1,0,100,0,0,0,0,0,0,0,0,0.4694726,-0.082222,-0.5645646,-0.0410426,-1.26949175,-11.502855,-0.30992284,1.51001958,1.782696,2.6166074,0,-0.448,1.762,185.274
01:03.1,0,100,0,0,0,0,0,0,0,0,-0.2783508,0.5588315,-0.8619802,-0.5508631,-2.099917,-11.21881,-0.31329156,1.87683972,2.050547,3.0767716,0,-0.122,1.828,184.536
01:03.1,0,100,0,0,0,0,0,0,0,0,-0.24077225,0.19765895,-0.85593745,-0.04095715,-1.2370804,-9.126303,-0.31666028,2.24365986,2.318398,3.5369358,0,0.204,1.894,183.798
01:03.1,0,100,0,0,0,0,0,0,0,0,-0.2031937,-0.1635136,-0.8498947,0.4689488,-0.3742438,-7.033796,-0.320029,2.61048,2.586249,3.9971,0,0.53,1.96,183.06
01:03.2,0,100,0,0,0,0,0,0,0,0,-0.1541943,-0.1696137,-0.76641355,-0.6099616,-0.4368197,-9.171748,-0.32227482,2.6253704,2.6572152,4.1504938,0,0.136,1.714,182.472
01:03.2,0,100,0,0,0,0,0,0,0,0,-0.1051949,-0.1757138,-0.6829324,-1.688872,-0.4993956,-11.3097,-0.32452064,2.6402608,2.7281814,4.3038876,0,-0.258,1.468,181.884
01:03.2,0,100,0,0,0,0,0,0,0,0,-0.42562265,-0.09970773,-0.49831835,-1.2705669,-1.0019898,-10.3962275,-0.32676646,2.6551512,2.7991476,4.4572814,0,-0.652,1.222,181.296
01:03.2,0,100,0,0,0,0,0,0,0,0,-0.7460504,-0.02370166,-0.3137043,-0.8522618,-1.504584,-9.482755,-0.32901228,2.6700416,2.8701138,4.6106752,0,-1.046,0.976,180.708
01:03.2,0,100,0,0,0,0,0,0,0,0,-0.47573,0.07963737,0.0441007,-1.0921654,-0.790699025,-10.0275275,-0.3312581,2.684932,2.94108,4.764069,0,-1.44,0.73,180.12
01:03.3,0,100,0,0,0,0,0,0,0,0,-0.2054096,0.1829764,0.4019057,-1.332069,-0.07681405,-10.5723,-0.32788938,2.4663912,2.7547126,4.4472006,0,-1.436,0.774,180.764
01:03.3,0,100,0,0,0,0,0,0,0,0,-0.11717939,0.04056485,0.52971025,-0.67423594,0.133558925,-9.4214505,-0.32452066,2.2478504,2.5683452,4.1303322,0,-1.432,0.818,181.408
01:03.3,0,100,0,0,0,0,0,0,0,0,-0.02894918,-0.1018467,0.6575148,-0.01640288,0.3439319,-8.270601,-0.32115194,2.0293096,2.3819778,3.8134638,0,-1.428,0.862,182.052
01:03.3,0,100,0,0,0,0,0,0,0,0,0.17443566,-0.1531078,0.6677911,-0.06245779,0.252063,-8.846252,-0.31778322,1.8107688,2.1956104,3.4965954,0,-1.424,0.906,182.696
01:03.3,0,100,0,0,0,0,0,0,0,0,0.3778205,-0.2043689,0.6780674,-0.1085127,0.1601941,-9.421903,-0.3144145,1.592228,2.009243,3.179727,0,-1.42,0.95,183.34
01:03.4,0,100,0,0,0,0,0,0,0,0,0.32669955,-0.13225216,0.6682164,-0.19205905,0.037706595,-9.7087525,-0.3402414,1.487293,1.9066462,2.9710374,0,-1.168,0.818,183.84
01:03.4,0,100,0,0,0,0,0,0,0,0,0.2755786,-0.06013542,0.6583654,-0.2756054,-0.08478091,-9.995602,-0.3660683,1.382358,1.8040494,2.7623478,0,-0.916,0.686,184.34
01:03.4,0,100,0,0,0,0,0,0,0,0,0.18644609,-0.078873505,0.40791915,-0.185760505,-0.07132854,-10.089036,-0.3918952,1.277423,1.7014526,2.5536582,0,-0.664,0.554,184.84
01:03.4,0,100,0,0,0,0,0,0,0,0,0.09731358,-0.09761159,0.1574729,-0.09591561,-0.05787617,-10.18247,-0.4177221,1.172488,1.5988558,2.3449686,0,-0.412,0.422,185.34
01:03.4,0,100,0,0,0,0,0,0,0,0,0.036579585,-0.053636843,-0.0329292,-0.456282005,0.068881965,-10.0146285,-0.443549,1.067553,1.496259,2.136279,0,-0.16,0.29,185.84
01:03.5,0,100,0,0,0,0,0,0,0,0,-0.02415441,-0.009662095,-0.2233313,-0.8166484,0.1956401,-9.846787,-0.42895118,0.98983522,1.38224514,1.984423,0,-0.178,0.252,185.526
01:03.5,0,100,0,0,0,0,0,0,0,0,0.02045213,-0.040324297,-0.24920585,-0.9960382,0.2679753,-9.9470035,-0.41435336,0.91211744,1.26823128,1.832567,0,-0.196,0.214,185.212
01:03.5,0,100,0,0,0,0,0,0,0,0,0.06505867,-0.0709865,-0.2750804,-1.175428,0.3403105,-10.04722,-0.39975554,0.83439966,1.15421742,1.680711,0,-0.214,0.176,184.898
01:03.5,0,100,0,0,0,0,0,0,0,0,0.006028235,-0.01194249,-0.33323925,-1.00831935,0.2649257,-9.784293,-0.38515772,0.75668188,1.04020356,1.528855,0,-0.232,0.138,184.584
01:03.5,0,100,0,0,0,0,0,0,0,0,-0.0530022,0.04710152,-0.3913981,-0.8412107,0.1895409,-9.521366,-0.3705599,0.6789641,0.9261897,1.376999,0,-0.25,0.1,184.27
01:03.6,0,100,0,0,0,0,0,0,0,0,-0.0404115,0.01852377,-0.4319872,-0.5751757,0.028667,-9.628759,-0.381789,0.63399748,0.88957054,1.2921521,0,-0.278,0.122,183.866
01:03.6,0,100,0,0,0,0,0,0,0,0,-0.0278208,-0.01005398,-0.4725763,-0.3091407,-0.1322069,-9.736152,-0.3930181,0.58903086,0.85295138,1.2073052,0,-0.306,0.144,183.462
01:03.6,0,100,0,0,0,0,0,0,0,0,-0.020554545,0.016428525,-0.3469844,-0.29517555,-0.3930854,-9.823338,-0.4042472,0.54406424,0.81633222,1.1224583,0,-0.334,0.166,183.058
01:03.6,0,100,0,0,0,0,0,0,0,0,-0.01328829,0.04291103,-0.2213925,-0.2812104,-0.6539639,-9.910524,-0.4154763,0.49909762,0.77971306,1.0376114,0,-0.362,0.188,182.654
01:03.6,0,100,0,0,0,0,0,0,0,0,0.01149984,0.024022061,-0.072213775,-0.26334735,-0.43969335,-9.8890025,-0.4267054,0.454131,0.7430939,0.9527645,0,-0.39,0.21,182.25
01:03.7,0,100,0,0,0,0,0,0,0,0,0.03628797,0.005133091,0.07696495,-0.2454843,-0.2254228,-9.867481,-0.43568866,0.42519872,0.74530464,0.8727004,0,-0.43,0.254,182.456
01:03.7,0,100,0,0,0,0,0,0,0,0,-0.001215495,0.007009396,0.160018825,-0.2263171,-0.0533911,-9.837077,-0.44467192,0.39626644,0.74751538,0.7926363,0,-0.47,0.298,182.662
01:03.7,0,100,0,0,0,0,0,0,0,0,-0.03871896,0.008885701,0.2430727,-0.2071499,0.1186406,-9.806673,-0.45365518,0.36733416,0.74972612,0.7125722,0,-0.51,0.342,182.868
01:03.7,0,100,0,0,0,0,0,0,0,0,-0.053414085,0.046222331,0.2458044,-0.071628875,0.00746315,-9.8284435,-0.46263844,0.33840188,0.75193686,0.6325081,0,-0.55,0.386,183.074
01:03.7,0,100,0,0,0,0,0,0,0,0,-0.06810921,0.08355896,0.2485361,0.06389215,-0.1037143,-9.850214,-0.4716217,0.3094696,0.7541476,0.552444,0,-0.59,0.43,183.28
01:03.8,0,100,0,0,0,0,0,0,0,0,-0.103740355,0.12270303,0.18067595,0.05153328,-0.1670619,-9.8598935,-0.4469177,0.31511922,0.70560438,0.53184476,0,-0.668,0.526,183.33
01:03.8,0,100,0,0,0,0,0,0,0,0,-0.1393715,0.1618471,0.1128158,0.03917441,-0.2304095,-9.869573,-0.4222137,0.32076884,0.65706116,0.51124552,0,-0.746,0.622,183.38
01:03.8,0,100,0,0,0,0,0,0,0,0,-0.05491128,0.05312995,0.0041496,0.137958655,-0.04329575,-9.726554,-0.3975097,0.32641846,0.60851794,0.49064628,0,-0.824,0.718,183.43
01:03.8,0,100,0,0,0,0,0,0,0,0,0.02954894,-0.0555872,-0.1045166,0.2367429,0.143818,-9.583535,-0.3728057,0.33206808,0.55997472,0.47004704,0,-0.902,0.814,183.48
01:03.8,0,100,0,0,0,0,0,0,0,0,0.015383822,-0.020971535,-0.15596495,0.31864955,0.095738555,-9.7099975,-0.3481017,0.3377177,0.5114315,0.4494478,0,-0.98,0.91,183.53
01:03.9,0,100,0,0,0,0,0,0,0,0,0.001218703,0.01364413,-0.2074133,0.4005562,0.04765911,-9.83646,-0.32564354,0.33224644,0.47772288,0.43040066,0,-0.982,0.914,183.364
01:03.9,0,100,0,0,0,0,0,0,0,0,-0.017399013,0.02894073,-0.18308905,0.4629772,0.272788105,-9.8119995,-0.30318538,0.32677518,0.44401426,0.41135352,0,-0.984,0.918,183.198
01:03.9,0,100,0,0,0,0,0,0,0,0,-0.03601673,0.04423733,-0.1587648,0.5253982,0.4979171,-9.787539,-0.28072722,0.32130392,0.41030564,0.39230638,0,-0.986,0.922,183.032
01:03.9,0,100,0,0,0,0,0,0,0,0,0.021537105,-0.027300705,-0.07784982,0.4114083,0.4629172,-9.733672,-0.25826906,0.31583266,0.37659702,0.37325924,0,-0.988,0.926,182.866
01:03.9,0,100,0,0,0,0,0,0,0,0,0.07909094,-0.09883874,0.003065161,0.2974184,0.4279173,-9.679805,-0.2358109,0.3103614,0.3428884,0.3542121,0,-0.99,0.93,182.7
01:04.0,0,100,0,0,0,0,0,0,0,0,0.021571335,-0.033285095,0.058319881,0.16824224,0.25852845,-9.79675,-0.2492858,0.29139382,0.32283498,0.33540802,0,-0.97,0.91,182.812
01:04.0,0,100,0,0,0,0,0,0,0,0,-0.03594827,0.03226855,0.1135746,0.03906608,0.0891396,-9.913695,-0.2627607,0.27242624,0.30278156,0.31660394,0,-0.95,0.89,182.924
01:04.0,0,100,0,0,0,0,0,0,0,0,0.022809655,-0.009726955,0.11466445,0.07754324,0.004370135,-9.8145705,-0.2762356,0.25345866,0.28272814,0.29779986,0,-0.93,0.87,183.036
01:04.0,0,100,0,0,0,0,0,0,0,0,0.08156758,-0.05172246,0.1157543,0.1160204,-0.08039933,-9.715446,-0.2897105,0.23449108,0.26267472,0.27899578,0,-0.91,0.85,183.148
01:04.0,0,100,0,0,0,0,0,0,0,0,0.05202605,-0.0522794,0.090733795,0.01819876,-0.054495155,-9.742764,-0.3031854,0.2155235,0.2426213,0.2601917,0,-0.89,0.83,183.26
01:04.1,0,100,0,0,0,0,0,0,0,0,0.02248452,-0.05283634,0.06571329,-0.07962288,-0.02859098,-9.770082,-0.32564358,0.20172638,0.22747454,0.24079812,0,-0.898,0.84,183.258
01:04.1,0,100,0,0,0,0,0,0,0,0,0.004034035,-0.006542605,0.02294854,-0.00128865,-0.13454669,-9.820076,-0.34810176,0.18792926,0.21232778,0.22140454,0,-0.906,0.85,183.256
01:04.1,0,100,0,0,0,0,0,0,0,0,-0.01441645,0.03975113,-0.01981621,0.07704558,-0.2405024,-9.87007,-0.37055994,0.17413214,0.19718102,0.20201096,0,-0.914,0.86,183.254
01:04.1,0,100,0,0,0,0,0,0,0,0,-0.02040041,0.02784724,-0.055693195,0.00729238,-0.14626032,-9.8398335,-0.39301812,0.16033502,0.18203426,0.18261738,0,-0.922,0.87,183.252
01:04.1,0,100,0,0,0,0,0,0,0,0,-0.02638437,0.01594335,-0.09157018,-0.06246082,-0.05201824,-9.809597,-0.4154763,0.1465379,0.1668875,0.1632238,0,-0.93,0.88,183.25
01:04.2,0,100,0,0,0,0,0,0,0,0,-0.003342375,-0.003767925,-0.090013835,-0.00375837,-0.050230625,-9.7897765,-0.43793448,0.14812836,0.17886726,0.1725491,0,-0.942,0.888,183.174
01:04.2,0,100,0,0,0,0,0,0,0,0,0.01969962,-0.0234792,-0.08845749,0.05494408,-0.04844301,-9.769956,-0.46039266,0.14971882,0.19084702,0.1818744,0,-0.954,0.896,183.098
01:04.2,0,100,0,0,0,0,0,0,0,0,-0.003809525,0.00754544,-0.06224407,0.06598537,-0.012459325,-9.82182,-0.48285084,0.15130928,0.20282678,0.1911997,0,-0.966,0.904,183.022
01:04.2,0,100,0,0,0,0,0,0,0,0,-0.02731867,0.03857008,-0.03603065,0.07702666,0.02352436,-9.873684,-0.50530902,0.15289974,0.21480654,0.200525,0,-0.978,0.912,182.946
01:04.2,0,100,0,0,0,0,0,0,0,0,-0.000744275,-0.00097019,0.002941165,0.15940963,0.16450558,-9.793165,-0.5277672,0.1544902,0.2267863,0.2098503,0,-0.99,0.92,182.87
01:04.3,0,100,0,0,0,0,0,0,0,0,0.02583012,-0.04051046,0.04191298,0.2417926,0.3054868,-9.712646,-0.48060502,0.14046578,0.20568738,0.19898724,0,-0.992,0.918,182.938
01:04.3,0,100,0,0,0,0,0,0,0,0,0.006297445,-0.01237524,0.0629235,0.2135612,0.2124547,-9.7710835,-0.43344284,0.12644136,0.18458846,0.18812418,0,-0.994,0.916,183.006
01:04.3,0,100,0,0,0,0,0,0,0,0,-0.01323523,0.01575998,0.08393402,0.1853298,0.1194226,-9.829521,-0.38628066,0.11241694,0.16348954,0.17726112,0,-0.996,0.914,183.074
01:04.3,0,100,0,0,0,0,0,0,0,0,0.00170372,-0.004461735,0.063851245,0.1513942,0.078547015,-9.7882575,-0.33911848,0.09839252,0.14239062,0.16639806,0,-0.998,0.912,183.142
01:04.3,0,100,0,0,0,0,0,0,0,0,0.01664267,-0.02468345,0.04376847,0.1174586,0.03767143,-9.746994,-0.2919563,0.0843681,0.1212917,0.155535,0,-1,0.91,183.21
01:04.4,0,100,0,0,0,0,0,0,0,0,0.013440725,-0.010207569,0.013820455,0.12309205,-0.025872495,-9.7794345,-0.28409594,0.079285366,0.115881048,0.14553668,0,-0.992,0.908,183.186
01:04.4,0,100,0,0,0,0,0,0,0,0,0.01023878,0.004268312,-0.01612756,0.1287255,-0.08941642,-9.811875,-0.27623558,0.074202632,0.110470396,0.13553836,0,-0.984,0.906,183.162
01:04.4,0,100,0,0,0,0,0,0,0,0,-0.00059037,0.003682846,-0.03338117,0.110252725,-0.02122739,-9.814062,-0.26837522,0.069119898,0.105059744,0.12554004,0,-0.976,0.904,183.138
01:04.4,0,100,0,0,0,0,0,0,0,0,-0.01141952,0.00309738,-0.05063478,0.09177995,0.04696164,-9.816249,-0.26051486,0.064037164,0.099649092,0.11554172,0,-0.968,0.902,183.114
01:04.4,0,100,0,0,0,0,0,0,0,0,0.00715988,-0.011084385,-0.041905275,0.105980875,0.03515582,-9.8004655,-0.2526545,0.05895443,0.09423844,0.1055434,0,-0.96,0.9,183.09
01:04.5,0,100,0,0,0,0,0,0,0,0,0.02573928,-0.02526615,-0.03317577,0.1201818,0.02335,-9.784682,-0.25490032,0.05681638,0.091767494,0.09919816,0,-0.954,0.896,183.09
01:04.5,0,100,0,0,0,0,0,0,0,0,0.010213718,-0.012160234,-0.0114854,0.097721215,0.048651935,-9.802212,-0.25714614,0.05467833,0.089296548,0.09285292,0,-0.948,0.892,183.09
01:04.5,0,100,0,0,0,0,0,0,0,0,-0.005311845,0.000945683,0.01020497,0.07526063,0.07395387,-9.819742,-0.25939196,0.05254028,0.086825602,0.08650768,0,-0.942,0.888,183.09
01:04.5,0,100,0,0,0,0,0,0,0,0,0.004958553,-0.010966404,0.02600692,0.104322615,0.088356085,-9.789428,-0.26163778,0.05040223,0.084354656,0.08016244,0,-0.936,0.884,183.09
01:04.5,0,100,0,0,0,0,0,0,0,0,0.01522895,-0.02287849,0.04180887,0.1333846,0.1027583,-9.759114,-0.2638836,0.04826418,0.08188371,0.0738172,0,-0.93,0.88,183.09
01:04.6,0,100,0,0,0,0,0,0,0,0,0.009209699,-0.012985083,0.03860482,0.102357465,0.04006641,-9.7862255,-0.27511268,0.047085952,0.07921628,0.069736122,0,-0.926,0.876,183.112
01:04.6,0,100,0,0,0,0,0,0,0,0,0.003190448,-0.003091676,0.03540077,0.07133033,-0.02262548,-9.813337,-0.28634176,0.045907724,0.07654885,0.065655044,0,-0.922,0.872,183.134
01:04.6,0,100,0,0,0,0,0,0,0,0,0.007909264,-0.011761378,0.016235209,0.110058065,0.018114885,-9.789071,-0.29757084,0.044729496,0.07388142,0.061573966,0,-0.918,0.868,183.156
01:04.6,0,100,0,0,0,0,0,0,0,0,0.01262808,-0.02043108,-0.002930353,0.1487858,0.05885525,-9.764805,-0.30879992,0.043551268,0.07121399,0.057492888,0,-0.914,0.864,183.178
01:04.6,0,100,0,0,0,0,0,0,0,0,0.001271155,-0.005992799,-0.020140607,0.12388615,0.01168546,-9.794528,-0.320029,0.04237304,0.06854656,0.05341181,0,-0.91,0.86,183.2
01:04.7,0,100,0,0,0,0,0,0,0,0,-0.01008577,0.008445482,-0.03735086,0.0989865,-0.03548433,-9.824251,-0.33799554,0.046860086,0.071214268,0.059321726,0,-0.906,0.86,183.166
01:04.7,0,100,0,0,0,0,0,0,0,0,0.002722045,-0.006612784,-0.03607808,0.1030624,0.017187815,-9.794786,-0.35596208,0.051347132,0.073881976,0.065231642,0,-0.902,0.86,183.132
01:04.7,0,100,0,0,0,0,0,0,0,0,0.01552986,-0.02167105,-0.0348053,0.1071383,0.06985996,-9.765321,-0.37392862,0.055834178,0.076549684,0.071141558,0,-0.898,0.86,183.098
01:04.7,0,100,0,0,0,0,0,0,0,0,0.009215972,-0.011493623,-0.01693889,0.10778265,0.05699107,-9.788611,-0.39189516,0.060321224,0.079217392,0.077051474,0,-0.894,0.86,183.064
01:04.7,0,100,0,0,0,0,0,0,0,0,0.002902084,-0.001316196,0.000927521,0.108427,0.04412218,-9.811901,-0.4098617,0.06480827,0.0818851,0.08296139,0,-0.89,0.86,183.03
01:04.8,0,100,0,0,0,0,0,0,0,0,0.006171183,-0.010342118,0.017410986,0.1143386,0.07559169,-9.790107,-0.4098617,0.065038576,0.082289506,0.082376706,0,-0.886,0.858,183.062
01:04.8,0,100,0,0,0,0,0,0,0,0,0.009440281,-0.01936804,0.03389445,0.1202502,0.1070612,-9.768313,-0.4098617,0.065268882,0.082693912,0.081792022,0,-0.882,0.856,183.094
01:04.8,0,100,0,0,0,0,0,0,0,0,0.007317839,-0.013880043,0.0351367,0.10218913,0.053473391,-9.788287,-0.4098617,0.065499188,0.083098318,0.081207338,0,-0.878,0.854,183.126
01:04.8,0,100,0,0,0,0,0,0,0,0,0.005195397,-0.008392046,0.03637895,0.08412806,-0.000114418,-9.808261,-0.4098617,0.065729494,0.083502724,0.080622654,0,-0.874,0.852,183.158
01:04.8,0,100,0,0,0,0,0,0,0,0,0.008545834,-0.012276138,0.021752964,0.11206508,0.021180116,-9.794392,-0.4098617,0.0659598,0.08390713,0.08003797,0,-0.87,0.85,183.19
01:04.9,0,100,0,0,0,0,0,0,0,0,0.01189627,-0.01616023,0.007126978,0.1400021,0.04247465,-9.780523,-0.41996788,0.058089558,0.07471451,0.068445288,0,-0.866,0.848,183.172
01:04.9,0,100,0,0,0,0,0,0,0,0,0.007120994,-0.009982588,-0.009622376,0.11905218,0.017812272,-9.793357,-0.43007406,0.050219316,0.06552189,0.056852606,0,-0.862,0.846,183.154
01:04.9,0,100,0,0,0,0,0,0,0,0,0.002345718,-0.003804945,-0.02637173,0.09810226,-0.006850106,-9.806191,-0.44018024,0.042349074,0.05632927,0.045259924,0,-0.858,0.844,183.136
01:04.9,0,100,0,0,0,0,0,0,0,0,0.006304389,-0.003175566,-0.03110444,0.10428063,0.015957897,-9.8044415,-0.45028642,0.034478832,0.04713665,0.033667242,0,-0.854,0.842,183.118
01:04.9,0,100,0,0,0,0,0,0,0,0,0.01026306,-0.002546187,-0.03583715,0.110459,0.0387659,-9.802692,-0.4603926,0.02660859,0.03794403,0.02207456,0,-0.85,0.84,183.1
01:05.0,0,100,0,0,0,0,0,0,0,0,0.002262126,0.000202213,-0.022881182,0.100146375,0.05353119,-9.8061595,-0.44018024,0.028529532,0.035710084,0.021198394,0,-0.846,0.838,183.1
01:05.0,0,100,0,0,0,0,0,0,0,0,-0.005738809,0.002950613,-0.009925213,0.08983375,0.06829648,-9.809627,-0.41996788,0.030450474,0.033476138,0.020322228,0,-0.842,0.836,183.1
01:05.0,0,100,0,0,0,0,0,0,0,0,0.003610586,-0.005058034,0.008006478,0.112413925,0.069720835,-9.7973295,-0.39975552,0.032371416,0.031242192,0.019446062,0,-0.838,0.834,183.1
01:05.0,0,100,0,0,0,0,0,0,0,0,0.01295998,-0.01306668,0.02593817,0.1349941,0.07114519,-9.785032,-0.37954316,0.034292358,0.029008246,0.018569896,0,-0.834,0.832,183.1
01:05.0,0,100,0,0,0,0,0,0,0,0,0.007332616,-0.01258946,0.02949098,0.10379931,0.05511119,-9.7909555,-0.3593308,0.0362133,0.0267743,0.01769373,0,-0.83,0.83,183.1
01:05.1,0,100,0,0,0,0,0,0,0,0,0.001705252,-0.01211224,0.03304379,0.07260452,0.03907719,-9.796879,-0.40424716,0.035789622,0.025126102,0.017088368,0,-0.828,0.828,183.118
01:05.1,0,100,0,0,0,0,0,0,0,0,0.007861691,-0.012108865,0.023701255,0.11106996,0.03135473,-9.791592,-0.44916352,0.035365944,0.023477904,0.016483006,0,-0.826,0.826,183.136
01:05.1,0,100,0,0,0,0,0,0,0,0,0.01401813,-0.01210549,0.01435872,0.1495354,0.02363227,-9.786305,-0.49407988,0.034942266,0.021829706,0.015877644,0,-0.824,0.824,183.154
01:05.1,0,100,0,0,0,0,0,0,0,0,0.007427102,-0.009978684,-0.001614945,0.120908105,0.02157915,-9.79274,-0.53899624,0.034518588,0.020181508,0.015272282,0,-0.822,0.822,183.172
01:05.1,0,100,0,0,0,0,0,0,0,0,0.000836073,-0.007851877,-0.01758861,0.09228081,0.01952603,-9.799175,-0.5839126,0.03409491,0.01853331,0.01466692,0,-0.82,0.82,183.19
01:05.2,0,100,0,0,0,0,0,0,0,0,0.008315172,-0.009911174,-0.023053855,0.110593055,0.017796445,-9.7933385,-0.52552134,0.03327438,0.019909096,0.014732628,0,-0.814,0.818,183.164
01:05.2,0,100,0,0,0,0,0,0,0,0,0.01579427,-0.01197047,-0.0285191,0.1289053,0.01606686,-9.787502,-0.46713008,0.03245385,0.021284882,0.014798336,0,-0.808,0.816,183.138
01:05.2,0,100,0,0,0,0,0,0,0,0,0.010274052,-0.01172818,-0.02102831,0.108574685,0.035939745,-9.795182,-0.40873882,0.03163332,0.022660668,0.014864044,0,-0.802,0.814,183.112
01:05.2,0,100,0,0,0,0,0,0,0,0,0.004753834,-0.01148589,-0.01353752,0.08824407,0.05581263,-9.802862,-0.35034756,0.03081279,0.024036454,0.014929752,0,-0.796,0.812,183.086
01:05.2,0,100,0,0,0,0,0,0,0,0,0.003156819,-0.006759431,0.000877805,0.114940785,0.0578958,-9.799842,-0.2919563,0.02999226,0.02541224,0.01499546,0,-0.79,0.81,183.06
01:05.3,0,100,0,0,0,0,0,0,0,0,0.001559804,-0.002032972,0.01529313,0.1416375,0.05997897,-9.796822,-0.30093958,0.03734724,0.034247338,0.027179854,0,-0.786,0.806,183.084
01:05.3,0,100,0,0,0,0,0,0,0,0,0.00355092,-0.006390031,0.022422135,0.11477604,0.04806165,-9.798021,-0.30992286,0.04470222,0.043082436,0.039364248,0,-0.782,0.802,183.108
01:05.3,0,100,0,0,0,0,0,0,0,0,0.005542035,-0.01074709,0.02955114,0.08791458,0.03614433,-9.79922,-0.31890614,0.0520572,0.051917534,0.051548642,0,-0.778,0.798,183.132
01:05.3,0,100,0,0,0,0,0,0,0,0,0.007432021,-0.01209771,0.02241743,0.10529089,0.035587895,-9.795433,-0.32788942,0.05941218,0.060752632,0.063733036,0,-0.774,0.794,183.156
01:05.3,0,100,0,0,0,0,0,0,0,0,0.009322007,-0.01344833,0.01528372,0.1226672,0.03503146,-9.791646,-0.3368727,0.06676716,0.06958773,0.07591743,0,-0.77,0.79,183.18
01:05.4,0,100,0,0,0,0,0,0,0,0,0.007280099,-0.010068532,0.002146555,0.1182595,0.024225185,-9.7996855,-0.3503476,0.056803478,0.058964882,0.063913224,0,-0.764,0.788,183.164
01:05.4,0,100,0,0,0,0,0,0,0,0,0.00523819,-0.006688733,-0.01099061,0.1138518,0.01341891,-9.807725,-0.3638225,0.046839796,0.048342034,0.051909018,0,-0.758,0.786,183.148
01:05.4,0,100,0,0,0,0,0,0,0,0,0.00796611,-0.009352302,-0.017697635,0.11140665,0.02332261,-9.797367,-0.3772974,0.036876114,0.037719186,0.039904812,0,-0.752,0.784,183.132
01:05.4,0,100,0,0,0,0,0,0,0,0,0.01069403,-0.01201587,-0.02440466,0.1089615,0.03322631,-9.787009,-0.3907723,0.026912432,0.027096338,0.027900606,0,-0.746,0.782,183.116
01:05.4,0,100,0,0,0,0,0,0,0,0,0.009927271,-0.009789806,-0.0175638,0.1104185,0.034820105,-9.795132,-0.4042472,0.01694875,0.01647349,0.0158964,0,-0.74,0.78,183.1
01:05.5,0,100,0,0,0,0,0,0,0,0,0.009160512,-0.007563741,-0.01072294,0.1118755,0.0364139,-9.803255,-0.38740356,0.015923664,0.0184684,0.015367378,0,-0.736,0.778,183.108
01:05.5,0,100,0,0,0,0,0,0,0,0,0.004784816,-0.006359017,0.00310606,0.1080882,0.06692879,-9.799534,-0.37055992,0.014898578,0.02046331,0.014838356,0,-0.732,0.776,183.116
01:05.5,0,100,0,0,0,0,0,0,0,0,0.00040912,-0.005154293,0.01693506,0.1043009,0.09744368,-9.795813,-0.35371628,0.013873492,0.02245822,0.014309334,0,-0.728,0.774,183.124
01:05.5,0,100,0,0,0,0,0,0,0,0,-0.00136719,-0.001189237,0.02173015,0.1042598,0.059623065,-9.8010315,-0.33687264,0.012848406,0.02445313,0.013780312,0,-0.724,0.772,183.132
01:05.5,0,100,0,0,0,0,0,0,0,0,-0.003143501,0.00277582,0.02652524,0.1042187,0.02180245,-9.80625,-0.320029,0.01182332,0.02644804,0.01325129,0,-0.72,0.77,183.14
01:05.6,0,100,0,0,0,0,0,0,0,0,0.002402543,-0.005940305,0.02017475,0.1063174,0.03184327,-9.798318,-0.31441446,0.011613666,0.025288284,0.013136428,0,-0.716,0.768,183.144
01:05.6,0,100,0,0,0,0,0,0,0,0,0.007948587,-0.01465643,0.01382426,0.1084161,0.04188409,-9.790386,-0.30879992,0.011404012,0.024128528,0.013021566,0,-0.712,0.766,183.148
01:05.6,0,100,0,0,0,0,0,0,0,0,0.007728262,-0.011434727,0.002470095,0.11409475,0.02676097,-9.7986215,-0.30318538,0.011194358,0.022968772,0.012906704,0,-0.708,0.764,183.152
01:05.6,0,100,0,0,0,0,0,0,0,0,0.007507937,-0.008213024,-0.008884071,0.1197734,0.01163785,-9.806857,-0.29757084,0.010984704,0.021809016,0.012791842,0,-0.704,0.762,183.156
01:05.6,0,100,0,0,0,0,0,0,0,0,0.008728733,-0.010481247,-0.014935231,0.11223095,0.023057525,-9.8003985,-0.2919563,0.01077505,0.02064926,0.01267698,0,-0.7,0.76,183.16
01:05.7,0,100,0,0,0,0,0,0,0,0,0.009949528,-0.01274947,-0.02098639,0.1046885,0.0344772,-9.79394,-0.33687266,0.011111342,0.020445696,0.012687882,0,-0.694,0.758,183.146
01:05.7,0,100,0,0,0,0,0,0,0,0,0.00928743,-0.011309917,-0.015829855,0.107043,0.03641992,-9.797349,-0.38178902,0.011447634,0.020242132,0.012698784,0,-0.688,0.756,183.132
01:05.7,0,100,0,0,0,0,0,0,0,0,0.008625332,-0.009870364,-0.01067332,0.1093975,0.03836264,-9.800758,-0.42670538,0.011783926,0.020038568,0.012709686,0,-0.682,0.754,183.118
01:05.7,0,100,0,0,0,0,0,0,0,0,0.008165869,-0.011296717,7.31E-05,0.1110799,0.054089815,-9.798508,-0.47162174,0.012120218,0.019835004,0.012720588,0,-0.676,0.752,183.104
01:05.7,0,100,0,0,0,0,0,0,0,0,0.007706405,-0.01272307,0.01081954,0.1127623,0.06981699,-9.796258,-0.5165381,0.01245651,0.01963144,0.01273149,0,-0.67,0.75,183.09
01:05.8,0,100,0,0,0,0,0,0,0,0,0.006755748,-0.012036655,0.01747686,0.10660885,0.058060335,-9.7965325,-0.48958828,0.021855868,0.029166386,0.025771348,0,-0.666,0.746,183.11
01:05.8,0,100,0,0,0,0,0,0,0,0,0.005805091,-0.01135024,0.02413418,0.1004554,0.04630368,-9.796807,-0.46263846,0.031255226,0.038701332,0.038811206,0,-0.662,0.742,183.13
01:05.8,0,100,0,0,0,0,0,0,0,0,0.004131319,-0.005434518,0.019805965,0.11187155,0.03909614,-9.7917355,-0.43568864,0.040654584,0.048236278,0.051851064,0,-0.658,0.738,183.15
01:05.8,0,100,0,0,0,0,0,0,0,0,0.002457547,0.000481205,0.01547775,0.1232877,0.0318886,-9.786664,-0.40873882,0.050053942,0.057771224,0.064890922,0,-0.654,0.734,183.17
01:05.8,0,100,0,0,0,0,0,0,0,0,0.004355952,-0.005523358,0.005040713,0.1196743,0.029214265,-9.792989,-0.381789,0.0594533,0.06730617,0.07793078,0,-0.65,0.73,183.19
01:05.9,0,100,0,0,0,0,0,0,0,0,0.006254357,-0.01152792,-0.005396325,0.1160609,0.02653993,-9.799314,-0.40087846,0.050225784,0.057055908,0.064415904,0,-0.646,0.728,183.174
01:05.9,0,100,0,0,0,0,0,0,0,0,0.007961533,-0.010422358,-0.011698783,0.1173355,0.024859035,-9.798198,-0.41996792,0.040998268,0.046805646,0.050901028,0,-0.642,0.726,183.158
01:05.9,0,100,0,0,0,0,0,0,0,0,0.009668708,-0.009316796,-0.01800124,0.1186101,0.02317814,-9.797082,-0.43905738,0.031770752,0.036555384,0.037386152,0,-0.638,0.724,183.142
01:05.9,0,100,0,0,0,0,0,0,0,0,0.008183347,-0.009934348,-0.01471646,0.10877427,0.03679621,-9.7990695,-0.45814684,0.022543236,0.026305122,0.023871276,0,-0.634,0.722,183.126
01:05.9,0,100,0,0,0,0,0,0,0,0,0.006697986,-0.0105519,-0.01143168,0.09893844,0.05041428,-9.801057,-0.4772363,0.01331572,0.01605486,0.0103564,0,-0.63,0.72,183.11
01:06.0,0,100,0,0,0,0,0,0,0,0,0.007846402,-0.01129051,-0.001611269,0.11006737,0.05628407,-9.7985285,-0.47049884,0.013725622,0.015669058,0.010397126,0,-0.626,0.716,183.12
01:06.0,0,100,0,0,0,0,0,0,0,0,0.008994818,-0.01202912,0.008209142,0.1211963,0.06215386,-9.796,-0.46376138,0.014135524,0.015283256,0.010437852,0,-0.622,0.712,183.13
01:06.0,0,100,0,0,0,0,0,0,0,0,0.008215447,-0.011982105,0.013503581,0.10851668,0.055425155,-9.79723,-0.45702392,0.014545426,0.014897454,0.010478578,0,-0.618,0.708,183.14
01:06.0,0,100,0,0,0,0,0,0,0,0,0.007436076,-0.01193509,0.01879802,0.09583706,0.04869645,-9.79846,-0.45028646,0.014955328,0.014511652,0.010519304,0,-0.614,0.704,183.15
01:06.0,0,100,0,0,0,0,0,0,0,0,0.004934979,-0.008681238,0.0170692,0.10915243,0.036726685,-9.793537,-0.443549,0.01536523,0.01412585,0.01056003,0,-0.61,0.7,183.16
01:06.1,0,100,0,0,0,0,0,0,0,0,0.002433881,-0.005427386,0.01534038,0.1224678,0.02475692,-9.788614,-0.42333664,0.014867794,0.013499868,0.010592934,0,-0.604,0.698,183.158
01:06.1,0,100,0,0,0,0,0,0,0,0,0.003644666,-0.007946823,0.004901188,0.1165383,0.02629034,-9.7978825,-0.40312428,0.014370358,0.012873886,0.010625838,0,-0.598,0.696,183.156
01:06.1,0,100,0,0,0,0,0,0,0,0,0.00485545,-0.01046626,-0.005538004,0.1106088,0.02782376,-9.807151,-0.38291192,0.013872922,0.012247904,0.010658742,0,-0.592,0.694,183.154
01:06.1,0,100,0,0,0,0,0,0,0,0,0.008034145,-0.010949535,-0.010451982,0.1116975,0.02382454,-9.804351,-0.36269956,0.013375486,0.011621922,0.010691646,0,-0.586,0.692,183.152
01:06.1,0,100,0,0,0,0,0,0,0,0,0.01121284,-0.01143281,-0.01536596,0.1127862,0.01982532,-9.801551,-0.3424872,0.01287805,0.01099594,0.01072455,0,-0.58,0.69,183.15
01:06.2,0,100,0,0,0,0,0,0,0,0,0.009113863,-0.010274892,-0.01113113,0.106674,0.03123963,-9.8038855,-0.33574974,0.013106548,0.012500384,0.01078904,0,-0.576,0.686,183.146
01:06.2,0,100,0,0,0,0,0,0,0,0,0.007014885,-0.009116973,-0.006896299,0.1005618,0.04265394,-9.80622,-0.32901228,0.013335046,0.014004828,0.01085353,0,-0.572,0.682,183.142
01:06.2,0,100,0,0,0,0,0,0,0,0,0.008351147,-0.011176117,0.00110157,0.10853775,0.05384078,-9.8002655,-0.32227482,0.013563544,0.015509272,0.01091802,0,-0.568,0.678,183.138
01:06.2,0,100,0,0,0,0,0,0,0,0,0.009687408,-0.01323526,0.009099438,0.1165137,0.06502762,-9.794311,-0.31553736,0.013792042,0.017013716,0.01098251,0,-0.564,0.674,183.134
01:06.2,0,100,0,0,0,0,0,0,0,0,0.008619409,-0.012176775,0.012964404,0.106481015,0.048076915,-9.800232,-0.3087999,0.01402054,0.01851816,0.011047,0,-0.56,0.67,183.13
01:06.3,0,100,0,0,0,0,0,0,0,0,0.00755141,-0.01111829,0.01682937,0.09644833,0.03112621,-9.806153,-0.30543118,0.022759928,0.028178914,0.024474694,0,-0.554,0.668,183.138
01:06.3,0,100,0,0,0,0,0,0,0,0,0.002434818,-0.007377182,0.011063006,0.103225165,0.035411735,-9.8015905,-0.30206246,0.031499316,0.037839668,0.037902388,0,-0.548,0.666,183.146
01:06.3,0,100,0,0,0,0,0,0,0,0,-0.002681774,-0.003636074,0.005296642,0.110002,0.03969726,-9.797028,-0.29869374,0.040238704,0.047500422,0.051330082,0,-0.542,0.664,183.154
01:06.3,0,100,0,0,0,0,0,0,0,0,0.002263509,-0.006148193,-0.000926413,0.1136053,0.0316807,-9.801337,-0.29532502,0.048978092,0.057161176,0.064757776,0,-0.536,0.662,183.162
01:06.3,0,100,0,0,0,0,0,0,0,0,0.007208793,-0.008660311,-0.007149469,0.1172086,0.02366414,-9.805646,-0.2919563,0.05771748,0.06682193,0.07818547,0,-0.53,0.66,183.17
01:06.4,0,100,0,0,0,0,0,0,0,0,0.008269272,-0.011397236,-0.010248615,0.1118708,0.03228171,-9.8010825,-0.30767702,0.04821282,0.057098688,0.0650227,0,-0.526,0.658,183.158
01:06.4,0,100,0,0,0,0,0,0,0,0,0.00932975,-0.01413416,-0.01334776,0.106533,0.04089928,-9.796519,-0.32339774,0.03870816,0.047375446,0.05185993,0,-0.522,0.656,183.146
01:06.4,0,100,0,0,0,0,0,0,0,0,0.008964107,-0.011567516,-0.009474862,0.10760375,0.03839852,-9.8027935,-0.33911846,0.0292035,0.037652204,0.03869716,0,-0.518,0.654,183.134
01:06.4,0,100,0,0,0,0,0,0,0,0,0.008598464,-0.009000872,-0.005601963,0.1086745,0.03589776,-9.809068,-0.35483918,0.01969884,0.027928962,0.02553439,0,-0.514,0.652,183.122
01:06.4,0,100,0,0,0,0,0,0,0,0,0.008293064,-0.010468846,0.001485881,0.11085075,0.053412765,-9.802292,-0.3705599,0.01019418,0.01820572,0.01237162,0,-0.51,0.65,183.11
01:06.5,0,100,0,0,0,0,0,0,0,0,0.007987663,-0.01193682,0.008573725,0.113027,0.07092777,-9.795516,-0.39301808,0.010091037,0.01799992,0.01235893,0,-0.506,0.648,183.122
01:06.5,0,100,0,0,0,0,0,0,0,0,0.008105768,-0.010255708,0.012959758,0.10868715,0.05135892,-9.8021845,-0.41547626,0.009987895,0.01779412,0.01234624,0,-0.502,0.646,183.134
01:06.5,0,100,0,0,0,0,0,0,0,0,0.008223872,-0.008574595,0.01734579,0.1043473,0.03179007,-9.808853,-0.43793444,0.009884752,0.01758832,0.01233355,0,-0.498,0.644,183.146
01:06.5,0,100,0,0,0,0,0,0,0,0,0.008728709,-0.011490358,0.012676924,0.1077553,0.037243975,-9.803436,-0.46039262,0.00978161,0.01738252,0.01232086,0,-0.494,0.642,183.158
01:06.5,0,100,0,0,0,0,0,0,0,0,0.009233546,-0.01440612,0.008008059,0.1111633,0.04269788,-9.798019,-0.4828508,0.009678467,0.01717672,0.01230817,0,-0.49,0.64,183.17
01:06.6,0,100,0,0,0,0,0,0,0,0,0.003162927,-0.008295757,0.002877353,0.11304325,0.035962305,-9.8005365,-0.46488426,0.010570742,0.016693056,0.012245616,0,-0.486,0.638,183.162
01:06.6,0,100,0,0,0,0,0,0,0,0,-0.002907692,-0.002185394,-0.002253353,0.1149232,0.02922673,-9.803054,-0.44691772,0.011463016,0.016209392,0.012183062,0,-0.482,0.636,183.154
01:06.6,0,100,0,0,0,0,0,0,0,0,0.00349002,-0.006976312,-0.007505107,0.11247865,0.030651385,-9.799399,-0.42895118,0.012355291,0.015725728,0.012120508,0,-0.478,0.634,183.146
01:06.6,0,100,0,0,0,0,0,0,0,0,0.009887733,-0.01176723,-0.01275686,0.1100341,0.03207604,-9.795744,-0.41098464,0.013247565,0.015242064,0.012057954,0,-0.474,0.632,183.138
01:06.6,0,100,0,0,0,0,0,0,0,0,0.008483316,-0.011065325,-0.008855772,0.1068527,0.03914623,-9.7966295,-0.3930181,0.01413984,0.0147584,0.0119954,0,-0.47,0.63,183.13
01:06.7,0,100,0,0,0,0,0,0,0,0,0.007078899,-0.01036342,-0.004954683,0.1036713,0.04621642,-9.797515,-0.40087846,0.01457165,0.014655334,0.012106694,0,-0.466,0.628,183.134
01:06.7,0,100,0,0,0,0,0,0,0,0,0.008168605,-0.010009833,0.001556929,0.1099824,0.05167128,-9.7983635,-0.40873882,0.01500346,0.014552268,0.012217988,0,-0.462,0.626,183.138
01:06.7,0,100,0,0,0,0,0,0,0,0,0.009258312,-0.009656247,0.00806854,0.1162935,0.05712614,-9.799212,-0.41659918,0.01543527,0.014449202,0.012329282,0,-0.458,0.624,183.142
01:06.7,0,100,0,0,0,0,0,0,0,0,0.007217402,-0.010693749,0.011671275,0.105070705,0.04825764,-9.8026385,-0.42445954,0.01586708,0.014346136,0.012440576,0,-0.454,0.622,183.146
01:06.7,0,100,0,0,0,0,0,0,0,0,0.005176492,-0.01173125,0.01527401,0.09384791,0.03938914,-9.806065,-0.4323199,0.01629889,0.01424307,0.01255187,0,-0.45,0.62,183.15
01:06.8,0,100,0,0,0,0,0,0,0,0,0.007602076,-0.01314923,0.012978615,0.106142955,0.035023505,-9.8030805,-0.39750972,0.016105278,0.01357861,0.012532534,0,-0.446,0.616,183.154
01:06.8,0,100,0,0,0,0,0,0,0,0,0.01002766,-0.01456721,0.01068322,0.118438,0.03065787,-9.800096,-0.36269954,0.015911666,0.01291415,0.012513198,0,-0.442,0.612,183.158
01:06.8,0,100,0,0,0,0,0,0,0,0,0.002671036,-0.010529563,0.002168828,0.11346605,0.027654725,-9.8008905,-0.32788936,0.015718054,0.01224969,0.012493862,0,-0.438,0.608,183.162
01:06.8,0,100,0,0,0,0,0,0,0,0,-0.004685589,-0.006491916,-0.006345564,0.1084941,0.02465158,-9.801685,-0.29307918,0.015524442,0.01158523,0.012474526,0,-0.434,0.604,183.166
01:06.8,0,100,0,0,0,0,0,0,0,0,0.003303525,-0.008188705,-0.007666777,0.1131961,0.027637475,-9.800322,-0.258269,0.01533083,0.01092077,0.01245519,0,-0.43,0.6,183.17
01:06.9,0,100,0,0,0,0,0,0,0,0,0.01129264,-0.009885493,-0.008987989,0.1178981,0.03062337,-9.798959,-0.282973,0.024441156,0.021271188,0.025186948,0,-0.424,0.598,183.162
01:06.9,0,100,0,0,0,0,0,0,0,0,0.009193065,-0.010884782,-0.007577778,0.1105698,0.039482715,-9.799466,-0.307677,0.033551482,0.031621606,0.037918706,0,-0.418,0.596,183.154
01:06.9,0,100,0,0,0,0,0,0,0,0,0.007093489,-0.01188407,-0.006167566,0.1032415,0.04834206,-9.799973,-0.332381,0.042661808,0.041972024,0.050650464,0,-0.412,0.594,183.146
01:06.9,0,100,0,0,0,0,0,0,0,0,0.00869786,-0.010531065,-0.001074641,0.1108069,0.04753414,-9.799457,-0.357085,0.051772134,0.052322442,0.063382222,0,-0.406,0.592,183.138
01:06.9,0,100,0,0,0,0,0,0,0,0,0.01030223,-0.009178061,0.004018285,0.1183723,0.04672622,-9.798941,-0.381789,0.06088246,0.06267286,0.07611398,0,-0.4,0.59,183.13
01:07.0,0,100,0,0,0,0,0,0,0,0,0.00820701,-0.010190835,0.007250792,0.11158815,0.043773015,-9.8016985,-0.41547626,0.051036358,0.05220503,0.063173846,0,-0.396,0.586,183.138
01:07.0,0,100,0,0,0,0,0,0,0,0,0.006111789,-0.01120361,0.0104833,0.104804,0.04081981,-9.804456,-0.44916352,0.041190256,0.0417372,0.050233712,0,-0.392,0.582,183.146
01:07.0,0,100,0,0,0,0,0,0,0,0,0.007777874,-0.01177954,0.008996364,0.1109114,0.0407346,-9.8010605,-0.48285078,0.031344154,0.03126937,0.037293578,0,-0.388,0.578,183.154
01:07.0,0,100,0,0,0,0,0,0,0,0,0.009443959,-0.01235547,0.007509427,0.1170188,0.04064939,-9.797665,-0.51653804,0.021498052,0.02080154,0.024353444,0,-0.384,0.574,183.162
01:07.0,0,100,0,0,0,0,0,0,0,0,0.005582331,-0.006403672,0.003366268,0.1096365,0.039527555,-9.798763,-0.5502253,0.01165195,0.01033371,0.01141331,0,-0.38,0.57,183.17
01:07.1,0,100,0,0,0,0,0,0,0,0,0.001720702,-0.000451874,-0.000776892,0.1022542,0.03840572,-9.799861,-0.52102968,0.011198941,0.010588718,0.01130568,0,-0.376,0.57,183.164
01:07.1,0,100,0,0,0,0,0,0,0,0,0.001444839,0.001060959,-0.004351808,0.1063265,0.02759085,-9.796793,-0.49183406,0.010745933,0.010843726,0.01119805,0,-0.372,0.57,183.158
01:07.1,0,100,0,0,0,0,0,0,0,0,0.001168976,0.002573792,-0.007926724,0.1103988,0.01677598,-9.793725,-0.46263844,0.010292924,0.011098734,0.01109042,0,-0.368,0.57,183.152
01:07.1,0,100,0,0,0,0,0,0,0,0,0.005186895,-0.004589029,-0.007313768,0.11157075,0.029970375,-9.7956185,-0.43344282,0.009839916,0.011353742,0.01098279,0,-0.364,0.57,183.146
01:07.1,0,100,0,0,0,0,0,0,0,0,0.009204814,-0.01175185,-0.006700812,0.1127427,0.04316477,-9.797512,-0.4042472,0.009386907,0.01160875,0.01087516,0,-0.36,0.57,183.14
01:07.2,0,100,0,0,0,0,0,0,0,0,0.008410593,-0.011077215,-0.001453933,0.1097381,0.04645141,-9.8008785,-0.4300741,0.009319321,0.011353354,0.011060692,0,-0.356,0.566,183.144
01:07.2,0,100,0,0,0,0,0,0,0,0,0.007616371,-0.01040258,0.003792945,0.1067335,0.04973805,-9.804245,-0.455901,0.009251735,0.011097958,0.011246224,0,-0.352,0.562,183.148
01:07.2,0,100,0,0,0,0,0,0,0,0,0.008062594,-0.010790285,0.007970657,0.11056455,0.04760887,-9.802768,-0.4817279,0.00918415,0.010842562,0.011431756,0,-0.348,0.558,183.152
01:07.2,0,100,0,0,0,0,0,0,0,0,0.008508816,-0.01117799,0.01214837,0.1143956,0.04547969,-9.801291,-0.5075548,0.009116564,0.010587166,0.011617288,0,-0.344,0.554,183.156
01:07.2,0,100,0,0,0,0,0,0,0,0,0.007882186,-0.0105418,0.01082946,0.1117347,0.03988294,-9.8034345,-0.5333817,0.009048978,0.01033177,0.01180282,0,-0.34,0.55,183.16
01:07.3,0,100,0,0,0,0,0,0,0,0,0.007255556,-0.00990561,0.009510549,0.1090738,0.03428619,-9.805578,-0.51092352,0.009140195,0.010271258,0.011534104,0,-0.336,0.548,183.162
01:07.3,0,100,0,0,0,0,0,0,0,0,0.008318558,-0.009842144,0.004893925,0.11120245,0.03194623,-9.804101,-0.48846534,0.009231412,0.010210746,0.011265388,0,-0.332,0.546,183.164
01:07.3,0,100,0,0,0,0,0,0,0,0,0.00938156,-0.009778677,0.0002773,0.1133311,0.02960627,-9.802624,-0.46600716,0.009322628,0.010150234,0.010996672,0,-0.328,0.544,183.166
01:07.3,0,100,0,0,0,0,0,0,0,0,0.008118971,-0.010097754,-0.003100013,0.1098789,0.031617115,-9.8040875,-0.44354898,0.009413845,0.010089722,0.010727956,0,-0.324,0.542,183.168
01:07.3,0,100,0,0,0,0,0,0,0,0,0.006856382,-0.01041683,-0.006477327,0.1064267,0.03362796,-9.805551,-0.4210908,0.009505062,0.01002921,0.01045924,0,-0.32,0.54,183.17
01:07.4,0,100,0,0,0,0,0,0,0,0,0.003181989,-0.006392093,-0.006731087,0.1057201,0.034554215,-9.7994985,-0.45702388,0.018660268,0.02140808,0.023826066,0,-0.316,0.538,183.164
01:07.4,0,100,0,0,0,0,0,0,0,0,-0.000492405,-0.002367355,-0.006984846,0.1050135,0.03548047,-9.793446,-0.49295696,0.027815473,0.03278695,0.037192892,0,-0.312,0.536,183.158
01:07.4,0,100,0,0,0,0,0,0,0,0,0.003016326,-0.007894663,-0.002485855,0.102067005,0.039259285,-9.7987625,-0.52889004,0.036970679,0.04416582,0.050559718,0,-0.308,0.534,183.152
01:07.4,0,100,0,0,0,0,0,0,0,0,0.006525057,-0.01342197,0.002013136,0.09912051,0.0430381,-9.804079,-0.56482312,0.046125884,0.05554469,0.063926544,0,-0.304,0.532,183.146
01:07.4,0,100,0,0,0,0,0,0,0,0,0.008300844,-0.013829615,0.004765821,0.110354655,0.043443235,-9.8004085,-0.6007562,0.05528109,0.06692356,0.07729337,0,-0.3,0.53,183.14
01:07.5,0,100,0,0,0,0,0,0,0,0,0.01007663,-0.01423726,0.007518506,0.1215888,0.04384837,-9.796738,-0.58952712,0.046675912,0.055766236,0.0640534,0,-0.296,0.528,183.146
01:07.5,0,100,0,0,0,0,0,0,0,0,0.007688957,-0.012011184,0.008270762,0.11321445,0.042373835,-9.802741,-0.57829804,0.038070734,0.044608912,0.05081343,0,-0.292,0.526,183.152
01:07.5,0,100,0,0,0,0,0,0,0,0,0.005301283,-0.009785108,0.009023018,0.1048401,0.0408993,-9.808744,-0.56706896,0.029465556,0.033451588,0.03757346,0,-0.288,0.524,183.158
01:07.5,0,100,0,0,0,0,0,0,0,0,0.007678982,-0.011457224,0.005538466,0.11010935,0.039464585,-9.8019245,-0.55583988,0.020860378,0.022294264,0.02433349,0,-0.284,0.522,183.164
01:07.5,0,100,0,0,0,0,0,0,0,0,0.01005668,-0.01312934,0.002053914,0.1153786,0.03802987,-9.795105,-0.5446108,0.0122552,0.01113694,0.01109352,0,-0.28,0.52,183.17
01:07.6,0,100,0,0,0,0,0,0,0,0,0.008902425,-0.011793445,-0.000796412,0.1082822,0.030178095,-9.800998,-0.5592086,0.012615586,0.011714716,0.011609776,0,-0.276,0.518,183.166
01:07.6,0,100,0,0,0,0,0,0,0,0,0.00774817,-0.01045755,-0.003646738,0.1011858,0.02232632,-9.806891,-0.5738064,0.012975972,0.012292492,0.012126032,0,-0.272,0.516,183.162
01:07.6,0,100,0,0,0,0,0,0,0,0,0.003461872,-0.005165815,-0.005140988,0.113613,0.035449535,-9.8041825,-0.5884042,0.013336358,0.012870268,0.012642288,0,-0.268,0.514,183.158
01:07.6,0,100,0,0,0,0,0,0,0,0,-0.000824427,0.000125919,-0.006635238,0.1260402,0.04857275,-9.801474,-0.603002,0.013696744,0.013448044,0.013158544,0,-0.264,0.512,183.154
01:07.6,0,100,0,0,0,0,0,0,0,0,0.002954623,-0.005158326,-0.004015464,0.11157707,0.042682715,-9.805077,-0.6175998,0.01405713,0.01402582,0.0136748,0,-0.26,0.51,183.15
01:07.7,0,100,0,0,0,0,0,0,0,0,0.006733673,-0.01044257,-0.001395689,0.09711394,0.03679268,-9.80868,-0.5917729,0.013857928,0.0137065,0.01351916,0,-0.258,0.508,183.152
01:07.7,0,100,0,0,0,0,0,0,0,0,0.007952406,-0.012456835,0.002079971,0.10618722,0.04271637,-9.804655,-0.565946,0.013658726,0.01338718,0.01336352,0,-0.256,0.506,183.154
01:07.7,0,100,0,0,0,0,0,0,0,0,0.009171138,-0.0144711,0.00555563,0.1152605,0.04864006,-9.80063,-0.5401191,0.013459524,0.01306786,0.01320788,0,-0.254,0.504,183.156
01:07.7,0,100,0,0,0,0,0,0,0,0,0.007072238,-0.012052979,0.006166066,0.1137156,0.04511983,-9.8042825,-0.5142922,0.013260322,0.01274854,0.01305224,0,-0.252,0.502,183.158
01:07.7,0,100,0,0,0,0,0,0,0,0,0.004973337,-0.009634858,0.006776502,0.1121707,0.0415996,-9.807935,-0.4884653,0.01306112,0.01242922,0.0128966,0,-0.25,0.5,183.16
01:07.8,0,100,0,0,0,0,0,0,0,0,0.007789084,-0.011791839,0.005211137,0.10958075,0.036696195,-9.804385,-0.4738675,0.012936538,0.012437696,0.012525756,0,-0.246,0.498,183.162
01:07.8,0,100,0,0,0,0,0,0,0,0,0.01060483,-0.01394882,0.003645771,0.1069908,0.03179279,-9.800835,-0.4592697,0.012811956,0.012446172,0.012154912,0,-0.242,0.496,183.164
01:07.8,0,100,0,0,0,0,0,0,0,0,0.009316366,-0.011556902,0.001379311,0.1049471,0.03430381,-9.803625,-0.4446719,0.012687374,0.012454648,0.011784068,0,-0.238,0.494,183.166
01:07.8,0,100,0,0,0,0,0,0,0,0,0.008027901,-0.009164984,-0.000887149,0.1029034,0.03681483,-9.806415,-0.4300741,0.012562792,0.012463124,0.011413224,0,-0.234,0.492,183.168
01:07.8,0,100,0,0,0,0,0,0,0,0,0.001752906,-0.005204373,-0.001582073,0.11265985,0.044197015,-9.8057985,-0.4154763,0.01243821,0.0124716,0.01104238,0,-0.23,0.49,183.17
01:07.9,0,100,0,0,0,0,0,0,0,0,-0.00452209,-0.001243762,-0.002276997,0.1224163,0.0515792,-9.805182,-0.42333666,0.021823444,0.022394888,0.023601976,0,-0.226,0.488,183.17
01:07.9,0,100,0,0,0,0,0,0,0,0,0.001453199,-0.006309131,-0.000543729,0.108335295,0.04224723,-9.803223,-0.43119702,0.031208678,0.032318176,0.036161572,0,-0.222,0.486,183.17
01:07.9,0,100,0,0,0,0,0,0,0,0,0.007428489,-0.0113745,0.001189539,0.09425429,0.03291526,-9.801264,-0.43905738,0.040593912,0.042241464,0.048721168,0,-0.218,0.484,183.17
01:07.9,0,100,0,0,0,0,0,0,0,0,0.008596254,-0.01225681,0.003326012,0.104287745,0.03986461,-9.8010625,-0.44691774,0.049979146,0.052164752,0.061280764,0,-0.214,0.482,183.17
01:07.9,0,100,0,0,0,0,0,0,0,0,0.009764019,-0.01313912,0.005462484,0.1143212,0.04681396,-9.800861,-0.4547781,0.05936438,0.06208804,0.07384036,0,-0.21,0.48,183.17
01:08.0,0,100,0,0,0,0,0,0,0,0,0.007655402,-0.010523436,0.005139023,0.11125345,0.04244396,-9.802912,-0.455901,0.050306326,0.051966468,0.061636324,0,-0.206,0.48,183.172
01:08.0,0,100,0,0,0,0,0,0,0,0,0.005546784,-0.007907751,0.004815561,0.1081857,0.03807396,-9.804963,-0.4570239,0.041248272,0.041844896,0.049432288,0,-0.202,0.48,183.174
01:08.0,0,100,0,0,0,0,0,0,0,0,0.007732332,-0.010068425,0.001960634,0.11037615,0.03554604,-9.799661,-0.4581468,0.032190218,0.031723324,0.037228252,0,-0.198,0.48,183.176
01:08.0,0,100,0,0,0,0,0,0,0,0,0.00991788,-0.0122291,-0.000894293,0.1125666,0.03301812,-9.794359,-0.4592697,0.023132164,0.021601752,0.025024216,0,-0.194,0.48,183.178
01:08.0,0,100,0,0,0,0,0,0,0,0,0.009056654,-0.01217003,-0.002938799,0.1078277,0.032551345,-9.7986335,-0.4603926,0.01407411,0.01148018,0.01282018,0,-0.19,0.48,183.18
01:08.1,0,100,0,0,0,0,0,0,0,0,0.008195427,-0.01211096,-0.004983305,0.1030888,0.03208457,-9.802908,-0.42445952,0.014259368,0.011556384,0.012361552,0,-0.188,0.478,183.176
01:08.1,0,100,0,0,0,0,0,0,0,0,0.007984218,-0.01133424,-0.003292739,0.10985455,0.041549345,-9.801886,-0.38852644,0.014444626,0.011632588,0.011902924,0,-0.186,0.476,183.172
01:08.1,0,100,0,0,0,0,0,0,0,0,0.007773009,-0.01055752,-0.001602172,0.1166203,0.05101412,-9.800864,-0.35259336,0.014629884,0.011708792,0.011444296,0,-0.184,0.474,183.168
01:08.1,0,100,0,0,0,0,0,0,0,0,0.004126952,-0.002902561,0.000871951,0.106040945,0.04763832,-9.7996215,-0.31666028,0.014815142,0.011784996,0.010985668,0,-0.182,0.472,183.164
01:08.1,0,100,0,0,0,0,0,0,0,0,0.000480895,0.004752399,0.003346073,0.09546159,0.04426252,-9.798379,-0.2807272,0.0150004,0.0118612,0.01052704,0,-0.18,0.47,183.16
01:08.2,0,100,0,0,0,0,0,0,0,0,0.005533467,-0.005083691,0.005497803,0.100562095,0.04308824,-9.7993445,-0.31666028,0.014470766,0.011611,0.01028491,0,-0.176,0.468,183.164
01:08.2,0,100,0,0,0,0,0,0,0,0,0.01058604,-0.01491978,0.007649533,0.1056626,0.04191396,-9.80031,-0.35259336,0.013941132,0.0113608,0.01004278,0,-0.172,0.466,183.168
01:08.2,0,100,0,0,0,0,0,0,0,0,0.008850872,-0.012175472,0.005707231,0.1105941,0.04065505,-9.8019955,-0.38852644,0.013411498,0.0111106,0.009800651,0,-0.168,0.464,183.172
01:08.2,0,100,0,0,0,0,0,0,0,0,0.007115705,-0.009431163,0.003764928,0.1155256,0.03939614,-9.803681,-0.42445952,0.012881864,0.0108604,0.009558521,0,-0.164,0.462,183.176
01:08.2,0,100,0,0,0,0,0,0,0,0,0.007378045,-0.009899262,0.000756642,0.1125827,0.03875463,-9.801127,-0.4603926,0.01235223,0.0106102,0.009316391,0,-0.16,0.46,183.18
01:08.3,0,100,0,0,0,0,0,0,0,0,0.007640385,-0.01036736,-0.002251644,0.1096398,0.03811312,-9.798573,-0.46263842,0.01235193,0.011027154,0.009505405,0,-0.158,0.458,183.178
01:08.3,0,100,0,0,0,0,0,0,0,0,0.00838421,-0.010646,-0.001992436,0.10672865,0.03414099,-9.800064,-0.46488424,0.01235163,0.011444108,0.009694419,0,-0.156,0.456,183.176
01:08.3,0,100,0,0,0,0,0,0,0,0,0.009128034,-0.01092464,-0.001733228,0.1038175,0.03016886,-9.801555,-0.46713006,0.01235133,0.011861062,0.009883432,0,-0.154,0.454,183.174
01:08.3,0,100,0,0,0,0,0,0,0,0,0.008743493,-0.011970015,0.000626584,0.10746005,0.041911405,-9.8013885,-0.46937588,0.01235103,0.012278016,0.010072446,0,-0.152,0.452,183.172
01:08.3,0,100,0,0,0,0,0,0,0,0,0.008358952,-0.01301539,0.002986396,0.1111026,0.05365395,-9.801222,-0.4716217,0.01235073,0.01269497,0.01026146,0,-0.15,0.45,183.17
01:08.4,0,100,0,0,0,0,0,0,0,0,0.003034206,-0.009568716,0.004466841,0.10608355,0.05012578,-9.804521,-0.44242608,0.02172672,0.02429198,0.02328168,0,-0.146,0.448,183.172
01:08.4,0,100,0,0,0,0,0,0,0,0,-0.00229054,-0.006122041,0.005947286,0.1010645,0.04659761,-9.80782,-0.41323046,0.03110271,0.03588899,0.0363019,0,-0.142,0.446,183.174
01:08.4,0,100,0,0,0,0,0,0,0,0,0.00403219,-0.009867656,0.003895955,0.101033,0.0387943,-9.801691,-0.38403484,0.0404787,0.047486,0.04932212,0,-0.138,0.444,183.176
01:08.4,0,100,0,0,0,0,0,0,0,0,0.01035492,-0.01361327,0.001844623,0.1010015,0.03099099,-9.795562,-0.35483922,0.04985469,0.05908301,0.06234234,0,-0.134,0.442,183.178
01:08.4,0,100,0,0,0,0,0,0,0,0,0.008140397,-0.010998164,0.000283751,0.108394,0.037242645,-9.7990965,-0.3256436,0.05923068,0.07068002,0.07536256,0,-0.13,0.44,183.18
01:08.5,0,100,0,0,0,0,0,0,0,0,0.005925873,-0.008383058,-0.001277121,0.1157865,0.0434943,-9.802631,-0.3402414,0.049870342,0.058824822,0.062440012,0,-0.128,0.44,183.18
01:08.5,0,100,0,0,0,0,0,0,0,0,0.007451303,-0.009209459,-0.000689649,0.11558805,0.04340518,-9.7985995,-0.3548392,0.040510004,0.046969624,0.049517464,0,-0.126,0.44,183.18
01:08.5,0,100,0,0,0,0,0,0,0,0,0.008976733,-0.01003586,-0.000102177,0.1153896,0.04331606,-9.794568,-0.369437,0.031149666,0.035114426,0.036594916,0,-0.124,0.44,183.18
01:08.5,0,100,0,0,0,0,0,0,0,0,0.008804116,-0.01098444,0.000523265,0.10716456,0.03955794,-9.7962385,-0.3840348,0.021789328,0.023259228,0.023672368,0,-0.122,0.44,183.18
01:08.5,0,100,0,0,0,0,0,0,0,0,0.008631499,-0.01193302,0.001148707,0.09893952,0.03579982,-9.797909,-0.3986326,0.01242899,0.01140403,0.01074982,0,-0.12,0.44,183.18
01:08.6,0,100,0,0,0,0,0,0,0,0,0.009360565,-0.010742875,0.001947283,0.10942776,0.041942745,-9.7989535,-0.37617444,0.01242877,0.011979118,0.010846112,0,-0.118,0.44,183.18
01:08.6,0,100,0,0,0,0,0,0,0,0,0.01008963,-0.009552729,0.002745859,0.119916,0.04808567,-9.799998,-0.35371628,0.01242855,0.012554206,0.010942404,0,-0.116,0.44,183.18
01:08.6,0,100,0,0,0,0,0,0,0,0,0.003152144,-0.005019142,0.00133055,0.1144962,0.043870045,-9.7990195,-0.33125812,0.01242833,0.013129294,0.011038696,0,-0.114,0.44,183.18
01:08.6,0,100,0,0,0,0,0,0,0,0,-0.003785343,-0.000485555,-8.48E-05,0.1090764,0.03965442,-9.798041,-0.30879996,0.01242811,0.013704382,0.011134988,0,-0.112,0.44,183.18
01:08.6,0,100,0,0,0,0,0,0,0,0,-7.01E-05,0.001195908,-0.001227063,0.10765275,0.041616765,-9.801288,-0.2863418,0.01242789,0.01427947,0.01123128,0,-0.11,0.44,183.18
01:08.7,0,100,0,0,0,0,0,0,0,0,0.003645055,0.00287737,-0.002369368,0.1062291,0.04357911,-9.804535,-0.30992288,0.012345076,0.013832766,0.011873052,0,-0.108,0.438,183.178
01:08.7,0,100,0,0,0,0,0,0,0,0,0.006040609,-0.004124065,-0.001718593,0.1089637,0.042593395,-9.802573,-0.33350396,0.012262262,0.013386062,0.012514824,0,-0.106,0.436,183.176
01:08.7,0,100,0,0,0,0,0,0,0,0,0.008436163,-0.0111255,-0.001067818,0.1116983,0.04160768,-9.800611,-0.35708504,0.012179448,0.012939358,0.013156596,0,-0.104,0.434,183.174
01:08.7,0,100,0,0,0,0,0,0,0,0,0.00819371,-0.009569592,-0.000115118,0.11325655,0.0426116,-9.8000895,-0.38066612,0.012096634,0.012492654,0.013798368,0,-0.102,0.432,183.172
01:08.7,0,100,0,0,0,0,0,0,0,0,0.007951256,-0.008013684,0.000837581,0.1148148,0.04361552,-9.799568,-0.4042472,0.01201382,0.01204595,0.01444014,0,-0.1,0.43,183.17
01:08.8,0,100,0,0,0,0,0,0,0,0,0.008086704,-0.010225422,0.002362459,0.10472928,0.04124875,-9.79801,-0.40873884,0.01311512,0.012778836,0.014552964,0,-0.096,0.43,183.174
01:08.8,0,100,0,0,0,0,0,0,0,0,0.008222152,-0.01243716,0.003887336,0.09464376,0.03888198,-9.796452,-0.41323048,0.01421642,0.013511722,0.014665788,0,-0.092,0.43,183.178
01:08.8,0,100,0,0,0,0,0,0,0,0,0.008753493,-0.011443265,0.005450564,0.10703978,0.039925205,-9.796337,-0.41772212,0.01531772,0.014244608,0.014778612,0,-0.088,0.43,183.182
01:08.8,0,100,0,0,0,0,0,0,0,0,0.009284834,-0.01044937,0.007013793,0.1194358,0.04096843,-9.796222,-0.42221376,0.01641902,0.014977494,0.014891436,0,-0.084,0.43,183.186
01:08.8,0,100,0,0,0,0,0,0,0,0,0.008036282,-0.0112834,0.005845624,0.11152885,0.0424501,-9.795298,-0.4267054,0.01752032,0.01571038,0.01500426,0,-0.08,0.43,183.19
01:08.9,0,100,0,0,0,0,0,0,0,0,0.006787729,-0.01211743,0.004677454,0.1036219,0.04393177,-9.794374,-0.44242612,0.026347056,0.02565108,0.027902482,0,-0.078,0.428,183.192
01:08.9,0,100,0,0,0,0,0,0,0,0,0.005671275,-0.00812325,0.001640902,0.113679,0.035449395,-9.8004135,-0.45814684,0.035173792,0.03559178,0.040800704,0,-0.076,0.426,183.194
01:08.9,0,100,0,0,0,0,0,0,0,0,0.00455482,-0.00412907,-0.00139565,0.1237361,0.02696702,-9.806453,-0.47386756,0.044000528,0.04553248,0.053698926,0,-0.074,0.424,183.196
01:08.9,0,100,0,0,0,0,0,0,0,0,0.005460878,-0.00753871,-0.001722077,0.1148507,0.0355374,-9.8006105,-0.48958828,0.052827264,0.05547318,0.066597148,0,-0.072,0.422,183.198
01:08.9,0,100,0,0,0,0,0,0,0,0,0.006366935,-0.01094835,-0.002048504,0.1059653,0.04410778,-9.794768,-0.505309,0.061654,0.06541388,0.07949537,0,-0.07,0.42,183.2
01:09.0,0,100,0,0,0,0,0,0,0,0,0.00778924,-0.010745415,-0.001484114,0.1103172,0.041013745,-9.7958285,-0.47274464,0.06176864,0.064765048,0.078630786,0,-0.068,0.42,183.198
01:09.0,0,100,0,0,0,0,0,0,0,0,0.009211544,-0.01054248,-0.000919723,0.1146691,0.03791971,-9.796889,-0.44018028,0.06188328,0.064116216,0.077766202,0,-0.066,0.42,183.196
01:09.0,0,100,0,0,0,0,0,0,0,0,0.008436307,-0.01171813,-0.000160641,0.10744775,0.036341505,-9.794093,-0.40761592,0.06199792,0.063467384,0.076901618,0,-0.064,0.42,183.194
01:09.0,0,100,0,0,0,0,0,0,0,0,0.007661069,-0.01289378,0.000598442,0.1002264,0.0347633,-9.791297,-0.37505156,0.06211256,0.062818552,0.076037034,0,-0.062,0.42,183.192
01:09.0,0,100,0,0,0,0,0,0,0,0,0.008455058,-0.013040635,0.002316029,0.1090391,0.04280293,-9.790543,-0.3424872,0.0622272,0.06216972,0.07517245,0,-0.06,0.42,183.19
01:09.1,0,100,0,0,0,0,0,0,0,0,0.009249046,-0.01318749,0.004033616,0.1178518,0.05084256,-9.789789,-0.34585592,0.053666566,0.05270452,0.062994248,0,-0.06,0.418,183.194
01:09.1,0,100,0,0,0,0,0,0,0,0,0.007853246,-0.010510339,0.004823022,0.1133333,0.041288195,-9.793747,-0.34922464,0.045105932,0.04323932,0.050816046,0,-0.06,0.416,183.198
01:09.1,0,100,0,0,0,0,0,0,0,0,0.006457445,-0.007833188,0.005612427,0.1088148,0.03173383,-9.797705,-0.35259336,0.036545298,0.03377412,0.038637844,0,-0.06,0.414,183.202
01:09.1,0,100,0,0,0,0,0,0,0,0,0.007639913,-0.011091664,0.004730482,0.1060096,0.037073085,-9.794013,-0.35596208,0.027984664,0.02430892,0.026459642,0,-0.06,0.412,183.206
01:09.1,0,100,0,0,0,0,0,0,0,0,0.00882238,-0.01435014,0.003848536,0.1032044,0.04241234,-9.790321,-0.3593308,0.01942403,0.01484372,0.01428144,0,-0.06,0.41,183.21
01:09.2,0,100,0,0,0,0,0,0,0,0,0.008798166,-0.011332907,0.003137606,0.1102161,0.03786609,-9.7911125,-0.36606826,0.018327026,0.01480135,0.0143121,0,-0.058,0.41,183.21
01:09.2,0,100,0,0,0,0,0,0,0,0,0.008773951,-0.008315674,0.002426676,0.1172278,0.03331984,-9.791904,-0.37280572,0.017230022,0.01475898,0.01434276,0,-0.056,0.41,183.21
01:09.2,0,100,0,0,0,0,0,0,0,0,0.002889047,-0.006221432,0.001509472,0.1142705,0.043168855,-9.7903545,-0.37954318,0.016133018,0.01471661,0.01437342,0,-0.054,0.41,183.21
01:09.2,0,100,0,0,0,0,0,0,0,0,-0.002995858,-0.00412719,0.000592268,0.1113132,0.05301787,-9.788805,-0.38628064,0.015036014,0.01467424,0.01440408,0,-0.052,0.41,183.21
01:09.2,0,100,0,0,0,0,0,0,0,0,0.003673001,-0.00785448,0.001093392,0.1099119,0.04253792,-9.7911185,-0.3930181,0.01393901,0.01463187,0.01443474,0,-0.05,0.41,183.21
01:09.3,0,100,0,0,0,0,0,0,0,0,0.01034186,-0.01158177,0.001594517,0.1085106,0.03205797,-9.793432,-0.34697884,0.014270618,0.015025902,0.014910312,0,-0.048,0.408,183.212
01:09.3,0,100,0,0,0,0,0,0,0,0,0.009067186,-0.0115373,0.002008921,0.10702415,0.04048633,-9.792289,-0.30093958,0.014602226,0.015419934,0.015385884,0,-0.046,0.406,183.214
01:09.3,0,100,0,0,0,0,0,0,0,0,0.007792512,-0.01149283,0.002423325,0.1055377,0.04891469,-9.791146,-0.25490032,0.014933834,0.015813966,0.015861456,0,-0.044,0.404,183.216
01:09.3,0,100,0,0,0,0,0,0,0,0,0.007754895,-0.0114427,0.002229603,0.10848105,0.04254524,-9.7927305,-0.20886106,0.015265442,0.016207998,0.016337028,0,-0.042,0.402,183.218
01:09.3,0,100,0,0,0,0,0,0,0,0,0.007717278,-0.01139257,0.002035881,0.1114244,0.03617579,-9.794315,-0.1628218,0.01559705,0.01660203,0.0168126,0,-0.04,0.4,183.22
01:09.4,0,100,0,0,0,0,0,0,0,0,0.00760518,-0.009695823,0.001295377,0.10506991,0.03557188,-9.794349,-0.22458178,0.015099052,0.016210064,0.01671198,0,-0.038,0.4,183.22
01:09.4,0,100,0,0,0,0,0,0,0,0,0.007493082,-0.007999075,0.000554873,0.09871542,0.03496797,-9.794383,-0.28634176,0.014601054,0.015818098,0.01661136,0,-0.036,0.4,183.22
01:09.4,0,100,0,0,0,0,0,0,0,0,0.007796338,-0.008789991,0.000531696,0.10536196,0.039792785,-9.7929065,-0.34810174,0.014103056,0.015426132,0.01651074,0,-0.034,0.4,183.22
01:09.4,0,100,0,0,0,0,0,0,0,0,0.008099593,-0.009580907,0.000508518,0.1120085,0.0446176,-9.79143,-0.40986172,0.013605058,0.015034166,0.01641012,0,-0.032,0.4,183.22
01:09.4,0,100,0,0,0,0,0,0,0,0,0.00293296,-0.004180667,0.002203852,0.10281466,0.042102335,-9.7942085,-0.4716217,0.01310706,0.0146422,0.0163095,0,-0.03,0.4,183.22
01:09.5,0,100,0,0,0,0,0,0,0,0,-0.002233673,0.001219574,0.003899187,0.09362082,0.03958707,-9.796987,-0.4469177,0.022612088,0.02554616,0.028081048,0,-0.03,0.4,183.222
01:09.5,0,100,0,0,0,0,0,0,0,0,0.003234003,-0.005701333,0.003878821,0.09776001,0.041179825,-9.79501,-0.4222137,0.032117116,0.03645012,0.039852596,0,-0.03,0.4,183.224
01:09.5,0,100,0,0,0,0,0,0,0,0,0.008701678,-0.01262224,0.003858455,0.1018992,0.04277258,-9.793033,-0.3975097,0.041622144,0.04735408,0.051624144,0,-0.03,0.4,183.226
01:09.5,0,100,0,0,0,0,0,0,0,0,0.007785502,-0.009937542,0.003588338,0.108694,0.040848345,-9.7936475,-0.3728057,0.051127172,0.05825804,0.063395692,0,-0.03,0.4,183.228
01:09.5,0,100,0,0,0,0,0,0,0,0,0.006869325,-0.007252844,0.003318221,0.1154888,0.03892411,-9.794262,-0.3481017,0.0606322,0.069162,0.07516724,0,-0.03,0.4,183.23
01:09.6,0,100,0,0,0,0,0,0,0,0,0.007324737,-0.009421062,0.002033097,0.105582145,0.039618565,-9.789209,-0.33125808,0.05119819,0.05808409,0.062725654,0,-0.028,0.4,183.228
01:09.6,0,100,0,0,0,0,0,0,0,0,0.007780149,-0.01158928,0.000747974,0.09567549,0.04031302,-9.784156,-0.31441446,0.04176418,0.04700618,0.050284068,0,-0.026,0.4,183.226
01:09.6,0,100,0,0,0,0,0,0,0,0,0.009002845,-0.01121924,-0.000385742,0.104001145,0.034161255,-9.787623,-0.29757084,0.03233017,0.03592827,0.037842482,0,-0.024,0.4,183.224
01:09.6,0,100,0,0,0,0,0,0,0,0,0.01022554,-0.0108492,-0.001519457,0.1123268,0.02800949,-9.79109,-0.28072722,0.02289616,0.02485036,0.025400896,0,-0.022,0.4,183.222
01:09.6,0,100,0,0,0,0,0,0,0,0,0.007544868,-0.009577598,-0.001279141,0.1089391,0.03907577,-9.7907085,-0.2638836,0.01346215,0.01377245,0.01295931,0,-0.02,0.4,183.22
01:09.7,0,100,0,0,0,0,0,0,0,0,0.004864196,-0.008305995,-0.001038824,0.1055514,0.05014205,-9.790327,-0.28297304,0.012969072,0.013521876,0.012690054,0,-0.018,0.4,183.222
01:09.7,0,100,0,0,0,0,0,0,0,0,-0.000166813,-0.005893404,0.00157759,0.10622205,0.041629425,-9.7980255,-0.30206248,0.012475994,0.013271302,0.012420798,0,-0.016,0.4,183.224
01:09.7,0,100,0,0,0,0,0,0,0,0,-0.005197822,-0.003480813,0.004194004,0.1068927,0.0331168,-9.805724,-0.32115192,0.011982916,0.013020728,0.012151542,0,-0.014,0.4,183.226
01:09.7,0,100,0,0,0,0,0,0,0,0,-0.002431828,-0.00289901,0.004789574,0.10358045,0.044020175,-9.804341,-0.34024136,0.011489838,0.012770154,0.011882286,0,-0.012,0.4,183.228
01:09.7,0,100,0,0,0,0,0,0,0,0,0.000334166,-0.002317207,0.005385144,0.1002682,0.05492355,-9.802958,-0.3593308,0.01099676,0.01251958,0.01161303,0,-0.01,0.4,183.23
01:09.8,0,100,0,0,0,0,0,0,0,0,0.004531023,-0.006525964,0.005311188,0.10934825,0.048840255,-9.7956525,-0.3582079,0.011552072,0.012145642,0.011672544,0,-0.01,0.398,183.232
01:09.8,0,100,0,0,0,0,0,0,0,0,0.008727879,-0.01073472,0.005237233,0.1184283,0.04275696,-9.788347,-0.357085,0.012107384,0.011771704,0.011732058,0,-0.01,0.396,183.234
01:09.8,0,100,0,0,0,0,0,0,0,0,0.00814268,-0.010852545,0.003586003,0.1107869,0.03574612,-9.789494,-0.3559621,0.012662696,0.011397766,0.011791572,0,-0.01,0.394,183.236
01:09.8,0,100,0,0,0,0,0,0,0,0,0.007557482,-0.01097037,0.001934772,0.1031455,0.02873528,-9.790641,-0.3548392,0.013218008,0.011023828,0.011851086,0,-0.01,0.392,183.238
01:09.8,0,100,0,0,0,0,0,0,0,0,0.008672707,-0.01212706,0.000579594,0.10342605,0.033641905,-9.7879585,-0.3537163,0.01377332,0.01064989,0.0119106,0,-0.01,0.39,183.24
01:09.9,0,100,0,0,0,0,0,0,0,0,0.009787932,-0.01328375,-0.000775584,0.1037066,0.03854853,-9.785276,-0.3413643,0.01333643,0.010635528,0.01170518,0,-0.008,0.39,183.24
01:09.9,0,100,0,0,0,0,0,0,0,0,0.009012734,-0.010544438,-0.000617544,0.10900445,0.041814375,-9.7885155,-0.3290123,0.01289954,0.010621166,0.01149976,0,-0.006,0.39,183.24
01:09.9,0,100,0,0,0,0,0,0,0,0,0.008237535,-0.007805126,-0.000459505,0.1143023,0.04508022,-9.791755,-0.3166603,0.01246265,0.010606804,0.01129434,0,-0.004,0.39,183.24
01:09.9,0,100,0,0,0,0,0,0,0,0,0.008008774,-0.010125228,0.000625018,0.10805195,0.04499855,-9.788689,-0.3043083,0.01202576,0.010592442,0.01108892,0,-0.002,0.39,183.24
01:09.9,0,100,0,0,0,0,0,0,0,0,0.007780012,-0.01244533,0.001709541,0.1018016,0.04491688,-9.785623,-0.2919563,0.01158887,0.01057808,0.0108835,0,0,0.39,183.24
01:10.0,0,100,0,0,0,0,0,0,0,0,0.008543851,-0.011174955,0.002311071,0.1044495,0.03739191,-9.788344,-0.27187026,0.021044674,0.021973908,0.024045062,0,0,0.39,183.242
01:10.0,0,100,0,0,0,0,0,0,0,0,0.009307689,-0.009904579,0.002912602,0.1070974,0.02986694,-9.791065,-0.25178422,0.030500478,0.033369736,0.037206624,0,0,0.39,183.244
01:10.0,0,100,0,0,0,0,0,0,0,0,0.003772797,-0.007655308,0.002218361,0.1119863,0.047449365,-9.8002125,-0.23169818,0.039956282,0.044765564,0.050368186,0,0,0.39,183.246
01:10.0,0,100,0,0,0,0,0,0,0,0,-0.001762095,-0.005406037,0.00152412,0.1168752,0.06503179,-9.80936,-0.21161214,0.049412086,0.056161392,0.063529748,0,0,0.39,183.248
01:10.0,0,100,0,0,0,0,0,0,0,0,0.003913142,-0.00765966,0.002196139,0.1104738,0.04895137,-9.7999355,-0.1915261,0.05886789,0.06755722,0.07669131,0,0,0.39,183.25
01:10.1,0,100,0,0,0,0,0,0,0,0,0.009588378,-0.009913282,0.002868158,0.1040724,0.03287095,-9.790511,-0.20166572,0.049416208,0.056291946,0.063899452,0,0,0.39,183.252
01:10.1,0,100,0,0,0,0,0,0,0,0,0.008658583,-0.011417436,0.002340132,0.1034508,0.03278941,-9.788811,-0.21180534,0.039964526,0.045026672,0.051107594,0,0,0.39,183.254
01:10.1,0,100,0,0,0,0,0,0,0,0,0.007728787,-0.01292159,0.001812106,0.1028292,0.03270787,-9.787111,-0.22194496,0.030512844,0.033761398,0.038315736,0,0,0.39,183.256
01:10.1,0,100,0,0,0,0,0,0,0,0,0.007806727,-0.011801405,0.000914872,0.10824045,0.036226695,-9.7871415,-0.23208458,0.021061162,0.022496124,0.025523878,0,0,0.39,183.258
01:10.1,0,100,0,0,0,0,0,0,0,0,0.007884666,-0.01068122,1.76E-05,0.1136517,0.03974552,-9.787172,-0.2422242,0.01160948,0.01123085,0.01273202,0,0,0.39,183.26
01:10.2,0,100,0,0,0,0,0,0,0,0,0.007938157,-0.01125462,0.000480559,0.1086627,0.03911338,-9.7847815,-0.23208458,0.011567236,0.011028848,0.012682684,0,0,0.388,183.258
01:10.2,0,100,0,0,0,0,0,0,0,0,0.007991647,-0.01182802,0.000943479,0.1036737,0.03848124,-9.782391,-0.22194496,0.011524992,0.010826846,0.012633348,0,0,0.386,183.256
01:10.2,0,100,0,0,0,0,0,0,0,0,0.00834689,-0.010961535,0.000850977,0.1042945,0.03795885,-9.7843255,-0.21180534,0.011482748,0.010624844,0.012584012,0,0,0.384,183.254
01:10.2,0,100,0,0,0,0,0,0,0,0,0.008702133,-0.01009505,0.000758474,0.1049153,0.03743646,-9.78626,-0.20166572,0.011440504,0.010422842,0.012534676,0,0,0.382,183.252
01:10.2,0,100,0,0,0,0,0,0,0,0,0.002703494,-0.007920389,0.000419997,0.1097004,0.04104655,-9.794005,-0.1915261,0.01139826,0.01022084,0.01248534,0,0,0.38,183.25
01:10.3,0,100,0,0,0,0,0,0,0,0,-0.003295146,-0.005745727,8.15E-05,0.1144855,0.04465664,-9.80175,-0.20504558,0.010979363,0.010637124,0.011925234,0,0,0.38,183.252
01:10.3,0,100,0,0,0,0,0,0,0,0,0.00191021,-0.008575664,0.000995421,0.1087306,0.04410778,-9.7947415,-0.21856506,0.010560466,0.011053408,0.011365128,0,0,0.38,183.254
01:10.3,0,100,0,0,0,0,0,0,0,0,0.007115566,-0.0114056,0.001909322,0.1029757,0.04355892,-9.787733,-0.23208454,0.010141568,0.011469692,0.010805022,0,0,0.38,183.256
01:10.3,0,100,0,0,0,0,0,0,0,0,0.009272728,-0.011999545,0.00257958,0.1044667,0.036901155,-9.7891355,-0.24560402,0.009722671,0.011885976,0.010244916,0,0,0.38,183.258
01:10.3,0,100,0,0,0,0,0,0,0,0,0.01142989,-0.01259349,0.003249838,0.1059577,0.03024339,-9.790538,-0.2591235,0.009303774,0.01230226,0.00968481,0,0,0.38,183.26
01:10.4,0,100,0,0,0,0,0,0,0,0,0.00931195,-0.01288373,0.002175792,0.10742935,0.040028055,-9.789113,-0.25349038,0.010007507,0.012071056,0.00956718,0,0.002,0.38,183.26
01:10.4,0,100,0,0,0,0,0,0,0,0,0.007194011,-0.01317397,0.001101746,0.108901,0.04981272,-9.787688,-0.24785726,0.01071124,0.011839852,0.009449551,0,0.004,0.38,183.26
01:10.4,0,100,0,0,0,0,0,0,0,0,0.008344602,-0.011844685,3.60E-05,0.11284375,0.040989685,-9.78903,-0.24222414,0.011414974,0.011608648,0.009331921,0,0.006,0.38,183.26
01:10.4,0,100,0,0,0,0,0,0,0,0,0.009495192,-0.0105154,-0.001029721,0.1167865,0.03216665,-9.790372,-0.23659102,0.012118707,0.011377444,0.009214292,0,0.008,0.38,183.26
01:10.4,0,100,0,0,0,0,0,0,0,0,0.008400547,-0.011089385,-0.00103781,0.105982795,0.03424384,-9.788993,-0.2309579,0.01282244,0.01114624,0.009096662,0,0.01,0.38,183.26
01:10.5,0,100,0,0,0,0,0,0,0,0,0.007305901,-0.01166337,-0.001045899,0.09517909,0.03632103,-9.787614,-0.22194492,0.02170114,0.021853136,0.02219823,0,0.01,0.378,183.262
01:10.5,0,100,0,0,0,0,0,0,0,0,0.008521019,-0.01129019,0.001004181,0.108404945,0.03945533,-9.7899915,-0.21293194,0.03057984,0.032560032,0.035299797,0,0.01,0.376,183.264
01:10.5,0,100,0,0,0,0,0,0,0,0,0.009736137,-0.01091701,0.003054262,0.1216308,0.04258963,-9.792369,-0.20391896,0.03945854,0.043266928,0.048401365,0,0.01,0.374,183.266
01:10.5,0,100,0,0,0,0,0,0,0,0,0.004822044,-0.006605026,0.00306765,0.1122671,0.054091635,-9.7974925,-0.19490598,0.04833724,0.053973824,0.061502932,0,0.01,0.372,183.268
01:10.5,0,100,0,0,0,0,0,0,0,0,-9.20E-05,-0.002293042,0.003081037,0.1029034,0.06559364,-9.802616,-0.185893,0.05721594,0.06468072,0.0746045,0,0.01,0.37,183.27
01:10.6,0,100,0,0,0,0,0,0,0,0,0.005488416,-0.006278731,0.003660893,0.10566855,0.04628182,-9.7957825,-0.18814624,0.047854882,0.054433478,0.061955598,0,0.012,0.37,183.272
01:10.6,0,100,0,0,0,0,0,0,0,0,0.01106888,-0.01026442,0.004240749,0.1084337,0.02697,-9.788949,-0.19039948,0.038493824,0.044186236,0.049306696,0,0.014,0.37,183.274
01:10.6,0,100,0,0,0,0,0,0,0,0,0.009446416,-0.01073964,0.002968263,0.1068812,0.03512595,-9.7892735,-0.19265272,0.029132766,0.033938994,0.036657794,0,0.016,0.37,183.276
01:10.6,0,100,0,0,0,0,0,0,0,0,0.007823952,-0.01121486,0.001695776,0.1053287,0.0432819,-9.789598,-0.19490596,0.019771708,0.023691752,0.024008892,0,0.018,0.37,183.278
01:10.6,0,100,0,0,0,0,0,0,0,0,0.008104614,-0.010053535,0.00100067,0.11095555,0.040732115,-9.789312,-0.1971592,0.01041065,0.01344451,0.01135999,0,0.02,0.37,183.28
01:10.7,0,100,0,0,0,0,0,0,0,0,0.008385275,-0.00889221,0.000305563,0.1165824,0.03818233,-9.789026,-0.22194494,0.010799158,0.013579038,0.012290274,0,0.02,0.368,183.278
01:10.7,0,100,0,0,0,0,0,0,0,0,0.008627082,-0.010603455,-0.000264843,0.108107225,0.03662372,-9.7878875,-0.24673068,0.011187666,0.013713566,0.013220558,0,0.02,0.366,183.276
01:10.7,0,100,0,0,0,0,0,0,0,0,0.008868888,-0.0123147,-0.000835249,0.09963205,0.03506511,-9.786749,-0.27151642,0.011576174,0.013848094,0.014150842,0,0.02,0.364,183.274
01:10.7,0,100,0,0,0,0,0,0,0,0,0.008416763,-0.011802805,0.00113972,0.105580025,0.041606415,-9.7869215,-0.29630216,0.011964682,0.013982622,0.015081126,0,0.02,0.362,183.272
01:10.7,0,100,0,0,0,0,0,0,0,0,0.007964637,-0.01129091,0.003114688,0.111528,0.04814772,-9.787094,-0.3210879,0.01235319,0.01411715,0.01601141,0,0.02,0.36,183.27
01:10.8,0,100,0,0,0,0,0,0,0,0,0.003846133,-0.004835327,0.005014719,0.1098159,0.04950858,-9.788816,-0.29968204,0.012114416,0.014440284,0.015508728,0,0.02,0.36,183.276
01:10.8,0,100,0,0,0,0,0,0,0,0,-0.000272371,0.001620257,0.006914749,0.1081038,0.05086944,-9.790538,-0.27827618,0.011875642,0.014763418,0.015006046,0,0.02,0.36,183.282
01:10.8,0,100,0,0,0,0,0,0,0,0,0.004310474,-0.005209977,0.00522366,0.10570675,0.041535645,-9.787693,-0.25687032,0.011636868,0.015086552,0.014503364,0,0.02,0.36,183.288
01:10.8,0,100,0,0,0,0,0,0,0,0,0.008893319,-0.01204021,0.003532571,0.1033097,0.03220185,-9.784848,-0.23546446,0.011398094,0.015409686,0.014000682,0,0.02,0.36,183.294
01:10.8,0,100,0,0,0,0,0,0,0,0,0.009308177,-0.009960753,0.002073179,0.11081995,0.03272517,-9.7886985,-0.2140586,0.01115932,0.01573282,0.013498,0,0.02,0.36,183.3
01:10.9,0,100,0,0,0,0,0,0,0,0,0.009723034,-0.007881296,0.000613787,0.1183302,0.03324849,-9.792549,-0.2185651,0.01098808,0.016120686,0.01353483,0,0.02,0.36,183.296
01:10.9,0,100,0,0,0,0,0,0,0,0,0.008147118,-0.010246263,-0.001867986,0.11438635,0.042729655,-9.789178,-0.2230716,0.01081684,0.016508552,0.01357166,0,0.02,0.36,183.292
01:10.9,0,100,0,0,0,0,0,0,0,0,0.006571202,-0.01261123,-0.004349759,0.1104425,0.05221082,-9.785807,-0.2275781,0.0106456,0.016896418,0.01360849,0,0.02,0.36,183.288
01:10.9,0,100,0,0,0,0,0,0,0,0,0.008094817,-0.011763435,-0.003164896,0.11106275,0.04050447,-9.790492,-0.2320846,0.01047436,0.017284284,0.01364532,0,0.02,0.36,183.284
01:10.9,0,100,0,0,0,0,0,0,0,0,0.009618432,-0.01091564,-0.001980033,0.111683,0.02879812,-9.795177,-0.2365911,0.01030312,0.01767215,0.01368215,0,0.02,0.36,183.28
01:11.0,0,100,0,0,0,0,0,0,0,0,0.008595846,-0.01175186,-0.000483651,0.105516105,0.037802315,-9.791746,-0.21743848,0.01151222,0.0169685,0.013457814,0,0.022,0.358,183.282
01:11.0,0,100,0,0,0,0,0,0,0,0,0.00757326,-0.01258808,0.001012731,0.09934921,0.04680651,-9.788315,-0.19828586,0.01272132,0.01626485,0.013233478,0,0.024,0.356,183.284
01:11.0,0,100,0,0,0,0,0,0,0,0,0.003081831,-0.003872793,0.002808382,0.116723205,0.049974435,-9.798456,-0.17913324,0.01393042,0.0155612,0.013009142,0,0.026,0.354,183.286
01:11.0,0,100,0,0,0,0,0,0,0,0,-0.001409599,0.004842494,0.004604034,0.1340972,0.05314236,-9.808597,-0.15998062,0.01513952,0.01485755,0.012784806,0,0.028,0.352,183.288
01:11.0,0,100,0,0,0,0,0,0,0,0,0.002891637,-0.004485128,0.005208077,0.113523315,0.044259345,-9.797101,-0.140828,0.01634862,0.0141539,0.01256047,0,0.03,0.35,183.29
01:11.1,0,100,0,0,0,0,0,0,0,0,0.007192873,-0.01381275,0.00581212,0.09294943,0.03537633,-9.785605,-0.15998062,0.025974802,0.024547666,0.02538563,0,0.03,0.35,183.292
01:11.1,0,100,0,0,0,0,0,0,0,0,0.008429066,-0.01304878,0.004204983,0.103708415,0.034660995,-9.788674,-0.17913324,0.035600984,0.034941432,0.03821079,0,0.03,0.35,183.294
01:11.1,0,100,0,0,0,0,0,0,0,0,0.009665259,-0.01228481,0.002597847,0.1144674,0.03394566,-9.791743,-0.19828586,0.045227166,0.045335198,0.05103595,0,0.03,0.35,183.296
01:11.1,0,100,0,0,0,0,0,0,0,0,0.008391964,-0.011629765,0.000784233,0.1127821,0.042194475,-9.793006,-0.21743848,0.054853348,0.055728964,0.06386111,0,0.03,0.35,183.298
01:11.1,0,100,0,0,0,0,0,0,0,0,0.007118669,-0.01097472,-0.00102938,0.1110968,0.05044329,-9.794269,-0.2365911,0.06447953,0.06612273,0.07668627,0,0.03,0.35,183.3
01:11.2,0,100,0,0,0,0,0,0,0,0,0.008393625,-0.01166476,-0.001806682,0.10682655,0.04057378,-9.79166,-0.2512372,0.0642027,0.066060358,0.075926096,0,0.032,0.348,183.298
01:11.2,0,100,0,0,0,0,0,0,0,0,0.00966858,-0.0123548,-0.002583984,0.1025563,0.03070427,-9.789051,-0.2658833,0.06392587,0.065997986,0.075165922,0,0.034,0.346,183.296
01:11.2,0,100,0,0,0,0,0,0,0,0,0.009449471,-0.012375955,-0.001701048,0.1052181,0.03619122,-9.7895225,-0.2805294,0.06364904,0.065935614,0.074405748,0,0.036,0.344,183.294
01:11.2,0,100,0,0,0,0,0,0,0,0,0.009230361,-0.01239711,-0.000818112,0.1078799,0.04167817,-9.789994,-0.2951755,0.06337221,0.065873242,0.073645574,0,0.038,0.342,183.292
01:11.2,0,100,0,0,0,0,0,0,0,0,0.008522889,-0.010403528,0.002057951,0.1112953,0.043845375,-9.788112,-0.3098216,0.06309538,0.06581087,0.0728854,0,0.04,0.34,183.29
01:11.3,0,100,0,0,0,0,0,0,0,0,0.007815418,-0.008409946,0.004934015,0.1147107,0.04601258,-9.78623,-0.2861625,0.05322923,0.054862504,0.06097325,0,0.04,0.34,183.294
01:11.3,0,100,0,0,0,0,0,0,0,0,0.004310039,-0.001906921,0.003729713,0.1104689,0.039941965,-9.79553,-0.2625034,0.04336308,0.043914138,0.0490611,0,0.04,0.34,183.298
01:11.3,0,100,0,0,0,0,0,0,0,0,0.000804661,0.004596105,0.002525411,0.1062271,0.03387135,-9.80483,-0.2388443,0.03349693,0.032965772,0.03714895,0,0.04,0.34,183.302
01:11.3,0,100,0,0,0,0,0,0,0,0,-0.000355745,0.002088982,0.00036284,0.1079946,0.03324707,-9.8015305,-0.2151852,0.02363078,0.022017406,0.0252368,0,0.04,0.34,183.306
01:11.3,0,100,0,0,0,0,0,0,0,0,-0.001516151,-0.000418142,-0.00179973,0.1097621,0.03262279,-9.798231,-0.1915261,0.01376463,0.01106904,0.01332465,0,0.04,0.34,183.31
01:11.4,0,100,0,0,0,0,0,0,0,0,0.003062387,-0.005301516,-0.002115225,0.11410255,0.0364235,-9.794232,-0.23997094,0.013291532,0.010958906,0.01271608,0,0.042,0.338,183.308
01:11.4,0,100,0,0,0,0,0,0,0,0,0.007640925,-0.01018489,-0.00243072,0.118443,0.04022421,-9.790233,-0.28841578,0.012818434,0.010848772,0.01210751,0,0.044,0.336,183.306
01:11.4,0,100,0,0,0,0,0,0,0,0,0.007515635,-0.009972348,-0.001428764,0.1108867,0.04081697,-9.789627,-0.33686062,0.012345336,0.010738638,0.01149894,0,0.046,0.334,183.304
01:11.4,0,100,0,0,0,0,0,0,0,0,0.007390344,-0.009759806,-0.000426809,0.1033304,0.04140973,-9.789021,-0.38530546,0.011872238,0.010628504,0.01089037,0,0.048,0.332,183.302
01:11.4,0,100,0,0,0,0,0,0,0,0,0.007818836,-0.010904043,0.001407772,0.10381105,0.03728204,-9.7913205,-0.4337503,0.01139914,0.01051837,0.0102818,0,0.05,0.33,183.3
01:11.5,0,100,0,0,0,0,0,0,0,0,0.008247327,-0.01204828,0.003242353,0.1042917,0.03315435,-9.79362,-0.348126864,0.011144852,0.011001856,0.010673336,0,0.05,0.33,183.304
01:11.5,0,100,0,0,0,0,0,0,0,0,0.007483293,-0.01209516,0.004895533,0.107419,0.04060097,-9.792294,-0.262503428,0.010890564,0.011485342,0.011064872,0,0.05,0.33,183.308
01:11.5,0,100,0,0,0,0,0,0,0,0,0.006719258,-0.01214204,0.006548713,0.1105463,0.04804759,-9.790968,-0.176879992,0.010636276,0.011968828,0.011456408,0,0.05,0.33,183.312
01:11.5,0,100,0,0,0,0,0,0,0,0,0.00774799,-0.01146131,0.005172425,0.11035565,0.0397624,-9.7908555,-0.091256556,0.010381988,0.012452314,0.011847944,0,0.05,0.33,183.316
01:11.5,0,100,0,0,0,0,0,0,0,0,0.008776722,-0.01078058,0.003796136,0.110165,0.03147721,-9.790743,-0.00563312,0.0101277,0.0129358,0.01223948,0,0.05,0.33,183.32
01:11.6,0,100,0,0,0,0,0,0,0,0,0.004590866,-0.00451141,0.000848226,0.11077415,0.03207744,-9.8041945,-0.052951336,0.01025038,0.012256619,0.012165938,0,0.052,0.328,183.318
01:11.6,0,100,0,0,0,0,0,0,0,0,0.00040501,0.001757761,-0.002099683,0.1113833,0.03267767,-9.817646,-0.100269552,0.01037306,0.011577438,0.012092396,0,0.054,0.326,183.316
01:11.6,0,100,0,0,0,0,0,0,0,0,0.004309124,-0.00413626,-0.002576732,0.1131125,0.037929005,-9.805846,-0.147587768,0.01049574,0.010898256,0.012018854,0,0.056,0.324,183.314
01:11.6,0,100,0,0,0,0,0,0,0,0,0.008213237,-0.01003028,-0.00305378,0.1148417,0.04318034,-9.794046,-0.194905984,0.01061842,0.010219075,0.011945312,0,0.058,0.322,183.312
01:11.6,0,100,0,0,0,0,0,0,0,0,0.00786242,-0.01063643,-0.001719112,0.11137785,0.041834455,-9.7918935,-0.2422242,0.0107411,0.009539894,0.01187177,0,0.06,0.32,183.31
01:11.7,0,100,0,0,0,0,0,0,0,0,0.007511602,-0.01124258,-0.000384443,0.107914,0.04048857,-9.789741,-0.21743846,0.019982982,0.020876513,0.024244524,0,0.06,0.32,183.312
01:11.7,0,100,0,0,0,0,0,0,0,0,0.007912097,-0.01196885,0.001971291,0.10423575,0.037343375,-9.7887385,-0.19265272,0.029224864,0.032213132,0.036617278,0,0.06,0.32,183.314
01:11.7,0,100,0,0,0,0,0,0,0,0,0.008312592,-0.01269512,0.004327025,0.1005575,0.03419818,-9.787736,-0.16786698,0.038466746,0.043549752,0.048990032,0,0.06,0.32,183.316
01:11.7,0,100,0,0,0,0,0,0,0,0,0.00850042,-0.01241389,0.005312865,0.10534325,0.03821707,-9.7903755,-0.14308124,0.047708628,0.054886371,0.061362786,0,0.06,0.32,183.318
01:11.7,0,100,0,0,0,0,0,0,0,0,0.008688248,-0.01213266,0.006298705,0.110129,0.04223596,-9.793015,-0.1182955,0.05695051,0.06622299,0.07373554,0,0.06,0.32,183.32
01:11.8,0,100,0,0,0,0,0,0,0,0,0.00839794,-0.011494575,0.00474385,0.10979985,0.03950449,-9.794108,-0.17124684,0.047341147,0.054906632,0.061197658,0,0.06,0.318,183.32
01:11.8,0,100,0,0,0,0,0,0,0,0,0.008107632,-0.01085649,0.003188994,0.1094707,0.03677302,-9.795201,-0.22419818,0.037731784,0.043590274,0.048659776,0,0.06,0.316,183.32
01:11.8,0,100,0,0,0,0,0,0,0,0,0.008765496,-0.011864815,0.000800748,0.10971635,0.03292054,-9.7943415,-0.27714952,0.028122421,0.032273917,0.036121894,0,0.06,0.314,183.32
01:11.8,0,100,0,0,0,0,0,0,0,0,0.009423359,-0.01287314,-0.001587499,0.109962,0.02906806,-9.793482,-0.33010086,0.018513058,0.020957559,0.023584012,0,0.06,0.312,183.32
01:11.8,0,100,0,0,0,0,0,0,0,0,0.004000749,-0.008990862,-0.001526579,0.11620775,0.036100635,-9.8015825,-0.3830522,0.008903695,0.009641201,0.01104613,0,0.06,0.31,183.32
01:11.9,0,100,0,0,0,0,0,0,0,0,-0.00142186,-0.005108584,-0.00146566,0.1224535,0.04313321,-9.809683,-0.38530544,0.0095739,0.009750751,0.011808754,0,0.062,0.31,183.32
01:11.9,0,100,0,0,0,0,0,0,0,0,0.003959342,-0.007939512,-0.000694906,0.11731905,0.04160331,-9.801394,-0.38755868,0.010244105,0.009860301,0.012571378,0,0.064,0.31,183.32
01:11.9,0,100,0,0,0,0,0,0,0,0,0.009340544,-0.01077044,7.58E-05,0.1121846,0.04007341,-9.793105,-0.38981192,0.01091431,0.00996985,0.013334002,0,0.066,0.31,183.32
01:11.9,0,100,0,0,0,0,0,0,0,0,0.008694091,-0.010867365,0.001582358,0.10601279,0.04085429,-9.793704,-0.39206516,0.011584515,0.0100794,0.014096626,0,0.068,0.31,183.32
01:11.9,0,100,0,0,0,0,0,0,0,0,0.008047638,-0.01096429,0.003088868,0.09984098,0.04163517,-9.794303,-0.3943184,0.01225472,0.01018895,0.01485925,0,0.07,0.31,183.32
01:12.0,0,100,0,0,0,0,0,0,0,0,0.008210783,-0.011957865,0.004907414,0.10763279,0.04110316,-9.7953445,-0.39093854,0.012136322,0.01024365,0.01423665,0,0.07,0.308,183.324
01:12.0,0,100,0,0,0,0,0,0,0,0,0.008373929,-0.01295144,0.006725959,0.1154246,0.04057115,-9.796386,-0.38755868,0.012017924,0.01029835,0.01361405,0,0.07,0.306,183.328
01:12.0,0,100,0,0,0,0,0,0,0,0,0.008012406,-0.012352345,0.005669565,0.11022925,0.04047023,-9.795683,-0.38417882,0.011899526,0.01035305,0.01299145,0,0.07,0.304,183.332
01:12.0,0,100,0,0,0,0,0,0,0,0,0.007650883,-0.01175325,0.00461317,0.1050339,0.04036931,-9.79498,-0.38079896,0.011781128,0.01040775,0.01236885,0,0.07,0.302,183.336
01:12.0,0,100,0,0,0,0,0,0,0,0,0.007788317,-0.010813981,0.002131448,0.1077532,0.035967855,-9.7949545,-0.3774191,0.01166273,0.01046245,0.01174625,0,0.07,0.3,183.34
01:12.1,0,100,0,0,0,0,0,0,0,0,0.007925752,-0.009874712,-0.000350274,0.1104725,0.0315664,-9.794929,-0.36051974,0.018884758,0.024375694,0.022558788,0,0.07,0.3,183.336
01:12.1,0,100,0,0,0,0,0,0,0,0,0.004948124,-0.004625333,-0.002994372,0.11075335,0.038134405,-9.7988155,-0.34362038,0.026106786,0.038288938,0.033371326,0,0.07,0.3,183.332
01:12.1,0,100,0,0,0,0,0,0,0,0,0.001970495,0.000624046,-0.00563847,0.1110342,0.04470241,-9.802702,-0.32672102,0.033328814,0.052202182,0.044183864,0,0.07,0.3,183.328
01:12.1,0,100,0,0,0,0,0,0,0,0,0.004815156,-0.006337397,-0.003858368,0.1059471,0.04199366,-9.799701,-0.30982166,0.040550842,0.066115426,0.054996402,0,0.07,0.3,183.324
01:12.1,0,100,0,0,0,0,0,0,0,0,0.007659817,-0.01329884,-0.002078267,0.10086,0.03928491,-9.7967,-0.2929223,0.04777287,0.08002867,0.06580894,0,0.07,0.3,183.32
01:12.2,0,100,0,0,0,0,0,0,0,0,0.009009554,-0.015136215,0.002001354,0.10255115,0.041060725,-9.7947355,-0.27714956,0.094248276,0.186407636,0.113545532,0,0.072,0.298,183.334
01:12.2,0,100,0,0,0,0,0,0,0,0,0.01035929,-0.01697359,0.006080974,0.1042423,0.04283654,-9.792771,-0.26137682,0.140723682,0.292786602,0.161282124,0,0.074,0.296,183.348
01:12.2,0,100,0,0,0,0,0,0,0,0,0.002923324,-0.014001675,0.013304297,0.1083612,0.04865849,-9.7948795,-0.24560408,0.187199088,0.399165568,0.209018716,0,0.076,0.294,183.362
01:12.2,0,100,0,0,0,0,0,0,0,0,-0.004512643,-0.01102976,0.02052762,0.1124801,0.05448044,-9.796988,-0.22983134,0.233674494,0.505544534,0.256755308,0,0.078,0.292,183.376
01:12.2,0,100,0,0,0,0,0,0,0,0,0.002332326,-0.01833708,0.013353975,0.10896625,0.03735288,-9.7925685,-0.2140586,0.2801499,0.6119235,0.3044919,0,0.08,0.29,183.39
01:12.3,0,100,0,0,0,0,0,0,0,0,0.009177295,-0.0256444,0.00618033,0.1054524,0.02022532,-9.788149,-0.2095521,0.27669754,0.6440934,0.37364038,0,0.08,0.292,183.37
01:12.3,0,100,0,0,0,0,0,0,0,0,0.004662522,-0.011962129,-0.01057363,0.10840885,-0.00161992,-9.798521,-0.2050456,0.27324518,0.6762633,0.44278886,0,0.08,0.294,183.35
01:12.3,0,100,0,0,0,0,0,0,0,0,0.00014775,0.001720143,-0.02732759,0.1113653,-0.02346516,-9.808893,-0.2005391,0.26979282,0.7084332,0.51193734,0,0.08,0.296,183.33
01:12.3,0,100,0,0,0,0,0,0,0,0,-0.002478027,-0.005507379,-0.027388415,0.1331489,0.033720195,-9.8045505,-0.1960326,0.26634046,0.7406031,0.58108582,0,0.08,0.298,183.31
01:12.3,0,100,0,0,0,0,0,0,0,0,-0.005103804,-0.0127349,-0.02744924,0.1549325,0.09090555,-9.800208,-0.1915261,0.2628881,0.772773,0.6502343,0,0.08,0.3,183.29
01:12.4,0,100,0,0,0,0,0,0,0,0,-0.006136468,0.000173945,-0.010818502,0.1335765,0.06663886,-9.802798,-0.1870196,0.2617012,0.72182098,0.60746366,0,0.08,0.298,183.308
01:12.4,0,100,0,0,0,0,0,0,0,0,-0.007169132,0.01308279,0.005812237,0.1122205,0.04237217,-9.805388,-0.1825131,0.2605143,0.67086896,0.56469302,0,0.08,0.296,183.326
01:12.4,0,100,0,0,0,0,0,0,0,0,0.000617497,-0.00616896,0.024843513,0.11952505,0.07069734,-9.7930925,-0.1780066,0.2593274,0.61991694,0.52192238,0,0.08,0.294,183.344
01:12.4,0,100,0,0,0,0,0,0,0,0,0.008404125,-0.02542071,0.04387479,0.1268296,0.09902251,-9.780797,-0.1735001,0.2581405,0.56896492,0.47915174,0,0.08,0.292,183.362
01:12.4,0,100,0,0,0,0,0,0,0,0,0.008817383,-0.023067385,0.04328188,0.1267484,0.070779245,-9.7935955,-0.1689936,0.2569536,0.5180129,0.4363811,0,0.08,0.29,183.38
01:12.5,0,100,0,0,0,0,0,0,0,0,0.009230641,-0.02071406,0.04268897,0.1266672,0.04253598,-9.806394,-0.20391896,0.28271128,0.52333786,0.44098312,0,0.08,0.29,183.388
01:12.5,0,100,0,0,0,0,0,0,0,0,0.008998859,-0.020964,0.023618818,0.11485635,0.01246573,-9.802669,-0.23884432,0.30846896,0.52866282,0.44558514,0,0.08,0.29,183.396
01:12.5,0,100,0,0,0,0,0,0,0,0,0.008767076,-0.02121394,0.004548665,0.1030455,-0.01760452,-9.798944,-0.27376968,0.33422664,0.53398778,0.45018716,0,0.08,0.29,183.404
01:12.5,0,100,0,0,0,0,0,0,0,0,0.003743009,-0.014170414,-0.013514822,0.11104445,-4.15E-05,-9.8007765,-0.30869504,0.35998432,0.53931274,0.45478918,0,0.08,0.29,183.412
01:12.5,0,100,0,0,0,0,0,0,0,0,-0.001281059,-0.007126888,-0.03157831,0.1190434,0.01752144,-9.802609,-0.3436204,0.385742,0.5446377,0.4593912,0,0.08,0.29,183.42
01:12.6,0,100,0,0,0,0,0,0,0,0,0.00513345,-0.00518028,-0.02910131,0.13139895,0.03171009,-9.795868,-0.30756842,0.3752339,0.58734046,0.48358948,0,0.082,0.292,183.394
01:12.6,0,100,0,0,0,0,0,0,0,0,0.01154796,-0.003233671,-0.02662431,0.1437545,0.04589874,-9.789127,-0.27151644,0.3647258,0.63004322,0.50778776,0,0.084,0.294,183.368
01:12.6,0,100,0,0,0,0,0,0,0,0,0.00259385,-0.000307012,-0.01239709,0.1068558,0.046533955,-9.796572,-0.23546446,0.3542177,0.67274598,0.53198604,0,0.086,0.296,183.342
01:12.6,0,100,0,0,0,0,0,0,0,0,-0.006360261,0.002619648,0.001830131,0.0699571,0.04716917,-9.804017,-0.19941248,0.3437096,0.71544874,0.55618432,0,0.088,0.298,183.316
01:12.6,0,100,0,0,0,0,0,0,0,0,-0.01136746,0.003019772,0.017817706,0.11856085,0.06938612,-9.7936455,-0.1633605,0.3332015,0.7581515,0.5803826,0,0.09,0.3,183.29
01:12.7,0,100,0,0,0,0,0,0,0,0,-0.01637466,0.003419895,0.03380528,0.1671646,0.09160307,-9.783274,-0.20279234,0.3499139,0.78835834,0.60158036,0,0.088,0.296,183.324
01:12.7,0,100,0,0,0,0,0,0,0,0,-0.00898084,0.003086861,0.038225465,0.14203965,0.06731508,-9.791325,-0.24222418,0.3666263,0.81856518,0.62277812,0,0.086,0.292,183.358
01:12.7,0,100,0,0,0,0,0,0,0,0,-0.001587019,0.002753826,0.04264565,0.1169147,0.04302709,-9.799376,-0.28165602,0.3833387,0.84877202,0.64397588,0,0.084,0.288,183.392
01:12.7,0,100,0,0,0,0,0,0,0,0,0.001467675,-7.61E-05,0.030666495,0.11768055,0.026516615,-9.7902255,-0.32108786,0.4000511,0.87897886,0.66517364,0,0.082,0.284,183.426
01:12.7,0,100,0,0,0,0,0,0,0,0,0.004522368,-0.002905944,0.01868734,0.1184464,0.01000614,-9.781075,-0.3605197,0.4167635,0.9091857,0.6863714,0,0.08,0.28,183.46
01:12.8,0,100,0,0,0,0,0,0,0,0,-0.001831715,0.007953558,-0.000371805,0.11325625,0.002498603,-9.796118,-0.30531512,0.39101636,0.92135596,0.67064152,0,0.086,0.28,183.43
01:12.8,0,100,0,0,0,0,0,0,0,0,-0.008185797,0.01881306,-0.01943095,0.1080661,-0.005008934,-9.811161,-0.25011054,0.36526922,0.93352622,0.65491164,0,0.092,0.28,183.4
01:12.8,0,100,0,0,0,0,0,0,0,0,0.005089096,0.010083739,-0.02811355,0.1157842,0.033264463,-9.790111,-0.19490596,0.33952208,0.94569648,0.63918176,0,0.098,0.28,183.37
01:12.8,0,100,0,0,0,0,0,0,0,0,0.01836399,0.001354418,-0.03679615,0.1235023,0.07153786,-9.769061,-0.13970138,0.31377494,0.95786674,0.62345188,0,0.104,0.28,183.34
01:12.8,0,100,0,0,0,0,0,0,0,0,0.011781378,0.009186579,-0.025117235,0.10442879,0.048387955,-9.7926905,-0.0844968,0.2880278,0.970037,0.607722,0,0.11,0.28,183.31
01:12.9,0,100,0,0,0,0,0,0,0,0,0.005198765,0.01701874,-0.01343832,0.08535528,0.02523805,-9.81632,-0.13406826,0.2822932,0.9281431,0.58432086,0,0.108,0.278,183.324
01:12.9,0,100,0,0,0,0,0,0,0,0,-0.000700875,0.016126735,0.002704885,0.10383069,0.06202182,-9.796885,-0.18363972,0.2765586,0.8862492,0.56091972,0,0.106,0.276,183.338
01:12.9,0,100,0,0,0,0,0,0,0,0,-0.006600515,0.01523473,0.01884809,0.1223061,0.09880559,-9.77745,-0.23321118,0.270824,0.8443553,0.53751858,0,0.104,0.274,183.352
01:12.9,0,100,0,0,0,0,0,0,0,0,-0.011003153,0.01315785,0.029142625,0.109468885,0.056825505,-9.797976,-0.28278264,0.2650894,0.8024614,0.51411744,0,0.102,0.272,183.366
01:12.9,0,100,0,0,0,0,0,0,0,0,-0.01540579,0.01108097,0.03943716,0.09663167,0.01484542,-9.818502,-0.3323541,0.2593548,0.7605675,0.4907163,0,0.1,0.27,183.38
01:13.0,0,100,0,0,0,0,0,0,0,0,-0.01609381,0.006511592,0.031814165,0.105384985,0.024139755,-9.8090215,-0.299682,0.26169434,0.76459464,0.49418188,0,0.1,0.27,183.396
01:13.0,0,100,0,0,0,0,0,0,0,0,-0.01678183,0.001942214,0.02419117,0.1141383,0.03343409,-9.799541,-0.2670099,0.26403388,0.76862178,0.49764746,0,0.1,0.27,183.412
01:13.0,0,100,0,0,0,0,0,0,0,0,-0.01530819,0.006555087,0.00656667,0.100835975,0.006561225,-9.813122,-0.2343378,0.26637342,0.77264892,0.50111304,0,0.1,0.27,183.428
01:13.0,0,100,0,0,0,0,0,0,0,0,-0.01383455,0.01116796,-0.01105783,0.08753365,-0.02031164,-9.826703,-0.2016657,0.26871296,0.77667606,0.50457862,0,0.1,0.27,183.444
01:13.0,0,100,0,0,0,0,0,0,0,0,-0.007837393,0.006036762,-0.02537111,0.106936975,-0.006760248,-9.820095,-0.1689936,0.2710525,0.7807032,0.5080442,0,0.1,0.27,183.46
01:13.1,0,100,0,0,0,0,0,0,0,0,-0.001840235,0.000905564,-0.03968439,0.1263403,0.006791145,-9.813487,-0.17237348,0.27202666,0.8037546,0.52996144,0,0.102,0.272,183.432
01:13.1,0,100,0,0,0,0,0,0,0,0,-0.005597613,0.000826544,-0.03896728,0.10846413,0.018680548,-9.821304,-0.17575336,0.27300082,0.826806,0.55187868,0,0.104,0.274,183.404
01:13.1,0,100,0,0,0,0,0,0,0,0,-0.00935499,0.000747524,-0.03825017,0.09058796,0.03056995,-9.829121,-0.17913324,0.27397498,0.8498574,0.57379592,0,0.106,0.276,183.376
01:13.1,0,100,0,0,0,0,0,0,0,0,-0.005735381,0.000260465,-0.020771465,0.12945828,0.0588293,-9.797837,-0.18251312,0.27494914,0.8729088,0.59571316,0,0.108,0.278,183.348
01:13.1,0,100,0,0,0,0,0,0,0,0,-0.002115771,-0.000226594,-0.00329276,0.1683286,0.08708865,-9.766553,-0.185893,0.2759233,0.8959602,0.6176304,0,0.11,0.28,183.32
01:13.2,0,100,0,0,0,0,0,0,0,0,-0.002424848,-0.005021497,0.013008795,0.12188834,0.06961516,-9.791273,-0.18025988,0.28949832,0.86918946,0.67425044,0,0.112,0.276,183.35
01:13.2,0,100,0,0,0,0,0,0,0,0,-0.002733925,-0.009816401,0.02931035,0.07544808,0.05214167,-9.815993,-0.17462676,0.30307334,0.84241872,0.73087048,0,0.114,0.272,183.38
01:13.2,0,100,0,0,0,0,0,0,0,0,0.001486787,-0.011411321,0.03127872,0.11017529,0.047790625,-9.8063025,-0.16899364,0.31664836,0.81564798,0.78749052,0,0.116,0.268,183.41
01:13.2,0,100,0,0,0,0,0,0,0,0,0.0057075,-0.01300624,0.03324709,0.1449025,0.04343958,-9.796612,-0.16336052,0.33022338,0.78887724,0.84411056,0,0.118,0.264,183.44
01:13.2,0,100,0,0,0,0,0,0,0,0,0.009572295,-0.015131975,0.02336756,0.1245979,0.033789505,-9.7895315,-0.1577274,0.3437984,0.7621065,0.9007306,0,0.12,0.26,183.47
01:13.3,0,100,0,0,0,0,0,0,0,0,0.01343709,-0.01725771,0.01348803,0.1042933,0.02413943,-9.782451,-0.2185651,0.38859108,0.8164984,0.92752108,0,0.122,0.258,183.462
01:13.3,0,100,0,0,0,0,0,0,0,0,0.01499764,-6.81E-05,-0.00195472,0.1085989,0.012646022,-9.796263,-0.2794028,0.43338376,0.8708903,0.95431156,0,0.124,0.256,183.454
01:13.3,0,100,0,0,0,0,0,0,0,0,0.01655819,0.0171216,-0.01739747,0.1129045,0.001152614,-9.810075,-0.3402405,0.47817644,0.9252822,0.98110204,0,0.126,0.254,183.446
01:13.3,0,100,0,0,0,0,0,0,0,0,0.0151237,-0.01787087,-0.01655826,0.10318302,0.022409752,-9.7918855,-0.4010782,0.52296912,0.9796741,1.00789252,0,0.128,0.252,183.438
01:13.3,0,100,0,0,0,0,0,0,0,0,0.01368921,-0.05286334,-0.01571905,0.09346154,0.04366689,-9.773696,-0.4619159,0.5677618,1.034066,1.034683,0,0.13,0.25,183.43
01:13.4,0,100,0,0,0,0,0,0,0,0,0.006751725,-0.05929342,-0.005274099,0.10878882,0.053991285,-9.7673705,-0.42248404,0.80742484,1.0359192,1.2270516,0,0.126,0.25,183.436
01:13.4,0,100,0,0,0,0,0,0,0,0,-0.000185761,-0.0657235,0.005170851,0.1241161,0.06431568,-9.761045,-0.38305218,1.04708788,1.0377724,1.4194202,0,0.122,0.25,183.442
01:13.4,0,100,0,0,0,0,0,0,0,0,-0.014979045,0.00281935,0.016876561,0.1624302,0.09527509,-9.8081055,-0.34362032,1.28675092,1.0396256,1.6117888,0,0.118,0.25,183.448
01:13.4,0,100,0,0,0,0,0,0,0,0,-0.02977233,0.0713622,0.02858227,0.2007443,0.1262345,-9.855166,-0.30418846,1.52641396,1.0414788,1.8041574,0,0.114,0.25,183.454
01:13.4,0,100,0,0,0,0,0,0,0,0,-0.016792609,0.01165274,0.04423656,0.1873486,0.09463418,-9.8096375,-0.2647566,1.766077,1.043332,1.996526,0,0.11,0.25,183.46
01:13.5,0,100,0,0,0,0,0,0,0,0,-0.003812887,-0.04805672,0.05989085,0.1739529,0.06303386,-9.764109,-0.27489624,2.0379686,1.3192386,2.2503396,0,0.102,0.26,183.498
01:13.5,0,100,0,0,0,0,0,0,0,0,0.022843952,0.001960075,0.037069375,0.10919639,0.023777065,-9.8264905,-0.28503588,2.3098602,1.5951452,2.5041532,0,0.094,0.27,183.536
01:13.5,0,100,0,0,0,0,0,0,0,0,0.04950079,0.05197687,0.0142479,0.04443988,-0.01547973,-9.888872,-0.29517552,2.5817518,1.8710518,2.7579668,0,0.086,0.28,183.574
01:13.5,0,100,0,0,0,0,0,0,0,0,0.04520531,0.01209724,0.014251235,0.10191959,0.03063365,-9.8271705,-0.30531516,2.8536434,2.1469584,3.0117804,0,0.078,0.29,183.612
01:13.5,0,100,0,0,0,0,0,0,0,0,0.04090983,-0.02778239,0.01425457,0.1593993,0.07674703,-9.765469,-0.3154548,3.125535,2.422865,3.265594,0,0.07,0.3,183.65
01:13.6,0,100,0,0,0,0,0,0,0,0,0.02900563,0.0024832,-0.02387544,0.118164165,0.034186018,-9.7984775,-0.3255944,3.0110444,2.7131496,3.1128284,0,0.07,0.298,183.622
01:13.6,0,100,0,0,0,0,0,0,0,0,0.01710143,0.03274879,-0.06200545,0.07692903,-0.008374994,-9.831486,-0.335734,2.8965538,3.0034342,2.9600628,0,0.07,0.296,183.594
01:13.6,0,100,0,0,0,0,0,0,0,0,0.0473618,-0.031486255,-0.055213765,0.122342265,0.028676803,-9.8049015,-0.3458736,2.7820632,3.2937188,2.8072972,0,0.07,0.294,183.566
01:13.6,0,100,0,0,0,0,0,0,0,0,0.07762217,-0.0957213,-0.04842208,0.1677555,0.0657286,-9.778317,-0.3560132,2.6675726,3.5840034,2.6545316,0,0.07,0.292,183.538
01:13.6,0,100,0,0,0,0,0,0,0,0,0.01325661,-0.052908365,-0.041018425,0.2256545,0.05367805,-9.8172375,-0.3661528,2.553082,3.874288,2.501766,0,0.07,0.29,183.51
01:13.7,0,100,0,0,0,0,0,0,0,0,-0.05110895,-0.01009543,-0.03361477,0.2835535,0.0416275,-9.856158,-0.33235408,2.5043788,4.120256,2.5341628,0,0.066,0.302,183.516
01:13.7,0,100,0,0,0,0,0,0,0,0,-0.0538419,-0.004331743,-0.000768295,0.1984865,0.029094625,-9.836031,-0.29855536,2.4556756,4.366224,2.5665596,0,0.062,0.314,183.522
01:13.7,0,100,0,0,0,0,0,0,0,0,-0.05657485,0.001431945,0.03207818,0.1134195,0.01656175,-9.815904,-0.26475664,2.4069724,4.612192,2.5989564,0,0.058,0.326,183.528
01:13.7,0,100,0,0,0,0,0,0,0,0,-0.00128583,0.012269043,0.013690244,0.07509174,0.036233445,-9.803183,-0.23095792,2.3582692,4.85816,2.6313532,0,0.054,0.338,183.534
01:13.7,0,100,0,0,0,0,0,0,0,0,0.05400319,0.02310614,-0.004697692,0.03676398,0.05590514,-9.790462,-0.1971592,2.309566,5.104128,2.66375,0,0.05,0.35,183.54
01:13.8,0,100,0,0,0,0,0,0,0,0,-0.01381911,-0.00225599,-0.016181626,0.08569314,0.032570563,-9.814945,-0.18927284,2.4569932,5.222862,2.7067546,0,0.036,0.36,183.514
01:13.8,0,100,0,0,0,0,0,0,0,0,-0.08164141,-0.02761812,-0.02766556,0.1346223,0.009235985,-9.839428,-0.18138648,2.6044204,5.341596,2.7497592,0,0.022,0.37,183.488
01:13.8,0,100,0,0,0,0,0,0,0,0,0.00078817,0.002020715,-0.012319324,0.14508595,0.056596293,-9.8245145,-0.17350012,2.7518476,5.46033,2.7927638,0,0.008,0.38,183.462
01:13.8,0,100,0,0,0,0,0,0,0,0,0.08321775,0.03165955,0.003026913,0.1555496,0.1039566,-9.809601,-0.16561376,2.8992748,5.579064,2.8357684,0,-0.006,0.39,183.436
01:13.8,0,100,0,0,0,0,0,0,0,0,0.026218375,0.031220575,0.021496212,0.1460953,0.093074785,-9.816322,-0.1577274,3.046702,5.697798,2.878773,0,-0.02,0.4,183.41
01:13.9,0,100,0,0,0,0,0,0,0,0,-0.030781,0.0307816,0.03996551,0.136641,0.08219297,-9.823043,-0.1532209,2.9254438,5.273103,2.9642714,0,-0.026,0.408,183.432
01:13.9,0,100,0,0,0,0,0,0,0,0,-0.015503597,0.016388697,0.027351985,0.2040474,0.135217785,-9.7915465,-0.1487144,2.8041856,4.848408,3.0497698,0,-0.032,0.416,183.454
01:13.9,0,100,0,0,0,0,0,0,0,0,-0.000226195,0.001995793,0.01473846,0.2714538,0.1882426,-9.76005,-0.1442079,2.6829274,4.423713,3.1352682,0,-0.038,0.424,183.476
01:13.9,0,100,0,0,0,0,0,0,0,0,-0.003155337,-0.018270749,0.005819267,0.34565945,0.24620405,-9.735427,-0.1397014,2.5616692,3.999018,3.2207666,0,-0.044,0.432,183.498
01:13.9,0,100,0,0,0,0,0,0,0,0,-0.00608448,-0.03853729,-0.003099927,0.4198651,0.3041655,-9.710804,-0.1351949,2.440411,3.574323,3.306265,0,-0.05,0.44,183.52
01:14.0,0,100,0,0,0,0,0,0,0,0,-0.0211614,0.009048365,0.001019189,0.3012822,0.160502145,-9.8279965,-0.122802032,2.3263686,3.4178884,3.2266712,0,-0.052,0.452,183.54
01:14.0,0,100,0,0,0,0,0,0,0,0,-0.03623832,0.05663402,0.005138304,0.1826993,0.01683879,-9.945189,-0.110409164,2.2123262,3.2614538,3.1470774,0,-0.054,0.464,183.56
01:14.0,0,100,0,0,0,0,0,0,0,0,-0.019584702,0.026642532,-0.000642923,0.1792835,0.03282269,-9.859024,-0.098016296,2.0982838,3.1050192,3.0674836,0,-0.056,0.476,183.58
01:14.0,0,100,0,0,0,0,0,0,0,0,-0.002931084,-0.003348957,-0.006424149,0.1758677,0.04880659,-9.772859,-0.085623428,1.9842414,2.9485846,2.9878898,0,-0.058,0.488,183.6
01:14.0,0,100,0,0,0,0,0,0,0,0,0.035642423,-0.024706794,0.008608346,0.12302437,0.070179135,-9.7998975,-0.07323056,1.870199,2.79215,2.908296,0,-0.06,0.5,183.62
01:14.1,0,100,0,0,0,0,0,0,0,0,0.07421593,-0.04606463,0.02364084,0.07018104,0.09155168,-9.826936,-0.096889668,1.854847,2.7790026,2.7343572,0,-0.07,0.504,183.656
01:14.1,0,100,0,0,0,0,0,0,0,0,0.00124824,-0.029290675,0.032075335,0.10191887,0.031162325,-9.8252295,-0.120548776,1.839495,2.7658552,2.5604184,0,-0.08,0.508,183.692
01:14.1,0,100,0,0,0,0,0,0,0,0,-0.07171945,-0.01251672,0.04050983,0.1336567,-0.02922703,-9.823523,-0.144207884,1.824143,2.7527078,2.3864796,0,-0.09,0.512,183.728
01:14.1,0,100,0,0,0,0,0,0,0,0,-0.021733525,0.015303185,0.039605135,0.060785285,0.01984434,-9.799181,-0.167866992,1.808791,2.7395604,2.2125408,0,-0.1,0.516,183.764
01:14.1,0,100,0,0,0,0,0,0,0,0,0.0282524,0.04312309,0.03870044,-0.01208613,0.06891571,-9.774839,-0.1915261,1.793439,2.726413,2.038602,0,-0.11,0.52,183.8
01:14.2,0,100,0,0,0,0,0,0,0,0,0.001775825,0.014951415,0.03818379,0.078715085,0.04983314,-9.7580805,-0.1447712,1.821057,2.681616,1.9914914,0,-0.122,0.534,183.834
01:14.2,0,100,0,0,0,0,0,0,0,0,-0.02470075,-0.01322026,0.03766714,0.1695163,0.03075057,-9.741322,-0.0980163,1.848675,2.636819,1.9443808,0,-0.134,0.548,183.868
01:14.2,0,100,0,0,0,0,0,0,0,0,-0.028789175,0.00687155,0.022683016,0.2379427,0.069418585,-9.751591,-0.0512614,1.876293,2.592022,1.8972702,0,-0.146,0.562,183.902
01:14.2,0,100,0,0,0,0,0,0,0,0,-0.0328776,0.02696336,0.007698892,0.3063691,0.1080866,-9.76186,-0.0045065,1.903911,2.547225,1.8501596,0,-0.158,0.576,183.936
01:14.2,0,100,0,0,0,0,0,0,0,0,-0.04185581,0.022233605,0.027991906,0.28442305,0.1185161,-9.774959,0.0422484,1.931529,2.502428,1.803049,0,-0.17,0.59,183.97
01:14.3,0,100,0,0,0,0,0,0,0,0,-0.05083402,0.01750385,0.04828492,0.262477,0.1289456,-9.788058,0.00675974,2.0107374,2.6203,1.9258404,0,-0.182,0.592,184.006
01:14.3,0,100,0,0,0,0,0,0,0,0,0.02182494,-0.019080025,0.03752034,0.22357595,0.1806448,-9.7798975,-0.02872892,2.0899458,2.738172,2.0486318,0,-0.194,0.594,184.042
01:14.3,0,100,0,0,0,0,0,0,0,0,0.0944839,-0.0556639,0.02675576,0.1846749,0.232344,-9.771737,-0.06421758,2.1691542,2.856044,2.1714232,0,-0.206,0.596,184.078
01:14.3,0,100,0,0,0,0,0,0,0,0,0.049510005,-0.00294978,0.031378295,0.1653828,0.1685875,-9.8334825,-0.09970624,2.2483626,2.973916,2.2942146,0,-0.218,0.598,184.114
01:14.3,0,100,0,0,0,0,0,0,0,0,0.00453611,0.04976434,0.03600083,0.1460907,0.104831,-9.895228,-0.1351949,2.327571,3.091788,2.417006,0,-0.23,0.6,184.15
01:14.4,0,100,0,0,0,0,0,0,0,0,-0.02307359,-0.04368798,0.007208365,0.21046495,0.040807505,-9.708984,-0.126181906,2.204741,3.2138602,2.3475506,0,-0.216,0.58,184.154
01:14.4,0,100,0,0,0,0,0,0,0,0,-0.05068329,-0.1371403,-0.0215841,0.2748392,-0.02321599,-9.52274,-0.117168912,2.081911,3.3359324,2.2780952,0,-0.202,0.56,184.158
01:14.4,0,100,0,0,0,0,0,0,0,0,-0.021503227,-0.062446065,-0.000735425,0.2180469,0.00847858,-9.7144435,-0.108155918,1.959081,3.4580046,2.2086398,0,-0.188,0.54,184.162
01:14.4,0,100,0,0,0,0,0,0,0,0,0.007676837,0.01224817,0.02011325,0.1612546,0.04017315,-9.906147,-0.099142924,1.836251,3.5800768,2.1391844,0,-0.174,0.52,184.166
01:14.4,0,100,0,0,0,0,0,0,0,0,0.046910544,0.061637835,0.027299425,0.09916277,0.122831925,-10.0209585,-0.09012993,1.713421,3.702149,2.069729,0,-0.16,0.5,184.17
01:14.5,0,100,0,0,0,0,0,0,0,0,0.08614425,0.1110275,0.0344856,0.03707094,0.2054907,-10.13577,-0.046754904,1.8493352,3.8464492,2.1596318,0,-0.176,0.522,184.236
01:14.5,0,100,0,0,0,0,0,0,0,0,-0.004962375,0.051013924,0.05401135,0.16119242,0.086469825,-9.9259285,-0.003379878,1.9852494,3.9907494,2.2495346,0,-0.192,0.544,184.302
01:14.5,0,100,0,0,0,0,0,0,0,0,-0.096069,-0.008999653,0.0735371,0.2853139,-0.03255105,-9.716087,0.039995148,2.1211636,4.1350496,2.3394374,0,-0.208,0.566,184.368
01:14.5,0,100,0,0,0,0,0,0,0,0,-0.07957795,-0.074097876,0.069742255,0.220958,-0.128372125,-9.7032705,0.083370174,2.2570778,4.2793498,2.4293402,0,-0.224,0.588,184.434
01:14.5,0,100,0,0,0,0,0,0,0,0,-0.0630869,-0.1391961,0.06594741,0.1566021,-0.2241932,-9.690454,0.1267452,2.392992,4.42365,2.519243,0,-0.24,0.61,184.5
01:14.6,0,100,0,0,0,0,0,0,0,0,0.003206165,0.00997705,0.091727105,0.12970755,-0.109418161,-10.188807,0.13970138,2.479109,4.2847012,2.6151518,0,-0.258,0.612,184.634
01:14.6,0,100,0,0,0,0,0,0,0,0,0.06949923,0.1591502,0.1175068,0.102813,0.005356879,-10.68716,0.15265756,2.565226,4.1457524,2.7110606,0,-0.276,0.614,184.768
01:14.6,0,100,0,0,0,0,0,0,0,0,0.030692562,0.01507045,0.1197172,0.19117355,-0.19754956,-10.636215,0.16561374,2.651343,4.0068036,2.8069694,0,-0.294,0.616,184.902
01:14.6,0,100,0,0,0,0,0,0,0,0,-0.008114107,-0.1290093,0.1219276,0.2795341,-0.400456,-10.58527,0.17856992,2.73746,3.8678548,2.9028782,0,-0.312,0.618,185.036
01:14.6,0,100,0,0,0,0,0,0,0,0,-0.001005296,-0.054001935,0.1143299,0.23087215,-0.28226725,-10.606615,0.1915261,2.823577,3.728906,2.998787,0,-0.33,0.62,185.17
01:14.7,0,100,0,0,0,0,0,0,0,0,0.006103516,0.02100543,0.1067322,0.1822102,-0.1640785,-10.62796,0.11829554,2.8621408,3.9134472,3.0269206,0,-0.342,0.618,185.274
01:14.7,0,100,0,0,0,0,0,0,0,0,0.004724752,0.013547945,0.099501605,0.088743405,-0.2371574,-10.903255,0.04506498,2.9007046,4.0979884,3.0550542,0,-0.354,0.616,185.378
01:14.7,0,100,0,0,0,0,0,0,0,0,0.003345987,0.006090461,0.09227101,-0.004723391,-0.3102363,-11.17855,-0.02816558,2.9392684,4.2825296,3.0831878,0,-0.366,0.614,185.482
01:14.7,0,100,0,0,0,0,0,0,0,0,-0.020763607,0.014658431,0.081434555,0.199440205,-0.148684025,-10.92519,-0.10139614,2.9778322,4.4670708,3.1113214,0,-0.378,0.612,185.586
01:14.7,0,100,0,0,0,0,0,0,0,0,-0.0448732,0.0232264,0.0705981,0.4036038,0.01286825,-10.67183,-0.1746267,3.016396,4.651612,3.139455,0,-0.39,0.61,185.69
01:14.8,0,100,0,0,0,0,0,0,0,0,0.05006595,-0.003871885,0.06130245,0.246352835,-0.03959002,-10.775155,-0.135758176,3.1640772,4.8304556,3.1836208,0,-0.326,0.664,185.772
01:14.8,0,100,0,0,0,0,0,0,0,0,0.1450051,-0.03097017,0.0520068,0.08910187,-0.09204829,-10.87848,-0.096889652,3.3117584,5.0092992,3.2277866,0,-0.262,0.718,185.854
01:14.8,0,100,0,0,0,0,0,0,0,0,0.0162267,0.042353465,0.06303279,0.114426235,-0.198426795,-10.853635,-0.058021128,3.4594396,5.1881428,3.2719524,0,-0.198,0.772,185.936
01:14.8,0,100,0,0,0,0,0,0,0,0,-0.1125517,0.1156771,0.07405878,0.1397506,-0.3048053,-10.82879,-0.019152604,3.6071208,5.3669864,3.3161182,0,-0.134,0.826,186.018
01:14.8,0,100,0,0,0,0,0,0,0,0,-0.008241445,0.037825445,0.06093205,0.1560399,-0.183213155,-10.719185,0.01971592,3.754802,5.54583,3.360284,0,-0.07,0.88,186.1
01:14.9,0,100,0,0,0,0,0,0,0,0,0.09606881,-0.04002621,0.04780532,0.1723292,-0.06162101,-10.60958,-0.005633124,3.6092916,5.2947818,3.3379672,0,-0.06,0.9,186.134
01:14.9,0,100,0,0,0,0,0,0,0,0,0.04018509,0.023039125,0.040000995,0.1853476,-0.129092955,-10.592215,-0.030982168,3.4637812,5.0437336,3.3156504,0,-0.05,0.92,186.168
01:14.9,0,100,0,0,0,0,0,0,0,0,-0.01569863,0.08610446,0.03219667,0.198366,-0.1965649,-10.57485,-0.056331212,3.3182708,4.7926854,3.2933336,0,-0.04,0.94,186.202
01:14.9,0,100,0,0,0,0,0,0,0,0,0.00332635,-0.00541891,0.006256275,0.16077445,-0.21198055,-10.4645,-0.081680256,3.1727604,4.5416372,3.2710168,0,-0.03,0.96,186.236
01:14.9,0,100,0,0,0,0,0,0,0,0,0.02235133,-0.09694228,-0.01968412,0.1231829,-0.2273962,-10.35415,-0.1070293,3.02725,4.290589,3.2487,0,-0.02,0.98,186.27
01:15.0,0,100,0,0,0,0,0,0,0,0,-0.019092715,0.03149156,-0.051762035,0.1524636,-0.16624535,-10.255935,-0.076610448,3.0510862,4.1587886,3.203325,0,-0.016,1.062,186.188
01:15.0,0,100,0,0,0,0,0,0,0,0,-0.06053676,0.1599254,-0.08383995,0.1817443,-0.1050945,-10.15772,-0.046191596,3.0749224,4.0269882,3.15795,0,-0.012,1.144,186.106
01:15.0,0,100,0,0,0,0,0,0,0,0,0.02915732,0.119708965,-0.08771946,0.115716985,-0.061822715,-10.193875,-0.015772744,3.0987586,3.8951878,3.112575,0,-0.008,1.226,186.024
01:15.0,0,100,0,0,0,0,0,0,0,0,0.1188514,0.07949253,-0.09159897,0.04968967,-0.01855093,-10.23003,0.014646108,3.1225948,3.7633874,3.0672,0,-0.004,1.308,185.942
01:15.0,0,100,0,0,0,0,0,0,0,0,0.02073395,0.066603995,-0.080153805,0.171785685,-0.089864165,-10.13342,0.04506496,3.146431,3.631587,3.021825,0,0,1.39,185.86
01:15.1,0,100,0,0,0,0,0,0,0,0,-0.0773835,0.05371546,-0.06870864,0.2938817,-0.1611774,-10.03681,0.014646108,3.1635924,3.7469334,3.0454716,0,0.036,1.464,185.804
01:15.1,0,100,0,0,0,0,0,0,0,0,0.0302175,0.03790463,-0.06542027,0.16097831,-0.05967071,-10.103335,-0.015772744,3.1807538,3.8622798,3.0691182,0,0.072,1.538,185.748
01:15.1,0,100,0,0,0,0,0,0,0,0,0.1378185,0.0220938,-0.0621319,0.02807492,0.04183598,-10.16986,-0.046191596,3.1979152,3.9776262,3.0927648,0,0.108,1.612,185.692
01:15.1,0,100,0,0,0,0,0,0,0,0,0.02906569,0.06543915,-0.044908965,0.14435321,-0.04626951,-10.093635,-0.076610448,3.2150766,4.0929726,3.1164114,0,0.144,1.686,185.636
01:15.1,0,100,0,0,0,0,0,0,0,0,-0.07968712,0.1087845,-0.02768603,0.2606315,-0.134375,-10.01741,-0.1070293,3.232238,4.208319,3.140058,0,0.18,1.76,185.58
01:15.2,0,100,0,0,0,0,0,0,0,0,0.0026024,0.057155608,-0.014999458,0.17291448,-0.05220387,-10.028765,-0.068160766,3.2427208,4.1380158,3.1451022,0,0.174,1.796,185.586
01:15.2,0,100,0,0,0,0,0,0,0,0,0.08489192,0.005526716,-0.002312885,0.08519746,0.02996726,-10.04012,-0.029292232,3.2532036,4.0677126,3.1501464,0,0.168,1.832,185.592
01:15.2,0,100,0,0,0,0,0,0,0,0,0.01617654,0.018966603,0.003265238,0.25781803,0.021706485,-9.9406825,0.009576302,3.2636864,3.9974094,3.1551906,0,0.162,1.868,185.598
01:15.2,0,100,0,0,0,0,0,0,0,0,-0.05253884,0.03240649,0.00884336,0.4304386,0.01344571,-9.841245,0.048444836,3.2741692,3.9271062,3.1602348,0,0.156,1.904,185.604
01:15.2,0,100,0,0,0,0,0,0,0,0,0.001559315,-0.029294845,0.0317097,0.254810445,-0.00301236,-9.8299905,0.08731337,3.284652,3.856803,3.165279,0,0.15,1.94,185.61
01:15.3,0,100,0,0,0,0,0,0,0,0,0.05565747,-0.09099618,0.05457604,0.07918229,-0.01947043,-9.818736,0.07379388,3.3872776,4.0200406,3.1924548,0,0.116,1.8,185.684
01:15.3,0,100,0,0,0,0,0,0,0,0,-0.033616565,-0.15066714,0.059588045,0.192371645,-0.03171813,-9.78765,0.06027439,3.4899032,4.1832782,3.2196306,0,0.082,1.66,185.758
01:15.3,0,100,0,0,0,0,0,0,0,0,-0.1228906,-0.2103381,0.06460005,0.305561,-0.04396583,-9.756564,0.0467549,3.5925288,4.3465158,3.2468064,0,0.048,1.52,185.832
01:15.3,0,100,0,0,0,0,0,0,0,0,0.0013223,-0.1590087,0.07691981,0.13799092,0.042693785,-9.978597,0.03323541,3.6951544,4.5097534,3.2739822,0,0.014,1.38,185.906
01:15.3,0,100,0,0,0,0,0,0,0,0,0.1255352,-0.1076793,0.08923957,-0.02957916,0.1293534,-10.20063,0.01971592,3.79778,4.672991,3.301158,0,-0.02,1.24,185.98
01:15.4,0,100,0,0,0,0,0,0,0,0,0.026311545,-0.06387686,0.099759585,0.08383077,0.067858087,-10.073118,0.002253246,3.7929154,4.7575836,3.3429354,0,-0.024,1.208,186.114
01:15.4,0,100,0,0,0,0,0,0,0,0,-0.07291211,-0.02007442,0.1102796,0.1972407,0.006362774,-9.945606,-0.015209428,3.7880508,4.8421762,3.3847128,0,-0.028,1.176,186.248
01:15.4,0,100,0,0,0,0,0,0,0,0,-0.00748763,-0.042222795,0.12294385,0.1727756,0.032906187,-9.909107,-0.032672102,3.7831862,4.9267688,3.4264902,0,-0.032,1.144,186.382
01:15.4,0,100,0,0,0,0,0,0,0,0,0.05793685,-0.06437117,0.1356081,0.1483105,0.0594496,-9.872608,-0.050134776,3.7783216,5.0113614,3.4682676,0,-0.036,1.112,186.516
01:15.4,0,100,0,0,0,0,0,0,0,0,0.046180045,-0.071749,0.13831595,0.20966125,0.066699455,-9.68701,-0.06759745,3.773457,5.095954,3.510045,0,-0.04,1.08,186.65
01:15.5,0,100,0,0,0,0,0,0,0,0,0.03442324,-0.07912683,0.1410238,0.271012,0.07394931,-9.501412,-0.05407796,3.5794084,5.0517942,3.4095436,0,-0.018,1.02,186.84
01:15.5,0,100,0,0,0,0,0,0,0,0,0.03583258,-0.086049995,0.1446596,0.21771475,0.015321845,-9.4900445,-0.04055847,3.3853598,5.0076344,3.3090422,0,0.004,0.96,187.03
01:15.5,0,100,0,0,0,0,0,0,0,0,0.03724192,-0.09297316,0.1482954,0.1644175,-0.04330562,-9.478677,-0.02703898,3.1913112,4.9634746,3.2085408,0,0.026,0.9,187.22
01:15.5,0,100,0,0,0,0,0,0,0,0,0.00272566,-0.067248715,0.1526025,0.22680225,0.06535369,-9.3261165,-0.01351949,2.9972626,4.9193148,3.1080394,0,0.048,0.84,187.41
01:15.5,0,100,0,0,0,0,0,0,0,0,-0.0317906,-0.04152427,0.1569096,0.289187,0.174013,-9.173556,0,2.803214,4.875155,3.007538,0,0.07,0.78,187.6
01:15.6,0,100,0,0,0,0,0,0,0,0,0.012567295,-0.049367285,0.16198855,0.2516103,0.11264258,-9.016234,0.02985554,2.7125762,4.7412596,2.9101768,0,0.116,0.692,187.75
01:15.6,0,100,0,0,0,0,0,0,0,0,0.05692519,-0.0572103,0.1670675,0.2140336,0.05127216,-8.858912,0.05971108,2.6219384,4.6073642,2.8128156,0,0.162,0.604,187.9
01:15.6,0,100,0,0,0,0,0,0,0,0,0.06551844,-0.08624105,0.1340451,0.1929973,0.053438895,-8.6230945,0.08956662,2.5313006,4.4734688,2.7154544,0,0.208,0.516,188.05
01:15.6,0,100,0,0,0,0,0,0,0,0,0.07411169,-0.1152718,0.1010227,0.171961,0.05560563,-8.387277,0.11942216,2.4406628,4.3395734,2.6180932,0,0.254,0.428,188.2
01:15.6,0,100,0,0,0,0,0,0,0,0,0.022987665,-0.08225894,0.07634192,0.12315669,0.01506766,-8.3141625,0.1492777,2.350025,4.205678,2.520732,0,0.3,0.34,188.35
01:15.7,0,100,0,0,0,0,0,0,0,0,-0.02813636,-0.04924608,0.05166114,0.07435238,-0.02547031,-8.241048,0.119985472,2.2823296,4.1102142,2.4484866,0,0.292,0.274,188.408
01:15.7,0,100,0,0,0,0,0,0,0,0,-0.00040928,-0.08780394,0.03914322,0.11516784,0.00986042,-8.184086,0.090693244,2.2146342,4.0147504,2.3762412,0,0.284,0.208,188.466
01:15.7,0,100,0,0,0,0,0,0,0,0,0.0273178,-0.1263618,0.0266253,0.1559833,0.04519115,-8.127124,0.061401016,2.1469388,3.9192866,2.3039958,0,0.276,0.142,188.524
01:15.7,0,100,0,0,0,0,0,0,0,0,0.017942726,-0.071031085,0.014516579,0.14353735,0.078927125,-8.0989185,0.032108788,2.0792434,3.8238228,2.2317504,0,0.268,0.076,188.582
01:15.7,0,100,0,0,0,0,0,0,0,0,0.008567651,-0.01570037,0.002407858,0.1310914,0.1126631,-8.070713,0.00281656,2.011548,3.728359,2.159505,0,0.26,0.01,188.64
01:15.8,0,100,0,0,0,0,0,0,0,0,0.040023561,-0.03910329,-0.018378471,0.1976615,0.1400486,-8.0268695,-0.010139618,2.0358282,3.5745932,2.1799566,0,0.272,-0.014,188.602
01:15.8,0,100,0,0,0,0,0,0,0,0,0.07147947,-0.06250621,-0.0391648,0.2642316,0.1674341,-7.983026,-0.023095796,2.0601084,3.4208274,2.2004082,0,0.284,-0.038,188.564
01:15.8,0,100,0,0,0,0,0,0,0,0,0.02932788,-0.02307145,-0.046244685,0.20709735,0.104365095,-8.0324465,-0.036051974,2.0843886,3.2670616,2.2208598,0,0.296,-0.062,188.526
01:15.8,0,100,0,0,0,0,0,0,0,0,-0.01282371,0.01636331,-0.05332457,0.1499631,0.04129609,-8.081867,-0.049008152,2.1086688,3.1132958,2.2413114,0,0.308,-0.086,188.488
01:15.8,0,100,0,0,0,0,0,0,0,0,0.026015615,-0.03699253,-0.060714825,0.1548715,0.038032085,-8.1143815,-0.06196433,2.132949,2.95953,2.261763,0,0.32,-0.11,188.45
01:15.9,0,100,0,0,0,0,0,0,0,0,0.06485494,-0.09034837,-0.06810508,0.1597799,0.03476808,-8.146896,-0.051824712,2.1495844,3.0794556,2.2127968,0,0.322,-0.142,188.392
01:15.9,0,100,0,0,0,0,0,0,0,0,0.02936211,-0.04150249,-0.063162595,0.15792375,0.039976205,-8.1507875,-0.041685094,2.1662198,3.1993812,2.1638306,0,0.324,-0.174,188.334
01:15.9,0,100,0,0,0,0,0,0,0,0,-0.00613072,0.00734339,-0.05822011,0.1560676,0.04518433,-8.154679,-0.031545476,2.1828552,3.3193068,2.1148644,0,0.326,-0.206,188.276
01:15.9,0,100,0,0,0,0,0,0,0,0,0.03360909,-0.035389025,-0.05949035,0.13164485,0.036668855,-8.1625325,-0.021405858,2.1994906,3.4392324,2.0658982,0,0.328,-0.238,188.218
01:15.9,0,100,0,0,0,0,0,0,0,0,0.0733489,-0.07812144,-0.06076059,0.1072221,0.02815338,-8.170386,-0.01126624,2.216126,3.559158,2.016932,0,0.33,-0.27,188.16
01:16.0,0,100,0,0,0,0,0,0,0,0,0.02062585,-0.008244205,-0.0656122,0.11084185,0.020192005,-8.195006,0.01070293,2.320333,3.516991,2.067291,0,0.332,-0.27,188.104
01:16.0,0,100,0,0,0,0,0,0,0,0,-0.0320972,0.06163303,-0.07046381,0.1144616,0.01223063,-8.219626,0.0326721,2.42454,3.474824,2.11765,0,0.334,-0.27,188.048
01:16.0,0,100,0,0,0,0,0,0,0,0,0.005623785,-0.01855077,-0.065529215,0.18752875,0.05317044,-8.255986,0.05464127,2.528747,3.432657,2.168009,0,0.336,-0.27,187.992
01:16.0,0,100,0,0,0,0,0,0,0,0,0.04334477,-0.09873457,-0.06059462,0.2605959,0.09411025,-8.292346,0.07661044,2.632954,3.39049,2.218368,0,0.338,-0.27,187.936
01:16.0,0,100,0,0,0,0,0,0,0,0,-0.000596405,-0.04372693,-0.055268225,0.305575,0.136143575,-8.300602,0.09857961,2.737161,3.348323,2.268727,0,0.34,-0.27,187.88
01:16.1,0,100,0,0,0,0,0,0,0,0,-0.04453758,0.01128071,-0.04994183,0.3505541,0.1781769,-8.308858,0.065344198,2.6812558,3.3741146,2.2352236,0,0.522,-0.336,187.848
01:16.1,0,100,0,0,0,0,0,0,0,0,0.08550401,-0.063682345,-0.035037055,0.2510052,0.17647585,-8.3492025,0.032108786,2.6253506,3.3999062,2.2017202,0,0.704,-0.402,187.816
01:16.1,0,100,0,0,0,0,0,0,0,0,0.2155456,-0.1386454,-0.02013228,0.1514563,0.1747748,-8.389547,-0.001126626,2.5694454,3.4256978,2.1682168,0,0.886,-0.468,187.784
01:16.1,0,100,0,0,0,0,0,0,0,0,0.25869345,-0.094388675,-0.015391185,0.15297965,0.16555075,-8.4501515,-0.034362038,2.5135402,3.4514894,2.1347134,0,1.068,-0.534,187.752
01:16.1,0,100,0,0,0,0,0,0,0,0,0.3018413,-0.05013195,-0.01065009,0.154503,0.1563267,-8.510756,-0.06759745,2.457635,3.477281,2.10121,0,1.25,-0.6,187.72
01:16.2,0,100,0,0,0,0,0,0,0,0,0.32449835,-0.079928525,0.00272559,0.13315415,0.05646092,-8.548736,-0.057457832,2.4602082,3.448442,2.1774428,0,1.528,-0.682,187.692
01:16.2,0,100,0,0,0,0,0,0,0,0,0.3471554,-0.1097251,0.01610127,0.1118053,-0.04340486,-8.586716,-0.047318214,2.4627814,3.419603,2.2536756,0,1.806,-0.764,187.664
01:16.2,0,100,0,0,0,0,0,0,0,0,0.27083595,-0.070743995,-0.00609564,0.1087358,-0.09958743,-8.6055625,-0.037178596,2.4653546,3.390764,2.3299084,0,2.084,-0.846,187.636
01:16.2,0,100,0,0,0,0,0,0,0,0,0.1945165,-0.03176289,-0.02829255,0.1056663,-0.15577,-8.624409,-0.027038978,2.4679278,3.361925,2.4061412,0,2.362,-0.928,187.608
01:16.2,0,100,0,0,0,0,0,0,0,0,0.1589834,-0.018499425,-0.047854995,0.078459675,-0.1773046,-8.632278,-0.01689936,2.470501,3.333086,2.482374,0,2.64,-1.01,187.58
01:16.3,0,100,0,0,0,0,0,0,0,0,0.1234503,-0.005235959,-0.06741744,0.05125305,-0.1988392,-8.640147,-0.012392864,2.5058996,3.46437,2.4404392,0,2.766,-0.996,187.488
01:16.3,0,100,0,0,0,0,0,0,0,0,0.12136625,-0.005904072,-0.080337095,0.149472425,-0.09376823,-8.6386235,-0.007886368,2.5412982,3.595654,2.3985044,0,2.892,-0.982,187.396
01:16.3,0,100,0,0,0,0,0,0,0,0,0.1192822,-0.006572184,-0.09325675,0.2476918,0.01130274,-8.6371,-0.003379872,2.5766968,3.726938,2.3565696,0,3.018,-0.968,187.304
01:16.3,0,100,0,0,0,0,0,0,0,0,0.12617085,-0.004331425,-0.08437065,0.19019475,-0.01099576,-8.647225,0.001126624,2.6120954,3.858222,2.3146348,0,3.144,-0.954,187.212
01:16.3,0,100,0,0,0,0,0,0,0,0,0.1330595,-0.002090666,-0.07548455,0.1326977,-0.03329426,-8.65735,0.00563312,2.647494,3.989506,2.2727,0,3.27,-0.94,187.12
01:16.4,0,100,0,0,0,0,0,0,0,0,0.107908715,-0.044881448,-0.082527385,0.1375037,-0.053280435,-8.759284,0.067597456,2.6184316,3.9947518,2.304194,0,3.332,-0.932,187.038
01:16.4,0,100,0,0,0,0,0,0,0,0,0.08275793,-0.08767223,-0.08957022,0.1423097,-0.07326661,-8.861218,0.129561792,2.5893692,3.9999976,2.335688,0,3.394,-0.924,186.956
01:16.4,0,100,0,0,0,0,0,0,0,0,0.03069114,-0.005324495,-0.07952535,0.069493106,-0.089202805,-8.7352195,0.191526128,2.5603068,4.0052434,2.367182,0,3.456,-0.916,186.874
01:16.4,0,100,0,0,0,0,0,0,0,0,-0.02137565,0.07702324,-0.06948048,-0.003323489,-0.105139,-8.609221,0.253490464,2.5312444,4.0104892,2.398676,0,3.518,-0.908,186.792
01:16.4,0,100,0,0,0,0,0,0,0,0,0.026732845,-0.00054611,-0.04886434,0.106463656,-0.08628215,-8.6132415,0.3154548,2.502182,4.015735,2.43017,0,3.58,-0.9,186.71
01:16.5,0,100,0,0,0,0,0,0,0,0,0.07484134,-0.07811546,-0.0282482,0.2162508,-0.0674253,-8.617262,0.27602294,2.604269,4.3529464,2.6156028,0,3.482,-0.84,186.726
01:16.5,0,100,0,0,0,0,0,0,0,0,-0.09127018,0.008596025,0.008593535,0.1718523,-0.11291455,-8.841733,0.23659108,2.706356,4.6901578,2.8010356,0,3.384,-0.78,186.742
01:16.5,0,100,0,0,0,0,0,0,0,0,-0.2573817,0.09530751,0.04543527,0.1274538,-0.1584038,-9.066204,0.19715922,2.808443,5.0273692,2.9864684,0,3.286,-0.72,186.758
01:16.5,0,100,0,0,0,0,0,0,0,0,-0.19219525,0.118701705,0.04555384,0.008243,-0.20042285,-9.477086,0.15772736,2.91053,5.3645806,3.1719012,0,3.188,-0.66,186.774
01:16.5,0,100,0,0,0,0,0,0,0,0,-0.1270088,0.1420959,0.04567241,-0.1109678,-0.2424419,-9.887968,0.1182955,3.012617,5.701792,3.357334,0,3.09,-0.6,186.79
01:16.6,0,100,0,0,0,0,0,0,0,0,-1.0474049,0.063319705,0.054790685,-0.2611393,-1.78680645,-25.759459,0.06421756,4.0961082,6.5706916,6.7162812,0,2.66,0.012,186.836
01:16.6,0,100,0,0,0,0,0,0,0,0,-1.967801,-0.01545649,0.06390896,-0.4113108,-3.331171,-41.63095,0.01013962,5.1795994,7.4395912,10.0752284,0,2.23,0.624,186.882
01:16.6,0,100,0,0,0,0,0,0,0,0,-0.5013511,-0.177517995,0.18648763,-0.3593904,-1.023702,-30.86093,-0.04393832,6.2630906,8.3084908,13.4341756,0,1.8,1.236,186.928
01:16.6,0,100,0,0,0,0,0,0,0,0,0.9650988,-0.3395795,0.3090663,-0.30747,1.283767,-20.09091,-0.09801626,7.3465818,9.1773904,16.7931228,0,1.37,1.848,186.974
01:16.6,0,100,0,0,0,0,0,0,0,0,0.58698735,0.0665976,0.188652035,0.2236427,0.4517513,-14.2313495,-0.1520942,8.430073,10.04629,20.15207,0,0.94,2.46,187.02
01:16.7,0,100,0,0,0,0,0,0,0,0,0.2088759,0.4727747,0.06823777,0.7547554,-0.3802644,-8.371789,-0.0997062,8.0983834,9.3655848,18.75683,0,0.972,2.896,187.228
01:16.7,0,100,0,0,0,0,0,0,0,0,0.06563217,0.36665095,0.128838285,0.4450478,-0.3370113,-9.3504995,-0.0473182,7.7666938,8.6848796,17.36159,0,1.004,3.332,187.436
01:16.7,0,100,0,0,0,0,0,0,0,0,-0.07761156,0.2605272,0.1894388,0.1353402,-0.2937582,-10.32921,0.0050698,7.4350042,8.0041744,15.96635,0,1.036,3.768,187.644
01:16.7,0,100,0,0,0,0,0,0,0,0,-0.00686433,0.26204575,0.17809165,0.11716424,-0.08237615,-10.18817,0.0574578,7.1033146,7.3234692,14.57111,0,1.068,4.204,187.852
01:16.7,0,100,0,0,0,0,0,0,0,0,0.0638829,0.2635643,0.1667445,0.09898828,0.1290059,-10.04713,0.1098458,6.771625,6.642764,13.17587,0,1.1,4.64,188.06
01:16.8,0,100,0,0,0,0,0,0,0,0,0.0953073,0.16364905,0.1361072,0.28511094,0.0133331,-9.7008945,0.08224352,6.2389568,6.4206014,12.0904202,0,1.264,4.516,188.108
01:16.8,0,100,0,0,0,0,0,0,0,0,0.1267317,0.0637338,0.1054699,0.4712336,-0.1023397,-9.354659,0.05464124,5.7062886,6.1984388,11.0049704,0,1.428,4.392,188.156
01:16.8,0,100,0,0,0,0,0,0,0,0,0.11418495,-0.16579025,0.045638405,0.4670617,-0.18332745,-9.3079045,0.02703896,5.1736204,5.9762762,9.9195206,0,1.592,4.268,188.204
01:16.8,0,100,0,0,0,0,0,0,0,0,0.1016382,-0.3953143,-0.01419309,0.4628898,-0.2643152,-9.26115,-0.00056332,4.6409522,5.7541136,8.8340708,0,1.756,4.144,188.252
01:16.8,0,100,0,0,0,0,0,0,0,0,0.1930626,-0.41500975,-0.072552345,0.333088,-0.18154252,-9.1848685,-0.0281656,4.108284,5.531951,7.748621,0,1.92,4.02,188.3
01:16.9,0,100,0,0,0,0,0,0,0,0,0.284487,-0.4347052,-0.1309116,0.2032862,-0.09876984,-9.108587,-0.04731822,3.786513,5.372849,7.0603614,0,2.152,3.574,188.184
01:16.9,0,100,0,0,0,0,0,0,0,0,0.21301245,-0.45712855,-0.089400865,0.18673405,-0.092596015,-8.871165,-0.06647084,3.464742,5.213747,6.3721018,0,2.384,3.128,188.068
01:16.9,0,100,0,0,0,0,0,0,0,0,0.1415379,-0.4795519,-0.04789013,0.1701819,-0.08642219,-8.633743,-0.08562346,3.142971,5.054645,5.6838422,0,2.616,2.682,187.952
01:16.9,0,100,0,0,0,0,0,0,0,0,0.142204,-0.38352305,-0.070863905,0.095986635,-0.088357155,-8.6067665,-0.10477608,2.8212,4.895543,4.9955826,0,2.848,2.236,187.836
01:16.9,0,100,0,0,0,0,0,0,0,0,0.1428701,-0.2874942,-0.09383768,0.02179137,-0.09029212,-8.57979,-0.1239287,2.499429,4.736441,4.307323,0,3.08,1.79,187.72
01:17.0,0,100,0,0,0,0,0,0,0,0,0.10942133,-0.2506396,-0.095142395,0.066028485,-0.11803146,-8.513068,-0.102522832,2.425912,4.6788312,4.1033832,0,3.198,1.554,187.594
01:17.0,0,100,0,0,0,0,0,0,0,0,0.07597256,-0.213785,-0.09644711,0.1102656,-0.1457708,-8.446346,-0.081116964,2.352395,4.6212214,3.8994434,0,3.316,1.318,187.468
01:17.0,0,100,0,0,0,0,0,0,0,0,0.075768755,-0.2072677,-0.104278205,0.1073155,-0.13193805,-8.408551,-0.059711096,2.278878,4.5636116,3.6955036,0,3.434,1.082,187.342
01:17.0,0,100,0,0,0,0,0,0,0,0,0.07556495,-0.2007504,-0.1121093,0.1043654,-0.1181053,-8.370756,-0.038305228,2.205361,4.5060018,3.4915638,0,3.552,0.846,187.216
01:17.0,0,100,0,0,0,0,0,0,0,0,0.109579625,-0.15989005,-0.1095888,0.1698607,-0.026086425,-8.3786145,-0.01689936,2.131844,4.448392,3.287624,0,3.67,0.61,187.09
01:17.1,0,100,0,0,0,0,0,0,0,0,0.1435943,-0.1190297,-0.1070683,0.235356,0.06593245,-8.386473,0.005069808,2.0034346,4.1739042,3.1026362,0,3.844,0.5,186.938
01:17.1,0,100,0,0,0,0,0,0,0,0,0.1479721,-0.11454955,-0.10557935,0.2918318,0.007379645,-8.3518785,0.027038976,1.8750252,3.8994164,2.9176484,0,4.018,0.39,186.786
01:17.1,0,100,0,0,0,0,0,0,0,0,0.1523499,-0.1100694,-0.1040904,0.3483076,-0.05117316,-8.317284,0.049008144,1.7466158,3.6249286,2.7326606,0,4.192,0.28,186.634
01:17.1,0,100,0,0,0,0,0,0,0,0,0.1745117,-0.1131518,-0.11869855,0.22268162,-0.08787418,-8.3180055,0.070977312,1.6182064,3.3504408,2.5476728,0,4.366,0.17,186.482
01:17.1,0,100,0,0,0,0,0,0,0,0,0.1966735,-0.1162342,-0.1333067,0.09705564,-0.1245752,-8.318727,0.09294648,1.489797,3.075953,2.362685,0,4.54,0.06,186.33
01:17.2,0,100,0,0,0,0,0,0,0,0,0.1887261,-0.09039079,-0.1299792,0.094835585,-0.109361595,-8.268131,0.125055264,1.4895246,3.1246516,2.2233302,0,4.74,-0.036,186.2
01:17.2,0,100,0,0,0,0,0,0,0,0,0.1807787,-0.06454738,-0.1266517,0.09261553,-0.09414799,-8.217535,0.157164048,1.4892522,3.1733502,2.0839754,0,4.94,-0.132,186.07
01:17.2,0,100,0,0,0,0,0,0,0,0,0.1742296,-0.09338609,-0.09918071,0.112698715,-0.105896745,-8.1938555,0.189272832,1.4889798,3.2220488,1.9446206,0,5.14,-0.228,185.94
01:17.2,0,100,0,0,0,0,0,0,0,0,0.1676805,-0.1222248,-0.07170972,0.1327819,-0.1176455,-8.170176,0.221381616,1.4887074,3.2707474,1.8052658,0,5.34,-0.324,185.81
01:17.2,0,100,0,0,0,0,0,0,0,0,0.1823243,-0.1178514,-0.0500468,0.16152535,-0.07968304,-8.122124,0.2534904,1.488435,3.319446,1.665911,0,5.54,-0.42,185.68
01:17.3,0,100,0,0,0,0,0,0,0,0,0.1969681,-0.113478,-0.02838388,0.1902688,-0.04172058,-8.074072,0.27320632,1.5289538,3.405675,1.6415592,0,5.476,-0.478,185.62
01:17.3,0,100,0,0,0,0,0,0,0,0,0.111831555,-0.08126701,-0.035007165,0.118253885,-0.15467444,-8.1426615,0.29292224,1.5694726,3.491904,1.6172074,0,5.412,-0.536,185.56
01:17.3,0,100,0,0,0,0,0,0,0,0,0.02669501,-0.04905602,-0.04163045,0.04623897,-0.2676283,-8.211251,0.31263816,1.6099914,3.578133,1.5928556,0,5.348,-0.594,185.5
01:17.3,0,100,0,0,0,0,0,0,0,0,-0.292292345,-0.04132979,-0.05050848,0.136386785,-0.441663,-8.2047185,0.33235408,1.6505102,3.664362,1.5685038,0,5.284,-0.652,185.44
01:17.3,0,100,0,0,0,0,0,0,0,0,-0.6112797,-0.03360356,-0.05938651,0.2265346,-0.6156977,-8.198186,0.35207,1.691029,3.750591,1.544152,0,5.22,-0.71,185.38
01:17.4,0,100,0,0,0,0,0,0,0,0,-0.64886325,0.010414085,-0.03941182,0.121761435,-0.4232451,-8.243886,0.30306186,1.7759162,4.0687636,1.616065,0,4.594,-0.658,185.348
01:17.4,0,100,0,0,0,0,0,0,0,0,-0.6864468,0.05443173,-0.01943713,0.01698827,-0.2307925,-8.289586,0.25405372,1.8608034,4.3869362,1.687978,0,3.968,-0.606,185.316
01:17.4,0,100,0,0,0,0,0,0,0,0,-0.49688895,0.05492817,-0.016908165,0.043239865,-0.0373777,-8.316142,0.20504558,1.9456906,4.7051088,1.759891,0,3.342,-0.554,185.284
01:17.4,0,100,0,0,0,0,0,0,0,0,-0.3073311,0.05542461,-0.0143792,0.06949146,0.1560371,-8.342698,0.15603744,2.0305778,5.0232814,1.831804,0,2.716,-0.502,185.252
01:17.4,0,100,0,0,0,0,0,0,0,0,-0.3067495,0.04481291,-0.01287165,0.071538565,0.046517395,-8.278779,0.1070293,2.115465,5.341454,1.903717,0,2.09,-0.45,185.22
01:17.5,0,100,0,0,0,0,0,0,0,0,-0.3061679,0.03420121,-0.0113641,0.07358567,-0.06300231,-8.21486,0.15772738,2.0892568,5.372475,1.8971366,0,1.822,-0.372,185.202
01:17.5,0,100,0,0,0,0,0,0,0,0,-0.2262172,0.05112923,-0.008193997,0.053015655,-0.06423795,-8.2366545,0.20842546,2.0630486,5.403496,1.8905562,0,1.554,-0.294,185.184
01:17.5,0,100,0,0,0,0,0,0,0,0,-0.1462665,0.06805725,-0.005023893,0.03244564,-0.06547359,-8.258449,0.25912354,2.0368404,5.434517,1.8839758,0,1.286,-0.216,185.166
01:17.5,0,100,0,0,0,0,0,0,0,0,-0.1571206,0.070625615,0.001803288,0.07847897,-0.06276751,-8.2454775,0.30982162,2.0106322,5.465538,1.8773954,0,1.018,-0.138,185.148
01:17.5,0,100,0,0,0,0,0,0,0,0,-0.1679747,0.07319398,0.008630468,0.1245123,-0.06006143,-8.232506,0.3605197,1.984424,5.496559,1.870815,0,0.75,-0.06,185.13
01:17.6,0,100,0,0,0,0,0,0,0,0,-0.07008536,0.03338162,0.012529039,0.10972751,-0.04863108,-8.257734,0.38023562,1.938815,5.3018096,1.8168714,0,0.656,-0.014,185.152
01:17.6,0,100,0,0,0,0,0,0,0,0,0.02780398,-0.00643074,0.01642761,0.09494272,-0.03720073,-8.282962,0.39995154,1.893206,5.1070602,1.7629278,0,0.562,0.032,185.174
01:17.6,0,100,0,0,0,0,0,0,0,0,-0.05861966,0.04700428,0.027004355,0.13694301,-0.055450835,-8.361006,0.41966746,1.847597,4.9123108,1.7089842,0,0.468,0.078,185.196
01:17.6,0,100,0,0,0,0,0,0,0,0,-0.1450433,0.1004393,0.0375811,0.1789433,-0.07370094,-8.43905,0.43938338,1.801988,4.7175614,1.6550406,0,0.374,0.124,185.218
01:17.6,0,100,0,0,0,0,0,0,0,0,-0.0382676,0.07971956,0.067430955,0.2085288,-0.01977253,-8.3947585,0.4590993,1.756379,4.522812,1.601097,0,0.28,0.17,185.24
01:17.7,0,100,0,0,0,0,0,0,0,0,0.0685081,0.05899982,0.09728081,0.2381143,0.03415588,-8.350467,0.40896454,1.7576818,4.6084404,1.592513,0,0.31,0.202,185.322
01:17.7,0,100,0,0,0,0,0,0,0,0,0.032938417,0.046491285,0.08266108,0.2440885,-0.00666702,-8.33238,0.35882978,1.7589846,4.6940688,1.583929,0,0.34,0.234,185.404
01:17.7,0,100,0,0,0,0,0,0,0,0,-0.002631267,0.03398275,0.06804135,0.2500627,-0.04748992,-8.314293,0.30869502,1.7602874,4.7796972,1.575345,0,0.37,0.266,185.486
01:17.7,0,100,0,0,0,0,0,0,0,0,0.120727466,-0.0175297,0.088896075,0.21927715,-0.00333267,-8.3243105,0.25856026,1.7615902,4.8653256,1.566761,0,0.4,0.298,185.568
01:17.7,0,100,0,0,0,0,0,0,0,0,0.2440862,-0.06904215,0.1097508,0.1884916,0.04082458,-8.334328,0.2084255,1.762893,4.950954,1.558177,0,0.43,0.33,185.65
01:17.8,0,100,0,0,0,0,0,0,0,0,0.139801695,0.001446365,0.1139451,0.1460281,-0.12163126,-8.5559415,0.1250553,2.8259236,5.8127622,5.2700876,0,0.258,0.37,185.744
01:17.8,0,100,0,0,0,0,0,0,0,0,0.03551719,0.07193488,0.1181394,0.1035646,-0.2840871,-8.777555,0.0416851,3.8889542,6.6745704,8.9819982,0,0.086,0.41,185.838
01:17.8,0,100,0,0,0,0,0,0,0,0,-0.192378955,0.17231514,0.060366521,0.44247905,-0.75603655,-14.1035575,-0.0416851,4.9519848,7.5363786,12.6939088,0,-0.086,0.45,185.932
01:17.8,0,100,0,0,0,0,0,0,0,0,-0.4202751,0.2726954,0.002593641,0.7813935,-1.227986,-19.42956,-0.1250553,6.0150154,8.3981868,16.4058194,0,-0.258,0.49,186.026
01:17.8,0,100,0,0,0,0,0,0,0,0,0.2341097,0.3133451,0.10385692,0.6781557,-0.20901945,-25.860855,-0.2084255,7.078046,9.259995,20.11773,0,-0.43,0.53,186.12
01:17.9,0,100,0,0,0,0,0,0,0,0,0.8884945,0.3539948,0.2051202,0.5749179,0.8099471,-32.29215,-0.174626768,6.597603,8.8397412,18.80088,0,-0.274,0.744,186.296
01:17.9,0,100,0,0,0,0,0,0,0,0,0.2950288,0.38994455,0.2012792,0.4148708,0.2679293,-20.346011,-0.140828036,6.11716,8.4194874,17.48403,0,-0.118,0.958,186.472
01:17.9,0,100,0,0,0,0,0,0,0,0,-0.2984369,0.4258943,0.1974382,0.2548237,-0.2740885,-8.399872,-0.107029304,5.636717,7.9992336,16.16718,0,0.038,1.172,186.648
01:17.9,0,100,0,0,0,0,0,0,0,0,-0.09298755,0.17907176,0.2019595,0.2438161,-0.178319125,-8.7362195,-0.073230572,5.156274,7.5789798,14.85033,0,0.194,1.386,186.824
01:17.9,0,100,0,0,0,0,0,0,0,0,0.1124618,-0.06775078,0.2064808,0.2328085,-0.08254975,-9.072567,-0.03943184,4.675831,7.158726,13.53348,0,0.35,1.6,187
01:18.0,0,100,0,0,0,0,0,0,0,0,-0.09683495,0.08940326,0.207529,0.151397885,-0.216145875,-9.273775,-0.042811712,4.4859592,7.0884632,12.5156928,0,0.23,1.616,187.224
01:18.0,0,100,0,0,0,0,0,0,0,0,-0.3061317,0.2465573,0.2085772,0.06998727,-0.349742,-9.474983,-0.046191584,4.2960874,7.0182004,11.4979056,0,0.11,1.632,187.448
01:18.0,0,100,0,0,0,0,0,0,0,0,-0.11683211,0.05975045,0.22569005,0.112495835,-0.2251522,-9.3533825,-0.049571456,4.1062156,6.9479376,10.4801184,0,-0.01,1.648,187.672
01:18.0,0,100,0,0,0,0,0,0,0,0,0.07246748,-0.1270564,0.2428029,0.1550044,-0.1005624,-9.231782,-0.052951328,3.9163438,6.8776748,9.4623312,0,-0.13,1.664,187.896
01:18.0,0,100,0,0,0,0,0,0,0,0,-0.08744416,-0.0109946,0.2201026,0.082209132,-0.2071875,-9.1668965,-0.0563312,3.726472,6.807412,8.444544,0,-0.25,1.68,188.12
01:18.1,0,100,0,0,0,0,0,0,0,0,-0.2473558,0.1050672,0.1974023,0.009413864,-0.3138126,-9.102011,-0.11153578,3.3950706,6.4648092,7.7633332,0,-0.35,1.634,188.284
01:18.1,0,100,0,0,0,0,0,0,0,0,-0.096568575,-0.0212186,0.16904425,0.108935782,-0.29083735,-8.8665315,-0.16674036,3.0636692,6.1222064,7.0821224,0,-0.45,1.588,188.448
01:18.1,0,100,0,0,0,0,0,0,0,0,0.05421865,-0.1475044,0.1406862,0.2084577,-0.2678621,-8.631052,-0.22194494,2.7322678,5.7796036,6.4009116,0,-0.55,1.542,188.612
01:18.1,0,100,0,0,0,0,0,0,0,0,-0.016267295,-0.1671334,0.069575753,0.1737834,-0.3263099,-8.435784,-0.27714952,2.4008664,5.4370008,5.7197008,0,-0.65,1.496,188.776
01:18.1,0,100,0,0,0,0,0,0,0,0,-0.08675324,-0.1867624,-0.001534694,0.1391091,-0.3847577,-8.240516,-0.3323541,2.069465,5.094398,5.03849,0,-0.75,1.45,188.94
01:18.2,0,100,0,0,0,0,0,0,0,0,-0.01059312,-0.109493005,-0.016701242,0.1680727,-0.23530646,-8.153822,-0.30982162,1.9901598,5.082863,4.6893156,0,-0.7,1.35,188.882
01:18.2,0,100,0,0,0,0,0,0,0,0,0.065567,-0.03222361,-0.03186779,0.1970363,-0.08585522,-8.067128,-0.28728914,1.9108546,5.071328,4.3401412,0,-0.65,1.25,188.824
01:18.2,0,100,0,0,0,0,0,0,0,0,0.01507333,-0.043848895,-0.060895125,0.0824557,-0.20034651,-8.1424525,-0.26475666,1.8315494,5.059793,3.9909668,0,-0.6,1.15,188.766
01:18.2,0,100,0,0,0,0,0,0,0,0,-0.03542034,-0.05547418,-0.08992246,-0.0321249,-0.3148378,-8.217777,-0.24222418,1.7522442,5.048258,3.6417924,0,-0.55,1.05,188.708
01:18.2,0,100,0,0,0,0,0,0,0,0,-0.03047227,-0.13442204,-0.09506393,0.09466645,-0.25902765,-8.150046,-0.2196917,1.672939,5.036723,3.292618,0,-0.5,0.95,188.65
01:18.3,0,100,0,0,0,0,0,0,0,0,-0.0255242,-0.2133699,-0.1002054,0.2214578,-0.2032175,-8.082315,-0.1543475,1.6404826,4.9211068,3.0908892,0,-0.522,0.452,188.562
01:18.3,0,100,0,0,0,0,0,0,0,0,-0.037202415,-0.38498265,-0.09265257,0.37005265,-0.1954755,-7.966617,-0.0890033,1.6080262,4.8054906,2.8891604,0,-0.544,-0.046,188.474
01:18.3,0,100,0,0,0,0,0,0,0,0,-0.04888063,-0.5565954,-0.08509974,0.5186475,-0.1877335,-7.850919,-0.0236591,1.5755698,4.6898744,2.6874316,0,-0.566,-0.544,188.386
01:18.3,0,100,0,0,0,0,0,0,0,0,0.01300244,-0.6149862,-0.06252086,0.40350565,-0.06946348,-7.9798505,0.0416851,1.5431134,4.5742582,2.4857028,0,-0.588,-1.042,188.298
01:18.3,0,100,0,0,0,0,0,0,0,0,0.07488551,-0.673377,-0.03994198,0.2883638,0.04880654,-8.108782,0.1070293,1.510657,4.458642,2.283974,0,-0.61,-1.54,188.21
01:18.4,0,100,0,0,0,0,0,0,0,0,0.02868801,-0.77226035,-0.029648505,0.31070955,-0.05839623,-8.0328745,0.0743572,1.5067904,4.5519266,2.1591976,0,-0.604,-2.372,188.152
01:18.4,0,100,0,0,0,0,0,0,0,0,-0.01750949,-0.8711437,-0.01935503,0.3330553,-0.165599,-7.956967,0.0416851,1.5029238,4.6452112,2.0344212,0,-0.598,-3.204,188.094
01:18.4,0,100,0,0,0,0,0,0,0,0,-0.000832865,-0.7459226,-0.02405601,0.19698058,-0.06887408,-8.126013,0.009013,1.4990572,4.7384958,1.9096448,0,-0.592,-4.036,188.036
01:18.4,0,100,0,0,0,0,0,0,0,0,0.01584376,-0.6207015,-0.02875699,0.06090586,0.02785084,-8.295059,-0.0236591,1.4951906,4.8317804,1.7848684,0,-0.586,-4.868,187.978
01:18.4,0,100,0,0,0,0,0,0,0,0,-0.025697095,-0.5603652,-0.04198035,-0.000118935,-0.04340808,-8.34537,-0.0563312,1.491324,4.925065,1.660092,0,-0.58,-5.7,187.92
01:18.5,0,100,0,0,0,0,0,0,0,0,-0.06723795,-0.5000289,-0.05520371,-0.06114373,-0.114667,-8.395681,-0.02253248,1.5600718,5.0364412,1.8824218,0,-0.97,-5.69,188.032
01:18.5,0,100,0,0,0,0,0,0,0,0,-0.180707325,-0.251269361,0.012111525,-0.236970865,-0.15947745,-8.726276,0.01126624,1.6288196,5.1478174,2.1047516,0,-1.36,-5.68,188.144
01:18.5,0,100,0,0,0,0,0,0,0,0,-0.2941767,-0.002509821,0.07942676,-0.412798,-0.2042879,-9.056871,0.04506496,1.6975674,5.2591936,2.3270814,0,-1.75,-5.67,188.256
01:18.5,0,100,0,0,0,0,0,0,0,0,-0.70404835,0.50919259,0.23822513,-0.7280475,-0.48380785,-10.2286655,0.07886368,1.7663152,5.3705698,2.5494112,0,-2.14,-5.66,188.368
01:18.5,0,100,0,0,0,0,0,0,0,0,-1.11392,1.020895,0.3970235,-1.043297,-0.7633278,-11.40046,0.1126624,1.835063,5.481946,2.771741,0,-2.53,-5.65,188.48
01:18.6,0,100,0,0,0,0,0,0,0,0,-0.9432363,0.73454555,0.34898695,-0.29673305,-0.39454889,-10.453711,0.109845842,1.7654766,5.2020088,2.7402618,0,-3.09,-5.304,188.716
01:18.6,0,100,0,0,0,0,0,0,0,0,-0.7725526,0.4481961,0.3009504,0.4498309,-0.02576998,-9.506962,0.107029284,1.6958902,4.9220716,2.7087826,0,-3.65,-4.958,188.952
01:18.6,0,100,0,0,0,0,0,0,0,0,-0.30272115,0.09951355,0.19950688,0.599413,0.23442251,-9.0824285,0.104212726,1.6263038,4.6421344,2.6773034,0,-4.21,-4.612,189.188
01:18.6,0,100,0,0,0,0,0,0,0,0,0.1671103,-0.249169,0.09806336,0.7489951,0.494615,-8.657895,0.101396168,1.5567174,4.3621972,2.6458242,0,-4.77,-4.266,189.424
01:18.6,0,100,0,0,0,0,0,0,0,0,0.3649709,-0.32561715,0.034212515,0.5016199,0.3962319,-8.789217,0.09857961,1.487131,4.08226,2.614345,0,-5.33,-3.92,189.66
01:18.7,0,100,0,0,0,0,0,0,0,0,0.5628315,-0.4020653,-0.02963833,0.2542447,0.2978488,-8.920539,0.079427,1.4818522,4.1883002,2.5353004,0,-4.78,-4.336,189.604
01:18.7,0,100,0,0,0,0,0,0,0,0,0.47013085,-0.38449255,-0.063732515,0.172151045,0.0667764,-8.758826,0.06027439,1.4765734,4.2943404,2.4562558,0,-4.23,-4.752,189.548
01:18.7,0,100,0,0,0,0,0,0,0,0,0.3774302,-0.3669198,-0.0978267,0.09005739,-0.164296,-8.597113,0.04112178,1.4712946,4.4003806,2.3772112,0,-3.68,-5.168,189.492
01:18.7,0,100,0,0,0,0,0,0,0,0,0.33140025,-0.2945641,-0.14086435,0.00730504,-0.19775545,-8.499977,0.02196917,1.4660158,4.5064208,2.2981666,0,-3.13,-5.584,189.436
01:18.7,0,100,0,0,0,0,0,0,0,0,0.2853703,-0.2222084,-0.183902,-0.07544731,-0.2312149,-8.402841,0.00281656,1.460737,4.612461,2.219122,0,-2.58,-6,189.38
01:18.8,0,100,0,0,0,0,0,0,0,0,0.27202685,-0.143137135,-0.18618035,-0.056073135,-0.18869805,-8.3533405,-0.023659112,1.4877754,4.6596578,2.2488434,0,-2.288,-6.064,189.202
01:18.8,0,100,0,0,0,0,0,0,0,0,0.2586834,-0.06406587,-0.1884587,-0.03669896,-0.1461812,-8.30384,-0.050134784,1.5148138,4.7068546,2.2785648,0,-1.996,-6.128,189.024
01:18.8,0,100,0,0,0,0,0,0,0,0,0.2578203,-0.036775268,-0.15158045,-0.04833727,-0.0150404,-8.2476625,-0.076610456,1.5418522,4.7540514,2.3082862,0,-1.704,-6.192,188.846
01:18.8,0,100,0,0,0,0,0,0,0,0,0.2569572,-0.009484666,-0.1147022,-0.05997558,0.1161004,-8.191485,-0.103086128,1.5688906,4.8012482,2.3380076,0,-1.412,-6.256,188.668
01:18.8,0,100,0,0,0,0,0,0,0,0,0.21388075,0.143081667,-0.1273738,-0.17311549,0.069375565,-8.396922,-0.1295618,1.595929,4.848445,2.367729,0,-1.12,-6.32,188.49
01:18.9,0,100,0,0,0,0,0,0,0,0,0.1708043,0.295648,-0.1400454,-0.2862554,0.02265073,-8.602359,-0.13406828,2.0828172,5.2424872,4.1623092,0,-0.67,-5.134,188.366
01:18.9,0,100,0,0,0,0,0,0,0,0,0.1441113,0.51356965,-0.11786728,-0.35534075,-0.052299385,-8.830132,-0.13857476,2.5697054,5.6365294,5.9568894,0,-0.22,-3.948,188.242
01:18.9,0,100,0,0,0,0,0,0,0,0,0.1174183,0.7314913,-0.09568916,-0.4244261,-0.1272495,-9.057905,-0.14308124,3.0565936,6.0305716,7.7514696,0,0.23,-2.762,188.118
01:18.9,0,100,0,0,0,0,0,0,0,0,0.3333954,2.03585165,-0.021833995,-2.35065955,0.90756675,-16.6950875,-0.14758772,3.5434818,6.4246138,9.5460498,0,0.68,-1.576,187.994
01:18.9,0,100,0,0,0,0,0,0,0,0,0.5493725,3.340212,0.05202117,-4.276893,1.942383,-24.33227,-0.1520942,4.03037,6.818656,11.34063,0,1.13,-0.39,187.87
01:19.0,0,100,0,0,0,0,0,0,0,0,-1.16144325,1.6535391,0.00982239,-1.0969755,0.1732125,-20.609495,-0.13519485,4.4923694,7.0373382,11.31716,0,-0.288,-0.512,188.02
01:19.0,0,100,0,0,0,0,0,0,0,0,-2.872259,-0.0331338,-0.03237639,2.082942,-1.595958,-16.88672,-0.1182955,4.9543688,7.2560204,11.29369,0,-1.706,-0.634,188.17
01:19.0,0,100,0,0,0,0,0,0,0,0,-1.65984835,-0.5428224,0.090470705,0.93143445,-0.2088675,-12.793185,-0.10139615,5.4163682,7.4747026,11.27022,0,-3.124,-0.756,188.32
01:19.0,0,100,0,0,0,0,0,0,0,0,-0.4474377,-1.052511,0.2133178,-0.2200731,1.178223,-8.69965,-0.0844968,5.8783676,7.6933848,11.24675,0,-4.542,-0.878,188.47
01:19.0,0,100,0,0,0,0,0,0,0,0,-0.38492055,-0.11795885,0.18605025,-0.49642895,0.95855055,-9.583905,-0.06759745,6.340367,7.912067,11.22328,0,-5.96,-1,188.62
01:19.1,0,100,0,0,0,0,0,0,0,0,-0.3224034,0.8165933,0.1587827,-0.7727848,0.7388781,-10.46816,-0.05407796,5.8568044,7.3112208,10.4780486,0,-5.75,-0.446,188.652
01:19.1,0,100,0,0,0,0,0,0,0,0,0.1027411,0.50485545,0.1085304,-0.29647145,0.59432865,-9.759586,-0.04055847,5.3732418,6.7103746,9.7328172,0,-5.54,0.108,188.684
01:19.1,0,100,0,0,0,0,0,0,0,0,0.5278856,0.1931176,0.0582781,0.1798419,0.4497792,-9.051012,-0.02703898,4.8896792,6.1095284,8.9875858,0,-5.33,0.662,188.716
01:19.1,0,100,0,0,0,0,0,0,0,0,0.45693705,0.22387605,0.009695415,0.30339955,0.27734315,-8.874736,-0.01351949,4.4061166,5.5086822,8.2423544,0,-5.12,1.216,188.748
01:19.1,0,100,0,0,0,0,0,0,0,0,0.3859885,0.2546345,-0.03888727,0.4269572,0.1049071,-8.69846,0,3.922554,4.907836,7.497123,0,-4.91,1.77,188.78
01:19.2,0,100,0,0,0,0,0,0,0,0,0.3952848,0.100630725,-0.093019235,0.3691177,0.06760796,-8.636172,-0.0608377,3.6672156,4.8410788,6.908665,0,-4.474,1.724,188.62
01:19.2,0,100,0,0,0,0,0,0,0,0,0.4045811,-0.05337305,-0.1471512,0.3112782,0.03030882,-8.573884,-0.1216754,3.4118772,4.7743216,6.320207,0,-4.038,1.678,188.46
01:19.2,0,100,0,0,0,0,0,0,0,0,0.38543155,-0.02066403,-0.1834649,0.196875785,0.11361506,-8.5366265,-0.1825131,3.1565388,4.7075644,5.731749,0,-3.602,1.632,188.3
01:19.2,0,100,0,0,0,0,0,0,0,0,0.366282,0.01204499,-0.2197786,0.08247337,0.1969213,-8.499369,-0.2433508,2.9012004,4.6408072,5.143291,0,-3.166,1.586,188.14
01:19.2,0,100,0,0,0,0,0,0,0,0,0.2591196,-0.033086135,-0.23675665,0.115840435,0.00499005,-8.44478,-0.3041885,2.645862,4.57405,4.554833,0,-2.73,1.54,187.98
01:19.3,0,100,0,0,0,0,0,0,0,0,0.1519572,-0.07821726,-0.2537347,0.1492075,-0.1869412,-8.390191,-0.30531512,2.4786796,4.4766106,4.207279,0,-2.564,1.536,187.754
01:19.3,0,100,0,0,0,0,0,0,0,0,0.102212455,-0.047935365,-0.22544175,0.12383968,-0.114767735,-8.350232,-0.30644174,2.3114972,4.3791712,3.859725,0,-2.398,1.532,187.528
01:19.3,0,100,0,0,0,0,0,0,0,0,0.05246771,-0.01765347,-0.1971488,0.09847186,-0.04259427,-8.310273,-0.30756836,2.1443148,4.2817318,3.512171,0,-2.232,1.528,187.302
01:19.3,0,100,0,0,0,0,0,0,0,0,0.118616955,0.015170055,-0.16687885,0.08207425,0.026481495,-7.952327,-0.30869498,1.9771324,4.1842924,3.164617,0,-2.066,1.524,187.076
01:19.3,0,100,0,0,0,0,0,0,0,0,0.1847662,0.04799358,-0.1366089,0.06567664,0.09555726,-7.594381,-0.3098216,1.80995,4.086853,2.817063,0,-1.9,1.52,186.85
01:19.4,0,100,0,0,0,0,0,0,0,0,0.135603535,0.08223059,-0.13102515,0.070049515,0.059976815,-6.8918135,-0.3233411,1.8414462,3.9856182,2.7320148,0,-1.762,1.622,186.708
01:19.4,0,100,0,0,0,0,0,0,0,0,0.08644087,0.1164676,-0.1254414,0.07442239,0.02439637,-6.189246,-0.3368606,1.8729424,3.8843834,2.6469666,0,-1.624,1.724,186.566
01:19.4,0,100,0,0,0,0,0,0,0,0,0.120911235,0.1372127,-0.0906535,0.07414928,0.047295815,-5.649279,-0.3503801,1.9044386,3.7831486,2.5619184,0,-1.486,1.826,186.424
01:19.4,0,100,0,0,0,0,0,0,0,0,0.1553816,0.1579578,-0.0558656,0.07387617,0.07019526,-5.109312,-0.3638996,1.9359348,3.6819138,2.4768702,0,-1.348,1.928,186.282
01:19.4,0,100,0,0,0,0,0,0,0,0,0.1506115,0.18410275,-0.07338271,0.165235135,0.10640213,-4.6861935,-0.3774191,1.967431,3.580679,2.391822,0,-1.21,2.03,186.14
01:19.5,0,100,0,0,0,0,0,0,0,0,0.1458414,0.2102477,-0.09089982,0.2565941,0.142609,-4.263075,-0.38417884,2.5741944,4.1314378,5.1384356,0,-0.658,1.416,186.04
01:19.5,0,100,0,0,0,0,0,0,0,0,0.52277615,-1.10801915,-0.15910751,2.05869455,1.660296,-15.5926625,-0.39093858,3.1809578,4.6821966,7.8850492,0,-0.106,0.802,185.94
01:19.5,0,100,0,0,0,0,0,0,0,0,0.8997109,-2.426286,-0.2273152,3.860795,3.177983,-26.92225,-0.39769832,3.7877212,5.2329554,10.6316628,0,0.446,0.188,185.84
01:19.5,0,100,0,0,0,0,0,0,0,0,0.81847955,-1.3341588,-0.18425045,1.63889095,2.359761,-22.51858,-0.40445806,4.3944846,5.7837142,13.3782764,0,0.998,-0.426,185.74
01:19.5,0,100,0,0,0,0,0,0,0,0,0.7372482,-0.2420316,-0.1411857,-0.5830131,1.541539,-18.11491,-0.4112178,5.001248,6.334473,16.12489,0,1.55,-1.04,185.64
01:19.6,0,100,0,0,0,0,0,0,0,0,0.45215325,0.1429192,-0.06334263,-0.4389835,0.50370235,-10.085476,-0.40558468,4.8764888,6.0473174,14.980172,0,2.05,-1.052,185.668
01:19.6,0,100,0,0,0,0,0,0,0,0,0.1670583,0.52787,0.01450044,-0.2949539,-0.5341343,-2.056042,-0.39995156,4.7517296,5.7601618,13.835454,0,2.55,-1.064,185.696
01:19.6,0,100,0,0,0,0,0,0,0,0,0.21203345,0.17234205,0.036018645,-0.03460465,-0.37586595,-2.472402,-0.39431844,4.6269704,5.4730062,12.690736,0,3.05,-1.076,185.724
01:19.6,0,100,0,0,0,0,0,0,0,0,0.2570086,-0.1831859,0.05753685,0.2257446,-0.2175976,-2.888762,-0.38868532,4.5022112,5.1858506,11.546018,0,3.55,-1.088,185.752
01:19.6,0,100,0,0,0,0,0,0,0,0,-1.1692402,-0.13209307,0.05595098,-0.0815866,-2.0420998,-7.152821,-0.3830522,4.377452,4.898695,10.4013,0,4.05,-1.1,185.78
01:19.7,0,100,0,0,0,0,0,0,0,0,-2.595489,-0.08100024,0.05436511,-0.3889178,-3.866602,-11.41688,-0.36277296,4.5891054,5.4352004,10.68313,0,3.428,-0.142,185.692
01:19.7,0,100,0,0,0,0,0,0,0,0,-1.05765735,0.78328088,-0.072061295,-1.5009719,-0.239368,-15.9069,-0.34249372,4.8007588,5.9717058,10.96496,0,2.806,0.816,185.604
01:19.7,0,100,0,0,0,0,0,0,0,0,0.4801743,1.647562,-0.1984877,-2.613026,3.387866,-20.39692,-0.32221448,5.0124122,6.5082112,11.24679,0,2.184,1.774,185.516
01:19.7,0,100,0,0,0,0,0,0,0,0,0.71088525,0.89701235,-0.268971,-0.7805835,2.4356935,-12.7196795,-0.30193524,5.2240656,7.0447166,11.52862,0,1.562,2.732,185.428
01:19.7,0,100,0,0,0,0,0,0,0,0,0.9415962,0.1464627,-0.3394543,1.051859,1.483521,-5.042439,-0.281656,5.435719,7.581222,11.81045,0,0.94,3.69,185.34
01:19.8,0,100,0,0,0,0,0,0,0,0,0.01162225,-0.44182215,-0.35151985,1.6012275,0.6244705,-5.0997585,-0.2861625,5.0581192,7.0662342,11.019181,0,1.052,2.872,184.948
01:19.8,0,100,0,0,0,0,0,0,0,0,-0.9183517,-1.030107,-0.3635854,2.150596,-0.23458,-5.157078,-0.290669,4.6805194,6.5512464,10.227912,0,1.164,2.054,184.556
01:19.8,0,100,0,0,0,0,0,0,0,0,0.21449715,-1.0658605,-0.34528195,1.4602488,1.5948325,-8.148134,-0.2951755,4.3029196,6.0362586,9.436643,0,1.276,1.236,184.164
01:19.8,0,100,0,0,0,0,0,0,0,0,1.347346,-1.101614,-0.3269785,0.7699016,3.424245,-11.13919,-0.299682,3.9253198,5.5212708,8.645374,0,1.388,0.418,183.772
01:19.8,0,100,0,0,0,0,0,0,0,0,0.30954535,-0.76245155,-0.32222315,0.0892879,1.74461336,-11.937755,-0.3041885,3.54772,5.006283,7.854105,0,1.5,-0.4,183.38
01:19.9,0,100,0,0,0,0,0,0,0,0,-0.7282553,-0.4232891,-0.3174678,-0.5913258,0.06498172,-12.73632,-0.3278476,3.4216396,4.740946,7.4284406,0,1.164,-0.248,183.072
01:19.9,0,100,0,0,0,0,0,0,0,0,-0.4536696,0.41001895,-0.2776203,-1.0845579,0.57010686,-11.125747,-0.3515067,3.2955592,4.475609,7.0027762,0,0.828,-0.096,182.764
01:19.9,0,100,0,0,0,0,0,0,0,0,-0.1790839,1.243327,-0.2377728,-1.57779,1.075232,-9.515174,-0.3751658,3.1694788,4.210272,6.5771118,0,0.492,0.056,182.456
01:19.9,0,100,0,0,0,0,0,0,0,0,0.0051994,0.2996519,-0.23219895,-0.2489315,1.7562925,-9.896132,-0.3988249,3.0433984,3.944935,6.1514474,0,0.156,0.208,182.148
01:19.9,0,100,0,0,0,0,0,0,0,0,0.1894827,-0.6440232,-0.2266251,1.079927,2.437353,-10.27709,-0.422484,2.917318,3.679598,5.725783,0,-0.18,0.36,181.84
01:20.0,0,100,0,0,0,0,0,0,0,0,0.14975975,-0.371452595,-0.2068985,0.526581125,1.5438133,-9.1516035,-0.40671128,2.8124164,3.4613232,5.552164,0,-0.082,0.386,181.656
01:20.0,0,100,0,0,0,0,0,0,0,0,0.1100368,-0.09888199,-0.1871719,-0.02676475,0.6502736,-8.026117,-0.39093856,2.7075148,3.2430484,5.378545,0,0.016,0.412,181.472
01:20.0,0,100,0,0,0,0,0,0,0,0,0.040571325,0.112110705,-0.16701375,-0.412242575,0.8951533,-9.9511785,-0.37516584,2.6026132,3.0247736,5.204926,0,0.114,0.438,181.288
01:20.0,0,100,0,0,0,0,0,0,0,0,-0.02889415,0.3231034,-0.1468556,-0.7977204,1.140033,-11.87624,-0.35939312,2.4977116,2.8064988,5.031307,0,0.212,0.464,181.104
01:20.0,0,100,0,0,0,0,0,0,0,0,0.01906007,0.0362883,-0.121541745,-0.355358815,1.2938575,-10.4159785,-0.3436204,2.39281,2.588224,4.857688,0,0.31,0.49,180.92
01:20.1,0,100,0,0,0,0,0,0,0,0,0.06701429,-0.2505268,-0.09622789,0.08700277,1.447682,-8.955717,-0.34587364,2.3661374,2.5305852,4.644352,0,0.284,0.466,180.932
01:20.1,0,100,0,0,0,0,0,0,0,0,0.02294725,-0.172097515,-0.038399655,0.306052885,0.93364175,-9.4896185,-0.34812688,2.3394648,2.4729464,4.431016,0,0.258,0.442,180.944
01:20.1,0,100,0,0,0,0,0,0,0,0,-0.02111979,-0.09366823,0.01942858,0.525103,0.4196015,-10.02352,-0.35038012,2.3127922,2.4153076,4.21768,0,0.232,0.418,180.956
01:20.1,0,100,0,0,0,0,0,0,0,0,-0.044124255,-0.01783286,0.08847614,0.38274695,0.29979365,-9.9521875,-0.35263336,2.2861196,2.3576688,4.004344,0,0.206,0.394,180.968
01:20.1,0,100,0,0,0,0,0,0,0,0,-0.06712872,0.05800251,0.1575237,0.2403909,0.1799858,-9.880855,-0.3548866,2.259447,2.30003,3.791008,0,0.18,0.37,180.98
01:20.2,0,100,0,0,0,0,0,0,0,0,0.05850954,-0.074619595,0.099188495,0.145072825,0.11076757,-9.7909605,-0.38530544,2.361812,2.4330666,3.6665884,0,0.212,0.338,181.054
01:20.2,0,100,0,0,0,0,0,0,0,0,0.1841478,-0.2072417,0.04085329,0.04975475,0.04154934,-9.701066,-0.41572428,2.464177,2.5661032,3.5421688,0,0.244,0.306,181.128
01:20.2,0,100,0,0,0,0,0,0,0,0,0.05193402,-0.054927505,0.043682035,0.093724825,-0.012199575,-9.8436505,-0.44614312,2.566542,2.6991398,3.4177492,0,0.276,0.274,181.202
01:20.2,0,100,0,0,0,0,0,0,0,0,-0.08027976,0.09738669,0.04651078,0.1376949,-0.06594849,-9.986235,-0.47656196,2.668907,2.8321764,3.2933296,0,0.308,0.242,181.276
01:20.2,0,100,0,0,0,0,0,0,0,0,-0.02124935,0.00997573,-0.00638023,0.09140768,-0.068218995,-9.833916,-0.5069808,2.771272,2.965213,3.16891,0,0.34,0.21,181.35
01:20.3,0,100,0,0,0,0,0,0,0,0,0.03778106,-0.07743523,-0.05927124,0.04512046,-0.0704895,-9.681597,-0.50360094,2.7117372,2.8644522,3.084451,0,0.364,0.182,181.276
01:20.3,0,100,0,0,0,0,0,0,0,0,0.04588972,-0.073024525,-0.071411055,0.03247522,-0.06493106,-9.739195,-0.50022108,2.6522024,2.7636914,2.999992,0,0.388,0.154,181.202
01:20.3,0,100,0,0,0,0,0,0,0,0,0.05399838,-0.06861382,-0.08355087,0.01982998,-0.05937262,-9.796793,-0.49684122,2.5926676,2.6629306,2.915533,0,0.412,0.126,181.128
01:20.3,0,100,0,0,0,0,0,0,0,0,-0.014572585,0.01972844,-0.05948812,0.07625434,-0.06557447,-9.859042,-0.49346136,2.5331328,2.5621698,2.831074,0,0.436,0.098,181.054
01:20.3,0,100,0,0,0,0,0,0,0,0,-0.08314355,0.1080707,-0.03542537,0.1326787,-0.07177632,-9.921291,-0.4900815,2.473598,2.461409,2.746615,0,0.46,0.07,180.98
01:20.4,0,100,0,0,0,0,0,0,0,0,-0.013332515,0.008225235,0.001614425,0.1207194,0.03392684,-9.783381,-0.52951334,2.292523,2.3270084,2.583683,0,0.458,0.07,181.016
01:20.4,0,100,0,0,0,0,0,0,0,0,0.05647852,-0.09162023,0.03865422,0.1087601,0.13963,-9.645471,-0.56894518,2.111448,2.1926078,2.420751,0,0.456,0.07,181.052
01:20.4,0,100,0,0,0,0,0,0,0,0,-0.000486095,-0.01834171,0.058464315,0.048935225,0.052096565,-9.781385,-0.60837702,1.930373,2.0582072,2.257819,0,0.454,0.07,181.088
01:20.4,0,100,0,0,0,0,0,0,0,0,-0.05745071,0.05493681,0.07827441,-0.01088965,-0.03543687,-9.917299,-0.64780886,1.749298,1.9238066,2.094887,0,0.452,0.07,181.124
01:20.4,0,100,0,0,0,0,0,0,0,0,-0.048350375,0.066330235,0.066954075,0.088267825,-0.01156761,-9.863866,-0.6872407,1.568223,1.789406,1.931955,0,0.45,0.07,181.16
01:20.5,0,100,0,0,0,0,0,0,0,0,-0.03925004,0.07772366,0.05563374,0.1874253,0.01230165,-9.810433,-0.62302312,1.4670924,1.6836998,1.8771002,0,0.448,0.078,181.168
01:20.5,0,100,0,0,0,0,0,0,0,0,0.008425045,-0.001350415,0.0205556,0.1755531,0.03639295,-9.765082,-0.55880554,1.3659618,1.5779936,1.8222454,0,0.446,0.086,181.176
01:20.5,0,100,0,0,0,0,0,0,0,0,0.05610013,-0.08042449,-0.01452254,0.1636809,0.06048425,-9.719731,-0.49458796,1.2648312,1.4722874,1.7673906,0,0.444,0.094,181.184
01:20.5,0,100,0,0,0,0,0,0,0,0,0.021458375,-0.02236123,-0.03121545,0.1538271,0.02501066,-9.808098,-0.43037038,1.1637006,1.3665812,1.7125358,0,0.442,0.102,181.192
01:20.5,0,100,0,0,0,0,0,0,0,0,-0.01318338,0.03570203,-0.04790836,0.1439733,-0.01046293,-9.896465,-0.3661528,1.06257,1.260875,1.657681,0,0.44,0.11,181.2
01:20.6,0,100,0,0,0,0,0,0,0,0,0.018415025,-0.01971804,-0.042637205,0.21321575,0.095220535,-9.8001555,-0.4078379,0.99125086,1.18726768,1.5541564,0,0.448,0.102,181.172
01:20.6,0,100,0,0,0,0,0,0,0,0,0.05001343,-0.07513811,-0.03736605,0.2824582,0.200904,-9.703846,-0.449523,0.91993172,1.11366036,1.4506318,0,0.456,0.094,181.144
01:20.6,0,100,0,0,0,0,0,0,0,0,0.01377009,-0.018419705,-0.018404795,0.16492892,0.11832511,-9.782293,-0.4912081,0.84861258,1.04005304,1.3471072,0,0.464,0.086,181.116
01:20.6,0,100,0,0,0,0,0,0,0,0,-0.02247325,0.0382987,0.00055646,0.04739964,0.03574622,-9.86074,-0.5328932,0.77729344,0.96644572,1.2435826,0,0.472,0.078,181.088
01:20.6,0,100,0,0,0,0,0,0,0,0,0.002936985,0.005210595,0.018059555,0.10196362,0.025331475,-9.8417685,-0.5745783,0.7059743,0.8928384,1.140058,0,0.48,0.07,181.06
01:20.7,0,100,0,0,0,0,0,0,0,0,0.02834722,-0.02787751,0.03556265,0.1565276,0.01491673,-9.822797,-0.57795816,0.71697752,0.93358592,1.1258582,0,0.486,0.06,181.086
01:20.7,0,100,0,0,0,0,0,0,0,0,0.038792285,-0.062318905,0.031787325,0.11857743,0.02679143,-9.777073,-0.58133802,0.72798074,0.97433344,1.1116584,0,0.492,0.05,181.112
01:20.7,0,100,0,0,0,0,0,0,0,0,0.04923735,-0.0967603,0.028012,0.08062726,0.03866613,-9.731349,-0.58471788,0.73898396,1.01508096,1.0974586,0,0.498,0.04,181.138
01:20.7,0,100,0,0,0,0,0,0,0,0,-0.002715315,-0.00688385,0.0153407,0.09151253,-0.008262955,-9.814654,-0.58809774,0.74998718,1.05582848,1.0832588,0,0.504,0.03,181.164
01:20.7,0,100,0,0,0,0,0,0,0,0,-0.05466798,0.0829926,0.0026694,0.1023978,-0.05519204,-9.897959,-0.5914776,0.7609904,1.096576,1.069059,0,0.51,0.02,181.19
01:20.8,0,100,0,0,0,0,0,0,0,0,-0.00934107,0.00925235,-0.00704446,0.11866755,-0.01515612,-9.82222,-0.58809774,0.71445944,1.03239982,1.02424514,0,0.514,0.018,181.172
01:20.8,0,100,0,0,0,0,0,0,0,0,0.03598584,-0.0644879,-0.01675832,0.1349373,0.0248798,-9.746481,-0.58471788,0.66792848,0.96822364,0.97943128,0,0.518,0.016,181.154
01:20.8,0,100,0,0,0,0,0,0,0,0,0.0231679,-0.042922455,-0.019303255,0.104186135,0.010969489,-9.777798,-0.58133802,0.62139752,0.90404746,0.93461742,0,0.522,0.014,181.136
01:20.8,0,100,0,0,0,0,0,0,0,0,0.01034996,-0.02135701,-0.02184819,0.07343497,-0.002940822,-9.809115,-0.57795816,0.57486656,0.83987128,0.88980356,0,0.526,0.012,181.118
01:20.8,0,100,0,0,0,0,0,0,0,0,0.01153096,-0.01833242,-0.013641522,0.124241335,0.030711699,-9.806537,-0.5745783,0.5283356,0.7756951,0.8449897,0,0.53,0.01,181.1
01:20.9,0,100,0,0,0,0,0,0,0,0,0.01271196,-0.01530783,-0.005434853,0.1750477,0.06436422,-9.803959,-0.58246468,0.48793068,0.736734,0.79271968,0,0.53,0.008,181.106
01:20.9,0,100,0,0,0,0,0,0,0,0,0.01706614,-0.02011343,0.004544579,0.12434787,0.04564137,-9.8013475,-0.59035106,0.44752576,0.6977729,0.74044966,0,0.53,0.006,181.112
01:20.9,0,100,0,0,0,0,0,0,0,0,0.02142032,-0.02491903,0.01452401,0.07364804,0.02691852,-9.798736,-0.59823744,0.40712084,0.6588118,0.68817964,0,0.53,0.004,181.118
01:20.9,0,100,0,0,0,0,0,0,0,0,0.005915897,-0.014794796,0.017387785,0.09869067,0.021078945,-9.810735,-0.60612382,0.36671592,0.6198507,0.63590962,0,0.53,0.002,181.124
01:20.9,0,100,0,0,0,0,0,0,0,0,-0.009588526,-0.004670561,0.02025156,0.1237333,0.01523937,-9.822734,-0.6140102,0.326311,0.5808896,0.5836396,0,0.53,0,181.13
01:21.0,0,100,0,0,0,0,0,0,0,0,0.006758247,-0.006276289,0.012576821,0.11431215,0.03299569,-9.801708,-0.57570496,0.31329036,0.65026992,0.55927648,0,0.532,0,181.128
01:21.0,0,100,0,0,0,0,0,0,0,0,0.02310502,-0.007882017,0.004902082,0.104891,0.05075201,-9.780682,-0.53739972,0.30026972,0.71965024,0.53491336,0,0.534,0,181.126
01:21.0,0,100,0,0,0,0,0,0,0,0,0.010473592,0.000283226,-0.001355614,0.10336315,0.00955383,-9.80269,-0.49909448,0.28724908,0.78903056,0.51055024,0,0.536,0,181.124
01:21.0,0,100,0,0,0,0,0,0,0,0,-0.002157836,0.00844847,-0.007613309,0.1018353,-0.03164435,-9.824698,-0.46078924,0.27422844,0.85841088,0.48618712,0,0.538,0,181.122
01:21.0,0,100,0,0,0,0,0,0,0,0,-0.008321153,0.006781918,-0.012604834,0.1015689,0.010558745,-9.810305,-0.422484,0.2612078,0.9277912,0.461824,0,0.54,0,181.12
01:21.1,0,100,0,0,0,0,0,0,0,0,-0.01448447,0.005115367,-0.01759636,0.1013025,0.05276184,-9.795912,-0.41910414,0.26542394,1.06821296,0.49545484,0,0.54,0,181.116
01:21.1,0,100,0,0,0,0,0,0,0,0,-0.016453305,0.010088874,-0.011475566,0.1097669,0.06307507,-9.8076205,-0.41572428,0.26964008,1.20863472,0.52908568,0,0.54,0,181.112
01:21.1,0,100,0,0,0,0,0,0,0,0,-0.01842214,0.01506238,-0.005354771,0.1182313,0.0733883,-9.819329,-0.41234442,0.27385622,1.34905648,0.56271652,0,0.54,0,181.108
01:21.1,0,100,0,0,0,0,0,0,0,0,-0.00273508,0.007873515,0.002382989,0.10469583,0.061784765,-9.816308,-0.40896456,0.27807236,1.48947824,0.59634736,0,0.54,0,181.104
01:21.1,0,100,0,0,0,0,0,0,0,0,0.01295198,0.000684649,0.01012075,0.09116036,0.05018123,-9.813287,-0.4055847,0.2822885,1.6299,0.6299782,0,0.54,0,181.1
01:21.2,0,100,0,0,0,0,0,0,0,0,0.017345465,-0.005503196,0.01018373,0.10472853,0.032802765,-9.805396,-0.46304252,0.3199493,1.6708066,0.65742856,0,0.542,0,181.102
01:21.2,0,100,0,0,0,0,0,0,0,0,0.02173895,-0.01169104,0.01024671,0.1182967,0.0154243,-9.797505,-0.52050034,0.3576101,1.7117132,0.68487892,0,0.544,0,181.104
01:21.2,0,100,0,0,0,0,0,0,0,0,0.014031524,-0.013626505,0.00155467,0.11147115,0.005860041,-9.7916885,-0.57795816,0.3952709,1.7526198,0.71232928,0,0.546,0,181.106
01:21.2,0,100,0,0,0,0,0,0,0,0,0.006324097,-0.01556197,-0.007137369,0.1046456,-0.003704219,-9.785872,-0.63541598,0.4329317,1.7935264,0.73977964,0,0.548,0,181.108
01:21.2,0,100,0,0,0,0,0,0,0,0,-0.007203887,-0.01629177,-0.01107077,0.1102809,-0.002717185,-9.7858765,-0.6928738,0.4705925,1.834433,0.76723,0,0.55,0,181.11
01:21.3,0,100,0,0,0,0,0,0,0,0,-0.02073187,-0.01702157,-0.01500417,0.1159162,-0.001730151,-9.785881,-0.65682184,0.47275578,1.7804852,0.77668772,0,0.548,-0.002,181.1
01:21.3,0,100,0,0,0,0,0,0,0,0,-0.014320634,-0.015885165,-0.010217047,0.10984135,0.022484055,-9.7737965,-0.62076988,0.47491906,1.7265374,0.78614544,0,0.546,-0.004,181.09
01:21.3,0,100,0,0,0,0,0,0,0,0,-0.007909399,-0.01474876,-0.005429924,0.1037665,0.04669826,-9.761712,-0.58471792,0.47708234,1.6725896,0.79560316,0,0.544,-0.006,181.08
01:21.3,0,100,0,0,0,0,0,0,0,0,-0.011496284,-0.002493436,0.004216808,0.1601558,0.06444176,-9.770066,-0.54866596,0.47924562,1.6186418,0.80506088,0,0.542,-0.008,181.07
01:21.3,0,100,0,0,0,0,0,0,0,0,-0.01508317,0.009761889,0.01386354,0.2165451,0.08218526,-9.77842,-0.512614,0.4814089,1.564694,0.8145186,0,0.54,-0.01,181.06
01:21.4,0,100,0,0,0,0,0,0,0,0,-0.015330225,0.017626255,0.018086365,0.1744971,0.071303075,-9.782992,-0.52838672,0.47001506,1.43203786,0.84775898,0,0.544,-0.01,181.07
01:21.4,0,100,0,0,0,0,0,0,0,0,-0.01557728,0.02549062,0.02230919,0.1324491,0.06042089,-9.787564,-0.54415944,0.45862122,1.29938172,0.88099936,0,0.548,-0.01,181.08
01:21.4,0,100,0,0,0,0,0,0,0,0,0.00241326,0.017062521,0.017157665,0.1186622,0.037865405,-9.7849685,-0.55993216,0.44722738,1.16672558,0.91423974,0,0.552,-0.01,181.09
01:21.4,0,100,0,0,0,0,0,0,0,0,0.0204038,0.008634422,0.01200614,0.1048753,0.01530992,-9.782373,-0.57570488,0.43583354,1.03406944,0.94748012,0,0.556,-0.01,181.1
01:21.4,0,100,0,0,0,0,0,0,0,0,0.00241544,0.016464171,0.00545489,0.091637935,0.006838782,-9.801474,-0.5914776,0.4244397,0.9014133,0.9807205,0,0.56,-0.01,181.11
01:21.5,0,100,0,0,0,0,0,0,0,0,-0.01557292,0.02429392,-0.001096361,0.07840057,-0.001632357,-9.820575,-0.5768315,0.41762306,0.83798734,0.96089604,0,0.558,-0.01,181.098
01:21.5,0,100,0,0,0,0,0,0,0,0,-0.009234147,0.020505815,-0.006568975,0.090644585,0.002619711,-9.820293,-0.5621854,0.41080642,0.77456138,0.94107158,0,0.556,-0.01,181.086
01:21.5,0,100,0,0,0,0,0,0,0,0,-0.002895374,0.01671771,-0.01204159,0.1028886,0.006871779,-9.820011,-0.5475393,0.40398978,0.71113542,0.92124712,0,0.554,-0.01,181.074
01:21.5,0,100,0,0,0,0,0,0,0,0,-0.007722012,0.017171515,-0.009349485,0.09582851,0.013482425,-9.831068,-0.5328932,0.39717314,0.64770946,0.90142266,0,0.552,-0.01,181.062
01:21.5,0,100,0,0,0,0,0,0,0,0,-0.01254865,0.01762532,-0.006657379,0.08876842,0.02009307,-9.842125,-0.5182471,0.3903565,0.5842835,0.8815982,0,0.55,-0.01,181.05
01:21.6,0,100,0,0,0,0,0,0,0,0,0.00013256,0.007555395,-0.000354181,0.09942021,0.02684041,-9.8314155,-0.49684124,0.4044617,0.6042528,0.91260336,0,0.55,-0.012,181.056
01:21.6,0,100,0,0,0,0,0,0,0,0,0.01281377,-0.002514531,0.005949017,0.110072,0.03358775,-9.820706,-0.47543538,0.4185669,0.6242221,0.94360852,0,0.55,-0.014,181.062
01:21.6,0,100,0,0,0,0,0,0,0,0,0.004594599,-0.002946647,0.010546519,0.14673605,0.01997037,-9.8069315,-0.45402952,0.4326721,0.6441914,0.97461368,0,0.55,-0.016,181.068
01:21.6,0,100,0,0,0,0,0,0,0,0,-0.003624572,-0.003378762,0.01514402,0.1834001,0.006352989,-9.793157,-0.43262366,0.4467773,0.6641607,1.00561884,0,0.55,-0.018,181.074
01:21.6,0,100,0,0,0,0,0,0,0,0,-0.001389453,-0.006436314,0.013635235,0.1530958,0.017253305,-9.807806,-0.4112178,0.4608825,0.68413,1.036624,0,0.55,-0.02,181.08
01:21.7,0,100,0,0,0,0,0,0,0,0,0.000845665,-0.009493866,0.01212645,0.1227915,0.02815362,-9.822455,-0.40333142,0.4586046,0.74563794,1.077543,0,0.554,-0.022,181.078
01:21.7,0,100,0,0,0,0,0,0,0,0,0.005670828,-0.008360315,0.00565912,0.12287335,0.017223832,-9.810689,-0.39544504,0.4563267,0.80714588,1.118462,0,0.558,-0.024,181.076
01:21.7,0,100,0,0,0,0,0,0,0,0,0.01049599,-0.007226764,-0.000808209,0.1229552,0.006294044,-9.798923,-0.38755866,0.4540488,0.86865382,1.159381,0,0.562,-0.026,181.074
01:21.7,0,100,0,0,0,0,0,0,0,0,0.004302699,-0.008753537,-0.002143035,0.1147745,0.014687642,-9.7948435,-0.37967228,0.4517709,0.93016176,1.2003,0,0.566,-0.028,181.072
01:21.7,0,100,0,0,0,0,0,0,0,0,-0.001890593,-0.01028031,-0.00347786,0.1065938,0.02308124,-9.790764,-0.3717859,0.449493,0.9916697,1.241219,0,0.57,-0.03,181.07
01:21.8,0,100,0,0,0,0,0,0,0,0,-0.000732822,-0.011235005,-0.00125956,0.1143023,0.033498895,-9.7815885,-0.39657164,0.4568363,1.06909596,1.208885,0,0.57,-0.03,181.07
01:21.8,0,100,0,0,0,0,0,0,0,0,0.000424948,-0.0121897,0.00095874,0.1220108,0.04391655,-9.772413,-0.42135738,0.4641796,1.14652222,1.176551,0,0.57,-0.03,181.07
01:21.8,0,100,0,0,0,0,0,0,0,0,0.012672599,-0.011067022,0.005012228,0.11866575,0.03882928,-9.7732935,-0.44614312,0.4715229,1.22394848,1.144217,0,0.57,-0.03,181.07
01:21.8,0,100,0,0,0,0,0,0,0,0,0.02492025,-0.009944344,0.009065715,0.1153207,0.03374201,-9.774174,-0.47092886,0.4788662,1.30137474,1.111883,0,0.57,-0.03,181.07
01:21.8,0,100,0,0,0,0,0,0,0,0,0.02924993,-0.008274222,0.007527435,0.10357711,0.03681794,-9.773946,-0.4957146,0.4862095,1.378801,1.079549,0,0.57,-0.03,181.07
01:21.9,0,100,0,0,0,0,0,0,0,0,0.03357961,-0.006604099,0.005989154,0.09183352,0.03989387,-9.773718,-0.49008148,0.4675203,1.4484086,1.0848626,0,0.574,-0.032,181.072
01:21.9,0,100,0,0,0,0,0,0,0,0,0.037625165,-0.001593288,0.003460994,0.10038706,0.02636141,-9.7840345,-0.48444836,0.4488311,1.5180162,1.0901762,0,0.578,-0.034,181.074
01:21.9,0,100,0,0,0,0,0,0,0,0,0.04167072,0.003417523,0.000932834,0.1089406,0.01282895,-9.794351,-0.47881524,0.4301419,1.5876238,1.0954898,0,0.582,-0.036,181.076
01:21.9,0,100,0,0,0,0,0,0,0,0,0.03113646,0.004784673,-0.003389292,0.1233989,0.063015025,-9.8044145,-0.47318212,0.4114527,1.6572314,1.1008034,0,0.586,-0.038,181.078
01:21.9,0,100,0,0,0,0,0,0,0,0,0.0206022,0.006151822,-0.007711418,0.1378572,0.1132011,-9.814478,-0.467549,0.3927635,1.726839,1.106117,0,0.59,-0.04,181.08
01:22.0,0,100,0,0,0,0,0,0,0,0,0.02090308,0.012586051,-0.006849025,0.1229754,0.059863976,-9.8176785,-0.46191588,0.3952983,1.7313832,1.02621294,0,0.59,-0.042,181.072
01:22.0,0,100,0,0,0,0,0,0,0,0,0.02120396,0.01902028,-0.005986632,0.1080936,0.006526851,-9.820879,-0.45628276,0.3978331,1.7359274,0.94630888,0,0.59,-0.044,181.064
01:22.0,0,100,0,0,0,0,0,0,0,0,0.012137829,0.007660743,-0.004045182,0.098530485,0.020915011,-9.8104585,-0.45064964,0.4003679,1.7404716,0.86640482,0,0.59,-0.046,181.056
01:22.0,0,100,0,0,0,0,0,0,0,0,0.003071697,-0.003698794,-0.002103732,0.08896737,0.03530317,-9.800038,-0.44501652,0.4029027,1.7450158,0.78650076,0,0.59,-0.048,181.048
01:22.0,0,100,0,0,0,0,0,0,0,0,-0.001521659,0.001178515,0.00042944,0.094248625,0.017857619,-9.8100675,-0.4393834,0.4054375,1.74956,0.7065967,0,0.59,-0.05,181.04
01:22.1,0,100,0,0,0,0,0,0,0,0,-0.006115016,0.006055824,0.002962613,0.09952988,0.000412068,-9.820097,-0.43713016,0.39060864,1.6799258,0.67625236,0,0.588,-0.052,181.042
01:22.1,0,100,0,0,0,0,0,0,0,0,-0.011754898,0.000590383,0.005121494,0.099008885,0.015719264,-9.8167995,-0.43487692,0.37577978,1.6102916,0.64590802,0,0.586,-0.054,181.044
01:22.1,0,100,0,0,0,0,0,0,0,0,-0.01739478,-0.004875059,0.007280375,0.09848789,0.03102646,-9.813502,-0.43262368,0.36095092,1.5406574,0.61556368,0,0.584,-0.056,181.046
01:22.1,0,100,0,0,0,0,0,0,0,0,-0.008133617,-0.006945959,0.011143868,0.105030295,0.017666779,-9.811483,-0.43037044,0.34612206,1.4710232,0.58521934,0,0.582,-0.058,181.048
01:22.1,0,100,0,0,0,0,0,0,0,0,0.001127547,-0.009016859,0.01500736,0.1115727,0.004307098,-9.809464,-0.4281172,0.3312932,1.401389,0.554875,0,0.58,-0.06,181.05
01:22.2,0,100,0,0,0,0,0,0,0,0,0.003006731,-0.002858714,0.01090459,0.1159774,0.052596349,-9.8031655,-0.43713018,0.31581998,1.3755846,0.56875198,0,0.582,-0.058,181.044
01:22.2,0,100,0,0,0,0,0,0,0,0,0.004885915,0.003299431,0.006801819,0.1203821,0.1008856,-9.796867,-0.44614316,0.30034676,1.3497802,0.58262896,0,0.584,-0.056,181.038
01:22.2,0,100,0,0,0,0,0,0,0,0,0.011403372,-0.00439319,0.003468659,0.10799185,0.06283776,-9.7943185,-0.45515614,0.28487354,1.3239758,0.59650594,0,0.586,-0.054,181.032
01:22.2,0,100,0,0,0,0,0,0,0,0,0.01792083,-0.01208581,0.000135499,0.0956016,0.02478992,-9.79177,-0.46416912,0.26940032,1.2981714,0.61038292,0,0.588,-0.052,181.026
01:22.2,0,100,0,0,0,0,0,0,0,0,0.01502854,-0.004719047,0.001603918,0.10471255,0.02540337,-9.7957065,-0.4731821,0.2539271,1.272367,0.6242599,0,0.59,-0.05,181.02
01:22.3,0,100,0,0,0,0,0,0,0,0,0.01213625,0.002647717,0.003072336,0.1138235,0.02601682,-9.799643,-0.45515612,0.29729262,1.21417788,0.619029,0,0.59,-0.05,181.024
01:22.3,0,100,0,0,0,0,0,0,0,0,0.00816451,-0.002743167,0.008301938,0.106536785,0.035779585,-9.7949425,-0.43713014,0.34065814,1.15598876,0.6137981,0,0.59,-0.05,181.028
01:22.3,0,100,0,0,0,0,0,0,0,0,0.00419277,-0.00813405,0.01353154,0.09925007,0.04554235,-9.790242,-0.41910416,0.38402366,1.09779964,0.6085672,0,0.59,-0.05,181.032
01:22.3,0,100,0,0,0,0,0,0,0,0,0.004437608,-0.000915532,0.01289438,0.109001585,0.024724775,-9.793159,-0.40107818,0.42738918,1.03961052,0.6033363,0,0.59,-0.05,181.036
01:22.3,0,100,0,0,0,0,0,0,0,0,0.004682446,0.006302986,0.01225722,0.1187531,0.0039072,-9.796076,-0.3830522,0.4707547,0.9814214,0.5981054,0,0.59,-0.05,181.04
01:22.4,0,100,0,0,0,0,0,0,0,0,-0.010278152,0.004621145,0.003672953,0.10145919,0.013535695,-9.7910755,-0.37516584,0.43088516,1.10030332,0.60121546,0,0.588,-0.05,181.038
01:22.4,0,100,0,0,0,0,0,0,0,0,-0.02523875,0.002939303,-0.004911315,0.08416528,0.02316419,-9.786075,-0.36727948,0.39101562,1.21918524,0.60432552,0,0.586,-0.05,181.036
01:22.4,0,100,0,0,0,0,0,0,0,0,-0.018064455,0.013944767,-0.006358146,0.10250839,0.05813457,-9.794225,-0.35939312,0.35114608,1.33806716,0.60743558,0,0.584,-0.05,181.034
01:22.4,0,100,0,0,0,0,0,0,0,0,-0.01089016,0.02495023,-0.007804977,0.1208515,0.09310495,-9.802375,-0.35150676,0.31127654,1.45694908,0.61054564,0,0.582,-0.05,181.032
01:22.4,0,100,0,0,0,0,0,0,0,0,-0.014745225,0.010300568,-0.006216388,0.12037035,0.112509975,-9.799446,-0.3436204,0.271407,1.575831,0.6136557,0,0.58,-0.05,181.03
01:22.5,0,100,0,0,0,0,0,0,0,0,-0.01860029,-0.004349094,-0.004627798,0.1198892,0.131915,-9.796517,-0.33798728,0.30118756,1.5492496,0.64630884,0,0.582,-0.052,181.03
01:22.5,0,100,0,0,0,0,0,0,0,0,-0.015069265,-0.000765162,-0.001328488,0.1243071,0.064055584,-9.802269,-0.33235416,0.33096812,1.5226682,0.67896198,0,0.584,-0.054,181.03
01:22.5,0,100,0,0,0,0,0,0,0,0,-0.01153824,0.00281877,0.001970821,0.128725,-0.003803832,-9.808021,-0.32672104,0.36074868,1.4960868,0.71161512,0,0.586,-0.056,181.03
01:22.5,0,100,0,0,0,0,0,0,0,0,-0.003747396,-0.009095785,0.006210201,0.110428005,0.027976494,-9.7980325,-0.32108792,0.39052924,1.4695054,0.74426826,0,0.588,-0.058,181.03
01:22.5,0,100,0,0,0,0,0,0,0,0,0.004043449,-0.02101034,0.01044958,0.09213101,0.05975682,-9.788044,-0.3154548,0.4203098,1.442924,0.7769214,0,0.59,-0.06,181.03
01:22.6,0,100,0,0,0,0,0,0,0,0,0.00935176,-0.009815999,0.005019496,0.107617355,0.02091316,-9.810634,-0.33686064,0.39523732,1.33387796,0.72518054,0,0.59,-0.062,181.028
01:22.6,0,100,0,0,0,0,0,0,0,0,0.01466007,0.001378342,-0.000410588,0.1231037,-0.0179305,-9.833224,-0.35826648,0.37016484,1.22483192,0.67343968,0,0.59,-0.064,181.026
01:22.6,0,100,0,0,0,0,0,0,0,0,-0.00063139,-0.005674434,0.000488941,0.11244175,0.01462659,-9.81216,-0.37967232,0.34509236,1.11578588,0.62169882,0,0.59,-0.066,181.024
01:22.6,0,100,0,0,0,0,0,0,0,0,-0.01592285,-0.01272721,0.00138847,0.1017798,0.04718368,-9.791096,-0.40107816,0.32001988,1.00673984,0.56995796,0,0.59,-0.068,181.022
01:22.6,0,100,0,0,0,0,0,0,0,0,-0.003581532,-0.009239759,-0.003905389,0.103481,0.019687024,-9.8002735,-0.422484,0.2949474,0.8976938,0.5182171,0,0.59,-0.07,181.02
01:22.7,0,100,0,0,0,0,0,0,0,0,0.008759786,-0.005752307,-0.009199248,0.1051822,-0.007809632,-9.809451,-0.3898119,0.2774722,0.82700056,0.48992206,0,0.592,-0.07,181.014
01:22.7,0,100,0,0,0,0,0,0,0,0,0.007537017,-0.009843814,-0.007266946,0.093254025,0.024165754,-9.8042915,-0.3571398,0.259997,0.75630732,0.46162702,0,0.594,-0.07,181.008
01:22.7,0,100,0,0,0,0,0,0,0,0,0.006314247,-0.01393532,-0.005334644,0.08132585,0.05614114,-9.799132,-0.3244677,0.2425218,0.68561408,0.43333198,0,0.596,-0.07,181.002
01:22.7,0,100,0,0,0,0,0,0,0,0,0.005895163,-0.006376651,0.000538837,0.103737175,0.035499875,-9.8109425,-0.2917956,0.2250466,0.61492084,0.40503694,0,0.598,-0.07,180.996
01:22.7,0,100,0,0,0,0,0,0,0,0,0.005476078,0.001182018,0.006412319,0.1261485,0.01485861,-9.822753,-0.2591235,0.2075714,0.5442276,0.3767419,0,0.6,-0.07,180.99
01:22.8,0,100,0,0,0,0,0,0,0,0,0.002264571,-0.011583106,0.007501984,0.10710838,0.02515579,-9.8080795,-0.28616248,0.2171716,0.55480316,0.3725711,0,0.598,-0.07,180.992
01:22.8,0,100,0,0,0,0,0,0,0,0,-0.000946935,-0.02434823,0.008591648,0.08806826,0.03545297,-9.793406,-0.31320146,0.2267718,0.56537872,0.3684003,0,0.596,-0.07,180.994
01:22.8,0,100,0,0,0,0,0,0,0,0,0.004116378,-0.016402792,0.006572821,0.09793438,0.02100035,-9.8007845,-0.34024044,0.236372,0.57595428,0.3642295,0,0.594,-0.07,180.996
01:22.8,0,100,0,0,0,0,0,0,0,0,0.00917969,-0.008457354,0.004553994,0.1078005,0.00654773,-9.808163,-0.36727942,0.2459722,0.58652984,0.3600587,0,0.592,-0.07,180.998
01:22.8,0,100,0,0,0,0,0,0,0,0,0.006865451,-0.011679772,0.001533507,0.102575505,0.02447199,-9.8014685,-0.3943184,0.2555724,0.5971054,0.3558879,0,0.59,-0.07,181
01:22.9,0,100,0,0,0,0,0,0,0,0,0.004551212,-0.01490219,-0.00148698,0.09735051,0.04239625,-9.794774,-0.40896452,0.23182022,0.5379083,0.3458162,0,0.59,-0.07,180.994
01:22.9,0,100,0,0,0,0,0,0,0,0,0.012156601,-0.013926975,-0.001868288,0.106044205,0.028179055,-9.8002555,-0.42361064,0.20806804,0.4787112,0.3357445,0,0.59,-0.07,180.988
01:22.9,0,100,0,0,0,0,0,0,0,0,0.01976199,-0.01295176,-0.002249595,0.1147379,0.01396186,-9.805737,-0.43825676,0.18431586,0.4195141,0.3256728,0,0.59,-0.07,180.982
01:22.9,0,100,0,0,0,0,0,0,0,0,0.013496636,-0.009048634,-0.001439062,0.11083775,0.02401153,-9.8076175,-0.45290288,0.16056368,0.360317,0.3156011,0,0.59,-0.07,180.976
01:22.9,0,100,0,0,0,0,0,0,0,0,0.007231282,-0.005145507,-0.000628529,0.1069376,0.0340612,-9.809498,-0.467549,0.1368115,0.3011199,0.3055294,0,0.59,-0.07,180.97
01:23.0,0,100,0,0,0,0,0,0,0,0,0.005703667,-0.002180126,0.001797282,0.11746615,0.016028872,-9.807965,-0.47543536,0.1311245,0.29139526,0.29141462,0,0.59,-0.072,180.974
01:23.0,0,100,0,0,0,0,0,0,0,0,0.004176052,0.000785256,0.004223093,0.1279947,-0.002003456,-9.806432,-0.48332172,0.1254375,0.28167062,0.27729984,0,0.59,-0.074,180.978
01:23.0,0,100,0,0,0,0,0,0,0,0,0.003446215,-0.007296277,0.004665031,0.1159981,0.015916662,-9.8010105,-0.49120808,0.1197505,0.27194598,0.26318506,0,0.59,-0.076,180.982
01:23.0,0,100,0,0,0,0,0,0,0,0,0.002716378,-0.01537781,0.005106969,0.1040015,0.03383678,-9.795589,-0.49909444,0.1140635,0.26222134,0.24907028,0,0.59,-0.078,180.986
01:23.0,0,100,0,0,0,0,0,0,0,0,0.00601776,-0.010699015,0.002389852,0.1059746,0.020575113,-9.804122,-0.5069808,0.1083765,0.2524967,0.2349555,0,0.59,-0.08,180.99
01:23.1,0,100,0,0,0,0,0,0,0,0,0.009319142,-0.00602022,-0.000327264,0.1079477,0.007313446,-9.812655,-0.48895482,0.103405678,0.24160214,0.22424224,0,0.59,-0.08,180.984
01:23.1,0,100,0,0,0,0,0,0,0,0,0.006108483,-0.010095895,-0.001862966,0.09922979,0.019248268,-9.8067795,-0.47092884,0.098434856,0.23070758,0.21352898,0,0.59,-0.08,180.978
01:23.1,0,100,0,0,0,0,0,0,0,0,0.002897823,-0.01417157,-0.003398668,0.09051188,0.03118309,-9.800904,-0.45290286,0.093464034,0.21981302,0.20281572,0,0.59,-0.08,180.972
01:23.1,0,100,0,0,0,0,0,0,0,0,0.009284002,-0.012310805,-0.003003074,0.10483324,0.027393385,-9.8018605,-0.43487688,0.088493212,0.20891846,0.19210246,0,0.59,-0.08,180.966
01:23.1,0,100,0,0,0,0,0,0,0,0,0.01567018,-0.01045004,-0.002607479,0.1191546,0.02360368,-9.802817,-0.4168509,0.08352239,0.1980239,0.1813892,0,0.59,-0.08,180.96
01:23.2,0,100,0,0,0,0,0,0,0,0,0.010243774,-0.010098884,0.000253543,0.1060366,0.02529009,-9.804086,-0.4123444,0.0863684,0.21517778,0.18079572,0,0.59,-0.078,180.962
01:23.2,0,100,0,0,0,0,0,0,0,0,0.004817368,-0.009747727,0.003114564,0.0929186,0.0269765,-9.805355,-0.4078379,0.08921441,0.23233166,0.18020224,0,0.59,-0.076,180.964
01:23.2,0,100,0,0,0,0,0,0,0,0,0.005001382,-0.010911583,0.004846531,0.10288125,0.02834902,-9.8013775,-0.4033314,0.09206042,0.24948554,0.17960876,0,0.59,-0.074,180.966
01:23.2,0,100,0,0,0,0,0,0,0,0,0.005185395,-0.01207544,0.006578497,0.1128439,0.02972154,-9.7974,-0.3988249,0.09490643,0.26663942,0.17901528,0,0.59,-0.072,180.968
01:23.2,0,100,0,0,0,0,0,0,0,0,-0.002588012,-0.00858832,0.006846947,0.1134113,0.02899638,-9.810269,-0.3943184,0.09775244,0.2837933,0.1784218,0,0.59,-0.07,180.97
01:23.3,0,100,0,0,0,0,0,0,0,0,-0.01036142,-0.0051012,0.007115397,0.1139787,0.02827122,-9.823138,-0.36953268,0.166732232,0.4116263,0.2055057,0,0.588,-0.07,180.966
01:23.3,0,100,0,0,0,0,0,0,0,0,0.007056535,-0.008966165,0.002356741,0.11059745,0.03049235,-9.8124965,-0.34474696,0.235712024,0.5394593,0.2325896,0,0.586,-0.07,180.962
01:23.3,0,100,0,0,0,0,0,0,0,0,0.02447449,-0.01283113,-0.002401916,0.1072162,0.03271348,-9.801855,-0.31996124,0.304691816,0.6672923,0.2596735,0,0.584,-0.07,180.958
01:23.3,0,100,0,0,0,0,0,0,0,0,0.014011131,-0.012100415,-0.005426456,0.10695495,0.017909182,-9.8036525,-0.29517552,0.373671608,0.7951253,0.2867574,0,0.582,-0.07,180.954
01:23.3,0,100,0,0,0,0,0,0,0,0,0.003547771,-0.0113697,-0.008450997,0.1066937,0.003104883,-9.80545,-0.2703898,0.4426514,0.9229583,0.3138413,0,0.58,-0.07,180.95
01:23.4,0,100,0,0,0,0,0,0,0,0,0.002891492,-0.012356275,-0.001488072,0.10073839,0.021840407,-9.8029805,-0.3030619,0.42722964,1.12055204,0.4276343,0,0.578,-0.07,180.95
01:23.4,0,100,0,0,0,0,0,0,0,0,0.002235212,-0.01334285,0.005474854,0.09478308,0.04057593,-9.800511,-0.335734,0.41180788,1.31814578,0.5414273,0,0.576,-0.07,180.95
01:23.4,0,100,0,0,0,0,0,0,0,0,0.023261791,-0.010356109,0.007357007,0.10540039,0.04279376,-9.804199,-0.3684061,0.39638612,1.51573952,0.6552203,0,0.574,-0.07,180.95
01:23.4,0,100,0,0,0,0,0,0,0,0,0.04428837,-0.007369368,0.00923916,0.1160177,0.04501159,-9.807887,-0.4010782,0.38096436,1.71333326,0.7690133,0,0.572,-0.07,180.95
01:23.4,0,100,0,0,0,0,0,0,0,0,0.01511556,-0.013514894,0.00505929,0.10278706,0.022255653,-9.8048385,-0.4337503,0.3655426,1.910927,0.8828063,0,0.57,-0.07,180.95
01:23.5,0,100,0,0,0,0,0,0,0,0,-0.01405725,-0.01966042,0.00087942,0.08955642,-0.000500284,-9.80179,-0.4202308,0.38787196,1.853125,0.90878944,0,0.568,-0.066,180.952
01:23.5,0,100,0,0,0,0,0,0,0,0,-0.008139593,-0.00830359,0.005504095,0.15285331,0.055920058,-9.804075,-0.4067113,0.41020132,1.795323,0.93477258,0,0.566,-0.062,180.954
01:23.5,0,100,0,0,0,0,0,0,0,0,-0.002221936,0.003053241,0.01012877,0.2161502,0.1123404,-9.80636,-0.3931918,0.43253068,1.737521,0.96075572,0,0.564,-0.058,180.956
01:23.5,0,100,0,0,0,0,0,0,0,0,0.002278214,0.005828289,0.005224413,0.15967945,0.062481255,-9.8114605,-0.3796723,0.45486004,1.679719,0.98673886,0,0.562,-0.054,180.958
01:23.5,0,100,0,0,0,0,0,0,0,0,0.006778365,0.008603337,0.000320057,0.1032087,0.01262211,-9.816561,-0.3661528,0.4771894,1.621917,1.012722,0,0.56,-0.05,180.96
01:23.6,0,100,0,0,0,0,0,0,0,0,0.004407179,-0.004494106,-0.002885194,0.10729965,0.01687579,-9.8023375,-0.35488656,0.45420098,1.49358888,0.96019334,0,0.554,-0.046,180.954
01:23.6,0,100,0,0,0,0,0,0,0,0,0.002035992,-0.01759155,-0.006090445,0.1113906,0.02112947,-9.788114,-0.34362032,0.43121256,1.36526076,0.90766468,0,0.548,-0.042,180.948
01:23.6,0,100,0,0,0,0,0,0,0,0,0.000827912,-0.011317458,-0.001684721,0.1062336,0.02618374,-9.8001415,-0.33235408,0.40822414,1.23693264,0.85513602,0,0.542,-0.038,180.942
01:23.6,0,100,0,0,0,0,0,0,0,0,-0.000380168,-0.005043366,0.002721004,0.1010766,0.03123801,-9.812169,-0.32108784,0.38523572,1.10860452,0.80260736,0,0.536,-0.034,180.936
01:23.6,0,100,0,0,0,0,0,0,0,0,0.006642936,-0.007050474,0.007437622,0.10420655,0.0359902,-9.804837,-0.3098216,0.3622473,0.9802764,0.7500787,0,0.53,-0.03,180.93
01:23.7,0,100,0,0,0,0,0,0,0,0,0.01366604,-0.009057583,0.01215424,0.1073365,0.04074239,-9.797505,-0.30869498,0.34254716,0.93835674,0.7475839,0,0.524,-0.028,180.934
01:23.7,0,100,0,0,0,0,0,0,0,0,0.007296744,-0.011514027,0.008218611,0.1059306,0.022722609,-9.801149,-0.30756836,0.32284702,0.89643708,0.7450891,0,0.518,-0.026,180.938
01:23.7,0,100,0,0,0,0,0,0,0,0,0.000927448,-0.01397047,0.004282982,0.1045247,0.004702828,-9.804793,-0.30644174,0.30314688,0.85451742,0.7425943,0,0.512,-0.024,180.942
01:23.7,0,100,0,0,0,0,0,0,0,0,-0.001329562,-0.003425667,3.24E-05,0.11508085,0.022231749,-9.813173,-0.30531512,0.28344674,0.81259776,0.7400995,0,0.506,-0.022,180.946
01:23.7,0,100,0,0,0,0,0,0,0,0,-0.003586572,0.007119136,-0.004218212,0.125637,0.03976067,-9.821553,-0.3041885,0.2637466,0.7706781,0.7376047,0,0.5,-0.02,180.95
01:23.8,0,100,0,0,0,0,0,0,0,0,-0.005183713,-0.004596767,-0.003537086,0.11525745,0.026443035,-9.809916,-0.31883462,0.26798448,0.76952548,0.75035192,0,0.494,-0.016,180.944
01:23.8,0,100,0,0,0,0,0,0,0,0,-0.006780853,-0.01631267,-0.002855959,0.1048779,0.0131254,-9.798279,-0.33348074,0.27222236,0.76837286,0.76309914,0,0.488,-0.012,180.938
01:23.8,0,100,0,0,0,0,0,0,0,0,-0.00128278,-0.011936126,-0.002050993,0.10226492,0.022136505,-9.799881,-0.34812686,0.27646024,0.76722024,0.77584636,0,0.482,-0.008,180.932
01:23.8,0,100,0,0,0,0,0,0,0,0,0.004215293,-0.007559582,-0.001246027,0.09965194,0.03114761,-9.801483,-0.36277298,0.28069812,0.76606762,0.78859358,0,0.476,-0.004,180.926
01:23.8,0,100,0,0,0,0,0,0,0,0,0.001811357,-0.007080747,0.004380212,0.10747307,0.032942645,-9.8039565,-0.3774191,0.284936,0.764915,0.8013408,0,0.47,0,180.92
01:23.9,0,100,0,0,0,0,0,0,0,0,-0.000592579,-0.006601912,0.01000645,0.1152942,0.03473768,-9.80643,-0.3548866,0.28958524,0.762193,0.75127824,0,0.46,0.004,180.924
01:23.9,0,100,0,0,0,0,0,0,0,0,0.00516599,-0.009385676,0.01100319,0.10709417,0.03089162,-9.8025495,-0.3323541,0.29423448,0.759471,0.70121568,0,0.45,0.008,180.928
01:23.9,0,100,0,0,0,0,0,0,0,0,0.01092456,-0.01216944,0.01199993,0.09889414,0.02704556,-9.798669,-0.3098216,0.29888372,0.756749,0.65115312,0,0.44,0.012,180.932
01:23.9,0,100,0,0,0,0,0,0,0,0,0.008119646,-0.0158423,0.006344299,0.10645247,0.02219253,-9.797332,-0.2872891,0.30353296,0.754027,0.60109056,0,0.43,0.016,180.936
01:23.9,0,100,0,0,0,0,0,0,0,0,0.005314731,-0.01951516,0.000688667,0.1140108,0.0173395,-9.795995,-0.2647566,0.3081822,0.751305,0.551028,0,0.42,0.02,180.94
01:24.0,0,100,0,0,0,0,0,0,0,0,0.012686136,-0.018609765,-0.002713055,0.1081195,0.02419821,-9.7970575,-0.26700986,0.3322187,0.8250642,0.63075686,0,0.412,0.028,180.934
01:24.0,0,100,0,0,0,0,0,0,0,0,0.02005754,-0.01770437,-0.006114777,0.1022282,0.03105692,-9.79812,-0.26926312,0.3562552,0.8988234,0.71048572,0,0.404,0.036,180.928
01:24.0,0,100,0,0,0,0,0,0,0,0,0.009493263,-0.009362284,-0.011364693,0.130288,0.03805746,-9.8014815,-0.27151638,0.3802917,0.9725826,0.79021458,0,0.396,0.044,180.922
01:24.0,0,100,0,0,0,0,0,0,0,0,-0.001071014,-0.001020197,-0.01661461,0.1583478,0.045058,-9.804843,-0.27376964,0.4043282,1.0463418,0.86994344,0,0.388,0.052,180.916
01:24.0,0,100,0,0,0,0,0,0,0,0,-0.011297737,-0.0019258,-0.011514173,0.16367585,0.0850338,-9.801647,-0.2760229,0.4283647,1.120101,0.9496723,0,0.38,0.06,180.91
01:24.1,0,100,0,0,0,0,0,0,0,0,-0.02152446,-0.002831403,-0.006413735,0.1690039,0.1250096,-9.798451,-0.23997093,0.43603898,1.1043962,0.97258224,0,0.372,0.068,180.912
01:24.1,0,100,0,0,0,0,0,0,0,0,-0.001529895,-0.006358824,-0.003044469,0.13934015,0.077070325,-9.799552,-0.20391896,0.44371326,1.0886914,0.99549218,0,0.364,0.076,180.914
01:24.1,0,100,0,0,0,0,0,0,0,0,0.01846467,-0.009886245,0.000324798,0.1096764,0.02913105,-9.800653,-0.16786699,0.45138754,1.0729866,1.01840212,0,0.356,0.084,180.916
01:24.1,0,100,0,0,0,0,0,0,0,0,0.013160591,-0.011232663,0.010560554,0.10197236,0.03448888,-9.802112,-0.13181502,0.45906182,1.0572818,1.04131206,0,0.348,0.092,180.918
01:24.1,0,100,0,0,0,0,0,0,0,0,0.007856511,-0.01257908,0.02079631,0.09426832,0.03984671,-9.803571,-0.09576305,0.4667361,1.041577,1.064222,0,0.34,0.1,180.92
01:24.2,0,100,0,0,0,0,0,0,0,0,0.002404135,-0.01201378,0.011444651,0.10551761,0.018129803,-9.803503,-0.11153578,0.44863104,0.99447672,1.0289687,0,0.326,0.108,180.918
01:24.2,0,100,0,0,0,0,0,0,0,0,-0.00304824,-0.01144848,0.002092992,0.1167669,-0.003587105,-9.803435,-0.12730851,0.43052598,0.94737644,0.9937154,0,0.312,0.116,180.916
01:24.2,0,100,0,0,0,0,0,0,0,0,0.00731102,-0.010773815,-0.00349628,0.1144239,0.009172223,-9.805127,-0.14308124,0.41242092,0.90027616,0.9584621,0,0.298,0.124,180.914
01:24.2,0,100,0,0,0,0,0,0,0,0,0.01767028,-0.01009915,-0.009085552,0.1120809,0.02193155,-9.806819,-0.15885397,0.39431586,0.85317588,0.9232088,0,0.284,0.132,180.912
01:24.2,0,100,0,0,0,0,0,0,0,0,0.010509109,-0.008725618,-0.010168071,0.10824675,0.017593555,-9.8068775,-0.1746267,0.3762108,0.8060756,0.8879555,0,0.27,0.14,180.91
01:24.3,0,100,0,0,0,0,0,0,0,0,0.003347937,-0.007352086,-0.01125059,0.1044126,0.01325556,-9.806936,-0.152094226,0.35464614,0.76523852,0.8375492,0,0.26,0.148,180.908
01:24.3,0,100,0,0,0,0,0,0,0,0,0.004327419,-0.010802193,-0.003025789,0.1041015,0.030683635,-9.8033515,-0.129561752,0.33308148,0.72440144,0.7871429,0,0.25,0.156,180.906
01:24.3,0,100,0,0,0,0,0,0,0,0,0.0053069,-0.0142523,0.005199011,0.1037904,0.04811171,-9.799767,-0.107029278,0.31151682,0.68356436,0.7367366,0,0.24,0.164,180.904
01:24.3,0,100,0,0,0,0,0,0,0,0,0.004719682,-0.005178915,0.008964686,0.1033133,0.037060695,-9.8039215,-0.084496804,0.28995216,0.64272728,0.6863303,0,0.23,0.172,180.902
01:24.3,0,100,0,0,0,0,0,0,0,0,0.004132463,0.003894471,0.01273036,0.1028362,0.02600968,-9.808076,-0.06196433,0.2683875,0.6018902,0.635924,0,0.22,0.18,180.9
01:24.4,0,100,0,0,0,0,0,0,0,0,0.002542886,-0.00414859,0.01329242,0.1030425,0.02525727,-9.803004,-0.081116944,0.26355594,0.5973995,0.59721532,0,0.206,0.19,180.906
01:24.4,0,100,0,0,0,0,0,0,0,0,0.000953309,-0.01219165,0.01385448,0.1032488,0.02450486,-9.797932,-0.100269558,0.25872438,0.5929088,0.55850664,0,0.192,0.2,180.912
01:24.4,0,100,0,0,0,0,0,0,0,0,0.006296959,-0.011342925,0.006898886,0.10338595,0.02006785,-9.802012,-0.119422172,0.25389282,0.5884181,0.51979796,0,0.178,0.21,180.918
01:24.4,0,100,0,0,0,0,0,0,0,0,0.01164061,-0.0104942,-5.67E-05,0.1035231,0.01563084,-9.806092,-0.138574786,0.24906126,0.5839274,0.48108928,0,0.164,0.22,180.924
01:24.4,0,100,0,0,0,0,0,0,0,0,0.01102507,-0.010133433,-0.006612689,0.10581315,0.0171154,-9.805625,-0.1577274,0.2442297,0.5794367,0.4423806,0,0.15,0.23,180.93
01:24.5,0,100,0,0,0,0,0,0,0,0,0.01040953,-0.009772665,-0.01316867,0.1081032,0.01859996,-9.805158,-0.185893,0.21992936,0.53555132,0.410977,0,0.14,0.238,180.92
01:24.5,0,100,0,0,0,0,0,0,0,0,0.007922854,-0.010063348,-0.009667257,0.102282305,0.020958995,-9.8026015,-0.2140586,0.19562902,0.49166594,0.3795734,0,0.13,0.246,180.91
01:24.5,0,100,0,0,0,0,0,0,0,0,0.005436177,-0.01035403,-0.006165843,0.09646141,0.02331803,-9.800045,-0.2422242,0.17132868,0.44778056,0.3481698,0,0.12,0.254,180.9
01:24.5,0,100,0,0,0,0,0,0,0,0,0.008928274,-0.01188843,0.000405838,0.104400105,0.034280915,-9.7996545,-0.2703898,0.14702834,0.40389518,0.3167662,0,0.11,0.262,180.89
01:24.5,0,100,0,0,0,0,0,0,0,0,0.01242037,-0.01342283,0.006977519,0.1123388,0.0452438,-9.799264,-0.2985554,0.122728,0.3600098,0.2853626,0,0.1,0.27,180.88
01:24.6,0,100,0,0,0,0,0,0,0,0,0.003978793,-0.006552785,0.01302236,0.1094755,0.03771122,-9.8038235,-0.30644176,0.114394176,0.34330098,0.26471012,0,0.088,0.278,180.89
01:24.6,0,100,0,0,0,0,0,0,0,0,-0.004462784,0.000317259,0.0190672,0.1066122,0.03017864,-9.808383,-0.31432812,0.106060352,0.32659216,0.24405764,0,0.076,0.286,180.9
01:24.6,0,100,0,0,0,0,0,0,0,0,-0.001112649,0.000628733,0.011614711,0.1041508,0.016858102,-9.808466,-0.32221448,0.097726528,0.30988334,0.22340516,0,0.064,0.294,180.91
01:24.6,0,100,0,0,0,0,0,0,0,0,0.002237487,0.000940208,0.004162221,0.1016894,0.003537564,-9.808549,-0.33010084,0.089392704,0.29317452,0.20275268,0,0.052,0.302,180.92
01:24.6,0,100,0,0,0,0,0,0,0,0,0.005782803,-0.004403224,-5.95E-05,0.10564895,0.008842437,-9.8060885,-0.3379872,0.08105888,0.2764657,0.1821002,0,0.04,0.31,180.93
01:24.7,0,100,0,0,0,0,0,0,0,0,0.009328119,-0.009746655,-0.004281189,0.1096085,0.01414731,-9.803628,-0.31658134,0.075517316,0.2624373,0.1684358,0,0.03,0.318,180.922
01:24.7,0,100,0,0,0,0,0,0,0,0,0.008183751,-0.010265478,-0.00728017,0.1069966,0.016394965,-9.8042345,-0.29517548,0.069975752,0.2484089,0.1547714,0,0.02,0.326,180.914
01:24.7,0,100,0,0,0,0,0,0,0,0,0.007039383,-0.0107843,-0.01027915,0.1043847,0.01864262,-9.804841,-0.27376962,0.064434188,0.2343805,0.141107,0,0.01,0.334,180.906
01:24.7,0,100,0,0,0,0,0,0,0,0,0.009271776,-0.01100197,-0.005975207,0.10343455,0.025393075,-9.8044725,-0.25236376,0.058892624,0.2203521,0.1274426,0,0,0.342,180.898
01:24.7,0,100,0,0,0,0,0,0,0,0,0.01150417,-0.01121964,-0.001671264,0.1024844,0.03214353,-9.804104,-0.2309579,0.05335106,0.2063237,0.1137782,0,-0.01,0.35,180.89
01:24.8,0,100,0,0,0,0,0,0,0,0,0.008725134,-0.010676795,0.002942824,0.1050821,0.036806375,-9.8035135,-0.21067868,0.049466992,0.1946498,0.104684002,0,-0.02,0.358,180.898
01:24.8,0,100,0,0,0,0,0,0,0,0,0.005946099,-0.01013395,0.007556912,0.1076798,0.04146922,-9.802923,-0.19039946,0.045582924,0.1829759,0.095589804,0,-0.03,0.366,180.906
01:24.8,0,100,0,0,0,0,0,0,0,0,0.006735167,-0.01160565,0.009702266,0.1054595,0.034323265,-9.8020245,-0.17012024,0.041698856,0.171302,0.086495606,0,-0.04,0.374,180.914
01:24.8,0,100,0,0,0,0,0,0,0,0,0.007524234,-0.01307735,0.01184762,0.1032392,0.02717731,-9.801126,-0.14984102,0.037814788,0.1596281,0.077401408,0,-0.05,0.382,180.922
01:24.8,0,100,0,0,0,0,0,0,0,0,0.008551883,-0.011774865,0.006641821,0.10352955,0.021643465,-9.8029835,-0.1295618,0.03393072,0.1479542,0.06830721,0,-0.06,0.39,180.93
01:24.9,0,100,0,0,0,0,0,0,0,0,0.009579532,-0.01047238,0.001436022,0.1038199,0.01610962,-9.804841,-0.1487144,0.040278576,0.14726534,0.07108208,0,-0.07,0.398,180.922
01:24.9,0,100,0,0,0,0,0,0,0,0,0.005604678,-0.002333868,-0.002299002,0.1092034,0.011995589,-9.8039985,-0.167867,0.046626432,0.14657648,0.07385695,0,-0.08,0.406,180.914
01:24.9,0,100,0,0,0,0,0,0,0,0,0.001629823,0.005804643,-0.006034025,0.1145869,0.007881557,-9.803156,-0.1870196,0.052974288,0.14588762,0.07663182,0,-0.09,0.414,180.906
01:24.9,0,100,0,0,0,0,0,0,0,0,0.005022229,-0.003185904,-0.005893855,0.105327255,0.017595469,-9.8020105,-0.2061722,0.059322144,0.14519876,0.07940669,0,-0.1,0.422,180.898
01:24.9,0,100,0,0,0,0,0,0,0,0,0.008414634,-0.01217645,-0.005753685,0.09606761,0.02730938,-9.800865,-0.2253248,0.06567,0.1445099,0.08218156,0,-0.11,0.43,180.89
01:25.0,0,100,0,0,0,0,0,0,0,0,0.009236752,-0.012323295,-0.000897405,0.102286205,0.03298748,-9.801317,-0.21969168,0.055882018,0.129960852,0.07052862,0,-0.12,0.438,180.894
01:25.0,0,100,0,0,0,0,0,0,0,0,0.01005887,-0.01247014,0.003958875,0.1085048,0.03866558,-9.801769,-0.21405856,0.046094036,0.115411804,0.05887568,0,-0.13,0.446,180.898
01:25.0,0,100,0,0,0,0,0,0,0,0,0.008104965,-0.010727675,0.007416747,0.1047278,0.036259575,-9.800773,-0.20842544,0.036306054,0.100862756,0.04722274,0,-0.14,0.454,180.902
01:25.0,0,100,0,0,0,0,0,0,0,0,0.00615106,-0.008985209,0.01087462,0.1009508,0.03385357,-9.799777,-0.20279232,0.026518072,0.086313708,0.0355698,0,-0.15,0.462,180.906
01:25.0,0,100,0,0,0,0,0,0,0,0,0.007621532,-0.01074274,0.009385973,0.10197785,0.026213465,-9.797692,-0.1971592,0.01673009,0.07176466,0.02391686,0,-0.16,0.47,180.91
01:25.1,0,100,0,0,0,0,0,0,0,0,0.009092003,-0.01250027,0.007897326,0.1030049,0.01857336,-9.795607,-0.18701958,0.015877614,0.067249778,0.022208686,0,-0.168,0.476,180.91
01:25.1,0,100,0,0,0,0,0,0,0,0,0.008445556,-0.01173472,0.002838836,0.10547305,0.01924803,-9.797348,-0.17687996,0.015025138,0.062734896,0.020500512,0,-0.176,0.482,180.91
01:25.1,0,100,0,0,0,0,0,0,0,0,0.007799109,-0.01096917,-0.002219654,0.1079412,0.0199227,-9.799089,-0.16674034,0.014172662,0.058220014,0.018792338,0,-0.184,0.488,180.91
01:25.1,0,100,0,0,0,0,0,0,0,0,0.003288539,-0.004642771,-0.004420718,0.1114349,0.020856745,-9.798582,-0.15660072,0.013320186,0.053705132,0.017084164,0,-0.192,0.494,180.91
01:25.1,0,100,0,0,0,0,0,0,0,0,-0.001222032,0.001683628,-0.006621782,0.1149286,0.02179079,-9.798075,-0.1464611,0.01246771,0.04919025,0.01537599,0,-0.2,0.5,180.91
01:25.2,0,100,0,0,0,0,0,0,0,0,0.004025274,-0.005099171,-0.004532133,0.106442105,0.02471515,-9.7969585,-0.118295504,0.012156972,0.046206794,0.014883128,0,-0.208,0.506,180.908
01:25.2,0,100,0,0,0,0,0,0,0,0,0.00927258,-0.01188197,-0.002442483,0.09795561,0.02763951,-9.795842,-0.090129908,0.011846234,0.043223338,0.014390266,0,-0.216,0.512,180.906
01:25.2,0,100,0,0,0,0,0,0,0,0,0.008316169,-0.010838065,0.002587269,0.101715355,0.033306495,-9.7979815,-0.061964312,0.011535496,0.040239882,0.013897404,0,-0.224,0.518,180.904
01:25.2,0,100,0,0,0,0,0,0,0,0,0.007359758,-0.00979416,0.00761702,0.1054751,0.03897348,-9.800121,-0.033798716,0.011224758,0.037256426,0.013404542,0,-0.232,0.524,180.902
01:25.2,0,100,0,0,0,0,0,0,0,0,0.007902135,-0.010237615,0.009420675,0.1041541,0.032645,-9.7986015,-0.00563312,0.01091402,0.03427297,0.01291168,0,-0.24,0.53,180.9
01:25.3,0,100,0,0,0,0,0,0,0,0,0.008444511,-0.01068107,0.01122433,0.1028331,0.02631652,-9.797082,-0.001689936,0.010835194,0.03205717,0.012552592,0,-0.246,0.534,180.904
01:25.3,0,100,0,0,0,0,0,0,0,0,0.008801633,-0.011423695,0.007900246,0.1062329,0.021388465,-9.7964625,0.002253248,0.010756368,0.02984137,0.012193504,0,-0.252,0.538,180.908
01:25.3,0,100,0,0,0,0,0,0,0,0,0.009158754,-0.01216632,0.004576161,0.1096327,0.01646041,-9.795843,0.006196432,0.010677542,0.02762557,0.011834416,0,-0.258,0.542,180.912
01:25.3,0,100,0,0,0,0,0,0,0,0,0.008245942,-0.010439568,0.00071881,0.10972075,0.019414855,-9.7970715,0.010139616,0.010598716,0.02540977,0.011475328,0,-0.264,0.546,180.916
01:25.3,0,100,0,0,0,0,0,0,0,0,0.007333129,-0.008712815,-0.003138541,0.1098088,0.0223693,-9.7983,0.0140828,0.01051989,0.02319397,0.01111624,0,-0.27,0.55,180.92
01:25.4,0,100,0,0,0,0,0,0,0,0,0.002191998,-0.005462798,-0.003351131,0.10611615,0.01628532,-9.804137,-0.01689936,0.02049907,0.032385028,0.024418674,0,-0.274,0.554,180.916
01:25.4,0,100,0,0,0,0,0,0,0,0,-0.002949133,-0.00221278,-0.003563721,0.1024235,0.01020134,-9.809974,-0.04788152,0.03047825,0.041576086,0.037721108,0,-0.278,0.558,180.912
01:25.4,0,100,0,0,0,0,0,0,0,0,0.002583766,-0.006546205,-0.001848451,0.10429885,0.02127827,-9.803582,-0.07886368,0.04045743,0.050767144,0.051023542,0,-0.282,0.562,180.908
01:25.4,0,100,0,0,0,0,0,0,0,0,0.008116665,-0.01087963,-0.000133181,0.1061742,0.0323552,-9.79719,-0.10984584,0.05043661,0.059958202,0.064325976,0,-0.286,0.566,180.904
01:25.4,0,100,0,0,0,0,0,0,0,0,0.00760945,-0.010766015,0.003825529,0.10813,0.03434045,-9.796675,-0.140828,0.06041579,0.06914926,0.07762841,0,-0.29,0.57,180.9
01:25.5,0,100,0,0,0,0,0,0,0,0,0.007102235,-0.0106524,0.007784239,0.1100858,0.0363257,-9.79616,-0.140828,0.063371016,0.071771728,0.08113156,0,-0.296,0.576,180.91
01:25.5,0,100,0,0,0,0,0,0,0,0,0.008010452,-0.01094639,0.007929984,0.10529085,0.02903784,-9.797658,-0.140828,0.066326242,0.074394196,0.08463471,0,-0.302,0.582,180.92
01:25.5,0,100,0,0,0,0,0,0,0,0,0.008918668,-0.01124038,0.008075728,0.1004959,0.02174998,-9.799156,-0.140828,0.069281468,0.077016664,0.08813786,0,-0.308,0.588,180.93
01:25.5,0,100,0,0,0,0,0,0,0,0,0.010071159,-0.014917515,0.016396319,0.092043195,0.014387353,-9.799683,-0.140828,0.072236694,0.079639132,0.09164101,0,-0.314,0.594,180.94
01:25.5,0,100,0,0,0,0,0,0,0,0,0.01122365,-0.01859465,0.02471691,0.08359049,0.007024726,-9.80021,-0.140828,0.07519192,0.0822616,0.09514416,0,-0.32,0.6,180.95
01:25.6,0,100,0,0,0,0,0,0,0,0,0.007076776,-0.010462711,0.010623698,0.105565995,0.026747928,-9.8013905,-0.13406826,0.073206794,0.080222432,0.09436673,0,-0.324,0.604,180.938
01:25.6,0,100,0,0,0,0,0,0,0,0,0.002929901,-0.002330772,-0.003469514,0.1275415,0.04647113,-9.802571,-0.12730852,0.071221668,0.078183264,0.0935893,0,-0.328,0.608,180.926
01:25.6,0,100,0,0,0,0,0,0,0,0,0.007862381,-0.00561688,-0.014149717,0.11357365,0.014422705,-9.801649,-0.12054878,0.069236542,0.076144096,0.09281187,0,-0.332,0.612,180.914
01:25.6,0,100,0,0,0,0,0,0,0,0,0.01279486,-0.008902987,-0.02482992,0.0996058,-0.01762572,-9.800727,-0.11378904,0.067251416,0.074104928,0.09203444,0,-0.336,0.616,180.902
01:25.6,0,100,0,0,0,0,0,0,0,0,0.008472919,-0.008180185,-0.023176135,0.094448515,0.01018242,-9.7989325,-0.1070293,0.06526629,0.07206576,0.09125701,0,-0.34,0.62,180.89
01:25.7,0,100,0,0,0,0,0,0,0,0,0.004150978,-0.007457383,-0.02152235,0.08929123,0.03799056,-9.797138,-0.080553632,0.094491492,0.156275608,0.122915448,0,-0.346,0.62,180.9
01:25.7,0,100,0,0,0,0,0,0,0,0,0.003192098,-0.005043563,-0.004813885,0.106304165,0.04542872,-9.8042075,-0.054077964,0.123716694,0.240485456,0.154573886,0,-0.352,0.62,180.91
01:25.7,0,100,0,0,0,0,0,0,0,0,0.002233218,-0.002629743,0.01189458,0.1233171,0.05286688,-9.811277,-0.027602296,0.152941896,0.324695304,0.186232324,0,-0.358,0.62,180.92
01:25.7,0,100,0,0,0,0,0,0,0,0,0.000403103,-0.013233782,0.02881476,0.1213673,0.05660071,-9.790629,-0.001126628,0.182167098,0.408905152,0.217890762,0,-0.364,0.62,180.93
01:25.7,0,100,0,0,0,0,0,0,0,0,-0.001427011,-0.02383782,0.04573494,0.1194175,0.06033454,-9.769981,0.02534904,0.2113923,0.493115,0.2495492,0,-0.37,0.62,180.94
01:25.8,0,100,0,0,0,0,0,0,0,0,0.0193496,-0.027569115,0.10554797,-0.01035135,0.025841932,-9.762779,0.01689936,0.28114786,0.5624748,0.31417324,0,-0.374,0.628,181.222
01:25.8,0,100,0,0,0,0,0,0,0,0,0.04012621,-0.03130041,0.165361,-0.1401202,-0.008650677,-9.755577,0.00844968,0.35090342,0.6318346,0.37879728,0,-0.378,0.636,181.504
01:25.8,0,100,0,0,0,0,0,0,0,0,0.022668121,-0.003424285,0.29505425,-0.23985975,-0.035847969,-9.7237125,3.47E-18,0.42065898,0.7011944,0.44342132,0,-0.382,0.644,181.786
01:25.8,0,100,0,0,0,0,0,0,0,0,0.005210031,0.02445184,0.4247475,-0.3395993,-0.06304526,-9.691848,-0.00844968,0.49041454,0.7705542,0.50804536,0,-0.386,0.652,182.068
01:25.8,0,100,0,0,0,0,0,0,0,0,-0.006951744,-0.00394451,0.234717275,0.13001,-0.006642935,-9.757211,-0.01689936,0.5601701,0.839914,0.5726694,0,-0.39,0.66,182.35
01:25.9,0,100,0,0,0,0,0,0,0,0,-0.01911352,-0.03234086,0.04468705,0.5996193,0.04975939,-9.822574,-0.025912354,0.55434148,0.8320017,0.56705682,0,-0.4,0.682,182.326
01:25.9,0,100,0,0,0,0,0,0,0,0,0.005598165,0.00259969,-0.000779155,0.6614396,-0.170534655,-9.8726195,-0.034925348,0.54851286,0.8240894,0.56144424,0,-0.41,0.704,182.302
01:25.9,0,100,0,0,0,0,0,0,0,0,0.03030985,0.03754024,-0.04624536,0.7232599,-0.3908287,-9.922665,-0.043938342,0.54268424,0.8161771,0.55583166,0,-0.42,0.726,182.278
01:25.9,0,100,0,0,0,0,0,0,0,0,-0.02629872,-0.003376165,-0.08047658,0.24890265,-0.06426865,-9.8743135,-0.052951336,0.53685562,0.8082648,0.55021908,0,-0.43,0.748,182.254
01:25.9,0,100,0,0,0,0,0,0,0,0,-0.08290729,-0.04429257,-0.1147078,-0.2254546,0.2622914,-9.825962,-0.06196433,0.531027,0.8003525,0.5446065,0,-0.44,0.77,182.23
01:26.0,0,100,0,0,0,0,0,0,0,0,-0.07599791,-0.076569135,-0.05880686,-0.24948925,0.6606212,-9.894309,-0.084496804,0.5210245,0.82563984,0.57013838,0,-0.508,0.624,182.19
01:26.0,0,100,0,0,0,0,0,0,0,0,-0.06908853,-0.1088457,-0.00290592,-0.2735239,1.058951,-9.962656,-0.107029278,0.511022,0.85092718,0.59567026,0,-0.576,0.478,182.15
01:26.0,0,100,0,0,0,0,0,0,0,0,-0.05155102,-0.1726462,-0.01871629,-0.48646665,1.743972,-9.954703,-0.129561752,0.5010195,0.87621452,0.62120214,0,-0.644,0.332,182.11
01:26.0,0,100,0,0,0,0,0,0,0,0,-0.03401351,-0.2364467,-0.03452666,-0.6994094,2.428993,-9.94675,-0.152094226,0.491017,0.90150186,0.64673402,0,-0.712,0.186,182.07
01:26.0,0,100,0,0,0,0,0,0,0,0,-0.02403684,-0.2902419,-0.041385315,-0.4303242,2.150489,-10.07854,-0.1746267,0.4810145,0.9267892,0.6722659,0,-0.78,0.04,182.03
01:26.1,0,100,0,0,0,0,0,0,0,0,-0.01406017,-0.3440371,-0.04824397,-0.161239,1.871985,-10.21033,-0.149840976,0.49203986,0.89403086,0.62763312,0,-0.91,-0.348,181.938
01:26.1,0,100,0,0,0,0,0,0,0,0,-0.077334035,-0.35407865,-0.083810785,-0.2057795,2.171262,-10.13097,-0.125055252,0.50306522,0.86127252,0.58300034,0,-1.04,-0.736,181.846
01:26.1,0,100,0,0,0,0,0,0,0,0,-0.1406079,-0.3641202,-0.1193776,-0.25032,2.470539,-10.05161,-0.100269528,0.51409058,0.82851418,0.53836756,0,-1.17,-1.124,181.754
01:26.1,0,100,0,0,0,0,0,0,0,0,-0.2325851,-0.33446815,-0.08917346,-0.5608916,3.13828,-9.9835215,-0.075483804,0.52511594,0.79575584,0.49373478,0,-1.3,-1.512,181.662
01:26.1,0,100,0,0,0,0,0,0,0,0,-0.3245623,-0.3048161,-0.05896932,-0.8714632,3.806021,-9.915433,-0.05069808,0.5361413,0.7629975,0.449102,0,-1.43,-1.9,181.57
01:26.2,0,100,0,0,0,0,0,0,0,0,-0.4292859,-0.2887578,-0.06632609,-0.7692242,3.8230105,-10.1772965,-0.069850684,0.5223901,0.72823546,0.44855734,0,-1.946,-2.01,181.458
01:26.2,0,100,0,0,0,0,0,0,0,0,-0.5340095,-0.2726995,-0.07368286,-0.6669852,3.84,-10.43916,-0.089003288,0.5086389,0.69347342,0.44801268,0,-2.462,-2.12,181.346
01:26.2,0,100,0,0,0,0,0,0,0,0,-0.45928855,-0.091945925,-0.11122553,-0.8738696,4.199294,-10.735765,-0.108155892,0.4948877,0.65871138,0.44746802,0,-2.978,-2.23,181.234
01:26.2,0,100,0,0,0,0,0,0,0,0,-0.3845676,0.08880765,-0.1487682,-1.080754,4.558588,-11.03237,-0.127308496,0.4811365,0.62394934,0.44692336,0,-3.494,-2.34,181.122
01:26.2,0,100,0,0,0,0,0,0,0,0,-0.37669615,0.178570325,-0.20438875,-0.7665132,4.3025155,-10.82449,-0.1464611,0.4673853,0.5891873,0.4463787,0,-4.01,-2.45,181.01
01:26.3,0,100,0,0,0,0,0,0,0,0,-0.3688247,0.268333,-0.2600093,-0.4522724,4.046443,-10.61661,-0.131814992,0.44976128,0.54905816,0.45147812,0,-4.398,-1.982,180.628
01:26.3,0,100,0,0,0,0,0,0,0,0,-0.3510542,0.37653875,-0.2818598,-0.12700765,3.8409895,-10.3305,-0.117168884,0.43213726,0.50892902,0.45657754,0,-4.786,-1.514,180.246
01:26.3,0,100,0,0,0,0,0,0,0,0,-0.3332837,0.4847445,-0.3037103,0.1982571,3.635536,-10.04439,-0.102522776,0.41451324,0.46879988,0.46167696,0,-5.174,-1.046,179.864
01:26.3,0,100,0,0,0,0,0,0,0,0,-0.335109,0.55223175,-0.30883365,0.2392112,3.5877815,-9.6651115,-0.087876668,0.39688922,0.42867074,0.46677638,0,-5.562,-0.578,179.482
01:26.3,0,100,0,0,0,0,0,0,0,0,-0.3369343,0.619719,-0.313957,0.2801653,3.540027,-9.285833,-0.07323056,0.3792652,0.3885416,0.4718758,0,-5.95,-0.11,179.1
01:26.4,0,100,0,0,0,0,0,0,0,0,-0.39436665,0.59807245,-0.31805515,0.3076293,3.4598225,-8.9167635,-0.063090944,0.35188928,0.36167474,0.4565787,0,-6.57,0.506,178.73
01:26.4,0,100,0,0,0,0,0,0,0,0,-0.451799,0.5764259,-0.3221533,0.3350933,3.379618,-8.547694,-0.052951328,0.32451336,0.33480788,0.4412816,0,-7.19,1.122,178.36
01:26.4,0,100,0,0,0,0,0,0,0,0,-0.55595005,0.5450004,-0.24926205,0.2501618,3.309207,-8.3745445,-0.042811712,0.29713744,0.30794102,0.4259845,0,-7.81,1.738,177.99
01:26.4,0,100,0,0,0,0,0,0,0,0,-0.6601011,0.5135749,-0.1763708,0.1652303,3.238796,-8.201395,-0.032672096,0.26976152,0.28107416,0.4106874,0,-8.43,2.354,177.62
01:26.4,0,100,0,0,0,0,0,0,0,0,-0.66846245,0.5133856,-0.047055845,0.2252941,3.246673,-8.178555,-0.02253248,0.2423856,0.2542073,0.3953903,0,-9.05,2.97,177.25
01:26.5,0,100,0,0,0,0,0,0,0,0,-0.6768238,0.5131963,0.08225911,0.2853579,3.25455,-8.155715,0.014082796,0.28198356,0.28357844,0.3937854,0,-9.818,3.482,177.486
01:26.5,0,100,0,0,0,0,0,0,0,0,-0.70087845,0.42909225,0.222051755,0.6389099,2.8771715,-8.3027505,0.050698072,0.32158152,0.31294958,0.3921805,0,-10.586,3.994,177.722
01:26.5,0,100,0,0,0,0,0,0,0,0,-0.7249331,0.3449882,0.3618444,0.9924619,2.499793,-8.449786,0.087313348,0.36117948,0.34232072,0.3905756,0,-11.354,4.506,177.958
01:26.5,0,100,0,0,0,0,0,0,0,0,-0.66491065,0.28841885,0.45920945,1.32225145,2.2522735,-8.785915,0.123928624,0.40077744,0.37169186,0.3889707,0,-12.122,5.018,178.194
01:26.5,0,100,0,0,0,0,0,0,0,0,-0.6048882,0.2318495,0.5565745,1.652041,2.004754,-9.122044,0.1605439,0.4403754,0.401063,0.3873658,0,-12.89,5.53,178.43
01:26.6,0,100,0,0,0,0,0,0,0,0,-0.49990525,0.14796823,0.57083765,2.031303,1.6676155,-9.2990965,0.10026952,0.4671964,0.45124092,0.36230376,0,-13.232,5.728,179.072
01:26.6,0,100,0,0,0,0,0,0,0,0,-0.3949223,0.06408696,0.5851008,2.410565,1.330477,-9.476149,0.03999514,0.4940174,0.50141884,0.33724172,0,-13.574,5.926,179.714
01:26.6,0,100,0,0,0,0,0,0,0,0,-0.29396595,-0.01616414,0.5770157,3.0085495,0.5668984,-9.470183,-0.02027924,0.5208384,0.55159676,0.31217968,0,-13.916,6.124,180.356
01:26.6,0,100,0,0,0,0,0,0,0,0,-0.1930096,-0.09641524,0.5689306,3.606534,-0.1966802,-9.464217,-0.08055362,0.5476594,0.60177468,0.28711764,0,-14.258,6.322,180.998
01:26.6,0,100,0,0,0,0,0,0,0,0,-0.132173705,-0.15704097,0.5642866,3.3497515,-0.1748293,-9.5480015,-0.140828,0.5744804,0.6519526,0.2620556,0,-14.6,6.52,181.64
01:26.7,0,100,0,0,0,0,0,0,0,0,-0.07133781,-0.2176667,0.5596426,3.092969,-0.1529784,-9.631786,-0.13406826,0.55018174,0.59991376,0.2566345,0,-14.396,6.464,182.312
01:26.7,0,100,0,0,0,0,0,0,0,0,0.039176995,-0.20294115,0.5608949,2.8269615,-0.010757,-9.6044255,-0.12730852,0.52588308,0.54787492,0.2512134,0,-14.192,6.408,182.984
01:26.7,0,100,0,0,0,0,0,0,0,0,0.1496918,-0.1882156,0.5621472,2.560954,0.1314644,-9.577065,-0.12054878,0.50158442,0.49583608,0.2457923,0,-13.988,6.352,183.656
01:26.7,0,100,0,0,0,0,0,0,0,0,0.29024145,-0.2131806,0.54776095,2.211952,0.31030615,-9.424419,-0.11378904,0.47728576,0.44379724,0.2403712,0,-13.784,6.296,184.328
01:26.7,0,100,0,0,0,0,0,0,0,0,0.4307911,-0.2381456,0.5333747,1.86295,0.4891479,-9.271773,-0.1070293,0.4529871,0.3917584,0.2349501,0,-13.58,6.24,185
01:26.8,0,100,0,0,0,0,0,0,0,0,0.4950371,-0.31475865,0.4576673,1.901036,0.3317258,-8.9379905,-0.101396178,0.44044762,0.37322764,0.2387026,0,-12.99,5.864,185.644
01:26.8,0,100,0,0,0,0,0,0,0,0,0.5592831,-0.3913717,0.3819599,1.939122,0.1743037,-8.604208,-0.095763056,0.42790814,0.35469688,0.2424551,0,-12.4,5.488,186.288
01:26.8,0,100,0,0,0,0,0,0,0,0,0.4853946,-0.4748288,0.4668989,1.707096,-0.0922337,-8.6829405,-0.090129934,0.41536866,0.33616612,0.2462076,0,-11.81,5.112,186.932
01:26.8,0,100,0,0,0,0,0,0,0,0,0.4115061,-0.5582859,0.5518379,1.47507,-0.3587711,-8.761673,-0.084496812,0.40282918,0.31763536,0.2499601,0,-11.22,4.736,187.576
01:26.8,0,100,0,0,0,0,0,0,0,0,0.3859764,-0.6229934,0.6205404,1.032646,-0.3388867,-9.0548705,-0.07886369,0.3902897,0.2991046,0.2537126,0,-10.63,4.36,188.22
01:26.9,0,100,0,0,0,0,0,0,0,0,0.3604467,-0.6877009,0.6892429,0.590222,-0.3190023,-9.348068,-0.073230568,0.40783788,0.2957787,0.26477446,0,-10.13,3.592,188.996
01:26.9,0,100,0,0,0,0,0,0,0,0,0.39731425,-0.76331995,0.63136105,0.1538649,-0.5483273,-9.694784,-0.067597446,0.42538606,0.2924528,0.27583632,0,-9.63,2.824,189.772
01:26.9,0,100,0,0,0,0,0,0,0,0,0.4341818,-0.838939,0.5734792,-0.2824922,-0.7776523,-10.0415,-0.061964324,0.44293424,0.2891269,0.28689818,0,-9.13,2.056,190.548
01:26.9,0,100,0,0,0,0,0,0,0,0,0.4605943,-0.8357718,0.4232122,-0.39838115,-0.89310865,-10.060125,-0.056331202,0.46048242,0.285801,0.29796004,0,-8.63,1.288,191.324
01:26.9,0,100,0,0,0,0,0,0,0,0,0.4870068,-0.8326046,0.2729452,-0.5142701,-1.008565,-10.07875,-0.05069808,0.4780306,0.2824751,0.3090219,0,-8.13,0.52,192.1
01:27.0,0,100,0,0,0,0,0,0,0,0,0.4012738,-0.7886731,0.1889386,-0.7446192,-1.220672,-10.17003,-0.059711074,0.64878028,0.51385148,0.83084952,0,-7.526,0.132,192.26
01:27.0,0,100,0,0,0,0,0,0,0,0,0.3155408,-0.7447416,0.104932,-0.9749683,-1.432779,-10.26131,-0.068724068,0.81952996,0.74522786,1.35267714,0,-6.922,-0.256,192.42
01:27.0,0,100,0,0,0,0,0,0,0,0,0.569997,-0.30733135,0.03302081,-1.61854515,-1.2611695,-12.59674,-0.077737062,0.99027964,0.97660424,1.87450476,0,-6.318,-0.644,192.58
01:27.0,0,100,0,0,0,0,0,0,0,0,0.8244532,0.1300789,-0.03889038,-2.262122,-1.08956,-14.93217,-0.086750056,1.16102932,1.20798062,2.39633238,0,-5.714,-1.032,192.74
01:27.0,0,100,0,0,0,0,0,0,0,0,0.466792,0.16132675,0.029972165,-1.40831285,-1.5128775,-12.3092865,-0.09576305,1.331779,1.439357,2.91816,0,-5.11,-1.42,192.9
01:27.1,0,100,0,0,0,0,0,0,0,0,0.1091308,0.1925746,0.09883471,-0.5545037,-1.936195,-9.686403,-0.10590266,1.2734648,1.33950638,2.7518996,0,-5.224,-0.81,192.808
01:27.1,0,100,0,0,0,0,0,0,0,0,0.02172135,0.390167,0.01959704,-0.6269078,-1.4315661,-9.173555,-0.11604227,1.2151506,1.23965576,2.5856392,0,-5.338,-0.2,192.716
01:27.1,0,100,0,0,0,0,0,0,0,0,-0.0656881,0.5877594,-0.05964063,-0.6993119,-0.9269372,-8.660707,-0.12618188,1.1568364,1.13980514,2.4193788,0,-5.452,0.41,192.624
01:27.1,0,100,0,0,0,0,0,0,0,0,-0.2437787,0.5843953,-0.143378765,-0.4861777,-0.7636381,-8.385904,-0.13632149,1.0985222,1.03995452,2.2531184,0,-5.566,1.02,192.532
01:27.1,0,100,0,0,0,0,0,0,0,0,-0.4218693,0.5810312,-0.2271169,-0.2730435,-0.600339,-8.111101,-0.1464611,1.040208,0.9401039,2.086858,0,-5.68,1.63,192.44
01:27.2,0,100,0,0,0,0,0,0,0,0,0.42235135,0.07230585,-0.306759,-0.101217865,0.228802,-10.2455205,-0.113225696,1.0768522,1.06353212,2.2651842,0,-4.946,1.322,192.138
01:27.2,0,100,0,0,0,0,0,0,0,0,1.266572,-0.4364195,-0.3864011,0.07060777,1.057943,-12.37994,-0.079990292,1.1134964,1.18696034,2.4435104,0,-4.212,1.014,191.836
01:27.2,0,100,0,0,0,0,0,0,0,0,0.8928208,-0.4557309,-0.2843419,0.409669485,0.10933405,-10.2237065,-0.046754888,1.1501406,1.31038856,2.6218366,0,-3.478,0.706,191.534
01:27.2,0,100,0,0,0,0,0,0,0,0,0.5190696,-0.4750423,-0.1822827,0.7487312,-0.8392749,-8.067473,-0.013519484,1.1867848,1.43381678,2.8001628,0,-2.744,0.398,191.232
01:27.2,0,100,0,0,0,0,0,0,0,0,0.45256375,-0.16432355,-0.23249145,0.14340245,-0.5170024,-9.7127615,0.01971592,1.223429,1.557245,2.978489,0,-2.01,0.09,190.93
01:27.3,0,100,0,0,0,0,0,0,0,0,0.3860579,0.1463952,-0.2827002,-0.4619263,-0.1947299,-11.35805,0.010139616,1.1819144,1.596561,2.888473,0,-1.776,0.224,190.564
01:27.3,0,100,0,0,0,0,0,0,0,0,0.224358465,0.29463235,-0.3072967,-0.7148779,0.06617355,-10.393776,0.000563312,1.1403998,1.635877,2.798457,0,-1.542,0.358,190.198
01:27.3,0,100,0,0,0,0,0,0,0,0,0.06265903,0.4428695,-0.3318932,-0.9678295,0.327077,-9.429502,-0.009012992,1.0988852,1.675193,2.708441,0,-1.308,0.492,189.832
01:27.3,0,100,0,0,0,0,0,0,0,0,0.168578865,-0.0183694,-0.31130535,-0.8431338,0.22137145,-10.020161,-0.018589296,1.0573706,1.714509,2.618425,0,-1.074,0.626,189.466
01:27.3,0,100,0,0,0,0,0,0,0,0,0.2744987,-0.4796083,-0.2907175,-0.7184381,0.1156659,-10.61082,-0.0281656,1.015856,1.753825,2.528409,0,-0.84,0.76,189.1
01:27.4,0,100,0,0,0,0,0,0,0,0,0.3115609,-0.40421045,-0.1974758,-0.8379754,0.1975781,-10.155302,-0.027038976,0.97067002,1.6834482,2.4022772,0,-0.688,0.584,189.026
01:27.4,0,100,0,0,0,0,0,0,0,0,0.3486231,-0.3288126,-0.1042341,-0.9575127,0.2794903,-9.699784,-0.025912352,0.92548404,1.6130714,2.2761454,0,-0.536,0.408,188.952
01:27.4,0,100,0,0,0,0,0,0,0,0,0.14145809,-0.13024679,-0.02535013,-1.36080885,0.05963445,-9.891712,-0.024785728,0.88029806,1.5426946,2.1500136,0,-0.384,0.232,188.878
01:27.4,0,100,0,0,0,0,0,0,0,0,-0.06570692,0.06831902,0.05353384,-1.764105,-0.1602214,-10.08364,-0.023659104,0.83511208,1.4723178,2.0238818,0,-0.232,0.056,188.804
01:27.4,0,100,0,0,0,0,0,0,0,0,-0.030501946,0.053909495,0.09808337,-1.7963115,-0.1455148,-10.08497,-0.02253248,0.7899261,1.401941,1.89775,0,-0.08,-0.12,188.73
01:27.5,0,100,0,0,0,0,0,0,0,0,0.004703029,0.03949997,0.1426329,-1.828518,-0.1308082,-10.0863,-0.083370184,0.80608398,1.3392486,1.792285,0,-0.104,-0.106,188.812
01:27.5,0,100,0,0,0,0,0,0,0,0,-0.009701496,0.000490485,0.113565925,-1.6844685,-0.090986555,-9.952972,-0.144207888,0.82224186,1.2765562,1.68682,0,-0.128,-0.092,188.894
01:27.5,0,100,0,0,0,0,0,0,0,0,-0.02410602,-0.038519,0.08449895,-1.540419,-0.05116491,-9.819644,-0.205045592,0.83839974,1.2138638,1.581355,0,-0.152,-0.078,188.976
01:27.5,0,100,0,0,0,0,0,0,0,0,-0.031866075,0.03093605,-0.00488843,-0.820061445,-0.516333605,-9.8541565,-0.265883296,0.85455762,1.1511714,1.47589,0,-0.176,-0.064,189.058
01:27.5,0,100,0,0,0,0,0,0,0,0,-0.03962613,0.1003911,-0.09427581,-0.09970389,-0.9815023,-9.888669,-0.326721,0.8707155,1.088479,1.370425,0,-0.2,-0.05,189.14
01:27.6,0,100,0,0,0,0,0,0,0,0,-0.027100805,0.050300012,-0.139754155,-0.155372345,-0.55084545,-9.804417,-0.269263168,0.79274826,0.98747526,1.23912766,0,-0.334,0.084,188.958
01:27.6,0,100,0,0,0,0,0,0,0,0,-0.01457548,0.000208923,-0.1852325,-0.2110408,-0.1201886,-9.720165,-0.211805336,0.71478102,0.88647152,1.10783032,0,-0.468,0.218,188.776
01:27.6,0,100,0,0,0,0,0,0,0,0,-0.11940494,0.100307812,-0.17102835,-0.1561426,0.00057675,-9.835649,-0.154347504,0.63681378,0.78546778,0.97653298,0,-0.602,0.352,188.594
01:27.6,0,100,0,0,0,0,0,0,0,0,-0.2242344,0.2004067,-0.1568242,-0.1012444,0.1213421,-9.951133,-0.096889672,0.55884654,0.68446404,0.84523564,0,-0.736,0.486,188.412
01:27.6,0,100,0,0,0,0,0,0,0,0,-0.16059135,0.19577095,-0.097510015,0.16854665,0.10446818,-9.9234565,-0.03943184,0.4808793,0.5834603,0.7139383,0,-0.87,0.62,188.23
01:27.7,0,100,0,0,0,0,0,0,0,0,-0.0969483,0.1911352,-0.03819583,0.4383377,0.08759426,-9.89578,-0.048444832,0.45474766,0.57117356,0.70246548,0,-0.916,0.664,188.298
01:27.7,0,100,0,0,0,0,0,0,0,0,0.0082958,-0.0027491,0.027262385,0.42865125,0.54451813,-9.690934,-0.057457824,0.42861602,0.55888682,0.69099266,0,-0.962,0.708,188.366
01:27.7,0,100,0,0,0,0,0,0,0,0,0.1135399,-0.1966334,0.0927206,0.4189648,1.001442,-9.486088,-0.066470816,0.40248438,0.54660008,0.67951984,0,-1.008,0.752,188.434
01:27.7,0,100,0,0,0,0,0,0,0,0,-0.01581625,-0.0055091,0.13641735,0.5306272,0.60856715,-9.818194,-0.075483808,0.37635274,0.53431334,0.66804702,0,-1.054,0.796,188.502
01:27.7,0,100,0,0,0,0,0,0,0,0,-0.1451724,0.1856152,0.1801141,0.6422896,0.2156923,-10.1503,-0.0844968,0.3502211,0.5220266,0.6565742,0,-1.1,0.84,188.57
01:27.8,0,100,0,0,0,0,0,0,0,0,0.0047513,0.0079051,0.129822935,0.5536939,0.34775145,-9.825701,-0.049571454,0.33377064,0.48961348,0.62424604,0,-1.058,0.81,188.64
01:27.8,0,100,0,0,0,0,0,0,0,0,0.154675,-0.169805,0.07953177,0.4650982,0.4798106,-9.501102,-0.014646108,0.31732018,0.45720036,0.59191788,0,-1.016,0.78,188.71
01:27.8,0,100,0,0,0,0,0,0,0,0,0.09264789,-0.104625165,0.034657795,0.29719175,0.23106287,-9.726147,0.020279238,0.30086972,0.42478724,0.55958972,0,-0.974,0.75,188.78
01:27.8,0,100,0,0,0,0,0,0,0,0,0.03062078,-0.03944533,-0.01021618,0.1292853,-0.01768486,-9.951192,0.055204584,0.28441926,0.39237412,0.52726156,0,-0.932,0.72,188.85
01:27.8,0,100,0,0,0,0,0,0,0,0,0.00966258,-0.008655875,-0.046346705,0.083150395,-0.07545583,-9.929422,0.09012993,0.2679688,0.359961,0.4949334,0,-0.89,0.69,188.92
01:27.9,0,100,0,0,0,0,0,0,0,0,-0.01129562,0.02213358,-0.08247723,0.03701549,-0.1332268,-9.907652,0.048444844,0.25352398,0.33194078,0.46562572,0,-0.812,0.606,188.82
01:27.9,0,100,0,0,0,0,0,0,0,0,0.06888739,-0.07858786,-0.093833715,-0.034644755,-0.0597257,-9.7832605,0.006759758,0.23907916,0.30392056,0.43631804,0,-0.734,0.522,188.72
01:27.9,0,100,0,0,0,0,0,0,0,0,0.1490704,-0.1793093,-0.1051902,-0.106305,0.0137754,-9.658869,-0.034925328,0.22463434,0.27590034,0.40701036,0,-0.656,0.438,188.62
01:27.9,0,100,0,0,0,0,0,0,0,0,0.122144765,-0.136781305,-0.08202768,-0.02243278,-0.04053948,-9.7739235,-0.076610414,0.21018952,0.24788012,0.37770268,0,-0.578,0.354,188.52
01:27.9,0,100,0,0,0,0,0,0,0,0,0.09521913,-0.09425331,-0.05886516,0.06143944,-0.09485436,-9.888978,-0.1182955,0.1957447,0.2198599,0.348395,0,-0.5,0.27,188.42
01:28.0,0,100,0,0,0,0,0,0,0,0,0.01477022,-0.0119931,-0.01614362,0.004411105,-0.01881519,-9.8915965,-0.12618188,0.18280754,0.20537368,0.32791078,0,-0.51,0.284,188.462
01:28.0,0,100,0,0,0,0,0,0,0,0,-0.06567869,0.07026711,0.02657792,-0.05261723,0.05722398,-9.894215,-0.13406826,0.16987038,0.19088746,0.30742656,0,-0.52,0.298,188.504
01:28.0,0,100,0,0,0,0,0,0,0,0,-0.026034715,0.02240772,0.05558427,-0.059712195,0.00907189,-9.810989,-0.14195464,0.15693322,0.17640124,0.28694234,0,-0.53,0.312,188.546
01:28.0,0,100,0,0,0,0,0,0,0,0,0.01360926,-0.02545167,0.08459062,-0.06680716,-0.0390802,-9.727763,-0.14984102,0.14399606,0.16191502,0.26645812,0,-0.54,0.326,188.588
01:28.0,0,100,0,0,0,0,0,0,0,0,0.06473618,-0.063173735,0.08664697,-0.047178685,-0.0945331,-9.724554,-0.1577274,0.1310589,0.1474288,0.2459739,0,-0.55,0.34,188.63
01:28.1,0,100,0,0,0,0,0,0,0,0,0.1158631,-0.1008958,0.08870332,-0.02755021,-0.149986,-9.721345,-0.135194912,0.12921454,0.14771104,0.23599436,0,-0.534,0.324,188.686
01:28.1,0,100,0,0,0,0,0,0,0,0,0.05229172,-0.054876306,0.067685135,-0.063172105,-0.090756035,-9.8040615,-0.112662424,0.12737018,0.14799328,0.22601482,0,-0.518,0.308,188.742
01:28.1,0,100,0,0,0,0,0,0,0,0,-0.01127966,-0.008856812,0.04666695,-0.098794,-0.03152607,-9.886778,-0.090129936,0.12552582,0.14827552,0.21603528,0,-0.502,0.292,188.798
01:28.1,0,100,0,0,0,0,0,0,0,0,-0.04084129,0.037489374,0.010774515,-0.029588335,-0.113800735,-9.89272,-0.067597448,0.12368146,0.14855776,0.20605574,0,-0.486,0.276,188.854
01:28.1,0,100,0,0,0,0,0,0,0,0,-0.07040292,0.08383556,-0.02511792,0.03961733,-0.1960754,-9.898662,-0.04506496,0.1218371,0.14884,0.1960762,0,-0.47,0.26,188.91
01:28.2,0,100,0,0,0,0,0,0,0,0,-0.028681325,0.032086345,-0.052992465,-0.031771985,-0.1577083,-9.8067065,-0.046191584,0.12256298,0.14146244,0.18753524,0,-0.464,0.254,188.824
01:28.2,0,100,0,0,0,0,0,0,0,0,0.01304027,-0.01966287,-0.08086701,-0.1031613,-0.1193412,-9.714751,-0.047318208,0.12328886,0.13408488,0.17899428,0,-0.458,0.248,188.738
01:28.2,0,100,0,0,0,0,0,0,0,0,0.033052265,-0.04707335,-0.08291943,-0.09018221,-0.095101845,-9.736791,-0.048444832,0.12401474,0.12670732,0.17045332,0,-0.452,0.242,188.652
01:28.2,0,100,0,0,0,0,0,0,0,0,0.05306426,-0.07448383,-0.08497185,-0.07720312,-0.07086249,-9.758831,-0.049571456,0.12474062,0.11932976,0.16191236,0,-0.446,0.236,188.566
01:28.2,0,100,0,0,0,0,0,0,0,0,-0.002310945,0.001253955,-0.05650947,-0.0125698,-0.06704772,-9.845966,-0.05069808,0.1254665,0.1119522,0.1533714,0,-0.44,0.23,188.48
01:28.3,0,100,0,0,0,0,0,0,0,0,-0.05768615,0.07699174,-0.02804709,0.05206352,-0.06323295,-9.933101,-0.05069808,0.116099192,0.107695726,0.14520996,0,-0.53,0.326,188.504
01:28.3,0,100,0,0,0,0,0,0,0,0,-0.092862025,0.09198867,0.00922305,-0.02968744,0.00520523,-9.877808,-0.05069808,0.106731884,0.103439252,0.13704852,0,-0.62,0.422,188.528
01:28.3,0,100,0,0,0,0,0,0,0,0,-0.1280379,0.1069856,0.04649319,-0.1114384,0.07364341,-9.822515,-0.05069808,0.097364576,0.099182778,0.12888708,0,-0.71,0.518,188.552
01:28.3,0,100,0,0,0,0,0,0,0,0,-0.064126126,0.055658173,0.063314075,-0.05729576,-0.015657895,-9.772085,-0.05069808,0.087997268,0.094926304,0.12072564,0,-0.8,0.614,188.576
01:28.3,0,100,0,0,0,0,0,0,0,0,-0.000214352,0.004330745,0.08013496,-0.00315312,-0.1049592,-9.721655,-0.05069808,0.07862996,0.09066983,0.1125642,0,-0.89,0.71,188.6
01:28.4,0,100,0,0,0,0,0,0,0,0,-0.007687301,0.009913963,0.07586241,-0.017933795,-0.074475525,-9.766724,-0.070977304,0.100566608,0.100032444,0.11591054,0,-0.916,0.74,188.656
01:28.4,0,100,0,0,0,0,0,0,0,0,-0.01516025,0.01549718,0.07158986,-0.03271447,-0.04399185,-9.811793,-0.091256528,0.122503256,0.109395058,0.11925688,0,-0.942,0.77,188.712
01:28.4,0,100,0,0,0,0,0,0,0,0,-0.02738992,0.024474335,0.047407195,0.086043515,0.057669675,-9.817857,-0.111535752,0.144439904,0.118757672,0.12260322,0,-0.968,0.8,188.768
01:28.4,0,100,0,0,0,0,0,0,0,0,-0.03961959,0.03345149,0.02322453,0.2048015,0.1593312,-9.823921,-0.131814976,0.166376552,0.128120286,0.12594956,0,-0.994,0.83,188.824
01:28.4,0,100,0,0,0,0,0,0,0,0,0.000577005,0.00078771,-0.0074904,0.3449559,0.220316,-9.779008,-0.1520942,0.1883132,0.1374829,0.1292959,0,-1.02,0.86,188.88
01:28.5,0,100,0,0,0,0,0,0,0,0,0.0407736,-0.03187607,-0.03820533,0.4851103,0.2813008,-9.734095,-0.14984096,0.17453524,0.12775776,0.123282904,0,-1.01,0.856,188.824
01:28.5,0,100,0,0,0,0,0,0,0,0,0.00695987,-0.00554007,-0.05042612,0.34559755,0.2578187,-9.798222,-0.14758772,0.16075728,0.11803262,0.117269908,0,-1,0.852,188.768
01:28.5,0,100,0,0,0,0,0,0,0,0,-0.02685386,0.02079593,-0.06264691,0.2060848,0.2343366,-9.862349,-0.14533448,0.14697932,0.10830748,0.111256912,0,-0.99,0.848,188.712
01:28.5,0,100,0,0,0,0,0,0,0,0,0.01334701,-0.017336735,-0.049883045,0.22487295,0.1838961,-9.8075285,-0.14308124,0.13320136,0.09858234,0.105243916,0,-0.98,0.844,188.656
01:28.5,0,100,0,0,0,0,0,0,0,0,0.05354788,-0.0554694,-0.03711918,0.2436611,0.1334556,-9.752708,-0.140828,0.1194234,0.0888572,0.09923092,0,-0.97,0.84,188.6
01:28.6,0,100,0,0,0,0,0,0,0,0,0.025903023,-0.036937305,-0.016438115,0.14711607,0.1418699,-9.7998195,-0.116042272,0.11394554,0.086691664,0.095704712,0,-0.948,0.818,188.608
01:28.6,0,100,0,0,0,0,0,0,0,0,-0.001741835,-0.01840521,0.00424295,0.05057104,0.1502842,-9.846931,-0.091256544,0.10846768,0.084526128,0.092178504,0,-0.926,0.796,188.616
01:28.6,0,100,0,0,0,0,0,0,0,0,0.012428163,-0.02110359,0.01780316,0.073948705,0.070693244,-9.8304205,-0.066470816,0.10298982,0.082360592,0.088652296,0,-0.904,0.774,188.624
01:28.6,0,100,0,0,0,0,0,0,0,0,0.02659816,-0.02380197,0.03136337,0.09732637,-0.008897713,-9.81391,-0.041685088,0.09751196,0.080195056,0.085126088,0,-0.882,0.752,188.632
01:28.6,0,100,0,0,0,0,0,0,0,0,0.03118744,-0.031157165,0.031955365,0.04469154,-0.010373857,-9.8023675,-0.01689936,0.0920341,0.07802952,0.08159988,0,-0.86,0.73,188.64
01:28.7,0,100,0,0,0,0,0,0,0,0,0.03577672,-0.03851236,0.03254736,-0.00794329,-0.01185,-9.790825,-0.041685088,0.09556686,0.087103776,0.087223904,0,-0.856,0.73,188.662
01:28.7,0,100,0,0,0,0,0,0,0,0,0.00988872,-0.015656423,0.02634419,-0.02669628,-0.034279265,-9.8176715,-0.066470816,0.09909962,0.096178032,0.092847928,0,-0.852,0.73,188.684
01:28.7,0,100,0,0,0,0,0,0,0,0,-0.01599928,0.007199514,0.02014102,-0.04544927,-0.05670853,-9.844518,-0.091256544,0.10263238,0.105252288,0.098471952,0,-0.848,0.73,188.706
01:28.7,0,100,0,0,0,0,0,0,0,0,-0.001214985,0.000369593,0.005816763,-0.00131474,-0.072666555,-9.817498,-0.116042272,0.10616514,0.114326544,0.104095976,0,-0.844,0.73,188.728
01:28.7,0,100,0,0,0,0,0,0,0,0,0.01356931,-0.006460328,-0.008507494,0.04281979,-0.08862458,-9.790478,-0.140828,0.1096979,0.1234008,0.10972,0,-0.84,0.73,188.75
01:28.8,0,100,0,0,0,0,0,0,0,0,0.000554395,-0.001076925,-0.015177037,0.012243155,-0.03647838,-9.7945105,-0.127308512,0.107301122,0.12366284,0.1084253,0,-0.844,0.738,188.724
01:28.8,0,100,0,0,0,0,0,0,0,0,-0.01246052,0.004306479,-0.02184658,-0.01833348,0.01566782,-9.798543,-0.113789024,0.104904344,0.12392488,0.1071306,0,-0.848,0.746,188.698
01:28.8,0,100,0,0,0,0,0,0,0,0,-0.012166105,0.01346059,-0.02202716,0.06312921,0.028497315,-9.811699,-0.100269536,0.102507566,0.12418692,0.1058359,0,-0.852,0.754,188.672
01:28.8,0,100,0,0,0,0,0,0,0,0,-0.01187169,0.0226147,-0.02220774,0.1445919,0.04132681,-9.824855,-0.086750048,0.100110788,0.12444896,0.1045412,0,-0.856,0.762,188.646
01:28.8,0,100,0,0,0,0,0,0,0,0,0.003188455,-0.00125916,-0.010110923,0.1603171,0.116637505,-9.79042,-0.07323056,0.09771401,0.124711,0.1032465,0,-0.86,0.77,188.62
01:28.9,0,100,0,0,0,0,0,0,0,0,0.0182486,-0.02513302,0.001985895,0.1760423,0.1919482,-9.755985,-0.092383168,0.092326134,0.116293556,0.09654605,0,-0.856,0.768,188.636
01:28.9,0,100,0,0,0,0,0,0,0,0,0.004978697,-0.011502054,0.012679212,0.16013335,0.1610351,-9.7936515,-0.111535776,0.086938258,0.107876112,0.0898456,0,-0.852,0.766,188.652
01:28.9,0,100,0,0,0,0,0,0,0,0,-0.008291207,0.002128912,0.02337253,0.1442244,0.130122,-9.831318,-0.130688384,0.081550382,0.099458668,0.08314515,0,-0.848,0.764,188.668
01:28.9,0,100,0,0,0,0,0,0,0,0,0.007984867,-0.010519334,0.022864025,0.13479195,0.0923601,-9.8070305,-0.149840992,0.076162506,0.091041224,0.0764447,0,-0.844,0.762,188.684
01:28.9,0,100,0,0,0,0,0,0,0,0,0.02426094,-0.02316758,0.02235552,0.1253595,0.0545982,-9.782743,-0.1689936,0.07077463,0.08262378,0.06974425,0,-0.84,0.76,188.7
01:29.0,0,100,0,0,0,0,0,0,0,0,0.012126906,-0.01760965,0.012888478,0.081834275,0.043445845,-9.798826,-0.18025984,0.067969182,0.077482116,0.06604595,0,-0.834,0.756,188.696
01:29.0,0,100,0,0,0,0,0,0,0,0,-7.13E-06,-0.01205172,0.003421436,0.03830905,0.03229349,-9.814909,-0.19152608,0.065163734,0.072340452,0.06234765,0,-0.828,0.752,188.692
01:29.0,0,100,0,0,0,0,0,0,0,0,0.008003461,-0.008565071,-0.005792377,0.085579975,0.020166409,-9.808022,-0.20279232,0.062358286,0.067198788,0.05864935,0,-0.822,0.748,188.688
01:29.0,0,100,0,0,0,0,0,0,0,0,0.01601405,-0.005078422,-0.01500619,0.1328509,0.008039327,-9.801135,-0.21405856,0.059552838,0.062057124,0.05495105,0,-0.816,0.744,188.684
01:29.0,0,100,0,0,0,0,0,0,0,0,0.006368371,-0.004596454,-0.01943412,0.086082655,0.047487088,-9.8045735,-0.2253248,0.05674739,0.05691546,0.05125275,0,-0.81,0.74,188.68
01:29.1,0,100,0,0,0,0,0,0,0,0,-0.003277308,-0.004114486,-0.02386205,0.03931441,0.08693485,-9.808012,-0.167303664,0.057495718,0.052275672,0.04848364,0,-0.804,0.738,188.67
01:29.1,0,100,0,0,0,0,0,0,0,0,0.003702961,-0.005195411,-0.014203866,0.090749005,0.0760726,-9.8071495,-0.109282528,0.058244046,0.047635884,0.04571453,0,-0.798,0.736,188.66
01:29.1,0,100,0,0,0,0,0,0,0,0,0.01068323,-0.006276336,-0.004545682,0.1421836,0.06521035,-9.806287,-0.051261392,0.058992374,0.042996096,0.04294542,0,-0.792,0.734,188.65
01:29.1,0,100,0,0,0,0,0,0,0,0,0.009313822,-0.009980158,0.005751369,0.108281845,0.078064745,-9.803287,0.006759744,0.059740702,0.038356308,0.04017631,0,-0.786,0.732,188.64
01:29.1,0,100,0,0,0,0,0,0,0,0,0.007944415,-0.01368398,0.01604842,0.07438009,0.09091914,-9.800287,0.06478088,0.06048903,0.03371652,0.0374072,0,-0.78,0.73,188.63
01:29.2,0,100,0,0,0,0,0,0,0,0,0.007685338,-0.01370297,0.01959346,0.07867206,0.0670449,-9.804223,0.043938336,0.057411278,0.032844394,0.035088866,0,-0.776,0.728,188.646
01:29.2,0,100,0,0,0,0,0,0,0,0,0.007426261,-0.01372196,0.0231385,0.08296403,0.04317066,-9.808159,0.023095792,0.054333526,0.031972268,0.032770532,0,-0.772,0.726,188.662
01:29.2,0,100,0,0,0,0,0,0,0,0,0.008646246,-0.011247829,0.016034613,0.098125365,0.041540285,-9.8034525,0.002253248,0.051255774,0.031100142,0.030452198,0,-0.768,0.724,188.678
01:29.2,0,100,0,0,0,0,0,0,0,0,0.00986623,-0.008773698,0.008930726,0.1132867,0.03990991,-9.798746,-0.018589296,0.048178022,0.030228016,0.028133864,0,-0.764,0.722,188.694
01:29.2,0,100,0,0,0,0,0,0,0,0,0.007664394,-0.010869454,-0.001280922,0.09449251,0.048427005,-9.7964855,-0.03943184,0.04510027,0.02935589,0.02581553,0,-0.76,0.72,188.71
01:29.3,0,100,0,0,0,0,0,0,0,0,0.005462557,-0.01296521,-0.01149257,0.07569832,0.0569441,-9.794225,-0.052951332,0.049873602,0.038269552,0.036254066,0,-0.754,0.718,188.692
01:29.3,0,100,0,0,0,0,0,0,0,0,0.009630588,-0.01046661,-0.01480266,0.09355711,0.03530264,-9.799378,-0.066470824,0.054646934,0.047183214,0.046692602,0,-0.748,0.716,188.674
01:29.3,0,100,0,0,0,0,0,0,0,0,0.01379862,-0.007968009,-0.01811275,0.1114159,0.01366118,-9.804531,-0.079990316,0.059420266,0.056096876,0.057131138,0,-0.742,0.714,188.656
01:29.3,0,100,0,0,0,0,0,0,0,0,0.004396921,-0.006283903,-0.013803033,0.091112795,0.06380809,-9.811829,-0.093509808,0.064193598,0.065010538,0.067569674,0,-0.736,0.712,188.638
01:29.3,0,100,0,0,0,0,0,0,0,0,-0.005004779,-0.004599796,-0.009493315,0.07080969,0.113955,-9.819127,-0.1070293,0.06896693,0.0739242,0.07800821,0,-0.73,0.71,188.62
01:29.4,0,100,0,0,0,0,0,0,0,0,0.002520565,-0.006560626,0.002064347,0.093753295,0.08365844,-9.8108475,-0.1261819,0.06070775,0.065102734,0.065566422,0,-0.726,0.708,188.634
01:29.4,0,100,0,0,0,0,0,0,0,0,0.01004591,-0.008521455,0.01362201,0.1166969,0.05336188,-9.802568,-0.1453345,0.05244857,0.056281268,0.053124634,0,-0.722,0.706,188.648
01:29.4,0,100,0,0,0,0,0,0,0,0,0.008260318,-0.011503813,0.018146525,0.091779945,0.062141225,-9.797754,-0.1644871,0.04418939,0.047459802,0.040682846,0,-0.718,0.704,188.662
01:29.4,0,100,0,0,0,0,0,0,0,0,0.006474725,-0.01448617,0.02267104,0.06686299,0.07092057,-9.79294,-0.1836397,0.03593021,0.038638336,0.028241058,0,-0.714,0.702,188.676
01:29.4,0,100,0,0,0,0,0,0,0,0,0.007602752,-0.013161545,0.01774419,0.088827595,0.061521175,-9.795324,-0.2027923,0.02767103,0.02981687,0.01579927,0,-0.71,0.7,188.69
01:29.5,0,100,0,0,0,0,0,0,0,0,0.008730779,-0.01183692,0.01281734,0.1107922,0.05212178,-9.797708,-0.180259826,0.02729865,0.02910701,0.015665512,0,-0.704,0.696,188.684
01:29.5,0,100,0,0,0,0,0,0,0,0,0.008425248,-0.010550679,0.003097472,0.10857825,0.04149258,-9.8020275,-0.157727352,0.02692627,0.02839715,0.015531754,0,-0.698,0.692,188.678
01:29.5,0,100,0,0,0,0,0,0,0,0,0.008119716,-0.009264437,-0.006622397,0.1063643,0.03086338,-9.806347,-0.135194878,0.02655389,0.02768729,0.015397996,0,-0.692,0.688,188.672
01:29.5,0,100,0,0,0,0,0,0,0,0,0.008347802,-0.011853344,-0.012733484,0.09051783,0.042910845,-9.800068,-0.112662404,0.02618151,0.02697743,0.015264238,0,-0.686,0.684,188.666
01:29.5,0,100,0,0,0,0,0,0,0,0,0.008575887,-0.01444225,-0.01884457,0.07467136,0.05495831,-9.793789,-0.09012993,0.02580913,0.02626757,0.01513048,0,-0.68,0.68,188.66
01:29.6,0,100,0,0,0,0,0,0,0,0,0.00514738,-0.004965638,-0.01408279,0.09525428,0.04893815,-9.8043685,-0.108155924,0.025002426,0.02736923,0.014747046,0,-0.676,0.68,188.654
01:29.6,0,100,0,0,0,0,0,0,0,0,0.001718872,0.004510974,-0.00932101,0.1158372,0.04291799,-9.814948,-0.126181918,0.024195722,0.02847089,0.014363612,0,-0.672,0.68,188.648
01:29.6,0,100,0,0,0,0,0,0,0,0,0.003663892,-0.005261508,-0.000919297,0.09471627,0.071634145,-9.802002,-0.144207912,0.023389018,0.02957255,0.013980178,0,-0.668,0.68,188.642
01:29.6,0,100,0,0,0,0,0,0,0,0,0.005608912,-0.01503399,0.007482415,0.07359534,0.1003503,-9.789056,-0.162233906,0.022582314,0.03067421,0.013596744,0,-0.664,0.68,188.636
01:29.6,0,100,0,0,0,0,0,0,0,0,0.008098016,-0.01294455,0.014016533,0.08620839,0.06771131,-9.795439,-0.1802599,0.02177561,0.03177587,0.01321331,0,-0.66,0.68,188.63
01:29.7,0,100,0,0,0,0,0,0,0,0,0.01058712,-0.01085511,0.02055065,0.09882144,0.03507232,-9.801822,-0.162233906,0.021631442,0.031443698,0.012818242,0,-0.654,0.676,188.642
01:29.7,0,100,0,0,0,0,0,0,0,0,0.008914848,-0.012576865,0.01709635,0.09360876,0.05186543,-9.7981165,-0.144207912,0.021487274,0.031111526,0.012423174,0,-0.648,0.672,188.654
01:29.7,0,100,0,0,0,0,0,0,0,0,0.007242576,-0.01429862,0.01364205,0.08839608,0.06865854,-9.794411,-0.126181918,0.021343106,0.030779354,0.012028106,0,-0.642,0.668,188.666
01:29.7,0,100,0,0,0,0,0,0,0,0,0.007099538,-0.011673195,0.0044336,0.09467409,0.049189645,-9.7998995,-0.108155924,0.021198938,0.030447182,0.011633038,0,-0.636,0.664,188.678
01:29.7,0,100,0,0,0,0,0,0,0,0,0.0069565,-0.009047769,-0.004774849,0.1009521,0.02972075,-9.805388,-0.09012993,0.02105477,0.03011501,0.01123797,0,-0.63,0.66,188.69
01:29.8,0,100,0,0,0,0,0,0,0,0,0.00914933,-0.009819985,-0.010457785,0.09606262,0.028737495,-9.799994,-0.104776044,0.029051714,0.037577498,0.02451223,0,-0.624,0.66,188.674
01:29.8,0,100,0,0,0,0,0,0,0,0,0.01134216,-0.0105922,-0.01614072,0.09117314,0.02775424,-9.7946,-0.119422158,0.037048658,0.045039986,0.03778649,0,-0.618,0.66,188.658
01:29.8,0,100,0,0,0,0,0,0,0,0,0.00398982,-0.006778065,-0.01443892,0.089071125,0.05450592,-9.7994445,-0.134068272,0.045045602,0.052502474,0.05106075,0,-0.612,0.66,188.642
01:29.8,0,100,0,0,0,0,0,0,0,0,-0.003362521,-0.002963929,-0.01273712,0.08696911,0.0812576,-9.804289,-0.148714386,0.053042546,0.059964962,0.06433501,0,-0.606,0.66,188.626
01:29.8,0,100,0,0,0,0,0,0,0,0,-0.00141484,-0.002255155,-0.002772633,0.103221505,0.068650695,-9.792469,-0.1633605,0.06103949,0.06742745,0.07760927,0,-0.6,0.66,188.61
01:29.9,0,100,0,0,0,0,0,0,0,0,0.000532841,-0.001546381,0.007191855,0.1194739,0.05604379,-9.780649,-0.1723735,0.054033476,0.058059544,0.064504612,0,-0.594,0.656,188.622
01:29.9,0,100,0,0,0,0,0,0,0,0,0.003303267,-0.008050481,0.011991257,0.09097642,0.06721853,-9.786481,-0.1813865,0.047027462,0.048691638,0.051399954,0,-0.588,0.652,188.634
01:29.9,0,100,0,0,0,0,0,0,0,0,0.006073694,-0.01455458,0.01679066,0.06247894,0.07839327,-9.792313,-0.1903995,0.040021448,0.039323732,0.038295296,0,-0.582,0.648,188.646
01:29.9,0,100,0,0,0,0,0,0,0,0,0.008555362,-0.01224317,0.01646964,0.08835237,0.060017055,-9.7956115,-0.1994125,0.033015434,0.029955826,0.025190638,0,-0.576,0.644,188.658
01:29.9,0,100,0,0,0,0,0,0,0,0,0.01103703,-0.009931759,0.01614862,0.1142258,0.04164084,-9.79891,-0.2084255,0.02600942,0.02058792,0.01208598,0,-0.57,0.64,188.67
01:30.0,0,100,0,0,0,0,0,0,0,0,0.00854105,-0.010018195,0.007161171,0.1019101,0.046606675,-9.797918,-0.19828588,0.02474132,0.019988964,0.012255184,0,-0.566,0.638,188.664
01:30.0,0,100,0,0,0,0,0,0,0,0,0.006045069,-0.01010463,-0.001826277,0.0895944,0.05157251,-9.796926,-0.18814626,0.02347322,0.019390008,0.012424388,0,-0.562,0.636,188.658
01:30.0,0,100,0,0,0,0,0,0,0,0,0.0080741,-0.011555095,-0.007893729,0.092945785,0.04297911,-9.797351,-0.17800664,0.02220512,0.018791052,0.012593592,0,-0.558,0.634,188.652
01:30.0,0,100,0,0,0,0,0,0,0,0,0.01010313,-0.01300556,-0.01396118,0.09629717,0.03438571,-9.797776,-0.16786702,0.02093702,0.018192096,0.012762796,0,-0.554,0.632,188.646
01:30.0,0,100,0,0,0,0,0,0,0,0,0.010245865,-0.01045757,-0.01255034,0.098192735,0.042673715,-9.7981185,-0.1577274,0.01966892,0.01759314,0.012932,0,-0.55,0.63,188.64
01:30.1,0,100,0,0,0,0,0,0,0,0,0.0103886,-0.007909581,-0.0111395,0.1000883,0.05096172,-9.798461,-0.16336052,0.018651368,0.018412658,0.012565574,0,-0.544,0.63,188.638
01:30.1,0,100,0,0,0,0,0,0,0,0,0.003580097,-0.005170915,-0.003713609,0.091401575,0.0701957,-9.802157,-0.16899364,0.017633816,0.019232176,0.012199148,0,-0.538,0.63,188.636
01:30.1,0,100,0,0,0,0,0,0,0,0,-0.003228405,-0.002432248,0.003712283,0.08271485,0.08942968,-9.805853,-0.17462676,0.016616264,0.020051694,0.011832722,0,-0.532,0.63,188.634
01:30.1,0,100,0,0,0,0,0,0,0,0,0.003203961,-0.006226849,0.010174972,0.08950361,0.06765826,-9.8007025,-0.18025988,0.015598712,0.020871212,0.011466296,0,-0.526,0.63,188.632
01:30.1,0,100,0,0,0,0,0,0,0,0,0.009636328,-0.01002145,0.01663766,0.09629237,0.04588684,-9.795552,-0.185893,0.01458116,0.02169073,0.01109987,0,-0.52,0.63,188.63
01:30.2,0,100,0,0,0,0,0,0,0,0,0.008472575,-0.0125423,0.015650645,0.09072969,0.059394305,-9.794247,-0.164487138,0.01454145,0.021176218,0.01080646,0,-0.516,0.626,188.638
01:30.2,0,100,0,0,0,0,0,0,0,0,0.007308822,-0.01506315,0.01466363,0.08516701,0.07290177,-9.792942,-0.143081276,0.01450174,0.020661706,0.010513051,0,-0.512,0.622,188.646
01:30.2,0,100,0,0,0,0,0,0,0,0,0.0075831,-0.011050984,0.007791212,0.096830305,0.05375727,-9.7999945,-0.121675414,0.01446203,0.020147194,0.010219641,0,-0.508,0.618,188.654
01:30.2,0,100,0,0,0,0,0,0,0,0,0.007857378,-0.007038817,0.000918793,0.1084936,0.03461277,-9.807047,-0.100269552,0.01442232,0.019632682,0.009926232,0,-0.504,0.614,188.662
01:30.2,0,100,0,0,0,0,0,0,0,0,0.008729345,-0.009866619,-0.005718739,0.09914849,0.03969247,-9.8006175,-0.07886369,0.01438261,0.01911817,0.009632822,0,-0.5,0.61,188.67
01:30.3,0,100,0,0,0,0,0,0,0,0,0.009601311,-0.01269442,-0.01235627,0.08980338,0.04477217,-9.794188,-0.066470824,0.023173666,0.028803834,0.022303782,0,-0.494,0.61,188.658
01:30.3,0,100,0,0,0,0,0,0,0,0,0.009207829,-0.010977166,-0.01224534,0.091416135,0.04823106,-9.797334,-0.054077958,0.031964722,0.038489498,0.034974741,0,-0.488,0.61,188.646
01:30.3,0,100,0,0,0,0,0,0,0,0,0.008814347,-0.009259911,-0.01213441,0.09302889,0.05168995,-9.80048,-0.041685092,0.040755778,0.048175162,0.047645701,0,-0.482,0.61,188.634
01:30.3,0,100,0,0,0,0,0,0,0,0,0.00869033,-0.009510583,-0.005445839,0.098469045,0.060536105,-9.7990965,-0.029292226,0.049546834,0.057860826,0.06031666,0,-0.476,0.61,188.622
01:30.3,0,100,0,0,0,0,0,0,0,0,0.008566312,-0.009761255,0.001242732,0.1039092,0.06938226,-9.797713,-0.01689936,0.05833789,0.06754649,0.07298762,0,-0.47,0.61,188.61
01:30.4,0,100,0,0,0,0,0,0,0,0,0.003548694,-0.007236255,0.006455206,0.09342044,0.075205895,-9.7961225,-0.024785728,0.058355144,0.067950768,0.07322421,0,-0.464,0.606,188.62
01:30.4,0,100,0,0,0,0,0,0,0,0,-0.001468925,-0.004711254,0.01166768,0.08293168,0.08102953,-9.794532,-0.032672096,0.058372398,0.068355046,0.0734608,0,-0.458,0.602,188.63
01:30.4,0,100,0,0,0,0,0,0,0,0,-0.00076825,-0.003167518,0.013699465,0.09124005,0.06537183,-9.804168,-0.040558464,0.058389652,0.068759324,0.07369739,0,-0.452,0.598,188.64
01:30.4,0,100,0,0,0,0,0,0,0,0,-6.76E-05,-0.001623782,0.01573125,0.09954842,0.04971413,-9.813804,-0.048444832,0.058406906,0.069163602,0.07393398,0,-0.446,0.594,188.65
01:30.4,0,100,0,0,0,0,0,0,0,0,0.002958527,-0.007058481,0.008648854,0.09521258,0.054854175,-9.806807,-0.0563312,0.05842416,0.06956788,0.07417057,0,-0.44,0.59,188.66
01:30.5,0,100,0,0,0,0,0,0,0,0,0.00598463,-0.01249318,0.001566458,0.09087674,0.05999422,-9.79981,-0.054077952,0.0493258,0.059096784,0.061556312,0,-0.436,0.588,188.652
01:30.5,0,100,0,0,0,0,0,0,0,0,0.00853748,-0.01200054,-0.004004438,0.09661822,0.047260475,-9.7998765,-0.051824704,0.04022744,0.048625688,0.048942054,0,-0.432,0.586,188.644
01:30.5,0,100,0,0,0,0,0,0,0,0,0.01109033,-0.0115079,-0.009575334,0.1023597,0.03452673,-9.799943,-0.049571456,0.03112908,0.038154592,0.036327796,0,-0.428,0.584,188.636
01:30.5,0,100,0,0,0,0,0,0,0,0,0.009589052,-0.01104982,-0.009989392,0.094560125,0.045244145,-9.799334,-0.047318208,0.02203072,0.027683496,0.023713538,0,-0.424,0.582,188.628
01:30.5,0,100,0,0,0,0,0,0,0,0,0.008087773,-0.01059174,-0.01040345,0.08676055,0.05596156,-9.798725,-0.04506496,0.01293236,0.0172124,0.01109928,0,-0.42,0.58,188.62
01:30.6,0,100,0,0,0,0,0,0,0,0,0.008400614,-0.010751825,-0.004914354,0.09332669,0.06473363,-9.7964095,-0.068724068,0.013155062,0.016279864,0.011595204,0,-0.414,0.578,188.622
01:30.6,0,100,0,0,0,0,0,0,0,0,0.008713454,-0.01091191,0.000574743,0.09989283,0.0735057,-9.794094,-0.092383176,0.013377764,0.015347328,0.012091128,0,-0.408,0.576,188.624
01:30.6,0,100,0,0,0,0,0,0,0,0,0.008198447,-0.0105865,0.006821601,0.09607589,0.066377125,-9.796829,-0.116042284,0.013600466,0.014414792,0.012587052,0,-0.402,0.574,188.626
01:30.6,0,100,0,0,0,0,0,0,0,0,0.00768344,-0.01026109,0.01306846,0.09225895,0.05924855,-9.799564,-0.139701392,0.013823168,0.013482256,0.013082976,0,-0.396,0.572,188.628
01:30.6,0,100,0,0,0,0,0,0,0,0,0.007755579,-0.01295598,0.01280343,0.089203205,0.06044039,-9.797143,-0.1633605,0.01404587,0.01254972,0.0135789,0,-0.39,0.57,188.63
01:30.7,0,100,0,0,0,0,0,0,0,0,0.007827717,-0.01565087,0.0125384,0.08614746,0.06163223,-9.794722,-0.16561374,0.013997102,0.012412718,0.013369632,0,-0.386,0.568,188.634
01:30.7,0,100,0,0,0,0,0,0,0,0,0.002021804,-0.009094319,0.007483464,0.09583838,0.059549285,-9.808513,-0.16786698,0.013948334,0.012275716,0.013160364,0,-0.382,0.566,188.638
01:30.7,0,100,0,0,0,0,0,0,0,0,-0.003784109,-0.002537767,0.002428527,0.1055293,0.05746634,-9.822304,-0.17012022,0.013899566,0.012138714,0.012951096,0,-0.378,0.564,188.642
01:30.7,0,100,0,0,0,0,0,0,0,0,0.001836181,-0.007965693,-0.002465919,0.09639759,0.052273235,-9.8097785,-0.17237346,0.013850798,0.012001712,0.012741828,0,-0.374,0.562,188.646
01:30.7,0,100,0,0,0,0,0,0,0,0,0.007456472,-0.01339362,-0.007360365,0.08726588,0.04708013,-9.797253,-0.1746267,0.01380203,0.01186471,0.01253256,0,-0.37,0.56,188.65
01:30.8,0,100,0,0,0,0,0,0,0,0,0.008273254,-0.011931575,-0.008481357,0.0914425,0.045725855,-9.7992905,-0.122238686,0.013706788,0.012133958,0.012233954,0,-0.366,0.558,188.64
01:30.8,0,100,0,0,0,0,0,0,0,0,0.009090035,-0.01046953,-0.009602349,0.09561912,0.04437158,-9.801328,-0.069850672,0.013611546,0.012403206,0.011935348,0,-0.362,0.556,188.63
01:30.8,0,100,0,0,0,0,0,0,0,0,0.008131541,-0.01186157,-0.005351595,0.095928645,0.057182935,-9.800389,-0.017462658,0.013516304,0.012672454,0.011636742,0,-0.358,0.554,188.62
01:30.8,0,100,0,0,0,0,0,0,0,0,0.007173046,-0.01325361,-0.001100842,0.09623817,0.06999429,-9.79945,0.034925356,0.013421062,0.012941702,0.011338136,0,-0.354,0.552,188.61
01:30.8,0,100,0,0,0,0,0,0,0,0,0.007399662,-0.01199561,0.005163069,0.0919431,0.06637012,-9.7987235,0.08731337,0.01332582,0.01321095,0.01103953,0,-0.35,0.55,188.6
01:30.9,0,100,0,0,0,0,0,0,0,0,0.007626279,-0.01073761,0.01142698,0.08764803,0.06274595,-9.797997,0.056331206,0.012976724,0.013148324,0.01128836,0,-0.346,0.546,188.612
01:30.9,0,100,0,0,0,0,0,0,0,0,0.0084809,-0.01199161,0.013326125,0.09138417,0.05771177,-9.7981695,0.025349042,0.012627628,0.013085698,0.01153719,0,-0.342,0.542,188.624
01:30.9,0,100,0,0,0,0,0,0,0,0,0.009335521,-0.01324561,0.01522527,0.09512031,0.05267759,-9.798342,-0.005633122,0.012278532,0.013023072,0.01178602,0,-0.338,0.538,188.636
01:30.9,0,100,0,0,0,0,0,0,0,0,0.002859657,-0.007730381,0.010707918,0.08981609,0.053981825,-9.7987165,-0.036615286,0.011929436,0.012960446,0.01203485,0,-0.334,0.534,188.648
01:30.9,0,100,0,0,0,0,0,0,0,0,-0.003616206,-0.002215152,0.006190566,0.08451187,0.05528606,-9.799091,-0.06759745,0.01158034,0.01289782,0.01228368,0,-0.33,0.53,188.66
01:31.0,0,100,0,0,0,0,0,0,0,0,-0.002274523,-0.002286465,-0.001063245,0.087848685,0.044398815,-9.800084,-0.07548382,0.022404212,0.023201388,0.025034088,0,-0.324,0.53,188.65
01:31.0,0,100,0,0,0,0,0,0,0,0,-0.00093284,-0.002357777,-0.008317057,0.0911855,0.03351157,-9.801077,-0.08337019,0.033228084,0.033504956,0.037784496,0,-0.318,0.53,188.64
01:31.0,0,100,0,0,0,0,0,0,0,0,0.003298695,-0.006354969,-0.009726219,0.0887898,0.04176603,-9.799735,-0.09125656,0.044051956,0.043808524,0.050534904,0,-0.312,0.53,188.63
01:31.0,0,100,0,0,0,0,0,0,0,0,0.007530229,-0.01035216,-0.01113538,0.0863941,0.05002049,-9.798393,-0.09914293,0.054875828,0.054112092,0.063285312,0,-0.306,0.53,188.62
01:31.0,0,100,0,0,0,0,0,0,0,0,0.008376751,-0.010529475,-0.00677084,0.0941122,0.055603015,-9.798356,-0.1070293,0.0656997,0.06441566,0.07603572,0,-0.3,0.53,188.61
01:31.1,0,100,0,0,0,0,0,0,0,0,0.009223273,-0.01070679,-0.002406299,0.1018303,0.06118554,-9.798319,-0.089003312,0.054904658,0.05369017,0.06286698,0,-0.296,0.528,188.614
01:31.1,0,100,0,0,0,0,0,0,0,0,0.00821098,-0.011111855,0.003260047,0.09503519,0.06520668,-9.799401,-0.070977324,0.044109616,0.04296468,0.04969824,0,-0.292,0.526,188.618
01:31.1,0,100,0,0,0,0,0,0,0,0,0.007198687,-0.01151692,0.008926392,0.08824008,0.06922782,-9.800483,-0.052951336,0.033314574,0.03223919,0.0365295,0,-0.288,0.524,188.622
01:31.1,0,100,0,0,0,0,0,0,0,0,0.007997139,-0.0121742,0.011591191,0.0905811,0.062420665,-9.797661,-0.034925348,0.022519532,0.0215137,0.02336076,0,-0.284,0.522,188.626
01:31.1,0,100,0,0,0,0,0,0,0,0,0.00879559,-0.01283148,0.01425599,0.09292212,0.05561351,-9.794839,-0.01689936,0.01172449,0.01078821,0.01019202,0,-0.28,0.52,188.63
01:31.2,0,100,0,0,0,0,0,0,0,0,0.008531602,-0.01167421,0.010650746,0.09656301,0.052253345,-9.796493,-0.033798728,0.011540094,0.010687384,0.010618934,0,-0.276,0.516,188.632
01:31.2,0,100,0,0,0,0,0,0,0,0,0.008267613,-0.01051694,0.007045501,0.1002039,0.04889318,-9.798147,-0.050698096,0.011355698,0.010586558,0.011045848,0,-0.272,0.512,188.634
01:31.2,0,100,0,0,0,0,0,0,0,0,0.008506911,-0.01151339,0.000820791,0.09572585,0.04681679,-9.7966025,-0.067597464,0.011171302,0.010485732,0.011472762,0,-0.268,0.508,188.636
01:31.2,0,100,0,0,0,0,0,0,0,0,0.008746208,-0.01250984,-0.005403919,0.0912478,0.0447404,-9.795058,-0.084496832,0.010986906,0.010384906,0.011899676,0,-0.264,0.504,188.638
01:31.2,0,100,0,0,0,0,0,0,0,0,0.004099645,-0.004962902,-0.009488005,0.0975647,0.04231416,-9.79878,-0.1013962,0.01080251,0.01028408,0.01232659,0,-0.26,0.5,188.64
01:31.3,0,100,0,0,0,0,0,0,0,0,-0.000546918,0.002584036,-0.01357209,0.1038816,0.03988792,-9.802502,-0.07660012,0.010549296,0.010753912,0.01189182,0,-0.256,0.5,188.632
01:31.3,0,100,0,0,0,0,0,0,0,0,0.003538842,-0.004827427,-0.009110022,0.096921655,0.05522459,-9.799967,-0.05180404,0.010296082,0.011223744,0.01145705,0,-0.252,0.5,188.624
01:31.3,0,100,0,0,0,0,0,0,0,0,0.007624603,-0.01223889,-0.004647954,0.08996171,0.07056126,-9.797432,-0.02700796,0.010042868,0.011693576,0.01102228,0,-0.248,0.5,188.616
01:31.3,0,100,0,0,0,0,0,0,0,0,0.007781642,-0.011582695,0.001176816,0.09441125,0.065756425,-9.7986345,-0.00221188,0.009789654,0.012163408,0.01058751,0,-0.244,0.5,188.608
01:31.3,0,100,0,0,0,0,0,0,0,0,0.007938681,-0.0109265,0.007001585,0.09886079,0.06095159,-9.799837,0.0225842,0.00953644,0.01263324,0.01015274,0,-0.24,0.5,188.6
01:31.4,0,100,0,0,0,0,0,0,0,0,0.008061248,-0.01185302,0.009828533,0.093775625,0.058116985,-9.7987205,0.03895774,0.009711256,0.01239381,0.010144974,0,-0.238,0.498,188.61
01:31.4,0,100,0,0,0,0,0,0,0,0,0.008183814,-0.01277954,0.01265548,0.08869046,0.05528238,-9.797604,0.05533128,0.009886072,0.01215438,0.010137208,0,-0.236,0.496,188.62
01:31.4,0,100,0,0,0,0,0,0,0,0,0.00828207,-0.0119038,0.00998776,0.09239542,0.05320592,-9.7973825,0.07170482,0.010060888,0.01191495,0.010129442,0,-0.234,0.494,188.63
01:31.4,0,100,0,0,0,0,0,0,0,0,0.008380326,-0.01102806,0.007320039,0.09610038,0.05112946,-9.797161,0.08807836,0.010235704,0.01167552,0.010121676,0,-0.232,0.492,188.64
01:31.4,0,100,0,0,0,0,0,0,0,0,0.008735506,-0.011051455,0.002053058,0.097219375,0.04690747,-9.7966215,0.1044519,0.01041052,0.01143609,0.01011391,0,-0.23,0.49,188.65
01:31.5,0,100,0,0,0,0,0,0,0,0,0.009090685,-0.01107485,-0.003213923,0.09833837,0.04268548,-9.796082,0.08469073,0.019698964,0.0224835,0.02371294,0,-0.226,0.488,188.64
01:31.5,0,100,0,0,0,0,0,0,0,0,0.003558316,-0.006334831,-0.007032142,0.09422715,0.045336445,-9.795916,0.06492956,0.028987408,0.03353091,0.03731197,0,-0.222,0.486,188.63
01:31.5,0,100,0,0,0,0,0,0,0,0,-0.001974053,-0.001594811,-0.01085036,0.09011593,0.04798741,-9.79575,0.04516839,0.038275852,0.04457832,0.050911,0,-0.218,0.484,188.62
01:31.5,0,100,0,0,0,0,0,0,0,0,0.003411298,-0.006254256,-0.007737896,0.095138765,0.05384442,-9.797,0.02540722,0.047564296,0.05562573,0.06451003,0,-0.214,0.482,188.61
01:31.5,0,100,0,0,0,0,0,0,0,0,0.008796649,-0.0109137,-0.004625432,0.1001616,0.05970143,-9.79825,0.00564605,0.05685274,0.06667314,0.07810906,0,-0.21,0.48,188.6
01:31.6,0,100,0,0,0,0,0,0,0,0,0.007974155,-0.011624425,0.00096002,0.09674789,0.06197543,-9.7995345,-0.00677526,0.047336072,0.055373302,0.064226032,0,-0.208,0.48,188.606
01:31.6,0,100,0,0,0,0,0,0,0,0,0.007151661,-0.01233515,0.006545472,0.09333418,0.06424943,-9.800819,-0.01919657,0.037819404,0.044073464,0.050343005,0,-0.206,0.48,188.612
01:31.6,0,100,0,0,0,0,0,0,0,0,0.008020619,-0.012065135,0.009383586,0.09362489,0.061417445,-9.7989075,-0.03161788,0.028302735,0.032773626,0.036459977,0,-0.204,0.48,188.618
01:31.6,0,100,0,0,0,0,0,0,0,0,0.008889576,-0.01179512,0.0122217,0.0939156,0.05858546,-9.796996,-0.04403919,0.018786067,0.021473788,0.02257695,0,-0.202,0.48,188.624
01:31.6,0,100,0,0,0,0,0,0,0,0,0.008393702,-0.01114705,0.010028294,0.09339206,0.055807895,-9.7983365,-0.0564605,0.009269399,0.01017395,0.008693922,0,-0.2,0.48,188.63
01:31.7,0,100,0,0,0,0,0,0,0,0,0.007897827,-0.01049898,0.007834887,0.09286852,0.05303033,-9.799677,-0.04290998,0.009348917,0.010271678,0.008906141,0,-0.2,0.478,188.628
01:31.7,0,100,0,0,0,0,0,0,0,0,0.008848003,-0.011134025,0.002132913,0.095659585,0.049560575,-9.7997485,-0.02935946,0.009428435,0.010369406,0.00911836,0,-0.2,0.476,188.626
01:31.7,0,100,0,0,0,0,0,0,0,0,0.009798178,-0.01176907,-0.003569062,0.09845065,0.04609082,-9.79982,-0.01580894,0.009507954,0.010467134,0.009330578,0,-0.2,0.474,188.624
01:31.7,0,100,0,0,0,0,0,0,0,0,0.004349057,-0.005001821,-0.007842121,0.08779707,0.052638065,-9.7985115,-0.00225842,0.009587472,0.010564862,0.009542797,0,-0.2,0.472,188.622
01:31.7,0,100,0,0,0,0,0,0,0,0,-0.001100065,0.001765428,-0.01211518,0.07714349,0.05918531,-9.797203,0.0112921,0.00966699,0.01066259,0.009755016,0,-0.2,0.47,188.62
01:31.8,0,100,0,0,0,0,0,0,0,0,0.003836727,-0.004375551,-0.009415095,0.08786196,0.062504185,-9.798384,0.019761174,0.010728696,0.011151886,0.010725955,0,-0.198,0.47,188.616
01:31.8,0,100,0,0,0,0,0,0,0,0,0.008773519,-0.01051653,-0.006715009,0.09858043,0.06582306,-9.799565,0.028230248,0.011790402,0.011641182,0.011696894,0,-0.196,0.47,188.612
01:31.8,0,100,0,0,0,0,0,0,0,0,0.009540735,-0.01210595,-0.000868455,0.09564922,0.06713352,-9.7973945,0.036699322,0.012852108,0.012130478,0.012667832,0,-0.194,0.47,188.608
01:31.8,0,100,0,0,0,0,0,0,0,0,0.01030795,-0.01369537,0.004978099,0.09271801,0.06844398,-9.795224,0.045168396,0.013913814,0.012619774,0.013638771,0,-0.192,0.47,188.604
01:31.8,0,100,0,0,0,0,0,0,0,0,0.008902263,-0.01303412,0.009243675,0.08795025,0.06430426,-9.800182,0.05363747,0.01497552,0.01310907,0.01460971,0,-0.19,0.47,188.6
01:31.9,0,100,0,0,0,0,0,0,0,0,0.007496576,-0.01237287,0.01350925,0.08318249,0.06016454,-9.80514,0.014679736,0.014808302,0.013662392,0.01446189,0,-0.19,0.47,188.61
01:31.9,0,100,0,0,0,0,0,0,0,0,0.008159723,-0.012165855,0.012142135,0.094795195,0.059958815,-9.800448,-0.024277998,0.014641084,0.014215714,0.01431407,0,-0.19,0.47,188.62
01:31.9,0,100,0,0,0,0,0,0,0,0,0.00882287,-0.01195884,0.01077502,0.1064079,0.05975309,-9.795756,-0.063235732,0.014473866,0.014769036,0.01416625,0,-0.19,0.47,188.63
01:31.9,0,100,0,0,0,0,0,0,0,0,0.008079753,-0.01100057,0.005439205,0.096068355,0.048422835,-9.7985025,-0.102193466,0.014306648,0.015322358,0.01401843,0,-0.19,0.47,188.64
01:31.9,0,100,0,0,0,0,0,0,0,0,0.007336636,-0.0100423,0.000103391,0.08572881,0.03709258,-9.801249,-0.1411512,0.01413943,0.01587568,0.01387061,0,-0.19,0.47,188.65
01:32.0,0,100,0,0,0,0,0,0,0,0,0.007875463,-0.01021219,-0.003092465,0.08977965,0.043659815,-9.7999635,-0.13663436,0.022577976,0.024897686,0.026781944,0,-0.19,0.468,188.644
01:32.0,0,100,0,0,0,0,0,0,0,0,0.008414289,-0.01038208,-0.00628832,0.09383049,0.05022705,-9.798678,-0.13211752,0.031016522,0.033919692,0.039693278,0,-0.19,0.466,188.638
01:32.0,0,100,0,0,0,0,0,0,0,0,0.004505068,-0.005955423,-0.005033054,0.0882628,0.05608731,-9.796067,-0.12760068,0.039455068,0.042941698,0.052604612,0,-0.19,0.464,188.632
01:32.0,0,100,0,0,0,0,0,0,0,0,0.000595846,-0.001528766,-0.003777787,0.08269511,0.06194757,-9.793456,-0.12308384,0.047893614,0.051963704,0.065515946,0,-0.19,0.462,188.626
01:32.0,0,100,0,0,0,0,0,0,0,0,0.00515819,-0.006123563,-0.000954004,0.085553915,0.06109232,-9.7965275,-0.118567,0.05633216,0.06098571,0.07842728,0,-0.19,0.46,188.62
01:32.1,0,100,0,0,0,0,0,0,0,0,0.009720534,-0.01071836,0.001869778,0.08841272,0.06023707,-9.799599,-0.10501649,0.047336438,0.05108486,0.064806688,0,-0.19,0.46,188.626
01:32.1,0,100,0,0,0,0,0,0,0,0,0.009123838,-0.010263204,0.006147654,0.0910987,0.05975032,-9.801298,-0.09146598,0.038340716,0.04118401,0.051186096,0,-0.19,0.46,188.632
01:32.1,0,100,0,0,0,0,0,0,0,0,0.008527142,-0.009808047,0.01042553,0.09378468,0.05926357,-9.802997,-0.07791547,0.029344994,0.03128316,0.037565504,0,-0.19,0.46,188.638
01:32.1,0,100,0,0,0,0,0,0,0,0,0.007978547,-0.010446339,0.008789656,0.094461275,0.057033655,-9.802277,-0.06436496,0.020349272,0.02138231,0.023944912,0,-0.19,0.46,188.644
01:32.1,0,100,0,0,0,0,0,0,0,0,0.007429951,-0.01108463,0.007153782,0.09513787,0.05480374,-9.801557,-0.05081445,0.01135355,0.01148146,0.01032432,0,-0.19,0.46,188.65
01:32.2,0,100,0,0,0,0,0,0,0,0,0.008459082,-0.0113376,0.004065135,0.09355777,0.04949614,-9.802366,-0.04178077,0.011204848,0.011246558,0.010908046,0,-0.19,0.46,188.646
01:32.2,0,100,0,0,0,0,0,0,0,0,0.009488213,-0.01159057,0.000976488,0.09197767,0.04418854,-9.803175,-0.03274709,0.011056146,0.011011656,0.011491772,0,-0.19,0.46,188.642
01:32.2,0,100,0,0,0,0,0,0,0,0,0.008530585,-0.010618772,-0.00270178,0.093724155,0.048215625,-9.802172,-0.02371341,0.010907444,0.010776754,0.012075498,0,-0.19,0.46,188.638
01:32.2,0,100,0,0,0,0,0,0,0,0,0.007572957,-0.009646974,-0.006380047,0.09547064,0.05224271,-9.801169,-0.01467973,0.010758742,0.010541852,0.012659224,0,-0.19,0.46,188.634
01:32.2,0,100,0,0,0,0,0,0,0,0,0.003168956,-0.005381262,-0.00642835,0.09940817,0.057086555,-9.804633,-0.00564605,0.01061004,0.01030695,0.01324295,0,-0.19,0.46,188.63
01:32.3,0,100,0,0,0,0,0,0,0,0,-0.001235045,-0.001115551,-0.006476653,0.1033457,0.0619304,-9.808097,-0.02371341,0.011500246,0.010365368,0.013574768,0,-0.188,0.46,188.632
01:32.3,0,100,0,0,0,0,0,0,0,0,0.003756336,-0.006824281,-0.001186319,0.093741035,0.06172601,-9.80466,-0.04178077,0.012390452,0.010423786,0.013906586,0,-0.186,0.46,188.634
01:32.3,0,100,0,0,0,0,0,0,0,0,0.008747716,-0.01253301,0.004104015,0.08413637,0.06152162,-9.801223,-0.05984813,0.013280658,0.010482204,0.014238404,0,-0.184,0.46,188.636
01:32.3,0,100,0,0,0,0,0,0,0,0,0.008538367,-0.012355465,0.007018935,0.09092027,0.059737555,-9.8007035,-0.07791549,0.014170864,0.010540622,0.014570222,0,-0.182,0.46,188.638
01:32.3,0,100,0,0,0,0,0,0,0,0,0.008329018,-0.01217792,0.009933854,0.09770417,0.05795349,-9.800184,-0.09598285,0.01506107,0.01059904,0.01490204,0,-0.18,0.46,188.64
01:32.4,0,100,0,0,0,0,0,0,0,0,0.007227833,-0.011946345,0.008663042,0.09868553,0.05873805,-9.8006965,-0.060412736,0.023687966,0.02159512,0.027014208,0,-0.18,0.458,188.644
01:32.4,0,100,0,0,0,0,0,0,0,0,0.006126647,-0.01171477,0.007392229,0.09966689,0.05952261,-9.801209,-0.024842622,0.032314862,0.0325912,0.039126376,0,-0.18,0.456,188.648
01:32.4,0,100,0,0,0,0,0,0,0,0,0.007687134,-0.01166263,0.003386342,0.09808594,0.05114717,-9.80187,0.010727492,0.040941758,0.04358728,0.051238544,0,-0.18,0.454,188.652
01:32.4,0,100,0,0,0,0,0,0,0,0,0.009247621,-0.01161049,-0.000619545,0.09650499,0.04277173,-9.802531,0.046297606,0.049568654,0.05458336,0.063350712,0,-0.18,0.452,188.656
01:32.4,0,100,0,0,0,0,0,0,0,0,0.00894502,-0.01171092,-0.003260605,0.09171075,0.046594725,-9.803732,0.08186772,0.05819555,0.06557944,0.07546288,0,-0.18,0.45,188.66
01:32.5,0,100,0,0,0,0,0,0,0,0,0.008642419,-0.01181135,-0.005901665,0.08691651,0.05041772,-9.804933,0.039522356,0.058043586,0.064892306,0.075053146,0,-0.18,0.45,188.654
01:32.5,0,100,0,0,0,0,0,0,0,0,0.003720564,-0.005207684,-0.007006774,0.093752355,0.05940953,-9.801418,-0.002823008,0.057891622,0.064205172,0.074643412,0,-0.18,0.45,188.648
01:32.5,0,100,0,0,0,0,0,0,0,0,-0.00120129,0.001395982,-0.008111882,0.1005882,0.06840134,-9.797903,-0.045168372,0.057739658,0.063518038,0.074233678,0,-0.18,0.45,188.642
01:32.5,0,100,0,0,0,0,0,0,0,0,-0.000405314,-0.001599223,-0.002858182,0.092551625,0.068959365,-9.793554,-0.087513736,0.057587694,0.062830904,0.073823944,0,-0.18,0.45,188.636
01:32.5,0,100,0,0,0,0,0,0,0,0,0.000390662,-0.004594428,0.002395518,0.08451505,0.06951739,-9.789205,-0.1298591,0.05743573,0.06214377,0.07341421,0,-0.18,0.45,188.63
01:32.6,0,100,0,0,0,0,0,0,0,0,0.004606774,-0.008482749,0.004905197,0.089283525,0.067056865,-9.7947615,-0.11179175,0.047921536,0.051895402,0.061380954,0,-0.18,0.45,188.634
01:32.6,0,100,0,0,0,0,0,0,0,0,0.008822886,-0.01237107,0.007414876,0.094052,0.06459634,-9.800318,-0.0937244,0.038407342,0.041647034,0.049347698,0,-0.18,0.45,188.638
01:32.6,0,100,0,0,0,0,0,0,0,0,0.008223727,-0.012064965,0.007156536,0.096217935,0.05717105,-9.802081,-0.07565705,0.028893149,0.031398666,0.037314442,0,-0.18,0.45,188.642
01:32.6,0,100,0,0,0,0,0,0,0,0,0.007624568,-0.01175886,0.006898196,0.09838387,0.04974576,-9.803844,-0.0575897,0.019378955,0.021150298,0.025281186,0,-0.18,0.45,188.646
01:32.6,0,100,0,0,0,0,0,0,0,0,0.00845865,-0.011274715,0.003614378,0.095180385,0.049087925,-9.802518,-0.03952235,0.009864761,0.01090193,0.01324793,0,-0.18,0.45,188.65
01:32.8,4,7.44,15.4291587,75.0159187,723.94,0.2784601,183.294,655.35,655.35,5.28,0.008108081,-0.011498945,0.008628085,0.091072335,0.05831563,-9.801488,0.06210655,0.01106599,0.01029616,0.01237033,0,-0.18,0.44,188.65
01:32.9,4,7.44,15.42915615,75.01591823,723.89,0.26280671,182.25793,655.35,655.35,5.334,0.00673025,-0.01153059,0.008141123,0.08626181,0.0570342,-9.802995,0.03500551,0.011605364,0.010329686,0.012477532,0,-0.18,0.44,188.652
01:32.9,4,7.44,15.4291536,75.01591776,723.84,0.24715332,181.22186,655.35,655.35,5.388,0.0086178,-0.010558188,0.005609298,0.094741705,0.05268345,-9.80224,0.00790447,0.012144738,0.010363212,0.012584734,0,-0.18,0.44,188.654
01:32.9,4,7.44,15.42915105,75.01591729,723.79,0.23149993,180.18579,655.35,655.35,5.442,0.01050535,-0.009585786,0.003077473,0.1032216,0.0483327,-9.801485,-0.01919657,0.012684112,0.010396738,0.012691936,0,-0.18,0.44,188.656
01:32.9,4,7.44,15.4291485,75.01591682,723.74,0.21584654,179.14972,655.35,655.35,5.496,0.009505396,-0.010619403,-0.001499189,0.0930692,0.046714515,-9.803241,-0.04629761,0.013223486,0.010430264,0.012799138,0,-0.18,0.44,188.658
01:32.9,4,7.44,15.42914595,75.01591635,723.69,0.20019315,178.11365,655.35,655.35,5.55,0.008505443,-0.01165302,-0.00607585,0.0829168,0.04509633,-9.804997,-0.07339865,0.01376286,0.01046379,0.01290634,0,-0.18,0.44,188.66
01:33.0,4,7.44,15.4291434,75.01591588,723.64,0.18453976,177.07758,655.35,655.35,5.604,0.009305482,-0.01117249,-0.006371996,0.09228665,0.051084815,-9.801994,-0.07001102,0.022260812,0.02176079,0.025307174,0,-0.178,0.44,188.654
01:33.0,4,7.44,15.42914085,75.01591541,723.59,0.16888637,176.04151,655.35,655.35,5.658,0.01010552,-0.01069196,-0.006668142,0.1016565,0.0570733,-9.798991,-0.06662339,0.030758764,0.03305779,0.037708008,0,-0.176,0.44,188.648
01:33.0,4,7.44,15.4291383,75.01591494,723.54,0.15323298,175.00544,655.35,655.35,5.712,0.008542618,-0.01041506,-0.002860529,0.09562264,0.06053364,-9.800661,-0.06323576,0.039256716,0.04435479,0.050108842,0,-0.174,0.44,188.642
01:33.0,4,7.44,15.42913575,75.01591447,723.49,0.13757959,173.96937,655.35,655.35,5.766,0.006979716,-0.01013816,0.000947085,0.08958878,0.06399398,-9.802331,-0.05984813,0.047754668,0.05565179,0.062509676,0,-0.172,0.44,188.636
01:33.0,4,7.44,15.4291332,75.015914,723.44,0.1219262,172.9333,655.35,655.35,5.82,0.005272956,-0.007162472,0.004342236,0.08930332,0.055201995,-9.803405,-0.0564605,0.05625262,0.06694879,0.07491051,0,-0.17,0.44,188.63
01:33.1,4,7.442,15.42913386,75.01591385,723.466,0.15817168,172.86878,655.35,655.35,5.713,0.003566196,-0.004186783,0.007737388,0.08901786,0.04641001,-9.804479,-0.026536436,0.047253536,0.05534694,0.06214427,0,-0.17,0.438,188.64
01:33.1,4,7.444,15.42913452,75.0159137,723.492,0.19441716,172.80426,655.35,655.35,5.606,0.005400582,-0.00684455,0.009716929,0.091388765,0.05037125,-9.8045365,0.003387628,0.038254452,0.043745089,0.04937803,0,-0.17,0.436,188.65
01:33.1,4,7.446,15.42913518,75.01591355,723.518,0.23066264,172.73974,655.35,655.35,5.499,0.007234967,-0.009502316,0.01169647,0.09375967,0.05433249,-9.804594,0.033311692,0.029255368,0.032143239,0.03661179,0,-0.17,0.434,188.66
01:33.1,4,7.448,15.42913584,75.0159134,723.544,0.26690812,172.67522,655.35,655.35,5.392,0.007324054,-0.010704723,0.006623014,0.09643771,0.055975595,-9.802765,0.063235756,0.020256284,0.020541388,0.02384555,0,-0.17,0.432,188.67
01:33.1,4,7.45,15.4291365,75.01591325,723.57,0.3031536,172.6107,655.35,655.35,5.285,0.00741314,-0.01190713,0.001549557,0.09911575,0.0576187,-9.800936,0.09315982,0.0112572,0.008939538,0.01107931,0,-0.17,0.43,188.68
01:33.2,4,7.452,15.42913716,75.0159131,723.596,0.33939908,172.54618,655.35,655.35,5.178,0.008472589,-0.010827763,-0.002884902,0.09476089,0.04528867,-9.803355,0.07735088,0.010909364,0.009968902,0.01081558,0,-0.17,0.43,188.67
01:33.2,4,7.454,15.42913782,75.01591295,723.622,0.37564456,172.48166,655.35,655.35,5.071,0.009532037,-0.009748396,-0.00731936,0.09040603,0.03295864,-9.805774,0.06154194,0.010561528,0.010998267,0.010551849,0,-0.17,0.43,188.66
01:33.2,4,7.456,15.42913848,75.0159128,723.648,0.41189004,172.41714,655.35,655.35,4.964,0.009340711,-0.010205513,-0.00738076,0.09116321,0.045291625,-9.803576,0.045733,0.010213691,0.012027631,0.010288119,0,-0.17,0.43,188.65
01:33.2,4,7.458,15.42913914,75.01591265,723.674,0.44813552,172.35262,655.35,655.35,4.857,0.009149385,-0.01066263,-0.00744216,0.09192039,0.05762461,-9.801378,0.02992406,0.009865855,0.013056996,0.010024388,0,-0.17,0.43,188.64
01:33.2,4,7.46,15.4291398,75.0159125,723.7,0.484381,172.2881,655.35,655.35,4.75,0.007728749,-0.01059632,-0.003297857,0.09571553,0.06156481,-9.802858,0.01411512,0.009518019,0.01408636,0.009760658,0,-0.17,0.43,188.63
01:33.3,4,7.46,15.4291402,75.01591239,723.712,0.46725584,171.10006,655.35,655.35,4.676,0.006308112,-0.01053001,0.000846446,0.09951067,0.06550501,-9.804338,0.020325776,0.009526335,0.013749362,0.009602021,0,-0.17,0.43,188.636
01:33.3,4,7.46,15.4291406,75.01591228,723.724,0.45013068,169.91202,655.35,655.35,4.602,0.001976275,-0.009256537,0.006128853,0.088674605,0.0604626,-9.804652,0.026536432,0.009534651,0.013412364,0.009443383,0,-0.17,0.43,188.642
01:33.3,4,7.46,15.429141,75.01591217,723.736,0.43300552,168.72398,655.35,655.35,4.528,-0.002355563,-0.007983064,0.01141126,0.07783854,0.05542019,-9.804966,0.032747088,0.009542968,0.013075366,0.009284746,0,-0.17,0.43,188.648
01:33.3,4,7.46,15.4291414,75.01591206,723.748,0.41588036,167.53594,655.35,655.35,4.454,0.002648588,-0.010132787,0.010430419,0.08612649,0.05652459,-9.8061405,0.038957744,0.009551284,0.012738368,0.009126108,0,-0.17,0.43,188.654
01:33.3,4,7.46,15.4291418,75.01591195,723.76,0.3987552,166.3479,655.35,655.35,4.38,0.007652739,-0.01228251,0.009449578,0.09441444,0.05762899,-9.807315,0.0451684,0.0095596,0.01240137,0.008967471,0,-0.17,0.43,188.66
01:33.4,4,7.46,15.4291422,75.01591184,723.772,0.38163004,165.15986,655.35,655.35,4.306,0.008480436,-0.011201235,0.007030744,0.09880567,0.05301809,-9.8052945,0.03726393,0.017935212,0.020084976,0.020259901,0,-0.168,0.43,188.658
01:33.4,4,7.46,15.4291426,75.01591173,723.784,0.36450488,163.97182,655.35,655.35,4.232,0.009308133,-0.01011996,0.00461191,0.1031969,0.04840719,-9.803274,0.02935946,0.026310824,0.027768582,0.031552331,0,-0.166,0.43,188.656
01:33.4,4,7.46,15.429143,75.01591162,723.796,0.34737972,162.78378,655.35,655.35,4.158,0.008162765,-0.01075486,0.000437434,0.09397015,0.04723489,-9.8032115,0.02145499,0.034686436,0.035452188,0.04284476,0,-0.164,0.43,188.654
01:33.4,4,7.46,15.4291434,75.01591151,723.808,0.33025456,161.59574,655.35,655.35,4.084,0.007017397,-0.01138976,-0.003737042,0.0847434,0.04606259,-9.803149,0.01355052,0.043062048,0.043135794,0.05413719,0,-0.162,0.43,188.652
01:33.4,4,7.46,15.4291438,75.0159114,723.82,0.3131294,160.4077,655.35,655.35,4.01,0.010626124,-0.012869035,-0.008473836,0.0925964,0.044837195,-9.801906,0.00564605,0.05143766,0.0508194,0.06542962,0,-0.16,0.43,188.65
01:33.5,4,7.46,15.4291441,75.01591128,723.819,0.290544576,146.168907,655.35,655.35,3.898,0.01423485,-0.01434831,-0.01321063,0.1004494,0.0436118,-9.800663,0.01467973,0.099880848,0.17165488,0.122089856,0,-0.16,0.43,188.652
01:33.5,4,7.46,15.4291444,75.01591116,723.818,0.267959752,131.930114,655.35,655.35,3.786,0.012839565,-0.011499125,-0.00428821,0.09630252,0.05980557,-9.80213,0.02371341,0.148324036,0.29249036,0.178750092,0,-0.16,0.43,188.654
01:33.5,4,7.46,15.4291447,75.01591104,723.817,0.245374928,117.691321,655.35,655.35,3.674,0.01144428,-0.00864994,0.004634209,0.09215564,0.07599934,-9.803597,0.03274709,0.196767224,0.41332584,0.235410328,0,-0.16,0.43,188.656
01:33.5,4,7.46,15.429145,75.01591092,723.816,0.222790104,103.452528,655.35,655.35,3.562,0.000949741,-0.00944278,0.010134775,0.09223827,0.0749207,-9.8108555,0.04178077,0.245210412,0.53416132,0.292070564,0,-0.16,0.43,188.658
01:33.5,4,7.46,15.4291453,75.0159108,723.815,0.20020528,89.213735,655.35,655.35,3.45,-0.009544797,-0.01023562,0.01563534,0.0923209,0.07384206,-9.818114,0.05081445,0.2936536,0.6549968,0.3487308,0,-0.16,0.43,188.66
01:33.6,4,7.46,15.4291456,75.01591068,723.814,0.177620456,74.974942,655.35,655.35,3.338,-0.00642323,0.002917675,0.006724958,0.10441315,0.07561316,-9.811054,0.05984813,0.27112734,0.60787556,0.41538622,0,-0.16,0.43,188.658
01:33.6,4,7.46,15.4291459,75.01591056,723.813,0.155035632,60.736149,655.35,655.35,3.226,-0.003301663,0.01607097,-0.002185425,0.1165054,0.07738426,-9.803994,0.06888181,0.24860108,0.56075432,0.48204164,0,-0.16,0.43,188.656
01:33.6,4,7.46,15.4291462,75.01591044,723.812,0.132450808,46.497356,655.35,655.35,3.114,0.003325462,0.0022033,-0.005719789,0.11303175,0.07041454,-9.799929,0.07791549,0.22607482,0.51363308,0.54869706,0,-0.16,0.43,188.654
01:33.6,4,7.46,15.4291465,75.01591032,723.811,0.109865984,32.258563,655.35,655.35,3.002,0.009952587,-0.01166437,-0.009254153,0.1095581,0.06344482,-9.795864,0.08694917,0.20354856,0.46651184,0.61535248,0,-0.16,0.43,188.652
01:33.6,4,7.46,15.4291468,75.0159102,723.81,0.08728116,18.01977,655.35,655.35,2.89,0.004626826,-0.005014126,-0.003679795,0.0902314,0.058680855,-9.8015,0.09598285,0.1810223,0.4193906,0.6820079,0,-0.16,0.43,188.65
01:33.7,4,7.46,15.42914701,75.01591008,723.806,0.105158494,16.9302946,655.35,655.35,2.996,-0.000698934,0.001636119,0.001894562,0.0709047,0.05391689,-9.807136,0.07565707,0.18516732,0.42144226,0.63487596,0,-0.16,0.43,188.652
01:33.7,4,7.46,15.42914722,75.01590996,723.802,0.123035828,15.8408192,655.35,655.35,3.102,0.012249398,-0.013521365,0.002292403,0.0883547,0.06841123,-9.8023365,0.05533129,0.18931234,0.42349392,0.58774402,0,-0.16,0.43,188.654
01:33.7,4,7.46,15.42914743,75.01590984,723.798,0.140913162,14.7513438,655.35,655.35,3.208,0.02519773,-0.02867885,0.002690244,0.1058047,0.08290557,-9.797537,0.03500551,0.19345736,0.42554558,0.54061208,0,-0.16,0.43,188.656
01:33.7,4,7.46,15.42914764,75.01590972,723.794,0.158790496,13.6618684,655.35,655.35,3.314,0.010292223,-0.020759535,0.001810023,0.1047066,0.070959295,-9.8007465,0.01467973,0.19760238,0.42759724,0.49348014,0,-0.16,0.43,188.658
01:33.7,4,7.46,15.42914785,75.0159096,723.79,0.17666783,12.572393,655.35,655.35,3.42,-0.004613285,-0.01284022,0.000929803,0.1036085,0.05901302,-9.803956,-0.00564605,0.2017474,0.4296489,0.4463482,0,-0.16,0.43,188.66
01:33.8,4,7.46,15.42914806,75.01590948,723.786,0.194545164,11.4829176,655.35,655.35,3.526,-0.00192264,-0.010451213,0.001054485,0.1085837,0.05604281,-9.7949015,0.014115124,0.21512882,0.46927068,0.49264632,0,-0.158,0.428,188.654
01:33.8,4,7.46,15.42914827,75.01590936,723.782,0.212422498,10.3934422,655.35,655.35,3.632,0.000768005,-0.008062205,0.001179168,0.1135589,0.0530726,-9.785847,0.033876298,0.22851024,0.50889246,0.53894444,0,-0.156,0.426,188.648
01:33.8,4,7.46,15.42914848,75.01590924,723.778,0.230299832,9.3039668,655.35,655.35,3.738,-0.00032497,-0.004814539,-0.00301936,0.098167155,0.0468707,-9.7924285,0.053637472,0.24189166,0.54851424,0.58524256,0,-0.154,0.424,188.642
01:33.8,4,7.46,15.42914869,75.01590912,723.774,0.248177166,8.2144914,655.35,655.35,3.844,-0.001417946,-0.001566872,-0.007217888,0.08277541,0.0406688,-9.79901,0.073398646,0.25527308,0.58813602,0.63154068,0,-0.152,0.422,188.636
01:33.8,4,7.46,15.4291489,75.015909,723.77,0.2660545,7.125016,655.35,655.35,3.95,-0.002813434,0.004978054,-0.004221829,0.117402955,0.07114115,-9.7965275,0.09315982,0.2686545,0.6277578,0.6778388,0,-0.15,0.42,188.63
01:33.9,4,7.46,15.4291491,75.01590891,723.773,0.249425523,12.6018874,655.35,655.35,3.773,-0.004208921,0.01152298,-0.00122577,0.1520305,0.1016135,-9.794045,0.056460496,0.26599044,0.69326518,0.67116728,0,-0.15,0.418,188.634
01:33.9,4,7.46,15.4291493,75.01590882,723.776,0.232796546,18.0787588,655.35,655.35,3.596,0.00470772,0.003458408,0.0068768,0.121437325,0.08642259,-9.79788,0.019761172,0.26332638,0.75877256,0.66449576,0,-0.15,0.416,188.638
01:33.9,4,7.46,15.4291495,75.01590873,723.779,0.216167569,23.5556302,655.35,655.35,3.419,0.01362436,-0.004606165,0.01497937,0.09084415,0.07123168,-9.801715,-0.016938152,0.26066232,0.82427994,0.65782424,0,-0.15,0.414,188.642
01:33.9,4,7.46,15.4291497,75.01590864,723.782,0.199538592,29.0325016,655.35,655.35,3.242,0.011425638,-0.006408687,0.016381455,0.08968115,0.06568049,-9.803308,-0.053637476,0.25799826,0.88978732,0.65115272,0,-0.15,0.412,188.646
01:33.9,4,7.46,15.4291499,75.01590855,723.785,0.182909615,34.509373,655.35,655.35,3.065,0.009226915,-0.00821121,0.01778354,0.08851815,0.0601293,-9.804901,-0.0903368,0.2553342,0.9552947,0.6444812,0,-0.15,0.41,188.65
01:34.0,4,7.46,15.4291501,75.01590846,723.788,0.166280638,39.9862444,655.35,655.35,2.888,0.003242288,-0.006494835,0.013754804,0.096365775,0.050384135,-9.8064725,-0.05137906,0.28492018,0.92160624,0.65625806,0,-0.152,0.41,188.65
01:34.0,4,7.46,15.4291503,75.01590837,723.791,0.149651661,45.4631158,655.35,655.35,2.711,-0.00274234,-0.00477846,0.009726067,0.1042134,0.04063897,-9.808044,-0.01242132,0.31450616,0.88791778,0.66803492,0,-0.154,0.41,188.65
01:34.0,4,7.46,15.4291505,75.01590828,723.794,0.133022684,50.9399872,655.35,655.35,2.534,-0.003021078,-0.005270602,0.002412033,0.10151675,0.04885671,-9.807703,0.02653642,0.34409214,0.85422932,0.67981178,0,-0.156,0.41,188.65
01:34.0,4,7.46,15.4291507,75.01590819,723.797,0.116393707,56.4168586,655.35,655.35,2.357,-0.003299815,-0.005762744,-0.004902001,0.0988201,0.05707445,-9.807362,0.06549416,0.37367812,0.82054086,0.69158864,0,-0.158,0.41,188.65
01:34.0,4,7.46,15.4291509,75.0159081,723.8,0.09976473,61.89373,655.35,655.35,2.18,0.010004443,-0.007511945,-0.008305041,0.097609465,0.050315395,-9.8100055,0.1044519,0.4032641,0.7868524,0.7033655,0,-0.16,0.41,188.65
01:34.1,4,7.46,15.42915103,75.01590805,723.802,0.125115447,72.462027,655.35,655.35,2.328,0.0233087,-0.009261146,-0.01170808,0.09639883,0.04355634,-9.812649,0.07565705,0.38734698,0.72980252,0.69087222,0,-0.158,0.41,188.64
01:34.1,4,7.46,15.42915116,75.015908,723.804,0.150466164,83.030324,655.35,655.35,2.476,0.009875766,-0.000584928,-0.01109162,0.09640145,0.05335517,-9.8201925,0.0468622,0.37142986,0.67275264,0.67837894,0,-0.156,0.41,188.63
01:34.1,4,7.46,15.42915129,75.01590795,723.806,0.175816881,93.598621,655.35,655.35,2.624,-0.003557168,0.008091289,-0.01047516,0.09640407,0.063154,-9.827736,0.01806735,0.35551274,0.61570276,0.66588566,0,-0.154,0.41,188.62
01:34.1,4,7.46,15.42915142,75.0159079,723.808,0.201167598,104.166918,655.35,655.35,2.772,0.000160452,-0.003296536,-0.005386334,0.098488485,0.064360145,-9.8206645,-0.0107275,0.33959562,0.55865288,0.65339238,0,-0.152,0.41,188.61
01:34.1,4,7.46,15.42915155,75.01590785,723.81,0.226518315,114.735215,655.35,655.35,2.92,0.003878071,-0.01468436,-0.000297508,0.1005729,0.06556629,-9.813593,-0.03952235,0.3236785,0.501603,0.6408991,0,-0.15,0.41,188.6
01:34.2,4,7.46,15.42915168,75.0159078,723.812,0.251869032,125.303512,655.35,655.35,3.068,0.004825018,-0.01527694,0.003320509,0.091961355,0.05543717,-9.819691,-0.05307286,0.30074354,0.50567754,0.63006204,0,-0.148,0.41,188.61
01:34.2,4,7.46,15.42915181,75.01590775,723.814,0.277219749,135.871809,655.35,655.35,3.216,0.005771964,-0.01586952,0.006938526,0.08334981,0.04530805,-9.825789,-0.06662337,0.27780858,0.50975208,0.61922498,0,-0.146,0.41,188.62
01:34.2,4,7.46,15.42915194,75.0159077,723.816,0.302570466,146.440106,655.35,655.35,3.364,0.012230882,-0.020809045,0.004732795,0.092600355,0.050829435,-9.827157,-0.08017388,0.25487362,0.51382662,0.60838792,0,-0.144,0.41,188.63
01:34.2,4,7.46,15.42915207,75.01590765,723.818,0.327921183,157.008403,655.35,655.35,3.512,0.0186898,-0.02574857,0.002527063,0.1018509,0.05635082,-9.828525,-0.09372439,0.23193866,0.51790116,0.59755086,0,-0.142,0.41,188.64
01:34.2,4,7.46,15.4291522,75.0159076,723.82,0.3532719,167.5767,655.35,655.35,3.66,0.015011295,-0.027226595,0.000215667,0.10237085,0.047460775,-9.8301415,-0.1072749,0.2090037,0.5219757,0.5867138,0,-0.14,0.41,188.65
01:34.3,4,7.46,15.42915233,75.01590756,723.818,0.3396032,166.36369,655.35,655.35,3.633,0.01133279,-0.02870462,-0.002095729,0.1028908,0.03857073,-9.831758,-0.11179174,0.21668452,0.5267568,0.57972808,0,-0.138,0.406,188.642
01:34.3,4,7.46,15.42915246,75.01590752,723.816,0.3259345,165.15068,655.35,655.35,3.606,0.011028795,-0.034828085,-0.007268585,0.10305515,0.049484335,-9.8232665,-0.11630858,0.22436534,0.5315379,0.57274236,0,-0.136,0.402,188.634
01:34.3,4,7.46,15.42915259,75.01590748,723.814,0.3122658,163.93767,655.35,655.35,3.579,0.0107248,-0.04095155,-0.01244144,0.1032195,0.06039794,-9.814775,-0.12082542,0.23204616,0.536319,0.56575664,0,-0.134,0.398,188.626
01:34.3,4,7.46,15.42915272,75.01590744,723.812,0.2985971,162.72466,655.35,655.35,3.552,0.0124388,-0.030803215,-0.010719956,0.12454025,0.07028766,-9.810504,-0.12534226,0.23972698,0.5411001,0.55877092,0,-0.132,0.394,188.618
01:34.3,4,7.46,15.42915285,75.0159074,723.81,0.2849284,161.51165,655.35,655.35,3.525,0.0141528,-0.02065488,-0.008998471,0.145861,0.08017738,-9.806233,-0.1298591,0.2474078,0.5458812,0.5517852,0,-0.13,0.39,188.61
01:34.4,4,7.46,15.42915298,75.01590736,723.808,0.2712597,160.29864,655.35,655.35,3.498,0.01224203,-0.027115165,-0.00301183,0.12100435,0.07921082,-9.8068425,-0.1626062,0.25680928,0.64337616,0.55135048,0,-0.128,0.39,188.614
01:34.4,4,7.46,15.42915311,75.01590732,723.806,0.257591,159.08563,655.35,655.35,3.471,0.01033126,-0.03357545,0.002974811,0.0961477,0.07824426,-9.807452,-0.1953533,0.26621076,0.74087112,0.55091576,0,-0.126,0.39,188.618
01:34.4,4,7.46,15.42915324,75.01590728,723.804,0.2439223,157.87262,655.35,655.35,3.444,0.00679583,-0.036641535,0.007595621,0.096775015,0.069109245,-9.7964615,-0.2281004,0.27561224,0.83836608,0.55048104,0,-0.124,0.39,188.622
01:34.4,4,7.46,15.42915337,75.01590724,723.802,0.2302536,156.65961,655.35,655.35,3.417,0.003260399,-0.03970762,0.01221643,0.09740233,0.05997423,-9.785471,-0.2608475,0.28501372,0.93586104,0.55004632,0,-0.122,0.39,188.626
01:34.4,4,7.46,15.4291535,75.0159072,723.8,0.2165849,155.4466,655.35,655.35,3.39,0.005734468,-0.032934055,0.014876795,0.097451385,0.0542805,-9.792038,-0.2935946,0.2944152,1.033356,0.5496116,0,-0.12,0.39,188.63
01:34.5,4,7.46,15.4291536,75.01590718,723.799,0.22329629,157.27461,655.35,655.35,3.413,0.008208536,-0.02616049,0.01753716,0.09750044,0.04858677,-9.798605,-0.2721396,0.32889484,0.99896596,0.57489948,0,-0.124,0.394,188.636
01:34.5,4,7.46,15.4291537,75.01590716,723.798,0.23000768,159.10262,655.35,655.35,3.436,0.005700918,-0.008818437,0.013282098,0.088280745,0.048449345,-9.7982215,-0.2506846,0.36337448,0.96457592,0.60018736,0,-0.128,0.398,188.642
01:34.5,4,7.46,15.4291538,75.01590714,723.797,0.23671907,160.93063,655.35,655.35,3.459,0.003193299,0.008523616,0.009027036,0.07906105,0.04831192,-9.797838,-0.2292296,0.39785412,0.93018588,0.62547524,0,-0.132,0.402,188.648
01:34.5,4,7.46,15.4291539,75.01590712,723.796,0.24343046,162.75864,655.35,655.35,3.482,-0.011658636,0.027634283,0.002873199,0.08531101,0.03325964,-9.811803,-0.2077746,0.43233376,0.89579584,0.65076312,0,-0.136,0.406,188.654
01:34.5,4,7.46,15.429154,75.0159071,723.795,0.25014185,164.58665,655.35,655.35,3.505,-0.02651057,0.04674495,-0.003280638,0.09156097,0.01820736,-9.825768,-0.1863196,0.4668134,0.8614058,0.676051,0,-0.14,0.41,188.66
01:34.6,4,7.46,15.4291541,75.01590708,723.794,0.25685324,166.41466,655.35,655.35,3.528,0.00235996,0.003742915,-0.004006967,0.079345945,0.03742235,-9.8186445,-0.17954434,0.59606532,0.97551004,0.858826,0,-0.146,0.416,188.654
01:34.6,4,7.46,15.4291542,75.01590706,723.793,0.26356463,168.24267,655.35,655.35,3.551,0.03123049,-0.03925912,-0.004733295,0.06713092,0.05663734,-9.811521,-0.17276908,0.72531724,1.08961428,1.041601,0,-0.152,0.422,188.648
01:34.6,4,7.46,15.4291543,75.01590704,723.792,0.27027602,170.07068,655.35,655.35,3.574,0.028990235,-0.053872025,-0.004639614,0.12312436,0.07819075,-9.814307,-0.16599382,0.85456916,1.20371852,1.224376,0,-0.158,0.428,188.642
01:34.6,4,7.46,15.4291544,75.01590702,723.791,0.27698741,171.89869,655.35,655.35,3.597,0.02674998,-0.06848493,-0.004545933,0.1791178,0.09974416,-9.817093,-0.15921856,0.98382108,1.31782276,1.407151,0,-0.164,0.434,188.636
01:34.6,4,7.46,15.4291545,75.015907,723.79,0.2836988,173.7267,655.35,655.35,3.62,0.005320695,-0.043114305,0.016792684,0.121747745,0.0746706,-9.8216325,-0.1524433,1.113073,1.431927,1.589926,0,-0.17,0.44,188.63
01:34.7,4,7.462,15.42915463,75.01590699,723.795,0.27730732,176.23875,655.35,655.35,3.593,-0.01610859,-0.01774368,0.0381313,0.06437769,0.04959704,-9.826172,-0.15357252,1.4333036,1.4719328,1.8814086,0,-0.16,0.426,188.646
01:34.7,4,7.464,15.42915476,75.01590698,723.8,0.27091584,178.7508,655.35,655.35,3.566,-0.004654115,0.00640724,0.020271868,0.105407545,0.067998955,-9.8001535,-0.15470174,1.7535342,1.5119386,2.1728912,0,-0.15,0.412,188.662
01:34.7,4,7.466,15.42915489,75.01590697,723.805,0.26452436,181.26285,655.35,655.35,3.539,0.00680036,0.03055816,0.002412435,0.1464374,0.08640087,-9.774135,-0.15583096,2.0737648,1.5519444,2.4643738,0,-0.14,0.398,188.678
01:34.7,4,7.468,15.42915502,75.01590696,723.81,0.25813288,183.7749,655.35,655.35,3.512,0.015925915,-0.03510932,0.012633483,0.087649695,0.050150675,-9.7968955,-0.15696018,2.3939954,1.5919502,2.7558564,0,-0.13,0.384,188.694
01:34.7,4,7.47,15.42915515,75.01590695,723.815,0.2517414,186.28695,655.35,655.35,3.485,0.02505147,-0.1007768,0.02285453,0.02886199,0.01390048,-9.819656,-0.1580894,2.714226,1.631956,3.047339,0,-0.12,0.37,188.71
01:34.8,4,7.472,15.42915528,75.01590694,723.82,0.24534992,188.799,655.35,655.35,3.458,0.02941927,-0.09929006,-0.00370455,0.073051445,0.016274545,-9.783479,-0.17615676,2.673143,1.6124202,3.0667994,0,-0.126,0.384,188.696
01:34.8,4,7.474,15.42915541,75.01590693,723.825,0.23895844,191.31105,655.35,655.35,3.431,0.03378707,-0.09780332,-0.03026363,0.1172409,0.01864861,-9.747302,-0.19422412,2.63206,1.5928844,3.0862598,0,-0.132,0.398,188.682
01:34.8,4,7.476,15.42915554,75.01590692,723.83,0.23256696,193.8231,655.35,655.35,3.404,-0.00545528,-0.053064257,-0.025127195,0.11933675,0.02801433,-9.7472975,-0.21229148,2.590977,1.5733486,3.1057202,0,-0.138,0.412,188.668
01:34.8,4,7.478,15.42915567,75.01590691,723.835,0.22617548,196.33515,655.35,655.35,3.377,-0.04469763,-0.008325193,-0.01999076,0.1214326,0.03738005,-9.747293,-0.23035884,2.549894,1.5538128,3.1251806,0,-0.144,0.426,188.654
01:34.8,4,7.48,15.4291558,75.0159069,723.84,0.219784,198.8472,655.35,655.35,3.35,-0.03209173,-0.003029299,-0.027912775,0.18886025,0.095704725,-9.76358,-0.2484262,2.508811,1.534277,3.144641,0,-0.15,0.44,188.64
01:34.9,4,7.48,15.42915594,75.01590685,723.84,0.20841315,210.53887,655.35,655.35,3.171,-0.01948583,0.002266595,-0.03583479,0.2562879,0.1540294,-9.779867,-0.23939252,2.3553036,1.453714,3.020336,0,-0.148,0.438,188.636
01:34.9,4,7.48,15.42915608,75.0159068,723.84,0.1970423,222.23054,655.35,655.35,2.992,-0.028064775,0.012667128,-0.00397092,0.1910049,0.13395505,-9.787492,-0.23035884,2.2017962,1.373151,2.896031,0,-0.146,0.436,188.632
01:34.9,4,7.48,15.42915622,75.01590675,723.84,0.18567145,233.92221,655.35,655.35,2.813,-0.03664372,0.02306766,0.02789295,0.1257219,0.1138807,-9.795117,-0.22132516,2.0482888,1.292588,2.771726,0,-0.144,0.434,188.628
01:34.9,4,7.48,15.42915636,75.0159067,723.84,0.1743006,245.61388,655.35,655.35,2.634,-0.00308128,0.003834525,0.05033628,0.1176975,0.1183685,-9.8013335,-0.21229148,1.8947814,1.212025,2.647421,0,-0.142,0.432,188.624
01:34.9,4,7.48,15.4291565,75.01590665,723.84,0.16292975,257.30555,655.35,655.35,2.455,0.03048116,-0.01539861,0.07277961,0.1096731,0.1228563,-9.80755,-0.2032578,1.741274,1.131462,2.523116,0,-0.14,0.43,188.62
01:35.0,4,7.48,15.42915664,75.0159066,723.84,0.1515589,268.99722,655.35,655.35,2.276,0.018776409,0.012237635,0.06500968,0.12488135,0.05213197,-9.812606,-0.22132516,1.6741664,1.0926159,2.46983,0,-0.134,0.422,188.66
01:35.0,4,7.48,15.42915678,75.01590655,723.84,0.14018805,280.68889,655.35,655.35,2.097,0.007071658,0.03987388,0.05723975,0.1400896,-0.01859236,-9.817662,-0.23939252,1.6070588,1.0537698,2.416544,0,-0.128,0.414,188.7
01:35.0,4,7.48,15.42915692,75.0159065,723.84,0.1288172,292.38056,655.35,655.35,1.918,0.022175174,0.015575791,0.040198405,0.08640247,0.021396865,-9.8138655,-0.25745988,1.5399512,1.0149237,2.363258,0,-0.122,0.406,188.74
01:35.0,4,7.48,15.42915706,75.01590645,723.84,0.11744635,304.07223,655.35,655.35,1.739,0.03727869,-0.008722297,0.02315706,0.03271534,0.06138609,-9.810069,-0.27552724,1.4728436,0.9760776,2.309972,0,-0.116,0.398,188.78
01:35.0,4,7.48,15.4291572,75.0159064,723.84,0.1060755,315.7639,655.35,655.35,1.56,0.03423544,0.006175932,0.004477905,0.08004962,0.014347455,-9.8178565,-0.2935946,1.405736,0.9372315,2.256686,0,-0.11,0.39,188.82
01:35.1,4,7.48,15.42915739,75.01590638,723.844,0.12837707,319.40158,655.35,655.35,1.737,0.03119219,0.02107416,-0.01420125,0.1273839,-0.03269118,-9.825644,-0.27778566,1.4109634,1.0004386,2.2188484,0,-0.116,0.392,188.78
01:35.1,4,7.48,15.42915758,75.01590636,723.848,0.15067864,323.03926,655.35,655.35,1.914,0.028473795,0.024249655,-0.030119625,0.14277955,0.022854435,-9.836489,-0.26197672,1.4161908,1.0636457,2.1810108,0,-0.122,0.394,188.74
01:35.1,4,7.48,15.42915777,75.01590634,723.852,0.17298021,326.67694,655.35,655.35,2.091,0.0257554,0.02742515,-0.046038,0.1581752,0.07840005,-9.847334,-0.24616778,1.4214182,1.1268528,2.1431732,0,-0.128,0.396,188.7
01:35.1,4,7.48,15.42915796,75.01590632,723.856,0.19528178,330.31462,655.35,655.35,2.268,0.03836406,0.015850239,-0.04215408,0.18905805,0.100213625,-9.8311995,-0.23035884,1.4266456,1.1900599,2.1053356,0,-0.134,0.398,188.66
01:35.1,4,7.48,15.42915815,75.0159063,723.86,0.21758335,333.9523,655.35,655.35,2.445,0.05097272,0.004275327,-0.03827016,0.2199409,0.1220272,-9.815065,-0.2145499,1.431873,1.253267,2.067498,0,-0.14,0.4,188.62
01:35.2,4,7.48,15.42915834,75.01590628,723.864,0.23988492,337.58998,655.35,655.35,2.622,0.039810155,-0.005186167,-0.02797291,0.16267955,0.08229213,-9.8171845,-0.23148804,1.3675966,1.17797066,2.0366728,0,-0.138,0.398,188.622
01:35.2,4,7.48,15.42915853,75.01590626,723.868,0.26218649,341.22766,655.35,655.35,2.799,0.02864759,-0.01464766,-0.01767566,0.1054182,0.04255706,-9.819304,-0.24842618,1.3033202,1.10267432,2.0058476,0,-0.136,0.396,188.624
01:35.2,4,7.48,15.42915872,75.01590624,723.872,0.28448806,344.86534,655.35,655.35,2.976,0.03778184,-0.030594965,-0.007635636,0.10387765,0.08360188,-9.785681,-0.26536432,1.2390438,1.02737798,1.9750224,0,-0.134,0.394,188.626
01:35.2,4,7.48,15.42915891,75.01590622,723.876,0.30678963,348.50302,655.35,655.35,3.153,0.04691609,-0.04654227,0.002404389,0.1023371,0.1246467,-9.752058,-0.28230246,1.1747674,0.95208164,1.9441972,0,-0.132,0.392,188.628
01:35.2,4,7.48,15.4291591,75.0159062,723.88,0.3290912,352.1407,655.35,655.35,3.33,0.029360185,-0.00517141,0.022072555,0.1149798,0.083189835,-9.7966025,-0.2992406,1.110491,0.8767853,1.913372,0,-0.13,0.39,188.63
01:35.3,4,7.48,15.42915924,75.01590617,723.881,0.32591775,351.56507,655.35,655.35,3.332,0.01180428,0.03619945,0.04174072,0.1276225,0.04173297,-9.841147,-0.26988114,1.1435306,1.20096464,1.8541902,0,-0.146,0.4,188.694
01:35.3,4,7.48,15.42915938,75.01590614,723.882,0.3227443,350.98944,655.35,655.35,3.334,0.046660625,-0.001846215,0.0446714,0.070637795,0.075240585,-9.8393985,-0.24052168,1.1765702,1.52514398,1.7950084,0,-0.162,0.41,188.758
01:35.3,4,7.48,15.42915952,75.01590611,723.883,0.31957085,350.41381,655.35,655.35,3.336,0.08151697,-0.03989188,0.04760208,0.01365309,0.1087482,-9.83765,-0.21116222,1.2096098,1.84932332,1.7358266,0,-0.178,0.42,188.822
01:35.3,4,7.48,15.42915966,75.01590608,723.884,0.3163974,349.83818,655.35,655.35,3.338,-0.012752615,0.00842812,0.05960105,0.030739235,0.059694035,-9.8610325,-0.18180276,1.2426494,2.17350266,1.6766448,0,-0.194,0.43,188.886
01:35.3,4,7.48,15.4291598,75.01590605,723.885,0.31322395,349.26255,655.35,655.35,3.34,-0.1070222,0.05674812,0.07160002,0.04782538,0.01063987,-9.884415,-0.1524433,1.275689,2.497682,1.617463,0,-0.21,0.44,188.95
01:35.4,4,7.48,15.42915994,75.01590602,723.886,0.3100505,348.68692,655.35,655.35,3.342,-0.03930545,-0.00361806,0.014545575,0.08606149,-0.055851015,-9.8159745,-0.17728592,1.3672594,2.7433254,1.6251294,0,-0.222,0.45,188.956
01:35.4,4,7.48,15.42916008,75.01590599,723.887,0.30687705,348.11129,655.35,655.35,3.344,0.0284113,-0.06398424,-0.04250887,0.1242976,-0.1223419,-9.747534,-0.20212854,1.4588298,2.9889688,1.6327958,0,-0.234,0.46,188.962
01:35.4,4,7.48,15.42916022,75.01590596,723.888,0.3037036,347.53566,655.35,655.35,3.346,-0.012398835,-0.02566743,-0.020804276,0.22759245,-0.014834315,-9.720748,-0.22697116,1.5504002,3.2346122,1.6404622,0,-0.246,0.47,188.968
01:35.4,4,7.48,15.42916036,75.01590593,723.889,0.30053015,346.96003,655.35,655.35,3.348,-0.05320897,0.01264938,0.000900318,0.3308873,0.09267327,-9.693962,-0.25181378,1.6419706,3.4802556,1.6481286,0,-0.258,0.48,188.974
01:35.4,4,7.48,15.4291605,75.0159059,723.89,0.2973567,346.3844,655.35,655.35,3.35,0.047230365,0.0119271,0.005699549,0.210602845,0.107958935,-9.792265,-0.2766564,1.733541,3.725899,1.655795,0,-0.27,0.49,188.98
01:35.5,4,7.48,15.42916047,75.01590589,723.89,0.29792515,329.8405,655.35,655.35,3.394,0.1476697,0.01120482,0.01049878,0.09031839,0.1232446,-9.890568,-0.25858904,1.7280754,3.7779564,1.6863104,0,-0.274,0.504,188.974
01:35.5,4,7.48,15.42916044,75.01590588,723.89,0.2984936,313.2966,655.35,655.35,3.438,0.03174261,-0.001303765,-0.008266085,0.101483045,0.096989985,-9.81674,-0.24052168,1.7226098,3.8300138,1.7168258,0,-0.278,0.518,188.968
01:35.5,4,7.48,15.42916041,75.01590587,723.89,0.29906205,296.7527,655.35,655.35,3.482,-0.08418448,-0.01381235,-0.02703095,0.1126477,0.07073537,-9.742912,-0.22245432,1.7171442,3.8820712,1.7473412,0,-0.282,0.532,188.962
01:35.5,4,7.48,15.42916038,75.01590586,723.89,0.2996305,280.2088,655.35,655.35,3.526,-0.02387669,-0.02649232,-0.010283492,0.15020635,0.119297885,-9.7503395,-0.20438696,1.7116786,3.9341286,1.7778566,0,-0.286,0.546,188.956
01:35.5,4,7.48,15.42916035,75.01590585,723.89,0.30019895,263.6649,655.35,655.35,3.57,0.0364311,-0.03917229,0.006463966,0.187765,0.1678604,-9.757767,-0.1863196,1.706213,3.986186,1.808372,0,-0.29,0.56,188.95
01:35.6,4,7.48,15.42916032,75.01590584,723.89,0.3007674,247.121,655.35,655.35,3.614,-0.006037355,-0.015940127,-0.005745457,0.18387735,0.1350183,-9.7799065,-0.17954434,1.7492438,3.9643808,1.8221184,0,-0.29,0.558,188.962
01:35.6,4,7.48,15.42916029,75.01590583,723.89,0.30133585,230.5771,655.35,655.35,3.658,-0.04850581,0.007292037,-0.01795488,0.1799897,0.1021762,-9.802046,-0.17276908,1.7922746,3.9425756,1.8358648,0,-0.29,0.556,188.974
01:35.6,4,7.48,15.42916026,75.01590582,723.89,0.3019043,214.0332,655.35,655.35,3.702,-0.029122574,0.007265045,0.0115514,0.17337275,0.1268827,-9.795954,-0.16599382,1.8353054,3.9207704,1.8496112,0,-0.29,0.554,188.986
01:35.6,4,7.48,15.42916023,75.01590581,723.89,0.30247275,197.4893,655.35,655.35,3.746,-0.009739338,0.007238052,0.04105768,0.1667558,0.1515892,-9.789862,-0.15921856,1.8783362,3.8989652,1.8633576,0,-0.29,0.552,188.998
01:35.6,4,7.48,15.4291602,75.0159058,723.89,0.3030412,180.9454,655.35,655.35,3.79,0.014283751,0.003572019,0.04669841,0.20251085,0.1730714,-9.819592,-0.1524433,1.921367,3.87716,1.877104,0,-0.29,0.55,189.01
01:35.7,4,7.48,15.42916027,75.01590581,723.895,0.29367055,178.30452,655.35,655.35,3.777,0.03830684,-9.40E-05,0.05233914,0.2382659,0.1945536,-9.849322,-0.15018488,1.9173408,3.8168076,1.97094,0,-0.298,0.56,189.024
01:35.7,4,7.48,15.42916034,75.01590582,723.9,0.2842999,175.66364,655.35,655.35,3.764,0.038802845,-0.011253457,0.01735967,0.1800264,0.14291667,-9.8037335,-0.14792646,1.9133146,3.7564552,2.064776,0,-0.306,0.57,189.038
01:35.7,4,7.48,15.42916041,75.01590583,723.905,0.27492925,173.02276,655.35,655.35,3.751,0.03929885,-0.0224129,-0.0176198,0.1217869,0.09127974,-9.758145,-0.14566804,1.9092884,3.6961028,2.158612,0,-0.314,0.58,189.052
01:35.7,4,7.48,15.42916048,75.01590584,723.91,0.2655586,170.38188,655.35,655.35,3.738,-0.0019366,-0.01841656,-0.019785365,0.11979355,0.02415228,-9.820344,-0.14340962,1.9052622,3.6357504,2.252448,0,-0.322,0.59,189.066
01:35.7,4,7.48,15.42916055,75.01590585,723.915,0.25618795,167.741,655.35,655.35,3.725,-0.04317205,-0.01442022,-0.02195093,0.1178002,-0.04297518,-9.882543,-0.1411512,1.901236,3.575398,2.346284,0,-0.33,0.6,189.08
01:35.8,4,7.48,15.42916062,75.01590586,723.92,0.2468173,165.10012,655.35,655.35,3.712,-0.01412293,-0.003296694,0.004299085,0.09870946,0.020263255,-9.8375785,-0.111227145,1.914009,3.628734,2.4336056,0,-0.348,0.608,189.096
01:35.8,4,7.48,15.42916069,75.01590587,723.925,0.23744665,162.45924,655.35,655.35,3.699,0.01492619,0.007826832,0.0305491,0.07961872,0.08350169,-9.792614,-0.08130309,1.926782,3.68207,2.5209272,0,-0.366,0.616,189.112
01:35.8,4,7.48,15.42916076,75.01590588,723.93,0.228076,159.81836,655.35,655.35,3.686,-0.004015995,-0.012756174,0.019347865,0.06802446,0.072128875,-9.854165,-0.051379035,1.939555,3.735406,2.6082488,0,-0.384,0.624,189.128
01:35.8,4,7.48,15.42916083,75.01590589,723.935,0.21870535,157.17748,655.35,655.35,3.673,-0.02295818,-0.03333918,0.008146629,0.0564302,0.06075606,-9.915716,-0.02145498,1.952328,3.788742,2.6955704,0,-0.402,0.632,189.144
01:35.8,4,7.48,15.4291609,75.0159059,723.94,0.2093347,154.5366,655.35,655.35,3.66,-0.022888415,-0.00250321,0.0474838,0.07208466,0.08755933,-9.8268805,0.008469075,1.965101,3.842078,2.782892,0,-0.42,0.64,189.16
01:35.9,4,7.48,15.42916084,75.01590589,723.934,0.2248059,157.82472,655.35,655.35,3.673,-0.02281865,0.02833276,0.08682097,0.08773912,0.1143626,-9.738045,0.00451684,1.9732674,3.6611894,2.76141,0,-0.414,0.648,189.228
01:35.9,4,7.48,15.42916078,75.01590588,723.928,0.2402771,161.11284,655.35,655.35,3.686,-0.01944531,-0.00282086,0.08734814,0.12991946,0.12197505,-9.764028,0.000564605,1.9814338,3.4803008,2.739928,0,-0.408,0.656,189.296
01:35.9,4,7.48,15.42916072,75.01590587,723.922,0.2557483,164.40096,655.35,655.35,3.699,-0.01607197,-0.03397448,0.08787531,0.1720998,0.1295875,-9.790011,-0.00338763,1.9896002,3.2994122,2.718446,0,-0.402,0.664,189.364
01:35.9,4,7.48,15.42916066,75.01590586,723.916,0.2712195,167.68908,655.35,655.35,3.712,-0.008401069,-0.030500555,0.05363798,0.27578095,0.1314474,-9.7576585,-0.007339865,1.9977666,3.1185236,2.696964,0,-0.396,0.672,189.432
01:35.9,4,7.48,15.4291606,75.01590585,723.91,0.2866907,170.9772,655.35,655.35,3.725,-0.000730168,-0.02702663,0.01940065,0.3794621,0.1333073,-9.725306,-0.0112921,2.005933,2.937635,2.675482,0,-0.39,0.68,189.5
01:36.0,4,7.48,15.42916054,75.01590584,723.904,0.3021619,174.26532,655.35,655.35,3.738,0.024079731,-0.013166819,0.04200553,0.2707829,0.1421687,-9.763862,-0.01580894,1.9331554,3.116435,2.6083,0,-0.402,0.686,189.538
01:36.0,4,7.48,15.42916048,75.01590583,723.898,0.3176331,177.55344,655.35,655.35,3.751,0.04888963,0.000692992,0.06461041,0.1621037,0.1510301,-9.802418,-0.02032578,1.8603778,3.295235,2.541118,0,-0.414,0.692,189.576
01:36.0,4,7.48,15.42916042,75.01590582,723.892,0.3331043,180.84156,655.35,655.35,3.764,0.007140555,0.010357296,0.05066725,0.16924,0.13536515,-9.80409,-0.02484262,1.7876002,3.474035,2.473936,0,-0.426,0.698,189.614
01:36.0,4,7.48,15.42916036,75.01590581,723.886,0.3485755,184.12968,655.35,655.35,3.777,-0.03460852,0.0200216,0.03672409,0.1763763,0.1197002,-9.805762,-0.02935946,1.7148226,3.652835,2.406754,0,-0.438,0.704,189.652
01:36.0,4,7.48,15.4291603,75.0159058,723.88,0.3640467,187.4178,655.35,655.35,3.79,0.023062515,0.00270493,0.0398224,0.1833563,0.1784008,-9.7826005,-0.0338763,1.642045,3.831635,2.339572,0,-0.45,0.71,189.69
01:36.1,4,7.48,15.42916037,75.01590581,723.891,0.34974769,186.80563,655.35,655.35,3.778,0.08073355,-0.01461174,0.04292071,0.1903363,0.2371014,-9.759439,-0.05194366,1.7805554,3.9222368,2.3806248,0,-0.436,0.702,189.714
01:36.1,4,7.48,15.42916044,75.01590582,723.902,0.33544868,186.19346,655.35,655.35,3.766,0.003756825,-0.01458323,0.033563415,0.18763225,0.152218695,-9.8066475,-0.07001102,1.9190658,4.0128386,2.4216776,0,-0.422,0.694,189.738
01:36.1,4,7.48,15.42916051,75.01590583,723.913,0.32114967,185.58129,655.35,655.35,3.754,-0.0732199,-0.01455472,0.02420612,0.1849282,0.06733599,-9.853856,-0.08807838,2.0575762,4.1034404,2.4627304,0,-0.408,0.686,189.762
01:36.1,4,7.48,15.42916058,75.01590584,723.924,0.30685066,184.96912,655.35,655.35,3.742,-0.033426901,-0.01414326,0.002132435,0.1591406,0.06973806,-9.826589,-0.10614574,2.1960866,4.1940422,2.5037832,0,-0.394,0.678,189.786
01:36.1,4,7.48,15.42916065,75.01590585,723.935,0.29255165,184.35695,655.35,655.35,3.73,0.006366098,-0.0137318,-0.01994125,0.133353,0.07214013,-9.799322,-0.1242131,2.334597,4.284644,2.544836,0,-0.38,0.67,189.81
01:36.2,4,7.48,15.42916072,75.01590586,723.946,0.27825264,183.74478,655.35,655.35,3.718,0.015451274,-0.02047819,0.011786805,0.20276715,0.145834815,-9.7926055,-0.08807838,2.2658274,4.2100766,2.590637,0,-0.394,0.678,189.84
01:36.2,4,7.48,15.42916079,75.01590587,723.957,0.26395363,183.13261,655.35,655.35,3.706,0.02453645,-0.02722458,0.04351486,0.2721813,0.2195295,-9.785889,-0.05194366,2.1970578,4.1355092,2.636438,0,-0.408,0.686,189.87
01:36.2,4,7.48,15.42916086,75.01590588,723.968,0.24965462,182.52044,655.35,655.35,3.694,-0.006925935,-0.00696402,0.04841573,0.21111305,0.145066245,-9.795155,-0.01580894,2.1282882,4.0609418,2.682239,0,-0.422,0.694,189.9
01:36.2,4,7.48,15.42916093,75.01590589,723.979,0.23535561,181.90827,655.35,655.35,3.682,-0.03838832,0.01329654,0.0533166,0.1500448,0.07060299,-9.804421,0.02032578,2.0595186,3.9863744,2.72804,0,-0.436,0.702,189.93
01:36.2,4,7.48,15.429161,75.0159059,723.99,0.2210566,181.2961,655.35,655.35,3.67,-0.00015635,-0.01267267,0.0835133,0.15233535,0.119772845,-9.8005945,0.0564605,1.990749,3.911807,2.773841,0,-0.45,0.71,189.96
01:36.3,4,7.48,15.42916114,75.01590589,723.996,0.21874614,197.64352,655.35,655.35,3.68,0.03807562,-0.03864188,0.11371,0.1546259,0.1689427,-9.796768,0.045733005,1.990137,3.7231056,2.7930592,0,-0.438,0.698,190.034
01:36.3,4,7.48,15.42916128,75.01590588,724.002,0.21643568,213.99094,655.35,655.35,3.69,0.00915034,-0.02737479,0.08472979,0.174882,0.09476952,-9.781284,0.03500551,1.989525,3.5344042,2.8122774,0,-0.426,0.686,190.108
01:36.3,4,7.48,15.42916142,75.01590587,724.008,0.21412522,230.33836,655.35,655.35,3.7,-0.01977494,-0.0161077,0.05574958,0.1951381,0.02059634,-9.7658,0.024278015,1.988913,3.3457028,2.8314956,0,-0.414,0.674,190.182
01:36.3,4,7.48,15.42916156,75.01590586,724.014,0.21181476,246.68578,655.35,655.35,3.71,0.018896405,-0.013892855,0.0334928,0.1547867,0.04289947,-9.7901415,0.01355052,1.988301,3.1570014,2.8507138,0,-0.402,0.662,190.256
01:36.3,4,7.48,15.4291617,75.01590585,724.02,0.2095043,263.0332,655.35,655.35,3.72,0.05756775,-0.01167801,0.01123602,0.1144353,0.0652026,-9.814483,0.002823025,1.987689,2.9683,2.869932,0,-0.39,0.65,190.33
01:36.4,4,7.48,15.42916184,75.01590584,724.026,0.20719384,279.38062,655.35,655.35,3.73,0.041061545,-0.03227191,0.03056825,0.1544562,0.10043565,-9.7418145,0.0231488,1.9413956,2.9902856,2.7949392,0,-0.396,0.654,190.372
01:36.4,4,7.48,15.42916198,75.01590583,724.032,0.20488338,295.72804,655.35,655.35,3.74,0.02455534,-0.05286581,0.04990048,0.1944771,0.1356687,-9.669146,0.043474575,1.8951022,3.0122712,2.7199464,0,-0.402,0.658,190.414
01:36.4,4,7.48,15.42916212,75.01590582,724.038,0.20257292,312.07546,655.35,655.35,3.75,0.012051366,-0.001685885,0.05924959,0.22829925,0.16092625,-9.791686,0.06380035,1.8488088,3.0342568,2.6449536,0,-0.408,0.662,190.456
01:36.4,4,7.48,15.42916226,75.01590581,724.044,0.20026246,328.42288,655.35,655.35,3.76,-0.000452608,0.04949404,0.0685987,0.2621214,0.1861838,-9.914226,0.084126125,1.8025154,3.0562424,2.5699608,0,-0.414,0.666,190.498
01:36.4,4,7.48,15.4291624,75.0159058,724.05,0.197952,344.7703,655.35,655.35,3.77,0.023666091,-0.018139235,0.055099825,0.24328625,0.1638774,-9.832397,0.1044519,1.756222,3.078228,2.494968,0,-0.42,0.67,190.54
01:36.5,4,7.482,15.42916248,75.01590579,724.049,0.19595933,311.657865,655.35,655.35,3.749,0.04778479,-0.08577251,0.04160095,0.2244511,0.141571,-9.750568,0.11348558,1.840807,3.3978496,2.7388046,0,-0.426,0.67,190.66
01:36.5,4,7.484,15.42916256,75.01590578,724.048,0.19396666,278.54543,655.35,655.35,3.728,0.039755055,-0.000461115,0.078793725,0.19802135,0.09365586,-9.894924,0.12251926,1.925392,3.7174712,2.9826412,0,-0.432,0.67,190.78
01:36.5,4,7.486,15.42916264,75.01590577,724.047,0.19197399,245.432995,655.35,655.35,3.707,0.03172532,0.08485028,0.1159865,0.1715916,0.04574072,-10.03928,0.13155294,2.009977,4.0370928,3.2264778,0,-0.438,0.67,190.9
01:36.5,4,7.488,15.42916272,75.01590576,724.046,0.18998132,212.32056,655.35,655.35,3.686,0.035022795,0.017292305,0.168767,0.17478855,0.08839876,-9.8240445,0.14058662,2.094562,4.3567144,3.4703144,0,-0.444,0.67,191.02
01:36.5,4,7.49,15.4291628,75.01590575,724.045,0.18798865,179.208125,655.35,655.35,3.665,0.03832027,-0.05026567,0.2215475,0.1779855,0.1310568,-9.608809,0.1496203,2.179147,4.676336,3.714151,0,-0.45,0.67,191.14
01:36.6,4,7.492,15.42916288,75.01590574,724.044,0.18599598,146.09569,655.35,655.35,3.644,0.00897127,0.040964615,0.29552115,0.121385775,0.05693956,-9.7678345,0.14397426,2.4549216,4.9124276,3.9000736,0,-0.44,0.672,191.546
01:36.6,4,7.494,15.42916296,75.01590573,724.043,0.18400331,112.983255,655.35,655.35,3.623,-0.02037773,0.1321949,0.3694948,0.06478605,-0.01717768,-9.92686,0.13832822,2.7306962,5.1485192,4.0859962,0,-0.43,0.674,191.952
01:36.6,4,7.496,15.42916304,75.01590572,724.042,0.18201064,79.87082,655.35,655.35,3.602,-0.009653794,0.02503846,0.36298765,0.172036575,-0.033852625,-9.8305895,0.13268218,3.0064708,5.3846108,4.2719188,0,-0.42,0.676,192.358
01:36.6,4,7.498,15.42916312,75.01590571,724.041,0.18001797,46.758385,655.35,655.35,3.581,0.001070142,-0.08211798,0.3564805,0.2792871,-0.05052757,-9.734319,0.12703614,3.2822454,5.6207024,4.4578414,0,-0.41,0.678,192.764
01:36.6,4,7.5,15.4291632,75.0159057,724.04,0.1780253,13.64595,655.35,655.35,3.56,0.004065779,0.02519026,0.41011025,0.21116855,-0.083375735,-9.839637,0.1213901,3.55802,5.856794,4.643764,0,-0.4,0.68,193.17
01:36.7,4,7.5,15.4291633,75.0159057,724.045,0.17992277,12.281355,655.35,655.35,3.587,0.007061416,0.1324985,0.46374,0.14305,-0.1162239,-9.944955,0.14905574,3.5599854,5.8958558,4.8461764,0,-0.428,0.722,193.732
01:36.7,4,7.5,15.4291634,75.0159057,724.05,0.18182024,10.91676,655.35,655.35,3.614,0.026591648,0.069550271,0.4770156,0.15867775,-0.08738267,-9.8391695,0.17672138,3.5619508,5.9349176,5.0485888,0,-0.456,0.764,194.294
01:36.7,4,7.5,15.4291635,75.0159057,724.055,0.18371771,9.552165,655.35,655.35,3.641,0.04612188,0.006602042,0.4902912,0.1743055,-0.05854144,-9.733384,0.20438702,3.5639162,5.9739794,5.2510012,0,-0.484,0.806,194.856
01:36.7,4,7.5,15.4291636,75.0159057,724.06,0.18561518,8.18757,655.35,655.35,3.668,-0.00420038,0.022287716,0.51649855,0.38271615,-0.064790325,-9.6346865,0.23205266,3.5658816,6.0130412,5.4534136,0,-0.512,0.848,195.418
01:36.7,4,7.5,15.4291637,75.0159057,724.065,0.18751265,6.822975,655.35,655.35,3.695,-0.05452264,0.03797339,0.5427059,0.5911268,-0.07103921,-9.535989,0.2597183,3.567847,6.052103,5.655826,0,-0.54,0.89,195.98
01:36.8,4,7.5,15.4291638,75.0159057,724.07,0.18941012,5.45838,655.35,655.35,3.722,0.06981833,-0.069513405,0.54596765,0.42759185,0.050804945,-9.68634,0.24447396,3.4747302,5.6719392,5.3290092,0,-0.472,0.808,196.624
01:36.8,4,7.5,15.4291639,75.0159057,724.075,0.19130759,4.093785,655.35,655.35,3.749,0.1941593,-0.1770002,0.5492294,0.2640569,0.1726491,-9.836691,0.22922962,3.3816134,5.2917754,5.0021924,0,-0.404,0.726,197.268
01:36.8,4,7.5,15.429164,75.0159057,724.08,0.19320506,2.72919,655.35,655.35,3.776,0.0465309,-0.102448145,0.5621862,0.2331136,-0.01847975,-9.8882035,0.21398528,3.2884966,4.9116116,4.6753756,0,-0.336,0.644,197.912
01:36.8,4,7.5,15.4291641,75.0159057,724.085,0.19510253,1.364595,655.35,655.35,3.803,-0.1010975,-0.02789609,0.575143,0.2021703,-0.2096086,-9.939716,0.19874094,3.1953798,4.5314478,4.3485588,0,-0.268,0.562,198.556
01:36.8,4,7.5,15.4291642,75.0159057,724.09,0.197,0,655.35,655.35,3.83,-0.02924959,0.00393637,0.56003105,0.12450625,-0.1977906,-10.069183,0.1834966,3.102263,4.151284,4.021742,0,-0.2,0.48,199.2
01:36.9,4,7.5,15.42916415,75.01590572,724.089,0.20378868,15.15967,655.35,655.35,3.777,0.04259832,0.03576883,0.5449191,0.0468422,-0.1859726,-10.19865,0.13437597,3.0744904,4.1883346,3.8377088,0,-0.148,0.43,199.754
01:36.9,4,7.5,15.4291641,75.01590574,724.088,0.21057736,30.31934,655.35,655.35,3.724,0.04052125,-0.051891835,0.51407645,0.20827455,-0.219186,-9.930366,0.08525534,3.0467178,4.2253852,3.6536756,0,-0.096,0.38,200.308
01:36.9,4,7.5,15.42916405,75.01590576,724.087,0.21736604,45.47901,655.35,655.35,3.671,0.03844418,-0.1395525,0.4832338,0.3697069,-0.2523994,-9.662082,0.03613471,3.0189452,4.2624358,3.4696424,0,-0.044,0.33,200.862
01:36.9,4,7.5,15.429164,75.01590578,724.086,0.22415472,60.63868,655.35,655.35,3.618,0.07045389,-0.08952993,0.4567293,0.21821495,-0.20717585,-9.7769065,-0.01298592,2.9911726,4.2994864,3.2856092,0,0.008,0.28,201.416
01:36.9,4,7.5,15.42916395,75.0159058,724.085,0.2309434,75.79835,655.35,655.35,3.565,0.1024636,-0.03950736,0.4302248,0.066723,-0.1619523,-9.891731,-0.06210655,2.9634,4.336537,3.101576,0,0.06,0.23,201.97
01:37.0,4,7.5,15.4291639,75.01590582,724.084,0.23773208,90.95802,655.35,655.35,3.512,0.086826205,-0.10357453,0.3739313,0.10473275,-0.27181375,-9.904307,-0.01863196,2.943125,4.4706444,3.026286,0,0.07,0.164,202.33
01:37.0,4,7.5,15.42916385,75.01590584,724.083,0.24452076,106.11769,655.35,655.35,3.459,0.07118881,-0.1676417,0.3176378,0.1427425,-0.3816752,-9.916883,0.02484263,2.92285,4.6047518,2.950996,0,0.08,0.098,202.69
01:37.0,4,7.5,15.4291638,75.01590586,724.082,0.25130944,121.27736,655.35,655.35,3.406,-0.023013895,-0.084980132,0.28407805,0.08802338,-0.3886802,-9.8456945,0.06831722,2.902575,4.7388592,2.875706,0,0.09,0.032,203.05
01:37.0,4,7.5,15.42916375,75.01590588,724.081,0.25809812,136.43703,655.35,655.35,3.353,-0.1172166,-0.002318563,0.2505183,0.03330426,-0.3956852,-9.774506,0.11179181,2.8823,4.8729666,2.800416,0,0.1,-0.034,203.41
01:37.0,4,7.5,15.4291637,75.0159059,724.08,0.2648868,151.5967,655.35,655.35,3.3,-0.000601,-0.021599037,0.2192218,0.11086793,-0.22894619,-9.8267345,0.1552664,2.862025,5.007074,2.725126,0,0.11,-0.1,203.77
01:37.1,4,7.5,15.42916385,75.01590593,724.094,0.26208884,137.1645305,655.35,655.35,3.339,0.1160146,-0.04087951,0.1879253,0.1884316,-0.06220718,-9.878963,0.1665585,2.8762922,4.8558448,2.7067222,0,0.116,-0.122,203.928
01:37.1,4,7.5,15.429164,75.01590596,724.108,0.25929088,122.732361,655.35,655.35,3.378,0.035272365,-0.014021055,0.1620696,0.17293455,-0.15719019,-9.817036,0.1778506,2.8905594,4.7046156,2.6883184,0,0.122,-0.144,204.086
01:37.1,4,7.5,15.42916415,75.01590599,724.122,0.25649292,108.3001915,655.35,655.35,3.417,-0.04546987,0.0128374,0.1362139,0.1574375,-0.2521732,-9.755109,0.1891427,2.9048266,4.5533864,2.6699146,0,0.128,-0.166,204.244
01:37.1,4,7.5,15.4291643,75.01590602,724.136,0.25369496,93.868022,655.35,655.35,3.456,0.00117757,-0.02684434,0.086919775,0.09074979,-0.26359735,-9.8038955,0.2004348,2.9190938,4.4021572,2.6515108,0,0.134,-0.188,204.402
01:37.1,4,7.5,15.42916445,75.01590605,724.15,0.250897,79.4358525,655.35,655.35,3.495,0.04782501,-0.06652608,0.03762565,0.02406208,-0.2750215,-9.852682,0.2117269,2.933361,4.250928,2.633107,0,0.14,-0.21,204.56
01:37.2,4,7.5,15.4291646,75.01590608,724.164,0.24809904,65.003683,655.35,655.35,3.534,0.021845213,-0.026779665,0.01371972,0.11247314,-0.2706213,-9.7756195,0.23035886,3.00351,4.3447528,2.6552114,0,0.122,-0.206,204.516
01:37.2,4,7.5,15.42916475,75.01590611,724.178,0.24530108,50.5715135,655.35,655.35,3.573,-0.004134584,0.01296675,-0.01018621,0.2008842,-0.2662211,-9.698557,0.24899082,3.073659,4.4385776,2.6773158,0,0.104,-0.202,204.472
01:37.2,4,7.5,15.4291649,75.01590614,724.192,0.24250312,36.139344,655.35,655.35,3.612,-0.009738422,-0.008323325,-0.036322295,0.136803675,-0.3011495,-9.6051995,0.26762278,3.143808,4.5324024,2.6994202,0,0.086,-0.198,204.428
01:37.2,4,7.5,15.42916505,75.01590617,724.206,0.23970516,21.7071745,655.35,655.35,3.651,-0.01534226,-0.0296134,-0.06245838,0.07272315,-0.3360779,-9.511842,0.28625474,3.213957,4.6262272,2.7215246,0,0.068,-0.194,204.384
01:37.2,4,7.5,15.4291652,75.0159062,724.22,0.2369072,7.275005,655.35,655.35,3.69,0.000762015,-0.006345485,-0.12565004,0.07807715,-0.2757413,-9.586732,0.3048867,3.284106,4.720052,2.743629,0,0.05,-0.19,204.34
01:37.3,4,7.501,15.42916517,75.01590623,724.218,0.23364098,15.8281415,655.35,655.35,3.425,0.01686629,0.01692243,-0.1888417,0.08343115,-0.2154047,-9.661622,0.248990804,3.240994,4.6731132,2.6837758,0,0.078,-0.166,204.144
01:37.3,4,7.502,15.42916514,75.01590626,724.216,0.23037476,24.381278,655.35,655.35,3.16,0.00107407,0.04780704,-0.1783895,0.158391575,-0.20413475,-9.637462,0.193094908,3.197882,4.6261744,2.6239226,0,0.106,-0.142,203.948
01:37.3,4,7.503,15.42916511,75.01590629,724.214,0.22710854,32.9344145,655.35,655.35,2.895,-0.01471815,0.07869165,-0.1679373,0.233352,-0.1928648,-9.613302,0.137199012,3.15477,4.5792356,2.5640694,0,0.134,-0.118,203.752
01:37.3,4,7.504,15.42916508,75.01590632,724.212,0.22384232,41.487551,655.35,655.35,2.63,0.02496587,-0.008380565,-0.19146715,0.23739975,-0.1777594,-9.593411,0.081303116,3.111658,4.5322968,2.5042162,0,0.162,-0.094,203.556
01:37.3,4,7.505,15.42916505,75.01590635,724.21,0.2205761,50.0406875,655.35,655.35,2.365,0.06464989,-0.09545278,-0.214997,0.2414475,-0.162654,-9.57352,0.02540722,3.068546,4.485358,2.444363,0,0.19,-0.07,203.36
01:37.4,4,7.506,15.42916502,75.01590638,724.208,0.21730988,58.593824,655.35,655.35,2.1,0.024734315,0.02770226,-0.22773445,0.136518245,-0.2002511,-9.691524,0.013550516,3.1435326,4.6152774,2.6031582,0,0.224,-0.022,203.088
01:37.4,4,7.507,15.42916499,75.01590641,724.206,0.21404366,67.1469605,655.35,655.35,1.835,-0.01518126,0.1508573,-0.2404719,0.03158899,-0.2378482,-9.809528,0.001693812,3.2185192,4.7451968,2.7619534,0,0.258,0.026,202.816
01:37.4,4,7.508,15.42916496,75.01590644,724.204,0.21077744,75.700097,655.35,655.35,1.57,0.04564072,0.031250255,-0.25214655,0.108740095,-0.23803395,-9.6840325,-0.010162892,3.2935058,4.8751162,2.9207486,0,0.292,0.074,202.544
01:37.4,4,7.509,15.42916493,75.01590647,724.202,0.20751122,84.2532335,655.35,655.35,1.305,0.1064627,-0.08835679,-0.2638212,0.1858912,-0.2382197,-9.558537,-0.022019596,3.3684924,5.0050356,3.0795438,0,0.326,0.122,202.272
01:37.4,4,7.51,15.4291649,75.0159065,724.2,0.204245,92.80637,655.35,655.35,1.04,0.00273985,0.013337555,-0.2617493,0.142172375,-0.2784545,-9.581008,-0.0338763,3.443479,5.134955,3.238339,0,0.36,0.17,202
01:37.5,4,7.51,15.42916483,75.01590656,724.207,0.22992831,98.858113,655.35,655.35,1.298,-0.100983,0.1150319,-0.2596774,0.09845355,-0.3186893,-9.603479,-0.00112922,3.4733348,5.0518018,3.2709944,0,0.29,0.174,201.668
01:37.5,4,7.51,15.42916476,75.01590662,724.214,0.25561162,104.909856,655.35,655.35,1.556,-0.034056885,0.01877971,-0.2861053,0.137046925,-0.25931665,-9.6692315,0.03161786,3.5031906,4.9686486,3.3036498,0,0.22,0.178,201.336
01:37.5,4,7.51,15.42916469,75.01590668,724.221,0.28129493,110.961599,655.35,655.35,1.814,0.03286923,-0.07747248,-0.3125332,0.1756403,-0.199944,-9.734984,0.06436494,3.5330464,4.8854954,3.3363052,0,0.15,0.182,201.004
01:37.5,4,7.51,15.42916462,75.01590674,724.228,0.30697824,117.013342,655.35,655.35,2.072,-0.125974685,-0.068940015,-0.3165314,0.22637055,-0.2694421,-9.790782,0.09711202,3.5629022,4.8023422,3.3689606,0,0.08,0.186,200.672
01:37.5,4,7.51,15.42916455,75.0159068,724.235,0.33266155,123.065085,655.35,655.35,2.33,-0.2848186,-0.06040755,-0.3205296,0.2771008,-0.3389402,-9.84658,0.1298591,3.592758,4.719189,3.401616,0,0.01,0.19,200.34
01:37.6,4,7.51,15.42916448,75.01590686,724.242,0.35834486,129.116828,655.35,655.35,2.588,-0.0437645,-0.015727385,-0.3176979,0.0596005,0.0125565,-10.796475,0.123648454,3.5808964,4.6813098,3.453714,0,0,0.156,199.954
01:37.6,4,7.51,15.42916441,75.01590692,724.249,0.38402817,135.168571,655.35,655.35,2.846,0.1972896,0.02895278,-0.3148662,-0.1578998,0.3640532,-11.74637,0.117437808,3.5690348,4.6434306,3.505812,0,-0.01,0.122,199.568
01:37.6,4,7.51,15.42916434,75.01590698,724.256,0.40971148,141.220314,655.35,655.35,3.104,0.054982545,-0.06367286,-0.32378455,0.20253835,0.1025277,-10.8507865,0.111227162,3.5571732,4.6055514,3.55791,0,-0.02,0.088,199.182
01:37.6,4,7.51,15.42916427,75.01590704,724.263,0.43539479,147.272057,655.35,655.35,3.362,-0.08732451,-0.1562985,-0.3327029,0.5629765,-0.1589978,-9.955203,0.105016516,3.5453116,4.5676722,3.610008,0,-0.03,0.054,198.796
01:37.6,4,7.51,15.4291642,75.0159071,724.27,0.4610781,153.3238,655.35,655.35,3.62,-0.042487602,-0.03579796,-0.3147843,0.249589045,-0.2094722,-10.0213315,0.09880587,3.53345,4.529793,3.662106,0,-0.04,0.02,198.41
01:37.7,4,7.51,15.42916416,75.01590712,724.275,0.43359715,156.29917,655.35,655.35,3.549,0.002349307,0.08470258,-0.2968657,-0.06379841,-0.2599466,-10.08746,0.09654745,3.4711738,4.5954274,3.652022,0,-0.082,0.11,198.136
01:37.7,4,7.51,15.42916412,75.01590714,724.28,0.4061162,159.27454,655.35,655.35,3.478,-0.036079362,0.10650014,-0.2604632,-0.026174915,-0.23952525,-10.021743,0.09428903,3.4088976,4.6610618,3.641938,0,-0.124,0.2,197.862
01:37.7,4,7.51,15.42916408,75.01590716,724.285,0.37863525,162.24991,655.35,655.35,3.407,-0.07450803,0.1282977,-0.2240607,0.01144858,-0.2191039,-9.956026,0.09203061,3.3466214,4.7266962,3.631854,0,-0.166,0.29,197.588
01:37.7,4,7.51,15.42916404,75.01590718,724.29,0.3511543,165.22528,655.35,655.35,3.336,-0.0225883,0.094276625,-0.1990128,0.10500429,-0.158215775,-9.894276,0.08977219,3.2843452,4.7923306,3.62177,0,-0.208,0.38,197.314
01:37.7,4,7.51,15.429164,75.0159072,724.295,0.32367335,168.20065,655.35,655.35,3.265,0.02933143,0.06025555,-0.1739649,0.19856,-0.09732765,-9.832526,0.08751377,3.222069,4.857965,3.611686,0,-0.25,0.47,197.04
01:37.8,4,7.51,15.42916396,75.01590722,724.3,0.2961924,171.17602,655.35,655.35,3.194,0.046462345,0.025374106,-0.14456465,0.2169905,-0.050828197,-9.7795225,0.109533356,3.1132374,4.5490628,3.4413834,0,-0.232,0.492,196.906
01:37.8,4,7.51,15.42916392,75.01590724,724.305,0.26871145,174.15139,655.35,655.35,3.123,0.06359326,-0.009507339,-0.1151644,0.235421,-0.004328743,-9.726519,0.131552942,3.0044058,4.2401606,3.2710808,0,-0.214,0.514,196.772
01:37.8,4,7.51,15.42916388,75.01590726,724.31,0.2412305,177.12676,655.35,655.35,3.052,0.042096065,0.035255216,-0.08322377,0.20380585,-0.033650416,-9.7842225,0.153572528,2.8955742,3.9312584,3.1007782,0,-0.196,0.536,196.638
01:37.8,4,7.51,15.42916384,75.01590728,724.315,0.21374955,180.10213,655.35,655.35,2.981,0.02059887,0.08001777,-0.05128314,0.1721907,-0.06297209,-9.841926,0.175592114,2.7867426,3.6223562,2.9304756,0,-0.178,0.558,196.504
01:37.8,4,7.51,15.4291638,75.0159073,724.32,0.1862686,183.0775,655.35,655.35,2.91,0.007733194,-0.00578666,-0.040552595,0.24637475,-0.055370055,-9.799588,0.1976117,2.677911,3.313454,2.760173,0,-0.16,0.58,196.37
01:37.9,4,7.51,15.42916375,75.01590735,724.327,0.20954282,179.12378,655.35,655.35,3.011,-0.005132482,-0.09159109,-0.02982205,0.3205588,-0.04776802,-9.75725,0.175592114,2.7441858,3.4928544,2.7535618,0,-0.16,0.558,196.348
01:37.9,4,7.51,15.4291637,75.0159074,724.334,0.23281704,175.17006,655.35,655.35,3.112,0.014820939,-0.042637665,-0.012098983,0.2223165,-0.016203265,-9.7648495,0.153572528,2.8104606,3.6722548,2.7469506,0,-0.16,0.536,196.326
01:37.9,4,7.51,15.42916365,75.01590745,724.341,0.25609126,171.21634,655.35,655.35,3.213,0.03477436,0.00631576,0.005624084,0.1240742,0.01536149,-9.772449,0.131552942,2.8767354,3.8516552,2.7403394,0,-0.16,0.514,196.304
01:37.9,4,7.51,15.4291636,75.0159075,724.348,0.27936548,167.26262,655.35,655.35,3.314,0.006399755,0.04133081,0.013578652,0.07476732,-0.066557105,-9.824662,0.109533356,2.9430102,4.0310556,2.7337282,0,-0.16,0.492,196.282
01:37.9,4,7.51,15.42916355,75.01590755,724.355,0.3026397,163.3089,655.35,655.35,3.415,-0.02197485,0.07634586,0.02153322,0.02546044,-0.1484757,-9.876875,0.08751377,3.009285,4.210456,2.727117,0,-0.16,0.47,196.26
01:38.0,4,7.51,15.4291635,75.0159076,724.362,0.32591392,159.35518,655.35,655.35,3.516,-0.05228634,0.09780868,0.019791485,0.09970727,-0.107865605,-9.7399245,0.07396325,3.085168,4.0957064,2.841643,0,-0.198,0.566,196.274
01:38.0,4,7.51,15.42916345,75.01590765,724.369,0.34918814,155.40146,655.35,655.35,3.617,-0.08259783,0.1192715,0.01804975,0.1739541,-0.06725551,-9.602974,0.06041273,3.161051,3.9809568,2.956169,0,-0.236,0.662,196.288
01:38.0,4,7.51,15.4291634,75.0159077,724.376,0.37246236,151.44774,655.35,655.35,3.718,-0.041084171,0.1173013,0.012129224,0.16120255,-0.035729441,-9.6005595,0.04686221,3.236934,3.8662072,3.070695,0,-0.274,0.758,196.302
01:38.0,4,7.51,15.42916335,75.01590775,724.383,0.39573658,147.49402,655.35,655.35,3.819,0.000429488,0.1153311,0.006208698,0.148451,-0.004203371,-9.598145,0.03331169,3.312817,3.7514576,3.185221,0,-0.312,0.854,196.316
01:38.0,4,7.51,15.4291633,75.0159078,724.39,0.4190108,143.5403,655.35,655.35,3.92,0.027170569,0.01240201,0.002199791,0.1652127,0.001769486,-9.606645,0.01976117,3.3887,3.636708,3.299747,0,-0.35,0.95,196.33
01:38.1,4,7.51,15.42916329,75.01590782,724.388,0.38938979,139.79363,655.35,655.35,3.696,0.05391165,-0.09052708,-0.001809117,0.1819744,0.007742343,-9.615145,0.056460496,3.262876,3.7121044,3.1596024,0,-0.282,0.9,196.334
01:38.1,4,7.51,15.42916328,75.01590784,724.386,0.35976878,136.04696,655.35,655.35,3.472,0.036792025,-0.05311519,0.002930307,0.2895225,0.013565352,-9.0947335,0.093159822,3.137052,3.7875008,3.0194578,0,-0.214,0.85,196.338
01:38.1,4,7.51,15.42916327,75.01590786,724.384,0.33014777,132.30029,655.35,655.35,3.248,0.0196724,-0.0157033,0.00766973,0.3970706,0.01938836,-8.574322,0.129859148,3.011228,3.8628972,2.8793132,0,-0.146,0.8,196.342
01:38.1,4,7.51,15.42916326,75.01590788,724.382,0.30052676,128.55362,655.35,655.35,3.024,0.048809345,-0.043764545,0.013170685,0.25564255,0.003044925,-8.25143,0.166558474,2.885404,3.9382936,2.7391686,0,-0.078,0.75,196.346
01:38.1,4,7.51,15.42916325,75.0159079,724.38,0.27090575,124.80695,655.35,655.35,2.8,0.07794629,-0.07182579,0.01867164,0.1142145,-0.01329851,-7.928538,0.2032578,2.75958,4.01369,2.599024,0,-0.01,0.7,196.35
01:38.2,4,7.51,15.42916324,75.01590792,724.378,0.24128474,121.06028,655.35,655.35,2.576,0.0085921,-0.035270891,0.013032887,0.105776315,-0.095308805,-7.5127895,0.19704714,2.689413,4.0220502,2.5284256,0,-0.062,0.718,196.328
01:38.2,4,7.51,15.42916323,75.01590794,724.376,0.21166373,117.31361,655.35,655.35,2.352,-0.06076209,0.001284008,0.007394134,0.09733813,-0.1773191,-7.097041,0.19083648,2.619246,4.0304104,2.4578272,0,-0.114,0.736,196.306
01:38.2,4,7.51,15.42916322,75.01590796,724.374,0.18204272,113.56694,655.35,655.35,2.128,-0.05795509,0.023046739,-0.003147003,0.08994878,-0.12958522,-6.529036,0.18462582,2.549079,4.0387706,2.3872288,0,-0.166,0.754,196.284
01:38.2,4,7.51,15.42916321,75.01590798,724.372,0.15242171,109.82027,655.35,655.35,1.904,-0.05514809,0.04480947,-0.01368814,0.08255943,-0.08185134,-5.961031,0.17841516,2.478912,4.0471308,2.3166304,0,-0.218,0.772,196.262
01:38.2,4,7.51,15.4291632,75.015908,724.37,0.1228007,106.0736,655.35,655.35,1.68,0.147160555,-0.085321415,-0.09605182,0.343919265,0.36323678,-10.3193105,0.1722045,2.408745,4.055491,2.246032,0,-0.27,0.79,196.24
01:38.3,4,7.51,15.42916318,75.01590807,724.379,0.16636345,111.35659,655.35,655.35,1.917,0.3494692,-0.2154523,-0.1784155,0.6052791,0.8083249,-14.67759,0.12421308,2.640279,4.7197588,3.7588638,0,-0.214,0.678,196.154
01:38.3,4,7.51,15.42916316,75.01590814,724.388,0.2099262,116.63958,655.35,655.35,2.154,0.144217155,-0.2826124,-0.134202745,0.315109255,0.96248495,-16.40667,0.07622166,2.871813,5.3840266,5.2716956,0,-0.158,0.566,196.068
01:38.3,4,7.51,15.42916314,75.01590821,724.397,0.25348895,121.92257,655.35,655.35,2.391,-0.06103489,-0.3497725,-0.08998999,0.02493941,1.116645,-18.13575,0.02823024,3.103347,6.0482944,6.7845274,0,-0.102,0.454,195.982
01:38.3,4,7.51,15.42916312,75.01590828,724.406,0.2970517,127.20556,655.35,655.35,2.628,-0.128951845,-0.2730209,-0.082238465,0.086713355,0.35294615,-11.521246,-0.01976118,3.334881,6.7125622,8.2973592,0,-0.046,0.342,195.896
01:38.3,4,7.51,15.4291631,75.01590835,724.415,0.34061445,132.48855,655.35,655.35,2.865,-0.1968688,-0.1962693,-0.07448694,0.1484873,-0.4107527,-4.906742,-0.0677526,3.566415,7.37683,9.810191,0,0.01,0.23,195.81
01:38.4,4,7.51,15.42916308,75.01590842,724.424,0.3841772,137.77154,655.35,655.35,3.102,-0.15140515,-0.0391705,-0.04308097,0.21383705,-0.202223057,-5.018997,-0.06888181,3.4524656,7.0082452,9.5457318,0,0.008,0.302,195.716
01:38.4,4,7.51,15.42916306,75.01590849,724.433,0.42773995,143.05453,655.35,655.35,3.339,-0.1059415,0.1179283,-0.011675,0.2791868,0.006306586,-5.131252,-0.07001102,3.3385162,6.6396604,9.2812726,0,0.006,0.374,195.622
01:38.4,4,7.51,15.42916304,75.01590856,724.442,0.4713027,148.33752,655.35,655.35,3.576,0.00198685,-0.0046209,-0.0574659,0.4792604,0.390901143,-7.119249,-0.07114023,3.2245668,6.2710756,9.0168134,0,0.004,0.446,195.528
01:38.4,4,7.51,15.42916302,75.01590863,724.451,0.51486545,153.62051,655.35,655.35,3.813,0.1099152,-0.1271701,-0.1032568,0.679334,0.7754957,-9.107246,-0.07226944,3.1106174,5.9024908,8.7523542,0,0.002,0.518,195.434
01:38.4,4,7.51,15.429163,75.0159087,724.46,0.5584282,158.9035,655.35,655.35,4.05,0.24152665,-0.31673075,-0.11194435,0.4856607,1.11390835,-11.766498,-0.07339865,2.996668,5.533906,8.487895,0,0,0.59,195.34
01:38.5,4,7.51,15.42916317,75.01590876,724.473,0.54022379,148.585034,655.35,655.35,3.921,0.3731381,-0.5062914,-0.1206319,0.2919874,1.452321,-14.42575,-0.03669932,3.0076166,5.4989986,8.1232918,0,-0.04,0.646,195.35
01:38.5,4,7.51,15.42916334,75.01590882,724.486,0.52201938,138.266568,655.35,655.35,3.792,0.00172005,-0.15229265,-0.01557765,-0.0533542,0.4704858,-10.2896545,1.00E-08,3.0185652,5.4640912,7.7586886,0,-0.08,0.702,195.36
01:38.5,4,7.51,15.42916351,75.01590888,724.499,0.50381497,127.948102,655.35,655.35,3.663,-0.369698,0.2017061,0.0894766,-0.3986958,-0.5113494,-6.153559,0.03669934,3.0295138,5.4291838,7.3940854,0,-0.12,0.758,195.37
01:38.5,4,7.51,15.42916368,75.01590894,724.512,0.48561056,117.629636,655.35,655.35,3.534,-0.200615285,0.119813675,0.05028256,-0.5550453,0.3952038,-9.8250545,0.07339867,3.0404624,5.3942764,7.0294822,0,-0.16,0.814,195.38
01:38.5,4,7.51,15.42916385,75.015909,724.525,0.46740615,107.31117,655.35,655.35,3.405,-0.03153257,0.03792125,0.01108852,-0.7113948,1.301757,-13.49655,0.110098,3.051411,5.359369,6.664879,0,-0.2,0.87,195.39
01:38.6,4,7.51,15.42916402,75.01590906,724.538,0.44920174,96.992704,655.35,655.35,3.276,-0.034013615,0.009409995,-0.05047824,-0.2060789,0.8759978,-10.308815,0.110098,2.838963,5.0089802,6.192594,0,-0.192,0.818,195.26
01:38.6,4,7.51,15.42916419,75.01590912,724.551,0.43099733,86.674238,655.35,655.35,3.147,-0.03649466,-0.01910126,-0.112045,0.299237,0.4502386,-7.12108,0.110098,2.626515,4.6585914,5.720309,0,-0.184,0.766,195.13
01:38.6,4,7.51,15.42916436,75.01590918,724.564,0.41279292,76.355772,655.35,655.35,3.018,0.05868982,-0.14689493,-0.1265229,0.24959895,0.9381238,-9.00426,0.110098,2.414067,4.3082026,5.248024,0,-0.176,0.714,195
01:38.6,4,7.51,15.42916453,75.01590924,724.577,0.39458851,66.037306,655.35,655.35,2.889,0.1538743,-0.2746886,-0.1410008,0.1999609,1.426009,-10.88744,0.110098,2.201619,3.9578138,4.775739,0,-0.168,0.662,194.87
01:38.6,4,7.51,15.4291647,75.0159093,724.59,0.3763841,55.71884,655.35,655.35,2.76,0.0018966,-0.0149856,-0.098237205,0.02640815,1.296784,-10.44789,0.110098,1.989171,3.607425,4.303454,0,-0.16,0.61,194.74
01:38.7,4,7.51,15.42916483,75.01590927,724.591,0.35499992,79.012746,655.35,655.35,2.733,-0.1500811,0.2447174,-0.05547361,-0.1471446,1.167559,-10.00834,0.0654942,1.9830358,3.5495684,4.1125328,0,-0.172,0.632,194.72
01:38.7,4,7.51,15.42916496,75.01590924,724.592,0.33361574,102.306652,655.35,655.35,2.706,0.01545515,0.03410255,-0.047012835,-0.0117316,1.2504965,-9.631551,0.0208904,1.9769006,3.4917118,3.9216116,0,-0.184,0.654,194.7
01:38.7,4,7.51,15.42916509,75.01590921,724.593,0.31223156,125.600558,655.35,655.35,2.679,0.1809914,-0.1765123,-0.03855206,0.1236814,1.333434,-9.254762,-0.0237134,1.9707654,3.4338552,3.7306904,0,-0.196,0.676,194.68
01:38.7,4,7.51,15.42916522,75.01590918,724.594,0.29084738,148.894464,655.35,655.35,2.652,0.03230165,-0.04671513,0.015779485,0.13859375,1.06897645,-9.701011,-0.0683172,1.9646302,3.3759986,3.5397692,0,-0.208,0.698,194.66
01:38.7,4,7.51,15.42916535,75.01590915,724.595,0.2694632,172.18837,655.35,655.35,2.625,-0.1163881,0.08308204,0.07011103,0.1535061,0.8045189,-10.14726,-0.112921,1.958495,3.318142,3.348848,0,-0.22,0.72,194.64
01:38.8,4,7.51,15.42916548,75.01590912,724.596,0.24807902,195.482276,655.35,655.35,2.598,-0.00836601,-0.03488078,0.03587327,0.34179355,0.4984223,-9.8900015,-0.10614574,1.9764638,3.55467,3.1754618,0,-0.2,0.7,194.652
01:38.8,4,7.51,15.42916561,75.01590909,724.597,0.22669484,218.776182,655.35,655.35,2.571,0.09965608,-0.1528436,0.00163551,0.530081,0.1923257,-9.632743,-0.09937048,1.9944326,3.791198,3.0020756,0,-0.18,0.68,194.664
01:38.8,4,7.51,15.42916574,75.01590906,724.598,0.20531066,242.070088,655.35,655.35,2.544,0.005118275,-0.044411685,0.0109573,0.34481135,0.14698505,-9.779263,-0.09259522,2.0124014,4.027726,2.8286894,0,-0.16,0.66,194.676
01:38.8,4,7.51,15.42916587,75.01590903,724.599,0.18392648,265.363994,655.35,655.35,2.517,-0.08941953,0.06402023,0.02027909,0.1595417,0.1016444,-9.925783,-0.08581996,2.0303702,4.264254,2.6553032,0,-0.14,0.64,194.688
01:38.8,4,7.51,15.429166,75.015909,724.6,0.1625423,288.6579,655.35,655.35,2.49,0.00471179,0.017171975,0.021246675,0.2187981,0.10096815,-9.8140785,-0.0790447,2.048339,4.500782,2.481917,0,-0.12,0.62,194.7
01:38.9,4,7.512,15.42916614,75.01590895,724.603,0.152423215,284.88955,655.35,655.35,2.4,0.09884311,-0.02967628,0.02221426,0.2780545,0.1002919,-9.702374,-0.0790447,1.934905,4.2180456,2.4308244,0,-0.072,0.56,194.688
01:38.9,4,7.514,15.42916628,75.0159089,724.606,0.14230413,281.1212,655.35,655.35,2.31,0.0706897,-0.05056277,-0.00597012,0.2116078,0.044833105,-9.759086,-0.0790447,1.821471,3.9353092,2.3797318,0,-0.024,0.5,194.676
01:38.9,4,7.516,15.42916642,75.01590885,724.609,0.132185045,277.35285,655.35,655.35,2.22,0.04253629,-0.07144926,-0.0341545,0.1451611,-0.01062569,-9.815798,-0.0790447,1.708037,3.6525728,2.3286392,0,0.024,0.44,194.664
01:38.9,4,7.518,15.42916656,75.0159088,724.612,0.12206596,273.5845,655.35,655.35,2.13,0.024447718,-0.070766435,-0.01290892,0.069126661,-0.006786005,-9.7979175,-0.0790447,1.594603,3.3698364,2.2775466,0,0.072,0.38,194.652
01:38.9,4,7.52,15.4291667,75.01590875,724.615,0.111946875,269.81615,655.35,655.35,2.04,0.006359145,-0.07008361,0.008336659,-0.006907777,-0.002946319,-9.780037,-0.0790447,1.481169,3.0871,2.226454,0,0.12,0.32,194.64
01:39.0,4,7.522,15.42916684,75.0159087,724.618,0.10182779,266.0478,655.35,655.35,1.95,0.034833758,-0.04601762,0.024455985,0.030924642,-0.030729925,-9.777978,-0.03557012,1.4501442,2.9903204,2.1734232,0,0.14,0.308,194.67
01:39.0,4,7.524,15.42916698,75.01590865,724.621,0.091708705,262.27945,655.35,655.35,1.86,0.06330837,-0.02195163,0.04057531,0.06875706,-0.05851353,-9.775919,0.00790446,1.4191194,2.8935408,2.1203924,0,0.16,0.296,194.7
01:39.0,4,7.526,15.42916712,75.0159086,724.624,0.08158962,258.5111,655.35,655.35,1.77,0.036343774,-0.01754362,0.03105601,0.029291655,-0.03803258,-9.777241,0.05137904,1.3880946,2.7967612,2.0673616,0,0.18,0.284,194.73
01:39.0,4,7.528,15.42916726,75.01590855,724.627,0.071470535,254.74275,655.35,655.35,1.68,0.009379177,-0.01313561,0.02153671,-0.01017375,-0.01755163,-9.778563,0.09485362,1.3570698,2.6999816,2.0143308,0,0.2,0.272,194.76
01:39.0,4,7.53,15.4291674,75.0159085,724.63,0.06135145,250.9744,655.35,655.35,1.59,0.046688674,-0.02468832,0.00973395,0.073094775,-0.043694885,-9.7576265,0.1383282,1.326045,2.603202,1.9613,0,0.22,0.26,194.79
01:39.1,4,7.53,15.42916757,75.01590849,724.633,0.075396495,232.907758,655.35,655.35,1.625,0.08399817,-0.03624103,-0.00206881,0.1563633,-0.06983814,-9.73669,0.12195466,1.382513,2.7758446,1.9768618,0,0.2,0.28,194.766
01:39.1,4,7.53,15.42916774,75.01590848,724.636,0.08944154,214.841116,655.35,655.35,1.66,0.037530527,-0.003160155,-0.021853715,0.077824206,-0.05799879,-9.783157,0.10558112,1.438981,2.9484872,1.9924236,0,0.18,0.3,194.742
01:39.1,4,7.53,15.42916791,75.01590847,724.639,0.103486585,196.774474,655.35,655.35,1.695,-0.008937116,0.02992072,-0.04163862,-0.000714889,-0.04615944,-9.829624,0.08920758,1.495449,3.1211298,2.0079854,0,0.16,0.32,194.718
01:39.1,4,7.53,15.42916808,75.01590846,724.642,0.11753163,178.707832,655.35,655.35,1.73,-0.003115308,0.014658645,-0.06561677,0.031261911,-0.09696182,-9.79761,0.07283404,1.551917,3.2937724,2.0235472,0,0.14,0.34,194.694
01:39.1,4,7.53,15.42916825,75.01590845,724.645,0.131576675,160.64119,655.35,655.35,1.765,0.0027065,-0.00060343,-0.08959492,0.06323871,-0.1477642,-9.765596,0.0564605,1.608385,3.466415,2.039109,0,0.12,0.36,194.67
01:39.2,4,7.53,15.42916842,75.01590844,724.648,0.14562172,142.574548,655.35,655.35,1.8,-0.02345542,-0.00715602,-0.06877628,0.081097915,-0.007299,-9.799966,0.01580894,1.5700102,3.317227,2.0664244,0,0.086,0.4,194.652
01:39.2,4,7.53,15.42916859,75.01590843,724.651,0.159666765,124.507906,655.35,655.35,1.835,-0.04961734,-0.01370861,-0.04795764,0.09895712,0.1331662,-9.834336,-0.02484262,1.5316354,3.168039,2.0937398,0,0.052,0.44,194.634
01:39.2,4,7.53,15.42916876,75.01590842,724.654,0.17371181,106.441264,655.35,655.35,1.87,-0.031788225,0.016081995,-0.012137415,0.098400595,0.08266261,-9.8477905,-0.06549418,1.4932606,3.018851,2.1210552,0,0.018,0.48,194.616
01:39.2,4,7.53,15.42916893,75.01590841,724.657,0.187756855,88.374622,655.35,655.35,1.905,-0.01395911,0.0458726,0.02368281,0.09784407,0.03215902,-9.861245,-0.10614574,1.4548858,2.869663,2.1483706,0,-0.016,0.52,194.598
01:39.2,4,7.53,15.4291691,75.0159084,724.66,0.2018019,70.30798,655.35,655.35,1.94,0.02216489,-0.02403938,0.01488205,0.176323685,0.09907111,-9.7741915,-0.1467973,1.416511,2.720475,2.175686,0,-0.05,0.56,194.58
01:39.3,4,7.53,15.42916915,75.01590842,724.664,0.19824098,68.314281,655.35,655.35,1.996,0.05828889,-0.09395136,0.00608129,0.2548033,0.1659832,-9.687138,-0.15018492,1.543317,2.9047302,2.3106222,0,-0.052,0.558,194.6
01:39.3,4,7.53,15.4291692,75.01590844,724.668,0.19468006,66.320582,655.35,655.35,2.052,-0.00408975,-0.044692054,-0.003683795,0.2547983,0.12075157,-9.7899845,-0.15357254,1.670123,3.0889854,2.4455584,0,-0.054,0.556,194.62
01:39.3,4,7.53,15.42916925,75.01590846,724.672,0.19111914,64.326883,655.35,655.35,2.108,-0.06646839,0.004567252,-0.01344888,0.2547933,0.07551994,-9.892831,-0.15696016,1.796929,3.2732406,2.5804946,0,-0.056,0.554,194.64
01:39.3,4,7.53,15.4291693,75.01590848,724.676,0.18755822,62.333184,655.35,655.35,2.164,0.00305315,-0.024078674,-0.01451975,0.2582937,0.16592502,-9.8128095,-0.16034778,1.923735,3.4574958,2.7154308,0,-0.058,0.552,194.66
01:39.3,4,7.53,15.42916935,75.0159085,724.68,0.1839973,60.339485,655.35,655.35,2.22,0.07257469,-0.0527246,-0.01559062,0.2617941,0.2563301,-9.732788,-0.1637354,2.050541,3.641751,2.850367,0,-0.06,0.55,194.68
01:39.4,4,7.53,15.4291694,75.01590852,724.684,0.18043638,58.345786,655.35,655.35,2.276,0.06251498,-0.029478124,-0.043049735,0.25533235,0.17411753,-9.7839085,-0.16712304,1.944517,3.5802174,2.6855998,0,-0.048,0.534,194.644
01:39.4,4,7.53,15.42916945,75.01590854,724.688,0.17687546,56.352087,655.35,655.35,2.332,0.05245527,-0.006231648,-0.07050885,0.2488706,0.09190496,-9.835029,-0.17051068,1.838493,3.5186838,2.5208326,0,-0.036,0.518,194.608
01:39.4,4,7.53,15.4291695,75.01590856,724.692,0.17331454,54.358388,655.35,655.35,2.388,0.019900125,-0.026506054,-0.055208205,0.26440725,0.16921983,-9.823953,-0.17389832,1.732469,3.4571502,2.3560654,0,-0.024,0.502,194.572
01:39.4,4,7.53,15.42916955,75.01590858,724.696,0.16975362,52.364689,655.35,655.35,2.444,-0.01265502,-0.04678046,-0.03990756,0.2799439,0.2465347,-9.812877,-0.17728596,1.626445,3.3956166,2.1912982,0,-0.012,0.486,194.536
01:39.4,4,7.53,15.4291696,75.0159086,724.7,0.1661927,50.37099,655.35,655.35,2.5,2.65E-05,-0.043549775,-0.005637145,0.1934897,0.13896161,-9.809083,-0.1806736,1.520421,3.334083,2.026531,0,0,0.47,194.5
01:39.5,4,7.53,15.4291696,75.01590865,724.714,0.16057616,71.550341,655.35,655.35,2.419,0.01270809,-0.04031909,0.02863327,0.1070355,0.03138852,-9.805289,-0.136069806,1.4653776,3.114542,1.978456,0,0.024,0.448,194.534
01:39.5,4,7.53,15.4291696,75.0159087,724.728,0.15495962,92.729692,655.35,655.35,2.338,0.034035185,-0.042217825,0.03604457,0.055558643,0.045716395,-9.7921755,-0.091466012,1.4103342,2.895001,1.930381,0,0.048,0.426,194.568
01:39.5,4,7.53,15.4291696,75.01590875,724.742,0.14934308,113.909043,655.35,655.35,2.257,0.05536228,-0.04411656,0.04345587,0.004081786,0.06004427,-9.779062,-0.046862218,1.3552908,2.67546,1.882306,0,0.072,0.404,194.602
01:39.5,4,7.53,15.4291696,75.0159088,724.756,0.14372654,135.088394,655.35,655.35,2.176,0.041163895,-0.01015951,0.031122485,0.013464508,-0.020441615,-9.8376455,-0.002258424,1.3002474,2.455919,1.834231,0,0.096,0.382,194.636
01:39.5,4,7.53,15.4291696,75.01590885,724.77,0.13811,156.267745,655.35,655.35,2.095,0.02696551,0.02379754,0.0187891,0.02284723,-0.1009275,-9.896229,0.04234537,1.245204,2.236378,1.786156,0,0.12,0.36,194.67
01:39.6,4,7.53,15.4291696,75.0159089,724.784,0.13249346,177.447096,655.35,655.35,2.014,0.032277965,-0.004546765,0.006205102,0.021176875,-0.06762118,-9.845156,0.04234537,1.2831862,2.3295136,1.7642856,0,0.122,0.356,194.676
01:39.6,4,7.53,15.4291696,75.01590895,724.798,0.12687692,198.626447,655.35,655.35,1.933,0.03759042,-0.03289107,-0.006378896,0.01950652,-0.03431486,-9.794083,0.04234537,1.3211684,2.4226492,1.7424152,0,0.124,0.352,194.682
01:39.6,4,7.53,15.4291696,75.015909,724.812,0.12126038,219.805798,655.35,655.35,1.852,0.023659383,-0.04960885,-0.022730238,0.03930855,-0.065666125,-9.794177,0.04234537,1.3591506,2.5157848,1.7205448,0,0.126,0.348,194.688
01:39.6,4,7.53,15.4291696,75.01590905,724.826,0.11564384,240.985149,655.35,655.35,1.771,0.009728345,-0.06632663,-0.03908158,0.05911058,-0.09701739,-9.794271,0.04234537,1.3971328,2.6089204,1.6986744,0,0.128,0.344,194.694
01:39.6,4,7.53,15.4291696,75.0159091,724.84,0.1100273,262.1645,655.35,655.35,1.69,-0.030377843,-0.047614,-0.051762125,0.17239129,-0.002946645,-9.827963,0.04234537,1.435115,2.702056,1.676804,0,0.13,0.34,194.7
01:39.7,4,7.53,15.42916955,75.01590913,724.85,0.12485033,249.65203,655.35,655.35,1.766,-0.07048403,-0.02890137,-0.06444267,0.285672,0.0911241,-9.861655,0.045168396,1.4465852,2.6458948,1.7465018,0,0.112,0.358,194.624
01:39.7,4,7.53,15.4291695,75.01590916,724.86,0.13967336,237.13956,655.35,655.35,1.842,-0.0551728,-0.014230064,-0.063446885,0.18160407,0.06088466,-9.8314815,0.047991422,1.4580554,2.5897336,1.8161996,0,0.094,0.376,194.548
01:39.7,4,7.53,15.42916945,75.01590919,724.87,0.15449639,224.62709,655.35,655.35,1.918,-0.03986157,0.000441242,-0.0624511,0.07753614,0.03064522,-9.801308,0.050814448,1.4695256,2.5335724,1.8858974,0,0.076,0.394,194.472
01:39.7,4,7.53,15.4291694,75.01590922,724.88,0.16931942,212.11462,655.35,655.35,1.994,-0.01276088,-0.016085524,-0.067176075,0.12447162,0.031124965,-9.7845805,0.053637474,1.4809958,2.4774112,1.9555952,0,0.058,0.412,194.396
01:39.7,4,7.53,15.42916935,75.01590925,724.89,0.18414245,199.60215,655.35,655.35,2.07,0.01433981,-0.03261229,-0.07190105,0.1714071,0.03160471,-9.767853,0.0564605,1.492466,2.42125,2.025293,0,0.04,0.43,194.32
01:39.8,4,7.53,15.4291693,75.01590928,724.9,0.19896548,187.08968,655.35,655.35,2.146,-0.00241408,0.02363018,-0.038056837,0.18539895,0.113163005,-9.817855,0.07509246,1.5793118,2.540401,2.0974798,0,0.03,0.438,194.264
01:39.8,4,7.53,15.42916925,75.01590931,724.91,0.21378851,174.57721,655.35,655.35,2.222,-0.01916797,0.07987265,-0.004212625,0.1993908,0.1947213,-9.867857,0.09372442,1.6661576,2.659552,2.1696666,0,0.02,0.446,194.208
01:39.8,4,7.53,15.4291692,75.01590934,724.92,0.22861154,162.06474,655.35,655.35,2.298,-0.01886277,0.043513546,-0.019562448,0.20317515,0.1679994,-9.861334,0.11235638,1.7530034,2.778703,2.2418534,0,0.01,0.454,194.152
01:39.8,4,7.53,15.42916915,75.01590937,724.93,0.24343457,149.55227,655.35,655.35,2.374,-0.01855757,0.007154441,-0.03491227,0.2069595,0.1412775,-9.854811,0.13098834,1.8398492,2.897854,2.3140402,0,0,0.462,194.096
01:39.8,4,7.53,15.4291691,75.0159094,724.94,0.2582576,137.0398,655.35,655.35,2.45,0.0091537,-0.009422004,-0.0017432,0.19782455,0.12395905,-9.8142345,0.1496203,1.926695,3.017005,2.386227,0,-0.01,0.47,194.04
01:39.9,4,7.53,15.42916924,75.01590938,724.941,0.25151482,129.033433,655.35,655.35,2.434,0.03686497,-0.02599845,0.03142587,0.1886896,0.1066406,-9.773658,0.14623268,1.82619,2.8742194,2.317892,0,0.012,0.452,194.142
01:39.9,4,7.53,15.42916938,75.01590936,724.942,0.24477204,121.027066,655.35,655.35,2.418,0.026230875,-0.051930695,0.077088335,0.128202965,0.1338334,-9.780075,0.14284506,1.725685,2.7314338,2.249557,0,0.034,0.434,194.244
01:39.9,4,7.53,15.42916952,75.01590934,724.943,0.23802926,113.020699,655.35,655.35,2.402,0.01559678,-0.07786294,0.1227508,0.06771633,0.1610262,-9.786492,0.13945744,1.62518,2.5886482,2.181222,0,0.056,0.416,194.346
01:39.9,4,7.53,15.42916966,75.01590932,724.944,0.23128648,105.014332,655.35,655.35,2.386,-0.001836625,-0.016943145,0.13646415,0.162470415,0.14356715,-9.781097,0.13606982,1.524675,2.4458626,2.112887,0,0.078,0.398,194.448
01:39.9,4,7.53,15.4291698,75.0159093,724.945,0.2245437,97.007965,655.35,655.35,2.37,-0.01927003,0.04397665,0.1501775,0.2572245,0.1261081,-9.775702,0.1326822,1.42417,2.303077,2.044552,0,0.1,0.38,194.55
01:40.0,4,7.53,15.42916994,75.01590928,724.946,0.21780092,89.001598,655.35,655.35,2.354,0.018451295,-0.00784995,0.10129046,0.15927244,0.028555045,-9.7963875,0.09711208,1.4759798,2.3364426,2.0233688,0,0.102,0.376,194.56
01:40.0,4,7.53,15.42917008,75.01590926,724.947,0.21105814,80.995231,655.35,655.35,2.338,0.05617262,-0.05967655,0.05240342,0.06132038,-0.06899801,-9.817073,0.06154196,1.5277896,2.3698082,2.0021856,0,0.104,0.372,194.57
01:40.0,4,7.53,15.42917022,75.01590924,724.948,0.20431536,72.988864,655.35,655.35,2.322,0.026698395,0.00819651,-0.013060815,0.057758965,-0.094780605,-9.814902,0.02597184,1.5795994,2.4031738,1.9810024,0,0.106,0.368,194.58
01:40.0,4,7.53,15.42917036,75.01590922,724.949,0.19757258,64.982497,655.35,655.35,2.306,-0.00277583,0.07606957,-0.07852505,0.05419755,-0.1205632,-9.812731,-0.00959828,1.6314092,2.4365394,1.9598192,0,0.108,0.364,194.59
01:40.0,4,7.53,15.4291705,75.0159092,724.95,0.1908298,56.97613,655.35,655.35,2.29,-0.009147695,0.0222171,-0.100398375,0.03513225,-0.103260845,-9.8074735,-0.0451684,1.683219,2.469905,1.938636,0,0.11,0.36,194.6
01:40.1,4,7.53,15.42917063,75.01590916,724.945,0.19523852,63.667817,655.35,655.35,2.311,-0.01551956,-0.03163537,-0.1222717,0.01606695,-0.08595849,-9.802216,-0.02823025,1.7133762,2.3689954,1.983602,0,0.094,0.376,194.492
01:40.1,4,7.53,15.42917076,75.01590912,724.94,0.19964724,70.359504,655.35,655.35,2.332,-0.018635165,-0.010845668,-0.108186175,0.048068255,-0.036095995,-9.796664,-0.0112921,1.7435334,2.2680858,2.028568,0,0.078,0.392,194.384
01:40.1,4,7.53,15.42917089,75.01590908,724.935,0.20405596,77.051191,655.35,655.35,2.353,-0.02175077,0.009944035,-0.09410065,0.08006956,0.0137665,-9.791112,0.00564605,1.7736906,2.1671762,2.073534,0,0.062,0.408,194.276
01:40.1,4,7.53,15.42917102,75.01590904,724.93,0.20846468,83.742878,655.35,655.35,2.374,-0.054284905,0.033473462,-0.04032843,0.08034782,0.05308599,-9.812265,0.0225842,1.8038478,2.0662666,2.1185,0,0.046,0.424,194.168
01:40.1,4,7.53,15.42917115,75.015909,724.925,0.2128734,90.434565,655.35,655.35,2.395,-0.08681904,0.05700289,0.01344379,0.08062608,0.09240548,-9.833418,0.03952235,1.834005,1.965357,2.163466,0,0.03,0.44,194.06
01:40.2,4,7.53,15.42917128,75.01590896,724.92,0.21728212,97.126252,655.35,655.35,2.416,0.01177013,-0.033238205,0.058290645,0.18769914,0.16041054,-9.7961045,0.02935946,1.8327806,2.0915266,2.1652568,0,0.024,0.45,194.178
01:40.2,4,7.53,15.42917141,75.01590892,724.915,0.22169084,103.817939,655.35,655.35,2.437,0.1103593,-0.1234793,0.1031375,0.2947722,0.2284156,-9.758791,0.01919657,1.8315562,2.2176962,2.1670476,0,0.018,0.46,194.296
01:40.2,4,7.53,15.42917154,75.01590888,724.91,0.22609956,110.509626,655.35,655.35,2.458,0.038181375,-0.01935009,0.11540945,0.27824785,0.116749177,-9.792073,0.00903368,1.8303318,2.3438658,2.1688384,0,0.012,0.47,194.414
01:40.2,4,7.53,15.42917167,75.01590884,724.905,0.23050828,117.201313,655.35,655.35,2.479,-0.03399655,0.08477912,0.1276814,0.2617235,0.005082753,-9.825355,-0.00112921,1.8291074,2.4700354,2.1706292,0,0.006,0.48,194.532
01:40.2,4,7.53,15.4291718,75.0159088,724.9,0.234917,123.893,655.35,655.35,2.5,-0.030956205,0.010073925,0.078938745,0.1903185,0.056396577,-9.8115675,-0.0112921,1.827883,2.596205,2.17242,0,0,0.49,194.65
01:40.3,4,7.53,15.42917183,75.0159088,724.895,0.26633796,127.16466,655.35,655.35,2.655,-0.02791586,-0.06463127,0.03019609,0.1189135,0.1077104,-9.79778,0.0344409,1.872824,2.5624444,2.215328,0,0,0.49,194.592
01:40.3,4,7.53,15.42917186,75.0159088,724.89,0.29775892,130.43632,655.35,655.35,2.81,0.023665725,-0.043682955,-0.03111976,0.24335545,0.042582075,-9.7835145,0.0801739,1.917765,2.5286838,2.258236,0,0,0.49,194.534
01:40.3,4,7.53,15.42917189,75.0159088,724.885,0.32917988,133.70798,655.35,655.35,2.965,0.07524731,-0.02273464,-0.09243561,0.3677974,-0.02254625,-9.769249,0.1259069,1.962706,2.4949232,2.301144,0,0,0.49,194.476
01:40.3,4,7.53,15.42917192,75.0159088,724.88,0.36060084,136.97964,655.35,655.35,3.12,0.018878455,-0.012849357,-0.08372548,0.204170985,0.106142025,-9.8033445,0.1716399,2.007647,2.4611626,2.344052,0,0,0.49,194.418
01:40.3,4,7.53,15.42917195,75.0159088,724.875,0.3920218,140.2513,655.35,655.35,3.275,-0.0374904,-0.002964074,-0.07501535,0.04054457,0.2348303,-9.83744,0.2173729,2.052588,2.427402,2.38696,0,0,0.49,194.36
01:40.4,4,7.53,15.42917198,75.0159088,724.87,0.42344276,143.52296,655.35,655.35,3.43,0.0350985,-0.047058297,-0.057057585,0.163715185,0.141943945,-9.7865365,0.2060808,1.9764018,2.3838884,2.3202796,0,0.014,0.474,194.358
01:40.4,4,7.53,15.42917201,75.0159088,724.865,0.45486372,146.79462,655.35,655.35,3.585,0.1076874,-0.09115252,-0.03909982,0.2868858,0.04905759,-9.735633,0.1947887,1.9002156,2.3403748,2.2535992,0,0.028,0.458,194.356
01:40.4,4,7.53,15.42917204,75.0159088,724.86,0.48628468,150.06628,655.35,655.35,3.74,0.005687935,-0.00022699,0.0117403,0.27039825,0.115986295,-9.787917,0.1834966,1.8240294,2.2968612,2.1869188,0,0.042,0.442,194.354
01:40.4,4,7.53,15.42917207,75.0159088,724.855,0.51770564,153.33794,655.35,655.35,3.895,-0.09631153,0.09069854,0.06258042,0.2539107,0.182915,-9.840201,0.1722045,1.7478432,2.2533476,2.1202384,0,0.056,0.426,194.352
01:40.4,4,7.53,15.4291721,75.0159088,724.85,0.5491266,156.6096,655.35,655.35,4.05,-0.00547491,0.000322735,0.06067915,0.21406315,0.07796471,-9.82827,0.1609124,1.671657,2.209834,2.053558,0,0.07,0.41,194.35
01:40.5,4,7.532,15.42917195,75.01590885,724.85,0.51437256,154.58934,655.35,655.35,3.966,0.08536171,-0.09005307,0.05877788,0.1742156,-0.02698558,-9.816339,0.16825226,1.7279952,2.2582006,2.1115866,0,0.068,0.412,194.398
01:40.5,4,7.534,15.4291718,75.0159089,724.85,0.47961852,152.56908,655.35,655.35,3.882,0.03689618,-0.013207515,0.050128055,0.074810455,0.000507465,-9.7912595,0.17559212,1.7843334,2.3065672,2.1696152,0,0.066,0.414,194.446
01:40.5,4,7.536,15.42917165,75.01590895,724.85,0.44486448,150.54882,655.35,655.35,3.798,-0.01156935,0.06363804,0.04147823,-0.02459469,0.02800051,-9.76618,0.18293198,1.8406716,2.3549338,2.2276438,0,0.064,0.416,194.494
01:40.5,4,7.538,15.4291715,75.015909,724.85,0.41011044,148.52856,655.35,655.35,3.714,-0.005474503,0.000816625,0.021513192,0.050734055,-0.02527359,-9.8117855,0.19027184,1.8970098,2.4033004,2.2856724,0,0.062,0.418,194.542
01:40.5,4,7.54,15.42917135,75.01590905,724.85,0.3753564,146.5083,655.35,655.35,3.63,0.000620345,-0.06200479,0.001548154,0.1260628,-0.07854769,-9.857391,0.1976117,1.953348,2.451667,2.343701,0,0.06,0.42,194.59
01:40.6,4,7.542,15.4291712,75.0159091,724.85,0.34060236,144.48804,655.35,655.35,3.546,-0.020908727,0.006190765,-0.018063743,0.1324993,-0.010808875,-9.8079055,0.22076052,1.8975826,2.304832,2.3245072,0,0.048,0.436,194.526
01:40.6,4,7.544,15.42917105,75.01590915,724.85,0.30584832,142.46778,655.35,655.35,3.462,-0.0424378,0.07438632,-0.03767564,0.1389358,0.05692994,-9.75842,0.24390934,1.8418172,2.157997,2.3053134,0,0.036,0.452,194.462
01:40.6,4,7.546,15.4291709,75.0159092,724.85,0.27109428,140.44752,655.35,655.35,3.378,-0.031286555,0.03060966,-0.060648415,0.16211325,0.03573813,-9.794937,0.26705816,1.7860518,2.011162,2.2861196,0,0.024,0.468,194.398
01:40.6,4,7.548,15.42917075,75.01590925,724.85,0.23634024,138.42726,655.35,655.35,3.294,-0.02013531,-0.013167,-0.08362119,0.1852907,0.01454632,-9.831454,0.29020698,1.7302864,1.864327,2.2669258,0,0.012,0.484,194.334
01:40.6,4,7.55,15.4291706,75.0159093,724.85,0.2015862,136.407,655.35,655.35,3.21,0.01569143,-0.016595015,-0.076736385,0.18124095,0.09410236,-9.8189995,0.3133558,1.674521,1.717492,2.247732,0,0,0.5,194.27
01:40.7,4,7.55,15.42917058,75.01590933,724.851,0.190488485,135.99792,655.35,655.35,3.212,0.05151817,-0.02002303,-0.06985158,0.1771912,0.1736584,-9.806545,0.27270424,1.6451896,1.863691,2.1937958,0,-0.004,0.498,194.272
01:40.7,4,7.55,15.42917056,75.01590936,724.852,0.17939077,135.58884,655.35,655.35,3.214,-0.015395975,0.019295045,-0.018946285,0.26512675,0.23423325,-9.804248,0.23205268,1.6158582,2.00989,2.1398596,0,-0.008,0.496,194.274
01:40.7,4,7.55,15.42917054,75.01590939,724.853,0.168293055,135.17976,655.35,655.35,3.216,-0.08231012,0.05861312,0.03195901,0.3530623,0.2948081,-9.801951,0.19140112,1.5865268,2.156089,2.0859234,0,-0.012,0.494,194.276
01:40.7,4,7.55,15.42917052,75.01590942,724.854,0.15719534,134.77068,655.35,655.35,3.218,-0.025837815,-0.009274355,0.072857905,0.274059,0.22166655,-9.796264,0.15074956,1.5571954,2.302288,2.0319872,0,-0.016,0.492,194.278
01:40.7,4,7.55,15.4291705,75.01590945,724.855,0.146097625,134.3616,655.35,655.35,3.22,0.03063449,-0.07716183,0.1137568,0.1950557,0.148525,-9.790577,0.110098,1.527864,2.448487,1.978051,0,-0.02,0.49,194.28
01:40.8,4,7.55,15.42917048,75.01590948,724.856,0.13499991,133.95252,655.35,655.35,3.222,0.020198404,-0.019463245,0.093190705,0.1828018,0.099967865,-9.771722,0.12590694,1.6177546,2.4348196,2.0211692,0,-0.014,0.484,194.328
01:40.8,4,7.55,15.42917046,75.01590951,724.857,0.123902195,133.54344,655.35,655.35,3.224,0.009762317,0.03823534,0.07262461,0.1705479,0.05141073,-9.752867,0.14171588,1.7076452,2.4211522,2.0642874,0,-0.008,0.478,194.376
01:40.8,4,7.55,15.42917044,75.01590954,724.858,0.11280448,133.13436,655.35,655.35,3.226,0.016566809,-0.025468875,0.028771165,0.14141005,0.006555885,-9.769045,0.15752482,1.7975358,2.4074848,2.1074056,0,-0.002,0.472,194.424
01:40.8,4,7.55,15.42917042,75.01590957,724.859,0.101706765,132.72528,655.35,655.35,3.228,0.0233713,-0.08917309,-0.01508228,0.1122722,-0.03829896,-9.785223,0.17333376,1.8874264,2.3938174,2.1505238,0,0.004,0.466,194.472
01:40.8,4,7.55,15.4291704,75.0159096,724.86,0.09060905,132.3162,655.35,655.35,3.23,-2.82E-05,-0.01159938,-0.03202016,0.1361914,-0.038220625,-9.791024,0.1891427,1.977317,2.38015,2.193642,0,0.01,0.46,194.52
01:40.9,4,7.55,15.4291704,75.01590968,724.874,0.097248145,128.08458,655.35,655.35,3.067,-0.02342765,0.06597433,-0.04895804,0.1601106,-0.03814229,-9.796825,0.12534234,1.9976456,2.4057078,2.1990564,0,0.02,0.458,194.436
01:40.9,4,7.55,15.4291704,75.01590976,724.888,0.10388724,123.85296,655.35,655.35,2.904,-0.011500707,-0.004198475,-0.065350925,0.122986285,0.02295772,-9.796671,0.06154198,2.0179742,2.4312656,2.2044708,0,0.03,0.456,194.352
01:40.9,4,7.55,15.4291704,75.01590984,724.902,0.110526335,119.62134,655.35,655.35,2.741,0.000426237,-0.07437128,-0.08174381,0.08586197,0.08405773,-9.796517,-0.00225838,2.0383028,2.4568234,2.2098852,0,0.04,0.454,194.268
01:40.9,4,7.55,15.4291704,75.01590992,724.916,0.11716543,115.38972,655.35,655.35,2.578,0.040816713,-0.061061855,-0.08594349,0.141627985,0.07945956,-9.789733,-0.06605874,2.0586314,2.4823812,2.2152996,0,0.05,0.452,194.184
01:40.9,4,7.55,15.4291704,75.01591,724.93,0.123804525,111.1581,655.35,655.35,2.415,0.08120719,-0.04775243,-0.09014317,0.197394,0.07486139,-9.782949,-0.1298591,2.07896,2.507939,2.220714,0,0.06,0.45,194.1
01:41.0,4,7.55,15.4291704,75.01591008,724.944,0.13044362,106.92648,655.35,655.35,2.252,0.02646708,0.0043805,-0.0353563,0.18967345,0.098599145,-9.827396,-0.09033676,2.0287212,2.4298396,2.2489722,0,0.068,0.434,194.096
01:41.0,4,7.55,15.4291704,75.01591016,724.958,0.137082715,102.69486,655.35,655.35,2.089,-0.02827303,0.05651343,0.01943057,0.1819529,0.1223369,-9.871843,-0.05081442,1.9784824,2.3517402,2.2772304,0,0.076,0.418,194.092
01:41.0,4,7.55,15.4291704,75.01591024,724.972,0.14372181,98.46324,655.35,655.35,1.926,0.006916385,-0.010385905,0.01233613,0.22790185,0.1417216,-9.8316475,-0.01129208,1.9282436,2.2736408,2.3054886,0,0.084,0.402,194.088
01:41.0,4,7.55,15.4291704,75.01591032,724.986,0.150360905,94.23162,655.35,655.35,1.763,0.0421058,-0.07728524,0.00524169,0.2738508,0.1611063,-9.791452,0.02823026,1.8780048,2.1955414,2.3337468,0,0.092,0.386,194.084
01:41.0,4,7.55,15.4291704,75.0159104,725,0.157,90,655.35,655.35,1.6,-0.012194225,-0.020563535,0.00940032,0.154750815,0.096764215,-9.788533,0.0677526,1.827766,2.117442,2.362005,0,0.1,0.37,194.08
01:41.1,4,7.55,15.42917015,75.01591051,725.006,0.17312484,94.60185,655.35,655.35,1.763,-0.06649425,0.03615817,0.01355895,0.03565083,0.03242213,-9.785614,0.07735088,1.7783876,2.068002,2.2826804,0,0.122,0.35,194.092
01:41.1,4,7.55,15.4291699,75.01591062,725.012,0.18924968,99.2037,655.35,655.35,1.926,-0.030896412,0.045020615,0.013788265,0.089049965,-0.034988235,-9.7915985,0.08694916,1.7290092,2.018562,2.2033558,0,0.144,0.33,194.104
01:41.1,4,7.55,15.42916965,75.01591073,725.018,0.20537452,103.80555,655.35,655.35,2.089,0.004701427,0.05388306,0.01401758,0.1424491,-0.1023986,-9.797583,0.09654744,1.6796308,1.969122,2.1240312,0,0.166,0.31,194.116
01:41.1,4,7.55,15.4291694,75.01591084,725.024,0.22149936,108.4074,655.35,655.35,2.252,0.012183053,-0.03719027,0.01904925,0.0935818,0.0281177,-9.7648295,0.10614572,1.6302524,1.919682,2.0447066,0,0.188,0.29,194.128
01:41.1,4,7.55,15.42916915,75.01591095,725.03,0.2376242,113.00925,655.35,655.35,2.415,0.01966468,-0.1282636,0.02408092,0.0447145,0.158634,-9.732076,0.115744,1.580874,1.870242,1.965382,0,0.21,0.27,194.14
01:41.2,4,7.55,15.4291689,75.01591106,725.036,0.25374904,117.6111,655.35,655.35,2.578,-0.02291898,0.00452735,0.07296281,0.1166407,0.0905429,-9.790004,0.06662338,1.6592886,1.9089928,2.0247782,0,0.214,0.268,194.238
01:41.2,4,7.55,15.42916865,75.01591117,725.042,0.26987388,122.21295,655.35,655.35,2.741,-0.06550264,0.1373183,0.1218447,0.1885669,0.0224518,-9.847932,0.01750276,1.7377032,1.9477436,2.0841744,0,0.218,0.266,194.336
01:41.2,4,7.55,15.4291684,75.01591128,725.048,0.28599872,126.8148,655.35,655.35,2.904,-0.01773601,-0.0139781,0.105859965,0.17940965,0.03760751,-9.787248,-0.03161786,1.8161178,1.9864944,2.1435706,0,0.222,0.264,194.434
01:41.2,4,7.55,15.42916815,75.01591139,725.054,0.30212356,131.41665,655.35,655.35,3.067,0.03003062,-0.1652745,0.08987523,0.1702524,0.05276322,-9.726564,-0.08073848,1.8945324,2.0252452,2.2029668,0,0.226,0.262,194.532
01:41.2,4,7.55,15.4291679,75.0159115,725.06,0.3182484,136.0185,655.35,655.35,3.23,0.012118599,-0.09154834,0.00580706,0.20340665,0.000325495,-9.786569,-0.1298591,1.972947,2.063996,2.262363,0,0.23,0.26,194.63
01:41.3,4,7.55,15.42916755,75.01591163,725.072,0.295328615,146.96161,655.35,655.35,3.064,-0.005793422,-0.01782218,-0.07826111,0.2365609,-0.05211223,-9.846574,-0.1061457,1.8540964,2.1149008,2.1663476,0,0.236,0.252,194.466
01:41.3,4,7.55,15.4291672,75.01591176,725.084,0.27240883,157.90472,655.35,655.35,2.898,0.025522164,-0.02007181,-0.125680155,0.1857951,-0.101193065,-9.8162815,-0.0824323,1.7352458,2.1658056,2.0703322,0,0.242,0.244,194.302
01:41.3,4,7.55,15.42916685,75.01591189,725.096,0.249489045,168.84783,655.35,655.35,2.732,0.05683775,-0.02232144,-0.1730992,0.1350293,-0.1502739,-9.785989,-0.0587189,1.6163952,2.2167104,1.9743168,0,0.248,0.236,194.138
01:41.3,4,7.55,15.4291665,75.01591202,725.108,0.22656926,179.79094,655.35,655.35,2.566,0.051621685,-0.022141625,-0.18879615,0.108952845,-0.054636665,-9.7953185,-0.0350055,1.4975446,2.2676152,1.8783014,0,0.254,0.228,193.974
01:41.3,4,7.55,15.42916615,75.01591215,725.12,0.203649475,190.73405,655.35,655.35,2.4,0.04640562,-0.02196181,-0.2044931,0.08287639,0.04100057,-9.804648,-0.0112921,1.378694,2.31852,1.782286,0,0.26,0.22,193.81
01:41.4,4,7.55,15.4291658,75.01591228,725.132,0.18072969,201.67716,655.35,655.35,2.234,0.02842731,-0.010180792,-0.117850565,0.122288945,0.122723335,-9.8309975,0.04065156,1.3519894,2.3441154,1.7742424,0,0.238,0.236,193.848
01:41.4,4,7.55,15.42916545,75.01591241,725.144,0.157809905,212.62027,655.35,655.35,2.068,0.010449,0.001600227,-0.03120803,0.1617015,0.2044461,-9.857347,0.09259522,1.3252848,2.3697108,1.7661988,0,0.216,0.252,193.886
01:41.4,4,7.55,15.4291651,75.01591254,725.156,0.13489012,223.56338,655.35,655.35,1.902,-0.005074455,-0.003539117,0.082816635,0.127413485,0.2152296,-9.8182355,0.14453888,1.2985802,2.3953062,1.7581552,0,0.194,0.268,193.924
01:41.4,4,7.55,15.42916475,75.01591267,725.168,0.111970335,234.50649,655.35,655.35,1.736,-0.02059791,-0.00867846,0.1968413,0.09312547,0.2260131,-9.779124,0.19648254,1.2718756,2.4209016,1.7501116,0,0.172,0.284,193.962
01:41.4,4,7.55,15.4291644,75.0159128,725.18,0.08905055,245.4496,655.35,655.35,1.57,0.014866705,-0.01847923,0.2148787,0.08710158,0.09925379,-9.766872,0.2484262,1.245171,2.446497,1.742068,0,0.15,0.3,194
01:41.5,4,7.55,15.42916418,75.01591299,725.211,0.098302865,227.29047,655.35,655.35,1.623,0.05033132,-0.02828,0.2329161,0.08107769,-0.02750552,-9.75462,0.2264066,1.357196,2.445139,1.8455392,0,0.146,0.31,194.1
01:41.5,4,7.55,15.42916396,75.01591318,725.242,0.10755518,209.13134,655.35,655.35,1.676,0.021543911,-0.000763405,0.139641565,0.099236145,-0.04853149,-9.806492,0.204387,1.469221,2.443781,1.9490104,0,0.142,0.32,194.2
01:41.5,4,7.55,15.42916374,75.01591337,725.273,0.116807495,190.97221,655.35,655.35,1.729,-0.007243499,0.02675319,0.04636703,0.1173946,-0.06955746,-9.858364,0.1823674,1.581246,2.442423,2.0524816,0,0.138,0.33,194.3
01:41.5,4,7.55,15.42916352,75.01591356,725.304,0.12605981,172.81308,655.35,655.35,1.782,-0.007805879,-0.00106591,-0.036073935,0.14991385,-0.07951809,-9.838398,0.1603478,1.693271,2.441065,2.1559528,0,0.134,0.34,194.4
01:41.5,4,7.55,15.4291633,75.01591375,725.335,0.135312125,154.65395,655.35,655.35,1.835,-0.008368258,-0.02888501,-0.1185149,0.1824331,-0.08947872,-9.818432,0.1383282,1.805296,2.439707,2.259424,0,0.13,0.35,194.5
01:41.6,4,7.55,15.42916308,75.01591394,725.366,0.14456444,136.49482,655.35,655.35,1.888,-0.012594164,0.013854785,-0.1372576,0.14736945,-0.08299306,-9.7945035,0.15131412,1.6869132,2.3936238,2.1392612,0,0.102,0.376,194.344
01:41.6,4,7.55,15.42916286,75.01591413,725.397,0.153816755,118.33569,655.35,655.35,1.941,-0.01682007,0.05659458,-0.1560003,0.1123058,-0.0765074,-9.770575,0.16430004,1.5685304,2.3475406,2.0190984,0,0.074,0.402,194.188
01:41.6,4,7.55,15.42916264,75.01591432,725.428,0.16306907,100.17656,655.35,655.35,1.994,-0.013282187,0.007246585,-0.1285737,0.145025,0.0247883,-9.774121,0.17728596,1.4501476,2.3014574,1.8989356,0,0.046,0.428,194.032
01:41.6,4,7.55,15.42916242,75.01591451,725.459,0.172321385,82.01743,655.35,655.35,2.047,-0.009744304,-0.04210141,-0.1011471,0.1777442,0.126084,-9.777667,0.19027188,1.3317648,2.2553742,1.7787728,0,0.018,0.454,193.876
01:41.6,4,7.55,15.4291622,75.0159147,725.49,0.1815737,63.8583,655.35,655.35,2.1,0.013754273,-0.00282226,-0.049034315,0.25178795,0.19158655,-9.797614,0.2032578,1.213382,2.209291,1.65861,0,-0.01,0.48,193.72
01:41.7,4,7.55,15.42916195,75.01591493,725.525,0.19164203,68.65638,655.35,655.35,2.081,0.03725285,0.03645689,0.003078471,0.3258317,0.2570891,-9.817561,0.164300055,1.1985198,2.2375206,1.6590628,0,-0.014,0.488,193.802
01:41.7,4,7.55,15.4291617,75.01591516,725.56,0.20171036,73.45446,655.35,655.35,2.062,0.036680595,-0.00330511,0.056368886,0.29305035,0.2881592,-9.7834805,0.12534231,1.1836576,2.2657502,1.6595156,0,-0.018,0.496,193.884
01:41.7,4,7.55,15.42916145,75.01591539,725.595,0.21177869,78.25254,655.35,655.35,2.043,0.03610834,-0.04306711,0.1096593,0.260269,0.3192293,-9.7494,0.086384565,1.1687954,2.2939798,1.6599684,0,-0.022,0.504,193.966
01:41.7,4,7.55,15.4291612,75.01591562,725.63,0.22184702,83.05062,655.35,655.35,2.024,0.02685312,0.0112135,0.12748615,0.2109957,0.2342475,-9.7906035,0.04742682,1.1539332,2.3222094,1.6604212,0,-0.026,0.512,194.048
01:41.7,4,7.55,15.42916095,75.01591585,725.665,0.23191535,87.8487,655.35,655.35,2.005,0.0175979,0.06549411,0.145313,0.1617224,0.1492657,-9.831807,0.008469075,1.139071,2.350439,1.660874,0,-0.03,0.52,194.13
01:41.8,4,7.55,15.4291607,75.01591608,725.7,0.24198368,92.64678,655.35,655.35,1.986,0.039898765,0.005161715,0.10799442,0.233848,0.1430424,-9.8019145,-0.00564605,1.1526618,2.2659402,1.6110046,0,-0.024,0.508,194.162
01:41.8,4,7.55,15.42916045,75.01591631,725.735,0.25205201,97.44486,655.35,655.35,1.967,0.06219963,-0.05517068,0.07067584,0.3059736,0.1368191,-9.772022,-0.019761175,1.1662526,2.1814414,1.5611352,0,-0.018,0.496,194.194
01:41.8,4,7.55,15.4291602,75.01591654,725.77,0.26212034,102.24294,655.35,655.35,1.948,0.04003146,-0.027890769,0.00862168,0.200085505,0.07016093,-9.796666,-0.0338763,1.1798434,2.0969426,1.5112658,0,-0.012,0.484,194.226
01:41.8,4,7.55,15.42915995,75.01591677,725.805,0.27218867,107.04102,655.35,655.35,1.929,0.01786329,-0.000610859,-0.05343248,0.09419741,0.003502759,-9.82131,-0.047991425,1.1934342,2.0124438,1.4613964,0,-0.006,0.472,194.258
01:41.8,4,7.55,15.4291597,75.015917,725.84,0.282257,111.8391,655.35,655.35,1.91,0.02871729,-0.013528859,-0.09863234,0.112725205,-0.035914771,-9.7987955,-0.06210655,1.207025,1.927945,1.411527,0,0,0.46,194.29
01:41.9,4,7.55,15.42915942,75.01591717,725.857,0.27857045,114.23774,655.35,655.35,1.972,0.03957129,-0.02644686,-0.1438322,0.131253,-0.0753323,-9.776281,-0.01976118,1.21244,2.0609316,1.419696,0,0.006,0.452,194.162
01:41.9,4,7.55,15.42915914,75.01591734,725.874,0.2748839,116.63638,655.35,655.35,2.034,0.033513095,-0.025427475,-0.12462615,0.09923515,-0.002723845,-9.7902395,0.02258419,1.217855,2.1939182,1.427865,0,0.012,0.444,194.034
01:41.9,4,7.55,15.42915886,75.01591751,725.891,0.27119735,119.03502,655.35,655.35,2.096,0.0274549,-0.02440809,-0.1054201,0.0672173,0.06988461,-9.804198,0.06492956,1.22327,2.3269048,1.436034,0,0.018,0.436,193.906
01:41.9,4,7.55,15.42915858,75.01591768,725.908,0.2675108,121.43366,655.35,655.35,2.158,0.00849099,0.012299155,-0.06141765,0.07444501,0.092399905,-9.821865,0.10727493,1.228685,2.4598914,1.444203,0,0.024,0.428,193.778
01:41.9,4,7.55,15.4291583,75.01591785,725.925,0.26382425,123.8323,655.35,655.35,2.22,-0.01047292,0.0490064,-0.0174152,0.08167272,0.1149152,-9.839532,0.1496203,1.2341,2.592878,1.452372,0,0.03,0.42,193.65
01:42.0,4,7.55,15.42915802,75.01591802,725.942,0.2601377,126.23094,655.35,655.35,2.282,0.028612,0.008759935,0.0466498,0.11342546,0.1390274,-9.8010085,0.1496203,1.3439102,2.58181,1.5264194,0,0.028,0.418,193.764
01:42.0,4,7.55,15.42915774,75.01591819,725.959,0.25645115,128.62958,655.35,655.35,2.344,0.06769692,-0.03148653,0.1107148,0.1451782,0.1631396,-9.762485,0.1496203,1.4537204,2.570742,1.6004668,0,0.026,0.416,193.878
01:42.0,4,7.55,15.42915746,75.01591836,725.976,0.2527646,131.02822,655.35,655.35,2.406,0.020367065,0.00234617,0.12000445,0.10435071,0.136706,-9.7891995,0.1496203,1.5635306,2.559674,1.6745142,0,0.024,0.414,193.992
01:42.0,4,7.55,15.42915718,75.01591853,725.993,0.24907805,133.42686,655.35,655.35,2.468,-0.02696279,0.03617887,0.1292941,0.06352322,0.1102724,-9.815914,0.1496203,1.6733408,2.548606,1.7485616,0,0.022,0.412,194.106
01:42.0,4,7.55,15.4291569,75.0159187,726.01,0.2453915,135.8255,655.35,655.35,2.53,0.03077943,-0.01311363,0.093749395,0.23777746,0.1379886,-9.8037495,0.1496203,1.783151,2.537538,1.822609,0,0.02,0.41,194.22
01:42.1,4,7.552,15.42915675,75.01591877,726.012,0.27619167,138.01282,655.35,655.35,2.688,0.08852165,-0.06240613,0.05820469,0.4120317,0.1657048,-9.791585,0.136069784,1.7171318,2.5578398,1.803298,0,0.018,0.414,194.168
01:42.1,4,7.554,15.4291566,75.01591884,726.014,0.30699184,140.20014,655.35,655.35,2.846,0.047674877,-0.023804835,-0.010242795,0.241492145,0.107404905,-9.822847,0.122519268,1.6511126,2.5781416,1.783987,0,0.016,0.418,194.116
01:42.1,4,7.556,15.42915645,75.01591891,726.016,0.33779201,142.38746,655.35,655.35,3.004,0.006828104,0.01479646,-0.07869028,0.07095259,0.04910501,-9.854109,0.108968752,1.5850934,2.5984434,1.764676,0,0.014,0.422,194.064
01:42.1,4,7.558,15.4291563,75.01591898,726.018,0.36859218,144.57478,655.35,655.35,3.162,0.033802542,-0.00525909,-0.11995039,0.140414745,0.00323357,-9.827858,0.095418236,1.5190742,2.6187452,1.745365,0,0.012,0.426,194.012
01:42.1,4,7.56,15.42915615,75.01591905,726.02,0.39939235,146.7621,655.35,655.35,3.32,0.06077698,-0.02531464,-0.1612105,0.2098769,-0.04263787,-9.801607,0.08186772,1.453055,2.639047,1.726054,0,0.01,0.43,193.96
01:42.2,4,7.562,15.429156,75.01591912,726.022,0.43019252,148.94942,655.35,655.35,3.478,0.024598045,-0.02033892,-0.17477225,0.17341665,-0.000805905,-9.843116,0.137199016,1.438512,2.6190844,1.7072774,0,0.01,0.424,193.79
01:42.2,4,7.564,15.42915585,75.01591919,726.024,0.46099269,151.13674,655.35,655.35,3.636,-0.01158089,-0.0153632,-0.188334,0.1369564,0.04102606,-9.884625,0.192530312,1.423969,2.5991218,1.6885008,0,0.01,0.418,193.62
01:42.2,4,7.566,15.4291557,75.01591926,726.026,0.49179286,153.32406,655.35,655.35,3.794,-0.003140813,-0.005813436,-0.141219825,0.14985725,0.09195533,-9.8452655,0.247861608,1.409426,2.5791592,1.6697242,0,0.01,0.412,193.45
01:42.2,4,7.568,15.42915555,75.01591933,726.028,0.52259303,155.51138,655.35,655.35,3.952,0.005299263,0.003736328,-0.09410565,0.1627581,0.1428846,-9.805906,0.303192904,1.394883,2.5591966,1.6509476,0,0.01,0.406,193.28
01:42.2,4,7.57,15.4291554,75.0159194,726.03,0.5533932,157.6987,655.35,655.35,4.11,0.006072842,-0.016191471,-0.07687756,0.17126465,0.1312745,-9.777342,0.3585242,1.38034,2.539234,1.632171,0,0.01,0.4,193.11
01:42.3,4,7.57,15.42915529,75.01591953,726.051,0.54523704,158.95265,655.35,655.35,4.091,0.00684642,-0.03611927,-0.05964947,0.1797712,0.1196644,-9.748778,0.33368158,1.3868734,2.7555032,1.6854408,0,-0.002,0.414,193.086
01:42.3,4,7.57,15.42915518,75.01591966,726.072,0.53708088,160.2066,655.35,655.35,4.072,-0.022348855,0.02284884,-0.035389645,0.20849755,0.14198815,-9.7677575,0.30883896,1.3934068,2.9717724,1.7387106,0,-0.014,0.428,193.062
01:42.3,4,7.57,15.42915507,75.01591979,726.093,0.52892472,161.46055,655.35,655.35,4.053,-0.05154413,0.08181695,-0.01112982,0.2372239,0.1643119,-9.786737,0.28399634,1.3999402,3.1880416,1.7919804,0,-0.026,0.442,193.038
01:42.3,4,7.57,15.42915496,75.01591992,726.114,0.52076856,162.7145,655.35,655.35,4.034,-0.011748125,0.00717845,-0.01031082,0.1972057,0.15612275,-9.755954,0.25915372,1.4064736,3.4043108,1.8452502,0,-0.038,0.456,193.014
01:42.3,4,7.57,15.42915485,75.01592005,726.135,0.5126124,163.96845,655.35,655.35,4.015,0.02804788,-0.06746005,-0.009491819,0.1571875,0.1479336,-9.725171,0.2343111,1.413007,3.62058,1.89852,0,-0.05,0.47,192.99
01:42.4,4,7.57,15.42915474,75.01592018,726.156,0.50445624,165.2224,655.35,655.35,3.996,0.034401175,-0.07464979,-0.042108585,0.1906556,0.04805037,-9.7737485,0.24221556,1.3767522,3.6784794,1.8694458,0,-0.028,0.458,192.948
01:42.4,4,7.57,15.42915463,75.01592031,726.177,0.49630008,166.47635,655.35,655.35,3.977,0.04075447,-0.08183953,-0.07472535,0.2241237,-0.05183286,-9.822326,0.25012002,1.3404974,3.7363788,1.8403716,0,-0.006,0.446,192.906
01:42.4,4,7.57,15.42915452,75.01592044,726.198,0.48814392,167.7303,655.35,655.35,3.958,0.026852215,-0.03422263,-0.04655419,0.19241525,0.07456177,-9.8229455,0.25802448,1.3042426,3.7942782,1.8112974,0,0.016,0.434,192.864
01:42.4,4,7.57,15.42915441,75.01592057,726.219,0.47998776,168.98425,655.35,655.35,3.939,0.01294996,0.01339427,-0.01838303,0.1607068,0.2009564,-9.823565,0.26592894,1.2679878,3.8521776,1.7822232,0,0.038,0.422,192.822
01:42.4,4,7.57,15.4291543,75.0159207,726.24,0.4718316,170.2382,655.35,655.35,3.92,0.01611853,-0.049035765,0.01358254,0.1495681,0.18923115,-9.8031025,0.2738334,1.231733,3.910077,1.753149,0,0.06,0.41,192.78
01:42.5,4,7.57,15.4291544,75.01592074,726.255,0.44780983,170.06883,655.35,655.35,3.831,0.0192871,-0.1114658,0.04554811,0.1384294,0.1775059,-9.78264,0.27101038,1.3704026,3.9378832,1.7747482,0,0.086,0.376,192.828
01:42.5,4,7.57,15.4291545,75.01592078,726.27,0.42378806,169.89946,655.35,655.35,3.742,0.022451905,-0.0446603,0.04330746,0.1395595,0.101252825,-9.81178,0.26818736,1.5090722,3.9656894,1.7963474,0,0.112,0.342,192.876
01:42.5,4,7.57,15.4291546,75.01592082,726.285,0.39976629,169.73009,655.35,655.35,3.653,0.02561671,0.0221452,0.04106681,0.1406896,0.02499975,-9.84092,0.26536434,1.6477418,3.9934956,1.8179466,0,0.138,0.308,192.924
01:42.5,4,7.57,15.4291547,75.01592086,726.3,0.37574452,169.56072,655.35,655.35,3.564,0.03243568,-0.025617915,0.01590996,0.19052505,0.0503868,-9.815195,0.26254132,1.7864114,4.0213018,1.8395458,0,0.164,0.274,192.972
01:42.5,4,7.57,15.4291548,75.0159209,726.315,0.35172275,169.39135,655.35,655.35,3.475,0.03925465,-0.07338103,-0.00924689,0.2403605,0.07577385,-9.78947,0.2597183,1.925081,4.049108,1.861145,0,0.19,0.24,193.02
01:42.6,4,7.57,15.4291549,75.01592094,726.33,0.32770098,169.22198,655.35,655.35,3.386,0.04447257,-0.041073493,-0.046799805,0.25617365,0.074456665,-9.7938385,0.25407224,1.8586814,3.973764,1.870219,0,0.22,0.21,192.942
01:42.6,4,7.57,15.429155,75.01592098,726.345,0.30367921,169.05261,655.35,655.35,3.297,0.04969049,-0.008765956,-0.08435272,0.2719868,0.07313948,-9.798207,0.24842618,1.7922818,3.89842,1.879293,0,0.25,0.18,192.864
01:42.6,4,7.57,15.4291551,75.01592102,726.36,0.27965744,168.88324,655.35,655.35,3.208,0.044383365,-0.043463463,-0.078382355,0.17897034,0.08870339,-9.7807155,0.24278012,1.7258822,3.823076,1.888367,0,0.28,0.15,192.786
01:42.6,4,7.57,15.4291552,75.01592106,726.375,0.25563567,168.71387,655.35,655.35,3.119,0.03907624,-0.07816097,-0.07241199,0.08595388,0.1042673,-9.763224,0.23713406,1.6594826,3.747732,1.897441,0,0.31,0.12,192.708
01:42.6,4,7.57,15.4291553,75.0159211,726.39,0.2316139,168.5445,655.35,655.35,3.03,0.035600525,-0.057116125,-0.02273438,0.13609484,0.11565715,-9.769583,0.231488,1.593083,3.672388,1.906515,0,0.34,0.09,192.63
01:42.7,4,7.57,15.42915532,75.01592111,726.393,0.24006027,168.39195,655.35,655.35,3.112,0.03212481,-0.03607128,0.02694323,0.1862358,0.127047,-9.775942,0.2540722,1.635765,3.7303342,1.911009,0,0.41,0.018,192.652
01:42.7,4,7.57,15.42915534,75.01592112,726.396,0.24850664,168.2394,655.35,655.35,3.194,0.0577253,-0.07505269,0.026578105,0.17070445,0.103170665,-9.770442,0.2766564,1.678447,3.7882804,1.915503,0,0.48,-0.054,192.674
01:42.7,4,7.57,15.42915536,75.01592113,726.399,0.25695301,168.08685,655.35,655.35,3.276,0.08332579,-0.1140341,0.02621298,0.1551731,0.07929433,-9.764942,0.2992406,1.721129,3.8462266,1.919997,0,0.55,-0.126,192.696
01:42.7,4,7.57,15.42915538,75.01592114,726.402,0.26539938,167.9343,655.35,655.35,3.358,0.063086115,-0.084509895,0.010443422,0.13584885,0.038765722,-9.8047695,0.3218248,1.763811,3.9041728,1.924491,0,0.62,-0.198,192.718
01:42.7,4,7.57,15.4291554,75.01592115,726.405,0.27384575,167.78175,655.35,655.35,3.44,0.04284644,-0.05498569,-0.005326137,0.1165246,-0.001762885,-9.844597,0.344409,1.806493,3.962119,1.928985,0,0.69,-0.27,192.74
01:42.8,4,7.57,15.42915542,75.01592116,726.408,0.28229212,167.6292,655.35,655.35,3.522,0.056916365,-0.06315482,0.008071226,0.03065546,0.003253192,-9.8422285,0.33706914,1.9034408,3.9106374,1.9243486,0,0.758,-0.342,192.738
01:42.8,4,7.57,15.42915544,75.01592117,726.411,0.29073849,167.47665,655.35,655.35,3.604,0.07098629,-0.07132395,0.02146859,-0.05521368,0.008269268,-9.83986,0.32972928,2.0003886,3.8591558,1.9197122,0,0.826,-0.414,192.736
01:42.8,4,7.57,15.42915546,75.01592118,726.414,0.29918486,167.3241,655.35,655.35,3.686,0.046097175,-0.034057215,0.015629313,0.10410366,-0.012479466,-9.814093,0.32238942,2.0973364,3.8076742,1.9150758,0,0.894,-0.486,192.734
01:42.8,4,7.57,15.42915548,75.01592119,726.417,0.30763123,167.17155,655.35,655.35,3.768,0.02120806,0.003209521,0.009790036,0.263421,-0.0332282,-9.788326,0.31504956,2.1942842,3.7561926,1.9104394,0,0.962,-0.558,192.732
01:42.8,4,7.57,15.4291555,75.0159212,726.42,0.3160776,167.019,655.35,655.35,3.85,0.048753045,-0.068186839,0.000524541,0.0640026,-0.12066035,-9.8417165,0.3077097,2.291232,3.704711,1.905803,0,1.03,-0.63,192.73
01:42.9,4,7.57,15.42915523,75.01592127,726.42,0.3556123,166.32842,655.35,655.35,3.873,0.07629803,-0.1395832,-0.008740955,-0.1354158,-0.2080925,-9.895107,0.29359458,2.310401,3.6900472,1.972696,0,1.04,-0.638,192.664
01:42.9,4,7.57,15.42915496,75.01592134,726.42,0.395147,165.63784,655.35,655.35,3.896,0.039938305,-0.067461026,-0.039979802,-0.16592765,-0.2247949,-9.8429225,0.27947946,2.32957,3.6753834,2.039589,0,1.05,-0.646,192.598
01:42.9,4,7.57,15.42915469,75.01592141,726.42,0.4346817,164.94726,655.35,655.35,3.919,0.00357858,0.004661149,-0.07121865,-0.1964395,-0.2414973,-9.790738,0.26536434,2.348739,3.6607196,2.106482,0,1.06,-0.654,192.532
01:42.9,4,7.57,15.42915442,75.01592148,726.42,0.4742164,164.25668,655.35,655.35,3.942,-0.019803975,0.022776164,-0.120352075,-0.2218312,-0.3495329,-9.826669,0.25124922,2.367908,3.6460558,2.173375,0,1.07,-0.662,192.466
01:42.9,4,7.57,15.42915415,75.01592155,726.42,0.5137511,163.5661,655.35,655.35,3.965,-0.04318653,0.04089118,-0.1694855,-0.2472229,-0.4575685,-9.8626,0.2371341,2.387077,3.631392,2.240268,0,1.08,-0.67,192.4
01:43.0,4,7.57,15.42915388,75.01592162,726.42,0.5532858,162.87552,655.35,655.35,3.988,-0.04868773,0.01459791,-0.2110745,-0.2033605,-0.31465245,-9.834597,0.18406123,2.3291832,3.7293678,2.2484592,0,1.014,-0.588,192.132
01:43.0,4,7.57,15.42915361,75.01592169,726.42,0.5928205,162.18494,655.35,655.35,4.011,-0.05418893,-0.01169536,-0.2526635,-0.1594981,-0.1717364,-9.806594,0.13098836,2.2712894,3.8273436,2.2566504,0,0.948,-0.506,191.864
01:43.0,4,7.57,15.42915334,75.01592176,726.42,0.6323552,161.49436,655.35,655.35,4.034,-0.03597282,0.06135477,-0.24196135,-0.07223593,-0.085691773,-9.8426855,0.07791549,2.2133956,3.9253194,2.2648416,0,0.882,-0.424,191.596
01:43.0,4,7.57,15.42915307,75.01592183,726.42,0.6718899,160.80378,655.35,655.35,4.057,-0.01775671,0.1344049,-0.2312592,0.01502624,0.000352855,-9.878777,0.02484262,2.1555018,4.0232952,2.2730328,0,0.816,-0.342,191.328
01:43.0,4,7.57,15.4291528,75.0159219,726.42,0.7114246,160.1132,655.35,655.35,4.08,-0.060555405,0.05518926,-0.20964075,0.08030332,-0.003530312,-9.8645315,-0.02823025,2.097608,4.121271,2.281224,0,0.75,-0.26,191.06
01:43.1,4,7.57,15.42915237,75.01592211,726.437,0.69735911,160.44253,655.35,655.35,4.107,-0.1033541,-0.02402638,-0.1880223,0.1455804,-0.007413478,-9.850286,0.05081444,2.0323414,3.9945212,2.2663446,0,0.664,-0.18,190.89
01:43.1,4,7.57,15.42915194,75.01592232,726.454,0.68329362,160.77186,655.35,655.35,4.134,-0.1066358,0.07404631,-0.1556677,0.2079271,0.072467061,-9.83699,0.12985913,1.9670748,3.8677714,2.2514652,0,0.578,-0.1,190.72
01:43.1,4,7.57,15.42915151,75.01592253,726.471,0.66922813,161.10119,655.35,655.35,4.161,-0.1099175,0.172119,-0.1233131,0.2702738,0.1523476,-9.823694,0.20890382,1.9018082,3.7410216,2.2365858,0,0.492,-0.02,190.55
01:43.1,4,7.57,15.42915108,75.01592274,726.488,0.65516264,161.43052,655.35,655.35,4.188,-0.016340675,0.089740893,-0.1364795,0.27603585,0.1894364,-9.729021,0.28794851,1.8365416,3.6142718,2.2217064,0,0.406,0.06,190.38
01:43.1,4,7.57,15.42915065,75.01592295,726.505,0.64109715,161.75985,655.35,655.35,4.215,0.07723615,0.007362786,-0.1496459,0.2817979,0.2265252,-9.634348,0.3669932,1.771275,3.487522,2.206827,0,0.32,0.14,190.21
01:43.2,4,7.57,15.42915022,75.01592316,726.522,0.62703166,162.08918,655.35,655.35,4.242,0.052227375,-0.071559857,-0.1497439,0.213265,0.17110085,-9.71003,0.307709684,1.7169414,3.5233796,2.173921,0,0.34,0.114,190.046
01:43.2,4,7.57,15.42914979,75.01592337,726.539,0.61296617,162.41851,655.35,655.35,4.269,0.0272186,-0.1504825,-0.1498419,0.1447321,0.1156765,-9.785712,0.248426168,1.6626078,3.5592372,2.141015,0,0.36,0.088,189.882
01:43.2,4,7.57,15.42914936,75.01592358,726.556,0.59890068,162.74784,655.35,655.35,4.296,0.00380814,-0.034946035,-0.13041515,0.1510144,0.1092129,-9.8505925,0.189142652,1.6082742,3.5950948,2.108109,0,0.38,0.062,189.718
01:43.2,4,7.57,15.42914893,75.01592379,726.573,0.58483519,163.07717,655.35,655.35,4.323,-0.01960232,0.08059043,-0.1109884,0.1572967,0.1027493,-9.915473,0.129859136,1.5539406,3.6309524,2.075203,0,0.4,0.036,189.554
01:43.2,4,7.57,15.4291485,75.015924,726.59,0.5707697,163.4065,655.35,655.35,4.35,0.024490045,-0.012485335,-0.1143776,0.1763536,0.078732705,-9.8248595,0.07057562,1.499607,3.66681,2.042297,0,0.42,0.01,189.39
01:43.3,4,7.57,15.42914856,75.01592411,726.61,0.519683556,159.40833,655.35,655.35,4.214,0.06858241,-0.1055611,-0.1177668,0.1954105,0.05471611,-9.734246,0.131552956,1.6587402,3.6174652,2.10209,0,0.472,-0.046,189.284
01:43.3,4,7.57,15.42914862,75.01592422,726.63,0.468597412,155.41016,655.35,655.35,4.078,0.080522935,-0.04016194,-0.085636115,0.16314805,0.118331655,-9.7689665,0.192530292,1.8178734,3.5681204,2.161883,0,0.524,-0.102,189.178
01:43.3,4,7.57,15.42914868,75.01592433,726.65,0.417511268,151.41199,655.35,655.35,3.942,0.09246346,0.02523722,-0.05350543,0.1308856,0.1819472,-9.803687,0.253507628,1.9770066,3.5187756,2.221676,0,0.576,-0.158,189.072
01:43.3,4,7.57,15.42914874,75.01592444,726.67,0.366425124,147.41382,655.35,655.35,3.806,0.06070076,-0.06103264,-0.06423914,0.08257975,0.089439995,-9.8407315,0.314484964,2.1361398,3.4694308,2.281469,0,0.628,-0.214,188.966
01:43.3,4,7.57,15.4291488,75.01592455,726.69,0.31533898,143.41565,655.35,655.35,3.67,0.02893806,-0.1473025,-0.07497285,0.0342739,-0.00306721,-9.877776,0.3754623,2.295273,3.420086,2.341262,0,0.68,-0.27,188.86
01:43.4,4,7.57,15.42914886,75.01592466,726.71,0.264252836,139.41748,655.35,655.35,3.534,-0.014889755,-0.052034635,-0.102349125,0.1155074,-0.054463405,-9.8063815,0.33311692,2.3142888,3.350485,2.3391964,0,0.704,-0.29,188.69
01:43.4,4,7.57,15.42914892,75.01592477,726.73,0.213166692,135.41931,655.35,655.35,3.398,-0.05871757,0.04323323,-0.1297254,0.1967409,-0.1058596,-9.734987,0.29077154,2.3333046,3.280884,2.3371308,0,0.728,-0.31,188.52
01:43.4,4,7.57,15.42914898,75.01592488,726.75,0.162080548,131.42114,655.35,655.35,3.262,0.030345965,-0.014646595,-0.18203435,0.04719175,-0.14590945,-9.752693,0.24842616,2.3523204,3.211283,2.3350652,0,0.752,-0.33,188.35
01:43.4,4,7.57,15.42914904,75.01592499,726.77,0.110994404,127.42297,655.35,655.35,3.126,0.1194095,-0.07252642,-0.2343433,-0.1023574,-0.1859593,-9.770399,0.20608078,2.3713362,3.141682,2.3329996,0,0.776,-0.35,188.18
01:43.4,4,7.57,15.4291491,75.0159251,726.79,0.05990826,123.4248,655.35,655.35,2.99,0.06187809,-0.055029495,-0.2451481,-0.0312284,-0.2063586,-9.8388935,0.1637354,2.390352,3.072081,2.330934,0,0.8,-0.37,188.01
01:43.5,4,7.57,15.42914928,75.01592505,726.782,0.073776944,146.15506,655.35,655.35,2.975,0.004346679,-0.03753257,-0.2559529,0.0399006,-0.2267579,-9.907388,0.16825224,2.427405,3.2047366,2.3544162,0,0.736,-0.3,187.712
01:43.5,4,7.57,15.42914946,75.015925,726.774,0.087645628,168.88532,655.35,655.35,2.96,-0.06285316,-0.00469884,-0.2536344,-0.015702075,-0.129313875,-9.904078,0.17276908,2.464458,3.3373922,2.3778984,0,0.672,-0.23,187.414
01:43.5,4,7.57,15.42914964,75.01592495,726.766,0.101514312,191.61558,655.35,655.35,2.945,-0.130053,0.02813489,-0.2513159,-0.07130475,-0.03186985,-9.900768,0.17728592,2.501511,3.4700478,2.4013806,0,0.608,-0.16,187.116
01:43.5,4,7.57,15.42914982,75.0159249,726.758,0.115382996,214.34584,655.35,655.35,2.93,-0.09146873,0.065301045,-0.25092025,-0.010909935,0.000765765,-9.7981525,0.18180276,2.538564,3.6027034,2.4248628,0,0.544,-0.09,186.818
01:43.5,4,7.57,15.42915,75.01592485,726.75,0.12925168,237.0761,655.35,655.35,2.915,-0.05288446,0.1024672,-0.2505246,0.04948488,0.03340138,-9.695537,0.1863196,2.575617,3.735359,2.448345,0,0.48,-0.02,186.52
01:43.6,4,7.57,15.42915018,75.0159248,726.742,0.143120364,259.80636,655.35,655.35,2.9,0.04238227,0.03186519,-0.2763458,0.07270531,-0.02152882,-9.7216495,0.1744629,2.3824574,3.598455,2.3280008,0,0.46,-0.012,186.218
01:43.6,4,7.57,15.42915036,75.01592475,726.734,0.156989048,282.53662,655.35,655.35,2.885,0.137649,-0.03873682,-0.302167,0.09592574,-0.07645902,-9.747762,0.1626062,2.1892978,3.461551,2.2076566,0,0.44,-0.004,185.916
01:43.6,4,7.57,15.42915054,75.0159247,726.726,0.170857732,305.26688,655.35,655.35,2.87,-0.0042577,0.00945269,-0.2846839,0.093936235,-0.086358415,-9.8673145,0.1507495,1.9961382,3.324647,2.0873124,0,0.42,0.004,185.614
01:43.6,4,7.57,15.42915072,75.01592465,726.718,0.184726416,327.99714,655.35,655.35,2.855,-0.1461644,0.0576422,-0.2672008,0.09194673,-0.09625781,-9.986867,0.1388928,1.8029786,3.187743,1.9669682,0,0.4,0.012,185.312
01:43.6,4,7.57,15.4291509,75.0159246,726.71,0.1985951,350.7274,655.35,655.35,2.84,-0.084285035,0.024680562,-0.2245475,0.146100065,0.060544245,-9.8700305,0.1270361,1.609819,3.050839,1.846624,0,0.38,0.02,185.01
01:43.7,4,7.571,15.42915099,75.01592462,726.715,0.19041206,336.46479,655.35,655.35,2.855,-0.02240567,-0.008281075,-0.1818942,0.2002534,0.2173463,-9.753194,0.14002202,1.5611928,3.1622264,1.8311488,0,0.37,0.022,184.762
01:43.7,4,7.572,15.42915108,75.01592464,726.72,0.18222902,322.20218,655.35,655.35,2.87,0.01946683,0.045854083,-0.2038445,0.093660495,0.15924715,-9.7268305,0.15300794,1.5125666,3.2736138,1.8156736,0,0.36,0.024,184.514
01:43.7,4,7.573,15.42915117,75.01592466,726.725,0.17404598,307.93957,655.35,655.35,2.885,0.06133933,0.09998924,-0.2257948,-0.01293241,0.101148,-9.700467,0.16599386,1.4639404,3.3850012,1.8001984,0,0.35,0.026,184.266
01:43.7,4,7.574,15.42915126,75.01592468,726.73,0.16586294,293.67696,655.35,655.35,2.9,0.045926665,0.025839405,-0.23594845,0.03762449,0.05717606,-9.7757525,0.17897978,1.4153142,3.4963886,1.7847232,0,0.34,0.028,184.018
01:43.7,4,7.575,15.42915135,75.0159247,726.735,0.1576799,279.41435,655.35,655.35,2.915,0.030514,-0.04831043,-0.2461021,0.08818139,0.01320412,-9.851038,0.1919657,1.366688,3.607776,1.769248,0,0.33,0.03,183.77
01:43.8,4,7.576,15.42915144,75.01592472,726.74,0.14949686,265.15174,655.35,655.35,2.93,0.008300745,-0.091285565,-0.24461555,0.113302795,0.005278826,-9.8570755,0.21342068,1.4291002,3.589692,1.8566306,0,0.29,0.08,183.532
01:43.8,4,7.577,15.42915153,75.01592474,726.745,0.14131382,250.88913,655.35,655.35,2.945,-0.01391251,-0.1342607,-0.243129,0.1384242,-0.002646468,-9.863113,0.23487566,1.4915124,3.571608,1.9440132,0,0.25,0.13,183.294
01:43.8,4,7.578,15.42915162,75.01592476,726.75,0.13313078,236.62652,655.35,655.35,2.96,-0.04661458,-0.0020224,-0.20197055,0.064300932,0.067423516,-9.827164,0.25633064,1.5539246,3.553524,2.0313958,0,0.21,0.18,183.056
01:43.8,4,7.579,15.42915171,75.01592478,726.755,0.12494774,222.36391,655.35,655.35,2.975,-0.07931665,0.1302159,-0.1608121,-0.009822336,0.1374935,-9.791215,0.27778562,1.6163368,3.53544,2.1187784,0,0.17,0.23,182.818
01:43.8,4,7.58,15.4291518,75.0159248,726.76,0.1167647,208.1013,655.35,655.35,2.99,-0.007373255,0.05364422,-0.15584955,0.031952297,0.12803145,-9.726448,0.2992406,1.678749,3.517356,2.206161,0,0.13,0.28,182.58
01:43.9,4,7.58,15.42915202,75.01592474,726.761,0.12578847,214.26349,655.35,655.35,2.836,0.06457014,-0.02292746,-0.150887,0.07372693,0.1185694,-9.661681,0.30658048,1.658077,3.5236952,2.161548,0,0.16,0.254,182.36
01:43.9,4,7.58,15.42915224,75.01592468,726.762,0.13481224,220.42568,655.35,655.35,2.682,0.061730615,-0.034958575,-0.17700385,0.128247815,0.03232944,-9.7649865,0.31392036,1.637405,3.5300344,2.116935,0,0.19,0.228,182.14
01:43.9,4,7.58,15.42915246,75.01592462,726.763,0.14383601,226.58787,655.35,655.35,2.528,0.05889109,-0.04698969,-0.2031207,0.1827687,-0.05391052,-9.868292,0.32126024,1.616733,3.5363736,2.072322,0,0.22,0.202,181.92
01:43.9,4,7.58,15.42915268,75.01592456,726.764,0.15285978,232.75006,655.35,655.35,2.374,0.00684243,-0.025825951,-0.21927875,0.13086688,-0.09411141,-9.9043985,0.32860012,1.596061,3.5427128,2.027709,0,0.25,0.176,181.7
01:43.9,4,7.58,15.4291529,75.0159245,726.765,0.16188355,238.91225,655.35,655.35,2.22,-0.04520623,-0.004662212,-0.2354368,0.07896506,-0.1343123,-9.940505,0.33594,1.575389,3.549052,1.983096,0,0.28,0.15,181.48
01:44.0,4,7.58,15.42915312,75.01592444,726.766,0.17090732,245.07444,655.35,655.35,2.066,-0.030971815,-0.011191811,-0.21216765,0.088726895,-0.0083935,-9.859555,0.3020637,1.683241,3.6320386,2.0554244,0,0.26,0.188,181.256
01:44.0,4,7.58,15.42915334,75.01592438,726.767,0.17993109,251.23663,655.35,655.35,1.912,-0.0167374,-0.01772141,-0.1888985,0.09848873,0.1175253,-9.778605,0.2681874,1.791093,3.7150252,2.1277528,0,0.24,0.226,181.032
01:44.0,4,7.58,15.42915356,75.01592432,726.768,0.18895486,257.39882,655.35,655.35,1.758,0.002879925,0.0228532,-0.17909035,0.091367375,0.11976275,-9.758971,0.2343111,1.898945,3.7980118,2.2000812,0,0.22,0.264,180.808
01:44.0,4,7.58,15.42915378,75.01592426,726.769,0.19797863,263.56101,655.35,655.35,1.604,0.02249725,0.06342781,-0.1692822,0.08424602,0.1220002,-9.739337,0.2004348,2.006797,3.8809984,2.2724096,0,0.2,0.302,180.584
01:44.0,4,7.58,15.429154,75.0159242,726.77,0.2070024,269.7232,655.35,655.35,1.45,0.02426375,0.028710031,-0.18710295,0.11106431,0.086714005,-9.775713,0.1665585,2.114649,3.963985,2.344738,0,0.18,0.34,180.36
01:44.1,4,7.58,15.42915416,75.01592415,726.766,0.2011884,260.13386,655.35,655.35,1.613,0.02603025,-0.006007748,-0.2049237,0.1378826,0.05142781,-9.812089,0.2117269,2.0036272,3.8383292,2.2665398,0,0.158,0.366,180.106
01:44.1,4,7.58,15.42915432,75.0159241,726.762,0.1953744,250.54452,655.35,655.35,1.776,-0.00453867,-0.042206534,-0.2141644,0.1106455,0.04670628,-9.818905,0.2568953,1.8926054,3.7126734,2.1883416,0,0.136,0.392,179.852
01:44.1,4,7.58,15.42915448,75.01592405,726.758,0.1895604,240.95518,655.35,655.35,1.939,-0.03510759,-0.07840532,-0.2234051,0.0834084,0.04198475,-9.825721,0.3020637,1.7815836,3.5870176,2.1101434,0,0.114,0.418,179.598
01:44.1,4,7.58,15.42915464,75.015924,726.754,0.1837464,231.36584,655.35,655.35,2.102,-0.052451575,0.04105789,-0.20129825,0.1936816,0.074393075,-9.8438185,0.3472321,1.6705618,3.4613618,2.0319452,0,0.092,0.444,179.344
01:44.1,4,7.58,15.4291548,75.01592395,726.75,0.1779324,221.7765,655.35,655.35,2.265,-0.06979556,0.1605211,-0.1791914,0.3039548,0.1068014,-9.861916,0.3924005,1.55954,3.335706,1.953747,0,0.07,0.47,179.09
01:44.2,4,7.58,15.42915496,75.0159239,726.746,0.1721184,212.18716,655.35,655.35,2.428,-0.016821455,0.089000385,-0.1785936,0.29345745,0.1163522,-9.81422,0.34610288,1.5241638,3.3099032,1.914678,0,0.082,0.46,178.842
01:44.2,4,7.58,15.42915512,75.01592385,726.742,0.1663044,202.59782,655.35,655.35,2.591,0.03615265,0.01747967,-0.1779958,0.2829601,0.125903,-9.766524,0.29980526,1.4887876,3.2841004,1.875609,0,0.094,0.45,178.594
01:44.2,4,7.58,15.42915528,75.0159238,726.738,0.1604904,193.00848,655.35,655.35,2.754,0.03512938,-0.046518865,-0.2149251,0.21878865,0.07590486,-9.7864255,0.25350764,1.4534114,3.2582976,1.83654,0,0.106,0.44,178.346
01:44.2,4,7.58,15.42915544,75.01592375,726.734,0.1546764,183.41914,655.35,655.35,2.917,0.03410611,-0.1105174,-0.2518544,0.1546172,0.02590672,-9.806327,0.20721002,1.4180352,3.2324948,1.797471,0,0.118,0.43,178.098
01:44.2,4,7.58,15.4291556,75.0159237,726.73,0.1488624,173.8298,655.35,655.35,3.08,0.008986275,-0.04865427,-0.24634125,0.16084895,0.07924751,-9.8310965,0.1609124,1.382659,3.206692,1.758402,0,0.13,0.42,177.85
01:44.3,4,7.58,15.42915575,75.01592366,726.73,0.16588384,178.25952,655.35,655.35,3.085,-0.01613356,0.01320886,-0.2408281,0.1670807,0.1325883,-9.855866,0.18519042,1.4571752,3.1878404,1.8175262,0,0.12,0.428,177.646
01:44.3,4,7.58,15.4291559,75.01592362,726.73,0.18290528,182.68924,655.35,655.35,3.09,0.006270025,-0.02486741,-0.20761595,0.18404965,0.17007045,-9.792065,0.20946844,1.5316914,3.1689888,1.8766504,0,0.11,0.436,177.442
01:44.3,4,7.58,15.42915605,75.01592358,726.73,0.19992672,187.11896,655.35,655.35,3.095,0.02867361,-0.06294368,-0.1744038,0.2010186,0.2075526,-9.728264,0.23374646,1.6062076,3.1501372,1.9357746,0,0.1,0.444,177.238
01:44.3,4,7.58,15.4291562,75.01592354,726.73,0.21694816,191.54868,655.35,655.35,3.1,0.021883735,0.00697561,-0.125038285,0.123726475,0.17714335,-9.7626325,0.25802448,1.6807238,3.1312856,1.9948988,0,0.09,0.452,177.034
01:44.3,4,7.58,15.42915635,75.0159235,726.73,0.2339696,195.9784,655.35,655.35,3.105,0.01509386,0.0768949,-0.07567277,0.04643435,0.1467341,-9.797001,0.2823025,1.75524,3.112434,2.054023,0,0.08,0.46,176.83
01:44.4,4,7.58,15.4291565,75.01592346,726.73,0.25099104,200.40812,655.35,655.35,3.11,0.044954,-0.0556864,-0.062823485,0.074650775,0.109911195,-9.748372,0.27270422,1.7757758,3.084762,2.053971,0,0.17,0.366,176.776
01:44.4,4,7.58,15.42915665,75.01592342,726.73,0.26801248,204.83784,655.35,655.35,3.115,0.07481414,-0.1882677,-0.0499742,0.1028672,0.07308829,-9.699743,0.26310594,1.7963116,3.05709,2.053919,0,0.26,0.272,176.722
01:44.4,4,7.58,15.4291568,75.01592338,726.73,0.28503392,209.26756,655.35,655.35,3.12,0.073127625,-0.12534647,-0.03724007,0.1226156,-0.00764947,-9.764181,0.25350766,1.8168474,3.029418,2.053867,0,0.35,0.178,176.668
01:44.4,4,7.58,15.42915695,75.01592334,726.73,0.30205536,213.69728,655.35,655.35,3.125,0.07144111,-0.06242524,-0.02450594,0.142364,-0.08838723,-9.828619,0.24390938,1.8373832,3.001746,2.053815,0,0.44,0.084,176.614
01:44.4,4,7.58,15.4291571,75.0159233,726.73,0.3190768,218.127,655.35,655.35,3.13,0.091897305,-0.11420057,-0.016094784,0.17015135,-0.041763572,-9.8431815,0.2343111,1.857919,2.974074,2.053763,0,0.53,-0.01,176.56
01:44.5,4,7.58,15.42915723,75.01592326,726.725,0.31067444,211.93043,655.35,655.35,3.147,0.1123535,-0.1659759,-0.007683628,0.1979387,0.004860087,-9.857744,0.21003308,1.9547756,2.9643902,2.0971576,0,0.61,-0.076,176.606
01:44.5,4,7.58,15.42915736,75.01592322,726.72,0.30227208,205.73386,655.35,655.35,3.164,0.060764012,-0.06960669,0.030245071,0.057326395,-0.032000757,-9.8494725,0.18575506,2.0516322,2.9547064,2.1405522,0,0.69,-0.142,176.652
01:44.5,4,7.58,15.42915749,75.01592318,726.715,0.29386972,199.53729,655.35,655.35,3.181,0.009174523,0.02676252,0.06817377,-0.08328591,-0.0688616,-9.841201,0.16147704,2.1484888,2.9450226,2.1839468,0,0.77,-0.208,176.698
01:44.5,4,7.58,15.42915762,75.01592314,726.71,0.28546736,193.34072,655.35,655.35,3.198,0.055280711,-0.03490493,0.05745802,-0.08190856,-0.11498585,-9.8424785,0.13719902,2.2453454,2.9353388,2.2273414,0,0.85,-0.274,176.744
01:44.5,4,7.58,15.42915775,75.0159231,726.705,0.277065,187.14415,655.35,655.35,3.215,0.1013869,-0.09657238,0.04674227,-0.08053121,-0.1611101,-9.843756,0.112921,2.342202,2.925655,2.270736,0,0.93,-0.34,176.79
01:44.6,4,7.58,15.42915788,75.01592306,726.7,0.26866264,180.94758,655.35,655.35,3.232,0.02162724,-0.06209464,0.028228721,-0.202148905,-0.25994795,-9.848359,0.1473619,2.2473154,2.7556544,2.179786,0,0.926,-0.342,176.782
01:44.6,4,7.58,15.42915801,75.01592302,726.695,0.26026028,174.75101,655.35,655.35,3.249,-0.05813242,-0.0276169,0.009715171,-0.3237666,-0.3587858,-9.852962,0.1818028,2.1524288,2.5856538,2.088836,0,0.922,-0.344,176.774
01:44.6,4,7.58,15.42915814,75.01592298,726.69,0.25185792,168.55444,655.35,655.35,3.266,-0.040548155,0.00675625,-0.01998952,-0.27371685,-0.40145,-9.8402295,0.2162437,2.0575422,2.4156532,1.997886,0,0.918,-0.346,176.766
01:44.6,4,7.58,15.42915827,75.01592294,726.685,0.24345556,162.35787,655.35,655.35,3.283,-0.02296389,0.0411294,-0.04969421,-0.2236671,-0.4441142,-9.827497,0.2506846,1.9626556,2.2456526,1.906936,0,0.914,-0.348,176.758
01:44.6,4,7.58,15.4291584,75.0159229,726.68,0.2350532,156.1613,655.35,655.35,3.3,-0.008021409,-0.01381003,-0.074903905,-0.2029647,-0.3743491,-9.823817,0.2851255,1.867769,2.075652,1.815986,0,0.91,-0.35,176.75
01:44.7,4,7.582,15.42915848,75.01592289,726.675,0.24187163,158.77197,655.35,655.35,3.331,0.006921072,-0.06874946,-0.1001136,-0.1822623,-0.304584,-9.820137,0.230923424,1.871231,2.028527,1.8903364,0,0.858,-0.294,176.668
01:44.7,4,7.584,15.42915856,75.01592288,726.67,0.24869006,161.38264,655.35,655.35,3.362,-0.028368119,0.02302512,-0.081033565,-0.04339799,-0.16708368,-9.802544,0.176721348,1.874693,1.981402,1.9646868,0,0.806,-0.238,176.586
01:44.7,4,7.586,15.42915864,75.01592287,726.665,0.25550849,163.99331,655.35,655.35,3.393,-0.06365731,0.1147997,-0.06195353,0.09546632,-0.02958336,-9.784951,0.122519272,1.878155,1.934277,2.0390372,0,0.754,-0.182,176.504
01:44.7,4,7.588,15.42915872,75.01592286,726.66,0.26232692,166.60398,655.35,655.35,3.424,-0.060041155,0.084608915,-0.037261915,0.051759155,-0.055257435,-9.8274175,0.068317196,1.881617,1.887152,2.1133876,0,0.702,-0.126,176.422
01:44.7,4,7.59,15.4291588,75.01592285,726.655,0.26914535,169.21465,655.35,655.35,3.455,-0.056425,0.05441813,-0.0125703,0.008051991,-0.08093151,-9.869884,0.01411512,1.885079,1.840027,2.187738,0,0.65,-0.07,176.34
01:44.8,4,7.592,15.42915888,75.01592284,726.65,0.27596378,171.82532,655.35,655.35,3.486,-0.0858033,0.095689765,0.02256153,0.007400298,-0.0286865,-9.816937,0.046297596,1.8092458,1.8379818,2.1806148,0,0.56,0.014,176.402
01:44.8,4,7.594,15.42915896,75.01592283,726.645,0.28278221,174.43599,655.35,655.35,3.517,-0.1151816,0.1369614,0.05769336,0.006748605,0.02355851,-9.76399,0.078480072,1.7334126,1.8359366,2.1734916,0,0.47,0.098,176.464
01:44.8,4,7.596,15.42915904,75.01592282,726.64,0.28960064,177.04666,655.35,655.35,3.548,-0.05907517,0.09516172,0.05759166,0.048828337,-0.03335626,-9.76986,0.110662548,1.6575794,1.8338914,2.1663684,0,0.38,0.182,176.526
01:44.8,4,7.598,15.42915912,75.01592281,726.635,0.29641907,179.65733,655.35,655.35,3.579,-0.00296874,0.05336204,0.05748996,0.09090807,-0.09027103,-9.77573,0.142845024,1.5817462,1.8318462,2.1592452,0,0.29,0.266,176.588
01:44.8,4,7.6,15.4291592,75.0159228,726.63,0.3032375,182.268,655.35,655.35,3.61,-0.09154707,0.065464155,0.09069418,0.047673733,-0.00804022,-9.8154,0.1750275,1.505913,1.829801,2.152122,0,0.2,0.35,176.65
01:44.9,4,7.6,15.42915926,75.01592283,726.638,0.28451116,186.47133,655.35,655.35,3.503,-0.1801254,0.07756627,0.1238984,0.004439397,0.07419059,-9.85507,0.145103444,1.4835234,2.0020828,2.325625,0,0.152,0.414,176.782
01:44.9,4,7.6,15.42915932,75.01592286,726.646,0.26578482,190.67466,655.35,655.35,3.396,-0.087037119,0.00505963,0.10538799,0.213520399,0.121631495,-9.7628585,0.115179388,1.4611338,2.1743646,2.499128,0,0.104,0.478,176.914
01:44.9,4,7.6,15.42915938,75.01592289,726.654,0.24705848,194.87799,655.35,655.35,3.289,0.006051162,-0.06744701,0.08687758,0.4226014,0.1690724,-9.670647,0.085255332,1.4387442,2.3466464,2.672631,0,0.056,0.542,177.046
01:44.9,4,7.6,15.42915944,75.01592292,726.662,0.22833214,199.08132,655.35,655.35,3.182,-0.034322989,-0.005786465,0.07395694,0.3934809,0.23584475,-9.7626565,0.055331276,1.4163546,2.5189282,2.846134,0,0.008,0.606,177.178
01:44.9,4,7.6,15.4291595,75.01592295,726.67,0.2096058,203.28465,655.35,655.35,3.075,-0.07469714,0.05587408,0.0610363,0.3643604,0.3026171,-9.854666,0.02540722,1.393965,2.69121,3.019637,0,-0.04,0.67,177.31
01:45.0,4,7.6,15.42915956,75.01592298,726.678,0.19087946,207.48798,655.35,655.35,2.968,0.00473874,-0.00633923,0.08108085,0.42400405,0.38785755,-9.7501765,0.03782853,1.3827984,3.0866576,2.9175782,0,-0.048,0.666,177.402
01:45.0,4,7.6,15.42915962,75.01592301,726.686,0.17215312,211.69131,655.35,655.35,2.861,0.08417462,-0.06855254,0.1011254,0.4836477,0.473098,-9.645687,0.05024984,1.3716318,3.4821052,2.8155194,0,-0.056,0.662,177.494
01:45.0,4,7.6,15.42915968,75.01592304,726.694,0.15342678,215.89464,655.35,655.35,2.754,0.031367505,-0.029270295,0.085939305,0.34589655,0.2673951,-9.7767255,0.06267115,1.3604652,3.8775528,2.7134606,0,-0.064,0.658,177.586
01:45.0,4,7.6,15.42915974,75.01592307,726.702,0.13470044,220.09797,655.35,655.35,2.647,-0.02143961,0.01001195,0.07075321,0.2081454,0.0616922,-9.907764,0.07509246,1.3492986,4.2730004,2.6114018,0,-0.072,0.654,177.678
01:45.0,4,7.6,15.4291598,75.0159231,726.71,0.1159741,224.3013,655.35,655.35,2.54,0.028592315,-0.02444515,0.075634875,0.20790665,0.046762895,-9.83324,0.08751377,1.338132,4.668448,2.509343,0,-0.08,0.65,177.77
01:45.1,4,7.6,15.42915988,75.01592311,726.715,0.1147887,218.25395,655.35,655.35,2.639,0.07862424,-0.05890225,0.08051654,0.2076679,0.03183359,-9.758716,0.123648496,1.5114044,4.5127874,2.5936558,0,-0.072,0.64,177.784
01:45.1,4,7.6,15.42915996,75.01592312,726.72,0.1136033,212.2066,655.35,655.35,2.738,0.01957981,0.00106111,0.067580275,0.08619915,-0.019735625,-9.8202595,0.159783222,1.6846768,4.3571268,2.6779686,0,-0.064,0.63,177.798
01:45.1,4,7.6,15.42916004,75.01592313,726.725,0.1124179,206.15925,655.35,655.35,2.837,-0.03946462,0.06102447,0.05464401,-0.0352696,-0.07130484,-9.881803,0.195917948,1.8579492,4.2014662,2.7622814,0,-0.056,0.62,177.812
01:45.1,4,7.6,15.42916012,75.01592314,726.73,0.1112325,200.1119,655.35,655.35,2.936,-0.00668146,0.00110186,-0.023325045,-0.014752911,-0.13334727,-9.8391405,0.232052674,2.0312216,4.0458056,2.8465942,0,-0.048,0.61,177.826
01:45.1,4,7.6,15.4291602,75.01592315,726.735,0.1100471,194.06455,655.35,655.35,3.035,0.0261017,-0.05882075,-0.1012941,0.005763778,-0.1953897,-9.796478,0.2681874,2.204494,3.890145,2.930907,0,-0.04,0.6,177.84
01:45.2,4,7.6,15.42916028,75.01592316,726.74,0.1088617,188.0172,655.35,655.35,3.134,-0.01944832,-0.01332229,-0.08884693,0.031363649,-0.097468672,-9.8037385,0.23656952,2.4006662,3.7704714,3.110342,0,-0.066,0.628,177.752
01:45.2,4,7.6,15.42916036,75.01592317,726.745,0.1076763,181.96985,655.35,655.35,3.233,-0.06499834,0.03217617,-0.07639976,0.05696352,0.000452356,-9.810999,0.20495164,2.5968384,3.6507978,3.289777,0,-0.092,0.656,177.664
01:45.2,4,7.6,15.42916044,75.01592318,726.75,0.1064909,175.9225,655.35,655.35,3.332,0.002017465,-0.024629885,-0.09277573,0.19991296,0.112972728,-9.843424,0.17333376,2.7930106,3.5311242,3.469212,0,-0.118,0.684,177.576
01:45.2,4,7.6,15.42916052,75.01592319,726.755,0.1053055,169.87515,655.35,655.35,3.431,0.06903327,-0.08143594,-0.1091517,0.3428624,0.2254931,-9.875849,0.14171588,2.9891828,3.4114506,3.648647,0,-0.144,0.712,177.488
01:45.2,4,7.6,15.4291606,75.0159232,726.76,0.1041201,163.8278,655.35,655.35,3.53,-0.01109194,0.01172638,-0.020717595,0.4472118,0.32954965,-9.8205295,0.110098,3.185355,3.291777,3.828082,0,-0.17,0.74,177.4
01:45.3,4,7.6,15.42916071,75.0159232,726.764,0.11018413,166.6715,655.35,655.35,3.575,-0.09121715,0.1048887,0.06771651,0.5515612,0.4336062,-9.76521,0.15244336,3.0521186,3.3491464,3.672359,0,-0.164,0.734,177.488
01:45.3,4,7.6,15.42916082,75.0159232,726.768,0.11624816,169.5152,655.35,655.35,3.62,-0.049073488,0.038494565,0.090550705,0.40649935,0.3380337,-9.7387345,0.19478872,2.9188822,3.4065158,3.516636,0,-0.158,0.728,177.576
01:45.3,4,7.6,15.42916093,75.0159232,726.772,0.12231219,172.3589,655.35,655.35,3.665,-0.006929825,-0.02789957,0.1133849,0.2614375,0.2424612,-9.712259,0.23713408,2.7856458,3.4638852,3.360913,0,-0.152,0.722,177.664
01:45.3,4,7.6,15.42916104,75.0159232,726.776,0.12837622,175.2026,655.35,655.35,3.71,0.026720228,-0.021282335,0.095252135,0.2211833,0.20295005,-9.718046,0.27947944,2.6524094,3.5212546,3.20519,0,-0.146,0.716,177.752
01:45.3,4,7.6,15.42916115,75.0159232,726.78,0.13444025,178.0463,655.35,655.35,3.755,0.06037028,-0.0146651,0.07711937,0.1809291,0.1634389,-9.723833,0.3218248,2.519173,3.578624,3.049467,0,-0.14,0.71,177.84
01:45.4,4,7.6,15.42916126,75.0159232,726.784,0.14050428,180.89,655.35,655.35,3.8,0.02166406,-0.010197169,0.057962485,0.18918065,0.080852288,-9.7918895,0.2868193,2.3200834,3.6168124,2.9138738,0,-0.134,0.708,177.866
01:45.4,4,7.6,15.42916137,75.0159232,726.788,0.14656831,183.7337,655.35,655.35,3.845,-0.01704216,-0.005729238,0.0388056,0.1974322,-0.001734324,-9.859946,0.2518138,2.1209938,3.6550008,2.7782806,0,-0.128,0.706,177.892
01:45.4,4,7.6,15.42916148,75.0159232,726.792,0.15263234,186.5774,655.35,655.35,3.89,-0.000217915,-0.020375119,0.02626153,0.1735905,0.016544823,-9.8226975,0.2168083,1.9219042,3.6931892,2.6426874,0,-0.122,0.704,177.918
01:45.4,4,7.6,15.42916159,75.0159232,726.796,0.15869637,189.4211,655.35,655.35,3.935,0.01660633,-0.035021,0.01371746,0.1497488,0.03482397,-9.785449,0.1818028,1.7228146,3.7313776,2.5070942,0,-0.116,0.702,177.944
01:45.4,4,7.6,15.4291617,75.0159232,726.8,0.1647604,192.2648,655.35,655.35,3.98,0.02783532,-0.030351795,0.017579665,0.18952855,0.103011985,-9.767137,0.1467973,1.523725,3.769566,2.371501,0,-0.11,0.7,177.97
01:45.5,4,7.6,15.42916175,75.0159232,726.803,0.17995975,189.61276,655.35,655.35,4.01,0.03906431,-0.02568259,0.02144187,0.2293083,0.1712,-9.748825,0.13437599,1.502881,3.7342926,2.3911492,0,-0.112,0.696,177.97
01:45.5,4,7.6,15.4291618,75.0159232,726.806,0.1951591,186.96072,655.35,655.35,4.04,0.00064981,0.00078797,0.00296576,0.18920315,0.12888599,-9.792707,0.12195468,1.482037,3.6990192,2.4107974,0,-0.114,0.692,177.97
01:45.5,4,7.6,15.42916185,75.0159232,726.809,0.21035845,184.30868,655.35,655.35,4.07,-0.03776469,0.02725853,-0.01551035,0.149098,0.08657198,-9.836589,0.10953337,1.461193,3.6637458,2.4304456,0,-0.116,0.688,177.97
01:45.5,4,7.6,15.4291619,75.0159232,726.812,0.2255578,181.65664,655.35,655.35,4.1,-0.02838384,-0.0035514,-0.005548039,0.23764055,0.15567169,-9.798234,0.09711206,1.440349,3.6284724,2.4500938,0,-0.118,0.684,177.97
01:45.5,4,7.6,15.42916195,75.0159232,726.815,0.24075715,179.0046,655.35,655.35,4.13,-0.01900299,-0.03436133,0.004414271,0.3261831,0.2247714,-9.759879,0.08469075,1.419505,3.593199,2.469742,0,-0.12,0.68,177.97
01:45.6,4,7.6,15.429162,75.0159232,726.818,0.2559565,176.35256,655.35,655.35,4.16,-0.01522353,0.01207312,0.021184621,0.2550432,0.162277445,-9.80066,0.10896876,1.5419948,3.526163,2.5547336,0,-0.122,0.676,177.978
01:45.6,4,7.6,15.42916205,75.0159232,726.821,0.27115585,173.70052,655.35,655.35,4.19,-0.01144407,0.05850757,0.03795497,0.1839033,0.09978349,-9.841441,0.13324677,1.6644846,3.459127,2.6397252,0,-0.124,0.672,177.986
01:45.6,4,7.6,15.4291621,75.0159232,726.824,0.2863552,171.04848,655.35,655.35,4.22,0.00172806,0.03703291,0.01824747,0.1847306,0.106848695,-9.824978,0.15752478,1.7869744,3.392091,2.7247168,0,-0.126,0.668,177.994
01:45.6,4,7.6,15.42916215,75.0159232,726.827,0.30155455,168.39644,655.35,655.35,4.25,0.01490019,0.01555825,-0.001460031,0.1855579,0.1139139,-9.808515,0.18180279,1.9094642,3.325055,2.8097084,0,-0.128,0.664,178.002
01:45.6,4,7.6,15.4291622,75.0159232,726.83,0.3167539,165.7444,655.35,655.35,4.28,-0.02550284,0.028941205,0.002957519,0.161481,0.07878842,-9.8187505,0.2060808,2.031954,3.258019,2.8947,0,-0.13,0.66,178.01
01:45.7,4,7.6,15.42916228,75.01592324,726.838,0.30584964,163.29536,655.35,655.35,4.241,-0.06590587,0.04232416,0.007375068,0.1374041,0.04366294,-9.828986,0.20833922,1.993498,3.1154706,2.8801878,0,-0.122,0.656,178.008
01:45.7,4,7.6,15.42916236,75.01592328,726.846,0.29494538,160.84632,655.35,655.35,4.202,-0.030065162,0.01929973,-0.002622556,0.1386856,0.04946803,-9.820189,0.21059764,1.955042,2.9729222,2.8656756,0,-0.114,0.652,178.006
01:45.7,4,7.6,15.42916244,75.01592332,726.854,0.28404112,158.39728,655.35,655.35,4.163,0.005775547,-0.0037247,-0.01262018,0.1399671,0.05527312,-9.811392,0.21285606,1.916586,2.8303738,2.8511634,0,-0.106,0.648,178.004
01:45.7,4,7.6,15.42916252,75.01592336,726.862,0.27313686,155.94824,655.35,655.35,4.124,0.010198009,0.008217185,-0.005904879,0.1342059,0.07495974,-9.811946,0.21511448,1.87813,2.6878254,2.8366512,0,-0.098,0.644,178.002
01:45.7,4,7.6,15.4291626,75.0159234,726.87,0.2622326,153.4992,655.35,655.35,4.085,0.01462047,0.02015907,0.000810421,0.1284447,0.09464636,-9.8125,0.2173729,1.839674,2.545277,2.822139,0,-0.09,0.64,178
01:45.8,4,7.6,15.42916268,75.01592344,726.878,0.25132834,151.05016,655.35,655.35,4.046,0.03920693,-0.02514462,-0.006679599,0.22933365,0.12914988,-9.819514,0.23826328,1.805849,2.491817,2.8173548,0,-0.094,0.644,178.008
01:45.8,4,7.6,15.42916276,75.01592348,726.886,0.24042408,148.60112,655.35,655.35,4.007,0.06379339,-0.07044831,-0.01416962,0.3302226,0.1636534,-9.826528,0.25915366,1.772024,2.438357,2.8125706,0,-0.098,0.648,178.016
01:45.8,4,7.6,15.42916284,75.01592352,726.894,0.22951982,146.15208,655.35,655.35,3.968,0.022562205,-0.056266155,0.004994805,0.2328014,0.1627975,-9.799072,0.28004404,1.738199,2.384897,2.8077864,0,-0.102,0.652,178.024
01:45.8,4,7.6,15.42916292,75.01592356,726.902,0.21861556,143.70304,655.35,655.35,3.929,-0.01866898,-0.042084,0.02415923,0.1353802,0.1619416,-9.771616,0.30093442,1.704374,2.331437,2.8030022,0,-0.106,0.656,178.032
01:45.8,4,7.6,15.429163,75.0159236,726.91,0.2077113,141.254,655.35,655.35,3.89,0.038526125,-0.051211855,0.02752762,0.1923641,0.151233,-9.7603055,0.3218248,1.670549,2.277977,2.798218,0,-0.11,0.66,178.04
01:45.9,4,7.6,15.42916317,75.0159236,726.918,0.196442275,154.00799,655.35,655.35,3.65,0.09572123,-0.06033971,0.03089601,0.249348,0.1405244,-9.748995,0.30319284,1.650353,2.2056374,2.7621312,0,-0.1,0.648,178.038
01:45.9,4,7.6,15.42916334,75.0159236,726.926,0.18517325,166.76198,655.35,655.35,3.41,0.047416096,-0.035153529,0.00127899,0.1898605,0.10135747,-9.785014,0.28456088,1.630157,2.1332978,2.7260444,0,-0.09,0.636,178.036
01:45.9,4,7.6,15.42916351,75.0159236,726.934,0.173904225,179.51597,655.35,655.35,3.17,-0.000889038,-0.009967348,-0.02833803,0.130373,0.06219054,-9.821033,0.26592892,1.609961,2.0609582,2.6899576,0,-0.08,0.624,178.034
01:45.9,4,7.6,15.42916368,75.0159236,726.942,0.1626352,192.26996,655.35,655.35,2.93,-0.009279904,-0.014359799,-0.014653722,0.13799925,0.075039085,-9.810498,0.24729696,1.589765,1.9886186,2.6538708,0,-0.07,0.612,178.032
01:45.9,4,7.6,15.42916385,75.0159236,726.95,0.151366175,205.02395,655.35,655.35,2.69,-0.01767077,-0.01875225,-0.000969414,0.1456255,0.08788763,-9.799963,0.228665,1.569569,1.916279,2.617784,0,-0.06,0.6,178.03
01:46.0,4,7.6,15.42916402,75.0159236,726.958,0.14009715,217.77794,655.35,655.35,2.45,0.00524496,-0.012925982,-0.002889641,0.18239415,0.101324415,-9.79242,0.22188974,1.562892,1.898774,2.6166028,0,-0.064,0.598,178.026
01:46.0,4,7.6,15.42916419,75.0159236,726.966,0.128828125,230.53193,655.35,655.35,2.21,0.02816069,-0.007099714,-0.004809867,0.2191628,0.1147612,-9.784877,0.21511448,1.556215,1.881269,2.6154216,0,-0.068,0.596,178.022
01:46.0,4,7.6,15.42916436,75.0159236,726.974,0.1175591,243.28592,655.35,655.35,1.97,-0.016226635,0.047582843,0.007373297,0.27769055,0.15147475,-9.8026875,0.20833922,1.549538,1.863764,2.6142404,0,-0.072,0.594,178.018
01:46.0,4,7.6,15.42916453,75.0159236,726.982,0.106290075,256.03991,655.35,655.35,1.73,-0.06061396,0.1022654,0.01955646,0.3362183,0.1881883,-9.820498,0.20156396,1.542861,1.846259,2.6130592,0,-0.076,0.592,178.014
01:46.0,4,7.6,15.4291647,75.0159236,726.99,0.09502105,268.7939,655.35,655.35,1.49,-0.045883855,0.046563573,0.008923743,0.258148,0.120619465,-9.8024025,0.1947887,1.536184,1.828754,2.611878,0,-0.08,0.59,178.01
01:46.1,4,7.6,15.42916476,75.0159236,726.998,0.108633445,260.86074,655.35,655.35,1.662,-0.03115375,-0.009138254,-0.001708974,0.1800777,0.05305063,-9.784307,0.174462924,1.7180938,1.9524444,2.6945324,0,-0.078,0.59,178.02
01:46.1,4,7.6,15.42916482,75.0159236,727.006,0.12224584,252.92758,655.35,655.35,1.834,-0.00205216,0.004410203,0.015524598,0.17223895,0.06094716,-9.7969995,0.154137148,1.9000036,2.0761348,2.7771868,0,-0.076,0.59,178.03
01:46.1,4,7.6,15.42916488,75.0159236,727.014,0.135858235,244.99442,655.35,655.35,2.006,0.02704943,0.01795866,0.03275817,0.1644002,0.06884369,-9.809692,0.133811372,2.0819134,2.1998252,2.8598412,0,-0.074,0.59,178.04
01:46.1,4,7.6,15.42916494,75.0159236,727.022,0.14947063,237.06126,655.35,655.35,2.178,0.034429095,-0.01270341,0.006731915,0.126282515,0.079963685,-9.8167705,0.113485596,2.2638232,2.3235156,2.9424956,0,-0.072,0.59,178.05
01:46.1,4,7.6,15.429165,75.0159236,727.03,0.163083025,229.1281,655.35,655.35,2.35,0.04180876,-0.04336548,-0.01929434,0.08816483,0.09108368,-9.823849,0.09315982,2.445733,2.447206,3.02515,0,-0.07,0.59,178.06
01:46.2,4,7.6,15.42916506,75.0159236,727.038,0.17669542,221.19494,655.35,655.35,2.522,0.016352944,-0.032677125,-0.010983581,0.118285265,0.07009358,-9.8055565,0.09428903,2.2316004,2.5265548,2.9465384,0,-0.066,0.588,178.068
01:46.2,4,7.6,15.42916512,75.0159236,727.046,0.190307815,213.26178,655.35,655.35,2.694,-0.009102873,-0.02198877,-0.002672822,0.1484057,0.04910348,-9.787264,0.09541824,2.0174678,2.6059036,2.8679268,0,-0.062,0.586,178.076
01:46.2,4,7.6,15.42916518,75.0159236,727.054,0.20392021,205.32862,655.35,655.35,2.866,0.029790103,-0.063411735,0.010779784,0.14848915,0.07800824,-9.7561325,0.09654745,1.8033352,2.6852524,2.7893152,0,-0.058,0.584,178.084
01:46.2,4,7.6,15.42916524,75.0159236,727.062,0.217532605,197.39546,655.35,655.35,3.038,0.06868308,-0.1048347,0.02423239,0.1485726,0.106913,-9.725001,0.09767666,1.5892026,2.7646012,2.7107036,0,-0.054,0.582,178.092
01:46.2,4,7.6,15.4291653,75.0159236,727.07,0.231145,189.4623,655.35,655.35,3.21,0.051181555,-0.056904702,0.012217191,0.1679383,0.07992848,-9.759327,0.09880587,1.37507,2.84395,2.632092,0,-0.05,0.58,178.1
01:46.3,4,7.602,15.42916538,75.0159236,727.072,0.2292305,179.51607,655.35,655.35,3.045,0.03368003,-0.008974703,0.000201992,0.187304,0.05294396,-9.793653,0.072269436,1.3627444,2.9539588,2.5944392,0,-0.056,0.586,178.114
01:46.3,4,7.604,15.42916546,75.0159236,727.074,0.227316,169.56984,655.35,655.35,2.88,-0.01868381,-0.001143784,0.005117901,0.2382008,0.13540978,-9.794948,0.045733002,1.3504188,3.0639676,2.5567864,0,-0.062,0.592,178.128
01:46.3,4,7.606,15.42916554,75.0159236,727.076,0.2254015,159.62361,655.35,655.35,2.715,-0.07104765,0.006687134,0.01003381,0.2890976,0.2178756,-9.796243,0.019196568,1.3380932,3.1739764,2.5191336,0,-0.068,0.598,178.142
01:46.3,4,7.608,15.42916562,75.0159236,727.078,0.223487,149.67738,655.35,655.35,2.55,-0.018585835,-0.010999218,0.028432435,0.25309395,0.16458935,-9.7780575,-0.007339866,1.3257676,3.2839852,2.4814808,0,-0.074,0.604,178.156
01:46.3,4,7.61,15.4291657,75.0159236,727.08,0.2215725,139.73115,655.35,655.35,2.385,0.03387598,-0.02868557,0.04683106,0.2170903,0.1113031,-9.759872,-0.0338763,1.313442,3.393994,2.443828,0,-0.08,0.61,178.17
01:46.4,4,7.612,15.42916578,75.0159236,727.082,0.219658,129.78492,655.35,655.35,2.22,-0.006541,0.041966365,0.04285583,0.17294835,0.08976414,-9.8257755,-0.00508144,1.2883092,3.4282044,2.4320664,0,-0.078,0.602,178.192
01:46.4,4,7.614,15.42916586,75.0159236,727.084,0.2177435,119.83869,655.35,655.35,2.055,-0.04695798,0.1126183,0.0388806,0.1288064,0.06822518,-9.891679,0.02371342,1.2631764,3.4624148,2.4203048,0,-0.076,0.594,178.214
01:46.4,4,7.616,15.42916594,75.0159236,727.086,0.215829,109.89246,655.35,655.35,1.89,-0.023311284,0.052963633,0.020520896,0.1435813,0.08655039,-9.8513435,0.05250828,1.2380436,3.4966252,2.4085432,0,-0.074,0.586,178.236
01:46.4,4,7.618,15.42916602,75.0159236,727.088,0.2139145,99.94623,655.35,655.35,1.725,0.000335412,-0.006691034,0.002161191,0.1583562,0.1048756,-9.811008,0.08130314,1.2129108,3.5308356,2.3967816,0,-0.072,0.578,178.258
01:46.4,4,7.62,15.4291661,75.0159236,727.09,0.212,90,655.35,655.35,1.56,-0.024949604,0.019058513,0.014057741,0.16391455,0.064530405,-9.830762,0.110098,1.187778,3.565046,2.38502,0,-0.07,0.57,178.28
01:46.5,4,7.62,15.42916615,75.0159236,727.088,0.21049467,95.53416,655.35,655.35,1.791,-0.05023462,0.04480806,0.02595429,0.1694729,0.02418521,-9.850516,0.14623272,1.2046548,3.6406296,2.3504276,0,-0.064,0.566,178.298
01:46.5,4,7.62,15.4291662,75.0159236,727.086,0.20898934,101.06832,655.35,655.35,2.022,0.01214247,0.005851665,0.02515843,0.1568725,0.072524355,-9.831343,0.18236744,1.2215316,3.7162132,2.3158352,0,-0.058,0.562,178.316
01:46.5,4,7.62,15.42916625,75.0159236,727.084,0.20748401,106.60248,655.35,655.35,2.253,0.07451956,-0.03310473,0.02436257,0.1442721,0.1208635,-9.81217,0.21850216,1.2384084,3.7917968,2.2812428,0,-0.052,0.558,178.334
01:46.5,4,7.62,15.4291663,75.0159236,727.082,0.20597868,112.13664,655.35,655.35,2.484,0.022409335,0.008447595,0.009942183,0.20245305,0.07986009,-9.843027,0.25463688,1.2552852,3.8673804,2.2466504,0,-0.046,0.554,178.352
01:46.5,4,7.62,15.42916635,75.0159236,727.08,0.20447335,117.6708,655.35,655.35,2.715,-0.02970089,0.04999992,-0.004478205,0.260634,0.03885668,-9.873884,0.2907716,1.272162,3.942964,2.212058,0,-0.04,0.55,178.37
01:46.6,4,7.62,15.4291664,75.0159236,727.078,0.20296802,123.20496,655.35,655.35,2.946,-0.003494035,-0.006660305,-0.009508563,0.21835275,0.07379204,-9.8060755,0.28625476,1.4044172,4.0442756,2.2503856,0,-0.04,0.556,178.372
01:46.6,4,7.62,15.42916645,75.0159236,727.076,0.20146269,128.73912,655.35,655.35,3.177,0.02271282,-0.06332053,-0.01453892,0.1760715,0.1087274,-9.738267,0.28173792,1.5366724,4.1455872,2.2887132,0,-0.04,0.562,178.374
01:46.6,4,7.62,15.4291665,75.0159236,727.074,0.19995736,134.27328,655.35,655.35,3.408,0.0369877,-0.061265815,0.007092515,0.17644355,0.10885185,-9.768851,0.27722108,1.6689276,4.2468988,2.3270408,0,-0.04,0.568,178.376
01:46.6,4,7.62,15.42916655,75.0159236,727.072,0.19845203,139.80744,655.35,655.35,3.639,0.05126258,-0.0592111,0.02872395,0.1768156,0.1089763,-9.799435,0.27270424,1.8011828,4.3482104,2.3653684,0,-0.04,0.574,178.378
01:46.6,4,7.62,15.4291666,75.0159236,727.07,0.1969467,145.3416,655.35,655.35,3.87,0.06099505,-0.05613389,0.04363604,0.1803928,0.13895085,-9.786997,0.2681874,1.933438,4.449522,2.403696,0,-0.04,0.58,178.38
01:46.7,4,7.62,15.42916663,75.0159236,727.071,0.20633983,148.15602,655.35,655.35,3.874,0.07072752,-0.05305668,0.05854813,0.18397,0.1689254,-9.774559,0.2794795,1.8489986,4.4079396,2.3346568,0,-0.032,0.574,178.432
01:46.7,4,7.62,15.42916666,75.0159236,727.072,0.21573296,150.97044,655.35,655.35,3.878,0.034934048,-0.054154435,0.045137025,0.1815626,0.140174,-9.783015,0.2907716,1.7645592,4.3663572,2.2656176,0,-0.024,0.568,178.484
01:46.7,4,7.62,15.42916669,75.0159236,727.073,0.22512609,153.78486,655.35,655.35,3.882,-0.000859424,-0.05525219,0.03172592,0.1791552,0.1114226,-9.791471,0.3020637,1.6801198,4.3247748,2.1965784,0,-0.016,0.562,178.536
01:46.7,4,7.62,15.42916672,75.0159236,727.074,0.23451922,156.59928,655.35,655.35,3.886,-0.018830347,-0.009089055,0.05283492,0.128873245,0.08302633,-9.81952,0.3133558,1.5956804,4.2831924,2.1275392,0,-0.008,0.556,178.588
01:46.7,4,7.62,15.42916675,75.0159236,727.075,0.24391235,159.4137,655.35,655.35,3.89,-0.03680127,0.03707408,0.07394392,0.07859129,0.05463006,-9.847569,0.3246479,1.511241,4.24161,2.0585,0,0,0.55,178.64
01:46.8,4,7.62,15.42916678,75.0159236,727.076,0.25330548,162.22812,655.35,655.35,3.894,-0.027825625,0.026293725,0.08089297,0.177441545,0.05913401,-9.831475,0.30658054,1.5500016,4.0451778,2.0678058,0,-0.01,0.544,178.736
01:46.8,4,7.62,15.42916681,75.0159236,727.077,0.26269861,165.04254,655.35,655.35,3.898,-0.01884998,0.01551337,0.08784202,0.2762918,0.06363796,-9.815381,0.28851318,1.5887622,3.8487456,2.0771116,0,-0.02,0.538,178.832
01:46.8,4,7.62,15.42916684,75.0159236,727.078,0.27209174,167.85696,655.35,655.35,3.902,-0.02118556,0.03090854,0.10842831,0.26867745,0.055983875,-9.839635,0.27044582,1.6275228,3.6523134,2.0864174,0,-0.03,0.532,178.928
01:46.8,4,7.62,15.42916687,75.0159236,727.079,0.28148487,170.67138,655.35,655.35,3.906,-0.02352114,0.04630371,0.1290146,0.2610631,0.04832979,-9.863889,0.25237846,1.6662834,3.4558812,2.0957232,0,-0.04,0.526,179.024
01:46.8,4,7.62,15.4291669,75.0159236,727.08,0.290878,173.4858,655.35,655.35,3.91,-0.044390885,0.0346018,0.12821365,0.14087606,-0.00424474,-9.844499,0.2343111,1.705044,3.259449,2.105029,0,-0.05,0.52,179.12
01:46.9,4,7.62,15.429167,75.01592358,727.083,0.29336044,172.44296,655.35,655.35,3.939,-0.06526063,0.02289989,0.1274127,0.02068902,-0.05681927,-9.825109,0.21963136,1.6024984,3.1495344,2.0780694,0,-0.066,0.536,179.302
01:46.9,4,7.62,15.4291671,75.01592356,727.086,0.29584288,171.40012,655.35,655.35,3.968,-0.018979785,0.021872205,0.1416577,0.06313736,-0.00721894,-9.7990435,0.20495162,1.4999528,3.0396198,2.0511098,0,-0.082,0.552,179.484
01:46.9,4,7.62,15.4291672,75.01592354,727.089,0.29832532,170.35728,655.35,655.35,3.997,0.02730106,0.02084452,0.1559027,0.1055857,0.04238139,-9.772978,0.19027188,1.3974072,2.9297052,2.0241502,0,-0.098,0.568,179.666
01:46.9,4,7.62,15.4291673,75.01592352,727.092,0.30080776,169.31444,655.35,655.35,4.026,0.02281485,-0.02417247,0.1836905,0.091302665,0.044100025,-9.7750775,0.17559214,1.2948616,2.8197906,1.9971906,0,-0.114,0.584,179.848
01:46.9,4,7.62,15.4291674,75.0159235,727.095,0.3032902,168.2716,655.35,655.35,4.055,0.01832864,-0.06918946,0.2114783,0.07701963,0.04581866,-9.777177,0.1609124,1.192316,2.709876,1.970231,0,-0.13,0.6,180.03
01:47.0,4,7.62,15.4291675,75.01592348,727.098,0.30577264,167.22876,655.35,655.35,4.084,0.00360425,-0.053933395,0.26667225,0.07717501,0.08833708,-9.829852,0.18688424,1.1720724,3.069451,2.2132286,0,-0.14,0.61,180.468
01:47.0,4,7.62,15.4291676,75.01592346,727.101,0.30825508,166.18592,655.35,655.35,4.113,-0.01112014,-0.03867733,0.3218662,0.07733039,0.1308555,-9.882527,0.21285608,1.1518288,3.429026,2.4562262,0,-0.15,0.62,180.906
01:47.0,4,7.62,15.4291677,75.01592344,727.104,0.31073752,165.14308,655.35,655.35,4.142,0.0305602,-0.052967585,0.42430675,0.088726745,0.17501635,-9.8070515,0.23882792,1.1315852,3.788601,2.6992238,0,-0.16,0.63,181.344
01:47.0,4,7.62,15.4291678,75.01592342,727.107,0.31321996,164.10024,655.35,655.35,4.171,0.07224054,-0.06725784,0.5267473,0.1001231,0.2191772,-9.731576,0.26479976,1.1113416,4.148176,2.9422214,0,-0.17,0.64,181.782
01:47.0,4,7.62,15.4291679,75.0159234,727.11,0.3157024,163.0574,655.35,655.35,4.2,0.0432819,-0.06089458,0.5821234,0.16162075,0.1899346,-9.724556,0.2907716,1.091098,4.507751,3.185219,0,-0.18,0.65,182.22
01:47.1,4,7.62,15.42916816,75.01592334,727.104,0.30054587,153.830892,655.35,655.35,3.96,0.01432326,-0.05453132,0.6374995,0.2231184,0.160692,-9.717536,0.3139204,1.3126824,4.7193304,3.4394164,0,-0.172,0.63,183.038
01:47.1,4,7.62,15.42916842,75.01592328,727.098,0.28538934,144.604384,655.35,655.35,3.72,-0.032998145,0.00340442,0.6956237,0.12778036,0.075589883,-9.7597095,0.3370692,1.5342668,4.9309098,3.6936138,0,-0.164,0.61,183.856
01:47.1,4,7.62,15.42916868,75.01592322,727.092,0.27023281,135.377876,655.35,655.35,3.48,-0.08031955,0.06134016,0.7537479,0.03244232,-0.009512235,-9.801883,0.360218,1.7558512,5.1424892,3.9478112,0,-0.156,0.59,184.674
01:47.1,4,7.62,15.42916894,75.01592316,727.086,0.25507628,126.151368,655.35,655.35,3.24,-0.01909123,0.034667178,0.7918718,0.051681535,0.039549828,-9.831923,0.3833668,1.9774356,5.3540686,4.2020086,0,-0.148,0.57,185.492
01:47.1,4,7.62,15.4291692,75.0159231,727.08,0.23991975,116.92486,655.35,655.35,3,0.04213709,0.007994195,0.8299957,0.07092075,0.08861189,-9.861963,0.4065156,2.19902,5.565648,4.456206,0,-0.14,0.55,186.31
01:47.2,4,7.62,15.42916946,75.01592304,727.074,0.22476322,107.698352,655.35,655.35,2.76,-0.012368835,0.030502602,0.8107075,0.115838875,0.034466115,-9.848591,0.3839314,2.1978606,5.5530996,4.5804034,0,-0.142,0.548,187.208
01:47.2,4,7.62,15.42916972,75.01592298,727.068,0.20960669,98.471844,655.35,655.35,2.52,-0.06687476,0.05301101,0.7914193,0.160757,-0.01967966,-9.835219,0.3613472,2.1967012,5.5405512,4.7046008,0,-0.144,0.546,188.106
01:47.2,4,7.62,15.42916998,75.01592292,727.062,0.19445016,89.245336,655.35,655.35,2.28,-0.058534875,0.054715905,0.77538205,0.10526596,-0.00220407,-9.8086555,0.338763,2.1955418,5.5280028,4.8287982,0,-0.146,0.544,189.004
01:47.2,4,7.62,15.42917024,75.01592286,727.056,0.17929363,80.018828,655.35,655.35,2.04,-0.05019499,0.0564208,0.7593448,0.04977492,0.01527152,-9.782092,0.3161788,2.1943824,5.5154544,4.9529956,0,-0.148,0.542,189.902
01:47.2,4,7.62,15.4291705,75.0159228,727.05,0.1641371,70.79232,655.35,655.35,1.8,0.037449355,-0.0247525,0.7248109,0.11611116,0.06452531,-9.7516075,0.2935946,2.193223,5.502906,5.077193,0,-0.15,0.54,190.8
01:47.3,4,7.62,15.42917065,75.0159228,727.053,0.17150342,76.409718,655.35,655.35,1.913,0.1250937,-0.1059258,0.690277,0.1824474,0.1137791,-9.721123,0.26423514,2.4384718,5.0511078,4.9335252,0,-0.146,0.53,191.558
01:47.3,4,7.62,15.4291708,75.0159228,727.056,0.17886974,82.027116,655.35,655.35,2.026,0.076097865,-0.02752637,0.68242875,0.112138815,0.051866415,-9.9014965,0.23487568,2.6837206,4.5993096,4.7898574,0,-0.142,0.52,192.316
01:47.3,4,7.62,15.42917095,75.0159228,727.059,0.18623606,87.644514,655.35,655.35,2.139,0.02710203,0.05087306,0.6745805,0.04183023,-0.01004627,-10.08187,0.20551622,2.9289694,4.1475114,4.6461896,0,-0.138,0.51,193.074
01:47.3,4,7.62,15.4291711,75.0159228,727.062,0.19360238,93.261912,655.35,655.35,2.252,-0.02450494,0.00681251,0.64808995,0.153716615,0.038590905,-9.871944,0.17615676,3.1742182,3.6957132,4.5025218,0,-0.134,0.5,193.832
01:47.3,4,7.62,15.42917125,75.0159228,727.065,0.2009687,98.87931,655.35,655.35,2.365,-0.07611191,-0.03724804,0.6215994,0.265603,0.08722808,-9.662018,0.1467973,3.419467,3.243915,4.358854,0,-0.13,0.49,194.59
01:47.4,4,7.62,15.4291714,75.0159228,727.068,0.20833502,104.496708,655.35,655.35,2.478,-0.026914365,-0.017564972,0.69097195,0.3020227,0.17675079,-9.704854,0.133811384,3.3479592,3.449219,4.212109,0,-0.114,0.462,195.388
01:47.4,4,7.62,15.42917155,75.0159228,727.071,0.21570134,110.114106,655.35,655.35,2.591,0.02228318,0.002118097,0.7603445,0.3384424,0.2662735,-9.74769,0.120825468,3.2764514,3.654523,4.065364,0,-0.098,0.434,196.186
01:47.4,4,7.62,15.4291717,75.0159228,727.074,0.22306766,115.731504,655.35,655.35,2.704,0.011344871,0.008939134,0.7258726,0.25075125,0.140369235,-9.7098265,0.107839552,3.2049436,3.859827,3.918619,0,-0.082,0.406,196.984
01:47.4,4,7.62,15.42917185,75.0159228,727.077,0.23043398,121.348902,655.35,655.35,2.817,0.000406562,0.01576017,0.6914007,0.1630601,0.01446497,-9.671963,0.094853636,3.1334358,4.065131,3.771874,0,-0.066,0.378,197.782
01:47.4,4,7.62,15.429172,75.0159228,727.08,0.2378003,126.9663,655.35,655.35,2.93,0.045322976,-0.049652065,0.6772878,0.18133155,-0.003143935,-9.8148455,0.08186772,3.061928,4.270435,3.625129,0,-0.05,0.35,198.58
01:47.5,4,7.62,15.42917234,75.01592272,727.079,0.26672369,149.91068,655.35,655.35,3.047,0.09023939,-0.1150643,0.6631749,0.199603,-0.02075284,-9.957728,0.132682176,2.9782636,4.1944118,3.6737778,0,-0.054,0.338,199.304
01:47.5,4,7.62,15.42917268,75.01592264,727.078,0.29564708,172.85506,655.35,655.35,3.164,0.05363197,-0.061259279,0.6338583,0.23876145,-0.02196504,-9.8695935,0.183496632,2.8945992,4.1183886,3.7224266,0,-0.058,0.326,200.028
01:47.5,4,7.62,15.42917302,75.01592256,727.077,0.32457047,195.79944,655.35,655.35,3.281,0.01702455,-0.007454257,0.6045417,0.2779199,-0.02317724,-9.781459,0.234311088,2.8109348,4.0423654,3.7710754,0,-0.062,0.314,200.752
01:47.5,4,7.62,15.42917336,75.01592248,727.076,0.35349386,218.74382,655.35,655.35,3.398,-0.014392955,-0.034854944,0.56527145,0.21141895,-0.08032507,-9.849642,0.285125544,2.7272704,3.9663422,3.8197242,0,-0.066,0.302,201.476
01:47.5,4,7.62,15.4291737,75.0159224,727.075,0.38241725,241.6882,655.35,655.35,3.515,-0.04581046,-0.06225563,0.5260012,0.144918,-0.1374729,-9.917825,0.33594,2.643606,3.890319,3.868373,0,-0.07,0.29,202.2
01:47.6,4,7.62,15.42917404,75.01592232,727.074,0.41134064,264.63258,655.35,655.35,3.632,0.026655915,-0.06433461,0.53990365,0.21225865,-0.02342097,-9.745068,0.31279118,2.5661072,3.7210818,3.8012488,0,-0.076,0.278,202.828
01:47.6,4,7.62,15.42917438,75.01592224,727.073,0.44026403,287.57696,655.35,655.35,3.749,0.09912229,-0.06641359,0.5538061,0.2795993,0.09063096,-9.572311,0.28964236,2.4886084,3.5518446,3.7341246,0,-0.082,0.266,203.456
01:47.6,4,7.62,15.42917472,75.01592216,727.072,0.46918742,310.52134,655.35,655.35,3.866,0.018974845,-0.034261617,0.5370115,0.29935805,0.11047773,-9.696316,0.26649354,2.4111096,3.3826074,3.6670004,0,-0.088,0.254,204.084
01:47.6,4,7.62,15.42917506,75.01592208,727.071,0.49811081,333.46572,655.35,655.35,3.983,-0.0611726,-0.002109645,0.5202169,0.3191168,0.1303245,-9.820321,0.24334472,2.3336108,3.2133702,3.5998762,0,-0.094,0.242,204.712
01:47.6,4,7.62,15.4291754,75.015922,727.07,0.5270342,356.4101,655.35,655.35,4.1,-0.04344725,0.009057713,0.5368032,0.22001525,0.111449735,-9.801367,0.2201959,2.256112,3.044133,3.532752,0,-0.1,0.23,205.34
01:47.7,4,7.62,15.42917568,75.015922,727.081,0.55343982,321.7296103,655.35,655.35,4.105,-0.0257219,0.02022507,0.5533895,0.1209137,0.09257497,-9.782413,0.22358354,2.1723748,3.0291756,3.3830098,0,-0.098,0.23,205.944
01:47.7,4,7.62,15.42917596,75.015922,727.092,0.57984544,287.0491206,655.35,655.35,4.11,0.030073375,-0.025013645,0.5358879,0.25444385,0.075333085,-9.7866655,0.22697118,2.0886376,3.0142182,3.2332676,0,-0.096,0.23,206.548
01:47.7,4,7.62,15.42917624,75.015922,727.103,0.60625106,252.3686309,655.35,655.35,4.115,0.08586865,-0.07025236,0.5183863,0.387974,0.0580912,-9.790918,0.23035882,2.0049004,2.9992608,3.0835254,0,-0.094,0.23,207.152
01:47.7,4,7.62,15.42917652,75.015922,727.114,0.63265668,217.6881412,655.35,655.35,4.12,0.00107016,-0.02161734,0.5125998,0.2517344,0.01646417,-9.8624895,0.23374646,1.9211632,2.9843034,2.9337832,0,-0.092,0.23,207.756
01:47.7,4,7.62,15.4291768,75.015922,727.125,0.6590623,183.0076515,655.35,655.35,4.125,-0.08372833,0.02701768,0.5068133,0.1154948,-0.02516286,-9.934061,0.2371341,1.837426,2.969346,2.784041,0,-0.09,0.23,208.36
01:47.8,4,7.62,15.42917708,75.015922,727.136,0.68546792,148.3271618,655.35,655.35,4.13,0.006875565,0.008303125,0.49477735,0.19096625,0.08654377,-9.784744,0.25633066,1.8925886,3.0022224,2.8777844,0,-0.094,0.222,208.902
01:47.8,4,7.62,15.42917736,75.015922,727.147,0.71187354,113.6466721,655.35,655.35,4.135,0.09747946,-0.01041143,0.4827414,0.2664377,0.1982504,-9.635427,0.27552722,1.9477512,3.0350988,2.9715278,0,-0.098,0.214,209.444
01:47.8,4,7.62,15.42917764,75.015922,727.158,0.73827916,78.9661824,655.35,655.35,4.14,0.046236116,-0.02445033,0.4643003,0.23750265,0.15474205,-9.7487095,0.29472378,2.0029138,3.0679752,3.0652712,0,-0.102,0.206,209.986
01:47.8,4,7.62,15.42917792,75.015922,727.169,0.76468478,44.2856927,655.35,655.35,4.145,-0.005007229,-0.03848923,0.4458592,0.2085676,0.1112337,-9.861992,0.31392034,2.0580764,3.1008516,3.1590146,0,-0.106,0.198,210.528
01:47.8,4,7.62,15.4291782,75.015922,727.18,0.7910904,9.605203,655.35,655.35,4.15,0.008531306,-0.007521435,0.41547095,0.2834082,0.127677,-9.8177775,0.3331169,2.113239,3.133728,3.252758,0,-0.11,0.19,211.07
01:47.9,4,7.622,15.42917827,75.01592208,727.194,0.75825587,10.3667897,655.35,655.35,4.129,0.02206984,0.02344636,0.3850827,0.3582488,0.1441203,-9.773563,0.2879485,1.9855388,3.128212,3.0920496,0,-0.11,0.192,211.478
01:47.9,4,7.624,15.42917834,75.01592216,727.208,0.72542134,11.1283764,655.35,655.35,4.108,0.01781416,-0.022594685,0.3546466,0.428707,0.2288065,-9.8169405,0.2427801,1.8578386,3.122696,2.9313412,0,-0.11,0.194,211.886
01:47.9,4,7.626,15.42917841,75.01592224,727.222,0.69258681,11.8899631,655.35,655.35,4.087,0.01355848,-0.06863573,0.3242105,0.4991652,0.3134927,-9.860318,0.1976117,1.7301384,3.11718,2.7706328,0,-0.11,0.196,212.294
01:47.9,4,7.628,15.42917848,75.01592232,727.236,0.65975228,12.6515498,655.35,655.35,4.066,-0.038816845,-0.025988415,0.30263175,0.4225223,0.183355165,-9.8526065,0.1524433,1.6024382,3.111664,2.6099244,0,-0.11,0.198,212.702
01:47.9,4,7.63,15.42917855,75.0159224,727.25,0.62691775,13.4131365,655.35,655.35,4.045,-0.09119217,0.0166589,0.281053,0.3458794,0.05321763,-9.844895,0.1072749,1.474738,3.106148,2.449216,0,-0.11,0.2,213.11
01:48.0,4,7.632,15.42917862,75.01592248,727.264,0.59408322,14.1747232,655.35,655.35,4.024,-0.01348578,0.0277796,0.2990246,0.30058905,0.171595465,-9.8034685,0.12534226,1.4807042,3.1666296,2.4285138,0,-0.106,0.19,213.44
01:48.0,4,7.634,15.42917869,75.01592256,727.278,0.56124869,14.9363099,655.35,655.35,4.003,0.06422061,0.0389003,0.3169962,0.2552987,0.2899733,-9.762042,0.14340962,1.4866704,3.2271112,2.4078116,0,-0.102,0.18,213.77
01:48.0,4,7.636,15.42917876,75.01592264,727.292,0.52841416,15.6978966,655.35,655.35,3.982,0.02512284,-0.006768275,0.30563945,0.2890756,0.2402959,-9.765579,0.16147698,1.4926366,3.2875928,2.3871094,0,-0.098,0.17,214.1
01:48.0,4,7.638,15.42917883,75.01592272,727.306,0.49557963,16.4594833,655.35,655.35,3.961,-0.01397493,-0.05243685,0.2942827,0.3228525,0.1906185,-9.769116,0.17954434,1.4986028,3.3480744,2.3664072,0,-0.094,0.16,214.43
01:48.0,4,7.64,15.4291789,75.0159228,727.32,0.4627451,17.22107,655.35,655.35,3.94,-0.01292424,0.00334542,0.2780972,0.2836634,0.115688715,-9.827958,0.1976117,1.504569,3.408556,2.345705,0,-0.09,0.15,214.76
01:48.1,4,7.64,15.42917908,75.01592279,727.326,0.46537427,15.56926104,655.35,655.35,3.981,-0.01187355,0.05912769,0.2619117,0.2444743,0.04075893,-9.8868,0.1626062,1.5348036,3.343726,2.3571036,0,-0.108,0.158,215.004
01:48.1,4,7.64,15.42917926,75.01592278,727.332,0.46800344,13.91745208,655.35,655.35,4.022,0.042419895,0.00529763,0.22681715,0.2475614,0.097047665,-9.7764255,0.1276007,1.5650382,3.278896,2.3685022,0,-0.126,0.166,215.248
01:48.1,4,7.64,15.42917944,75.01592277,727.338,0.47063261,12.26564312,655.35,655.35,4.063,0.09671334,-0.04853243,0.1917226,0.2506485,0.1533364,-9.666051,0.0925952,1.5952728,3.214066,2.3799008,0,-0.144,0.174,215.492
01:48.1,4,7.64,15.42917962,75.01592276,727.344,0.47326178,10.61383416,655.35,655.35,4.104,0.0117036,-0.047370725,0.15907395,0.206108,0.102378595,-9.7856625,0.0575897,1.6255074,3.149236,2.3912994,0,-0.162,0.182,215.736
01:48.1,4,7.64,15.4291798,75.01592275,727.35,0.47589095,8.9620252,655.35,655.35,4.145,-0.07330614,-0.04620902,0.1264253,0.1615675,0.05142079,-9.905274,0.0225842,1.655742,3.084406,2.402698,0,-0.18,0.19,215.98
01:48.2,4,7.64,15.42917998,75.01592274,727.356,0.47852012,7.31021624,655.35,655.35,4.186,-0.05939322,-0.012306005,0.13713035,0.2498803,0.149075245,-9.844264,0.01806736,1.607805,3.1306282,2.34936,0,-0.17,0.184,216.124
01:48.2,4,7.64,15.42918016,75.01592273,727.362,0.48114929,5.65840728,655.35,655.35,4.227,-0.0454803,0.02159701,0.1478354,0.3381931,0.2467297,-9.783254,0.01355052,1.559868,3.1768504,2.296022,0,-0.16,0.178,216.268
01:48.2,4,7.64,15.42918034,75.01592272,727.368,0.48377846,4.00659832,655.35,655.35,4.268,0.00813514,-0.00947588,0.14046775,0.33717805,0.22758895,-9.7686425,0.00903368,1.511931,3.2230726,2.242684,0,-0.15,0.172,216.412
01:48.2,4,7.64,15.42918052,75.01592271,727.374,0.48640763,2.35478936,655.35,655.35,4.309,0.06175058,-0.04054877,0.1331001,0.336163,0.2084482,-9.754031,0.00451684,1.463994,3.2692948,2.189346,0,-0.14,0.166,216.556
01:48.2,4,7.64,15.4291807,75.0159227,727.38,0.4890368,0.7029804,655.35,655.35,4.35,0.015352445,0.014227965,0.10949096,0.27334585,0.16992345,-9.831332,0,1.416057,3.315517,2.136008,0,-0.13,0.16,216.7
01:48.3,4,7.64,15.42918077,75.01592275,727.396,0.45045058,12.98628236,655.35,655.35,4.105,-0.03104569,0.0690047,0.08588182,0.2105287,0.1313987,-9.908633,0.04178076,1.5072094,3.399861,2.3233006,0,-0.144,0.174,216.692
01:48.3,4,7.64,15.42918084,75.0159228,727.412,0.41186436,25.26958432,655.35,655.35,3.86,0.02568887,0.01231537,0.036039075,0.2760875,0.21658415,-9.785871,0.08356152,1.5983618,3.484205,2.5105932,0,-0.158,0.188,216.684
01:48.3,4,7.64,15.42918091,75.01592285,727.428,0.37327814,37.55288628,655.35,655.35,3.615,0.08242343,-0.04437396,-0.01380367,0.3416463,0.3017696,-9.663109,0.12534228,1.6895142,3.568549,2.6978858,0,-0.172,0.202,216.676
01:48.3,4,7.64,15.42918098,75.0159229,727.444,0.33469192,49.83618824,655.35,655.35,3.37,0.034667105,-0.024299905,-0.056975335,0.29354125,0.20294155,-9.7780095,0.16712304,1.7806666,3.652893,2.8851784,0,-0.186,0.216,216.668
01:48.3,4,7.64,15.42918105,75.01592295,727.46,0.2961057,62.1194902,655.35,655.35,3.125,-0.01308922,-0.00422585,-0.100147,0.2454362,0.1041135,-9.89291,0.2089038,1.871819,3.737237,3.072471,0,-0.2,0.23,216.66
01:48.4,4,7.64,15.42918112,75.015923,727.476,0.25751948,74.40279216,655.35,655.35,2.88,0.00955118,-0.014559055,-0.096710005,0.2655798,0.10362705,-9.8240485,0.18801342,1.7897088,3.6533252,2.9059576,0,-0.188,0.218,216.526
01:48.4,4,7.64,15.42918119,75.01592305,727.492,0.21893326,86.68609412,655.35,655.35,2.635,0.03219158,-0.02489226,-0.09327301,0.2857234,0.1031406,-9.755187,0.16712304,1.7075986,3.5694134,2.7394442,0,-0.176,0.206,216.392
01:48.4,4,7.64,15.42918126,75.0159231,727.508,0.18034704,98.96939608,655.35,655.35,2.39,-0.012438435,0.00064635,-0.103577555,0.30698855,0.13810255,-9.765446,0.14623266,1.6254884,3.4855016,2.5729308,0,-0.164,0.194,216.258
01:48.4,4,7.64,15.42918133,75.01592315,727.524,0.14176082,111.252698,655.35,655.35,2.145,-0.05706845,0.02618496,-0.1138821,0.3282537,0.1730645,-9.775705,0.12534228,1.5433782,3.4015898,2.4064174,0,-0.152,0.182,216.124
01:48.4,4,7.64,15.4291814,75.0159232,727.54,0.1031746,123.536,655.35,655.35,1.9,-0.008880205,0.000219475,-0.10211874,0.2499549,0.1782397,-9.7633265,0.1044519,1.461268,3.317678,2.239904,0,-0.14,0.17,215.99
01:48.5,4,7.64,15.42918147,75.01592317,727.54,0.102772785,124.35535,655.35,655.35,1.899,0.03930804,-0.02574601,-0.09035538,0.1716561,0.1834149,-9.750948,0.16768766,1.4146736,3.2647638,2.2106836,0,-0.146,0.164,215.794
01:48.5,4,7.64,15.42918154,75.01592314,727.54,0.10237097,125.1747,655.35,655.35,1.898,0.023447714,0.02126027,-0.12492314,0.1509645,0.092367001,-9.837241,0.23092342,1.3680792,3.2118496,2.1814632,0,-0.152,0.158,215.598
01:48.5,4,7.64,15.42918161,75.01592311,727.54,0.101969155,125.99405,655.35,655.35,1.897,0.007587387,0.06826655,-0.1594909,0.1302729,0.001319103,-9.923534,0.29415918,1.3214848,3.1589354,2.1522428,0,-0.158,0.152,215.402
01:48.5,4,7.64,15.42918168,75.01592308,727.54,0.10156734,126.8134,655.35,655.35,1.896,0.020819934,-0.000600205,-0.2111312,0.25844155,0.034166727,-9.832229,0.35739494,1.2748904,3.1060212,2.1230224,0,-0.164,0.146,215.206
01:48.5,4,7.64,15.42918175,75.01592305,727.54,0.101165525,127.63275,655.35,655.35,1.895,0.03405248,-0.06946696,-0.2627715,0.3866102,0.06701435,-9.740924,0.4206307,1.228296,3.053107,2.093802,0,-0.17,0.14,215.01
01:48.6,4,7.64,15.42918182,75.01592302,727.54,0.10076371,128.4521,655.35,655.35,1.894,0.016783625,-0.06435866,-0.3679965,0.3246387,-0.01092917,-9.7592755,0.41216162,1.264678,3.192863,2.0801356,0,-0.156,0.148,214.462
01:48.6,4,7.64,15.42918189,75.01592299,727.54,0.100361895,129.27145,655.35,655.35,1.893,-0.00048523,-0.05925036,-0.4732215,0.2626672,-0.08887269,-9.777627,0.40369254,1.30106,3.332619,2.0664692,0,-0.142,0.156,213.914
01:48.6,4,7.64,15.42918196,75.01592296,727.54,0.09996008,130.0908,655.35,655.35,1.892,0.026160165,-0.022862205,-0.53004345,0.2191908,-0.03060964,-9.7854285,0.39522346,1.337442,3.472375,2.0528028,0,-0.128,0.164,213.366
01:48.6,4,7.64,15.42918203,75.01592293,727.54,0.099558265,130.91015,655.35,655.35,1.891,0.05280556,0.01352595,-0.5868654,0.1757144,0.02765341,-9.79323,0.38675438,1.373824,3.612131,2.0391364,0,-0.114,0.172,212.818
01:48.6,4,7.64,15.4291821,75.0159229,727.54,0.09915645,131.7295,655.35,655.35,1.89,0.053439615,0.060299825,-0.61739365,0.1687856,0.069171455,-9.811327,0.3782853,1.410206,3.751887,2.02547,0,-0.1,0.18,212.27
01:48.7,4,7.64,15.42918226,75.01592286,727.539,0.122794645,119.4999749,655.35,655.35,2.098,0.05407367,0.1070737,-0.6479219,0.1618568,0.1106895,-9.829424,0.35739492,1.4505158,3.6122426,2.1118696,0,-0.088,0.182,211.534
01:48.7,4,7.64,15.42918242,75.01592282,727.538,0.14643284,107.2704498,655.35,655.35,2.306,0.0491199,0.024900755,-0.6460173,0.24730905,0.11788735,-9.862844,0.33650454,1.4908256,3.4725982,2.1982692,0,-0.076,0.184,210.798
01:48.7,4,7.64,15.42918258,75.01592278,727.537,0.170071035,95.0409247,655.35,655.35,2.514,0.04416613,-0.05727219,-0.6441127,0.3327613,0.1250852,-9.896264,0.31561416,1.5311354,3.3329538,2.2846688,0,-0.064,0.186,210.062
01:48.7,4,7.64,15.42918274,75.01592274,727.536,0.19370923,82.8113996,655.35,655.35,2.722,-0.003237395,-0.07516942,-0.65114595,0.30210365,0.095005685,-9.752364,0.29472378,1.5714452,3.1933094,2.3710684,0,-0.052,0.188,209.326
01:48.7,4,7.64,15.4291829,75.0159227,727.535,0.217347425,70.5818745,655.35,655.35,2.93,-0.05064092,-0.09306665,-0.6581792,0.271446,0.06492617,-9.608464,0.2738334,1.611755,3.053665,2.457468,0,-0.04,0.19,208.59
01:48.8,4,7.64,15.42918306,75.01592266,727.534,0.24098562,58.3523494,655.35,655.35,3.138,0.024021805,-0.08617813,-0.68721765,0.19507915,0.086577935,-9.71726,0.3302939,1.759017,3.1242646,2.5794144,0,-0.018,0.198,207.782
01:48.8,4,7.64,15.42918322,75.01592262,727.533,0.264623815,46.1228243,655.35,655.35,3.346,0.09868453,-0.07928961,-0.7162561,0.1187123,0.1082297,-9.826056,0.3867544,1.906279,3.1948642,2.7013608,0,0.004,0.206,206.974
01:48.8,4,7.64,15.42918338,75.01592258,727.532,0.28826201,33.8932992,655.35,655.35,3.554,0.077757685,0.122854695,-0.705967,0.01114463,0.20598455,-10.035108,0.4432149,2.053541,3.2654638,2.8233072,0,0.026,0.214,206.166
01:48.8,4,7.64,15.42918354,75.01592254,727.531,0.311900205,21.6637741,655.35,655.35,3.762,0.05683084,0.324999,-0.6956779,-0.09642304,0.3037394,-10.24416,0.4996754,2.200803,3.3360634,2.9452536,0,0.048,0.222,205.358
01:48.8,4,7.64,15.4291837,75.0159225,727.53,0.3355384,9.434249,655.35,655.35,3.97,0.025773916,0.137836975,-0.69915255,0.03514758,0.2195996,-9.9187115,0.5561359,2.348065,3.406663,3.0672,0,0.07,0.23,204.55
01:48.9,4,7.64,15.429184,75.01592249,727.542,0.37199663,8.5972183,655.35,655.35,4.004,-0.005283008,-0.04932505,-0.7026272,0.1667182,0.1354598,-9.593263,0.5109675,2.251451,3.301804,2.9625318,0,0.082,0.224,203.71
01:48.9,4,7.64,15.4291843,75.01592248,727.554,0.40845486,7.7601876,655.35,655.35,4.038,-0.023020674,-0.123756125,-0.7135426,0.32997605,0.05587218,-9.631509,0.4657991,2.154837,3.196945,2.8578636,0,0.094,0.218,202.87
01:48.9,4,7.64,15.4291846,75.01592247,727.566,0.44491309,6.9231569,655.35,655.35,4.072,-0.04075834,-0.1981872,-0.724458,0.4932339,-0.02371544,-9.669755,0.4206307,2.058223,3.092086,2.7531954,0,0.106,0.212,202.03
01:48.9,4,7.64,15.4291849,75.01592246,727.578,0.48137132,6.0861262,655.35,655.35,4.106,0.021642215,-0.04211985,-0.74098305,0.30510835,0.13559778,-9.7238725,0.3754623,1.961609,2.987227,2.6485272,0,0.118,0.206,201.19
01:48.9,4,7.64,15.4291852,75.01592245,727.59,0.51782955,5.2490955,655.35,655.35,4.14,0.08404277,0.1139475,-0.7575081,0.1169828,0.294911,-9.77799,0.3302939,1.864995,2.882368,2.543859,0,0.13,0.2,200.35
01:49.0,4,7.64,15.4291855,75.01592244,727.602,0.55428778,4.4120648,655.35,655.35,4.174,0.01433564,0.10935135,-0.7645277,0.082789835,0.2569303,-9.8799605,0.37263928,1.8409146,2.8898914,2.5277784,0,0.096,0.218,199.472
01:49.0,4,7.64,15.4291858,75.01592243,727.614,0.59074601,3.5750341,655.35,655.35,4.208,-0.05537149,0.1047552,-0.7715473,0.04859687,0.2189496,-9.981931,0.41498466,1.8168342,2.8974148,2.5116978,0,0.062,0.236,198.594
01:49.0,4,7.64,15.4291861,75.01592242,727.626,0.62720424,2.7380034,655.35,655.35,4.242,-0.044950665,-0.06411,-0.76279935,0.208611985,0.146169895,-9.7999895,0.45733004,1.7927538,2.9049382,2.4956172,0,0.028,0.254,197.716
01:49.0,4,7.64,15.4291864,75.01592241,727.638,0.66366247,1.9009727,655.35,655.35,4.276,-0.03452984,-0.2329752,-0.7540514,0.3686271,0.07339019,-9.618048,0.49967542,1.7686734,2.9124616,2.4795366,0,-0.006,0.272,196.838
01:49.0,4,7.64,15.4291867,75.0159224,727.65,0.7001207,1.063942,655.35,655.35,4.31,-0.030898365,-0.140354665,-0.78587625,0.31149245,0.076399345,-9.622134,0.5420208,1.744593,2.919985,2.463456,0,-0.04,0.29,195.96
01:49.1,4,7.64,15.4291869,75.01592239,727.654,0.70372289,36.6382678,655.35,655.35,4.32,-0.02726689,-0.04773413,-0.8177011,0.2543578,0.0794085,-9.62622,0.48894792,1.723736,2.861794,2.4765954,0,-0.008,0.244,194.994
01:49.1,4,7.64,15.4291871,75.01592238,727.658,0.70732508,72.2125936,655.35,655.35,4.33,0.062058605,0.031401435,-0.8427769,0.16323893,0.15941845,-9.815895,0.43587504,1.702879,2.803603,2.4897348,0,0.024,0.198,194.028
01:49.1,4,7.64,15.4291873,75.01592237,727.662,0.71092727,107.7869194,655.35,655.35,4.34,0.1513841,0.110537,-0.8678527,0.07212006,0.2394284,-10.00557,0.38280216,1.682022,2.745412,2.5028742,0,0.056,0.152,193.062
01:49.1,4,7.64,15.4291875,75.01592236,727.666,0.71452946,143.3612452,655.35,655.35,4.35,0.079404568,0.065757175,-0.86575715,0.14979628,0.16355349,-9.9389925,0.32972928,1.661165,2.687221,2.5160136,0,0.088,0.106,192.096
01:49.1,4,7.64,15.4291877,75.01592235,727.67,0.71813165,178.935571,655.35,655.35,4.36,0.007425036,0.02097735,-0.8636616,0.2274725,0.08767858,-9.872415,0.2766564,1.640308,2.62903,2.529153,0,0.12,0.06,191.13
01:49.2,4,7.64,15.4291879,75.01592234,727.674,0.72173384,214.5098968,655.35,655.35,4.37,-0.026919872,-0.133439875,-0.85872425,0.3445974,0.10505639,-9.59328,0.30770968,1.7883448,2.7877092,2.6367586,0,0.148,0.08,190.16
01:49.2,4,7.64,15.4291881,75.01592233,727.678,0.72533603,250.0842226,655.35,655.35,4.38,-0.06126478,-0.2878571,-0.8537869,0.4617223,0.1224342,-9.314145,0.33876296,1.9363816,2.9463884,2.7443642,0,0.176,0.1,189.19
01:49.2,4,7.64,15.4291883,75.01592232,727.682,0.72893822,285.6585484,655.35,655.35,4.39,-0.016506905,-0.12188684,-0.8559846,0.238707865,0.15955625,-9.6375645,0.36981624,2.0844184,3.1050676,2.8519698,0,0.204,0.12,188.22
01:49.2,4,7.64,15.4291885,75.01592231,727.686,0.73254041,321.2328742,655.35,655.35,4.4,0.02825097,0.04408342,-0.8581823,0.01569343,0.1966783,-9.960984,0.40086952,2.2324552,3.2637468,2.9595754,0,0.232,0.14,187.25
01:49.2,4,7.64,15.4291887,75.0159223,727.69,0.7361426,356.8072,655.35,655.35,4.41,-0.296662915,0.38174526,-0.6158434,-0.255480035,0.0293277,-10.521227,0.4319228,2.380492,3.422426,3.067181,0,0.26,0.16,186.28
01:49.3,4,7.642,15.42918887,75.0159223,727.694,0.7189699,321.757136,655.35,655.35,4.398,-0.6215768,0.7194071,-0.3735045,-0.5266535,-0.1380229,-11.08147,0.4319228,2.3950798,3.4753312,3.0948842,0,0.092,0.36,185.822
01:49.3,4,7.644,15.42918904,75.0159223,727.698,0.7017972,286.707072,655.35,655.35,4.386,-0.268141375,0.36914321,-0.3681256,-0.02844025,0.09611685,-10.572605,0.4319228,2.4096676,3.5282364,3.1225874,0,-0.076,0.56,185.364
01:49.3,4,7.646,15.42918921,75.0159223,727.702,0.6846245,251.657008,655.35,655.35,4.374,0.08529405,0.01887932,-0.3627467,0.469773,0.3302566,-10.06374,0.4319228,2.4242554,3.5811416,3.1502906,0,-0.244,0.76,184.906
01:49.3,4,7.648,15.42918938,75.0159223,727.706,0.6674518,216.606944,655.35,655.35,4.362,0.0665134,-0.07230149,-0.4413865,0.3574707,0.1011081,-9.508242,0.4319228,2.4388432,3.6340468,3.1779938,0,-0.412,0.96,184.448
01:49.3,4,7.65,15.42918955,75.0159223,727.71,0.6502791,181.55688,655.35,655.35,4.35,0.04773275,-0.1634823,-0.5200263,0.2451684,-0.1280404,-8.952744,0.4319228,2.453431,3.686952,3.205697,0,-0.58,1.16,183.99
01:49.4,4,7.652,15.42918972,75.0159223,727.714,0.6331064,146.506816,655.35,655.35,4.338,-0.049030375,-0.0792199,-0.58212375,0.093449785,-0.2029913,-8.7196345,0.42627676,2.3047822,3.7712702,3.1232874,0,-0.482,1.058,183.268
01:49.4,4,7.654,15.42918989,75.0159223,727.718,0.6159337,111.456752,655.35,655.35,4.326,-0.1457935,0.0050425,-0.6442212,-0.05826883,-0.2779422,-8.486525,0.42063072,2.1561334,3.8555884,3.0408778,0,-0.384,0.956,182.546
01:49.4,4,7.656,15.42919006,75.0159223,727.722,0.598761,76.406688,655.35,655.35,4.314,0.1331452,-0.15381725,-0.67222575,0.291319635,0.17958215,-8.7896205,0.41498468,2.0074846,3.9399066,2.9584682,0,-0.286,0.854,181.824
01:49.4,4,7.658,15.42919023,75.0159223,727.726,0.5815883,41.356624,655.35,655.35,4.302,0.4120839,-0.312677,-0.7002303,0.6409081,0.6371065,-9.092716,0.40933864,1.8588358,4.0242248,2.8760586,0,-0.188,0.752,181.102
01:49.4,4,7.66,15.4291904,75.0159223,727.73,0.5644156,6.30656,655.35,655.35,4.29,0.24046388,-0.32951255,-0.6090749,0.7223672,0.3284919,-10.247233,0.4036926,1.710187,4.108543,2.793649,0,-0.09,0.65,180.38
01:49.5,4,7.66,15.42919044,75.01592229,727.73,0.52121526,38.883924,655.35,655.35,4.259,0.06884386,-0.3463481,-0.5179195,0.8038263,0.0198773,-11.40175,0.40990324,1.709244,4.0242416,2.7112498,0,-0.072,0.602,179.82
01:49.5,4,7.66,15.42919048,75.01592228,727.73,0.47801492,71.461288,655.35,655.35,4.228,0.02104143,-0.01249275,-0.4717975,0.47028845,0.0929671,-10.73852,0.41611388,1.708301,3.9399402,2.6288506,0,-0.054,0.554,179.26
01:49.5,4,7.66,15.42919052,75.01592227,727.73,0.43481458,104.038652,655.35,655.35,4.197,-0.026761,0.3213626,-0.4256755,0.1367506,0.1660569,-10.07529,0.42232452,1.707358,3.8556388,2.5464514,0,-0.036,0.506,178.7
01:49.5,4,7.66,15.42919056,75.01592226,727.73,0.39161424,136.616016,655.35,655.35,4.166,0.0370308,0.147567785,-0.4624408,0.064120521,0.2887517,-9.770553,0.42853516,1.706415,3.7713374,2.4640522,0,-0.018,0.458,178.14
01:49.5,4,7.66,15.4291906,75.01592225,727.73,0.3484139,169.19338,655.35,655.35,4.135,0.1008226,-0.02622703,-0.4992061,-0.008509558,0.4114465,-9.465816,0.4347458,1.705472,3.687036,2.381653,0,0,0.41,177.58
01:49.6,4,7.66,15.42919064,75.01592224,727.73,0.30521356,201.770744,655.35,655.35,4.104,0.031767285,-0.084895165,-0.4330756,0.151314921,0.24847871,-9.63653,0.42063068,1.6994406,3.800979,2.346039,0,0.046,0.372,177.142
01:49.6,4,7.66,15.42919068,75.01592223,727.73,0.26201322,234.348108,655.35,655.35,4.073,-0.03728803,-0.1435633,-0.3669451,0.3111394,0.08551092,-9.807244,0.40651556,1.6934092,3.914922,2.310425,0,0.092,0.334,176.704
01:49.6,4,7.66,15.42919072,75.01592222,727.73,0.21881288,266.925472,655.35,655.35,4.042,0.02319571,-0.106706935,-0.34928975,0.3620216,0.051913905,-9.8706535,0.39240044,1.6873778,4.028865,2.274811,0,0.138,0.296,176.266
01:49.6,4,7.66,15.42919076,75.01592221,727.73,0.17561254,299.502836,655.35,655.35,4.011,0.08367945,-0.06985057,-0.3316344,0.4129038,0.01831689,-9.934063,0.37828532,1.6813464,4.142808,2.239197,0,0.184,0.258,175.828
01:49.6,4,7.66,15.4291908,75.0159222,727.73,0.1324122,332.0802,655.35,655.35,3.98,0.055497435,0.021978515,-0.2942109,0.2595862,0.05707898,-9.893374,0.3641702,1.675315,4.256751,2.203583,0,0.23,0.22,175.39
01:49.7,4,7.66,15.42919101,75.01592221,727.74,0.13031369,305.768429,655.35,655.35,3.784,0.02731542,0.1138076,-0.2567874,0.1062686,0.09584107,-9.852685,0.33198772,1.639158,4.1710484,2.242739,0,0.232,0.236,175.146
01:49.7,4,7.66,15.42919122,75.01592222,727.75,0.12821518,279.456658,655.35,655.35,3.588,0.01111945,0.06882012,-0.2278278,0.08585289,0.113826085,-9.8398955,0.29980524,1.603001,4.0853458,2.281895,0,0.234,0.252,174.902
01:49.7,4,7.66,15.42919143,75.01592223,727.76,0.12611667,253.144887,655.35,655.35,3.392,-0.00507652,0.02383264,-0.1988682,0.06543718,0.1318111,-9.827106,0.26762276,1.566844,3.9996432,2.321051,0,0.236,0.268,174.658
01:49.7,4,7.66,15.42919164,75.01592224,727.77,0.12401816,226.833116,655.35,655.35,3.196,0.019274255,-0.05031698,-0.2014355,0.10288049,0.085944885,-9.8201505,0.23544028,1.530687,3.9139406,2.360207,0,0.238,0.284,174.414
01:49.7,4,7.66,15.42919185,75.01592225,727.78,0.12191965,200.521345,655.35,655.35,3,0.04362503,-0.1244666,-0.2040028,0.1403238,0.04007867,-9.813195,0.2032578,1.49453,3.828238,2.399363,0,0.24,0.3,174.17
01:49.8,4,7.66,15.42919206,75.01592226,727.79,0.11982114,174.209574,655.35,655.35,2.804,0.039749085,-0.1123366,-0.20694285,0.21428765,0.039115265,-9.8140885,0.204387,1.4726118,3.725544,2.3483056,0,0.282,0.266,173.974
01:49.8,4,7.66,15.42919227,75.01592227,727.8,0.11772263,147.897803,655.35,655.35,2.608,0.03587314,-0.1002066,-0.2098829,0.2882515,0.03815186,-9.814982,0.2055162,1.4506936,3.62285,2.2972482,0,0.324,0.232,173.778
01:49.8,4,7.66,15.42919248,75.01592228,727.81,0.11562412,121.586032,655.35,655.35,2.412,0.05706945,-0.017080335,-0.18338485,0.1966135,0.07640598,-9.806495,0.2066454,1.4287754,3.520156,2.2461908,0,0.366,0.198,173.582
01:49.8,4,7.66,15.42919269,75.01592229,727.82,0.11352561,95.274261,655.35,655.35,2.216,0.07826576,0.06604593,-0.1568868,0.1049755,0.1146601,-9.798008,0.2077746,1.4068572,3.417462,2.1951334,0,0.408,0.164,173.386
01:49.8,4,7.66,15.4291929,75.0159223,727.83,0.1114271,68.96249,655.35,655.35,2.02,0.09124898,0.00367448,-0.14851255,0.09488885,0.05878976,-9.80046,0.2089038,1.384939,3.314768,2.144076,0,0.45,0.13,173.19
01:49.9,4,7.66,15.429193,75.01592224,727.82,0.10845874,97.292881,655.35,655.35,2.176,0.1042322,-0.05869697,-0.1401383,0.0848022,0.002919419,-9.802912,0.20438696,1.430711,3.387264,2.1429092,0,0.502,0.078,173.052
01:49.9,4,7.66,15.4291931,75.01592218,727.81,0.10549038,125.623272,655.35,655.35,2.332,0.079628135,-0.094397135,-0.1416224,0.081284535,-0.026390941,-9.816431,0.19987012,1.476483,3.45976,2.1417424,0,0.554,0.026,172.914
01:49.9,4,7.66,15.4291932,75.01592212,727.8,0.10252202,153.953663,655.35,655.35,2.488,0.05502407,-0.1300973,-0.1431065,0.07776687,-0.0557013,-9.82995,0.19535328,1.522255,3.532256,2.1405756,0,0.606,-0.026,172.776
01:49.9,4,7.66,15.4291933,75.01592206,727.79,0.09955366,182.284054,655.35,655.35,2.644,0.04182111,-0.068974827,-0.14640805,0.01724111,-0.08500455,-9.8300205,0.19083644,1.568027,3.604752,2.1394088,0,0.658,-0.078,172.638
01:49.9,4,7.66,15.4291934,75.015922,727.78,0.0965853,210.614445,655.35,655.35,2.8,0.02861815,-0.007852354,-0.1497096,-0.04328465,-0.1143078,-9.830091,0.1863196,1.613799,3.677248,2.138242,0,0.71,-0.13,172.5
01:50.0,4,7.66,15.4291935,75.01592194,727.77,0.09361694,238.944836,655.35,655.35,2.956,0.064493475,-0.004319857,-0.1500018,-0.040000135,-0.074976015,-9.8143475,0.22640656,1.525179,3.5485368,2.1103876,0,0.734,-0.15,172.338
01:50.0,4,7.66,15.4291936,75.01592188,727.76,0.09064858,267.275227,655.35,655.35,3.112,0.1003688,-0.000787361,-0.150294,-0.03671562,-0.03564423,-9.798604,0.26649352,1.436559,3.4198256,2.0825332,0,0.758,-0.17,172.176
01:50.0,4,7.66,15.4291937,75.01592182,727.75,0.08768022,295.605618,655.35,655.35,3.268,0.065733565,0.01650348,-0.1417101,0.00015196,-0.02682407,-9.8429975,0.30658048,1.347939,3.2911144,2.0546788,0,0.782,-0.19,172.014
01:50.0,4,7.66,15.4291938,75.01592176,727.74,0.08471186,323.936009,655.35,655.35,3.424,0.03109833,0.03379432,-0.1331262,0.03701954,-0.01800391,-9.887391,0.34666744,1.259319,3.1624032,2.0268244,0,0.806,-0.21,171.852
01:50.0,4,7.66,15.4291939,75.0159217,727.73,0.0817435,352.2664,655.35,655.35,3.58,-0.00252495,-0.00286625,-0.1396055,0.09076452,0.033305785,-9.8814965,0.3867544,1.170699,3.033692,1.99897,0,0.83,-0.23,171.69
01:50.1,4,7.661,15.42919406,75.01592169,727.738,0.080035215,340.10458,655.35,655.35,3.372,-0.03614823,-0.03952682,-0.1460848,0.1445095,0.08461548,-9.875602,0.35739494,1.1977968,2.9956076,2.0242348,0,0.838,-0.238,171.49
01:50.1,4,7.662,15.42919422,75.01592168,727.746,0.07832693,327.94276,655.35,655.35,3.164,-0.02996429,-0.03912299,-0.1667526,0.06585036,-0.04410226,-9.833551,0.32803548,1.2248946,2.9575232,2.0494996,0,0.846,-0.246,171.29
01:50.1,4,7.663,15.42919438,75.01592167,727.754,0.076618645,315.78094,655.35,655.35,2.956,-0.02378035,-0.03871916,-0.1874204,-0.01280878,-0.17282,-9.7915,0.29867602,1.2519924,2.9194388,2.0747644,0,0.854,-0.254,171.09
01:50.1,4,7.664,15.42919454,75.01592166,727.762,0.07491036,303.61912,655.35,655.35,2.748,-0.00016034,-0.020050166,-0.19731015,-0.002123274,-0.114492015,-9.801737,0.26931656,1.2790902,2.8813544,2.1000292,0,0.862,-0.262,170.89
01:50.1,4,7.665,15.4291947,75.01592165,727.77,0.073202075,291.4573,655.35,655.35,2.54,0.02345967,-0.001381171,-0.2071999,0.008562231,-0.05616403,-9.811974,0.2399571,1.306188,2.84327,2.125294,0,0.87,-0.27,170.69
01:50.2,4,7.666,15.42919486,75.01592164,727.778,0.07149379,279.29548,655.35,655.35,2.332,0.001945855,0.010330599,-0.21138815,0.023358966,-0.07226512,-9.865517,0.27947946,1.3019814,2.9227704,2.1089212,0,0.816,-0.224,170.46
01:50.2,4,7.667,15.42919502,75.01592163,727.786,0.069785505,267.13366,655.35,655.35,2.124,-0.01956796,0.02204237,-0.2155764,0.0381557,-0.08836621,-9.91906,0.31900182,1.2977748,3.0022708,2.0925484,0,0.762,-0.178,170.23
01:50.2,4,7.668,15.42919518,75.01592162,727.794,0.06807722,254.97184,655.35,655.35,1.916,-0.06590008,0.007095945,-0.20768875,0.07101645,-0.085921475,-9.896857,0.35852418,1.2935682,3.0817712,2.0761756,0,0.708,-0.132,170
01:50.2,4,7.669,15.42919534,75.01592161,727.802,0.066368935,242.81002,655.35,655.35,1.708,-0.1122322,-0.007850479,-0.1998011,0.1038772,-0.08347674,-9.874654,0.39804654,1.2893616,3.1612716,2.0598028,0,0.654,-0.086,169.77
01:50.2,4,7.67,15.4291955,75.0159216,727.81,0.06466065,230.6482,655.35,655.35,1.5,-0.039252035,0.00150522,-0.2302723,0.137989,-0.050696255,-9.8395295,0.4375689,1.285155,3.240772,2.04343,0,0.6,-0.04,169.54
01:50.3,4,7.67,15.42919557,75.01592152,727.8,0.070585305,238.78898,655.35,655.35,1.682,0.03372813,0.01086092,-0.2607435,0.1721008,-0.01791577,-9.804405,0.41103246,1.2632392,3.3741854,1.9811964,0,0.54,-0.046,169.188
01:50.3,4,7.67,15.42919564,75.01592144,727.79,0.07650996,246.92976,655.35,655.35,1.864,-0.001219095,0.01611327,-0.28102285,0.18375675,-0.006930827,-9.9194975,0.38449602,1.2413234,3.5075988,1.9189628,0,0.48,-0.052,168.836
01:50.3,4,7.67,15.42919571,75.01592136,727.78,0.082434615,255.07054,655.35,655.35,2.046,-0.03616632,0.02136562,-0.3013022,0.1954127,0.004054116,-10.03459,0.35795958,1.2194076,3.6410122,1.8567292,0,0.42,-0.058,168.484
01:50.3,4,7.67,15.42919578,75.01592128,727.77,0.08835927,263.21132,655.35,655.35,2.228,-0.07771421,-0.03382184,-0.3189429,0.28614215,-0.005970432,-9.968864,0.33142314,1.1974918,3.7744256,1.7944956,0,0.36,-0.064,168.132
01:50.3,4,7.67,15.42919585,75.0159212,727.76,0.094283925,271.3521,655.35,655.35,2.41,-0.1192621,-0.0890093,-0.3365836,0.3768716,-0.01599498,-9.903138,0.3048867,1.175576,3.907839,1.732262,0,0.3,-0.07,167.78
01:50.4,4,7.67,15.42919592,75.01592112,727.75,0.10020858,279.49288,655.35,655.35,2.592,-0.113984,-0.07285751,-0.34414745,0.24830785,0.021918805,-9.921095,0.29867604,1.374299,4.02449,1.925359,0,0.216,-0.118,167.354
01:50.4,4,7.67,15.42919599,75.01592104,727.74,0.106133235,287.63366,655.35,655.35,2.774,-0.1087059,-0.05670572,-0.3517113,0.1197441,0.05983259,-9.939052,0.29246538,1.573022,4.141141,2.118456,0,0.132,-0.166,166.928
01:50.4,4,7.67,15.42919606,75.01592096,727.73,0.11205789,295.77444,655.35,655.35,2.956,-0.081590475,-0.04220459,-0.3649634,0.1295468,0.07756235,-10.058071,0.28625472,1.771745,4.257792,2.311553,0,0.048,-0.214,166.502
01:50.4,4,7.67,15.42919613,75.01592088,727.72,0.117982545,303.91522,655.35,655.35,3.138,-0.05447505,-0.02770346,-0.3782155,0.1393495,0.09529211,-10.17709,0.28004406,1.970468,4.374443,2.50465,0,-0.036,-0.262,166.076
01:50.4,4,7.67,15.4291962,75.0159208,727.71,0.1239072,312.056,655.35,655.35,3.32,-0.025222432,-0.043728845,-0.3911193,0.1372591,0.016438195,-10.215225,0.2738334,2.169191,4.491094,2.697747,0,-0.12,-0.31,165.65
01:50.5,4,7.67,15.42919657,75.01592076,727.724,0.18080205,314.99906,655.35,655.35,3.403,0.004030186,-0.05975423,-0.4040231,0.1351687,-0.06241572,-10.25336,0.28060866,2.0718342,4.2707008,2.5866442,0,-0.13,-0.354,165.214
01:50.5,4,7.67,15.42919694,75.01592072,727.738,0.2376969,317.94212,655.35,655.35,3.486,0.014964948,-0.06439115,-0.3943239,0.113133245,0.02795229,-10.129795,0.28738392,1.9744774,4.0503076,2.4755414,0,-0.14,-0.398,164.778
01:50.5,4,7.67,15.42919731,75.01592068,727.752,0.29459175,320.88518,655.35,655.35,3.569,0.02589971,-0.06902807,-0.3846247,0.09109779,0.1183203,-10.00623,0.29415918,1.8771206,3.8299144,2.3644386,0,-0.15,-0.442,164.342
01:50.5,4,7.67,15.42919768,75.01592064,727.766,0.3514866,323.82824,655.35,655.35,3.652,0.010780299,-0.04415703,-0.3505977,0.07996553,0.12454485,-9.9698485,0.30093444,1.7797638,3.6095212,2.2533358,0,-0.16,-0.486,163.906
01:50.5,4,7.67,15.42919805,75.0159206,727.78,0.40838145,326.7713,655.35,655.35,3.735,-0.004339113,-0.01928599,-0.3165707,0.06883327,0.1307694,-9.933467,0.3077097,1.682407,3.389128,2.142233,0,-0.17,-0.53,163.47
01:50.6,4,7.67,15.42919842,75.01592056,727.794,0.4652763,329.71436,655.35,655.35,3.818,-0.001218306,-0.007424219,-0.29279085,0.150204635,0.1275149,-10.0690135,0.29246536,1.6634626,3.3621374,2.2699542,0,-0.244,-0.564,163.162
01:50.6,4,7.67,15.42919879,75.01592052,727.808,0.52217115,332.65742,655.35,655.35,3.901,0.001902502,0.004437551,-0.269011,0.231576,0.1242604,-10.20456,0.27722102,1.6445182,3.3351468,2.3976754,0,-0.318,-0.598,162.854
01:50.6,4,7.67,15.42919916,75.01592048,727.822,0.579066,335.60048,655.35,655.35,3.984,-0.067661299,-0.03994982,-0.2539446,0.18607435,0.052074825,-10.18701,0.26197668,1.6255738,3.3081562,2.5253966,0,-0.392,-0.632,162.546
01:50.6,4,7.67,15.42919953,75.01592044,727.836,0.63596085,338.54354,655.35,655.35,4.067,-0.1372251,-0.08433719,-0.2388782,0.1405727,-0.02011075,-10.16946,0.24673234,1.6066294,3.2811656,2.6531178,0,-0.466,-0.666,162.238
01:50.6,4,7.67,15.4291999,75.0159204,727.85,0.6928557,341.4866,655.35,655.35,4.15,-0.08965794,-0.061739495,-0.2371289,0.05061882,0.00520752,-10.18252,0.231488,1.587685,3.254175,2.780839,0,-0.54,-0.7,161.93
01:50.7,4,7.67,15.42919996,75.0159204,727.859,0.65142152,342.74027,655.35,655.35,4.114,-0.04209078,-0.0391418,-0.2353796,-0.03933506,0.03052579,-10.19558,0.25633062,1.6124792,3.35582,2.8848216,0,-0.594,-0.688,161.69
01:50.7,4,7.67,15.42920002,75.0159204,727.868,0.60998734,343.99394,655.35,655.35,4.078,-0.04982051,0.02038848,-0.2232471,-0.047667665,0.061402515,-10.227135,0.28117324,1.6372734,3.457465,2.9888042,0,-0.648,-0.676,161.45
01:50.7,4,7.67,15.42920008,75.0159204,727.877,0.56855316,345.24761,655.35,655.35,4.042,-0.05755024,0.07991876,-0.2111146,-0.05600027,0.09227924,-10.25869,0.30601586,1.6620676,3.55911,3.0927868,0,-0.702,-0.664,161.21
01:50.7,4,7.67,15.42920014,75.0159204,727.886,0.52711898,346.50128,655.35,655.35,4.006,-0.07713522,0.04624937,-0.2041557,0.030424915,0.050787386,-10.092677,0.33085848,1.6868618,3.660755,3.1967694,0,-0.756,-0.652,160.97
01:50.7,4,7.67,15.4292002,75.0159204,727.895,0.4856848,347.75495,655.35,655.35,3.97,-0.0967202,0.01257998,-0.1971968,0.1168501,0.009295532,-9.926664,0.3557011,1.711656,3.7624,3.300752,0,-0.81,-0.64,160.73
01:50.8,4,7.67,15.42920026,75.0159204,727.904,0.44425062,349.00862,655.35,655.35,3.934,-0.063373,0.06720659,-0.17595245,0.060118198,0.049674196,-9.92903,0.35287808,1.6976748,3.535708,3.2882044,0,-0.86,-0.522,160.578
01:50.8,4,7.67,15.42920032,75.0159204,727.913,0.40281644,350.26229,655.35,655.35,3.898,-0.0300258,0.1218332,-0.1547081,0.003386295,0.09005286,-9.931396,0.35005506,1.6836936,3.309016,3.2756568,0,-0.91,-0.404,160.426
01:50.8,4,7.67,15.42920038,75.0159204,727.922,0.36138226,351.51596,655.35,655.35,3.862,-0.045104285,0.09475149,-0.12705346,0.167260848,0.10856428,-9.873282,0.34723204,1.6697124,3.082324,3.2631092,0,-0.96,-0.286,160.274
01:50.8,4,7.67,15.42920044,75.0159204,727.931,0.31994808,352.76963,655.35,655.35,3.826,-0.06018277,0.06766978,-0.09939882,0.3311354,0.1270757,-9.815168,0.34440902,1.6557312,2.855632,3.2505616,0,-1.01,-0.168,160.122
01:50.8,4,7.67,15.4292005,75.0159204,727.94,0.2785139,354.0233,655.35,655.35,3.79,-0.018949305,0.12584349,-0.073472175,0.16085224,0.13673775,-9.8800245,0.341586,1.64175,2.62894,3.238014,0,-1.06,-0.05,159.97
01:50.9,4,7.67,15.42920067,75.01592039,727.941,0.29908368,319.74036,655.35,655.35,3.818,0.02228416,0.1840172,-0.04754553,-0.009430921,0.1463998,-9.944881,0.33989218,1.7319506,2.7416952,3.2011654,0,-1.064,0.326,159.922
01:50.9,4,7.67,15.42920084,75.01592038,727.942,0.31965346,285.45742,655.35,655.35,3.846,0.034814115,0.29729645,-0.03373769,-0.063369411,0.093775305,-9.878809,0.33819836,1.8221512,2.8544504,3.1643168,0,-1.068,0.702,159.874
01:50.9,4,7.67,15.42920101,75.01592037,727.943,0.34022324,251.17448,655.35,655.35,3.874,0.04734407,0.4105757,-0.01992985,-0.1173079,0.04115081,-9.812737,0.33650454,1.9123518,2.9672056,3.1274682,0,-1.072,1.078,159.826
01:50.9,4,7.67,15.42920118,75.01592036,727.944,0.36079302,216.89154,655.35,655.35,3.902,0.01282184,0.4310952,-0.016837435,-0.012145375,-0.004498565,-9.753582,0.33481072,2.0025524,3.0799608,3.0906196,0,-1.076,1.454,159.778
01:50.9,4,7.67,15.42920135,75.01592035,727.945,0.3813628,182.6086,655.35,655.35,3.93,-0.02170039,0.4516147,-0.01374502,0.09301715,-0.05014794,-9.694427,0.3331169,2.092753,3.192716,3.053771,0,-1.08,1.83,159.73
01:51.0,4,7.67,15.42920152,75.01592034,727.946,0.40193258,148.32566,655.35,655.35,3.958,0.037175975,0.4046689,-0.011413154,0.143761175,0.01705143,-9.636514,0.32972928,2.0157376,3.2156706,2.9558116,0,-1.044,2.236,159.706
01:51.0,4,7.67,15.42920169,75.01592033,727.947,0.42250236,114.04272,655.35,655.35,3.986,0.09605234,0.3577231,-0.009081288,0.1945052,0.0842508,-9.578601,0.32634166,1.9387222,3.2386252,2.8578522,0,-1.008,2.642,159.682
01:51.0,4,7.67,15.42920186,75.01592032,727.948,0.44307214,79.75978,655.35,655.35,4.014,0.035243765,0.33610275,-0.012469219,0.1871866,0.01904982,-9.724814,0.32295404,1.8617068,3.2615798,2.7598928,0,-0.972,3.048,159.658
01:51.0,4,7.67,15.42920203,75.01592031,727.949,0.46364192,45.47684,655.35,655.35,4.042,-0.02556481,0.3144824,-0.01585715,0.179868,-0.04615116,-9.871027,0.31956642,1.7846914,3.2845344,2.6619334,0,-0.936,3.454,159.634
01:51.0,4,7.67,15.4292022,75.0159203,727.95,0.4842117,11.1939,655.35,655.35,4.07,0.00731264,0.2294594,-0.011825729,0.235912,-0.00207939,-9.8843685,0.3161788,1.707676,3.307489,2.563974,0,-0.9,3.86,159.61
01:51.1,4,7.67,15.42920208,75.01592031,727.94,0.45068516,24.64149,655.35,655.35,4.1,0.04019009,0.1444364,-0.007794308,0.291956,0.04199238,-9.89771,0.3607826,1.6250428,3.1866336,2.5190066,0,-0.912,4.048,159.602
01:51.1,4,7.67,15.42920196,75.01592032,727.93,0.41715862,38.08908,655.35,655.35,4.13,0.009029075,0.16743375,-0.012472249,0.3129192,0.045439155,-10.077615,0.4053864,1.5424096,3.0657782,2.4740392,0,-0.924,4.236,159.594
01:51.1,4,7.67,15.42920184,75.01592033,727.92,0.38363208,51.53667,655.35,655.35,4.16,-0.02213194,0.1904311,-0.01715019,0.3338824,0.04888593,-10.25752,0.4499902,1.4597764,2.9449228,2.4290718,0,-0.936,4.424,159.586
01:51.1,4,7.67,15.42920172,75.01592034,727.91,0.35010554,64.98426,655.35,655.35,4.19,-0.02678598,0.121900045,-0.02219253,0.3290656,-0.009796605,-10.194995,0.494594,1.3771432,2.8240674,2.3841044,0,-0.948,4.612,159.578
01:51.1,4,7.67,15.4292016,75.01592035,727.9,0.316579,78.43185,655.35,655.35,4.22,-0.03144002,0.05336899,-0.02723487,0.3242488,-0.06847914,-10.13247,0.5391978,1.29451,2.703212,2.339137,0,-0.96,4.8,159.57
01:51.2,4,7.67,15.42920148,75.01592036,727.89,0.28305246,91.87944,655.35,655.35,4.25,0.00697045,0.050944315,-0.027575835,0.27082795,-0.012953495,-10.0144725,0.53863318,1.4138572,2.7066882,2.5681872,0,-0.942,4.864,159.544
01:51.2,4,7.67,15.42920136,75.01592037,727.88,0.24952592,105.32703,655.35,655.35,4.28,0.04538092,0.04851964,-0.0279168,0.2174071,0.04257215,-9.896475,0.53806856,1.5332044,2.7101644,2.7972374,0,-0.924,4.928,159.518
01:51.2,4,7.67,15.42920124,75.01592038,727.87,0.21599938,118.77462,655.35,655.35,4.31,0.049032345,0.051101845,-0.026428655,0.2474632,-0.019217975,-9.831457,0.53750394,1.6525516,2.7136406,3.0262876,0,-0.906,4.992,159.492
01:51.2,4,7.67,15.42920112,75.01592039,727.86,0.18247284,132.22221,655.35,655.35,4.34,0.05268377,0.05368405,-0.02494051,0.2775193,-0.0810081,-9.766439,0.53693932,1.7718988,2.7171168,3.2553378,0,-0.888,5.056,159.466
01:51.2,4,7.67,15.429201,75.0159204,727.85,0.1489463,145.6698,655.35,655.35,4.37,0.035919535,-0.00834751,0.0017096,0.27878865,-0.029128025,-9.68419,0.5363747,1.891246,2.720593,3.484388,0,-0.87,5.12,159.44
01:51.3,4,7.67,15.42920118,75.01592038,727.848,0.16918527,133.292046,655.35,655.35,4.322,0.0191553,-0.07037907,0.02835971,0.280058,0.02275205,-9.601941,0.4669283,1.9698908,2.7094796,3.4624978,0,-0.638,4.92,159.472
01:51.3,4,7.67,15.42920136,75.01592036,727.846,0.18942424,120.914292,655.35,655.35,4.274,0.1319055,-0.148101585,0.03563784,0.28662215,0.089124725,-9.573222,0.3974819,2.0485356,2.6983662,3.4406076,0,-0.406,4.72,159.504
01:51.3,4,7.67,15.42920154,75.01592034,727.844,0.20966321,108.536538,655.35,655.35,4.226,0.2446557,-0.2258241,0.04291597,0.2931863,0.1554974,-9.544503,0.3280355,2.1271804,2.6872528,3.4187174,0,-0.174,4.52,159.536
01:51.3,4,7.67,15.42920172,75.01592032,727.842,0.22990218,96.158784,655.35,655.35,4.178,0.3966463,-0.2857936,0.0377334,0.38694865,0.27434845,-9.541508,0.2585891,2.2058252,2.6761394,3.3968272,0,0.058,4.32,159.568
01:51.3,4,7.67,15.4292019,75.0159203,727.84,0.25014115,83.78103,655.35,655.35,4.13,0.5486369,-0.3457631,0.03255083,0.480711,0.3931995,-9.538513,0.1891427,2.28447,2.665026,3.374937,0,0.29,4.12,159.6
01:51.4,4,7.67,15.42920208,75.01592028,727.838,0.27038012,71.403276,655.35,655.35,4.082,0.61841415,-0.3736663,0.049449195,0.3427303,0.23148451,-9.616108,0.22810044,2.2694382,2.8853894,3.2720532,0,1.038,3.73,159.668
01:51.4,4,7.67,15.42920226,75.01592026,727.836,0.29061909,59.025522,655.35,655.35,4.034,0.6881914,-0.4015695,0.06634756,0.2047496,0.06976952,-9.693703,0.26705818,2.2544064,3.1057528,3.1691694,0,1.786,3.34,159.736
01:51.4,4,7.67,15.42920244,75.01592024,727.834,0.31085806,46.647768,655.35,655.35,3.986,0.64378055,-0.3584475,0.06059005,0.18903115,-0.02745084,-9.707941,0.30601592,2.2393746,3.3261162,3.0662856,0,2.534,2.95,159.804
01:51.4,4,7.67,15.42920262,75.01592022,727.832,0.33109703,34.270014,655.35,655.35,3.938,0.5993697,-0.3153255,0.05483254,0.1733127,-0.1246712,-9.722179,0.34497366,2.2243428,3.5464796,2.9634018,0,3.282,2.56,159.872
01:51.4,4,7.67,15.4292028,75.0159202,727.83,0.351336,21.89226,655.35,655.35,3.89,0.63446485,-0.26830965,0.07445969,0.15843875,-0.085580215,-9.7389875,0.3839314,2.209311,3.766843,2.860518,0,4.03,2.17,159.94
01:51.5,4,7.67,15.42920298,75.01592017,727.832,0.37980523,52.949834,655.35,655.35,3.923,0.66956,-0.2212938,0.09408684,0.1435648,-0.04648923,-9.755796,0.4076448,2.046075,3.7430336,2.6493142,0,4.66,1.892,160.034
01:51.5,4,7.67,15.42920316,75.01592014,727.834,0.40827446,84.007408,655.35,655.35,3.956,0.57818105,-0.23281345,0.10688447,0.1875266,-0.172083215,-9.7431005,0.4313582,1.882839,3.7192242,2.4381104,0,5.29,1.614,160.128
01:51.5,4,7.67,15.42920334,75.01592011,727.836,0.43674369,115.064982,655.35,655.35,3.989,0.4868021,-0.2443331,0.1196821,0.2314884,-0.2976772,-9.730405,0.4550716,1.719603,3.6954148,2.2269066,0,5.92,1.336,160.222
01:51.5,4,7.67,15.42920352,75.01592008,727.838,0.46521292,146.122556,655.35,655.35,4.022,0.4616252,-0.25352055,0.1350882,0.224819,-0.214072,-9.8116045,0.478785,1.556367,3.6716054,2.0157028,0,6.55,1.058,160.316
01:51.5,4,7.67,15.4292037,75.01592005,727.84,0.49368215,177.18013,655.35,655.35,4.055,0.4364483,-0.262708,0.1504943,0.2181496,-0.1304668,-9.892804,0.5024984,1.393131,3.647796,1.804499,0,7.18,0.78,160.41
01:51.6,4,7.67,15.42920388,75.01592002,727.842,0.52215138,208.237704,655.35,655.35,4.088,0.3210979,-0.25129815,0.118090895,0.2198006,-0.183035,-9.7584415,0.46354066,1.401178,3.8302784,1.8728006,0,7.43,0.542,160.518
01:51.6,4,7.67,15.42920406,75.01591999,727.844,0.55062061,239.295278,655.35,655.35,4.121,0.2057475,-0.2398883,0.08568749,0.2214516,-0.2356032,-9.624079,0.42458292,1.409225,4.0127608,1.9411022,0,7.68,0.304,160.626
01:51.6,4,7.67,15.42920424,75.01591996,727.846,0.57908984,270.352852,655.35,655.35,4.154,0.15705345,-0.1726818,0.104179795,0.19255765,-0.1992979,-9.705962,0.38562518,1.417272,4.1952432,2.0094038,0,7.93,0.066,160.734
01:51.6,4,7.67,15.42920442,75.01591993,727.848,0.60755907,301.410426,655.35,655.35,4.187,0.1083594,-0.1054753,0.1226721,0.1636637,-0.1629926,-9.787845,0.34666744,1.425319,4.3777256,2.0777054,0,8.18,-0.172,160.842
01:51.6,4,7.67,15.4292046,75.0159199,727.85,0.6360283,332.468,655.35,655.35,4.22,0.118367,-0.10715455,0.1174935,0.12095748,-0.14765725,-9.7286335,0.3077097,1.433366,4.560208,2.146007,0,8.43,-0.41,160.95
01:51.7,4,7.672,15.42920455,75.01591993,727.863,0.59216224,323.34394,655.35,655.35,3.964,0.1283746,-0.1088338,0.1123149,0.07825126,-0.1323219,-9.669422,0.37038086,1.4446614,4.5512808,2.1963628,0,8.47,-0.474,161.074
01:51.7,4,7.674,15.4292045,75.01591996,727.876,0.54829618,314.21988,655.35,655.35,3.708,0.085626835,-0.061416265,0.1252663,0.04886418,-0.1533998,-9.7129925,0.43305202,1.4559568,4.5423536,2.2467186,0,8.51,-0.538,161.198
01:51.7,4,7.676,15.42920445,75.01591999,727.889,0.50443012,305.09582,655.35,655.35,3.452,0.04287907,-0.01399873,0.1382177,0.0194771,-0.1744777,-9.756563,0.49572318,1.4672522,4.5334264,2.2970744,0,8.55,-0.602,161.322
01:51.7,4,7.678,15.4292044,75.01592002,727.902,0.46056406,295.97176,655.35,655.35,3.196,-0.066350265,0.004275555,0.12585365,0.028270365,-0.25836795,-9.802375,0.55839434,1.4785476,4.5244992,2.3474302,0,8.59,-0.666,161.446
01:51.7,4,7.68,15.42920435,75.01592005,727.915,0.416698,286.8477,655.35,655.35,2.94,-0.1755796,0.02254984,0.1134896,0.03706363,-0.3422582,-9.848187,0.6210655,1.489843,4.515572,2.397786,0,8.63,-0.73,161.57
01:51.8,4,7.682,15.4292043,75.01592008,727.928,0.37283194,277.72364,655.35,655.35,2.684,-0.1318282,0.015541241,0.1196733,0.071887715,-0.22802475,-9.79829,0.5640404,1.5124128,4.4725436,2.3684482,0,8.484,-0.704,161.716
01:51.8,4,7.684,15.42920425,75.01592011,727.941,0.32896588,268.59958,655.35,655.35,2.428,-0.0880768,0.008532642,0.125857,0.1067118,-0.1137913,-9.748393,0.5070153,1.5349826,4.4295152,2.3391104,0,8.338,-0.678,161.862
01:51.8,4,7.686,15.4292042,75.01592014,727.954,0.28509982,259.47552,655.35,655.35,2.172,-0.1023334,0.039052411,0.112632995,0.068015555,-0.12572625,-9.813968,0.4499902,1.5575524,4.3864868,2.3097726,0,8.192,-0.652,162.008
01:51.8,4,7.688,15.42920415,75.01592017,727.967,0.24123376,250.35146,655.35,655.35,1.916,-0.11659,0.06957218,0.09940899,0.02931931,-0.1376612,-9.879543,0.3929651,1.5801222,4.3434584,2.2804348,0,8.046,-0.626,162.154
01:51.8,4,7.69,15.4292041,75.0159202,727.98,0.1973677,241.2274,655.35,655.35,1.66,-0.2578259,0.15907314,0.111176395,-0.01782949,-0.22963915,-9.926566,0.33594,1.602692,4.30043,2.251097,0,7.9,-0.6,162.3
01:51.9,4,7.69,15.42920414,75.01592013,727.977,0.21343442,244.02464,655.35,655.35,1.611,-0.3990618,0.2485741,0.1229438,-0.06497829,-0.3216171,-9.973589,0.33819842,1.7335586,4.2304262,2.3760494,0,7.322,-0.204,162.462
01:51.9,4,7.69,15.42920418,75.01592006,727.974,0.22950114,246.82188,655.35,655.35,1.562,-0.52348865,0.33463985,0.1186424,0.022266505,-0.29249535,-10.0027645,0.34045684,1.8644252,4.1604224,2.5010018,0,6.744,0.192,162.624
01:51.9,4,7.69,15.42920422,75.01591999,727.971,0.24556786,249.61912,655.35,655.35,1.513,-0.6479155,0.4207056,0.114341,0.1095113,-0.2633736,-10.03194,0.34271526,1.9952918,4.0904186,2.6259542,0,6.166,0.588,162.786
01:51.9,4,7.69,15.42920426,75.01591992,727.968,0.26163458,252.41636,655.35,655.35,1.464,-0.5479725,0.3983394,0.082491695,0.12669875,-0.133451451,-9.9249995,0.34497368,2.1261584,4.0204148,2.7509066,0,5.588,0.984,162.948
01:51.9,4,7.69,15.4292043,75.01591985,727.965,0.2777013,255.2136,655.35,655.35,1.415,-0.4480295,0.3759732,0.05064239,0.1438862,-0.003529303,-9.818059,0.3472321,2.257025,3.950411,2.875859,0,5.01,1.38,163.11
01:52.0,4,7.69,15.42920434,75.01591978,727.962,0.29376802,258.01084,655.35,655.35,1.366,-0.4393886,0.3347159,0.018997015,0.150198,-0.109347802,-9.7929235,0.37489774,2.0809872,3.8485754,2.7038648,0,4.588,1.704,163.144
01:52.0,4,7.69,15.42920438,75.01591971,727.959,0.30983474,260.80808,655.35,655.35,1.317,-0.4307477,0.2934586,-0.01264836,0.1565098,-0.2151663,-9.767788,0.40256338,1.9049494,3.7467398,2.5318706,0,4.166,2.028,163.178
01:52.0,4,7.69,15.42920442,75.01591964,727.956,0.32590146,263.60532,655.35,655.35,1.268,-0.34825435,0.2699585,0.007264195,0.18630375,-0.0966179,-9.7535885,0.43022902,1.7289116,3.6449042,2.3598764,0,3.744,2.352,163.212
01:52.0,4,7.69,15.42920446,75.01591957,727.953,0.34196818,266.40256,655.35,655.35,1.219,-0.265761,0.2464584,0.02717675,0.2160977,0.0219305,-9.739389,0.45789466,1.5528738,3.5430686,2.1878822,0,3.322,2.676,163.246
01:52.0,4,7.69,15.4292045,75.0159195,727.95,0.3580349,269.1998,655.35,655.35,1.17,-0.22555505,0.1864779,0.019987355,0.2232306,-0.0418141,-9.7155265,0.4855603,1.376836,3.441233,2.015888,0,2.9,3,163.28
01:52.1,4,7.69,15.42920457,75.01591942,727.955,0.37228898,269.55463,655.35,655.35,1.183,-0.1853491,0.1264974,0.01279796,0.2303635,-0.1055587,-9.691664,0.47596202,1.3182678,3.5112404,1.958138,0,2.68,3.178,163.312
01:52.1,4,7.69,15.42920464,75.01591934,727.96,0.38654306,269.90946,655.35,655.35,1.196,-0.19276925,0.1391141,0.01444744,0.2014865,-0.1240062,-9.693734,0.46636374,1.2596996,3.5812478,1.900388,0,2.46,3.356,163.344
01:52.1,4,7.69,15.42920471,75.01591926,727.965,0.40079714,270.26429,655.35,655.35,1.209,-0.2001894,0.1517308,0.01609692,0.1726095,-0.1424537,-9.695804,0.45676546,1.2011314,3.6512552,1.842638,0,2.24,3.534,163.376
01:52.1,4,7.69,15.42920478,75.01591918,727.97,0.41505122,270.61912,655.35,655.35,1.222,-0.160765,0.1400106,0.03097666,0.2431936,-0.092514475,-9.716922,0.44716718,1.1425632,3.7212626,1.784888,0,2.02,3.712,163.408
01:52.1,4,7.69,15.42920485,75.0159191,727.975,0.4293053,270.97395,655.35,655.35,1.235,-0.1213406,0.1282904,0.0458564,0.3137777,-0.04257525,-9.73804,0.4375689,1.083995,3.79127,1.727138,0,1.8,3.89,163.44
01:52.2,4,7.69,15.42920492,75.01591902,727.98,0.44355938,271.32878,655.35,655.35,1.248,-0.11215705,0.10128898,0.0303673,0.2446158,-0.109136325,-9.7170405,0.40708022,1.1660966,3.7263368,1.803077,0,1.678,3.962,163.466
01:52.2,4,7.69,15.42920499,75.01591894,727.985,0.45781346,271.68361,655.35,655.35,1.261,-0.1029735,0.07428756,0.0148782,0.1754539,-0.1756974,-9.696041,0.37659154,1.2481982,3.6614036,1.879016,0,1.556,4.034,163.492
01:52.2,4,7.69,15.42920506,75.01591886,727.99,0.47206754,272.03844,655.35,655.35,1.274,-0.09841161,0.03073021,0.008250407,0.2013036,-0.173393,-9.710641,0.34610286,1.3302998,3.5964704,1.954955,0,1.434,4.106,163.518
01:52.2,4,7.69,15.42920513,75.01591878,727.995,0.48632162,272.39327,655.35,655.35,1.287,-0.09384972,-0.01282714,0.001622613,0.2271533,-0.1710886,-9.725241,0.31561418,1.4124014,3.5315372,2.030894,0,1.312,4.178,163.544
01:52.2,4,7.69,15.4292052,75.0159187,728,0.5005757,272.7481,655.35,655.35,1.3,-0.08006971,-0.033609495,0.002060788,0.22887755,-0.18083755,-9.7428975,0.2851255,1.494503,3.466604,2.106833,0,1.19,4.25,163.57
01:52.3,4,7.69,15.42920548,75.01591883,728.047,0.47335078,258.35103,655.35,655.35,1.484,-0.0662897,-0.05439185,0.002498962,0.2306018,-0.1905865,-9.760554,0.31109734,1.4564686,3.5136926,2.030621,0,1.08,4.094,163.53
01:52.3,4,7.69,15.42920576,75.01591896,728.094,0.44612586,243.95396,655.35,655.35,1.668,-0.078311205,-0.128618675,-0.024022544,0.2380406,-0.2180678,-9.7277515,0.33706918,1.4184342,3.5607812,1.954409,0,0.97,3.938,163.49
01:52.3,4,7.69,15.42920604,75.01591909,728.141,0.41890094,229.55689,655.35,655.35,1.852,-0.09033271,-0.2028455,-0.05054405,0.2454794,-0.2455491,-9.694949,0.36304102,1.3803998,3.6078698,1.878197,0,0.86,3.782,163.45
01:52.3,4,7.69,15.42920632,75.01591922,728.188,0.39167602,215.15982,655.35,655.35,2.036,-0.096285355,-0.19412505,-0.056276955,0.2121185,-0.197323,-9.8057335,0.38901286,1.3423654,3.6549584,1.801985,0,0.75,3.626,163.41
01:52.3,4,7.69,15.4292066,75.01591935,728.235,0.3644511,200.76275,655.35,655.35,2.22,-0.102238,-0.1854046,-0.06200986,0.1787576,-0.1490969,-9.916518,0.4149847,1.304331,3.702047,1.725773,0,0.64,3.47,163.37
01:52.4,4,7.69,15.42920688,75.01591948,728.282,0.33722618,186.36568,655.35,655.35,2.404,-0.05003811,-0.17060615,-0.06235446,0.2055686,-0.076029151,-9.957373,0.39578812,1.4040044,3.8825368,1.836808,0,0.59,3.272,163.278
01:52.4,4,7.69,15.42920716,75.01591961,728.329,0.31000126,171.96861,655.35,655.35,2.588,0.002161779,-0.1558077,-0.06269906,0.2323796,-0.002961401,-9.998228,0.37659154,1.5036778,4.0630266,1.947843,0,0.54,3.074,163.186
01:52.4,4,7.69,15.42920744,75.01591974,728.376,0.28277634,157.57154,655.35,655.35,2.772,-0.027252786,-0.17072,-0.0794867,0.21163655,-0.073614801,-9.9173145,0.35739496,1.6033512,4.2435164,2.058878,0,0.49,2.876,163.094
01:52.4,4,7.69,15.42920772,75.01591987,728.423,0.25555142,143.17447,655.35,655.35,2.956,-0.05666735,-0.1856323,-0.09627434,0.1908935,-0.1442682,-9.836401,0.33819838,1.7030246,4.4240062,2.169913,0,0.44,2.678,163.002
01:52.4,4,7.69,15.429208,75.01592,728.47,0.2283265,128.7774,655.35,655.35,3.14,-0.020099475,-0.16310695,-0.12134832,0.1699668,-0.11725588,-9.8267275,0.3190018,1.802698,4.604496,2.280948,0,0.39,2.48,162.91
01:52.5,4,7.69,15.42920801,75.01591993,728.472,0.25030122,138.81595,655.35,655.35,2.946,0.0164684,-0.1405816,-0.1464223,0.1490401,-0.09024356,-9.817054,0.34836126,1.7255554,4.3281594,2.2313378,0,0.392,2.322,162.644
01:52.5,4,7.69,15.42920802,75.01591986,728.474,0.27227594,148.8545,655.35,655.35,2.752,0.011182443,-0.14661485,-0.19137825,0.1793538,-0.14069113,-9.8230085,0.37772072,1.6484128,4.0518228,2.1817276,0,0.394,2.164,162.378
01:52.5,4,7.69,15.42920803,75.01591979,728.476,0.29425066,158.89305,655.35,655.35,2.558,0.005896486,-0.1526481,-0.2363342,0.2096675,-0.1911387,-9.828963,0.40708018,1.5712702,3.7754862,2.1321174,0,0.396,2.006,162.112
01:52.5,4,7.69,15.42920804,75.01591972,728.478,0.31622538,168.9316,655.35,655.35,2.364,0.049986683,-0.12050791,-0.30181315,0.18305755,-0.1691251,-9.9483265,0.43643964,1.4941276,3.4991496,2.0825072,0,0.398,1.848,161.846
01:52.5,4,7.69,15.42920805,75.01591965,728.48,0.3382001,178.97015,655.35,655.35,2.17,0.09407688,-0.08836772,-0.3672921,0.1564476,-0.1471115,-10.06769,0.4657991,1.416985,3.222813,2.032897,0,0.4,1.69,161.58
01:52.6,4,7.69,15.42920806,75.01591958,728.482,0.36017482,189.0087,655.35,655.35,1.976,0.06408128,-0.081825115,-0.4383756,0.1699621,-0.1929408,-10.064405,0.48612488,1.3768804,3.3054892,2.080924,0,0.388,1.616,160.948
01:52.6,4,7.69,15.42920807,75.01591951,728.484,0.38214954,199.04725,655.35,655.35,1.782,0.03408568,-0.07528251,-0.5094591,0.1834766,-0.2387701,-10.06112,0.50645066,1.3367758,3.3881654,2.128951,0,0.376,1.542,160.316
01:52.6,4,7.69,15.42920808,75.01591944,728.486,0.40412426,209.0858,655.35,655.35,1.588,0.04010655,-0.065117545,-0.56894305,0.18068965,-0.17870895,-10.082465,0.52677644,1.2966712,3.4708416,2.176978,0,0.364,1.468,159.684
01:52.6,4,7.69,15.42920809,75.01591937,728.488,0.42609898,219.12435,655.35,655.35,1.394,0.04612742,-0.05495258,-0.628427,0.1779027,-0.1186478,-10.10381,0.54710222,1.2565666,3.5535178,2.225005,0,0.352,1.394,159.052
01:52.6,4,7.69,15.4292081,75.0159193,728.49,0.4480737,229.1629,655.35,655.35,1.2,0.01371869,-0.036392795,-0.70116305,0.2369369,-0.07629152,-10.119545,0.567428,1.216462,3.636194,2.273032,0,0.34,1.32,158.42
01:52.7,4,7.69,15.42920817,75.01591914,728.484,0.46800519,238.80396,655.35,655.35,1.401,-0.01869004,-0.01783301,-0.7738991,0.2959711,-0.03393524,-10.13528,0.56573418,1.272761,3.8083902,2.2673972,0,0.306,1.328,157.46
01:52.7,4,7.69,15.42920824,75.01591898,728.478,0.48793668,248.44502,655.35,655.35,1.602,-0.014184793,-0.002066925,-0.8316553,0.20037505,-0.10486232,-10.10271,0.56404036,1.32906,3.9805864,2.2617624,0,0.272,1.336,156.5
01:52.7,4,7.69,15.42920831,75.01591882,728.472,0.50786817,258.08608,655.35,655.35,1.803,-0.009679545,0.01369916,-0.8894115,0.104779,-0.1757894,-10.07014,0.56234654,1.385359,4.1527826,2.2561276,0,0.238,1.344,155.54
01:52.7,4,7.69,15.42920838,75.01591866,728.466,0.52779966,267.72714,655.35,655.35,2.004,0.017976282,0.003109712,-0.88816235,0.1576783,-0.114323225,-9.9725565,0.56065272,1.441658,4.3249788,2.2504928,0,0.204,1.352,154.58
01:52.7,4,7.69,15.42920845,75.0159185,728.46,0.54773115,277.3682,655.35,655.35,2.205,0.04563211,-0.007479736,-0.8869132,0.2105776,-0.05285705,-9.874973,0.5589589,1.497957,4.497175,2.244858,0,0.17,1.36,153.62
01:52.8,4,7.69,15.42920852,75.01591834,728.454,0.56766264,287.00926,655.35,655.35,2.406,0.020934178,-0.016675163,-0.88094815,0.2090786,-0.0056013,-9.93041,0.57363864,1.4893052,4.6085974,2.2273916,0,0.14,1.346,152.618
01:52.8,4,7.69,15.42920859,75.01591818,728.448,0.58759413,296.65032,655.35,655.35,2.607,-0.003763754,-0.02587059,-0.8749831,0.2075796,0.04165445,-9.985847,0.58831838,1.4806534,4.7200198,2.2099252,0,0.11,1.332,151.616
01:52.8,4,7.69,15.42920866,75.01591802,728.442,0.60752562,306.29138,655.35,655.35,2.808,-0.036418607,-0.035736205,-0.86134635,0.19217885,-0.00987341,-9.9594425,0.60299812,1.4720016,4.8314422,2.1924588,0,0.08,1.318,150.614
01:52.8,4,7.69,15.42920873,75.01591786,728.436,0.62745711,315.93244,655.35,655.35,3.009,-0.06907346,-0.04560182,-0.8477096,0.1767781,-0.06140127,-9.933038,0.61767786,1.4633498,4.9428646,2.1749924,0,0.05,1.304,149.612
01:52.8,4,7.69,15.4292088,75.0159177,728.43,0.6473886,325.5735,655.35,655.35,3.21,-0.030608074,-0.034387505,-0.798635,0.18523385,0.000133265,-9.861782,0.6323576,1.454698,5.054287,2.157526,0,0.02,1.29,148.61
01:52.9,4,7.69,15.42920861,75.01591771,728.437,0.69562634,310.43701,655.35,655.35,3.296,0.007857313,-0.02317319,-0.7495604,0.1936896,0.0616678,-9.790526,0.59227064,1.5411436,4.8649464,2.2117978,0,0.03,1.298,147.882
01:52.9,4,7.69,15.42920842,75.01591772,728.444,0.74386408,295.30052,655.35,655.35,3.382,0.021976597,-0.011308014,-0.6738309,0.2732654,0.1211882,-9.723291,0.55218368,1.6275892,4.6756058,2.2660696,0,0.04,1.306,147.154
01:52.9,4,7.69,15.42920823,75.01591773,728.451,0.79210182,280.16403,655.35,655.35,3.468,0.03609588,0.000557162,-0.5981014,0.3528412,0.1807086,-9.656056,0.51209672,1.7140348,4.4862652,2.3203414,0,0.05,1.314,146.426
01:52.9,4,7.69,15.42920804,75.01591774,728.458,0.84033956,265.02754,655.35,655.35,3.554,0.02384776,0.002126362,-0.53587495,0.24959945,0.15515665,-9.585959,0.47200976,1.8004804,4.2969246,2.3746132,0,0.06,1.322,145.698
01:52.9,4,7.69,15.42920785,75.01591775,728.465,0.8885773,249.89105,655.35,655.35,3.64,0.01159964,0.003695562,-0.4736485,0.1463577,0.1296047,-9.515862,0.4319228,1.886926,4.107584,2.428885,0,0.07,1.33,144.97
01:53.0,4,7.69,15.42920766,75.01591776,728.472,0.93681504,234.75456,655.35,655.35,3.726,-0.00126175,-0.019253509,-0.3657178,0.1750457,0.1395636,-9.4149855,0.42401834,1.7530564,3.9081214,2.4184946,0,0.032,1.31,144.728
01:53.0,4,7.69,15.42920747,75.01591777,728.479,0.98505278,219.61807,655.35,655.35,3.812,-0.01412314,-0.04220258,-0.2577871,0.2037337,0.1495225,-9.314109,0.41611388,1.6191868,3.7086588,2.4081042,0,-0.006,1.29,144.486
01:53.0,4,7.69,15.42920728,75.01591778,728.486,1.03329052,204.48158,655.35,655.35,3.898,-0.028777755,-0.050045635,-0.16275504,0.208799,0.1744571,-9.3053645,0.40820942,1.4853172,3.5091962,2.3977138,0,-0.044,1.27,144.244
01:53.0,4,7.69,15.42920709,75.01591779,728.493,1.08152826,189.34509,655.35,655.35,3.984,-0.04343237,-0.05788869,-0.06772298,0.2138643,0.1993917,-9.29662,0.40030496,1.3514476,3.3097336,2.3873234,0,-0.082,1.25,144.002
01:53.0,4,7.69,15.4292069,75.0159178,728.5,1.129766,174.2086,655.35,655.35,4.07,-0.05645706,-0.033123827,0.016130075,0.157502,0.196956,-9.357242,0.3924005,1.217578,3.110271,2.376933,0,-0.12,1.23,143.76
01:53.1,4,7.69,15.42920668,75.01591768,728.491,1.1374361,176.98287,655.35,655.35,4.095,-0.06948175,-0.008358964,0.09998313,0.1011397,0.1945203,-9.417864,0.427406,1.2797428,3.0215598,2.502262,0,-0.166,1.216,143.972
01:53.1,4,7.69,15.42920646,75.01591756,728.482,1.1451062,179.75714,655.35,655.35,4.12,-0.040685195,-0.020673217,0.158794415,0.1197105,0.1611202,-9.344388,0.4624115,1.3419076,2.9328486,2.627591,0,-0.212,1.202,144.184
01:53.1,4,7.69,15.42920624,75.01591744,728.473,1.1527763,182.53141,655.35,655.35,4.145,-0.01188864,-0.03298747,0.2176057,0.1382813,0.1277201,-9.270912,0.497417,1.4040724,2.8441374,2.75292,0,-0.258,1.188,144.396
01:53.1,4,7.69,15.42920602,75.01591732,728.464,1.1604464,185.30568,655.35,655.35,4.17,-0.02300243,-0.030504965,0.23695945,0.2212007,0.104834435,-9.195752,0.5324225,1.4662372,2.7554262,2.878249,0,-0.304,1.174,144.608
01:53.1,4,7.69,15.4292058,75.0159172,728.455,1.1681165,188.07995,655.35,655.35,4.195,-0.03411622,-0.02802246,0.2563132,0.3041201,0.08194877,-9.120592,0.567428,1.528402,2.666715,3.003578,0,-0.35,1.16,144.82
01:53.2,4,7.69,15.42920558,75.01591708,728.446,1.1757866,190.85422,655.35,655.35,4.22,-0.04535285,-0.02003117,0.23008475,0.27651345,0.044025784,-8.923664,0.55782972,1.5259216,2.6227178,2.9166086,0,-0.362,1.1,145.038
01:53.2,4,7.69,15.42920536,75.01591696,728.437,1.1834567,193.62849,655.35,655.35,4.245,-0.05658948,-0.01203988,0.2038563,0.2489068,0.006102798,-8.726736,0.54823144,1.5234412,2.5787206,2.8296392,0,-0.374,1.04,145.256
01:53.2,4,7.69,15.42920514,75.01591684,728.428,1.1911268,196.40276,655.35,655.35,4.27,-0.01724777,-0.06729669,0.17297245,0.22417885,-0.033173561,-8.5316035,0.53863316,1.5209608,2.5347234,2.7426698,0,-0.386,0.98,145.474
01:53.2,4,7.69,15.42920492,75.01591672,728.419,1.1987969,199.17703,655.35,655.35,4.295,0.02209394,-0.1225535,0.1420886,0.1994509,-0.07244992,-8.336471,0.52903488,1.5184804,2.4907262,2.6557004,0,-0.398,0.92,145.692
01:53.2,4,7.69,15.4292047,75.0159166,728.41,1.206467,201.9513,655.35,655.35,4.32,0.04296782,-0.090584085,0.116960755,0.137215335,-0.036305581,-8.1152245,0.5194366,1.516,2.446729,2.568731,0,-0.41,0.86,145.91
01:53.3,4,7.692,15.42920489,75.0159164,728.4,1.13660544,205.58433,655.35,655.35,4.162,0.0638417,-0.05861467,0.09183291,0.07497977,-0.000161242,-7.893978,0.52113042,1.4765438,2.596945,2.5800026,0,-0.4,0.782,145.95
01:53.3,4,7.694,15.42920508,75.0159162,728.39,1.06674388,209.21736,655.35,655.35,4.004,0.027821109,-0.079845735,0.0668304,0.109885535,-0.056606421,-7.464587,0.52282424,1.4370876,2.747161,2.5912742,0,-0.39,0.704,145.99
01:53.3,4,7.696,15.42920527,75.015916,728.38,0.99688232,212.85039,655.35,655.35,3.846,-0.008199482,-0.1010768,0.04182789,0.1447913,-0.1130516,-7.035196,0.52451806,1.3976314,2.897377,2.6025458,0,-0.38,0.626,146.03
01:53.3,4,7.698,15.42920546,75.0159158,728.37,0.92702076,216.48342,655.35,655.35,3.688,-0.022652546,-0.06976202,0.000180735,0.09089217,-0.1286707,-7.7681025,0.52621188,1.3581752,3.047593,2.6138174,0,-0.37,0.548,146.07
01:53.3,4,7.7,15.42920565,75.0159156,728.36,0.8571592,220.11645,655.35,655.35,3.53,-0.03710561,-0.03844724,-0.04146642,0.03699304,-0.1442898,-8.501009,0.5279057,1.318719,3.197809,2.625089,0,-0.36,0.47,146.11
01:53.4,4,7.702,15.42920584,75.0159154,728.35,0.78729764,223.74948,655.35,655.35,3.372,-0.158846605,0.08333383,-0.006050955,-0.01195011,-0.16832765,-12.8109745,0.61429026,1.4585308,3.1094036,3.6649764,0,-0.628,0.666,146.162
01:53.4,4,7.704,15.42920603,75.0159152,728.34,0.71743608,227.38251,655.35,655.35,3.214,-0.2805876,0.2051149,0.02936451,-0.06089326,-0.1923655,-17.12094,0.70067482,1.5983426,3.0209982,4.7048638,0,-0.896,0.862,146.214
01:53.4,4,7.706,15.42920622,75.015915,728.33,0.64757452,231.01554,655.35,655.35,3.056,-0.25920515,0.2133646,0.062555885,0.02735687,-0.0301834,-23.506665,0.78705938,1.7381544,2.9325928,5.7447512,0,-1.164,1.058,146.266
01:53.4,4,7.708,15.42920641,75.0159148,728.32,0.57771296,234.64857,655.35,655.35,2.898,-0.2378227,0.2216143,0.09574726,0.115607,0.1319987,-29.89239,0.87344394,1.8779662,2.8441874,6.7846386,0,-1.432,1.254,146.318
01:53.4,4,7.71,15.4292066,75.0159146,728.31,0.5078514,238.2816,655.35,655.35,2.74,-0.1761258,0.2482745,0.10467723,0.12027215,0.09634276,-31.97175,0.9598285,2.017778,2.755782,7.824526,0,-1.7,1.45,146.37
01:53.5,4,7.71,15.42920786,75.01591463,728.43,0.78842606,247.12807,655.35,655.35,2.948,-0.1144289,0.2749347,0.1136072,0.1249373,0.06068682,-34.05111,0.90506182,2.010487,2.7924626,7.692001,0,-1.74,1.61,146.512
01:53.5,4,7.71,15.42920912,75.01591466,728.55,1.06900072,255.97454,655.35,655.35,3.156,-0.053817162,0.16099768,0.12361165,0.23686365,0.06122307,-34.47875,0.85029514,2.003196,2.8291432,7.559476,0,-1.78,1.77,146.654
01:53.5,4,7.71,15.42921038,75.01591469,728.67,1.34957538,264.82101,655.35,655.35,3.364,0.006794576,0.04706066,0.1336161,0.34879,0.06175932,-34.90639,0.79552846,1.995905,2.8658238,7.426951,0,-1.82,1.93,146.796
01:53.5,4,7.71,15.42921164,75.01591472,728.79,1.63015004,273.66748,655.35,655.35,3.572,0.025008353,0.024884475,0.1498434,0.30591225,0.030075081,-34.573655,0.74076178,1.988614,2.9025044,7.294426,0,-1.86,2.09,146.938
01:53.5,4,7.71,15.4292129,75.01591475,728.91,1.9107247,282.51395,655.35,655.35,3.78,0.04322213,0.00270829,0.1660707,0.2630345,-0.001609158,-34.24092,0.6859951,1.981323,2.939185,7.161901,0,-1.9,2.25,147.08
01:53.6,4,7.71,15.42921416,75.01591478,729.03,2.19129936,291.36042,655.35,655.35,3.988,0.124659565,-0.082867105,0.1746141,0.3167718,0.060097621,-33.647575,0.7215652,1.947933,2.9470396,7.2668572,0,-1.684,2.126,147.266
01:53.6,4,7.71,15.42921542,75.01591481,729.15,2.47187402,300.20689,655.35,655.35,4.196,0.206097,-0.1684425,0.1831575,0.3705091,0.1218044,-33.05423,0.7571353,1.914543,2.9548942,7.3718134,0,-1.468,2.002,147.452
01:53.6,4,7.71,15.42921668,75.01591484,729.27,2.75244868,309.05336,655.35,655.35,4.404,0.2172261,-0.15149965,0.1450336,0.33461085,0.026026645,-32.392635,0.7927054,1.881153,2.9627488,7.4767696,0,-1.252,1.878,147.638
01:53.6,4,7.71,15.42921794,75.01591487,729.39,3.03302334,317.89983,655.35,655.35,4.612,0.2283552,-0.1345568,0.1069097,0.2987126,-0.06975111,-31.73104,0.8282755,1.847763,2.9706034,7.5817258,0,-1.036,1.754,147.824
01:53.6,4,7.71,15.4292192,75.0159149,729.51,3.313598,326.7463,655.35,655.35,4.82,0.20894935,-0.17757195,0.04081836,0.32190335,-0.167655755,-27.160375,0.8638456,1.814373,2.978458,7.686682,0,-0.82,1.63,148.01
01:53.7,4,7.71,15.4292192,75.0159149,729.51,3.313598,326.7463,655.35,655.35,4.82,0.1895435,-0.2205871,-0.02527298,0.3450941,-0.2655604,-22.58971,0.8638456,1.814373,2.978458,7.686682,0,-0.82,1.63,148.01
01:53.7,4,7.71,15.4292192,75.0159149,729.51,3.313598,326.7463,655.35,655.35,4.82,0.48965735,-0.19292,0.11115586,0.33804965,0.15708275,-16.210662,0.8638456,1.814373,2.978458,7.686682,0,-0.82,1.63,148.01
01:53.7,4,7.71,15.4292192,75.0159149,729.51,3.313598,326.7463,655.35,655.35,4.82,0.7897712,-0.1652529,0.2475847,0.3310052,0.5797259,-9.831614,0.8638456,1.814373,2.978458,7.686682,0,-0.82,1.63,148.01
