Time_s,GPS_NSats,GPS_HDop,GPS_Lat,GPS_Lng,GPS_Alt,GPS_Spd,GPS_GCrs,GPA_HAcc,GPA_VAcc,GPA_SAcc,IMU_GyrX,IMU_GyrY,IMU_GyrZ,IMU_AccX,IMU_AccY,IMU_AccZ,BARO_Alt,VIBE_VibeX,VIBE_VibeY,VIBE_VibeZ,VIBE_Clip,ATT_Roll,ATT_Pitch,ATT_Yaw
00:22.5,0,100,0,0,0,0,0,0,0,0,0.000225198,-0.006247376,-0.000194224,-0.1669186,-0.01316069,-9.846479,-0.03390864,0.008531277,0.01110981,0.01113565,0,0.08,-0.84,273.61
00:22.5,0,100,0,0,0,0,0,0,0,0,0.000798731,-0.005232961,0.000607814,-0.16927395,-0.01274594,-9.844556,-0.046341804,0.008481639,0.010947272,0.01113283,0,0.08,-0.838,273.61
00:22.5,0,100,0,0,0,0,0,0,0,0,0.001372263,-0.004218547,0.001409852,-0.1716293,-0.01233119,-9.842633,-0.058774968,0.008432001,0.010784734,0.01113001,0,0.08,-0.836,273.61
00:22.6,0,100,0,0,0,0,0,0,0,0,0.001673666,-0.004300073,0.000600309,-0.16938165,-0.01231292,-9.8429185,-0.071208132,0.008382363,0.010622196,0.01112719,0,0.08,-0.834,273.61
00:22.6,0,100,0,0,0,0,0,0,0,0,0.001975069,-0.004381598,-0.000209234,-0.167134,-0.01229465,-9.843204,-0.083641296,0.008332725,0.010459658,0.01112437,0,0.08,-0.832,273.61
00:22.6,0,100,0,0,0,0,0,0,0,0,0.002157794,-0.004288449,-0.000578132,-0.1679258,-0.009454785,-9.843252,-0.09607446,0.008283087,0.01029712,0.01112155,0,0.08,-0.83,273.61
00:22.6,0,100,0,0,0,0,0,0,0,0,0.002340518,-0.004195301,-0.000947029,-0.1687176,-0.006614919,-9.8433,-0.09607446,0.008297952,0.010515032,0.011132478,0,0.078,-0.83,273.61
00:22.6,0,100,0,0,0,0,0,0,0,0,0.00056217,-0.001283339,-0.000126099,-0.17372665,-0.01292966,-9.821422,-0.09607446,0.008312817,0.010732944,0.011143406,0,0.076,-0.83,273.61
00:22.7,0,100,0,0,0,0,0,0,0,0,-0.001216179,0.001628623,0.000694832,-0.1787357,-0.0192444,-9.799544,-0.09607446,0.008327681,0.010950856,0.011154334,0,0.074,-0.83,273.61
00:22.7,0,100,0,0,0,0,0,0,0,0,-0.000162798,-0.001263807,0.000667477,-0.17462115,-0.01551669,-9.8210615,-0.09607446,0.008342546,0.011168768,0.011165262,0,0.072,-0.83,273.61
00:22.7,0,100,0,0,0,0,0,0,0,0,0.000890583,-0.004156237,0.000640123,-0.1705066,-0.01178898,-9.842579,-0.09607446,0.008357411,0.01138668,0.01117619,0,0.07,-0.83,273.61
00:22.7,0,100,0,0,0,0,0,0,0,0,0.000970012,-0.003948708,0.000707669,-0.1687838,-0.012218575,-9.8406995,-0.127722528,0.008349205,0.011232154,0.011130516,0,0.07,-0.83,273.61
00:22.7,0,100,0,0,0,0,0,0,0,0,0.00104944,-0.003741179,0.000775216,-0.167061,-0.01264817,-9.83882,-0.159370596,0.008340998,0.011077628,0.011084842,0,0.07,-0.83,273.61
00:22.8,0,100,0,0,0,0,0,0,0,0,0.001018828,-0.004096736,7.18E-05,-0.169737,-0.013571555,-9.8390105,-0.191018664,0.008332792,0.010923102,0.011039168,0,0.07,-0.83,273.61
00:22.8,0,100,0,0,0,0,0,0,0,0,0.000988216,-0.004452292,-0.000631622,-0.172413,-0.01449494,-9.839201,-0.222666732,0.008324585,0.010768576,0.010993494,0,0.07,-0.83,273.61
00:22.8,0,100,0,0,0,0,0,0,0,0,0.000640002,-0.004472869,-0.000332106,-0.16938485,-0.011057432,-9.8397425,-0.2543148,0.008316379,0.01061405,0.01094782,0,0.07,-0.83,273.61
00:22.8,0,100,0,0,0,0,0,0,0,0,0.000291787,-0.004493446,-3.26E-05,-0.1663567,-0.007619923,-9.840284,-0.24640278,0.008335908,0.010571506,0.01087029,0,0.07,-0.83,273.61
00:22.8,0,100,0,0,0,0,0,0,0,0,-0.002455073,-0.003915775,-0.001277602,-0.1719137,-0.019568592,-9.8288995,-0.23849076,0.008355438,0.010528962,0.01079276,0,0.07,-0.83,273.61
00:22.9,0,100,0,0,0,0,0,0,0,0,-0.005201933,-0.003338103,-0.002522614,-0.1774707,-0.03151726,-9.817515,-0.23057874,0.008374967,0.010486418,0.01071523,0,0.07,-0.83,273.61
00:22.9,0,100,0,0,0,0,0,0,0,0,-0.001357918,-0.00436062,-0.001606869,-0.1714103,-0.020295167,-9.829963,-0.22266672,0.008394497,0.010443874,0.0106377,0,0.07,-0.83,273.61
00:22.9,0,100,0,0,0,0,0,0,0,0,0.002486096,-0.005383136,-0.000691125,-0.1653499,-0.009073074,-9.842411,-0.2147547,0.008414026,0.01040133,0.01056017,0,0.07,-0.83,273.61
00:22.9,0,100,0,0,0,0,0,0,0,0,0.001704753,-0.005121212,-0.000475158,-0.16657585,-0.011907162,-9.8424825,-0.21927584,0.008461589,0.010202768,0.010398627,0,0.07,-0.828,273.61
00:22.9,0,100,0,0,0,0,0,0,0,0,0.00092341,-0.004859288,-0.00025919,-0.1678018,-0.01474125,-9.842554,-0.22379698,0.008509152,0.010004207,0.010237084,0,0.07,-0.826,273.61
00:23.0,0,100,0,0,0,0,0,0,0,0,0.000902031,-0.005639607,-0.000681895,-0.16745205,-0.01478076,-9.8396675,-0.22831812,0.008556715,0.009805645,0.01007554,0,0.07,-0.824,273.61
00:23.0,0,100,0,0,0,0,0,0,0,0,0.000880653,-0.006419927,-0.0011046,-0.1671023,-0.01482027,-9.836781,-0.23283926,0.008604278,0.009607084,0.009913997,0,0.07,-0.822,273.61
00:23.0,0,100,0,0,0,0,0,0,0,0,-0.000294167,-0.004048229,-0.000922847,-0.177308,-0.012389943,-9.8215365,-0.2373604,0.008651841,0.009408522,0.009752454,0,0.07,-0.82,273.61
00:23.0,0,100,0,0,0,0,0,0,0,0,-0.001468986,-0.00167653,-0.000741094,-0.1875137,-0.009959616,-9.806292,-0.26109646,0.008702327,0.009213004,0.009676514,0,0.07,-0.82,273.61
00:23.0,0,100,0,0,0,0,0,0,0,0,0.001338459,0.002737623,-0.001524788,-0.18115915,-0.007927943,-9.8160155,-0.28483252,0.008752813,0.009017486,0.009600574,0,0.07,-0.82,273.61
00:23.1,0,100,0,0,0,0,0,0,0,0,0.004145903,0.007151776,-0.002308482,-0.1748046,-0.00589627,-9.825739,-0.30856858,0.008803299,0.008821969,0.009524634,0,0.07,-0.82,273.61
00:23.1,0,100,0,0,0,0,0,0,0,0,0.002453812,0.001371316,-0.000460353,-0.17177985,-0.00917002,-9.830376,-0.33230464,0.008853785,0.008626451,0.009448694,0,0.07,-0.82,273.61
00:23.1,0,100,0,0,0,0,0,0,0,0,0.000761721,-0.004409144,0.001387777,-0.1687551,-0.01244377,-9.835013,-0.3560407,0.008904271,0.008430933,0.009372754,0,0.07,-0.82,273.61
00:23.1,0,100,0,0,0,0,0,0,0,0,0.000666701,-0.004592006,0.001005856,-0.16624625,-0.01238485,-9.8345345,-0.30630802,0.018392799,0.01899212,0.021511229,0,0.07,-0.82,273.61
00:23.1,0,100,0,0,0,0,0,0,0,0,0.000571682,-0.004774868,0.000623935,-0.1637374,-0.01232593,-9.834056,-0.25657534,0.027881327,0.029553308,0.033649704,0,0.07,-0.82,273.61
00:23.2,0,100,0,0,0,0,0,0,0,0,0.00052046,-0.004655194,0.000575585,-0.16491305,-0.01227593,-9.832747,-0.20684266,0.037369854,0.040114495,0.04578818,0,0.07,-0.82,273.61
00:23.2,0,100,0,0,0,0,0,0,0,0,0.000469238,-0.00453552,0.000527234,-0.1660887,-0.01222593,-9.831438,-0.15710998,0.046858382,0.050675683,0.057926655,0,0.07,-0.82,273.61
00:23.2,0,100,0,0,0,0,0,0,0,0,-0.000388404,0.000662587,0.000671154,-0.17326985,-0.014562205,-9.8244395,-0.1073773,0.05634691,0.06123687,0.07006513,0,0.07,-0.82,273.61
00:23.2,0,100,0,0,0,0,0,0,0,0,-0.001246045,0.005860693,0.000815075,-0.180451,-0.01689848,-9.817441,-0.1073773,0.0467206,0.050872042,0.057716136,0,0.068,-0.82,273.61
00:23.2,0,100,0,0,0,0,0,0,0,0,0.001038859,0.000895955,0.002824965,-0.18605205,-0.010531194,-9.8153125,-0.1073773,0.03709429,0.040507214,0.045367142,0,0.066,-0.82,273.61
00:23.3,0,100,0,0,0,0,0,0,0,0,0.003323763,-0.004068784,0.004834855,-0.1916531,-0.004163907,-9.813184,-0.1073773,0.027467981,0.030142387,0.033018148,0,0.064,-0.82,273.61
00:23.3,0,100,0,0,0,0,0,0,0,0,0.001833328,-0.005306303,0.002356032,-0.1803478,-0.007539394,-9.821391,-0.1073773,0.017841671,0.019777559,0.020669154,0,0.062,-0.82,273.61
00:23.3,0,100,0,0,0,0,0,0,0,0,0.000342894,-0.006543821,-0.000122792,-0.1690425,-0.01091488,-9.829598,-0.1073773,0.008215361,0.009412731,0.00832016,0,0.06,-0.82,273.61
00:23.3,0,100,0,0,0,0,0,0,0,0,0.001104705,-0.006091415,3.00E-06,-0.16804465,-0.0109001,-9.82829,-0.12772248,0.0083117,0.00920406,0.008422795,0,0.06,-0.82,273.61
00:23.3,0,100,0,0,0,0,0,0,0,0,0.001866517,-0.005639008,0.000128787,-0.1670468,-0.01088532,-9.826982,-0.14806766,0.00840804,0.00899539,0.008525429,0,0.06,-0.82,273.61
00:23.4,0,100,0,0,0,0,0,0,0,0,0.002054229,-0.004821345,0.000603619,-0.1674603,-0.010202621,-9.82592,-0.16841284,0.008504379,0.008786719,0.008628064,0,0.06,-0.82,273.61
00:23.4,0,100,0,0,0,0,0,0,0,0,0.002241941,-0.004003682,0.001078451,-0.1678738,-0.009519922,-9.824858,-0.18875802,0.008600719,0.008578049,0.008730698,0,0.06,-0.82,273.61
00:23.4,0,100,0,0,0,0,0,0,0,0,0.00195792,-0.004569393,0.000839422,-0.16722565,-0.011910386,-9.8267045,-0.2091032,0.008697058,0.008369378,0.008833333,0,0.06,-0.82,273.61
00:23.4,0,100,0,0,0,0,0,0,0,0,0.001673899,-0.005135104,0.000600393,-0.1665775,-0.01430085,-9.828551,-0.2192758,0.008743011,0.008586492,0.008929968,0,0.06,-0.82,273.612
00:23.4,0,100,0,0,0,0,0,0,0,0,0.000729918,-0.001603067,0.00126322,-0.17865465,-0.014801075,-9.818321,-0.2294484,0.008788964,0.008803606,0.009026604,0,0.06,-0.82,273.614
00:23.5,0,100,0,0,0,0,0,0,0,0,-0.000214064,0.001928969,0.001926047,-0.1907318,-0.0153013,-9.808091,-0.239621,0.008834917,0.009020721,0.009123239,0,0.06,-0.82,273.616
00:23.5,0,100,0,0,0,0,0,0,0,0,0.000538702,-0.001973144,0.000802897,-0.17788495,-0.012117846,-9.81719,-0.2497936,0.00888087,0.009237835,0.009219875,0,0.06,-0.82,273.618
00:23.5,0,100,0,0,0,0,0,0,0,0,0.001291467,-0.005875257,-0.000320254,-0.1650381,-0.008934391,-9.826289,-0.2599662,0.008926823,0.009454949,0.00931651,0,0.06,-0.82,273.62
00:23.5,0,100,0,0,0,0,0,0,0,0,0.000566792,-0.00545427,6.48E-06,-0.16709725,-0.009659695,-9.824509,-0.231709,0.008902894,0.009304276,0.00915772,0,0.06,-0.82,273.62
00:23.5,0,100,0,0,0,0,0,0,0,0,-0.000157883,-0.005033282,0.00033321,-0.1691564,-0.010385,-9.822729,-0.2034518,0.008878966,0.009153602,0.008998929,0,0.06,-0.82,273.62
00:23.6,0,100,0,0,0,0,0,0,0,0,0.00055138,-0.005458865,0.000278148,-0.16874675,-0.011990235,-9.823376,-0.1751946,0.008855037,0.009002929,0.008840139,0,0.06,-0.82,273.62
00:23.6,0,100,0,0,0,0,0,0,0,0,0.001260643,-0.005884448,0.000223086,-0.1683371,-0.01359547,-9.824023,-0.1469374,0.008831109,0.008852255,0.008681348,0,0.06,-0.82,273.62
00:23.6,0,100,0,0,0,0,0,0,0,0,-0.000823522,-0.002798069,0.002247441,-0.17838215,-0.003593641,-9.8136705,-0.1186802,0.00880718,0.008701582,0.008522558,0,0.06,-0.82,273.62
00:23.6,0,100,0,0,0,0,0,0,0,0,-0.002907686,0.00028831,0.004271795,-0.1884272,0.006408189,-9.803318,-0.13902538,0.008762406,0.008769963,0.008482084,0,0.06,-0.82,273.62
00:23.6,0,100,0,0,0,0,0,0,0,0,-0.000876314,0.000345526,0.002262102,-0.1843,-0.001778041,-9.812676,-0.15937056,0.008717631,0.008838344,0.00844161,0,0.06,-0.82,273.62
00:23.7,0,100,0,0,0,0,0,0,0,0,0.001155058,0.000402742,0.000252408,-0.1801728,-0.009964271,-9.822034,-0.17971574,0.008672857,0.008906725,0.008401137,0,0.06,-0.82,273.62
00:23.7,0,100,0,0,0,0,0,0,0,0,0.001426004,-0.002859132,9.39E-07,-0.1741073,-0.009696073,-9.8213285,-0.20006092,0.008628082,0.008975106,0.008360663,0,0.06,-0.82,273.62
00:23.7,0,100,0,0,0,0,0,0,0,0,0.00169695,-0.006121007,-0.000250529,-0.1680418,-0.009427875,-9.820623,-0.2204061,0.008583308,0.009043487,0.008320189,0,0.06,-0.82,273.62
00:23.7,0,100,0,0,0,0,0,0,0,0,0.001698145,-0.005933879,-0.000164004,-0.16766445,-0.011137008,-9.820864,-0.23623014,0.008571576,0.009082547,0.008454423,0,0.06,-0.82,273.62
00:23.7,0,100,0,0,0,0,0,0,0,0,0.001699339,-0.00574675,-7.75E-05,-0.1672871,-0.01284614,-9.821105,-0.25205418,0.008559844,0.009121607,0.008588657,0,0.06,-0.82,273.62
00:23.8,0,100,0,0,0,0,0,0,0,0,0.000832777,-0.005106894,-0.000129783,-0.16977565,-0.011268309,-9.8185375,-0.26787822,0.008548113,0.009160666,0.00872289,0,0.06,-0.82,273.62
00:23.8,0,100,0,0,0,0,0,0,0,0,-3.38E-05,-0.004467038,-0.000182088,-0.1722642,-0.009690478,-9.81597,-0.28370226,0.008536381,0.009199726,0.008857124,0,0.06,-0.82,273.62
00:23.8,0,100,0,0,0,0,0,0,0,0,0.000838298,-0.004702988,-3.79E-05,-0.17047085,-0.010880659,-9.8170445,-0.2995263,0.008524649,0.009238786,0.008991358,0,0.06,-0.82,273.62
00:23.8,0,100,0,0,0,0,0,0,0,0,0.00171038,-0.004938938,0.000106255,-0.1686775,-0.01207084,-9.818119,-0.258835932,0.008603491,0.009214456,0.009466696,0,0.06,-0.818,273.62
00:23.8,0,100,0,0,0,0,0,0,0,0,0.000784835,-0.004385994,0.000476588,-0.1767762,-0.004327012,-9.8131615,-0.218145564,0.008682334,0.009190127,0.009942035,0,0.06,-0.816,273.62
00:23.9,0,100,0,0,0,0,0,0,0,0,-0.00014071,-0.003833049,0.000846921,-0.1848749,0.003416817,-9.808204,-0.177455196,0.008761176,0.009165797,0.010417373,0,0.06,-0.814,273.62
00:23.9,0,100,0,0,0,0,0,0,0,0,4.56E-05,-0.00393423,0.000483954,-0.17812625,-0.004487536,-9.809861,-0.136764828,0.008840019,0.009141468,0.010892712,0,0.06,-0.812,273.62
00:23.9,0,100,0,0,0,0,0,0,0,0,0.000231933,-0.00403541,0.000120988,-0.1713776,-0.01239189,-9.811518,-0.09607446,0.008918861,0.009117138,0.01136805,0,0.06,-0.81,273.62
00:23.9,0,100,0,0,0,0,0,0,0,0,0.000452444,-0.004066474,0.000126937,-0.17076265,-0.01296865,-9.812182,-0.108507628,0.018943399,0.020076818,0.022775772,0,0.058,-0.81,273.622
00:23.9,0,100,0,0,0,0,0,0,0,0,0.000672955,-0.004097538,0.000132887,-0.1701477,-0.01354541,-9.812846,-0.120940796,0.028967937,0.031036499,0.034183494,0,0.056,-0.81,273.624
00:24.0,0,100,0,0,0,0,0,0,0,0,0.000884811,-0.004447189,-0.000219398,-0.1699401,-0.014054405,-9.815408,-0.133373964,0.038992474,0.041996179,0.045591216,0,0.054,-0.81,273.626
00:24.0,0,100,0,0,0,0,0,0,0,0,0.001096668,-0.004796839,-0.000571683,-0.1697325,-0.0145634,-9.81797,-0.145807132,0.049017012,0.05295586,0.056998938,0,0.052,-0.81,273.628
00:24.0,0,100,0,0,0,0,0,0,0,0,-0.000488183,-0.004549851,0.000444304,-0.1756442,-0.002303686,-9.8112845,-0.1582403,0.05904155,0.06391554,0.06840666,0,0.05,-0.81,273.63
00:24.0,0,100,0,0,0,0,0,0,0,0,-0.002073033,-0.004302862,0.001460291,-0.1815559,0.009956028,-9.804599,-0.15597972,0.049026431,0.053052735,0.056573225,0,0.05,-0.81,273.63
00:24.0,0,100,0,0,0,0,0,0,0,0,-0.00107282,-0.004391383,0.000930042,-0.17473025,0.001252999,-9.8102085,-0.15371914,0.039011312,0.04218993,0.04473979,0,0.05,-0.81,273.63
00:24.1,0,100,0,0,0,0,0,0,0,0,-7.26E-05,-0.004479904,0.000399793,-0.1679046,-0.00745003,-9.815818,-0.15145856,0.028996193,0.031327126,0.032906354,0,0.05,-0.81,273.63
00:24.1,0,100,0,0,0,0,0,0,0,0,0.000505833,-0.004082087,0.000285998,-0.16989895,-0.01050645,-9.813617,-0.14919798,0.018981074,0.020464321,0.021072919,0,0.05,-0.81,273.63
00:24.1,0,100,0,0,0,0,0,0,0,0,0.001084272,-0.003684269,0.000172202,-0.1718933,-0.01356287,-9.811416,-0.1469374,0.008965955,0.009601516,0.009239484,0,0.05,-0.81,273.63
00:24.1,0,100,0,0,0,0,0,0,0,0,0.0016084,-0.004446079,0.000307126,-0.17094905,-0.011393167,-9.8136875,-0.14919798,0.008947944,0.009438282,0.009384566,0,0.05,-0.812,273.63
00:24.1,0,100,0,0,0,0,0,0,0,0,0.002132527,-0.005207889,0.00044205,-0.1700048,-0.009223465,-9.815959,-0.15145856,0.008929933,0.009275048,0.009529648,0,0.05,-0.814,273.63
00:24.2,0,100,0,0,0,0,0,0,0,0,0.001778557,-0.00555998,0.000337536,-0.16890275,-0.010989487,-9.813136,-0.15371914,0.008911923,0.009111813,0.009674731,0,0.05,-0.816,273.63
00:24.2,0,100,0,0,0,0,0,0,0,0,0.001424587,-0.00591207,0.000233021,-0.1678007,-0.01275551,-9.810313,-0.15597972,0.008893912,0.008948579,0.009819813,0,0.05,-0.818,273.63
00:24.2,0,100,0,0,0,0,0,0,0,0,0.001364205,-0.005691644,0.000630201,-0.1672369,-0.012955865,-9.8090285,-0.1582403,0.008875901,0.008785345,0.009964895,0,0.05,-0.82,273.63
00:24.2,0,100,0,0,0,0,0,0,0,0,0.001303822,-0.005471218,0.00102738,-0.1666731,-0.01315622,-9.807744,-0.16841288,0.008795456,0.009360154,0.01019769,0,0.05,-0.82,273.63
00:24.2,0,100,0,0,0,0,0,0,0,0,0.001035083,-0.005910251,0.000779102,-0.16768385,-0.012687285,-9.808481,-0.17858546,0.008715011,0.009934963,0.010430485,0,0.05,-0.82,273.63
00:24.3,0,100,0,0,0,0,0,0,0,0,0.000766344,-0.006349284,0.000530824,-0.1686946,-0.01221835,-9.809218,-0.18875804,0.008634567,0.010509772,0.01066328,0,0.05,-0.82,273.63
00:24.3,0,100,0,0,0,0,0,0,0,0,0.000921445,-0.006278588,0.000391055,-0.1671021,-0.009804427,-9.809729,-0.19893062,0.008554122,0.011084581,0.010896075,0,0.05,-0.82,273.63
00:24.3,0,100,0,0,0,0,0,0,0,0,0.001076545,-0.006207891,0.000251285,-0.1655096,-0.007390504,-9.81024,-0.2091032,0.008473677,0.01165939,0.01112887,0,0.05,-0.82,273.63
00:24.3,0,100,0,0,0,0,0,0,0,0,0.000903866,-0.005862608,0.000544269,-0.1664133,-0.011789277,-9.8076565,-0.20345178,0.008479099,0.011599174,0.01190076,0,0.05,-0.82,273.628
00:24.3,0,100,0,0,0,0,0,0,0,0,0.000731187,-0.005517325,0.000837253,-0.167317,-0.01618805,-9.805073,-0.19780036,0.008484522,0.011538958,0.01267265,0,0.05,-0.82,273.626
00:24.4,0,100,0,0,0,0,0,0,0,0,-0.001029752,-0.00200811,0.0002276,-0.16986005,-0.010916206,-9.809008,-0.19214894,0.008489944,0.011478742,0.01344454,0,0.05,-0.82,273.624
00:24.4,0,100,0,0,0,0,0,0,0,0,-0.00279069,0.001501106,-0.000382052,-0.1724031,-0.005644362,-9.812943,-0.18649752,0.008495367,0.011418526,0.01421643,0,0.05,-0.82,273.622
00:24.4,0,100,0,0,0,0,0,0,0,0,-0.000837546,-0.001253986,-0.000360663,-0.1699531,-0.008904026,-9.8099365,-0.1808461,0.008500789,0.01135831,0.01498832,0,0.05,-0.82,273.62
00:24.4,0,100,0,0,0,0,0,0,0,0,0.001115599,-0.004009077,-0.000339273,-0.1675031,-0.01216369,-9.80693,-0.146937456,0.008789079,0.011299036,0.015157146,0,0.05,-0.82,273.62
00:24.4,0,100,0,0,0,0,0,0,0,0,0.000773962,-0.004200994,0.000397255,-0.16766295,-0.01160434,-9.8112395,-0.113028812,0.009077369,0.011239762,0.015325972,0,0.05,-0.82,273.62
00:24.5,0,100,0,0,0,0,0,0,0,0,0.000432325,-0.004392911,0.001133784,-0.1678228,-0.01104499,-9.815549,-0.079120168,0.00936566,0.011180488,0.015494798,0,0.05,-0.82,273.62
00:24.5,0,100,0,0,0,0,0,0,0,0,0.001019376,-0.004133244,0.000910968,-0.16951865,-0.009626409,-9.8112395,-0.045211524,0.00965395,0.011121214,0.015663624,0,0.05,-0.82,273.62
00:24.5,0,100,0,0,0,0,0,0,0,0,0.001606426,-0.003873576,0.000688153,-0.1712145,-0.008207828,-9.80693,-0.01130288,0.00994224,0.01106194,0.01583245,0,0.05,-0.82,273.62
00:24.5,0,100,0,0,0,0,0,0,0,0,-0.001352583,-0.001914551,0.000169871,-0.1790217,-0.006956359,-9.804865,-0.007912016,0.009740419,0.010809474,0.015471176,0,0.05,-0.82,273.62
00:24.5,0,100,0,0,0,0,0,0,0,0,-0.004311592,4.45E-05,-0.00034841,-0.1868289,-0.00570489,-9.8028,-0.004521152,0.009538598,0.010557007,0.015109902,0,0.05,-0.82,273.62
00:24.6,0,100,0,0,0,0,0,0,0,0,-0.003748879,0.002668308,-0.000392417,-0.18598115,0.00133982,-9.8033035,-0.001130289,0.009336778,0.010304541,0.014748628,0,0.05,-0.82,273.62
00:24.6,0,100,0,0,0,0,0,0,0,0,-0.003186166,0.005292143,-0.000436424,-0.1851334,0.00838453,-9.803807,0.002260575,0.009134957,0.010052074,0.014387354,0,0.05,-0.82,273.62
00:24.6,0,100,0,0,0,0,0,0,0,0,-0.001118953,4.27E-05,-0.000376453,-0.1756553,-0.001400375,-9.8061485,0.005651439,0.008933136,0.009799608,0.01402608,0,0.05,-0.82,273.62
00:24.6,0,100,0,0,0,0,0,0,0,0,0.00094826,-0.005206777,-0.000316483,-0.1661772,-0.01118528,-9.80849,-0.015824029,0.019258581,0.021426262,0.025776296,0,0.05,-0.82,273.618
00:24.6,0,100,0,0,0,0,0,0,0,0,0.001049865,-0.005360211,-0.000326651,-0.1643792,-0.01257837,-9.807549,-0.037299497,0.029584026,0.033052917,0.037526512,0,0.05,-0.82,273.616
00:24.7,0,100,0,0,0,0,0,0,0,0,0.00115147,-0.005513645,-0.00033682,-0.1625812,-0.01397146,-9.806608,-0.058774964,0.03990947,0.044679571,0.049276728,0,0.05,-0.82,273.614
00:24.7,0,100,0,0,0,0,0,0,0,0,0.000611971,-0.005349093,0.000493337,-0.16493905,-0.01516661,-9.805452,-0.080250432,0.050234915,0.056306226,0.061026944,0,0.05,-0.82,273.612
00:24.7,0,100,0,0,0,0,0,0,0,0,7.25E-05,-0.005184541,0.001323494,-0.1672969,-0.01636176,-9.804296,-0.1017259,0.06056036,0.06793288,0.07277716,0,0.05,-0.82,273.61
00:24.7,0,100,0,0,0,0,0,0,0,0,0.000398788,-0.004949739,0.000726367,-0.1678662,-0.01340733,-9.804327,-0.092683598,0.0598784,0.06709731,0.073200936,0,0.05,-0.82,273.61
00:24.7,0,100,0,0,0,0,0,0,0,0,0.000725104,-0.004714936,0.00012924,-0.1684355,-0.0104529,-9.804358,-0.083641296,0.05919644,0.06626174,0.073624712,0,0.05,-0.82,273.61
00:24.8,0,100,0,0,0,0,0,0,0,0,0.000875671,-0.00204898,0.000879018,-0.17269305,-0.003003507,-9.805075,-0.074598994,0.05851448,0.06542617,0.074048488,0,0.05,-0.82,273.61
00:24.8,0,100,0,0,0,0,0,0,0,0,0.001026238,0.000616976,0.001628796,-0.1769506,0.004445885,-9.805792,-0.065556692,0.05783252,0.0645906,0.074472264,0,0.05,-0.82,273.61
00:24.8,0,100,0,0,0,0,0,0,0,0,0.001081522,-0.002053044,0.000730656,-0.17409825,-0.005607767,-9.804908,-0.05651439,0.05715056,0.06375503,0.07489604,0,0.05,-0.82,273.61
00:24.8,0,100,0,0,0,0,0,0,0,0,0.001136805,-0.004723063,-0.000167484,-0.1712459,-0.01566142,-9.804024,-0.073468712,0.047478702,0.052816264,0.062124028,0,0.048,-0.82,273.608
00:24.8,0,100,0,0,0,0,0,0,0,0,0.001258421,-0.004280088,5.25E-05,-0.1693186,-0.014210145,-9.803841,-0.090423034,0.037806845,0.041877498,0.049352016,0,0.046,-0.82,273.606
00:24.9,0,100,0,0,0,0,0,0,0,0,0.001380037,-0.003837114,0.00027248,-0.1673913,-0.01275887,-9.803658,-0.107377356,0.028134987,0.030938733,0.036580004,0,0.044,-0.82,273.604
00:24.9,0,100,0,0,0,0,0,0,0,0,0.001200725,-0.004357095,0.000112631,-0.16828055,-0.012882435,-9.8030925,-0.124331678,0.01846313,0.019999967,0.023807992,0,0.042,-0.82,273.602
00:24.9,0,100,0,0,0,0,0,0,0,0,0.001021413,-0.004877076,-4.72E-05,-0.1691698,-0.013006,-9.802527,-0.141286,0.008791272,0.009061201,0.01103598,0,0.04,-0.82,273.6
00:24.9,0,100,0,0,0,0,0,0,0,0,0.000976515,-0.004632385,5.53E-05,-0.1696506,-0.011754645,-9.8040915,-0.1684129,0.0086228,0.009246672,0.010909704,0,0.04,-0.82,273.598
00:24.9,0,100,0,0,0,0,0,0,0,0,0.000931616,-0.004387694,0.000157728,-0.1701314,-0.01050329,-9.805656,-0.1955398,0.008454327,0.009432143,0.010783428,0,0.04,-0.82,273.596
00:25.0,0,100,0,0,0,0,0,0,0,0,0.001215582,-0.003879917,0.001822907,-0.1818413,-0.004916606,-9.802816,-0.2226667,0.008285855,0.009617613,0.010657152,0,0.04,-0.82,273.594
00:25.0,0,100,0,0,0,0,0,0,0,0,0.001499547,-0.003372139,0.003488086,-0.1935512,0.000670078,-9.799976,-0.2497936,0.008117382,0.009803084,0.010530876,0,0.04,-0.82,273.592
00:25.0,0,100,0,0,0,0,0,0,0,0,0.001390766,-0.004389708,0.001536504,-0.1817559,-0.007064996,-9.802962,-0.2769205,0.00794891,0.009988555,0.0104046,0,0.04,-0.82,273.59
00:25.0,0,100,0,0,0,0,0,0,0,0,0.001281984,-0.005407277,-0.000415078,-0.1699606,-0.01480007,-9.805948,-0.239621006,0.008161466,0.010465452,0.010419342,0,0.04,-0.822,273.59
00:25.0,0,100,0,0,0,0,0,0,0,0,0.001477967,-0.005860494,-0.000134972,-0.1665402,-0.013751415,-9.8063205,-0.202321512,0.008374022,0.010942349,0.010434084,0,0.04,-0.824,273.59
00:25.1,0,100,0,0,0,0,0,0,0,0,0.00167395,-0.006313711,0.000145134,-0.1631198,-0.01270276,-9.806693,-0.165022018,0.008586579,0.011419246,0.010448826,0,0.04,-0.826,273.59
00:25.1,0,100,0,0,0,0,0,0,0,0,0.001287335,-0.006286538,0.000770555,-0.16675625,-0.01251438,-9.80657,-0.127722524,0.008799135,0.011896143,0.010463568,0,0.04,-0.828,273.59
00:25.1,0,100,0,0,0,0,0,0,0,0,0.00090072,-0.006259364,0.001395977,-0.1703927,-0.012326,-9.806447,-0.09042303,0.009011691,0.01237304,0.01047831,0,0.04,-0.83,273.59
00:25.1,0,100,0,0,0,0,0,0,0,0,0.00088299,-0.005902318,0.001409654,-0.16741165,-0.013663425,-9.8052315,-0.123201384,0.009078271,0.011990666,0.010366549,0,0.04,-0.83,273.588
00:25.1,0,100,0,0,0,0,0,0,0,0,0.000865261,-0.005545271,0.001423331,-0.1644306,-0.01500085,-9.804016,-0.155979738,0.009144851,0.011608292,0.010254787,0,0.04,-0.83,273.586
00:25.2,0,100,0,0,0,0,0,0,0,0,-2.47E-05,-0.002789808,0.002028368,-0.1799503,-0.008278201,-9.8030935,-0.188758092,0.009211431,0.011225918,0.010143026,0,0.04,-0.83,273.584
00:25.2,0,100,0,0,0,0,0,0,0,0,-0.000914693,-3.43E-05,0.002633405,-0.19547,-0.001555553,-9.802171,-0.221536446,0.009278011,0.010843544,0.010031264,0,0.04,-0.83,273.582
00:25.2,0,100,0,0,0,0,0,0,0,0,-0.000130173,-0.002413311,0.001140017,-0.18247535,-0.005601288,-9.805017,-0.2543148,0.009344591,0.01046117,0.009919503,0,0.04,-0.83,273.58
00:25.2,0,100,0,0,0,0,0,0,0,0,0.000654348,-0.004792278,-0.000353372,-0.1694807,-0.009647022,-9.807863,-0.24753306,0.00920126,0.010364128,0.010060132,0,0.04,-0.83,273.578
00:25.2,0,100,0,0,0,0,0,0,0,0,0.000652001,-0.005846828,-0.000397984,-0.16907055,-0.012148256,-9.806475,-0.24075132,0.009057928,0.010267086,0.010200762,0,0.04,-0.83,273.576
00:25.3,0,100,0,0,0,0,0,0,0,0,0.000649655,-0.006901377,-0.000442597,-0.1686604,-0.01464949,-9.805087,-0.23396958,0.008914597,0.010170044,0.010341391,0,0.04,-0.83,273.574
00:25.3,0,100,0,0,0,0,0,0,0,0,0.001088327,-0.00551614,-0.000200618,-0.16821655,-0.015047695,-9.8042275,-0.22718784,0.008771265,0.010073002,0.010482021,0,0.04,-0.83,273.572
00:25.3,0,100,0,0,0,0,0,0,0,0,0.001526999,-0.004130903,4.14E-05,-0.1677727,-0.0154459,-9.803368,-0.2204061,0.008627934,0.00997596,0.01062265,0,0.04,-0.83,273.57
00:25.3,0,100,0,0,0,0,0,0,0,0,0.001533134,-0.004216097,0.000439181,-0.1673641,-0.013568595,-9.803985,-0.22492726,0.008604812,0.01000788,0.01079505,0,0.04,-0.83,273.568
00:25.3,0,100,0,0,0,0,0,0,0,0,0.001539268,-0.00430129,0.000837,-0.1669555,-0.01169129,-9.804602,-0.22944842,0.008581689,0.0100398,0.01096745,0,0.04,-0.83,273.566
00:25.4,0,100,0,0,0,0,0,0,0,0,0.001227498,-0.005348351,0.000671117,-0.1663904,-0.01383793,-9.8038505,-0.23396958,0.008558567,0.01007172,0.01113985,0,0.04,-0.83,273.564
00:25.4,0,100,0,0,0,0,0,0,0,0,0.000915727,-0.006395411,0.000505233,-0.1658253,-0.01598457,-9.803099,-0.23849074,0.008535444,0.01010364,0.01131225,0,0.04,-0.83,273.562
00:25.4,0,100,0,0,0,0,0,0,0,0,0.001027668,-0.005862157,0.000572626,-0.167544,-0.01632729,-9.80334,-0.2430119,0.008512322,0.01013556,0.01148465,0,0.04,-0.83,273.56
00:25.4,0,100,0,0,0,0,0,0,0,0,0.001139608,-0.005328902,0.000640019,-0.1692627,-0.01667001,-9.803581,-0.197800384,0.01840067,0.020845218,0.024023102,0,0.04,-0.83,273.56
00:25.4,0,100,0,0,0,0,0,0,0,0,0.000963878,-0.005614682,0.000714627,-0.16786545,-0.014383455,-9.803797,-0.152588868,0.028289017,0.031554876,0.036561554,0,0.04,-0.83,273.56
00:25.5,0,100,0,0,0,0,0,0,0,0,0.000788148,-0.005900461,0.000789236,-0.1664682,-0.0120969,-9.804013,-0.107377352,0.038177365,0.042264534,0.049100006,0,0.04,-0.83,273.56
00:25.5,0,100,0,0,0,0,0,0,0,0,0.00089545,-0.005253956,0.000886357,-0.16840105,-0.014161405,-9.8039135,-0.062165836,0.048065712,0.052974192,0.061638458,0,0.04,-0.83,273.56
00:25.5,0,100,0,0,0,0,0,0,0,0,0.001002752,-0.00460745,0.000983478,-0.1703339,-0.01622591,-9.803814,-0.01695432,0.05795406,0.06368385,0.07417691,0,0.04,-0.83,273.56
00:25.5,0,100,0,0,0,0,0,0,0,0,0.001452361,-0.004541477,0.000433553,-0.16735445,-0.01719848,-9.801339,-0.058774976,0.058081052,0.064335862,0.074495442,0,0.038,-0.83,273.558
00:25.5,0,100,0,0,0,0,0,0,0,0,0.00190197,-0.004475504,-0.000116371,-0.164375,-0.01817105,-9.798864,-0.100595632,0.058208044,0.064987874,0.074813974,0,0.036,-0.83,273.556
00:25.6,0,100,0,0,0,0,0,0,0,0,-0.001369904,-0.000121549,-0.000650338,-0.16893655,-0.0165421,-9.797366,-0.142416288,0.058335036,0.065639886,0.075132506,0,0.034,-0.83,273.554
00:25.6,0,100,0,0,0,0,0,0,0,0,-0.004641777,0.004232407,-0.001184305,-0.1734981,-0.01491315,-9.795868,-0.184236944,0.058462028,0.066291898,0.075451038,0,0.032,-0.83,273.552
00:25.6,0,100,0,0,0,0,0,0,0,0,-0.001880128,-0.000165819,-0.000333009,-0.17074425,-0.01365899,-9.8016365,-0.2260576,0.05858902,0.06694391,0.07576957,0,0.03,-0.83,273.55
00:25.6,0,100,0,0,0,0,0,0,0,0,0.00088152,-0.004564044,0.000518286,-0.1679904,-0.01240483,-9.807405,-0.21136386,0.04898152,0.055740282,0.06368907,0,0.03,-0.832,273.55
00:25.6,0,100,0,0,0,0,0,0,0,0,0.000775839,-0.004503095,0.000420933,-0.16917265,-0.013732745,-9.8050475,-0.19667012,0.03937402,0.044536654,0.05160857,0,0.03,-0.834,273.55
00:25.7,0,100,0,0,0,0,0,0,0,0,0.000670157,-0.004442145,0.000323579,-0.1703549,-0.01506066,-9.80269,-0.18197638,0.02976652,0.033333026,0.03952807,0,0.03,-0.836,273.55
00:25.7,0,100,0,0,0,0,0,0,0,0,0.000813186,-0.005098206,0.00046395,-0.1689063,-0.0141971,-9.805157,-0.16728264,0.02015902,0.022129398,0.02744757,0,0.03,-0.838,273.55
00:25.7,0,100,0,0,0,0,0,0,0,0,0.000956214,-0.005754267,0.000604322,-0.1674577,-0.01333354,-9.807624,-0.1525889,0.01055152,0.01092577,0.01536707,0,0.03,-0.84,273.55
00:25.7,0,100,0,0,0,0,0,0,0,0,0.001207308,-0.000309722,0.000915106,-0.1714673,-0.010223815,-9.8044825,-0.15032832,0.010583836,0.011090206,0.015358774,0,0.03,-0.84,273.55
00:25.7,0,100,0,0,0,0,0,0,0,0,0.001458401,0.005134822,0.00122589,-0.1754769,-0.007114089,-9.801341,-0.14806774,0.010616152,0.011254642,0.015350478,0,0.03,-0.84,273.55
00:25.8,0,100,0,0,0,0,0,0,0,0,0.000673691,4.98E-05,0.00079764,-0.1692108,-0.009798699,-9.8000515,-0.14580716,0.010648468,0.011419078,0.015342182,0,0.03,-0.84,273.55
00:25.8,0,100,0,0,0,0,0,0,0,0,-0.00011102,-0.005035256,0.00036939,-0.1629447,-0.01248331,-9.798762,-0.14354658,0.010680784,0.011583514,0.015333886,0,0.03,-0.84,273.55
00:25.8,0,100,0,0,0,0,0,0,0,0,0.000758856,-0.004970714,0.000131986,-0.1661969,-0.012918225,-9.801226,-0.141286,0.0107131,0.01174795,0.01532559,0,0.03,-0.84,273.55
00:25.8,0,100,0,0,0,0,0,0,0,0,0.001628732,-0.004906172,-0.000105418,-0.1694491,-0.01335314,-9.80369,-0.126592254,0.010449718,0.011626108,0.0149953,0,0.03,-0.84,273.548
00:25.8,0,100,0,0,0,0,0,0,0,0,0.001438868,-0.004278722,0.000283858,-0.1678671,-0.01172038,-9.8046605,-0.111898508,0.010186336,0.011504266,0.01466501,0,0.03,-0.84,273.546
00:25.9,0,100,0,0,0,0,0,0,0,0,0.001249003,-0.003651271,0.000673135,-0.1662851,-0.01008762,-9.805631,-0.097204762,0.009922955,0.011382424,0.01433472,0,0.03,-0.84,273.544
00:25.9,0,100,0,0,0,0,0,0,0,0,0.001446768,-0.004298496,0.000215769,-0.1679323,-0.012037975,-9.8052635,-0.082511016,0.009659573,0.011260582,0.01400443,0,0.03,-0.84,273.542
00:25.9,0,100,0,0,0,0,0,0,0,0,0.001644532,-0.004945721,-0.000241597,-0.1695795,-0.01398833,-9.804896,-0.06781727,0.009396191,0.01113874,0.01367414,0,0.03,-0.84,273.54
00:25.9,0,100,0,0,0,0,0,0,0,0,1.38E-05,-0.00441128,0.000912237,-0.17539125,-0.00046056,-9.811198,-0.094944176,0.0092944,0.011081914,0.013396828,0,0.03,-0.84,273.54
00:25.9,0,100,0,0,0,0,0,0,0,0,-0.001616975,-0.003876839,0.002066072,-0.181203,0.01306721,-9.8175,-0.122071082,0.009192609,0.011025088,0.013119516,0,0.03,-0.84,273.54
00:26.0,0,100,0,0,0,0,0,0,0,0,-0.000654582,-0.004535215,0.001225034,-0.17705085,-0.000511915,-9.809941,-0.149197988,0.009090818,0.010968262,0.012842204,0,0.03,-0.84,273.54
00:26.0,0,100,0,0,0,0,0,0,0,0,0.000307811,-0.005193591,0.000383996,-0.1728987,-0.01409104,-9.802382,-0.176324894,0.008989027,0.010911436,0.012564892,0,0.03,-0.84,273.54
00:26.0,0,100,0,0,0,0,0,0,0,0,0.000386401,-0.005194096,-0.00030116,-0.16904055,-0.014007625,-9.803823,-0.2034518,0.008887236,0.01085461,0.01228758,0,0.03,-0.84,273.54
00:26.0,0,100,0,0,0,0,0,0,0,0,0.00046499,-0.0051946,-0.000986316,-0.1651824,-0.01392421,-9.805264,-0.20119122,0.00883852,0.010683908,0.012385346,0,0.03,-0.84,273.54
00:26.0,0,100,0,0,0,0,0,0,0,0,0.001140136,-0.004944218,-0.000334707,-0.1682901,-0.01227294,-9.805788,-0.19893064,0.008789803,0.010513206,0.012483112,0,0.03,-0.84,273.54
00:26.1,0,100,0,0,0,0,0,0,0,0,0.001815282,-0.004693836,0.000316902,-0.1713978,-0.01062167,-9.806312,-0.19667006,0.008741087,0.010342504,0.012580878,0,0.03,-0.84,273.54
00:26.1,0,100,0,0,0,0,0,0,0,0,0.001344484,-0.000814273,-0.000119161,-0.1755908,-0.001932188,-9.812676,-0.19440948,0.00869237,0.010171802,0.012678644,0,0.03,-0.84,273.54
00:26.1,0,100,0,0,0,0,0,0,0,0,0.000873686,0.00306529,-0.000555223,-0.1797838,0.006757293,-9.81904,-0.1921489,0.008643654,0.0100011,0.01277641,0,0.03,-0.84,273.54
00:26.1,0,100,0,0,0,0,0,0,0,0,0.001460887,0.00264321,-5.85E-05,-0.18614745,0.009615837,-9.822366,-0.18197632,0.009178501,0.009775219,0.014284584,0,0.03,-0.84,273.54
00:26.1,0,100,0,0,0,0,0,0,0,0,0.002048088,0.002221129,0.000438289,-0.1925111,0.01247438,-9.825692,-0.17180374,0.009713348,0.009549339,0.015792758,0,0.03,-0.84,273.54
00:26.2,0,100,0,0,0,0,0,0,0,0,0.001894255,-0.001262149,0.00088284,-0.17847215,-0.00064903,-9.808327,-0.16163116,0.010248196,0.009323458,0.017300932,0,0.03,-0.84,273.54
00:26.2,0,100,0,0,0,0,0,0,0,0,0.001740421,-0.004745427,0.001327392,-0.1644332,-0.01377244,-9.790962,-0.15145858,0.010783043,0.009097578,0.018809106,0,0.03,-0.84,273.54
00:26.2,0,100,0,0,0,0,0,0,0,0,0.001680798,-0.005332023,0.000948964,-0.16711185,-0.01435705,-9.799273,-0.141286,0.01131789,0.008871697,0.02031728,0,0.03,-0.84,273.54
00:26.2,0,100,0,0,0,0,0,0,0,0,0.001621175,-0.005918619,0.000570536,-0.1697905,-0.01494166,-9.807584,-0.126592254,0.011196936,0.009039925,0.01965254,0,0.03,-0.842,273.54
00:26.2,0,100,0,0,0,0,0,0,0,0,0.001354398,-0.006124194,0.000613488,-0.1690853,-0.01319964,-9.8091985,-0.111898508,0.011075982,0.009208153,0.0189878,0,0.03,-0.844,273.54
00:26.3,0,100,0,0,0,0,0,0,0,0,0.001087621,-0.006329768,0.000656439,-0.1683801,-0.01145762,-9.810813,-0.097204762,0.010955028,0.009376382,0.01832306,0,0.03,-0.846,273.54
00:26.3,0,100,0,0,0,0,0,0,0,0,0.001805077,-0.005625789,0.000518121,-0.16793265,-0.01196238,-9.8083305,-0.082511016,0.010834074,0.00954461,0.01765832,0,0.03,-0.848,273.54
00:26.3,0,100,0,0,0,0,0,0,0,0,0.002522533,-0.004921809,0.000379803,-0.1674852,-0.01246714,-9.805848,-0.06781727,0.01071312,0.009712838,0.01699358,0,0.03,-0.85,273.54
00:26.3,0,100,0,0,0,0,0,0,0,0,0.001096349,-0.006099014,0.001269273,-0.17433865,-0.003120249,-9.8061425,-0.06216583,0.02044471,0.020989194,0.028912322,0,0.03,-0.85,273.54
00:26.3,0,100,0,0,0,0,0,0,0,0,-0.000329835,-0.00727622,0.002158742,-0.1811921,0.006226642,-9.806437,-0.05651439,0.0301763,0.032265551,0.040831064,0,0.03,-0.85,273.54
00:26.4,0,100,0,0,0,0,0,0,0,0,8.12E-05,-0.005721933,0.000929507,-0.17591035,-0.004588589,-9.803369,-0.05086295,0.03990789,0.043541907,0.052749806,0,0.03,-0.85,273.54
00:26.4,0,100,0,0,0,0,0,0,0,0,0.000492172,-0.004167646,-0.000299728,-0.1706286,-0.01540382,-9.800301,-0.04521151,0.04963948,0.054818264,0.064668548,0,0.03,-0.85,273.54
00:26.4,0,100,0,0,0,0,0,0,0,0,0.001266973,-0.004879643,-0.000461086,-0.1683564,-0.014670075,-9.801031,-0.03956007,0.05937107,0.06609462,0.07658729,0,0.03,-0.85,273.54
00:26.4,0,100,0,0,0,0,0,0,0,0,0.002041774,-0.005591639,-0.000622444,-0.1660842,-0.01393633,-9.801761,-0.03956007,0.049502528,0.054774921,0.063652066,0,0.03,-0.85,273.54
00:26.4,0,100,0,0,0,0,0,0,0,0,0.001278456,-0.004934596,3.82E-05,-0.16576,-0.01481813,-9.8040785,-0.03956007,0.039633986,0.043455222,0.050716842,0,0.03,-0.85,273.54
00:26.5,0,100,0,0,0,0,0,0,0,0,0.000515138,-0.004277552,0.000698878,-0.1654358,-0.01569993,-9.806396,-0.03956007,0.029765444,0.032135522,0.037781618,0,0.03,-0.85,273.54
00:26.5,0,100,0,0,0,0,0,0,0,0,0.000532087,-0.005223765,0.001132391,-0.1673209,-0.014771515,-9.805703,-0.03956007,0.019896902,0.020815823,0.024846394,0,0.03,-0.85,273.54
00:26.5,0,100,0,0,0,0,0,0,0,0,0.000549036,-0.006169977,0.001565904,-0.169206,-0.0138431,-9.80501,-0.03956007,0.01002836,0.009496124,0.01191117,0,0.03,-0.85,273.54
00:26.5,0,100,0,0,0,0,0,0,0,0,-0.000899136,-0.002010016,0.000195072,-0.1780872,-0.003827648,-9.809212,-0.050862948,0.009805458,0.009398587,0.012475982,0,0.03,-0.85,273.54
00:26.5,0,100,0,0,0,0,0,0,0,0,-0.002347308,0.002149944,-0.001175759,-0.1869684,0.006187803,-9.813414,-0.062165826,0.009582557,0.009301051,0.013040794,0,0.03,-0.85,273.54
00:26.6,0,100,0,0,0,0,0,0,0,0,-0.000387295,-0.002391658,-0.000448996,-0.17765735,-0.002766029,-9.808481,-0.073468704,0.009359655,0.009203514,0.013605606,0,0.03,-0.85,273.54
00:26.6,0,100,0,0,0,0,0,0,0,0,0.001572718,-0.006933259,0.000277767,-0.1683463,-0.01171986,-9.803548,-0.084771582,0.009136754,0.009105978,0.014170418,0,0.03,-0.85,273.54
00:26.6,0,100,0,0,0,0,0,0,0,0,0.001267937,-0.006665226,0.000309653,-0.16771075,-0.012870435,-9.807535,-0.09607446,0.008913852,0.009008441,0.01473523,0,0.03,-0.85,273.54
00:26.6,0,100,0,0,0,0,0,0,0,0,0.000963156,-0.006397193,0.000341539,-0.1670752,-0.01402101,-9.811522,-0.116419648,0.008930901,0.008841193,0.014127794,0,0.03,-0.852,273.54
00:26.6,0,100,0,0,0,0,0,0,0,0,0.000725634,-0.006284481,0.000235576,-0.16976895,-0.014306155,-9.811059,-0.136764836,0.00894795,0.008673946,0.013520358,0,0.03,-0.854,273.54
00:26.7,0,100,0,0,0,0,0,0,0,0,0.000488113,-0.006171768,0.000129613,-0.1724627,-0.0145913,-9.810596,-0.157110024,0.008965,0.008506698,0.012912922,0,0.03,-0.856,273.54
00:26.7,0,100,0,0,0,0,0,0,0,0,0.00082002,-0.00574405,-0.000349078,-0.1716739,-0.01457443,-9.8077455,-0.177455212,0.008982049,0.008339451,0.012305486,0,0.03,-0.858,273.54
00:26.7,0,100,0,0,0,0,0,0,0,0,0.001151928,-0.005316332,-0.000827769,-0.1708851,-0.01455756,-9.804895,-0.1978004,0.008999098,0.008172203,0.01169805,0,0.03,-0.86,273.54
00:26.7,0,100,0,0,0,0,0,0,0,0,-0.000384069,-0.002490678,-0.00235846,-0.17644965,-0.005245999,-9.806549,-0.215885,0.008824105,0.008381688,0.011700054,0,0.03,-0.86,273.542
00:26.7,0,100,0,0,0,0,0,0,0,0,-0.001920065,0.000334976,-0.00388915,-0.1820142,0.004065562,-9.808203,-0.2339696,0.008649111,0.008591173,0.011702058,0,0.03,-0.86,273.544
00:26.8,0,100,0,0,0,0,0,0,0,0,-0.000176761,-0.002131187,-0.002144931,-0.17320295,-0.003574354,-9.809537,-0.2520542,0.008474118,0.008800657,0.011704062,0,0.03,-0.86,273.546
00:26.8,0,100,0,0,0,0,0,0,0,0,0.001566544,-0.004597351,-0.000400712,-0.1643917,-0.01121427,-9.810871,-0.2701388,0.008299124,0.009010142,0.011706066,0,0.03,-0.86,273.548
00:26.8,0,100,0,0,0,0,0,0,0,0,0.001397669,-0.00522491,2.64E-05,-0.16589055,-0.009850847,-9.811773,-0.2882234,0.008124131,0.009219627,0.01170807,0,0.03,-0.86,273.55
00:26.8,0,100,0,0,0,0,0,0,0,0,0.001228794,-0.005852469,0.000453471,-0.1673894,-0.008487425,-9.812675,-0.2599662,0.00832091,0.00951912,0.011676404,0,0.03,-0.86,273.55
00:26.8,0,100,0,0,0,0,0,0,0,0,0.001266066,-0.005241194,0.000563494,-0.1672093,-0.010442063,-9.809731,-0.231709,0.008517689,0.009818612,0.011644738,0,0.03,-0.86,273.55
00:26.9,0,100,0,0,0,0,0,0,0,0,0.001303338,-0.004629918,0.000673517,-0.1670292,-0.0123967,-9.806787,-0.2034518,0.008714468,0.010118105,0.011613072,0,0.03,-0.86,273.55
00:26.9,0,100,0,0,0,0,0,0,0,0,0.00090149,-0.004628775,0.000268771,-0.17099705,-0.01404233,-9.805826,-0.1751946,0.008911247,0.010417597,0.011581406,0,0.03,-0.86,273.55
00:26.9,0,100,0,0,0,0,0,0,0,0,0.000499642,-0.004627632,-0.000135974,-0.1749649,-0.01568796,-9.804865,-0.1469374,0.009108026,0.01071709,0.01154974,0,0.03,-0.86,273.55
00:26.9,0,100,0,0,0,0,0,0,0,0,0.000627134,-0.004869762,0.000471623,-0.17197765,-0.015556895,-9.8081705,-0.15032826,0.00927305,0.010448075,0.011431132,0,0.028,-0.862,273.55
00:26.9,0,100,0,0,0,0,0,0,0,0,0.000754626,-0.005111891,0.001079219,-0.1689904,-0.01542583,-9.811476,-0.15371912,0.009438074,0.010179061,0.011312524,0,0.026,-0.864,273.55
00:27.0,0,100,0,0,0,0,0,0,0,0,0.000695897,-0.004929951,0.000644338,-0.1684375,-0.014275315,-9.8109735,-0.15710998,0.009603099,0.009910046,0.011193916,0,0.024,-0.866,273.55
00:27.0,0,100,0,0,0,0,0,0,0,0,0.000637167,-0.004748011,0.000209457,-0.1678846,-0.0131248,-9.810471,-0.16050084,0.009768123,0.009641032,0.011075308,0,0.022,-0.868,273.55
00:27.0,0,100,0,0,0,0,0,0,0,0,0.000442308,-0.00413019,0.000354196,-0.16918305,-0.013713705,-9.8098675,-0.1638917,0.009933147,0.009372017,0.0109567,0,0.02,-0.87,273.55
00:27.0,0,100,0,0,0,0,0,0,0,0,0.000247449,-0.003512368,0.000498934,-0.1704815,-0.01430261,-9.809264,-0.16841286,0.019179214,0.020636402,0.022700998,0,0.02,-0.87,273.55
00:27.0,0,100,0,0,0,0,0,0,0,0,0.000638554,-0.004712338,0.000753004,-0.1680195,-0.01366176,-9.8090435,-0.17293402,0.02842528,0.031900786,0.034445296,0,0.02,-0.87,273.55
00:27.1,0,100,0,0,0,0,0,0,0,0,0.00102966,-0.005912308,0.001007073,-0.1655575,-0.01302091,-9.808823,-0.17745518,0.037671347,0.043165171,0.046189594,0,0.02,-0.87,273.55
00:27.1,0,100,0,0,0,0,0,0,0,0,0.000500545,-0.004011534,0.002709904,-0.1728595,-0.014871065,-9.8014435,-0.18197634,0.046917413,0.054429555,0.057933892,0,0.02,-0.87,273.55
00:27.1,0,100,0,0,0,0,0,0,0,0,-2.86E-05,-0.00211076,0.004412736,-0.1801615,-0.01672122,-9.794064,-0.1864975,0.05616348,0.06569394,0.06967819,0,0.02,-0.87,273.55
00:27.1,0,100,0,0,0,0,0,0,0,0,0.000225231,-0.001132702,0.001961062,-0.1857024,0.001293055,-9.789838,-0.19101864,0.056769578,0.065933496,0.071160892,0,0.02,-0.87,273.55
00:27.1,0,100,0,0,0,0,0,0,0,0,0.000479032,-0.000154644,-0.000490613,-0.1912433,0.01930733,-9.785612,-0.19553978,0.057375676,0.066173052,0.072643594,0,0.02,-0.87,273.55
00:27.2,0,100,0,0,0,0,0,0,0,0,0.001024836,-0.002172877,-8.16E-05,-0.17951955,0.001499135,-9.797805,-0.20006092,0.057981774,0.066412608,0.074126296,0,0.02,-0.87,273.55
00:27.2,0,100,0,0,0,0,0,0,0,0,0.001570639,-0.004191111,0.000327506,-0.1677958,-0.01630906,-9.809998,-0.20458206,0.058587872,0.066652164,0.075608998,0,0.02,-0.87,273.55
00:27.2,0,100,0,0,0,0,0,0,0,0,0.001812227,-0.004787208,-0.000279268,-0.1692167,-0.01339995,-9.810659,-0.2091032,0.05919397,0.06689172,0.0770917,0,0.02,-0.87,273.55
00:27.2,0,100,0,0,0,0,0,0,0,0,0.002053814,-0.005383304,-0.000886042,-0.1706376,-0.01049084,-9.81132,-0.185367166,0.0494775,0.055784066,0.063515823,0,0.02,-0.87,273.55
00:27.2,0,100,0,0,0,0,0,0,0,0,0.001490224,-0.004971992,-0.00051886,-0.1680086,-0.01280352,-9.809408,-0.161631132,0.03976103,0.044676412,0.049939947,0,0.02,-0.87,273.55
00:27.3,0,100,0,0,0,0,0,0,0,0,0.000926633,-0.004560679,-0.000151678,-0.1653796,-0.0151162,-9.807496,-0.137895098,0.03004456,0.033568758,0.03636407,0,0.02,-0.87,273.55
00:27.3,0,100,0,0,0,0,0,0,0,0,0.001379774,-0.004428221,0.000136936,-0.16876785,-0.012350428,-9.807955,-0.114159064,0.02032809,0.022461104,0.022788194,0,0.02,-0.87,273.55
00:27.3,0,100,0,0,0,0,0,0,0,0,0.001832915,-0.004295762,0.000425551,-0.1721561,-0.009584655,-9.808414,-0.09042303,0.01061162,0.01135345,0.009212317,0,0.02,-0.87,273.55
00:27.3,0,100,0,0,0,0,0,0,0,0,0.000215763,-0.000863025,0.000281931,-0.1771713,-0.006425665,-9.8086115,-0.098335044,0.010216465,0.011105574,0.0093454,0,0.02,-0.872,273.55
00:27.3,0,100,0,0,0,0,0,0,0,0,-0.001401389,0.002569712,0.000138311,-0.1821865,-0.003266676,-9.808809,-0.106247058,0.00982131,0.010857698,0.009478483,0,0.02,-0.874,273.55
00:27.4,0,100,0,0,0,0,0,0,0,0,0.000139126,-0.001035377,0.000189197,-0.17452205,-0.007389403,-9.807985,-0.114159072,0.009426155,0.010609822,0.009611566,0,0.02,-0.876,273.55
00:27.4,0,100,0,0,0,0,0,0,0,0,0.001679641,-0.004640466,0.000240083,-0.1668576,-0.01151213,-9.807161,-0.122071086,0.009031,0.010361946,0.009744649,0,0.02,-0.878,273.55
00:27.4,0,100,0,0,0,0,0,0,0,0,0.001198918,-0.00526594,0.000307999,-0.1665327,-0.011618405,-9.8074115,-0.1299831,0.008635845,0.01011407,0.009877732,0,0.02,-0.88,273.55
00:27.4,0,100,0,0,0,0,0,0,0,0,0.000718194,-0.005891413,0.000375916,-0.1662078,-0.01172468,-9.807662,-0.16276144,0.008754629,0.010055797,0.01004219,0,0.02,-0.88,273.55
00:27.4,0,100,0,0,0,0,0,0,0,0,0.001456774,-0.005584877,0.000713118,-0.1685912,-0.01098514,-9.8086235,-0.19553978,0.008873412,0.009997524,0.010206647,0,0.02,-0.88,273.55
00:27.5,0,100,0,0,0,0,0,0,0,0,0.002195354,-0.00527834,0.001050321,-0.1709746,-0.0102456,-9.809585,-0.22831812,0.008992196,0.00993925,0.010371105,0,0.02,-0.88,273.55
00:27.5,0,100,0,0,0,0,0,0,0,0,-0.001911062,-0.002598374,0.000389621,-0.1748169,-0.003734745,-9.802679,-0.26109646,0.009110979,0.009880977,0.010535562,0,0.02,-0.88,273.55
00:27.5,0,100,0,0,0,0,0,0,0,0,-0.006017477,8.16E-05,-0.000271078,-0.1786592,0.002776111,-9.795773,-0.2938748,0.009229763,0.009822704,0.01070002,0,0.02,-0.88,273.55
00:27.5,0,100,0,0,0,0,0,0,0,0,-0.003556392,0.000613174,-0.003071794,-0.1748429,0.007905826,-9.7970585,-0.26222674,0.009033781,0.009799977,0.01081488,0,0.02,-0.88,273.55
00:27.5,0,100,0,0,0,0,0,0,0,0,-0.001095306,0.001144757,-0.005872509,-0.1710266,0.01303554,-9.798344,-0.23057868,0.008837799,0.009777251,0.01092974,0,0.02,-0.88,273.55
00:27.6,0,100,0,0,0,0,0,0,0,0,0.000501681,-0.002344504,-0.003157859,-0.17128725,-0.00089598,-9.8029085,-0.19893062,0.008641816,0.009754524,0.0110446,0,0.02,-0.88,273.55
00:27.6,0,100,0,0,0,0,0,0,0,0,0.002098667,-0.005833766,-0.000443209,-0.1715479,-0.0148275,-9.807473,-0.16728256,0.008445834,0.009731798,0.01115946,0,0.02,-0.88,273.55
00:27.6,0,100,0,0,0,0,0,0,0,0,0.001519696,-0.00531977,4.54E-05,-0.16959875,-0.01160237,-9.8102985,-0.1356345,0.008249852,0.009709071,0.01127432,0,0.02,-0.88,273.55
00:27.6,0,100,0,0,0,0,0,0,0,0,0.000940726,-0.004805774,0.000534076,-0.1676496,-0.008377239,-9.813124,-0.14354652,0.008342107,0.009694073,0.01090151,0,0.02,-0.88,273.55
00:27.6,0,100,0,0,0,0,0,0,0,0,0.001106877,-0.005004139,0.000700175,-0.168987,-0.009183887,-9.811011,-0.15145854,0.008434363,0.009679076,0.010528699,0,0.02,-0.88,273.55
00:27.7,0,100,0,0,0,0,0,0,0,0,0.001273028,-0.005202504,0.000866274,-0.1703244,-0.009990534,-9.808898,-0.15937056,0.008526618,0.009664078,0.010155889,0,0.02,-0.88,273.55
00:27.7,0,100,0,0,0,0,0,0,0,0,0.000986764,-0.004949113,0.000129452,-0.16869905,-0.011675802,-9.810035,-0.16728258,0.008618874,0.009649081,0.009783078,0,0.02,-0.88,273.55
00:27.7,0,100,0,0,0,0,0,0,0,0,0.0007005,-0.004695722,-0.000607369,-0.1670737,-0.01336107,-9.811172,-0.1751946,0.008711129,0.009634083,0.009410268,0,0.02,-0.88,273.55
00:27.7,0,100,0,0,0,0,0,0,0,0,-4.88E-05,-0.002819234,-0.000506543,-0.1738814,-0.010061378,-9.8077025,-0.12998309,0.009032471,0.009672898,0.009689324,0,0.02,-0.882,273.55
00:27.7,0,100,0,0,0,0,0,0,0,0,-0.000798003,-0.000942746,-0.000405717,-0.1806891,-0.006761685,-9.804233,-0.08477158,0.009353813,0.009711713,0.009968381,0,0.02,-0.884,273.55
00:27.8,0,100,0,0,0,0,0,0,0,0,-0.000178438,-0.003243023,0.000496171,-0.1712186,-0.00800544,-9.8067455,-0.03956007,0.009675156,0.009750527,0.010247437,0,0.02,-0.886,273.55
00:27.8,0,100,0,0,0,0,0,0,0,0,0.000441127,-0.0055433,0.00139806,-0.1617481,-0.009249196,-9.809258,0.00565144,0.009996498,0.009789342,0.010526494,0,0.02,-0.888,273.55
00:27.8,0,100,0,0,0,0,0,0,0,0,0.001201867,-0.005365827,0.000904657,-0.16747205,-0.010597663,-9.8099915,0.05086295,0.01031784,0.009828157,0.01080555,0,0.02,-0.89,273.55
00:27.8,0,100,0,0,0,0,0,0,0,0,0.001962607,-0.005188354,0.000411255,-0.173196,-0.01194613,-9.810725,0.01130288,0.010040508,0.009973118,0.01097659,0,0.02,-0.89,273.552
00:27.8,0,100,0,0,0,0,0,0,0,0,0.001897182,-0.005074205,0.000156348,-0.16961435,-0.013210705,-9.811508,-0.02825719,0.009763177,0.010118078,0.01114763,0,0.02,-0.89,273.554
00:27.9,0,100,0,0,0,0,0,0,0,0,0.001831757,-0.004960056,-9.86E-05,-0.1660327,-0.01447528,-9.812291,-0.06781726,0.009485845,0.010263039,0.01131867,0,0.02,-0.89,273.556
00:27.9,0,100,0,0,0,0,0,0,0,0,0.001025399,-0.003972609,0.001120475,-0.17523765,-0.007940646,-9.8086245,-0.10737733,0.009208514,0.010407999,0.01148971,0,0.02,-0.89,273.558
00:27.9,0,100,0,0,0,0,0,0,0,0,0.000219041,-0.002985162,0.002339509,-0.1844426,-0.001406012,-9.804958,-0.1469374,0.008931182,0.01055296,0.01166075,0,0.02,-0.89,273.56
00:27.9,0,100,0,0,0,0,0,0,0,0,0.000783532,-0.004276162,0.001019624,-0.17586915,-0.007250371,-9.808424,-0.135634526,0.01727205,0.021172964,0.023557584,0,0.02,-0.89,273.558
00:27.9,0,100,0,0,0,0,0,0,0,0,0.001348024,-0.005567161,-0.000300261,-0.1672957,-0.01309473,-9.81189,-0.124331652,0.025612917,0.031792968,0.035454418,0,0.02,-0.89,273.556
00:28.0,0,100,0,0,0,0,0,0,0,0,0.00185735,-0.005948692,-0.000187116,-0.16780745,-0.012896445,-9.8134415,-0.113028778,0.033953785,0.042412972,0.047351252,0,0.02,-0.89,273.554
00:28.0,0,100,0,0,0,0,0,0,0,0,0.002366676,-0.006330222,-7.40E-05,-0.1683192,-0.01269816,-9.814993,-0.101725904,0.042294652,0.053032976,0.059248086,0,0.02,-0.89,273.552
00:28.0,0,100,0,0,0,0,0,0,0,0,0.001783727,-0.006190738,0.000314401,-0.16584095,-0.01355987,-9.813076,-0.09042303,0.05063552,0.06365298,0.07114492,0,0.02,-0.89,273.55
00:28.0,0,100,0,0,0,0,0,0,0,0,0.001200778,-0.006051254,0.000702773,-0.1633627,-0.01442158,-9.811159,-0.103986484,0.042244874,0.05278866,0.059150756,0,0.02,-0.89,273.55
00:28.0,0,100,0,0,0,0,0,0,0,0,0.000836509,-0.00549844,0.00052186,-0.16536165,-0.015129695,-9.813482,-0.117549938,0.033854228,0.041924341,0.047156592,0,0.02,-0.89,273.55
00:28.1,0,100,0,0,0,0,0,0,0,0,0.000472239,-0.004945626,0.000340947,-0.1673606,-0.01583781,-9.815805,-0.131113392,0.025463582,0.031060021,0.035162428,0,0.02,-0.89,273.55
00:28.1,0,100,0,0,0,0,0,0,0,0,0.000973067,-0.005005686,4.70E-05,-0.16582465,-0.01597406,-9.8167975,-0.144676846,0.017072936,0.020195702,0.023168264,0,0.02,-0.89,273.55
00:28.1,0,100,0,0,0,0,0,0,0,0,0.001473894,-0.005065746,-0.000247044,-0.1642887,-0.01611031,-9.81779,-0.1582403,0.00868229,0.009331382,0.0111741,0,0.02,-0.89,273.55
00:28.1,0,100,0,0,0,0,0,0,0,0,0.001041062,-0.005339542,-0.000330266,-0.1671212,-0.013605835,-9.818846,-0.144676846,0.008709586,0.009418215,0.010863846,0,0.02,-0.892,273.55
00:28.1,0,100,0,0,0,0,0,0,0,0,0.000608231,-0.005613338,-0.000413488,-0.1699537,-0.01110136,-9.819902,-0.131113392,0.008736882,0.009505048,0.010553592,0,0.02,-0.894,273.55
00:28.2,0,100,0,0,0,0,0,0,0,0,0.000919468,-0.005830149,3.98E-05,-0.16824995,-0.01097608,-9.8193015,-0.117549938,0.008764178,0.009591881,0.010243338,0,0.02,-0.896,273.55
00:28.2,0,100,0,0,0,0,0,0,0,0,0.001230705,-0.006046961,0.000493139,-0.1665462,-0.0108508,-9.818701,-0.103986484,0.008791474,0.009678714,0.009933084,0,0.02,-0.898,273.55
00:28.2,0,100,0,0,0,0,0,0,0,0,0.001068054,-0.005578244,0.000432819,-0.168103,-0.011739685,-9.8161705,-0.09042303,0.00881877,0.009765547,0.00962283,0,0.02,-0.9,273.55
00:28.2,0,100,0,0,0,0,0,0,0,0,0.000905403,-0.005109526,0.000372498,-0.1696598,-0.01262857,-9.81364,-0.114159064,0.008693242,0.009591595,0.009553536,0,0.02,-0.9,273.548
00:28.2,0,100,0,0,0,0,0,0,0,0,0.001513753,0.000423967,-0.000815697,-0.1746692,-0.01255674,-9.8094235,-0.137895098,0.008567714,0.009417643,0.009484242,0,0.02,-0.9,273.546
00:28.3,0,100,0,0,0,0,0,0,0,0,0.002122103,0.005957459,-0.002003892,-0.1796786,-0.01248491,-9.805207,-0.161631132,0.008442186,0.00924369,0.009414948,0,0.02,-0.9,273.544
00:28.3,0,100,0,0,0,0,0,0,0,0,0.001669918,0.000748908,-0.000865397,-0.174842,-0.01333706,-9.8109735,-0.185367166,0.008316658,0.009069738,0.009345654,0,0.02,-0.9,273.542
00:28.3,0,100,0,0,0,0,0,0,0,0,0.001217733,-0.004459643,0.000273097,-0.1700054,-0.01418921,-9.81674,-0.2091032,0.00819113,0.008895786,0.00927636,0,0.02,-0.9,273.54
00:28.3,0,100,0,0,0,0,0,0,0,0,0.00136852,-0.004214686,0.000616238,-0.1702724,-0.01514295,-9.8149255,-0.181976302,0.0080622,0.008937264,0.009189048,0,0.022,-0.9,273.54
00:28.3,0,100,0,0,0,0,0,0,0,0,0.001519307,-0.003969728,0.000959379,-0.1705394,-0.01609669,-9.813111,-0.154849404,0.007933271,0.008978742,0.009101736,0,0.024,-0.9,273.54
00:28.4,0,100,0,0,0,0,0,0,0,0,0.00115167,-0.004838761,0.000523932,-0.16949755,-0.01533046,-9.8139015,-0.127722506,0.007804341,0.00902022,0.009014424,0,0.026,-0.9,273.54
00:28.4,0,100,0,0,0,0,0,0,0,0,0.000784034,-0.005707793,8.85E-05,-0.1684557,-0.01456423,-9.814692,-0.100595608,0.007675412,0.009061698,0.008927112,0,0.028,-0.9,273.54
00:28.4,0,100,0,0,0,0,0,0,0,0,-0.002278911,-0.00378699,0.002074889,-0.1755869,-0.01795669,-9.809691,-0.07346871,0.007546482,0.009103176,0.0088398,0,0.03,-0.9,273.54
00:28.4,0,100,0,0,0,0,0,0,0,0,-0.005341856,-0.001866187,0.004061293,-0.1827181,-0.02134915,-9.80469,-0.074598996,0.007698641,0.009349581,0.008833893,0,0.03,-0.9,273.54
00:28.4,0,100,0,0,0,0,0,0,0,0,-0.000908132,-0.00369465,0.003212245,-0.1778629,-0.013335493,-9.8030855,-0.075729282,0.0078508,0.009595986,0.008827987,0,0.03,-0.9,273.54
00:28.5,0,100,0,0,0,0,0,0,0,0,0.003525591,-0.005523112,0.002363196,-0.1730077,-0.005321835,-9.801481,-0.076859568,0.008002959,0.00984239,0.00882208,0,0.03,-0.9,273.54
00:28.5,0,100,0,0,0,0,0,0,0,0,0.002115761,-0.005582027,0.001200788,-0.1698415,-0.008803677,-9.8098475,-0.077989854,0.008155118,0.010088795,0.008816174,0,0.03,-0.9,273.54
00:28.5,0,100,0,0,0,0,0,0,0,0,0.00070593,-0.005640943,3.84E-05,-0.1666753,-0.01228552,-9.818214,-0.07912014,0.008307277,0.0103352,0.008810267,0,0.03,-0.9,273.54
00:28.5,0,100,0,0,0,0,0,0,0,0,0.000579876,-0.005659684,0.00024111,-0.16633025,-0.01309766,-9.818245,-0.118680212,0.008133975,0.010211476,0.008914158,0,0.03,-0.902,273.54
00:28.5,0,100,0,0,0,0,0,0,0,0,0.000453822,-0.005678424,0.00044384,-0.1659852,-0.0139098,-9.818276,-0.158240284,0.007960673,0.010087753,0.009018049,0,0.03,-0.904,273.54
00:28.6,0,100,0,0,0,0,0,0,0,0,0.000757066,-0.005573258,0.000254378,-0.16585305,-0.009910823,-9.818717,-0.197800356,0.00778737,0.009964029,0.00912194,0,0.03,-0.906,273.54
00:28.6,0,100,0,0,0,0,0,0,0,0,0.00106031,-0.005468092,6.49E-05,-0.1657209,-0.005911845,-9.819158,-0.237360428,0.007614068,0.009840306,0.009225831,0,0.03,-0.908,273.54
00:28.6,0,100,0,0,0,0,0,0,0,0,0.001146245,-0.004715148,0.000708154,-0.16624655,-0.010314113,-9.818385,-0.2769205,0.007440766,0.009716582,0.009329722,0,0.03,-0.91,273.54
00:28.6,0,100,0,0,0,0,0,0,0,0,0.001232179,-0.003962203,0.001351393,-0.1667722,-0.01471638,-9.817612,-0.26561762,0.017410699,0.02037534,0.02076342,0,0.03,-0.91,273.54
00:28.6,0,100,0,0,0,0,0,0,0,0,3.02E-05,-0.00368111,0.000761786,-0.17171855,-0.006386215,-9.8129645,-0.25431474,0.027380632,0.031034097,0.032197117,0,0.03,-0.91,273.54
00:28.7,0,100,0,0,0,0,0,0,0,0,-0.001171736,-0.003400016,0.000172179,-0.1766649,0.00194395,-9.808317,-0.24301186,0.037350564,0.041692855,0.043630815,0,0.03,-0.91,273.54
00:28.7,0,100,0,0,0,0,0,0,0,0,-0.001088698,-0.003202571,-0.000515737,-0.17988535,-0.00514863,-9.8048175,-0.23170898,0.047320497,0.052351612,0.055064512,0,0.03,-0.91,273.54
00:28.7,0,100,0,0,0,0,0,0,0,0,-0.00100566,-0.003005125,-0.001203653,-0.1831058,-0.01224121,-9.801318,-0.2204061,0.05729043,0.06301037,0.06649821,0,0.03,-0.91,273.54
00:28.7,0,100,0,0,0,0,0,0,0,0,-8.33E-06,-0.003735943,-0.00022379,-0.1756486,-0.010616302,-9.8084925,-0.22492726,0.047536014,0.052207761,0.054982137,0,0.03,-0.91,273.54
00:28.7,0,100,0,0,0,0,0,0,0,0,0.000989006,-0.00446676,0.000756073,-0.1681914,-0.008991393,-9.815667,-0.22944842,0.037781597,0.041405152,0.043466064,0,0.03,-0.91,273.54
00:28.8,0,100,0,0,0,0,0,0,0,0,0.001054411,-0.005166026,0.00058725,-0.1710407,-0.011965297,-9.817013,-0.23396958,0.028027181,0.030602542,0.031949991,0,0.03,-0.91,273.54
00:28.8,0,100,0,0,0,0,0,0,0,0,0.001119816,-0.005865291,0.000418428,-0.17389,-0.0149392,-9.818359,-0.23849074,0.018272764,0.019799933,0.020433918,0,0.03,-0.91,273.54
00:28.8,0,100,0,0,0,0,0,0,0,0,0.000939795,-0.005720128,-7.36E-05,-0.1703546,-0.0145414,-9.820254,-0.2430119,0.008518348,0.008997324,0.008917845,0,0.03,-0.91,273.54
00:28.8,0,100,0,0,0,0,0,0,0,0,0.000759774,-0.005574964,-0.000565593,-0.1668192,-0.0141436,-9.822149,-0.21701528,0.008429618,0.008976662,0.009094944,0,0.03,-0.91,273.54
00:28.8,0,100,0,0,0,0,0,0,0,0,0.000756559,-0.005139245,-0.000864395,-0.167389,-0.013031015,-9.820276,-0.19101866,0.008340887,0.008955999,0.009272043,0,0.03,-0.91,273.54
00:28.9,0,100,0,0,0,0,0,0,0,0,0.000753345,-0.004703525,-0.001163197,-0.1679588,-0.01191843,-9.818403,-0.16502204,0.008252157,0.008935337,0.009449143,0,0.03,-0.91,273.54
00:28.9,0,100,0,0,0,0,0,0,0,0,0.000879758,-0.004986532,-0.000655042,-0.16745195,-0.014094685,-9.817061,-0.13902542,0.008163426,0.008914674,0.009626242,0,0.03,-0.91,273.54
00:28.9,0,100,0,0,0,0,0,0,0,0,0.001006171,-0.005269538,-0.000146887,-0.1669451,-0.01627094,-9.815719,-0.1130288,0.008074696,0.008894012,0.009803341,0,0.03,-0.91,273.54
00:28.9,0,100,0,0,0,0,0,0,0,0,0.000906521,-0.006066934,2.64E-05,-0.16704275,-0.01409556,-9.8164225,-0.1311134,0.008217568,0.009005469,0.009522759,0,0.03,-0.91,273.54
00:28.9,0,100,0,0,0,0,0,0,0,0,0.000806871,-0.00686433,0.000199785,-0.1671404,-0.01192018,-9.817126,-0.149198,0.008360441,0.009116926,0.009242177,0,0.03,-0.91,273.54
00:29.0,0,100,0,0,0,0,0,0,0,0,0.000889203,-0.006464742,1.65E-06,-0.16672385,-0.01538449,-9.8161845,-0.1672826,0.008503313,0.009228384,0.008961595,0,0.03,-0.91,273.54
00:29.0,0,100,0,0,0,0,0,0,0,0,0.000971535,-0.006065154,-0.000196495,-0.1663073,-0.0188488,-9.815243,-0.1853672,0.008646186,0.009339841,0.008681013,0,0.03,-0.91,273.54
00:29.0,0,100,0,0,0,0,0,0,0,0,0.000366736,-0.004877408,-0.000471086,-0.16810455,-0.01747254,-9.8163,-0.2034518,0.008789058,0.009451298,0.008400431,0,0.03,-0.91,273.54
00:29.0,0,100,0,0,0,0,0,0,0,0,-0.000238062,-0.003689661,-0.000745678,-0.1699018,-0.01609628,-9.817357,-0.21588496,0.008759297,0.009493467,0.008779895,0,0.03,-0.91,273.538
00:29.0,0,100,0,0,0,0,0,0,0,0,-0.000278222,-0.003911992,0.001885306,-0.1746627,-0.012505532,-9.809832,-0.22831812,0.008729536,0.009535636,0.009159359,0,0.03,-0.91,273.536
00:29.1,0,100,0,0,0,0,0,0,0,0,-0.000318381,-0.004134323,0.004516289,-0.1794236,-0.008914784,-9.802307,-0.24075128,0.008699774,0.009577805,0.009538822,0,0.03,-0.91,273.534
00:29.1,0,100,0,0,0,0,0,0,0,0,0.000545596,-0.004438273,0.00252197,-0.17440415,-0.013345272,-9.8103335,-0.25318444,0.008670013,0.009619974,0.009918286,0,0.03,-0.91,273.532
00:29.1,0,100,0,0,0,0,0,0,0,0,0.001409572,-0.004742222,0.000527651,-0.1693847,-0.01777576,-9.81836,-0.2656176,0.008640252,0.009662143,0.01029775,0,0.03,-0.91,273.53
00:29.1,0,100,0,0,0,0,0,0,0,0,0.001002272,-0.004420084,0.000210052,-0.16916695,-0.01571257,-9.8169855,-0.2757902,0.008606043,0.009613898,0.010162919,0,0.03,-0.912,273.53
00:29.1,0,100,0,0,0,0,0,0,0,0,0.000594971,-0.004097946,-0.000107547,-0.1689492,-0.01364938,-9.815611,-0.2859628,0.008571833,0.009565653,0.010028088,0,0.03,-0.914,273.53
00:29.2,0,100,0,0,0,0,0,0,0,0,0.000430618,-0.004650247,0.000158581,-0.1695753,-0.014355915,-9.8155225,-0.2961354,0.008537624,0.009517409,0.009893258,0,0.03,-0.916,273.53
00:29.2,0,100,0,0,0,0,0,0,0,0,0.000266266,-0.005202548,0.000424709,-0.1702014,-0.01506245,-9.815434,-0.306308,0.008503414,0.009469164,0.009758427,0,0.03,-0.918,273.53
00:29.2,0,100,0,0,0,0,0,0,0,0,0.002519594,-0.002488419,0.001282205,-0.17219055,-0.008778693,-9.8057505,-0.3164806,0.008469205,0.009420919,0.009623596,0,0.03,-0.92,273.53
00:29.2,0,100,0,0,0,0,0,0,0,0,0.004772923,0.00022571,0.002139701,-0.1741797,-0.002494935,-9.796067,-0.269008508,0.008447181,0.009450583,0.009506241,0,0.03,-0.92,273.53
00:29.2,0,100,0,0,0,0,0,0,0,0,0.001791261,-0.001495548,0.00195436,-0.1731653,-0.003358857,-9.799907,-0.221536416,0.008425157,0.009480246,0.009388887,0,0.03,-0.92,273.53
00:29.3,0,100,0,0,0,0,0,0,0,0,-0.001190402,-0.003216806,0.001769019,-0.1721509,-0.004222779,-9.803747,-0.174064324,0.008403133,0.00950991,0.009271532,0,0.03,-0.92,273.53
00:29.3,0,100,0,0,0,0,0,0,0,0,0.000132189,-0.003920571,0.000990999,-0.1712577,-0.00897745,-9.8111695,-0.126592232,0.008381109,0.009539573,0.009154178,0,0.03,-0.92,273.53
00:29.3,0,100,0,0,0,0,0,0,0,0,0.00145478,-0.004624335,0.000212978,-0.1703645,-0.01373212,-9.818592,-0.07912014,0.008359085,0.009569237,0.009036823,0,0.03,-0.92,273.53
00:29.3,0,100,0,0,0,0,0,0,0,0,0.000989026,-0.005412328,0.000300706,-0.17077035,-0.01450791,-9.8178665,-0.071208126,0.017452916,0.020469892,0.021213498,0,0.03,-0.92,273.53
00:29.3,0,100,0,0,0,0,0,0,0,0,0.000523272,-0.006200321,0.000388433,-0.1711762,-0.0152837,-9.817141,-0.063296112,0.026546747,0.031370546,0.033390174,0,0.03,-0.92,273.53
00:29.4,0,100,0,0,0,0,0,0,0,0,0.000757829,-0.005759713,0.000170426,-0.1696681,-0.013076905,-9.8176365,-0.055384098,0.035640578,0.042271201,0.045566849,0,0.03,-0.92,273.53
00:29.4,0,100,0,0,0,0,0,0,0,0,0.000992385,-0.005319104,-4.76E-05,-0.16816,-0.01087011,-9.818132,-0.047472084,0.044734409,0.053171855,0.057743525,0,0.03,-0.92,273.53
00:29.4,0,100,0,0,0,0,0,0,0,0,0.00110654,-0.004780072,0.00015581,-0.16578615,-0.01241583,-9.817739,-0.03956007,0.05382824,0.06407251,0.0699202,0,0.03,-0.92,273.53
00:29.4,0,100,0,0,0,0,0,0,0,0,0.001220695,-0.00424104,0.000359199,-0.1634123,-0.01396155,-9.817346,-0.074598996,0.04474178,0.05339462,0.057841196,0,0.03,-0.92,273.53
00:29.4,0,100,0,0,0,0,0,0,0,0,0.000568732,-0.002046348,0.00056741,-0.1694103,-0.008079507,-9.8091145,-0.109637922,0.035655321,0.04271673,0.045762192,0,0.03,-0.92,273.53
00:29.5,0,100,0,0,0,0,0,0,0,0,-8.32E-05,0.000148345,0.00077562,-0.1754083,-0.002197464,-9.800883,-0.144676848,0.026568861,0.03203884,0.033683189,0,0.03,-0.92,273.53
00:29.5,0,100,0,0,0,0,0,0,0,0,0.000261136,-0.002113744,0.000634078,-0.17081575,-0.008634637,-9.810875,-0.179715774,0.017482402,0.02136095,0.021604185,0,0.03,-0.92,273.53
00:29.5,0,100,0,0,0,0,0,0,0,0,0.000605504,-0.004375833,0.000492536,-0.1662232,-0.01507181,-9.820867,-0.2147547,0.008395942,0.01068306,0.009525181,0,0.03,-0.92,273.53
00:29.5,0,100,0,0,0,0,0,0,0,0,0.00069362,-0.005422389,0.000707595,-0.1674373,-0.014665,-9.819375,-0.20797298,0.00837525,0.010654984,0.009577093,0,0.03,-0.922,273.528
00:29.5,0,100,0,0,0,0,0,0,0,0,0.000781735,-0.006468946,0.000922654,-0.1686514,-0.01425819,-9.817883,-0.20119126,0.008354558,0.010626908,0.009629005,0,0.03,-0.924,273.526
00:29.6,0,100,0,0,0,0,0,0,0,0,0.001183691,-0.00653638,0.000741259,-0.16774695,-0.01405525,-9.8183945,-0.19440954,0.008333865,0.010598832,0.009680917,0,0.03,-0.926,273.524
00:29.6,0,100,0,0,0,0,0,0,0,0,0.001585648,-0.006603813,0.000559865,-0.1668425,-0.01385231,-9.818906,-0.18762782,0.008313173,0.010570756,0.009732829,0,0.03,-0.928,273.522
00:29.6,0,100,0,0,0,0,0,0,0,0,0.001779981,-0.005468178,0.000559206,-0.16775015,-0.01206452,-9.8204695,-0.1808461,0.008292481,0.01054268,0.009784741,0,0.03,-0.93,273.52
00:29.6,0,100,0,0,0,0,0,0,0,0,0.001974313,-0.004332543,0.000558547,-0.1686578,-0.01027673,-9.822033,-0.20458214,0.008217545,0.010414181,0.009731898,0,0.03,-0.93,273.52
00:29.6,0,100,0,0,0,0,0,0,0,0,0.002547612,-0.001485931,-0.0001036,-0.17766655,-0.005536584,-9.8103285,-0.22831818,0.00814261,0.010285682,0.009679056,0,0.03,-0.93,273.52
00:29.7,0,100,0,0,0,0,0,0,0,0,0.00312091,0.001360682,-0.000765747,-0.1866753,-0.000796437,-9.798624,-0.25205422,0.008067674,0.010157184,0.009626213,0,0.03,-0.93,273.52
00:29.7,0,100,0,0,0,0,0,0,0,0,0.001968575,-0.002015092,-0.000302311,-0.1770016,-0.008799494,-9.8086845,-0.27579026,0.007992739,0.010028685,0.009573371,0,0.03,-0.93,273.52
00:29.7,0,100,0,0,0,0,0,0,0,0,0.000816241,-0.005390866,0.000161126,-0.1673279,-0.01680255,-9.818745,-0.2995263,0.007917803,0.009900186,0.009520528,0,0.03,-0.93,273.52
00:29.7,0,100,0,0,0,0,0,0,0,0,0.000621155,-0.00532943,4.46E-05,-0.1675083,-0.01347572,-9.8195825,-0.27579026,0.008022115,0.009922831,0.009450192,0,0.03,-0.93,273.52
00:29.7,0,100,0,0,0,0,0,0,0,0,0.000426069,-0.005267993,-7.19E-05,-0.1676887,-0.01014889,-9.82042,-0.25205422,0.008126427,0.009945476,0.009379855,0,0.03,-0.93,273.52
00:29.8,0,100,0,0,0,0,0,0,0,0,0.000714664,-0.005198257,0.000101296,-0.1686524,-0.012318285,-9.820737,-0.22831818,0.008230738,0.00996812,0.009309519,0,0.03,-0.93,273.52
00:29.8,0,100,0,0,0,0,0,0,0,0,0.001003258,-0.00512852,0.000274481,-0.1696161,-0.01448768,-9.821054,-0.20458214,0.00833505,0.009990765,0.009239182,0,0.03,-0.93,273.52
00:29.8,0,100,0,0,0,0,0,0,0,0,0.001480471,-0.005066616,0.000655713,-0.16923055,-0.013308525,-9.8218025,-0.1808461,0.008439362,0.01001341,0.009168846,0,0.03,-0.93,273.52
00:29.8,0,100,0,0,0,0,0,0,0,0,0.001957684,-0.005004711,0.001036945,-0.168845,-0.01212937,-9.822551,-0.20458214,0.008531925,0.009944495,0.00913308,0,0.032,-0.93,273.52
00:29.8,0,100,0,0,0,0,0,0,0,0,-3.94E-05,-0.001421531,-0.000954257,-0.1743379,-0.010323195,-9.8158375,-0.22831818,0.008624487,0.00987558,0.009097314,0,0.034,-0.93,273.52
00:29.9,0,100,0,0,0,0,0,0,0,0,-0.002036582,0.00216165,-0.002945458,-0.1798308,-0.00851702,-9.809124,-0.25205422,0.00871705,0.009806666,0.009061548,0,0.036,-0.93,273.52
00:29.9,0,100,0,0,0,0,0,0,0,0,-0.000651469,-0.001887333,-0.001782422,-0.174028,-0.010953575,-9.8139155,-0.27579026,0.008809612,0.009737751,0.009025782,0,0.038,-0.93,273.52
00:29.9,0,100,0,0,0,0,0,0,0,0,0.000733643,-0.005936315,-0.000619386,-0.1682252,-0.01339013,-9.818707,-0.2995263,0.008902175,0.009668836,0.008990016,0,0.04,-0.93,273.52
00:29.9,0,100,0,0,0,0,0,0,0,0,0.000660731,-0.005680411,-0.000670259,-0.16690445,-0.012307045,-9.81894,-0.27805082,0.008639004,0.009530763,0.009001535,0,0.04,-0.93,273.518
00:29.9,0,100,0,0,0,0,0,0,0,0,0.000587819,-0.005424506,-0.000721132,-0.1655837,-0.01122396,-9.819173,-0.25657534,0.008375833,0.00939269,0.009013053,0,0.04,-0.93,273.516
00:30.0,0,100,0,0,0,0,0,0,0,0,0.000693108,-0.005551614,-0.000321739,-0.1660781,-0.01202887,-9.8198445,-0.23509986,0.008112661,0.009254617,0.009024572,0,0.04,-0.93,273.514
00:30.0,0,100,0,0,0,0,0,0,0,0,0.000798397,-0.005678722,7.77E-05,-0.1665725,-0.01283378,-9.820516,-0.21362438,0.00784949,0.009116544,0.00903609,0,0.04,-0.93,273.512
00:30.0,0,100,0,0,0,0,0,0,0,0,0.001220273,-0.005789607,0.000439068,-0.16577445,-0.01185745,-9.8224335,-0.1921489,0.007586319,0.008978471,0.009047609,0,0.04,-0.93,273.51
00:30.0,0,100,0,0,0,0,0,0,0,0,0.00164215,-0.005900491,0.000800484,-0.1649764,-0.01088112,-9.824351,-0.21814552,0.007806605,0.009059953,0.009357529,0,0.038,-0.932,273.51
00:30.0,0,100,0,0,0,0,0,0,0,0,0.000541813,-0.006134101,0.000217703,-0.16685345,-0.011182945,-9.822173,-0.24414214,0.008026891,0.009141435,0.009667449,0,0.036,-0.934,273.51
00:30.1,0,100,0,0,0,0,0,0,0,0,-0.000558525,-0.00636771,-0.000365078,-0.1687305,-0.01148477,-9.819995,-0.27013876,0.008247177,0.009222918,0.00997737,0,0.034,-0.936,273.51
00:30.1,0,100,0,0,0,0,0,0,0,0,-0.000143925,-0.00528875,-0.000383581,-0.16655905,-0.0134128,-9.821888,-0.29613538,0.008467463,0.0093044,0.01028729,0,0.032,-0.938,273.51
00:30.1,0,100,0,0,0,0,0,0,0,0,0.000270675,-0.00420979,-0.000402085,-0.1643876,-0.01534083,-9.823781,-0.322132,0.008687749,0.009385882,0.01059721,0,0.03,-0.94,273.51
00:30.1,0,100,0,0,0,0,0,0,0,0,0.000875622,-0.004823321,-0.000413577,-0.16861325,-0.012996435,-9.8216735,-0.272399342,0.017717559,0.020140318,0.022703394,0,0.03,-0.94,273.51
00:30.1,0,100,0,0,0,0,0,0,0,0,0.00148057,-0.005436851,-0.000425068,-0.1728389,-0.01065204,-9.819566,-0.222666684,0.026747369,0.030894753,0.034809578,0,0.03,-0.94,273.51
00:30.2,0,100,0,0,0,0,0,0,0,0,0.001200228,-0.005141616,-1.81E-05,-0.1717286,-0.010679945,-9.818973,-0.172934026,0.03577718,0.041649189,0.046915762,0,0.03,-0.94,273.51
00:30.2,0,100,0,0,0,0,0,0,0,0,0.000919887,-0.004846381,0.000388934,-0.1706183,-0.01070785,-9.81838,-0.123201368,0.04480699,0.052403624,0.059021946,0,0.03,-0.94,273.51
00:30.2,0,100,0,0,0,0,0,0,0,0,0.001864457,-0.004905776,0.000606549,-0.168648,-0.0113931,-9.823736,-0.07346871,0.0538368,0.06315806,0.07112813,0,0.03,-0.94,273.51
00:30.2,0,100,0,0,0,0,0,0,0,0,0.002809028,-0.00496517,0.000824164,-0.1666777,-0.01207835,-9.829092,-0.083641308,0.044878143,0.052356099,0.059203406,0,0.032,-0.94,273.51
00:30.2,0,100,0,0,0,0,0,0,0,0,0.001131197,-0.003618947,0.000213884,-0.17140895,-0.015944515,-9.8133445,-0.093813906,0.035919486,0.041554139,0.047278682,0,0.034,-0.94,273.51
00:30.3,0,100,0,0,0,0,0,0,0,0,-0.000546634,-0.002272725,-0.000396396,-0.1761402,-0.01981068,-9.797597,-0.103986504,0.02696083,0.030752178,0.035353958,0,0.036,-0.94,273.51
00:30.3,0,100,0,0,0,0,0,0,0,0,-0.000217431,-0.004300376,-0.000805296,-0.172209,-0.01545823,-9.807419,-0.114159102,0.018002173,0.019950218,0.023429234,0,0.038,-0.94,273.51
00:30.3,0,100,0,0,0,0,0,0,0,0,0.000111771,-0.006328027,-0.001214196,-0.1682778,-0.01110578,-9.817241,-0.1243317,0.009043516,0.009148257,0.01150451,0,0.04,-0.94,273.51
00:30.3,0,100,0,0,0,0,0,0,0,0,0.000523835,-0.00490374,-0.00057632,-0.16777025,-0.01383684,-9.818904,-0.106247088,0.008879442,0.009035751,0.011570918,0,0.04,-0.94,273.51
00:30.3,0,100,0,0,0,0,0,0,0,0,0.000935899,-0.003479452,6.16E-05,-0.1672627,-0.0165679,-9.820567,-0.088162476,0.008715368,0.008923245,0.011637326,0,0.04,-0.94,273.51
00:30.4,0,100,0,0,0,0,0,0,0,0,0.000807936,-0.004420587,0.000376974,-0.1675756,-0.01439953,-9.8228315,-0.070077864,0.008551295,0.008810738,0.011703734,0,0.04,-0.94,273.51
00:30.4,0,100,0,0,0,0,0,0,0,0,0.000679973,-0.005361722,0.000692393,-0.1678885,-0.01223116,-9.825096,-0.051993252,0.008387221,0.008698232,0.011770142,0,0.04,-0.94,273.51
00:30.4,0,100,0,0,0,0,0,0,0,0,0.000518911,-0.006139116,0.000807662,-0.17536395,-0.006911463,-9.816344,-0.03390864,0.008223147,0.008585726,0.01183655,0,0.04,-0.94,273.51
00:30.4,0,100,0,0,0,0,0,0,0,0,0.000357848,-0.00691651,0.000922931,-0.1828394,-0.001591767,-9.807592,-0.00791202,0.008438391,0.009055843,0.011742016,0,0.04,-0.94,273.51
00:30.4,0,100,0,0,0,0,0,0,0,0,0.000360768,-0.006524861,0.000975667,-0.1751566,-0.009209869,-9.814158,0.0180846,0.008653636,0.00952596,0.011647482,0,0.04,-0.94,273.51
00:30.5,0,100,0,0,0,0,0,0,0,0,0.000363688,-0.006133212,0.001028402,-0.1674738,-0.01682797,-9.820724,0.04408122,0.00886888,0.009996076,0.011552948,0,0.04,-0.94,273.51
00:30.5,0,100,0,0,0,0,0,0,0,0,0.001077639,-0.004877364,0.000556653,-0.1691734,-0.01435785,-9.823838,0.07007784,0.009084125,0.010466193,0.011458414,0,0.04,-0.94,273.51
00:30.5,0,100,0,0,0,0,0,0,0,0,0.001791589,-0.003621516,8.49E-05,-0.170873,-0.01188773,-9.826952,0.09607446,0.009299369,0.01093631,0.01136388,0,0.04,-0.94,273.51
00:30.5,0,100,0,0,0,0,0,0,0,0,0.001673309,-0.004091793,-3.45E-05,-0.16862375,-0.013365665,-9.824448,0.05990525,0.009409812,0.011171062,0.011305906,0,0.04,-0.94,273.51
00:30.5,0,100,0,0,0,0,0,0,0,0,0.001555029,-0.004562069,-0.000153969,-0.1663745,-0.0148436,-9.821944,0.02373604,0.009520255,0.011405814,0.011247932,0,0.04,-0.94,273.51
00:30.6,0,100,0,0,0,0,0,0,0,0,0.001517689,-0.004221305,0.000213891,-0.1647267,-0.011562022,-9.822804,-0.01243317,0.009630699,0.011640566,0.011189958,0,0.04,-0.94,273.51
00:30.6,0,100,0,0,0,0,0,0,0,0,0.001480349,-0.003880541,0.000581751,-0.1630789,-0.008280443,-9.823664,-0.04860238,0.009741142,0.011875318,0.011131984,0,0.04,-0.94,273.51
00:30.6,0,100,0,0,0,0,0,0,0,0,-0.000120461,-0.002648142,-0.000796504,-0.1741319,-0.008594548,-9.8131155,-0.08477159,0.009851585,0.01211007,0.01107401,0,0.04,-0.94,273.51
00:30.6,0,100,0,0,0,0,0,0,0,0,-0.00172127,-0.001415744,-0.002174759,-0.1851849,-0.008908653,-9.802567,-0.092683612,0.009523063,0.01214278,0.011248302,0,0.04,-0.942,273.51
00:30.6,0,100,0,0,0,0,0,0,0,0,-0.000469348,-0.002761355,-0.001263741,-0.17708465,-0.006818251,-9.813535,-0.100595634,0.009194541,0.01217549,0.011422594,0,0.04,-0.944,273.51
00:30.7,0,100,0,0,0,0,0,0,0,0,0.000782574,-0.004106965,-0.000352722,-0.1689844,-0.004727848,-9.824503,-0.108507656,0.008866018,0.0122082,0.011596886,0,0.04,-0.946,273.51
00:30.7,0,100,0,0,0,0,0,0,0,0,0.000746883,-0.0042298,5.69E-06,-0.16944455,-0.009514529,-9.822768,-0.116419678,0.008537496,0.01224091,0.011771178,0,0.04,-0.948,273.51
00:30.7,0,100,0,0,0,0,0,0,0,0,0.000711193,-0.004352634,0.000364101,-0.1699047,-0.01430121,-9.821033,-0.1243317,0.008208974,0.01227362,0.01194547,0,0.04,-0.95,273.51
00:30.7,0,100,0,0,0,0,0,0,0,0,0.000707127,-0.004608179,0.000221349,-0.1685738,-0.012037807,-9.8205185,-0.0729036,0.008345871,0.012035608,0.011978948,0,0.04,-0.95,273.508
00:30.7,0,100,0,0,0,0,0,0,0,0,0.000703062,-0.004863724,7.86E-05,-0.1672429,-0.009774403,-9.820004,-0.0214755,0.008482768,0.011797596,0.012012426,0,0.04,-0.95,273.506
00:30.8,0,100,0,0,0,0,0,0,0,0,-0.000721819,-0.002504789,0.000708955,-0.17337995,-0.018420877,-9.8072485,0.0299526,0.008619666,0.011559584,0.012045904,0,0.04,-0.95,273.504
00:30.8,0,100,0,0,0,0,0,0,0,0,-0.002146699,-0.000145853,0.001339311,-0.179517,-0.02706735,-9.794493,0.0813807,0.008756563,0.011321572,0.012079382,0,0.04,-0.95,273.502
00:30.8,0,100,0,0,0,0,0,0,0,0,-0.001868554,0.000640127,0.000624942,-0.18219495,-0.02016097,-9.8065375,0.1328088,0.00889346,0.01108356,0.01211286,0,0.04,-0.95,273.5
00:30.8,0,100,0,0,0,0,0,0,0,0,-0.001590408,0.001426108,-8.94E-05,-0.1848729,-0.01325459,-9.818582,0.07912014,0.018411118,0.022519718,0.024182106,0,0.038,-0.95,273.5
00:30.8,0,100,0,0,0,0,0,0,0,0,-0.000694175,-0.001784698,-0.000247334,-0.1763163,-0.0143272,-9.81944,0.02543148,0.027928776,0.033955876,0.036251352,0,0.036,-0.95,273.5
00:30.9,0,100,0,0,0,0,0,0,0,0,0.000202057,-0.004995504,-0.000405241,-0.1677597,-0.01539981,-9.820298,-0.02825718,0.037446434,0.045392034,0.048320598,0,0.034,-0.95,273.5
00:30.9,0,100,0,0,0,0,0,0,0,0,0.000382504,-0.004857765,7.36E-05,-0.1660544,-0.013435695,-9.8227235,-0.08194584,0.046964092,0.056828192,0.060389844,0,0.032,-0.95,273.5
00:30.9,0,100,0,0,0,0,0,0,0,0,0.000562951,-0.004720026,0.000552376,-0.1643491,-0.01147158,-9.825149,-0.1356345,0.05648175,0.06826435,0.07245909,0,0.03,-0.95,273.5
00:30.9,0,100,0,0,0,0,0,0,0,0,0.000970505,-0.004648628,0.000301786,-0.1686886,-0.011230735,-9.824804,-0.13902538,0.05706954,0.067875614,0.071896928,0,0.032,-0.95,273.5
00:30.9,0,100,0,0,0,0,0,0,0,0,0.001378059,-0.00457723,5.12E-05,-0.1730281,-0.01098989,-9.824459,-0.14241626,0.05765733,0.067486878,0.071334766,0,0.034,-0.95,273.5
00:31.0,0,100,0,0,0,0,0,0,0,0,0.000229878,-0.004686045,8.24E-05,-0.17831105,-0.006722892,-9.8159765,-0.14580714,0.05824512,0.067098142,0.070772604,0,0.036,-0.95,273.5
00:31.0,0,100,0,0,0,0,0,0,0,0,-0.000918303,-0.004794859,0.000113652,-0.183594,-0.002455893,-9.807494,-0.14919802,0.05883291,0.066709406,0.070210442,0,0.038,-0.95,273.5
00:31.0,0,100,0,0,0,0,0,0,0,0,-0.000173825,-0.003103624,-0.002102183,-0.1827495,-0.002166795,-9.804655,-0.1525889,0.0594207,0.06632067,0.06964828,0,0.04,-0.95,273.5
00:31.0,0,100,0,0,0,0,0,0,0,0,0.000570653,-0.001412388,-0.004318018,-0.181905,-0.001877697,-9.801816,-0.15484946,0.049575246,0.055456658,0.058375974,0,0.04,-0.95,273.498
00:31.0,0,100,0,0,0,0,0,0,0,0,0.000896401,-0.002479443,-0.002176648,-0.17363135,-0.009303649,-9.8122835,-0.15711002,0.039729792,0.044592646,0.047103668,0,0.04,-0.95,273.496
00:31.1,0,100,0,0,0,0,0,0,0,0,0.001222149,-0.003546498,-3.53E-05,-0.1653577,-0.0167296,-9.822751,-0.15937058,0.029884338,0.033728634,0.035831362,0,0.04,-0.95,273.494
00:31.1,0,100,0,0,0,0,0,0,0,0,0.000707233,-0.004689547,0.000546369,-0.16591655,-0.014839355,-9.8220315,-0.16163114,0.020038884,0.022864622,0.024559056,0,0.04,-0.95,273.492
00:31.1,0,100,0,0,0,0,0,0,0,0,0.000192317,-0.005832595,0.001128016,-0.1664754,-0.01294911,-9.821312,-0.1638917,0.01019343,0.01200061,0.01328675,0,0.04,-0.95,273.49
00:31.1,0,100,0,0,0,0,0,0,0,0,0.001458411,-0.006098844,0.000786367,-0.16557345,-0.013865465,-9.82052,-0.15371912,0.009911958,0.011943688,0.013186138,0,0.04,-0.95,273.49
00:31.1,0,100,0,0,0,0,0,0,0,0,0.002724506,-0.006365092,0.000444719,-0.1646715,-0.01478182,-9.819728,-0.14354654,0.009630486,0.011886766,0.013085526,0,0.04,-0.95,273.49
00:31.2,0,100,0,0,0,0,0,0,0,0,0.001290864,-0.005429317,0.000521345,-0.1655731,-0.01511358,-9.822758,-0.13337396,0.009349014,0.011829844,0.012984914,0,0.04,-0.95,273.49
00:31.2,0,100,0,0,0,0,0,0,0,0,-0.000142777,-0.004493542,0.000597972,-0.1664747,-0.01544534,-9.825788,-0.12320138,0.009067542,0.011772922,0.012884302,0,0.04,-0.95,273.49
00:31.2,0,100,0,0,0,0,0,0,0,0,0.000356084,-0.004197298,0.000859811,-0.1686991,-0.012233199,-9.823392,-0.1130288,0.00878607,0.011716,0.01278369,0,0.04,-0.95,273.49
00:31.2,0,100,0,0,0,0,0,0,0,0,0.000854945,-0.003901053,0.00112165,-0.1709235,-0.009021057,-9.820996,-0.107377358,0.009157988,0.01173219,0.01282192,0,0.04,-0.952,273.49
00:31.2,0,100,0,0,0,0,0,0,0,0,0.001400048,-0.005235008,0.000568156,-0.1695585,-0.012573728,-9.8202135,-0.101725916,0.009529906,0.01174838,0.01286015,0,0.04,-0.954,273.49
00:31.3,0,100,0,0,0,0,0,0,0,0,0.00194515,-0.006568962,1.47E-05,-0.1681935,-0.0161264,-9.819431,-0.096074474,0.009901824,0.01176457,0.01289838,0,0.04,-0.956,273.49
00:31.3,0,100,0,0,0,0,0,0,0,0,0.000979525,-0.006351192,-0.000338388,-0.16810525,-0.01381939,-9.8207465,-0.090423032,0.010273742,0.01178076,0.01293661,0,0.04,-0.958,273.49
00:31.3,0,100,0,0,0,0,0,0,0,0,1.39E-05,-0.006133421,-0.000691437,-0.168017,-0.01151238,-9.822062,-0.08477159,0.01064566,0.01179695,0.01297484,0,0.04,-0.96,273.49
00:31.3,0,100,0,0,0,0,0,0,0,0,0.000361236,-0.004665645,-0.000359595,-0.1673819,-0.01438605,-9.8203505,-0.080250438,0.01013335,0.011760228,0.012782278,0,0.04,-0.96,273.49
00:31.3,0,100,0,0,0,0,0,0,0,0,0.000708571,-0.003197869,-2.78E-05,-0.1667468,-0.01725972,-9.818639,-0.075729286,0.00962104,0.011723506,0.012589716,0,0.04,-0.96,273.49
00:31.4,0,100,0,0,0,0,0,0,0,0,-0.000939868,-0.002653054,0.000562325,-0.1764151,-0.010633238,-9.8109045,-0.071208134,0.009108729,0.011686784,0.012397154,0,0.04,-0.96,273.49
00:31.4,0,100,0,0,0,0,0,0,0,0,-0.002588307,-0.002108239,0.001152404,-0.1860834,-0.004006756,-9.80317,-0.066686982,0.008596419,0.011650062,0.012204592,0,0.04,-0.96,273.49
00:31.4,0,100,0,0,0,0,0,0,0,0,-0.001204409,-0.004088722,0.000730649,-0.17725285,-0.008516308,-9.811655,-0.06216583,0.008084109,0.01161334,0.01201203,0,0.04,-0.96,273.49
00:31.4,0,100,0,0,0,0,0,0,0,0,0.000179489,-0.006069204,0.000308894,-0.1684223,-0.01302586,-9.82014,-0.105116764,0.007904675,0.011625834,0.01177568,0,0.04,-0.96,273.49
00:31.4,0,100,0,0,0,0,0,0,0,0,0.000190514,-0.005452582,0.000414465,-0.1695665,-0.010832516,-9.8199735,-0.148067698,0.007725241,0.011638328,0.01153933,0,0.04,-0.96,273.49
00:31.5,0,100,0,0,0,0,0,0,0,0,0.00020154,-0.00483596,0.000520036,-0.1707107,-0.008639171,-9.819807,-0.191018632,0.007545806,0.011650822,0.01130298,0,0.04,-0.96,273.49
00:31.5,0,100,0,0,0,0,0,0,0,0,0.000753675,-0.005275772,0.000785363,-0.16917335,-0.012505426,-9.819561,-0.233969566,0.007366372,0.011663316,0.01106663,0,0.04,-0.96,273.49
00:31.5,0,100,0,0,0,0,0,0,0,0,0.00130581,-0.005715584,0.00105069,-0.167636,-0.01637168,-9.819315,-0.2769205,0.007186938,0.01167581,0.01083028,0,0.04,-0.96,273.49
00:31.5,0,100,0,0,0,0,0,0,0,0,-0.000554415,-0.002442287,0.001616648,-0.1770982,-0.007353875,-9.8125065,-0.27465992,0.007310707,0.01129948,0.010786106,0,0.04,-0.96,273.488
00:31.5,0,100,0,0,0,0,0,0,0,0,-0.00241464,0.00083101,0.002182606,-0.1865604,0.001663929,-9.805698,-0.27239934,0.007434476,0.010923149,0.010741932,0,0.04,-0.96,273.486
00:31.6,0,100,0,0,0,0,0,0,0,0,0.000412517,-0.001924443,0.000638005,-0.18428605,-0.007516516,-9.804798,-0.27013876,0.007558246,0.010546819,0.010697758,0,0.04,-0.96,273.484
00:31.6,0,100,0,0,0,0,0,0,0,0,0.003239673,-0.004679895,-0.000906596,-0.1820117,-0.01669696,-9.803898,-0.26787818,0.007682015,0.010170488,0.010653584,0,0.04,-0.96,273.482
00:31.6,0,100,0,0,0,0,0,0,0,0,0.002412561,-0.00527468,-0.000313351,-0.1760521,-0.014735215,-9.8122275,-0.2656176,0.007805784,0.009794158,0.01060941,0,0.04,-0.96,273.48
00:31.6,0,100,0,0,0,0,0,0,0,0,0.001585449,-0.005869464,0.000279894,-0.1700925,-0.01277347,-9.820557,-0.25883588,0.007923038,0.009668236,0.010568576,0,0.04,-0.96,273.48
00:31.6,0,100,0,0,0,0,0,0,0,0,0.001172583,-0.004923512,3.01E-05,-0.16837315,-0.01314624,-9.8186255,-0.25205416,0.008040291,0.009542315,0.010527742,0,0.04,-0.96,273.48
00:31.7,0,100,0,0,0,0,0,0,0,0,0.000759716,-0.00397756,-0.000219742,-0.1666538,-0.01351901,-9.816694,-0.24527244,0.008157545,0.009416393,0.010486908,0,0.04,-0.96,273.48
00:31.7,0,100,0,0,0,0,0,0,0,0,0.000960831,-0.004670064,-0.000281112,-0.1691775,-0.01263614,-9.818644,-0.23849072,0.008274798,0.009290472,0.010446074,0,0.04,-0.96,273.48
00:31.7,0,100,0,0,0,0,0,0,0,0,0.001161945,-0.005362568,-0.000342483,-0.1717012,-0.01175327,-9.820594,-0.231709,0.008392052,0.00916455,0.01040524,0,0.04,-0.96,273.48
00:31.7,0,100,0,0,0,0,0,0,0,0,0.001247127,-0.00540215,-0.000132464,-0.1696132,-0.01136765,-9.8205905,-0.20797296,0.017596752,0.020777476,0.021911652,0,0.04,-0.96,273.48
00:31.7,0,100,0,0,0,0,0,0,0,0,0.001332309,-0.005441733,7.76E-05,-0.1675252,-0.01098203,-9.820587,-0.18423692,0.026801451,0.032390402,0.033418064,0,0.04,-0.96,273.48
00:31.8,0,100,0,0,0,0,0,0,0,0,-0.000101725,-0.000591622,-0.001126811,-0.1733217,-0.007407425,-9.8071365,-0.16050088,0.036006151,0.044003328,0.044924476,0,0.04,-0.96,273.48
00:31.8,0,100,0,0,0,0,0,0,0,0,-0.001535759,0.004258489,-0.002331176,-0.1791182,-0.00383282,-9.793686,-0.13676484,0.04521085,0.055616254,0.056430888,0,0.04,-0.96,273.48
00:31.8,0,100,0,0,0,0,0,0,0,0,-0.001184594,0.003602783,-0.002234259,-0.18229385,-0.006011591,-9.795481,-0.1130288,0.05441555,0.06722918,0.0679373,0,0.04,-0.96,273.48
00:31.8,0,100,0,0,0,0,0,0,0,0,-0.000833429,0.002947076,-0.002137341,-0.1854695,-0.008190361,-9.797276,-0.11868024,0.045296474,0.055596448,0.056149871,0,0.04,-0.96,273.48
00:31.8,0,100,0,0,0,0,0,0,0,0,0.000287263,-0.000976907,-0.001078378,-0.1760421,-0.010588396,-9.8096765,-0.12433168,0.036177398,0.043963716,0.044362442,0,0.04,-0.96,273.48
00:31.9,0,100,0,0,0,0,0,0,0,0,0.001407954,-0.00490089,-1.94E-05,-0.1666147,-0.01298643,-9.822077,-0.12998312,0.027058323,0.032330983,0.032575012,0,0.04,-0.96,273.48
00:31.9,0,100,0,0,0,0,0,0,0,0,0.001250543,-0.004954478,3.07E-05,-0.1669164,-0.011296619,-9.821362,-0.13563456,0.017939247,0.020698251,0.020787583,0,0.04,-0.96,273.48
00:31.9,0,100,0,0,0,0,0,0,0,0,0.001093131,-0.005008066,8.09E-05,-0.1672181,-0.009606808,-9.820647,-0.141286,0.008820171,0.009065519,0.009000154,0,0.04,-0.96,273.48
00:31.9,0,100,0,0,0,0,0,0,0,0,0.001207248,-0.004614089,0.000582958,-0.16735405,-0.012135449,-9.820173,-0.1593706,0.008740514,0.009148403,0.009906311,0,0.04,-0.96,273.48
00:31.9,0,100,0,0,0,0,0,0,0,0,0.001321364,-0.004220111,0.001085065,-0.16749,-0.01466409,-9.819699,-0.1774552,0.008660857,0.009231288,0.010812468,0,0.04,-0.96,273.48
00:32.0,0,100,0,0,0,0,0,0,0,0,0.001197197,-0.005104481,0.000745736,-0.16737695,-0.01412652,-9.8200355,-0.1955398,0.008581199,0.009314172,0.011718626,0,0.04,-0.96,273.48
00:32.0,0,100,0,0,0,0,0,0,0,0,0.001073029,-0.00598885,0.000406407,-0.1672639,-0.01358895,-9.820372,-0.2136244,0.008501542,0.009397057,0.012624783,0,0.04,-0.96,273.48
00:32.0,0,100,0,0,0,0,0,0,0,0,8.46E-06,-0.005319361,6.91E-05,-0.17318605,-0.014093035,-9.8136365,-0.231709,0.008421885,0.009479941,0.01353094,0,0.04,-0.96,273.48
00:32.0,0,100,0,0,0,0,0,0,0,0,-0.001056112,-0.004649872,-0.000268121,-0.1791082,-0.01459712,-9.806901,-0.22040612,0.008666565,0.009439849,0.013475374,0,0.04,-0.96,273.48
00:32.0,0,100,0,0,0,0,0,0,0,0,-0.000228805,-0.004907165,-3.15E-05,-0.17256545,-0.013895875,-9.812338,-0.20910324,0.008911246,0.009399756,0.013419808,0,0.04,-0.96,273.48
00:32.1,0,100,0,0,0,0,0,0,0,0,0.000598502,-0.005164459,0.000205162,-0.1660227,-0.01319463,-9.817775,-0.19780036,0.009155926,0.009359664,0.013364242,0,0.04,-0.96,273.48
00:32.1,0,100,0,0,0,0,0,0,0,0,0.000638319,-0.004369962,0.00086677,-0.1662567,-0.01178,-9.8193135,-0.18649748,0.009400607,0.009319571,0.013308676,0,0.04,-0.96,273.48
00:32.1,0,100,0,0,0,0,0,0,0,0,0.000678137,-0.003575464,0.001528378,-0.1664907,-0.01036537,-9.820852,-0.1751946,0.009645287,0.009279479,0.01325311,0,0.04,-0.96,273.48
00:32.1,0,100,0,0,0,0,0,0,0,0,0.00129802,-0.004824285,0.001012454,-0.16630145,-0.01135441,-9.8184015,-0.137895104,0.009598936,0.009275928,0.012892062,0,0.04,-0.96,273.478
00:32.1,0,100,0,0,0,0,0,0,0,0,0.001917902,-0.006073105,0.00049653,-0.1661122,-0.01234345,-9.815951,-0.100595608,0.009552585,0.009272378,0.012531014,0,0.04,-0.96,273.476
00:32.2,0,100,0,0,0,0,0,0,0,0,0.001220461,-0.005461414,1.82E-05,-0.1683462,-0.01333096,-9.8174935,-0.063296112,0.009506233,0.009268827,0.012169966,0,0.04,-0.96,273.474
00:32.2,0,100,0,0,0,0,0,0,0,0,0.00052302,-0.004849722,-0.000460068,-0.1705802,-0.01431847,-9.819036,-0.025996616,0.009459882,0.009265277,0.011808918,0,0.04,-0.96,273.472
00:32.2,0,100,0,0,0,0,0,0,0,0,-0.000808706,-0.003236989,-0.000994169,-0.1713834,-0.004166056,-9.8154025,0.01130288,0.009413531,0.009261726,0.01144787,0,0.04,-0.96,273.47
00:32.2,0,100,0,0,0,0,0,0,0,0,-0.002140431,-0.001624257,-0.00152827,-0.1721866,0.005986357,-9.811769,-0.011302876,0.009220859,0.009455381,0.011346146,0,0.042,-0.96,273.47
00:32.2,0,100,0,0,0,0,0,0,0,0,-0.000391762,-0.003073899,-0.00012922,-0.17166285,-0.004222657,-9.815221,-0.033908632,0.009028186,0.009649036,0.011244422,0,0.044,-0.96,273.47
00:32.3,0,100,0,0,0,0,0,0,0,0,0.001356907,-0.004523541,0.00126983,-0.1711391,-0.01443167,-9.818673,-0.056514388,0.008835514,0.00984269,0.011142698,0,0.046,-0.96,273.47
00:32.3,0,100,0,0,0,0,0,0,0,0,0.001358063,-0.004690606,0.000911954,-0.1698276,-0.011932743,-9.82051,-0.079120144,0.008642841,0.010036345,0.011040974,0,0.048,-0.96,273.47
00:32.3,0,100,0,0,0,0,0,0,0,0,0.001359219,-0.00485767,0.000554077,-0.1685161,-0.009433815,-9.822347,-0.1017259,0.008450169,0.01023,0.01093925,0,0.05,-0.96,273.47
00:32.3,0,100,0,0,0,0,0,0,0,0,0.001295588,-0.00626608,0.00011342,-0.1691519,-0.013189498,-9.8216245,-0.1480677,0.008339302,0.010061207,0.01075942,0,0.05,-0.96,273.47
00:32.3,0,100,0,0,0,0,0,0,0,0,0.001231957,-0.007674489,-0.000327237,-0.1697877,-0.01694518,-9.820902,-0.1944095,0.008228434,0.009892415,0.01057959,0,0.05,-0.96,273.47
00:32.4,0,100,0,0,0,0,0,0,0,0,0.00199598,-0.00479795,5.10E-05,-0.1732044,-0.010319955,-9.8122095,-0.2407513,0.008117567,0.009723622,0.01039976,0,0.05,-0.96,273.47
00:32.4,0,100,0,0,0,0,0,0,0,0,0.002760002,-0.00192141,0.000429172,-0.1766211,-0.003694729,-9.803517,-0.2870931,0.008006699,0.00955483,0.01021993,0,0.05,-0.96,273.47
00:32.4,0,100,0,0,0,0,0,0,0,0,7.48E-05,-0.003172934,0.001920013,-0.17439965,-0.004743283,-9.80329,-0.3334349,0.007895832,0.009386037,0.0100401,0,0.05,-0.96,273.47
00:32.4,0,100,0,0,0,0,0,0,0,0,-0.00261035,-0.004424457,0.003410855,-0.1721782,-0.005791837,-9.803063,-0.30065656,0.01805098,0.019688648,0.020759932,0,0.05,-0.96,273.47
00:32.4,0,100,0,0,0,0,0,0,0,0,-0.001507871,-0.004402552,0.001823503,-0.1703603,-0.007691668,-9.811003,-0.26787822,0.028206127,0.029991258,0.031479764,0,0.05,-0.96,273.47
00:32.5,0,100,0,0,0,0,0,0,0,0,-0.000405393,-0.004380647,0.000236152,-0.1685424,-0.009591498,-9.818943,-0.23509988,0.038361275,0.040293869,0.042199596,0,0.05,-0.96,273.47
00:32.5,0,100,0,0,0,0,0,0,0,0,0.000490364,-0.004531346,0.000683163,-0.16875945,-0.012515474,-9.81885,-0.20232154,0.048516422,0.050596479,0.052919428,0,0.05,-0.96,273.47
00:32.5,0,100,0,0,0,0,0,0,0,0,0.00138612,-0.004682045,0.001130175,-0.1689765,-0.01543945,-9.818757,-0.1695432,0.05867157,0.06089909,0.06363926,0,0.05,-0.96,273.47
00:32.5,0,100,0,0,0,0,0,0,0,0,0.001326867,-0.005162431,0.000606219,-0.16660375,-0.013781975,-9.8174375,-0.17067348,0.048704627,0.050617623,0.052883152,0,0.05,-0.962,273.468
00:32.5,0,100,0,0,0,0,0,0,0,0,0.001267614,-0.005642816,8.23E-05,-0.164231,-0.0121245,-9.816118,-0.17180376,0.038737684,0.040336157,0.042127044,0,0.05,-0.964,273.466
00:32.6,0,100,0,0,0,0,0,0,0,0,-0.000297758,-0.003224825,0.00083349,-0.17423505,-0.011331985,-9.8177685,-0.17293404,0.028770742,0.03005469,0.031370936,0,0.05,-0.966,273.464
00:32.6,0,100,0,0,0,0,0,0,0,0,-0.001863129,-0.000806834,0.001584717,-0.1842391,-0.01053947,-9.819419,-0.17406432,0.018803799,0.019773224,0.020614828,0,0.05,-0.968,273.462
00:32.6,0,100,0,0,0,0,0,0,0,0,0.0002978,0.001091644,0.001340432,-0.1842359,-0.006711373,-9.8170225,-0.1751946,0.008836856,0.009491757,0.00985872,0,0.05,-0.97,273.46
00:32.6,0,100,0,0,0,0,0,0,0,0,0.00245873,0.002990122,0.001096147,-0.1842327,-0.002883276,-9.814626,-0.1944095,0.00891182,0.009246441,0.009857213,0,0.05,-0.97,273.46
00:32.6,0,100,0,0,0,0,0,0,0,0,0.001674879,-0.001532009,0.000727279,-0.17672475,-0.008879613,-9.8182785,-0.2136244,0.008986784,0.009001124,0.009855705,0,0.05,-0.97,273.46
00:32.7,0,100,0,0,0,0,0,0,0,0,0.000891028,-0.00605414,0.000358411,-0.1692168,-0.01487595,-9.821931,-0.2328393,0.009061748,0.008755808,0.009854198,0,0.05,-0.97,273.46
00:32.7,0,100,0,0,0,0,0,0,0,0,0.0007974,-0.005522007,0.000177714,-0.16649445,-0.012722625,-9.82148,-0.2520542,0.009136712,0.008510491,0.00985269,0,0.05,-0.97,273.46
00:32.7,0,100,0,0,0,0,0,0,0,0,0.000703773,-0.004989873,-2.98E-06,-0.1637721,-0.0105693,-9.821029,-0.2712691,0.009211676,0.008265175,0.009851183,0,0.05,-0.97,273.46
00:32.7,0,100,0,0,0,0,0,0,0,0,0.000885127,-0.005189352,0.000212062,-0.1685831,-0.013032435,-9.821287,-0.23736046,0.009277418,0.008529091,0.009578416,0,0.05,-0.97,273.46
00:32.7,0,100,0,0,0,0,0,0,0,0,0.001066481,-0.005388832,0.000427107,-0.1733941,-0.01549557,-9.821545,-0.20345182,0.00934316,0.008793007,0.009305649,0,0.05,-0.97,273.46
00:32.8,0,100,0,0,0,0,0,0,0,0,0.001042831,-0.005798982,0.000235947,-0.17056895,-0.01329551,-9.820807,-0.16954318,0.009408902,0.009056924,0.009032881,0,0.05,-0.97,273.46
00:32.8,0,100,0,0,0,0,0,0,0,0,0.001019181,-0.006209131,4.48E-05,-0.1677438,-0.01109545,-9.820069,-0.13563454,0.009474644,0.00932084,0.008760114,0,0.05,-0.97,273.46
00:32.8,0,100,0,0,0,0,0,0,0,0,0.000385588,-0.004629507,-0.001332335,-0.17629035,-0.003910199,-9.816873,-0.1017259,0.009540386,0.009584756,0.008487347,0,0.05,-0.97,273.46
00:32.8,0,100,0,0,0,0,0,0,0,0,-0.000248004,-0.003049884,-0.002709457,-0.1848369,0.003275052,-9.813677,-0.097204748,0.009481014,0.009741237,0.009225506,0,0.05,-0.97,273.46
00:32.8,0,100,0,0,0,0,0,0,0,0,0.000222032,-0.004093037,-0.001222226,-0.17492975,-0.001926595,-9.8175405,-0.092683596,0.009421642,0.009897718,0.009963664,0,0.05,-0.97,273.46
00:32.9,0,100,0,0,0,0,0,0,0,0,0.000692069,-0.005136189,0.000265006,-0.1650226,-0.007128242,-9.821404,-0.088162444,0.00936227,0.010054198,0.010701823,0,0.05,-0.97,273.46
00:32.9,0,100,0,0,0,0,0,0,0,0,0.000952918,-0.004726123,0.000578024,-0.1658028,-0.010173151,-9.822504,-0.083641292,0.009302898,0.010210679,0.011439981,0,0.05,-0.97,273.46
00:32.9,0,100,0,0,0,0,0,0,0,0,0.001213767,-0.004316056,0.000891042,-0.166583,-0.01321806,-9.823604,-0.07912014,0.009243526,0.01036716,0.01217814,0,0.05,-0.97,273.46
00:32.9,0,100,0,0,0,0,0,0,0,0,0.001605188,-0.004730307,0.000812029,-0.16633445,-0.011445698,-9.8216005,-0.089292732,0.009722035,0.010394436,0.012605404,0,0.05,-0.97,273.462
00:32.9,0,100,0,0,0,0,0,0,0,0,0.001996609,-0.005144557,0.000733015,-0.1660859,-0.009673335,-9.819597,-0.099465324,0.010200544,0.010421712,0.013032668,0,0.05,-0.97,273.464
00:33.0,0,100,0,0,0,0,0,0,0,0,0.001655561,-0.001786975,0.000704751,-0.17525795,-0.003707432,-9.8147775,-0.109637916,0.010679052,0.010448988,0.013459932,0,0.05,-0.97,273.466
00:33.0,0,100,0,0,0,0,0,0,0,0,0.001314513,0.001570607,0.000676488,-0.18443,0.002258472,-9.809958,-0.119810508,0.011157561,0.010476264,0.013887196,0,0.05,-0.97,273.468
00:33.0,0,100,0,0,0,0,0,0,0,0,0.000985473,0.003098495,0.002112691,-0.17770535,-0.011830659,-9.802176,-0.1299831,0.01163607,0.01050354,0.01431446,0,0.05,-0.97,273.47
00:33.0,0,100,0,0,0,0,0,0,0,0,0.000656433,0.004626383,0.003548894,-0.1709807,-0.02591979,-9.794394,-0.14467684,0.011498496,0.010444724,0.01389463,0,0.05,-0.97,273.47
00:33.0,0,100,0,0,0,0,0,0,0,0,0.001138723,-0.000568787,0.002367376,-0.17113275,-0.020165175,-9.808057,-0.15937058,0.011360922,0.010385908,0.0134748,0,0.05,-0.97,273.47
00:33.1,0,100,0,0,0,0,0,0,0,0,0.001621013,-0.005763957,0.001185857,-0.1712848,-0.01441056,-9.82172,-0.17406432,0.011223348,0.010327092,0.01305497,0,0.05,-0.97,273.47
00:33.1,0,100,0,0,0,0,0,0,0,0,0.001967134,-0.004506614,0.000855683,-0.1679724,-0.011725446,-9.8215745,-0.18875806,0.011085774,0.010268276,0.01263514,0,0.05,-0.97,273.47
00:33.1,0,100,0,0,0,0,0,0,0,0,0.002313254,-0.003249271,0.00052551,-0.16466,-0.009040331,-9.821429,-0.2034518,0.0109482,0.01020946,0.01221531,0,0.05,-0.97,273.47
00:33.1,0,100,0,0,0,0,0,0,0,0,0.001708233,-0.004159337,0.000540317,-0.16738245,-0.011684956,-9.819856,-0.179715758,0.01988318,0.022490686,0.023819748,0,0.05,-0.97,273.47
00:33.1,0,100,0,0,0,0,0,0,0,0,0.001103212,-0.005069403,0.000555125,-0.1701049,-0.01432958,-9.818283,-0.155979716,0.02881816,0.034771912,0.035424186,0,0.05,-0.97,273.47
00:33.2,0,100,0,0,0,0,0,0,0,0,0.00078097,-0.005255837,0.000535151,-0.1688622,-0.01364448,-9.8215205,-0.132243674,0.03775314,0.047053138,0.047028624,0,0.05,-0.97,273.47
00:33.2,0,100,0,0,0,0,0,0,0,0,0.000458728,-0.00544227,0.000515176,-0.1676195,-0.01295938,-9.824758,-0.108507632,0.04668812,0.059334364,0.058633062,0,0.05,-0.97,273.47
00:33.2,0,100,0,0,0,0,0,0,0,0,-0.001546845,-0.003465274,0.000317021,-0.17597825,-0.01580032,-9.811213,-0.08477159,0.0556231,0.07161559,0.0702375,0,0.05,-0.97,273.47
00:33.2,0,100,0,0,0,0,0,0,0,0,-0.003552418,-0.001488279,0.000118865,-0.184337,-0.01864126,-9.797668,-0.091553312,0.055734288,0.07007356,0.070074742,0,0.05,-0.97,273.468
00:33.2,0,100,0,0,0,0,0,0,0,0,-0.000928057,-0.002867324,0.000385535,-0.1759396,-0.01786228,-9.8075445,-0.098335034,0.055845476,0.06853153,0.069911984,0,0.05,-0.97,273.466
00:33.3,0,100,0,0,0,0,0,0,0,0,0.001696304,-0.004246368,0.000652205,-0.1675422,-0.0170833,-9.817421,-0.105116756,0.055956664,0.0669895,0.069749226,0,0.05,-0.97,273.464
00:33.3,0,100,0,0,0,0,0,0,0,0,0.001503775,-0.004277259,0.000658667,-0.16786385,-0.014544375,-9.817539,-0.111898478,0.056067852,0.06544747,0.069586468,0,0.05,-0.97,273.462
00:33.3,0,100,0,0,0,0,0,0,0,0,0.001311245,-0.004308149,0.000665129,-0.1681855,-0.01200545,-9.817657,-0.1186802,0.05617904,0.06390544,0.06942371,0,0.05,-0.97,273.46
00:33.3,0,100,0,0,0,0,0,0,0,0,0.001456722,-0.004436451,0.0003329,-0.1676353,-0.01297156,-9.818852,-0.13224366,0.046546266,0.052934871,0.057623096,0,0.05,-0.97,273.46
00:33.3,0,100,0,0,0,0,0,0,0,0,0.001602198,-0.004564753,6.70E-07,-0.1670851,-0.01393767,-9.820047,-0.14580712,0.036913493,0.041964303,0.045822482,0,0.05,-0.97,273.46
00:33.4,0,100,0,0,0,0,0,0,0,0,0.000567352,-0.000766254,0.001290312,-0.16698545,-0.002774435,-9.8076365,-0.15937058,0.027280719,0.030993734,0.034021868,0,0.05,-0.97,273.46
00:33.4,0,100,0,0,0,0,0,0,0,0,-0.000467494,0.003032245,0.002579954,-0.1668858,0.008388799,-9.795226,-0.17293404,0.017647946,0.020023166,0.022221254,0,0.05,-0.97,273.46
00:33.4,0,100,0,0,0,0,0,0,0,0,0.00029859,-0.000970023,0.001215909,-0.1687069,-0.003390511,-9.8049695,-0.1864975,0.008015172,0.009052597,0.01042064,0,0.05,-0.97,273.46
00:33.4,0,100,0,0,0,0,0,0,0,0,0.001064673,-0.004972291,-0.000148137,-0.170528,-0.01516982,-9.814713,-0.17971578,0.008097707,0.009170776,0.010478722,0,0.05,-0.97,273.46
00:33.4,0,100,0,0,0,0,0,0,0,0,0.001223377,-0.005079391,0.000248694,-0.1690475,-0.015765875,-9.8158995,-0.17293406,0.008180242,0.009288956,0.010536804,0,0.05,-0.97,273.46
00:33.5,0,100,0,0,0,0,0,0,0,0,0.001382081,-0.00518649,0.000645525,-0.167567,-0.01636193,-9.817086,-0.16615234,0.008262777,0.009407135,0.010594886,0,0.05,-0.97,273.46
00:33.5,0,100,0,0,0,0,0,0,0,0,0.001446596,-0.005473563,0.000476029,-0.16803045,-0.01488923,-9.8166545,-0.15937062,0.008345312,0.009525315,0.010652968,0,0.05,-0.97,273.46
00:33.5,0,100,0,0,0,0,0,0,0,0,0.001511111,-0.005760636,0.000306534,-0.1684939,-0.01341653,-9.816223,-0.1525889,0.008427847,0.009643494,0.01071105,0,0.05,-0.97,273.46
00:33.5,0,100,0,0,0,0,0,0,0,0,0.001672342,-0.005617382,2.85E-05,-0.16915715,-0.013744705,-9.817686,-0.15597976,0.008651116,0.009688962,0.011109396,0,0.05,-0.97,273.46
00:33.5,0,100,0,0,0,0,0,0,0,0,0.001833573,-0.005474128,-0.000249518,-0.1698204,-0.01407288,-9.819149,-0.15937062,0.008874384,0.009734429,0.011507742,0,0.05,-0.97,273.46
00:33.6,0,100,0,0,0,0,0,0,0,0,0.001714509,-0.005536761,-8.33E-05,-0.16946885,-0.015886455,-9.8154965,-0.16276148,0.009097653,0.009779897,0.011906088,0,0.05,-0.97,273.46
00:33.6,0,100,0,0,0,0,0,0,0,0,0.001595444,-0.005599394,8.29E-05,-0.1691173,-0.01770003,-9.811844,-0.16615234,0.009320921,0.009825364,0.012304434,0,0.05,-0.97,273.46
00:33.6,0,100,0,0,0,0,0,0,0,0,0.00058798,-0.005547309,0.000130078,-0.167768,-0.012759171,-9.812943,-0.1695432,0.00954419,0.009870832,0.01270278,0,0.05,-0.97,273.46
00:33.6,0,100,0,0,0,0,0,0,0,0,-0.000419484,-0.005495223,0.000177239,-0.1664187,-0.007818311,-9.814042,-0.17632492,0.00976923,0.010349284,0.01259206,0,0.05,-0.97,273.46
00:33.6,0,100,0,0,0,0,0,0,0,0,0.000666078,-0.004872478,0.00028626,-0.1703311,-0.008424899,-9.8143775,-0.18310664,0.00999427,0.010827735,0.01248134,0,0.05,-0.97,273.46
00:33.7,0,100,0,0,0,0,0,0,0,0,0.001751639,-0.004249732,0.000395282,-0.1742435,-0.009031486,-9.814713,-0.18988836,0.01021931,0.011306187,0.01237062,0,0.05,-0.97,273.46
00:33.7,0,100,0,0,0,0,0,0,0,0,0.001530083,-0.004499109,0.000161863,-0.1668967,-0.009487221,-9.813269,-0.19667008,0.01044435,0.011784638,0.0122599,0,0.05,-0.97,273.46
00:33.7,0,100,0,0,0,0,0,0,0,0,0.001308526,-0.004748486,-7.16E-05,-0.1595499,-0.009942956,-9.811825,-0.2034518,0.01066939,0.01226309,0.01214918,0,0.05,-0.97,273.46
00:33.7,0,100,0,0,0,0,0,0,0,0,-0.000751943,-0.003022082,0.000121151,-0.17603135,-0.001240552,-9.8020495,-0.165022016,0.010702634,0.0122433,0.012052264,0,0.05,-0.97,273.46
00:33.7,0,100,0,0,0,0,0,0,0,0,-0.002812412,-0.001295678,0.000313857,-0.1925128,0.007461852,-9.792274,-0.126592232,0.010735878,0.01222351,0.011955348,0,0.05,-0.97,273.46
00:33.8,0,100,0,0,0,0,0,0,0,0,-0.001227529,-0.003263299,0.000216155,-0.1791253,-0.002246164,-9.804619,-0.088162448,0.010769122,0.01220372,0.011858432,0,0.05,-0.97,273.46
00:33.8,0,100,0,0,0,0,0,0,0,0,0.000357355,-0.00523092,0.000118453,-0.1657378,-0.01195418,-9.816964,-0.049732664,0.010802366,0.01218393,0.011761516,0,0.05,-0.97,273.46
00:33.8,0,100,0,0,0,0,0,0,0,0,0.000901457,-0.005322941,3.04E-05,-0.16927365,-0.01248845,-9.8162905,-0.01130288,0.01083561,0.01216414,0.0116646,0,0.05,-0.97,273.46
00:33.8,0,100,0,0,0,0,0,0,0,0,0.00144556,-0.005414962,-5.76E-05,-0.1728095,-0.01302272,-9.815617,-0.055384104,0.010598057,0.011955562,0.011485416,0,0.05,-0.97,273.46
00:33.8,0,100,0,0,0,0,0,0,0,0,0.001007884,-0.00535339,0.000223638,-0.16941385,-0.01267377,-9.8147965,-0.099465328,0.010360503,0.011746984,0.011306232,0,0.05,-0.97,273.46
00:33.9,0,100,0,0,0,0,0,0,0,0,0.000570208,-0.005291818,0.000504858,-0.1660182,-0.01232482,-9.813976,-0.143546552,0.01012295,0.011538406,0.011127048,0,0.05,-0.97,273.46
00:33.9,0,100,0,0,0,0,0,0,0,0,-0.001894489,-0.003837844,0.000714723,-0.1776932,-0.007948025,-9.80988,-0.187627776,0.009885396,0.011329828,0.010947864,0,0.05,-0.97,273.46
00:33.9,0,100,0,0,0,0,0,0,0,0,-0.004359185,-0.00238387,0.000924587,-0.1893682,-0.00357123,-9.805784,-0.231709,0.009647843,0.01112125,0.01076868,0,0.05,-0.97,273.46
00:33.9,0,100,0,0,0,0,0,0,0,0,-0.002481013,-0.002032242,-0.001413848,-0.17881465,-0.003187235,-9.8050055,-0.21588498,0.019380748,0.021095182,0.022726906,0,0.05,-0.97,273.46
00:33.9,0,100,0,0,0,0,0,0,0,0,-0.00060284,-0.001680614,-0.003752283,-0.1682611,-0.00280324,-9.804227,-0.20006096,0.029113654,0.031069114,0.034685132,0,0.05,-0.97,273.46
00:34.0,0,100,0,0,0,0,0,0,0,0,-0.000456336,-0.002449711,-0.001795078,-0.16936635,-0.01070698,-9.811129,-0.18423694,0.038846559,0.041043046,0.046643358,0,0.05,-0.97,273.46
00:34.0,0,100,0,0,0,0,0,0,0,0,-0.000309833,-0.003218808,0.000162127,-0.1704716,-0.01861072,-9.818031,-0.16841292,0.048579465,0.051016978,0.058601584,0,0.05,-0.97,273.46
00:34.0,0,100,0,0,0,0,0,0,0,0,0.000346728,-0.004962383,5.23E-06,-0.16846325,-0.014260447,-9.8166055,-0.1525889,0.05831237,0.06099091,0.07055981,0,0.05,-0.97,273.46
00:34.0,0,100,0,0,0,0,0,0,0,0,0.001003289,-0.006705957,-0.000151674,-0.1664549,-0.009910173,-9.81518,-0.16276148,0.048525244,0.050880638,0.058782066,0,0.05,-0.97,273.46
00:34.0,0,100,0,0,0,0,0,0,0,0,0.000875501,-0.005396956,0.000337504,-0.16900165,-0.010781932,-9.8163905,-0.17293406,0.038738118,0.040770366,0.047004322,0,0.05,-0.97,273.46
00:34.1,0,100,0,0,0,0,0,0,0,0,0.000747713,-0.004087955,0.000826681,-0.1715484,-0.01165369,-9.817601,-0.18310664,0.028950993,0.030660094,0.035226578,0,0.05,-0.97,273.46
00:34.1,0,100,0,0,0,0,0,0,0,0,0.000983266,-0.004813378,0.000831836,-0.16889015,-0.011421185,-9.816776,-0.19327922,0.019163867,0.020549822,0.023448834,0,0.05,-0.97,273.46
00:34.1,0,100,0,0,0,0,0,0,0,0,0.00121882,-0.0055388,0.000836991,-0.1662319,-0.01118868,-9.815951,-0.2034518,0.009376741,0.01043955,0.01167109,0,0.05,-0.97,273.46
00:34.1,0,100,0,0,0,0,0,0,0,0,0.001172935,-0.004093168,0.00032506,-0.1792472,-0.003829341,-9.8139305,-0.20571238,0.009335885,0.010707068,0.011462484,0,0.05,-0.97,273.46
00:34.1,0,100,0,0,0,0,0,0,0,0,0.00112705,-0.002647535,-0.00018687,-0.1922625,0.003529999,-9.81191,-0.20797296,0.009295029,0.010974586,0.011253878,0,0.05,-0.97,273.46
00:34.2,0,100,0,0,0,0,0,0,0,0,0.00171717,-0.004529504,0.000287892,-0.1826218,-0.003207941,-9.813895,-0.21023354,0.009254172,0.011242104,0.011045272,0,0.05,-0.97,273.46
00:34.2,0,100,0,0,0,0,0,0,0,0,0.002307289,-0.006411473,0.000762654,-0.1729811,-0.00994588,-9.81588,-0.21249412,0.009213316,0.011509622,0.010836666,0,0.05,-0.97,273.46
00:34.2,0,100,0,0,0,0,0,0,0,0,0.001993068,-0.007095996,0.000153377,-0.17168415,-0.01109748,-9.8137775,-0.2147547,0.00917246,0.01177714,0.01062806,0,0.05,-0.97,273.46
00:34.2,0,100,0,0,0,0,0,0,0,0,0.001678847,-0.007780518,-0.0004559,-0.1703872,-0.01224908,-9.811675,-0.1966701,0.009257459,0.011823922,0.010711666,0,0.05,-0.97,273.458
00:34.2,0,100,0,0,0,0,0,0,0,0,0.002056511,-0.007060518,8.13E-05,-0.1685509,-0.011020831,-9.8138715,-0.1785855,0.009342458,0.011870704,0.010795272,0,0.05,-0.97,273.456
00:34.3,0,100,0,0,0,0,0,0,0,0,0.002434174,-0.006340518,0.000618452,-0.1667146,-0.009792581,-9.816068,-0.1605009,0.009427456,0.011917486,0.010878878,0,0.05,-0.97,273.454
00:34.3,0,100,0,0,0,0,0,0,0,0,0.003308464,-0.003787419,0.00025561,-0.1666114,-0.016420001,-9.8136425,-0.1424163,0.009512455,0.011964268,0.010962484,0,0.05,-0.97,273.452
00:34.3,0,100,0,0,0,0,0,0,0,0,0.004182753,-0.00123432,-0.000107232,-0.1665082,-0.02304742,-9.811217,-0.1243317,0.009597454,0.01201105,0.01104609,0,0.05,-0.97,273.45
00:34.3,0,100,0,0,0,0,0,0,0,0,0.00294891,-0.003016442,0.000553426,-0.1686003,-0.01794623,-9.8125185,-0.1706735,0.009874111,0.012034504,0.01106981,0,0.05,-0.97,273.45
00:34.3,0,100,0,0,0,0,0,0,0,0,0.001715067,-0.004798564,0.001214084,-0.1706924,-0.01284504,-9.81382,-0.2170153,0.010150768,0.012057958,0.01109353,0,0.05,-0.97,273.45
00:34.4,0,100,0,0,0,0,0,0,0,0,0.001610468,-0.004356838,0.000797323,-0.16760585,-0.01276743,-9.813466,-0.2633571,0.010427426,0.012081412,0.01111725,0,0.05,-0.97,273.45
00:34.4,0,100,0,0,0,0,0,0,0,0,0.001505868,-0.003915112,0.000380562,-0.1645193,-0.01268982,-9.813112,-0.3096989,0.010704083,0.012104866,0.01114097,0,0.05,-0.97,273.45
00:34.4,0,100,0,0,0,0,0,0,0,0,0.000838333,-0.004404621,3.52E-06,-0.1661552,-0.012318345,-9.81462,-0.3560407,0.01098074,0.01212832,0.01116469,0,0.05,-0.97,273.45
00:34.4,0,100,0,0,0,0,0,0,0,0,0.000170798,-0.00489413,-0.000373516,-0.1677911,-0.01194687,-9.816128,-0.296135438,0.010700342,0.011863482,0.011490456,0,0.05,-0.97,273.45
00:34.4,0,100,0,0,0,0,0,0,0,0,0.001007394,-0.003353415,0.000883223,-0.1757686,-0.007636219,-9.804843,-0.236230176,0.010419945,0.011598644,0.011816222,0,0.05,-0.97,273.45
00:34.5,0,100,0,0,0,0,0,0,0,0,0.001843991,-0.001812699,0.002139962,-0.1837461,-0.003325567,-9.793558,-0.176324914,0.010139547,0.011333806,0.012141988,0,0.05,-0.97,273.45
00:34.5,0,100,0,0,0,0,0,0,0,0,0.001997163,-0.000601042,0.001516436,-0.17870915,-0.004466206,-9.790632,-0.116419652,0.00985915,0.011068968,0.012467754,0,0.05,-0.97,273.45
00:34.5,0,100,0,0,0,0,0,0,0,0,0.002150334,0.000610614,0.00089291,-0.1736722,-0.005606844,-9.787706,-0.05651439,0.009578752,0.01080413,0.01279352,0,0.05,-0.97,273.45
00:34.5,0,100,0,0,0,0,0,0,0,0,0.001673647,-0.00331859,0.0004642,-0.1711374,-0.010286242,-9.801752,-0.048602376,0.009738358,0.01070041,0.012778854,0,0.05,-0.97,273.448
00:34.5,0,100,0,0,0,0,0,0,0,0,0.00119696,-0.007247795,3.55E-05,-0.1686026,-0.01496564,-9.815798,-0.040690362,0.009897963,0.01059669,0.012764188,0,0.05,-0.97,273.446
00:34.6,0,100,0,0,0,0,0,0,0,0,0.001249568,-0.006431004,-0.000671493,-0.16662215,-0.01570007,-9.8145255,-0.032778348,0.010057569,0.01049297,0.012749522,0,0.05,-0.97,273.444
00:34.6,0,100,0,0,0,0,0,0,0,0,0.001302176,-0.005614213,-0.001378476,-0.1646417,-0.0164345,-9.813253,-0.024866334,0.010217174,0.01038925,0.012734856,0,0.05,-0.97,273.442
00:34.6,0,100,0,0,0,0,0,0,0,0,0.001067499,-0.004608025,-0.000482764,-0.1660354,-0.014944,-9.811439,-0.01695432,0.01037678,0.01028553,0.01272019,0,0.05,-0.97,273.44
00:34.6,0,100,0,0,0,0,0,0,0,0,0.000832822,-0.003601837,0.000412948,-0.1674291,-0.0134535,-9.809625,-0.053123536,0.010301974,0.010607758,0.012903666,0,0.05,-0.97,273.44
00:34.6,0,100,0,0,0,0,0,0,0,0,0.00092295,-0.003950486,0.000102077,-0.16803845,-0.010907474,-9.8126735,-0.089292752,0.010227168,0.010929986,0.013087142,0,0.05,-0.97,273.44
00:34.7,0,100,0,0,0,0,0,0,0,0,0.001013079,-0.004299135,-0.000208794,-0.1686478,-0.008361447,-9.815722,-0.125461968,0.010152362,0.011252214,0.013270618,0,0.05,-0.97,273.44
00:34.7,0,100,0,0,0,0,0,0,0,0,0.000457554,-0.004737864,6.37E-05,-0.16725875,-0.010745154,-9.815725,-0.161631184,0.010077556,0.011574442,0.013454094,0,0.05,-0.97,273.44
00:34.7,0,100,0,0,0,0,0,0,0,0,-9.80E-05,-0.005176592,0.000336215,-0.1658697,-0.01312886,-9.815728,-0.1978004,0.01000275,0.01189667,0.01363757,0,0.05,-0.97,273.44
00:34.7,0,100,0,0,0,0,0,0,0,0,0.000959828,-0.004844252,3.60E-05,-0.16558255,-0.0135322,-9.8157455,-0.19440954,0.018987292,0.022919758,0.025967248,0,0.05,-0.97,273.44
00:34.7,0,100,0,0,0,0,0,0,0,0,0.002017628,-0.004511911,-0.000264198,-0.1652954,-0.01393554,-9.815763,-0.19101868,0.027971834,0.033942846,0.038296926,0,0.05,-0.97,273.44
00:34.8,0,100,0,0,0,0,0,0,0,0,0.001685622,-0.005172303,0.000287901,-0.1669305,-0.01438857,-9.8144925,-0.18762782,0.036956376,0.044965934,0.050626604,0,0.05,-0.97,273.44
00:34.8,0,100,0,0,0,0,0,0,0,0,0.001353616,-0.005832694,0.00084,-0.1685656,-0.0148416,-9.813222,-0.18423696,0.045940918,0.055989022,0.062956282,0,0.05,-0.97,273.44
00:34.8,0,100,0,0,0,0,0,0,0,0,0.000999785,-0.004994808,0.000658283,-0.1700999,-0.01567407,-9.8136745,-0.1808461,0.05492546,0.06701211,0.07528596,0,0.05,-0.97,273.44
00:34.8,0,100,0,0,0,0,0,0,0,0,0.000645954,-0.004156921,0.000476566,-0.1716342,-0.01650654,-9.814127,-0.16841292,0.055378888,0.06655434,0.073970204,0,0.05,-0.97,273.438
00:34.8,0,100,0,0,0,0,0,0,0,0,0.00011444,0.000946793,0.000339372,-0.17834045,-0.01367959,-9.8114285,-0.15597974,0.055832316,0.06609657,0.072654448,0,0.05,-0.97,273.436
00:34.9,0,100,0,0,0,0,0,0,0,0,-0.000417074,0.006050507,0.000202178,-0.1850467,-0.01085264,-9.80873,-0.14354656,0.056285744,0.0656388,0.071338692,0,0.05,-0.97,273.434
00:34.9,0,100,0,0,0,0,0,0,0,0,-0.000533837,0.001758768,-0.001256937,-0.1801012,-0.008370179,-9.79939,-0.13111338,0.056739172,0.06518103,0.070022936,0,0.05,-0.97,273.432
00:34.9,0,100,0,0,0,0,0,0,0,0,-0.0006506,-0.002532972,-0.002716051,-0.1751557,-0.005887718,-9.79005,-0.1186802,0.0571926,0.06472326,0.06870718,0,0.05,-0.97,273.43
00:34.9,0,100,0,0,0,0,0,0,0,0,0.000160936,-0.003790123,-0.001309721,-0.17138735,-0.010340779,-9.799829,-0.090988152,0.047938756,0.054041328,0.057958454,0,0.05,-0.97,273.43
00:34.9,0,100,0,0,0,0,0,0,0,0,0.000972473,-0.005047274,9.66E-05,-0.167619,-0.01479384,-9.809608,-0.063296104,0.038684912,0.043359396,0.047209728,0,0.05,-0.97,273.43
00:35.0,0,100,0,0,0,0,0,0,0,0,0.001023436,-0.005648819,0.000339666,-0.16558065,-0.01540182,-9.8119435,-0.035604056,0.029431068,0.032677464,0.036461002,0,0.05,-0.97,273.43
00:35.0,0,100,0,0,0,0,0,0,0,0,0.0010744,-0.006250364,0.000582722,-0.1635423,-0.0160098,-9.814279,-0.007912008,0.020177224,0.021995532,0.025712276,0,0.05,-0.97,273.43
00:35.0,0,100,0,0,0,0,0,0,0,0,0.001026114,-0.00537996,0.000924995,-0.16687625,-0.012167814,-9.8121015,0.01978004,0.01092338,0.0113136,0.01496355,0,0.05,-0.97,273.43
00:35.0,0,100,0,0,0,0,0,0,0,0,0.000977828,-0.004509555,0.001267269,-0.1702102,-0.008325828,-9.809924,4.00E-09,0.01082475,0.011724782,0.014501576,0,0.052,-0.97,273.43
00:35.0,0,100,0,0,0,0,0,0,0,0,0.00114347,-0.005187228,0.000601287,-0.168369,-0.013954544,-9.809398,-0.019780032,0.01072612,0.012135964,0.014039602,0,0.054,-0.97,273.43
00:35.1,0,100,0,0,0,0,0,0,0,0,0.001309113,-0.005864901,-6.47E-05,-0.1665278,-0.01958326,-9.808872,-0.039560068,0.01062749,0.012547146,0.013577628,0,0.056,-0.97,273.43
00:35.1,0,100,0,0,0,0,0,0,0,0,0.000418384,-0.001955424,-0.001296613,-0.16786895,-0.01248046,-9.8037295,-0.059340104,0.01052886,0.012958328,0.013115654,0,0.058,-0.97,273.43
00:35.1,0,100,0,0,0,0,0,0,0,0,-0.000472345,0.001954054,-0.00252853,-0.1692101,-0.005377659,-9.798587,-0.07912014,0.01043023,0.01336951,0.01265368,0,0.06,-0.97,273.43
00:35.1,0,100,0,0,0,0,0,0,0,0,0.000636192,-0.001810289,-0.001467409,-0.16885805,-0.011057925,-9.8039745,-0.05142809,0.010484404,0.013192644,0.012541558,0,0.06,-0.97,273.43
00:35.1,0,100,0,0,0,0,0,0,0,0,0.001744729,-0.005574631,-0.000406288,-0.168506,-0.01673819,-9.809362,-0.02373604,0.010538578,0.013015778,0.012429436,0,0.06,-0.97,273.43
00:35.2,0,100,0,0,0,0,0,0,0,0,0.001581605,-0.005389695,-0.000183337,-0.1670242,-0.01514922,-9.811618,0.00395601,0.010592752,0.012838912,0.012317314,0,0.06,-0.97,273.43
00:35.2,0,100,0,0,0,0,0,0,0,0,0.001418481,-0.005204758,3.96E-05,-0.1655424,-0.01356025,-9.813874,0.03164806,0.010646926,0.012662046,0.012205192,0,0.06,-0.97,273.43
00:35.2,0,100,0,0,0,0,0,0,0,0,0.001363053,-0.005519186,7.26E-05,-0.16640045,-0.01277233,-9.8130805,0.05934011,0.0107011,0.01248518,0.01209307,0,0.06,-0.97,273.43
00:35.2,0,100,0,0,0,0,0,0,0,0,0.001307625,-0.005833613,0.000105606,-0.1672585,-0.01198441,-9.812287,8.00E-09,0.010421391,0.012553848,0.012331898,0,0.06,-0.97,273.428
00:35.2,0,100,0,0,0,0,0,0,0,0,0.000794037,-0.002231738,-0.001732106,-0.17316205,-0.01286961,-9.8126125,-0.059340094,0.010141683,0.012622516,0.012570726,0,0.06,-0.97,273.426
00:35.3,0,100,0,0,0,0,0,0,0,0,0.000280449,0.001370138,-0.003569818,-0.1790656,-0.01375481,-9.812938,-0.118680196,0.009861974,0.012691184,0.012809554,0,0.06,-0.97,273.424
00:35.3,0,100,0,0,0,0,0,0,0,0,0.002083541,-0.000379928,-0.002169047,-0.18360775,-0.006754485,-9.8091415,-0.178020298,0.009582266,0.012759852,0.013048382,0,0.06,-0.97,273.422
00:35.3,0,100,0,0,0,0,0,0,0,0,0.003886633,-0.002129994,-0.000768277,-0.1881499,0.000245841,-9.805345,-0.2373604,0.009302557,0.01282852,0.01328721,0,0.06,-0.97,273.42
00:35.3,0,100,0,0,0,0,0,0,0,0,0.002402181,-0.003151027,-0.00052708,-0.17671085,-0.0074414,-9.8093845,-0.21136378,0.00949077,0.01278869,0.012990806,0,0.06,-0.97,273.42
00:35.3,0,100,0,0,0,0,0,0,0,0,0.000917729,-0.004172059,-0.000285883,-0.1652718,-0.01512864,-9.813424,-0.18536716,0.009678982,0.01274886,0.012694402,0,0.06,-0.97,273.42
00:35.4,0,100,0,0,0,0,0,0,0,0,0.001374563,-0.005293317,-0.000641041,-0.16850105,-0.014693905,-9.810397,-0.15937054,0.009867195,0.01270903,0.012397998,0,0.06,-0.97,273.42
00:35.4,0,100,0,0,0,0,0,0,0,0,0.001831397,-0.006414575,-0.000996198,-0.1717303,-0.01425917,-9.80737,-0.13337392,0.010055407,0.0126692,0.012101594,0,0.06,-0.97,273.42
00:35.4,0,100,0,0,0,0,0,0,0,0,0.001454022,-0.005478631,7.28E-05,-0.16892875,-0.015053515,-9.8091535,-0.1073773,0.01024362,0.01262937,0.01180519,0,0.06,-0.97,273.42
00:35.4,0,100,0,0,0,0,0,0,0,0,0.001076648,-0.004542687,0.001141795,-0.1661272,-0.01584786,-9.810937,-0.12094076,0.010324012,0.01248747,0.011972188,0,0.06,-0.97,273.418
00:35.4,0,100,0,0,0,0,0,0,0,0,0.001157849,-0.003868167,0.000745873,-0.16789885,-0.01395703,-9.811584,-0.13450422,0.010404404,0.01234557,0.012139186,0,0.06,-0.97,273.416
00:35.5,0,100,0,0,0,0,0,0,0,0,0.001239049,-0.003193647,0.000349951,-0.1696705,-0.0120662,-9.812231,-0.14806768,0.010484796,0.01220367,0.012306184,0,0.06,-0.97,273.414
00:35.5,0,100,0,0,0,0,0,0,0,0,0.001523606,-4.66E-05,0.00030023,-0.17296515,-0.009039194,-9.8018275,-0.16163114,0.010565188,0.01206177,0.012473182,0,0.06,-0.97,273.412
00:35.5,0,100,0,0,0,0,0,0,0,0,0.001808163,0.003100541,0.000250508,-0.1762598,-0.006012187,-9.791424,-0.1751946,0.01064558,0.01191987,0.01264018,0,0.06,-0.97,273.41
00:35.5,0,100,0,0,0,0,0,0,0,0,0.001327078,-0.001099207,7.43E-05,-0.1723234,-0.009182374,-9.797434,-0.19553978,0.010636534,0.011725372,0.012660262,0,0.06,-0.97,273.41
00:35.5,0,100,0,0,0,0,0,0,0,0,0.000845994,-0.005298956,-0.00010194,-0.168387,-0.01235256,-9.803444,-0.21588496,0.010627488,0.011530874,0.012680344,0,0.06,-0.97,273.41
00:35.6,0,100,0,0,0,0,0,0,0,0,0.001194389,-0.0054477,-2.57E-05,-0.16670125,-0.01463178,-9.80776,-0.23623014,0.010618442,0.011336376,0.012700426,0,0.06,-0.97,273.41
00:35.6,0,100,0,0,0,0,0,0,0,0,0.001542784,-0.005596444,5.05E-05,-0.1650155,-0.016911,-9.812076,-0.25657532,0.010609396,0.011141878,0.012720508,0,0.06,-0.97,273.41
00:35.6,0,100,0,0,0,0,0,0,0,0,0.001482562,-0.005466217,-0.000310801,-0.1667579,-0.01453828,-9.812246,-0.2769205,0.01060035,0.01094738,0.01274059,0,0.06,-0.97,273.41
00:35.6,0,100,0,0,0,0,0,0,0,0,0.00142234,-0.00533599,-0.000672134,-0.1685003,-0.01216556,-9.812416,-0.28483252,0.019867618,0.020940764,0.024659232,0,0.06,-0.97,273.41
00:35.6,0,100,0,0,0,0,0,0,0,0,1.50E-05,-0.001043727,0.00125913,-0.1717306,-0.005736098,-9.815125,-0.29274454,0.029134886,0.030934148,0.036577874,0,0.06,-0.97,273.41
00:35.7,0,100,0,0,0,0,0,0,0,0,-0.001392312,0.003248536,0.003190394,-0.1749609,0.000693364,-9.817834,-0.30065656,0.038402154,0.040927532,0.048496516,0,0.06,-0.97,273.41
00:35.7,0,100,0,0,0,0,0,0,0,0,-0.000423171,-0.001173568,0.002086827,-0.17064665,-0.006840638,-9.8127715,-0.30856858,0.047669422,0.050920916,0.060415158,0,0.06,-0.97,273.41
00:35.7,0,100,0,0,0,0,0,0,0,0,0.00054597,-0.005595673,0.00098326,-0.1663324,-0.01437464,-9.807709,-0.3164806,0.05693669,0.0609143,0.0723338,0,0.06,-0.97,273.41
00:35.7,0,100,0,0,0,0,0,0,0,0,0.000762133,-0.00591921,0.000562684,-0.16891385,-0.01514204,-9.8075805,-0.30856858,0.047498127,0.050717281,0.060414822,0,0.06,-0.97,273.41
00:35.7,0,100,0,0,0,0,0,0,0,0,0.000978295,-0.006242747,0.000142108,-0.1714953,-0.01590944,-9.807452,-0.30065656,0.038059565,0.040520263,0.048495844,0,0.06,-0.97,273.41
00:35.8,0,100,0,0,0,0,0,0,0,0,0.000536548,-0.005571871,0.00032412,-0.17020065,-0.01371364,-9.8081095,-0.29274454,0.028621002,0.030323244,0.036576866,0,0.06,-0.97,273.41
00:35.8,0,100,0,0,0,0,0,0,0,0,9.48E-05,-0.004900995,0.000506132,-0.168906,-0.01151784,-9.808767,-0.28483252,0.01918244,0.020126226,0.024657888,0,0.06,-0.97,273.41
00:35.8,0,100,0,0,0,0,0,0,0,0,0.000804525,-0.005957938,0.000315051,-0.16963915,-0.011100755,-9.809311,-0.2769205,0.009743877,0.009929207,0.01273891,0,0.06,-0.97,273.41
00:35.8,0,100,0,0,0,0,0,0,0,0,0.001514249,-0.007014881,0.00012397,-0.1703723,-0.01068367,-9.809855,-0.27239936,0.009549863,0.009891834,0.012575268,0,0.06,-0.97,273.41
00:35.8,0,100,0,0,0,0,0,0,0,0,0.001029994,-0.006407352,0.000444085,-0.17033215,-0.012253795,-9.8093805,-0.26787822,0.009355849,0.009854462,0.012411626,0,0.06,-0.97,273.41
00:35.9,0,100,0,0,0,0,0,0,0,0,0.000545739,-0.005799823,0.000764199,-0.170292,-0.01382392,-9.808906,-0.26335708,0.009161834,0.009817089,0.012247984,0,0.06,-0.97,273.41
00:35.9,0,100,0,0,0,0,0,0,0,0,0.000800277,-0.005739866,0.000319167,-0.1692177,-0.013542755,-9.8089445,-0.25883594,0.00896782,0.009779717,0.012084342,0,0.06,-0.97,273.41
00:35.9,0,100,0,0,0,0,0,0,0,0,0.001054815,-0.00567991,-0.000125866,-0.1681434,-0.01326159,-9.808983,-0.2543148,0.008773806,0.009742344,0.0119207,0,0.06,-0.97,273.41
00:35.9,0,100,0,0,0,0,0,0,0,0,0.000742319,-0.005843261,-0.000387057,-0.1679148,-0.013834615,-9.8071395,-0.215885006,0.008995692,0.009805427,0.011743432,0,0.06,-0.97,273.408
00:35.9,0,100,0,0,0,0,0,0,0,0,0.000429823,-0.006006612,-0.000648248,-0.1676862,-0.01440764,-9.805296,-0.177455212,0.009217577,0.00986851,0.011566164,0,0.06,-0.97,273.406
00:36.0,0,100,0,0,0,0,0,0,0,0,0.000905138,-0.005859056,-0.000189031,-0.16752615,-0.01428354,-9.8082855,-0.139025418,0.009439463,0.009931594,0.011388896,0,0.06,-0.97,273.404
00:36.0,0,100,0,0,0,0,0,0,0,0,0.001380454,-0.005711501,0.000270186,-0.1673661,-0.01415944,-9.811275,-0.100595624,0.009661348,0.009994677,0.011211628,0,0.06,-0.97,273.402
00:36.0,0,100,0,0,0,0,0,0,0,0,-0.00065876,-0.00476663,-0.000804198,-0.1737687,-0.009632681,-9.808054,-0.06216583,0.009883234,0.01005776,0.01103436,0,0.06,-0.97,273.4
00:36.0,0,100,0,0,0,0,0,0,0,0,-0.002697974,-0.003821759,-0.001878583,-0.1801713,-0.005105921,-9.804833,-0.080250444,0.009605428,0.010337764,0.011402588,0,0.06,-0.97,273.4
00:36.0,0,100,0,0,0,0,0,0,0,0,-0.000648096,-0.004594184,-0.001196513,-0.172526,-0.009800606,-9.808028,-0.098335058,0.009327622,0.010617768,0.011770816,0,0.06,-0.97,273.4
00:36.1,0,100,0,0,0,0,0,0,0,0,0.001401783,-0.005366608,-0.000514444,-0.1648807,-0.01449529,-9.811223,-0.116419672,0.009049815,0.010897772,0.012139044,0,0.06,-0.97,273.4
00:36.1,0,100,0,0,0,0,0,0,0,0,0.000589563,-0.005364211,-0.000118292,-0.1667341,-0.01460654,-9.808461,-0.134504286,0.008772009,0.011177776,0.012507272,0,0.06,-0.97,273.4
00:36.1,0,100,0,0,0,0,0,0,0,0,-0.000222657,-0.005361813,0.000277859,-0.1685875,-0.01471779,-9.805699,-0.1525889,0.008494203,0.01145778,0.0128755,0,0.06,-0.97,273.4
00:36.1,0,100,0,0,0,0,0,0,0,0,0.000302552,-0.005406623,0.000196279,-0.16564825,-0.0143434,-9.8105225,-0.133373998,0.008839404,0.011694938,0.012997576,0,0.06,-0.97,273.4
00:36.1,0,100,0,0,0,0,0,0,0,0,0.000827761,-0.005451433,0.000114699,-0.162709,-0.01396901,-9.815346,-0.114159096,0.009184606,0.011932096,0.013119652,0,0.06,-0.97,273.4
00:36.2,0,100,0,0,0,0,0,0,0,0,0.000363815,-0.003510378,-2.48E-06,-0.1760254,-0.011032101,-9.806968,-0.094944194,0.009529807,0.012169254,0.013241728,0,0.06,-0.97,273.4
00:36.2,0,100,0,0,0,0,0,0,0,0,-0.00010013,-0.001569322,-0.000119652,-0.1893418,-0.008095192,-9.79859,-0.075729292,0.009875009,0.012406412,0.013363804,0,0.06,-0.97,273.4
00:36.2,0,100,0,0,0,0,0,0,0,0,-0.00185495,0.000732806,0.000993669,-0.18308585,-0.00378779,-9.8027245,-0.05651439,0.01022021,0.01264357,0.01348588,0,0.06,-0.97,273.4
00:36.2,0,100,0,0,0,0,0,0,0,0,-0.00360977,0.003034934,0.002106991,-0.1768299,0.000519612,-9.806859,-0.093813892,0.01019792,0.012523298,0.012993042,0,0.06,-0.97,273.402
00:36.2,0,100,0,0,0,0,0,0,0,0,-0.00171556,-0.000829281,0.001339309,-0.1744245,-0.009174074,-9.8074405,-0.131113394,0.01017563,0.012403026,0.012500204,0,0.06,-0.97,273.404
00:36.3,0,100,0,0,0,0,0,0,0,0,0.00017865,-0.004693496,0.000571626,-0.1720191,-0.01886776,-9.808022,-0.168412896,0.01015334,0.012282754,0.012007366,0,0.06,-0.97,273.406
00:36.3,0,100,0,0,0,0,0,0,0,0,0.000965814,-0.005138838,0.000565996,-0.16747425,-0.013849633,-9.80764,-0.205712398,0.01013105,0.012162482,0.011514528,0,0.06,-0.97,273.408
00:36.3,0,100,0,0,0,0,0,0,0,0,0.001752978,-0.005584181,0.000560365,-0.1629294,-0.008831505,-9.807258,-0.2430119,0.01010876,0.01204221,0.01102169,0,0.06,-0.97,273.41
00:36.3,0,100,0,0,0,0,0,0,0,0,0.000870357,-0.005161916,0.000272491,-0.1671381,-0.013517238,-9.8066055,-0.24640276,0.019643602,0.022848142,0.023546438,0,0.06,-0.97,273.41
00:36.3,0,100,0,0,0,0,0,0,0,0,-1.23E-05,-0.004739651,-1.54E-05,-0.1713468,-0.01820297,-9.805953,-0.24979362,0.029178444,0.033654074,0.036071186,0,0.06,-0.97,273.41
00:36.4,0,100,0,0,0,0,0,0,0,0,0.000472483,-0.005203323,0.000294273,-0.17028025,-0.012337382,-9.8068985,-0.25318448,0.038713286,0.044460006,0.048595934,0,0.06,-0.97,273.41
00:36.4,0,100,0,0,0,0,0,0,0,0,0.000957229,-0.005666995,0.000603931,-0.1692137,-0.006471795,-9.807844,-0.25657534,0.048248128,0.055265938,0.061120682,0,0.06,-0.97,273.41
00:36.4,0,100,0,0,0,0,0,0,0,0,0.00092207,-0.002767524,-0.000756532,-0.1772443,-0.009520738,-9.8109305,-0.2599662,0.05778297,0.06607187,0.07364543,0,0.06,-0.97,273.41
00:36.4,0,100,0,0,0,0,0,0,0,0,0.000886912,0.000131946,-0.002116994,-0.1852749,-0.01256968,-9.814017,-0.25431476,0.05715321,0.065720776,0.073227426,0,0.06,-0.97,273.408
00:36.4,0,100,0,0,0,0,0,0,0,0,0.001502359,-0.002813854,-0.00093227,-0.17433985,-0.010694794,-9.8117465,-0.24866332,0.05652345,0.065369682,0.072809422,0,0.06,-0.97,273.406
00:36.5,0,100,0,0,0,0,0,0,0,0,0.002117806,-0.005759655,0.000252453,-0.1634048,-0.008819907,-9.809476,-0.24301188,0.05589369,0.065018588,0.072391418,0,0.06,-0.97,273.404
00:36.5,0,100,0,0,0,0,0,0,0,0,0.001092696,-0.006075754,0.000246235,-0.16694395,-0.012574199,-9.8099485,-0.23736044,0.05526393,0.064667494,0.071973414,0,0.06,-0.97,273.402
00:36.5,0,100,0,0,0,0,0,0,0,0,6.76E-05,-0.006391853,0.000240017,-0.1704831,-0.01632849,-9.810421,-0.231709,0.05463417,0.0643164,0.07155541,0,0.06,-0.97,273.4
00:36.5,0,100,0,0,0,0,0,0,0,0,0.000571548,-0.006866881,0.00012104,-0.1669253,-0.012796333,-9.8096525,-0.22153642,0.045374008,0.053296484,0.059185739,0,0.06,-0.972,273.4
00:36.5,0,100,0,0,0,0,0,0,0,0,0.00107551,-0.007341908,2.06E-06,-0.1633675,-0.009264176,-9.808884,-0.21136384,0.036113847,0.042276568,0.046816068,0,0.06,-0.974,273.4
00:36.6,0,100,0,0,0,0,0,0,0,0,0.002907318,-0.004251339,-0.000899545,-0.17176715,-0.006137714,-9.8116255,-0.20119126,0.026853685,0.031256651,0.034446397,0,0.06,-0.976,273.4
00:36.6,0,100,0,0,0,0,0,0,0,0,0.004739126,-0.001160771,-0.001801153,-0.1801668,-0.003011251,-9.814367,-0.19101868,0.017593524,0.020236735,0.022076726,0,0.06,-0.978,273.4
00:36.6,0,100,0,0,0,0,0,0,0,0,0.00326713,-0.003457002,-0.000214666,-0.17348025,-0.008699906,-9.8122015,-0.1808461,0.008333362,0.009216819,0.009707055,0,0.06,-0.98,273.4
00:36.6,0,100,0,0,0,0,0,0,0,0,0.001795135,-0.005753232,0.001371821,-0.1667937,-0.01438856,-9.810036,-0.18762782,0.008407638,0.009223782,0.009712889,0,0.06,-0.98,273.4
00:36.6,0,100,0,0,0,0,0,0,0,0,0.00202743,-0.005507854,0.000975154,-0.16844075,-0.014782255,-9.8107415,-0.19440954,0.008481914,0.009230745,0.009718722,0,0.06,-0.98,273.4
00:36.7,0,100,0,0,0,0,0,0,0,0,0.002259725,-0.005262477,0.000578486,-0.1700878,-0.01517595,-9.811447,-0.20119126,0.008556191,0.009237708,0.009724556,0,0.06,-0.98,273.4
00:36.7,0,100,0,0,0,0,0,0,0,0,0.001957741,-0.005162821,0.000214681,-0.1680508,-0.013064,-9.81188,-0.20797298,0.008630467,0.009244671,0.009730389,0,0.06,-0.98,273.4
00:36.7,0,100,0,0,0,0,0,0,0,0,0.001655756,-0.005063166,-0.000149125,-0.1660138,-0.01095205,-9.812313,-0.2147547,0.008704743,0.009251634,0.009736223,0,0.06,-0.98,273.4
00:36.7,0,100,0,0,0,0,0,0,0,0,0.001480514,-0.005229119,-0.00011213,-0.1678306,-0.012525965,-9.8100795,-0.2430119,0.008773172,0.009294789,0.009488305,0,0.06,-0.98,273.4
00:36.7,0,100,0,0,0,0,0,0,0,0,0.001305272,-0.005395071,-7.51E-05,-0.1696474,-0.01409988,-9.807846,-0.2712691,0.008841601,0.009337944,0.009240387,0,0.06,-0.98,273.4
00:36.8,0,100,0,0,0,0,0,0,0,0,0.000499209,-0.003244089,0.001056881,-0.17409495,-0.011529302,-9.8047045,-0.2995263,0.008910029,0.0093811,0.00899247,0,0.06,-0.98,273.4
00:36.8,0,100,0,0,0,0,0,0,0,0,-0.000306854,-0.001093106,0.002188897,-0.1785425,-0.008958723,-9.801563,-0.3277835,0.008978458,0.009424255,0.008744552,0,0.06,-0.98,273.4
00:36.8,0,100,0,0,0,0,0,0,0,0,0.000501456,-0.002841676,0.001359023,-0.17321505,-0.012582412,-9.8054465,-0.3560407,0.009046887,0.00946741,0.008496634,0,0.06,-0.98,273.4
00:36.8,0,100,0,0,0,0,0,0,0,0,0.001309765,-0.004590246,0.000529148,-0.1678876,-0.0162061,-9.80933,-0.31648062,0.008908232,0.009433001,0.008763452,0,0.06,-0.98,273.4
00:36.8,0,100,0,0,0,0,0,0,0,0,0.00112906,-0.004846507,0.000537695,-0.16746945,-0.015015975,-9.811188,-0.27692054,0.008769577,0.009398593,0.00903027,0,0.06,-0.98,273.4
00:36.9,0,100,0,0,0,0,0,0,0,0,0.000948355,-0.005102767,0.000546241,-0.1670513,-0.01382585,-9.813046,-0.23736046,0.008630922,0.009364184,0.009297088,0,0.06,-0.98,273.4
00:36.9,0,100,0,0,0,0,0,0,0,0,0.000995681,-0.005216068,0.00050399,-0.1682256,-0.01532744,-9.813298,-0.19780038,0.008492267,0.009329776,0.009563906,0,0.06,-0.98,273.4
00:36.9,0,100,0,0,0,0,0,0,0,0,0.001043007,-0.005329369,0.00046174,-0.1693999,-0.01682903,-9.81355,-0.1582403,0.008353612,0.009295367,0.009830724,0,0.06,-0.98,273.4
00:36.9,0,100,0,0,0,0,0,0,0,0,-5.48E-05,-0.000110575,-0.001715696,-0.17641555,-0.014030635,-9.8076265,-0.18423692,0.008444643,0.009210508,0.010010267,0,0.06,-0.98,273.4
00:36.9,0,100,0,0,0,0,0,0,0,0,-0.001152651,0.005108219,-0.003893132,-0.1834312,-0.01123224,-9.801703,-0.21023354,0.008535675,0.009125649,0.01018981,0,0.06,-0.98,273.4
00:37.0,0,100,0,0,0,0,0,0,0,0,0.000127561,0.005377045,-0.003096615,-0.17854315,-0.008704408,-9.8027685,-0.23623016,0.008626706,0.00904079,0.010369354,0,0.06,-0.98,273.4
00:37.0,0,100,0,0,0,0,0,0,0,0,0.001407772,0.005645871,-0.002300098,-0.1736551,-0.006176576,-9.803834,-0.26222678,0.008717738,0.008955931,0.010548897,0,0.06,-0.98,273.4
00:37.0,0,100,0,0,0,0,0,0,0,0,0.00117856,0.000278089,-0.00104617,-0.1724778,-0.009675553,-9.8108215,-0.2882234,0.008808769,0.008871072,0.01072844,0,0.06,-0.98,273.4
00:37.0,0,100,0,0,0,0,0,0,0,0,0.000949347,-0.005089693,0.000207759,-0.1713005,-0.01317453,-9.817809,-0.28144168,0.009019142,0.009064729,0.010651496,0,0.06,-0.98,273.398
00:37.0,0,100,0,0,0,0,0,0,0,0,0.00111726,-0.004832531,0.000591062,-0.17112925,-0.01315375,-9.8166165,-0.27465996,0.009229514,0.009258386,0.010574552,0,0.06,-0.98,273.396
00:37.1,0,100,0,0,0,0,0,0,0,0,0.001285172,-0.004575369,0.000974366,-0.170958,-0.01313297,-9.815424,-0.26787824,0.009439887,0.009452043,0.010497608,0,0.06,-0.98,273.394
00:37.1,0,100,0,0,0,0,0,0,0,0,0.001289508,-0.004413912,0.000529019,-0.16822915,-0.01316931,-9.817321,-0.26109652,0.009650259,0.0096457,0.010420664,0,0.06,-0.98,273.392
00:37.1,0,100,0,0,0,0,0,0,0,0,0.001293844,-0.004252455,8.37E-05,-0.1655003,-0.01320565,-9.819218,-0.2543148,0.009860632,0.009839357,0.01034372,0,0.06,-0.98,273.39
00:37.1,0,100,0,0,0,0,0,0,0,0,-0.000855328,-0.003203305,0.001327153,-0.1775557,-0.010764722,-9.8131415,-0.23057874,0.009776936,0.009839486,0.010711848,0,0.06,-0.98,273.39
00:37.1,0,100,0,0,0,0,0,0,0,0,-0.0030045,-0.002154155,0.002570634,-0.1896111,-0.008323793,-9.807065,-0.20684268,0.009693239,0.009839616,0.011079976,0,0.06,-0.98,273.39
00:37.2,0,100,0,0,0,0,0,0,0,0,-0.001278654,-0.001409998,0.000810497,-0.1835783,-0.00464871,-9.8023205,-0.18310662,0.009609543,0.009839745,0.011448104,0,0.06,-0.98,273.39
00:37.2,0,100,0,0,0,0,0,0,0,0,0.000447193,-0.000665842,-0.00094964,-0.1775455,-0.000973626,-9.797576,-0.15937056,0.009525846,0.009839875,0.011816232,0,0.06,-0.98,273.39
00:37.2,0,100,0,0,0,0,0,0,0,0,0.000462098,-0.002994227,-0.000487374,-0.17352155,-0.007459738,-9.806475,-0.1356345,0.00944215,0.009840004,0.01218436,0,0.06,-0.98,273.39
00:37.2,0,100,0,0,0,0,0,0,0,0,0.000477003,-0.005322612,-2.51E-05,-0.1694976,-0.01394585,-9.815374,-0.15597968,0.019976396,0.021034477,0.02345452,0,0.06,-0.98,273.39
00:37.2,0,100,0,0,0,0,0,0,0,0,0.000681907,-0.00437611,-0.00047662,-0.1691317,-0.01501241,-9.8182015,-0.17632486,0.030510642,0.03222895,0.03472468,0,0.06,-0.98,273.39
00:37.3,0,100,0,0,0,0,0,0,0,0,0.000886811,-0.003429607,-0.000928132,-0.1687658,-0.01607897,-9.821029,-0.19667004,0.041044888,0.043423424,0.04599484,0,0.06,-0.98,273.39
00:37.3,0,100,0,0,0,0,0,0,0,0,0.00094351,-0.004326977,-7.97E-05,-0.16868925,-0.01496403,-9.8206965,-0.21701522,0.051579134,0.054617897,0.057265,0,0.06,-0.98,273.39
00:37.3,0,100,0,0,0,0,0,0,0,0,0.001000209,-0.005224347,0.000768632,-0.1686127,-0.01384909,-9.820364,-0.2373604,0.06211338,0.06581237,0.06853516,0,0.06,-0.98,273.39
00:37.3,0,100,0,0,0,0,0,0,0,0,0.000792259,-0.006046054,0.000693921,-0.16817385,-0.014574185,-9.81824,-0.24188156,0.051404883,0.054602255,0.0568571,0,0.06,-0.98,273.39
00:37.3,0,100,0,0,0,0,0,0,0,0,0.000584309,-0.00686776,0.00061921,-0.167735,-0.01529928,-9.816116,-0.24640272,0.040696386,0.043392139,0.04517904,0,0.06,-0.98,273.39
00:37.4,0,100,0,0,0,0,0,0,0,0,0.001445229,-0.006072237,0.000617808,-0.1686774,-0.01381329,-9.81488,-0.25092388,0.02998789,0.032182024,0.03350098,0,0.06,-0.98,273.39
00:37.4,0,100,0,0,0,0,0,0,0,0,0.002306149,-0.005276713,0.000616406,-0.1696198,-0.0123273,-9.813644,-0.25544504,0.019279393,0.020971908,0.02182292,0,0.06,-0.98,273.39
00:37.4,0,100,0,0,0,0,0,0,0,0,0.001452955,-0.00544158,0.000250286,-0.16972285,-0.010551723,-9.8153915,-0.2599662,0.008570896,0.009761793,0.01014486,0,0.06,-0.98,273.39
00:37.4,0,100,0,0,0,0,0,0,0,0,0.000599762,-0.005606447,-0.000115835,-0.1698259,-0.008776147,-9.817139,-0.25318448,0.008375948,0.00993033,0.009838447,0,0.06,-0.98,273.39
00:37.4,0,100,0,0,0,0,0,0,0,0,0.000681045,-0.005380695,0.000125367,-0.170141,-0.010580694,-9.817747,-0.24640276,0.008181,0.010098868,0.009532035,0,0.06,-0.98,273.39
00:37.5,0,100,0,0,0,0,0,0,0,0,0.000762328,-0.005154944,0.000366568,-0.1704561,-0.01238524,-9.818355,-0.23962104,0.007986053,0.010267405,0.009225622,0,0.06,-0.98,273.39
00:37.5,0,100,0,0,0,0,0,0,0,0,0.00120945,-0.004691429,0.00050125,-0.1703179,-0.013735185,-9.82003,-0.23283932,0.007791105,0.010435943,0.00891921,0,0.06,-0.98,273.39
00:37.5,0,100,0,0,0,0,0,0,0,0,0.001656572,-0.004227914,0.000635931,-0.1701797,-0.01508513,-9.821705,-0.2260576,0.007596157,0.01060448,0.008612797,0,0.06,-0.98,273.39
00:37.5,0,100,0,0,0,0,0,0,0,0,0.000252411,-0.001322512,-0.001928065,-0.17493445,-0.015283465,-9.8136895,-0.20910328,0.007736587,0.010313585,0.008777708,0,0.06,-0.98,273.39
00:37.5,0,100,0,0,0,0,0,0,0,0,-0.00115175,0.00158289,-0.004492061,-0.1796892,-0.0154818,-9.805674,-0.19214896,0.007877016,0.01002269,0.008942619,0,0.06,-0.98,273.39
00:37.6,0,100,0,0,0,0,0,0,0,0,-1.79E-05,-0.001361975,-0.002069264,-0.1746903,-0.01650544,-9.8148085,-0.17519464,0.008017446,0.009731795,0.009107529,0,0.06,-0.98,273.39
00:37.6,0,100,0,0,0,0,0,0,0,0,0.001115942,-0.00430684,0.000353534,-0.1696914,-0.01752908,-9.823943,-0.15824032,0.008157875,0.0094409,0.00927244,0,0.06,-0.98,273.39
00:37.6,0,100,0,0,0,0,0,0,0,0,0.001394518,-0.004955236,0.000555108,-0.1697776,-0.014641505,-9.8224535,-0.141286,0.008298305,0.009150005,0.009437351,0,0.06,-0.98,273.39
00:37.6,0,100,0,0,0,0,0,0,0,0,0.001673094,-0.005603631,0.000756682,-0.1698638,-0.01175393,-9.820964,-0.13563456,0.008091457,0.009054245,0.009280449,0,0.06,-0.98,273.39
00:37.6,0,100,0,0,0,0,0,0,0,0,0.00173367,-0.005119196,0.000344089,-0.1699268,-0.013007905,-9.820206,-0.12998312,0.007884609,0.008958486,0.009123547,0,0.06,-0.98,273.39
00:37.7,0,100,0,0,0,0,0,0,0,0,0.001794245,-0.004634761,-6.85E-05,-0.1699898,-0.01426188,-9.819448,-0.12433168,0.00767776,0.008862726,0.008966646,0,0.06,-0.98,273.39
00:37.7,0,100,0,0,0,0,0,0,0,0,2.20E-05,-0.005286375,-0.00133992,-0.1762444,-0.011284718,-9.814847,-0.11868024,0.007470912,0.008766967,0.008809744,0,0.06,-0.98,273.39
00:37.7,0,100,0,0,0,0,0,0,0,0,-0.001750322,-0.005937988,-0.002611335,-0.182499,-0.008307555,-9.810246,-0.1130288,0.007264064,0.008671207,0.008652842,0,0.06,-0.98,273.39
00:37.7,0,100,0,0,0,0,0,0,0,0,-0.000779087,-0.004427126,-0.000641862,-0.182064,-0.008800371,-9.809804,-0.14806772,0.007392722,0.008620791,0.008679299,0,0.06,-0.98,273.39
00:37.7,0,100,0,0,0,0,0,0,0,0,0.000192147,-0.002916263,0.001327611,-0.181629,-0.009293186,-9.809362,-0.18310664,0.007521381,0.008570375,0.008705756,0,0.06,-0.98,273.39
00:37.8,0,100,0,0,0,0,0,0,0,0,0.000637735,-0.004076285,0.000884117,-0.1761383,-0.011937203,-9.814026,-0.21814556,0.007650039,0.008519958,0.008732212,0,0.06,-0.98,273.39
00:37.8,0,100,0,0,0,0,0,0,0,0,0.001083323,-0.005236306,0.000440623,-0.1706476,-0.01458122,-9.81869,-0.25318448,0.007778698,0.008469542,0.008758669,0,0.06,-0.98,273.39
00:37.8,0,100,0,0,0,0,0,0,0,0,0.001187015,-0.005002348,0.000815321,-0.16914765,-0.015011365,-9.817918,-0.2882234,0.007907356,0.008419126,0.008785126,0,0.06,-0.98,273.39
00:37.8,0,100,0,0,0,0,0,0,0,0,0.001290707,-0.00476839,0.001190019,-0.1676477,-0.01544151,-9.817146,-0.306308,0.008015795,0.008296555,0.008694383,0,0.06,-0.98,273.39
00:37.8,0,100,0,0,0,0,0,0,0,0,0.001492383,-0.005803592,0.00039753,-0.16965815,-0.01463342,-9.81783,-0.3243926,0.008124234,0.008173984,0.008603641,0,0.06,-0.98,273.39
00:37.9,0,100,0,0,0,0,0,0,0,0,0.001694059,-0.006838795,-0.000394959,-0.1716686,-0.01382533,-9.818514,-0.3424772,0.008232674,0.008051413,0.008512898,0,0.06,-0.98,273.39
00:37.9,0,100,0,0,0,0,0,0,0,0,0.001559996,-0.006516592,-0.000142861,-0.1720554,-0.014033935,-9.8194645,-0.3605618,0.008341113,0.007928842,0.008422156,0,0.06,-0.98,273.39
00:37.9,0,100,0,0,0,0,0,0,0,0,0.001425934,-0.006194388,0.000109238,-0.1724422,-0.01424254,-9.820415,-0.3786464,0.008449552,0.007806271,0.008331413,0,0.06,-0.98,273.39
00:37.9,0,100,0,0,0,0,0,0,0,0,0.001574377,-0.005429641,0.000233177,-0.17135055,-0.01391902,-9.821772,-0.36621324,0.017776908,0.020236973,0.021795886,0,0.06,-0.98,273.39
00:37.9,0,100,0,0,0,0,0,0,0,0,0.001722819,-0.004664894,0.000357117,-0.1702589,-0.0135955,-9.823129,-0.35378008,0.027104263,0.032667675,0.03526036,0,0.06,-0.98,273.39
00:38.0,0,100,0,0,0,0,0,0,0,0,0.002164065,-0.001664538,0.001210494,-0.1752853,-0.005519276,-9.818885,-0.34134692,0.036431619,0.045098376,0.048724833,0,0.06,-0.98,273.39
00:38.0,0,100,0,0,0,0,0,0,0,0,0.00260531,0.001335819,0.002063872,-0.1803117,0.002556948,-9.814641,-0.32891376,0.045758974,0.057529078,0.062189307,0,0.06,-0.98,273.39
00:38.0,0,100,0,0,0,0,0,0,0,0,0.001716271,-0.001685732,0.000810322,-0.17551975,-0.004858696,-9.816778,-0.3164806,0.05508633,0.06995978,0.07565378,0,0.06,-0.98,273.39
00:38.0,0,100,0,0,0,0,0,0,0,0,0.000827233,-0.004707283,-0.000443229,-0.1707278,-0.01227434,-9.818915,-0.29387484,0.045585772,0.057711883,0.062221411,0,0.06,-0.98,273.39
00:38.0,0,100,0,0,0,0,0,0,0,0,0.000867815,-0.004402926,0.000113072,-0.1711078,-0.01240017,-9.818826,-0.27126908,0.036085215,0.045463986,0.048789043,0,0.06,-0.98,273.39
00:38.1,0,100,0,0,0,0,0,0,0,0,0.000908398,-0.004098568,0.000669373,-0.1714878,-0.012526,-9.818737,-0.24866332,0.026584657,0.033216088,0.035356674,0,0.06,-0.98,273.39
00:38.1,0,100,0,0,0,0,0,0,0,0,0.001042704,-0.004863626,0.000298764,-0.17003015,-0.01218982,-9.8187915,-0.22605756,0.0170841,0.020968191,0.021924306,0,0.06,-0.98,273.39
00:38.1,0,100,0,0,0,0,0,0,0,0,0.00117701,-0.005628683,-7.18E-05,-0.1685725,-0.01185364,-9.818846,-0.2034518,0.007583542,0.008720294,0.008491937,0,0.06,-0.98,273.39
00:38.1,0,100,0,0,0,0,0,0,0,0,0.0002591,-0.002102169,0.001227446,-0.1720702,-0.01184754,-9.8102775,-0.22492728,0.007810716,0.008600625,0.008389839,0,0.06,-0.98,273.39
00:38.1,0,100,0,0,0,0,0,0,0,0,-0.000658809,0.001424345,0.002526736,-0.1755679,-0.01184144,-9.801709,-0.24640276,0.00803789,0.008480956,0.008287742,0,0.06,-0.98,273.39
00:38.2,0,100,0,0,0,0,0,0,0,0,0.00036082,-0.001574403,0.001704922,-0.172176,-0.01178148,-9.8104695,-0.26787824,0.008265065,0.008361286,0.008185644,0,0.06,-0.98,273.39
00:38.2,0,100,0,0,0,0,0,0,0,0,0.001380449,-0.004573152,0.000883108,-0.1687841,-0.01172152,-9.81923,-0.28935372,0.008492239,0.008241617,0.008083547,0,0.06,-0.98,273.39
00:38.2,0,100,0,0,0,0,0,0,0,0,0.001756941,-0.004897831,0.001153963,-0.1702951,-0.01247019,-9.8195915,-0.3108292,0.008719413,0.008121948,0.007981449,0,0.06,-0.98,273.39
00:38.2,0,100,0,0,0,0,0,0,0,0,0.002133433,-0.005222509,0.001424819,-0.1718061,-0.01321886,-9.819953,-0.28709314,0.008945731,0.008199616,0.00799364,0,0.06,-0.98,273.39
00:38.2,0,100,0,0,0,0,0,0,0,0,0.001890549,-0.005670856,0.001016876,-0.17148715,-0.01362881,-9.818816,-0.26335708,0.009172048,0.008277284,0.008005832,0,0.06,-0.98,273.39
00:38.3,0,100,0,0,0,0,0,0,0,0,0.001647664,-0.006119202,0.000608932,-0.1711682,-0.01403876,-9.817679,-0.23962102,0.009398366,0.008354952,0.008018023,0,0.06,-0.98,273.39
00:38.3,0,100,0,0,0,0,0,0,0,0,0.001553418,-0.005790461,0.000362063,-0.17109935,-0.01339754,-9.818824,-0.21588496,0.009624683,0.00843262,0.008030215,0,0.06,-0.98,273.39
00:38.3,0,100,0,0,0,0,0,0,0,0,0.001459171,-0.005461719,0.000115194,-0.1710305,-0.01275632,-9.819969,-0.1921489,0.009851001,0.008510288,0.008042406,0,0.06,-0.98,273.39
00:38.3,0,100,0,0,0,0,0,0,0,0,0.000270653,-0.001461034,0.001757419,-0.17924415,-0.0051896,-9.8067235,-0.18197632,0.009580276,0.008423015,0.008069689,0,0.06,-0.98,273.388
00:38.3,0,100,0,0,0,0,0,0,0,0,-0.000917866,0.002539651,0.003399645,-0.1874578,0.002377121,-9.793478,-0.17180374,0.009309551,0.008335742,0.008096972,0,0.06,-0.98,273.386
00:38.4,0,100,0,0,0,0,0,0,0,0,-0.000143263,-0.001098396,0.001759329,-0.18012985,-0.00755001,-9.8057315,-0.16163116,0.009038827,0.008248468,0.008124256,0,0.06,-0.98,273.384
00:38.4,0,100,0,0,0,0,0,0,0,0,0.000631339,-0.004736442,0.000119012,-0.1728019,-0.01747714,-9.817985,-0.15145858,0.008768102,0.008161195,0.008151539,0,0.06,-0.98,273.382
00:38.4,0,100,0,0,0,0,0,0,0,0,0.000715846,-0.00543482,0.000354946,-0.1731383,-0.01670321,-9.818422,-0.141286,0.008497377,0.008073922,0.008178822,0,0.06,-0.98,273.38
00:38.4,0,100,0,0,0,0,0,0,0,0,0.000800353,-0.006133197,0.000590879,-0.1734747,-0.01592928,-9.818859,-0.15371916,0.00860175,0.008294399,0.008200531,0,0.06,-0.98,273.38
00:38.4,0,100,0,0,0,0,0,0,0,0,0.000799955,-0.006334729,0.000890776,-0.17104585,-0.01359426,-9.8183835,-0.16615232,0.008706123,0.008514877,0.00822224,0,0.06,-0.98,273.38
00:38.5,0,100,0,0,0,0,0,0,0,0,0.000799556,-0.006536261,0.001190674,-0.168617,-0.01125924,-9.817908,-0.17858548,0.008810496,0.008735354,0.008243949,0,0.06,-0.98,273.38
00:38.5,0,100,0,0,0,0,0,0,0,0,0.00137378,-0.002591978,0.001008187,-0.1742598,-0.009734936,-9.8156715,-0.19101864,0.008914869,0.008955832,0.008265658,0,0.06,-0.98,273.38
00:38.5,0,100,0,0,0,0,0,0,0,0,0.001948003,0.001352306,0.0008257,-0.1799026,-0.008210632,-9.813435,-0.2034518,0.009019242,0.009176309,0.008287367,0,0.06,-0.98,273.38
00:38.5,0,100,0,0,0,0,0,0,0,0,0.00270456,-0.000643373,-0.000322253,-0.18052885,-0.010707181,-9.8121115,-0.19780036,0.008996038,0.009271619,0.008306627,0,0.062,-0.98,273.38
00:38.5,0,100,0,0,0,0,0,0,0,0,0.003461116,-0.002639051,-0.001470206,-0.1811551,-0.01320373,-9.810788,-0.19214892,0.008972833,0.009366928,0.008325887,0,0.064,-0.98,273.38
00:38.6,0,100,0,0,0,0,0,0,0,0,0.002371092,-0.004130759,-0.000620679,-0.17683825,-0.01392282,-9.811965,-0.18649748,0.008949629,0.009462238,0.008345148,0,0.066,-0.98,273.38
00:38.6,0,100,0,0,0,0,0,0,0,0,0.001281068,-0.005622466,0.000228848,-0.1725214,-0.01464191,-9.813142,-0.18084604,0.008926424,0.009557547,0.008364408,0,0.068,-0.98,273.38
00:38.6,0,100,0,0,0,0,0,0,0,0,0.001359176,-0.005240587,0.000729115,-0.1720035,-0.011861806,-9.815022,-0.1751946,0.00890322,0.009652857,0.008383668,0,0.07,-0.98,273.38
00:38.6,0,100,0,0,0,0,0,0,0,0,0.001437284,-0.004858707,0.001229382,-0.1714856,-0.009081702,-9.816902,-0.16502202,0.018247452,0.020319754,0.02090256,0,0.07,-0.98,273.38
00:38.6,0,100,0,0,0,0,0,0,0,0,0.001547798,-0.004565323,0.000769402,-0.1734205,-0.011565486,-9.816878,-0.15484944,0.027591684,0.03098665,0.033421453,0,0.07,-0.98,273.38
00:38.7,0,100,0,0,0,0,0,0,0,0,0.001658312,-0.004271939,0.000309422,-0.1753554,-0.01404927,-9.816854,-0.14467686,0.036935916,0.041653547,0.045940345,0,0.07,-0.98,273.38
00:38.7,0,100,0,0,0,0,0,0,0,0,0.000842902,-0.004133626,2.01E-05,-0.17168555,-0.01593914,-9.8169315,-0.13450428,0.046280148,0.052320443,0.058459238,0,0.07,-0.98,273.38
00:38.7,0,100,0,0,0,0,0,0,0,0,2.75E-05,-0.003995312,-0.000269162,-0.1680157,-0.01782901,-9.817009,-0.1243317,0.05562438,0.06298734,0.07097813,0,0.07,-0.98,273.38
00:38.7,0,100,0,0,0,0,0,0,0,0,-0.000594667,-0.004703099,-0.000383931,-0.1777507,-0.011550685,-9.8180585,-0.12207112,0.046635698,0.052498484,0.059348112,0,0.07,-0.982,273.38
00:38.7,0,100,0,0,0,0,0,0,0,0,-0.001216826,-0.005410885,-0.000498699,-0.1874857,-0.00527236,-9.819108,-0.11981054,0.037647016,0.042009628,0.047718094,0,0.07,-0.984,273.38
00:38.8,0,100,0,0,0,0,0,0,0,0,-2.71E-05,-0.005622268,7.52E-05,-0.18054575,-0.00962373,-9.8191815,-0.11754996,0.028658334,0.031520772,0.036088076,0,0.07,-0.986,273.38
00:38.8,0,100,0,0,0,0,0,0,0,0,0.001162603,-0.005833651,0.000649166,-0.1736058,-0.0139751,-9.819255,-0.11528938,0.019669652,0.021031916,0.024458058,0,0.07,-0.988,273.38
00:38.8,0,100,0,0,0,0,0,0,0,0,0.000578902,-0.005768417,0.000199473,-0.1700663,-0.01378133,-9.820247,-0.1130288,0.01068097,0.01054306,0.01282804,0,0.07,-0.99,273.38
00:38.8,0,100,0,0,0,0,0,0,0,0,-4.80E-06,-0.005703182,-0.00025022,-0.1665268,-0.01358756,-9.821239,-0.093813904,0.010555954,0.010404616,0.012731932,0,0.07,-0.99,273.38
00:38.8,0,100,0,0,0,0,0,0,0,0,0.000483713,-0.005814757,-0.000410183,-0.16901065,-0.0129791,-9.820618,-0.074599008,0.010430938,0.010266173,0.012635824,0,0.07,-0.99,273.38
00:38.9,0,100,0,0,0,0,0,0,0,0,0.000972224,-0.005926331,-0.000570146,-0.1714945,-0.01237064,-9.819997,-0.055384112,0.010305922,0.010127729,0.012539716,0,0.07,-0.99,273.38
00:38.9,0,100,0,0,0,0,0,0,0,0,0.001047344,-0.006713355,-0.000339166,-0.16961895,-0.011735515,-9.8204755,-0.036169216,0.010180906,0.009989286,0.012443608,0,0.07,-0.99,273.38
00:38.9,0,100,0,0,0,0,0,0,0,0,0.001122465,-0.007500378,-0.000108187,-0.1677434,-0.01110039,-9.820954,-0.01695432,0.01005589,0.009850842,0.0123475,0,0.07,-0.99,273.38
00:38.9,0,100,0,0,0,0,0,0,0,0,-0.000223567,-0.002904581,0.000927484,-0.17803035,-0.004604082,-9.809366,-0.00395601,0.00979318,0.009762393,0.011989596,0,0.07,-0.99,273.378
00:38.9,0,100,0,0,0,0,0,0,0,0,-0.001569599,0.001691217,0.001963154,-0.1883173,0.001892227,-9.797778,0.0090423,0.00953047,0.009673945,0.011631692,0,0.07,-0.99,273.376
00:39.0,0,100,0,0,0,0,0,0,0,0,-0.000549753,-0.001309447,0.000980049,-0.1796735,-0.005439702,-9.8084655,0.02204061,0.009267759,0.009585496,0.011273788,0,0.07,-0.99,273.374
00:39.0,0,100,0,0,0,0,0,0,0,0,0.000470093,-0.004310112,-3.06E-06,-0.1710297,-0.01277163,-9.819153,0.03503892,0.009005049,0.009497048,0.010915884,0,0.07,-0.99,273.372
00:39.0,0,100,0,0,0,0,0,0,0,0,0.000769132,-0.004324863,-0.000225955,-0.17118565,-0.01432826,-9.820548,0.04803723,0.008742339,0.009408599,0.01055798,0,0.07,-0.99,273.37
00:39.0,0,100,0,0,0,0,0,0,0,0,0.00106817,-0.004339613,-0.000448854,-0.1713416,-0.01588489,-9.821943,0.02486633,0.008716396,0.009643395,0.01044462,0,0.07,-0.988,273.37
00:39.0,0,100,0,0,0,0,0,0,0,0,0.000878513,-0.005041616,-0.000498804,-0.17009425,-0.014922755,-9.819259,0.00169543,0.008690453,0.009878191,0.010331261,0,0.07,-0.986,273.37
00:39.1,0,100,0,0,0,0,0,0,0,0,0.000688857,-0.005743618,-0.000548753,-0.1688469,-0.01396062,-9.816575,-0.02147547,0.008664509,0.010112988,0.010217901,0,0.07,-0.984,273.37
00:39.1,0,100,0,0,0,0,0,0,0,0,0.001320759,-0.005423635,0.000138564,-0.1701281,-0.01379464,-9.818887,-0.04464637,0.008638566,0.010347784,0.010104542,0,0.07,-0.982,273.37
00:39.1,0,100,0,0,0,0,0,0,0,0,0.001952662,-0.005103652,0.000825881,-0.1714093,-0.01362866,-9.821199,-0.06781727,0.008612623,0.01058258,0.009991182,0,0.07,-0.98,273.37
00:39.1,0,100,0,0,0,0,0,0,0,0,0.000248183,-0.002879368,0.000676362,-0.17723585,-0.008689273,-9.8201795,-0.076859576,0.008633173,0.010449183,0.009894678,0,0.07,-0.98,273.37
00:39.1,0,100,0,0,0,0,0,0,0,0,-0.001456296,-0.000655083,0.000526843,-0.1830624,-0.003749886,-9.81916,-0.085901882,0.008653722,0.010315786,0.009798174,0,0.07,-0.98,273.37
00:39.2,0,100,0,0,0,0,0,0,0,0,-0.00061327,-0.002870261,0.000231196,-0.176339,-0.010411203,-9.818442,-0.094944188,0.008674272,0.01018239,0.009701669,0,0.07,-0.98,273.37
00:39.2,0,100,0,0,0,0,0,0,0,0,0.000229756,-0.005085438,-6.45E-05,-0.1696156,-0.01707252,-9.817724,-0.103986494,0.008694821,0.010048993,0.009605165,0,0.07,-0.98,273.37
00:39.2,0,100,0,0,0,0,0,0,0,0,0.000540004,-0.004704884,-4.89E-05,-0.16852445,-0.015067275,-9.8207505,-0.1130288,0.008715371,0.009915596,0.009508661,0,0.07,-0.98,273.37
00:39.2,0,100,0,0,0,0,0,0,0,0,0.000850251,-0.00432433,-3.34E-05,-0.1674333,-0.01306203,-9.823777,-0.11076822,0.008539527,0.009722109,0.009620299,0,0.07,-0.98,273.37
00:39.2,0,100,0,0,0,0,0,0,0,0,0.001185423,-0.004425525,-0.000402524,-0.1691485,-0.012147215,-9.822726,-0.10850764,0.008363683,0.009528622,0.009731937,0,0.07,-0.98,273.37
00:39.3,0,100,0,0,0,0,0,0,0,0,0.001520595,-0.004526719,-0.000771672,-0.1708637,-0.0112324,-9.821675,-0.10624706,0.008187838,0.009335136,0.009843574,0,0.07,-0.98,273.37
00:39.3,0,100,0,0,0,0,0,0,0,0,0.001376336,-0.004699552,-0.000217121,-0.17053995,-0.0124372,-9.821792,-0.10398648,0.008011994,0.009141649,0.009955212,0,0.07,-0.98,273.37
00:39.3,0,100,0,0,0,0,0,0,0,0,0.001232078,-0.004872385,0.00033743,-0.1702162,-0.013642,-9.821909,-0.1017259,0.00783615,0.008948162,0.01006685,0,0.07,-0.98,273.37
00:39.3,0,100,0,0,0,0,0,0,0,0,0.001198592,-0.005171978,0.000559041,-0.16967785,-0.01435471,-9.8215535,-0.077424712,0.008225531,0.009287592,0.01118222,0,0.07,-0.98,273.37
00:39.3,0,100,0,0,0,0,0,0,0,0,0.001165106,-0.00547157,0.000780651,-0.1691395,-0.01506742,-9.821198,-0.053123524,0.008614912,0.009627021,0.01229759,0,0.07,-0.98,273.37
00:39.4,0,100,0,0,0,0,0,0,0,0,0.001216405,-0.005700923,0.0002082,-0.16925025,-0.01213945,-9.8225175,-0.028822336,0.009004292,0.009966451,0.01341296,0,0.07,-0.98,273.37
00:39.4,0,100,0,0,0,0,0,0,0,0,0.001267704,-0.005930275,-0.000364252,-0.169361,-0.00921148,-9.823837,-0.004521148,0.009393673,0.01030588,0.01452833,0,0.07,-0.98,273.37
00:39.4,0,100,0,0,0,0,0,0,0,0,0.001576384,-0.00582576,-2.27E-05,-0.16941905,-0.01167021,-9.82273,0.01978004,0.009783054,0.01064531,0.0156437,0,0.07,-0.98,273.37
00:39.4,0,100,0,0,0,0,0,0,0,0,0.001885065,-0.005721245,0.000318861,-0.1694771,-0.01412894,-9.821623,0.01130288,0.019358423,0.021738942,0.027691364,0,0.07,-0.98,273.37
00:39.4,0,100,0,0,0,0,0,0,0,0,0.000896517,-0.005689424,0.000533799,-0.1685385,-0.013102005,-9.820311,0.00282572,0.028933792,0.032832574,0.039739028,0,0.07,-0.98,273.37
00:39.5,0,100,0,0,0,0,0,0,0,0,-9.20E-05,-0.005657603,0.000748738,-0.1675999,-0.01207507,-9.818999,-0.00565144,0.038509162,0.043926206,0.051786692,0,0.07,-0.98,273.37
00:39.5,0,100,0,0,0,0,0,0,0,0,-0.00128892,-0.003051764,-0.000345153,-0.17706025,-0.01754254,-9.8158915,-0.0141286,0.048084531,0.055019838,0.063834356,0,0.07,-0.98,273.37
00:39.5,0,100,0,0,0,0,0,0,0,0,-0.002485809,-0.000445925,-0.001439044,-0.1865206,-0.02301001,-9.812784,-0.02260576,0.0576599,0.06611347,0.07588202,0,0.07,-0.98,273.37
00:39.5,0,100,0,0,0,0,0,0,0,0,-0.001526534,-0.00080007,-0.000757715,-0.1849455,-0.01237166,-9.8157155,-0.0372995,0.048219738,0.054865454,0.063584216,0,0.07,-0.98,273.37
00:39.5,0,100,0,0,0,0,0,0,0,0,-0.000567258,-0.001154214,-7.64E-05,-0.1833704,-0.00173331,-9.818647,-0.05199324,0.038779576,0.043617438,0.051286412,0,0.07,-0.98,273.37
00:39.6,0,100,0,0,0,0,0,0,0,0,-0.000227227,-0.003547152,0.000629342,-0.17730415,-0.00838736,-9.8202525,-0.06668698,0.029339414,0.032369421,0.038988608,0,0.07,-0.98,273.37
00:39.6,0,100,0,0,0,0,0,0,0,0,0.000112805,-0.005940089,0.00133507,-0.1712379,-0.01504141,-9.821858,-0.08138072,0.019899252,0.021121405,0.026690804,0,0.07,-0.98,273.37
00:39.6,0,100,0,0,0,0,0,0,0,0,0.000599722,-0.004984327,0.001395534,-0.17239105,-0.012374454,-9.8188075,-0.09607446,0.01045909,0.009873389,0.014393,0,0.07,-0.98,273.37
00:39.6,0,100,0,0,0,0,0,0,0,0,0.00108664,-0.004028565,0.001455997,-0.1735442,-0.009707497,-9.815757,-0.09607446,0.010710144,0.010148473,0.014463508,0,0.07,-0.98,273.37
00:39.6,0,100,0,0,0,0,0,0,0,0,0.001135747,-0.00498408,0.000754736,-0.17182585,-0.011328494,-9.818221,-0.09607446,0.010961198,0.010423557,0.014534016,0,0.07,-0.98,273.37
00:39.7,0,100,0,0,0,0,0,0,0,0,0.001184853,-0.005939595,5.35E-05,-0.1701075,-0.01294949,-9.820685,-0.09607446,0.011212252,0.010698642,0.014604524,0,0.07,-0.98,273.37
00:39.7,0,100,0,0,0,0,0,0,0,0,0.0011443,-0.004906195,-3.27E-05,-0.1699547,-0.01415261,-9.8226145,-0.09607446,0.011463306,0.010973726,0.014675032,0,0.07,-0.98,273.37
00:39.7,0,100,0,0,0,0,0,0,0,0,0.001103746,-0.003872795,-0.000118867,-0.1698019,-0.01535573,-9.824544,-0.09607446,0.01171436,0.01124881,0.01474554,0,0.07,-0.98,273.37
00:39.7,0,100,0,0,0,0,0,0,0,0,0.001539715,0.000276451,-0.001207324,-0.1719799,-0.019748275,-9.8108055,-0.080250432,0.011725156,0.011349686,0.014594178,0,0.07,-0.98,273.37
00:39.7,0,100,0,0,0,0,0,0,0,0,0.001975683,0.004425697,-0.00229578,-0.1741579,-0.02414082,-9.797067,-0.064426404,0.011735952,0.011450562,0.014442816,0,0.07,-0.98,273.37
00:39.8,0,100,0,0,0,0,0,0,0,0,0.002127598,-0.00067426,-0.000637269,-0.1733784,-0.016602385,-9.8082535,-0.048602376,0.011746748,0.011551438,0.014291454,0,0.07,-0.98,273.37
00:39.8,0,100,0,0,0,0,0,0,0,0,0.002279512,-0.005774216,0.001021241,-0.1725989,-0.009063949,-9.81944,-0.032778348,0.011757544,0.011652314,0.014140092,0,0.07,-0.98,273.37
00:39.8,0,100,0,0,0,0,0,0,0,0,0.001914751,-0.004848917,0.000915663,-0.1718392,-0.0107648,-9.820064,-0.01695432,0.01176834,0.01175319,0.01398873,0,0.07,-0.98,273.37
00:39.8,0,100,0,0,0,0,0,0,0,0,0.00154999,-0.003923618,0.000810084,-0.1710795,-0.01246565,-9.820688,-0.055384096,0.011608688,0.012331346,0.014210146,0,0.07,-0.982,273.37
00:39.8,0,100,0,0,0,0,0,0,0,0,0.00104171,-0.004368356,0.000581865,-0.16977835,-0.01365279,-9.823816,-0.093813872,0.011449036,0.012909502,0.014431562,0,0.07,-0.984,273.37
00:39.9,0,100,0,0,0,0,0,0,0,0,0.00053343,-0.004813093,0.000353647,-0.1684772,-0.01483993,-9.826944,-0.132243648,0.011289384,0.013487658,0.014652978,0,0.07,-0.986,273.37
00:39.9,0,100,0,0,0,0,0,0,0,0,-0.000922552,-0.005279767,0.001747797,-0.1708651,-0.01367364,-9.8174605,-0.170673424,0.011129732,0.014065814,0.014874394,0,0.07,-0.988,273.37
00:39.9,0,100,0,0,0,0,0,0,0,0,-0.002378534,-0.005746441,0.003141947,-0.173253,-0.01250735,-9.807977,-0.2091032,0.01097008,0.01464397,0.01509581,0,0.07,-0.99,273.37
00:39.9,0,100,0,0,0,0,0,0,0,0,-0.000853101,-0.003203876,0.002738638,-0.1778342,-0.007881627,-9.806939,-0.19440946,0.010800102,0.014412418,0.014524696,0,0.07,-0.99,273.37
00:39.9,0,100,0,0,0,0,0,0,0,0,0.000672332,-0.000661311,0.002335329,-0.1824154,-0.003255903,-9.805901,-0.17971572,0.010630124,0.014180866,0.013953582,0,0.07,-0.99,273.37
00:40.0,0,100,0,0,0,0,0,0,0,0,0.000728318,-0.003395484,0.001411953,-0.17564205,-0.010085556,-9.817431,-0.16502198,0.010460146,0.013949314,0.013382468,0,0.07,-0.99,273.37
00:40.0,0,100,0,0,0,0,0,0,0,0,0.000784304,-0.006129658,0.000488576,-0.1688687,-0.01691521,-9.828961,-0.15032824,0.010290168,0.013717762,0.012811354,0,0.07,-0.99,273.37
00:40.0,0,100,0,0,0,0,0,0,0,0,0.001268056,-0.006416309,0.000288752,-0.16916615,-0.013947255,-9.824551,-0.1356345,0.01012019,0.01348621,0.01224024,0,0.07,-0.99,273.37
00:40.0,0,100,0,0,0,0,0,0,0,0,0.001751809,-0.00670296,8.89E-05,-0.1694636,-0.0109793,-9.820141,-0.15258882,0.010177726,0.01333331,0.01244529,0,0.07,-0.99,273.37
00:40.0,0,100,0,0,0,0,0,0,0,0,0.001418611,-0.006099827,0.000248539,-0.17034025,-0.014325905,-9.8221555,-0.16954314,0.010235262,0.01318041,0.01265034,0,0.07,-0.99,273.37
00:40.1,0,100,0,0,0,0,0,0,0,0,0.001085412,-0.005496693,0.00040815,-0.1712169,-0.01767251,-9.82417,-0.18649746,0.010292798,0.01302751,0.01285539,0,0.07,-0.99,273.37
00:40.1,0,100,0,0,0,0,0,0,0,0,0.000821547,-0.004608318,0.00047475,-0.1719118,-0.01618099,-9.8231295,-0.20345178,0.010350334,0.01287461,0.01306044,0,0.07,-0.99,273.37
00:40.1,0,100,0,0,0,0,0,0,0,0,0.000557682,-0.003719942,0.00054135,-0.1726067,-0.01468947,-9.822089,-0.2204061,0.01040787,0.01272171,0.01326549,0,0.07,-0.99,273.37
00:40.1,0,100,0,0,0,0,0,0,0,0,-0.001226859,-0.004841266,0.002015116,-0.1749403,-0.009252286,-9.81844,-0.23170898,0.020186802,0.022948064,0.024697194,0,0.07,-0.99,273.37
00:40.1,0,100,0,0,0,0,0,0,0,0,-0.003011401,-0.005962589,0.003488882,-0.1772739,-0.003815102,-9.814791,-0.24301186,0.029965734,0.033174418,0.036128898,0,0.07,-0.99,273.37
00:40.2,0,100,0,0,0,0,0,0,0,0,-0.000974136,-0.005997551,0.001598054,-0.17266765,-0.006698364,-9.8187415,-0.25431474,0.039744666,0.043400772,0.047560602,0,0.07,-0.99,273.37
00:40.2,0,100,0,0,0,0,0,0,0,0,0.001063128,-0.006032513,-0.000292774,-0.1680614,-0.009581626,-9.822692,-0.26561762,0.049523598,0.053627126,0.058992306,0,0.07,-0.99,273.37
00:40.2,0,100,0,0,0,0,0,0,0,0,0.001078344,-0.005015539,-0.000530028,-0.1698813,-0.011837623,-9.8211245,-0.2769205,0.05930253,0.06385348,0.07042401,0,0.07,-0.99,273.37
00:40.2,0,100,0,0,0,0,0,0,0,0,0.00109356,-0.003998564,-0.000767282,-0.1717012,-0.01409362,-9.819557,-0.28257194,0.0587453,0.06448231,0.070263214,0,0.07,-0.99,273.37
00:40.2,0,100,0,0,0,0,0,0,0,0,0.000663757,-0.005275645,-0.000601115,-0.17004845,-0.01362153,-9.8184265,-0.28822338,0.05818807,0.06511114,0.070102418,0,0.07,-0.99,273.37
00:40.3,0,100,0,0,0,0,0,0,0,0,0.000233953,-0.006552726,-0.000434947,-0.1683957,-0.01314944,-9.817296,-0.29387482,0.05763084,0.06573997,0.069941622,0,0.07,-0.99,273.37
00:40.3,0,100,0,0,0,0,0,0,0,0,-4.18E-05,-0.006375683,-0.000172656,-0.17433295,-0.011193846,-9.811478,-0.29952626,0.05707361,0.0663688,0.069780826,0,0.07,-0.99,273.37
00:40.3,0,100,0,0,0,0,0,0,0,0,-0.00031763,-0.006198639,8.96E-05,-0.1802702,-0.009238251,-9.80566,-0.3051777,0.05651638,0.06699763,0.06962003,0,0.07,-0.99,273.37
00:40.3,0,100,0,0,0,0,0,0,0,0,0.00010756,-0.005260618,-0.000407625,-0.17581535,-0.010080341,-9.8134195,-0.29500512,0.047035127,0.055710774,0.058187772,0,0.07,-0.99,273.37
00:40.3,0,100,0,0,0,0,0,0,0,0,0.000532749,-0.004322596,-0.000904887,-0.1713605,-0.01092243,-9.821179,-0.28483254,0.037553875,0.044423918,0.046755514,0,0.07,-0.99,273.37
00:40.4,0,100,0,0,0,0,0,0,0,0,0.000326931,-0.004888858,-0.000228496,-0.1714937,-0.01264993,-9.8194385,-0.27465996,0.028072622,0.033137062,0.035323256,0,0.07,-0.99,273.37
00:40.4,0,100,0,0,0,0,0,0,0,0,0.000121113,-0.00545512,0.000447894,-0.1716269,-0.01437743,-9.817698,-0.26448738,0.01859137,0.021850206,0.023890998,0,0.07,-0.99,273.37
00:40.4,0,100,0,0,0,0,0,0,0,0,0.000388542,-0.005088558,0.00039374,-0.1702451,-0.01125495,-9.8172965,-0.2543148,0.009110117,0.01056335,0.01245874,0,0.07,-0.99,273.37
00:40.4,0,100,0,0,0,0,0,0,0,0,0.000655971,-0.004721996,0.000339585,-0.1688633,-0.008132469,-9.816895,-0.24301192,0.009244866,0.010571332,0.012422136,0,0.07,-0.99,273.37
00:40.4,0,100,0,0,0,0,0,0,0,0,0.00107907,-0.005041873,0.000162964,-0.17186445,-0.012868955,-9.8193975,-0.23170904,0.009379615,0.010579314,0.012385532,0,0.07,-0.99,273.37
00:40.5,0,100,0,0,0,0,0,0,0,0,0.001502168,-0.005361749,-1.37E-05,-0.1748656,-0.01760544,-9.8219,-0.22040616,0.009514363,0.010587296,0.012348928,0,0.07,-0.99,273.37
00:40.5,0,100,0,0,0,0,0,0,0,0,0.001448483,-0.005626505,-0.000100712,-0.1731942,-0.012873356,-9.8217725,-0.20910328,0.009649112,0.010595278,0.012312324,0,0.07,-0.99,273.37
00:40.5,0,100,0,0,0,0,0,0,0,0,0.001394798,-0.005891261,-0.000187767,-0.1715228,-0.008141273,-9.821645,-0.1978004,0.009783861,0.01060326,0.01227572,0,0.07,-0.99,273.37
00:40.5,0,100,0,0,0,0,0,0,0,0,0.001511285,-0.006271681,-0.000171548,-0.1720978,-0.014221801,-9.820755,-0.1876278,0.009963551,0.010787936,0.01227277,0,0.07,-0.99,273.37
00:40.5,0,100,0,0,0,0,0,0,0,0,0.001627772,-0.0066521,-0.00015533,-0.1726728,-0.02030233,-9.819865,-0.1774552,0.010143241,0.010972612,0.01226982,0,0.07,-0.99,273.37
00:40.6,0,100,0,0,0,0,0,0,0,0,0.000893333,-0.005517183,-0.000329151,-0.16989055,-0.01557018,-9.8204345,-0.1672826,0.01032293,0.011157288,0.01226687,0,0.07,-0.99,273.37
00:40.6,0,100,0,0,0,0,0,0,0,0,0.000158894,-0.004382266,-0.000502973,-0.1671083,-0.01083803,-9.821004,-0.15711,0.01050262,0.011341964,0.01226392,0,0.07,-0.99,273.37
00:40.6,0,100,0,0,0,0,0,0,0,0,0.000553736,-0.004311602,0.000105018,-0.1698762,-0.01536781,-9.8194735,-0.1469374,0.01068231,0.01152664,0.01226097,0,0.07,-0.99,273.37
00:40.6,0,100,0,0,0,0,0,0,0,0,0.000948578,-0.004240938,0.000713009,-0.1726441,-0.01989759,-9.817943,-0.131113374,0.01071107,0.011252836,0.012305556,0,0.07,-0.99,273.37
00:40.6,0,100,0,0,0,0,0,0,0,0,0.001130512,-0.002778605,-0.000487312,-0.1793166,-0.007956747,-9.813222,-0.115289348,0.01073983,0.010979032,0.012350142,0,0.07,-0.99,273.37
00:40.7,0,100,0,0,0,0,0,0,0,0,0.001312447,-0.001316271,-0.001687633,-0.1859891,0.003984096,-9.808501,-0.099465322,0.01076859,0.010705228,0.012394728,0,0.07,-0.99,273.37
00:40.7,0,100,0,0,0,0,0,0,0,0,0.000589478,-0.00390174,-0.000827174,-0.180916,-0.007402182,-9.81458,-0.083641296,0.01079735,0.010431424,0.012439314,0,0.07,-0.99,273.37
00:40.7,0,100,0,0,0,0,0,0,0,0,-0.000133491,-0.006487209,3.33E-05,-0.1758429,-0.01878846,-9.820659,-0.06781727,0.01082611,0.01015762,0.0124839,0,0.07,-0.99,273.37
00:40.7,0,100,0,0,0,0,0,0,0,0,0.000501231,-0.006258182,0.000103613,-0.1732622,-0.011157208,-9.8200305,-0.065556694,0.010898776,0.010282958,0.012655544,0,0.07,-0.99,273.37
00:40.7,0,100,0,0,0,0,0,0,0,0,0.001135953,-0.006029155,0.000173941,-0.1706815,-0.003525955,-9.819402,-0.063296118,0.010971442,0.010408296,0.012827188,0,0.07,-0.99,273.37
00:40.8,0,100,0,0,0,0,0,0,0,0,0.001277078,-0.006352392,0.000254284,-0.17190085,-0.008738857,-9.816053,-0.061035542,0.011044108,0.010533634,0.012998832,0,0.07,-0.99,273.37
00:40.8,0,100,0,0,0,0,0,0,0,0,0.001418202,-0.006675628,0.000334626,-0.1731202,-0.01395176,-9.812704,-0.058774966,0.011116774,0.010658972,0.013170476,0,0.07,-0.99,273.37
00:40.8,0,100,0,0,0,0,0,0,0,0,0.000296887,-0.005961285,0.001654354,-0.17599835,-0.007529316,-9.798295,-0.05651439,0.01118944,0.01078431,0.01334212,0,0.07,-0.99,273.37
00:40.8,0,100,0,0,0,0,0,0,0,0,-0.000824428,-0.005246941,0.002974082,-0.1788765,-0.001106872,-9.783886,-0.092683592,0.010886842,0.01070613,0.013028992,0,0.07,-0.99,273.37
00:40.8,0,100,0,0,0,0,0,0,0,0,0.001520347,-0.003396687,0.000831359,-0.1819758,-0.007782731,-9.7954795,-0.128852794,0.010584244,0.01062795,0.012715864,0,0.07,-0.99,273.37
00:40.9,0,100,0,0,0,0,0,0,0,0,0.003865121,-0.001546432,-0.001311365,-0.1850751,-0.01445859,-9.807073,-0.165021996,0.010281646,0.01054977,0.012402736,0,0.07,-0.99,273.37
00:40.9,0,100,0,0,0,0,0,0,0,0,0.002537231,-0.003266101,-0.000105468,-0.17785725,-0.014141205,-9.8129515,-0.201191198,0.009979048,0.01047159,0.012089608,0,0.07,-0.99,273.37
00:40.9,0,100,0,0,0,0,0,0,0,0,0.00120934,-0.00498577,0.00110043,-0.1706394,-0.01382382,-9.81883,-0.2373604,0.00967645,0.01039341,0.01177648,0,0.07,-0.99,273.37
00:40.9,0,100,0,0,0,0,0,0,0,0,0.000576165,-0.005285989,0.000437043,-0.17049395,-0.01307051,-9.8211185,-0.21588494,0.009637188,0.010499134,0.011789244,0,0.07,-0.99,273.37
00:40.9,0,100,0,0,0,0,0,0,0,0,-5.70E-05,-0.005586208,-0.000226344,-0.1703485,-0.0123172,-9.823407,-0.19440948,0.009597926,0.010604858,0.011802008,0,0.07,-0.99,273.37
00:41.0,0,100,0,0,0,0,0,0,0,0,0.000228019,-0.005566551,0.000235329,-0.1685378,-0.01476046,-9.821141,-0.17293402,0.009558664,0.010710582,0.011814772,0,0.07,-0.99,273.37
00:41.0,0,100,0,0,0,0,0,0,0,0,0.000513047,-0.005546895,0.000697001,-0.1667271,-0.01720372,-9.818875,-0.15145856,0.009519402,0.010816306,0.011827536,0,0.07,-0.99,273.37
00:41.0,0,100,0,0,0,0,0,0,0,0,0.000992575,-0.006520171,0.000911289,-0.16923405,-0.01421982,-9.8169015,-0.1299831,0.00948014,0.01092203,0.0118403,0,0.07,-0.99,273.37
00:41.0,0,100,0,0,0,0,0,0,0,0,0.001472103,-0.007493447,0.001125576,-0.171741,-0.01123592,-9.814928,-0.1390254,0.018958096,0.021442698,0.024163654,0,0.07,-0.99,273.37
00:41.0,0,100,0,0,0,0,0,0,0,0,0.000949087,-0.006099471,0.000234339,-0.1707121,-0.0108763,-9.817684,-0.1480677,0.028436052,0.031963366,0.036487008,0,0.07,-0.99,273.37
00:41.1,0,100,0,0,0,0,0,0,0,0,0.00042607,-0.004705495,-0.000656898,-0.1696832,-0.01051668,-9.82044,-0.15711,0.037914008,0.042484034,0.048810362,0,0.07,-0.99,273.37
00:41.1,0,100,0,0,0,0,0,0,0,0,0.001240588,-0.002687379,-0.000799232,-0.1716972,-0.007696254,-9.8122685,-0.1661523,0.047391964,0.053004702,0.061133716,0,0.07,-0.99,273.37
00:41.1,0,100,0,0,0,0,0,0,0,0,0.002055105,-0.000669263,-0.000941565,-0.1737112,-0.004875828,-9.804097,-0.1751946,0.05686992,0.06352537,0.07345707,0,0.07,-0.99,273.37
00:41.1,0,100,0,0,0,0,0,0,0,0,0.001664383,-0.003454702,-0.000312513,-0.17119685,-0.006735369,-9.8125575,-0.18875806,0.04750358,0.052903362,0.060786212,0,0.07,-0.99,273.37
00:41.1,0,100,0,0,0,0,0,0,0,0,0.001273661,-0.006240141,0.000316538,-0.1686825,-0.008594909,-9.821018,-0.20232152,0.03813724,0.042281354,0.048115354,0,0.07,-0.99,273.37
00:41.2,0,100,0,0,0,0,0,0,0,0,0.001372516,-0.006178217,-6.33E-05,-0.16860135,-0.011756725,-9.8201235,-0.21588498,0.0287709,0.031659346,0.035444496,0,0.07,-0.99,273.37
00:41.2,0,100,0,0,0,0,0,0,0,0,0.001471371,-0.006116293,-0.000443056,-0.1685202,-0.01491854,-9.819229,-0.22944844,0.01940456,0.021037338,0.022773638,0,0.07,-0.99,273.37
00:41.2,0,100,0,0,0,0,0,0,0,0,0.000911076,-0.005211626,-0.000235271,-0.16829305,-0.012458926,-9.8184325,-0.2430119,0.01003822,0.01041533,0.01010278,0,0.07,-0.99,273.37
00:41.2,0,100,0,0,0,0,0,0,0,0,0.00035078,-0.004306959,-2.75E-05,-0.1680659,-0.009999313,-9.817636,-0.25883592,0.009830309,0.010233607,0.010488498,0,0.07,-0.988,273.37
00:41.2,0,100,0,0,0,0,0,0,0,0,-0.001622236,-0.004889848,0.000210202,-0.1728788,-0.007653105,-9.812999,-0.27465994,0.009622398,0.010051885,0.010874216,0,0.07,-0.986,273.37
00:41.3,0,100,0,0,0,0,0,0,0,0,-0.003595252,-0.005472736,0.000447892,-0.1776917,-0.005306896,-9.808362,-0.29048396,0.009414486,0.009870162,0.011259934,0,0.07,-0.984,273.37
00:41.3,0,100,0,0,0,0,0,0,0,0,-0.00129884,-0.005471577,0.000527782,-0.17371845,-0.006096587,-9.8145735,-0.30630798,0.009206575,0.00968844,0.011645652,0,0.07,-0.982,273.37
00:41.3,0,100,0,0,0,0,0,0,0,0,0.000997573,-0.005470417,0.000607672,-0.1697452,-0.006886277,-9.820785,-0.322132,0.008998664,0.009506717,0.01203137,0,0.07,-0.98,273.37
00:41.3,0,100,0,0,0,0,0,0,0,0,0.000730121,-0.005167514,0.000405698,-0.1704242,-0.010602489,-9.81867,-0.2950051,0.009283603,0.009759898,0.01197036,0,0.07,-0.98,273.37
00:41.3,0,100,0,0,0,0,0,0,0,0,0.00046267,-0.00486461,0.000203724,-0.1711032,-0.0143187,-9.816555,-0.2678782,0.009568542,0.010013078,0.01190935,0,0.07,-0.98,273.37
00:41.4,0,100,0,0,0,0,0,0,0,0,0.000449519,-0.004960573,-0.000389269,-0.17091905,-0.01194225,-9.817305,-0.2407513,0.009853482,0.010266259,0.01184834,0,0.07,-0.98,273.37
00:41.4,0,100,0,0,0,0,0,0,0,0,0.000436368,-0.005056535,-0.000982262,-0.1707349,-0.009565799,-9.818055,-0.2136244,0.010138421,0.010519439,0.01178733,0,0.07,-0.98,273.37
00:41.4,0,100,0,0,0,0,0,0,0,0,0.000255986,-0.004453964,-0.000568688,-0.1731278,-0.01302189,-9.817918,-0.1864975,0.01042336,0.01077262,0.01172632,0,0.07,-0.98,273.37
00:41.4,0,100,0,0,0,0,0,0,0,0,7.56E-05,-0.003851393,-0.000155114,-0.1755207,-0.01647798,-9.817781,-0.18084606,0.010321397,0.010506787,0.011641786,0,0.07,-0.98,273.37
00:41.4,0,100,0,0,0,0,0,0,0,0,-0.000461591,-0.003006747,-0.000339741,-0.17650075,-0.004976915,-9.811038,-0.17519462,0.010219434,0.010240955,0.011557252,0,0.07,-0.98,273.37
00:41.5,0,100,0,0,0,0,0,0,0,0,-0.000998785,-0.0021621,-0.000524368,-0.1774808,0.00652415,-9.804295,-0.16954318,0.01011747,0.009975122,0.011472718,0,0.07,-0.98,273.37
00:41.5,0,100,0,0,0,0,0,0,0,0,0.000205126,-0.003605792,3.45E-05,-0.17476635,-0.00398823,-9.811588,-0.16389174,0.010015507,0.00970929,0.011388184,0,0.07,-0.98,273.37
00:41.5,0,100,0,0,0,0,0,0,0,0,0.001409036,-0.005049483,0.000593369,-0.1720519,-0.01450061,-9.818881,-0.1582403,0.009913544,0.009443457,0.01130365,0,0.07,-0.98,273.37
00:41.5,0,100,0,0,0,0,0,0,0,0,0.001050317,-0.005142786,0.000198029,-0.169318,-0.01332407,-9.818726,-0.114159074,0.009963869,0.009390462,0.011109678,0,0.07,-0.98,273.37
00:41.5,0,100,0,0,0,0,0,0,0,0,0.000691598,-0.005236089,-0.00019731,-0.1665841,-0.01214753,-9.818571,-0.070077848,0.010014194,0.009337468,0.010915706,0,0.07,-0.98,273.37
00:41.6,0,100,0,0,0,0,0,0,0,0,0.001008985,-0.005562908,0.000113198,-0.1712521,-0.01382935,-9.820394,-0.025996622,0.01006452,0.009284473,0.010721734,0,0.07,-0.98,273.37
00:41.6,0,100,0,0,0,0,0,0,0,0,0.001326372,-0.005889726,0.000423706,-0.1759201,-0.01551117,-9.822217,0.018084604,0.010114845,0.009231479,0.010527762,0,0.07,-0.98,273.37
00:41.6,0,100,0,0,0,0,0,0,0,0,0.000154857,-0.002378513,-0.000492791,-0.17525205,-0.010331573,-9.8140925,0.06216583,0.01016517,0.009178484,0.01033379,0,0.07,-0.98,273.37
00:41.6,0,100,0,0,0,0,0,0,0,0,-0.001016657,0.0011327,-0.001409288,-0.174584,-0.005151976,-9.805968,0.006781724,0.009897825,0.009273271,0.010254959,0,0.068,-0.98,273.37
00:41.6,0,100,0,0,0,0,0,0,0,0,-0.001331684,0.002112643,-0.000580364,-0.1796086,-0.006790146,-9.806496,-0.048602382,0.00963048,0.009368058,0.010176128,0,0.066,-0.98,273.37
00:41.7,0,100,0,0,0,0,0,0,0,0,-0.00164671,0.003092585,0.000248559,-0.1846332,-0.008428315,-9.807024,-0.103986488,0.009363135,0.009462845,0.010097298,0,0.064,-0.98,273.37
00:41.7,0,100,0,0,0,0,0,0,0,0,-8.12E-05,-0.000683171,-0.000100433,-0.1771316,-0.009688618,-9.813027,-0.159370594,0.00909579,0.009557632,0.010018467,0,0.062,-0.98,273.37
00:41.7,0,100,0,0,0,0,0,0,0,0,0.001484385,-0.004458927,-0.000449425,-0.16963,-0.01094892,-9.81903,-0.2147547,0.008828445,0.009652419,0.009939636,0,0.06,-0.98,273.37
00:41.7,0,100,0,0,0,0,0,0,0,0,0.001306504,-0.004885205,-0.000439979,-0.170589,-0.013643155,-9.8208475,-0.20684268,0.019132816,0.020324931,0.022515391,0,0.06,-0.98,273.37
00:41.7,0,100,0,0,0,0,0,0,0,0,0.001128623,-0.005311483,-0.000430532,-0.171548,-0.01633739,-9.822665,-0.19893066,0.029437187,0.030997443,0.035091146,0,0.06,-0.98,273.37
00:41.8,0,100,0,0,0,0,0,0,0,0,0.000972122,-0.006049099,0.000560157,-0.17015965,-0.01386218,-9.821638,-0.19101864,0.039741558,0.041669956,0.0476669,0,0.06,-0.98,273.37
00:41.8,0,100,0,0,0,0,0,0,0,0,0.000815621,-0.006786715,0.001550847,-0.1687713,-0.01138697,-9.820611,-0.18310662,0.050045929,0.052342468,0.060242655,0,0.06,-0.98,273.37
00:41.8,0,100,0,0,0,0,0,0,0,0,0.00101838,-0.00628197,0.00131105,-0.1665088,-0.012964365,-9.8195705,-0.1751946,0.0603503,0.06301498,0.07281841,0,0.06,-0.98,273.37
00:41.8,0,100,0,0,0,0,0,0,0,0,0.001221138,-0.005777225,0.001071253,-0.1642463,-0.01454176,-9.81853,-0.16841288,0.049918686,0.052561368,0.06049505,0,0.06,-0.982,273.37
00:41.8,0,100,0,0,0,0,0,0,0,0,0.001375585,-0.00488871,0.002792345,-0.1683552,-0.015061085,-9.811966,-0.16163116,0.039487072,0.042107756,0.04817169,0,0.06,-0.984,273.37
00:41.9,0,100,0,0,0,0,0,0,0,0,0.001530032,-0.004000194,0.004513438,-0.1724641,-0.01558041,-9.805402,-0.15484944,0.029055458,0.031654144,0.03584833,0,0.06,-0.986,273.37
00:41.9,0,100,0,0,0,0,0,0,0,0,0.001387253,-0.005037694,0.00214793,-0.17210835,-0.013974475,-9.812938,-0.14806772,0.018623844,0.021200532,0.02352497,0,0.06,-0.988,273.37
00:41.9,0,100,0,0,0,0,0,0,0,0,0.001244473,-0.006075193,-0.000217577,-0.1717526,-0.01236854,-9.820474,-0.141286,0.00819223,0.01074692,0.01120161,0,0.06,-0.99,273.37
00:41.9,0,100,0,0,0,0,0,0,0,0,0.001056139,-0.005219,4.23E-05,-0.1710526,-0.012408815,-9.8190385,-0.14354658,0.00830435,0.010502802,0.01128837,0,0.06,-0.988,273.37
00:41.9,0,100,0,0,0,0,0,0,0,0,0.000867804,-0.004362807,0.000302097,-0.1703526,-0.01244909,-9.817603,-0.14580716,0.008416469,0.010258684,0.01137513,0,0.06,-0.986,273.37
00:42.0,0,100,0,0,0,0,0,0,0,0,0.000199055,-0.004979251,2.62E-05,-0.17106295,-0.01293307,-9.8149545,-0.14806774,0.008528589,0.010014565,0.01146189,0,0.06,-0.984,273.37
00:42.0,0,100,0,0,0,0,0,0,0,0,-0.000469694,-0.005595695,-0.000249619,-0.1717733,-0.01341705,-9.812306,-0.15032832,0.008640708,0.009770447,0.01154865,0,0.06,-0.982,273.37
00:42.0,0,100,0,0,0,0,0,0,0,0,0.000569203,-0.005696818,0.000164576,-0.1706664,-0.012464145,-9.8134235,-0.1525889,0.008752828,0.009526329,0.01163541,0,0.06,-0.98,273.37
00:42.0,0,100,0,0,0,0,0,0,0,0,0.0016081,-0.00579794,0.00057877,-0.1695595,-0.01151124,-9.814541,-0.17632494,0.008938666,0.009565611,0.012003786,0,0.06,-0.98,273.37
00:42.0,0,100,0,0,0,0,0,0,0,0,-0.000433481,-0.002621356,0.001137703,-0.174941,-0.009618774,-9.803934,-0.20006098,0.009124503,0.009604893,0.012372162,0,0.06,-0.98,273.37
00:42.1,0,100,0,0,0,0,0,0,0,0,-0.002475061,0.000555229,0.001696635,-0.1803225,-0.007726307,-9.793327,-0.22379702,0.009310341,0.009644175,0.012740538,0,0.06,-0.98,273.37
00:42.1,0,100,0,0,0,0,0,0,0,0,-0.000837477,-0.002760342,0.001264779,-0.1762669,-0.010827144,-9.8004095,-0.24753306,0.009496178,0.009683457,0.013108914,0,0.06,-0.98,273.37
00:42.1,0,100,0,0,0,0,0,0,0,0,0.000800108,-0.006075913,0.000832924,-0.1722113,-0.01392798,-9.807492,-0.2712691,0.009682016,0.009722739,0.01347729,0,0.06,-0.98,273.37
00:42.1,0,100,0,0,0,0,0,0,0,0,0.001031356,-0.005998238,0.0004534,-0.17093505,-0.016486275,-9.8089895,-0.228318158,0.00949021,0.010082217,0.0129021,0,0.062,-0.98,273.37
00:42.1,0,100,0,0,0,0,0,0,0,0,0.001262605,-0.005920564,7.39E-05,-0.1696588,-0.01904457,-9.810487,-0.185367216,0.009298405,0.010441695,0.01232691,0,0.064,-0.98,273.37
00:42.2,0,100,0,0,0,0,0,0,0,0,0.001055505,-0.005233106,0.000155633,-0.17091585,-0.014283349,-9.8114095,-0.142416274,0.009106599,0.010801174,0.01175172,0,0.066,-0.98,273.37
00:42.2,0,100,0,0,0,0,0,0,0,0,0.000848406,-0.004545649,0.000237389,-0.1721729,-0.009522127,-9.812332,-0.099465332,0.008914794,0.011160652,0.01117653,0,0.068,-0.98,273.37
00:42.2,0,100,0,0,0,0,0,0,0,0,0.001235783,-0.004091362,0.000394842,-0.1707249,-0.011307089,-9.8135535,-0.05651439,0.008722988,0.01152013,0.01060134,0,0.07,-0.98,273.37
00:42.2,0,100,0,0,0,0,0,0,0,0,0.001623161,-0.003637074,0.000552295,-0.1692769,-0.01309205,-9.814775,-0.103986472,0.00884712,0.011395152,0.010905092,0,0.068,-0.98,273.37
00:42.2,0,100,0,0,0,0,0,0,0,0,-0.000363092,-0.001163443,0.001263195,-0.17980125,-0.005562294,-9.8133075,-0.151458554,0.008971251,0.011270174,0.011208844,0,0.066,-0.98,273.37
00:42.3,0,100,0,0,0,0,0,0,0,0,-0.002349345,0.001310188,0.001974095,-0.1903256,0.001967462,-9.81184,-0.198930636,0.009095383,0.011145196,0.011512596,0,0.064,-0.98,273.37
00:42.3,0,100,0,0,0,0,0,0,0,0,-0.00041366,-0.001570262,0.001116753,-0.17957855,-0.006445899,-9.812339,-0.246402718,0.009219514,0.011020218,0.011816348,0,0.062,-0.98,273.37
00:42.3,0,100,0,0,0,0,0,0,0,0,0.001522026,-0.004450711,0.000259411,-0.1688315,-0.01485926,-9.812838,-0.2938748,0.009343646,0.01089524,0.0121201,0,0.06,-0.98,273.37
00:42.3,0,100,0,0,0,0,0,0,0,0,0.001299533,-0.004510072,2.34E-05,-0.17070725,-0.01412214,-9.813191,-0.26787818,0.009220322,0.010909822,0.01186656,0,0.06,-0.98,273.37
00:42.3,0,100,0,0,0,0,0,0,0,0,0.001077039,-0.004569433,-0.00021263,-0.172583,-0.01338502,-9.813544,-0.24188156,0.009096998,0.010924404,0.01161302,0,0.06,-0.98,273.37
00:42.4,0,100,0,0,0,0,0,0,0,0,0.000843857,-0.004301279,-0.000171199,-0.1724968,-0.011023445,-9.814221,-0.21588494,0.008973673,0.010938986,0.01135948,0,0.06,-0.98,273.37
00:42.4,0,100,0,0,0,0,0,0,0,0,0.000610675,-0.004033125,-0.000129768,-0.1724106,-0.008661869,-9.814898,-0.18988832,0.008850349,0.010953568,0.01110594,0,0.06,-0.98,273.37
00:42.4,0,100,0,0,0,0,0,0,0,0,0.000906044,-0.005071873,-7.46E-05,-0.1732526,-0.011447045,-9.8167315,-0.1638917,0.008727025,0.01096815,0.0108524,0,0.06,-0.98,273.37
00:42.4,0,100,0,0,0,0,0,0,0,0,0.001201412,-0.006110621,-1.95E-05,-0.1740946,-0.01423222,-9.818565,-0.19440948,0.008892816,0.010820582,0.011005404,0,0.06,-0.98,273.368
00:42.4,0,100,0,0,0,0,0,0,0,0,0.000614049,-0.006267937,-0.000163419,-0.17244535,-0.012792655,-9.816955,-0.22492726,0.009058607,0.010673014,0.011158408,0,0.06,-0.98,273.366
00:42.5,0,100,0,0,0,0,0,0,0,0,2.67E-05,-0.006425253,-0.000307323,-0.1707961,-0.01135309,-9.815345,-0.25544504,0.009224399,0.010525446,0.011311412,0,0.06,-0.98,273.364
00:42.5,0,100,0,0,0,0,0,0,0,0,-0.000299541,-0.00600851,0.000581627,-0.1703709,-0.013527885,-9.8160775,-0.28596282,0.00939019,0.010377878,0.011464416,0,0.06,-0.98,273.362
00:42.5,0,100,0,0,0,0,0,0,0,0,-0.000625768,-0.005591766,0.001470576,-0.1699457,-0.01570268,-9.81681,-0.3164806,0.009555981,0.01023031,0.01161742,0,0.06,-0.98,273.36
00:42.5,0,100,0,0,0,0,0,0,0,0,0.000918661,-0.005098543,0.000729953,-0.16886725,-0.01398993,-9.813195,-0.30404744,0.019640859,0.02087265,0.023415152,0,0.06,-0.98,273.36
00:42.5,0,100,0,0,0,0,0,0,0,0,0.002463089,-0.00460532,-1.07E-05,-0.1677888,-0.01227718,-9.80958,-0.29161428,0.029725737,0.03151499,0.035212884,0,0.06,-0.98,273.36
00:42.6,0,100,0,0,0,0,0,0,0,0,0.001892522,-0.00491335,0.000110168,-0.16914105,-0.01483237,-9.81196,-0.27918112,0.039810614,0.04215733,0.047010616,0,0.06,-0.98,273.36
00:42.6,0,100,0,0,0,0,0,0,0,0,0.001321955,-0.005221379,0.000231005,-0.1704933,-0.01738756,-9.81434,-0.26674796,0.049895492,0.05279967,0.058808348,0,0.06,-0.98,273.36
00:42.6,0,100,0,0,0,0,0,0,0,0,0.000360454,-0.001925068,0.000540339,-0.17507525,-0.013534063,-9.8103235,-0.2543148,0.05998037,0.06344201,0.07060608,0,0.06,-0.98,273.36
00:42.6,0,100,0,0,0,0,0,0,0,0,-0.000601046,0.001371243,0.000849672,-0.1796572,-0.009680565,-9.806307,-0.23283932,0.049846349,0.052609966,0.058405289,0,0.06,-0.98,273.36
00:42.6,0,100,0,0,0,0,0,0,0,0,-0.001653168,-0.001210778,0.001541471,-0.1759673,-0.009210255,-9.8038695,-0.21136384,0.039712328,0.041777922,0.046204499,0,0.06,-0.98,273.36
00:42.7,0,100,0,0,0,0,0,0,0,0,-0.002705289,-0.003792799,0.002233269,-0.1722774,-0.008739945,-9.801432,-0.18988836,0.029578306,0.030945879,0.034003708,0,0.06,-0.98,273.36
00:42.7,0,100,0,0,0,0,0,0,0,0,-0.0008566,-0.003912226,0.001670733,-0.1702275,-0.012094538,-9.808438,-0.16841288,0.019444285,0.020113835,0.021802918,0,0.06,-0.98,273.36
00:42.7,0,100,0,0,0,0,0,0,0,0,0.000992089,-0.004031652,0.001108196,-0.1681776,-0.01544913,-9.815444,-0.1469374,0.009310264,0.009281791,0.009602127,0,0.06,-0.98,273.36
00:42.7,0,100,0,0,0,0,0,0,0,0,0.001552953,-0.004624668,0.000274558,-0.16907615,-0.014955845,-9.813253,-0.133373948,0.009220266,0.009269668,0.009753936,0,0.06,-0.98,273.36
00:42.7,0,100,0,0,0,0,0,0,0,0,0.002113818,-0.005217684,-0.000559079,-0.1699747,-0.01446256,-9.811062,-0.119810496,0.009130268,0.009257544,0.009905744,0,0.06,-0.98,273.36
00:42.8,0,100,0,0,0,0,0,0,0,0,0.001592851,-0.004960615,-0.000369995,-0.17112925,-0.01300924,-9.8121185,-0.106247044,0.009040271,0.009245421,0.010057553,0,0.06,-0.98,273.36
00:42.8,0,100,0,0,0,0,0,0,0,0,0.001071884,-0.004703547,-0.00018091,-0.1722838,-0.01155592,-9.813175,-0.092683592,0.008950273,0.009233297,0.010209361,0,0.06,-0.98,273.36
00:42.8,0,100,0,0,0,0,0,0,0,0,0.001345445,-0.00490162,-7.39E-05,-0.1715216,-0.012874075,-9.813676,-0.07912014,0.008860275,0.009221174,0.01036117,0,0.06,-0.98,273.36
00:42.8,0,100,0,0,0,0,0,0,0,0,0.001619006,-0.005099693,3.32E-05,-0.1707594,-0.01419223,-9.814177,-0.090423012,0.008813837,0.009346806,0.010218121,0,0.062,-0.98,273.36
00:42.8,0,100,0,0,0,0,0,0,0,0,0.000170871,-0.001122536,5.33E-05,-0.18131525,-0.008506212,-9.8083205,-0.101725884,0.008767398,0.009472438,0.010075071,0,0.064,-0.98,273.36
00:42.9,0,100,0,0,0,0,0,0,0,0,-0.001277264,0.002854621,7.34E-05,-0.1918711,-0.002820194,-9.802464,-0.113028756,0.00872096,0.009598069,0.009932022,0,0.066,-0.98,273.36
00:42.9,0,100,0,0,0,0,0,0,0,0,-0.000478666,-0.00094617,-0.000132516,-0.18061195,-0.007566832,-9.8087835,-0.124331628,0.008674521,0.009723701,0.009788972,0,0.068,-0.98,273.36
00:42.9,0,100,0,0,0,0,0,0,0,0,0.000319932,-0.004746961,-0.000338454,-0.1693528,-0.01231347,-9.815103,-0.1356345,0.008628083,0.009849333,0.009645923,0,0.07,-0.98,273.36
00:42.9,0,100,0,0,0,0,0,0,0,0,0.000196934,-0.004680974,-0.000129088,-0.1709479,-0.01238603,-9.8140955,-0.15032824,0.008661227,0.009759724,0.009642307,0,0.07,-0.98,273.36
00:42.9,0,100,0,0,0,0,0,0,0,0,7.39E-05,-0.004614987,8.03E-05,-0.172543,-0.01245859,-9.813088,-0.16502198,0.008694371,0.009670115,0.009638691,0,0.07,-0.98,273.36
00:43.0,0,100,0,0,0,0,0,0,0,0,0.000473069,-0.004940201,-0.000136258,-0.1718747,-0.01335725,-9.813818,-0.17971572,0.008727515,0.009580506,0.009635075,0,0.07,-0.98,273.36
00:43.0,0,100,0,0,0,0,0,0,0,0,0.000872203,-0.005265415,-0.000352794,-0.1712064,-0.01425591,-9.814548,-0.19440946,0.008760659,0.009490897,0.009631459,0,0.07,-0.98,273.36
00:43.0,0,100,0,0,0,0,0,0,0,0,0.000926648,-0.005432166,-0.000385976,-0.17003005,-0.013896675,-9.814246,-0.2091032,0.008793803,0.009401288,0.009627843,0,0.07,-0.98,273.36
00:43.0,0,100,0,0,0,0,0,0,0,0,0.000981094,-0.005598917,-0.000419157,-0.1688537,-0.01353744,-9.813944,-0.1910186,0.008553998,0.009740554,0.009706856,0,0.07,-0.98,273.358
00:43.0,0,100,0,0,0,0,0,0,0,0,-0.000666234,-0.002276179,0.000595155,-0.1751912,-0.01189477,-9.803459,-0.172934,0.008314193,0.010079821,0.00978587,0,0.07,-0.98,273.356
00:43.1,0,100,0,0,0,0,0,0,0,0,-0.002313562,0.00104656,0.001609468,-0.1815287,-0.0102521,-9.792974,-0.1548494,0.008074387,0.010419087,0.009864883,0,0.07,-0.98,273.354
00:43.1,0,100,0,0,0,0,0,0,0,0,-0.000977625,-0.001489484,0.000893829,-0.174621,-0.010799965,-9.802697,-0.1367648,0.007834582,0.010758354,0.009943897,0,0.07,-0.98,273.352
00:43.1,0,100,0,0,0,0,0,0,0,0,0.000358313,-0.004025527,0.000178189,-0.1677133,-0.01134783,-9.81242,-0.1186802,0.007594777,0.01109762,0.01002291,0,0.07,-0.98,273.35
00:43.1,0,100,0,0,0,0,0,0,0,0,0.001190201,-0.005437976,0.000648347,-0.16857145,-0.013391325,-9.8137895,-0.12094078,0.007750216,0.010945184,0.010061562,0,0.07,-0.98,273.352
00:43.1,0,100,0,0,0,0,0,0,0,0,0.002022089,-0.006850425,0.001118504,-0.1694296,-0.01543482,-9.815159,-0.12320136,0.007905656,0.010792748,0.010100214,0,0.07,-0.98,273.354
00:43.2,0,100,0,0,0,0,0,0,0,0,0.001723861,-0.005782209,0.000674052,-0.1691647,-0.014468185,-9.8132175,-0.12546194,0.008061095,0.010640312,0.010138866,0,0.07,-0.98,273.356
00:43.2,0,100,0,0,0,0,0,0,0,0,0.001425633,-0.004713992,0.0002296,-0.1688998,-0.01350155,-9.811276,-0.12772252,0.008216535,0.010487876,0.010177518,0,0.07,-0.98,273.358
00:43.2,0,100,0,0,0,0,0,0,0,0,0.001958087,-0.004341676,0.001469397,-0.1734084,-0.009250792,-9.802718,-0.1299831,0.008371974,0.01033544,0.01021617,0,0.07,-0.98,273.36
00:43.2,0,100,0,0,0,0,0,0,0,0,0.00249054,-0.00396936,0.002709194,-0.177917,-0.005000033,-9.79416,-0.13563454,0.017461931,0.02073411,0.022620946,0,0.07,-0.98,273.36
00:43.2,0,100,0,0,0,0,0,0,0,0,0.001180297,-0.000164595,-0.000118282,-0.1830767,-0.006236931,-9.7980555,-0.14128598,0.026551888,0.03113278,0.035025722,0,0.07,-0.98,273.36
00:43.3,0,100,0,0,0,0,0,0,0,0,-0.000129946,0.00364017,-0.002945758,-0.1882364,-0.007473829,-9.801951,-0.14693742,0.035641846,0.04153145,0.047430498,0,0.07,-0.98,273.36
00:43.3,0,100,0,0,0,0,0,0,0,0,0.000324147,-0.000399023,-0.001407836,-0.1790659,-0.01072842,-9.807588,-0.15258886,0.044731803,0.05193012,0.059835274,0,0.07,-0.98,273.36
00:43.3,0,100,0,0,0,0,0,0,0,0,0.00077824,-0.004438215,0.000130086,-0.1698954,-0.01398301,-9.813225,-0.1582403,0.05382176,0.06232879,0.07224005,0,0.07,-0.98,273.36
00:43.3,0,100,0,0,0,0,0,0,0,0,0.001084228,-0.004457271,0.000225337,-0.16986685,-0.013382,-9.8126085,-0.19214894,0.054546766,0.062527838,0.071955256,0,0.07,-0.98,273.358
00:43.3,0,100,0,0,0,0,0,0,0,0,0.001390217,-0.004476326,0.000320588,-0.1698383,-0.01278099,-9.811992,-0.22605758,0.055271772,0.062726886,0.071670462,0,0.07,-0.98,273.356
00:43.4,0,100,0,0,0,0,0,0,0,0,0.001102925,-0.005558168,0.000234554,-0.17006335,-0.015675585,-9.813339,-0.25996622,0.055996778,0.062925934,0.071385668,0,0.07,-0.98,273.354
00:43.4,0,100,0,0,0,0,0,0,0,0,0.000815634,-0.00664001,0.00014852,-0.1702884,-0.01857018,-9.814686,-0.29387486,0.056721784,0.063124982,0.071100874,0,0.07,-0.98,273.352
00:43.4,0,100,0,0,0,0,0,0,0,0,-0.000359865,-0.005412432,-0.000784893,-0.1774346,-0.009074064,-9.8133255,-0.3277835,0.05744679,0.06332403,0.07081608,0,0.07,-0.98,273.35
00:43.4,0,100,0,0,0,0,0,0,0,0,-0.001535363,-0.004184854,-0.001718307,-0.1845808,0.000422053,-9.811965,-0.28596284,0.047566843,0.052704644,0.058674684,0,0.07,-0.98,273.35
00:43.4,0,100,0,0,0,0,0,0,0,0,-0.001912463,-0.00455519,0.000197505,-0.1825544,-0.006672444,-9.8029755,-0.24414218,0.037686896,0.042085258,0.046533288,0,0.07,-0.98,273.35
00:43.5,0,100,0,0,0,0,0,0,0,0,-0.002289563,-0.004925525,0.002113317,-0.180528,-0.01376694,-9.793986,-0.20232152,0.02780695,0.031465872,0.034391892,0,0.07,-0.98,273.35
00:43.5,0,100,0,0,0,0,0,0,0,0,-0.000379903,-0.004352385,0.001518483,-0.17459305,-0.01307559,-9.80529,-0.16050086,0.017927003,0.020846486,0.022250496,0,0.07,-0.98,273.35
00:43.5,0,100,0,0,0,0,0,0,0,0,0.001529757,-0.003779245,0.00092365,-0.1686581,-0.01238424,-9.816594,-0.1186802,0.008047056,0.0102271,0.0101091,0,0.07,-0.98,273.35
00:43.5,0,100,0,0,0,0,0,0,0,0,0.001368539,-0.003425283,0.000617109,-0.16985765,-0.014835105,-9.8130965,-0.1378951,0.008075112,0.010312066,0.010181658,0,0.07,-0.98,273.35
00:43.5,0,100,0,0,0,0,0,0,0,0,0.00120732,-0.00307132,0.000310568,-0.1710572,-0.01728597,-9.809599,-0.15711,0.008103167,0.010397032,0.010254216,0,0.07,-0.98,273.35
00:43.6,0,100,0,0,0,0,0,0,0,0,0.001548011,-0.004459307,0.000313388,-0.1703114,-0.01567006,-9.812177,-0.1763249,0.008131223,0.010481998,0.010326774,0,0.07,-0.98,273.35
00:43.6,0,100,0,0,0,0,0,0,0,0,0.001888701,-0.005847294,0.000316209,-0.1695656,-0.01405415,-9.814755,-0.1955398,0.008159278,0.010566964,0.010399332,0,0.07,-0.98,273.35
00:43.6,0,100,0,0,0,0,0,0,0,0,0.001649112,-0.005965119,-0.000113641,-0.1719818,-0.015270825,-9.8139415,-0.2147547,0.008187334,0.01065193,0.01047189,0,0.07,-0.98,273.35
00:43.6,0,100,0,0,0,0,0,0,0,0,0.001409523,-0.006082944,-0.000543491,-0.174398,-0.0164875,-9.813128,-0.2328393,0.008217166,0.010665608,0.010539644,0,0.07,-0.98,273.35
00:43.6,0,100,0,0,0,0,0,0,0,0,-0.001231379,-0.006420369,-0.001794631,-0.17649235,-0.014573595,-9.812292,-0.2509239,0.008246998,0.010679286,0.010607398,0,0.07,-0.98,273.35
00:43.7,0,100,0,0,0,0,0,0,0,0,-0.00387228,-0.006757793,-0.00304577,-0.1785867,-0.01265969,-9.811456,-0.2690085,0.008276829,0.010692964,0.010675152,0,0.07,-0.98,273.35
00:43.7,0,100,0,0,0,0,0,0,0,0,-0.001518988,-0.005714008,-0.00165395,-0.17529495,-0.012297465,-9.813204,-0.2870931,0.008306661,0.010706642,0.010742906,0,0.07,-0.98,273.35
00:43.7,0,100,0,0,0,0,0,0,0,0,0.000834303,-0.004670224,-0.00026213,-0.1720032,-0.01193524,-9.814952,-0.3051777,0.008336493,0.01072032,0.01081066,0,0.07,-0.98,273.35
00:43.7,0,100,0,0,0,0,0,0,0,0,0.000927731,-0.005157595,-0.000127427,-0.16950555,-0.015389865,-9.814582,-0.26674792,0.008320711,0.010570628,0.0108253,0,0.07,-0.98,273.352
00:43.7,0,100,0,0,0,0,0,0,0,0,0.001021159,-0.005644966,7.27E-06,-0.1670079,-0.01884449,-9.814212,-0.22831814,0.008304929,0.010420935,0.01083994,0,0.07,-0.98,273.354
00:43.8,0,100,0,0,0,0,0,0,0,0,0.000734484,-0.005203961,9.46E-05,-0.1683778,-0.01481951,-9.8116115,-0.18988836,0.008289146,0.010271243,0.01085458,0,0.07,-0.98,273.356
00:43.8,0,100,0,0,0,0,0,0,0,0,0.000447808,-0.004762955,0.000181946,-0.1697477,-0.01079453,-9.809011,-0.15145858,0.008273364,0.01012155,0.01086922,0,0.07,-0.98,273.358
00:43.8,0,100,0,0,0,0,0,0,0,0,-0.000221011,-0.003558128,0.000277254,-0.17754885,-0.004850573,-9.8006815,-0.1130288,0.008257582,0.009971858,0.01088386,0,0.07,-0.98,273.36
00:43.8,0,100,0,0,0,0,0,0,0,0,-0.000889831,-0.0023533,0.000372563,-0.18535,0.001093384,-9.792352,-0.11981052,0.008460705,0.009864802,0.01073838,0,0.07,-0.98,273.36
00:43.8,0,100,0,0,0,0,0,0,0,0,0.000131671,-0.004807165,0.001503593,-0.17936595,0.005429216,-9.7991805,-0.12659224,0.008663828,0.009757747,0.0105929,0,0.07,-0.98,273.36
00:43.9,0,100,0,0,0,0,0,0,0,0,0.001153173,-0.007261029,0.002634624,-0.1733819,0.009765048,-9.806009,-0.13337396,0.008866952,0.009650691,0.01044742,0,0.07,-0.98,273.36
00:43.9,0,100,0,0,0,0,0,0,0,0,0.001454451,-0.006302871,0.001457351,-0.1709856,-0.001932626,-9.809886,-0.14015568,0.009070075,0.009543636,0.01030194,0,0.07,-0.98,273.36
00:43.9,0,100,0,0,0,0,0,0,0,0,0.001755728,-0.005344714,0.000280079,-0.1685893,-0.0136303,-9.813763,-0.1469374,0.009273198,0.00943658,0.01015646,0,0.07,-0.98,273.36
00:43.9,0,100,0,0,0,0,0,0,0,0,0.001164217,-0.005596885,0.000506748,-0.167885,-0.01233707,-9.816947,-0.124331648,0.009184251,0.009472252,0.010052616,0,0.07,-0.98,273.36
00:43.9,0,100,0,0,0,0,0,0,0,0,0.000572707,-0.005849056,0.000733418,-0.1671807,-0.01104384,-9.820131,-0.101725896,0.009095304,0.009507925,0.009948772,0,0.07,-0.98,273.36
00:44.0,0,100,0,0,0,0,0,0,0,0,0.000940514,-0.005411414,0.000611735,-0.1704066,-0.014179965,-9.8182855,-0.079120144,0.009006357,0.009543597,0.009844927,0,0.07,-0.98,273.36
00:44.0,0,100,0,0,0,0,0,0,0,0,0.001308321,-0.004973773,0.000490051,-0.1736325,-0.01731609,-9.81644,-0.056514392,0.00891741,0.00957927,0.009741083,0,0.07,-0.98,273.36
00:44.0,0,100,0,0,0,0,0,0,0,0,0.000994037,-0.004619773,0.000769568,-0.17183615,-0.014319565,-9.8168865,-0.03390864,0.008828463,0.009614942,0.009637239,0,0.07,-0.98,273.36
00:44.0,0,100,0,0,0,0,0,0,0,0,0.000679752,-0.004265772,0.001049085,-0.1700398,-0.01132304,-9.817333,-0.050862952,0.019628888,0.020325724,0.022235813,0,0.07,-0.98,273.36
00:44.0,0,100,0,0,0,0,0,0,0,0,-0.001344616,-0.003326174,-0.00027856,-0.17380495,-0.006594906,-9.816399,-0.067817264,0.030429314,0.031036505,0.034834387,0,0.07,-0.98,273.36
00:44.1,0,100,0,0,0,0,0,0,0,0,-0.003368984,-0.002386575,-0.001606204,-0.1775701,-0.001866771,-9.815465,-0.084771576,0.041229739,0.041747287,0.047432962,0,0.07,-0.98,273.36
00:44.1,0,100,0,0,0,0,0,0,0,0,-0.000982858,-0.004119942,-0.000655478,-0.1741145,-0.008478181,-9.8175545,-0.101725888,0.052030165,0.052458068,0.060031536,0,0.07,-0.98,273.36
00:44.1,0,100,0,0,0,0,0,0,0,0,0.001403268,-0.005853309,0.000295249,-0.1706589,-0.01508959,-9.819644,-0.1186802,0.06283059,0.06316885,0.07263011,0,0.07,-0.98,273.36
00:44.1,0,100,0,0,0,0,0,0,0,0,0.001039294,-0.005621814,0.000341573,-0.170587,-0.01306725,-9.81898,-0.13224366,0.062003684,0.062791698,0.072242038,0,0.07,-0.98,273.36
00:44.1,0,100,0,0,0,0,0,0,0,0,0.000675319,-0.005390319,0.000387896,-0.1705151,-0.01104491,-9.818316,-0.14580712,0.061176778,0.062414546,0.071853966,0,0.07,-0.98,273.36
00:44.2,0,100,0,0,0,0,0,0,0,0,0.000643845,-0.005039936,0.00068394,-0.170391,-0.01323066,-9.8189375,-0.15937058,0.060349872,0.062037394,0.071465894,0,0.07,-0.98,273.36
00:44.2,0,100,0,0,0,0,0,0,0,0,0.000612371,-0.004689552,0.000979985,-0.1702669,-0.01541641,-9.819559,-0.17293404,0.059522966,0.061660242,0.071077822,0,0.07,-0.98,273.36
00:44.2,0,100,0,0,0,0,0,0,0,0,0.001066559,-0.002345411,0.001833459,-0.1776599,-0.012035037,-9.8143425,-0.1864975,0.05869606,0.06128309,0.07068975,0,0.07,-0.98,273.36
00:44.2,0,100,0,0,0,0,0,0,0,0,0.001520746,-1.27E-06,0.002686933,-0.1850529,-0.008653664,-9.809126,-0.154849438,0.0491452,0.051639896,0.058569306,0,0.07,-0.98,273.36
00:44.2,0,100,0,0,0,0,0,0,0,0,0.000937397,-0.002507429,0.00142514,-0.1801071,-0.010691277,-9.813511,-0.123201376,0.03959434,0.041996702,0.046448862,0,0.07,-0.98,273.36
00:44.3,0,100,0,0,0,0,0,0,0,0,0.000354049,-0.005013589,0.000163347,-0.1751613,-0.01272889,-9.817896,-0.091553314,0.03004348,0.032353508,0.034328418,0,0.07,-0.98,273.36
00:44.3,0,100,0,0,0,0,0,0,0,0,0.000871912,-0.005019575,0.000288446,-0.17141285,-0.00986109,-9.816176,-0.059905252,0.02049262,0.022710314,0.022207974,0,0.07,-0.98,273.36
00:44.3,0,100,0,0,0,0,0,0,0,0,0.001389775,-0.005025561,0.000413545,-0.1676644,-0.006993289,-9.814456,-0.02825719,0.01094176,0.01306712,0.01008753,0,0.07,-0.98,273.36
00:44.3,0,100,0,0,0,0,0,0,0,0,0.001008249,-0.00506391,-0.000236555,-0.16900605,-0.010497775,-9.8157855,-0.072338412,0.010591948,0.012431911,0.010097988,0,0.07,-0.98,273.36
00:44.3,0,100,0,0,0,0,0,0,0,0,0.000626723,-0.005102259,-0.000886655,-0.1703477,-0.01400226,-9.817115,-0.116419634,0.010242136,0.011796702,0.010108446,0,0.07,-0.98,273.36
00:44.4,0,100,0,0,0,0,0,0,0,0,0.000387766,-0.005011307,-0.00017039,-0.1710905,-0.013782195,-9.817897,-0.160500856,0.009892324,0.011161492,0.010118904,0,0.07,-0.98,273.36
00:44.4,0,100,0,0,0,0,0,0,0,0,0.000148808,-0.004920354,0.000545874,-0.1718333,-0.01356213,-9.818679,-0.204582078,0.009542512,0.010526283,0.010129362,0,0.07,-0.98,273.36
00:44.4,0,100,0,0,0,0,0,0,0,0,0.001172637,-0.004839258,0.000239462,-0.17370075,-0.011169069,-9.815435,-0.2486633,0.0091927,0.009891074,0.01013982,0,0.07,-0.98,273.36
00:44.4,0,100,0,0,0,0,0,0,0,0,0.002196466,-0.004758161,-6.70E-05,-0.1755682,-0.008776008,-9.812191,-0.2305787,0.009194322,0.009596878,0.009986088,0,0.07,-0.98,273.362
00:44.4,0,100,0,0,0,0,0,0,0,0,0.001885972,-0.005626279,-0.000452044,-0.1732916,-0.013228544,-9.815324,-0.2124941,0.009195944,0.009302681,0.009832356,0,0.07,-0.98,273.364
00:44.5,0,100,0,0,0,0,0,0,0,0,0.001575479,-0.006494396,-0.000837137,-0.171015,-0.01768108,-9.818457,-0.1944095,0.009197565,0.009008485,0.009678623,0,0.07,-0.98,273.366
00:44.5,0,100,0,0,0,0,0,0,0,0,0.001778056,-0.005526568,-0.000138032,-0.17024395,-0.01657925,-9.818551,-0.1763249,0.009199187,0.008714288,0.009524891,0,0.07,-0.98,273.368
00:44.5,0,100,0,0,0,0,0,0,0,0,0.001980632,-0.00455874,0.000561073,-0.1694729,-0.01547742,-9.818645,-0.1582403,0.009200809,0.008420092,0.009371159,0,0.07,-0.98,273.37
00:44.5,0,100,0,0,0,0,0,0,0,0,0.001765526,-0.005796139,0.000441296,-0.16987655,-0.015011215,-9.819634,-0.15258886,0.009118711,0.008610167,0.00947571,0,0.07,-0.98,273.37
00:44.5,0,100,0,0,0,0,0,0,0,0,0.001550419,-0.007033538,0.000321519,-0.1702802,-0.01454501,-9.820623,-0.14693742,0.009036613,0.008800242,0.009580261,0,0.07,-0.98,273.37
00:44.6,0,100,0,0,0,0,0,0,0,0,0.000193128,-0.006315571,0.000492495,-0.1706746,-0.010212486,-9.813189,-0.14128598,0.008954515,0.008990318,0.009684811,0,0.07,-0.98,273.37
00:44.6,0,100,0,0,0,0,0,0,0,0,-0.001164163,-0.005597604,0.00066347,-0.171069,-0.005879962,-9.805755,-0.13563454,0.008872417,0.009180393,0.009789362,0,0.07,-0.98,273.37
00:44.6,0,100,0,0,0,0,0,0,0,0,-0.000630653,-0.001485648,0.001053611,-0.17853675,-0.00487573,-9.805396,-0.1299831,0.008790319,0.009370468,0.009893913,0,0.07,-0.98,273.37
00:44.6,0,100,0,0,0,0,0,0,0,0,-9.71E-05,0.002626308,0.001443753,-0.1860045,-0.003871497,-9.805037,-0.14467684,0.008972744,0.00933643,0.010006122,0,0.07,-0.98,273.37
00:44.6,0,100,0,0,0,0,0,0,0,0,0.000773025,-0.001292641,0.001142926,-0.1790745,-0.009022609,-9.810302,-0.15937058,0.009155168,0.009302391,0.010118332,0,0.07,-0.98,273.37
00:44.7,0,100,0,0,0,0,0,0,0,0,0.001643192,-0.00521159,0.0008421,-0.1721445,-0.01417372,-9.815567,-0.17406432,0.009337593,0.009268353,0.010230541,0,0.07,-0.98,273.37
00:44.7,0,100,0,0,0,0,0,0,0,0,0.00143791,-0.005790381,0.000646801,-0.1714094,-0.015759105,-9.8177665,-0.18875806,0.009520017,0.009234314,0.010342751,0,0.07,-0.98,273.37
00:44.7,0,100,0,0,0,0,0,0,0,0,0.001232627,-0.006369172,0.000451502,-0.1706743,-0.01734449,-9.819966,-0.2034518,0.009702442,0.009200276,0.01045496,0,0.07,-0.98,273.37
00:44.7,0,100,0,0,0,0,0,0,0,0,0.001466489,-0.005934222,2.39E-05,-0.170483,-0.016471085,-9.8200655,-0.19327922,0.009583928,0.009494297,0.011149564,0,0.07,-0.98,273.37
00:44.7,0,100,0,0,0,0,0,0,0,0,0.001700351,-0.005499272,-0.000403764,-0.1702917,-0.01559768,-9.820165,-0.18310664,0.009465414,0.009788318,0.011844168,0,0.07,-0.98,273.37
00:44.8,0,100,0,0,0,0,0,0,0,0,0.001603311,-0.005182144,0.000241325,-0.17028255,-0.014105955,-9.81981,-0.17293406,0.009346899,0.010082338,0.012538772,0,0.07,-0.98,273.37
00:44.8,0,100,0,0,0,0,0,0,0,0,0.001506272,-0.004865016,0.000886414,-0.1702734,-0.01261423,-9.819455,-0.16276148,0.009228385,0.010376359,0.013233376,0,0.07,-0.98,273.37
00:44.8,0,100,0,0,0,0,0,0,0,0,-0.000471673,-0.002947707,0.000560933,-0.17309805,-0.006964459,-9.8109425,-0.1525889,0.009109871,0.01067038,0.01392798,0,0.07,-0.98,273.37
00:44.8,0,100,0,0,0,0,0,0,0,0,-0.002449618,-0.001030398,0.000235452,-0.1759227,-0.001314687,-9.80243,-0.18197638,0.009325885,0.010470916,0.013442666,0,0.07,-0.98,273.37
00:44.8,0,100,0,0,0,0,0,0,0,0,-0.000977959,-0.003334478,0.000370482,-0.17169545,-0.007401269,-9.8107655,-0.21136386,0.009541899,0.010271453,0.012957352,0,0.07,-0.98,273.37
00:44.9,0,100,0,0,0,0,0,0,0,0,0.000493701,-0.005638558,0.000505512,-0.1674682,-0.01348785,-9.819101,-0.24075134,0.009757912,0.010071989,0.012472038,0,0.07,-0.98,273.37
00:44.9,0,100,0,0,0,0,0,0,0,0,0.000665367,-0.005044546,-0.000135104,-0.1677172,-0.013303485,-9.8201335,-0.27013882,0.009973926,0.009872526,0.011986724,0,0.07,-0.98,273.37
00:44.9,0,100,0,0,0,0,0,0,0,0,0.000837033,-0.004450533,-0.00077572,-0.1679662,-0.01311912,-9.821166,-0.2995263,0.01018994,0.009673062,0.01150141,0,0.07,-0.98,273.37
00:44.9,0,100,0,0,0,0,0,0,0,0,0.000596278,-0.004753912,-0.000264584,-0.1693629,-0.012880995,-9.821044,-0.254314782,0.019389506,0.021706912,0.023530288,0,0.07,-0.98,273.37
00:44.9,0,100,0,0,0,0,0,0,0,0,0.000355524,-0.005057291,0.000246552,-0.1707596,-0.01264287,-9.820922,-0.209103264,0.028589072,0.033740761,0.035559166,0,0.07,-0.98,273.37
00:45.0,0,100,0,0,0,0,0,0,0,0,-0.001131213,-0.002612292,0.000794859,-0.1755691,-0.006130799,-9.8158825,-0.163891746,0.037788638,0.045774611,0.047588044,0,0.07,-0.98,273.37
00:45.0,0,100,0,0,0,0,0,0,0,0,-0.00261795,-0.000167294,0.001343166,-0.1803786,0.000381271,-9.810843,-0.118680228,0.046988204,0.05780846,0.059616922,0,0.07,-0.98,273.37
00:45.0,0,100,0,0,0,0,0,0,0,0,-0.000958639,-0.002796417,0.000647925,-0.17411725,-0.006264109,-9.8130865,-0.07346871,0.05618777,0.06984231,0.0716458,0,0.07,-0.98,273.37
00:45.0,0,100,0,0,0,0,0,0,0,0,0.000700671,-0.00542554,-4.73E-05,-0.1678559,-0.01290949,-9.81533,-0.111898488,0.04689725,0.057808142,0.059338494,0,0.07,-0.98,273.37
00:45.0,0,100,0,0,0,0,0,0,0,0,0.000813088,-0.005336832,-0.000313368,-0.16873535,-0.014104075,-9.815356,-0.150328266,0.03760673,0.045773974,0.047031188,0,0.07,-0.98,273.37
00:45.1,0,100,0,0,0,0,0,0,0,0,0.000925504,-0.005248123,-0.00057942,-0.1696148,-0.01529866,-9.815382,-0.188758044,0.028316209,0.033739807,0.034723882,0,0.07,-0.98,273.37
00:45.1,0,100,0,0,0,0,0,0,0,0,0.001439072,-0.005603392,8.24E-05,-0.1700645,-0.012459414,-9.8162355,-0.227187822,0.019025689,0.021705639,0.022416576,0,0.07,-0.98,273.37
00:45.1,0,100,0,0,0,0,0,0,0,0,0.00195264,-0.005958661,0.000744239,-0.1705142,-0.009620168,-9.817089,-0.2656176,0.009735169,0.009671471,0.01010927,0,0.07,-0.98,273.37
00:45.1,0,100,0,0,0,0,0,0,0,0,0.001712862,-0.006349295,-5.98E-06,-0.1704689,-0.012381864,-9.817016,-0.23623012,0.00947109,0.010017357,0.01071394,0,0.07,-0.98,273.37
00:45.1,0,100,0,0,0,0,0,0,0,0,0.001473083,-0.006739928,-0.000756204,-0.1704236,-0.01514356,-9.816943,-0.20684264,0.009207011,0.010363243,0.01131861,0,0.07,-0.98,273.37
00:45.2,0,100,0,0,0,0,0,0,0,0,0.001563833,-0.005242017,-0.000961983,-0.17053315,-0.0142385,-9.8176795,-0.17745516,0.008942933,0.010709128,0.01192328,0,0.07,-0.98,273.37
00:45.2,0,100,0,0,0,0,0,0,0,0,0.001654582,-0.003744105,-0.001167761,-0.1706427,-0.01333344,-9.818416,-0.14806768,0.008678854,0.011055014,0.01252795,0,0.07,-0.98,273.37
00:45.2,0,100,0,0,0,0,0,0,0,0,0.002228135,-0.003848976,-0.000628564,-0.1716976,-0.01324964,-9.821124,-0.1186802,0.008414775,0.0114009,0.01313262,0,0.07,-0.98,273.37
00:45.2,0,100,0,0,0,0,0,0,0,0,0.002801689,-0.003953846,-8.94E-05,-0.1727525,-0.01316584,-9.823832,-0.110768188,0.008568367,0.01116488,0.0131343,0,0.07,-0.98,273.37
00:45.2,0,100,0,0,0,0,0,0,0,0,0.002166383,-0.004142452,0.000202444,-0.17151515,-0.012361055,-9.8205515,-0.102856176,0.008721959,0.01092886,0.01313598,0,0.07,-0.98,273.37
00:45.3,0,100,0,0,0,0,0,0,0,0,0.001531076,-0.004331057,0.000494254,-0.1702778,-0.01155627,-9.817271,-0.094944164,0.008875551,0.01069284,0.01313766,0,0.07,-0.98,273.37
00:45.3,0,100,0,0,0,0,0,0,0,0,0.001333366,-0.004382524,0.000749104,-0.1702314,-0.012883115,-9.8156905,-0.087032152,0.009029143,0.01045682,0.01313934,0,0.07,-0.98,273.37
00:45.3,0,100,0,0,0,0,0,0,0,0,0.001135655,-0.00443399,0.001003954,-0.170185,-0.01420996,-9.81411,-0.07912014,0.009182735,0.0102208,0.01314102,0,0.07,-0.98,273.37
00:45.3,0,100,0,0,0,0,0,0,0,0,-0.000237901,-0.003720413,0.001323686,-0.172744,-0.01010589,-9.808449,-0.07912014,0.009074483,0.01037278,0.012719744,0,0.068,-0.98,273.37
00:45.3,0,100,0,0,0,0,0,0,0,0,-0.001611456,-0.003006835,0.001643419,-0.175303,-0.00600182,-9.802788,-0.07912014,0.008966232,0.01052476,0.012298468,0,0.066,-0.98,273.37
00:45.4,0,100,0,0,0,0,0,0,0,0,5.36E-05,-0.005081927,0.000605839,-0.1739678,-0.00862284,-9.8097595,-0.07912014,0.00885798,0.01067674,0.011877192,0,0.064,-0.98,273.37
00:45.4,0,100,0,0,0,0,0,0,0,0,0.001718609,-0.007157019,-0.000431742,-0.1726326,-0.01124386,-9.816731,-0.07912014,0.008749729,0.01082872,0.011455916,0,0.062,-0.98,273.37
00:45.4,0,100,0,0,0,0,0,0,0,0,0.001491406,-0.005686103,0.000154315,-0.17412135,-0.01238224,-9.8157425,-0.07912014,0.008641477,0.0109807,0.01103464,0,0.06,-0.98,273.37
00:45.4,0,100,0,0,0,0,0,0,0,0,0.001264203,-0.004215186,0.000740372,-0.1756101,-0.01352062,-9.814754,-0.099465332,0.008848512,0.01100746,0.01070778,0,0.06,-0.98,273.37
00:45.4,0,100,0,0,0,0,0,0,0,0,0.000504503,-0.00466805,0.000277673,-0.1732476,-0.012865195,-9.815117,-0.119810524,0.009055547,0.01103422,0.01038092,0,0.06,-0.98,273.37
00:45.5,0,100,0,0,0,0,0,0,0,0,-0.000255196,-0.005120913,-0.000185025,-0.1708851,-0.01220977,-9.81548,-0.140155716,0.009262581,0.01106098,0.010054059,0,0.06,-0.98,273.37
00:45.5,0,100,0,0,0,0,0,0,0,0,0.000949461,-0.001780912,0.000593056,-0.17567795,-0.012794085,-9.803406,-0.160500908,0.009469616,0.01108774,0.009727199,0,0.06,-0.98,273.37
00:45.5,0,100,0,0,0,0,0,0,0,0,0.002154119,0.00155909,0.001371138,-0.1804708,-0.0133784,-9.791332,-0.1808461,0.009676651,0.0111145,0.009400339,0,0.06,-0.98,273.37
00:45.5,0,100,0,0,0,0,0,0,0,0,8.40E-06,-6.26E-07,0.001811269,-0.17502425,-0.011491232,-9.7940405,-0.16841292,0.009649587,0.010929044,0.009738793,0,0.06,-0.98,273.37
00:45.5,0,100,0,0,0,0,0,0,0,0,-0.002137321,-0.001560342,0.0022514,-0.1695777,-0.009604063,-9.796749,-0.15597974,0.009622524,0.010743588,0.010077247,0,0.06,-0.98,273.37
00:45.6,0,100,0,0,0,0,0,0,0,0,-0.000368136,-0.002661133,0.001572967,-0.1699654,-0.011452092,-9.8060205,-0.14354656,0.00959546,0.010558132,0.010415702,0,0.06,-0.98,273.37
00:45.6,0,100,0,0,0,0,0,0,0,0,0.00140105,-0.003761924,0.000894535,-0.1703531,-0.01330012,-9.815292,-0.13111338,0.009568397,0.010372676,0.010754156,0,0.06,-0.98,273.37
00:45.6,0,100,0,0,0,0,0,0,0,0,0.001546173,-0.005664371,0.00053158,-0.16944445,-0.014129545,-9.814,-0.1186802,0.009541333,0.01018722,0.01109261,0,0.06,-0.98,273.37
00:45.6,0,100,0,0,0,0,0,0,0,0,0.001691295,-0.007566818,0.000168625,-0.1685358,-0.01495897,-9.812708,-0.12433164,0.019156238,0.02170129,0.024425804,0,0.06,-0.98,273.372
00:45.6,0,100,0,0,0,0,0,0,0,0,0.000525562,-0.006527592,4.98E-05,-0.1704114,-0.013410305,-9.8134985,-0.12998308,0.028771144,0.03321536,0.037758998,0,0.06,-0.98,273.374
00:45.7,0,100,0,0,0,0,0,0,0,0,-0.000640171,-0.005488366,-6.89E-05,-0.172287,-0.01186164,-9.814289,-0.13563452,0.038386049,0.04472943,0.051092192,0,0.06,-0.98,273.376
00:45.7,0,100,0,0,0,0,0,0,0,0,0.00048186,-0.005387252,-0.000103925,-0.17038975,-0.01340651,-9.8127955,-0.14128596,0.048000955,0.0562435,0.064425386,0,0.06,-0.98,273.378
00:45.7,0,100,0,0,0,0,0,0,0,0,0.001603891,-0.005286138,-0.000138921,-0.1684925,-0.01495138,-9.811302,-0.1469374,0.05761586,0.06775757,0.07775858,0,0.06,-0.98,273.38
00:45.7,0,100,0,0,0,0,0,0,0,0,0.001257257,-0.001881037,0.000795369,-0.17672255,-0.00646482,-9.8126885,-0.14241626,0.048108458,0.056487526,0.064768714,0,0.06,-0.98,273.38
00:45.7,0,100,0,0,0,0,0,0,0,0,0.000910623,0.001524064,0.001729658,-0.1849526,0.00202174,-9.814075,-0.13789512,0.038601056,0.045217482,0.051778848,0,0.06,-0.98,273.38
00:45.8,0,100,0,0,0,0,0,0,0,0,0.000833286,-0.001184045,0.001482681,-0.1785202,-0.005510635,-9.8139365,-0.13337398,0.029093654,0.033947438,0.038788982,0,0.06,-0.98,273.38
00:45.8,0,100,0,0,0,0,0,0,0,0,0.000755948,-0.003892154,0.001235703,-0.1720878,-0.01304301,-9.813798,-0.12885284,0.019586252,0.022677394,0.025799116,0,0.06,-0.98,273.38
00:45.8,0,100,0,0,0,0,0,0,0,0,0.001284442,-0.004926774,0.001239099,-0.17201535,-0.014087785,-9.813183,-0.1243317,0.01007885,0.01140735,0.01280925,0,0.06,-0.98,273.38
00:45.8,0,100,0,0,0,0,0,0,0,0,0.001812936,-0.005961393,0.001242494,-0.1719429,-0.01513256,-9.812568,-0.12772256,0.010058277,0.011066009,0.013371432,0,0.06,-0.98,273.38
00:45.8,0,100,0,0,0,0,0,0,0,0,0.001644421,-0.006381088,6.46E-05,-0.1712429,-0.01731742,-9.8142685,-0.13111342,0.010037704,0.010724668,0.013933614,0,0.06,-0.98,273.38
00:45.9,0,100,0,0,0,0,0,0,0,0,0.001475905,-0.006800783,-0.00111334,-0.1705429,-0.01950228,-9.815969,-0.13450428,0.010017131,0.010383326,0.014495796,0,0.06,-0.98,273.38
00:45.9,0,100,0,0,0,0,0,0,0,0,0.002008858,-0.004586237,-0.000216821,-0.1724284,-0.006334222,-9.805769,-0.13789514,0.009996558,0.010041985,0.015057978,0,0.06,-0.98,273.38
00:45.9,0,100,0,0,0,0,0,0,0,0,0.00254181,-0.00237169,0.000679698,-0.1743139,0.006833837,-9.795569,-0.141286,0.009975985,0.009700644,0.01562016,0,0.06,-0.98,273.38
00:45.9,0,100,0,0,0,0,0,0,0,0,0.001643913,-0.003758321,0.00064832,-0.17258925,-0.002705312,-9.8033465,-0.1401557,0.009760875,0.009796669,0.01525973,0,0.06,-0.98,273.38
00:45.9,0,100,0,0,0,0,0,0,0,0,0.000746016,-0.005144952,0.000616941,-0.1708646,-0.01224446,-9.811124,-0.1390254,0.009545765,0.009892694,0.0148993,0,0.06,-0.98,273.38
00:46.0,0,100,0,0,0,0,0,0,0,0,0.000924096,-0.005525282,-0.000132296,-0.17106455,-0.012633445,-9.812795,-0.1378951,0.009330655,0.00998872,0.01453887,0,0.06,-0.98,273.38
00:46.0,0,100,0,0,0,0,0,0,0,0,0.001102176,-0.005905611,-0.000881532,-0.1712645,-0.01302243,-9.814466,-0.1367648,0.009115545,0.010084745,0.01417844,0,0.06,-0.98,273.38
00:46.0,0,100,0,0,0,0,0,0,0,0,0.001117725,-0.005436081,-0.00075959,-0.17070105,-0.01259444,-9.814054,-0.1356345,0.008900435,0.01018077,0.01381801,0,0.06,-0.98,273.38
00:46.0,0,100,0,0,0,0,0,0,0,0,0.001133274,-0.00496655,-0.000637648,-0.1701376,-0.01216645,-9.813642,-0.15597968,0.00907628,0.010080467,0.013718852,0,0.06,-0.98,273.38
00:46.0,0,100,0,0,0,0,0,0,0,0,0.000944976,-0.005317756,0.000351384,-0.1702108,-0.01414688,-9.809772,-0.17632486,0.009252125,0.009980164,0.013619694,0,0.06,-0.98,273.38
00:46.1,0,100,0,0,0,0,0,0,0,0,0.000756678,-0.005668961,0.001340415,-0.170284,-0.01612731,-9.805902,-0.19667004,0.009427971,0.009879861,0.013520536,0,0.06,-0.98,273.38
00:46.1,0,100,0,0,0,0,0,0,0,0,-0.000194594,-0.001428561,0.000796679,-0.1723307,-0.013253735,-9.801265,-0.21701522,0.009603816,0.009779558,0.013421378,0,0.06,-0.98,273.38
00:46.1,0,100,0,0,0,0,0,0,0,0,-0.001145866,0.002811838,0.000252942,-0.1743774,-0.01038016,-9.796628,-0.2373604,0.009779661,0.009679255,0.01332222,0,0.06,-0.98,273.38
00:46.1,0,100,0,0,0,0,0,0,0,0,0.000598356,-0.000721852,-0.000351779,-0.1727655,-0.011430085,-9.805621,-0.24075128,0.009637616,0.009811342,0.01309096,0,0.06,-0.98,273.38
00:46.1,0,100,0,0,0,0,0,0,0,0,0.002342578,-0.004255542,-0.000956501,-0.1711536,-0.01248001,-9.814614,-0.24414216,0.009495571,0.009943429,0.0128597,0,0.06,-0.98,273.38
00:46.2,0,100,0,0,0,0,0,0,0,0,0.0010377,-0.004119735,-0.000251868,-0.16958575,-0.01460101,-9.815435,-0.24753304,0.009353525,0.010075516,0.01262844,0,0.06,-0.98,273.38
00:46.2,0,100,0,0,0,0,0,0,0,0,-0.000267179,-0.003983927,0.000452764,-0.1680179,-0.01672201,-9.816256,-0.25092392,0.00921148,0.010207603,0.01239718,0,0.06,-0.98,273.38
00:46.2,0,100,0,0,0,0,0,0,0,0,0.000632041,-0.005281823,0.000837602,-0.16917955,-0.013638395,-9.8143415,-0.2543148,0.009069435,0.01033969,0.01216592,0,0.06,-0.98,273.38
00:46.2,0,100,0,0,0,0,0,0,0,0,0.00153126,-0.00657972,0.001222441,-0.1703412,-0.01055478,-9.812427,-0.24979364,0.009168521,0.010189534,0.012084414,0,0.06,-0.98,273.38
00:46.2,0,100,0,0,0,0,0,0,0,0,0.000641731,-0.00494033,0.00010663,-0.1819766,-0.003226369,-9.8090185,-0.24527248,0.009267607,0.010039377,0.012002908,0,0.06,-0.98,273.38
00:46.3,0,100,0,0,0,0,0,0,0,0,-0.000247797,-0.003300939,-0.001009181,-0.193612,0.004102042,-9.80561,-0.24075132,0.009366692,0.009889221,0.011921402,0,0.06,-0.98,273.38
00:46.3,0,100,0,0,0,0,0,0,0,0,0.000770606,-0.000436363,-0.000752467,-0.18991455,-0.00108303,-9.8002995,-0.23623016,0.009465778,0.009739064,0.011839896,0,0.06,-0.98,273.38
00:46.3,0,100,0,0,0,0,0,0,0,0,0.00178901,0.002428213,-0.000495752,-0.1862171,-0.006268102,-9.794989,-0.231709,0.009564864,0.009588908,0.01175839,0,0.06,-0.98,273.38
00:46.3,0,100,0,0,0,0,0,0,0,0,0.001616787,-0.001294124,-0.000348888,-0.17764925,-0.009636971,-9.8025865,-0.21927584,0.019501507,0.019561034,0.023665844,0,0.06,-0.98,273.38
00:46.3,0,100,0,0,0,0,0,0,0,0,0.001444564,-0.005016461,-0.000202024,-0.1690814,-0.01300584,-9.810184,-0.20684268,0.02943815,0.029533161,0.035573298,0,0.06,-0.98,273.38
00:46.4,0,100,0,0,0,0,0,0,0,0,0.000684905,-0.004853945,0.000302519,-0.1712027,-0.01254923,-9.810385,-0.19440952,0.039374794,0.039505287,0.047480752,0,0.06,-0.98,273.38
00:46.4,0,100,0,0,0,0,0,0,0,0,-7.48E-05,-0.004691429,0.000807063,-0.173324,-0.01209262,-9.810586,-0.18197636,0.049311437,0.049477414,0.059388206,0,0.06,-0.98,273.38
00:46.4,0,100,0,0,0,0,0,0,0,0,0.000381728,-0.004733421,0.000693922,-0.1727695,-0.013241525,-9.810865,-0.1695432,0.05924808,0.05944954,0.07129566,0,0.06,-0.98,273.38
00:46.4,0,100,0,0,0,0,0,0,0,0,0.00083821,-0.004775413,0.000580781,-0.172215,-0.01439043,-9.811144,-0.17293406,0.049563356,0.049547671,0.058830016,0,0.06,-0.98,273.38
00:46.4,0,100,0,0,0,0,0,0,0,0,0.000208937,-0.003499948,0.002426427,-0.17984135,-0.004997372,-9.8161085,-0.17632492,0.039878632,0.039645802,0.046364373,0,0.06,-0.98,273.38
00:46.5,0,100,0,0,0,0,0,0,0,0,-0.000420337,-0.002224483,0.004272072,-0.1874677,0.004395687,-9.821073,-0.17971578,0.030193908,0.029743932,0.033898729,0,0.06,-0.98,273.38
00:46.5,0,100,0,0,0,0,0,0,0,0,0.000750211,0.00035237,0.003290718,-0.1834836,-0.000578935,-9.8206045,-0.18310664,0.020509184,0.019842063,0.021433086,0,0.06,-0.98,273.38
00:46.5,0,100,0,0,0,0,0,0,0,0,0.001920759,0.002929223,0.002309364,-0.1794995,-0.005553556,-9.820136,-0.1864975,0.01082446,0.009940194,0.008967442,0,0.06,-0.98,273.38
00:46.5,0,100,0,0,0,0,0,0,0,0,0.001633349,-0.000576146,0.001584193,-0.1732708,-0.006810131,-9.8161455,-0.160500878,0.01058822,0.010175057,0.00906429,0,0.06,-0.98,273.38
00:46.5,0,100,0,0,0,0,0,0,0,0,0.001345939,-0.004081515,0.000859023,-0.1670421,-0.008066706,-9.812155,-0.134504256,0.01035198,0.01040992,0.009161138,0,0.06,-0.98,273.38
00:46.6,0,100,0,0,0,0,0,0,0,0,0.001127091,-0.004382428,9.96E-05,-0.1703294,-0.012345183,-9.8126755,-0.108507634,0.010115739,0.010644784,0.009257985,0,0.06,-0.98,273.38
00:46.6,0,100,0,0,0,0,0,0,0,0,0.000908242,-0.004683341,-0.000659793,-0.1736167,-0.01662366,-9.813196,-0.082511012,0.009879499,0.010879647,0.009354833,0,0.06,-0.98,273.38
00:46.6,0,100,0,0,0,0,0,0,0,0,0.001082206,-0.005345486,-0.000527639,-0.1717414,-0.014359375,-9.8105975,-0.05651439,0.009643259,0.01111451,0.009451681,0,0.06,-0.98,273.38
00:46.6,0,100,0,0,0,0,0,0,0,0,0.00125617,-0.006007631,-0.000395485,-0.1698661,-0.01209509,-9.807999,-0.096074472,0.009568929,0.01106706,0.009891427,0,0.06,-0.98,273.38
00:46.6,0,100,0,0,0,0,0,0,0,0,0.000843252,-0.004982616,-3.89E-05,-0.17093355,-0.01433505,-9.810657,-0.135634554,0.009494599,0.01101961,0.010331173,0,0.06,-0.98,273.38
00:46.7,0,100,0,0,0,0,0,0,0,0,0.000430334,-0.003957601,0.000317742,-0.172001,-0.01657501,-9.813315,-0.175194636,0.009420268,0.01097216,0.010770918,0,0.06,-0.98,273.38
00:46.7,0,100,0,0,0,0,0,0,0,0,0.000649051,-0.004341646,0.000425716,-0.170568,-0.01410881,-9.8125625,-0.214754718,0.009345938,0.01092471,0.011210664,0,0.06,-0.98,273.38
00:46.7,0,100,0,0,0,0,0,0,0,0,0.000867767,-0.00472569,0.00053369,-0.169135,-0.01164261,-9.81181,-0.2543148,0.009271608,0.01087726,0.01165041,0,0.06,-0.98,273.38
00:46.7,0,100,0,0,0,0,0,0,0,0,0.000438724,-0.005013544,0.000492297,-0.1695661,-0.012801545,-9.8112855,-0.25657536,0.009154516,0.01080498,0.011665364,0,0.06,-0.98,273.38
00:46.7,0,100,0,0,0,0,0,0,0,0,9.68E-06,-0.005301398,0.000450905,-0.1699972,-0.01396048,-9.810761,-0.25883592,0.009037424,0.0107327,0.011680318,0,0.06,-0.98,273.38
00:46.8,0,100,0,0,0,0,0,0,0,0,-4.29E-05,-0.005338739,0.000109734,-0.1708721,-0.01287188,-9.810923,-0.26109648,0.008920333,0.01066042,0.011695272,0,0.06,-0.98,273.38
00:46.8,0,100,0,0,0,0,0,0,0,0,-9.56E-05,-0.00537608,-0.000231436,-0.171747,-0.01178328,-9.811085,-0.26335704,0.008803241,0.01058814,0.011710226,0,0.06,-0.98,273.38
00:46.8,0,100,0,0,0,0,0,0,0,0,0.00017933,-0.004959644,-0.000333482,-0.17093685,-0.01340884,-9.8112915,-0.2656176,0.008686149,0.01051586,0.01172518,0,0.06,-0.98,273.38
00:46.8,0,100,0,0,0,0,0,0,0,0,0.000454214,-0.004543208,-0.000435528,-0.1701267,-0.0150344,-9.811498,-0.247533,0.008696654,0.010683214,0.011312057,0,0.06,-0.98,273.38
00:46.8,0,100,0,0,0,0,0,0,0,0,-0.000669661,-0.001753736,0.000849026,-0.1737275,-0.006998037,-9.813051,-0.2294484,0.008707159,0.010850568,0.010898934,0,0.06,-0.98,273.38
00:46.9,0,100,0,0,0,0,0,0,0,0,-0.001793536,0.001035737,0.002133579,-0.1773283,0.001038327,-9.814604,-0.2113638,0.008717663,0.011017922,0.010485812,0,0.06,-0.98,273.38
00:46.9,0,100,0,0,0,0,0,0,0,0,-0.000662623,-0.00201802,0.001166659,-0.17000685,-0.005852422,-9.8141525,-0.1932792,0.008728168,0.011185276,0.010072689,0,0.06,-0.98,273.38
00:46.9,0,100,0,0,0,0,0,0,0,0,0.00046829,-0.005071776,0.000199738,-0.1626854,-0.01274317,-9.813701,-0.1751946,0.008738673,0.01135263,0.009659566,0,0.06,-0.98,273.38
00:46.9,0,100,0,0,0,0,0,0,0,0,0.000966546,-0.005047178,6.11E-05,-0.1673192,-0.012782635,-9.8130445,-0.16954316,0.008794104,0.011185142,0.010065047,0,0.06,-0.98,273.38
00:46.9,0,100,0,0,0,0,0,0,0,0,0.001464802,-0.00502258,-7.75E-05,-0.171953,-0.0128221,-9.812388,-0.16389172,0.008849535,0.011017654,0.010470528,0,0.06,-0.98,273.38
00:47.0,0,100,0,0,0,0,0,0,0,0,0.001540911,-0.005242988,0.000283039,-0.1735823,-0.015069325,-9.81356,-0.15824028,0.008904967,0.010850166,0.010876008,0,0.06,-0.98,273.38
00:47.0,0,100,0,0,0,0,0,0,0,0,0.001617019,-0.005463396,0.000643568,-0.1752116,-0.01731655,-9.814732,-0.15258884,0.008960398,0.010682678,0.011281489,0,0.06,-0.98,273.38
00:47.0,0,100,0,0,0,0,0,0,0,0,0.002195463,-0.005298829,-0.000336665,-0.1779129,-0.014184835,-9.8007285,-0.1469374,0.009015829,0.01051519,0.01168697,0,0.06,-0.98,273.38
00:47.0,0,100,0,0,0,0,0,0,0,0,0.002773906,-0.005134263,-0.001316898,-0.1806142,-0.01105312,-9.786725,-0.1559797,0.00891331,0.010560484,0.011704492,0,0.06,-0.98,273.38
00:47.0,0,100,0,0,0,0,0,0,0,0,0.000363151,-0.001981081,0.000891237,-0.1812964,-0.007406398,-9.7961065,-0.165022,0.008810791,0.010605778,0.011722014,0,0.06,-0.98,273.38
00:47.1,0,100,0,0,0,0,0,0,0,0,-0.002047604,0.001172102,0.003099371,-0.1819786,-0.003759675,-9.805488,-0.1740643,0.008708272,0.010651072,0.011739536,0,0.06,-0.98,273.38
00:47.1,0,100,0,0,0,0,0,0,0,0,-0.000228674,-0.001773628,0.001384096,-0.17559475,-0.007961953,-9.811495,-0.1831066,0.008605753,0.010696366,0.011757058,0,0.06,-0.98,273.38
00:47.1,0,100,0,0,0,0,0,0,0,0,0.001590256,-0.004719357,-0.000331179,-0.1692109,-0.01216423,-9.817502,-0.1921489,0.008503234,0.01074166,0.01177458,0,0.06,-0.98,273.38
00:47.1,0,100,0,0,0,0,0,0,0,0,0.001715975,-0.004778021,-0.000235936,-0.17150175,-0.00910874,-9.8174765,-0.1740643,0.017634817,0.022294828,0.023921346,0,0.06,-0.98,273.38
00:47.1,0,100,0,0,0,0,0,0,0,0,0.001841694,-0.004836685,-0.000140693,-0.1737926,-0.00605325,-9.817451,-0.1559797,0.0267664,0.033847996,0.036068112,0,0.06,-0.98,273.38
00:47.2,0,100,0,0,0,0,0,0,0,0,0.001276761,-0.004932459,4.63E-05,-0.1700333,-0.011523705,-9.8168575,-0.1378951,0.035897984,0.045401164,0.048214878,0,0.06,-0.98,273.38
00:47.2,0,100,0,0,0,0,0,0,0,0,0.000711828,-0.005028233,0.000233205,-0.166274,-0.01699416,-9.816264,-0.1198105,0.045029567,0.056954332,0.060361644,0,0.06,-0.98,273.38
00:47.2,0,100,0,0,0,0,0,0,0,0,0.000851362,-0.004844814,-0.000115155,-0.16763895,-0.016039785,-9.815168,-0.1017259,0.05416115,0.0685075,0.07250841,0,0.06,-0.98,273.38
00:47.2,0,100,0,0,0,0,0,0,0,0,0.000990897,-0.004661394,-0.000463514,-0.1690039,-0.01508541,-9.814072,-0.12546194,0.053832582,0.067290366,0.073051092,0,0.06,-0.98,273.38
00:47.2,0,100,0,0,0,0,0,0,0,0,0.000795122,-0.005397071,-0.000520612,-0.16871945,-0.014986885,-9.814816,-0.14919798,0.053504014,0.066073232,0.073593774,0,0.06,-0.98,273.38
00:47.3,0,100,0,0,0,0,0,0,0,0,0.000599347,-0.006132747,-0.000577709,-0.168435,-0.01488836,-9.81556,-0.17293402,0.053175446,0.064856098,0.074136456,0,0.06,-0.98,273.38
00:47.3,0,100,0,0,0,0,0,0,0,0,0.001702748,-0.005546171,-0.000111365,-0.1686522,-0.014167435,-9.8135865,-0.19667006,0.052846878,0.063638964,0.074679138,0,0.06,-0.98,273.38
00:47.3,0,100,0,0,0,0,0,0,0,0,0.002806149,-0.004959594,0.000354979,-0.1688694,-0.01344651,-9.811613,-0.2204061,0.05251831,0.06242183,0.07522182,0,0.06,-0.98,273.38
00:47.3,0,100,0,0,0,0,0,0,0,0,0.001954415,-0.002776922,-0.000138059,-0.176028,-0.005503045,-9.8115695,-0.26109646,0.043717308,0.05182684,0.062089301,0,0.06,-0.98,273.38
00:47.3,0,100,0,0,0,0,0,0,0,0,0.001102681,-0.00059425,-0.000631098,-0.1831866,0.002440419,-9.811526,-0.30178682,0.034916306,0.04123185,0.048956782,0,0.06,-0.98,273.38
00:47.4,0,100,0,0,0,0,0,0,0,0,0.001270997,-0.003195627,-0.000754928,-0.1760799,-0.0040613,-9.8125395,-0.34247718,0.026115303,0.030636859,0.035824263,0,0.06,-0.98,273.38
00:47.4,0,100,0,0,0,0,0,0,0,0,0.001439313,-0.005797005,-0.000878759,-0.1689732,-0.01056302,-9.813553,-0.38316754,0.017314301,0.020041869,0.022691744,0,0.06,-0.98,273.38
00:47.4,0,100,0,0,0,0,0,0,0,0,0.001229909,-0.005247617,5.90E-05,-0.1713983,-0.012305555,-9.8139345,-0.4238579,0.008513299,0.009446879,0.009559225,0,0.06,-0.98,273.38
00:47.4,0,100,0,0,0,0,0,0,0,0,0.001020504,-0.004698228,0.000996684,-0.1738234,-0.01404809,-9.814316,-0.396731,0.008513042,0.009612443,0.009681152,0,0.06,-0.98,273.38
00:47.4,0,100,0,0,0,0,0,0,0,0,0.000638791,-0.005241731,0.000345142,-0.1726471,-0.01240561,-9.815166,-0.3696041,0.008512786,0.009778007,0.009803079,0,0.06,-0.98,273.38
00:47.5,0,100,0,0,0,0,0,0,0,0,0.000257078,-0.005785235,-0.000306399,-0.1714708,-0.01076313,-9.816016,-0.3424772,0.008512529,0.009943572,0.009925006,0,0.06,-0.98,273.38
00:47.5,0,100,0,0,0,0,0,0,0,0,0.000495041,-0.0048472,-0.000914003,-0.18015175,-0.006839847,-9.819046,-0.3153503,0.008512273,0.010109136,0.010046933,0,0.06,-0.98,273.38
00:47.5,0,100,0,0,0,0,0,0,0,0,0.000733005,-0.003909165,-0.001521606,-0.1888327,-0.002916564,-9.822076,-0.2882234,0.008512016,0.0102747,0.01016886,0,0.06,-0.98,273.38
00:47.5,0,100,0,0,0,0,0,0,0,0,0.000787271,-0.004641895,-0.00053055,-0.1790628,-0.006909337,-9.821443,-0.26674794,0.008372602,0.010184725,0.00982994,0,0.06,-0.98,273.38
00:47.5,0,100,0,0,0,0,0,0,0,0,0.000841538,-0.005374624,0.000460506,-0.1692929,-0.01090211,-9.82081,-0.24527248,0.008233189,0.01009475,0.00949102,0,0.06,-0.98,273.38
00:47.6,0,100,0,0,0,0,0,0,0,0,0.000601113,-0.005154058,0.00025369,-0.1698137,-0.013020745,-9.8190075,-0.22379702,0.008093775,0.010004775,0.009152101,0,0.06,-0.98,273.38
00:47.6,0,100,0,0,0,0,0,0,0,0,0.000360689,-0.004933491,4.69E-05,-0.1703345,-0.01513938,-9.817205,-0.20232156,0.007954362,0.0099148,0.008813181,0,0.06,-0.98,273.38
00:47.6,0,100,0,0,0,0,0,0,0,0,0.00019125,-0.004548607,-0.000288237,-0.17052335,-0.01433596,-9.8166975,-0.1808461,0.007814948,0.009824825,0.008474261,0,0.06,-0.98,273.38
00:47.6,0,100,0,0,0,0,0,0,0,0,2.18E-05,-0.004163722,-0.000623347,-0.1707122,-0.01353254,-9.81619,-0.18197638,0.007950022,0.009624299,0.008421712,0,0.06,-0.98,273.378
00:47.6,0,100,0,0,0,0,0,0,0,0,0.000468779,-0.004378215,-0.000297155,-0.17223805,-0.014450105,-9.8158725,-0.18310666,0.008085096,0.009423773,0.008369163,0,0.06,-0.98,273.376
00:47.7,0,100,0,0,0,0,0,0,0,0,0.000915746,-0.004592707,2.90E-05,-0.1737639,-0.01536767,-9.815555,-0.18423694,0.00822017,0.009223248,0.008316614,0,0.06,-0.98,273.374
00:47.7,0,100,0,0,0,0,0,0,0,0,0.00233158,-0.002906847,-0.000206059,-0.17719455,-0.00544771,-9.8080115,-0.18536722,0.008355244,0.009022722,0.008264065,0,0.06,-0.98,273.372
00:47.7,0,100,0,0,0,0,0,0,0,0,0.003747414,-0.001220987,-0.000441156,-0.1806252,0.004472249,-9.800468,-0.1864975,0.008490318,0.008822196,0.008211516,0,0.06,-0.98,273.37
00:47.7,0,100,0,0,0,0,0,0,0,0,0.00261455,-0.00322903,-0.000163027,-0.17525555,-0.004631621,-9.8085525,-0.1864975,0.008477771,0.008629541,0.008222267,0,0.06,-0.98,273.37
00:47.7,0,100,0,0,0,0,0,0,0,0,0.001481685,-0.005237072,0.000115101,-0.1698859,-0.01373549,-9.816637,-0.1864975,0.008465224,0.008436885,0.008233018,0,0.06,-0.98,273.37
00:47.8,0,100,0,0,0,0,0,0,0,0,0.001045542,-0.004336658,-0.000258573,-0.16873615,-0.014526475,-9.8176,-0.1864975,0.008452676,0.00824423,0.008243768,0,0.06,-0.98,273.37
00:47.8,0,100,0,0,0,0,0,0,0,0,0.000609398,-0.003436244,-0.000632248,-0.1675864,-0.01531746,-9.818563,-0.1864975,0.008440129,0.008051574,0.008254519,0,0.06,-0.98,273.37
00:47.8,0,100,0,0,0,0,0,0,0,0,0.000934693,-0.004720438,0.000262214,-0.167676,-0.01381548,-9.8171255,-0.1864975,0.008427582,0.007858919,0.00826527,0,0.06,-0.98,273.37
00:47.8,0,100,0,0,0,0,0,0,0,0,0.001259988,-0.006004631,0.001156676,-0.1677656,-0.0123135,-9.815688,-0.20910326,0.008454002,0.007958511,0.008195407,0,0.06,-0.98,273.37
00:47.8,0,100,0,0,0,0,0,0,0,0,0.001057288,-0.006366089,0.000932895,-0.1757013,-0.005490556,-9.81537,-0.23170902,0.008480422,0.008058103,0.008125544,0,0.06,-0.98,273.37
00:47.9,0,100,0,0,0,0,0,0,0,0,0.000854587,-0.006727546,0.000709114,-0.183637,0.001332388,-9.815052,-0.25431478,0.008506842,0.008157696,0.008055681,0,0.06,-0.98,273.37
00:47.9,0,100,0,0,0,0,0,0,0,0,0.002357363,-0.002755862,0.000510712,-0.17808455,0.002038524,-9.8111825,-0.27692054,0.008533262,0.008257288,0.007985818,0,0.06,-0.98,273.37
00:47.9,0,100,0,0,0,0,0,0,0,0,0.003860138,0.001215823,0.000312309,-0.1725321,0.00274466,-9.807313,-0.2995263,0.008559682,0.00835688,0.007915955,0,0.06,-0.98,273.37
00:47.9,0,100,0,0,0,0,0,0,0,0,0.002167082,-0.001869072,0.000192357,-0.173182,-0.005660445,-9.812508,-0.255445068,0.018411016,0.020172264,0.02107111,0,0.06,-0.98,273.37
00:47.9,0,100,0,0,0,0,0,0,0,0,0.000474026,-0.004953966,7.24E-05,-0.1738319,-0.01406555,-9.817703,-0.211363836,0.028262349,0.031987648,0.034226265,0,0.06,-0.98,273.37
00:48.0,0,100,0,0,0,0,0,0,0,0,0.001042113,-0.005288094,0.000320356,-0.17317755,-0.012911595,-9.8157315,-0.167282604,0.038113683,0.043803032,0.04738142,0,0.06,-0.98,273.37
00:48.0,0,100,0,0,0,0,0,0,0,0,0.0016102,-0.005622221,0.000568309,-0.1725232,-0.01175764,-9.81376,-0.123201372,0.047965016,0.055618416,0.060536575,0,0.06,-0.98,273.37
00:48.0,0,100,0,0,0,0,0,0,0,0,0.001513544,-0.005861097,0.000490685,-0.1730352,-0.014079115,-9.8137015,-0.07912014,0.05781635,0.0674338,0.07369173,0,0.06,-0.98,273.37
00:48.0,0,100,0,0,0,0,0,0,0,0,0.001416887,-0.006099972,0.000413062,-0.1735472,-0.01640059,-9.813643,-0.131113392,0.047734918,0.055745986,0.060641103,0,0.06,-0.98,273.37
00:48.0,0,100,0,0,0,0,0,0,0,0,0.001614778,-0.001943968,0.000350252,-0.18249595,-0.006015188,-9.806484,-0.183106644,0.037653486,0.044058172,0.047590476,0,0.06,-0.98,273.37
00:48.1,0,100,0,0,0,0,0,0,0,0,0.001812669,0.002212036,0.000287442,-0.1914447,0.004370213,-9.799325,-0.235099896,0.027572054,0.032370359,0.034539848,0,0.06,-0.98,273.37
00:48.1,0,100,0,0,0,0,0,0,0,0,0.001257652,0.001016541,0.000428121,-0.1854758,0.003392821,-9.799505,-0.287093148,0.017490622,0.020682545,0.021489221,0,0.06,-0.98,273.37
00:48.1,0,100,0,0,0,0,0,0,0,0,0.000702635,-0.000178953,0.0005688,-0.1795069,0.002415429,-9.799685,-0.3390864,0.00740919,0.008994731,0.008438594,0,0.06,-0.98,273.37
00:48.1,0,100,0,0,0,0,0,0,0,0,0.000588603,-0.00316589,0.000542435,-0.1763102,-0.005985766,-9.808623,-0.3187412,0.007465603,0.008993464,0.008554322,0,0.06,-0.98,273.37
00:48.1,0,100,0,0,0,0,0,0,0,0,0.000474571,-0.006152826,0.00051607,-0.1731135,-0.01438696,-9.817561,-0.298396,0.007522016,0.008992198,0.008670049,0,0.06,-0.98,273.37
00:48.2,0,100,0,0,0,0,0,0,0,0,0.000519117,-0.006056215,0.000345863,-0.17153105,-0.011561224,-9.8173815,-0.2780508,0.00757843,0.008990931,0.008785777,0,0.06,-0.98,273.37
00:48.2,0,100,0,0,0,0,0,0,0,0,0.000563663,-0.005959603,0.000175656,-0.1699486,-0.008735487,-9.817202,-0.2577056,0.007634843,0.008989665,0.008901504,0,0.06,-0.98,273.37
00:48.2,0,100,0,0,0,0,0,0,0,0,0.000748479,-0.00462648,0.000208531,-0.16956665,-0.013509184,-9.816893,-0.2373604,0.007691256,0.008988398,0.009017232,0,0.06,-0.98,273.37
00:48.2,0,100,0,0,0,0,0,0,0,0,0.000933294,-0.003293357,0.000241406,-0.1691847,-0.01828288,-9.816584,-0.21362436,0.007888995,0.008998281,0.009237268,0,0.06,-0.98,273.37
00:48.2,0,100,0,0,0,0,0,0,0,0,0.000854037,-0.003681003,0.00015588,-0.1695818,-0.01472972,-9.8157465,-0.18988832,0.008086734,0.009008164,0.009457303,0,0.06,-0.98,273.37
00:48.3,0,100,0,0,0,0,0,0,0,0,0.00077478,-0.004068648,7.04E-05,-0.1699789,-0.01117656,-9.814909,-0.16615228,0.008284472,0.009018047,0.009677339,0,0.06,-0.98,273.37
00:48.3,0,100,0,0,0,0,0,0,0,0,0.001240371,-0.004779959,-0.000252615,-0.17054825,-0.012840035,-9.8153,-0.14241624,0.008482211,0.00902793,0.009897374,0,0.06,-0.98,273.37
00:48.3,0,100,0,0,0,0,0,0,0,0,0.001705962,-0.00549127,-0.000575583,-0.1711176,-0.01450351,-9.815691,-0.1186802,0.00867995,0.009037813,0.01011741,0,0.06,-0.98,273.37
00:48.3,0,100,0,0,0,0,0,0,0,0,0.00126338,-0.006015194,3.65E-05,-0.1705657,-0.01276907,-9.814535,-0.108507614,0.008700843,0.009161008,0.01104471,0,0.06,-0.98,273.37
00:48.3,0,100,0,0,0,0,0,0,0,0,0.000820798,-0.006539118,0.000648519,-0.1700138,-0.01103463,-9.813379,-0.098335028,0.008721736,0.009284202,0.01197201,0,0.06,-0.98,273.37
00:48.4,0,100,0,0,0,0,0,0,0,0,0.001028397,-0.006040659,0.000614548,-0.1704911,-0.010164469,-9.816423,-0.088162442,0.00874263,0.009407397,0.01289931,0,0.06,-0.98,273.37
00:48.4,0,100,0,0,0,0,0,0,0,0,0.001235997,-0.0055422,0.000580577,-0.1709684,-0.009294308,-9.819467,-0.077989856,0.008763523,0.009530591,0.01382661,0,0.06,-0.98,273.37
00:48.4,0,100,0,0,0,0,0,0,0,0,0.001348,-0.005396014,0.000591097,-0.1694441,-0.011850924,-9.8156845,-0.06781727,0.008784416,0.009653786,0.01475391,0,0.06,-0.98,273.37
00:48.4,0,100,0,0,0,0,0,0,0,0,0.001460002,-0.005249827,0.000601616,-0.1679198,-0.01440754,-9.811902,-0.083641296,0.009102043,0.009839979,0.014608222,0,0.06,-0.98,273.368
00:48.4,0,100,0,0,0,0,0,0,0,0,0.000525078,-0.006527245,-5.24E-07,-0.1778727,-0.006911397,-9.809168,-0.099465322,0.00941967,0.010026172,0.014462534,0,0.06,-0.98,273.366
00:48.5,0,100,0,0,0,0,0,0,0,0,-0.000409845,-0.007804662,-0.000602664,-0.1878256,0.000584747,-9.806434,-0.115289348,0.009737296,0.010212364,0.014316846,0,0.06,-0.98,273.364
00:48.5,0,100,0,0,0,0,0,0,0,0,0.000418812,-0.006202952,-8.72E-05,-0.17862015,-0.006707972,-9.8112105,-0.131113374,0.010054923,0.010398557,0.014171158,0,0.06,-0.98,273.362
00:48.5,0,100,0,0,0,0,0,0,0,0,0.001247469,-0.004601242,0.000428281,-0.1694147,-0.01400069,-9.815987,-0.1469374,0.01037255,0.01058475,0.01402547,0,0.06,-0.98,273.36
00:48.5,0,100,0,0,0,0,0,0,0,0,0.000743233,-0.0052075,0.000356723,-0.1708568,-0.01324179,-9.8165755,-0.16276144,0.010512044,0.010441398,0.0139068,0,0.06,-0.98,273.362
00:48.5,0,100,0,0,0,0,0,0,0,0,0.000238998,-0.005813757,0.000285165,-0.1722989,-0.01248289,-9.817164,-0.17858548,0.010651538,0.010298047,0.01378813,0,0.06,-0.98,273.364
00:48.6,0,100,0,0,0,0,0,0,0,0,0.000459956,-0.005315296,0.000460624,-0.17085365,-0.0136342,-9.8161465,-0.19440952,0.010791032,0.010154695,0.01366946,0,0.06,-0.98,273.366
00:48.6,0,100,0,0,0,0,0,0,0,0,0.000680914,-0.004816835,0.000636082,-0.1694084,-0.01478551,-9.815129,-0.21023356,0.010930526,0.010011344,0.01355079,0,0.06,-0.98,273.368
00:48.6,0,100,0,0,0,0,0,0,0,0,0.00075944,-0.00312693,0.000385525,-0.16785335,-0.011282228,-9.807654,-0.2260576,0.01107002,0.009867992,0.01343212,0,0.06,-0.98,273.37
00:48.6,0,100,0,0,0,0,0,0,0,0,0.000837966,-0.001437025,0.000134968,-0.1662983,-0.007778945,-9.800179,-0.20910328,0.010739363,0.010122714,0.012968598,0,0.06,-0.98,273.368
00:48.6,0,100,0,0,0,0,0,0,0,0,0.002081672,-0.000566681,-0.000547503,-0.1764853,-0.004301176,-9.808122,-0.19214896,0.010408705,0.010377435,0.012505076,0,0.06,-0.98,273.366
00:48.7,0,100,0,0,0,0,0,0,0,0,0.003325378,0.000303664,-0.001229974,-0.1866723,-0.000823406,-9.816065,-0.17519464,0.010078048,0.010632157,0.012041554,0,0.06,-0.98,273.364
00:48.7,0,100,0,0,0,0,0,0,0,0,0.001971158,-0.002813309,-0.0004528,-0.17811535,-0.006573723,-9.816383,-0.15824032,0.00974739,0.010886878,0.011578032,0,0.06,-0.98,273.362
00:48.7,0,100,0,0,0,0,0,0,0,0,0.000616939,-0.005930281,0.000324375,-0.1695584,-0.01232404,-9.816701,-0.141286,0.009416733,0.0111416,0.01111451,0,0.06,-0.98,273.36
00:48.7,0,100,0,0,0,0,0,0,0,0,0.000873917,-0.004882502,7.37E-05,-0.17045125,-0.01338375,-9.815421,-0.14919802,0.019552742,0.021463036,0.023795544,0,0.06,-0.982,273.36
00:48.7,0,100,0,0,0,0,0,0,0,0,0.001130896,-0.003834723,-0.000176954,-0.1713441,-0.01444346,-9.814141,-0.15711004,0.029688752,0.031784472,0.036476578,0,0.06,-0.984,273.36
00:48.8,0,100,0,0,0,0,0,0,0,0,0.001002391,-0.00461247,-0.00020173,-0.16994225,-0.014073605,-9.81399,-0.16502206,0.039824761,0.042105908,0.049157612,0,0.06,-0.986,273.36
00:48.8,0,100,0,0,0,0,0,0,0,0,0.000873887,-0.005390217,-0.000226506,-0.1685404,-0.01370375,-9.813839,-0.17293408,0.049960771,0.052427344,0.061838646,0,0.06,-0.988,273.36
00:48.8,0,100,0,0,0,0,0,0,0,0,0.000753313,-0.005522873,0.00032715,-0.16928695,-0.015918145,-9.812318,-0.1808461,0.06009678,0.06274878,0.07451968,0,0.06,-0.99,273.36
00:48.8,0,100,0,0,0,0,0,0,0,0,0.000632739,-0.005655528,0.000880806,-0.1700335,-0.01813254,-9.810797,-0.17180378,0.049951945,0.052160214,0.061979138,0,0.06,-0.988,273.36
00:48.8,0,100,0,0,0,0,0,0,0,0,-3.58E-05,-0.005574643,0.000517584,-0.1781438,-0.005216716,-9.810392,-0.16276146,0.039807111,0.041571647,0.049438596,0,0.06,-0.986,273.36
00:48.9,0,100,0,0,0,0,0,0,0,0,-0.000704247,-0.005493757,0.000154364,-0.1862541,0.007699107,-9.809987,-0.15371914,0.029662276,0.030983081,0.036898054,0,0.06,-0.984,273.36
00:48.9,0,100,0,0,0,0,0,0,0,0,-3.17E-05,-0.004849721,0.000443592,-0.1774481,-0.002602386,-9.8120315,-0.14467682,0.019517442,0.020394514,0.024357512,0,0.06,-0.982,273.36
00:48.9,0,100,0,0,0,0,0,0,0,0,0.000640753,-0.004205684,0.00073282,-0.1686421,-0.01290388,-9.814076,-0.1356345,0.009372607,0.009805948,0.01181697,0,0.06,-0.98,273.36
00:48.9,0,100,0,0,0,0,0,0,0,0,0.00092856,-0.005205749,0.000949278,-0.16930195,-0.01020043,-9.8146695,-0.113028752,0.00938113,0.01006987,0.012219488,0,0.06,-0.982,273.36
00:48.9,0,100,0,0,0,0,0,0,0,0,0.001216367,-0.006205813,0.001165735,-0.1699618,-0.00749698,-9.815263,-0.090423004,0.009389652,0.010333793,0.012622006,0,0.06,-0.984,273.36
00:49.0,0,100,0,0,0,0,0,0,0,0,0.001455993,-0.005957852,0.000723422,-0.17084135,-0.011722375,-9.8140935,-0.067817256,0.009398175,0.010597715,0.013024524,0,0.06,-0.986,273.36
00:49.0,0,100,0,0,0,0,0,0,0,0,0.001695619,-0.005709891,0.000281108,-0.1717209,-0.01594777,-9.812924,-0.045211508,0.009406697,0.010861638,0.013427042,0,0.06,-0.988,273.36
00:49.0,0,100,0,0,0,0,0,0,0,0,-0.001478422,-0.00303952,0.000405985,-0.17886015,-0.004063833,-9.8053365,-0.02260576,0.00941522,0.01112556,0.01382956,0,0.06,-0.99,273.36
00:49.0,0,100,0,0,0,0,0,0,0,0,-0.004652463,-0.000369148,0.000530863,-0.1859994,0.007820103,-9.797749,-0.0141286,0.009342392,0.011349082,0.013591708,0,0.06,-0.99,273.36
00:49.0,0,100,0,0,0,0,0,0,0,0,-0.001470006,-0.002523481,0.00038591,-0.1795954,-0.004493218,-9.806361,-0.00565144,0.009269563,0.011572604,0.013353856,0,0.06,-0.99,273.36
00:49.1,0,100,0,0,0,0,0,0,0,0,0.001712452,-0.004677813,0.000240958,-0.1731914,-0.01680654,-9.814973,0.00282572,0.009196735,0.011796126,0.013116004,0,0.06,-0.99,273.36
00:49.1,0,100,0,0,0,0,0,0,0,0,0.001585986,-0.004457853,0.000306015,-0.17164625,-0.012397141,-9.8145525,0.01130288,0.009123906,0.012019648,0.012878152,0,0.06,-0.99,273.36
00:49.1,0,100,0,0,0,0,0,0,0,0,0.001459519,-0.004237892,0.000371072,-0.1701011,-0.007987742,-9.814132,0.01978004,0.009051078,0.01224317,0.0126403,0,0.06,-0.99,273.36
00:49.1,0,100,0,0,0,0,0,0,0,0,0.001145262,-0.004122282,-0.000193331,-0.1692463,-0.012128946,-9.8158505,-0.005651428,0.009288374,0.012321456,0.012971394,0,0.06,-0.99,273.36
00:49.1,0,100,0,0,0,0,0,0,0,0,0.000831004,-0.004006671,-0.000757735,-0.1683915,-0.01627015,-9.817569,-0.031082896,0.009525671,0.012399742,0.013302488,0,0.06,-0.99,273.36
00:49.2,0,100,0,0,0,0,0,0,0,0,0.000918139,-0.004785078,-0.000492302,-0.17085545,-0.0159766,-9.816002,-0.056514364,0.009762967,0.012478028,0.013633582,0,0.06,-0.99,273.36
00:49.2,0,100,0,0,0,0,0,0,0,0,0.001005273,-0.005563485,-0.000226869,-0.1733194,-0.01568305,-9.814435,-0.081945832,0.010000264,0.012556314,0.013964676,0,0.06,-0.99,273.36
00:49.2,0,100,0,0,0,0,0,0,0,0,0.001606091,-0.005147618,0.000816027,-0.17640985,-0.015611225,-9.810524,-0.1073773,0.01023756,0.0126346,0.01429577,0,0.06,-0.99,273.36
00:49.2,0,100,0,0,0,0,0,0,0,0,0.002206908,-0.004731752,0.001858923,-0.1795003,-0.0155394,-9.806613,-0.1073773,0.010280362,0.012327024,0.01385732,0,0.06,-0.99,273.36
00:49.2,0,100,0,0,0,0,0,0,0,0,0.001814946,-0.005304875,0.000837048,-0.17572455,-0.012956275,-9.808606,-0.1073773,0.010323164,0.012019448,0.01341887,0,0.06,-0.99,273.36
00:49.3,0,100,0,0,0,0,0,0,0,0,0.001422983,-0.005877997,-0.000184827,-0.1719488,-0.01037315,-9.810599,-0.1073773,0.010365966,0.011711872,0.01298042,0,0.06,-0.99,273.36
00:49.3,0,100,0,0,0,0,0,0,0,0,0.001028661,-0.004883128,-8.47E-05,-0.17235125,-0.011635785,-9.81048,-0.1073773,0.010408768,0.011404296,0.01254197,0,0.06,-0.99,273.36
00:49.3,0,100,0,0,0,0,0,0,0,0,0.00063434,-0.003888258,1.54E-05,-0.1727537,-0.01289842,-9.810361,-0.1073773,0.01045157,0.01109672,0.01210352,0,0.06,-0.99,273.36
00:49.3,0,100,0,0,0,0,0,0,0,0,0.001078582,-0.004614311,-1.48E-05,-0.17277105,-0.01383185,-9.8103995,-0.11868018,0.010455212,0.010800516,0.011846682,0,0.06,-0.99,273.358
00:49.3,0,100,0,0,0,0,0,0,0,0,0.001522825,-0.005340363,-4.49E-05,-0.1727884,-0.01476528,-9.810438,-0.12998306,0.010458854,0.010504312,0.011589844,0,0.06,-0.99,273.356
00:49.4,0,100,0,0,0,0,0,0,0,0,0.001177424,-0.008222517,-0.001026646,-0.17602385,-0.009081205,-9.8088425,-0.14128594,0.010462496,0.010208108,0.011333006,0,0.06,-0.99,273.354
00:49.4,0,100,0,0,0,0,0,0,0,0,0.000832024,-0.01110467,-0.002008345,-0.1792593,-0.003397129,-9.807247,-0.15258882,0.010466138,0.009911904,0.011076168,0,0.06,-0.99,273.352
00:49.4,0,100,0,0,0,0,0,0,0,0,4.94E-05,-0.00623199,-0.001272959,-0.17981445,-0.004700869,-9.804354,-0.1638917,0.01046978,0.0096157,0.01081933,0,0.06,-0.99,273.35
00:49.4,0,100,0,0,0,0,0,0,0,0,-0.000733129,-0.001359309,-0.000537573,-0.1803696,-0.006004609,-9.801461,-0.1548494,0.019685886,0.02028004,0.023106686,0,0.06,-0.99,273.35
00:49.4,0,100,0,0,0,0,0,0,0,0,-5.27E-05,-0.00287254,-0.000618916,-0.17615365,-0.010725229,-9.807303,-0.1458071,0.028901992,0.03094438,0.035394042,0,0.06,-0.99,273.35
00:49.5,0,100,0,0,0,0,0,0,0,0,0.000627642,-0.004385771,-0.000700259,-0.1719377,-0.01544585,-9.813145,-0.1367648,0.038118098,0.04160872,0.047681398,0,0.06,-0.99,273.35
00:49.5,0,100,0,0,0,0,0,0,0,0,0.001074639,-0.004396582,-0.00046454,-0.1710846,-0.01496288,-9.812812,-0.1277225,0.047334204,0.05227306,0.059968754,0,0.06,-0.99,273.35
00:49.5,0,100,0,0,0,0,0,0,0,0,0.001521635,-0.004407392,-0.000228822,-0.1702315,-0.01447991,-9.812479,-0.1186802,0.05655031,0.0629374,0.07225611,0,0.06,-0.99,273.35
00:49.5,0,100,0,0,0,0,0,0,0,0,0.001419058,-0.005558729,0.000319702,-0.1701234,-0.015756305,-9.8124905,-0.114159052,0.056769124,0.064090188,0.072309292,0,0.06,-0.99,273.35
00:49.5,0,100,0,0,0,0,0,0,0,0,0.001316481,-0.006710066,0.000868225,-0.1700153,-0.0170327,-9.812502,-0.109637904,0.056987938,0.065242976,0.072362474,0,0.06,-0.99,273.35
00:49.6,0,100,0,0,0,0,0,0,0,0,0.001470297,-0.006215043,-0.001217199,-0.17773175,-0.008674206,-9.812745,-0.105116756,0.057206752,0.066395764,0.072415656,0,0.06,-0.99,273.35
00:49.6,0,100,0,0,0,0,0,0,0,0,0.001624113,-0.00572002,-0.003302624,-0.1854482,-0.000315712,-9.812988,-0.100595608,0.057425566,0.067548552,0.072468838,0,0.06,-0.99,273.35
00:49.6,0,100,0,0,0,0,0,0,0,0,0.000350977,-0.00269582,-0.003636286,-0.18188575,-0.004343408,-9.806512,-0.09607446,0.05764438,0.06870134,0.07252202,0,0.06,-0.99,273.35
00:49.6,0,100,0,0,0,0,0,0,0,0,-0.00092216,0.00032838,-0.003969948,-0.1783233,-0.008371104,-9.800036,-0.111898488,0.048034495,0.057049466,0.060385364,0,0.06,-0.99,273.35
00:49.6,0,100,0,0,0,0,0,0,0,0,9.23E-05,-0.002600057,-0.002041902,-0.1720648,-0.011661522,-9.8077825,-0.127722516,0.03842461,0.045397592,0.048248708,0,0.06,-0.99,273.35
00:49.7,0,100,0,0,0,0,0,0,0,0,0.001106688,-0.005528493,-0.000113856,-0.1658063,-0.01495194,-9.815529,-0.143546544,0.028814724,0.033745718,0.036112052,0,0.06,-0.99,273.35
00:49.7,0,100,0,0,0,0,0,0,0,0,0.001485584,-0.004421891,-0.000197233,-0.16901465,-0.01589695,-9.814989,-0.159370572,0.019204839,0.022093844,0.023975396,0,0.06,-0.99,273.35
00:49.7,0,100,0,0,0,0,0,0,0,0,0.001864479,-0.003315289,-0.00028061,-0.172223,-0.01684196,-9.814449,-0.1751946,0.009594954,0.01044197,0.01183874,0,0.06,-0.99,273.35
00:49.7,0,100,0,0,0,0,0,0,0,0,0.001596011,-0.004399687,-0.000357232,-0.17132035,-0.01557965,-9.8128685,-0.16502202,0.009507269,0.010394426,0.01168662,0,0.06,-0.99,273.35
00:49.7,0,100,0,0,0,0,0,0,0,0,0.001327543,-0.005484085,-0.000433854,-0.1704177,-0.01431734,-9.811288,-0.15484944,0.009419584,0.010346882,0.0115345,0,0.06,-0.99,273.35
00:49.8,0,100,0,0,0,0,0,0,0,0,0.001250329,-0.005311516,0.000206075,-0.17236705,-0.01389129,-9.812654,-0.14467686,0.0093319,0.010299338,0.01138238,0,0.06,-0.99,273.35
00:49.8,0,100,0,0,0,0,0,0,0,0,0.001173115,-0.005138947,0.000846005,-0.1743164,-0.01346524,-9.81402,-0.13450428,0.009244215,0.010251794,0.01123026,0,0.06,-0.99,273.35
00:49.8,0,100,0,0,0,0,0,0,0,0,0.001481907,-0.004757644,0.000574827,-0.17011265,-0.01205246,-9.814218,-0.1243317,0.00915653,0.01020425,0.01107814,0,0.06,-0.99,273.35
00:49.8,0,100,0,0,0,0,0,0,0,0,0.001790699,-0.00437634,0.00030365,-0.1659089,-0.01063968,-9.814416,-0.12998314,0.009317441,0.010154666,0.011102432,0,0.06,-0.99,273.35
00:49.8,0,100,0,0,0,0,0,0,0,0,0.001637914,-0.004599138,0.000218897,-0.16856365,-0.012720415,-9.814965,-0.13563458,0.009478352,0.010105082,0.011126724,0,0.06,-0.99,273.35
00:49.9,0,100,0,0,0,0,0,0,0,0,0.001485129,-0.004821936,0.000134145,-0.1712184,-0.01480115,-9.815514,-0.14128602,0.009639264,0.010055499,0.011151016,0,0.06,-0.99,273.35
00:49.9,0,100,0,0,0,0,0,0,0,0,0.001302099,-0.005171257,0.000103118,-0.1700614,-0.01442363,-9.8149515,-0.14693746,0.009800175,0.010005915,0.011175308,0,0.06,-0.99,273.35
00:49.9,0,100,0,0,0,0,0,0,0,0,0.001119069,-0.005520577,7.21E-05,-0.1689044,-0.01404611,-9.814389,-0.1525889,0.009961086,0.009956331,0.0111996,0,0.06,-0.99,273.35
00:49.9,0,100,0,0,0,0,0,0,0,0,0.000640193,-0.004961853,0.000257655,-0.17208185,-0.01370062,-9.812321,-0.14806774,0.009824289,0.009886226,0.011125198,0,0.06,-0.99,273.35
00:49.9,0,100,0,0,0,0,0,0,0,0,0.000161316,-0.004403129,0.000443219,-0.1752593,-0.01335513,-9.810253,-0.14354658,0.009687493,0.009816121,0.011050796,0,0.06,-0.99,273.35
00:50.0,0,100,0,0,0,0,0,0,0,0,0.001612652,-0.002147855,0.000165121,-0.18456535,-0.004028495,-9.8025475,-0.13902542,0.009550696,0.009746016,0.010976394,0,0.06,-0.99,273.35
00:50.0,0,100,0,0,0,0,0,0,0,0,0.003063988,0.000107419,-0.000112977,-0.1938714,0.005298141,-9.794842,-0.13450426,0.0094139,0.009675911,0.010901992,0,0.06,-0.99,273.35
00:50.0,0,100,0,0,0,0,0,0,0,0,0.001909028,-0.002684399,8.71E-05,-0.18278715,-0.005863089,-9.806095,-0.1299831,0.009277103,0.009605806,0.01082759,0,0.06,-0.99,273.35
00:50.0,0,100,0,0,0,0,0,0,0,0,0.000754067,-0.005476217,0.000287102,-0.1717029,-0.01702432,-9.817348,-0.14241626,0.009424324,0.009461414,0.010599655,0,0.06,-0.99,273.35
00:50.0,0,100,0,0,0,0,0,0,0,0,0.001254453,-0.005759441,0.000667356,-0.16993775,-0.016456785,-9.8147675,-0.15484942,0.009571546,0.009317023,0.01037172,0,0.06,-0.99,273.35
00:50.1,0,100,0,0,0,0,0,0,0,0,0.001754838,-0.006042664,0.001047609,-0.1681726,-0.01588925,-9.812187,-0.16728258,0.009718767,0.009172631,0.010143785,0,0.06,-0.99,273.35
00:50.1,0,100,0,0,0,0,0,0,0,0,0.001370109,-0.006093065,0.001023401,-0.1699159,-0.014299025,-9.815289,-0.17971574,0.009865989,0.00902824,0.00991585,0,0.06,-0.99,273.35
00:50.1,0,100,0,0,0,0,0,0,0,0,0.000985381,-0.006143466,0.000999194,-0.1716592,-0.0127088,-9.818391,-0.1921489,0.01001321,0.008883848,0.009687915,0,0.06,-0.99,273.35
00:50.1,0,100,0,0,0,0,0,0,0,0,-0.00028744,-0.005124095,0.002568927,-0.17293835,-0.008265297,-9.8093555,-0.19553976,0.00987658,0.008794571,0.009911556,0,0.06,-0.99,273.35
00:50.1,0,100,0,0,0,0,0,0,0,0,-0.001560261,-0.004104723,0.00413866,-0.1742175,-0.003821793,-9.80032,-0.19893062,0.00973995,0.008705294,0.010135197,0,0.06,-0.99,273.35
00:50.2,0,100,0,0,0,0,0,0,0,0,-0.004169872,-0.002770499,0.000776356,-0.1744236,5.90E-05,-9.8037475,-0.20232148,0.009603321,0.008616016,0.010358838,0,0.06,-0.99,273.35
00:50.2,0,100,0,0,0,0,0,0,0,0,-0.006779484,-0.001436274,-0.002585948,-0.1746297,0.00393982,-9.807175,-0.20571234,0.009466691,0.008526739,0.010582479,0,0.06,-0.99,273.35
00:50.2,0,100,0,0,0,0,0,0,0,0,-0.003387095,-0.003717373,-0.00076727,-0.1713103,-0.004249445,-9.808117,-0.2091032,0.009330061,0.008437462,0.01080612,0,0.06,-0.99,273.35
00:50.2,0,100,0,0,0,0,0,0,0,0,5.29E-06,-0.005998472,0.001051408,-0.1679909,-0.01243871,-9.809059,-0.163326552,0.009008482,0.008778466,0.011100646,0,0.06,-0.99,273.35
00:50.2,0,100,0,0,0,0,0,0,0,0,0.000825747,-0.006387789,0.000461522,-0.169454,-0.014416635,-9.8119745,-0.117549904,0.008686904,0.009119469,0.011395172,0,0.06,-0.99,273.35
00:50.3,0,100,0,0,0,0,0,0,0,0,0.001646199,-0.006777105,-0.000128364,-0.1709171,-0.01639456,-9.81489,-0.071773256,0.008365325,0.009460473,0.011689698,0,0.06,-0.99,273.35
00:50.3,0,100,0,0,0,0,0,0,0,0,0.001175271,-0.005611114,-5.33E-05,-0.16970015,-0.015386385,-9.8150545,-0.025996608,0.008043747,0.009801476,0.011984224,0,0.06,-0.99,273.35
00:50.3,0,100,0,0,0,0,0,0,0,0,0.000704343,-0.004445123,2.17E-05,-0.1684832,-0.01437821,-9.815219,0.01978004,0.007722168,0.01014248,0.01227875,0,0.06,-0.99,273.35
00:50.3,0,100,0,0,0,0,0,0,0,0,0.000928109,-0.00490617,0.000178935,-0.17103765,-0.015108175,-9.814633,0.017519464,0.017704826,0.021041554,0.024065048,0,0.06,-0.99,273.35
00:50.3,0,100,0,0,0,0,0,0,0,0,0.001151876,-0.005367217,0.000336131,-0.1735921,-0.01583814,-9.814047,0.015258888,0.027687485,0.031940628,0.035851346,0,0.06,-0.99,273.35
00:50.4,0,100,0,0,0,0,0,0,0,0,0.000981226,-0.005606805,-5.45E-05,-0.1726034,-0.016200075,-9.8116995,0.012998311,0.037670143,0.042839702,0.047637644,0,0.06,-0.99,273.35
00:50.4,0,100,0,0,0,0,0,0,0,0,0.000810576,-0.005846393,-0.000445198,-0.1716147,-0.01656201,-9.809352,0.010737735,0.047652802,0.053738776,0.059423942,0,0.06,-0.99,273.35
00:50.4,0,100,0,0,0,0,0,0,0,0,0.002029442,-0.00535207,0.00047464,-0.1716741,-0.016336395,-9.8066915,0.008477159,0.05763546,0.06463785,0.07121024,0,0.06,-0.99,273.35
00:50.4,0,100,0,0,0,0,0,0,0,0,0.003248308,-0.004857746,0.001394478,-0.1717335,-0.01611078,-9.804031,-0.013563453,0.047916957,0.053644964,0.059109002,0,0.06,-0.99,273.348
00:50.4,0,100,0,0,0,0,0,0,0,0,0.002362653,-0.00539714,0.000433952,-0.16937285,-0.01441997,-9.807104,-0.035604065,0.038198454,0.042652078,0.047007764,0,0.06,-0.99,273.346
00:50.5,0,100,0,0,0,0,0,0,0,0,0.001476997,-0.005936534,-0.000526574,-0.1670122,-0.01272916,-9.810177,-0.057644676,0.028479952,0.031659191,0.034906526,0,0.06,-0.99,273.344
00:50.5,0,100,0,0,0,0,0,0,0,0,0.000944643,-0.005297966,0.000362928,-0.16765325,-0.013598115,-9.8110585,-0.079685288,0.018761449,0.020666305,0.022805288,0,0.06,-0.99,273.342
00:50.5,0,100,0,0,0,0,0,0,0,0,0.000412289,-0.004659398,0.00125243,-0.1682943,-0.01446707,-9.81194,-0.1017259,0.009042946,0.009673419,0.01070405,0,0.06,-0.99,273.34
00:50.5,0,100,0,0,0,0,0,0,0,0,0.001201139,-0.004346799,0.000506861,-0.17042315,-0.012136504,-9.8118635,-0.088162448,0.009202406,0.009940495,0.011032492,0,0.06,-0.99,273.34
00:50.5,0,100,0,0,0,0,0,0,0,0,0.001989988,-0.0040342,-0.000238709,-0.172552,-0.009805937,-9.811787,-0.074598996,0.009361867,0.010207571,0.011360934,0,0.06,-0.99,273.34
00:50.6,0,100,0,0,0,0,0,0,0,0,0.001434194,-0.003709865,0.000500681,-0.1744035,-0.004719033,-9.8093035,-0.061035544,0.009521327,0.010474648,0.011689376,0,0.06,-0.99,273.34
00:50.6,0,100,0,0,0,0,0,0,0,0,0.0008784,-0.00338553,0.001240071,-0.176255,0.000367871,-9.80682,-0.047472092,0.009680788,0.010741724,0.012017818,0,0.06,-0.99,273.34
00:50.6,0,100,0,0,0,0,0,0,0,0,0.001011989,-0.004898761,0.001064546,-0.1728955,-0.005500305,-9.8121335,-0.03390864,0.009840248,0.0110088,0.01234626,0,0.06,-0.99,273.34
00:50.6,0,100,0,0,0,0,0,0,0,0,0.001145577,-0.006411992,0.000889021,-0.169536,-0.01136848,-9.817447,-0.065556692,0.009743646,0.010790309,0.012544736,0,0.062,-0.992,273.342
00:50.6,0,100,0,0,0,0,0,0,0,0,0.001230146,-0.005327996,0.000215306,-0.1698579,-0.014348305,-9.8180745,-0.097204744,0.009647045,0.010571819,0.012743212,0,0.064,-0.994,273.344
00:50.7,0,100,0,0,0,0,0,0,0,0,0.001314715,-0.004244,-0.000458408,-0.1701798,-0.01732813,-9.818702,-0.128852796,0.009550443,0.010353328,0.012941688,0,0.066,-0.996,273.346
00:50.7,0,100,0,0,0,0,0,0,0,0,0.001441074,-0.005108118,0.000172984,-0.1710607,-0.013231123,-9.8165585,-0.160500848,0.009453842,0.010134838,0.013140164,0,0.068,-0.998,273.348
00:50.7,0,100,0,0,0,0,0,0,0,0,0.001567433,-0.005972235,0.000804376,-0.1719416,-0.009134115,-9.814415,-0.1921489,0.00935724,0.009916347,0.01333864,0,0.07,-1,273.35
00:50.7,0,100,0,0,0,0,0,0,0,0,0.000960723,-0.005162512,0.000591381,-0.17257495,-0.011757693,-9.8138525,-0.19893064,0.009294363,0.009976672,0.013018028,0,0.07,-1,273.35
00:50.7,0,100,0,0,0,0,0,0,0,0,0.000354012,-0.004352788,0.000378385,-0.1732083,-0.01438127,-9.81329,-0.20571238,0.009231485,0.010036996,0.012697416,0,0.07,-1,273.35
00:50.8,0,100,0,0,0,0,0,0,0,0,2.51E-05,-0.003883203,-0.002973542,-0.1724774,-0.0129006,-9.8077695,-0.21249412,0.009168608,0.010097321,0.012376804,0,0.07,-1,273.35
00:50.8,0,100,0,0,0,0,0,0,0,0,-0.000303862,-0.003413619,-0.006325469,-0.1717465,-0.01141993,-9.802249,-0.21927586,0.00910573,0.010157645,0.012056192,0,0.07,-1,273.35
00:50.8,0,100,0,0,0,0,0,0,0,0,0.000164281,-0.00478661,-0.003052139,-0.17160845,-0.01253756,-9.807265,-0.2260576,0.009042853,0.01021797,0.01173558,0,0.07,-1,273.35
00:50.8,0,100,0,0,0,0,0,0,0,0,0.000632424,-0.006159601,0.000221191,-0.1714704,-0.01365519,-9.812281,-0.200060972,0.008976949,0.0102081,0.011426842,0,0.07,-1,273.35
00:50.8,0,100,0,0,0,0,0,0,0,0,0.000638675,-0.005938287,0.000314785,-0.17186505,-0.013382975,-9.815091,-0.174064344,0.008911045,0.01019823,0.011118104,0,0.07,-1,273.35
00:50.9,0,100,0,0,0,0,0,0,0,0,0.000644925,-0.005716972,0.000408379,-0.1722597,-0.01311076,-9.817901,-0.148067716,0.008845142,0.01018836,0.010809366,0,0.07,-1,273.35
00:50.9,0,100,0,0,0,0,0,0,0,0,0.000859766,-0.006404775,8.89E-05,-0.1722887,-0.01241738,-9.8172735,-0.122071088,0.008779238,0.01017849,0.010500628,0,0.07,-1,273.35
00:50.9,0,100,0,0,0,0,0,0,0,0,0.001074606,-0.007092578,-0.000230502,-0.1723177,-0.011724,-9.816646,-0.09607446,0.008713334,0.01016862,0.01019189,0,0.07,-1,273.35
00:50.9,0,100,0,0,0,0,0,0,0,0,0.001563922,-0.008083779,-1.92E-05,-0.17584935,-0.010629168,-9.807721,-0.100595608,0.008445335,0.010035717,0.010032614,0,0.07,-1,273.35
00:50.9,0,100,0,0,0,0,0,0,0,0,0.002053237,-0.009074981,0.000192044,-0.179381,-0.009534336,-9.798796,-0.105116756,0.008177336,0.009902813,0.009873339,0,0.07,-1,273.35
00:51.0,0,100,0,0,0,0,0,0,0,0,0.00090589,-0.006436393,-0.000380602,-0.18515735,-0.010573048,-9.810824,-0.109637904,0.007909336,0.00976991,0.009714063,0,0.07,-1,273.35
00:51.0,0,100,0,0,0,0,0,0,0,0,-0.000241457,-0.003797805,-0.000953247,-0.1909337,-0.01161176,-9.822852,-0.114159052,0.007641337,0.009637006,0.009554788,0,0.07,-1,273.35
00:51.0,0,100,0,0,0,0,0,0,0,0,0.000298226,-0.004440534,-0.000224517,-0.1817005,-0.01197603,-9.819727,-0.1186802,0.007373338,0.009504103,0.009395512,0,0.07,-1,273.35
00:51.0,0,100,0,0,0,0,0,0,0,0,0.00083791,-0.005083262,0.000504214,-0.1724673,-0.0123403,-9.816602,-0.14354654,0.017113446,0.02051026,0.021704988,0,0.07,-1,273.35
00:51.0,0,100,0,0,0,0,0,0,0,0,0.000772041,-0.00553793,6.92E-05,-0.1721206,-0.014874475,-9.815565,-0.16841288,0.026853555,0.031516418,0.034014463,0,0.07,-1,273.35
00:51.1,0,100,0,0,0,0,0,0,0,0,0.000706173,-0.005992597,-0.000365785,-0.1717739,-0.01740865,-9.814528,-0.19327922,0.036593663,0.042522575,0.046323939,0,0.07,-1,273.35
00:51.1,0,100,0,0,0,0,0,0,0,0,0.000980763,-0.005608996,-0.000236991,-0.1708968,-0.01647605,-9.8145485,-0.21814556,0.046333772,0.053528733,0.058633414,0,0.07,-1,273.35
00:51.1,0,100,0,0,0,0,0,0,0,0,0.001255354,-0.005225395,-0.000108198,-0.1700197,-0.01554345,-9.814569,-0.2430119,0.05607388,0.06453489,0.07094289,0,0.07,-1,273.35
00:51.1,0,100,0,0,0,0,0,0,0,0,0.000889942,-0.005691073,0.000231657,-0.16755745,-0.014435005,-9.815065,-0.23170902,0.046576106,0.053364168,0.058878794,0,0.07,-1,273.35
00:51.1,0,100,0,0,0,0,0,0,0,0,0.000524531,-0.00615675,0.000571513,-0.1650952,-0.01332656,-9.815561,-0.22040614,0.037078331,0.042193446,0.046814698,0,0.07,-1,273.35
00:51.2,0,100,0,0,0,0,0,0,0,0,0.001518801,-0.004936421,0.001428349,-0.17174275,-0.007022399,-9.81662,-0.20910326,0.027580557,0.031022725,0.034750602,0,0.07,-1,273.35
00:51.2,0,100,0,0,0,0,0,0,0,0,0.002513071,-0.003716092,0.002285186,-0.1783903,-0.000718239,-9.817679,-0.19780038,0.018082782,0.019852003,0.022686506,0,0.07,-1,273.35
00:51.2,0,100,0,0,0,0,0,0,0,0,0.002079766,-0.004410608,0.001506463,-0.17639015,-0.008673989,-9.8171705,-0.1864975,0.008585008,0.008681281,0.01062241,0,0.07,-1,273.35
00:51.2,0,100,0,0,0,0,0,0,0,0,0.00164646,-0.005105123,0.000727741,-0.17439,-0.01662974,-9.816662,-0.18197634,0.008774925,0.00893227,0.010853834,0,0.07,-1,273.35
00:51.2,0,100,0,0,0,0,0,0,0,0,0.001526894,-0.004478714,0.000622256,-0.17229695,-0.01375032,-9.816372,-0.17745518,0.008964843,0.009183259,0.011085258,0,0.07,-1,273.35
00:51.3,0,100,0,0,0,0,0,0,0,0,0.001407328,-0.003852305,0.000516771,-0.1702039,-0.0108709,-9.816082,-0.17293402,0.00915476,0.009434249,0.011316682,0,0.07,-1,273.35
00:51.3,0,100,0,0,0,0,0,0,0,0,0.001318958,-0.005440151,0.000547457,-0.17106585,-0.014465255,-9.8163575,-0.16841286,0.009344678,0.009685238,0.011548106,0,0.07,-1,273.35
00:51.3,0,100,0,0,0,0,0,0,0,0,0.001230587,-0.007027996,0.000578144,-0.1719278,-0.01805961,-9.816633,-0.1638917,0.009534595,0.009936227,0.01177953,0,0.07,-1,273.35
00:51.3,0,100,0,0,0,0,0,0,0,0,0.001452811,-0.006052307,-0.000223164,-0.17095795,-0.013920058,-9.8198545,-0.1548494,0.009507645,0.010200878,0.011915922,0,0.07,-1,273.35
00:51.3,0,100,0,0,0,0,0,0,0,0,0.001675035,-0.005076618,-0.001024471,-0.1699881,-0.009780506,-9.823076,-0.1458071,0.009480695,0.010465528,0.012052314,0,0.07,-1,273.35
00:51.4,0,100,0,0,0,0,0,0,0,0,-0.001388773,-0.000722378,9.65E-05,-0.17193205,-0.00762888,-9.813816,-0.1367648,0.009453745,0.010730179,0.012188706,0,0.07,-1,273.35
00:51.4,0,100,0,0,0,0,0,0,0,0,-0.004452581,0.003631861,0.001217484,-0.173876,-0.005477253,-9.804556,-0.1277225,0.009426795,0.010994829,0.012325098,0,0.07,-1,273.35
00:51.4,0,100,0,0,0,0,0,0,0,0,-0.001527089,-0.001155412,0.000481236,-0.170278,-0.007464748,-9.8099045,-0.1186802,0.009399845,0.01125948,0.01246149,0,0.07,-1,273.35
00:51.4,0,100,0,0,0,0,0,0,0,0,0.001398403,-0.005942686,-0.000255012,-0.16668,-0.009452242,-9.815253,-0.107377326,0.009305126,0.01136694,0.012196398,0,0.07,-1,273.35
00:51.4,0,100,0,0,0,0,0,0,0,0,0.001614312,-0.0057432,-0.000126527,-0.17003465,-0.013750091,-9.8188395,-0.096074452,0.009210408,0.0114744,0.011931306,0,0.07,-1,273.35
00:51.5,0,100,0,0,0,0,0,0,0,0,0.001830221,-0.005543713,1.96E-06,-0.1733893,-0.01804794,-9.822426,-0.084771578,0.009115689,0.01158186,0.011666214,0,0.07,-1,273.35
00:51.5,0,100,0,0,0,0,0,0,0,0,0.001433673,-0.00472816,-6.37E-05,-0.17129665,-0.014765385,-9.818927,-0.073468704,0.009020971,0.01168932,0.011401122,0,0.07,-1,273.35
00:51.5,0,100,0,0,0,0,0,0,0,0,0.001037125,-0.003912607,-0.000129355,-0.169204,-0.01148283,-9.815428,-0.06216583,0.008926252,0.01179678,0.01113603,0,0.07,-1,273.35
00:51.5,0,100,0,0,0,0,0,0,0,0,0.001083644,-0.004813136,0.000147623,-0.1691169,-0.0129481,-9.8154385,-0.06781727,0.008878599,0.011511752,0.011401014,0,0.07,-1,273.35
00:51.5,0,100,0,0,0,0,0,0,0,0,0.001130162,-0.005713664,0.000424601,-0.1690298,-0.01441337,-9.815449,-0.07346871,0.008830947,0.011226724,0.011665998,0,0.07,-1,273.35
00:51.6,0,100,0,0,0,0,0,0,0,0,0.000961951,-0.002474526,-0.000275451,-0.1687268,-0.008117166,-9.8125445,-0.07912015,0.008783294,0.010941696,0.011930982,0,0.07,-1,273.35
00:51.6,0,100,0,0,0,0,0,0,0,0,0.000793741,0.000764612,-0.000975503,-0.1684238,-0.001820962,-9.80964,-0.08477159,0.008735642,0.010656668,0.012195966,0,0.07,-1,273.35
00:51.6,0,100,0,0,0,0,0,0,0,0,0.001129018,-0.002249984,-0.000546337,-0.16756025,-0.009541526,-9.815364,-0.09042303,0.008687989,0.01037164,0.01246095,0,0.07,-1,273.35
00:51.6,0,100,0,0,0,0,0,0,0,0,0.001464296,-0.005264581,-0.00011717,-0.1666967,-0.01726209,-9.821088,-0.109637924,0.008935073,0.010551014,0.012857494,0,0.07,-1,273.35
00:51.6,0,100,0,0,0,0,0,0,0,0,0.001343163,-0.005725042,-0.000127935,-0.1701549,-0.01563982,-9.820251,-0.128852818,0.009182157,0.010730388,0.013254038,0,0.07,-1,273.35
00:51.7,0,100,0,0,0,0,0,0,0,0,0.001222031,-0.006185502,-0.000138701,-0.1736131,-0.01401755,-9.819414,-0.148067712,0.009429242,0.010909762,0.013650582,0,0.07,-1,273.35
00:51.7,0,100,0,0,0,0,0,0,0,0,0.001332937,-0.005484852,4.17E-05,-0.17206855,-0.01527219,-9.8177275,-0.167282606,0.009676326,0.011089136,0.014047126,0,0.07,-1,273.35
00:51.7,0,100,0,0,0,0,0,0,0,0,0.001443842,-0.004784201,0.000222103,-0.170524,-0.01652683,-9.816041,-0.1864975,0.00992341,0.01126851,0.01444367,0,0.07,-1,273.35
00:51.7,0,100,0,0,0,0,0,0,0,0,0.001329924,-0.004325664,0.000766388,-0.1711646,-0.014705395,-9.816539,-0.18423692,0.019670314,0.023257258,0.027520068,0,0.07,-1,273.35
00:51.7,0,100,0,0,0,0,0,0,0,0,0.001216006,-0.003867126,0.001310674,-0.1718052,-0.01288396,-9.817037,-0.18197634,0.029417218,0.035246006,0.040596466,0,0.07,-1,273.35
00:51.8,0,100,0,0,0,0,0,0,0,0,0.001350148,-0.003991913,0.000623319,-0.17025735,-0.01199995,-9.818163,-0.17971576,0.039164122,0.047234754,0.053672864,0,0.07,-1,273.35
00:51.8,0,100,0,0,0,0,0,0,0,0,0.00148429,-0.0041167,-6.40E-05,-0.1687095,-0.01111594,-9.819289,-0.17745518,0.048911026,0.059223502,0.066749262,0,0.07,-1,273.35
00:51.8,0,100,0,0,0,0,0,0,0,0,0.001426157,-0.004877219,7.53E-05,-0.17267705,-0.014913785,-9.8190925,-0.1751946,0.05865793,0.07121225,0.07982566,0,0.07,-1,273.35
00:51.8,0,100,0,0,0,0,0,0,0,0,0.001368024,-0.005637738,0.000214542,-0.1766446,-0.01871163,-9.818896,-0.146937408,0.05832469,0.069900096,0.07885906,0,0.07,-1,273.35
00:51.8,0,100,0,0,0,0,0,0,0,0,0.000821685,-0.004974105,0.000728151,-0.1713908,-0.01481447,-9.817981,-0.118680216,0.05799145,0.068587942,0.07789246,0,0.07,-1,273.35
00:51.9,0,100,0,0,0,0,0,0,0,0,0.000275346,-0.004310471,0.00124176,-0.166137,-0.01091731,-9.817066,-0.090423024,0.05765821,0.067275788,0.07692586,0,0.07,-1,273.35
00:51.9,0,100,0,0,0,0,0,0,0,0,0.000213528,-0.003815102,0.000254053,-0.17064665,-0.01373292,-9.8151585,-0.062165832,0.05732497,0.065963634,0.07595926,0,0.07,-1,273.35
00:51.9,0,100,0,0,0,0,0,0,0,0,0.00015171,-0.003319734,-0.000733655,-0.1751563,-0.01654853,-9.813251,-0.03390864,0.05699173,0.06465148,0.07499266,0,0.07,-1,273.35
00:51.9,0,100,0,0,0,0,0,0,0,0,0.001153237,-0.001156716,-0.000815619,-0.17371725,-0.007553091,-9.8082405,-0.047472092,0.047814172,0.054456816,0.062912694,0,0.07,-1,273.35
00:51.9,0,100,0,0,0,0,0,0,0,0,0.002154764,0.001006303,-0.000897583,-0.1722782,0.001442347,-9.80323,-0.061035544,0.038636614,0.044262152,0.050832728,0,0.07,-1,273.35
00:52.0,0,100,0,0,0,0,0,0,0,0,0.001612578,-0.001624935,-0.000635274,-0.17694515,-0.001843499,-9.813521,-0.074598996,0.029459056,0.034067488,0.038752762,0,0.07,-1,273.35
00:52.0,0,100,0,0,0,0,0,0,0,0,0.001070392,-0.004256172,-0.000372964,-0.1816121,-0.005129344,-9.823812,-0.088162448,0.020281498,0.023872824,0.026672796,0,0.07,-1,273.35
00:52.0,0,100,0,0,0,0,0,0,0,0,0.00112984,-0.00426383,-6.55E-05,-0.1744825,-0.010368307,-9.823792,-0.1017259,0.01110394,0.01367816,0.01459283,0,0.07,-1,273.35
00:52.0,0,100,0,0,0,0,0,0,0,0,0.001189287,-0.004271489,0.000241985,-0.1673529,-0.01560727,-9.823772,-0.064426402,0.01093475,0.013593796,0.014784744,0,0.07,-1.002,273.35
00:52.0,0,100,0,0,0,0,0,0,0,0,0.00126827,-0.004439529,0.000186306,-0.16941985,-0.015105385,-9.8191685,-0.027126904,0.01076556,0.013509432,0.014976658,0,0.07,-1.004,273.35
00:52.1,0,100,0,0,0,0,0,0,0,0,0.001347252,-0.004607569,0.000130627,-0.1714868,-0.0146035,-9.814565,0.010172594,0.01059637,0.013425068,0.015168572,0,0.07,-1.006,273.35
00:52.1,0,100,0,0,0,0,0,0,0,0,0.001256949,-0.004710953,-3.77E-05,-0.17216105,-0.01431726,-9.816746,0.047472092,0.01042718,0.013340704,0.015360486,0,0.07,-1.008,273.35
00:52.1,0,100,0,0,0,0,0,0,0,0,0.001166646,-0.004814337,-0.00020611,-0.1728353,-0.01403102,-9.818927,0.08477159,0.01025799,0.01325634,0.0155524,0,0.07,-1.01,273.35
00:52.1,0,100,0,0,0,0,0,0,0,0,0.00140004,-0.004922384,-0.000392536,-0.1698851,-0.01293327,-9.8181415,0.05312353,0.010403248,0.013757338,0.01515638,0,0.07,-1.01,273.35
00:52.1,0,100,0,0,0,0,0,0,0,0,0.001633434,-0.00503043,-0.000578962,-0.1669349,-0.01183552,-9.817356,0.02147547,0.010548506,0.014258336,0.01476036,0,0.07,-1.01,273.35
00:52.2,0,100,0,0,0,0,0,0,0,0,-0.000504223,-0.002741329,-0.001087117,-0.1721847,-0.01476203,-9.804631,-0.01017259,0.010693764,0.014759334,0.01436434,0,0.07,-1.01,273.35
00:52.2,0,100,0,0,0,0,0,0,0,0,-0.00264188,-0.000452229,-0.001595273,-0.1774345,-0.01768854,-9.791906,-0.04182065,0.010839022,0.015260332,0.01396832,0,0.07,-1.01,273.35
00:52.2,0,100,0,0,0,0,0,0,0,0,-0.001066899,-0.002779986,-0.001170993,-0.17297085,-0.01590069,-9.805296,-0.07346871,0.01098428,0.01576133,0.0135723,0,0.07,-1.01,273.35
00:52.2,0,100,0,0,0,0,0,0,0,0,0.000508082,-0.005107743,-0.000746714,-0.1685072,-0.01411284,-9.818686,-0.070077846,0.01100582,0.015589832,0.013743628,0,0.07,-1.008,273.35
00:52.2,0,100,0,0,0,0,0,0,0,0,0.000700541,-0.006181921,-0.000878079,-0.16935615,-0.015247355,-9.820051,-0.066686982,0.01102736,0.015418334,0.013914956,0,0.07,-1.006,273.35
00:52.3,0,100,0,0,0,0,0,0,0,0,0.000893,-0.007256099,-0.001009445,-0.1702051,-0.01638187,-9.821416,-0.063296118,0.0110489,0.015246836,0.014086284,0,0.07,-1.004,273.35
00:52.3,0,100,0,0,0,0,0,0,0,0,0.001277934,-0.005323805,-0.000189164,-0.170881,-0.015452965,-9.8195175,-0.059905254,0.01107044,0.015075338,0.014257612,0,0.07,-1.002,273.35
00:52.3,0,100,0,0,0,0,0,0,0,0,0.001662868,-0.00339151,0.000631118,-0.1715569,-0.01452406,-9.817619,-0.05651439,0.01109198,0.01490384,0.01442894,0,0.07,-1,273.35
00:52.3,0,100,0,0,0,0,0,0,0,0,0.00102934,0.00150144,8.88E-05,-0.17819095,-0.011692179,-9.801825,-0.079120152,0.011049622,0.014665446,0.01469877,0,0.07,-1.002,273.35
00:52.3,0,100,0,0,0,0,0,0,0,0,0.000395812,0.006394391,-0.00045347,-0.184825,-0.008860298,-9.786031,-0.101725914,0.011007264,0.014427052,0.0149686,0,0.07,-1.004,273.35
00:52.4,0,100,0,0,0,0,0,0,0,0,-0.000172059,0.001748813,-0.002447286,-0.1838198,-0.00607875,-9.7974175,-0.124331676,0.010964906,0.014188658,0.01523843,0,0.07,-1.006,273.35
00:52.4,0,100,0,0,0,0,0,0,0,0,-0.00073993,-0.002896766,-0.004441103,-0.1828146,-0.003297202,-9.808804,-0.146937438,0.010922548,0.013950264,0.01550826,0,0.07,-1.008,273.35
00:52.4,0,100,0,0,0,0,0,0,0,0,-0.000649322,-0.003330034,-0.001435624,-0.17624415,-0.007711316,-9.8154625,-0.1695432,0.01088019,0.01371187,0.01577809,0,0.07,-1.01,273.35
00:52.4,0,100,0,0,0,0,0,0,0,0,-0.000558715,-0.003763303,0.001569855,-0.1696737,-0.01212543,-9.822121,-0.130548264,0.01095684,0.013540634,0.01588513,0,0.07,-1.01,273.35
00:52.4,0,100,0,0,0,0,0,0,0,0,2.98E-06,-0.004211944,0.000775816,-0.16912645,-0.013810885,-9.8200715,-0.091553328,0.01103349,0.013369398,0.01599217,0,0.07,-1.01,273.35
00:52.5,0,100,0,0,0,0,0,0,0,0,0.000564676,-0.004660584,-1.82E-05,-0.1685792,-0.01549634,-9.818022,-0.052558392,0.01111014,0.013198162,0.01609921,0,0.07,-1.01,273.35
00:52.5,0,100,0,0,0,0,0,0,0,0,0.000881736,-0.004519519,-1.18E-05,-0.1702109,-0.016563905,-9.816966,-0.013563456,0.01118679,0.013026926,0.01620625,0,0.07,-1.01,273.35
00:52.5,0,100,0,0,0,0,0,0,0,0,0.001198797,-0.004378453,-5.30E-06,-0.1718426,-0.01763147,-9.81591,0.02543148,0.01126344,0.01285569,0.01631329,0,0.07,-1.01,273.35
00:52.5,0,100,0,0,0,0,0,0,0,0,0.000865874,-0.004942654,-0.000186238,-0.1703113,-0.01457823,-9.819031,-0.023736036,0.020339502,0.023953552,0.02822244,0,0.07,-1.01,273.35
00:52.5,0,100,0,0,0,0,0,0,0,0,0.000532952,-0.005506855,-0.00036718,-0.16878,-0.01152499,-9.822152,-0.072903552,0.029415564,0.035051414,0.04013159,0,0.07,-1.01,273.35
00:52.6,0,100,0,0,0,0,0,0,0,0,-0.000306309,-0.002171123,-0.001760467,-0.1773748,-0.003354874,-9.8214425,-0.122071068,0.038491626,0.046149276,0.05204074,0,0.07,-1.01,273.35
00:52.6,0,100,0,0,0,0,0,0,0,0,-0.001145569,0.00116461,-0.003153754,-0.1859696,0.004815242,-9.820733,-0.171238584,0.047567688,0.057247138,0.06394989,0,0.07,-1.01,273.35
00:52.6,0,100,0,0,0,0,0,0,0,0,0.000472937,-0.00162774,-0.00137344,-0.17851175,-0.002064884,-9.820758,-0.2204061,0.05664375,0.068345,0.07585904,0,0.07,-1.01,273.35
00:52.6,0,100,0,0,0,0,0,0,0,0,0.002091443,-0.00442009,0.000406874,-0.1710539,-0.00894501,-9.820783,-0.193279198,0.047312482,0.0579012,0.0637757,0,0.07,-1.01,273.35
00:52.6,0,100,0,0,0,0,0,0,0,0,0.002002664,-0.005063937,0.000565738,-0.1695327,-0.01402312,-9.818593,-0.166152296,0.037981213,0.0474574,0.05169236,0,0.07,-1.01,273.35
00:52.7,0,100,0,0,0,0,0,0,0,0,0.001913884,-0.005707784,0.000724601,-0.1680115,-0.01910123,-9.816403,-0.139025394,0.028649945,0.0370136,0.03960902,0,0.07,-1.01,273.35
00:52.7,0,100,0,0,0,0,0,0,0,0,0.001061654,-0.005631231,0.000663569,-0.1700473,-0.011504483,-9.81782,-0.111898492,0.019318676,0.0265698,0.02752568,0,0.07,-1.01,273.35
00:52.7,0,100,0,0,0,0,0,0,0,0,0.000209424,-0.005554677,0.000602537,-0.1720831,-0.003907736,-9.819237,-0.08477159,0.009987408,0.016126,0.01544234,0,0.07,-1.01,273.35
00:52.7,0,100,0,0,0,0,0,0,0,0,-0.000988819,-0.001606367,0.000859604,-0.17524445,-0.006842093,-9.8141165,-0.077989862,0.010315082,0.015989796,0.016257194,0,0.07,-1.01,273.35
00:52.7,0,100,0,0,0,0,0,0,0,0,-0.002187061,0.002341944,0.001116672,-0.1784058,-0.009776449,-9.808996,-0.071208134,0.010642757,0.015853592,0.017072048,0,0.07,-1.01,273.35
00:52.8,0,100,0,0,0,0,0,0,0,0,0.000299158,-0.00163497,0.000582464,-0.1731184,-0.009461336,-9.813379,-0.064426406,0.010970431,0.015717388,0.017886902,0,0.07,-1.01,273.35
00:52.8,0,100,0,0,0,0,0,0,0,0,0.002785377,-0.005611884,4.83E-05,-0.167831,-0.009146222,-9.817762,-0.057644678,0.011298106,0.015581184,0.018701756,0,0.07,-1.01,273.35
00:52.8,0,100,0,0,0,0,0,0,0,0,0.001602226,-0.005903655,0.000670228,-0.16911275,-0.011900751,-9.818816,-0.05086295,0.01162578,0.01544498,0.01951661,0,0.07,-1.01,273.35
00:52.8,0,100,0,0,0,0,0,0,0,0,0.000419075,-0.006195426,0.001292201,-0.1703945,-0.01465528,-9.81987,-0.09381388,0.011729298,0.015285154,0.018527482,0,0.07,-1.01,273.35
00:52.8,0,100,0,0,0,0,0,0,0,0,0.000885627,-0.006292686,0.001155436,-0.1712545,-0.013210275,-9.8194255,-0.13676481,0.011832816,0.015125328,0.017538354,0,0.07,-1.01,273.35
00:52.9,0,100,0,0,0,0,0,0,0,0,0.001352179,-0.006389945,0.001018671,-0.1721145,-0.01176527,-9.818981,-0.17971574,0.011936334,0.014965502,0.016549226,0,0.07,-1.01,273.35
00:52.9,0,100,0,0,0,0,0,0,0,0,0.000927066,-0.00620508,0.000630258,-0.1726474,-0.01314314,-9.8190385,-0.22266667,0.012039852,0.014805676,0.015560098,0,0.07,-1.01,273.35
00:52.9,0,100,0,0,0,0,0,0,0,0,0.000501953,-0.006020215,0.000241845,-0.1731803,-0.01452101,-9.819096,-0.2656176,0.01214337,0.01464585,0.01457097,0,0.07,-1.01,273.35
00:52.9,0,100,0,0,0,0,0,0,0,0,0.000890135,-0.005595794,-0.000178917,-0.1712952,-0.01279662,-9.820703,-0.22266667,0.01220554,0.01429783,0.014368016,0,0.07,-1.01,273.35
00:52.9,0,100,0,0,0,0,0,0,0,0,0.001278318,-0.005171373,-0.00059968,-0.1694101,-0.01107223,-9.82231,-0.17971574,0.01226771,0.01394981,0.014165062,0,0.07,-1.01,273.35
00:53.0,0,100,0,0,0,0,0,0,0,0,0.001441187,-0.005332189,-3.43E-05,-0.1704803,-0.012227965,-9.820866,-0.13676481,0.01232988,0.01360179,0.013962108,0,0.07,-1.01,273.35
00:53.0,0,100,0,0,0,0,0,0,0,0,0.001604055,-0.005493004,0.000531014,-0.1715505,-0.0133837,-9.819422,-0.09381388,0.01239205,0.01325377,0.013759154,0,0.07,-1.01,273.35
00:53.0,0,100,0,0,0,0,0,0,0,0,0.001592187,-0.0053278,0.000702938,-0.16710185,-0.015108195,-9.819635,-0.05086295,0.01245422,0.01290575,0.0135562,0,0.07,-1.01,273.35
00:53.0,0,100,0,0,0,0,0,0,0,0,0.001580319,-0.005162595,0.000874863,-0.1626532,-0.01683269,-9.819848,-0.06216582,0.01218691,0.01281555,0.013279866,0,0.07,-1.008,273.35
00:53.0,0,100,0,0,0,0,0,0,0,0,0.000893025,-0.005759477,0.000337086,-0.16823255,-0.015114825,-9.821414,-0.07346869,0.0119196,0.01272535,0.013003532,0,0.07,-1.006,273.35
00:53.1,0,100,0,0,0,0,0,0,0,0,0.00020573,-0.006356358,-0.00020069,-0.1738119,-0.01339696,-9.82298,-0.08477156,0.01165229,0.01263515,0.012727198,0,0.07,-1.004,273.35
00:53.1,0,100,0,0,0,0,0,0,0,0,0.000560437,-0.005169521,-0.000288039,-0.1780615,-0.010843153,-9.805548,-0.09607443,0.01138498,0.01254495,0.012450864,0,0.07,-1.002,273.35
00:53.1,0,100,0,0,0,0,0,0,0,0,0.000915144,-0.003982683,-0.000375388,-0.1823111,-0.008289346,-9.788116,-0.1073773,0.01111767,0.01245475,0.01217453,0,0.07,-1,273.35
00:53.1,0,100,0,0,0,0,0,0,0,0,0.000501855,-0.004632676,0.00010098,-0.1748021,-0.011511693,-9.8043185,-0.080815544,0.01107658,0.012326382,0.012420488,0,0.07,-1.002,273.35
00:53.1,0,100,0,0,0,0,0,0,0,0,8.86E-05,-0.005282669,0.000577348,-0.1672931,-0.01473404,-9.820521,-0.054253788,0.01103549,0.012198014,0.012666446,0,0.07,-1.004,273.35
00:53.2,0,100,0,0,0,0,0,0,0,0,0.000295943,-0.005318666,0.000840795,-0.16818035,-0.011071696,-9.822284,-0.027692032,0.0109944,0.012069646,0.012912404,0,0.07,-1.006,273.35
00:53.2,0,100,0,0,0,0,0,0,0,0,0.000503322,-0.005354662,0.001104242,-0.1690676,-0.007409351,-9.824047,-0.001130276,0.01095331,0.011941278,0.013158362,0,0.07,-1.008,273.35
00:53.2,0,100,0,0,0,0,0,0,0,0,0.000729788,-0.005196616,0.00092613,-0.1725817,-0.011457891,-9.8226595,0.02543148,0.01091222,0.01181291,0.01340432,0,0.07,-1.01,273.35
00:53.2,0,100,0,0,0,0,0,0,0,0,0.000956254,-0.00503857,0.000748018,-0.1760958,-0.01550643,-9.821272,0.019214896,0.011168308,0.01194012,0.01310404,0,0.07,-1.008,273.35
00:53.2,0,100,0,0,0,0,0,0,0,0,-0.001595804,-0.003367292,0.000427261,-0.18793295,-0.009986969,-9.813894,0.012998312,0.011424396,0.01206733,0.01280376,0,0.07,-1.006,273.35
00:53.3,0,100,0,0,0,0,0,0,0,0,-0.004147862,-0.001696014,0.000106503,-0.1997701,-0.004467508,-9.806516,0.006781729,0.011680484,0.01219454,0.01250348,0,0.07,-1.004,273.35
00:53.3,0,100,0,0,0,0,0,0,0,0,-0.002646748,-0.000841186,0.000784446,-0.18960085,-0.007234004,-9.805727,0.000565145,0.011936572,0.01232175,0.0122032,0,0.07,-1.002,273.35
00:53.3,0,100,0,0,0,0,0,0,0,0,-0.001145633,1.36E-05,0.001462388,-0.1794316,-0.0100005,-9.804938,-0.005651439,0.01219266,0.01244896,0.01190292,0,0.07,-1,273.35
00:53.3,0,100,0,0,0,0,0,0,0,0,-6.61E-05,-0.002767044,0.001309328,-0.173068,-0.012539605,-9.81367,-0.037299491,0.021092548,0.022159954,0.023282318,0,0.07,-1.002,273.35
00:53.3,0,100,0,0,0,0,0,0,0,0,0.001013347,-0.005547729,0.001156267,-0.1667044,-0.01507871,-9.822402,-0.068947543,0.029992436,0.031870948,0.034661716,0,0.07,-1.004,273.35
00:53.4,0,100,0,0,0,0,0,0,0,0,0.001430837,-0.005615747,0.000762869,-0.17123245,-0.01559867,-9.821579,-0.100595596,0.038892324,0.041581942,0.046041114,0,0.07,-1.006,273.35
00:53.4,0,100,0,0,0,0,0,0,0,0,0.001848326,-0.005683765,0.000369472,-0.1757605,-0.01611863,-9.820756,-0.132243648,0.047792212,0.051292936,0.057420512,0,0.07,-1.008,273.35
00:53.4,0,100,0,0,0,0,0,0,0,0,0.000977512,-0.00609974,0.000367651,-0.17029485,-0.013226935,-9.8210275,-0.1638917,0.0566921,0.06100393,0.06879991,0,0.07,-1.01,273.35
00:53.4,0,100,0,0,0,0,0,0,0,0,0.000106697,-0.006515714,0.000365831,-0.1648292,-0.01033524,-9.821299,-0.1548494,0.057408316,0.061382848,0.070040422,0,0.07,-1.01,273.35
00:53.4,0,100,0,0,0,0,0,0,0,0,0.000535904,-0.006400737,0.000480835,-0.1684246,-0.01522695,-9.8223505,-0.1458071,0.058124532,0.061761766,0.071280934,0,0.07,-1.01,273.35
00:53.5,0,100,0,0,0,0,0,0,0,0,0.00096511,-0.006285759,0.000595839,-0.17202,-0.02011866,-9.823402,-0.1367648,0.058840748,0.062140684,0.072521446,0,0.07,-1.01,273.35
00:53.5,0,100,0,0,0,0,0,0,0,0,0.00145168,-0.006373489,0.000840498,-0.1706304,-0.013797733,-9.819221,-0.1277225,0.059556964,0.062519602,0.073761958,0,0.07,-1.01,273.35
00:53.5,0,100,0,0,0,0,0,0,0,0,0.001938251,-0.006461219,0.001085156,-0.1692408,-0.007476806,-9.81504,-0.1186802,0.06027318,0.06289852,0.07500247,0,0.07,-1.01,273.35
00:53.5,0,100,0,0,0,0,0,0,0,0,-0.000328449,-0.004871219,0.000361598,-0.180462,-0.001766239,-9.813634,-0.1378951,0.050176222,0.05285693,0.062502216,0,0.07,-1.008,273.35
00:53.5,0,100,0,0,0,0,0,0,0,0,-0.002595149,-0.003281218,-0.000361961,-0.1916832,0.003944329,-9.812228,-0.15711,0.040079264,0.04281534,0.050001962,0,0.07,-1.006,273.35
00:53.6,0,100,0,0,0,0,0,0,0,0,-0.000618531,-0.003809124,0.000165172,-0.1806958,-0.003523386,-9.8159755,-0.1763249,0.029982306,0.03277375,0.037501708,0,0.07,-1.004,273.35
00:53.6,0,100,0,0,0,0,0,0,0,0,0.001358088,-0.004337029,0.000692304,-0.1697084,-0.0109911,-9.819723,-0.1955398,0.019885348,0.02273216,0.025001454,0,0.07,-1.002,273.35
00:53.6,0,100,0,0,0,0,0,0,0,0,0.001306022,-0.004964973,0.000620645,-0.17041125,-0.01318064,-9.8212215,-0.2147547,0.00978839,0.01269057,0.0125012,0,0.07,-1,273.35
00:53.6,0,100,0,0,0,0,0,0,0,0,0.001253956,-0.005592917,0.000548985,-0.1711141,-0.01537018,-9.82272,-0.186497502,0.00939248,0.01240433,0.012242212,0,0.072,-1,273.35
00:53.6,0,100,0,0,0,0,0,0,0,0,0.001571739,-0.005236508,0.000194641,-0.1714105,-0.014281135,-9.82318,-0.158240304,0.00899657,0.01211809,0.011983224,0,0.074,-1,273.35
00:53.7,0,100,0,0,0,0,0,0,0,0,0.001889522,-0.004880098,-0.000159704,-0.1717069,-0.01319209,-9.82364,-0.129983106,0.008600659,0.01183185,0.011724236,0,0.076,-1,273.35
00:53.7,0,100,0,0,0,0,0,0,0,0,0.001470106,-0.001553298,2.57E-05,-0.17630485,-0.006999975,-9.811445,-0.101725908,0.008204749,0.01154561,0.011465248,0,0.078,-1,273.35
00:53.7,0,100,0,0,0,0,0,0,0,0,0.00105069,0.001773503,0.000211022,-0.1809028,-0.00080786,-9.79925,-0.07346871,0.007808839,0.01125937,0.01120626,0,0.08,-1,273.35
00:53.7,0,100,0,0,0,0,0,0,0,0,0.000911114,-0.00139276,0.000241546,-0.1753161,-0.006890685,-9.80958,-0.084771588,0.008071678,0.011167726,0.011307876,0,0.08,-1,273.35
00:53.7,0,100,0,0,0,0,0,0,0,0,0.000771538,-0.004559023,0.00027207,-0.1697294,-0.01297351,-9.81991,-0.096074466,0.008334517,0.011076082,0.011409492,0,0.08,-1,273.35
00:53.8,0,100,0,0,0,0,0,0,0,0,0.001336971,-0.004963941,0.000566165,-0.1706378,-0.01578575,-9.8187735,-0.107377344,0.008597356,0.010984438,0.011511108,0,0.08,-1,273.35
00:53.8,0,100,0,0,0,0,0,0,0,0,0.001902404,-0.005368859,0.000860259,-0.1715462,-0.01859799,-9.817637,-0.118680222,0.008860195,0.010892794,0.011612724,0,0.08,-1,273.35
00:53.8,0,100,0,0,0,0,0,0,0,0,0.001340667,-0.004387362,7.62E-05,-0.17139475,-0.0150227,-9.8200195,-0.1299831,0.009123034,0.01080115,0.01171434,0,0.08,-1,273.35
00:53.8,0,100,0,0,0,0,0,0,0,0,0.000778931,-0.003405864,-0.0007079,-0.1712433,-0.01144741,-9.822402,-0.116419646,0.009036626,0.011067598,0.012502268,0,0.08,-1,273.35
00:53.8,0,100,0,0,0,0,0,0,0,0,0.000700627,-0.004816515,-0.000745204,-0.1717715,-0.01293075,-9.821333,-0.102856192,0.008950218,0.011334046,0.013290196,0,0.08,-1,273.35
00:53.9,0,100,0,0,0,0,0,0,0,0,0.000622323,-0.006227165,-0.000782507,-0.1722997,-0.01441409,-9.820264,-0.089292738,0.008863811,0.011600494,0.014078124,0,0.08,-1,273.35
00:53.9,0,100,0,0,0,0,0,0,0,0,0.000292108,-0.003425602,-0.000869171,-0.17875805,-0.009905189,-9.812489,-0.075729284,0.008777403,0.011866942,0.014866052,0,0.08,-1,273.35
00:53.9,0,100,0,0,0,0,0,0,0,0,-3.81E-05,-0.000624039,-0.000955834,-0.1852164,-0.005396288,-9.804714,-0.06216583,0.008690995,0.01213339,0.01565398,0,0.08,-1,273.35
00:53.9,0,100,0,0,0,0,0,0,0,0,0.000568439,-0.003332166,-0.000357304,-0.1784079,-0.011684119,-9.8135685,-0.109637924,0.008891626,0.012040826,0.015244232,0,0.08,-1,273.35
00:53.9,0,100,0,0,0,0,0,0,0,0,0.001174986,-0.006040293,0.000241226,-0.1715994,-0.01797195,-9.822423,-0.157110018,0.009092257,0.011948262,0.014834484,0,0.08,-1,273.35
00:54.0,0,100,0,0,0,0,0,0,0,0,0.001183178,-0.005421147,0.00025455,-0.1705315,-0.014718045,-9.818367,-0.204582112,0.009292888,0.011855698,0.014424736,0,0.08,-1,273.35
00:54.0,0,100,0,0,0,0,0,0,0,0,0.001191369,-0.004802001,0.000267873,-0.1694636,-0.01146414,-9.814311,-0.252054206,0.009493519,0.011763134,0.014014988,0,0.08,-1,273.35
00:54.0,0,100,0,0,0,0,0,0,0,0,0.001279421,-0.004874117,0.000297522,-0.1703306,-0.014126725,-9.8163435,-0.2995263,0.00969415,0.01167057,0.01360524,0,0.08,-1,273.35
00:54.0,0,100,0,0,0,0,0,0,0,0,0.001367472,-0.004946233,0.00032717,-0.1711976,-0.01678931,-9.818376,-0.28483256,0.009554937,0.011647772,0.01349742,0,0.08,-1,273.35
00:54.0,0,100,0,0,0,0,0,0,0,0,0.003015453,-0.002334461,0.001090364,-0.173509,-0.010819081,-9.813656,-0.27013882,0.009415723,0.011624974,0.0133896,0,0.08,-1,273.35
00:54.1,0,100,0,0,0,0,0,0,0,0,0.004663434,0.000277312,0.001853559,-0.1758204,-0.004848852,-9.808936,-0.25544508,0.00927651,0.011602176,0.01328178,0,0.08,-1,273.35
00:54.1,0,100,0,0,0,0,0,0,0,0,0.000751955,0.00109618,-0.000397522,-0.17439985,-0.014463341,-9.8076045,-0.24075134,0.009137296,0.011579378,0.01317396,0,0.08,-1,273.35
00:54.1,0,100,0,0,0,0,0,0,0,0,-0.003159524,0.001915049,-0.002648602,-0.1729793,-0.02407783,-9.806273,-0.2260576,0.008998083,0.01155658,0.01306614,0,0.08,-1,273.35
00:54.1,0,100,0,0,0,0,0,0,0,0,-0.000561857,-0.00122225,-0.001012995,-0.1720515,-0.01875161,-9.8138085,-0.21927586,0.008989842,0.011392648,0.01258006,0,0.08,-1,273.35
00:54.1,0,100,0,0,0,0,0,0,0,0,0.00203581,-0.004359548,0.000622613,-0.1711237,-0.01342539,-9.821344,-0.21249412,0.008981601,0.011228716,0.01209398,0,0.08,-1,273.35
00:54.2,0,100,0,0,0,0,0,0,0,0,0.001345114,-0.004231417,0.000387183,-0.1694185,-0.0155936,-9.8225105,-0.20571238,0.00897336,0.011064784,0.0116079,0,0.08,-1,273.35
00:54.2,0,100,0,0,0,0,0,0,0,0,0.000654418,-0.004103286,0.000151752,-0.1677133,-0.01776181,-9.823677,-0.19893064,0.008965119,0.010900852,0.01112182,0,0.08,-1,273.35
00:54.2,0,100,0,0,0,0,0,0,0,0,0.00144644,-0.004604481,0.000334921,-0.1659965,-0.013166201,-9.821566,-0.1921489,0.008956878,0.01073692,0.01063574,0,0.08,-1,273.35
00:54.2,0,100,0,0,0,0,0,0,0,0,0.002238462,-0.005105676,0.000518089,-0.1642797,-0.008570591,-9.819455,-0.19101862,0.01926557,0.022583226,0.023269296,0,0.08,-1,273.35
00:54.2,0,100,0,0,0,0,0,0,0,0,0.001327742,-0.004792296,0.000385628,-0.1674417,-0.012166481,-9.8193455,-0.18988834,0.029574263,0.034429532,0.035902852,0,0.08,-1,273.35
00:54.3,0,100,0,0,0,0,0,0,0,0,0.000417023,-0.004478915,0.000253167,-0.1706037,-0.01576237,-9.819236,-0.18875806,0.039882955,0.046275838,0.048536408,0,0.08,-1,273.35
00:54.3,0,100,0,0,0,0,0,0,0,0,-0.001413616,-0.002792716,0.001242479,-0.1758005,-0.011208318,-9.8051655,-0.18762778,0.050191648,0.058122144,0.061169964,0,0.08,-1,273.35
00:54.3,0,100,0,0,0,0,0,0,0,0,-0.003244255,-0.001106516,0.002231792,-0.1809973,-0.006654266,-9.791095,-0.1864975,0.06050034,0.06996845,0.07380352,0,0.08,-1,273.35
00:54.3,0,100,0,0,0,0,0,0,0,0,-0.001065974,-0.002965398,0.001202945,-0.17563655,-0.011872548,-9.806236,-0.20232152,0.050117073,0.057852046,0.061332326,0,0.08,-1,273.35
00:54.3,0,100,0,0,0,0,0,0,0,0,0.001112307,-0.00482428,0.000174097,-0.1702758,-0.01709083,-9.821377,-0.21814554,0.039733806,0.045735642,0.048861132,0,0.08,-1,273.35
00:54.4,0,100,0,0,0,0,0,0,0,0,0.001401,-0.005017601,7.63E-05,-0.16877255,-0.01439188,-9.8177115,-0.23396956,0.029350539,0.033619238,0.036389938,0,0.08,-1,273.35
00:54.4,0,100,0,0,0,0,0,0,0,0,0.001689692,-0.005210921,-2.14E-05,-0.1672693,-0.01169293,-9.814046,-0.24979358,0.018967272,0.021502834,0.023918744,0,0.08,-1,273.35
00:54.4,0,100,0,0,0,0,0,0,0,0,0.001309714,-0.004989905,0.000312669,-0.17117215,-0.01329972,-9.8172495,-0.2656176,0.008584005,0.00938643,0.01144755,0,0.08,-1,273.35
00:54.4,0,100,0,0,0,0,0,0,0,0,0.000929735,-0.004768888,0.000646737,-0.175075,-0.01490651,-9.820453,-0.25544502,0.008697717,0.009360965,0.01161696,0,0.08,-1,273.352
00:54.4,0,100,0,0,0,0,0,0,0,0,0.000432451,-0.005407002,0.000261225,-0.1706623,-0.01295731,-9.8209765,-0.24527244,0.008811429,0.0093355,0.01178637,0,0.08,-1,273.354
00:54.5,0,100,0,0,0,0,0,0,0,0,-6.48E-05,-0.006045116,-0.000124287,-0.1662496,-0.01100811,-9.8215,-0.23509986,0.008925142,0.009310034,0.01195578,0,0.08,-1,273.356
00:54.5,0,100,0,0,0,0,0,0,0,0,0.001159674,-0.003963024,-0.000243557,-0.17467255,-0.009451518,-9.816933,-0.22492728,0.009038854,0.009284569,0.01212519,0,0.08,-1,273.358
00:54.5,0,100,0,0,0,0,0,0,0,0,0.002384181,-0.001880932,-0.000362828,-0.1830955,-0.007894927,-9.812366,-0.2147547,0.009152566,0.009259104,0.0122946,0,0.08,-1,273.36
00:54.5,0,100,0,0,0,0,0,0,0,0,0.002100413,-0.003458959,0.000180959,-0.17679835,-0.008438987,-9.8176215,-0.19780038,0.009065714,0.009434203,0.012130888,0,0.08,-1,273.36
00:54.5,0,100,0,0,0,0,0,0,0,0,0.001816645,-0.005036986,0.000724745,-0.1705012,-0.008983047,-9.822877,-0.18084606,0.008978862,0.009609302,0.011967176,0,0.08,-1,273.36
00:54.6,0,100,0,0,0,0,0,0,0,0,0.000680775,-0.00596807,0.000773493,-0.17326285,-0.013656069,-9.822822,-0.16389174,0.00889201,0.009784402,0.011803464,0,0.08,-1,273.36
00:54.6,0,100,0,0,0,0,0,0,0,0,-0.000455094,-0.006899153,0.000822242,-0.1760245,-0.01832909,-9.822767,-0.14693742,0.008805158,0.009959501,0.011639752,0,0.08,-1,273.36
00:54.6,0,100,0,0,0,0,0,0,0,0,0.000388691,-0.006041248,0.000618636,-0.17339815,-0.014847295,-9.8225335,-0.1299831,0.008718306,0.0101346,0.01147604,0,0.08,-1,273.36
00:54.6,0,100,0,0,0,0,0,0,0,0,0.001232476,-0.005183343,0.00041503,-0.1707718,-0.0113655,-9.8223,-0.123201372,0.009096701,0.010081581,0.011326536,0,0.08,-1,273.36
00:54.6,0,100,0,0,0,0,0,0,0,0,0.001158581,-0.005403949,0.000638356,-0.17170745,-0.015357175,-9.8208415,-0.116419644,0.009475096,0.010028563,0.011177032,0,0.08,-1,273.36
00:54.7,0,100,0,0,0,0,0,0,0,0,0.001084687,-0.005624555,0.000861682,-0.1726431,-0.01934885,-9.819383,-0.109637916,0.00985349,0.009975544,0.011027528,0,0.08,-1,273.36
00:54.7,0,100,0,0,0,0,0,0,0,0,0.000292549,-0.002992401,0.000169701,-0.17486265,-0.01270141,-9.807565,-0.102856188,0.010231885,0.009922526,0.010878024,0,0.08,-1,273.36
00:54.7,0,100,0,0,0,0,0,0,0,0,-0.00049959,-0.000360246,-0.000522281,-0.1770822,-0.00605397,-9.795747,-0.09607446,0.01061028,0.009869507,0.01072852,0,0.08,-1,273.36
00:54.7,0,100,0,0,0,0,0,0,0,0,0.000359549,-0.002337074,7.85E-05,-0.17566695,-0.01177729,-9.8058375,-0.097204748,0.01046099,0.010023034,0.010565572,0,0.08,-1,273.36
00:54.7,0,100,0,0,0,0,0,0,0,0,0.001218688,-0.004313902,0.000679285,-0.1742517,-0.01750061,-9.815928,-0.098335036,0.0103117,0.01017656,0.010402624,0,0.08,-1,273.36
00:54.8,0,100,0,0,0,0,0,0,0,0,0.001373666,-0.004639917,0.000720797,-0.1710745,-0.014431245,-9.817273,-0.099465324,0.01016241,0.010330087,0.010239675,0,0.08,-1,273.36
00:54.8,0,100,0,0,0,0,0,0,0,0,0.001528643,-0.004965932,0.000762309,-0.1678973,-0.01136188,-9.818618,-0.100595612,0.01001312,0.010483613,0.010076727,0,0.08,-1,273.36
00:54.8,0,100,0,0,0,0,0,0,0,0,0.001383761,-0.005068282,0.000517516,-0.1696467,-0.014245555,-9.818904,-0.1017259,0.00986383,0.01063714,0.009913779,0,0.08,-1,273.36
00:54.8,0,100,0,0,0,0,0,0,0,0,0.001238878,-0.005170632,0.000272723,-0.1713961,-0.01712923,-9.81919,-0.1017259,0.010052382,0.01069199,0.010024577,0,0.08,-1,273.36
00:54.8,0,100,0,0,0,0,0,0,0,0,0.000884525,-0.00537596,-0.000110459,-0.17066425,-0.014201115,-9.8175485,-0.1017259,0.010240934,0.01074684,0.010135375,0,0.08,-1,273.36
00:54.9,0,100,0,0,0,0,0,0,0,0,0.000530172,-0.005581288,-0.000493641,-0.1699324,-0.011273,-9.815907,-0.1017259,0.010429486,0.01080169,0.010246174,0,0.08,-1,273.36
00:54.9,0,100,0,0,0,0,0,0,0,0,0.000906509,-0.005250668,2.53E-06,-0.17037055,-0.012666895,-9.816063,-0.1017259,0.010618038,0.01085654,0.010356972,0,0.08,-1,273.36
00:54.9,0,100,0,0,0,0,0,0,0,0,0.001282846,-0.004920048,0.000498694,-0.1708087,-0.01406079,-9.816219,-0.1017259,0.01080659,0.01091139,0.01046777,0,0.08,-1,273.36
00:54.9,0,100,0,0,0,0,0,0,0,0,0.001383717,-0.005592724,0.000983185,-0.17067015,-0.01413027,-9.8180915,-0.10398648,0.019968026,0.021494812,0.023820358,0,0.08,-1,273.36
00:54.9,0,100,0,0,0,0,0,0,0,0,0.001484588,-0.006265399,0.001467677,-0.1705316,-0.01419975,-9.819964,-0.10624706,0.029129462,0.032078234,0.037172946,0,0.08,-1,273.36
00:55.0,0,100,0,0,0,0,0,0,0,0,0.00170465,-0.005852071,0.000888956,-0.1697069,-0.014919845,-9.819998,-0.10850764,0.038290898,0.042661656,0.050525534,0,0.08,-1,273.36
00:55.0,0,100,0,0,0,0,0,0,0,0,0.001924712,-0.005438743,0.000310235,-0.1688822,-0.01563994,-9.820032,-0.11076822,0.047452334,0.053245078,0.063878122,0,0.08,-1,273.36
00:55.0,0,100,0,0,0,0,0,0,0,0,0.001808167,-0.00517328,0.000457709,-0.16996445,-0.014224575,-9.820362,-0.1130288,0.05661377,0.0638285,0.07723071,0,0.08,-1,273.36
00:55.0,0,100,0,0,0,0,0,0,0,0,0.001691621,-0.004907817,0.000605184,-0.1710467,-0.01280921,-9.820692,-0.1503283,0.056905466,0.063170876,0.0763919,0,0.082,-1,273.36
00:55.0,0,100,0,0,0,0,0,0,0,0,0.000258583,-0.004589362,0.002767698,-0.1829646,-0.007518681,-9.8195125,-0.1876278,0.057197162,0.062513252,0.07555309,0,0.084,-1,273.36
00:55.1,0,100,0,0,0,0,0,0,0,0,-0.001174454,-0.004270906,0.004930213,-0.1948825,-0.002228152,-9.818333,-0.2249273,0.057488858,0.061855628,0.07471428,0,0.086,-1,273.36
00:55.1,0,100,0,0,0,0,0,0,0,0,0.000391418,-0.003890818,0.003275606,-0.1933391,0.000150676,-9.8207645,-0.2622268,0.057780554,0.061198004,0.07387547,0,0.088,-1,273.36
00:55.1,0,100,0,0,0,0,0,0,0,0,0.001957289,-0.003510729,0.001620998,-0.1917957,0.002529504,-9.823196,-0.2995263,0.05807225,0.06054038,0.07303666,0,0.09,-1,273.36
00:55.1,0,100,0,0,0,0,0,0,0,0,0.001413295,-0.004603998,0.00078812,-0.18145005,-0.004973878,-9.8225085,-0.27465996,0.048386351,0.050690704,0.060502776,0,0.09,-1,273.36
00:55.1,0,100,0,0,0,0,0,0,0,0,0.0008693,-0.005697266,-4.48E-05,-0.1711044,-0.01247726,-9.821821,-0.24979362,0.038700451,0.040841028,0.047968892,0,0.09,-1,273.36
00:55.2,0,100,0,0,0,0,0,0,0,0,0.001537627,-0.005781249,-0.000249969,-0.169987,-0.01414315,-9.819497,-0.22492728,0.029014552,0.030991352,0.035435008,0,0.09,-1,273.36
00:55.2,0,100,0,0,0,0,0,0,0,0,0.002205953,-0.005865232,-0.00045518,-0.1688696,-0.01580904,-9.817173,-0.20006094,0.019328652,0.021141676,0.022901124,0,0.09,-1,273.36
00:55.2,0,100,0,0,0,0,0,0,0,0,0.001440482,-0.005651275,-1.37E-05,-0.16966085,-0.013995445,-9.8178675,-0.1751946,0.009642753,0.011292,0.01036724,0,0.09,-1,273.36
00:55.2,0,100,0,0,0,0,0,0,0,0,0.000675012,-0.005437318,0.00042781,-0.1704521,-0.01218185,-9.818562,-0.16389172,0.009509679,0.011361766,0.010538004,0,0.09,-1,273.36
00:55.2,0,100,0,0,0,0,0,0,0,0,0.00080203,-0.00652656,0.00046446,-0.16905405,-0.01449515,-9.819721,-0.15258884,0.009376605,0.011431532,0.010708768,0,0.09,-1,273.36
00:55.3,0,100,0,0,0,0,0,0,0,0,0.000929048,-0.007615802,0.000501109,-0.167656,-0.01680845,-9.82088,-0.14128596,0.009243531,0.011501298,0.010879532,0,0.09,-1,273.36
00:55.3,0,100,0,0,0,0,0,0,0,0,-0.000382596,-0.007045685,0.001954147,-0.17436915,-0.00600548,-9.8098665,-0.12998308,0.009110457,0.011571064,0.011050296,0,0.09,-1,273.36
00:55.3,0,100,0,0,0,0,0,0,0,0,-0.001694239,-0.006475567,0.003407184,-0.1810823,0.00479749,-9.798853,-0.1186802,0.008977383,0.01164083,0.01122106,0,0.09,-1,273.36
00:55.3,0,100,0,0,0,0,0,0,0,0,-0.000910131,-0.006535511,0.00146803,-0.1746822,-0.004368895,-9.8084065,-0.12094078,0.00919124,0.011470258,0.01104929,0,0.09,-1,273.36
00:55.3,0,100,0,0,0,0,0,0,0,0,-0.000126023,-0.006595455,-0.000471124,-0.1682821,-0.01353528,-9.81796,-0.12320136,0.009405098,0.011299686,0.01087752,0,0.09,-1,273.36
00:55.4,0,100,0,0,0,0,0,0,0,0,0.000550602,-0.006124685,-0.000546373,-0.1717387,-0.01350565,-9.817989,-0.12546194,0.009618955,0.011129114,0.01070575,0,0.09,-1,273.36
00:55.4,0,100,0,0,0,0,0,0,0,0,0.001227226,-0.005653915,-0.000621622,-0.1751953,-0.01347602,-9.818018,-0.12772252,0.009832813,0.010958542,0.01053398,0,0.09,-1,273.36
00:55.4,0,100,0,0,0,0,0,0,0,0,0.000814798,-0.00559147,-0.000386821,-0.17182515,-0.014331895,-9.8192335,-0.1299831,0.01004667,0.01078797,0.01036221,0,0.09,-1,273.36
00:55.4,0,100,0,0,0,0,0,0,0,0,0.000402371,-0.005529025,-0.00015202,-0.168455,-0.01518777,-9.820449,-0.13337396,0.009807814,0.010632744,0.010516218,0,0.09,-1,273.36
00:55.4,0,100,0,0,0,0,0,0,0,0,0.000723552,-0.005682517,-0.000129664,-0.17064425,-0.013470495,-9.8196005,-0.13676482,0.009568959,0.010477518,0.010670226,0,0.09,-1,273.36
00:55.5,0,100,0,0,0,0,0,0,0,0,0.001044733,-0.005836009,-0.000107308,-0.1728335,-0.01175322,-9.818752,-0.14015568,0.009330103,0.010322292,0.010824234,0,0.09,-1,273.36
00:55.5,0,100,0,0,0,0,0,0,0,0,0.000503403,-0.004240486,0.00085232,-0.17794515,-0.01134503,-9.812497,-0.14354654,0.009091248,0.010167066,0.010978242,0,0.09,-1,273.36
00:55.5,0,100,0,0,0,0,0,0,0,0,-3.79E-05,-0.002644962,0.001811948,-0.1830568,-0.01093684,-9.806242,-0.1469374,0.008852392,0.01001184,0.01113225,0,0.09,-1,273.36
00:55.5,0,100,0,0,0,0,0,0,0,0,0.000197061,-0.004183361,0.000896654,-0.17771015,-0.012082295,-9.8124045,-0.135634526,0.008835362,0.010145318,0.01107715,0,0.09,-1,273.36
00:55.5,0,100,0,0,0,0,0,0,0,0,0.00043205,-0.00572176,-1.86E-05,-0.1723635,-0.01322775,-9.818567,-0.124331652,0.008818332,0.010278796,0.01102205,0,0.09,-1,273.36
00:55.6,0,100,0,0,0,0,0,0,0,0,0.001076695,-0.005497486,0.00015942,-0.1712178,-0.01276229,-9.818411,-0.113028778,0.008801303,0.010412274,0.01096695,0,0.09,-1,273.36
00:55.6,0,100,0,0,0,0,0,0,0,0,0.00172134,-0.005273212,0.00033748,-0.1700721,-0.01229683,-9.818255,-0.101725904,0.008784273,0.010545752,0.01091185,0,0.09,-1,273.36
00:55.6,0,100,0,0,0,0,0,0,0,0,0.001455423,-0.004943965,-5.10E-05,-0.1709741,-0.012959655,-9.8162985,-0.09042303,0.008767243,0.01067923,0.01085675,0,0.09,-1,273.36
00:55.6,0,100,0,0,0,0,0,0,0,0,0.001189506,-0.004614719,-0.000439557,-0.1718761,-0.01362248,-9.814342,-0.092683604,0.008643358,0.010727724,0.010744982,0,0.09,-1,273.362
00:55.6,0,100,0,0,0,0,0,0,0,0,0.000493568,-0.003116217,-0.001469863,-0.1777025,-0.003255137,-9.812604,-0.094944178,0.008519473,0.010776218,0.010633214,0,0.09,-1,273.364
00:55.7,0,100,0,0,0,0,0,0,0,0,-0.00020237,-0.001617714,-0.002500169,-0.1835289,0.007112205,-9.810866,-0.097204752,0.008395587,0.010824712,0.010521446,0,0.09,-1,273.366
00:55.7,0,100,0,0,0,0,0,0,0,0,0.000523859,-0.001479762,-0.001048783,-0.19016315,-0.001609183,-9.8088285,-0.099465326,0.008271702,0.010873206,0.010409678,0,0.09,-1,273.368
00:55.7,0,100,0,0,0,0,0,0,0,0,0.001250088,-0.00134181,0.000402603,-0.1967974,-0.01033057,-9.806791,-0.1017259,0.008147817,0.0109217,0.01029791,0,0.09,-1,273.37
00:55.7,0,100,0,0,0,0,0,0,0,0,0.001368147,-0.003254423,0.00094819,-0.18247445,-0.01124915,-9.809875,-0.088162448,0.008357682,0.010857196,0.010461236,0,0.09,-1,273.37
00:55.7,0,100,0,0,0,0,0,0,0,0,0.001486206,-0.005167036,0.001493777,-0.1681515,-0.01216773,-9.812959,-0.074598996,0.008567546,0.010792692,0.010624562,0,0.09,-1,273.37
00:55.8,0,100,0,0,0,0,0,0,0,0,0.001429798,-0.00556813,0.001142704,-0.16919045,-0.010638377,-9.8141955,-0.061035544,0.008777411,0.010728188,0.010787888,0,0.09,-1,273.37
00:55.8,0,100,0,0,0,0,0,0,0,0,0.00137339,-0.005969224,0.000791632,-0.1702294,-0.009109023,-9.815432,-0.047472092,0.008987275,0.010663684,0.010951214,0,0.09,-1,273.37
00:55.8,0,100,0,0,0,0,0,0,0,0,0.000491091,-0.005330131,8.28E-05,-0.1689385,-0.012738867,-9.815402,-0.03390864,0.00919714,0.01059918,0.01111454,0,0.09,-1,273.37
00:55.8,0,100,0,0,0,0,0,0,0,0,-0.000391208,-0.004691037,-0.000625945,-0.1676476,-0.01636871,-9.815372,-0.04408123,0.018371392,0.021758908,0.024063966,0,0.09,-1,273.37
00:55.8,0,100,0,0,0,0,0,0,0,0,0.000787906,-0.002299905,-0.000704892,-0.17261405,-0.008154068,-9.809286,-0.05425382,0.027545644,0.032918636,0.037013392,0,0.09,-1,273.37
00:55.9,0,100,0,0,0,0,0,0,0,0,0.00196702,9.12E-05,-0.000783839,-0.1775805,6.06E-05,-9.8032,-0.06442641,0.036719896,0.044078364,0.049962818,0,0.09,-1,273.37
00:55.9,0,100,0,0,0,0,0,0,0,0,-0.000809303,0.000692929,0.000498726,-0.17427245,-0.010628948,-9.801165,-0.074599,0.045894148,0.055238092,0.062912244,0,0.09,-1,273.37
00:55.9,0,100,0,0,0,0,0,0,0,0,-0.003585625,0.001294632,0.001781292,-0.1709644,-0.02131847,-9.79913,-0.08477159,0.0550684,0.06639782,0.07586167,0,0.09,-1,273.37
00:55.9,0,100,0,0,0,0,0,0,0,0,-0.001315745,-0.001925032,0.00150275,-0.1700875,-0.015853815,-9.8088875,-0.096074472,0.045847026,0.055619348,0.062625661,0,0.09,-1,273.37
00:55.9,0,100,0,0,0,0,0,0,0,0,0.000954135,-0.005144695,0.001224207,-0.1692106,-0.01038916,-9.818645,-0.107377354,0.036625652,0.044840876,0.049389651,0,0.09,-1,273.37
00:56.0,0,100,0,0,0,0,0,0,0,0,0.000931298,-0.004661259,0.000269007,-0.1721653,-0.0141087,-9.817512,-0.118680236,0.027404277,0.034062404,0.036153642,0,0.09,-1,273.37
00:56.0,0,100,0,0,0,0,0,0,0,0,0.00090846,-0.004177822,-0.000686194,-0.17512,-0.01782824,-9.816379,-0.129983118,0.018182903,0.023283932,0.022917632,0,0.09,-1,273.37
00:56.0,0,100,0,0,0,0,0,0,0,0,0.001196772,-0.004966689,-0.000234044,-0.17027585,-0.01523414,-9.8142275,-0.141286,0.008961529,0.01250546,0.009681623,0,0.09,-1,273.37
00:56.0,0,100,0,0,0,0,0,0,0,0,0.001485083,-0.005755555,0.000218105,-0.1654317,-0.01264004,-9.812076,-0.125461966,0.008960983,0.012013284,0.00980808,0,0.09,-1,273.37
00:56.0,0,100,0,0,0,0,0,0,0,0,0.001441721,-0.00504456,0.000762529,-0.1708283,-0.016282035,-9.81245,-0.109637932,0.008960437,0.011521108,0.009934538,0,0.09,-1,273.37
00:56.1,0,100,0,0,0,0,0,0,0,0,0.001398359,-0.004333565,0.001306953,-0.1762249,-0.01992403,-9.812824,-0.093813898,0.008959891,0.011028932,0.010060995,0,0.09,-1,273.37
00:56.1,0,100,0,0,0,0,0,0,0,0,-0.00270739,-0.002521736,0.000373493,-0.18419335,-0.012722356,-9.809635,-0.077989864,0.008959345,0.010536756,0.010187453,0,0.09,-1,273.37
00:56.1,0,100,0,0,0,0,0,0,0,0,-0.006813138,-0.000709908,-0.000559966,-0.1921618,-0.005520682,-9.806446,-0.06216583,0.008958799,0.01004458,0.01031391,0,0.09,-1,273.37
00:56.1,0,100,0,0,0,0,0,0,0,0,-0.00291986,-0.002865707,9.86E-05,-0.18195175,-0.009996541,-9.81062,-0.06781727,0.008713917,0.009818743,0.010561334,0,0.09,-1,273.37
00:56.1,0,100,0,0,0,0,0,0,0,0,0.000973419,-0.005021507,0.000757103,-0.1717417,-0.0144724,-9.814794,-0.07346871,0.008469035,0.009592906,0.010808758,0,0.09,-1,273.37
00:56.2,0,100,0,0,0,0,0,0,0,0,0.00116659,-0.005070142,0.000468492,-0.1709346,-0.01362555,-9.815322,-0.07912015,0.008224153,0.009367068,0.011056182,0,0.09,-1,273.37
00:56.2,0,100,0,0,0,0,0,0,0,0,0.001359762,-0.005118776,0.000179881,-0.1701275,-0.0127787,-9.81585,-0.08477159,0.007979271,0.009141231,0.011303606,0,0.09,-1,273.37
00:56.2,0,100,0,0,0,0,0,0,0,0,0.000885565,-0.005536093,-0.000295998,-0.17117085,-0.01234131,-9.8152835,-0.09042303,0.007734389,0.008915394,0.01155103,0,0.09,-1,273.37
00:56.2,0,100,0,0,0,0,0,0,0,0,0.000411368,-0.005953409,-0.000771876,-0.1722142,-0.01190392,-9.814717,-0.118680224,0.007946249,0.009080677,0.011256244,0,0.09,-1,273.37
00:56.2,0,100,0,0,0,0,0,0,0,0,-0.000246826,-0.003375634,0.001238848,-0.1757133,-0.010340726,-9.8058485,-0.146937418,0.008158108,0.009245961,0.010961458,0,0.09,-1,273.37
00:56.3,0,100,0,0,0,0,0,0,0,0,-0.00090502,-0.000797858,0.003249573,-0.1792124,-0.008777531,-9.79698,-0.175194612,0.008369968,0.009411244,0.010666672,0,0.09,-1,273.37
00:56.3,0,100,0,0,0,0,0,0,0,0,-0.000889927,-0.000876091,0.001007819,-0.18130795,-0.002473299,-9.80339,-0.203451806,0.008581827,0.009576528,0.010371886,0,0.09,-1,273.37
00:56.3,0,100,0,0,0,0,0,0,0,0,-0.000874834,-0.000954324,-0.001233935,-0.1834035,0.003830933,-9.8098,-0.231709,0.008793687,0.009741811,0.0100771,0,0.09,-1,273.37
00:56.3,0,100,0,0,0,0,0,0,0,0,-0.000424301,-0.003007354,-0.000511271,-0.1753023,-0.004957919,-9.815182,-0.20910324,0.008862479,0.009755689,0.010848744,0,0.09,-1,273.37
00:56.3,0,100,0,0,0,0,0,0,0,0,2.62E-05,-0.005060384,0.000211393,-0.1672011,-0.01374677,-9.820564,-0.18649748,0.008931272,0.009769567,0.011620388,0,0.09,-1,273.37
00:56.4,0,100,0,0,0,0,0,0,0,0,0.00045977,-0.005673508,6.73E-05,-0.16886945,-0.012411365,-9.8185005,-0.16389172,0.009000064,0.009783446,0.012392032,0,0.09,-1,273.37
00:56.4,0,100,0,0,0,0,0,0,0,0,0.000893308,-0.006286631,-7.68E-05,-0.1705378,-0.01107596,-9.816437,-0.14128596,0.009068857,0.009797324,0.013163676,0,0.09,-1,273.37
00:56.4,0,100,0,0,0,0,0,0,0,0,0.001210493,-0.005911079,-0.000158509,-0.1702445,-0.011312715,-9.81578,-0.1186802,0.009137649,0.009811202,0.01393532,0,0.09,-1,273.37
00:56.4,0,100,0,0,0,0,0,0,0,0,0.001527678,-0.005535526,-0.00024019,-0.1699512,-0.01154947,-9.815123,-0.109637902,0.009110116,0.009936568,0.013497824,0,0.09,-1,273.37
00:56.4,0,100,0,0,0,0,0,0,0,0,0.001214307,-0.005282026,0.000394711,-0.1697815,-0.01319132,-9.817123,-0.100595604,0.009082584,0.010061933,0.013060328,0,0.09,-1,273.37
00:56.5,0,100,0,0,0,0,0,0,0,0,0.000900937,-0.005028525,0.001029612,-0.1696118,-0.01483317,-9.819123,-0.091553306,0.009055051,0.010187299,0.012622832,0,0.09,-1,273.37
00:56.5,0,100,0,0,0,0,0,0,0,0,0.001398699,0.000752625,-0.001011387,-0.17570615,-0.006501155,-9.803478,-0.082511008,0.009027519,0.010312664,0.012185336,0,0.09,-1,273.37
00:56.5,0,100,0,0,0,0,0,0,0,0,0.001896461,0.006533775,-0.003052386,-0.1818005,0.001830861,-9.787833,-0.07346871,0.008999986,0.01043803,0.01174784,0,0.09,-1,273.37
00:56.5,0,100,0,0,0,0,0,0,0,0,0.001726025,0.000990629,-0.001450895,-0.17735535,-0.006830945,-9.802872,-0.07798986,0.018598159,0.021524236,0.023849264,0,0.09,-1,273.372
00:56.5,0,100,0,0,0,0,0,0,0,0,0.001555589,-0.004552517,0.000150596,-0.1729102,-0.01549275,-9.817911,-0.08251101,0.028196332,0.032610442,0.035950688,0,0.09,-1,273.374
00:56.6,0,100,0,0,0,0,0,0,0,0,0.001698914,-0.005115554,0.000404941,-0.1711791,-0.015596285,-9.8169365,-0.08703216,0.037794504,0.043696648,0.048052112,0,0.09,-1,273.376
00:56.6,0,100,0,0,0,0,0,0,0,0,0.00184224,-0.005678592,0.000659285,-0.169448,-0.01569982,-9.815962,-0.09155331,0.047392677,0.054782854,0.060153536,0,0.09,-1,273.378
00:56.6,0,100,0,0,0,0,0,0,0,0,0.001450362,-0.004863668,0.000645875,-0.169425,-0.01401684,-9.8162815,-0.09607446,0.05699085,0.06586906,0.07225496,0,0.09,-1,273.38
00:56.6,0,100,0,0,0,0,0,0,0,0,0.001058484,-0.004048745,0.000632465,-0.169402,-0.01233386,-9.816601,-0.093813886,0.047549668,0.055099046,0.060884334,0,0.09,-1,273.38
00:56.6,0,100,0,0,0,0,0,0,0,0,-0.000442913,-0.002140898,0.000526082,-0.17523915,-0.010517404,-9.817224,-0.091553312,0.038108487,0.044329032,0.049513708,0,0.09,-1,273.38
00:56.7,0,100,0,0,0,0,0,0,0,0,-0.001944309,-0.00023305,0.0004197,-0.1810763,-0.008700948,-9.817847,-0.089292738,0.028667305,0.033559018,0.038143082,0,0.09,-1,273.38
00:56.7,0,100,0,0,0,0,0,0,0,0,-0.000327803,-0.003441894,0.00037914,-0.17675305,-0.012133564,-9.8155925,-0.087032164,0.019226124,0.022789004,0.026772456,0,0.09,-1,273.38
00:56.7,0,100,0,0,0,0,0,0,0,0,0.001288704,-0.006650738,0.00033858,-0.1724298,-0.01556618,-9.813338,-0.08477159,0.009784942,0.01201899,0.01540183,0,0.09,-1,273.38
00:56.7,0,100,0,0,0,0,0,0,0,0,0.000881993,-0.006098278,0.000546151,-0.16871495,-0.013465905,-9.8142015,-0.106247052,0.0098321,0.011828464,0.015263032,0,0.09,-1,273.38
00:56.7,0,100,0,0,0,0,0,0,0,0,0.000475283,-0.005545818,0.000753722,-0.1650001,-0.01136563,-9.815065,-0.127722514,0.009879257,0.011637938,0.015124234,0,0.09,-1,273.38
00:56.8,0,100,0,0,0,0,0,0,0,0,0.000731021,-0.006577636,0.00019727,-0.1681375,-0.012477505,-9.8167835,-0.149197976,0.009926415,0.011447412,0.014985436,0,0.09,-1,273.38
00:56.8,0,100,0,0,0,0,0,0,0,0,0.000986759,-0.007609454,-0.000359182,-0.1712749,-0.01358938,-9.818502,-0.170673438,0.009973572,0.011256886,0.014846638,0,0.09,-1,273.38
00:56.8,0,100,0,0,0,0,0,0,0,0,0.001487167,-0.006966407,-0.000221427,-0.16856375,-0.01441691,-9.8176145,-0.1921489,0.01002073,0.01106636,0.01470784,0,0.09,-1,273.38
00:56.8,0,100,0,0,0,0,0,0,0,0,0.001987574,-0.00632336,-8.37E-05,-0.1658526,-0.01524444,-9.816727,-0.19667006,0.010017986,0.011266346,0.014023292,0,0.09,-1,273.38
00:56.8,0,100,0,0,0,0,0,0,0,0,-0.001106117,-0.004304593,-5.50E-05,-0.1738022,-0.00491173,-9.8119195,-0.20119122,0.010015242,0.011466332,0.013338744,0,0.09,-1,273.38
00:56.9,0,100,0,0,0,0,0,0,0,0,-0.004199809,-0.002285826,-2.64E-05,-0.1817518,0.005420981,-9.807112,-0.20571238,0.010012498,0.011666318,0.012654196,0,0.09,-1,273.38
00:56.9,0,100,0,0,0,0,0,0,0,0,-0.00133641,-0.003616935,0.000251902,-0.1749456,-0.004749305,-9.809741,-0.21023354,0.010009754,0.011866304,0.011969648,0,0.09,-1,273.38
00:56.9,0,100,0,0,0,0,0,0,0,0,0.001526988,-0.004948043,0.000530198,-0.1681394,-0.01491959,-9.81237,-0.2147547,0.01000701,0.01206629,0.0112851,0,0.09,-1,273.38
00:56.9,0,100,0,0,0,0,0,0,0,0,0.000986229,-0.006112454,0.000489289,-0.16920975,-0.0142237,-9.812033,-0.22266672,0.009636547,0.01199556,0.011218332,0,0.09,-1,273.38
00:56.9,0,100,0,0,0,0,0,0,0,0,0.00044547,-0.007276866,0.000448379,-0.1702801,-0.01352781,-9.811696,-0.23057874,0.009266084,0.01192483,0.011151564,0,0.09,-1,273.38
00:57.0,0,100,0,0,0,0,0,0,0,0,0.000683741,-0.006066678,0.000155364,-0.169031,-0.0135721,-9.8128905,-0.23849076,0.00889562,0.0118541,0.011084796,0,0.09,-1,273.38
00:57.0,0,100,0,0,0,0,0,0,0,0,0.000922012,-0.00485649,-0.00013765,-0.1677819,-0.01361639,-9.814085,-0.24640278,0.008525157,0.01178337,0.011018028,0,0.09,-1,273.38
00:57.0,0,100,0,0,0,0,0,0,0,0,0.001269453,-0.001963646,-9.94E-05,-0.17817885,-0.009685392,-9.811724,-0.2543148,0.008154694,0.01171264,0.01095126,0,0.09,-1,273.38
00:57.0,0,100,0,0,0,0,0,0,0,0,0.001616894,0.000929198,-6.11E-05,-0.1885758,-0.005754394,-9.809363,-0.24188162,0.008158742,0.011434924,0.010672121,0,0.09,-1,273.38
00:57.0,0,100,0,0,0,0,0,0,0,0,0.000237339,-0.001075727,-0.000837396,-0.18471625,-0.000500382,-9.8058975,-0.22944844,0.00816279,0.011157208,0.010392983,0,0.09,-1,273.38
00:57.1,0,100,0,0,0,0,0,0,0,0,-0.001142216,-0.003080653,-0.001613708,-0.1808567,0.004753631,-9.802432,-0.21701526,0.008166837,0.010879492,0.010113844,0,0.09,-1,273.38
00:57.1,0,100,0,0,0,0,0,0,0,0,-0.000547569,-0.004342215,-0.000911622,-0.1754316,-0.00381707,-9.8071205,-0.20458208,0.008170885,0.010601776,0.009834706,0,0.09,-1,273.38
00:57.1,0,100,0,0,0,0,0,0,0,0,4.71E-05,-0.005603777,-0.000209535,-0.1700065,-0.01238777,-9.811809,-0.1921489,0.008174933,0.01032406,0.009555567,0,0.09,-1,273.38
00:57.1,0,100,0,0,0,0,0,0,0,0,0.00109566,-0.005545001,0.000124252,-0.1706801,-0.01249276,-9.812899,-0.19667006,0.008376188,0.010095743,0.009589292,0,0.09,-1,273.378
00:57.1,0,100,0,0,0,0,0,0,0,0,0.002144243,-0.005486225,0.000458038,-0.1713537,-0.01259775,-9.813989,-0.20119122,0.008577443,0.009867425,0.009623016,0,0.09,-1,273.376
00:57.2,0,100,0,0,0,0,0,0,0,0,0.001809843,-0.005580725,0.000112224,-0.1721053,-0.014345115,-9.811842,-0.20571238,0.008778699,0.009639108,0.009656741,0,0.09,-1,273.374
00:57.2,0,100,0,0,0,0,0,0,0,0,0.001475443,-0.005675224,-0.00023359,-0.1728569,-0.01609248,-9.809695,-0.21023354,0.008979954,0.00941079,0.009690465,0,0.09,-1,273.372
00:57.2,0,100,0,0,0,0,0,0,0,0,0.00138876,-0.005159281,0.000143139,-0.172977,-0.01595661,-9.80994,-0.2147547,0.009181209,0.009182473,0.00972419,0,0.09,-1,273.37
00:57.2,0,100,0,0,0,0,0,0,0,0,0.001302077,-0.004643337,0.000519868,-0.1730971,-0.01582074,-9.810185,-0.21814556,0.019769539,0.019510064,0.022050134,0,0.09,-1,273.37
00:57.2,0,100,0,0,0,0,0,0,0,0,0.001587963,-0.003193989,-0.000617835,-0.18246245,-0.01320156,-9.8029505,-0.22153642,0.030357869,0.029837656,0.034376078,0,0.09,-1,273.37
00:57.3,0,100,0,0,0,0,0,0,0,0,0.001873849,-0.001744641,-0.001755538,-0.1918278,-0.01058238,-9.795716,-0.22492728,0.0409462,0.040165247,0.046702022,0,0.09,-1,273.37
00:57.3,0,100,0,0,0,0,0,0,0,0,0.001519151,-0.003809706,-0.000998597,-0.1809525,-0.011472475,-9.8049955,-0.22831814,0.05153453,0.050492839,0.059027966,0,0.09,-1,273.37
00:57.3,0,100,0,0,0,0,0,0,0,0,0.001164452,-0.005874771,-0.000241655,-0.1700772,-0.01236257,-9.814275,-0.231709,0.06212286,0.06082043,0.07135391,0,0.09,-1,273.37
00:57.3,0,100,0,0,0,0,0,0,0,0,0.001287047,-0.005812503,0.00063944,-0.16995245,-0.013392155,-9.813262,-0.231709,0.051369906,0.0505471,0.058924521,0,0.09,-1,273.37
00:57.3,0,100,0,0,0,0,0,0,0,0,0.001409642,-0.005750234,0.001520534,-0.1698277,-0.01442174,-9.812249,-0.231709,0.040616951,0.04027377,0.046495133,0,0.09,-1,273.37
00:57.4,0,100,0,0,0,0,0,0,0,0,0.000453829,-0.005509973,0.000646871,-0.1693615,-0.015258315,-9.81382,-0.231709,0.029863997,0.030000441,0.034065744,0,0.09,-1,273.37
00:57.4,0,100,0,0,0,0,0,0,0,0,-0.000501984,-0.005269713,-0.000226792,-0.1688953,-0.01609489,-9.815391,-0.231709,0.019111042,0.019727111,0.021636356,0,0.09,-1,273.37
00:57.4,0,100,0,0,0,0,0,0,0,0,0.000715852,-0.005120546,-0.000271252,-0.1709147,-0.012050879,-9.8106185,-0.231709,0.008358088,0.009453781,0.009206967,0,0.09,-1,273.37
00:57.4,0,100,0,0,0,0,0,0,0,0,0.001933688,-0.004971378,-0.000315712,-0.1729341,-0.008006868,-9.805846,-0.22718784,0.008576786,0.009532208,0.009599868,0,0.09,-1,273.37
00:57.4,0,100,0,0,0,0,0,0,0,0,0.001897142,-0.005658297,-0.000179028,-0.1703763,-0.010687309,-9.8081035,-0.22266668,0.008795484,0.009610634,0.009992768,0,0.09,-1,273.37
00:57.5,0,100,0,0,0,0,0,0,0,0,0.001860595,-0.006345216,-4.23E-05,-0.1678185,-0.01336775,-9.810361,-0.21814552,0.009014181,0.009689061,0.010385669,0,0.09,-1,273.37
00:57.5,0,100,0,0,0,0,0,0,0,0,0.001713474,-0.005421869,9.59E-05,-0.1696439,-0.014823925,-9.8089475,-0.21362436,0.009232879,0.009767487,0.010778569,0,0.09,-1,273.37
00:57.5,0,100,0,0,0,0,0,0,0,0,0.001566352,-0.004498522,0.000234088,-0.1714693,-0.0162801,-9.807534,-0.2091032,0.009451577,0.009845914,0.01117147,0,0.09,-1,273.37
00:57.5,0,100,0,0,0,0,0,0,0,0,0.001497912,-0.004710643,0.000585385,-0.16954125,-0.01420285,-9.809593,-0.21701522,0.009187065,0.009674143,0.010826043,0,0.09,-0.998,273.37
00:57.5,0,100,0,0,0,0,0,0,0,0,0.001429471,-0.004922764,0.000936681,-0.1676132,-0.0121256,-9.811652,-0.22492724,0.008922553,0.009502372,0.010480616,0,0.09,-0.996,273.37
00:57.6,0,100,0,0,0,0,0,0,0,0,0.001451119,-0.004762816,0.000665887,-0.1691527,-0.012789575,-9.813124,-0.23283926,0.00865804,0.0093306,0.010135188,0,0.09,-0.994,273.37
00:57.6,0,100,0,0,0,0,0,0,0,0,0.001472766,-0.004602869,0.000395092,-0.1706922,-0.01345355,-9.814596,-0.24075128,0.008393528,0.009158829,0.009789761,0,0.09,-0.992,273.37
00:57.6,0,100,0,0,0,0,0,0,0,0,0.00105017,-0.004510557,-9.58E-05,-0.17033515,-0.013584155,-9.813298,-0.2486633,0.008129016,0.008987058,0.009444334,0,0.09,-0.99,273.37
00:57.6,0,100,0,0,0,0,0,0,0,0,0.000627574,-0.004418245,-0.000586629,-0.1699781,-0.01371476,-9.812,-0.23170898,0.00830109,0.008961085,0.009288152,0,0.09,-0.99,273.37
00:57.6,0,100,0,0,0,0,0,0,0,0,0.000213356,-0.004861686,-0.000351139,-0.17169075,-0.013014905,-9.812581,-0.21475466,0.008473164,0.008935112,0.00913197,0,0.09,-0.99,273.37
00:57.7,0,100,0,0,0,0,0,0,0,0,-0.000200862,-0.005305126,-0.00011565,-0.1734034,-0.01231505,-9.813162,-0.19780034,0.008645237,0.00890914,0.008975788,0,0.09,-0.99,273.37
00:57.7,0,100,0,0,0,0,0,0,0,0,-9.79E-05,-0.005372738,0.00032592,-0.17038025,-0.01184279,-9.815069,-0.18084602,0.008817311,0.008883167,0.008819606,0,0.09,-0.99,273.37
00:57.7,0,100,0,0,0,0,0,0,0,0,4.99E-06,-0.00544035,0.000767489,-0.1673571,-0.01137053,-9.816976,-0.1638917,0.008989385,0.008857194,0.008663424,0,0.09,-0.99,273.37
00:57.7,0,100,0,0,0,0,0,0,0,0,0.001356677,-0.005830367,0.000607346,-0.16888895,-0.01391757,-9.8166645,-0.17519458,0.008813992,0.00880974,0.008666304,0,0.09,-0.992,273.37
00:57.7,0,100,0,0,0,0,0,0,0,0,0.002708364,-0.006220384,0.000447203,-0.1704208,-0.01646461,-9.816353,-0.18649746,0.0086386,0.008762286,0.008669184,0,0.09,-0.994,273.37
00:57.8,0,100,0,0,0,0,0,0,0,0,0.00181914,-0.004380252,-0.00110148,-0.1771021,0.000151825,-9.806007,-0.19780034,0.008463207,0.008714833,0.008672063,0,0.09,-0.996,273.37
00:57.8,0,100,0,0,0,0,0,0,0,0,0.000929916,-0.002540119,-0.002650162,-0.1837834,0.01676826,-9.795661,-0.20910322,0.008287815,0.008667379,0.008674943,0,0.09,-0.998,273.37
00:57.8,0,100,0,0,0,0,0,0,0,0,0.001043474,-0.003798869,-0.001317831,-0.1778827,0.001322485,-9.8031585,-0.2204061,0.008112422,0.008619925,0.008677823,0,0.09,-1,273.37
00:57.8,0,100,0,0,0,0,0,0,0,0,0.001157031,-0.005057619,1.45E-05,-0.171982,-0.01412329,-9.810656,-0.18649747,0.008137604,0.008599047,0.008808609,0,0.09,-1,273.37
00:57.8,0,100,0,0,0,0,0,0,0,0,0.001279381,-0.005603491,-8.15E-05,-0.172507,-0.01228927,-9.809388,-0.15258884,0.008162787,0.008578168,0.008939396,0,0.09,-1,273.37
00:57.9,0,100,0,0,0,0,0,0,0,0,0.001401731,-0.006149363,-0.000177454,-0.173032,-0.01045525,-9.80812,-0.11868021,0.008187969,0.00855729,0.009070182,0,0.09,-1,273.37
00:57.9,0,100,0,0,0,0,0,0,0,0,0.001825722,-0.006282028,-0.00026906,-0.17077425,-0.01140602,-9.8102095,-0.08477158,0.008213152,0.008536411,0.009200969,0,0.09,-1,273.37
00:57.9,0,100,0,0,0,0,0,0,0,0,0.002249714,-0.006414693,-0.000360666,-0.1685165,-0.01235679,-9.812299,-0.05086295,0.008238334,0.008515533,0.009331755,0,0.09,-1,273.37
00:57.9,0,100,0,0,0,0,0,0,0,0,0.002916612,-0.004858092,-0.001644947,-0.1740875,-0.00556546,-9.8079325,-0.10624706,0.008255994,0.008711125,0.009412386,0,0.09,-1,273.37
00:57.9,0,100,0,0,0,0,0,0,0,0,0.00358351,-0.003301491,-0.002929227,-0.1796585,0.00122587,-9.803566,-0.16163117,0.008273654,0.008906717,0.009493018,0,0.09,-1,273.37
00:58.0,0,100,0,0,0,0,0,0,0,0,0.000327879,-0.002726076,-0.00056249,-0.1783206,0.000488702,-9.805416,-0.21701528,0.008291313,0.009102308,0.009573649,0,0.09,-1,273.37
00:58.0,0,100,0,0,0,0,0,0,0,0,-0.002927751,-0.002150661,0.001804248,-0.1769827,-0.000248467,-9.807266,-0.27239939,0.008308973,0.0092979,0.009654281,0,0.09,-1,273.37
00:58.0,0,100,0,0,0,0,0,0,0,0,-0.000950788,-0.003683854,0.001069336,-0.175662,-0.006180308,-9.810676,-0.3277835,0.008326633,0.009493492,0.009734912,0,0.09,-1,273.37
00:58.0,0,100,0,0,0,0,0,0,0,0,0.001026175,-0.005217046,0.000334423,-0.1743413,-0.01211215,-9.814086,-0.33456522,0.017268994,0.020159284,0.023700196,0,0.09,-1,273.37
00:58.0,0,100,0,0,0,0,0,0,0,0,0.000828091,-0.005014983,-0.000312338,-0.17203545,-0.013430925,-9.8138875,-0.34134694,0.026211356,0.030825075,0.037665479,0,0.09,-1,273.37
00:58.1,0,100,0,0,0,0,0,0,0,0,0.000630007,-0.004812919,-0.000959099,-0.1697296,-0.0147497,-9.813689,-0.34812866,0.035153717,0.041490867,0.051630763,0,0.09,-1,273.37
00:58.1,0,100,0,0,0,0,0,0,0,0,0.000780692,-0.005412616,-0.000566959,-0.17080435,-0.0159255,-9.8125455,-0.35491038,0.044096079,0.052156658,0.065596046,0,0.09,-1,273.37
00:58.1,0,100,0,0,0,0,0,0,0,0,0.000931377,-0.006012313,-0.000174818,-0.1718791,-0.0171013,-9.811402,-0.3616921,0.05303844,0.06282245,0.07956133,0,0.09,-1,273.37
00:58.1,0,100,0,0,0,0,0,0,0,0,0.000665877,-0.005471646,0.000342972,-0.1696087,-0.014343005,-9.811956,-0.33117432,0.044071186,0.052000652,0.065359008,0,0.09,-1,273.37
00:58.1,0,100,0,0,0,0,0,0,0,0,0.000400377,-0.004930979,0.000860761,-0.1673383,-0.01158471,-9.81251,-0.30065654,0.035103933,0.041178855,0.051156686,0,0.09,-1,273.37
00:58.2,0,100,0,0,0,0,0,0,0,0,0.001481358,-0.007333824,0.000949289,-0.1727572,-0.006825884,-9.809199,-0.27013876,0.026136679,0.030357057,0.036954363,0,0.09,-1,273.37
00:58.2,0,100,0,0,0,0,0,0,0,0,0.002562338,-0.009736668,0.001037817,-0.1781761,-0.002067058,-9.805888,-0.23962098,0.017169426,0.01953526,0.022752041,0,0.09,-1,273.37
00:58.2,0,100,0,0,0,0,0,0,0,0,0.001692922,-0.007152536,0.000296687,-0.17600675,-0.007689854,-9.8108535,-0.2091032,0.008202172,0.008713462,0.008549719,0,0.09,-1,273.37
00:58.2,0,100,0,0,0,0,0,0,0,0,0.000823506,-0.004568403,-0.000444444,-0.1738374,-0.01331265,-9.815819,-0.21475464,0.008222574,0.009158616,0.009180621,0,0.09,-1,273.37
00:58.2,0,100,0,0,0,0,0,0,0,0,0.000906018,-0.004561216,1.40E-05,-0.17260175,-0.0165213,-9.813411,-0.22040608,0.008242975,0.009603769,0.009811523,0,0.09,-1,273.37
00:58.3,0,100,0,0,0,0,0,0,0,0,0.00098853,-0.004554029,0.000472503,-0.1713661,-0.01972995,-9.811003,-0.22605752,0.008263377,0.010048923,0.010442426,0,0.09,-1,273.37
00:58.3,0,100,0,0,0,0,0,0,0,0,0.001076472,-0.005450954,0.000346449,-0.17121175,-0.01686777,-9.8108025,-0.23170896,0.008283778,0.010494076,0.011073328,0,0.09,-1,273.37
00:58.3,0,100,0,0,0,0,0,0,0,0,0.001164415,-0.006347878,0.000220395,-0.1710574,-0.01400559,-9.810602,-0.2373604,0.00830418,0.01093923,0.01170423,0,0.09,-1,273.37
00:58.3,0,100,0,0,0,0,0,0,0,0,-6.65E-05,-0.005156776,-0.000320808,-0.1765868,-0.015006415,-9.8106225,-0.203451774,0.008365247,0.011021474,0.011354426,0,0.09,-1,273.37
00:58.3,0,100,0,0,0,0,0,0,0,0,-0.001297451,-0.003965674,-0.000862012,-0.1821162,-0.01600724,-9.810643,-0.169543148,0.008426315,0.011103718,0.011004622,0,0.09,-1,273.37
00:58.4,0,100,0,0,0,0,0,0,0,0,-6.85E-05,-0.005412548,-0.000289463,-0.17552035,-0.01375172,-9.812918,-0.135634522,0.008487382,0.011185962,0.010654819,0,0.09,-1,273.37
00:58.4,0,100,0,0,0,0,0,0,0,0,0.001160551,-0.006859422,0.000283086,-0.1689245,-0.0114962,-9.815193,-0.101725896,0.00854845,0.011268206,0.010305015,0,0.09,-1,273.37
00:58.4,0,100,0,0,0,0,0,0,0,0,0.001220729,-0.006205868,-0.000169268,-0.16983435,-0.013955015,-9.813576,-0.06781727,0.008609517,0.01135045,0.009955211,0,0.09,-1,273.37
00:58.4,0,100,0,0,0,0,0,0,0,0,0.001280907,-0.005552315,-0.000621622,-0.1707442,-0.01641383,-9.811959,-0.084771596,0.008472648,0.011301576,0.010234163,0,0.09,-0.998,273.368
00:58.4,0,100,0,0,0,0,0,0,0,0,0.001198257,-0.005602801,-5.20E-05,-0.17130635,-0.013856545,-9.81155,-0.101725922,0.008335778,0.011252702,0.010513115,0,0.09,-0.996,273.366
00:58.5,0,100,0,0,0,0,0,0,0,0,0.001115607,-0.005653286,0.000517542,-0.1718685,-0.01129926,-9.811141,-0.118680248,0.008198909,0.011203828,0.010792066,0,0.09,-0.994,273.364
00:58.5,0,100,0,0,0,0,0,0,0,0,0.00148429,-0.005478723,-3.85E-05,-0.17027165,-0.012984515,-9.813317,-0.135634574,0.008062039,0.011154954,0.011071018,0,0.09,-0.992,273.362
00:58.5,0,100,0,0,0,0,0,0,0,0,0.001852973,-0.005304159,-0.000594617,-0.1686748,-0.01466977,-9.815493,-0.1525889,0.00792517,0.01110608,0.01134997,0,0.09,-0.99,273.36
00:58.5,0,100,0,0,0,0,0,0,0,0,0.000823862,-0.005241716,-0.001720925,-0.1733697,-0.011818782,-9.8110635,-0.15711004,0.00796573,0.01089419,0.01144847,0,0.09,-0.99,273.362
00:58.5,0,100,0,0,0,0,0,0,0,0,-0.00020525,-0.005179272,-0.002847233,-0.1780646,-0.008967794,-9.806634,-0.16163118,0.008006291,0.0106823,0.01154697,0,0.09,-0.99,273.364
00:58.6,0,100,0,0,0,0,0,0,0,0,0.000445969,-0.005359965,-0.001097653,-0.1720556,-0.010675962,-9.8085855,-0.16615232,0.008046851,0.01047041,0.01164547,0,0.09,-0.99,273.366
00:58.6,0,100,0,0,0,0,0,0,0,0,0.001097187,-0.005540657,0.000651927,-0.1660466,-0.01238413,-9.810537,-0.17067346,0.008087412,0.01025852,0.01174397,0,0.09,-0.99,273.368
00:58.6,0,100,0,0,0,0,0,0,0,0,0.001196059,-0.006104165,0.000226152,-0.1684201,-0.01292352,-9.8130035,-0.1751946,0.008127972,0.01004663,0.01184247,0,0.09,-0.99,273.37
00:58.6,0,100,0,0,0,0,0,0,0,0,0.001294931,-0.006667672,-0.000199624,-0.1707936,-0.01346291,-9.81547,-0.17067346,0.008017721,0.009773056,0.011698684,0,0.09,-0.992,273.37
00:58.6,0,100,0,0,0,0,0,0,0,0,0.00147872,-0.006197838,-0.000517293,-0.1690861,-0.01449664,-9.815219,-0.16615232,0.00790747,0.009499482,0.011554898,0,0.09,-0.994,273.37
00:58.7,0,100,0,0,0,0,0,0,0,0,0.001662508,-0.005728004,-0.000834963,-0.1673786,-0.01553037,-9.814968,-0.16163118,0.007797219,0.009225907,0.011411112,0,0.09,-0.996,273.37
00:58.7,0,100,0,0,0,0,0,0,0,0,0.002041255,0.000923033,-0.000502389,-0.1720592,-0.007929332,-9.811937,-0.15711004,0.007686968,0.008952333,0.011267326,0,0.09,-0.998,273.37
00:58.7,0,100,0,0,0,0,0,0,0,0,0.002420001,0.00757407,-0.000169816,-0.1767398,-0.000328294,-9.808906,-0.1525889,0.007576717,0.008678759,0.01112354,0,0.09,-1,273.37
00:58.7,0,100,0,0,0,0,0,0,0,0,0.001852467,0.003061207,0.001258421,-0.1754784,-0.003544919,-9.8107515,-0.15484946,0.017360968,0.020967563,0.022211204,0,0.09,-0.998,273.37
00:58.7,0,100,0,0,0,0,0,0,0,0,0.001284932,-0.001451656,0.002686657,-0.174217,-0.006761543,-9.812597,-0.15711002,0.027145218,0.033256367,0.033298868,0,0.09,-0.996,273.37
00:58.8,0,100,0,0,0,0,0,0,0,0,0.001320982,-0.003129491,0.001281095,-0.1738856,-0.010324822,-9.8133855,-0.15937058,0.036929469,0.045545172,0.044386532,0,0.09,-0.994,273.37
00:58.8,0,100,0,0,0,0,0,0,0,0,0.001357033,-0.004807325,-0.000124468,-0.1735542,-0.0138881,-9.814174,-0.16163114,0.046713719,0.057833976,0.055474196,0,0.09,-0.992,273.37
00:58.8,0,100,0,0,0,0,0,0,0,0,0.001181535,-0.005010873,0.000300305,-0.1717252,-0.01564193,-9.815048,-0.1638917,0.05649797,0.07012278,0.06656186,0,0.09,-0.99,273.37
00:58.8,0,100,0,0,0,0,0,0,0,0,0.001006038,-0.005214421,0.000725077,-0.1698962,-0.01739576,-9.815922,-0.149197966,0.057336564,0.069620118,0.067236148,0,0.09,-0.99,273.37
00:58.8,0,100,0,0,0,0,0,0,0,0,0.000967397,-0.005254941,0.000278702,-0.17014715,-0.014839195,-9.814413,-0.134504232,0.058175158,0.069117456,0.067910436,0,0.09,-0.99,273.37
00:58.9,0,100,0,0,0,0,0,0,0,0,0.000928755,-0.00529546,-0.000167673,-0.1703981,-0.01228263,-9.812904,-0.119810498,0.059013752,0.068614794,0.068584724,0,0.09,-0.99,273.37
00:58.9,0,100,0,0,0,0,0,0,0,0,0.000645656,-0.002686999,-0.001053384,-0.17845645,-0.01473056,-9.8048445,-0.105116764,0.059852346,0.068112132,0.069259012,0,0.09,-0.99,273.37
00:58.9,0,100,0,0,0,0,0,0,0,0,0.000362557,-7.85E-05,-0.001939095,-0.1865148,-0.01717849,-9.796785,-0.09042303,0.06069094,0.06760947,0.0699333,0,0.09,-0.99,273.37
00:58.9,0,100,0,0,0,0,0,0,0,0,-0.000644516,-0.002235325,-0.00010445,-0.18885735,-0.008829249,-9.810171,-0.126592244,0.050436074,0.056037437,0.057792613,0,0.09,-0.99,273.37
00:58.9,0,100,0,0,0,0,0,0,0,0,-0.001651589,-0.004392111,0.001730196,-0.1911999,-0.000480007,-9.823557,-0.162761458,0.040181208,0.044465404,0.045651926,0,0.09,-0.99,273.37
00:59.0,0,100,0,0,0,0,0,0,0,0,-0.000110049,-0.005066809,0.00093866,-0.1806977,-0.008100124,-9.819177,-0.198930672,0.029926343,0.032893371,0.033511238,0,0.09,-0.99,273.37
00:59.0,0,100,0,0,0,0,0,0,0,0,0.001431492,-0.005741507,0.000147123,-0.1701955,-0.01572024,-9.814797,-0.235099886,0.019671477,0.021321338,0.021370551,0,0.09,-0.99,273.37
00:59.0,0,100,0,0,0,0,0,0,0,0,0.001886802,-0.006111998,0.000175156,-0.1700067,-0.01353085,-9.815538,-0.2712691,0.009416611,0.009749305,0.009229864,0,0.09,-0.99,273.37
00:59.0,0,100,0,0,0,0,0,0,0,0,0.002342111,-0.006482488,0.000203189,-0.1698179,-0.01134146,-9.816279,-0.2803114,0.009231242,0.009620933,0.009248221,0,0.09,-0.992,273.37
00:59.0,0,100,0,0,0,0,0,0,0,0,0.001682409,-0.00526861,0.000500342,-0.17048,-0.013675175,-9.8140445,-0.2893537,0.009045874,0.009492561,0.009266578,0,0.09,-0.994,273.37
00:59.1,0,100,0,0,0,0,0,0,0,0,0.001022706,-0.004054732,0.000797496,-0.1711421,-0.01600889,-9.81181,-0.298396,0.008860505,0.009364188,0.009284935,0,0.09,-0.996,273.37
00:59.1,0,100,0,0,0,0,0,0,0,0,0.000848924,-0.003730079,0.000526548,-0.1711188,-0.012913784,-9.811941,-0.3074383,0.008675137,0.009235816,0.009303292,0,0.09,-0.998,273.37
00:59.1,0,100,0,0,0,0,0,0,0,0,0.000675142,-0.003405425,0.0002556,-0.1710955,-0.009818678,-9.812072,-0.3164806,0.008489768,0.009107444,0.009321649,0,0.09,-1,273.37
00:59.1,0,100,0,0,0,0,0,0,0,0,0.001390385,-0.004539236,0.000175654,-0.17153035,-0.013358769,-9.8134305,-0.2893537,0.008729365,0.009075526,0.009225509,0,0.09,-1,273.37
00:59.1,0,100,0,0,0,0,0,0,0,0,0.002105629,-0.005673046,9.57E-05,-0.1719652,-0.01689886,-9.814789,-0.2622268,0.008968962,0.009043609,0.009129369,0,0.09,-1,273.37
00:59.2,0,100,0,0,0,0,0,0,0,0,0.001362625,-0.005392334,7.76E-06,-0.16983775,-0.01693005,-9.8162145,-0.2350999,0.00920856,0.009011691,0.009033229,0,0.09,-1,273.37
00:59.2,0,100,0,0,0,0,0,0,0,0,0.000619622,-0.005111622,-8.02E-05,-0.1677103,-0.01696124,-9.81764,-0.207973,0.009448157,0.008979774,0.008937089,0,0.09,-1,273.37
00:59.2,0,100,0,0,0,0,0,0,0,0,0.000650985,-0.004377037,0.000193572,-0.1715625,-0.01616503,-9.8156185,-0.1808461,0.009687754,0.008947856,0.008840949,0,0.09,-1,273.37
00:59.2,0,100,0,0,0,0,0,0,0,0,0.000682349,-0.003642451,0.000467329,-0.1754147,-0.01536882,-9.813597,-0.19440954,0.009465135,0.008904322,0.008584628,0,0.088,-1,273.37
00:59.2,0,100,0,0,0,0,0,0,0,0,0.001340166,-0.00439714,0.000171388,-0.17252065,-0.01550851,-9.814487,-0.20797298,0.009242517,0.008860789,0.008328307,0,0.086,-1,273.37
00:59.3,0,100,0,0,0,0,0,0,0,0,0.001997983,-0.005151828,-0.000124552,-0.1696266,-0.0156482,-9.815377,-0.22153642,0.009019898,0.008817255,0.008071986,0,0.084,-1,273.37
00:59.3,0,100,0,0,0,0,0,0,0,0,8.92E-05,-3.31E-06,0.001177833,-0.1763427,-0.008847801,-9.8066905,-0.23509986,0.00879728,0.008773722,0.007815665,0,0.082,-1,273.37
00:59.3,0,100,0,0,0,0,0,0,0,0,-0.001819575,0.005145201,0.002480218,-0.1830588,-0.002047402,-9.798004,-0.2486633,0.008574661,0.008730188,0.007559344,0,0.08,-1,273.37
00:59.3,0,100,0,0,0,0,0,0,0,0,-0.000330529,-0.00016537,0.001482448,-0.17519065,-0.006395146,-9.8059845,-0.24075128,0.008573467,0.008878441,0.007753493,0,0.08,-1,273.37
00:59.3,0,100,0,0,0,0,0,0,0,0,0.001158516,-0.00547594,0.000484679,-0.1673225,-0.01074289,-9.813965,-0.23283926,0.008572272,0.009026694,0.007947643,0,0.08,-1,273.37
00:59.4,0,100,0,0,0,0,0,0,0,0,0.001167308,-0.005863202,0.000163455,-0.1687188,-0.011723875,-9.813853,-0.22492724,0.008571078,0.009174947,0.008141792,0,0.08,-1,273.37
00:59.4,0,100,0,0,0,0,0,0,0,0,0.001176101,-0.006250463,-0.000157769,-0.1701151,-0.01270486,-9.813741,-0.21701522,0.008569883,0.0093232,0.008335942,0,0.08,-1,273.37
00:59.4,0,100,0,0,0,0,0,0,0,0,0.001245079,-0.005902133,-0.00046377,-0.1705292,-0.01339916,-9.81412,-0.2091032,0.008568689,0.009471453,0.008530091,0,0.08,-1,273.37
00:59.4,0,100,0,0,0,0,0,0,0,0,0.001314058,-0.005553802,-0.000769772,-0.1709433,-0.01409346,-9.814499,-0.184236878,0.008478439,0.009193665,0.008454586,0,0.08,-1,273.37
00:59.4,0,100,0,0,0,0,0,0,0,0,0.000492365,-0.003423265,-0.002921781,-0.180822,-0.007327369,-9.81755,-0.159370556,0.008388189,0.008915877,0.00837908,0,0.08,-1,273.37
00:59.5,0,100,0,0,0,0,0,0,0,0,-0.000329328,-0.001292728,-0.005073791,-0.1907007,-0.000561277,-9.820601,-0.134504234,0.00829794,0.008638089,0.008303575,0,0.08,-1,273.37
00:59.5,0,100,0,0,0,0,0,0,0,0,-0.000202865,0.000874431,-0.003689081,-0.1844043,-0.001839768,-9.816389,-0.109637912,0.00820769,0.008360301,0.008228069,0,0.08,-1,273.37
00:59.5,0,100,0,0,0,0,0,0,0,0,-7.64E-05,0.003041591,-0.002304371,-0.1781079,-0.003118258,-9.812177,-0.08477159,0.00811744,0.008082513,0.008152564,0,0.08,-1,273.37
00:59.5,0,100,0,0,0,0,0,0,0,0,0.00019698,-0.000455727,-0.001084743,-0.17384665,-0.009191424,-9.8132365,-0.120940792,0.007996087,0.008164242,0.008237003,0,0.08,-1,273.372
00:59.5,0,100,0,0,0,0,0,0,0,0,0.000470362,-0.003953045,0.000134885,-0.1695854,-0.01526459,-9.814296,-0.157109994,0.007874735,0.008245972,0.008321442,0,0.08,-1,273.374
00:59.6,0,100,0,0,0,0,0,0,0,0,0.000942489,-0.0040581,0.000440559,-0.1698668,-0.015999855,-9.8144795,-0.193279196,0.007753382,0.008327701,0.008405881,0,0.08,-1,273.376
00:59.6,0,100,0,0,0,0,0,0,0,0,0.001414616,-0.004163155,0.000746233,-0.1701482,-0.01673512,-9.814663,-0.229448398,0.00763203,0.008409431,0.00849032,0,0.08,-1,273.378
00:59.6,0,100,0,0,0,0,0,0,0,0,0.001285463,-0.00515649,0.000270032,-0.17042245,-0.0159356,-9.813581,-0.2656176,0.007510677,0.00849116,0.008574759,0,0.08,-1,273.38
00:59.6,0,100,0,0,0,0,0,0,0,0,0.001156311,-0.006149825,-0.000206169,-0.1706967,-0.01513608,-9.812499,-0.30065654,0.017356434,0.018890484,0.022105849,0,0.08,-1,273.38
00:59.6,0,100,0,0,0,0,0,0,0,0,0.001690636,-0.005426504,-0.000237273,-0.16944555,-0.01371369,-9.813136,-0.33569548,0.02720219,0.029289808,0.035636939,0,0.08,-1,273.38
00:59.7,0,100,0,0,0,0,0,0,0,0,0.00222496,-0.004703182,-0.000268377,-0.1681944,-0.0122913,-9.813773,-0.37073442,0.037047947,0.039689132,0.04916803,0,0.08,-1,273.38
00:59.7,0,100,0,0,0,0,0,0,0,0,0.001809133,-0.005326128,-0.000116868,-0.1699248,-0.01288587,-9.8131145,-0.40577336,0.046893703,0.050088456,0.06269912,0,0.08,-1,273.38
00:59.7,0,100,0,0,0,0,0,0,0,0,0.001393307,-0.005949074,3.46E-05,-0.1716552,-0.01348044,-9.812456,-0.4408123,0.05673946,0.06048778,0.07623021,0,0.08,-1,273.38
00:59.7,0,100,0,0,0,0,0,0,0,0,0.000275507,-0.006364666,-0.000586072,-0.1812469,-0.010213377,-9.8097235,-0.41481568,0.046994789,0.050324912,0.063314428,0,0.08,-1,273.38
00:59.7,0,100,0,0,0,0,0,0,0,0,-0.000842292,-0.006780257,-0.001206784,-0.1908386,-0.006946315,-9.806991,-0.38881906,0.037250118,0.040162044,0.050398646,0,0.08,-1,273.38
00:59.8,0,100,0,0,0,0,0,0,0,0,-0.000147489,-0.006415273,-0.000522186,-0.18755845,-0.009959233,-9.8100815,-0.36282244,0.027505448,0.029999176,0.037482864,0,0.08,-1,273.38
00:59.8,0,100,0,0,0,0,0,0,0,0,0.000547314,-0.006050289,0.000162412,-0.1842783,-0.01297215,-9.813172,-0.33682582,0.017760777,0.019836308,0.024567082,0,0.08,-1,273.38
00:59.8,0,100,0,0,0,0,0,0,0,0,0.000788942,-0.005799864,1.87E-05,-0.177443,-0.011911545,-9.814949,-0.3108292,0.008016106,0.00967344,0.0116513,0,0.08,-1,273.38
00:59.8,0,100,0,0,0,0,0,0,0,0,0.001030571,-0.005549438,-0.00012507,-0.1706077,-0.01085094,-9.816726,-0.32439264,0.008205814,0.009574872,0.011259182,0,0.08,-1,273.38
00:59.8,0,100,0,0,0,0,0,0,0,0,0.001165966,-0.005186995,-0.000251962,-0.16968445,-0.01124234,-9.8152835,-0.33795608,0.008395522,0.009476304,0.010867065,0,0.08,-1,273.38
00:59.9,0,100,0,0,0,0,0,0,0,0,0.00130136,-0.004824553,-0.000378855,-0.1687612,-0.01163374,-9.813841,-0.35151952,0.008585231,0.009377737,0.010474947,0,0.08,-1,273.38
00:59.9,0,100,0,0,0,0,0,0,0,0,0.001060174,-0.004397271,-7.57E-05,-0.1699922,-0.0123349,-9.814021,-0.36508296,0.008774939,0.009279169,0.01008283,0,0.08,-1,273.38
00:59.9,0,100,0,0,0,0,0,0,0,0,0.000818988,-0.003969989,0.000227408,-0.1712232,-0.01303606,-9.814201,-0.3786464,0.008964647,0.009180601,0.009690712,0,0.08,-1,273.38
00:59.9,0,100,0,0,0,0,0,0,0,0,0.00150822,-0.004407095,-0.000430024,-0.1693694,-0.01391829,-9.8134495,-0.37525554,0.008949223,0.009244418,0.010143466,0,0.08,-1,273.38
00:59.9,0,100,0,0,0,0,0,0,0,0,0.002197453,-0.004844201,-0.001087456,-0.1675156,-0.01480052,-9.812698,-0.37186468,0.008933799,0.009308235,0.010596219,0,0.08,-1,273.38
01:00.0,0,100,0,0,0,0,0,0,0,0,0.000494711,-0.003593321,0.000760839,-0.1738845,-0.01347324,-9.80676,-0.36847382,0.008918376,0.009372051,0.011048973,0,0.08,-1,273.38
01:00.0,0,100,0,0,0,0,0,0,0,0,-0.00120803,-0.002342441,0.002609133,-0.1802534,-0.01214596,-9.800822,-0.36508296,0.008902952,0.009435868,0.011501726,0,0.08,-1,273.38
01:00.0,0,100,0,0,0,0,0,0,0,0,-0.000524952,-0.003451047,0.001671861,-0.17635255,-0.01336437,-9.804809,-0.3616921,0.008887528,0.009499685,0.01195448,0,0.08,-1,273.38
01:00.0,0,100,0,0,0,0,0,0,0,0,0.000158125,-0.004559652,0.00073459,-0.1724517,-0.01458278,-9.808796,-0.308568572,0.008927535,0.010138064,0.011994116,0,0.08,-1,273.38
01:00.0,0,100,0,0,0,0,0,0,0,0,0.001003707,-0.005716319,0.000430248,-0.17121925,-0.011277452,-9.810581,-0.255445044,0.008967542,0.010776443,0.012033752,0,0.08,-1,273.38
01:00.1,0,100,0,0,0,0,0,0,0,0,0.001849288,-0.006872986,0.000125907,-0.1699868,-0.007972123,-9.812366,-0.202321516,0.009007549,0.011414822,0.012073388,0,0.08,-1,273.38
01:00.1,0,100,0,0,0,0,0,0,0,0,0.000996174,-0.005602493,0.000225306,-0.1680326,-0.012609677,-9.8125625,-0.149197988,0.009047556,0.012053201,0.012113024,0,0.08,-1,273.38
01:00.1,0,100,0,0,0,0,0,0,0,0,0.00014306,-0.004331999,0.000324705,-0.1660784,-0.01724723,-9.812759,-0.09607446,0.009087563,0.01269158,0.01215266,0,0.08,-1,273.38
01:00.1,0,100,0,0,0,0,0,0,0,0,-0.001503584,-0.004230866,-0.000792738,-0.17206015,-0.00998899,-9.8089355,-0.105116768,0.0091538,0.01288875,0.012080188,0,0.08,-1,273.38
01:00.1,0,100,0,0,0,0,0,0,0,0,-0.003150228,-0.004129733,-0.00191018,-0.1780419,-0.00273075,-9.805112,-0.114159076,0.009220037,0.01308592,0.012007716,0,0.08,-1,273.38
01:00.2,0,100,0,0,0,0,0,0,0,0,-0.001187515,-0.004046917,-0.000698434,-0.1788385,-0.001515506,-9.801682,-0.123201384,0.009286274,0.01328309,0.011935244,0,0.08,-1,273.38
01:00.2,0,100,0,0,0,0,0,0,0,0,0.000775198,-0.003964101,0.000513312,-0.1796351,-0.000300262,-9.798252,-0.132243692,0.009352511,0.01348026,0.011862772,0,0.08,-1,273.38
01:00.2,0,100,0,0,0,0,0,0,0,0,0.000890929,-0.004543053,0.000526393,-0.1745256,-0.007370371,-9.804995,-0.141286,0.009418748,0.01367743,0.0117903,0,0.08,-1,273.38
01:00.2,0,100,0,0,0,0,0,0,0,0,0.001006661,-0.005122005,0.000539475,-0.1694161,-0.01444048,-9.811738,-0.15258888,0.009476131,0.013407468,0.011883288,0,0.08,-1,273.38
01:00.2,0,100,0,0,0,0,0,0,0,0,0.001773243,-0.005160927,-0.00035681,-0.17134495,-0.015685925,-9.812163,-0.16389176,0.009533514,0.013137506,0.011976276,0,0.08,-1,273.38
01:00.3,0,100,0,0,0,0,0,0,0,0,0.002539824,-0.005199849,-0.001253096,-0.1732738,-0.01693137,-9.812588,-0.17519464,0.009590896,0.012867544,0.012069264,0,0.08,-1,273.38
01:00.3,0,100,0,0,0,0,0,0,0,0,0.001812613,-0.00485817,-0.000878316,-0.1703388,-0.0153978,-9.810583,-0.18649752,0.009648279,0.012597582,0.012162252,0,0.08,-1,273.38
01:00.3,0,100,0,0,0,0,0,0,0,0,0.001085402,-0.004516491,-0.000503536,-0.1674038,-0.01386423,-9.808578,-0.1978004,0.009705662,0.01232762,0.01225524,0,0.08,-1,273.38
01:00.3,0,100,0,0,0,0,0,0,0,0,0.000943941,-0.004441861,-9.22E-05,-0.17151405,-0.01456121,-9.808831,-0.21927586,0.019342144,0.023475536,0.022740028,0,0.08,-1,273.38
01:00.3,0,100,0,0,0,0,0,0,0,0,0.00080248,-0.004367231,0.000319188,-0.1756243,-0.01525819,-9.809084,-0.24075132,0.028978625,0.034623452,0.033224816,0,0.08,-1,273.38
01:00.4,0,100,0,0,0,0,0,0,0,0,0.000130538,-5.82E-05,8.01E-05,-0.1767045,-0.01429137,-9.802535,-0.26222678,0.038615107,0.045771368,0.043709604,0,0.08,-1,273.38
01:00.4,0,100,0,0,0,0,0,0,0,0,-0.000541404,0.004250853,-0.000158888,-0.1777847,-0.01332455,-9.795986,-0.28370224,0.048251588,0.056919284,0.054194392,0,0.08,-1,273.38
01:00.4,0,100,0,0,0,0,0,0,0,0,0.000268895,-0.000867094,-0.000123058,-0.17666625,-0.01422085,-9.8042075,-0.3051777,0.05788807,0.0680672,0.06467918,0,0.08,-1,273.38
01:00.4,0,100,0,0,0,0,0,0,0,0,0.001079193,-0.005985041,-8.72E-05,-0.1755478,-0.01511715,-9.812429,-0.30178684,0.048475702,0.056584488,0.054437914,0,0.08,-1,273.38
01:00.4,0,100,0,0,0,0,0,0,0,0,0.001217359,-0.006168389,-0.000247229,-0.1687434,-0.015540635,-9.8140195,-0.29839598,0.039063334,0.045101776,0.044196648,0,0.08,-1,273.38
01:00.5,0,100,0,0,0,0,0,0,0,0,0.001355525,-0.006351737,-0.00040723,-0.161939,-0.01596412,-9.81561,-0.29500512,0.029650966,0.033619064,0.033955382,0,0.08,-1,273.38
01:00.5,0,100,0,0,0,0,0,0,0,0,0.001305075,-0.005956952,-0.000362706,-0.16834415,-0.01684887,-9.812825,-0.29161426,0.020238598,0.022136352,0.023714116,0,0.08,-1,273.38
01:00.5,0,100,0,0,0,0,0,0,0,0,0.001254624,-0.005562167,-0.000318181,-0.1747493,-0.01773362,-9.81004,-0.2882234,0.01082623,0.01065364,0.01347285,0,0.08,-1,273.38
01:00.5,0,100,0,0,0,0,0,0,0,0,0.002894118,-0.002788744,0.001806365,-0.17641925,-0.009718039,-9.79811,-0.2690085,0.010870074,0.01109467,0.013205272,0,0.08,-1,273.38
01:00.5,0,100,0,0,0,0,0,0,0,0,0.004533612,-1.53E-05,0.003930911,-0.1780892,-0.001702457,-9.78618,-0.2497936,0.010913918,0.0115357,0.012937694,0,0.08,-1,273.38
01:00.6,0,100,0,0,0,0,0,0,0,0,0.002661167,-0.002753705,0.002934774,-0.1745397,-0.007830978,-9.798702,-0.2305787,0.010957762,0.01197673,0.012670116,0,0.08,-1,273.38
01:00.6,0,100,0,0,0,0,0,0,0,0,0.000788723,-0.005492089,0.001938637,-0.1709902,-0.0139595,-9.811224,-0.2113638,0.011001606,0.01241776,0.012402538,0,0.08,-1,273.38
01:00.6,0,100,0,0,0,0,0,0,0,0,0.001073833,-0.005217608,0.001091647,-0.1687395,-0.014974455,-9.812425,-0.1921489,0.01104545,0.01285879,0.01213496,0,0.08,-1,273.38
01:00.6,0,100,0,0,0,0,0,0,0,0,0.001358943,-0.004943126,0.000244658,-0.1664888,-0.01598941,-9.813626,-0.22266668,0.010865082,0.012395226,0.012143752,0,0.08,-1,273.38
01:00.6,0,100,0,0,0,0,0,0,0,0,0.000754715,-0.005220777,-8.11E-05,-0.1692019,-0.01474231,-9.813413,-0.25318446,0.010684714,0.011931662,0.012152544,0,0.08,-1,273.38
01:00.7,0,100,0,0,0,0,0,0,0,0,0.000150487,-0.005498428,-0.000406886,-0.171915,-0.01349521,-9.8132,-0.28370224,0.010504346,0.011468098,0.012161336,0,0.08,-1,273.38
01:00.7,0,100,0,0,0,0,0,0,0,0,0.000266756,-0.00593402,0.000144593,-0.1698977,-0.0121181,-9.8130145,-0.31422002,0.010323978,0.011004534,0.012170128,0,0.08,-1,273.38
01:00.7,0,100,0,0,0,0,0,0,0,0,0.000383025,-0.006369612,0.000696072,-0.1678804,-0.01074099,-9.812829,-0.3447378,0.01014361,0.01054097,0.01217892,0,0.08,-1,273.38
01:00.7,0,100,0,0,0,0,0,0,0,0,0.00043361,-0.005016029,0.000665846,-0.1681851,-0.012257245,-9.812109,-0.30856858,0.010045178,0.010300651,0.011872012,0,0.08,-1.002,273.38
01:00.7,0,100,0,0,0,0,0,0,0,0,0.000484194,-0.003662445,0.00063562,-0.1684898,-0.0137735,-9.811389,-0.27239936,0.009946747,0.010060333,0.011565104,0,0.08,-1.004,273.38
01:00.8,0,100,0,0,0,0,0,0,0,0,0.000955722,-0.003920346,0.000150136,-0.17058745,-0.01515636,-9.8112445,-0.23623014,0.009848315,0.009820014,0.011258196,0,0.08,-1.006,273.38
01:00.8,0,100,0,0,0,0,0,0,0,0,0.001427249,-0.004178247,-0.000335349,-0.1726851,-0.01653922,-9.8111,-0.20006092,0.009749884,0.009579696,0.010951288,0,0.08,-1.008,273.38
01:00.8,0,100,0,0,0,0,0,0,0,0,0.001345381,-0.004148148,-0.000182597,-0.17065925,-0.01506526,-9.8126345,-0.1638917,0.009651452,0.009339377,0.01064438,0,0.08,-1.01,273.38
01:00.8,0,100,0,0,0,0,0,0,0,0,0.001263513,-0.004118049,-2.98E-05,-0.1686334,-0.0135913,-9.814169,-0.1740643,0.009491852,0.009288004,0.010536248,0,0.08,-1.008,273.38
01:00.8,0,100,0,0,0,0,0,0,0,0,0.001647492,-0.004446164,9.04E-06,-0.17054215,-0.01465175,-9.8145475,-0.1842369,0.009332252,0.009236631,0.010428116,0,0.08,-1.006,273.38
01:00.9,0,100,0,0,0,0,0,0,0,0,0.002031471,-0.004774278,4.79E-05,-0.1724509,-0.0157122,-9.814926,-0.1944095,0.009172651,0.009185259,0.010319984,0,0.08,-1.004,273.38
01:00.9,0,100,0,0,0,0,0,0,0,0,0.00069909,-0.001828477,-0.000322227,-0.16955435,-0.015534905,-9.81027,-0.2045821,0.009013051,0.009133886,0.010211852,0,0.08,-1.002,273.38
01:00.9,0,100,0,0,0,0,0,0,0,0,-0.000633291,0.001117324,-0.000692378,-0.1666578,-0.01535761,-9.805614,-0.2147547,0.008853451,0.009082513,0.01010372,0,0.08,-1,273.38
01:00.9,0,100,0,0,0,0,0,0,0,0,0.000375695,-0.002095287,-0.000753161,-0.1679958,-0.013147825,-9.8115785,-0.176324912,0.008884424,0.009498962,0.010141648,0,0.08,-1,273.38
01:00.9,0,100,0,0,0,0,0,0,0,0,0.001384681,-0.005307898,-0.000813945,-0.1693338,-0.01093804,-9.817543,-0.137895124,0.008915396,0.009915412,0.010179576,0,0.08,-1,273.38
01:01.0,0,100,0,0,0,0,0,0,0,0,0.000965568,-0.004725798,-0.000200464,-0.1704229,-0.01368328,-9.8161495,-0.099465336,0.008946369,0.010331861,0.010217504,0,0.08,-1,273.38
01:01.0,0,100,0,0,0,0,0,0,0,0,0.000546454,-0.004143699,0.000413018,-0.171512,-0.01642852,-9.814756,-0.061035548,0.008977341,0.010748311,0.010255432,0,0.08,-1,273.38
01:01.0,0,100,0,0,0,0,0,0,0,0,0.000758007,-0.004662277,0.000364203,-0.1697562,-0.014074985,-9.817565,-0.02260576,0.009008314,0.01116476,0.01029336,0,0.08,-1,273.38
01:01.0,0,100,0,0,0,0,0,0,0,0,0.00096956,-0.005180854,0.000315388,-0.1680004,-0.01172145,-9.820374,-0.090423028,0.009089604,0.011062772,0.010742032,0,0.08,-1,273.38
01:01.0,0,100,0,0,0,0,0,0,0,0,0.001364853,-0.00281996,-0.001603896,-0.1798598,-0.0148918,-9.8129665,-0.158240296,0.009170894,0.010960784,0.011190704,0,0.08,-1,273.38
01:01.1,0,100,0,0,0,0,0,0,0,0,0.001760146,-0.000459065,-0.00352318,-0.1917192,-0.01806215,-9.805559,-0.226057564,0.009252183,0.010858796,0.011639376,0,0.08,-1,273.38
01:01.1,0,100,0,0,0,0,0,0,0,0,0.001453034,-0.001146594,-0.001166604,-0.18827115,-0.011731953,-9.8018295,-0.293874832,0.009333473,0.010756808,0.012088048,0,0.08,-1,273.38
01:01.1,0,100,0,0,0,0,0,0,0,0,0.001145921,-0.001834122,0.001189973,-0.1848231,-0.005401755,-9.7981,-0.3616921,0.009414763,0.01065482,0.01253672,0,0.08,-1,273.38
01:01.1,0,100,0,0,0,0,0,0,0,0,0.001423517,-0.004042808,0.000714291,-0.17826055,-0.010411858,-9.8102045,-0.3345652,0.019267226,0.02178957,0.023638994,0,0.08,-1.002,273.38
01:01.1,0,100,0,0,0,0,0,0,0,0,0.001701113,-0.006251493,0.00023861,-0.171698,-0.01542196,-9.822309,-0.3074383,0.02911969,0.03292432,0.034741268,0,0.08,-1.004,273.38
01:01.2,0,100,0,0,0,0,0,0,0,0,0.001333895,-0.005638788,0.000384218,-0.1730703,-0.01337292,-9.8200815,-0.2803114,0.038972153,0.04405907,0.045843542,0,0.08,-1.006,273.38
01:01.2,0,100,0,0,0,0,0,0,0,0,0.000966676,-0.005026082,0.000529826,-0.1744426,-0.01132388,-9.817854,-0.2531845,0.048824617,0.05519382,0.056945816,0,0.08,-1.008,273.38
01:01.2,0,100,0,0,0,0,0,0,0,0,0.001125763,-0.006151661,0.000380516,-0.171538,-0.010642631,-9.8181545,-0.2260576,0.05867708,0.06632857,0.06804809,0,0.08,-1.01,273.38
01:01.2,0,100,0,0,0,0,0,0,0,0,0.001284849,-0.00727724,0.000231206,-0.1686334,-0.009961382,-9.818455,-0.20232154,0.048682449,0.05488909,0.056321912,0,0.08,-1.01,273.378
01:01.2,0,100,0,0,0,0,0,0,0,0,0.000976933,-0.005697907,0.000301827,-0.17093135,-0.012417226,-9.818904,-0.17858548,0.038687818,0.04344961,0.044595735,0,0.08,-1.01,273.376
01:01.3,0,100,0,0,0,0,0,0,0,0,0.000669017,-0.004118573,0.000372448,-0.1732293,-0.01487307,-9.819353,-0.15484942,0.028693186,0.032010129,0.032869557,0,0.08,-1.01,273.374
01:01.3,0,100,0,0,0,0,0,0,0,0,-0.000203521,-0.002282502,0.001421551,-0.1738663,-0.002867889,-9.814976,-0.13111336,0.018698555,0.020570649,0.02114338,0,0.08,-1.01,273.372
01:01.3,0,100,0,0,0,0,0,0,0,0,-0.00107606,-0.00044643,0.002470654,-0.1745033,0.009137293,-9.810599,-0.1073773,0.008703924,0.009131169,0.009417202,0,0.08,-1.01,273.37
01:01.3,0,100,0,0,0,0,0,0,0,0,0.000210133,-0.002730744,0.001317102,-0.1721915,-0.004002418,-9.8137435,-0.12094076,0.008528295,0.009262698,0.009298447,0,0.08,-1.01,273.37
01:01.3,0,100,0,0,0,0,0,0,0,0,0.001496326,-0.005015057,0.00016355,-0.1698797,-0.01714213,-9.816888,-0.13450422,0.008352667,0.009394227,0.009179692,0,0.08,-1.01,273.37
01:01.4,0,100,0,0,0,0,0,0,0,0,0.001410167,-0.005936733,-5.36E-05,-0.1700137,-0.01440905,-9.8178805,-0.14806768,0.008177038,0.009525757,0.009060938,0,0.08,-1.01,273.37
01:01.4,0,100,0,0,0,0,0,0,0,0,0.001324008,-0.006858409,-0.000270819,-0.1701477,-0.01167597,-9.818873,-0.16163114,0.00800141,0.009657286,0.008942183,0,0.08,-1.01,273.37
01:01.4,0,100,0,0,0,0,0,0,0,0,0.001326305,-0.005566358,-5.15E-05,-0.17110535,-0.01481046,-9.819041,-0.1751946,0.007825781,0.009788815,0.008823428,0,0.08,-1.01,273.37
01:01.4,0,100,0,0,0,0,0,0,0,0,0.001328601,-0.004274306,0.00016773,-0.172063,-0.01794495,-9.819209,-0.20458208,0.007900253,0.00960496,0.009039416,0,0.08,-1.01,273.37
01:01.4,0,100,0,0,0,0,0,0,0,0,0.000333437,-0.001468822,-0.001538132,-0.1782067,-0.008306804,-9.8092035,-0.23396956,0.007974724,0.009421106,0.009255405,0,0.08,-1.01,273.37
01:01.5,0,100,0,0,0,0,0,0,0,0,-0.000661728,0.001336662,-0.003243995,-0.1843504,0.001331343,-9.799198,-0.26335704,0.008049196,0.009237251,0.009471393,0,0.08,-1.01,273.37
01:01.5,0,100,0,0,0,0,0,0,0,0,0.00039021,-0.00169269,-0.001779458,-0.17595995,-0.008194523,-9.809201,-0.29274452,0.008123667,0.009053397,0.009687382,0,0.08,-1.01,273.37
01:01.5,0,100,0,0,0,0,0,0,0,0,0.001442147,-0.004722042,-0.000314922,-0.1675695,-0.01772039,-9.819204,-0.322132,0.008198139,0.008869542,0.00990337,0,0.08,-1.01,273.37
01:01.5,0,100,0,0,0,0,0,0,0,0,0.001131325,-0.005329777,0.00034616,-0.16872045,-0.01574116,-9.8190005,-0.31535028,0.008113746,0.008886005,0.009912561,0,0.08,-1.01,273.37
01:01.5,0,100,0,0,0,0,0,0,0,0,0.000820503,-0.005937511,0.001007242,-0.1698714,-0.01376193,-9.818797,-0.30856856,0.008029353,0.008902468,0.009921753,0,0.08,-1.01,273.37
01:01.6,0,100,0,0,0,0,0,0,0,0,0.000644328,-0.006201606,0.001059449,-0.17114315,-0.013799235,-9.8203155,-0.30178684,0.007944961,0.00891893,0.009930944,0,0.08,-1.01,273.37
01:01.6,0,100,0,0,0,0,0,0,0,0,0.000468153,-0.006465701,0.001111655,-0.1724149,-0.01383654,-9.821834,-0.29500512,0.007860568,0.008935393,0.009940136,0,0.08,-1.01,273.37
01:01.6,0,100,0,0,0,0,0,0,0,0,0.000864418,-0.005853784,0.00074542,-0.17071395,-0.01391973,-9.8200195,-0.2882234,0.007776175,0.008951856,0.009949327,0,0.08,-1.01,273.37
01:01.6,0,100,0,0,0,0,0,0,0,0,0.001260683,-0.005241866,0.000379185,-0.169013,-0.01400292,-9.818205,-0.246402748,0.007968408,0.009036122,0.009903772,0,0.08,-1.01,273.372
01:01.6,0,100,0,0,0,0,0,0,0,0,0.00063938,-0.003726752,0.000301932,-0.1754813,-0.011234422,-9.8108685,-0.204582096,0.008160641,0.009120388,0.009858217,0,0.08,-1.01,273.374
01:01.7,0,100,0,0,0,0,0,0,0,0,1.81E-05,-0.002211637,0.000224679,-0.1819496,-0.008465924,-9.803532,-0.162761444,0.008352874,0.009204655,0.009812662,0,0.08,-1.01,273.376
01:01.7,0,100,0,0,0,0,0,0,0,0,0.000285543,-0.003483453,0.000408705,-0.17663995,-0.010294227,-9.813146,-0.120940792,0.008545107,0.009288921,0.009767107,0,0.08,-1.01,273.378
01:01.7,0,100,0,0,0,0,0,0,0,0,0.000553009,-0.004755268,0.000592731,-0.1713303,-0.01212253,-9.82276,-0.07912014,0.00873734,0.009373187,0.009721552,0,0.08,-1.01,273.38
01:01.7,0,100,0,0,0,0,0,0,0,0,0.000552805,-0.004678584,0.000725057,-0.1717365,-0.014204075,-9.8202135,-0.105116752,0.009059716,0.00950506,0.010340072,0,0.08,-1.01,273.38
01:01.7,0,100,0,0,0,0,0,0,0,0,0.0005526,-0.004601899,0.000857382,-0.1721427,-0.01628562,-9.817667,-0.131113364,0.009382092,0.009636932,0.010958591,0,0.08,-1.01,273.38
01:01.8,0,100,0,0,0,0,0,0,0,0,0.001045949,-0.005249356,0.000627829,-0.17130535,-0.013005584,-9.8176985,-0.157109976,0.009704468,0.009768805,0.011577111,0,0.08,-1.01,273.38
01:01.8,0,100,0,0,0,0,0,0,0,0,0.001539299,-0.005896812,0.000398277,-0.170468,-0.009725548,-9.81773,-0.183106588,0.010026844,0.009900677,0.01219563,0,0.08,-1.01,273.38
01:01.8,0,100,0,0,0,0,0,0,0,0,9.88E-05,-0.004941238,-0.000573402,-0.176608,-0.001800928,-9.8172465,-0.2091032,0.01034922,0.01003255,0.01281415,0,0.08,-1.01,273.38
01:01.8,0,100,0,0,0,0,0,0,0,0,-0.001341672,-0.003985663,-0.001545081,-0.182748,0.006123693,-9.816763,-0.18875802,0.020362286,0.020248972,0.023911682,0,0.08,-1.01,273.38
01:01.8,0,100,0,0,0,0,0,0,0,0,-0.000106153,-0.003537881,0.00028217,-0.1813662,0.004828169,-9.809692,-0.16841284,0.030375352,0.030465394,0.035009214,0,0.08,-1.01,273.38
01:01.9,0,100,0,0,0,0,0,0,0,0,0.001129366,-0.003090099,0.002109422,-0.1799844,0.003532644,-9.802621,-0.14806766,0.040388418,0.040681816,0.046106746,0,0.08,-1.01,273.38
01:01.9,0,100,0,0,0,0,0,0,0,0,0.002068263,-0.004761007,0.001648737,-0.17223445,-0.006671608,-9.811004,-0.12772248,0.050401484,0.050898238,0.057204278,0,0.08,-1.01,273.38
01:01.9,0,100,0,0,0,0,0,0,0,0,0.00300716,-0.006431915,0.001188052,-0.1644845,-0.01687586,-9.819387,-0.1073773,0.06041455,0.06111466,0.06830181,0,0.08,-1.01,273.38
01:01.9,0,100,0,0,0,0,0,0,0,0,0.001485362,-0.005251669,0.000755213,-0.16864925,-0.015894835,-9.8207985,-0.12094076,0.059402048,0.061768676,0.06912951,0,0.08,-1.01,273.38
01:01.9,0,100,0,0,0,0,0,0,0,0,-3.64E-05,-0.004071423,0.000322375,-0.172814,-0.01491381,-9.82221,-0.13450422,0.058389546,0.062422692,0.06995721,0,0.08,-1.01,273.38
01:02.0,0,100,0,0,0,0,0,0,0,0,0.000891395,-0.004175352,-0.000316801,-0.1696717,-0.011910168,-9.8207335,-0.14806768,0.057377044,0.063076708,0.07078491,0,0.08,-1.01,273.38
01:02.0,0,100,0,0,0,0,0,0,0,0,0.001819226,-0.004279281,-0.000955977,-0.1665294,-0.008906526,-9.819257,-0.16163114,0.056364542,0.063730724,0.07161261,0,0.08,-1.01,273.38
01:02.0,0,100,0,0,0,0,0,0,0,0,0.001582551,-0.005729479,-0.001731854,-0.17796685,-0.014222013,-9.8076665,-0.1751946,0.05535204,0.06438474,0.07244031,0,0.08,-1.01,273.38
01:02.0,0,100,0,0,0,0,0,0,0,0,0.001345875,-0.007179676,-0.00250773,-0.1894043,-0.0195375,-9.796076,-0.22379698,0.046524074,0.054155598,0.062009812,0,0.08,-1.01,273.38
01:02.0,0,100,0,0,0,0,0,0,0,0,0.000713323,-0.004665714,-0.001605968,-0.18137885,-0.01919854,-9.794043,-0.27239936,0.037696108,0.043926456,0.051579314,0,0.08,-1.01,273.38
01:02.1,0,100,0,0,0,0,0,0,0,0,8.08E-05,-0.002151752,-0.000704206,-0.1733534,-0.01885958,-9.79201,-0.32100174,0.028868142,0.033697314,0.041148816,0,0.08,-1.01,273.38
01:02.1,0,100,0,0,0,0,0,0,0,0,0.000791159,-0.003751748,0.000161808,-0.17120805,-0.01580648,-9.8074515,-0.36960412,0.020040176,0.023468172,0.030718318,0,0.08,-1.01,273.38
01:02.1,0,100,0,0,0,0,0,0,0,0,0.001501547,-0.005351743,0.001027823,-0.1690627,-0.01275338,-9.822893,-0.4182065,0.01121221,0.01323903,0.02028782,0,0.08,-1.01,273.38
01:02.1,0,100,0,0,0,0,0,0,0,0,0.000959406,-0.005855006,1.26E-05,-0.17143475,-0.01509334,-9.8249765,-0.36734354,0.011189824,0.013164554,0.020387076,0,0.08,-1.01,273.38
01:02.1,0,100,0,0,0,0,0,0,0,0,0.000417266,-0.006358269,-0.001002544,-0.1738068,-0.0174333,-9.82706,-0.31648058,0.011167438,0.013090078,0.020486332,0,0.08,-1.01,273.38
01:02.2,0,100,0,0,0,0,0,0,0,0,0.000730836,-0.006017389,0.000137052,-0.168917,-0.015341145,-9.8211545,-0.26561762,0.011145052,0.013015602,0.020585588,0,0.08,-1.01,273.38
01:02.2,0,100,0,0,0,0,0,0,0,0,0.001044406,-0.005676509,0.001276648,-0.1640272,-0.01324899,-9.815249,-0.21475466,0.011122666,0.012941126,0.020684844,0,0.08,-1.01,273.38
01:02.2,0,100,0,0,0,0,0,0,0,0,0.000540025,-0.005970342,0.000491683,-0.16834665,-0.0146661,-9.814937,-0.1638917,0.01110028,0.01286665,0.0207841,0,0.08,-1.01,273.38
01:02.2,0,100,0,0,0,0,0,0,0,0,3.56E-05,-0.006264175,-0.000293283,-0.1726661,-0.01608321,-9.814625,-0.17745516,0.011093596,0.012969302,0.020044746,0,0.08,-1.01,273.38
01:02.2,0,100,0,0,0,0,0,0,0,0,0.000525981,-0.006429687,0.000338447,-0.16903825,-0.01625326,-9.8181935,-0.19101862,0.011086912,0.013071954,0.019305392,0,0.08,-1.01,273.38
01:02.3,0,100,0,0,0,0,0,0,0,0,0.001016319,-0.006595199,0.000970176,-0.1654104,-0.01642331,-9.821762,-0.20458208,0.011080228,0.013174606,0.018566038,0,0.08,-1.01,273.38
01:02.3,0,100,0,0,0,0,0,0,0,0,0.000731938,-0.005690895,0.000717273,-0.16972185,-0.014700585,-9.8234885,-0.21814554,0.011073544,0.013277258,0.017826684,0,0.08,-1.01,273.38
01:02.3,0,100,0,0,0,0,0,0,0,0,0.000447557,-0.00478659,0.000464369,-0.1740333,-0.01297786,-9.825215,-0.231709,0.01106686,0.01337991,0.01708733,0,0.08,-1.01,273.38
01:02.3,0,100,0,0,0,0,0,0,0,0,0.000554514,-0.005222554,0.000917123,-0.1718073,-0.01409362,-9.8223535,-0.23283928,0.01095024,0.013077532,0.016872534,0,0.08,-1.01,273.38
01:02.3,0,100,0,0,0,0,0,0,0,0,0.000661472,-0.005658518,0.001369877,-0.1695813,-0.01520938,-9.819492,-0.23396956,0.01083362,0.012775154,0.016657738,0,0.08,-1.01,273.38
01:02.4,0,100,0,0,0,0,0,0,0,0,0.001260953,-0.005409366,0.000593867,-0.1713933,-0.012176979,-9.8190065,-0.23509984,0.010717,0.012472776,0.016442942,0,0.08,-1.01,273.38
01:02.4,0,100,0,0,0,0,0,0,0,0,0.001860433,-0.005160214,-0.000182143,-0.1732053,-0.009144578,-9.818521,-0.23623012,0.01060038,0.012170398,0.016228146,0,0.08,-1.01,273.38
01:02.4,0,100,0,0,0,0,0,0,0,0,0.001725967,-0.001830624,0.00032095,-0.17559135,-0.005805805,-9.805956,-0.2373604,0.01048376,0.01186802,0.01601335,0,0.08,-1.01,273.38
01:02.4,0,100,0,0,0,0,0,0,0,0,0.0015915,0.001498966,0.000824042,-0.1779774,-0.002467031,-9.793391,-0.207972926,0.01019804,0.011775668,0.015516614,0,0.08,-1.01,273.38
01:02.4,0,100,0,0,0,0,0,0,0,0,0.001220543,-0.002363428,0.001030644,-0.17417945,-0.007720031,-9.8063095,-0.178585452,0.00991232,0.011683316,0.015019878,0,0.08,-1.01,273.38
01:02.5,0,100,0,0,0,0,0,0,0,0,0.000849586,-0.006225822,0.001237245,-0.1703815,-0.01297303,-9.819228,-0.149197978,0.009626601,0.011590964,0.014523142,0,0.08,-1.01,273.38
01:02.5,0,100,0,0,0,0,0,0,0,0,0.00088795,-0.005816815,0.00091706,-0.17393865,-0.01308722,-9.8217585,-0.119810504,0.009340881,0.011498612,0.014026406,0,0.08,-1.01,273.38
01:02.5,0,100,0,0,0,0,0,0,0,0,0.000926315,-0.005407807,0.000596875,-0.1774958,-0.01320141,-9.824289,-0.09042303,0.009055161,0.01140626,0.01352967,0,0.08,-1.01,273.38
01:02.5,0,100,0,0,0,0,0,0,0,0,0.000853966,-0.00536668,0.000662936,-0.174125,-0.01550277,-9.8231555,-0.133373964,0.009243485,0.011501988,0.012995852,0,0.08,-1.01,273.382
01:02.5,0,100,0,0,0,0,0,0,0,0,0.000781616,-0.005325553,0.000728997,-0.1707542,-0.01780413,-9.822022,-0.176324898,0.009431809,0.011597716,0.012462034,0,0.08,-1.01,273.384
01:02.6,0,100,0,0,0,0,0,0,0,0,-0.000702168,-0.001300354,0.000215797,-0.17544615,-0.013621632,-9.822627,-0.219275832,0.009620134,0.011693444,0.011928216,0,0.08,-1.01,273.386
01:02.6,0,100,0,0,0,0,0,0,0,0,-0.002185952,0.002724846,-0.000297402,-0.1801381,-0.009439134,-9.823232,-0.262226766,0.009808458,0.011789172,0.011394398,0,0.08,-1.01,273.388
01:02.6,0,100,0,0,0,0,0,0,0,0,0.000906112,0.003753946,0.000308476,-0.17955075,-0.011443747,-9.810068,-0.3051777,0.009996782,0.0118849,0.01086058,0,0.08,-1.01,273.39
01:02.6,0,100,0,0,0,0,0,0,0,0,0.003998177,0.004783046,0.000914355,-0.1789634,-0.01344836,-9.796904,-0.2780508,0.01990563,0.02207603,0.022949614,0,0.08,-1.01,273.39
01:02.6,0,100,0,0,0,0,0,0,0,0,0.002338607,0.000208882,0.000421612,-0.1753732,-0.01201314,-9.808391,-0.2509239,0.029814477,0.03226716,0.035038648,0,0.08,-1.01,273.39
01:02.7,0,100,0,0,0,0,0,0,0,0,0.000679036,-0.004365281,-7.11E-05,-0.171783,-0.01057792,-9.819878,-0.223797,0.039723325,0.04245829,0.047127682,0,0.08,-1.01,273.39
01:02.7,0,100,0,0,0,0,0,0,0,0,0.001234195,-0.005277847,-0.000207356,-0.1703094,-0.01320421,-9.820243,-0.1966701,0.049632172,0.05264942,0.059216716,0,0.08,-1.01,273.39
01:02.7,0,100,0,0,0,0,0,0,0,0,0.001789354,-0.006190413,-0.000343583,-0.1688358,-0.0158305,-9.820608,-0.1695432,0.05954102,0.06284055,0.07130575,0,0.08,-1.01,273.39
01:02.7,0,100,0,0,0,0,0,0,0,0,0.001085979,-0.005825136,-0.000459213,-0.16977685,-0.014605565,-9.8200715,-0.17519464,0.059530632,0.063101812,0.070852002,0,0.08,-1.01,273.39
01:02.7,0,100,0,0,0,0,0,0,0,0,0.000382604,-0.005459859,-0.000574843,-0.1707179,-0.01338063,-9.819535,-0.18084608,0.059520244,0.063363074,0.070398254,0,0.08,-1.01,273.39
01:02.8,0,100,0,0,0,0,0,0,0,0,0.00080575,-0.005786229,0.000360185,-0.1710458,-0.01342981,-9.820253,-0.18649752,0.059509856,0.063624336,0.069944506,0,0.08,-1.01,273.39
01:02.8,0,100,0,0,0,0,0,0,0,0,0.001228896,-0.006112598,0.001295212,-0.1713737,-0.01347899,-9.820971,-0.19214896,0.059499468,0.063885598,0.069490758,0,0.08,-1.01,273.39
01:02.8,0,100,0,0,0,0,0,0,0,0,0.001162526,-0.005696875,0.000711209,-0.1717629,-0.012832,-9.8200725,-0.1978004,0.05948908,0.06414686,0.06903701,0,0.08,-1.01,273.39
01:02.8,0,100,0,0,0,0,0,0,0,0,0.001096156,-0.005281151,0.000127206,-0.1721521,-0.01218501,-9.819174,-0.22266672,0.049258155,0.053094456,0.057320542,0,0.08,-1.01,273.39
01:02.8,0,100,0,0,0,0,0,0,0,0,-0.000997895,-0.007336456,-0.001928052,-0.17315895,-0.011467585,-9.812566,-0.24753304,0.03902723,0.042042052,0.045604074,0,0.08,-1.01,273.39
01:02.9,0,100,0,0,0,0,0,0,0,0,-0.003091946,-0.009391761,-0.003983309,-0.1741658,-0.01075016,-9.805958,-0.27239936,0.028796304,0.030989647,0.033887606,0,0.08,-1.01,273.39
01:02.9,0,100,0,0,0,0,0,0,0,0,-0.001276781,-0.007341243,-0.002018923,-0.1710181,-0.012309285,-9.812324,-0.29726568,0.018565379,0.019937243,0.022171138,0,0.08,-1.01,273.39
01:02.9,0,100,0,0,0,0,0,0,0,0,0.000538384,-0.005290725,-5.45E-05,-0.1678704,-0.01386841,-9.81869,-0.322132,0.008334454,0.008884839,0.01045467,0,0.08,-1.01,273.39
01:02.9,0,100,0,0,0,0,0,0,0,0,0.000813248,-0.004989151,0.000518868,-0.1691639,-0.01410669,-9.8190315,-0.28935366,0.008282185,0.009034518,0.010386816,0,0.08,-1.01,273.39
01:02.9,0,100,0,0,0,0,0,0,0,0,0.001088113,-0.004687577,0.001092273,-0.1704574,-0.01434497,-9.819373,-0.25657532,0.008229916,0.009184197,0.010318962,0,0.08,-1.01,273.39
01:03.0,0,100,0,0,0,0,0,0,0,0,0.00072951,-0.004542148,0.000777169,-0.16857525,-0.013308535,-9.818695,-0.22379698,0.008177648,0.009333877,0.010251108,0,0.08,-1.01,273.39
01:03.0,0,100,0,0,0,0,0,0,0,0,0.000370907,-0.004396718,0.000462065,-0.1666931,-0.0122721,-9.818017,-0.19101864,0.008125379,0.009483556,0.010183254,0,0.08,-1.01,273.39
01:03.0,0,100,0,0,0,0,0,0,0,0,-0.001113898,0.000654817,-0.001467601,-0.17378205,-0.01446014,-9.80798,-0.1582403,0.00807311,0.009633235,0.0101154,0,0.08,-1.01,273.39
01:03.0,0,100,0,0,0,0,0,0,0,0,-0.002598704,0.005706352,-0.003397268,-0.180871,-0.01664818,-9.797943,-0.20684268,0.008037152,0.009752608,0.009987795,0,0.08,-1.01,273.39
01:03.0,0,100,0,0,0,0,0,0,0,0,-0.000523398,0.000256098,-0.001691798,-0.17534255,-0.014369825,-9.8124335,-0.25544506,0.008001194,0.009871981,0.00986019,0,0.08,-1.01,273.39
01:03.1,0,100,0,0,0,0,0,0,0,0,0.001551907,-0.005194157,1.37E-05,-0.1698141,-0.01209147,-9.826924,-0.30404744,0.007965235,0.009991354,0.009732584,0,0.08,-1.01,273.39
01:03.1,0,100,0,0,0,0,0,0,0,0,0.001664323,-0.005847046,0.000303848,-0.1711731,-0.013066475,-9.8223215,-0.35264982,0.007929277,0.010110727,0.009604979,0,0.08,-1.01,273.39
01:03.1,0,100,0,0,0,0,0,0,0,0,0.001776738,-0.006499934,0.000594023,-0.1725321,-0.01404148,-9.817719,-0.4012522,0.007893319,0.0102301,0.009477374,0,0.08,-1.01,273.39
01:03.1,0,100,0,0,0,0,0,0,0,0,0.001319136,-0.00598246,0.000551367,-0.1707257,-0.014051565,-9.8186335,-0.3820373,0.008080656,0.01013086,0.009927437,0,0.08,-1.01,273.39
01:03.1,0,100,0,0,0,0,0,0,0,0,0.000861535,-0.005464986,0.000508711,-0.1689193,-0.01406165,-9.819548,-0.3628224,0.008267993,0.010031621,0.0103775,0,0.08,-1.01,273.39
01:03.2,0,100,0,0,0,0,0,0,0,0,0.001425418,-0.00516369,0.000533635,-0.1675446,-0.013247295,-9.8196565,-0.3436075,0.008455329,0.009932381,0.010827564,0,0.08,-1.01,273.39
01:03.2,0,100,0,0,0,0,0,0,0,0,0.001989301,-0.004862393,0.000558559,-0.1661699,-0.01243294,-9.819765,-0.3243926,0.008642666,0.009833142,0.011277627,0,0.08,-1.01,273.39
01:03.2,0,100,0,0,0,0,0,0,0,0,0.000771929,0.000122504,-0.000583274,-0.177946,-0.008324202,-9.8130865,-0.3051777,0.008830003,0.009733902,0.01172769,0,0.08,-1.01,273.39
01:03.2,0,100,0,0,0,0,0,0,0,0,-0.000445443,0.005107401,-0.001725107,-0.1897221,-0.004215464,-9.806408,-0.27579022,0.008627205,0.009793648,0.011684818,0,0.08,-1.01,273.39
01:03.2,0,100,0,0,0,0,0,0,0,0,0.000301315,0.00069089,-0.000860243,-0.17968105,-0.007494597,-9.8116495,-0.24640274,0.008424406,0.009853393,0.011641946,0,0.08,-1.01,273.39
01:03.3,0,100,0,0,0,0,0,0,0,0,0.001048073,-0.003725621,4.62E-06,-0.16964,-0.01077373,-9.816891,-0.21701526,0.008221608,0.009913139,0.011599074,0,0.08,-1.01,273.39
01:03.3,0,100,0,0,0,0,0,0,0,0,0.001450365,-0.00493986,0.000468409,-0.1699905,-0.013257845,-9.8177385,-0.18762778,0.008018809,0.009972884,0.011556202,0,0.08,-1.01,273.39
01:03.3,0,100,0,0,0,0,0,0,0,0,0.001852657,-0.006154099,0.000932196,-0.170341,-0.01574196,-9.818586,-0.1582403,0.007816011,0.01003263,0.01151333,0,0.08,-1.01,273.39
01:03.3,0,100,0,0,0,0,0,0,0,0,0.001541381,-0.005532137,0.000345394,-0.1690879,-0.01497312,-9.819992,-0.19214894,0.007937622,0.010050636,0.01131442,0,0.08,-1.01,273.39
01:03.3,0,100,0,0,0,0,0,0,0,0,0.001230105,-0.004910176,-0.000241408,-0.1678348,-0.01420428,-9.821398,-0.22605758,0.008059232,0.010068642,0.01111551,0,0.08,-1.01,273.39
01:03.4,0,100,0,0,0,0,0,0,0,0,-0.000843942,6.97E-07,0.000635636,-0.1781172,-0.008860702,-9.8149415,-0.25996622,0.008180843,0.010086648,0.0109166,0,0.08,-1.01,273.39
01:03.4,0,100,0,0,0,0,0,0,0,0,-0.002917989,0.00491157,0.001512679,-0.1883996,-0.003517123,-9.808485,-0.29387486,0.008302453,0.010104654,0.01071769,0,0.08,-1.01,273.39
01:03.4,0,100,0,0,0,0,0,0,0,0,-0.002951041,0.000949754,0.002734375,-0.188006,-0.006342892,-9.810931,-0.3277835,0.008424064,0.01012266,0.01051878,0,0.08,-1.01,273.39
01:03.4,0,100,0,0,0,0,0,0,0,0,-0.002984093,-0.003012062,0.003956071,-0.1876124,-0.009168662,-9.813377,-0.29726572,0.008523416,0.010137564,0.01110036,0,0.08,-1.01,273.39
01:03.4,0,100,0,0,0,0,0,0,0,0,-0.00101642,-0.003852963,0.001796692,-0.17880745,-0.013652881,-9.8148615,-0.26674794,0.008622768,0.010152468,0.01168194,0,0.08,-1.01,273.39
01:03.5,0,100,0,0,0,0,0,0,0,0,0.000951253,-0.004693864,-0.000362688,-0.1700025,-0.0181371,-9.816346,-0.23623016,0.008722121,0.010167372,0.01226352,0,0.08,-1.01,273.39
01:03.5,0,100,0,0,0,0,0,0,0,0,0.001106028,-0.004665614,-1.22E-05,-0.1713448,-0.016958515,-9.8143325,-0.20571238,0.008821473,0.010182276,0.0128451,0,0.08,-1.01,273.39
01:03.5,0,100,0,0,0,0,0,0,0,0,0.001260803,-0.004637363,0.000338358,-0.1726871,-0.01577993,-9.812319,-0.1751946,0.008920825,0.01019718,0.01342668,0,0.08,-1.01,273.39
01:03.5,0,100,0,0,0,0,0,0,0,0,0.001650813,-0.00487329,8.19E-05,-0.17292445,-0.016100615,-9.813958,-0.17745518,0.018368422,0.020196516,0.024753024,0,0.08,-1.01,273.39
01:03.5,0,100,0,0,0,0,0,0,0,0,0.002040823,-0.005109217,-0.000174461,-0.1731618,-0.0164213,-9.815597,-0.17971576,0.027816019,0.030195852,0.036079368,0,0.08,-1.01,273.39
01:03.6,0,100,0,0,0,0,0,0,0,0,0.00169062,-0.005119856,-9.01E-05,-0.17279645,-0.01645763,-9.8158225,-0.18197634,0.037263616,0.040195188,0.047405712,0,0.08,-1.01,273.39
01:03.6,0,100,0,0,0,0,0,0,0,0,0.001340417,-0.005130494,-5.67E-06,-0.1724311,-0.01649396,-9.816048,-0.18423692,0.046711213,0.050194524,0.058732056,0,0.08,-1.01,273.39
01:03.6,0,100,0,0,0,0,0,0,0,0,0.001493513,-0.003056757,-0.0010385,-0.17989235,-0.007155706,-9.8101135,-0.1864975,0.05615881,0.06019386,0.0700584,0,0.08,-1.01,273.39
01:03.6,0,100,0,0,0,0,0,0,0,0,0.001646608,-0.00098302,-0.002071328,-0.1873536,0.002182548,-9.804179,-0.18423692,0.046659379,0.050207096,0.058122682,0,0.08,-1.01,273.39
01:03.6,0,100,0,0,0,0,0,0,0,0,0.001263708,-0.003067282,-0.000864178,-0.17829295,-0.004337176,-9.8085515,-0.18197634,0.037159948,0.040220332,0.046186964,0,0.08,-1.01,273.39
01:03.7,0,100,0,0,0,0,0,0,0,0,0.000880809,-0.005151543,0.000342971,-0.1692323,-0.0108569,-9.812924,-0.17971576,0.027660517,0.030233568,0.034251246,0,0.08,-1.01,273.39
01:03.7,0,100,0,0,0,0,0,0,0,0,0.001135889,-0.005347374,5.22E-05,-0.1686058,-0.01353322,-9.813139,-0.17745518,0.018161086,0.020246804,0.022315528,0,0.08,-1.01,273.39
01:03.7,0,100,0,0,0,0,0,0,0,0,0.001390969,-0.005543205,-0.000238473,-0.1679793,-0.01620954,-9.813354,-0.1751946,0.008661655,0.01026004,0.01037981,0,0.08,-1.01,273.39
01:03.7,0,100,0,0,0,0,0,0,0,0,0.001299453,-0.005374261,-0.000244778,-0.16750225,-0.01534931,-9.81285,-0.19553978,0.008796803,0.010365634,0.010298571,0,0.08,-1.008,273.39
01:03.7,0,100,0,0,0,0,0,0,0,0,0.001207936,-0.005205317,-0.000251082,-0.1670252,-0.01448908,-9.812346,-0.21588496,0.008931951,0.010471228,0.010217332,0,0.08,-1.006,273.39
01:03.8,0,100,0,0,0,0,0,0,0,0,0.000745024,-0.005234264,4.49E-05,-0.16834055,-0.014449005,-9.81359,-0.23623014,0.009067098,0.010576822,0.010136093,0,0.08,-1.004,273.39
01:03.8,0,100,0,0,0,0,0,0,0,0,0.000282113,-0.00526321,0.000340972,-0.1696559,-0.01440893,-9.814834,-0.25657532,0.009202246,0.010682416,0.010054854,0,0.08,-1.002,273.39
01:03.8,0,100,0,0,0,0,0,0,0,0,-0.000717382,-0.005210106,-0.001034368,-0.1751039,-0.009196475,-9.813131,-0.2769205,0.009337394,0.01078801,0.009973615,0,0.08,-1,273.39
01:03.8,0,100,0,0,0,0,0,0,0,0,-0.001716876,-0.005157002,-0.002409708,-0.1805519,-0.003984019,-9.811428,-0.238490718,0.009221039,0.010652332,0.009979618,0,0.08,-1,273.39
01:03.8,0,100,0,0,0,0,0,0,0,0,-0.000284239,-0.005296901,-0.001472031,-0.17560905,-0.011056935,-9.812741,-0.200060936,0.009104683,0.010516654,0.009985621,0,0.08,-1,273.39
01:03.9,0,100,0,0,0,0,0,0,0,0,0.001148398,-0.005436799,-0.000534354,-0.1706662,-0.01812985,-9.814054,-0.161631154,0.008988328,0.010380976,0.009991624,0,0.08,-1,273.39
01:03.9,0,100,0,0,0,0,0,0,0,0,0.001198216,-0.004946407,-7.25E-05,-0.1702099,-0.01512572,-9.8130375,-0.123201372,0.008871972,0.010245298,0.009997627,0,0.08,-1,273.39
01:03.9,0,100,0,0,0,0,0,0,0,0,0.001248033,-0.004456014,0.000389451,-0.1697536,-0.01212159,-9.812021,-0.08477159,0.008755617,0.01010962,0.01000363,0,0.08,-1,273.39
01:03.9,0,100,0,0,0,0,0,0,0,0,0.001403696,-0.004871901,-0.000112697,-0.1701124,-0.011282875,-9.813205,-0.097204752,0.0086117,0.009866217,0.01026117,0,0.08,-1,273.39
01:03.9,0,100,0,0,0,0,0,0,0,0,0.001559358,-0.005287787,-0.000614844,-0.1704712,-0.01044416,-9.814389,-0.109637914,0.008467782,0.009622814,0.01051871,0,0.08,-1,273.39
01:04.0,0,100,0,0,0,0,0,0,0,0,0.001100576,-0.005167373,-1.17E-05,-0.17118755,-0.01130977,-9.8146975,-0.122071076,0.008323865,0.009379411,0.01077625,0,0.08,-1,273.39
01:04.0,0,100,0,0,0,0,0,0,0,0,0.000641795,-0.005046958,0.000591484,-0.1719039,-0.01217538,-9.815006,-0.134504238,0.008179947,0.009136008,0.01103379,0,0.08,-1,273.39
01:04.0,0,100,0,0,0,0,0,0,0,0,6.36E-05,-0.002681297,-0.000338741,-0.17947415,-0.010070597,-9.8115095,-0.1469374,0.00803603,0.008892605,0.01129133,0,0.08,-1,273.39
01:04.0,0,100,0,0,0,0,0,0,0,0,-0.000514615,-0.000315637,-0.001268967,-0.1870444,-0.007965813,-9.808013,-0.15371914,0.008138858,0.009022048,0.011597758,0,0.08,-1,273.39
01:04.0,0,100,0,0,0,0,0,0,0,0,-0.000205357,-0.002455645,-0.000458119,-0.17872745,-0.011823347,-9.81213,-0.16050088,0.008241686,0.009151491,0.011904186,0,0.08,-1,273.39
01:04.1,0,100,0,0,0,0,0,0,0,0,0.000103901,-0.004595654,0.00035273,-0.1704105,-0.01568088,-9.816247,-0.16728262,0.008344514,0.009280934,0.012210614,0,0.08,-1,273.39
01:04.1,0,100,0,0,0,0,0,0,0,0,0.000500288,-0.005487347,0.000557381,-0.1697428,-0.01289218,-9.8129045,-0.17406436,0.008447342,0.009410377,0.012517042,0,0.08,-1,273.39
01:04.1,0,100,0,0,0,0,0,0,0,0,0.000896675,-0.00637904,0.000762032,-0.1690751,-0.01010348,-9.809562,-0.1808461,0.00855017,0.00953982,0.01282347,0,0.08,-1,273.39
01:04.1,0,100,0,0,0,0,0,0,0,0,0.00086552,-0.006642315,0.000172237,-0.1718561,-0.011293405,-9.809841,-0.19667012,0.00876339,0.009656612,0.012803798,0,0.08,-1,273.39
01:04.1,0,100,0,0,0,0,0,0,0,0,0.000834366,-0.00690559,-0.000417557,-0.1746371,-0.01248333,-9.81012,-0.21249414,0.00897661,0.009773404,0.012784126,0,0.08,-1,273.39
01:04.2,0,100,0,0,0,0,0,0,0,0,0.001154085,-0.006734631,7.09E-05,-0.170557,-0.011868115,-9.811256,-0.22831816,0.009189829,0.009890196,0.012764454,0,0.08,-1,273.39
01:04.2,0,100,0,0,0,0,0,0,0,0,0.001473805,-0.006563673,0.000559268,-0.1664769,-0.0112529,-9.812392,-0.24414218,0.009403049,0.010006988,0.012744782,0,0.08,-1,273.39
01:04.2,0,100,0,0,0,0,0,0,0,0,0.001738623,-0.006333891,0.000293308,-0.17000165,-0.012550975,-9.814326,-0.2599662,0.009616269,0.01012378,0.01272511,0,0.08,-1,273.39
01:04.2,0,100,0,0,0,0,0,0,0,0,0.002003442,-0.006104109,2.73E-05,-0.1735264,-0.01384905,-9.81626,-0.24527246,0.019087461,0.022060212,0.024971196,0,0.08,-1,273.39
01:04.2,0,100,0,0,0,0,0,0,0,0,0.00121756,-0.00573326,0.000378355,-0.1714309,-0.012120445,-9.813064,-0.23057872,0.028558653,0.033996644,0.037217282,0,0.08,-1,273.39
01:04.3,0,100,0,0,0,0,0,0,0,0,0.000431677,-0.005362411,0.000729361,-0.1693354,-0.01039184,-9.809868,-0.21588498,0.038029846,0.045933076,0.049463368,0,0.08,-1,273.39
01:04.3,0,100,0,0,0,0,0,0,0,0,0.000630802,-0.004992029,0.000356692,-0.1716225,-0.012796505,-9.810317,-0.20119124,0.047501038,0.057869508,0.061709454,0,0.08,-1,273.39
01:04.3,0,100,0,0,0,0,0,0,0,0,0.000829928,-0.004621646,-1.60E-05,-0.1739096,-0.01520117,-9.810766,-0.1864975,0.05697223,0.06980594,0.07395554,0,0.08,-1,273.39
01:04.3,0,100,0,0,0,0,0,0,0,0,0.001033386,-0.005228823,-9.86E-05,-0.16958915,-0.0141161,-9.812606,-0.19101864,0.057332954,0.069020944,0.074061218,0,0.08,-1,273.39
01:04.3,0,100,0,0,0,0,0,0,0,0,0.001236845,-0.005836,-0.000181289,-0.1652687,-0.01303103,-9.814446,-0.19553978,0.057693678,0.068235948,0.074166896,0,0.08,-1,273.39
01:04.4,0,100,0,0,0,0,0,0,0,0,-0.000451118,8.16E-05,-0.001138408,-0.17551475,-0.00445212,-9.8044405,-0.20006092,0.058054402,0.067450952,0.074272574,0,0.08,-1,273.39
01:04.4,0,100,0,0,0,0,0,0,0,0,-0.002139082,0.005999201,-0.002095526,-0.1857608,0.00412679,-9.794435,-0.20458206,0.058415126,0.066665956,0.074378252,0,0.08,-1,273.39
01:04.4,0,100,0,0,0,0,0,0,0,0,-0.001547945,0.001275267,-0.000231464,-0.1847343,0.001089713,-9.8035355,-0.2091032,0.05877585,0.06588096,0.07448393,0,0.08,-1,273.39
01:04.4,0,100,0,0,0,0,0,0,0,0,-0.000956807,-0.003448667,0.001632597,-0.1837078,-0.001947364,-9.812636,-0.2000609,0.048800736,0.054822142,0.06190263,0,0.08,-1,273.388
01:04.4,0,100,0,0,0,0,0,0,0,0,-0.000287903,-0.004149277,0.000602131,-0.1773393,-0.006896582,-9.810834,-0.1910186,0.038825622,0.043763324,0.04932133,0,0.08,-1,273.386
01:04.5,0,100,0,0,0,0,0,0,0,0,0.000381001,-0.004849888,-0.000428336,-0.1709708,-0.0118458,-9.809032,-0.1819763,0.028850509,0.032704506,0.03674003,0,0.08,-1,273.384
01:04.5,0,100,0,0,0,0,0,0,0,0,0.000956253,-0.0048356,-0.000102551,-0.17145965,-0.01487542,-9.81133,-0.172934,0.018875395,0.021645688,0.02415873,0,0.08,-1,273.382
01:04.5,0,100,0,0,0,0,0,0,0,0,0.001531504,-0.004821312,0.000223233,-0.1719485,-0.01790504,-9.813628,-0.1638917,0.008900281,0.01058687,0.01157743,0,0.08,-1,273.38
01:04.5,0,100,0,0,0,0,0,0,0,0,0.001297866,-0.004725178,0.000508751,-0.1716086,-0.016006035,-9.814862,-0.1740643,0.008781541,0.010477824,0.011713476,0,0.08,-1,273.38
01:04.5,0,100,0,0,0,0,0,0,0,0,0.001064227,-0.004629043,0.000794268,-0.1712687,-0.01410703,-9.816096,-0.1842369,0.008662802,0.010368778,0.011849522,0,0.08,-1,273.38
01:04.6,0,100,0,0,0,0,0,0,0,0,0.001423723,-0.005292583,0.000243261,-0.1721782,-0.014227455,-9.814792,-0.1944095,0.008544062,0.010259732,0.011985568,0,0.08,-1,273.38
01:04.6,0,100,0,0,0,0,0,0,0,0,0.001783218,-0.005956122,-0.000307747,-0.1730877,-0.01434788,-9.813488,-0.2045821,0.008425323,0.010150686,0.012121614,0,0.08,-1,273.38
01:04.6,0,100,0,0,0,0,0,0,0,0,0.000460947,-0.002962247,5.01E-05,-0.1802283,-0.010799831,-9.810572,-0.2147547,0.008306583,0.01004164,0.01225766,0,0.08,-1,273.38
01:04.6,0,100,0,0,0,0,0,0,0,0,-0.000861324,3.16E-05,0.000407985,-0.1873689,-0.007251781,-9.807656,-0.2147547,0.00873366,0.01007407,0.012242266,0,0.08,-1,273.38
01:04.6,0,100,0,0,0,0,0,0,0,0,-0.000365528,-0.003327736,0.000401399,-0.17882675,-0.012627446,-9.8101095,-0.2147547,0.009160738,0.0101065,0.012226872,0,0.08,-1,273.38
01:04.7,0,100,0,0,0,0,0,0,0,0,0.000130269,-0.0066871,0.000394814,-0.1702846,-0.01800311,-9.812563,-0.2147547,0.009587815,0.01013893,0.012211478,0,0.08,-1,273.38
01:04.7,0,100,0,0,0,0,0,0,0,0,0.000499968,-0.006315374,6.43E-05,-0.1688127,-0.01553782,-9.8146845,-0.2147547,0.010014893,0.01017136,0.012196084,0,0.08,-1,273.38
01:04.7,0,100,0,0,0,0,0,0,0,0,0.000869667,-0.005943648,-0.000266274,-0.1673408,-0.01307253,-9.816806,-0.2147547,0.01044197,0.01020379,0.01218069,0,0.08,-1,273.38
01:04.7,0,100,0,0,0,0,0,0,0,0,0.000597543,-0.006562849,0.000171457,-0.16840555,-0.014010225,-9.816919,-0.186497502,0.010073925,0.010501804,0.011872894,0,0.08,-1,273.38
01:04.7,0,100,0,0,0,0,0,0,0,0,0.000325419,-0.007182049,0.000609187,-0.1694703,-0.01494792,-9.817032,-0.158240304,0.009705879,0.010799818,0.011565098,0,0.08,-1,273.38
01:04.8,0,100,0,0,0,0,0,0,0,0,-1.42E-05,-0.003641694,0.002364738,-0.172388,-0.007315054,-9.8132175,-0.129983106,0.009337834,0.011097832,0.011257302,0,0.08,-1,273.38
01:04.8,0,100,0,0,0,0,0,0,0,0,-0.000353828,-0.000101339,0.004120288,-0.1753057,0.000317812,-9.809403,-0.101725908,0.008969788,0.011395846,0.010949506,0,0.08,-1,273.38
01:04.8,0,100,0,0,0,0,0,0,0,0,0.001403013,0.000215973,0.001717348,-0.17731685,-0.005644319,-9.7998805,-0.07346871,0.008601743,0.01169386,0.01064171,0,0.08,-1,273.38
01:04.8,0,100,0,0,0,0,0,0,0,0,0.003159853,0.000533285,-0.000685592,-0.179328,-0.01160645,-9.790358,-0.085901868,0.008536799,0.01141484,0.010729206,0,0.08,-1,273.38
01:04.8,0,100,0,0,0,0,0,0,0,0,0.00245048,-0.001898609,0.000250519,-0.17553385,-0.01291685,-9.8010655,-0.098335026,0.008471855,0.01113582,0.010816702,0,0.08,-1,273.38
01:04.9,0,100,0,0,0,0,0,0,0,0,0.001741106,-0.004330503,0.001186629,-0.1717397,-0.01422725,-9.811773,-0.110768184,0.008406912,0.0108568,0.010904198,0,0.08,-1,273.38
01:04.9,0,100,0,0,0,0,0,0,0,0,0.001766638,-0.004588359,5.78E-05,-0.1718514,-0.01353695,-9.8155535,-0.123201342,0.008341968,0.01057778,0.010991694,0,0.08,-1,273.38
01:04.9,0,100,0,0,0,0,0,0,0,0,0.00179217,-0.004846215,-0.001071109,-0.1719631,-0.01284665,-9.819334,-0.1356345,0.008277024,0.01029876,0.01107919,0,0.08,-1,273.38
01:04.9,0,100,0,0,0,0,0,0,0,0,0.00130914,-0.005509005,-0.000141256,-0.17074425,-0.013702465,-9.819183,-0.15597968,0.008346997,0.010409432,0.010901468,0,0.08,-1,273.38
01:04.9,0,100,0,0,0,0,0,0,0,0,0.000826109,-0.006171795,0.000788598,-0.1695254,-0.01455828,-9.819032,-0.17632486,0.00841697,0.010520104,0.010723746,0,0.08,-1,273.38
01:05.0,0,100,0,0,0,0,0,0,0,0,0.001028423,-0.005443036,0.000413215,-0.17040585,-0.01379711,-9.8163,-0.19667004,0.008486943,0.010630776,0.010546024,0,0.08,-1,273.38
01:05.0,0,100,0,0,0,0,0,0,0,0,0.001230737,-0.004714276,3.78E-05,-0.1712863,-0.01303594,-9.813568,-0.21701522,0.008556916,0.010741448,0.010368302,0,0.08,-1,273.38
01:05.0,0,100,0,0,0,0,0,0,0,0,0.000750885,-0.002570022,-0.001455463,-0.1784561,0.00308852,-9.8113015,-0.2373604,0.008626889,0.01085212,0.01019058,0,0.08,-1,273.38
01:05.0,0,100,0,0,0,0,0,0,0,0,0.000271033,-0.000425768,-0.002948758,-0.1856259,0.01921298,-9.809035,-0.23170896,0.008762324,0.010936682,0.010082011,0,0.08,-1,273.38
01:05.0,0,100,0,0,0,0,0,0,0,0,0.000909709,-0.003070803,-0.001245342,-0.17759165,0.003463455,-9.811945,-0.22605752,0.008897759,0.011021244,0.009973441,0,0.08,-1,273.38
01:05.1,0,100,0,0,0,0,0,0,0,0,0.001548385,-0.005715837,0.000458074,-0.1695574,-0.01228607,-9.814855,-0.22040608,0.009033193,0.011105806,0.009864872,0,0.08,-1,273.38
01:05.1,0,100,0,0,0,0,0,0,0,0,0.001741301,-0.006158795,0.000825508,-0.1704887,-0.01254765,-9.814115,-0.21475464,0.009168628,0.011190368,0.009756302,0,0.08,-1,273.38
01:05.1,0,100,0,0,0,0,0,0,0,0,0.001934216,-0.006601753,0.001192941,-0.17142,-0.01280923,-9.813375,-0.2091032,0.009304063,0.01127493,0.009647733,0,0.08,-1,273.38
01:05.1,0,100,0,0,0,0,0,0,0,0,0.001637652,-0.006019663,0.000640528,-0.1725453,-0.012499035,-9.815454,-0.21588494,0.018995248,0.021496404,0.021847108,0,0.08,-1,273.38
01:05.1,0,100,0,0,0,0,0,0,0,0,0.001341087,-0.005437573,8.81E-05,-0.1736706,-0.01218884,-9.817533,-0.22266668,0.028686434,0.031717878,0.034046484,0,0.08,-1,273.38
01:05.2,0,100,0,0,0,0,0,0,0,0,0.001168505,-0.003861807,0.002330543,-0.1759196,-0.013027085,-9.8091855,-0.22944842,0.038377619,0.041939352,0.046245859,0,0.08,-1,273.38
01:05.2,0,100,0,0,0,0,0,0,0,0,0.000995924,-0.00228604,0.004572971,-0.1781686,-0.01386533,-9.800838,-0.23623016,0.048068805,0.052160826,0.058445235,0,0.08,-1,273.38
01:05.2,0,100,0,0,0,0,0,0,0,0,0.000995847,-0.00344671,0.001919534,-0.1744331,-0.01542221,-9.8086165,-0.2430119,0.05775999,0.0623823,0.07064461,0,0.08,-1,273.38
01:05.2,0,100,0,0,0,0,0,0,0,0,0.00099577,-0.00460738,-0.000733902,-0.1706976,-0.01697909,-9.816395,-0.2430119,0.04783366,0.05166902,0.058490853,0,0.08,-1,273.378
01:05.2,0,100,0,0,0,0,0,0,0,0,0.00140534,-0.00430247,-0.000425326,-0.1687386,-0.01562657,-9.815749,-0.2430119,0.037907331,0.04095574,0.046337097,0,0.08,-1,273.376
01:05.3,0,100,0,0,0,0,0,0,0,0,0.00181491,-0.00399756,-0.00011675,-0.1667796,-0.01427405,-9.815103,-0.2430119,0.027981001,0.030242461,0.03418334,0,0.08,-1,273.374
01:05.3,0,100,0,0,0,0,0,0,0,0,0.001128821,-0.004455568,-0.000115531,-0.1675743,-0.015228525,-9.815595,-0.2430119,0.018054672,0.019529181,0.022029584,0,0.08,-1,273.372
01:05.3,0,100,0,0,0,0,0,0,0,0,0.000442732,-0.004913576,-0.000114311,-0.168369,-0.016183,-9.816087,-0.2430119,0.008128342,0.008815901,0.009875827,0,0.08,-1,273.37
01:05.3,0,100,0,0,0,0,0,0,0,0,0.000882615,-0.004304263,8.46E-05,-0.16871835,-0.016135665,-9.815853,-0.25431478,0.007998511,0.008920179,0.009805839,0,0.08,-1,273.37
01:05.3,0,100,0,0,0,0,0,0,0,0,0.001322499,-0.00369495,0.000283444,-0.1690677,-0.01608833,-9.815619,-0.26561766,0.00786868,0.009024457,0.009735851,0,0.08,-1,273.37
01:05.4,0,100,0,0,0,0,0,0,0,0,0.001328158,-0.004494389,0.000430653,-0.17016,-0.0170169,-9.8136175,-0.27692054,0.00773885,0.009128736,0.009665864,0,0.08,-1,273.37
01:05.4,0,100,0,0,0,0,0,0,0,0,0.001333817,-0.005293827,0.000577862,-0.1712523,-0.01794547,-9.811616,-0.28822342,0.007609019,0.009233014,0.009595876,0,0.08,-1,273.37
01:05.4,0,100,0,0,0,0,0,0,0,0,0.000686545,-0.004905543,0.000426331,-0.17278275,-0.016459175,-9.812218,-0.2995263,0.007479188,0.009337292,0.009525888,0,0.08,-1,273.37
01:05.4,0,100,0,0,0,0,0,0,0,0,3.93E-05,-0.004517259,0.0002748,-0.1743132,-0.01497288,-9.81282,-0.298396,0.007745251,0.009240093,0.009342932,0,0.08,-1,273.37
01:05.4,0,100,0,0,0,0,0,0,0,0,0.000598369,-0.004934531,0.000537932,-0.1703685,-0.01334246,-9.814048,-0.2972657,0.008011315,0.009142894,0.009159976,0,0.08,-1,273.37
01:05.5,0,100,0,0,0,0,0,0,0,0,0.001157465,-0.005351802,0.000801064,-0.1664238,-0.01171204,-9.815276,-0.2961354,0.008277378,0.009045694,0.008977021,0,0.08,-1,273.37
01:05.5,0,100,0,0,0,0,0,0,0,0,0.00116626,-0.004674966,0.000271792,-0.1682231,-0.012315275,-9.815655,-0.2950051,0.008543442,0.008948495,0.008794065,0,0.08,-1,273.37
01:05.5,0,100,0,0,0,0,0,0,0,0,0.001175054,-0.00399813,-0.00025748,-0.1700224,-0.01291851,-9.816034,-0.2938748,0.008809505,0.008851296,0.008611109,0,0.08,-1,273.37
01:05.5,0,100,0,0,0,0,0,0,0,0,-0.001225139,1.64E-05,0.000444016,-0.1750114,-0.012506045,-9.8109875,-0.30178682,0.008709208,0.008797306,0.008615173,0,0.08,-1,273.37
01:05.5,0,100,0,0,0,0,0,0,0,0,-0.003625331,0.004030838,0.001145512,-0.1800004,-0.01209358,-9.805941,-0.30969884,0.008608911,0.008743316,0.008619238,0,0.08,-1,273.37
01:05.6,0,100,0,0,0,0,0,0,0,0,-0.001241012,-0.000954709,0.000699819,-0.1760388,-0.014245325,-9.8116285,-0.31761086,0.008508615,0.008689326,0.008623302,0,0.08,-1,273.37
01:05.6,0,100,0,0,0,0,0,0,0,0,0.001143308,-0.005940255,0.000254126,-0.1720772,-0.01639707,-9.817316,-0.32552288,0.008408318,0.008635336,0.008627367,0,0.08,-1,273.37
01:05.6,0,100,0,0,0,0,0,0,0,0,0.001221496,-0.005645364,-2.97E-06,-0.17063165,-0.01583812,-9.8145385,-0.3334349,0.008308021,0.008581346,0.008631431,0,0.08,-1,273.37
01:05.6,0,100,0,0,0,0,0,0,0,0,0.001299684,-0.005350473,-0.00026006,-0.1691861,-0.01527917,-9.811761,-0.3232623,0.008222019,0.00850568,0.008743407,0,0.08,-1,273.37
01:05.6,0,100,0,0,0,0,0,0,0,0,0.001325802,-0.004684729,-2.52E-05,-0.17169315,-0.01528006,-9.8133425,-0.3130897,0.008136017,0.008430015,0.008855384,0,0.08,-1,273.37
01:05.7,0,100,0,0,0,0,0,0,0,0,0.00135192,-0.004018984,0.000209632,-0.1742002,-0.01528095,-9.814924,-0.3029171,0.008050014,0.008354349,0.00896736,0,0.08,-1,273.37
01:05.7,0,100,0,0,0,0,0,0,0,0,0.001580715,-0.002934674,-0.001826212,-0.17446055,-0.01341119,-9.806347,-0.2927445,0.007964012,0.008278684,0.009079337,0,0.08,-1,273.37
01:05.7,0,100,0,0,0,0,0,0,0,0,0.001809509,-0.001850365,-0.003862055,-0.1747209,-0.01154143,-9.79777,-0.2825719,0.00787801,0.008203018,0.009191313,0,0.08,-1,273.37
01:05.7,0,100,0,0,0,0,0,0,0,0,0.00022502,-0.002313576,0.000252862,-0.1831391,-0.01083437,-9.8049215,-0.28144162,0.008007225,0.008524712,0.0094258,0,0.08,-1,273.372
01:05.7,0,100,0,0,0,0,0,0,0,0,-0.001359469,-0.002776787,0.00436778,-0.1915573,-0.01012731,-9.812073,-0.28031134,0.00813644,0.008846407,0.009660288,0,0.08,-1,273.374
01:05.8,0,100,0,0,0,0,0,0,0,0,-0.000133095,-0.003844428,0.002090584,-0.1810725,-0.01146036,-9.8150945,-0.27918106,0.008265654,0.009168101,0.009894775,0,0.08,-1,273.376
01:05.8,0,100,0,0,0,0,0,0,0,0,0.001093279,-0.004912069,-0.000186611,-0.1705877,-0.01279341,-9.818116,-0.27805078,0.008394869,0.009489796,0.010129263,0,0.08,-1,273.378
01:05.8,0,100,0,0,0,0,0,0,0,0,0.000779944,-0.004907831,1.81E-06,-0.17041405,-0.015929265,-9.816401,-0.2769205,0.008524084,0.00981149,0.01036375,0,0.08,-1,273.38
01:05.8,0,100,0,0,0,0,0,0,0,0,0.00046661,-0.004903593,0.000190222,-0.1702404,-0.01906512,-9.814686,-0.2769205,0.017908175,0.020773,0.023090974,0,0.08,-1,273.38
01:05.8,0,100,0,0,0,0,0,0,0,0,0.000736314,-0.004909358,-9.25E-05,-0.17027785,-0.01720781,-9.81458,-0.2769205,0.027292266,0.03173451,0.035818198,0,0.08,-1,273.38
01:05.9,0,100,0,0,0,0,0,0,0,0,0.001006019,-0.004915122,-0.000375139,-0.1703153,-0.0153505,-9.814474,-0.2769205,0.036676358,0.04269602,0.048545422,0,0.08,-1,273.38
01:05.9,0,100,0,0,0,0,0,0,0,0,0.000362457,-0.004712935,0.000454396,-0.1713932,-0.01670699,-9.816372,-0.2769205,0.046060449,0.05365753,0.061272646,0,0.08,-1,273.38
01:05.9,0,100,0,0,0,0,0,0,0,0,-0.000281105,-0.004510749,0.001283931,-0.1724711,-0.01806348,-9.81827,-0.2769205,0.05544454,0.06461904,0.07399987,0,0.08,-1,273.38
01:05.9,0,100,0,0,0,0,0,0,0,0,0.000151918,-0.004658872,0.000721023,-0.1718115,-0.015653935,-9.8172535,-0.2678782,0.046196959,0.05383602,0.061396236,0,0.08,-1,273.378
01:05.9,0,100,0,0,0,0,0,0,0,0,0.00058494,-0.004806995,0.000158116,-0.1711519,-0.01324439,-9.816237,-0.2588359,0.036949378,0.043053,0.048792602,0,0.08,-1,273.376
01:06.0,0,100,0,0,0,0,0,0,0,0,-0.00068332,-0.002162335,-0.001265304,-0.1784016,-0.0086592,-9.808542,-0.2497936,0.027701798,0.03226998,0.036188968,0,0.08,-1,273.374
01:06.0,0,100,0,0,0,0,0,0,0,0,-0.00195158,0.000482325,-0.002688724,-0.1856513,-0.00407401,-9.800847,-0.2407513,0.018454217,0.02148696,0.023585334,0,0.08,-1,273.372
01:06.0,0,100,0,0,0,0,0,0,0,0,-0.000197952,-0.002343677,-0.001027154,-0.17719945,-0.008862615,-9.8064685,-0.231709,0.009206636,0.01070394,0.0109817,0,0.08,-1,273.37
01:06.0,0,100,0,0,0,0,0,0,0,0,0.001555676,-0.005169679,0.000634417,-0.1687476,-0.01365122,-9.81209,-0.23509986,0.008991709,0.010371201,0.010902142,0,0.08,-1,273.37
01:06.0,0,100,0,0,0,0,0,0,0,0,0.000921852,-0.005559075,0.000349414,-0.16833815,-0.014252145,-9.8117035,-0.23849072,0.008776782,0.010038461,0.010822584,0,0.08,-1,273.37
01:06.1,0,100,0,0,0,0,0,0,0,0,0.000288029,-0.00594847,6.44E-05,-0.1679287,-0.01485307,-9.811317,-0.24188158,0.008561854,0.009705722,0.010743026,0,0.08,-1,273.37
01:06.1,0,100,0,0,0,0,0,0,0,0,0.000451175,-0.005381468,9.32E-05,-0.16941055,-0.015410185,-9.812873,-0.24527244,0.008346927,0.009372982,0.010663468,0,0.08,-1,273.37
01:06.1,0,100,0,0,0,0,0,0,0,0,0.000614321,-0.004814465,0.000121894,-0.1708924,-0.0159673,-9.814429,-0.2486633,0.008132,0.009040243,0.01058391,0,0.08,-1,273.37
01:06.1,0,100,0,0,0,0,0,0,0,0,0.000326095,-0.004886106,0.000718029,-0.17152325,-0.012663716,-9.8129045,-0.23283928,0.00805576,0.008959952,0.010445415,0,0.08,-1,273.37
01:06.1,0,100,0,0,0,0,0,0,0,0,3.79E-05,-0.004957746,0.001314164,-0.1721541,-0.009360132,-9.81138,-0.21701526,0.00797952,0.008879661,0.01030692,0,0.08,-1,273.37
01:06.2,0,100,0,0,0,0,0,0,0,0,0.000176433,-0.004721391,0.000858043,-0.17092955,-0.010985021,-9.8129655,-0.20119124,0.00790328,0.00879937,0.010168425,0,0.08,-1,273.37
01:06.2,0,100,0,0,0,0,0,0,0,0,0.000314997,-0.004485035,0.000401921,-0.169705,-0.01260991,-9.814551,-0.18536722,0.00782704,0.008719079,0.01002993,0,0.08,-1,273.37
01:06.2,0,100,0,0,0,0,0,0,0,0,0.001100854,-0.005028498,0.00044047,-0.1679309,-0.013946895,-9.8143965,-0.1695432,0.0077508,0.008638788,0.009891435,0,0.08,-1,273.37
01:06.2,0,100,0,0,0,0,0,0,0,0,0.001886711,-0.005571961,0.000479018,-0.1661568,-0.01528388,-9.814242,-0.2057124,0.007845073,0.008667469,0.009754564,0,0.08,-0.998,273.37
01:06.2,0,100,0,0,0,0,0,0,0,0,0.001147651,-0.00490081,0.000693988,-0.1673805,-0.01492644,-9.8152345,-0.2418816,0.007939346,0.008696149,0.009617694,0,0.08,-0.996,273.37
01:06.3,0,100,0,0,0,0,0,0,0,0,0.000408592,-0.004229659,0.000908957,-0.1686042,-0.014569,-9.816227,-0.2780508,0.008033619,0.00872483,0.009480823,0,0.08,-0.994,273.37
01:06.3,0,100,0,0,0,0,0,0,0,0,0.00063741,-0.00467163,0.000561337,-0.1706406,-0.014129635,-9.816199,-0.31422,0.008127892,0.00875351,0.009343953,0,0.08,-0.992,273.37
01:06.3,0,100,0,0,0,0,0,0,0,0,0.000866228,-0.005113601,0.000213718,-0.172677,-0.01369027,-9.816171,-0.3503892,0.008222165,0.008782191,0.009207082,0,0.08,-0.99,273.37
01:06.3,0,100,0,0,0,0,0,0,0,0,-0.00032137,-0.003222642,-0.000625773,-0.17668585,-0.01197107,-9.8095275,-0.322132,0.008224829,0.008837626,0.009269711,0,0.08,-0.992,273.37
01:06.3,0,100,0,0,0,0,0,0,0,0,-0.001508967,-0.001331683,-0.001465264,-0.1806947,-0.01025187,-9.802884,-0.2938748,0.008227493,0.00889306,0.009332339,0,0.08,-0.994,273.37
01:06.4,0,100,0,0,0,0,0,0,0,0,-0.000330649,-0.003603667,-0.000639815,-0.1763802,-0.013271735,-9.808805,-0.2656176,0.008230156,0.008948495,0.009394968,0,0.08,-0.996,273.37
01:06.4,0,100,0,0,0,0,0,0,0,0,0.000847668,-0.00587565,0.000185635,-0.1720657,-0.0162916,-9.814726,-0.2373604,0.00823282,0.009003929,0.009457596,0,0.08,-0.998,273.37
01:06.4,0,100,0,0,0,0,0,0,0,0,0.001258112,-0.006666011,0.000508109,-0.1712538,-0.01421087,-9.8150325,-0.2091032,0.008235484,0.009059364,0.009520225,0,0.08,-1,273.37
01:06.4,0,100,0,0,0,0,0,0,0,0,0.001668555,-0.007456371,0.000830583,-0.1704419,-0.01213014,-9.815339,-0.24188156,0.008344488,0.0091603,0.009386821,0,0.08,-1,273.37
01:06.4,0,100,0,0,0,0,0,0,0,0,0.001481095,-0.006057306,0.000409004,-0.17071805,-0.011108995,-9.815596,-0.27465992,0.008453491,0.009261237,0.009253417,0,0.08,-1,273.37
01:06.5,0,100,0,0,0,0,0,0,0,0,0.001293634,-0.004658241,-1.26E-05,-0.1709942,-0.01008785,-9.815853,-0.30743828,0.008562495,0.009362173,0.009120014,0,0.08,-1,273.37
01:06.5,0,100,0,0,0,0,0,0,0,0,-0.002027555,-0.002616734,-0.000389753,-0.1794179,-0.0102356,-9.8015525,-0.34021664,0.008671498,0.00946311,0.00898661,0,0.08,-1,273.37
01:06.5,0,100,0,0,0,0,0,0,0,0,-0.005348744,-0.000575227,-0.00076693,-0.1878416,-0.01038335,-9.787252,-0.372995,0.008780502,0.009564046,0.008853206,0,0.08,-1,273.37
01:06.5,0,100,0,0,0,0,0,0,0,0,-0.003967993,0.001515883,0.001569505,-0.181952,-0.006262736,-9.789794,-0.37864644,0.008717794,0.009537716,0.009179369,0,0.08,-1,273.37
01:06.5,0,100,0,0,0,0,0,0,0,0,-0.002587241,0.003606993,0.003905941,-0.1760624,-0.002142122,-9.792336,-0.38429788,0.008655086,0.009511387,0.009505532,0,0.08,-1,273.37
01:06.6,0,100,0,0,0,0,0,0,0,0,-0.000490215,-0.000735915,0.001481741,-0.17295975,-0.007315116,-9.8045775,-0.38994932,0.008592377,0.009485057,0.009831694,0,0.08,-1,273.37
01:06.6,0,100,0,0,0,0,0,0,0,0,0.001606811,-0.005078823,-0.000942459,-0.1698571,-0.01248811,-9.816819,-0.39560076,0.008529669,0.009458728,0.010157857,0,0.08,-1,273.37
01:06.6,0,100,0,0,0,0,0,0,0,0,0.001482057,-0.005246736,2.93E-05,-0.17032865,-0.013007965,-9.815502,-0.4012522,0.008466961,0.009432398,0.01048402,0,0.08,-1,273.37
01:06.6,0,100,0,0,0,0,0,0,0,0,0.001357302,-0.005414648,0.001001028,-0.1708002,-0.01352782,-9.814185,-0.35717098,0.018314935,0.021211322,0.023121814,0,0.08,-1,273.37
01:06.6,0,100,0,0,0,0,0,0,0,0,0.001362662,-0.005564863,0.000620401,-0.1724112,-0.01427299,-9.81373,-0.31308976,0.028162909,0.032990247,0.035759608,0,0.08,-1,273.37
01:06.7,0,100,0,0,0,0,0,0,0,0,0.001368022,-0.005715078,0.000239774,-0.1740222,-0.01501816,-9.813275,-0.26900854,0.038010882,0.044769171,0.048397402,0,0.08,-1,273.37
01:06.7,0,100,0,0,0,0,0,0,0,0,0.001035372,-0.005767316,9.94E-05,-0.1712634,-0.013928475,-9.815593,-0.22492732,0.047858856,0.056548096,0.061035196,0,0.08,-1,273.37
01:06.7,0,100,0,0,0,0,0,0,0,0,0.000702723,-0.005819554,-4.10E-05,-0.1685046,-0.01283879,-9.817911,-0.1808461,0.05770683,0.06832702,0.07367299,0,0.08,-1,273.37
01:06.7,0,100,0,0,0,0,0,0,0,0,-0.000164126,-0.0011752,-0.001833783,-0.1742808,-0.005336292,-9.8131405,-0.19667012,0.047689591,0.056213009,0.060742028,0,0.08,-1,273.37
01:06.7,0,100,0,0,0,0,0,0,0,0,-0.001030975,0.003469155,-0.003626523,-0.180057,0.002166207,-9.80837,-0.21249414,0.037672353,0.044098997,0.047811066,0,0.08,-1,273.37
01:06.8,0,100,0,0,0,0,0,0,0,0,8.87E-05,-0.000733524,-0.001468589,-0.17588485,-0.006958632,-9.8114865,-0.22831816,0.027655114,0.031984986,0.034880104,0,0.08,-1,273.37
01:06.8,0,100,0,0,0,0,0,0,0,0,0.001208439,-0.004936204,0.000689345,-0.1717127,-0.01608347,-9.814603,-0.24414218,0.017637876,0.019870974,0.021949142,0,0.08,-1,273.37
01:06.8,0,100,0,0,0,0,0,0,0,0,0.00147038,-0.004853346,0.000469619,-0.17009235,-0.01431696,-9.8149885,-0.2599662,0.007620637,0.007756963,0.00901818,0,0.08,-1,273.37
01:06.8,0,100,0,0,0,0,0,0,0,0,0.001732321,-0.004770487,0.000249894,-0.168472,-0.01255045,-9.815374,-0.2418816,0.007682356,0.007967137,0.009430448,0,0.08,-1,273.37
01:06.8,0,100,0,0,0,0,0,0,0,0,0.000708682,-0.004681959,-1.23E-05,-0.1710144,-0.013859775,-9.8140965,-0.223797,0.007744075,0.00817731,0.009842716,0,0.08,-1,273.37
01:06.9,0,100,0,0,0,0,0,0,0,0,-0.000314957,-0.004593431,-0.000274582,-0.1735568,-0.0151691,-9.812819,-0.2057124,0.007805795,0.008387484,0.010254984,0,0.08,-1,273.37
01:06.9,0,100,0,0,0,0,0,0,0,0,7.10E-05,-0.005165824,-1.59E-05,-0.17203275,-0.013813645,-9.8141075,-0.1876278,0.007867514,0.008597657,0.010667252,0,0.08,-1,273.37
01:06.9,0,100,0,0,0,0,0,0,0,0,0.000456953,-0.005738216,0.000242815,-0.1705087,-0.01245819,-9.815396,-0.1695432,0.007929233,0.008807831,0.01107952,0,0.08,-1,273.37
01:06.9,0,100,0,0,0,0,0,0,0,0,-4.74E-05,-0.005634401,-0.000195876,-0.1737909,-0.011735765,-9.8090485,-0.16728262,0.008129885,0.009266045,0.011414514,0,0.08,-1,273.37
01:06.9,0,100,0,0,0,0,0,0,0,0,-0.000551831,-0.005530586,-0.000634567,-0.1770731,-0.01101334,-9.802701,-0.16502204,0.008330538,0.009724259,0.011749508,0,0.08,-1,273.37
01:07.0,0,100,0,0,0,0,0,0,0,0,-0.000332251,-0.005288598,-0.000261292,-0.17200955,-0.01319278,-9.8111055,-0.16276146,0.00853119,0.010182472,0.012084502,0,0.08,-1,273.37
01:07.0,0,100,0,0,0,0,0,0,0,0,-0.000112672,-0.005046609,0.000111983,-0.166946,-0.01537222,-9.81951,-0.16050088,0.008731843,0.010640686,0.012419496,0,0.08,-1,273.37
01:07.0,0,100,0,0,0,0,0,0,0,0,0.000380701,-0.005847709,0.00081735,-0.1692296,-0.01491484,-9.8189105,-0.1582403,0.008932495,0.0110989,0.01275449,0,0.08,-1,273.37
01:07.0,0,100,0,0,0,0,0,0,0,0,0.000874073,-0.006648808,0.001522716,-0.1715132,-0.01445746,-9.818311,-0.16050088,0.008994168,0.011395368,0.012884606,0,0.08,-1,273.37
01:07.0,0,100,0,0,0,0,0,0,0,0,0.000875032,-0.005577449,0.00091593,-0.17164575,-0.012484865,-9.8169285,-0.16276146,0.009055842,0.011691836,0.013014722,0,0.08,-1,273.37
01:07.1,0,100,0,0,0,0,0,0,0,0,0.000875991,-0.004506089,0.000309144,-0.1717783,-0.01051227,-9.815546,-0.16502204,0.009117515,0.011988304,0.013144838,0,0.08,-1,273.37
01:07.1,0,100,0,0,0,0,0,0,0,0,0.000970712,-0.004778419,9.35E-05,-0.1675886,-0.013056315,-9.8189545,-0.16728262,0.009179189,0.012284772,0.013274954,0,0.08,-1,273.37
01:07.1,0,100,0,0,0,0,0,0,0,0,0.001065433,-0.005050749,-0.000122159,-0.1633989,-0.01560036,-9.822363,-0.1695432,0.009240862,0.01258124,0.01340507,0,0.08,-1,273.37
01:07.1,0,100,0,0,0,0,0,0,0,0,0.002660559,-0.00290511,-3.82E-05,-0.1740392,-0.012314447,-9.807458,-0.16502204,0.00933759,0.012564546,0.013539932,0,0.08,-0.998,273.37
01:07.1,0,100,0,0,0,0,0,0,0,0,0.004255685,-0.000759471,4.57E-05,-0.1846795,-0.009028533,-9.792553,-0.16050088,0.009434318,0.012547852,0.013674794,0,0.08,-0.996,273.37
01:07.2,0,100,0,0,0,0,0,0,0,0,0.002375567,-0.003448449,0.000197376,-0.1773575,-0.012506427,-9.8075665,-0.15597972,0.009531046,0.012531158,0.013809656,0,0.08,-0.994,273.37
01:07.2,0,100,0,0,0,0,0,0,0,0,0.000495449,-0.006137428,0.000349041,-0.1700355,-0.01598432,-9.82258,-0.15145856,0.009627774,0.012514464,0.013944518,0,0.08,-0.992,273.37
01:07.2,0,100,0,0,0,0,0,0,0,0,0.000704293,-0.005845603,0.000279621,-0.16823275,-0.01328495,-9.8217105,-0.1469374,0.009724502,0.01249777,0.01407938,0,0.08,-0.99,273.37
01:07.2,0,100,0,0,0,0,0,0,0,0,0.000913137,-0.005553778,0.000210201,-0.16643,-0.01058558,-9.820841,-0.1559797,0.009676051,0.012397004,0.013654888,0,0.08,-0.992,273.37
01:07.2,0,100,0,0,0,0,0,0,0,0,0.000752895,-0.005370808,0.000142421,-0.1686766,-0.011685375,-9.8202895,-0.165022,0.009627601,0.012296238,0.013230396,0,0.08,-0.994,273.37
01:07.3,0,100,0,0,0,0,0,0,0,0,0.000592654,-0.005187837,7.46E-05,-0.1709232,-0.01278517,-9.819738,-0.1740643,0.00957915,0.012195472,0.012805904,0,0.08,-0.996,273.37
01:07.3,0,100,0,0,0,0,0,0,0,0,0.001096924,-0.005010799,0.000575106,-0.16920105,-0.0134532,-9.8203545,-0.1831066,0.0095307,0.012094706,0.012381412,0,0.08,-0.998,273.37
01:07.3,0,100,0,0,0,0,0,0,0,0,0.001601195,-0.00483376,0.00107557,-0.1674789,-0.01412123,-9.820971,-0.1921489,0.009482249,0.01199394,0.01195692,0,0.08,-1,273.37
01:07.3,0,100,0,0,0,0,0,0,0,0,0.001147559,-0.004660309,0.000606699,-0.17226285,-0.015479385,-9.823082,-0.19553976,0.019217893,0.023368542,0.022664658,0,0.08,-1,273.368
01:07.3,0,100,0,0,0,0,0,0,0,0,0.000693923,-0.004486857,0.000137829,-0.1770468,-0.01683754,-9.825193,-0.19893062,0.028953537,0.034743144,0.033372396,0,0.08,-1,273.366
01:07.4,0,100,0,0,0,0,0,0,0,0,0.001091078,-0.004736164,0.000340621,-0.17101785,-0.01603775,-9.8227685,-0.20232148,0.038689182,0.046117746,0.044080134,0,0.08,-1,273.364
01:07.4,0,100,0,0,0,0,0,0,0,0,0.001488233,-0.004985471,0.000543413,-0.1649889,-0.01523796,-9.820344,-0.20571234,0.048424826,0.057492348,0.054787872,0,0.08,-1,273.362
01:07.4,0,100,0,0,0,0,0,0,0,0,0.001392188,-0.005913918,0.000376351,-0.16799635,-0.01373466,-9.819953,-0.2091032,0.05816047,0.06886695,0.06549561,0,0.08,-1,273.36
01:07.4,0,100,0,0,0,0,0,0,0,0,0.001296143,-0.006842365,0.00020929,-0.1710038,-0.01223136,-9.819562,-0.19440946,0.057888044,0.068463592,0.066678822,0,0.08,-1,273.36
01:07.4,0,100,0,0,0,0,0,0,0,0,0.001339116,-0.006839735,-0.0001438,-0.16849025,-0.01710719,-9.8203685,-0.17971572,0.057615618,0.068060234,0.067862034,0,0.08,-1,273.36
01:07.5,0,100,0,0,0,0,0,0,0,0,0.001382088,-0.006837105,-0.00049689,-0.1659767,-0.02198302,-9.821175,-0.16502198,0.057343192,0.067656876,0.069045246,0,0.08,-1,273.36
01:07.5,0,100,0,0,0,0,0,0,0,0,0.000623053,-0.005334215,0.000481143,-0.17446035,-0.012247534,-9.811478,-0.15032824,0.057070766,0.067253518,0.070228458,0,0.08,-1,273.36
01:07.5,0,100,0,0,0,0,0,0,0,0,-0.000135981,-0.003831326,0.001459175,-0.182944,-0.002512048,-9.801781,-0.1356345,0.05679834,0.06685016,0.07141167,0,0.08,-1,273.36
01:07.5,0,100,0,0,0,0,0,0,0,0,-0.000790852,0.000567998,0.000260591,-0.1790906,-0.007491664,-9.801908,-0.1367648,0.047651136,0.055855756,0.059694882,0,0.08,-1,273.36
01:07.5,0,100,0,0,0,0,0,0,0,0,-0.001445722,0.004967322,-0.000937992,-0.1752372,-0.01247128,-9.802035,-0.1378951,0.038503932,0.044861352,0.047978094,0,0.08,-1,273.36
01:07.6,0,100,0,0,0,0,0,0,0,0,-0.000161905,-0.000735197,-0.000235894,-0.1741439,-0.013359925,-9.8082975,-0.1390254,0.029356728,0.033866948,0.036261306,0,0.08,-1,273.36
01:07.6,0,100,0,0,0,0,0,0,0,0,0.001121913,-0.006437716,0.000466204,-0.1730506,-0.01424857,-9.81456,-0.1401557,0.020209524,0.022872544,0.024544518,0,0.08,-1,273.36
01:07.6,0,100,0,0,0,0,0,0,0,0,0.001006558,-0.006169935,0.000491029,-0.170581,-0.01256053,-9.8157345,-0.141286,0.01106232,0.01187814,0.01282773,0,0.08,-1,273.36
01:07.6,0,100,0,0,0,0,0,0,0,0,0.000891203,-0.005902154,0.000515855,-0.1681114,-0.01087249,-9.816909,-0.16954318,0.010849038,0.011944562,0.012634096,0,0.08,-0.998,273.36
01:07.6,0,100,0,0,0,0,0,0,0,0,0.000973431,-0.00561003,0.000208077,-0.1694543,-0.01135732,-9.8188205,-0.19780036,0.010635755,0.012010984,0.012440462,0,0.08,-0.996,273.36
01:07.7,0,100,0,0,0,0,0,0,0,0,0.00105566,-0.005317906,-9.97E-05,-0.1707972,-0.01184215,-9.820732,-0.22605754,0.010422473,0.012077406,0.012246828,0,0.08,-0.994,273.36
01:07.7,0,100,0,0,0,0,0,0,0,0,0.000812849,-0.004504797,0.000327173,-0.16958575,-0.01367589,-9.8187295,-0.25431472,0.01020919,0.012143828,0.012053194,0,0.08,-0.992,273.36
01:07.7,0,100,0,0,0,0,0,0,0,0,0.000570038,-0.003691687,0.000754048,-0.1683743,-0.01550963,-9.816727,-0.2825719,0.009995908,0.01221025,0.01185956,0,0.08,-0.99,273.36
01:07.7,0,100,0,0,0,0,0,0,0,0,0.00142653,0.001498854,0.001093143,-0.1702294,-0.008851347,-9.811643,-0.26900846,0.009675434,0.012110236,0.011909266,0,0.078,-0.992,273.36
01:07.7,0,100,0,0,0,0,0,0,0,0,0.002283022,0.006689395,0.001432238,-0.1720845,-0.002193063,-9.806559,-0.25544502,0.00935496,0.012010222,0.011958972,0,0.076,-0.994,273.36
01:07.8,0,100,0,0,0,0,0,0,0,0,0.001675037,0.000985528,0.000735345,-0.17143075,-0.009234727,-9.810999,-0.24188158,0.009034485,0.011910208,0.012008678,0,0.074,-0.996,273.36
01:07.8,0,100,0,0,0,0,0,0,0,0,0.001067052,-0.00471834,3.85E-05,-0.170777,-0.01627639,-9.815439,-0.22831814,0.008714011,0.011810194,0.012058384,0,0.072,-0.998,273.36
01:07.8,0,100,0,0,0,0,0,0,0,0,0.001271269,-0.004856833,-2.16E-05,-0.1691476,-0.016094655,-9.8179685,-0.2147547,0.008393537,0.01171018,0.01210809,0,0.07,-1,273.36
01:07.8,0,100,0,0,0,0,0,0,0,0,0.001475486,-0.004995325,-8.17E-05,-0.1675182,-0.01591292,-9.820498,-0.2136244,0.0087911,0.011366376,0.011820166,0,0.07,-1,273.36
01:07.8,0,100,0,0,0,0,0,0,0,0,0.001202722,-0.005685838,-0.000543358,-0.1700162,-0.01439891,-9.8192045,-0.2124941,0.009188662,0.011022572,0.011532242,0,0.07,-1,273.36
01:07.9,0,100,0,0,0,0,0,0,0,0,0.000929958,-0.006376351,-0.001005012,-0.1725142,-0.0128849,-9.817911,-0.2113638,0.009586225,0.010678768,0.011244318,0,0.07,-1,273.36
01:07.9,0,100,0,0,0,0,0,0,0,0,0.001223316,-0.005567619,-0.000141068,-0.1731642,-0.012511175,-9.8181895,-0.2102335,0.009983787,0.010334964,0.010956394,0,0.07,-1,273.36
01:07.9,0,100,0,0,0,0,0,0,0,0,0.001516674,-0.004758887,0.000722877,-0.1738142,-0.01213745,-9.818468,-0.2091032,0.01038135,0.00999116,0.01066847,0,0.07,-1,273.36
01:07.9,0,100,0,0,0,0,0,0,0,0,4.82E-05,-0.000564132,0.000490322,-0.17711415,-0.003602519,-9.808387,-0.20571234,0.010144616,0.010007678,0.010986496,0,0.07,-1,273.36
01:07.9,0,100,0,0,0,0,0,0,0,0,-0.001420344,0.003630624,0.000257766,-0.1804141,0.004932412,-9.798306,-0.20232148,0.009907882,0.010024196,0.011304522,0,0.07,-1,273.36
01:08.0,0,100,0,0,0,0,0,0,0,0,0.000298305,-0.000812922,-6.77E-05,-0.17391855,-0.003172019,-9.8067895,-0.19893062,0.009671149,0.010040714,0.011622548,0,0.07,-1,273.36
01:08.0,0,100,0,0,0,0,0,0,0,0,0.002016954,-0.005256469,-0.000393223,-0.167423,-0.01127645,-9.815273,-0.19553976,0.009434415,0.010057232,0.011940574,0,0.07,-1,273.36
01:08.0,0,100,0,0,0,0,0,0,0,0,0.001764767,-0.004690099,-4.41E-05,-0.1691625,-0.01409505,-9.817098,-0.1921489,0.009197681,0.01007375,0.0122586,0,0.07,-1,273.36
01:08.0,0,100,0,0,0,0,0,0,0,0,0.001512579,-0.00412373,0.000305117,-0.170902,-0.01691365,-9.818923,-0.1932792,0.009183532,0.009899305,0.012176066,0,0.07,-1,273.36
01:08.0,0,100,0,0,0,0,0,0,0,0,0.000972242,-0.004380718,0.000683904,-0.16927005,-0.015602245,-9.8189335,-0.1944095,0.009169382,0.00972486,0.012093532,0,0.07,-1,273.36
01:08.1,0,100,0,0,0,0,0,0,0,0,0.000431906,-0.004637706,0.00106269,-0.1676381,-0.01429084,-9.818944,-0.1955398,0.009155233,0.009550415,0.012010998,0,0.07,-1,273.36
01:08.1,0,100,0,0,0,0,0,0,0,0,0.00102624,-0.000766941,0.000424193,-0.17341755,-0.010374941,-9.8189945,-0.1966701,0.009141083,0.00937597,0.011928464,0,0.07,-1,273.36
01:08.1,0,100,0,0,0,0,0,0,0,0,0.001620575,0.003103825,-0.000214305,-0.179197,-0.006459041,-9.819045,-0.1978004,0.009126934,0.009201525,0.01184593,0,0.07,-1,273.36
01:08.1,0,100,0,0,0,0,0,0,0,0,-0.000856254,0.002364053,-0.001505397,-0.1781975,-0.007226215,-9.814886,-0.154849456,0.009622693,0.009900832,0.012176608,0,0.07,-1,273.358
01:08.1,0,100,0,0,0,0,0,0,0,0,-0.003333082,0.001624281,-0.002796489,-0.177198,-0.007993388,-9.810727,-0.111898512,0.010118452,0.010600139,0.012507286,0,0.07,-1,273.356
01:08.2,0,100,0,0,0,0,0,0,0,0,-0.001871418,-0.001435826,-0.001598608,-0.17183795,-0.008456996,-9.815225,-0.068947568,0.010614212,0.011299446,0.012837964,0,0.07,-1,273.354
01:08.2,0,100,0,0,0,0,0,0,0,0,-0.000409754,-0.004495932,-0.000400727,-0.1664779,-0.008920603,-9.819723,-0.025996624,0.011109971,0.011998753,0.013168642,0,0.07,-1,273.352
01:08.2,0,100,0,0,0,0,0,0,0,0,0.000279615,-0.005009252,1.21E-05,-0.17145905,-0.011928997,-9.818543,0.01695432,0.01160573,0.01269806,0.01349932,0,0.07,-1,273.35
01:08.2,0,100,0,0,0,0,0,0,0,0,0.000968984,-0.005522572,0.000424953,-0.1764402,-0.01493739,-9.817363,0.015824032,0.02033642,0.023435436,0.024769488,0,0.07,-1,273.35
01:08.2,0,100,0,0,0,0,0,0,0,0,0.001230253,-0.004734919,0.000481635,-0.17319225,-0.01459543,-9.8156915,0.014693744,0.02906711,0.034172812,0.036039656,0,0.07,-1,273.35
01:08.3,0,100,0,0,0,0,0,0,0,0,0.001491521,-0.003947266,0.000538317,-0.1699443,-0.01425347,-9.81402,0.013563456,0.0377978,0.044910188,0.047309824,0,0.07,-1,273.35
01:08.3,0,100,0,0,0,0,0,0,0,0,0.000216712,-0.001535972,-0.000610512,-0.1731,-0.011337531,-9.8124455,0.012433168,0.04652849,0.055647564,0.058579992,0,0.07,-1,273.35
01:08.3,0,100,0,0,0,0,0,0,0,0,-0.001058097,0.000875323,-0.001759341,-0.1762557,-0.008421592,-9.810871,0.01130288,0.05525918,0.06638494,0.06985016,0,0.07,-1,273.35
01:08.3,0,100,0,0,0,0,0,0,0,0,0.000400091,0.002168001,-0.000717832,-0.1801081,-0.007882443,-9.8076805,0.004521152,0.04622798,0.055078327,0.058205126,0,0.07,-1,273.35
01:08.3,0,100,0,0,0,0,0,0,0,0,0.001858279,0.00346068,0.000323677,-0.1839605,-0.007343294,-9.80449,-0.002260576,0.03719678,0.043771714,0.046560092,0,0.07,-1,273.35
01:08.4,0,100,0,0,0,0,0,0,0,0,0.001553179,-0.001172089,-0.000430816,-0.1743995,-0.011469182,-9.8120865,-0.009042304,0.02816558,0.0324651,0.034915058,0,0.07,-1,273.35
01:08.4,0,100,0,0,0,0,0,0,0,0,0.001248079,-0.005804858,-0.001185308,-0.1648385,-0.01559507,-9.819683,-0.015824032,0.01913438,0.021158487,0.023270024,0,0.07,-1,273.35
01:08.4,0,100,0,0,0,0,0,0,0,0,0.001112518,-0.00542361,-0.000755391,-0.1701039,-0.014670695,-9.818001,-0.02260576,0.01010318,0.009851874,0.01162499,0,0.07,-1,273.35
01:08.4,0,100,0,0,0,0,0,0,0,0,0.000976956,-0.005042362,-0.000325474,-0.1753693,-0.01374632,-9.816319,-0.028257198,0.010270332,0.010011251,0.011242923,0,0.07,-1,273.35
01:08.4,0,100,0,0,0,0,0,0,0,0,0.000321434,-0.004903109,-0.000297241,-0.17371945,-0.013759515,-9.8167885,-0.033908636,0.010437484,0.010170628,0.010860857,0,0.07,-1,273.35
01:08.5,0,100,0,0,0,0,0,0,0,0,-0.000334089,-0.004763856,-0.000269008,-0.1720696,-0.01377271,-9.817258,-0.039560074,0.010604636,0.010330006,0.01047879,0,0.07,-1,273.35
01:08.5,0,100,0,0,0,0,0,0,0,0,0.000334126,-0.004531989,-6.02E-05,-0.17224235,-0.01544953,-9.8167755,-0.045211512,0.010771788,0.010489383,0.010096724,0,0.07,-1,273.35
01:08.5,0,100,0,0,0,0,0,0,0,0,0.001002342,-0.004300122,0.000148599,-0.1724151,-0.01712635,-9.816293,-0.05086295,0.01093894,0.01064876,0.009714657,0,0.07,-1,273.35
01:08.5,0,100,0,0,0,0,0,0,0,0,0.000729913,-0.00093269,0.000881813,-0.17134745,-0.01167304,-9.8146205,-0.08138072,0.010635224,0.010778932,0.01015518,0,0.07,-1,273.348
01:08.5,0,100,0,0,0,0,0,0,0,0,0.000457485,0.002434743,0.001615028,-0.1702798,-0.006219729,-9.812948,-0.11189849,0.010331508,0.010909104,0.010595702,0,0.07,-1,273.346
01:08.6,0,100,0,0,0,0,0,0,0,0,0.000585652,-0.001008904,0.00073853,-0.1713183,-0.010303324,-9.816024,-0.14241626,0.010027792,0.011039276,0.011036225,0,0.07,-1,273.344
01:08.6,0,100,0,0,0,0,0,0,0,0,0.000713819,-0.004452552,-0.000137968,-0.1723568,-0.01438692,-9.8191,-0.17293403,0.009724076,0.011169448,0.011476747,0,0.07,-1,273.342
01:08.6,0,100,0,0,0,0,0,0,0,0,0.000451338,-0.005652805,0.000287473,-0.16978345,-0.01383893,-9.819702,-0.2034518,0.00942036,0.01129962,0.01191727,0,0.07,-1,273.34
01:08.6,0,100,0,0,0,0,0,0,0,0,0.000188857,-0.006853058,0.000712914,-0.1672101,-0.01329094,-9.820304,-0.20571238,0.00961009,0.01115246,0.012928504,0,0.07,-1,273.34
01:08.6,0,100,0,0,0,0,0,0,0,0,0.000383006,-0.006502089,0.000653879,-0.16855115,-0.014822525,-9.8208535,-0.20797296,0.00979982,0.0110053,0.013939738,0,0.07,-1,273.34
01:08.7,0,100,0,0,0,0,0,0,0,0,0.000577155,-0.006151119,0.000594844,-0.1698922,-0.01635411,-9.821403,-0.21023354,0.00998955,0.01085814,0.014950972,0,0.07,-1,273.34
01:08.7,0,100,0,0,0,0,0,0,0,0,0.000107925,-0.003893126,-0.000254258,-0.17748515,-0.006726647,-9.817128,-0.21249412,0.01017928,0.01071098,0.015962206,0,0.07,-1,273.34
01:08.7,0,100,0,0,0,0,0,0,0,0,-0.000361305,-0.001635133,-0.001103361,-0.1850781,0.002900817,-9.812853,-0.2147547,0.01036901,0.01056382,0.01697344,0,0.07,-1,273.34
01:08.7,0,100,0,0,0,0,0,0,0,0,0.00154964,-0.000530687,-0.000846889,-0.18504195,-0.000266367,-9.812163,-0.20910326,0.01020211,0.010769076,0.016454154,0,0.07,-1,273.34
01:08.7,0,100,0,0,0,0,0,0,0,0,0.003460586,0.000573758,-0.000590417,-0.1850058,-0.003433551,-9.811473,-0.20345182,0.01003521,0.010974332,0.015934868,0,0.07,-1,273.34
01:08.8,0,100,0,0,0,0,0,0,0,0,0.002385461,-0.002174922,-0.000307412,-0.17754595,-0.009408141,-9.816528,-0.19780038,0.009868311,0.011179588,0.015415582,0,0.07,-1,273.34
01:08.8,0,100,0,0,0,0,0,0,0,0,0.001310335,-0.004923603,-2.44E-05,-0.1700861,-0.01538273,-9.821583,-0.19214894,0.009701411,0.011384844,0.014896296,0,0.07,-1,273.34
01:08.8,0,100,0,0,0,0,0,0,0,0,0.001173579,-0.004610271,-6.83E-05,-0.17048855,-0.01658342,-9.820277,-0.1864975,0.009534511,0.0115901,0.01437701,0,0.07,-1,273.34
01:08.8,0,100,0,0,0,0,0,0,0,0,0.001036823,-0.004296938,-0.000112291,-0.170891,-0.01778411,-9.818971,-0.165022028,0.009435404,0.011692832,0.014035456,0,0.07,-1,273.34
01:08.8,0,100,0,0,0,0,0,0,0,0,0.001030162,-0.004879102,4.98E-05,-0.1698689,-0.01429953,-9.8191645,-0.143546556,0.009336297,0.011795564,0.013693902,0,0.07,-1,273.34
01:08.9,0,100,0,0,0,0,0,0,0,0,0.0010235,-0.005461267,0.000211805,-0.1688468,-0.01081495,-9.819358,-0.122071084,0.009237189,0.011898296,0.013352348,0,0.07,-1,273.34
01:08.9,0,100,0,0,0,0,0,0,0,0,0.001093608,-0.005419213,0.00016271,-0.171438,-0.012642435,-9.818398,-0.100595612,0.009138082,0.012001028,0.013010794,0,0.07,-1,273.34
01:08.9,0,100,0,0,0,0,0,0,0,0,0.001163715,-0.005377159,0.000113615,-0.1740292,-0.01446992,-9.817438,-0.07912014,0.009038975,0.01210376,0.01266924,0,0.07,-1,273.34
01:08.9,0,100,0,0,0,0,0,0,0,0,0.000774817,-0.001773285,0.000880837,-0.177554,-0.009390872,-9.818535,-0.149197992,0.019336454,0.022720946,0.024922104,0,0.07,-1,273.34
01:08.9,0,100,0,0,0,0,0,0,0,0,0.000385918,0.001830589,0.001648059,-0.1810788,-0.004311824,-9.819632,-0.219275844,0.029633933,0.033338132,0.037174968,0,0.07,-1,273.34
01:09.0,0,100,0,0,0,0,0,0,0,0,3.84E-05,-0.001643456,0.000984074,-0.1763508,-0.010250472,-9.8211565,-0.289353696,0.039931412,0.043955318,0.049427832,0,0.07,-1,273.34
01:09.0,0,100,0,0,0,0,0,0,0,0,-0.000309137,-0.005117501,0.000320089,-0.1716228,-0.01618912,-9.822681,-0.359431548,0.050228891,0.054572504,0.061680696,0,0.07,-1,273.34
01:09.0,0,100,0,0,0,0,0,0,0,0,0.000169389,-0.004813964,9.15E-05,-0.1687197,-0.013232335,-9.821992,-0.4295094,0.06052637,0.06518969,0.07393356,0,0.07,-1,273.34
01:09.0,0,100,0,0,0,0,0,0,0,0,0.000647915,-0.004510427,-0.000137044,-0.1658166,-0.01027555,-9.821303,-0.4012522,0.050218477,0.054032316,0.061074082,0,0.07,-1,273.34
01:09.0,0,100,0,0,0,0,0,0,0,0,0.000826881,-0.005206236,-0.000476667,-0.16970285,-0.01438413,-9.8190965,-0.372995,0.039910584,0.042874942,0.048214603,0,0.07,-1,273.34
01:09.1,0,100,0,0,0,0,0,0,0,0,0.001005846,-0.005902044,-0.00081629,-0.1735891,-0.01849271,-9.81689,-0.3447378,0.029602692,0.031717569,0.035355125,0,0.07,-1,273.34
01:09.1,0,100,0,0,0,0,0,0,0,0,0.001673665,-0.003003669,-8.91E-05,-0.17575615,-0.010809039,-9.810948,-0.3164806,0.019294799,0.020560195,0.022495646,0,0.07,-1,273.34
01:09.1,0,100,0,0,0,0,0,0,0,0,0.002341484,-0.000105294,0.000638007,-0.1779232,-0.003125367,-9.805006,-0.2882234,0.008986906,0.009402821,0.009636168,0,0.07,-1,273.34
01:09.1,0,100,0,0,0,0,0,0,0,0,0.001757937,-0.002688472,0.001063473,-0.1743418,-0.009724609,-9.8118755,-0.28596282,0.008859769,0.009423995,0.009652478,0,0.07,-1,273.34
01:09.1,0,100,0,0,0,0,0,0,0,0,0.001174389,-0.00527165,0.001488939,-0.1707604,-0.01632385,-9.818745,-0.28370224,0.008732631,0.009445168,0.009668788,0,0.07,-1,273.34
01:09.2,0,100,0,0,0,0,0,0,0,0,0.001536487,-0.005680313,0.000899855,-0.1713292,-0.014465415,-9.8183575,-0.28144166,0.008605494,0.009466342,0.009685097,0,0.07,-1,273.34
01:09.2,0,100,0,0,0,0,0,0,0,0,0.001898584,-0.006088975,0.000310771,-0.171898,-0.01260698,-9.81797,-0.27918108,0.008478356,0.009487515,0.009701407,0,0.07,-1,273.34
01:09.2,0,100,0,0,0,0,0,0,0,0,0.001126077,-0.005887673,0.000141507,-0.17287345,-0.01547537,-9.8175585,-0.2769205,0.008351219,0.009508689,0.009717717,0,0.07,-1,273.34
01:09.2,0,100,0,0,0,0,0,0,0,0,0.00035357,-0.00568637,-2.78E-05,-0.1738489,-0.01834376,-9.817147,-0.28822338,0.008358927,0.009419575,0.009532496,0,0.07,-1,273.34
01:09.2,0,100,0,0,0,0,0,0,0,0,0.000699202,-0.005784736,-1.48E-05,-0.1719865,-0.01487338,-9.8172565,-0.29952626,0.008366634,0.009330461,0.009347275,0,0.07,-1,273.34
01:09.3,0,100,0,0,0,0,0,0,0,0,0.001044833,-0.005883101,-1.91E-06,-0.1701241,-0.011403,-9.817366,-0.31082914,0.008374342,0.009241346,0.009162054,0,0.07,-1,273.34
01:09.3,0,100,0,0,0,0,0,0,0,0,-0.000948053,-0.003595734,0.00091065,-0.1734276,-0.008789847,-9.8123095,-0.32213202,0.008382049,0.009152232,0.008976833,0,0.07,-1,273.34
01:09.3,0,100,0,0,0,0,0,0,0,0,-0.002940938,-0.001308366,0.001823214,-0.1767311,-0.006176693,-9.807253,-0.3334349,0.008389757,0.009063118,0.008791612,0,0.07,-1,273.34
01:09.3,0,100,0,0,0,0,0,0,0,0,-0.001134554,-0.003127665,0.001046236,-0.17397705,-0.008704102,-9.8153135,-0.31308972,0.008309256,0.009228572,0.008855603,0,0.07,-1,273.34
01:09.3,0,100,0,0,0,0,0,0,0,0,0.00067183,-0.004946963,0.000269258,-0.171223,-0.01123151,-9.823374,-0.29274454,0.008228755,0.009394027,0.008919593,0,0.07,-1,273.34
01:09.4,0,100,0,0,0,0,0,0,0,0,0.000671901,-0.005109052,-0.000219051,-0.17193945,-0.01321387,-9.820855,-0.27239936,0.008148253,0.009559481,0.008983584,0,0.07,-1,273.34
01:09.4,0,100,0,0,0,0,0,0,0,0,0.000671972,-0.005271141,-0.000707359,-0.1726559,-0.01519623,-9.818336,-0.25205418,0.008067752,0.009724936,0.009047574,0,0.07,-1,273.34
01:09.4,0,100,0,0,0,0,0,0,0,0,0.001343309,-0.006156559,-0.000392091,-0.17317015,-0.01248359,-9.819998,-0.231709,0.007987251,0.00989039,0.009111565,0,0.07,-1,273.34
01:09.4,0,100,0,0,0,0,0,0,0,0,0.002014646,-0.007041977,-7.68E-05,-0.1736844,-0.009770951,-9.82166,-0.23396958,0.008197141,0.00968423,0.009028596,0,0.07,-1,273.34
01:09.4,0,100,0,0,0,0,0,0,0,0,0.002209228,-0.004353511,0.001661119,-0.1731729,-0.007482479,-9.812271,-0.23623016,0.00840703,0.009478071,0.008945628,0,0.07,-1,273.34
01:09.5,0,100,0,0,0,0,0,0,0,0,0.002403809,-0.001665045,0.00339906,-0.1726614,-0.005194007,-9.802882,-0.23849074,0.00861692,0.009271911,0.008862659,0,0.07,-1,273.34
01:09.5,0,100,0,0,0,0,0,0,0,0,0.001106852,0.000483063,0.003311648,-0.17551775,-0.00419041,-9.806911,-0.24075132,0.008826809,0.009065752,0.008779691,0,0.07,-1,273.34
01:09.5,0,100,0,0,0,0,0,0,0,0,-0.000190104,0.002631172,0.003224235,-0.1783741,-0.003186812,-9.81094,-0.2430119,0.009036699,0.008859592,0.008696722,0,0.07,-1,273.34
01:09.5,0,100,0,0,0,0,0,0,0,0,0.00012264,-0.001202322,0.001523304,-0.1736663,-0.009109021,-9.8137915,-0.25431478,0.008993201,0.009255126,0.008577244,0,0.07,-1,273.34
01:09.5,0,100,0,0,0,0,0,0,0,0,0.000435384,-0.005035817,-0.000177626,-0.1689585,-0.01503123,-9.816643,-0.26561766,0.008949702,0.009650659,0.008457765,0,0.07,-1,273.34
01:09.6,0,100,0,0,0,0,0,0,0,0,0.001142213,-0.005639189,-1.03E-05,-0.16965065,-0.0143621,-9.8159075,-0.27692054,0.008906204,0.010046193,0.008338287,0,0.07,-1,273.34
01:09.6,0,100,0,0,0,0,0,0,0,0,0.001849042,-0.00624256,0.000156981,-0.1703428,-0.01369297,-9.815172,-0.28822342,0.008862705,0.010441726,0.008218808,0,0.07,-1,273.34
01:09.6,0,100,0,0,0,0,0,0,0,0,0.001474288,-0.005909187,0.000105513,-0.1715075,-0.016646315,-9.8167615,-0.2995263,0.008819207,0.01083726,0.00809933,0,0.07,-1,273.34
01:09.6,0,100,0,0,0,0,0,0,0,0,0.001099534,-0.005575813,5.40E-05,-0.1726722,-0.01959966,-9.818351,-0.29613542,0.018239608,0.020643914,0.021184406,0,0.07,-1,273.34
01:09.6,0,100,0,0,0,0,0,0,0,0,0.000785802,-0.006097138,0.000505173,-0.17106525,-0.01680351,-9.818315,-0.29274454,0.027660008,0.030450568,0.034269482,0,0.07,-1,273.34
01:09.7,0,100,0,0,0,0,0,0,0,0,0.000472071,-0.006618463,0.000956302,-0.1694583,-0.01400736,-9.818279,-0.28935366,0.037080409,0.040257222,0.047354558,0,0.07,-1,273.34
01:09.7,0,100,0,0,0,0,0,0,0,0,-0.000840552,-0.004080187,-0.000573786,-0.17717555,-0.010559816,-9.8152765,-0.28596278,0.046500809,0.050063876,0.060439634,0,0.07,-1,273.34
01:09.7,0,100,0,0,0,0,0,0,0,0,-0.002153175,-0.001541911,-0.002103873,-0.1848928,-0.007112272,-9.812274,-0.2825719,0.05592121,0.05987053,0.07352471,0,0.07,-1,273.34
01:09.7,0,100,0,0,0,0,0,0,0,0,-0.000319297,-0.003462311,-0.000933648,-0.17789485,-0.010639611,-9.814006,-0.27126904,0.046637137,0.049892963,0.060876484,0,0.07,-1,273.34
01:09.7,0,100,0,0,0,0,0,0,0,0,0.00151458,-0.005382711,0.000236577,-0.1708969,-0.01416695,-9.815738,-0.25996618,0.037353064,0.039915397,0.048228258,0,0.07,-1,273.34
01:09.8,0,100,0,0,0,0,0,0,0,0,0.000908176,-0.004711633,9.98E-05,-0.17133105,-0.01377718,-9.818969,-0.24866332,0.028068991,0.02993783,0.035580032,0,0.07,-1,273.34
01:09.8,0,100,0,0,0,0,0,0,0,0,0.000301771,-0.004040555,-3.69E-05,-0.1717652,-0.01338741,-9.8222,-0.23736046,0.018784918,0.019960264,0.022931806,0,0.07,-1,273.34
01:09.8,0,100,0,0,0,0,0,0,0,0,0.000965136,-0.004957577,0.000104136,-0.1712808,-0.01494145,-9.8196685,-0.2260576,0.009500845,0.009982697,0.01028358,0,0.07,-1,273.34
01:09.8,0,100,0,0,0,0,0,0,0,0,0.0016285,-0.005874599,0.000245217,-0.1707964,-0.01649549,-9.817137,-0.195539822,0.009592857,0.010104128,0.01003512,0,0.07,-1,273.34
01:09.8,0,100,0,0,0,0,0,0,0,0,0.000354293,-0.003849153,0.000969045,-0.17325735,-0.009099632,-9.8083155,-0.165022044,0.009684869,0.010225558,0.009786661,0,0.07,-1,273.34
01:09.9,0,100,0,0,0,0,0,0,0,0,-0.000919914,-0.001823706,0.001692873,-0.1757183,-0.001703774,-9.799494,-0.134504266,0.009776882,0.010346989,0.009538201,0,0.07,-1,273.34
01:09.9,0,100,0,0,0,0,0,0,0,0,0.000109008,-0.003381164,0.001249666,-0.1739589,-0.008829662,-9.8099415,-0.103986488,0.009868894,0.010468419,0.009289742,0,0.07,-1,273.34
01:09.9,0,100,0,0,0,0,0,0,0,0,0.00113793,-0.004938621,0.00080646,-0.1721995,-0.01595555,-9.820389,-0.07346871,0.009960906,0.01058985,0.009041282,0,0.07,-1,273.34
01:09.9,0,100,0,0,0,0,0,0,0,0,0.000876898,-0.005609077,0.000440248,-0.17255645,-0.01464157,-9.816425,-0.107377348,0.009883494,0.01037028,0.009175426,0,0.07,-1,273.34
01:09.9,0,100,0,0,0,0,0,0,0,0,0.000615867,-0.006279532,7.40E-05,-0.1729134,-0.01332759,-9.812461,-0.141285986,0.009806082,0.01015071,0.00930957,0,0.07,-1,273.34
01:10.0,0,100,0,0,0,0,0,0,0,0,0.001378967,-0.006459063,0.000358499,-0.1695465,-0.013746145,-9.814502,-0.175194624,0.009728669,0.009931141,0.009443715,0,0.07,-1,273.34
01:10.0,0,100,0,0,0,0,0,0,0,0,0.002142068,-0.006638594,0.000642963,-0.1661796,-0.0141647,-9.816543,-0.209103262,0.009651257,0.009711571,0.009577859,0,0.07,-1,273.34
01:10.0,0,100,0,0,0,0,0,0,0,0,0.001848374,-0.006449351,0.000626673,-0.16788615,-0.016457595,-9.8171235,-0.2430119,0.009573845,0.009492001,0.009712003,0,0.07,-1,273.34
01:10.0,0,100,0,0,0,0,0,0,0,0,0.001554679,-0.006260108,0.000610382,-0.1695927,-0.01875049,-9.817704,-0.2610965,0.00958132,0.009922671,0.010537734,0,0.07,-1,273.34
01:10.0,0,100,0,0,0,0,0,0,0,0,0.000949504,-0.006337686,0.000292353,-0.17062505,-0.01682292,-9.815956,-0.2791811,0.009588795,0.010353341,0.011363466,0,0.07,-1,273.34
01:10.1,0,100,0,0,0,0,0,0,0,0,0.000344329,-0.006415264,-2.57E-05,-0.1716574,-0.01489535,-9.814208,-0.2972657,0.00959627,0.01078401,0.012189197,0,0.07,-1,273.34
01:10.1,0,100,0,0,0,0,0,0,0,0,-0.000127923,-0.005435348,0.00019047,-0.1715982,-0.016430925,-9.816158,-0.3153503,0.009603745,0.01121468,0.013014929,0,0.07,-1,273.34
01:10.1,0,100,0,0,0,0,0,0,0,0,-0.000600175,-0.004455432,0.000406617,-0.171539,-0.0179665,-9.818108,-0.3334349,0.00961122,0.01164535,0.01384066,0,0.07,-1,273.34
01:10.1,0,100,0,0,0,0,0,0,0,0,0.000668601,-0.005321703,-0.000419907,-0.17063805,-0.018216275,-9.8189485,-0.283702238,0.010144122,0.011888526,0.01400768,0,0.07,-1.002,273.34
01:10.1,0,100,0,0,0,0,0,0,0,0,0.001937377,-0.006187974,-0.001246432,-0.1697371,-0.01846605,-9.819789,-0.233969576,0.010677024,0.012131702,0.0141747,0,0.07,-1.004,273.34
01:10.2,0,100,0,0,0,0,0,0,0,0,0.001658548,-0.005255098,-0.000479086,-0.16965845,-0.014249405,-9.817244,-0.184236914,0.011209926,0.012374878,0.01434172,0,0.07,-1.006,273.34
01:10.2,0,100,0,0,0,0,0,0,0,0,0.001379718,-0.004322223,0.00028826,-0.1695798,-0.01003276,-9.814699,-0.134504252,0.011742828,0.012618054,0.01450874,0,0.07,-1.008,273.34
01:10.2,0,100,0,0,0,0,0,0,0,0,-0.000223407,-0.001388452,-0.00024896,-0.1738461,-0.0098057,-9.81363,-0.08477159,0.01227573,0.01286123,0.01467576,0,0.07,-1.01,273.34
01:10.2,0,100,0,0,0,0,0,0,0,0,-0.001826532,0.001545318,-0.00078618,-0.1781124,-0.00957864,-9.812561,-0.106247052,0.012010766,0.012662748,0.014729168,0,0.07,-1.01,273.34
01:10.2,0,100,0,0,0,0,0,0,0,0,-0.000177591,-0.002542627,-0.00038451,-0.17586105,-0.009185507,-9.8149595,-0.127722514,0.011745802,0.012464266,0.014782576,0,0.07,-1.01,273.34
01:10.3,0,100,0,0,0,0,0,0,0,0,0.001471351,-0.006630571,1.72E-05,-0.1736097,-0.008792373,-9.817358,-0.149197976,0.011480838,0.012265784,0.014835984,0,0.07,-1.01,273.34
01:10.3,0,100,0,0,0,0,0,0,0,0,0.000946026,-0.006251238,0.00023032,-0.1705593,-0.012490187,-9.817462,-0.170673438,0.011215874,0.012067302,0.014889392,0,0.07,-1.01,273.34
01:10.3,0,100,0,0,0,0,0,0,0,0,0.0004207,-0.005871905,0.00044348,-0.1675089,-0.016188,-9.817566,-0.1921489,0.01095091,0.01186882,0.0149428,0,0.07,-1.01,273.34
01:10.3,0,100,0,0,0,0,0,0,0,0,0.000646204,-0.005632778,0.000441312,-0.16860535,-0.012358141,-9.816132,-0.19553976,0.010550708,0.011575214,0.014881528,0,0.07,-1.01,273.34
01:10.3,0,100,0,0,0,0,0,0,0,0,0.000871709,-0.005393652,0.000439144,-0.1697018,-0.008528281,-9.814698,-0.19893062,0.010150506,0.011281608,0.014820256,0,0.07,-1.01,273.34
01:10.4,0,100,0,0,0,0,0,0,0,0,0.001529739,-0.005782981,0.001462045,-0.17540945,-0.010372446,-9.8099935,-0.20232148,0.009750304,0.010988002,0.014758984,0,0.07,-1.01,273.34
01:10.4,0,100,0,0,0,0,0,0,0,0,0.00218777,-0.006172309,0.002484947,-0.1811171,-0.01221661,-9.805289,-0.20571234,0.009350102,0.010694396,0.014697712,0,0.07,-1.01,273.34
01:10.4,0,100,0,0,0,0,0,0,0,0,-0.000323796,-0.005138614,0.00170056,-0.18384625,-0.007925897,-9.809458,-0.2091032,0.0089499,0.01040079,0.01463644,0,0.07,-1.01,273.34
01:10.4,0,100,0,0,0,0,0,0,0,0,-0.002835362,-0.004104918,0.000916174,-0.1865754,-0.003635184,-9.813627,-0.19440946,0.018536786,0.020614278,0.025540058,0,0.07,-1.008,273.34
01:10.4,0,100,0,0,0,0,0,0,0,0,-0.000518803,-0.005430756,0.000662281,-0.1782293,-0.009381192,-9.8142985,-0.17971572,0.028123672,0.030827766,0.036443676,0,0.07,-1.006,273.34
01:10.5,0,100,0,0,0,0,0,0,0,0,0.001797757,-0.006756594,0.000408388,-0.1698832,-0.0151272,-9.81497,-0.16502198,0.037710558,0.041041254,0.047347294,0,0.07,-1.004,273.34
01:10.5,0,100,0,0,0,0,0,0,0,0,0.001114827,-0.005710821,0.000747884,-0.1686016,-0.01544502,-9.815881,-0.15032824,0.047297444,0.051254742,0.058250912,0,0.07,-1.002,273.34
01:10.5,0,100,0,0,0,0,0,0,0,0,0.000431898,-0.004665048,0.001087379,-0.16732,-0.01576284,-9.816792,-0.1356345,0.05688433,0.06146823,0.06915453,0,0.07,-1,273.34
01:10.5,0,100,0,0,0,0,0,0,0,0,0.000887132,-0.005004365,0.0005115,-0.1723768,-0.01569006,-9.8181955,-0.17519458,0.047566584,0.051556818,0.058280448,0,0.07,-1,273.34
01:10.5,0,100,0,0,0,0,0,0,0,0,0.001342366,-0.005343682,-6.44E-05,-0.1774336,-0.01561728,-9.819599,-0.21475466,0.038248838,0.041645406,0.047406366,0,0.07,-1,273.34
01:10.6,0,100,0,0,0,0,0,0,0,0,0.001157398,-0.005379592,0.000253725,-0.1713793,-0.016108865,-9.819949,-0.25431474,0.028931092,0.031733994,0.036532284,0,0.07,-1,273.34
01:10.6,0,100,0,0,0,0,0,0,0,0,0.00097243,-0.005415502,0.000571829,-0.165325,-0.01660045,-9.820299,-0.29387482,0.019613346,0.021822582,0.025658202,0,0.07,-1,273.34
01:10.6,0,100,0,0,0,0,0,0,0,0,-0.000519524,-0.003353921,-6.15E-05,-0.17391795,-0.009571041,-9.812699,-0.3334349,0.0102956,0.01191117,0.01478412,0,0.07,-1,273.34
01:10.6,0,100,0,0,0,0,0,0,0,0,-0.002011477,-0.00129234,-0.000694731,-0.1825109,-0.002541631,-9.805099,-0.266182776,0.010285854,0.012051268,0.014600364,0,0.07,-1,273.34
01:10.6,0,100,0,0,0,0,0,0,0,0,-0.001241372,-0.003690735,0.000495074,-0.17648305,-0.009786211,-9.8103705,-0.198930652,0.010276108,0.012191366,0.014416608,0,0.07,-1,273.34
01:10.7,0,100,0,0,0,0,0,0,0,0,-0.000471266,-0.006089129,0.001684879,-0.1704552,-0.01703079,-9.815642,-0.131678528,0.010266362,0.012331464,0.014232852,0,0.07,-1,273.34
01:10.7,0,100,0,0,0,0,0,0,0,0,0.000225945,-0.005946355,0.000521661,-0.17137945,-0.01426179,-9.8158175,-0.064426404,0.010256616,0.012471562,0.014049096,0,0.07,-1,273.34
01:10.7,0,100,0,0,0,0,0,0,0,0,0.000923156,-0.00580358,-0.000641558,-0.1723037,-0.01149279,-9.815993,0.00282572,0.01024687,0.01261166,0.01386534,0,0.07,-1,273.34
01:10.7,0,100,0,0,0,0,0,0,0,0,0.000661336,-0.005252008,-9.26E-05,-0.1719283,-0.012951735,-9.816832,-0.006781726,0.010318464,0.012883072,0.013901404,0,0.07,-1,273.34
01:10.7,0,100,0,0,0,0,0,0,0,0,0.000399515,-0.004700436,0.000456422,-0.1715529,-0.01441068,-9.817671,-0.016389172,0.010390058,0.013154484,0.013937468,0,0.07,-1,273.34
01:10.8,0,100,0,0,0,0,0,0,0,0,-0.000446701,-0.002815091,0.000567521,-0.17758205,-0.009989559,-9.8097825,-0.025996618,0.010461652,0.013425896,0.013973532,0,0.07,-1,273.34
01:10.8,0,100,0,0,0,0,0,0,0,0,-0.001292917,-0.000929745,0.000678621,-0.1836112,-0.005568437,-9.801894,-0.035604064,0.010533246,0.013697308,0.014009596,0,0.07,-1,273.34
01:10.8,0,100,0,0,0,0,0,0,0,0,-0.000172683,-0.003204397,0.000637913,-0.1756299,-0.010279024,-9.8121165,-0.04521151,0.01060484,0.01396872,0.01404566,0,0.07,-1,273.34
01:10.8,0,100,0,0,0,0,0,0,0,0,0.000947551,-0.005479048,0.000597206,-0.1676486,-0.01498961,-9.822339,-0.076859568,0.010512992,0.01376512,0.014025016,0,0.07,-1,273.34
01:10.8,0,100,0,0,0,0,0,0,0,0,0.001228458,-0.005733196,0.000502126,-0.1684646,-0.015312315,-9.819342,-0.108507626,0.010421144,0.01356152,0.014004372,0,0.07,-1,273.34
01:10.9,0,100,0,0,0,0,0,0,0,0,0.001509365,-0.005987344,0.000407046,-0.1692806,-0.01563502,-9.816345,-0.140155684,0.010329296,0.01335792,0.013983728,0,0.07,-1,273.34
01:10.9,0,100,0,0,0,0,0,0,0,0,0.001700956,-0.005777219,-0.000155874,-0.17022375,-0.015682875,-9.8159475,-0.171803742,0.010237448,0.01315432,0.013963084,0,0.07,-1,273.34
01:10.9,0,100,0,0,0,0,0,0,0,0,0.001892547,-0.005567094,-0.000718794,-0.1711669,-0.01573073,-9.81555,-0.2034518,0.0101456,0.01295072,0.01394244,0,0.07,-1,273.34
01:10.9,0,100,0,0,0,0,0,0,0,0,0.000856097,-0.005427565,0.000139775,-0.17300625,-0.01517352,-9.814912,-0.18310662,0.010138282,0.012717942,0.013844626,0,0.07,-1.002,273.342
01:10.9,0,100,0,0,0,0,0,0,0,0,-0.000180353,-0.005288035,0.000998343,-0.1748456,-0.01461631,-9.814274,-0.16276144,0.010130964,0.012485164,0.013746812,0,0.07,-1.004,273.344
01:11.0,0,100,0,0,0,0,0,0,0,0,0.000658728,-0.001368625,0.000220218,-0.1735319,-0.01585258,-9.816827,-0.14241626,0.010123646,0.012252386,0.013648998,0,0.07,-1.006,273.346
01:11.0,0,100,0,0,0,0,0,0,0,0,0.00149781,0.002550786,-0.000557906,-0.1722182,-0.01708885,-9.81938,-0.12207108,0.010116328,0.012019608,0.013551184,0,0.07,-1.008,273.348
01:11.0,0,100,0,0,0,0,0,0,0,0,0.001594087,-0.001326714,-7.72E-05,-0.17149295,-0.01565726,-9.81791,-0.1017259,0.01010901,0.01178683,0.01345337,0,0.07,-1.01,273.35
01:11.0,0,100,0,0,0,0,0,0,0,0,0.001690363,-0.005204214,0.000403575,-0.1707677,-0.01422567,-9.81644,-0.10963792,0.009962562,0.011691554,0.013241256,0,0.07,-1.01,273.35
01:11.0,0,100,0,0,0,0,0,0,0,0,0.001551366,-0.005038194,0.000191053,-0.1693837,-0.013101275,-9.8166285,-0.11754994,0.009816113,0.011596278,0.013029142,0,0.07,-1.01,273.35
01:11.1,0,100,0,0,0,0,0,0,0,0,0.001412368,-0.004872174,-2.15E-05,-0.1679997,-0.01197688,-9.816817,-0.12546196,0.009669665,0.011501002,0.012817028,0,0.07,-1.01,273.35
01:11.1,0,100,0,0,0,0,0,0,0,0,0.001514861,-0.004844967,0.000352083,-0.16875835,-0.014105605,-9.8157705,-0.13337398,0.009523216,0.011405726,0.012604914,0,0.07,-1.01,273.35
01:11.1,0,100,0,0,0,0,0,0,0,0,0.001617354,-0.004817759,0.000725636,-0.169517,-0.01623433,-9.814724,-0.141286,0.009376768,0.01131045,0.0123928,0,0.07,-1.01,273.35
01:11.1,0,100,0,0,0,0,0,0,0,0,0.001191223,-0.002660743,0.000729507,-0.17564575,-0.008325492,-9.8126975,-0.1401557,0.018830986,0.022047002,0.023553668,0,0.07,-1.008,273.348
01:11.1,0,100,0,0,0,0,0,0,0,0,0.000765092,-0.000503727,0.000733378,-0.1817745,-0.000416655,-9.810671,-0.1390254,0.028285205,0.032783554,0.034714536,0,0.07,-1.006,273.346
01:11.2,0,100,0,0,0,0,0,0,0,0,-0.000545394,-0.00037452,-0.000442052,-0.1804701,-0.002520563,-9.8065185,-0.1378951,0.037739423,0.043520106,0.045875404,0,0.07,-1.004,273.344
01:11.2,0,100,0,0,0,0,0,0,0,0,-0.001855879,-0.000245312,-0.001617483,-0.1791657,-0.004624471,-9.802366,-0.1367648,0.047193642,0.054256658,0.057036272,0,0.07,-1.002,273.342
01:11.2,0,100,0,0,0,0,0,0,0,0,-0.000311365,-0.002917831,-5.41E-05,-0.17316715,-0.009312425,-9.809032,-0.1356345,0.05664786,0.06499321,0.06819714,0,0.07,-1,273.34
01:11.2,0,100,0,0,0,0,0,0,0,0,0.001233149,-0.005590349,0.001509208,-0.1671686,-0.01400038,-9.815698,-0.1740643,0.056821746,0.0646675,0.068758722,0,0.07,-1,273.34
01:11.2,0,100,0,0,0,0,0,0,0,0,0.001043454,-0.004629408,0.001036607,-0.16914835,-0.014422855,-9.813983,-0.2124941,0.056995632,0.06434179,0.069320304,0,0.07,-1,273.34
01:11.3,0,100,0,0,0,0,0,0,0,0,0.000853758,-0.003668468,0.000564006,-0.1711281,-0.01484533,-9.812268,-0.2509239,0.057169518,0.06401608,0.069881886,0,0.07,-1,273.34
01:11.3,0,100,0,0,0,0,0,0,0,0,0.001165701,-0.005217245,0.000384095,-0.17188065,-0.014870365,-9.8125765,-0.2893537,0.057343404,0.06369037,0.070443468,0,0.07,-1,273.34
01:11.3,0,100,0,0,0,0,0,0,0,0,0.001477644,-0.006766021,0.000204184,-0.1726332,-0.0148954,-9.812885,-0.3277835,0.05751729,0.06336466,0.07100505,0,0.07,-1,273.34
01:11.3,0,100,0,0,0,0,0,0,0,0,0.000951581,-0.003744515,0.001025875,-0.18081055,-0.008817051,-9.809151,-0.281441692,0.047991761,0.052717534,0.059501196,0,0.07,-1,273.34
01:11.3,0,100,0,0,0,0,0,0,0,0,0.000425518,-0.00072301,0.001847566,-0.1889879,-0.002738703,-9.805417,-0.235099884,0.038466233,0.042070408,0.047997342,0,0.07,-1,273.34
01:11.4,0,100,0,0,0,0,0,0,0,0,-0.000476694,-0.000888071,-0.001617686,-0.18442965,-0.003603745,-9.814364,-0.188758076,0.028940704,0.031423282,0.036493488,0,0.07,-1,273.34
01:11.4,0,100,0,0,0,0,0,0,0,0,-0.001378907,-0.001053133,-0.005082938,-0.1798714,-0.004468787,-9.823311,-0.142416268,0.019415176,0.020776156,0.024989634,0,0.07,-1,273.34
01:11.4,0,100,0,0,0,0,0,0,0,0,2.78E-05,-0.002375761,-0.002025004,-0.17469495,-0.011161074,-9.8209235,-0.09607446,0.009889647,0.01012903,0.01348578,0,0.07,-1,273.34
01:11.4,0,100,0,0,0,0,0,0,0,0,0.001434455,-0.003698388,0.00103293,-0.1695185,-0.01785336,-9.818536,-0.082511006,0.009749819,0.010477838,0.013100382,0,0.07,-1,273.34
01:11.4,0,100,0,0,0,0,0,0,0,0,0.001072956,-0.004575513,0.000833862,-0.16819145,-0.013825332,-9.817525,-0.068947552,0.009609992,0.010826646,0.012714984,0,0.07,-1,273.34
01:11.5,0,100,0,0,0,0,0,0,0,0,0.000711456,-0.005452637,0.000634794,-0.1668644,-0.009797304,-9.816514,-0.055384098,0.009470164,0.011175454,0.012329586,0,0.07,-1,273.34
01:11.5,0,100,0,0,0,0,0,0,0,0,0.000736135,-0.004824156,0.000319606,-0.16816595,-0.014250767,-9.8168985,-0.041820644,0.009330337,0.011524262,0.011944188,0,0.07,-1,273.34
01:11.5,0,100,0,0,0,0,0,0,0,0,0.000760813,-0.004195675,4.42E-06,-0.1694675,-0.01870423,-9.817283,-0.02825719,0.009190509,0.01187307,0.01155879,0,0.07,-1,273.34
01:11.5,0,100,0,0,0,0,0,0,0,0,0.001261428,-0.00520319,0.000433918,-0.16811,-0.01552874,-9.8139755,-0.062165832,0.009299101,0.011677932,0.011519656,0,0.07,-1.002,273.34
01:11.5,0,100,0,0,0,0,0,0,0,0,0.001762043,-0.006210705,0.000863417,-0.1667525,-0.01235325,-9.810668,-0.096074474,0.009407693,0.011482794,0.011480522,0,0.07,-1.004,273.34
01:11.6,0,100,0,0,0,0,0,0,0,0,0.001291685,-0.005574338,0.000614174,-0.1693327,-0.01516338,-9.8131965,-0.129983116,0.009516286,0.011287656,0.011441388,0,0.07,-1.006,273.34
01:11.6,0,100,0,0,0,0,0,0,0,0,0.000821327,-0.004937971,0.000364932,-0.1719129,-0.01797351,-9.815725,-0.163891758,0.009624878,0.011092518,0.011402254,0,0.07,-1.008,273.34
01:11.6,0,100,0,0,0,0,0,0,0,0,0.000474237,-0.004652048,0.000639655,-0.1698722,-0.01593613,-9.8169165,-0.1978004,0.00973347,0.01089738,0.01136312,0,0.07,-1.01,273.34
01:11.6,0,100,0,0,0,0,0,0,0,0,0.000127147,-0.004366124,0.000914379,-0.1678315,-0.01389875,-9.818108,-0.19893068,0.009813566,0.010914992,0.011554558,0,0.07,-1.008,273.34
01:11.6,0,100,0,0,0,0,0,0,0,0,0.000713082,-0.005036208,0.000730734,-0.1707003,-0.016009265,-9.8152725,-0.20006096,0.009893662,0.010932604,0.011745996,0,0.07,-1.006,273.34
01:11.7,0,100,0,0,0,0,0,0,0,0,0.001299017,-0.005706291,0.00054709,-0.1735691,-0.01811978,-9.812437,-0.20119124,0.009973758,0.010950216,0.011937434,0,0.07,-1.004,273.34
01:11.7,0,100,0,0,0,0,0,0,0,0,0.001377183,-0.005626457,0.000440464,-0.16978665,-0.016767775,-9.8101575,-0.20232152,0.010053854,0.010967828,0.012128872,0,0.07,-1.002,273.34
01:11.7,0,100,0,0,0,0,0,0,0,0,0.001455349,-0.005546623,0.000333839,-0.1660042,-0.01541577,-9.807878,-0.2034518,0.01013395,0.01098544,0.01232031,0,0.07,-1,273.34
01:11.7,0,100,0,0,0,0,0,0,0,0,0.00142119,-0.003197852,-0.000833291,-0.17618115,-0.011914815,-9.8085785,-0.19667008,0.010184808,0.01106719,0.012797036,0,0.07,-1,273.34
01:11.7,0,100,0,0,0,0,0,0,0,0,0.001387031,-0.000849081,-0.002000421,-0.1863581,-0.00841386,-9.809279,-0.18988836,0.010235666,0.01114894,0.013273762,0,0.07,-1,273.34
01:11.8,0,100,0,0,0,0,0,0,0,0,0.001554805,-0.00314421,-0.00068641,-0.17791595,-0.01118716,-9.8135415,-0.18310664,0.010286524,0.01123069,0.013750488,0,0.07,-1,273.34
01:11.8,0,100,0,0,0,0,0,0,0,0,0.001722579,-0.005439339,0.000627601,-0.1694738,-0.01396046,-9.817804,-0.17632492,0.010337382,0.01131244,0.014227214,0,0.07,-1,273.34
01:11.8,0,100,0,0,0,0,0,0,0,0,0.001332471,-0.006262944,0.001005041,-0.17036895,-0.014381085,-9.8164015,-0.1695432,0.01038824,0.01139419,0.01470394,0,0.07,-1,273.34
01:11.8,0,100,0,0,0,0,0,0,0,0,0.000942363,-0.007086548,0.001382481,-0.1712641,-0.01480171,-9.814999,-0.149198014,0.010229632,0.011531802,0.014408792,0,0.07,-1,273.34
01:11.8,0,100,0,0,0,0,0,0,0,0,0.000959163,-0.005983422,0.000541781,-0.1708006,-0.01578329,-9.814704,-0.128852828,0.010071024,0.011669414,0.014113644,0,0.07,-1,273.34
01:11.9,0,100,0,0,0,0,0,0,0,0,0.000975963,-0.004880295,-0.00029892,-0.1703371,-0.01676487,-9.814409,-0.108507642,0.009912417,0.011807026,0.013818496,0,0.07,-1,273.34
01:11.9,0,100,0,0,0,0,0,0,0,0,0.001049336,0.000368603,-0.001751383,-0.17658325,-0.008887582,-9.8083415,-0.088162456,0.009753809,0.011944638,0.013523348,0,0.07,-1,273.34
01:11.9,0,100,0,0,0,0,0,0,0,0,0.001122708,0.005617501,-0.003203846,-0.1828294,-0.001010293,-9.802274,-0.06781727,0.009595201,0.01208225,0.0132282,0,0.07,-1,273.34
01:11.9,0,100,0,0,0,0,0,0,0,0,0.000740347,0.001081942,-0.002999551,-0.17739055,-0.002789548,-9.8048685,-0.083641296,0.009484853,0.01197287,0.013190548,0,0.07,-1,273.34
01:11.9,0,100,0,0,0,0,0,0,0,0,0.000357987,-0.003453617,-0.002795255,-0.1719517,-0.004568802,-9.807463,-0.099465322,0.009374504,0.01186349,0.013152896,0,0.07,-1,273.34
01:12.0,0,100,0,0,0,0,0,0,0,0,0.000605753,-0.004082582,-0.000900127,-0.170839,-0.009224351,-9.8127095,-0.115289348,0.009264156,0.01175411,0.013115244,0,0.07,-1,273.34
01:12.0,0,100,0,0,0,0,0,0,0,0,0.00085352,-0.004711547,0.000995,-0.1697263,-0.0138799,-9.817956,-0.131113374,0.009153807,0.01164473,0.013077592,0,0.07,-1,273.34
01:12.0,0,100,0,0,0,0,0,0,0,0,0.000635333,-0.004450436,0.000492319,-0.17248325,-0.015793475,-9.8165265,-0.1469374,0.009043459,0.01153535,0.01303994,0,0.07,-1,273.34
01:12.0,0,100,0,0,0,0,0,0,0,0,0.000417146,-0.004189324,-1.04E-05,-0.1752402,-0.01770705,-9.815097,-0.17632488,0.009039691,0.011666862,0.0131116,0,0.07,-1,273.34
01:12.0,0,100,0,0,0,0,0,0,0,0,0.000506937,-0.00558767,0.000453667,-0.17270515,-0.018472435,-9.812968,-0.20571236,0.009035922,0.011798374,0.01318326,0,0.07,-1,273.34
01:12.1,0,100,0,0,0,0,0,0,0,0,0.000596729,-0.006986016,0.000917696,-0.1701701,-0.01923782,-9.810839,-0.23509984,0.009032154,0.011929886,0.01325492,0,0.07,-1,273.34
01:12.1,0,100,0,0,0,0,0,0,0,0,0.001422245,-0.00656663,0.000875209,-0.1708221,-0.014609216,-9.811075,-0.26448732,0.009028385,0.012061398,0.01332658,0,0.07,-1,273.34
01:12.1,0,100,0,0,0,0,0,0,0,0,0.00224776,-0.006147244,0.000832722,-0.1714741,-0.009980612,-9.811311,-0.2938748,0.009024617,0.01219291,0.01339824,0,0.07,-1,273.34
01:12.1,0,100,0,0,0,0,0,0,0,0,0.001452176,-0.005850973,0.000285284,-0.169055,-0.013208146,-9.8137715,-0.28257192,0.01915373,0.022249014,0.025601636,0,0.07,-1,273.34
01:12.1,0,100,0,0,0,0,0,0,0,0,0.000656592,-0.005554701,-0.000262154,-0.1666359,-0.01643568,-9.816232,-0.27126904,0.029282842,0.032305118,0.037805032,0,0.07,-1,273.34
01:12.2,0,100,0,0,0,0,0,0,0,0,0.000760002,-0.005341789,0.000108268,-0.1680404,-0.013035327,-9.8135115,-0.25996616,0.039411955,0.042361222,0.050008428,0,0.07,-1,273.34
01:12.2,0,100,0,0,0,0,0,0,0,0,0.000863412,-0.005128877,0.000478689,-0.1694449,-0.009634973,-9.810791,-0.24866328,0.049541067,0.052417326,0.062211824,0,0.07,-1,273.34
01:12.2,0,100,0,0,0,0,0,0,0,0,0.001213524,-0.005655742,0.00121862,-0.1710213,-0.013200707,-9.812783,-0.2373604,0.05967018,0.06247343,0.07441522,0,0.07,-1,273.34
01:12.2,0,100,0,0,0,0,0,0,0,0,0.001563636,-0.006182606,0.001958551,-0.1725977,-0.01676644,-9.814775,-0.25431472,0.049827646,0.052144578,0.061822398,0,0.07,-1,273.34
01:12.2,0,100,0,0,0,0,0,0,0,0,-8.68E-05,-0.005684277,0.002368548,-0.16938325,-0.010479354,-9.7992345,-0.27126904,0.039985112,0.041815726,0.049229576,0,0.07,-1,273.34
01:12.3,0,100,0,0,0,0,0,0,0,0,-0.001737196,-0.005185948,0.002778544,-0.1661688,-0.004192268,-9.783694,-0.28822336,0.030142578,0.031486874,0.036636754,0,0.07,-1,273.34
01:12.3,0,100,0,0,0,0,0,0,0,0,-0.000314274,-0.005149174,0.001356851,-0.1679946,-0.011103604,-9.798146,-0.30517768,0.020300044,0.021158022,0.024043932,0,0.07,-1,273.34
01:12.3,0,100,0,0,0,0,0,0,0,0,0.001108648,-0.005112399,-6.48E-05,-0.1698204,-0.01801494,-9.812598,-0.322132,0.01045751,0.01082917,0.01145111,0,0.07,-1,273.34
01:12.3,0,100,0,0,0,0,0,0,0,0,0.000360795,-0.005165908,-0.000175682,-0.16875825,-0.016806945,-9.8136655,-0.3402166,0.010476246,0.010659351,0.012004088,0,0.07,-1.002,273.34
01:12.3,0,100,0,0,0,0,0,0,0,0,-0.000387058,-0.005219417,-0.000286523,-0.1676961,-0.01559895,-9.814733,-0.3583012,0.010494982,0.010489533,0.012557066,0,0.07,-1.004,273.34
01:12.4,0,100,0,0,0,0,0,0,0,0,0.000130147,-0.003678189,7.20E-05,-0.1721639,-0.01558038,-9.8110945,-0.3763858,0.010513718,0.010319714,0.013110044,0,0.07,-1.006,273.34
01:12.4,0,100,0,0,0,0,0,0,0,0,0.000647352,-0.002136961,0.000430493,-0.1766317,-0.01556181,-9.807456,-0.3944704,0.010532454,0.010149896,0.013663022,0,0.07,-1.008,273.34
01:12.4,0,100,0,0,0,0,0,0,0,0,-0.000542056,-0.001498534,0.000851052,-0.1767637,-0.015360875,-9.8088095,-0.412555,0.01055119,0.009980077,0.014216,0,0.07,-1.01,273.34
01:12.4,0,100,0,0,0,0,0,0,0,0,-0.001731464,-0.000860106,0.001271611,-0.1768957,-0.01515994,-9.810163,-0.3571709,0.01049104,0.009947287,0.014036642,0,0.07,-1.008,273.34
01:12.4,0,100,0,0,0,0,0,0,0,0,-0.00064889,-0.002583392,0.000834158,-0.17578685,-0.01491076,-9.8123175,-0.3017868,0.01043089,0.009914497,0.013857284,0,0.07,-1.006,273.34
01:12.5,0,100,0,0,0,0,0,0,0,0,0.000433683,-0.004306677,0.000396705,-0.174678,-0.01466158,-9.814472,-0.2464027,0.01037074,0.009881706,0.013677926,0,0.07,-1.004,273.34
01:12.5,0,100,0,0,0,0,0,0,0,0,0.000470011,-0.004137911,0.000279195,-0.1717595,-0.014287045,-9.8123235,-0.1910186,0.01031059,0.009848916,0.013498568,0,0.07,-1.002,273.34
01:12.5,0,100,0,0,0,0,0,0,0,0,0.000506339,-0.003969145,0.000161685,-0.168841,-0.01391251,-9.810175,-0.1356345,0.01025044,0.009816126,0.01331921,0,0.07,-1,273.34
01:12.5,0,100,0,0,0,0,0,0,0,0,0.000689964,-0.004941419,0.000566461,-0.1693552,-0.01598941,-9.8108125,-0.13111336,0.010068056,0.009763217,0.013085316,0,0.07,-1,273.34
01:12.5,0,100,0,0,0,0,0,0,0,0,0.000873588,-0.005913692,0.000971237,-0.1698694,-0.01806631,-9.81145,-0.12659222,0.009885673,0.009710308,0.012851422,0,0.07,-1,273.34
01:12.6,0,100,0,0,0,0,0,0,0,0,0.000602608,-0.005984639,0.000388553,-0.1691826,-0.016701015,-9.8125035,-0.12207108,0.009703289,0.0096574,0.012617528,0,0.07,-1,273.34
01:12.6,0,100,0,0,0,0,0,0,0,0,0.000331627,-0.006055586,-0.000194132,-0.1684958,-0.01533572,-9.813557,-0.11754994,0.009520906,0.009604491,0.012383634,0,0.07,-1,273.34
01:12.6,0,100,0,0,0,0,0,0,0,0,-0.001641403,-0.002685532,0.000603592,-0.18129755,-0.01199164,-9.811716,-0.1130288,0.009338522,0.009551582,0.01214974,0,0.07,-1,273.34
01:12.6,0,100,0,0,0,0,0,0,0,0,-0.003614433,0.000684522,0.001401316,-0.1940993,-0.008647559,-9.809875,-0.14467686,0.009297473,0.009544551,0.012014206,0,0.07,-1,273.34
01:12.6,0,100,0,0,0,0,0,0,0,0,-0.000857903,-0.002159885,0.000873283,-0.1815304,-0.01287969,-9.8110585,-0.17632492,0.009256424,0.00953752,0.011878672,0,0.07,-1,273.34
01:12.7,0,100,0,0,0,0,0,0,0,0,0.001898627,-0.005004292,0.00034525,-0.1689615,-0.01711182,-9.812242,-0.20797298,0.009215375,0.00953049,0.011743138,0,0.07,-1,273.34
01:12.7,0,100,0,0,0,0,0,0,0,0,0.001709762,-0.004711858,0.000881912,-0.1676882,-0.01577013,-9.813524,-0.23962104,0.009174326,0.009523459,0.011607604,0,0.07,-1,273.34
01:12.7,0,100,0,0,0,0,0,0,0,0,0.001520897,-0.004419423,0.001418574,-0.1664149,-0.01442844,-9.814806,-0.2712691,0.009133277,0.009516428,0.01147207,0,0.07,-1,273.34
01:12.7,0,100,0,0,0,0,0,0,0,0,0.001113256,-0.004771697,0.000523006,-0.1682316,-0.012220375,-9.8157915,-0.25092392,0.009027969,0.0095806,0.011454298,0,0.07,-1,273.34
01:12.7,0,100,0,0,0,0,0,0,0,0,0.000705614,-0.00512397,-0.000372563,-0.1700483,-0.01001231,-9.816777,-0.23057874,0.008922661,0.009644772,0.011436526,0,0.07,-1,273.34
01:12.8,0,100,0,0,0,0,0,0,0,0,-0.000391292,-0.00154374,-0.001497124,-0.17982,-0.009441921,-9.8091055,-0.21023356,0.008817352,0.009708943,0.011418754,0,0.07,-1,273.34
01:12.8,0,100,0,0,0,0,0,0,0,0,-0.001488198,0.00203649,-0.002621685,-0.1895917,-0.008871533,-9.801434,-0.18988838,0.008712044,0.009773115,0.011400982,0,0.07,-1,273.34
01:12.8,0,100,0,0,0,0,0,0,0,0,-0.000751619,0.000753419,-0.00207593,-0.18694155,-0.004935323,-9.802739,-0.1695432,0.008606736,0.009837287,0.01138321,0,0.07,-1,273.34
01:12.8,0,100,0,0,0,0,0,0,0,0,-1.50E-05,-0.000529652,-0.001530174,-0.1842914,-0.000999112,-9.804044,-0.20232154,0.018082907,0.021101746,0.022816348,0,0.07,-1,273.34
01:12.8,0,100,0,0,0,0,0,0,0,0,0.000671848,-0.003083695,-0.001079962,-0.1769541,-0.006913516,-9.810598,-0.23509988,0.027559078,0.032366204,0.034249486,0,0.07,-1,273.34
01:12.9,0,100,0,0,0,0,0,0,0,0,0.001358736,-0.005637738,-0.00062975,-0.1696168,-0.01282792,-9.817152,-0.26787822,0.037035248,0.043630663,0.045682624,0,0.07,-1,273.34
01:12.9,0,100,0,0,0,0,0,0,0,0,0.000581301,-0.005701032,-0.000459897,-0.1698041,-0.011807695,-9.8167815,-0.30065656,0.046511419,0.054895121,0.057115762,0,0.07,-1,273.34
01:12.9,0,100,0,0,0,0,0,0,0,0,-0.000196134,-0.005764325,-0.000290044,-0.1699914,-0.01078747,-9.816411,-0.3334349,0.05598759,0.06615958,0.0685489,0,0.07,-1,273.34
01:12.9,0,100,0,0,0,0,0,0,0,0,0.000274763,-0.005626129,-0.000141565,-0.16996155,-0.01092922,-9.818885,-0.32100174,0.046616103,0.054808454,0.05694132,0,0.07,-1.002,273.34
01:12.9,0,100,0,0,0,0,0,0,0,0,0.00074566,-0.005487932,6.91E-06,-0.1699317,-0.01107097,-9.821359,-0.30856858,0.037244616,0.043457329,0.04533374,0,0.07,-1.004,273.34
01:13.0,0,100,0,0,0,0,0,0,0,0,0.001751749,-0.0033026,-0.001234676,-0.1730063,-0.006959851,-9.8166365,-0.29613542,0.027873129,0.032106203,0.03372616,0,0.07,-1.006,273.34
01:13.0,0,100,0,0,0,0,0,0,0,0,0.002757839,-0.001117267,-0.002476266,-0.1760809,-0.002848733,-9.811914,-0.28370226,0.018501642,0.020755078,0.02211858,0,0.07,-1.008,273.34
01:13.0,0,100,0,0,0,0,0,0,0,0,0.000815246,0.000606073,-0.001162564,-0.1786495,-0.002927818,-9.8038695,-0.2712691,0.009130155,0.009403952,0.010511,0,0.07,-1.01,273.34
01:13.0,0,100,0,0,0,0,0,0,0,0,-0.001127348,0.002329412,0.000151138,-0.1812181,-0.003006903,-9.795825,-0.25544506,0.009170239,0.009371251,0.01056111,0,0.07,-1.008,273.34
01:13.0,0,100,0,0,0,0,0,0,0,0,-0.000645175,-0.001898323,0.000270599,-0.1762653,-0.009540012,-9.804788,-0.23962102,0.009210322,0.009338551,0.01061122,0,0.07,-1.006,273.34
01:13.1,0,100,0,0,0,0,0,0,0,0,-0.000163003,-0.006126059,0.00039006,-0.1713125,-0.01607312,-9.813751,-0.22379698,0.009250406,0.00930585,0.01066133,0,0.07,-1.004,273.34
01:13.1,0,100,0,0,0,0,0,0,0,0,0.000356684,-0.006014726,3.83E-05,-0.1722798,-0.01522458,-9.816342,-0.20797294,0.009290489,0.00927315,0.01071144,0,0.07,-1.002,273.34
01:13.1,0,100,0,0,0,0,0,0,0,0,0.000876371,-0.005903393,-0.000313448,-0.1732471,-0.01437604,-9.818933,-0.1921489,0.009330573,0.009240449,0.01076155,0,0.07,-1,273.34
01:13.1,0,100,0,0,0,0,0,0,0,0,0.001701132,-0.005563346,0.000833511,-0.17094115,-0.012892905,-9.8182865,-0.20910322,0.009162301,0.009057397,0.010838766,0,0.07,-1,273.34
01:13.1,0,100,0,0,0,0,0,0,0,0,0.002525893,-0.005223299,0.00198047,-0.1686352,-0.01140977,-9.81764,-0.22605754,0.00899403,0.008874344,0.010915982,0,0.07,-1,273.34
01:13.2,0,100,0,0,0,0,0,0,0,0,0.002033994,-0.005332431,0.001037985,-0.1707368,-0.012610605,-9.8180835,-0.24301186,0.008825758,0.008691292,0.010993198,0,0.07,-1,273.34
01:13.2,0,100,0,0,0,0,0,0,0,0,0.001542095,-0.005441563,9.55E-05,-0.1728384,-0.01381144,-9.818527,-0.25996618,0.008657487,0.008508239,0.011070414,0,0.07,-1,273.34
01:13.2,0,100,0,0,0,0,0,0,0,0,0.001227946,-0.004466616,0.000289449,-0.1716881,-0.012821715,-9.8183485,-0.2769205,0.008489215,0.008325187,0.01114763,0,0.07,-1,273.34
01:13.2,0,100,0,0,0,0,0,0,0,0,0.000913796,-0.003491668,0.000483398,-0.1705378,-0.01183199,-9.81817,-0.26674792,0.008950806,0.008715846,0.011709106,0,0.072,-1,273.34
01:13.2,0,100,0,0,0,0,0,0,0,0,0.000971716,-0.004480711,0.000493239,-0.17140525,-0.01196801,-9.8164615,-0.25657534,0.009412397,0.009106504,0.012270582,0,0.074,-1,273.34
01:13.3,0,100,0,0,0,0,0,0,0,0,0.001029635,-0.005469754,0.000503079,-0.1722727,-0.01210403,-9.814753,-0.24640276,0.009873988,0.009497163,0.012832058,0,0.076,-1,273.34
01:13.3,0,100,0,0,0,0,0,0,0,0,0.001229419,-0.005400851,8.22E-05,-0.1691614,-0.011651775,-9.8131465,-0.23623018,0.010335579,0.009887821,0.013393534,0,0.078,-1,273.34
01:13.3,0,100,0,0,0,0,0,0,0,0,0.001429202,-0.005331947,-0.00033871,-0.1660501,-0.01119952,-9.81154,-0.2260576,0.01079717,0.01027848,0.01395501,0,0.08,-1,273.34
01:13.3,0,100,0,0,0,0,0,0,0,0,0.001221851,-0.005496239,-0.000364937,-0.1683218,-0.01285224,-9.8158815,-0.25092392,0.010560654,0.01030187,0.014154608,0,0.08,-1,273.34
01:13.3,0,100,0,0,0,0,0,0,0,0,0.0010145,-0.00566053,-0.000391164,-0.1705935,-0.01450496,-9.820223,-0.27579024,0.010324138,0.01032526,0.014354206,0,0.08,-1,273.34
01:13.4,0,100,0,0,0,0,0,0,0,0,-0.0020909,-0.006069329,-0.000387253,-0.17904705,-0.014799945,-9.8147465,-0.30065656,0.010087623,0.01034865,0.014553804,0,0.08,-1,273.34
01:13.4,0,100,0,0,0,0,0,0,0,0,-0.0051963,-0.006478128,-0.000383341,-0.1875006,-0.01509493,-9.80927,-0.32552288,0.009851107,0.01037204,0.014753402,0,0.08,-1,273.34
01:13.4,0,100,0,0,0,0,0,0,0,0,-0.001592078,-0.00520733,6.13E-05,-0.17828535,-0.01441486,-9.8094045,-0.3503892,0.009614591,0.01039543,0.014953,0,0.08,-1,273.34
01:13.4,0,100,0,0,0,0,0,0,0,0,0.002012145,-0.003936532,0.000505883,-0.1690701,-0.01373479,-9.809539,-0.33117432,0.009873825,0.01055208,0.015064572,0,0.08,-1,273.34
01:13.4,0,100,0,0,0,0,0,0,0,0,0.001293348,-0.005155512,0.000350991,-0.169691,-0.01444551,-9.80987,-0.31195944,0.010133059,0.01070873,0.015176144,0,0.08,-1,273.34
01:13.5,0,100,0,0,0,0,0,0,0,0,0.00057455,-0.006374491,0.000196099,-0.1703119,-0.01515623,-9.810201,-0.29274456,0.010392292,0.01086538,0.015287716,0,0.08,-1,273.34
01:13.5,0,100,0,0,0,0,0,0,0,0,0.0012426,-0.005951126,0.00041006,-0.1704158,-0.013517685,-9.815244,-0.27352968,0.010651526,0.01102203,0.015399288,0,0.08,-1,273.34
01:13.5,0,100,0,0,0,0,0,0,0,0,0.00191065,-0.005527761,0.000624022,-0.1705197,-0.01187914,-9.820287,-0.2543148,0.01091076,0.01117868,0.01551086,0,0.08,-1,273.34
01:13.5,0,100,0,0,0,0,0,0,0,0,0.000959601,-0.001572957,0.001368223,-0.17692865,-0.008018943,-9.8157625,-0.2723994,0.01092323,0.010976848,0.01497707,0,0.08,-1,273.34
01:13.5,0,100,0,0,0,0,0,0,0,0,8.55E-06,0.002381847,0.002112425,-0.1833376,-0.004158745,-9.811238,-0.290484,0.0109357,0.010775016,0.01444328,0,0.08,-1,273.34
01:13.6,0,100,0,0,0,0,0,0,0,0,-0.000464679,0.000141129,0.001787541,-0.1791275,-0.000641322,-9.8135245,-0.3085686,0.01094817,0.010573184,0.01390949,0,0.08,-1,273.34
01:13.6,0,100,0,0,0,0,0,0,0,0,-0.00093791,-0.00209959,0.001462656,-0.1749174,0.002876102,-9.815811,-0.3266532,0.01096064,0.010371352,0.0133757,0,0.08,-1,273.34
01:13.6,0,100,0,0,0,0,0,0,0,0,-7.80E-05,-0.00393531,0.000810229,-0.17540385,-0.008662954,-9.8123395,-0.3447378,0.01097311,0.01016952,0.01284191,0,0.08,-1,273.34
01:13.6,0,100,0,0,0,0,0,0,0,0,0.000781952,-0.00577103,0.000157803,-0.1758903,-0.02020201,-9.808868,-0.3345652,0.020086484,0.021150672,0.024353718,0,0.08,-1,273.34
01:13.6,0,100,0,0,0,0,0,0,0,0,0.000887939,-0.005803878,-0.000345965,-0.17233125,-0.018876875,-9.812722,-0.3243926,0.029199858,0.032131824,0.035865526,0,0.08,-1,273.34
01:13.7,0,100,0,0,0,0,0,0,0,0,0.000993925,-0.005836725,-0.000849732,-0.1687722,-0.01755174,-9.816576,-0.31422,0.038313232,0.043112976,0.047377334,0,0.08,-1,273.34
01:13.7,0,100,0,0,0,0,0,0,0,0,0.001616516,-0.00562604,-4.47E-05,-0.17141415,-0.017087405,-9.8149905,-0.3040474,0.047426606,0.054094128,0.058889142,0,0.08,-1,273.34
01:13.7,0,100,0,0,0,0,0,0,0,0,0.002239106,-0.005415355,0.000760307,-0.1740561,-0.01662307,-9.813405,-0.2938748,0.05653998,0.06507528,0.07040095,0,0.08,-1,273.34
01:13.7,0,100,0,0,0,0,0,0,0,0,0.001217848,-0.005460248,0.000543096,-0.17090495,-0.016695465,-9.8141695,-0.30178682,0.047089958,0.054183766,0.058323934,0,0.08,-1,273.34
01:13.7,0,100,0,0,0,0,0,0,0,0,0.000196589,-0.00550514,0.000325885,-0.1677538,-0.01676786,-9.814934,-0.30969884,0.037639936,0.043292252,0.046246918,0,0.08,-1,273.34
01:13.8,0,100,0,0,0,0,0,0,0,0,-0.000270218,-0.002632011,0.001037959,-0.16970735,-0.011640519,-9.811828,-0.31761086,0.028189915,0.032400738,0.034169902,0,0.08,-1,273.34
01:13.8,0,100,0,0,0,0,0,0,0,0,-0.000737025,0.000241119,0.001750033,-0.1716609,-0.006513178,-9.808722,-0.32552288,0.018739893,0.021509224,0.022092886,0,0.08,-1,273.34
01:13.8,0,100,0,0,0,0,0,0,0,0,7.02E-05,-0.002306296,0.000928001,-0.1706752,-0.012834869,-9.8102525,-0.3334349,0.009289871,0.01061771,0.01001587,0,0.08,-1,273.34
01:13.8,0,100,0,0,0,0,0,0,0,0,0.000877506,-0.004853711,0.000105968,-0.1696895,-0.01915656,-9.811783,-0.34812864,0.009058754,0.010344622,0.009988292,0,0.08,-1,273.34
01:13.8,0,100,0,0,0,0,0,0,0,0,0.001184231,-0.005919624,0.000220127,-0.1685158,-0.016740385,-9.8126775,-0.36282238,0.008827637,0.010071535,0.009960714,0,0.08,-1,273.34
01:13.9,0,100,0,0,0,0,0,0,0,0,0.001490955,-0.006985536,0.000334285,-0.1673421,-0.01432421,-9.813572,-0.37751612,0.00859652,0.009798447,0.009933137,0,0.08,-1,273.34
01:13.9,0,100,0,0,0,0,0,0,0,0,0.001164475,-0.006685714,-0.000122929,-0.1684242,-0.013815005,-9.81369,-0.39220986,0.008365403,0.00952536,0.009905559,0,0.08,-1,273.34
01:13.9,0,100,0,0,0,0,0,0,0,0,0.000837996,-0.006385892,-0.000580142,-0.1695063,-0.0133058,-9.813808,-0.4069036,0.008134286,0.009252272,0.009877981,0,0.08,-1,273.34
01:13.9,0,100,0,0,0,0,0,0,0,0,-0.001886054,-0.004855943,0.001594828,-0.17341155,-0.010738844,-9.809423,-0.3696041,0.008065032,0.009320626,0.010236807,0,0.08,-1,273.34
01:13.9,0,100,0,0,0,0,0,0,0,0,-0.004610104,-0.003325994,0.003769798,-0.1773168,-0.008171887,-9.805038,-0.3323046,0.007995777,0.009388981,0.010595633,0,0.08,-1,273.34
01:14.0,0,100,0,0,0,0,0,0,0,0,-0.001887957,-0.004418858,0.00247833,-0.17350595,-0.010591423,-9.80933,-0.2950051,0.007926523,0.009457335,0.010954458,0,0.08,-1,273.34
01:14.0,0,100,0,0,0,0,0,0,0,0,0.000834189,-0.005511721,0.001186861,-0.1696951,-0.01301096,-9.813622,-0.2577056,0.007857268,0.00952569,0.011313284,0,0.08,-1,273.34
01:14.0,0,100,0,0,0,0,0,0,0,0,0.000793982,-0.004834583,0.00051603,-0.1709834,-0.0149309,-9.8128815,-0.2204061,0.007788014,0.009594044,0.01167211,0,0.08,-1,273.34
01:14.0,0,100,0,0,0,0,0,0,0,0,0.000753775,-0.004157445,-0.000154801,-0.1722717,-0.01685084,-9.812141,-0.23396956,0.007804606,0.009637611,0.011363858,0,0.08,-1.002,273.34
01:14.0,0,100,0,0,0,0,0,0,0,0,0.000905559,-0.005021229,0.000217652,-0.171269,-0.01625498,-9.8125885,-0.24753302,0.007821198,0.009681177,0.011055606,0,0.08,-1.004,273.34
01:14.1,0,100,0,0,0,0,0,0,0,0,0.001057344,-0.005885013,0.000590106,-0.1702663,-0.01565912,-9.813036,-0.26109648,0.007837789,0.009724744,0.010747354,0,0.08,-1.006,273.34
01:14.1,0,100,0,0,0,0,0,0,0,0,0.000989114,-0.005946791,0.000196784,-0.16868745,-0.015089125,-9.812279,-0.27465994,0.007854381,0.00976831,0.010439102,0,0.08,-1.008,273.34
01:14.1,0,100,0,0,0,0,0,0,0,0,0.000920884,-0.006008569,-0.000196538,-0.1671086,-0.01451913,-9.811522,-0.2882234,0.007870973,0.009811877,0.01013085,0,0.08,-1.01,273.34
01:14.1,0,100,0,0,0,0,0,0,0,0,0.001508169,-0.001224045,-0.001796826,-0.17236565,-0.012778265,-9.8138105,-0.26561764,0.008127108,0.009926746,0.010032498,0,0.08,-1.01,273.34
01:14.1,0,100,0,0,0,0,0,0,0,0,0.002095454,0.00356048,-0.003397114,-0.1776227,-0.0110374,-9.816099,-0.24301188,0.008383243,0.010041614,0.009934147,0,0.08,-1.01,273.34
01:14.2,0,100,0,0,0,0,0,0,0,0,0.001536763,-0.001703796,-0.001350197,-0.1734075,-0.011788645,-9.815997,-0.22040612,0.008639378,0.010156483,0.009835795,0,0.08,-1.01,273.34
01:14.2,0,100,0,0,0,0,0,0,0,0,0.000978072,-0.006968071,0.000696719,-0.1691923,-0.01253989,-9.815895,-0.19780036,0.008895513,0.010271351,0.009737444,0,0.08,-1.01,273.34
01:14.2,0,100,0,0,0,0,0,0,0,0,0.001139647,-0.006489859,0.000926499,-0.1688841,-0.01379117,-9.8156055,-0.1751946,0.009151648,0.01038622,0.009639092,0,0.08,-1.01,273.34
01:14.2,0,100,0,0,0,0,0,0,0,0,0.001301222,-0.006011646,0.001156278,-0.1685759,-0.01504245,-9.815316,-0.20006094,0.009170909,0.010377856,0.009602653,0,0.08,-1.01,273.34
01:14.2,0,100,0,0,0,0,0,0,0,0,0.001308231,-0.006004455,0.00030267,-0.17048505,-0.01349906,-9.813554,-0.22492728,0.00919017,0.010369492,0.009566214,0,0.08,-1.01,273.34
01:14.3,0,100,0,0,0,0,0,0,0,0,0.00131524,-0.005997264,-0.000550938,-0.1723942,-0.01195567,-9.811792,-0.24979362,0.009209432,0.010361128,0.009529776,0,0.08,-1.01,273.34
01:14.3,0,100,0,0,0,0,0,0,0,0,0.000481907,-0.003616534,-0.000150239,-0.17831505,-0.004374408,-9.80438,-0.27465996,0.009228693,0.010352764,0.009493337,0,0.08,-1.01,273.34
01:14.3,0,100,0,0,0,0,0,0,0,0,-0.000351427,-0.001235804,0.000250461,-0.1842359,0.003206854,-9.796968,-0.2995263,0.009247954,0.0103444,0.009456898,0,0.08,-1.01,273.34
01:14.3,0,100,0,0,0,0,0,0,0,0,0.002174563,-0.00014426,6.09E-05,-0.1903644,0.001285352,-9.8106145,-0.29613542,0.018477229,0.021054704,0.022572872,0,0.08,-1.01,273.34
01:14.3,0,100,0,0,0,0,0,0,0,0,0.004700552,0.000947284,-0.000128723,-0.1964929,-0.000636151,-9.824261,-0.29274454,0.027706504,0.031765008,0.035688847,0,0.08,-1.01,273.34
01:14.4,0,100,0,0,0,0,0,0,0,0,0.002648481,-0.002267523,0.000330394,-0.18336075,-0.00791015,-9.819131,-0.28935366,0.03693578,0.042475312,0.048804821,0,0.08,-1.01,273.34
01:14.4,0,100,0,0,0,0,0,0,0,0,0.00059641,-0.005482331,0.000789511,-0.1702286,-0.01518415,-9.814001,-0.28596278,0.046165055,0.053185616,0.061920796,0,0.08,-1.01,273.34
01:14.4,0,100,0,0,0,0,0,0,0,0,0.001116569,-0.005392862,0.000344448,-0.1706105,-0.01511394,-9.8148545,-0.2825719,0.05539433,0.06389592,0.07503677,0,0.08,-1.01,273.34
01:14.4,0,100,0,0,0,0,0,0,0,0,0.001636728,-0.005303393,-0.000100616,-0.1709924,-0.01504373,-9.815708,-0.2735296,0.055516864,0.063005194,0.07481138,0,0.08,-1.01,273.34
01:14.4,0,100,0,0,0,0,0,0,0,0,0.001343474,-0.005162947,0.000178066,-0.1717566,-0.01346706,-9.8164425,-0.2644873,0.055639398,0.062114468,0.07458599,0,0.08,-1.01,273.34
01:14.5,0,100,0,0,0,0,0,0,0,0,0.00105022,-0.005022501,0.000456747,-0.1725208,-0.01189039,-9.817177,-0.255445,0.055761932,0.061223742,0.0743606,0,0.08,-1.01,273.34
01:14.5,0,100,0,0,0,0,0,0,0,0,0.000933663,-0.004075034,0.001426429,-0.17879745,-0.005833853,-9.806164,-0.2464027,0.055884466,0.060333016,0.07413521,0,0.08,-1.01,273.34
01:14.5,0,100,0,0,0,0,0,0,0,0,0.000817106,-0.003127567,0.002396111,-0.1850741,0.000222684,-9.795151,-0.2373604,0.056007,0.05944229,0.07390982,0,0.08,-1.01,273.34
01:14.5,0,100,0,0,0,0,0,0,0,0,0.00070594,-0.000545784,0.003980197,-0.18225475,-0.003022362,-9.7977195,-0.2565753,0.046791026,0.049827614,0.061483236,0,0.08,-1.01,273.34
01:14.5,0,100,0,0,0,0,0,0,0,0,0.000594774,0.002035998,0.005564283,-0.1794354,-0.006267409,-9.800288,-0.2757902,0.037575053,0.040212938,0.049056652,0,0.08,-1.01,273.34
01:14.6,0,100,0,0,0,0,0,0,0,0,0.000856432,-0.002252539,0.002831773,-0.17501315,-0.012146035,-9.8095175,-0.2950051,0.028359079,0.030598262,0.036630068,0,0.08,-1.01,273.34
01:14.6,0,100,0,0,0,0,0,0,0,0,0.001118091,-0.006541075,9.93E-05,-0.1705909,-0.01802466,-9.818747,-0.31422,0.019143106,0.020983586,0.024203484,0,0.08,-1.01,273.34
01:14.6,0,100,0,0,0,0,0,0,0,0,0.00133404,-0.005690529,0.000545154,-0.1701128,-0.01455881,-9.817179,-0.3334349,0.009927132,0.01136891,0.0117769,0,0.08,-1.01,273.34
01:14.6,0,100,0,0,0,0,0,0,0,0,0.001549989,-0.004839982,0.000991044,-0.1696347,-0.01109296,-9.815611,-0.36282238,0.009759774,0.011102486,0.011704264,0,0.08,-1.01,273.34
01:14.6,0,100,0,0,0,0,0,0,0,0,0.00178802,-0.005249346,0.000538083,-0.16937255,-0.01381684,-9.8163665,-0.39220986,0.009592417,0.010836062,0.011631628,0,0.08,-1.01,273.34
01:14.7,0,100,0,0,0,0,0,0,0,0,0.00202605,-0.005658709,8.51E-05,-0.1691104,-0.01654072,-9.817122,-0.42159734,0.009425059,0.010569638,0.011558992,0,0.08,-1.01,273.34
01:14.7,0,100,0,0,0,0,0,0,0,0,0.001318815,-0.005585331,0.000329636,-0.1672613,-0.015946855,-9.8165455,-0.45098482,0.009257702,0.010303214,0.011486356,0,0.08,-1.01,273.34
01:14.7,0,100,0,0,0,0,0,0,0,0,0.000611581,-0.005511953,0.000574151,-0.1654122,-0.01535299,-9.815969,-0.4803723,0.009090344,0.01003679,0.01141372,0,0.08,-1.01,273.34
01:14.7,0,100,0,0,0,0,0,0,0,0,0.000479946,-0.004936711,0.000387118,-0.16798535,-0.01786058,-9.8171235,-0.44194252,0.009226425,0.01003275,0.011165502,0,0.08,-1.01,273.34
01:14.7,0,100,0,0,0,0,0,0,0,0,0.000348312,-0.004361469,0.000200085,-0.1705585,-0.02036817,-9.818278,-0.40351274,0.009362506,0.01002871,0.010917284,0,0.08,-1.01,273.34
01:14.8,0,100,0,0,0,0,0,0,0,0,0.000890057,-0.004206717,-0.000247924,-0.1684867,-0.015810565,-9.8172405,-0.36508296,0.009498588,0.01002467,0.010669066,0,0.08,-1.01,273.34
01:14.8,0,100,0,0,0,0,0,0,0,0,0.001431802,-0.004051965,-0.000695933,-0.1664149,-0.01125296,-9.816203,-0.32665318,0.009634669,0.01002063,0.010420848,0,0.08,-1.01,273.34
01:14.8,0,100,0,0,0,0,0,0,0,0,0.001572916,-0.004412915,2.60E-05,-0.16979285,-0.015465855,-9.8161245,-0.2882234,0.00977075,0.01001659,0.01017263,0,0.08,-1.01,273.34
01:14.8,0,100,0,0,0,0,0,0,0,0,0.00171403,-0.004773864,0.000747881,-0.1731708,-0.01967875,-9.816046,-0.29613542,0.009614272,0.009965461,0.009989638,0,0.08,-1.01,273.34
01:14.8,0,100,0,0,0,0,0,0,0,0,0.001705581,-0.004824904,0.000872562,-0.1709108,-0.01591963,-9.8161835,-0.30404744,0.009457794,0.009914331,0.009806645,0,0.08,-1.01,273.34
01:14.9,0,100,0,0,0,0,0,0,0,0,0.001697132,-0.004875944,0.000997242,-0.1686508,-0.01216051,-9.816321,-0.31195946,0.009301315,0.009863202,0.009623653,0,0.08,-1.01,273.34
01:14.9,0,100,0,0,0,0,0,0,0,0,0.000979763,-0.003637245,-0.000400356,-0.1764424,-0.011410675,-9.8169285,-0.31987148,0.009144837,0.009812072,0.00944066,0,0.08,-1.01,273.34
01:14.9,0,100,0,0,0,0,0,0,0,0,0.000262394,-0.002398545,-0.001797955,-0.184234,-0.01066084,-9.817536,-0.3277835,0.008988359,0.009760943,0.009257668,0,0.08,-1.01,273.34
01:14.9,0,100,0,0,0,0,0,0,0,0,0.000242228,-0.003872648,-0.000801182,-0.175099,-0.012263525,-9.8178045,-0.33795608,0.00882585,0.009966422,0.008932163,0,0.08,-1.008,273.34
01:14.9,0,100,0,0,0,0,0,0,0,0,0.000222062,-0.005346751,0.000195591,-0.165964,-0.01386621,-9.818073,-0.34812866,0.00866334,0.010171902,0.008606658,0,0.08,-1.006,273.34
01:15.0,0,100,0,0,0,0,0,0,0,0,0.000724284,-0.005073481,9.36E-05,-0.16929805,-0.017099035,-9.817001,-0.35830124,0.008500831,0.010377381,0.008281152,0,0.08,-1.004,273.34
01:15.0,0,100,0,0,0,0,0,0,0,0,0.001226507,-0.004800211,-8.44E-06,-0.1726321,-0.02033186,-9.815929,-0.36847382,0.008338321,0.010582861,0.007955647,0,0.08,-1.002,273.34
01:15.0,0,100,0,0,0,0,0,0,0,0,0.000816078,-0.005695401,0.000562029,-0.17082665,-0.01783477,-9.8163605,-0.3786464,0.008175812,0.01078834,0.007630142,0,0.08,-1,273.34
01:15.0,0,100,0,0,0,0,0,0,0,0,0.000405649,-0.00659059,0.001132494,-0.1690212,-0.01533768,-9.816792,-0.36734352,0.008367737,0.010669034,0.008017982,0,0.08,-1,273.34
01:15.0,0,100,0,0,0,0,0,0,0,0,0.000858967,-0.002789264,-0.000979615,-0.1757089,-0.01426348,-9.8078,-0.35604064,0.008559662,0.010549728,0.008405822,0,0.08,-1,273.34
01:15.1,0,100,0,0,0,0,0,0,0,0,0.001312286,0.001012063,-0.003091724,-0.1823966,-0.01318928,-9.798808,-0.34473776,0.008751588,0.010430422,0.008793661,0,0.08,-1,273.34
01:15.1,0,100,0,0,0,0,0,0,0,0,0.0014682,0.000940748,-0.001285017,-0.17908415,-0.007607545,-9.7948665,-0.33343488,0.008943513,0.010311116,0.009181501,0,0.08,-1,273.34
01:15.1,0,100,0,0,0,0,0,0,0,0,0.001624114,0.000869434,0.000521689,-0.1757717,-0.002025809,-9.790925,-0.322132,0.009135438,0.01019181,0.009569341,0,0.08,-1,273.34
01:15.1,0,100,0,0,0,0,0,0,0,0,0.001453935,-0.002106315,-0.000255696,-0.17383345,-0.00995559,-9.806211,-0.3311743,0.01813462,0.020947972,0.022433949,0,0.08,-1,273.34
01:15.1,0,100,0,0,0,0,0,0,0,0,0.001283756,-0.005082064,-0.001033082,-0.1718952,-0.01788537,-9.821497,-0.3402166,0.027133803,0.031704134,0.035298557,0,0.08,-1,273.34
01:15.2,0,100,0,0,0,0,0,0,0,0,0.001040375,-0.005831016,-0.000768229,-0.17181345,-0.013796183,-9.820627,-0.3492589,0.036132985,0.042460296,0.048163164,0,0.08,-1,273.34
01:15.2,0,100,0,0,0,0,0,0,0,0,0.000796993,-0.006579967,-0.000503376,-0.1717317,-0.009706996,-9.819757,-0.3583012,0.045132168,0.053216458,0.061027772,0,0.08,-1,273.34
01:15.2,0,100,0,0,0,0,0,0,0,0,0.001120889,-0.005914147,0.000188907,-0.17103975,-0.012055713,-9.819439,-0.3673435,0.05413135,0.06397262,0.07389238,0,0.08,-1,273.34
01:15.2,0,100,0,0,0,0,0,0,0,0,0.001444785,-0.005248326,0.000881191,-0.1703478,-0.01440443,-9.819121,-0.38881898,0.053821986,0.06457552,0.07300217,0,0.08,-1,273.34
01:15.2,0,100,0,0,0,0,0,0,0,0,0.000690329,-0.005682255,0.000796105,-0.17050765,-0.011125937,-9.819089,-0.41029446,0.053512622,0.06517842,0.07211196,0,0.08,-1,273.34
01:15.3,0,100,0,0,0,0,0,0,0,0,-6.41E-05,-0.006116184,0.000711019,-0.1706675,-0.007847443,-9.819057,-0.43176994,0.053203258,0.06578132,0.07122175,0,0.08,-1,273.34
01:15.3,0,100,0,0,0,0,0,0,0,0,0.000285624,-0.00582013,0.00026156,-0.17011545,-0.011846022,-9.8175315,-0.45324542,0.052893894,0.06638422,0.07033154,0,0.08,-1,273.34
01:15.3,0,100,0,0,0,0,0,0,0,0,0.000635375,-0.005524077,-0.0001879,-0.1695634,-0.0158446,-9.816006,-0.4747209,0.05258453,0.06698712,0.06944133,0,0.08,-1,273.34
01:15.3,0,100,0,0,0,0,0,0,0,0,0.001860146,-0.000866442,-0.000552528,-0.17931965,-0.010575616,-9.809482,-0.44081226,0.043734911,0.055735402,0.057684456,0,0.08,-1,273.34
01:15.3,0,100,0,0,0,0,0,0,0,0,0.003084916,0.003791193,-0.000917156,-0.1890759,-0.005306632,-9.802958,-0.40690362,0.034885292,0.044483684,0.045927582,0,0.08,-1,273.34
01:15.4,0,100,0,0,0,0,0,0,0,0,0.001751098,-0.000682543,-5.63E-05,-0.18071545,-0.012331396,-9.808636,-0.37299498,0.026035672,0.033231966,0.034170708,0,0.08,-1,273.34
01:15.4,0,100,0,0,0,0,0,0,0,0,0.00041728,-0.005156278,0.000804647,-0.172355,-0.01935616,-9.814314,-0.33908634,0.017186053,0.021980248,0.022413834,0,0.08,-1,273.34
01:15.4,0,100,0,0,0,0,0,0,0,0,-0.000237607,-0.005403806,0.000752848,-0.1705662,-0.01601376,-9.816292,-0.3051777,0.008336434,0.01072853,0.01065696,0,0.08,-1,273.34
01:15.4,0,100,0,0,0,0,0,0,0,0,-0.000892495,-0.005651334,0.000701049,-0.1687774,-0.01267136,-9.81827,-0.30065654,0.008492304,0.010573955,0.010541472,0,0.08,-1,273.34
01:15.4,0,100,0,0,0,0,0,0,0,0,-0.000194388,-0.005528279,0.000520142,-0.16878725,-0.015712555,-9.8186355,-0.29613538,0.008648175,0.010419381,0.010425984,0,0.08,-1,273.34
01:15.5,0,100,0,0,0,0,0,0,0,0,0.000503719,-0.005405224,0.000339235,-0.1687971,-0.01875375,-9.819001,-0.29161422,0.008804045,0.010264806,0.010310496,0,0.08,-1,273.34
01:15.5,0,100,0,0,0,0,0,0,0,0,-0.002080885,-0.002987431,3.52E-05,-0.1767809,-0.007280378,-9.8093395,-0.28709306,0.008959916,0.010110232,0.010195008,0,0.08,-1,273.34
01:15.5,0,100,0,0,0,0,0,0,0,0,-0.00466549,-0.000569637,-0.000268882,-0.1847647,0.004192995,-9.799678,-0.2825719,0.009115786,0.009955657,0.01007952,0,0.08,-1,273.34
01:15.5,0,100,0,0,0,0,0,0,0,0,-0.001833538,-0.00309196,-0.000476288,-0.1778627,-0.003170223,-9.8074025,-0.27126904,0.008958445,0.009584924,0.01008883,0,0.08,-1,273.34
01:15.5,0,100,0,0,0,0,0,0,0,0,0.000998414,-0.005614283,-0.000683693,-0.1709607,-0.01053344,-9.815127,-0.25996618,0.008801103,0.00921419,0.01009814,0,0.08,-1,273.34
01:15.6,0,100,0,0,0,0,0,0,0,0,0.001085245,-0.005820822,-0.000410777,-0.17076675,-0.01301091,-9.8151055,-0.24866332,0.008643762,0.008843457,0.01010745,0,0.08,-1,273.34
01:15.6,0,100,0,0,0,0,0,0,0,0,0.001172076,-0.006027361,-0.00013786,-0.1705728,-0.01548838,-9.815084,-0.23736046,0.00848642,0.008472723,0.01011676,0,0.08,-1,273.34
01:15.6,0,100,0,0,0,0,0,0,0,0,0.001148856,-0.00508409,-0.00022455,-0.1707062,-0.015048045,-9.8174905,-0.2260576,0.008329079,0.00810199,0.01012607,0,0.08,-1,273.34
01:15.6,0,100,0,0,0,0,0,0,0,0,0.001125636,-0.004140819,-0.00031124,-0.1708396,-0.01460771,-9.819897,-0.24188162,0.008321075,0.008449179,0.010169698,0,0.08,-1,273.34
01:15.6,0,100,0,0,0,0,0,0,0,0,0.000859734,-0.004679176,0.000248515,-0.17131135,-0.012409905,-9.8212665,-0.25770564,0.008313071,0.008796368,0.010213326,0,0.08,-1,273.34
01:15.7,0,100,0,0,0,0,0,0,0,0,0.000593831,-0.005217532,0.00080827,-0.1717831,-0.0102121,-9.822636,-0.27352966,0.008305067,0.009143558,0.010256954,0,0.08,-1,273.34
01:15.7,0,100,0,0,0,0,0,0,0,0,-0.000423223,-0.002131943,0.000566996,-0.1810312,-0.006675029,-9.8195725,-0.28935368,0.008297063,0.009490747,0.010300582,0,0.08,-1,273.34
01:15.7,0,100,0,0,0,0,0,0,0,0,-0.001440277,0.000953646,0.000325722,-0.1902793,-0.003137957,-9.816509,-0.3051777,0.008289059,0.009837936,0.01034421,0,0.08,-1,273.34
01:15.7,0,100,0,0,0,0,0,0,0,0,-0.000603235,-0.001979076,0.000242993,-0.18142715,-0.009940859,-9.814692,-0.29274454,0.008320379,0.009974629,0.010445866,0,0.08,-1,273.34
01:15.7,0,100,0,0,0,0,0,0,0,0,0.000233808,-0.004911799,0.000160264,-0.172575,-0.01674376,-9.812875,-0.28031138,0.008351699,0.010111322,0.010547522,0,0.08,-1,273.34
01:15.8,0,100,0,0,0,0,0,0,0,0,0.000379838,-0.004395872,-1.64E-05,-0.17220045,-0.01701489,-9.815105,-0.26787822,0.008383019,0.010248014,0.010649178,0,0.08,-1,273.34
01:15.8,0,100,0,0,0,0,0,0,0,0,0.000525868,-0.003879945,-0.000192989,-0.1718259,-0.01728602,-9.817335,-0.25544506,0.008414339,0.010384707,0.010750834,0,0.08,-1,273.34
01:15.8,0,100,0,0,0,0,0,0,0,0,0.000986082,-0.005077635,0.000237636,-0.1734371,-0.01384319,-9.816197,-0.2430119,0.008445659,0.0105214,0.01085249,0,0.08,-1,273.34
01:15.8,0,100,0,0,0,0,0,0,0,0,0.001446296,-0.006275325,0.00066826,-0.1750483,-0.01040036,-9.815059,-0.24979362,0.008350463,0.010459016,0.010973448,0,0.08,-1,273.34
01:15.8,0,100,0,0,0,0,0,0,0,0,0.001783306,-0.003986465,0.000700856,-0.17675995,-0.006312873,-9.81321,-0.25657534,0.008255266,0.010396632,0.011094406,0,0.08,-1,273.34
01:15.9,0,100,0,0,0,0,0,0,0,0,0.002120315,-0.001697604,0.000733452,-0.1784716,-0.002225385,-9.811361,-0.26335706,0.00816007,0.010334248,0.011215364,0,0.08,-1,273.34
01:15.9,0,100,0,0,0,0,0,0,0,0,0.002238697,-0.002953479,0.001216543,-0.18298985,-0.005974448,-9.8063885,-0.27013878,0.008064873,0.010271864,0.011336322,0,0.08,-1,273.34
01:15.9,0,100,0,0,0,0,0,0,0,0,0.002357078,-0.004209354,0.001699634,-0.1875081,-0.00972351,-9.801416,-0.2769205,0.007969677,0.01020948,0.01145728,0,0.08,-1,273.34
01:15.9,0,100,0,0,0,0,0,0,0,0,0.00197895,-0.004960797,0.000977231,-0.1783557,-0.013146495,-9.8096865,-0.29048396,0.008296682,0.010022911,0.011324248,0,0.08,-0.998,273.342
01:15.9,0,100,0,0,0,0,0,0,0,0,0.001600821,-0.005712239,0.000254828,-0.1692033,-0.01656948,-9.817957,-0.30404742,0.008623687,0.009836342,0.011191216,0,0.08,-0.996,273.344
01:16.0,0,100,0,0,0,0,0,0,0,0,0.001535155,-0.00491491,0.000161575,-0.17017325,-0.01776619,-9.817528,-0.31761088,0.008950691,0.009649773,0.011058184,0,0.08,-0.994,273.346
01:16.0,0,100,0,0,0,0,0,0,0,0,0.001469488,-0.004117582,6.83E-05,-0.1711432,-0.0189629,-9.817099,-0.33117434,0.009277696,0.009463204,0.010925152,0,0.08,-0.992,273.348
01:16.0,0,100,0,0,0,0,0,0,0,0,0.00133987,-0.005277778,0.000231035,-0.1718987,-0.01563479,-9.818502,-0.3447378,0.009604701,0.009276635,0.01079212,0,0.08,-0.99,273.35
01:16.0,0,100,0,0,0,0,0,0,0,0,0.001210252,-0.006437973,0.000393747,-0.1726542,-0.01230668,-9.819905,-0.3255229,0.018903479,0.020527996,0.022822948,0,0.08,-0.992,273.35
01:16.0,0,100,0,0,0,0,0,0,0,0,0.001446742,-0.005630423,0.000280945,-0.17117775,-0.01217675,-9.8180945,-0.306308,0.028202257,0.031779357,0.034853776,0,0.08,-0.994,273.35
01:16.1,0,100,0,0,0,0,0,0,0,0,0.001683231,-0.004822873,0.000168143,-0.1697013,-0.01204682,-9.816284,-0.2870931,0.037501034,0.043030718,0.046884604,0,0.08,-0.996,273.35
01:16.1,0,100,0,0,0,0,0,0,0,0,0.002435223,-0.00299479,0.001956591,-0.1726918,-0.003100478,-9.811031,-0.2678782,0.046799812,0.054282079,0.058915432,0,0.08,-0.998,273.35
01:16.1,0,100,0,0,0,0,0,0,0,0,0.003187215,-0.001166706,0.00374504,-0.1756823,0.005845865,-9.805778,-0.2486633,0.05609859,0.06553344,0.07094626,0,0.08,-1,273.35
01:16.1,0,100,0,0,0,0,0,0,0,0,0.002407621,-0.003213589,0.002392371,-0.171308,-0.005763853,-9.810908,-0.28144164,0.046440036,0.054428382,0.058697779,0,0.08,-0.998,273.35
01:16.1,0,100,0,0,0,0,0,0,0,0,0.001628027,-0.005260471,0.001039703,-0.1669337,-0.01737357,-9.816038,-0.31421998,0.036781482,0.043323324,0.046449298,0,0.08,-0.996,273.35
01:16.2,0,100,0,0,0,0,0,0,0,0,0.001957943,-0.004968366,0.000603151,-0.1679775,-0.012733678,-9.8165665,-0.34699832,0.027122929,0.032218266,0.034200816,0,0.08,-0.994,273.35
01:16.2,0,100,0,0,0,0,0,0,0,0,0.002287859,-0.00467626,0.0001666,-0.1690213,-0.008093785,-9.817095,-0.37977666,0.017464375,0.021113208,0.021952335,0,0.08,-0.992,273.35
01:16.2,0,100,0,0,0,0,0,0,0,0,0.001543109,-0.004559083,-6.27E-05,-0.1690147,-0.011813978,-9.819564,-0.412555,0.007805821,0.01000815,0.009703854,0,0.08,-0.99,273.35
01:16.2,0,100,0,0,0,0,0,0,0,0,0.000798359,-0.004441905,-0.000292014,-0.1690081,-0.01553417,-9.822033,-0.36847378,0.008017649,0.010308232,0.009544387,0,0.08,-0.99,273.35
01:16.2,0,100,0,0,0,0,0,0,0,0,0.0008281,-0.005566819,3.88E-05,-0.17046905,-0.01510061,-9.8196875,-0.32439256,0.008229477,0.010608314,0.009384919,0,0.08,-0.99,273.35
01:16.3,0,100,0,0,0,0,0,0,0,0,0.000857841,-0.006691732,0.00036953,-0.17193,-0.01466705,-9.817342,-0.28031134,0.008441306,0.010908396,0.009225452,0,0.08,-0.99,273.35
01:16.3,0,100,0,0,0,0,0,0,0,0,0.001998082,-0.005835975,-0.001057547,-0.1690562,-0.007851081,-9.808895,-0.23623012,0.008653134,0.011208478,0.009065984,0,0.08,-0.99,273.35
01:16.3,0,100,0,0,0,0,0,0,0,0,0.003138323,-0.004980218,-0.002484625,-0.1661824,-0.001035113,-9.800448,-0.1921489,0.008864962,0.01150856,0.008906517,0,0.08,-0.99,273.35
01:16.3,0,100,0,0,0,0,0,0,0,0,0.002098459,-0.004623917,-0.001054613,-0.16912995,-0.007032512,-9.808971,-0.19780034,0.008931946,0.011201858,0.009218298,0,0.08,-0.99,273.35
01:16.3,0,100,0,0,0,0,0,0,0,0,0.001058594,-0.004267616,0.0003754,-0.1720775,-0.01302991,-9.817494,-0.20345178,0.00899893,0.010895156,0.009530078,0,0.08,-0.99,273.35
01:16.4,0,100,0,0,0,0,0,0,0,0,0.00112638,-0.004337148,-0.000132551,-0.17239305,-0.015128385,-9.817847,-0.20910322,0.009065914,0.010588455,0.009841859,0,0.08,-0.99,273.35
01:16.4,0,100,0,0,0,0,0,0,0,0,0.001194165,-0.00440668,-0.000640501,-0.1727086,-0.01722686,-9.8182,-0.21475466,0.009132898,0.010281753,0.010153639,0,0.08,-0.99,273.35
01:16.4,0,100,0,0,0,0,0,0,0,0,0.000791307,-0.004612935,-0.000636222,-0.17180015,-0.016530005,-9.8187285,-0.2204061,0.009199882,0.009975051,0.01046542,0,0.08,-0.99,273.35
01:16.4,0,100,0,0,0,0,0,0,0,0,0.000388448,-0.004819189,-0.000631944,-0.1708917,-0.01583315,-9.819257,-0.2204061,0.009077379,0.009972568,0.011135516,0,0.08,-0.99,273.35
01:16.4,0,100,0,0,0,0,0,0,0,0,0.001193821,-0.004665838,-0.000357141,-0.1711584,-0.014994895,-9.8181565,-0.2204061,0.008954875,0.009970085,0.011805612,0,0.08,-0.99,273.35
01:16.5,0,100,0,0,0,0,0,0,0,0,0.001999194,-0.004512487,-8.23E-05,-0.1714251,-0.01415664,-9.817056,-0.2204061,0.008832372,0.009967602,0.012475708,0,0.08,-0.99,273.35
01:16.5,0,100,0,0,0,0,0,0,0,0,0.002361393,-0.000942037,0.000870898,-0.17450685,-0.020078455,-9.812915,-0.2204061,0.008709868,0.009965119,0.013145804,0,0.08,-0.99,273.35
01:16.5,0,100,0,0,0,0,0,0,0,0,0.002723591,0.002628414,0.001824135,-0.1775886,-0.02600027,-9.808774,-0.2204061,0.008587365,0.009962636,0.0138159,0,0.08,-0.99,273.35
01:16.5,0,100,0,0,0,0,0,0,0,0,0.00112734,-0.001678329,0.001476012,-0.17368195,-0.02071223,-9.8138665,-0.20684266,0.008520286,0.009975335,0.013422932,0,0.08,-0.99,273.35
01:16.5,0,100,0,0,0,0,0,0,0,0,-0.00046891,-0.005985072,0.001127889,-0.1697753,-0.01542419,-9.818959,-0.19327922,0.008453206,0.009988034,0.013029964,0,0.08,-0.99,273.35
01:16.6,0,100,0,0,0,0,0,0,0,0,0.000428351,-0.005224729,0.000753073,-0.1700225,-0.014648605,-9.819052,-0.17971578,0.008386127,0.010000732,0.012636996,0,0.08,-0.99,273.35
01:16.6,0,100,0,0,0,0,0,0,0,0,0.001325612,-0.004464386,0.000378257,-0.1702697,-0.01387302,-9.819145,-0.16615234,0.008319047,0.010013431,0.012244028,0,0.08,-0.99,273.35
01:16.6,0,100,0,0,0,0,0,0,0,0,0.001449453,-0.005395791,-0.000220419,-0.17093145,-0.01572133,-9.819315,-0.1525889,0.008251968,0.01002613,0.01185106,0,0.08,-0.99,273.35
01:16.6,0,100,0,0,0,0,0,0,0,0,0.001573294,-0.006327195,-0.000819096,-0.1715932,-0.01756964,-9.819485,-0.1706735,0.008316114,0.010333016,0.012225914,0,0.08,-0.99,273.35
01:16.6,0,100,0,0,0,0,0,0,0,0,0.001574021,-0.006059423,-0.000250689,-0.17180915,-0.01614247,-9.8183665,-0.1887581,0.008380261,0.010639902,0.012600768,0,0.08,-0.99,273.35
01:16.7,0,100,0,0,0,0,0,0,0,0,0.001574747,-0.005791651,0.000317718,-0.1720251,-0.0147153,-9.817248,-0.2068427,0.008444407,0.010946788,0.012975622,0,0.08,-0.99,273.35
01:16.7,0,100,0,0,0,0,0,0,0,0,0.001200643,-0.005314131,0.000631904,-0.17159635,-0.01253808,-9.815831,-0.2249273,0.008508554,0.011253674,0.013350476,0,0.08,-0.99,273.35
01:16.7,0,100,0,0,0,0,0,0,0,0,0.000826539,-0.004836611,0.00094609,-0.1711676,-0.01036086,-9.814414,-0.2430119,0.0085727,0.01156056,0.01372533,0,0.08,-0.99,273.35
01:16.7,0,100,0,0,0,0,0,0,0,0,0.000826824,-0.005061548,0.00054335,-0.17104945,-0.012482425,-9.815925,-0.22718786,0.019077414,0.021402936,0.024666652,0,0.08,-0.988,273.35
01:16.7,0,100,0,0,0,0,0,0,0,0,0.000827109,-0.005286485,0.00014061,-0.1709313,-0.01460399,-9.817436,-0.21136382,0.029582128,0.031245312,0.035607974,0,0.08,-0.986,273.35
01:16.8,0,100,0,0,0,0,0,0,0,0,0.001280331,-0.005654117,-4.63E-05,-0.16909965,-0.015665285,-9.8180275,-0.19553978,0.040086842,0.041087688,0.046549296,0,0.08,-0.984,273.35
01:16.8,0,100,0,0,0,0,0,0,0,0,0.001733553,-0.006021748,-0.000233164,-0.167268,-0.01672658,-9.818619,-0.17971574,0.050591556,0.050930064,0.057490618,0,0.08,-0.982,273.35
01:16.8,0,100,0,0,0,0,0,0,0,0,0.000963355,-0.005723759,-0.000295981,-0.1686578,-0.01508757,-9.816494,-0.1638917,0.06109627,0.06077244,0.06843194,0,0.08,-0.98,273.35
01:16.8,0,100,0,0,0,0,0,0,0,0,0.000193158,-0.005425769,-0.000358797,-0.1700476,-0.01344856,-9.814369,-0.18084602,0.060570384,0.062006308,0.069163504,0,0.08,-0.98,273.35
01:16.8,0,100,0,0,0,0,0,0,0,0,0.000129746,-0.004034293,0.001258856,-0.17105645,-0.009752009,-9.807249,-0.19780034,0.060044498,0.063240176,0.069895068,0,0.08,-0.98,273.35
01:16.9,0,100,0,0,0,0,0,0,0,0,6.63E-05,-0.002642817,0.002876509,-0.1720653,-0.006055458,-9.800129,-0.21475466,0.059518612,0.064474044,0.070626632,0,0.08,-0.98,273.35
01:16.9,0,100,0,0,0,0,0,0,0,0,0.001212762,-0.003276144,0.002100855,-0.1736751,-0.013675594,-9.797338,-0.23170898,0.058992726,0.065707912,0.071358196,0,0.08,-0.98,273.35
01:16.9,0,100,0,0,0,0,0,0,0,0,0.00235919,-0.003909471,0.001325201,-0.1752849,-0.02129573,-9.794547,-0.2486633,0.05846684,0.06694178,0.07208976,0,0.08,-0.98,273.35
01:16.9,0,100,0,0,0,0,0,0,0,0,0.001234614,-0.005584571,8.48E-05,-0.1738041,-0.01947391,-9.8073475,-0.24188158,0.048404629,0.05544738,0.05950584,0,0.08,-0.98,273.35
01:16.9,0,100,0,0,0,0,0,0,0,0,0.000110037,-0.007259671,-0.001155645,-0.1723233,-0.01765209,-9.820148,-0.23509986,0.038342417,0.04395298,0.04692192,0,0.08,-0.98,273.35
01:17.0,0,100,0,0,0,0,0,0,0,0,0.000278285,-0.006667178,-0.000636416,-0.1732088,-0.016136405,-9.8185315,-0.22831814,0.028280206,0.032458579,0.034337999,0,0.08,-0.98,273.35
01:17.0,0,100,0,0,0,0,0,0,0,0,0.000446533,-0.006074685,-0.000117187,-0.1740943,-0.01462072,-9.816915,-0.22153642,0.018217994,0.020964179,0.021754079,0,0.08,-0.98,273.35
01:17.0,0,100,0,0,0,0,0,0,0,0,0.001103432,-0.005565384,4.36E-05,-0.17264525,-0.014737515,-9.819557,-0.2147547,0.008155783,0.009469779,0.009170159,0,0.08,-0.98,273.35
01:17.0,0,100,0,0,0,0,0,0,0,0,0.001760331,-0.005056082,0.000204428,-0.1711962,-0.01485431,-9.822199,-0.2147547,0.008542354,0.009701983,0.009665807,0,0.08,-0.98,273.35
01:17.0,0,100,0,0,0,0,0,0,0,0,0.001044943,-0.004732114,7.56E-05,-0.1728101,-0.0142824,-9.8217785,-0.2147547,0.008928926,0.009934187,0.010161455,0,0.08,-0.98,273.35
01:17.1,0,100,0,0,0,0,0,0,0,0,0.000329555,-0.004408146,-5.33E-05,-0.174424,-0.01371049,-9.821358,-0.2147547,0.009315497,0.010166392,0.010657104,0,0.08,-0.98,273.35
01:17.1,0,100,0,0,0,0,0,0,0,0,0.002039436,-0.001920211,-0.00147736,-0.1733272,-0.012823815,-9.816366,-0.2147547,0.009702069,0.010398596,0.011152752,0,0.08,-0.98,273.35
01:17.1,0,100,0,0,0,0,0,0,0,0,0.003749317,0.000567725,-0.002901449,-0.1722304,-0.01193714,-9.811374,-0.2147547,0.01008864,0.0106308,0.0116484,0,0.08,-0.98,273.35
01:17.1,0,100,0,0,0,0,0,0,0,0,0.002050962,-0.002470558,-0.001784623,-0.17166105,-0.011903495,-9.814023,-0.2418816,0.01022625,0.010529,0.011995164,0,0.08,-0.98,273.35
01:17.1,0,100,0,0,0,0,0,0,0,0,0.000352608,-0.005508841,-0.000667798,-0.1710917,-0.01186985,-9.816672,-0.2690085,0.01036386,0.0104272,0.012341928,0,0.08,-0.98,273.35
01:17.2,0,100,0,0,0,0,0,0,0,0,0.000148651,-0.005153252,-0.000311081,-0.1715434,-0.012849845,-9.818109,-0.2961354,0.01050147,0.0103254,0.012688692,0,0.08,-0.98,273.35
01:17.2,0,100,0,0,0,0,0,0,0,0,-5.53E-05,-0.004797663,4.56E-05,-0.1719951,-0.01382984,-9.819546,-0.3232623,0.01063908,0.0102236,0.013035456,0,0.08,-0.98,273.35
01:17.2,0,100,0,0,0,0,0,0,0,0,0.000577668,-0.005508607,0.000537281,-0.16860225,-0.01264421,-9.8173935,-0.3503892,0.01077669,0.0101218,0.01338222,0,0.08,-0.98,273.35
01:17.2,0,100,0,0,0,0,0,0,0,0,0.001210642,-0.00621955,0.001028926,-0.1652094,-0.01145858,-9.815241,-0.3130897,0.010592475,0.010080657,0.013204446,0,0.08,-0.98,273.35
01:17.2,0,100,0,0,0,0,0,0,0,0,0.000967141,-0.005751709,0.000127898,-0.17351425,-0.009769251,-9.81562,-0.2757902,0.01040826,0.010039515,0.013026672,0,0.08,-0.98,273.35
01:17.3,0,100,0,0,0,0,0,0,0,0,0.000723641,-0.005283867,-0.000773131,-0.1818191,-0.008079921,-9.815999,-0.2384907,0.010224045,0.009998372,0.012848898,0,0.08,-0.98,273.35
01:17.3,0,100,0,0,0,0,0,0,0,0,0.001188141,-0.004953455,-0.000605448,-0.1795029,-0.002231282,-9.81121,-0.2011912,0.01003983,0.00995723,0.012671124,0,0.08,-0.98,273.35
01:17.3,0,100,0,0,0,0,0,0,0,0,0.001652642,-0.004623042,-0.000437765,-0.1771867,0.003617357,-9.806421,-0.1638917,0.009855615,0.009916087,0.01249335,0,0.08,-0.98,273.35
01:17.3,0,100,0,0,0,0,0,0,0,0,0.000872988,-0.005202696,-2.58E-05,-0.17487785,-0.004546117,-9.811014,-0.2023215,0.009880749,0.010078946,0.012411668,0,0.08,-0.98,273.35
01:17.3,0,100,0,0,0,0,0,0,0,0,9.33E-05,-0.00578235,0.000386128,-0.172569,-0.01270959,-9.815607,-0.2407513,0.009905883,0.010241804,0.012329986,0,0.08,-0.98,273.35
01:17.4,0,100,0,0,0,0,0,0,0,0,0.00062888,-0.005801037,6.90E-05,-0.1699053,-0.009382954,-9.816045,-0.2791811,0.009931016,0.010404663,0.012248304,0,0.08,-0.98,273.35
01:17.4,0,100,0,0,0,0,0,0,0,0,0.001164426,-0.005819723,-0.000248038,-0.1672416,-0.006056317,-9.816483,-0.3176109,0.00995615,0.010567521,0.012166622,0,0.08,-0.98,273.35
01:17.4,0,100,0,0,0,0,0,0,0,0,0.000883886,-0.005600597,-0.000326966,-0.16965855,-0.010865864,-9.8158105,-0.3560407,0.009981284,0.01073038,0.01208494,0,0.08,-0.98,273.35
01:17.4,0,100,0,0,0,0,0,0,0,0,0.000603347,-0.005381471,-0.000405894,-0.1720755,-0.01567541,-9.815138,-0.36056184,0.009901359,0.011004214,0.012114562,0,0.08,-0.98,273.35
01:17.4,0,100,0,0,0,0,0,0,0,0,0.00091872,-0.005232552,6.02E-05,-0.17151895,-0.014869665,-9.814849,-0.36508298,0.009821434,0.011278048,0.012144184,0,0.08,-0.98,273.35
01:17.5,0,100,0,0,0,0,0,0,0,0,0.001234093,-0.005083633,0.00052623,-0.1709624,-0.01406392,-9.81456,-0.36960412,0.009741509,0.011551882,0.012173806,0,0.08,-0.98,273.35
01:17.5,0,100,0,0,0,0,0,0,0,0,0.001149593,-0.003852166,-0.001232099,-0.1772077,-0.01317765,-9.811179,-0.37412526,0.009661584,0.011825716,0.012203428,0,0.08,-0.98,273.35
01:17.5,0,100,0,0,0,0,0,0,0,0,0.001065093,-0.002620698,-0.002990428,-0.183453,-0.01229138,-9.807798,-0.3786464,0.009581659,0.01209955,0.01223305,0,0.08,-0.98,273.35
01:17.5,0,100,0,0,0,0,0,0,0,0,0.001076336,-0.004359742,-0.001663498,-0.1765023,-0.01504122,-9.8114045,-0.3413469,0.009506614,0.01169018,0.012122436,0,0.08,-0.98,273.35
01:17.5,0,100,0,0,0,0,0,0,0,0,0.001087578,-0.006098785,-0.000336568,-0.1695516,-0.01779106,-9.815011,-0.3040474,0.009431569,0.01128081,0.012011822,0,0.08,-0.98,273.35
01:17.6,0,100,0,0,0,0,0,0,0,0,0.001043287,-0.005884283,-1.29E-05,-0.1697379,-0.01801134,-9.813671,-0.2667479,0.009356524,0.01087144,0.011901208,0,0.08,-0.98,273.35
01:17.6,0,100,0,0,0,0,0,0,0,0,0.000998996,-0.00566978,0.000310827,-0.1699242,-0.01823162,-9.812331,-0.2294484,0.009281479,0.01046207,0.011790594,0,0.08,-0.98,273.35
01:17.6,0,100,0,0,0,0,0,0,0,0,0.001361263,-0.005074879,0.000223883,-0.1697539,-0.01610196,-9.813045,-0.1921489,0.009206434,0.0100527,0.01167998,0,0.08,-0.98,273.35
01:17.6,0,100,0,0,0,0,0,0,0,0,0.00172353,-0.004479978,0.000136938,-0.1695836,-0.0139723,-9.813759,-0.19101862,0.018884003,0.021591636,0.02379068,0,0.08,-0.98,273.35
01:17.6,0,100,0,0,0,0,0,0,0,0,-0.000880736,-0.000843635,0.000114368,-0.16939455,-0.006115852,-9.8094415,-0.18988834,0.028561572,0.033130572,0.03590138,0,0.08,-0.98,273.35
01:17.7,0,100,0,0,0,0,0,0,0,0,-0.003485002,0.002792707,9.18E-05,-0.1692055,0.001740597,-9.805124,-0.18875806,0.038239142,0.044669508,0.04801208,0,0.08,-0.98,273.35
01:17.7,0,100,0,0,0,0,0,0,0,0,-0.001147606,-0.002066983,-0.000141296,-0.1697508,-0.003542214,-9.8075715,-0.18762778,0.047916711,0.056208444,0.06012278,0,0.08,-0.98,273.35
01:17.7,0,100,0,0,0,0,0,0,0,0,0.00118979,-0.006926672,-0.00037439,-0.1702961,-0.008825024,-9.810019,-0.1864975,0.05759428,0.06774738,0.07223348,0,0.08,-0.98,273.35
01:17.7,0,100,0,0,0,0,0,0,0,0,0.001209774,-0.006033233,0.000240962,-0.1685866,-0.014305682,-9.812736,-0.20910326,0.048114706,0.056788218,0.06067213,0,0.08,-0.98,273.35
01:17.7,0,100,0,0,0,0,0,0,0,0,0.001229758,-0.005139794,0.000856314,-0.1668771,-0.01978634,-9.815453,-0.23170902,0.038635132,0.045829056,0.04911078,0,0.08,-0.98,273.35
01:17.8,0,100,0,0,0,0,0,0,0,0,0.000863557,-0.005650762,0.000473634,-0.17020445,-0.015917635,-9.8152495,-0.25431478,0.029155558,0.034869894,0.03754943,0,0.08,-0.98,273.35
01:17.8,0,100,0,0,0,0,0,0,0,0,0.000497355,-0.00616173,9.10E-05,-0.1735318,-0.01204893,-9.815046,-0.27692054,0.019675984,0.023910732,0.02598808,0,0.08,-0.98,273.35
01:17.8,0,100,0,0,0,0,0,0,0,0,0.001130812,-0.006443513,0.000532673,-0.16881065,-0.012923885,-9.814418,-0.2995263,0.01019641,0.01295157,0.01442673,0,0.08,-0.98,273.35
01:17.8,0,100,0,0,0,0,0,0,0,0,0.001764269,-0.006725297,0.000974392,-0.1640895,-0.01379884,-9.81379,-0.28709312,0.01019929,0.012695554,0.01463936,0,0.08,-0.98,273.35
01:17.8,0,100,0,0,0,0,0,0,0,0,0.001287637,-0.006207067,0.00060113,-0.1704538,-0.01252964,-9.811716,-0.27465994,0.01020217,0.012439538,0.01485199,0,0.08,-0.98,273.35
01:17.9,0,100,0,0,0,0,0,0,0,0,0.000811006,-0.005688837,0.000227869,-0.1768181,-0.01126044,-9.809642,-0.26222676,0.01020505,0.012183522,0.01506462,0,0.08,-0.98,273.35
01:17.9,0,100,0,0,0,0,0,0,0,0,0.000739818,-0.005350532,0.00024041,-0.1744108,-0.01432249,-9.810008,-0.24979358,0.01020793,0.011927506,0.01527725,0,0.08,-0.98,273.35
01:17.9,0,100,0,0,0,0,0,0,0,0,0.00066863,-0.005012226,0.00025295,-0.1720035,-0.01738454,-9.810374,-0.2373604,0.01021081,0.01167149,0.01548988,0,0.08,-0.98,273.35
01:17.9,0,100,0,0,0,0,0,0,0,0,0.001264127,-0.004862235,-0.000165034,-0.17336415,-0.01687319,-9.812835,-0.24414214,0.01044226,0.012040106,0.015375556,0,0.08,-0.98,273.35
01:17.9,0,100,0,0,0,0,0,0,0,0,0.001859624,-0.004712243,-0.000583019,-0.1747248,-0.01636184,-9.815296,-0.25092388,0.01067371,0.012408722,0.015261232,0,0.08,-0.98,273.35
01:18.0,0,100,0,0,0,0,0,0,0,0,0.001916668,-0.005591752,-0.000240125,-0.1721409,-0.014928895,-9.8147405,-0.25770562,0.01090516,0.012777338,0.015146908,0,0.08,-0.98,273.35
01:18.0,0,100,0,0,0,0,0,0,0,0,0.001973712,-0.00647126,0.00010277,-0.169557,-0.01349595,-9.814185,-0.26448736,0.01113661,0.013145954,0.015032584,0,0.08,-0.98,273.35
01:18.0,0,100,0,0,0,0,0,0,0,0,-2.10E-05,-0.00262099,8.26E-05,-0.17812615,-0.0146328,-9.8105325,-0.2712691,0.01136806,0.01351457,0.01491826,0,0.08,-0.98,273.35
01:18.0,0,100,0,0,0,0,0,0,0,0,-0.002015811,0.001229281,6.24E-05,-0.1866953,-0.01576965,-9.80688,-0.27579024,0.011265922,0.013188724,0.014464774,0,0.08,-0.98,273.35
01:18.0,0,100,0,0,0,0,0,0,0,0,-0.000308112,-0.001915998,0.000228584,-0.17761695,-0.013552845,-9.8116685,-0.28031138,0.011163784,0.012862878,0.014011288,0,0.08,-0.98,273.35
01:18.1,0,100,0,0,0,0,0,0,0,0,0.001399587,-0.005061278,0.000394807,-0.1685386,-0.01133604,-9.816457,-0.28483252,0.011061646,0.012537032,0.013557802,0,0.08,-0.98,273.35
01:18.1,0,100,0,0,0,0,0,0,0,0,0.00118049,-0.004541068,0.000686033,-0.17247935,-0.013781645,-9.8141985,-0.28935366,0.010959508,0.012211186,0.013104316,0,0.08,-0.98,273.35
01:18.1,0,100,0,0,0,0,0,0,0,0,0.000961394,-0.004020858,0.00097726,-0.1764201,-0.01622725,-9.81194,-0.2938748,0.01085737,0.01188534,0.01265083,0,0.08,-0.98,273.35
01:18.1,0,100,0,0,0,0,0,0,0,0,0.001192627,-0.004632939,0.000810028,-0.17148455,-0.014089365,-9.812597,-0.2848325,0.010732864,0.01174291,0.01221053,0,0.08,-0.98,273.35
01:18.1,0,100,0,0,0,0,0,0,0,0,0.00142386,-0.00524502,0.000642797,-0.166549,-0.01195148,-9.813254,-0.2757902,0.010608358,0.01160048,0.01177023,0,0.08,-0.98,273.35
01:18.2,0,100,0,0,0,0,0,0,0,0,0.0009183,-0.00188589,-7.35E-05,-0.175792,-0.01142232,-9.8110635,-0.2667479,0.010483852,0.01145805,0.01132993,0,0.08,-0.98,273.35
01:18.2,0,100,0,0,0,0,0,0,0,0,0.000412739,0.001473241,-0.000789766,-0.185035,-0.01089316,-9.808873,-0.2577056,0.010359346,0.01131562,0.01088963,0,0.08,-0.98,273.35
01:18.2,0,100,0,0,0,0,0,0,0,0,-7.03E-05,-0.000359378,-0.000674174,-0.1839169,-0.006864701,-9.8107535,-0.2486633,0.01023484,0.01117319,0.01044933,0,0.08,-0.98,273.35
01:18.2,0,100,0,0,0,0,0,0,0,0,-0.000553362,-0.002191997,-0.000558581,-0.1827988,-0.002836242,-9.812634,-0.26222676,0.010081994,0.011304366,0.010708542,0,0.08,-0.98,273.35
01:18.2,0,100,0,0,0,0,0,0,0,0,0.000113228,-0.003458834,-0.000284884,-0.17737645,-0.010927881,-9.8143505,-0.27579022,0.009929147,0.011435542,0.010967754,0,0.08,-0.98,273.35
01:18.3,0,100,0,0,0,0,0,0,0,0,0.000779818,-0.004725671,-1.12E-05,-0.1719541,-0.01901952,-9.816067,-0.28935368,0.009776301,0.011566718,0.011226966,0,0.08,-0.98,273.35
01:18.3,0,100,0,0,0,0,0,0,0,0,0.000641391,-0.00474196,0.00051524,-0.16959475,-0.015361895,-9.8162845,-0.30291714,0.009623454,0.011697894,0.011486178,0,0.08,-0.98,273.35
01:18.3,0,100,0,0,0,0,0,0,0,0,0.000502963,-0.004758249,0.001041667,-0.1672354,-0.01170427,-9.816502,-0.3164806,0.009470608,0.01182907,0.01174539,0,0.08,-0.98,273.35
01:18.3,0,100,0,0,0,0,0,0,0,0,0.00116478,-0.005027868,0.000202143,-0.1716917,-0.015029105,-9.8138575,-0.3255229,0.018749724,0.023050042,0.024329814,0,0.08,-0.98,273.35
01:18.3,0,100,0,0,0,0,0,0,0,0,0.001826597,-0.005297487,-0.000637381,-0.176148,-0.01835394,-9.811213,-0.3345652,0.028028841,0.034271014,0.036914238,0,0.08,-0.98,273.35
01:18.4,0,100,0,0,0,0,0,0,0,0,0.001400081,-0.005432085,0.000286051,-0.1730214,-0.014036799,-9.8117395,-0.3436075,0.037307957,0.045491986,0.049498662,0,0.08,-0.98,273.35
01:18.4,0,100,0,0,0,0,0,0,0,0,0.000973565,-0.005566683,0.001209483,-0.1698948,-0.009719659,-9.812266,-0.3526498,0.046587074,0.056712958,0.062083086,0,0.08,-0.98,273.35
01:18.4,0,100,0,0,0,0,0,0,0,0,0.000973441,-0.0062371,0.000992547,-0.1706623,-0.01395775,-9.8115195,-0.3616921,0.05586619,0.06793393,0.07466751,0,0.08,-0.98,273.35
01:18.4,0,100,0,0,0,0,0,0,0,0,0.000973316,-0.006907516,0.000775611,-0.1714298,-0.01819584,-9.810773,-0.31874116,0.046571539,0.056809842,0.062280638,0,0.08,-0.98,273.35
01:18.4,0,100,0,0,0,0,0,0,0,0,-0.000408794,-0.003017657,0.00128897,-0.1789651,-0.00399846,-9.8128915,-0.27579022,0.037276888,0.045685754,0.049893766,0,0.08,-0.98,273.35
01:18.5,0,100,0,0,0,0,0,0,0,0,-0.001790905,0.000872203,0.00180233,-0.1865004,0.01019892,-9.81501,-0.23283928,0.027982238,0.034561666,0.037506894,0,0.08,-0.98,273.35
01:18.5,0,100,0,0,0,0,0,0,0,0,-0.000346444,-0.001932247,0.000688051,-0.17820065,-0.006381835,-9.8149705,-0.18988834,0.018687587,0.023437578,0.025120022,0,0.08,-0.98,273.35
01:18.5,0,100,0,0,0,0,0,0,0,0,0.001098016,-0.004736696,-0.000426228,-0.1699009,-0.02296259,-9.814931,-0.1469374,0.009392936,0.01231349,0.01273315,0,0.08,-0.98,273.35
01:18.5,0,100,0,0,0,0,0,0,0,0,0.000810211,-0.00452043,-0.000401422,-0.1690519,-0.017546195,-9.813772,-0.14128596,0.009283756,0.012464792,0.013088152,0,0.08,-0.98,273.35
01:18.5,0,100,0,0,0,0,0,0,0,0,0.000522406,-0.004304163,-0.000376617,-0.1682029,-0.0121298,-9.812613,-0.13563452,0.009174577,0.012616094,0.013443154,0,0.08,-0.98,273.35
01:18.6,0,100,0,0,0,0,0,0,0,0,0.000252358,-0.004226239,9.58E-05,-0.17021415,-0.015879935,-9.813389,-0.12998308,0.009065397,0.012767396,0.013798156,0,0.08,-0.98,273.35
01:18.6,0,100,0,0,0,0,0,0,0,0,-1.77E-05,-0.004148315,0.000568164,-0.1722254,-0.01963007,-9.814165,-0.12433164,0.008956218,0.012918698,0.014153158,0,0.08,-0.98,273.35
01:18.6,0,100,0,0,0,0,0,0,0,0,-7.41E-05,-0.001870137,-0.000665734,-0.17898185,-0.01662904,-9.802687,-0.1186802,0.008847038,0.01307,0.01450816,0,0.08,-0.98,273.35
01:18.6,0,100,0,0,0,0,0,0,0,0,-0.000130541,0.00040804,-0.001899632,-0.1857383,-0.01362801,-9.791209,-0.106247038,0.008959067,0.012766514,0.014509452,0,0.08,-0.98,273.35
01:18.6,0,100,0,0,0,0,0,0,0,0,0.000252427,-0.001997212,-0.000784452,-0.1790947,-0.015834545,-9.801593,-0.093813876,0.009071097,0.012463028,0.014510744,0,0.08,-0.98,273.35
01:18.7,0,100,0,0,0,0,0,0,0,0,0.000635396,-0.004402464,0.000330728,-0.1724511,-0.01804108,-9.811977,-0.081380714,0.009183126,0.012159542,0.014512036,0,0.08,-0.98,273.35
01:18.7,0,100,0,0,0,0,0,0,0,0,0.001215212,-0.00470642,-4.76E-05,-0.1706047,-0.014864975,-9.810901,-0.068947552,0.009295156,0.011856056,0.014513328,0,0.08,-0.98,273.35
01:18.7,0,100,0,0,0,0,0,0,0,0,0.001795028,-0.005010375,-0.000425964,-0.1687583,-0.01168887,-9.809825,-0.05651439,0.009407185,0.01155257,0.01451462,0,0.08,-0.98,273.35
01:18.7,0,100,0,0,0,0,0,0,0,0,0.001740039,-0.005707483,-0.000195446,-0.16911715,-0.014004235,-9.8109205,-0.082511012,0.009489654,0.011806524,0.01434453,0,0.08,-0.98,273.35
01:18.7,0,100,0,0,0,0,0,0,0,0,0.001685051,-0.006404591,3.51E-05,-0.169476,-0.0163196,-9.812016,-0.108507634,0.009572123,0.012060478,0.01417444,0,0.08,-0.98,273.35
01:18.8,0,100,0,0,0,0,0,0,0,0,0.002066014,-0.006274149,-0.000398984,-0.1701685,-0.01547878,-9.8120165,-0.134504256,0.009654591,0.012314432,0.01400435,0,0.08,-0.98,273.35
01:18.8,0,100,0,0,0,0,0,0,0,0,0.002446976,-0.006143706,-0.000833041,-0.170861,-0.01463796,-9.812017,-0.160500878,0.00973706,0.012568386,0.01383426,0,0.08,-0.98,273.35
01:18.8,0,100,0,0,0,0,0,0,0,0,0.001423805,-0.003692493,8.09E-05,-0.1705604,-0.0145866,-9.7982765,-0.1864975,0.009819529,0.01282234,0.01366417,0,0.08,-0.98,273.35
01:18.8,0,100,0,0,0,0,0,0,0,0,0.000400633,-0.00124128,0.000994893,-0.1702598,-0.01453524,-9.784536,-0.18197634,0.00980655,0.012709338,0.013614516,0,0.08,-0.98,273.35
01:18.8,0,100,0,0,0,0,0,0,0,0,0.000532694,-0.003158035,0.000328071,-0.1692848,-0.015274015,-9.796338,-0.17745518,0.00979357,0.012596336,0.013564862,0,0.08,-0.98,273.35
01:18.9,0,100,0,0,0,0,0,0,0,0,0.000664755,-0.00507479,-0.000338751,-0.1683098,-0.01601279,-9.80814,-0.17293402,0.009780591,0.012483334,0.013515208,0,0.08,-0.98,273.35
01:18.9,0,100,0,0,0,0,0,0,0,0,0.001033409,-0.005541528,0.000217093,-0.17011225,-0.014778575,-9.8072845,-0.16841286,0.009767611,0.012370332,0.013465554,0,0.08,-0.98,273.35
01:18.9,0,100,0,0,0,0,0,0,0,0,0.001402063,-0.006008265,0.000772936,-0.1719147,-0.01354436,-9.806429,-0.1638917,0.009754632,0.01225733,0.0134159,0,0.08,-0.98,273.35
01:18.9,0,100,0,0,0,0,0,0,0,0,0.001117979,-0.005458949,-1.61E-05,-0.16986975,-0.01476241,-9.809815,-0.18423688,0.009613263,0.011934996,0.01332081,0,0.08,-0.98,273.35
01:18.9,0,100,0,0,0,0,0,0,0,0,0.000833896,-0.004909632,-0.000805154,-0.1678248,-0.01598046,-9.813201,-0.20458206,0.009471893,0.011612662,0.01322572,0,0.08,-0.98,273.35
01:19.0,0,100,0,0,0,0,0,0,0,0,0.000925294,0.000801783,-0.00190853,-0.1714463,-0.010086271,-9.8099885,-0.22492724,0.009330524,0.011290328,0.01313063,0,0.08,-0.98,273.35
01:19.0,0,100,0,0,0,0,0,0,0,0,0.001016692,0.006513198,-0.003011907,-0.1750678,-0.004192082,-9.806776,-0.24527242,0.009189154,0.010967994,0.01303554,0,0.08,-0.98,273.35
01:19.2,4,27.84,15.4280979,75.0171264,873.13,9.358387,131.1571,655.35,655.35,52.53,0.003129455,0.006584417,-0.004325008,-0.1825467,-0.008509942,-9.807979,-0.19553982,0.047728498,0.054056548,0.06046093,0,0.08,-0.98,273.35
01:19.2,4,27.84,15.4280763,75.01715136,876.56375,9.4132725,131.1377375,655.35,655.35,50.2,0.001919285,0.000851748,-0.00196004,-0.1761681,-0.012707851,-9.809118,-0.22153644,0.037716357,0.042660226,0.0480909,0,0.08,-0.98,273.35
01:19.3,4,27.84,15.4280547,75.01717633,879.9975,9.468158,131.118375,655.35,655.35,47.87,0.000709114,-0.004880921,0.000404929,-0.1697895,-0.01690576,-9.810257,-0.24753306,0.027704215,0.031263904,0.03572087,0,0.08,-0.98,273.35
01:19.3,4,27.84,15.4280331,75.01720129,883.43125,9.5230435,131.0990125,655.35,655.35,45.54,0.001709934,-0.005380728,0.000242266,-0.17167525,-0.016448345,-9.810224,-0.27352968,0.017692074,0.019867582,0.02335084,0,0.08,-0.98,273.35
01:19.3,4,27.84,15.4280115,75.01722625,886.865,9.577929,131.07965,655.35,655.35,43.21,0.002710753,-0.005880535,7.96E-05,-0.173561,-0.01599093,-9.810191,-0.2995263,0.007679932,0.00847126,0.01098081,0,0.08,-0.98,273.35
01:19.3,4,27.84,15.4279899,75.01725121,890.29875,9.6328145,131.0602875,655.35,655.35,40.88,0.001993952,-0.006115472,0.000365581,-0.17075685,-0.014720305,-9.8103165,-0.28257198,0.007774469,0.008512615,0.010816786,0,0.08,-0.98,273.35
01:19.3,4,27.84,15.4279683,75.01727618,893.7325,9.6877,131.040925,655.35,655.35,38.55,0.001277151,-0.006350409,0.000651558,-0.1679527,-0.01344968,-9.810442,-0.26561766,0.007869006,0.008553969,0.010652762,0,0.08,-0.98,273.35
01:19.4,4,27.84,15.4279467,75.01730114,897.16625,9.7425855,131.0215625,655.35,655.35,36.22,0.001244072,-0.005975941,0.000604941,-0.16750005,-0.01430027,-9.8131675,-0.24866334,0.007963542,0.008595324,0.010488738,0,0.08,-0.98,273.35
01:19.4,4,27.84,15.4279251,75.0173261,900.6,9.797471,131.0022,655.35,655.35,33.89,0.001210994,-0.005601472,0.000558324,-0.1670474,-0.01515086,-9.815893,-0.23170902,0.008058079,0.008636678,0.010324714,0,0.08,-0.98,273.35
01:19.4,4,27.841,15.42791402,75.01734009,902.364,9.8070817,130.97612,655.35,655.35,33.185,-6.35E-05,-0.000622644,0.001928858,-0.17707605,-0.011313009,-9.8067705,-0.2147547,0.008152616,0.008678033,0.01016069,0,0.08,-0.98,273.35
01:19.4,4,27.842,15.42790294,75.01735408,904.128,9.8166924,130.95004,655.35,655.35,32.48,-0.001338035,0.004356184,0.003299391,-0.1871047,-0.007475157,-9.797648,-0.2328393,0.008121938,0.00877963,0.010161178,0,0.08,-0.98,273.348
01:19.4,4,27.843,15.42789186,75.01736807,905.892,9.8263031,130.92396,655.35,655.35,31.775,0.000148852,-0.000956417,0.00212431,-0.177401,-0.012228999,-9.8042855,-0.2509239,0.008091261,0.008881227,0.010161666,0,0.08,-0.98,273.346
01:19.5,4,27.844,15.42788078,75.01738206,907.656,9.8359138,130.89788,655.35,655.35,31.07,0.00163574,-0.006269017,0.000949229,-0.1676973,-0.01698284,-9.810923,-0.2690085,0.008060583,0.008982825,0.010162154,0,0.08,-0.98,273.344
01:19.5,4,27.845,15.4278697,75.01739605,909.42,9.8455245,130.8718,655.35,655.35,30.365,0.001458196,-0.005776485,0.000783339,-0.17050015,-0.016112105,-9.81104,-0.2870931,0.008029906,0.009084422,0.010162642,0,0.08,-0.98,273.342
01:19.5,4,27.846,15.42785862,75.01741004,911.184,9.8551352,130.84572,655.35,655.35,29.66,0.001280652,-0.005283952,0.000617449,-0.173303,-0.01524137,-9.811157,-0.3051777,0.007999228,0.009186019,0.01016313,0,0.08,-0.98,273.34
01:19.5,4,27.847,15.42784754,75.01742403,912.948,9.8647459,130.81964,655.35,655.35,28.955,0.00168219,-0.005603422,0.000479938,-0.1720908,-0.015569555,-9.8120505,-0.2870931,0.007889906,0.0093048,0.010357484,0,0.08,-0.98,273.34
01:19.5,4,27.848,15.42783646,75.01743802,914.712,9.8743566,130.79356,655.35,655.35,28.25,0.002083727,-0.005922891,0.000342426,-0.1708786,-0.01589774,-9.812944,-0.2690085,0.007780585,0.009423581,0.010551838,0,0.08,-0.98,273.34
01:19.6,4,27.849,15.42782538,75.01745201,916.476,9.8839673,130.76748,655.35,655.35,27.545,0.001380063,-0.005391322,-0.000262138,-0.17195025,-0.01749922,-9.813231,-0.2509239,0.007671263,0.009542361,0.010746192,0,0.08,-0.98,273.34
01:19.6,4,27.85,15.4278143,75.017466,918.24,9.893578,130.7414,655.35,655.35,26.84,0.0006764,-0.004859752,-0.000866703,-0.1730219,-0.0191007,-9.813518,-0.2328393,0.007561942,0.009661142,0.010940546,0,0.08,-0.98,273.34
01:19.6,4,27.852,15.42780542,75.01747744,919.689,9.7991778,130.51624,655.35,655.35,26.509,-0.001144188,-0.002092135,0.001003446,-0.17680065,-0.009297237,-9.817612,-0.2147547,0.00745262,0.009779923,0.0111349,0,0.08,-0.98,273.34
01:19.6,4,27.854,15.42779654,75.01748888,921.138,9.7047776,130.29108,655.35,655.35,26.178,-0.002964775,0.000675483,0.002873594,-0.1805794,0.000506227,-9.821706,-0.19780038,0.007684106,0.00957933,0.010871073,0,0.08,-0.98,273.338
01:19.6,4,27.856,15.42778766,75.01750032,922.587,9.6103774,130.06592,655.35,655.35,25.847,-0.001004987,-0.002639205,0.001655392,-0.17547775,-0.007868797,-9.8178165,-0.18084606,0.007915592,0.009378736,0.010607245,0,0.08,-0.98,273.336
01:19.7,4,27.858,15.42777878,75.01751176,924.036,9.5159772,129.84076,655.35,655.35,25.516,0.000954801,-0.005953893,0.00043719,-0.1703761,-0.01624382,-9.813927,-0.16389174,0.008147079,0.009178143,0.010343418,0,0.08,-0.98,273.334
01:19.7,4,27.86,15.4277699,75.0175232,925.485,9.421577,129.6156,655.35,655.35,25.185,0.001116613,-0.005196279,0.000411339,-0.16963435,-0.015921005,-9.8124405,-0.14693742,0.008378565,0.008977549,0.01007959,0,0.08,-0.98,273.332
01:19.7,4,27.862,15.42776102,75.01753464,926.934,9.3271768,129.39044,655.35,655.35,24.854,0.001278425,-0.004438666,0.000385487,-0.1688926,-0.01559819,-9.810954,-0.1299831,0.008610051,0.008776956,0.009815763,0,0.08,-0.98,273.33
01:19.7,4,27.864,15.42775214,75.01754608,928.383,9.2327766,129.16528,655.35,655.35,24.523,0.001024085,-0.004859953,0.000420184,-0.16871175,-0.01637722,-9.811006,-0.1390254,0.008662678,0.009186521,0.009777915,0,0.08,-0.98,273.33
01:19.7,4,27.866,15.42774326,75.01755752,929.832,9.1383764,128.94012,655.35,655.35,24.192,0.000769745,-0.00528124,0.000454882,-0.1685309,-0.01715625,-9.811058,-0.1480677,0.008715306,0.009596086,0.009740068,0,0.08,-0.98,273.33
01:19.8,4,27.868,15.42773438,75.01756896,931.281,9.0439762,128.71496,655.35,655.35,23.861,0.001272191,-0.005456366,0.000536339,-0.1678794,-0.01469137,-9.8113595,-0.15711,0.008767933,0.01000565,0.00970222,0,0.08,-0.98,273.33
01:19.8,4,27.87,15.4277255,75.0175804,932.73,8.949576,128.4898,655.35,655.35,23.53,0.001774637,-0.005631491,0.000617797,-0.1672279,-0.01222649,-9.811661,-0.1661523,0.008820561,0.010415215,0.009664373,0,0.08,-0.98,273.33
01:19.8,4.363636364,25.48454545,15.4278367,75.01744246,915.0136364,8.255034818,128.3735545,611.1309091,610.98,21.79272727,0.001205564,-0.005456335,-3.49E-05,-0.1683597,-0.01363422,-9.8128885,-0.1751946,0.008873188,0.01082478,0.009626525,0,0.08,-0.98,273.33
01:19.8,4.727272727,23.09909091,15.4279479,75.01730453,897.2972727,7.560493636,128.2573091,566.9118182,566.61,20.05545455,0.000636492,-0.005281179,-0.000687518,-0.1694915,-0.01504195,-9.814116,-0.21136382,0.018858378,0.02169075,0.021412742,0,0.08,-0.98,273.328
01:19.8,5.090909091,20.71363636,15.4280591,75.01716659,879.5809091,6.865952455,128.1410636,522.6927273,522.24,18.31818182,0.000549039,-0.005404938,-1.21E-05,-0.1702924,-0.01576721,-9.81221,-0.24753304,0.028843569,0.03255672,0.033198959,0,0.08,-0.98,273.326
01:19.9,5.454545455,18.32818182,15.4281703,75.01702865,861.8645455,6.171411273,128.0248182,478.4736364,477.87,16.58090909,0.000461586,-0.005528696,0.000663237,-0.1710933,-0.01649247,-9.810304,-0.28370226,0.038828759,0.04342269,0.044985176,0,0.08,-0.98,273.324
01:19.9,5.818181818,15.94272727,15.4282815,75.01689072,844.1481818,5.476870091,127.9085727,434.2545455,433.5,14.84363636,0.00138814,-0.005616696,3.96E-05,-0.1714903,-0.014284045,-9.810897,-0.31987148,0.04881395,0.05428866,0.056771393,0,0.08,-0.98,273.322
01:19.9,6.181818182,13.55727273,15.4283927,75.01675278,826.4318182,4.782328909,127.7923273,390.0354545,389.13,13.10636364,0.002314693,-0.005704696,-0.000583989,-0.1718873,-0.01207562,-9.81149,-0.3560407,0.05879914,0.06515463,0.06855761,0,0.08,-0.98,273.32
01:19.9,6.545454545,11.17181818,15.4285039,75.01661485,808.7154545,4.087787727,127.6760818,345.8163636,344.76,11.36909091,0.001535803,-0.006105347,-8.21E-05,-0.1721442,-0.01411482,-9.8107035,-0.297265726,0.059459906,0.06514504,0.067899686,0,0.08,-0.98,273.32
01:19.9,6.909090909,8.786363636,15.4286151,75.01647691,790.9990909,3.393246545,127.5598364,301.5972727,300.39,9.631818182,0.000756913,-0.006505997,0.000419714,-0.1724011,-0.01615402,-9.809917,-0.238490752,0.060120672,0.06513545,0.067241762,0,0.08,-0.98,273.32
01:20.0,7.272727273,6.400909091,15.4287263,75.01633897,773.2827273,2.698705364,127.4435909,257.3781818,256.02,7.894545455,0.000903489,-0.001477724,0.000452482,-0.1852087,-0.009023123,-9.8056835,-0.179715778,0.060781438,0.06512586,0.066583838,0,0.08,-0.98,273.32
01:20.0,7.636363636,4.015454545,15.4288375,75.01620104,755.5663636,2.004164182,127.3273455,213.1590909,211.65,6.157272727,0.001050064,0.00355055,0.00048525,-0.1980163,-0.001892225,-9.80145,-0.120940804,0.061442204,0.06511627,0.065925914,0,0.08,-0.98,273.32
01:20.0,8,1.63,15.4289487,75.0160631,737.85,1.309623,127.2111,168.94,167.28,4.42,0.000166168,0.001667302,0.000185045,-0.1878888,-0.011025963,-9.804429,-0.06216583,0.06210297,0.06510668,0.06526799,0,0.08,-0.98,273.32
01:20.0,8.1,1.625,15.42894972,75.01606109,737.712,1.3071024,127.86381,163.707,161.676,4.313,-0.000717728,-0.000215945,-0.000115161,-0.1777613,-0.0201597,-9.807408,-0.074599004,0.05155596,0.054273994,0.054727548,0,0.08,-0.98,273.318
01:20.0,8.2,1.62,15.42895074,75.01605908,737.574,1.3045818,128.51652,158.474,156.072,4.206,-0.000124649,-0.002769012,0.000299132,-0.17279505,-0.01561329,-9.809528,-0.087032178,0.041008951,0.043441308,0.044187106,0,0.08,-0.98,273.316
01:20.1,8.3,1.615,15.42895176,75.01605707,737.436,1.3020612,129.16923,153.241,150.468,4.099,0.00046843,-0.005322078,0.000713426,-0.1678288,-0.01106688,-9.811648,-0.099465352,0.030461941,0.032608622,0.033646664,0,0.08,-0.98,273.314
01:20.1,8.4,1.61,15.42895278,75.01605506,737.298,1.2995406,129.82194,148.008,144.864,3.992,0.00045031,-0.006180456,4.35E-05,-0.1691638,-0.011455025,-9.8111605,-0.111898526,0.019914932,0.021775936,0.023106222,0,0.08,-0.98,273.312
01:20.1,8.5,1.605,15.4289538,75.01605305,737.16,1.29702,130.47465,142.775,139.26,3.885,0.00043219,-0.007038834,-0.000626507,-0.1704988,-0.01184317,-9.810673,-0.1243317,0.009367922,0.01094325,0.01256578,0,0.08,-0.98,273.31
01:20.1,8.6,1.6,15.42895482,75.01605104,737.022,1.2944994,131.12736,137.542,133.656,3.778,0.0006893,-0.006499327,-0.000552605,-0.17065295,-0.01193322,-9.812804,-0.14806774,0.009223457,0.010977798,0.012333348,0,0.08,-0.98,273.31
01:20.1,8.7,1.595,15.42895584,75.01604903,736.884,1.2919788,131.78007,132.309,128.052,3.671,0.00094641,-0.00595982,-0.000478702,-0.1708071,-0.01202327,-9.814935,-0.17180378,0.009078992,0.011012346,0.012100916,0,0.08,-0.98,273.31
01:20.2,8.8,1.59,15.42895686,75.01604702,736.746,1.2894582,132.43278,127.076,122.448,3.564,0.001251417,-0.005648129,0.000372246,-0.1707399,-0.012365385,-9.815515,-0.19553982,0.008934528,0.011046894,0.011868484,0,0.08,-0.98,273.31
01:20.2,8.9,1.585,15.42895788,75.01604501,736.608,1.2869376,133.08549,121.843,116.844,3.457,0.001556424,-0.005336437,0.001223195,-0.1706727,-0.0127075,-9.816095,-0.21927586,0.008790063,0.011081442,0.011636052,0,0.08,-0.98,273.31
01:20.2,9,1.58,15.4289589,75.016043,736.47,1.284417,133.7382,116.61,111.24,3.35,-0.000145534,-0.00184604,-0.000811011,-0.17553815,-0.01286565,-9.8050015,-0.2430119,0.008645598,0.01111599,0.01140362,0,0.08,-0.98,273.31
01:20.2,9.4,1.559,15.42895995,75.01604162,736.279,1.17105542,125.700187,115.588,110.357,3.135,-0.001847492,0.001644358,-0.002845216,-0.1804036,-0.0130238,-9.793908,-0.21927586,0.008752704,0.010918838,0.01143472,0,0.08,-0.98,273.308
01:20.2,9.8,1.538,15.428961,75.01604024,736.088,1.05769384,117.662174,114.566,109.474,2.92,-0.000631316,-0.001495526,-0.001323625,-0.17382265,-0.014991705,-9.803363,-0.19553982,0.008859809,0.010721686,0.01146582,0,0.08,-0.98,273.306
01:20.3,10.2,1.517,15.42896205,75.01603886,735.897,0.94433226,109.624161,113.544,108.591,2.705,0.00058486,-0.00463541,0.000197966,-0.1672417,-0.01695961,-9.812818,-0.17180378,0.008966915,0.010524534,0.01149692,0,0.08,-0.98,273.304
01:20.3,10.6,1.496,15.4289631,75.01603748,735.706,0.83097068,101.586148,112.522,107.708,2.49,0.001010429,-0.005297351,0.000548151,-0.1697698,-0.01494592,-9.812108,-0.14806774,0.00907402,0.010327382,0.01152802,0,0.08,-0.98,273.302
01:20.3,11,1.475,15.42896415,75.0160361,735.515,0.7176091,93.548135,111.5,106.825,2.275,0.001435997,-0.005959292,0.000898337,-0.1722979,-0.01293223,-9.811398,-0.1243317,0.009181126,0.01013023,0.01155912,0,0.08,-0.98,273.3
01:20.3,11.4,1.454,15.4289652,75.01603472,735.324,0.60424752,85.510122,110.478,105.942,2.06,0.001493158,-0.004978452,0.000281951,-0.1721056,-0.012614115,-9.812773,-0.17180378,0.009183677,0.010292132,0.011312674,0,0.08,-0.98,273.3
01:20.3,11.8,1.433,15.42896625,75.01603334,735.133,0.49088594,77.472109,109.456,105.059,1.845,0.001550318,-0.003997611,-0.000334435,-0.1719133,-0.012296,-9.814148,-0.21927586,0.009186229,0.010454034,0.011066228,0,0.08,-0.98,273.3
01:20.4,12.2,1.412,15.4289673,75.01603196,734.942,0.37752436,69.434096,108.434,104.176,1.63,0.001245764,-0.004573182,0.000213397,-0.1709439,-0.01415636,-9.8147515,-0.26674794,0.00918878,0.010615936,0.010819782,0,0.08,-0.98,273.3
01:20.4,12.6,1.391,15.42896835,75.01603058,734.751,0.26416278,61.396083,107.412,103.293,1.415,0.000941211,-0.005148753,0.000761229,-0.1699745,-0.01601672,-9.815355,-0.31422002,0.009191332,0.010777838,0.010573336,0,0.08,-0.98,273.3
01:20.4,13,1.37,15.4289694,75.0160292,734.56,0.1508012,53.35807,106.39,102.41,1.2,-0.000378245,-0.003454185,-0.000784006,-0.1803344,-0.016825125,-9.818504,-0.3616921,0.009193883,0.01093974,0.01032689,0,0.08,-0.98,273.3
01:20.4,13.1,1.369,15.42897196,75.01602569,734.169,0.15573233,70.542513,105.178,101.566,1.24,-0.001697701,-0.001759617,-0.002329241,-0.1906943,-0.01763353,-9.821653,-0.33004404,0.009248519,0.011277756,0.011147346,0,0.08,-0.98,273.298
01:20.4,13.2,1.368,15.42897452,75.01602218,733.778,0.16066346,87.726956,103.966,100.722,1.28,-0.000567084,-0.00294775,-0.001465417,-0.1808749,-0.01953442,-9.816322,-0.29839598,0.009303155,0.011615772,0.011967802,0,0.08,-0.98,273.296
01:20.5,13.3,1.367,15.42897708,75.01601867,733.387,0.16559459,104.911399,102.754,99.878,1.32,0.000563533,-0.004135882,-0.000601593,-0.1710555,-0.02143531,-9.810991,-0.26674792,0.009357792,0.011953788,0.012788258,0,0.08,-0.98,273.294
01:20.5,13.4,1.366,15.42897964,75.01601516,732.996,0.17052572,122.095842,101.542,99.034,1.36,0.000856527,-0.004837754,-0.000397385,-0.1706141,-0.016839335,-9.813226,-0.23509986,0.009412428,0.012291804,0.013608714,0,0.08,-0.98,273.292
01:20.5,13.5,1.365,15.4289822,75.01601165,732.605,0.17545685,139.280285,100.33,98.19,1.4,0.001149521,-0.005539627,-0.000193176,-0.1701727,-0.01224336,-9.815461,-0.2034518,0.009467064,0.01262982,0.01442917,0,0.08,-0.98,273.29
01:20.5,13.6,1.364,15.42898476,75.01600814,732.214,0.18038798,156.464728,99.118,97.346,1.44,0.001466236,-0.00544951,0.000354072,-0.16993395,-0.0140385,-9.8156985,-0.19101864,0.00936873,0.011941042,0.01388911,0,0.08,-0.98,273.29
01:20.5,13.7,1.363,15.42898732,75.01600463,731.823,0.18531911,173.649171,97.906,96.502,1.48,0.001782952,-0.005359393,0.00090132,-0.1696952,-0.01583364,-9.815936,-0.17858548,0.009270396,0.011252265,0.01334905,0,0.08,-0.98,273.29
01:20.6,13.8,1.362,15.42898988,75.01600112,731.432,0.19025024,190.833614,96.694,95.658,1.52,-0.000363963,-0.002473907,0.001051102,-0.1764525,-0.00779247,-9.811334,-0.16615232,0.009172063,0.010563487,0.01280899,0,0.08,-0.98,273.29
01:20.6,13.9,1.361,15.42899244,75.01599761,731.041,0.19518137,208.018057,95.482,94.814,1.56,-0.002510878,0.000411579,0.001200884,-0.1832098,0.0002487,-9.806732,-0.15371916,0.009073729,0.00987471,0.01226893,0,0.08,-0.98,273.29
01:20.6,14,1.36,15.428995,75.0159941,730.65,0.2001125,225.2025,94.27,93.97,1.6,0.001204408,0.001695606,-0.001359987,-0.1793304,-0.005995455,-9.806089,-0.141286,0.008975395,0.009185932,0.01172887,0,0.08,-0.98,273.29
01:20.6,14.2,1.357,15.42899734,75.01599151,730.256,0.1922425,221.1547,93.033,93.149,1.625,0.004919695,0.002979633,-0.003920857,-0.175451,-0.01223961,-9.805446,-0.14241628,0.009425102,0.00941953,0.011335138,0,0.08,-0.982,273.288
01:20.6,14.4,1.354,15.42899968,75.01598892,729.862,0.1843725,217.1069,91.796,92.328,1.65,0.003095213,-0.000920628,-0.002236733,-0.1742442,-0.01266765,-9.8107095,-0.14354656,0.009874809,0.009653127,0.010941405,0,0.08,-0.984,273.286
01:20.7,14.6,1.351,15.42900202,75.01598633,729.468,0.1765025,213.0591,90.559,91.507,1.675,0.001270731,-0.00482089,-0.000552609,-0.1730374,-0.01309569,-9.815973,-0.14467684,0.010324516,0.009886725,0.010547673,0,0.08,-0.986,273.284
01:20.7,14.8,1.348,15.42900436,75.01598374,729.074,0.1686325,209.0113,89.322,90.686,1.7,0.001419274,-0.005067014,6.72E-05,-0.1694784,-0.013853095,-9.8144205,-0.14580712,0.010774223,0.010120322,0.01015394,0,0.08,-0.988,273.282
01:20.7,15,1.345,15.4290067,75.01598115,728.68,0.1607625,204.9635,88.085,89.865,1.725,0.001567817,-0.005313138,0.000687027,-0.1659194,-0.0146105,-9.812868,-0.1469374,0.01122393,0.01035392,0.009760208,0,0.08,-0.99,273.28
01:20.7,15.2,1.342,15.42900904,75.01597856,728.286,0.1528925,200.9157,86.848,89.044,1.75,0.001657413,-0.005358848,-3.50E-05,-0.1693536,-0.012682905,-9.81228,-0.16954316,0.020293382,0.02114595,0.022094108,0,0.08,-0.99,273.28
01:20.7,15.4,1.339,15.42901138,75.01597597,727.892,0.1450225,196.8679,85.611,88.223,1.775,0.001747009,-0.005404558,-0.000757101,-0.1727878,-0.01075531,-9.811692,-0.19214892,0.029362834,0.03193798,0.034428009,0,0.08,-0.99,273.28
01:20.8,15.6,1.336,15.42901372,75.01597338,727.498,0.1371525,192.8201,84.374,87.402,1.8,0.001297655,-0.003100039,0.000765388,-0.178975,-0.010379365,-9.814425,-0.21475468,0.038432286,0.04273001,0.046761909,0,0.08,-0.99,273.28
01:20.8,15.8,1.333,15.42901606,75.01597079,727.104,0.1292825,188.7723,83.137,86.581,1.825,0.0008483,-0.000795521,0.002287877,-0.1851622,-0.01000342,-9.817158,-0.23736044,0.047501738,0.05352204,0.05909581,0,0.08,-0.99,273.28
01:20.8,16,1.33,15.4290184,75.0159682,726.71,0.1214125,184.7245,81.9,85.76,1.85,-2.50E-06,0.001765947,0.000310602,-0.18757895,-0.012442825,-9.8190145,-0.2599662,0.05657119,0.06431407,0.07142971,0,0.08,-0.99,273.28
01:20.8,16.1,1.325,15.4290203,75.01596647,726.38,0.118612021,177.38663,80.973,85.09,1.841,-0.000853293,0.004327415,-0.001666673,-0.1899957,-0.01488223,-9.820871,-0.2701388,0.047079133,0.053360521,0.059206036,0,0.08,-0.99,273.278
01:20.8,16.2,1.32,15.4290222,75.01596474,726.05,0.115811542,170.04876,80.046,84.42,1.832,-0.000599914,0.000157438,-0.000771392,-0.18067335,-0.01558275,-9.817475,-0.2803114,0.037587076,0.042406973,0.046982362,0,0.08,-0.99,273.276
01:20.9,16.3,1.315,15.4290241,75.01596301,725.72,0.113011063,162.71089,79.119,83.75,1.823,-0.000346536,-0.00401254,0.000123889,-0.171351,-0.01628327,-9.814079,-0.290484,0.028095018,0.031453424,0.034758688,0,0.08,-0.99,273.274
01:20.9,16.4,1.31,15.429026,75.01596128,725.39,0.110210584,155.37302,78.192,83.08,1.814,0.000184457,-0.004451227,-0.000103112,-0.1711265,-0.015199515,-9.8151855,-0.3006566,0.018602961,0.020499876,0.022535014,0,0.08,-0.99,273.272
01:20.9,16.5,1.305,15.4290279,75.01595955,725.06,0.107410105,148.03515,77.265,82.41,1.805,0.00071545,-0.004889914,-0.000330113,-0.170902,-0.01411576,-9.816292,-0.3108292,0.009110904,0.009546327,0.01031134,0,0.08,-0.99,273.27
01:20.9,16.6,1.3,15.4290298,75.01595782,724.73,0.104609626,140.69728,76.338,81.74,1.796,0.001310194,-0.005396718,-0.000102215,-0.1716449,-0.015232275,-9.815269,-0.2723994,0.00915157,0.010042118,0.01088644,0,0.08,-0.99,273.27
01:20.9,16.7,1.295,15.4290317,75.01595609,724.4,0.101809147,133.35941,75.411,81.07,1.787,0.001904938,-0.005903522,0.000125684,-0.1723878,-0.01634879,-9.814246,-0.2339696,0.009192236,0.010537908,0.01146154,0,0.08,-0.99,273.27
01:21.0,16.8,1.29,15.4290336,75.01595436,724.07,0.099008668,126.02154,74.484,80.4,1.778,0.001764497,-0.00599766,0.000210166,-0.171679,-0.0166123,-9.815937,-0.1955398,0.009232901,0.011033699,0.01203664,0,0.08,-0.99,273.27
01:21.0,16.9,1.285,15.4290355,75.01595263,723.74,0.096208189,118.68367,73.557,79.73,1.769,0.001624055,-0.006091797,0.000294648,-0.1709702,-0.01687581,-9.817628,-0.15711,0.009273567,0.011529489,0.01261174,0,0.08,-0.99,273.27
01:21.0,17,1.28,15.4290374,75.0159509,723.41,0.09340771,111.3458,72.63,79.06,1.76,0.00013095,-0.004771183,-0.002063053,-0.1820988,-0.009219131,-9.8155375,-0.1186802,0.009314233,0.01202528,0.01318684,0,0.08,-0.99,273.27
01:21.0,16.9,1.281,15.42903828,75.01595019,723.257,0.119887749,114.56262,72.184,78.73,1.744,-0.001362155,-0.003450568,-0.004420754,-0.1932274,-0.001562452,-9.813447,-0.14241624,0.009175848,0.011879724,0.013194818,0,0.08,-0.99,273.27
01:21.0,16.8,1.282,15.42903916,75.01594948,723.104,0.146367788,117.77944,71.738,78.4,1.728,-0.00014312,-0.004782018,-0.002344464,-0.1820009,-0.008274386,-9.8138415,-0.16615228,0.009037463,0.011734168,0.013202796,0,0.08,-0.99,273.27
01:21.1,16.7,1.283,15.42904004,75.01594877,722.951,0.172847827,120.99626,71.292,78.07,1.712,0.001075916,-0.006113468,-0.000268174,-0.1707744,-0.01498632,-9.814236,-0.18988832,0.008899078,0.011588612,0.013210774,0,0.08,-0.99,273.27
01:21.1,16.6,1.284,15.42904092,75.01594806,722.798,0.199327866,124.21308,70.846,77.74,1.696,0.000768625,-0.006049636,-0.000443149,-0.17015235,-0.01264808,-9.815613,-0.21362436,0.008760693,0.011443056,0.013218752,0,0.08,-0.99,273.27
01:21.1,16.5,1.285,15.4290418,75.01594735,722.645,0.225807905,127.4299,70.4,77.41,1.68,0.000461335,-0.005985804,-0.000618125,-0.1695303,-0.01030984,-9.81699,-0.2373604,0.008622308,0.0112975,0.01322673,0,0.08,-0.99,273.27
01:21.1,16.4,1.286,15.42904268,75.01594664,722.492,0.252287944,130.64672,69.954,77.08,1.664,0.000952952,-0.005999934,-6.07E-05,-0.1713158,-0.01420873,-9.816016,-0.2373604,0.009063148,0.01117934,0.01336176,0,0.08,-0.99,273.268
01:21.1,16.3,1.287,15.42904356,75.01594593,722.339,0.278767983,133.86354,69.508,76.75,1.648,0.00144457,-0.006014063,0.00049669,-0.1731013,-0.01810762,-9.815042,-0.2373604,0.009503989,0.01106118,0.01349679,0,0.08,-0.99,273.266
01:21.2,16.2,1.288,15.42904444,75.01594522,722.186,0.305248022,137.08036,69.062,76.42,1.632,-0.001070858,-0.000648903,0.001540164,-0.17468095,-0.007636162,-9.8139015,-0.2373604,0.009944829,0.01094302,0.01363182,0,0.08,-0.99,273.264
01:21.2,16.1,1.289,15.42904532,75.01594451,722.033,0.331728061,140.29718,68.616,76.09,1.616,-0.003586287,0.004716257,0.002583638,-0.1762606,0.002835297,-9.812761,-0.2373604,0.01038567,0.01082486,0.01376685,0,0.08,-0.99,273.262
01:21.2,16,1.29,15.4290462,75.0159438,721.88,0.3582081,143.514,68.17,75.76,1.6,-0.002215433,0.004211672,0.002182097,-0.17927345,-0.001947983,-9.814481,-0.2373604,0.01082651,0.0107067,0.01390188,0,0.08,-0.99,273.26
01:21.2,16.1,1.273,15.42904802,75.01594226,721.557,0.35489944,139.91693,67.342,75.123,1.593,-0.000844579,0.003707087,0.001780555,-0.1822863,-0.006731262,-9.816201,-0.2373604,0.010605912,0.010663472,0.01370019,0,0.08,-0.99,273.26
01:21.2,16.2,1.256,15.42904984,75.01594072,721.234,0.35159078,136.31986,66.514,74.486,1.586,0.000265105,-0.002176714,0.000898551,-0.17552315,-0.010754386,-9.815735,-0.2373604,0.010385314,0.010620244,0.0134985,0,0.08,-0.99,273.26
01:21.3,16.3,1.239,15.42905166,75.01593918,720.911,0.34828212,132.72279,65.686,73.849,1.579,0.001374789,-0.008060515,1.65E-05,-0.16876,-0.01477751,-9.815269,-0.2373604,0.010164717,0.010577016,0.01329681,0,0.08,-0.99,273.26
01:21.3,16.4,1.222,15.42905348,75.01593764,720.588,0.34497346,129.12572,64.858,73.212,1.572,0.000572797,-0.006829938,0.000655991,-0.17087715,-0.015420535,-9.814039,-0.2373604,0.009944119,0.010533788,0.01309512,0,0.08,-0.99,273.26
01:21.3,16.5,1.205,15.4290553,75.0159361,720.265,0.3416648,125.52865,64.03,72.575,1.565,-0.000229195,-0.005599361,0.001295436,-0.1729943,-0.01606356,-9.812809,-0.2373604,0.009723521,0.01049056,0.01289343,0,0.08,-0.99,273.26
01:21.3,16.6,1.188,15.42905712,75.01593456,719.942,0.33835614,121.93158,63.202,71.938,1.558,-0.000125037,-0.005612724,0.001053222,-0.16953165,-0.012854594,-9.815346,-0.21701522,0.009923731,0.010933672,0.012752754,0,0.08,-0.99,273.258
01:21.3,16.7,1.171,15.42905894,75.01593302,719.619,0.33504748,118.33451,62.374,71.301,1.551,-2.09E-05,-0.005626086,0.000811008,-0.166069,-0.009645627,-9.817883,-0.19667004,0.010123941,0.011376784,0.012612078,0,0.08,-0.99,273.256
01:21.4,16.8,1.154,15.42906076,75.01593148,719.296,0.33173882,114.73744,61.546,70.664,1.544,0.000350228,-0.005663179,0.00094727,-0.16903965,-0.012922719,-9.816456,-0.17632486,0.01032415,0.011819896,0.012471402,0,0.08,-0.99,273.254
01:21.4,16.9,1.137,15.42906258,75.01592994,718.973,0.32843016,111.14037,60.718,70.027,1.537,0.000721335,-0.005700272,0.001083532,-0.1720103,-0.01619981,-9.815029,-0.15597968,0.01052436,0.012263008,0.012330726,0,0.08,-0.99,273.252
01:21.4,17,1.12,15.4290644,75.0159284,718.65,0.3251215,107.5433,59.89,69.39,1.53,-0.000241411,-0.001576867,0.001190948,-0.17638285,-0.008129652,-9.804294,-0.1356345,0.01072457,0.01270612,0.01219005,0,0.08,-0.99,273.25
01:21.4,17,1.123,15.42906541,75.01592799,718.449,0.3105565,106.204355,59.352,68.959,1.527,-0.001204156,0.002546539,0.001298364,-0.1807554,-5.95E-05,-9.793559,-0.16841286,0.019944048,0.023800532,0.023412664,0,0.08,-0.99,273.25
01:21.4,17,1.126,15.42906642,75.01592758,718.248,0.2959915,104.86541,58.814,68.528,1.524,0.000230532,-0.001032618,0.001161673,-0.174349,-0.007884722,-9.804515,-0.20119122,0.029163526,0.034894944,0.034635278,0,0.08,-0.99,273.25
01:21.5,17,1.129,15.42906743,75.01592717,718.047,0.2814265,103.526465,58.276,68.097,1.521,0.00166522,-0.004611775,0.001024982,-0.1679426,-0.01570995,-9.815471,-0.23396958,0.038383004,0.045989356,0.045857892,0,0.08,-0.99,273.25
01:21.5,17,1.132,15.42906844,75.01592676,717.846,0.2668615,102.18752,57.738,67.666,1.518,0.001490707,-0.005314543,0.000597988,-0.1713186,-0.014882695,-9.8133005,-0.26674794,0.047602482,0.057083768,0.057080506,0,0.08,-0.99,273.25
01:21.5,17,1.135,15.42906945,75.01592635,717.645,0.2522965,100.848575,57.2,67.235,1.515,0.001316194,-0.006017311,0.000170993,-0.1746946,-0.01405544,-9.81113,-0.2995263,0.05682196,0.06817818,0.06830312,0,0.08,-0.99,273.25
01:21.5,17,1.138,15.42907046,75.01592594,717.444,0.2377315,99.50963,56.662,66.804,1.512,0.000814768,-0.005546867,0.00035228,-0.17192205,-0.015236765,-9.81148,-0.29387486,0.047657758,0.056933044,0.057426938,0,0.08,-0.99,273.248
01:21.5,17,1.141,15.42907147,75.01592553,717.243,0.2231665,98.170685,56.124,66.373,1.509,0.000313342,-0.005076422,0.000533568,-0.1691495,-0.01641809,-9.81183,-0.28822342,0.038493556,0.045687908,0.046550756,0,0.08,-0.99,273.246
01:21.6,17,1.144,15.42907248,75.01592512,717.042,0.2086015,96.83174,55.586,65.942,1.506,-0.00114084,-0.003430484,0.000419924,-0.17781365,-0.004923974,-9.8051565,-0.28257198,0.029329354,0.034442772,0.035674574,0,0.08,-0.99,273.244
01:21.6,17,1.147,15.42907349,75.01592471,716.841,0.1940365,95.492795,55.048,65.511,1.503,-0.002595023,-0.001784546,0.00030628,-0.1864778,0.006570142,-9.798483,-0.27692054,0.020165152,0.023197636,0.024798392,0,0.08,-0.99,273.242
01:21.6,17,1.15,15.4290745,75.0159243,716.64,0.1794715,94.15385,54.51,65.08,1.5,-0.000796098,-0.003815277,0.000839832,-0.1787358,-0.005628704,-9.805683,-0.2712691,0.01100095,0.0119525,0.01392221,0,0.08,-0.99,273.24
01:21.6,17,1.15,15.42907493,75.01592428,716.552,0.17159609,93.054187,54.222,64.842,1.49,0.001002828,-0.005846008,0.001373385,-0.1709938,-0.01782755,-9.812883,-0.27579024,0.010929554,0.011688954,0.013637922,0,0.08,-0.99,273.24
01:21.6,17,1.15,15.42907536,75.01592426,716.464,0.16372068,91.954524,53.934,64.604,1.48,0.000685789,-0.005402005,0.00085762,-0.1699715,-0.015543785,-9.812816,-0.28031138,0.010858158,0.011425408,0.013353634,0,0.08,-0.99,273.24
01:21.7,17,1.15,15.42907579,75.01592424,716.376,0.15584527,90.854861,53.646,64.366,1.47,0.00036875,-0.004958003,0.000341856,-0.1689492,-0.01326002,-9.812749,-0.28483252,0.010786762,0.011161862,0.013069346,0,0.08,-0.99,273.24
01:21.7,17,1.15,15.42907622,75.01592422,716.288,0.14796986,89.755198,53.358,64.128,1.46,0.000950276,-0.00503665,-8.52E-05,-0.16916125,-0.016222875,-9.8132065,-0.28935366,0.010715366,0.010898316,0.012785058,0,0.08,-0.99,273.24
01:21.7,17,1.15,15.42907665,75.0159242,716.2,0.14009445,88.655535,53.07,63.89,1.45,0.001531802,-0.005115297,-0.000512315,-0.1693733,-0.01918573,-9.813664,-0.2938748,0.01064397,0.01063477,0.01250077,0,0.08,-0.99,273.24
01:21.7,17,1.15,15.42907708,75.01592418,716.112,0.13221904,87.555872,52.782,63.652,1.44,0.001539837,-0.005047625,-0.000261859,-0.16769775,-0.015559935,-9.813816,-0.28370222,0.010570788,0.01087289,0.012379506,0,0.08,-0.99,273.238
01:21.7,17,1.15,15.42907751,75.01592416,716.024,0.12434363,86.456209,52.494,63.414,1.43,0.001547872,-0.004979953,-1.14E-05,-0.1660222,-0.01193414,-9.813968,-0.27352964,0.010497606,0.01111101,0.012258242,0,0.08,-0.99,273.236
01:21.8,17,1.15,15.42907794,75.01592414,715.936,0.11646822,85.356546,52.206,63.176,1.42,-0.000469271,-0.002933478,0.000700073,-0.17920655,-0.009836557,-9.8059955,-0.26335706,0.010424424,0.01134913,0.012136978,0,0.08,-0.99,273.234
01:21.8,17,1.15,15.42907837,75.01592412,715.848,0.10859281,84.256883,51.918,62.938,1.41,-0.002486414,-0.000887003,0.001411548,-0.1923909,-0.007738974,-9.798023,-0.25318448,0.010351242,0.01158725,0.012015714,0,0.08,-0.99,273.232
01:21.8,17,1.15,15.4290788,75.0159241,715.76,0.1007174,83.15722,51.63,62.7,1.4,-0.000672954,-0.002412911,0.000803169,-0.18049,-0.009868067,-9.804878,-0.2430119,0.01027806,0.01182537,0.01189445,0,0.08,-0.99,273.23
01:21.8,17,1.15,15.42907902,75.01592411,715.707,0.10706577,89.133568,51.47,62.565,1.362,0.001140507,-0.003938819,0.00019479,-0.1685891,-0.01199716,-9.811733,-0.28596284,0.010187199,0.011582318,0.011951194,0,0.08,-0.99,273.23
01:21.8,17,1.15,15.42907924,75.01592412,715.654,0.11341414,95.109916,51.31,62.43,1.324,0.001239452,-0.004312086,9.98E-05,-0.1701212,-0.015185115,-9.8124725,-0.32891378,0.010096337,0.011339266,0.012007938,0,0.08,-0.99,273.23
01:21.9,17,1.15,15.42907946,75.01592413,715.601,0.11976251,101.086264,51.15,62.295,1.286,0.001338396,-0.004685354,4.72E-06,-0.1716533,-0.01837307,-9.813212,-0.37186472,0.010005476,0.011096214,0.012064682,0,0.08,-0.99,273.23
01:21.9,17,1.15,15.42907968,75.01592414,715.548,0.12611088,107.062612,50.99,62.16,1.248,0.00063407,-0.004401395,-0.000403424,-0.17114635,-0.01739805,-9.8144535,-0.41481566,0.009914614,0.010853162,0.012121426,0,0.08,-0.99,273.23
01:21.9,17,1.15,15.4290799,75.01592415,715.495,0.13245925,113.03896,50.83,62.025,1.21,-7.03E-05,-0.004117436,-0.000811569,-0.1706394,-0.01642303,-9.815695,-0.4577666,0.009823753,0.01061011,0.01217817,0,0.08,-0.99,273.23
01:21.9,17,1.15,15.42908012,75.01592416,715.442,0.13880762,119.015308,50.67,61.89,1.172,-0.001014439,-0.003704674,-0.000659062,-0.17635325,-0.01811758,-9.807863,-0.43063968,0.009563224,0.010310372,0.011970494,0,0.08,-0.99,273.23
01:21.9,17,1.15,15.42908034,75.01592417,715.389,0.14515599,124.991656,50.51,61.755,1.134,-0.001958623,-0.003291911,-0.000506555,-0.1820671,-0.01981213,-9.800031,-0.40351276,0.009302695,0.010010634,0.011762818,0,0.08,-0.99,273.23
01:22.0,17,1.15,15.42908056,75.01592418,715.336,0.15150436,130.968004,50.35,61.62,1.096,-0.001523514,-0.003498906,-0.000571448,-0.1858445,-0.010058631,-9.7953975,-0.37638584,0.009042165,0.009710895,0.011555142,0,0.08,-0.99,273.23
01:22.0,17,1.15,15.42908078,75.01592419,715.283,0.15785273,136.944352,50.19,61.485,1.058,-0.001088405,-0.0037059,-0.000636341,-0.1896219,-0.000305133,-9.790764,-0.34925892,0.008781636,0.009411157,0.011347466,0,0.08,-0.99,273.23
01:22.0,17,1.15,15.429081,75.0159242,715.23,0.1642011,142.9207,50.03,61.35,1.02,0.00038234,-0.004495052,0.000100946,-0.18045475,-0.010598416,-9.8007965,-0.322132,0.008521107,0.009111419,0.01113979,0,0.08,-0.99,273.23
01:22.0,17,1.15,15.42908124,75.01592409,715.1755556,0.162141044,143.1275556,49.85666667,61.20444444,1.004444444,0.001853085,-0.005284204,0.000838232,-0.1712876,-0.0208917,-9.810829,-0.33004402,0.008275854,0.009270213,0.010959372,0,0.08,-0.99,273.228
01:22.0,17,1.15,15.42908149,75.01592398,715.1211111,0.160080989,143.3344111,49.68333333,61.05888889,0.988888889,0.001596818,-0.004445261,0.00022489,-0.17192635,-0.017575105,-9.81296,-0.33795604,0.008030601,0.009429007,0.010778954,0,0.08,-0.99,273.226
01:22.1,17,1.15,15.42908173,75.01592387,715.0666667,0.158020933,143.5412667,49.51,60.91333333,0.973333333,0.00134055,-0.003606318,-0.000388452,-0.1725651,-0.01425851,-9.815091,-0.34586806,0.007785347,0.009587802,0.010598536,0,0.08,-0.99,273.224
01:22.1,17,1.15,15.42908198,75.01592376,715.0122222,0.155960878,143.7481222,49.33666667,60.76777778,0.957777778,0.001397589,-0.004454667,0.000516476,-0.172054,-0.01407181,-9.815461,-0.35378008,0.007540094,0.009746596,0.010418118,0,0.08,-0.99,273.222
01:22.1,17,1.15,15.42908222,75.01592364,714.9577778,0.153900822,143.9549778,49.16333333,60.62222222,0.942222222,0.001454628,-0.005303015,0.001421404,-0.1715429,-0.01388511,-9.815831,-0.3616921,0.007294841,0.00990539,0.0102377,0,0.08,-0.99,273.22
01:22.1,17,1.15,15.42908247,75.01592353,714.9033333,0.151840767,144.1618333,48.99,60.47666667,0.926666667,0.001484944,-0.004703645,0.000803287,-0.17411455,-0.013568285,-9.815974,-0.37186468,0.017721937,0.021046214,0.023012532,0,0.08,-0.99,273.22
01:22.1,17,1.15,15.42908271,75.01592342,714.8488889,0.149780711,144.3686889,48.81666667,60.33111111,0.911111111,0.001515259,-0.004104274,0.000185169,-0.1766862,-0.01325146,-9.816117,-0.38203726,0.028149033,0.032187038,0.035787364,0,0.08,-0.99,273.22
01:22.2,17,1.15,15.42908296,75.01592331,714.7944444,0.147720656,144.5755444,48.64333333,60.18555556,0.895555556,0.001115699,-0.001887765,0.000580225,-0.1815144,-0.008233781,-9.809153,-0.39220984,0.038576128,0.043327862,0.048562196,0,0.08,-0.99,273.22
01:22.2,17,1.15,15.4290832,75.0159232,714.74,0.1456606,144.7824,48.47,60.04,0.88,0.00071614,0.000328743,0.000975282,-0.1863426,-0.003216101,-9.802189,-0.40238242,0.049003224,0.054468686,0.061337028,0,0.08,-0.99,273.22
01:22.2,17,1.15,15.42908342,75.01592309,714.6954545,0.146640409,132.8640836,48.34818182,59.93454545,0.887272727,0.001123953,-0.001971869,0.000849233,-0.17841885,-0.007887186,-9.809949,-0.412555,0.05943032,0.06560951,0.07411186,0,0.08,-0.99,273.22
01:22.2,17,1.15,15.42908364,75.01592298,714.6509091,0.147620218,120.9457673,48.22636364,59.82909091,0.894545455,0.001531767,-0.004272481,0.000723184,-0.1704951,-0.01255827,-9.817709,-0.40238242,0.049406879,0.05446249,0.061249807,0,0.08,-0.99,273.218
01:22.2,17,1.15,15.42908385,75.01592287,714.6063636,0.148600027,109.0274509,48.10454545,59.72363636,0.901818182,0.001525465,-0.004600213,0.000303955,-0.17019365,-0.014901875,-9.817756,-0.39220984,0.039383438,0.04331547,0.048387754,0,0.08,-0.99,273.216
01:22.3,17,1.15,15.42908407,75.01592276,714.5618182,0.149579836,97.10913455,47.98272727,59.61818182,0.909090909,0.001519164,-0.004927944,-0.000115273,-0.1698922,-0.01724548,-9.817803,-0.38203726,0.029359996,0.03216845,0.035525701,0,0.08,-0.99,273.214
01:22.3,17,1.15,15.42908429,75.01592265,714.5172727,0.150559645,85.19081818,47.86090909,59.51272727,0.916363636,0.001728812,-0.005410188,0.00049928,-0.1713295,-0.016435645,-9.8174805,-0.37186468,0.019336555,0.02102143,0.022663648,0,0.08,-0.99,273.212
01:22.3,17,1.15,15.42908451,75.01592255,714.4727273,0.151539455,73.27250182,47.73909091,59.40727273,0.923636364,0.001938461,-0.005892431,0.001113832,-0.1727668,-0.01562581,-9.817158,-0.3616921,0.009313114,0.00987441,0.009801595,0,0.08,-0.99,273.21
01:22.3,17,1.15,15.42908473,75.01592244,714.4281818,0.152519264,61.35418545,47.61727273,59.30181818,0.930909091,0.002174315,-0.002911628,5.80E-05,-0.17909185,-0.012985445,-9.813075,-0.36508296,0.009293075,0.009749662,0.00984524,0,0.08,-0.99,273.21
01:22.3,17,1.15,15.42908495,75.01592233,714.3836364,0.153499073,49.43586909,47.49545455,59.19636364,0.938181818,0.002410168,6.92E-05,-0.000997912,-0.1854169,-0.01034508,-9.808992,-0.36847382,0.009273036,0.009624913,0.009888885,0,0.08,-0.99,273.21
01:22.4,17,1.15,15.42908516,75.01592222,714.3390909,0.154478882,37.51755273,47.37363636,59.09090909,0.945454545,0.001449081,-0.00265872,-0.000795355,-0.1776718,-0.014229855,-9.8131755,-0.37186468,0.009252998,0.009500165,0.00993253,0,0.08,-0.99,273.21
01:22.4,17,1.15,15.42908538,75.01592211,714.2945455,0.155458691,25.59923636,47.25181818,58.98545455,0.952727273,0.000487994,-0.005386616,-0.000592798,-0.1699267,-0.01811463,-9.817359,-0.37525554,0.009232959,0.009375416,0.009976175,0,0.08,-0.99,273.21
01:22.4,17,1.15,15.4290856,75.015922,714.25,0.1564385,13.68092,47.13,58.88,0.96,0.000424668,-0.005216,-0.000347708,-0.1734887,-0.017302105,-9.816568,-0.3786464,0.00921292,0.009250668,0.01001982,0,0.08,-0.99,273.21
01:22.4,17,1.15,15.42908598,75.0159217,714.178,0.15380887,33.008708,46.909,58.712,0.955,0.000361341,-0.005045383,-0.000102618,-0.1770507,-0.01648958,-9.815777,-0.34812864,0.009028678,0.009215304,0.010089588,0,0.08,-0.99,273.208
01:22.4,17,1.15,15.42908636,75.0159214,714.106,0.15117924,52.336496,46.688,58.544,0.95,0.000495088,-0.005271732,5.22E-05,-0.17551845,-0.01630027,-9.815305,-0.31761088,0.008844437,0.009179941,0.010159356,0,0.08,-0.99,273.206
01:22.5,17,1.15,15.42908674,75.0159211,714.034,0.14854961,71.664284,46.467,58.376,0.945,0.000628836,-0.005498081,0.000206921,-0.1739862,-0.01611096,-9.814833,-0.28709312,0.008660195,0.009144577,0.010229124,0,0.08,-0.99,273.204
01:22.5,17,1.15,15.42908712,75.0159208,713.962,0.14591998,90.992072,46.246,58.208,0.94,0.000541941,-0.004551418,0.00019348,-0.1708944,-0.018412225,-9.8152175,-0.25657536,0.008475954,0.009109214,0.010298892,0,0.08,-0.99,273.202
01:22.5,17,1.15,15.4290875,75.0159205,713.89,0.14329035,110.31986,46.025,58.04,0.935,0.000455046,-0.003604755,0.00018004,-0.1678026,-0.02071349,-9.815602,-0.2260576,0.008291712,0.00907385,0.01036866,0,0.08,-0.99,273.2
01:22.5,17,1.15,15.42908788,75.0159202,713.818,0.14066072,129.647648,45.804,57.872,0.93,0.0008585,-0.004545822,-0.000129318,-0.16816675,-0.017124855,-9.8141,-0.23736046,0.008522698,0.009099289,0.010132596,0,0.08,-0.99,273.2
01:22.5,17,1.15,15.42908826,75.0159199,713.746,0.13803109,148.975436,45.583,57.704,0.925,0.001261953,-0.005486889,-0.000438675,-0.1685309,-0.01353622,-9.812598,-0.24866332,0.008753684,0.009124728,0.009896532,0,0.08,-0.99,273.2
01:22.6,17,1.15,15.42908864,75.0159196,713.674,0.13540146,168.303224,45.362,57.536,0.92,0.001676294,-0.005567224,-0.000240669,-0.16909695,-0.01643342,-9.8143805,-0.25996618,0.008984671,0.009150166,0.009660467,0,0.08,-0.99,273.2
01:22.6,17,1.15,15.42908902,75.0159193,713.602,0.13277183,187.631012,45.141,57.368,0.915,0.002090636,-0.005647559,-4.27E-05,-0.169663,-0.01933062,-9.816163,-0.27126904,0.009215657,0.009175605,0.009424403,0,0.08,-0.99,273.2
01:22.6,17,1.15,15.4290894,75.015919,713.53,0.1301422,206.9588,44.92,57.2,0.91,0.001286315,-0.00580471,-3.43E-05,-0.17063175,-0.017589425,-9.8166125,-0.2825719,0.009446643,0.009201044,0.009188339,0,0.08,-0.99,273.2
01:22.6,17.1,1.143,15.42908967,75.01591881,713.477,0.12308197,210.34811,44.752,57.067,0.892,0.000481994,-0.00596186,-2.58E-05,-0.1716005,-0.01584823,-9.817062,-0.28935364,0.00934061,0.009233614,0.009206175,0,0.08,-0.99,273.198
01:22.6,17.2,1.136,15.42908994,75.01591862,713.424,0.11602174,213.73742,44.584,56.934,0.874,0.000665416,-0.005909699,0.000313701,-0.1722612,-0.01592081,-9.817429,-0.29613538,0.009234576,0.009266184,0.009224011,0,0.08,-0.99,273.196
01:22.7,17.3,1.129,15.42909021,75.01591843,713.371,0.10896151,217.12673,44.416,56.801,0.856,0.000848838,-0.005857538,0.000653241,-0.1729219,-0.01599339,-9.817796,-0.30291712,0.009128543,0.009298755,0.009241848,0,0.08,-0.99,273.194
01:22.7,17.4,1.122,15.42909048,75.01591824,713.318,0.10190128,220.51604,44.248,56.668,0.838,5.14E-06,-0.003296606,0.001180363,-0.18204475,-0.009404622,-9.806749,-0.30969886,0.009022509,0.009331325,0.009259684,0,0.08,-0.99,273.192
01:22.7,17.5,1.115,15.42909075,75.01591805,713.265,0.09484105,223.90535,44.08,56.535,0.82,-0.000838563,-0.000735674,0.001707485,-0.1911676,-0.002815854,-9.795702,-0.3164806,0.008916476,0.009363895,0.00927752,0,0.08,-0.99,273.19
01:22.7,17.6,1.108,15.42909102,75.01591786,713.212,0.08778082,227.29466,43.912,56.402,0.802,-0.000330208,-0.003764097,0.001068742,-0.18261185,-0.009657567,-9.8059235,-0.32213204,0.0090269,0.009257078,0.009469744,0,0.08,-0.99,273.19
01:22.7,17.7,1.101,15.42909129,75.01591767,713.159,0.08072059,230.68397,43.744,56.269,0.784,0.000178146,-0.00679252,0.000429998,-0.1740561,-0.01649928,-9.816145,-0.32778348,0.009137324,0.009150261,0.009661968,0,0.08,-0.99,273.19
01:22.8,17.8,1.094,15.42909156,75.01591748,713.106,0.07366036,234.07328,43.576,56.136,0.766,0.000675014,-0.006109534,0.000759532,-0.1715228,-0.01708679,-9.816825,-0.33343492,0.009247747,0.009043443,0.009854192,0,0.08,-0.99,273.19
01:22.8,17.9,1.087,15.42909183,75.01591729,713.053,0.06660013,237.46259,43.408,56.003,0.748,0.001171882,-0.005426547,0.001089065,-0.1689895,-0.0176743,-9.817505,-0.33908636,0.009358171,0.008936626,0.010046416,0,0.08,-0.99,273.19
01:22.8,18,1.08,15.4290921,75.0159171,713,0.0595399,240.8519,43.24,55.87,0.73,0.001213292,-0.004849154,0.000752014,-0.17104615,-0.018194405,-9.816735,-0.3447378,0.009468595,0.008829809,0.01023864,0,0.08,-0.99,273.19
01:22.8,18.1,1.063,15.4290922,75.01591708,712.979,0.0659524,233.02578,43.132,55.783,0.749,0.001254702,-0.00427176,0.000414964,-0.1731028,-0.01871451,-9.815965,-0.31761088,0.009475248,0.009116587,0.010452052,0,0.08,-0.99,273.188
01:22.8,18.2,1.046,15.4290923,75.01591706,712.958,0.0723649,225.19966,43.024,55.696,0.768,0.002432999,-0.003764751,0.001746936,-0.180889,-0.01485482,-9.8106265,-0.29048396,0.009481902,0.009403365,0.010665464,0,0.08,-0.99,273.186
01:22.9,18.3,1.029,15.4290924,75.01591704,712.937,0.0787774,217.37354,42.916,55.609,0.787,0.003611295,-0.003257741,0.003078908,-0.1886752,-0.01099513,-9.805288,-0.26335704,0.009488555,0.009690144,0.010878876,0,0.08,-0.99,273.184
01:22.9,18.4,1.012,15.4290925,75.01591702,712.916,0.0851899,209.54742,42.808,55.522,0.806,0.002713765,-0.000748704,0.000730958,-0.1890409,-0.011417095,-9.809856,-0.23623012,0.009495209,0.009976922,0.011092288,0,0.08,-0.99,273.182
01:22.9,18.5,0.995,15.4290926,75.015917,712.895,0.0916024,201.7213,42.7,55.435,0.825,0.001816234,0.001760334,-0.001616992,-0.1894066,-0.01183906,-9.814424,-0.2091032,0.009501862,0.0102637,0.0113057,0,0.08,-0.99,273.18
01:22.9,18.6,0.978,15.4290927,75.01591698,712.874,0.0980149,193.89518,42.592,55.348,0.844,0.001571343,-0.002103146,-0.000347213,-0.1799265,-0.013457535,-9.814608,-0.175194574,0.019451482,0.02188782,0.02336089,0,0.08,-0.99,273.18
01:22.9,18.7,0.961,15.4290928,75.01591696,712.853,0.1044274,186.06906,42.484,55.261,0.863,0.001326452,-0.005966626,0.000922567,-0.1704464,-0.01507601,-9.814792,-0.141285948,0.029401101,0.03351194,0.03541608,0,0.08,-0.99,273.18
01:23.0,18.8,0.944,15.4290929,75.01591694,712.832,0.1108399,178.24294,42.376,55.174,0.882,0.001052795,-0.005415868,0.000321364,-0.1713701,-0.013087775,-9.814156,-0.107377322,0.039350721,0.04513606,0.04747127,0,0.08,-0.99,273.18
01:23.0,18.9,0.927,15.429093,75.01591692,712.811,0.1172524,170.41682,42.268,55.087,0.901,0.000779138,-0.004865109,-0.00027984,-0.1722938,-0.01109954,-9.81352,-0.073468696,0.04930034,0.05676018,0.05952646,0,0.08,-0.99,273.18
01:23.0,19,0.91,15.4290931,75.0159169,712.79,0.1236649,162.5907,42.16,55,0.92,0.00114778,-0.005016564,-0.000120517,-0.17163115,-0.014136365,-9.8154775,-0.03956007,0.05924996,0.0683843,0.07158165,0,0.08,-0.99,273.18
01:23.0,19,0.91,15.4290935,75.0159169,712.701,0.120919221,153.262084,42.008,54.832,0.918,0.001516421,-0.005168019,3.88E-05,-0.1709685,-0.01717319,-9.817435,-0.109637916,0.049062497,0.056401585,0.059643682,0,0.08,-0.99,273.178
01:23.0,19,0.91,15.4290939,75.0159169,712.612,0.118173542,143.933468,41.856,54.664,0.916,0.001086464,-0.004527042,0.000138512,-0.1708296,-0.01530503,-9.818688,-0.179715762,0.038875035,0.044418869,0.047705714,0,0.08,-0.99,273.176
01:23.1,19,0.91,15.4290943,75.0159169,712.523,0.115427863,134.604852,41.704,54.496,0.914,0.000656506,-0.003886064,0.000238218,-0.1706907,-0.01343687,-9.819941,-0.249793608,0.028687572,0.032436154,0.035767746,0,0.08,-0.99,273.174
01:23.1,19,0.91,15.4290947,75.0159169,712.434,0.112682184,125.276236,41.552,54.328,0.912,0.001137488,-0.001904342,0.001454396,-0.1793764,2.57E-05,-9.814875,-0.319871454,0.01850011,0.020453438,0.023829778,0,0.08,-0.99,273.172
01:23.1,19,0.91,15.4290951,75.0159169,712.345,0.109936505,115.94762,41.4,54.16,0.91,0.001618469,7.74E-05,0.002670573,-0.1880621,0.01348819,-9.809809,-0.3899493,0.008312647,0.008470723,0.01189181,0,0.08,-0.99,273.17
01:23.1,19,0.91,15.4290955,75.0159169,712.256,0.107190826,106.619004,41.248,53.992,0.908,0.001685331,-0.002251544,0.001886766,-0.17840125,-0.00258931,-9.8136475,-0.34925894,0.008439872,0.008721171,0.011443232,0,0.08,-0.99,273.17
01:23.1,19,0.91,15.4290959,75.0159169,712.167,0.104445147,97.290388,41.096,53.824,0.906,0.001752193,-0.004580467,0.001102959,-0.1687404,-0.01866681,-9.817486,-0.30856858,0.008567097,0.008971619,0.010994653,0,0.08,-0.99,273.17
01:23.2,19,0.91,15.4290963,75.0159169,712.078,0.101699468,87.961772,40.944,53.656,0.904,0.001436458,-0.005162543,0.000884927,-0.1711298,-0.01793791,-9.8179495,-0.26787822,0.008694323,0.009222067,0.010546075,0,0.08,-0.99,273.17
01:23.2,19,0.91,15.4290967,75.0159169,711.989,0.098953789,78.633156,40.792,53.488,0.902,0.001120723,-0.005744618,0.000666895,-0.1735192,-0.01720901,-9.818413,-0.22718786,0.008821548,0.009472515,0.010097496,0,0.08,-0.99,273.17
01:23.2,19,0.91,15.4290971,75.0159169,711.9,0.09620811,69.30454,40.64,53.32,0.9,0.000995019,-0.005546805,0.000229874,-0.1744888,-0.016870235,-9.816877,-0.1864975,0.008948773,0.009722963,0.009648918,0,0.08,-0.99,273.17
01:23.2,19,0.91,15.42909735,75.01591686,711.852,0.097903219,68.80816,40.509,53.172,0.898,0.000869315,-0.005348991,-0.000207148,-0.1754584,-0.01653146,-9.815341,-0.17180376,0.008825576,0.009667703,0.00979132,0,0.08,-0.99,273.168
01:23.2,19,0.91,15.4290976,75.01591682,711.804,0.099598328,68.31178,40.378,53.024,0.896,0.000311577,-0.005460715,0.000109362,-0.18043125,-0.008881769,-9.806873,-0.15711002,0.008702379,0.009612443,0.009933723,0,0.08,-0.99,273.166
01:23.3,19,0.91,15.42909785,75.01591678,711.756,0.101293437,67.8154,40.247,52.876,0.894,-0.000246161,-0.005572439,0.000425873,-0.1854041,-0.001232077,-9.798405,-0.14241628,0.008579183,0.009557182,0.010076125,0,0.08,-0.99,273.164
01:23.3,19,0.91,15.4290981,75.01591674,711.708,0.102988546,67.31902,40.116,52.728,0.892,0.000667809,-0.005094922,1.39E-05,-0.1780844,-0.007599859,-9.808557,-0.12772254,0.008455986,0.009501922,0.010218528,0,0.08,-0.99,273.162
01:23.3,19,0.91,15.42909835,75.0159167,711.66,0.104683655,66.82264,39.985,52.58,0.89,0.001581779,-0.004617405,-0.000398142,-0.1707647,-0.01396764,-9.818709,-0.1130288,0.008332789,0.009446662,0.01036093,0,0.08,-0.99,273.16
01:23.3,19,0.91,15.4290986,75.01591666,711.612,0.106378764,66.32626,39.854,52.432,0.888,0.001324143,-0.005660658,7.64E-05,-0.1732991,-0.01484315,-9.8177225,-0.12998312,0.008489382,0.009623278,0.00993119,0,0.08,-0.99,273.16
01:23.3,19,0.91,15.42909885,75.01591662,711.564,0.108073873,65.82988,39.723,52.284,0.886,0.001066506,-0.00670391,0.000551016,-0.1758335,-0.01571866,-9.816736,-0.14693744,0.008645975,0.009799893,0.00950145,0,0.08,-0.99,273.16
01:23.4,19,0.91,15.4290991,75.01591658,711.516,0.109768982,65.3335,39.592,52.136,0.884,0.001019442,-0.006350878,0.000304141,-0.17197285,-0.014566305,-9.817247,-0.16389176,0.008802568,0.009976509,0.00907171,0,0.08,-0.99,273.16
01:23.4,19,0.91,15.42909935,75.01591654,711.468,0.111464091,64.83712,39.461,51.988,0.882,0.000972378,-0.005997846,5.73E-05,-0.1681122,-0.01341395,-9.817758,-0.18084608,0.008959161,0.010153124,0.00864197,0,0.08,-0.99,273.16
01:23.4,19,0.91,15.4290996,75.0159165,711.42,0.1131592,64.34074,39.33,51.84,0.88,0.00127427,-0.004543398,0.000168574,-0.1703975,-0.01404468,-9.81645,-0.1978004,0.009115754,0.01032974,0.00821223,0,0.08,-0.99,273.16
01:23.4,19.2,0.908,15.42909987,75.01591645,711.364,0.118572,59.044376,39.208,51.705,0.887,0.001576163,-0.003088949,0.000279882,-0.1726828,-0.01467541,-9.815142,-0.23509988,0.009119807,0.010108662,0.008462699,0,0.08,-0.99,273.158
01:23.4,19.4,0.906,15.42910014,75.0159164,711.308,0.1239848,53.748012,39.086,51.57,0.894,0.00203152,-0.003087748,-0.001073882,-0.1735276,-0.011403617,-9.815081,-0.27239936,0.009123861,0.009887583,0.008713169,0,0.08,-0.99,273.156
01:23.5,19.6,0.904,15.42910041,75.01591635,711.252,0.1293976,48.451648,38.964,51.435,0.901,0.002486876,-0.003086546,-0.002427647,-0.1743724,-0.008131823,-9.81502,-0.30969884,0.009127914,0.009666505,0.008963638,0,0.08,-0.99,273.154
01:23.5,19.8,0.902,15.42910068,75.0159163,711.196,0.1348104,43.155284,38.842,51.3,0.908,0.001570814,-0.004490222,-0.001393369,-0.1740248,-0.011323057,-9.8186415,-0.34699832,0.009131968,0.009445426,0.009214108,0,0.08,-0.99,273.152
01:23.5,20,0.9,15.42910095,75.01591625,711.14,0.1402232,37.85892,38.72,51.165,0.915,0.000654752,-0.005893898,-0.000359091,-0.1736772,-0.01451429,-9.822263,-0.3842978,0.009136021,0.009224348,0.009464577,0,0.08,-0.99,273.15
01:23.5,20.2,0.898,15.42910122,75.0159162,711.084,0.145636,32.562556,38.598,51.03,0.922,0.000512822,-0.005554352,-0.000264785,-0.17042075,-0.01453951,-9.820194,-0.3854281,0.009081617,0.009168502,0.009491911,0,0.08,-0.99,273.15
01:23.5,20.4,0.896,15.42910149,75.01591615,711.028,0.1510488,27.266192,38.476,50.895,0.929,0.000370893,-0.005214806,-0.00017048,-0.1671643,-0.01456473,-9.818125,-0.3865584,0.009027213,0.009112655,0.009519244,0,0.08,-0.99,273.15
01:23.6,20.6,0.894,15.42910176,75.0159161,710.972,0.1564616,21.969828,38.354,50.76,0.936,0.00066741,-0.005449575,0.000479228,-0.1689034,-0.012964975,-9.816507,-0.3876887,0.008972809,0.009056809,0.009546578,0,0.08,-0.99,273.15
01:23.6,20.8,0.892,15.42910203,75.01591605,710.916,0.1618744,16.673464,38.232,50.625,0.943,0.000963926,-0.005684344,0.001128936,-0.1706425,-0.01136522,-9.814889,-0.388819,0.008918405,0.009000962,0.009573911,0,0.08,-0.99,273.15
01:23.6,21,0.89,15.4291023,75.015916,710.86,0.1672872,11.3771,38.11,50.49,0.95,0.001182072,-0.003064489,-0.00091971,-0.1775341,-0.013674215,-9.8129625,-0.3899493,0.008864001,0.008945116,0.009601245,0,0.08,-0.99,273.15
01:23.6,21,0.89,15.42910262,75.0159159,710.797,0.158459113,19.166867,37.978,50.346,0.92,0.001400218,-0.000444635,-0.002968355,-0.1844257,-0.01598321,-9.811036,-0.37525556,0.018438947,0.019542741,0.0222604,0,0.08,-0.99,273.15
01:23.6,21,0.89,15.42910294,75.0159158,710.734,0.149631026,26.956634,37.846,50.202,0.89,0.00121876,-0.000736532,-0.001982367,-0.181247,-0.01270679,-9.8099135,-0.36056182,0.028013893,0.030140366,0.034919555,0,0.08,-0.99,273.15
01:23.7,21,0.89,15.42910326,75.0159157,710.671,0.140802939,34.746401,37.714,50.058,0.86,0.001037302,-0.001028429,-0.00099638,-0.1780683,-0.009430369,-9.808791,-0.34586808,0.037588838,0.04073799,0.04757871,0,0.08,-0.99,273.15
01:23.7,21,0.89,15.42910358,75.0159156,710.608,0.131974852,42.536168,37.582,49.914,0.83,0.001132068,-0.003064352,-0.000206819,-0.17510625,-0.01205979,-9.8132425,-0.33117434,0.047163784,0.051335615,0.060237865,0,0.08,-0.99,273.15
01:23.7,21,0.89,15.4291039,75.0159155,710.545,0.123146765,50.325935,37.45,49.77,0.8,0.001226833,-0.005100274,0.000582743,-0.1721442,-0.01468921,-9.817694,-0.3164806,0.05673873,0.06193324,0.07289702,0,0.08,-0.99,273.15
01:23.7,21,0.89,15.42910422,75.0159154,710.482,0.114318678,58.115702,37.318,49.626,0.77,0.000802606,-0.005287715,0.000757054,-0.17157165,-0.013247655,-9.817006,-0.31874118,0.056942858,0.06221207,0.072265964,0,0.08,-0.99,273.148
01:23.7,21,0.89,15.42910454,75.0159153,710.419,0.105490591,65.905469,37.186,49.482,0.74,0.000378379,-0.005475156,0.000931365,-0.1709991,-0.0118061,-9.816318,-0.32100176,0.057146986,0.0624909,0.071634908,0,0.08,-0.99,273.146
01:23.8,21,0.89,15.42910486,75.0159152,710.356,0.096662504,73.695236,37.054,49.338,0.71,0.001095708,-0.004846173,0.000327485,-0.1712231,-0.012454875,-9.8183285,-0.32326234,0.057351114,0.06276973,0.071003852,0,0.08,-0.99,273.144
01:23.8,21,0.89,15.42910518,75.0159151,710.293,0.087834417,81.485003,36.922,49.194,0.68,0.001813038,-0.00421719,-0.000276395,-0.1714471,-0.01310365,-9.820339,-0.32552292,0.057555242,0.06304856,0.070372796,0,0.08,-0.99,273.142
01:23.8,21,0.89,15.4291055,75.015915,710.23,0.07900633,89.27477,36.79,49.05,0.65,-0.000295428,-0.000900316,0.000992112,-0.1786984,-0.011462887,-9.813019,-0.3277835,0.05775937,0.06332739,0.06974174,0,0.08,-0.99,273.14
01:23.8,21,0.89,15.42910566,75.01591496,710.19,0.0914462,92.79869091,36.72272727,48.97636364,0.660909091,-0.002403895,0.002416559,0.00226062,-0.1859497,-0.009822124,-9.805699,-0.34812868,0.04793289,0.05251098,0.057787487,0,0.08,-0.99,273.14
01:23.8,21,0.89,15.42910583,75.01591493,710.15,0.10388607,96.32261182,36.65545455,48.90272727,0.671818182,-0.002017377,0.000420918,0.001875199,-0.1858463,-0.008719067,-9.8087055,-0.36847386,0.03810641,0.041694569,0.045833234,0,0.08,-0.99,273.14
01:23.9,21,0.89,15.42910599,75.01591489,710.11,0.11632594,99.84653273,36.58818182,48.82909091,0.682727273,-0.001630859,-0.001574723,0.001489778,-0.1857429,-0.00761601,-9.811712,-0.38881904,0.028279929,0.030878159,0.033878982,0,0.08,-0.99,273.14
01:23.9,21,0.89,15.42910615,75.01591485,710.07,0.12876581,103.3704536,36.52090909,48.75545455,0.693636364,-0.000574488,-0.003630772,0.000799118,-0.17526795,-0.01152783,-9.8150945,-0.40916422,0.018453449,0.020061748,0.021924729,0,0.08,-0.99,273.14
01:23.9,21,0.89,15.42910632,75.01591482,710.03,0.14120568,106.8943745,36.45363636,48.68181818,0.704545455,0.000481883,-0.005686821,0.000108458,-0.164793,-0.01543965,-9.818477,-0.4295094,0.008626969,0.009245338,0.009970476,0,0.08,-0.99,273.14
01:23.9,21,0.89,15.42910648,75.01591478,709.99,0.15364555,110.4182955,36.38636364,48.60818182,0.715454545,0.00015013,-0.005672267,-1.95E-06,-0.16670365,-0.016198935,-9.8193255,-0.4193368,0.00847392,0.009134737,0.009857425,0,0.078,-0.99,273.138
01:23.9,21,0.89,15.42910665,75.01591475,709.95,0.16608542,113.9422164,36.31909091,48.53454545,0.726363636,-0.000181623,-0.005657712,-0.000112357,-0.1686143,-0.01695822,-9.820174,-0.4091642,0.008320871,0.009024136,0.009744374,0,0.076,-0.99,273.136
01:24.0,21,0.89,15.42910681,75.01591471,709.91,0.17852529,117.4661373,36.25181818,48.46090909,0.737272727,0.00051546,-0.005425331,-0.000326251,-0.16869685,-0.0163329,-9.817794,-0.3989916,0.008167822,0.008913535,0.009631323,0,0.074,-0.99,273.134
01:24.0,21,0.89,15.42910697,75.01591467,709.87,0.19096516,120.9900582,36.18454545,48.38727273,0.748181818,0.001212542,-0.005192949,-0.000540146,-0.1687794,-0.01570758,-9.815414,-0.388819,0.008014773,0.008802934,0.009518272,0,0.072,-0.99,273.132
01:24.0,21,0.89,15.42910714,75.01591464,709.83,0.20340503,124.5139791,36.11727273,48.31363636,0.759090909,0.001071203,-0.005692269,-2.65E-05,-0.1699201,-0.014433475,-9.8155415,-0.3786464,0.007861724,0.008692333,0.009405221,0,0.07,-0.99,273.13
01:24.0,21,0.89,15.4291073,75.0159146,709.79,0.2158449,128.0379,36.05,48.24,0.77,0.000929863,-0.006191588,0.000487134,-0.1710608,-0.01315937,-9.815669,-0.37525554,0.007891063,0.008611491,0.009671947,0,0.07,-0.99,273.13
01:24.0,21,0.89,15.42910758,75.01591451,709.73,0.197878572,133.3407556,35.92111111,48.09555556,0.774444444,0.001261331,-0.005888132,0.000331818,-0.1724463,-0.013178875,-9.818575,-0.37186468,0.007920401,0.008530649,0.009938673,0,0.07,-0.99,273.13
01:24.1,21,0.89,15.42910786,75.01591442,709.67,0.179912244,138.6436111,35.79222222,47.95111111,0.778888889,0.001592798,-0.005584676,0.000176502,-0.1738318,-0.01319838,-9.821481,-0.36847382,0.00794974,0.008449808,0.010205398,0,0.07,-0.99,273.13
01:24.1,21,0.89,15.42910813,75.01591433,709.61,0.161945917,143.9464667,35.66333333,47.80666667,0.783333333,0.001144219,-0.005132845,-1.99E-05,-0.1709666,-0.01583454,-9.8212575,-0.36508296,0.007979078,0.008368966,0.010472124,0,0.07,-0.99,273.13
01:24.1,21,0.89,15.42910841,75.01591424,709.55,0.143979589,149.2493222,35.53444444,47.66222222,0.787777778,0.00069564,-0.004681013,-0.000216277,-0.1681014,-0.0184707,-9.821034,-0.3616921,0.008008417,0.008288124,0.01073885,0,0.07,-0.99,273.13
01:24.1,21,0.89,15.42910869,75.01591416,709.49,0.126013261,154.5521778,35.40555556,47.51777778,0.792222222,0.001096114,-0.005197379,0.000240023,-0.1693991,-0.01647672,-9.8194935,-0.3526498,0.008050261,0.008301375,0.010699882,0,0.07,-0.992,273.128
01:24.1,21,0.89,15.42910897,75.01591407,709.43,0.108046933,159.8550333,35.27666667,47.37333333,0.796666667,0.001496588,-0.005713745,0.000696322,-0.1706968,-0.01448274,-9.817953,-0.3436075,0.008092105,0.008314626,0.010660914,0,0.07,-0.994,273.126
01:24.2,21,0.89,15.42910924,75.01591398,709.37,0.090080606,165.1578889,35.14777778,47.22888889,0.801111111,0.0014604,-0.006319933,0.000848976,-0.17105085,-0.01338687,-9.8205765,-0.3345652,0.008133948,0.008327878,0.010621946,0,0.07,-0.996,273.124
01:24.2,21,0.89,15.42910952,75.01591389,709.31,0.072114278,170.4607444,35.01888889,47.08444444,0.805555556,0.001424213,-0.006926122,0.00100163,-0.1714049,-0.012291,-9.8232,-0.3255229,0.008175792,0.008341129,0.010582978,0,0.07,-0.998,273.122
01:24.2,21,0.89,15.4291098,75.0159138,709.25,0.05414795,175.7636,34.89,46.94,0.81,0.001945836,-0.000727632,-0.000351391,-0.1723245,-0.015539795,-9.815335,-0.3164806,0.008217636,0.00835438,0.01054401,0,0.07,-1,273.12
01:24.2,21,0.888,15.42910988,75.01591368,709.234,0.059386325,170.42198,34.796,46.811,0.807,0.002467459,0.005470859,-0.001704411,-0.1732441,-0.01878859,-9.80747,-0.2972657,0.00803867,0.00835081,0.010449308,0,0.072,-1,273.12
01:24.2,21,0.886,15.42910996,75.01591356,709.218,0.0646247,165.08036,34.702,46.682,0.804,0.001833991,0.000330815,-0.000437025,-0.1708037,-0.01629769,-9.8128245,-0.2780508,0.007859704,0.008347239,0.010354606,0,0.074,-1,273.12
01:24.3,21,0.884,15.42911004,75.01591344,709.202,0.069863075,159.73874,34.608,46.553,0.801,0.001200522,-0.00480923,0.000830362,-0.1683633,-0.01380679,-9.818179,-0.2588359,0.007680739,0.008343669,0.010259904,0,0.076,-1,273.12
01:24.3,21,0.882,15.42911012,75.01591332,709.186,0.07510145,154.39712,34.514,46.424,0.798,0.001303697,-0.005244958,0.000665033,-0.1678747,-0.0150081,-9.818366,-0.239621,0.007501773,0.008340098,0.010165202,0,0.078,-1,273.12
01:24.3,21,0.88,15.4291102,75.0159132,709.17,0.080339825,149.0555,34.42,46.295,0.795,0.001406871,-0.005680686,0.000499704,-0.1673861,-0.01620941,-9.818553,-0.2204061,0.007322807,0.008336528,0.0100705,0,0.08,-1,273.12
01:24.3,21,0.878,15.42911028,75.01591308,709.154,0.0855782,143.71388,34.326,46.166,0.792,0.000953719,-0.0067957,0.00067868,-0.16872725,-0.01386767,-9.818736,-0.2294484,0.007818028,0.008403881,0.009789854,0,0.08,-1,273.12
01:24.3,21,0.876,15.42911036,75.01591296,709.138,0.090816575,138.37226,34.232,46.037,0.789,0.000500566,-0.007910714,0.000857656,-0.1700684,-0.01152593,-9.818919,-0.2384907,0.008313248,0.008471234,0.009509208,0,0.08,-1,273.12
01:24.4,21,0.874,15.42911044,75.01591284,709.122,0.09605495,133.03064,34.138,45.908,0.786,0.002699294,-0.00460497,0.000582512,-0.1839123,-0.00591506,-9.8148285,-0.247533,0.008808469,0.008538588,0.009228562,0,0.08,-1,273.12
01:24.4,21,0.872,15.42911052,75.01591272,709.106,0.101293325,127.68902,34.044,45.779,0.783,0.004898021,-0.001299225,0.000307368,-0.1977562,-0.00030419,-9.810738,-0.2565753,0.009303689,0.008605941,0.008947916,0,0.08,-1,273.12
01:24.4,21,0.87,15.4291106,75.0159126,709.09,0.1065317,122.3474,33.95,45.65,0.78,0.002486255,-0.003021424,0.001420678,-0.19555775,-0.005140555,-9.8021835,-0.2656176,0.00979891,0.008673294,0.00866727,0,0.08,-1,273.12
01:24.4,21,0.87,15.42911071,75.01591254,709.067,0.1077242,120.2816,33.868,45.54,0.78,7.45E-05,-0.004743622,0.002533989,-0.1933593,-0.00997692,-9.793629,-0.27013876,0.009499296,0.00859126,0.009013164,0,0.08,-1,273.118
01:24.4,21,0.87,15.42911082,75.01591248,709.044,0.1089167,118.2158,33.786,45.43,0.78,0.000610617,-0.004719156,0.001202646,-0.18196955,-0.01404965,-9.8072035,-0.27465992,0.009199682,0.008509226,0.009359058,0,0.08,-1,273.116
01:24.5,21,0.87,15.42911093,75.01591242,709.021,0.1101092,116.15,33.704,45.32,0.78,0.001146744,-0.00469469,-0.000128697,-0.1705798,-0.01812238,-9.820778,-0.27918108,0.008900067,0.008427193,0.009704952,0,0.08,-1,273.114
01:24.5,21,0.87,15.42911104,75.01591236,708.998,0.1113017,114.0842,33.622,45.21,0.78,0.001426191,-0.004565532,0.000347987,-0.1694828,-0.016068455,-9.8188745,-0.28370224,0.008600453,0.008345159,0.010050846,0,0.08,-1,273.112
01:24.5,21,0.87,15.42911115,75.0159123,708.975,0.1124942,112.0184,33.54,45.1,0.78,0.001705637,-0.004436374,0.000824672,-0.1683858,-0.01401453,-9.816971,-0.2882234,0.008300839,0.008263125,0.01039674,0,0.08,-1,273.11
01:24.5,21,0.87,15.42911126,75.01591224,708.952,0.1136867,109.9526,33.458,44.99,0.78,0.00134339,-0.004925003,0.000699343,-0.16834845,-0.01575812,-9.815687,-0.30743828,0.019024955,0.020386634,0.022306382,0,0.08,-1,273.11
01:24.5,21,0.87,15.42911137,75.01591218,708.929,0.1148792,107.8868,33.376,44.88,0.78,0.000981144,-0.005413631,0.000574015,-0.1683111,-0.01750171,-9.814403,-0.32665316,0.029749071,0.032510143,0.034216024,0,0.08,-1,273.11
01:24.6,21,0.87,15.42911148,75.01591212,708.906,0.1160717,105.821,33.294,44.77,0.78,0.000615812,-0.005765467,0.000951582,-0.16792915,-0.01575924,-9.815327,-0.34586804,0.040473188,0.044633652,0.046125666,0,0.08,-1,273.11
01:24.6,21,0.87,15.42911159,75.01591206,708.883,0.1172642,103.7552,33.212,44.66,0.78,0.00025048,-0.006117304,0.001329149,-0.1675472,-0.01401677,-9.816251,-0.36508292,0.051197304,0.056757161,0.058035308,0,0.08,-1,273.11
01:24.6,21,0.87,15.4291117,75.015912,708.86,0.1184567,101.6894,33.13,44.55,0.78,0.001214097,-0.005898845,0.000808787,-0.1703024,-0.01303644,-9.815801,-0.3842978,0.06192142,0.06888067,0.06994495,0,0.08,-1,273.11
01:24.6,21,0.87,15.42911184,75.01591198,708.831,0.11859769,103.09146,33.045,44.436,0.78,0.002177714,-0.005680386,0.000288425,-0.1730576,-0.01205611,-9.815351,-0.36169206,0.051245396,0.056869844,0.05814493,0,0.08,-1,273.108
01:24.6,21,0.87,15.42911198,75.01591196,708.802,0.11873868,104.49352,32.96,44.322,0.78,0.001640727,-0.005359562,0.000315474,-0.1715294,-0.01277662,-9.816678,-0.33908632,0.040569372,0.044859018,0.04634491,0,0.08,-1,273.106
01:24.7,21,0.87,15.42911212,75.01591194,708.773,0.11887967,105.89558,32.875,44.208,0.78,0.00110374,-0.005038738,0.000342523,-0.1700012,-0.01349713,-9.818005,-0.31648058,0.029893349,0.032848192,0.03454489,0,0.08,-1,273.104
01:24.7,21,0.87,15.42911226,75.01591192,708.744,0.11902066,107.29764,32.79,44.094,0.78,0.001970294,-0.002294303,-0.000193719,-0.17265535,-0.009153531,-9.8124885,-0.29387484,0.019217325,0.020837366,0.02274487,0,0.08,-1,273.102
01:24.7,21,0.87,15.4291124,75.0159119,708.715,0.11916165,108.6997,32.705,43.98,0.78,0.002836849,0.000450131,-0.000729961,-0.1753095,-0.004809931,-9.806972,-0.2712691,0.008541301,0.00882654,0.01094485,0,0.08,-1,273.1
01:24.7,21,0.87,15.42911254,75.01591188,708.686,0.11930264,110.10176,32.62,43.866,0.78,0.002017468,-0.002858464,-0.000250323,-0.17260765,-0.008838261,-9.8125395,-0.2622268,0.008501517,0.008954212,0.011007654,0,0.078,-1,273.1
01:24.7,21,0.87,15.42911268,75.01591186,708.657,0.11944363,111.50382,32.535,43.752,0.78,0.001198086,-0.00616706,0.000229315,-0.1699058,-0.01286659,-9.818107,-0.2531845,0.008461733,0.009081883,0.011070458,0,0.076,-1,273.1
01:24.8,21,0.87,15.42911282,75.01591184,708.628,0.11958462,112.90588,32.45,43.638,0.78,0.000948536,-0.005444385,-0.000290855,-0.1707459,-0.01486608,-9.8180965,-0.2441422,0.008421948,0.009209555,0.011133262,0,0.074,-1,273.1
01:24.8,21,0.87,15.42911296,75.01591182,708.599,0.11972561,114.30794,32.365,43.524,0.78,0.000698986,-0.00472171,-0.000811025,-0.171586,-0.01686557,-9.818086,-0.2350999,0.008382164,0.009337226,0.011196066,0,0.072,-1,273.1
01:24.8,21,0.87,15.4291131,75.0159118,708.57,0.1198666,115.71,32.28,43.41,0.78,0.000287017,-0.004834259,-0.000335727,-0.17142135,-0.01829341,-9.818826,-0.2260576,0.00834238,0.009464898,0.01125887,0,0.07,-1,273.1
01:24.8,21,0.87,15.42911319,75.0159118,708.548,0.12974795,116.31177,32.188,43.291,0.778,-0.000124951,-0.004946808,0.00013957,-0.1712567,-0.01972125,-9.819566,-0.22718788,0.00851048,0.009578254,0.011582676,0,0.07,-1,273.1
01:24.8,21,0.87,15.42911328,75.0159118,708.526,0.1396293,116.91354,32.096,43.172,0.776,-0.000406662,-0.002347117,-0.000121692,-0.17439645,-0.01656173,-9.8089475,-0.22831816,0.00867858,0.009691611,0.011906482,0,0.07,-1,273.1
01:24.9,21,0.87,15.42911337,75.0159118,708.504,0.14951065,117.51531,32.004,43.053,0.774,-0.000688374,0.000252574,-0.000382954,-0.1775362,-0.01340221,-9.798329,-0.22944844,0.00884668,0.009804967,0.012230288,0,0.07,-1,273.1
01:24.9,21,0.87,15.42911346,75.0159118,708.482,0.159392,118.11708,31.912,42.934,0.772,0.00027962,-0.001784276,0.000142664,-0.175391,-0.013674285,-9.8079275,-0.23057872,0.00901478,0.009918324,0.012554094,0,0.07,-1,273.1
01:24.9,21,0.87,15.42911355,75.0159118,708.46,0.16927335,118.71885,31.82,42.815,0.77,0.001247613,-0.003821125,0.000668282,-0.1732458,-0.01394636,-9.817526,-0.231709,0.00918288,0.01003168,0.0128779,0,0.07,-1,273.1
01:24.9,21,0.87,15.42911364,75.0159118,708.438,0.1791547,119.32062,31.728,42.696,0.768,0.000528627,-0.004712527,0.000168512,-0.17109545,-0.01377472,-9.819498,-0.23283928,0.009176694,0.009929215,0.01268312,0,0.07,-1,273.098
01:24.9,21,0.87,15.42911373,75.0159118,708.416,0.18903605,119.92239,31.636,42.577,0.766,-0.00019036,-0.005603929,-0.000331259,-0.1689451,-0.01360308,-9.82147,-0.23396956,0.009170509,0.009826751,0.01248834,0,0.07,-1,273.096
01:25.0,21,0.87,15.42911382,75.0159118,708.394,0.1989174,120.52416,31.544,42.458,0.764,0.001098222,-0.006045318,-0.00060723,-0.17263075,-0.0139998,-9.819661,-0.23509984,0.009164323,0.009724286,0.01229356,0,0.07,-1,273.094
01:25.0,21,0.87,15.42911391,75.0159118,708.372,0.20879875,121.12593,31.452,42.339,0.762,0.002386803,-0.006486707,-0.000883201,-0.1763164,-0.01439652,-9.817852,-0.23623012,0.009158138,0.009621822,0.01209878,0,0.07,-1,273.092
01:25.0,21,0.87,15.429114,75.0159118,708.35,0.2186801,121.7277,31.36,42.22,0.76,0.001825625,-0.00592892,-0.000400032,-0.17369295,-0.014209095,-9.81676,-0.2373604,0.009151952,0.009519357,0.011904,0,0.07,-1,273.09
01:25.0,21,0.87,15.42911401,75.01591179,708.338,0.20815757,122.62601,31.243,42.071,0.761,0.001264447,-0.005371132,8.31E-05,-0.1710695,-0.01402167,-9.815668,-0.2204061,0.009276855,0.009426053,0.01210195,0,0.07,-1,273.088
01:25.0,21,0.87,15.42911402,75.01591178,708.326,0.19763504,123.52432,31.126,41.922,0.762,-0.000539105,0.00041547,-0.001610737,-0.17984125,-0.01649672,-9.8056775,-0.2034518,0.009401759,0.009332748,0.0122999,0,0.07,-1,273.086
01:25.1,21,0.87,15.42911403,75.01591177,708.314,0.18711251,124.42263,31.009,41.773,0.763,-0.002342657,0.006202072,-0.003304611,-0.188613,-0.01897177,-9.795687,-0.1864975,0.009526662,0.009239444,0.01249785,0,0.07,-1,273.084
01:25.1,21,0.87,15.42911404,75.01591176,708.302,0.17658998,125.32094,30.892,41.624,0.764,-0.000108358,8.51E-05,-0.001614997,-0.178598,-0.017063445,-9.806865,-0.1695432,0.009651566,0.009146139,0.0126958,0,0.07,-1,273.082
01:25.1,21,0.87,15.42911405,75.01591175,708.29,0.16606745,126.21925,30.775,41.475,0.765,0.002125941,-0.006031805,7.46E-05,-0.168583,-0.01515512,-9.818043,-0.1525889,0.009776469,0.009052835,0.01289375,0,0.07,-1,273.08
01:25.1,21,0.87,15.42911406,75.01591174,708.278,0.15554492,127.11756,30.658,41.326,0.766,0.001886745,-0.005625012,0.000460119,-0.1704351,-0.014313205,-9.8181215,-0.18762782,0.009628907,0.009098462,0.012720258,0,0.07,-1,273.08
01:25.1,21,0.87,15.42911407,75.01591173,708.266,0.14502239,128.01587,30.541,41.177,0.767,0.001647549,-0.005218219,0.000845621,-0.1722872,-0.01347129,-9.8182,-0.22266674,0.009481346,0.009144089,0.012546766,0,0.07,-1,273.08
01:25.2,21,0.87,15.42911408,75.01591172,708.254,0.13449986,128.91418,30.424,41.028,0.768,0.001409524,-0.00545046,0.00073392,-0.1704875,-0.015067655,-9.817318,-0.25770566,0.009333784,0.009189715,0.012373274,0,0.07,-1,273.08
01:25.2,21,0.87,15.42911409,75.01591171,708.242,0.12397733,129.81249,30.307,40.879,0.769,0.001171498,-0.005682701,0.000622219,-0.1686878,-0.01666402,-9.816436,-0.29274458,0.009186223,0.009235342,0.012199782,0,0.07,-1,273.08
01:25.2,21,0.87,15.4291141,75.0159117,708.23,0.1134548,130.7108,30.19,40.73,0.77,-0.000606496,-0.002490415,0.002130963,-0.17395685,-0.011528978,-9.8065595,-0.3277835,0.009038661,0.009280969,0.01202629,0,0.07,-1,273.08
01:25.2,21,0.87,15.42911415,75.01591168,708.217,0.11628606,121.739302,30.103,40.616,0.779,-0.002384491,0.000701871,0.003639707,-0.1792259,-0.006393935,-9.796683,-0.28257198,0.018438161,0.019407923,0.02355559,0,0.07,-1,273.08
01:25.2,21,0.87,15.4291142,75.01591166,708.204,0.11911732,112.767804,30.016,40.502,0.788,0.000520131,0.000459151,0.003105195,-0.17887555,-0.005995418,-9.7937995,-0.23736046,0.027837661,0.029534877,0.03508489,0,0.07,-1,273.08
01:25.3,21,0.87,15.42911425,75.01591164,708.191,0.12194858,103.796306,29.929,40.388,0.797,0.003424754,0.00021643,0.002570683,-0.1785252,-0.005596901,-9.790916,-0.19214894,0.03723716,0.039661832,0.04661419,0,0.07,-1,273.08
01:25.3,21,0.87,15.4291143,75.01591162,708.178,0.12477984,94.824808,29.842,40.274,0.806,0.002224752,-0.001995124,0.001660189,-0.17526155,-0.009206536,-9.804285,-0.14693742,0.04663666,0.049788786,0.05814349,0,0.07,-1,273.08
01:25.3,21,0.87,15.42911435,75.0159116,708.165,0.1276111,85.85331,29.755,40.16,0.815,0.00102475,-0.004206678,0.000749695,-0.1719979,-0.01281617,-9.817654,-0.1017259,0.05603616,0.05991574,0.06967279,0,0.07,-1,273.08
01:25.3,21,0.87,15.4291144,75.01591158,708.152,0.13044236,76.881812,29.668,40.046,0.824,0.000899891,-0.005143932,0.000617038,-0.17141775,-0.013540415,-9.819645,-0.12320136,0.046732792,0.04995465,0.058086558,0,0.07,-1,273.08
01:25.3,21,0.87,15.42911445,75.01591156,708.139,0.13327362,67.910314,29.581,39.932,0.833,0.000775032,-0.006081186,0.000484381,-0.1708376,-0.01426466,-9.821636,-0.14467682,0.037429423,0.03999356,0.046500326,0,0.07,-1,273.08
01:25.4,21,0.87,15.4291145,75.01591154,708.126,0.13610488,58.938816,29.494,39.818,0.842,0.000698543,-0.005013208,0.000144784,-0.17161505,-0.01352623,-9.818429,-0.16615228,0.028126055,0.03003247,0.034914094,0,0.07,-1,273.08
01:25.4,21,0.87,15.42911455,75.01591152,708.113,0.13893614,49.967318,29.407,39.704,0.851,0.000622054,-0.00394523,-0.000194813,-0.1723925,-0.0127878,-9.815222,-0.18762774,0.018822686,0.02007138,0.023327862,0,0.07,-1,273.08
01:25.4,21,0.87,15.4291146,75.0159115,708.1,0.1417674,40.99582,29.32,39.59,0.86,0.001214009,-0.004730468,-3.94E-05,-0.1702595,-0.01514612,-9.817536,-0.2091032,0.009519318,0.01011029,0.01174163,0,0.07,-1,273.08
01:25.4,21.1,0.855,15.42911459,75.0159115,708.101,0.13819066,49.085318,29.253,39.505,0.85,0.001805965,-0.005515705,0.000116108,-0.1681265,-0.01750444,-9.81985,-0.175194574,0.00931633,0.01013881,0.011441228,0,0.07,-1,273.078
01:25.4,21.2,0.84,15.42911458,75.0159115,708.102,0.13461392,57.174816,29.186,39.42,0.84,0.001110913,-0.002594729,0.000638848,-0.17634705,-0.01553724,-9.810763,-0.141285948,0.009113342,0.01016733,0.011140826,0,0.07,-1,273.076
01:25.5,21.3,0.825,15.42911457,75.0159115,708.103,0.13103718,65.264314,29.119,39.335,0.83,0.000415862,0.000326248,0.001161589,-0.1845676,-0.01357004,-9.801676,-0.107377322,0.008910353,0.01019585,0.010840424,0,0.07,-1,273.074
01:25.5,21.4,0.81,15.42911456,75.0159115,708.104,0.12746044,73.353812,29.052,39.25,0.82,0.001050365,-0.00217614,0.000772622,-0.1795208,-0.01408988,-9.808812,-0.073468696,0.008707365,0.01022437,0.010540022,0,0.07,-1,273.072
01:25.5,21.5,0.795,15.42911455,75.0159115,708.105,0.1238837,81.44331,28.985,39.165,0.81,0.001684869,-0.004678528,0.000383654,-0.174474,-0.01460972,-9.815948,-0.03956007,0.008504377,0.01025289,0.01023962,0,0.07,-1,273.07
01:25.5,21.6,0.78,15.42911454,75.0159115,708.106,0.12030696,89.532808,28.918,39.08,0.8,0.001941746,-0.004904097,0.000274584,-0.17162425,-0.014443285,-9.816523,-0.091553316,0.00872066,0.010196798,0.010268674,0,0.072,-1,273.07
01:25.5,21.7,0.765,15.42911453,75.0159115,708.107,0.11673022,97.622306,28.851,38.995,0.79,0.002198622,-0.005129666,0.000165514,-0.1687745,-0.01427685,-9.817098,-0.143546562,0.008936944,0.010140707,0.010297728,0,0.074,-1,273.07
01:25.6,21.8,0.75,15.42911452,75.0159115,708.108,0.11315348,105.711804,28.784,38.91,0.78,0.001189006,-0.00523772,0.000497232,-0.1693319,-0.013917785,-9.820103,-0.195539808,0.009153227,0.010084615,0.010326782,0,0.076,-1,273.07
01:25.6,21.9,0.735,15.42911451,75.0159115,708.109,0.10957674,113.801302,28.717,38.825,0.77,0.00017939,-0.005345775,0.00082895,-0.1698893,-0.01355872,-9.823108,-0.247533054,0.009369511,0.010028524,0.010355836,0,0.078,-1,273.07
01:25.6,22,0.72,15.4291145,75.0159115,708.11,0.106,121.8908,28.65,38.74,0.76,6.88E-07,-0.005426372,0.000656587,-0.16970535,-0.013938295,-9.821223,-0.2995263,0.009585794,0.009972432,0.01038489,0,0.08,-1,273.07
01:25.6,22,0.72,15.42911447,75.01591151,708.115,0.10732057,123.67808,28.59,38.664,0.761,-0.000178014,-0.005506969,0.000484225,-0.1695214,-0.01431787,-9.819338,-0.32439262,0.009593763,0.010090762,0.010209095,0,0.08,-1,273.068
01:25.6,22,0.72,15.42911444,75.01591152,708.12,0.10864114,125.46536,28.53,38.588,0.762,0.000298562,-0.007329033,-0.001325563,-0.17506825,-0.00939957,-9.8073715,-0.34925894,0.009601732,0.010209091,0.0100333,0,0.08,-1,273.066
01:25.7,22,0.72,15.42911441,75.01591153,708.125,0.10996171,127.25264,28.47,38.512,0.763,0.000775137,-0.009151097,-0.003135351,-0.1806151,-0.004481269,-9.795405,-0.37412526,0.009609701,0.010327421,0.009857505,0,0.08,-1,273.064
01:25.7,22,0.72,15.42911438,75.01591154,708.13,0.11128228,129.03992,28.41,38.436,0.764,0.001017159,-0.007352234,-0.001724765,-0.17624035,-0.009499,-9.8094995,-0.39899158,0.00961767,0.01044575,0.00968171,0,0.08,-1,273.062
01:25.7,22,0.72,15.42911435,75.01591155,708.135,0.11260285,130.8272,28.35,38.36,0.765,0.00125918,-0.00555337,-0.000314178,-0.1718656,-0.01451673,-9.823594,-0.4238579,0.009625639,0.01056408,0.009505915,0,0.08,-1,273.06
01:25.7,22,0.72,15.42911432,75.01591156,708.14,0.11392342,132.61448,28.29,38.284,0.766,0.001045216,-0.004961996,-0.000167038,-0.17239565,-0.015085505,-9.821764,-0.38542812,0.009528189,0.01032363,0.00949223,0,0.08,-1,273.06
01:25.7,22,0.72,15.42911429,75.01591157,708.145,0.11524399,134.40176,28.23,38.208,0.767,0.000831252,-0.004370622,-1.99E-05,-0.1729257,-0.01565428,-9.819934,-0.34699834,0.009430739,0.010083179,0.009478545,0,0.08,-1,273.06
01:25.8,22,0.72,15.42911426,75.01591158,708.15,0.11656456,136.18904,28.17,38.132,0.768,0.000757849,-0.004517177,0.000140703,-0.17029575,-0.01473078,-9.818219,-0.30856856,0.009333289,0.009842729,0.009464861,0,0.08,-1,273.06
01:25.8,22,0.72,15.42911423,75.01591159,708.155,0.11788513,137.97632,28.11,38.056,0.769,0.000684446,-0.004663731,0.000301304,-0.1676658,-0.01380728,-9.816504,-0.27013878,0.009235839,0.009602278,0.009451176,0,0.08,-1,273.06
01:25.8,22,0.72,15.4291142,75.0159116,708.16,0.1192057,139.7636,28.05,37.98,0.77,0.000677011,-0.005588306,-6.28E-05,-0.16889005,-0.01407477,-9.8159145,-0.231709,0.009138389,0.009361828,0.009437491,0,0.08,-1,273.06
01:25.8,22,0.72,15.42911421,75.0159116,708.1563636,0.111848393,132.2146464,27.99727273,37.91363636,0.769090909,0.000669577,-0.00651288,-0.000426964,-0.1701143,-0.01434226,-9.815325,-0.24753304,0.009291909,0.009214945,0.009786935,0,0.08,-1,273.06
01:25.8,22,0.72,15.42911422,75.0159116,708.1527273,0.104491085,124.6656927,27.94454545,37.84727273,0.768181818,6.62E-05,-0.001342121,0.001348284,-0.17249075,-0.010396142,-9.8071485,-0.26335708,0.009445429,0.009068061,0.010136379,0,0.08,-1,273.06
01:25.9,22,0.72,15.42911423,75.0159116,708.1490909,0.097133778,117.1167391,27.89181818,37.78090909,0.767272727,-0.000537272,0.003828639,0.003123532,-0.1748672,-0.006450023,-9.798972,-0.27918112,0.00959895,0.008921178,0.010485822,0,0.08,-1,273.06
01:25.9,22,0.72,15.42911424,75.0159116,708.1454545,0.089776471,109.5677855,27.83909091,37.71454545,0.766363636,0.000526447,-0.000518958,0.001601801,-0.17284425,-0.010451887,-9.808681,-0.29500516,0.00975247,0.008774294,0.010835266,0,0.08,-1,273.06
01:25.9,22,0.72,15.42911425,75.0159116,708.1418182,0.082419164,102.0188318,27.78636364,37.64818182,0.765454545,0.001590166,-0.004866555,8.01E-05,-0.1708213,-0.01445375,-9.81839,-0.3108292,0.00990599,0.008627411,0.01118471,0,0.08,-1,273.06
01:25.9,22,0.72,15.42911425,75.0159116,708.1381818,0.075061856,94.46987818,27.73363636,37.58181818,0.764545455,0.001429439,-0.005295909,0.000442329,-0.17197255,-0.01296403,-9.818142,-0.3187412,0.009650194,0.00870168,0.01088236,0,0.08,-1,273.058
01:25.9,22,0.72,15.42911426,75.0159116,708.1345455,0.067704549,86.92092455,27.68090909,37.51545455,0.763636364,0.001268711,-0.005725263,0.000804587,-0.1731238,-0.01147431,-9.817894,-0.3266532,0.009394399,0.008775948,0.010580011,0,0.08,-1,273.056
01:26.0,22,0.72,15.42911427,75.0159116,708.1309091,0.060347242,79.37197091,27.62818182,37.44909091,0.762727273,0.000899523,-0.005323591,0.000507122,-0.1718469,-0.011759755,-9.8173995,-0.3345652,0.009138603,0.008850217,0.010277661,0,0.08,-1,273.054
01:26.0,22,0.72,15.42911428,75.0159116,708.1272727,0.052989935,71.82301727,27.57545455,37.38272727,0.761818182,0.000530334,-0.004921918,0.000209657,-0.17057,-0.0120452,-9.816905,-0.3424772,0.008882808,0.008924485,0.009975312,0,0.08,-1,273.052
01:26.0,22,0.72,15.42911429,75.0159116,708.1236364,0.045632627,64.27406364,27.52272727,37.31636364,0.760909091,0.000749269,-0.005084429,6.30E-05,-0.16913665,-0.01342903,-9.817386,-0.3503892,0.008627012,0.008998754,0.009672962,0,0.08,-1,273.05
01:26.0,22,0.72,15.4291143,75.0159116,708.12,0.03827532,56.72511,27.47,37.25,0.76,0.000968204,-0.005246939,-8.36E-05,-0.1677033,-0.01481286,-9.817867,-0.34360748,0.017926268,0.020711797,0.02326709,0,0.08,-1,273.05
01:26.0,22,0.72,15.42911432,75.0159116,708.1166667,0.049953296,62.73750889,27.40777778,37.17333333,0.755555556,0.00114227,-0.005089313,0.000606333,-0.1681969,-0.015839355,-9.8180025,-0.33682576,0.027225523,0.03242484,0.036861217,0,0.08,-1,273.05
01:26.1,22,0.72,15.42911434,75.0159116,708.1133333,0.061631271,68.74990778,27.34555556,37.09666667,0.751111111,0.001316335,-0.004931686,0.001296315,-0.1686905,-0.01686585,-9.818138,-0.33004404,0.036524779,0.044137884,0.050455345,0,0.08,-1,273.05
01:26.1,22,0.72,15.42911437,75.0159116,708.11,0.073309247,74.76230667,27.28333333,37.02,0.746666667,0.000991101,-0.00514437,0.000527368,-0.16935685,-0.015480555,-9.8175285,-0.32326232,0.045824034,0.055850927,0.064049472,0,0.08,-1,273.05
01:26.1,22,0.72,15.42911439,75.0159116,708.1066667,0.084987222,80.77470556,27.22111111,36.94333333,0.742222222,0.000665867,-0.005357053,-0.000241579,-0.1700232,-0.01409526,-9.816919,-0.3164806,0.05512329,0.06756397,0.0776436,0,0.08,-1,273.05
01:26.1,22,0.72,15.42911441,75.0159116,708.1033333,0.096665198,86.78710444,27.15888889,36.86666667,0.737777778,0.001158764,-0.005568375,1.55E-05,-0.17088655,-0.015453775,-9.818264,-0.27805082,0.045880725,0.055826097,0.06431227,0,0.08,-1,273.05
01:26.1,22,0.72,15.42911443,75.0159116,708.1,0.108343173,92.79950333,27.09666667,36.79,0.733333333,0.001651661,-0.005779697,0.000272582,-0.1717499,-0.01681229,-9.819609,-0.23962104,0.03663816,0.044088224,0.05098094,0,0.08,-1,273.05
01:26.2,22,0.72,15.42911446,75.0159116,708.0966667,0.120021149,98.81190222,27.03444444,36.71333333,0.728888889,0.001544684,-0.00595009,-0.000190646,-0.16992375,-0.014406425,-9.81823,-0.20119126,0.027395594,0.03235035,0.03764961,0,0.08,-1,273.05
01:26.2,22,0.72,15.42911448,75.0159116,708.0933333,0.131699124,104.8243011,26.97222222,36.63666667,0.724444444,0.001437707,-0.006120483,-0.000653873,-0.1680976,-0.01200056,-9.816851,-0.16276148,0.018153029,0.020612477,0.02431828,0,0.08,-1,273.05
01:26.2,22,0.72,15.4291145,75.0159116,708.09,0.1433771,110.8367,26.91,36.56,0.72,0.000101309,-0.004424808,0.000301264,-0.1804099,-0.01516554,-9.8116245,-0.1243317,0.008910464,0.008874604,0.01098695,0,0.08,-1,273.05
01:26.2,22,0.72,15.42911449,75.01591158,708.08,0.14566016,116.81813,26.86,36.497,0.728,-0.001235088,-0.002729133,0.001256402,-0.1927222,-0.01833052,-9.806398,-0.1706735,0.008696666,0.009048421,0.010806,0,0.08,-1,273.048
01:26.2,22,0.72,15.42911448,75.01591156,708.07,0.14794322,122.79956,26.81,36.434,0.736,-0.001005875,-0.001441537,0.002919824,-0.18757115,-0.01689035,-9.810558,-0.2170153,0.008482867,0.009222238,0.01062505,0,0.08,-1,273.046
01:26.3,22,0.72,15.42911447,75.01591154,708.06,0.15022628,128.78099,26.76,36.371,0.744,-0.000776662,-0.000153941,0.004583245,-0.1824201,-0.01545018,-9.814718,-0.2633571,0.008269069,0.009396054,0.0104441,0,0.08,-1,273.044
01:26.3,22,0.72,15.42911446,75.01591152,708.05,0.15250934,134.76242,26.71,36.308,0.752,-7.37E-05,-0.002696261,0.002048951,-0.1764193,-0.01403832,-9.814621,-0.3096989,0.00805527,0.009569871,0.01026315,0,0.08,-1,273.042
01:26.3,22,0.72,15.42911445,75.0159115,708.04,0.1547924,140.74385,26.66,36.245,0.76,0.0006293,-0.005238581,-0.000485342,-0.1704185,-0.01262646,-9.814524,-0.3560407,0.007841472,0.009743688,0.0100822,0,0.08,-1,273.04
01:26.3,22,0.72,15.42911444,75.01591148,708.03,0.15707546,146.72528,26.61,36.182,0.768,0.000869243,-0.004373459,-0.00029001,-0.17094445,-0.01386157,-9.8152255,-0.34134694,0.007928144,0.009725176,0.010333996,0,0.08,-1,273.04
01:26.3,22,0.72,15.42911443,75.01591146,708.02,0.15935852,152.70671,26.56,36.119,0.776,0.001109186,-0.003508336,-9.47E-05,-0.1714704,-0.01509668,-9.815927,-0.32665318,0.008014816,0.009706664,0.010585792,0,0.08,-1,273.04
01:26.4,22,0.72,15.42911442,75.01591144,708.01,0.16164158,158.68814,26.51,36.056,0.784,0.000890432,-0.004347523,3.77E-05,-0.1700933,-0.01622207,-9.820489,-0.31195942,0.008101489,0.009688152,0.010837588,0,0.08,-1,273.04
01:26.4,22,0.72,15.42911441,75.01591142,708,0.16392464,164.66957,26.46,35.993,0.792,0.000671678,-0.005186709,0.000170172,-0.1687162,-0.01734746,-9.825051,-0.29726566,0.008188161,0.00966964,0.011089384,0,0.08,-1,273.04
01:26.4,22,0.72,15.4291144,75.0159114,707.99,0.1662077,170.651,26.41,35.93,0.8,0.000247538,-0.006063032,0.000175457,-0.16999635,-0.01607681,-9.8237,-0.2825719,0.008274833,0.009651128,0.01134118,0,0.08,-1,273.04
01:26.4,22,0.72,15.42911443,75.01591137,707.979,0.155143908,165.61154,26.358,35.866,0.794,-0.000176603,-0.006939354,0.000180742,-0.1712765,-0.01480616,-9.822349,-0.29952622,0.00848506,0.009509744,0.010953517,0,0.08,-1,273.04
01:26.4,22,0.72,15.42911446,75.01591134,707.968,0.144080116,160.57208,26.306,35.802,0.788,0.000750145,-0.003334741,-0.001478174,-0.17710255,-0.010089178,-9.8102285,-0.31648054,0.008695287,0.009368359,0.010565854,0,0.08,-1,273.04
01:26.5,22,0.72,15.42911449,75.01591131,707.957,0.133016324,155.53262,26.254,35.738,0.782,0.001676892,0.000269873,-0.00313709,-0.1829286,-0.005372195,-9.798108,-0.33343486,0.008905515,0.009226975,0.01017819,0,0.08,-1,273.04
01:26.5,22,0.72,15.42911452,75.01591128,707.946,0.121952532,150.49316,26.202,35.674,0.776,0.001189879,-0.002927028,-0.001258906,-0.17627965,-0.010032692,-9.808083,-0.35038918,0.009115742,0.00908559,0.009790527,0,0.08,-1,273.04
01:26.5,22,0.72,15.42911455,75.01591125,707.935,0.11088874,145.4537,26.15,35.61,0.77,0.000702866,-0.006123929,0.000619277,-0.1696307,-0.01469319,-9.818058,-0.3673435,0.009325969,0.008944206,0.009402864,0,0.08,-1,273.04
01:26.5,22,0.72,15.42911458,75.01591122,707.924,0.099824948,140.41424,26.098,35.546,0.764,0.000883044,-0.005983134,0.000686158,-0.1700849,-0.013891655,-9.8180545,-0.31648056,0.008955777,0.009060947,0.009236826,0,0.078,-1,273.038
01:26.5,22,0.72,15.42911461,75.01591119,707.913,0.088761156,135.37478,26.046,35.482,0.758,0.001063222,-0.005842339,0.000753038,-0.1705391,-0.01309012,-9.818051,-0.26561762,0.008585584,0.009177688,0.009070787,0,0.076,-1,273.036
01:26.6,22,0.72,15.42911464,75.01591116,707.902,0.077697364,130.33532,25.994,35.418,0.752,0.000448383,-0.005216003,0.000325934,-0.17059495,-0.01577613,-9.819941,-0.21475468,0.008215392,0.009294429,0.008904749,0,0.074,-1,273.034
01:26.6,22,0.72,15.42911467,75.01591113,707.891,0.066633572,125.29586,25.942,35.354,0.746,-0.000166455,-0.004589667,-0.00010117,-0.1706508,-0.01846214,-9.821831,-0.16389174,0.007845199,0.00941117,0.00873871,0,0.072,-1,273.032
01:26.6,22,0.72,15.4291147,75.0159111,707.88,0.05556978,120.2564,25.89,35.29,0.74,0.000319196,-0.005032713,0.000267217,-0.1703965,-0.01700261,-9.8189905,-0.1130288,0.007475007,0.009527911,0.008572672,0,0.07,-1,273.03
01:26.6,22,0.72,15.42911472,75.01591109,707.881,0.058201208,109.0734569,25.852,35.243,0.755,0.000804848,-0.005475758,0.000635603,-0.1701422,-0.01554308,-9.81615,-0.12433168,0.007655591,0.009351322,0.008791822,0,0.07,-1,273.03
01:26.6,22,0.72,15.42911474,75.01591108,707.882,0.060832636,97.8905138,25.814,35.196,0.77,-0.000412239,-0.003818752,0.002937487,-0.1771328,-0.010552992,-9.808772,-0.13563456,0.007836175,0.009174733,0.009010971,0,0.07,-1,273.03
01:26.7,22,0.72,15.42911476,75.01591107,707.883,0.063464064,86.7075707,25.776,35.149,0.785,-0.001629326,-0.002161745,0.00523937,-0.1841234,-0.005562904,-9.801394,-0.14693744,0.008016758,0.008998143,0.009230121,0,0.07,-1,273.03
01:26.7,22,0.72,15.42911478,75.01591106,707.884,0.066095492,75.5246276,25.738,35.102,0.8,-8.40E-05,-0.003923826,0.002820635,-0.1779983,-0.010667717,-9.8105245,-0.15824032,0.008197342,0.008821554,0.00944927,0,0.07,-1,273.03
01:26.7,22,0.72,15.4291148,75.01591105,707.885,0.06872692,64.3416845,25.7,35.055,0.815,0.00146138,-0.005685907,0.000401901,-0.1718732,-0.01577253,-9.819655,-0.1695432,0.008377926,0.008644965,0.00966842,0,0.07,-1,273.03
01:26.7,22,0.72,15.42911482,75.01591104,707.886,0.071358348,53.1587414,25.662,35.008,0.83,0.001561884,-0.005519445,-2.36E-05,-0.17179915,-0.01431575,-9.819409,-0.19553982,0.017732625,0.019579934,0.021757628,0,0.07,-1,273.028
01:26.7,22,0.72,15.42911484,75.01591103,707.887,0.073989776,41.9757983,25.624,34.961,0.845,0.001662388,-0.005352984,-0.000449092,-0.1717251,-0.01285897,-9.819163,-0.22153644,0.027087324,0.030514903,0.033846836,0,0.07,-1,273.026
01:26.8,22,0.72,15.42911486,75.01591102,707.888,0.076621204,30.7928552,25.586,34.914,0.86,0.001889971,-0.00634011,0.000164731,-0.17033565,-0.01357636,-9.820595,-0.24753306,0.036442022,0.041449872,0.045936044,0,0.07,-1,273.024
01:26.8,22,0.72,15.42911488,75.01591101,707.889,0.079252632,19.6099121,25.548,34.867,0.875,0.002117554,-0.007327236,0.000778554,-0.1689462,-0.01429375,-9.822027,-0.27352968,0.045796721,0.052384841,0.058025252,0,0.07,-1,273.022
01:26.8,22,0.72,15.4291149,75.015911,707.89,0.08188406,8.426969,25.51,34.82,0.89,-0.000107819,-0.005467116,0.001939746,-0.1728265,-0.009901626,-9.8082205,-0.2995263,0.05515142,0.06331981,0.07011446,0,0.07,-1,273.02
01:26.8,22,0.72,15.42911489,75.01591099,707.891,0.091842284,23.2809921,25.475,34.777,0.878,-0.002333192,-0.003606996,0.003100937,-0.1767068,-0.005509502,-9.794414,-0.28257198,0.055096972,0.062509428,0.069877196,0,0.07,-1,273.02
01:26.8,22,0.72,15.42911488,75.01591098,707.892,0.101800508,38.1350152,25.44,34.734,0.866,-0.002781738,-0.001550466,0.001076609,-0.18316725,-0.004664525,-9.8046245,-0.26561766,0.055042524,0.061699046,0.069639932,0,0.07,-1,273.02
01:26.9,22,0.72,15.42911487,75.01591097,707.893,0.111758732,52.9890383,25.405,34.691,0.854,-0.003230284,0.000506065,-0.00094772,-0.1896277,-0.003819548,-9.814835,-0.24866334,0.054988076,0.060888664,0.069402668,0,0.07,-1,273.02
01:26.9,22,0.72,15.42911486,75.01591096,707.894,0.121716956,67.8430614,25.37,34.648,0.842,-0.000692985,-0.002880756,-0.000595571,-0.1780029,-0.008347564,-9.8180825,-0.23170902,0.054933628,0.060078282,0.069165404,0,0.07,-1,273.02
01:26.9,22,0.72,15.42911485,75.01591095,707.895,0.13167518,82.6970845,25.335,34.605,0.83,0.001844315,-0.006267576,-0.000243423,-0.1663781,-0.01287558,-9.82133,-0.2147547,0.05487918,0.0592679,0.06892814,0,0.07,-1,273.02
01:26.9,22,0.72,15.42911484,75.01591094,707.896,0.141633404,97.5511076,25.3,34.562,0.818,0.001641839,-0.005851701,0.000177329,-0.16763015,-0.01480996,-9.822083,-0.21023354,0.045790662,0.049256388,0.057450648,0,0.072,-0.998,273.02
01:26.9,22,0.72,15.42911483,75.01591093,707.897,0.151591628,112.4051307,25.265,34.519,0.806,0.001439363,-0.005435825,0.000598081,-0.1688822,-0.01674434,-9.822836,-0.20571238,0.036702144,0.039244876,0.045973156,0,0.074,-0.996,273.02
01:27.0,22,0.72,15.42911482,75.01591092,707.898,0.161549852,127.2591538,25.23,34.476,0.794,0.001161105,-0.005525016,0.000550456,-0.1691438,-0.01565251,-9.820665,-0.20119122,0.027613625,0.029233365,0.034495664,0,0.076,-0.994,273.02
01:27.0,22,0.72,15.42911481,75.01591091,707.899,0.171508076,142.1131769,25.195,34.433,0.782,0.000882846,-0.005614206,0.000502831,-0.1694054,-0.01456068,-9.818494,-0.19667006,0.018525107,0.019221853,0.023018172,0,0.078,-0.992,273.02
01:27.0,22,0.72,15.4291148,75.0159109,707.9,0.1814663,156.9672,25.16,34.39,0.77,0.000944971,-0.004030069,0.001256438,-0.17314025,-0.00991866,-9.813683,-0.1921489,0.009436589,0.009210341,0.01154068,0,0.08,-0.99,273.02
01:27.0,22,0.72,15.42911476,75.0159109,707.904,0.19206771,155.71903,25.112,34.331,0.771,0.001007096,-0.002445931,0.002010044,-0.1768751,-0.005276641,-9.808872,-0.2102335,0.009398765,0.009161562,0.011624622,0,0.08,-0.99,273.018
01:27.0,22,0.72,15.42911472,75.0159109,707.908,0.20266912,154.47086,25.064,34.272,0.772,0.000552348,-0.000756013,-0.001658027,-0.17720885,-0.010453641,-9.808939,-0.2283181,0.009360941,0.009112784,0.011708564,0,0.08,-0.99,273.016
01:27.1,22,0.72,15.42911468,75.0159109,707.912,0.21327053,153.22269,25.016,34.213,0.773,9.76E-05,0.000933906,-0.005326098,-0.1775426,-0.01563064,-9.809006,-0.2464027,0.009323117,0.009064005,0.011792506,0,0.08,-0.99,273.014
01:27.1,22,0.72,15.42911464,75.0159109,707.916,0.22387194,151.97452,24.968,34.154,0.774,0.000590949,-0.002865488,-0.002701806,-0.17521055,-0.01387765,-9.816305,-0.2644873,0.009285293,0.009015227,0.011876448,0,0.08,-0.99,273.012
01:27.1,22,0.72,15.4291146,75.0159109,707.92,0.23447335,150.72635,24.92,34.095,0.775,0.001084297,-0.006664881,-7.75E-05,-0.1728785,-0.01212466,-9.823604,-0.2825719,0.009247469,0.008966448,0.01196039,0,0.08,-0.99,273.01
01:27.1,22,0.72,15.42911456,75.0159109,707.924,0.24507476,149.47818,24.872,34.036,0.776,0.000905014,-0.006329859,0.000107988,-0.17223015,-0.01465167,-9.8220745,-0.26900846,0.009184558,0.009176814,0.01186899,0,0.08,-0.99,273.01
01:27.1,22,0.72,15.42911452,75.0159109,707.928,0.25567617,148.23001,24.824,33.977,0.777,0.000725731,-0.005994836,0.000293491,-0.1715818,-0.01717868,-9.820545,-0.25544502,0.009121648,0.009387181,0.01177759,0,0.08,-0.99,273.01
01:27.2,22,0.72,15.42911448,75.0159109,707.932,0.26627758,146.98184,24.776,33.918,0.778,0.001219197,-0.005394468,0.000275112,-0.17122405,-0.015839825,-9.819804,-0.24188158,0.009058737,0.009597547,0.01168619,0,0.08,-0.99,273.01
01:27.2,22,0.72,15.42911444,75.0159109,707.936,0.27687899,145.73367,24.728,33.859,0.779,0.001712664,-0.0047941,0.000256733,-0.1708663,-0.01450097,-9.819063,-0.22831814,0.008995827,0.009807914,0.01159479,0,0.08,-0.99,273.01
01:27.2,22,0.72,15.4291144,75.0159109,707.94,0.2874804,144.4855,24.68,33.8,0.78,0.001314948,-0.005477373,0.000471097,-0.1682572,-0.01649058,-9.8195895,-0.2147547,0.008932916,0.01001828,0.01150339,0,0.08,-0.99,273.01
01:27.2,22.1,0.718,15.42911436,75.01591093,707.945,0.27670679,143.76241,24.627,33.733,0.776,0.000917233,-0.006160646,0.000685461,-0.1656481,-0.01848019,-9.820116,-0.21927584,0.009170877,0.01017518,0.011693258,0,0.08,-0.99,273.01
01:27.2,22.2,0.716,15.42911432,75.01591096,707.95,0.26593318,143.03932,24.574,33.666,0.772,-0.001131577,-0.003312772,-0.000562658,-0.1739053,-0.006057599,-9.8209455,-0.22379698,0.009408838,0.01033208,0.011883126,0,0.08,-0.99,273.01
01:27.3,22.3,0.714,15.42911428,75.01591099,707.955,0.25515957,142.31623,24.521,33.599,0.768,-0.003180386,-0.000464898,-0.001810776,-0.1821625,0.006364993,-9.821775,-0.22831812,0.009646798,0.01048898,0.012072994,0,0.08,-0.99,273.01
01:27.3,22.4,0.712,15.42911424,75.01591102,707.96,0.24438596,141.59314,24.468,33.532,0.764,-0.001323385,-0.003155523,-0.00053387,-0.17678755,-0.006306914,-9.822486,-0.23283926,0.009884759,0.01064588,0.012262862,0,0.08,-0.99,273.01
01:27.3,22.5,0.71,15.4291142,75.01591105,707.965,0.23361235,140.87005,24.415,33.465,0.76,0.000533616,-0.005846147,0.000743036,-0.1714126,-0.01897882,-9.823197,-0.2373604,0.01012272,0.01080278,0.01245273,0,0.08,-0.99,273.01
01:27.3,22.6,0.708,15.42911416,75.01591108,707.97,0.22283874,140.14696,24.362,33.398,0.756,0.000647282,-0.005366994,0.00058481,-0.16891855,-0.01576219,-9.821306,-0.201191198,0.010124548,0.01078035,0.012615324,0,0.078,-0.99,273.008
01:27.3,22.7,0.706,15.42911412,75.01591111,707.975,0.21206513,139.42387,24.309,33.331,0.752,0.000760948,-0.004887841,0.000426583,-0.1664245,-0.01254556,-9.819415,-0.165021996,0.010126376,0.01075792,0.012777918,0,0.076,-0.99,273.006
01:27.4,22.8,0.704,15.42911408,75.01591114,707.98,0.20129152,138.70078,24.256,33.264,0.748,0.000766303,-0.004412575,0.000727417,-0.17083645,-0.015630335,-9.8200885,-0.128852794,0.010128204,0.01073549,0.012940512,0,0.074,-0.99,273.004
01:27.4,22.9,0.702,15.42911404,75.01591117,707.985,0.19051791,137.97769,24.203,33.197,0.744,0.000771659,-0.003937308,0.00102825,-0.1752484,-0.01871511,-9.820762,-0.092683592,0.010130032,0.01071306,0.013103106,0,0.072,-0.99,273.002
01:27.4,23,0.7,15.429114,75.0159112,707.99,0.1797443,137.2546,24.15,33.13,0.74,-0.001601184,-0.002142352,0.000509528,-0.17570155,-0.01312196,-9.810552,-0.05651439,0.01013186,0.01069063,0.0132657,0,0.07,-0.99,273
01:27.4,23,0.7,15.42911399,75.0159112,707.991,0.17398544,134.99682,24.107,33.078,0.738,-0.003974026,-0.000347396,-9.19E-06,-0.1761547,-0.007528809,-9.800342,-0.080250432,0.010097414,0.010848102,0.012844726,0,0.07,-0.99,273
01:27.4,23,0.7,15.42911398,75.0159112,707.992,0.16822658,132.73904,24.064,33.026,0.736,-0.002255944,-0.000259535,5.44E-05,-0.17628285,-0.01043139,-9.807095,-0.103986474,0.010062968,0.011005574,0.012423752,0,0.07,-0.99,273
01:27.5,23,0.7,15.42911397,75.0159112,707.993,0.16246772,130.48126,24.021,32.974,0.734,-0.000537862,-0.000171674,0.000117938,-0.176411,-0.01333397,-9.813848,-0.127722516,0.010028523,0.011163046,0.012002778,0,0.07,-0.99,273
01:27.5,23,0.7,15.42911396,75.0159112,707.994,0.15670886,128.22348,23.978,32.922,0.732,-0.000252181,-0.002047292,8.18E-05,-0.1723516,-0.011334642,-9.8177135,-0.151458558,0.009994077,0.011320518,0.011581804,0,0.07,-0.99,273
01:27.5,23,0.7,15.42911395,75.0159112,707.995,0.15095,125.9657,23.935,32.87,0.73,3.35E-05,-0.00392291,4.56E-05,-0.1682922,-0.009335313,-9.821579,-0.1751946,0.009959631,0.01147799,0.01116083,0,0.07,-0.99,273
01:27.5,23,0.7,15.42911394,75.0159112,707.996,0.14519114,123.70792,23.892,32.818,0.728,0.000237657,-0.005079556,0.000190202,-0.16887725,-0.015473997,-9.822386,-0.20006094,0.019434031,0.022530054,0.024050262,0,0.072,-0.99,273
01:27.5,23,0.7,15.42911393,75.0159112,707.997,0.13943228,121.45014,23.849,32.766,0.726,0.000441815,-0.006236201,0.000334798,-0.1694623,-0.02161268,-9.823193,-0.22492728,0.028908431,0.033582118,0.036939694,0,0.074,-0.99,273
01:27.6,23,0.7,15.42911392,75.0159112,707.998,0.13367342,119.19236,23.806,32.714,0.724,0.001595008,-0.005594446,7.98E-05,-0.16712355,-0.016604915,-9.8197145,-0.24979362,0.03838283,0.044634182,0.049829126,0,0.076,-0.99,273
01:27.6,23,0.7,15.42911391,75.0159112,707.999,0.12791456,116.93458,23.763,32.662,0.722,0.002748201,-0.004952691,-0.000175281,-0.1647848,-0.01159715,-9.816236,-0.27465996,0.04785723,0.055686246,0.062718558,0,0.078,-0.99,273
01:27.6,23,0.7,15.4291139,75.0159112,708,0.1221557,114.6768,23.72,32.61,0.72,0.001825804,-0.004215543,-1.92E-05,-0.1701329,-0.012574195,-9.818252,-0.2995263,0.05733163,0.06673831,0.07560799,0,0.08,-0.99,273
01:27.6,23,0.7,15.4291139,75.01591119,708.004,0.121116,116.5641,23.684,32.566,0.72,0.000903407,-0.003478394,0.000136823,-0.175481,-0.01355124,-9.820268,-0.29274456,0.056925046,0.066148166,0.074459454,0,0.08,-0.99,272.998
01:27.6,23,0.7,15.4291139,75.01591118,708.008,0.1200763,118.4514,23.648,32.522,0.72,0.002858008,-0.002447946,-0.000947645,-0.17595475,-0.007734947,-9.8105415,-0.28596282,0.056518462,0.065558022,0.073310918,0,0.08,-0.99,272.996
01:27.7,23,0.7,15.4291139,75.01591117,708.012,0.1190366,120.3387,23.612,32.478,0.72,0.004812609,-0.001417498,-0.002032114,-0.1764285,-0.001918654,-9.800815,-0.27918108,0.056111878,0.064967878,0.072162382,0,0.08,-0.99,272.994
01:27.7,23,0.7,15.4291139,75.01591116,708.016,0.1179969,122.226,23.576,32.434,0.72,0.002761305,-0.002755723,-0.000983827,-0.1750927,-0.011029012,-9.810101,-0.27239934,0.055705294,0.064377734,0.071013846,0,0.08,-0.99,272.992
01:27.7,23,0.7,15.4291139,75.01591115,708.02,0.1169572,124.1133,23.54,32.39,0.72,0.000710001,-0.004093948,6.45E-05,-0.1737569,-0.02013937,-9.819387,-0.2656176,0.05529871,0.06378759,0.06986531,0,0.08,-0.99,272.99
01:27.7,23,0.7,15.4291139,75.01591114,708.024,0.1159175,126.0006,23.504,32.346,0.72,0.001016499,-0.004533381,8.50E-05,-0.1706564,-0.01519449,-9.8194895,-0.2577056,0.046380566,0.0532914,0.057726034,0,0.08,-0.99,272.99
01:27.7,23,0.7,15.4291139,75.01591113,708.028,0.1148778,127.8879,23.468,32.302,0.72,0.001322996,-0.004972813,0.000105638,-0.1675559,-0.01024961,-9.819592,-0.2497936,0.037462422,0.04279521,0.045586758,0,0.08,-0.99,272.99
01:27.8,23,0.7,15.4291139,75.01591112,708.032,0.1138381,129.7752,23.432,32.258,0.72,0.000871868,-0.004693481,-0.000321691,-0.1726686,-0.01624373,-9.8188315,-0.2418816,0.028544278,0.03229902,0.033447483,0,0.08,-0.99,272.99
01:27.8,23,0.7,15.4291139,75.01591111,708.036,0.1127984,131.6625,23.396,32.214,0.72,0.000420739,-0.004414149,-0.000749021,-0.1777813,-0.02223785,-9.818071,-0.2339696,0.019626134,0.02180283,0.021308207,0,0.08,-0.99,272.99
01:27.8,23,0.7,15.4291139,75.0159111,708.04,0.1117587,133.5498,23.36,32.17,0.72,-0.000484014,-0.003042984,-0.001029331,-0.18065915,-0.01983159,-9.8105385,-0.2260576,0.01070799,0.01130664,0.009168931,0,0.08,-0.99,272.99
01:27.8,23,0.7,15.42911393,75.01591109,708.0409091,0.112171273,128.5537673,23.32363636,32.12454545,0.723636364,-0.001388768,-0.001671818,-0.00130964,-0.183537,-0.01742533,-9.803006,-0.2260576,0.010716646,0.011253036,0.009645443,0,0.08,-0.99,272.988
01:27.8,23,0.7,15.42911395,75.01591108,708.0418182,0.112583845,123.5577345,23.28727273,32.07909091,0.727272727,3.86E-05,-0.004096962,-0.000404448,-0.1763489,-0.015043575,-9.8100085,-0.2260576,0.010725302,0.011199432,0.010121955,0,0.08,-0.99,272.986
01:27.9,23,0.7,15.42911398,75.01591107,708.0427273,0.112996418,118.5617018,23.25090909,32.03363636,0.730909091,0.001465963,-0.006522106,0.000500743,-0.1691608,-0.01266182,-9.817011,-0.2260576,0.010733958,0.011145828,0.010598466,0,0.08,-0.99,272.984
01:27.9,23,0.7,15.42911401,75.01591106,708.0436364,0.113408991,113.5656691,23.21454545,31.98818182,0.734545455,0.001339242,-0.006182441,0.000244559,-0.1684395,-0.011756655,-9.8175705,-0.2260576,0.010742614,0.011092224,0.011074978,0,0.08,-0.99,272.982
01:27.9,23,0.7,15.42911404,75.01591105,708.0445455,0.113821564,108.5696364,23.17818182,31.94272727,0.738181818,0.001212521,-0.005842775,-1.16E-05,-0.1677182,-0.01085149,-9.81813,-0.2260576,0.01075127,0.01103862,0.01155149,0,0.08,-0.99,272.98
01:27.9,23,0.7,15.42911406,75.01591105,708.0454545,0.114234136,103.5736036,23.14181818,31.89727273,0.741818182,0.001289291,-0.006301413,0.000405229,-0.17180285,-0.013858695,-9.818713,-0.22379702,0.010628368,0.01103777,0.011869112,0,0.08,-0.99,272.98
01:27.9,23,0.7,15.42911409,75.01591104,708.0463636,0.114646709,98.57757091,23.10545455,31.85181818,0.745454545,0.001366062,-0.006760051,0.000822084,-0.1758875,-0.0168659,-9.819296,-0.22153644,0.010505466,0.01103692,0.012186734,0,0.08,-0.99,272.98
01:28.0,23,0.7,15.42911412,75.01591103,708.0472727,0.115059282,93.58153818,23.06909091,31.80636364,0.749090909,0.001159983,-0.006065552,0.000803181,-0.1733551,-0.016568075,-9.817709,-0.21927586,0.010382564,0.01103607,0.012504356,0,0.08,-0.99,272.98
01:28.0,23,0.7,15.42911415,75.01591102,708.0481818,0.115471855,88.58550545,23.03272727,31.76090909,0.752727273,0.000953904,-0.005371052,0.000784279,-0.1708227,-0.01627025,-9.816122,-0.21701528,0.010259662,0.01103522,0.012821978,0,0.08,-0.99,272.98
01:28.0,23,0.7,15.42911417,75.01591101,708.0490909,0.115884427,83.58947273,22.99636364,31.71545455,0.756363636,0.000976763,-0.00523023,-0.000192106,-0.17136755,-0.013516225,-9.819168,-0.2147547,0.01013676,0.01103437,0.0131396,0,0.08,-0.99,272.98
01:28.0,23,0.7,15.4291142,75.015911,708.05,0.116297,78.59344,22.96,31.67,0.76,0.000999623,-0.005089407,-0.001168491,-0.1719124,-0.0107622,-9.822214,-0.16897804,0.010149102,0.011293438,0.013163986,0,0.08,-0.99,272.98
01:28.0,23,0.7,15.42911424,75.015911,708.0511111,0.118045567,77.49217778,22.92333333,31.62444444,0.764444444,0.000814243,-0.004835773,-0.00045189,-0.1702748,-0.014926705,-9.8201825,-0.12320138,0.010161444,0.011552506,0.013188372,0,0.08,-0.99,272.98
01:28.1,23,0.7,15.42911429,75.015911,708.0522222,0.119794133,76.39091556,22.88666667,31.57888889,0.768888889,0.000628863,-0.004582139,0.000264711,-0.1686372,-0.01909121,-9.818151,-0.07742472,0.010173786,0.011811574,0.013212758,0,0.08,-0.99,272.98
01:28.1,23,0.7,15.42911433,75.015911,708.0533333,0.1215427,75.28965333,22.85,31.53333333,0.773333333,0.001145131,-0.004390169,0.000277705,-0.16870745,-0.014455764,-9.817028,-0.03164806,0.010186128,0.012070642,0.013237144,0,0.08,-0.99,272.98
01:28.1,23,0.7,15.42911438,75.015911,708.0544444,0.123291267,74.18839111,22.81333333,31.48777778,0.777777778,0.001661399,-0.004198199,0.000290699,-0.1687777,-0.009820317,-9.815905,0.0141286,0.01019847,0.01232971,0.01326153,0,0.08,-0.99,272.98
01:28.1,23,0.7,15.42911442,75.015911,708.0555556,0.125039833,73.08712889,22.77666667,31.44222222,0.782222222,0.001034362,-0.004343131,5.35E-05,-0.1686447,-0.013377358,-9.8141635,-0.02260576,0.010211168,0.01193368,0.013320352,0,0.08,-0.99,272.978
01:28.1,23,0.7,15.42911447,75.015911,708.0566667,0.1267884,71.98586667,22.74,31.39666667,0.786666667,0.000407326,-0.004488063,-0.000183799,-0.1685117,-0.0169344,-9.812422,-0.05934012,0.010223866,0.01153765,0.013379174,0,0.08,-0.99,272.976
01:28.2,23,0.7,15.42911451,75.015911,708.0577778,0.128536967,70.88460444,22.70333333,31.35111111,0.791111111,0.000144386,-0.004088244,0.000630141,-0.17607275,-0.005908762,-9.8096605,-0.09607448,0.010236564,0.01114162,0.013437996,0,0.08,-0.99,272.974
01:28.2,23,0.7,15.42911456,75.015911,708.0588889,0.130285533,69.78334222,22.66666667,31.30555556,0.795555556,-0.000118554,-0.003688425,0.00144408,-0.1836338,0.005116875,-9.806899,-0.13280884,0.010249262,0.01074559,0.013496818,0,0.08,-0.99,272.972
01:28.2,23,0.7,15.4291146,75.015911,708.06,0.1320341,68.68208,22.63,31.26,0.8,0.000825159,-0.00410372,0.000944136,-0.1781894,-0.002578553,-9.812924,-0.1695432,0.01026196,0.01034956,0.01355564,0,0.08,-0.99,272.97
01:28.2,23,0.7,15.42911463,75.01591099,708.06,0.12885915,63.494741,22.603,31.225,0.8,0.001768873,-0.004519015,0.000444192,-0.172745,-0.01027398,-9.818949,-0.13563456,0.010024909,0.01066384,0.013554906,0,0.08,-0.99,272.97
01:28.2,23,0.7,15.42911466,75.01591098,708.06,0.1256842,58.307402,22.576,31.19,0.8,0.001192813,-0.004247657,0.000933149,-0.17026235,-0.01322053,-9.8192135,-0.10172592,0.009787859,0.01097812,0.013554172,0,0.08,-0.99,272.97
01:28.3,23,0.7,15.42911469,75.01591097,708.06,0.12250925,53.120063,22.549,31.155,0.8,0.000616753,-0.003976298,0.001422107,-0.1677797,-0.01616708,-9.819478,-0.06781728,0.009550808,0.0112924,0.013553438,0,0.08,-0.99,272.97
01:28.3,23,0.7,15.42911472,75.01591096,708.06,0.1193343,47.932724,22.522,31.12,0.8,0.000594888,-0.00534971,0.000308204,-0.1704375,-0.012697875,-9.816357,-0.03390864,0.009313758,0.01160668,0.013552704,0,0.08,-0.99,272.97
01:28.3,23,0.7,15.42911475,75.01591095,708.06,0.11615935,42.745385,22.495,31.085,0.8,0.000573023,-0.006723122,-0.0008057,-0.1730953,-0.00922867,-9.813236,0,0.009076707,0.01192096,0.01355197,0,0.08,-0.99,272.97
01:28.3,23,0.7,15.42911478,75.01591094,708.06,0.1129844,37.558046,22.468,31.05,0.8,0.000773373,-0.005467841,-0.000314287,-0.1750544,-0.01212846,-9.8097235,-0.04182064,0.009298266,0.012142368,0.01365471,0,0.08,-0.99,272.968
01:28.3,23,0.7,15.42911481,75.01591093,708.06,0.10980945,32.370707,22.441,31.015,0.8,0.000973724,-0.00421256,0.000177126,-0.1770135,-0.01502825,-9.806211,-0.08364128,0.009519824,0.012363776,0.01375745,0,0.08,-0.99,272.966
01:28.4,23,0.7,15.42911484,75.01591092,708.06,0.1066345,27.183368,22.414,30.98,0.8,0.000603179,-0.001186603,-0.000576205,-0.17698175,-0.002988632,-9.8024565,-0.12546192,0.009741383,0.012585184,0.01386019,0,0.08,-0.99,272.964
01:28.4,23,0.7,15.42911487,75.01591091,708.06,0.10345955,21.996029,22.387,30.945,0.8,0.000232634,0.001839354,-0.001329536,-0.17695,0.009050987,-9.798702,-0.16728256,0.009962941,0.012806592,0.01396293,0,0.08,-0.99,272.962
01:28.4,23,0.7,15.4291149,75.0159109,708.06,0.1002846,16.80869,22.36,30.91,0.8,0.000804334,-0.002376506,-0.000312401,-0.17296055,-0.004126807,-9.8062485,-0.2091032,0.0101845,0.013028,0.01406567,0,0.08,-0.99,272.96
01:28.4,23,0.7,15.42911494,75.01591087,708.06,0.099791339,32.161831,22.325,30.868,0.792,0.001376034,-0.006592366,0.000704733,-0.1689711,-0.0173046,-9.813795,-0.186497452,0.020395742,0.0232757,0.02668002,0,0.08,-0.988,272.96
01:28.4,23,0.7,15.42911498,75.01591084,708.06,0.099298078,47.514972,22.29,30.826,0.784,0.000959252,-0.005661222,0.000643695,-0.1681969,-0.012400469,-9.813614,-0.163891704,0.030606984,0.0335234,0.03929437,0,0.08,-0.986,272.96
01:28.5,23,0.7,15.42911502,75.01591081,708.06,0.098804817,62.868113,22.255,30.784,0.776,0.00054247,-0.004730077,0.000582656,-0.1674227,-0.007496338,-9.813433,-0.141285956,0.040818226,0.0437711,0.05190872,0,0.08,-0.984,272.96
01:28.5,23,0.7,15.42911506,75.01591078,708.06,0.098311556,78.221254,22.22,30.742,0.768,0.000763925,-0.004836729,9.85E-05,-0.1696964,-0.011651099,-9.814671,-0.118680208,0.051029468,0.0540188,0.06452307,0,0.08,-0.982,272.96
01:28.5,23,0.7,15.4291151,75.01591075,708.06,0.097818295,93.574395,22.185,30.7,0.76,0.00098538,-0.004943381,-0.000385683,-0.1719701,-0.01580586,-9.815909,-0.09607446,0.06124071,0.0642665,0.07713742,0,0.08,-0.98,272.96
01:28.5,23,0.7,15.42911514,75.01591072,708.06,0.097325034,108.927536,22.15,30.658,0.752,0.00113895,-0.005676287,-2.65E-06,-0.17176405,-0.01448946,-9.8128925,-0.158240288,0.050852701,0.053703718,0.06439336,0,0.08,-0.982,272.96
01:28.5,23,0.7,15.42911518,75.01591069,708.06,0.096831773,124.280677,22.115,30.616,0.744,0.00129252,-0.006409192,0.000380391,-0.171558,-0.01317306,-9.809876,-0.220406116,0.040464692,0.043140936,0.0516493,0,0.08,-0.984,272.96
01:28.6,23,0.7,15.42911522,75.01591066,708.06,0.096338512,139.633818,22.08,30.574,0.736,-0.000576247,-0.003091398,0.00010193,-0.17901525,-0.0071118,-9.802723,-0.282571944,0.030076684,0.032578154,0.03890524,0,0.08,-0.986,272.96
01:28.6,23,0.7,15.42911526,75.01591063,708.06,0.095845251,154.986959,22.045,30.532,0.728,-0.002445014,0.000226396,-0.000176531,-0.1864725,-0.001050539,-9.79557,-0.344737772,0.019688675,0.022015372,0.02616118,0,0.08,-0.988,272.96
01:28.6,23,0.7,15.4291153,75.0159106,708.06,0.09535199,170.3401,22.01,30.49,0.72,-0.000490421,-0.00240315,-0.000496129,-0.17756665,-0.009658199,-9.8038225,-0.4069036,0.009300666,0.01145259,0.01341712,0,0.08,-0.99,272.96
01:28.6,23,0.7,15.42911532,75.01591057,708.06,0.086382477,175.80609,21.982,30.455,0.718,0.001464172,-0.005032696,-0.000815727,-0.1686608,-0.01826586,-9.812075,-0.36734352,0.009220644,0.011174836,0.013252894,0,0.08,-0.99,272.96
01:28.6,23,0.7,15.42911534,75.01591054,708.06,0.077412963,181.27208,21.954,30.42,0.716,0.001244941,-0.004867999,-0.000394497,-0.16934995,-0.016248185,-9.812681,-0.32778344,0.009140622,0.010897082,0.013088668,0,0.08,-0.99,272.96
01:28.7,23,0.7,15.42911536,75.01591051,708.06,0.06844345,186.73807,21.926,30.385,0.714,0.00102571,-0.004703303,2.67E-05,-0.1700391,-0.01423051,-9.813287,-0.28822336,0.009060599,0.010619328,0.012924442,0,0.08,-0.99,272.96
01:28.7,23,0.7,15.42911538,75.01591048,708.06,0.059473936,192.20406,21.898,30.35,0.712,0.000889008,-0.005132122,0.000539352,-0.1718106,-0.016028385,-9.813726,-0.24866328,0.008980577,0.010341574,0.012760216,0,0.08,-0.99,272.96
01:28.7,23,0.7,15.4291154,75.01591045,708.06,0.050504423,197.67005,21.87,30.315,0.71,0.000752307,-0.00556094,0.00105197,-0.1735821,-0.01782626,-9.814165,-0.2091032,0.008900555,0.01006382,0.01259599,0,0.08,-0.99,272.96
01:28.7,23,0.7,15.42911542,75.01591042,708.06,0.041534909,203.13604,21.842,30.28,0.708,0.00110621,-0.005518795,0.000800177,-0.1721503,-0.015196575,-9.813627,-0.21362436,0.008963018,0.0101525,0.012671026,0,0.08,-0.99,272.958
01:28.7,23,0.7,15.42911544,75.01591039,708.06,0.032565396,208.60203,21.814,30.245,0.706,0.001460113,-0.00547665,0.000548384,-0.1707185,-0.01256689,-9.813089,-0.21814552,0.009025481,0.01024118,0.012746062,0,0.08,-0.99,272.956
01:28.8,23,0.7,15.42911546,75.01591036,708.06,0.023595882,214.06802,21.786,30.21,0.704,0.000490865,-0.004477355,0.000591834,-0.16822005,-0.015361235,-9.8047365,-0.22266668,0.009087945,0.01032986,0.012821098,0,0.08,-0.99,272.954
01:28.8,23,0.7,15.42911548,75.01591033,708.06,0.014626369,219.53401,21.758,30.175,0.702,-0.000478384,-0.00347806,0.000635285,-0.1657216,-0.01815558,-9.796384,-0.22718784,0.009150408,0.01041854,0.012896134,0,0.08,-0.99,272.952
01:28.8,23,0.7,15.4291155,75.0159103,708.06,0.005656855,225,21.73,30.14,0.7,0.000409773,-0.004859583,0.001160925,-0.16950225,-0.016053325,-9.8043835,-0.231709,0.009212871,0.01050722,0.01297117,0,0.08,-0.99,272.95
01:28.8,23,0.7,15.42911553,75.01591027,708.059,0.02026253,213.66611,21.704,30.108,0.702,0.00129793,-0.006241106,0.001686565,-0.1732829,-0.01395107,-9.812383,-0.23283928,0.009255905,0.01047432,0.012688322,0,0.08,-0.988,272.95
01:28.8,23,0.7,15.42911556,75.01591024,708.058,0.034868204,202.33222,21.678,30.076,0.704,0.001150751,-0.006226548,0.000739111,-0.1718234,-0.016767905,-9.812116,-0.23396956,0.009298938,0.01044142,0.012405474,0,0.08,-0.986,272.95
01:28.9,23,0.7,15.42911559,75.01591021,708.057,0.049473879,190.99833,21.652,30.044,0.706,0.001003571,-0.006211989,-0.000208343,-0.1703639,-0.01958474,-9.811849,-0.23509984,0.009341972,0.01040852,0.012122626,0,0.08,-0.984,272.95
01:28.9,23,0.7,15.42911562,75.01591018,708.056,0.064079553,179.66444,21.626,30.012,0.708,0.000659593,-0.004505372,9.33E-05,-0.1689386,-0.015848695,-9.8099605,-0.23623012,0.009385005,0.01037562,0.011839778,0,0.08,-0.982,272.95
01:28.9,23,0.7,15.42911565,75.01591015,708.055,0.078685228,168.33055,21.6,29.98,0.71,0.000315615,-0.002798754,0.000394909,-0.1675133,-0.01211265,-9.808072,-0.2373604,0.009428039,0.01034272,0.01155693,0,0.08,-0.98,272.95
01:28.9,23,0.7,15.42911568,75.01591012,708.054,0.093290902,156.99666,21.574,29.948,0.712,0.000830242,-0.003975741,0.000267182,-0.1686964,-0.01314355,-9.809621,-0.21362436,0.009406526,0.010623098,0.011718546,0,0.08,-0.982,272.95
01:28.9,23,0.7,15.42911571,75.01591009,708.053,0.107896577,145.66277,21.548,29.916,0.714,0.001344869,-0.005152727,0.000139455,-0.1698795,-0.01417445,-9.81117,-0.18988832,0.009385014,0.010903476,0.011880162,0,0.08,-0.984,272.95
01:29.0,23,0.7,15.42911574,75.01591006,708.052,0.122502251,134.32888,21.522,29.884,0.716,-0.001020631,-0.004907479,0.000619299,-0.1750771,-0.010323711,-9.807929,-0.16615228,0.009363501,0.011183854,0.012041778,0,0.08,-0.986,272.95
01:29.0,23,0.7,15.42911577,75.01591003,708.051,0.137107926,122.99499,21.496,29.852,0.718,-0.003386131,-0.004662231,0.001099142,-0.1802747,-0.006472972,-9.804688,-0.14241624,0.009341989,0.011464232,0.012203394,0,0.08,-0.988,272.95
01:29.0,23,0.7,15.4291158,75.01591,708.05,0.1517136,111.6611,21.47,29.82,0.72,-0.001364674,-0.005073146,0.001000415,-0.17355115,-0.012996321,-9.80799,-0.1186802,0.009320476,0.01174461,0.01236501,0,0.08,-0.99,272.95
01:29.0,23,0.7,15.42911581,75.01590998,708.051,0.15693954,114.57198,21.438,29.782,0.721,0.000656784,-0.005484061,0.000901687,-0.1668276,-0.01951967,-9.811292,-0.14015568,0.009394065,0.011646786,0.012559792,0,0.08,-0.99,272.948
01:29.0,23,0.7,15.42911582,75.01590996,708.052,0.16216548,117.48286,21.406,29.744,0.722,0.001082533,-0.005142118,0.000422088,-0.1685223,-0.015201925,-9.811833,-0.16163116,0.009467654,0.011548962,0.012754574,0,0.08,-0.99,272.946
01:29.1,23,0.7,15.42911583,75.01590994,708.053,0.16739142,120.39374,21.374,29.706,0.723,0.001508282,-0.004800175,-5.75E-05,-0.170217,-0.01088418,-9.812374,-0.18310664,0.009541244,0.011451138,0.012949356,0,0.08,-0.99,272.944
01:29.1,23,0.7,15.42911584,75.01590992,708.054,0.17261736,123.30462,21.342,29.668,0.724,0.000771771,-0.004663402,-0.000403307,-0.16996445,-0.01386038,-9.810227,-0.20458212,0.009614833,0.011353314,0.013144138,0,0.08,-0.99,272.942
01:29.1,23,0.7,15.42911585,75.0159099,708.055,0.1778433,126.2155,21.31,29.63,0.725,3.53E-05,-0.004526629,-0.000749103,-0.1697119,-0.01683658,-9.80808,-0.2260576,0.009688422,0.01125549,0.01333892,0,0.08,-0.99,272.94
01:29.1,23,0.7,15.42911586,75.01590988,708.056,0.18306924,129.12638,21.278,29.592,0.726,0.000152753,-0.00412215,-0.000604925,-0.1689141,-0.015306825,-9.809974,-0.22379702,0.0198282,0.02240394,0.024904294,0,0.08,-0.988,272.94
01:29.1,23,0.7,15.42911587,75.01590986,708.057,0.18829518,132.03726,21.246,29.554,0.727,0.000270247,-0.003717671,-0.000460748,-0.1681163,-0.01377707,-9.811868,-0.22153644,0.029967977,0.03355239,0.036469668,0,0.08,-0.986,272.94
01:29.2,23,0.7,15.42911588,75.01590984,708.058,0.19352112,134.94814,21.214,29.516,0.728,0.001134774,-0.005096441,0.000575128,-0.17029295,-0.014977235,-9.8116275,-0.21927586,0.040107755,0.04470084,0.048035042,0,0.08,-0.984,272.94
01:29.2,23,0.7,15.42911589,75.01590982,708.059,0.19874706,137.85902,21.182,29.478,0.729,0.001999302,-0.00647521,0.001611004,-0.1724696,-0.0161774,-9.811387,-0.21701528,0.050247532,0.05584929,0.059600416,0,0.08,-0.982,272.94
01:29.2,23,0.7,15.4291159,75.0159098,708.06,0.203973,140.7699,21.15,29.44,0.73,0.00120118,-0.005893461,0.000853728,-0.17112115,-0.012094015,-9.810722,-0.2147547,0.06038731,0.06699774,0.07116579,0,0.08,-0.98,272.94
01:29.2,23,0.7,15.42911588,75.01590978,708.062,0.20910392,142.70035,21.119,29.401,0.738,0.000403058,-0.005311711,9.65E-05,-0.1697727,-0.00801063,-9.810057,-0.23736046,0.059848788,0.066531876,0.071416936,0,0.08,-0.98,272.94
01:29.2,23,0.7,15.42911586,75.01590976,708.064,0.21423484,144.6308,21.088,29.362,0.746,0.000759117,-0.005246604,-0.000332234,-0.1716736,-0.01302036,-9.8083845,-0.25996622,0.059310266,0.066066012,0.071668082,0,0.08,-0.98,272.94
01:29.3,23,0.7,15.42911584,75.01590974,708.066,0.21936576,146.56125,21.057,29.323,0.754,0.001115176,-0.005181496,-0.000760921,-0.1735745,-0.01803009,-9.806712,-0.28257198,0.058771744,0.065600148,0.071919228,0,0.08,-0.98,272.94
01:29.3,23,0.7,15.42911582,75.01590972,708.068,0.22449668,148.4917,21.026,29.284,0.762,0.000815491,-0.005330614,-0.000419227,-0.17181005,-0.015114625,-9.807501,-0.30517774,0.058233222,0.065134284,0.072170374,0,0.08,-0.98,272.94
01:29.3,23,0.7,15.4291158,75.0159097,708.07,0.2296276,150.42215,20.995,29.245,0.77,0.000515807,-0.005479732,-7.75E-05,-0.1700456,-0.01219916,-9.80829,-0.3277835,0.0576947,0.06466842,0.07242152,0,0.08,-0.98,272.94
01:29.3,23,0.7,15.42911578,75.01590968,708.072,0.23475852,152.3526,20.964,29.206,0.778,0.000927643,-0.005258183,0.000112354,-0.17183555,-0.013176635,-9.809052,-0.30065658,0.048096269,0.053705944,0.060122084,0,0.08,-0.982,272.938
01:29.3,23,0.7,15.42911576,75.01590966,708.074,0.23988944,154.28305,20.933,29.167,0.786,0.001339479,-0.005036634,0.000302241,-0.1736255,-0.01415411,-9.809814,-0.27352966,0.038497837,0.042743468,0.047822648,0,0.08,-0.984,272.936
01:29.4,23,0.7,15.42911574,75.01590964,708.076,0.24502036,156.2135,20.902,29.128,0.794,0.00103259,-0.002730949,0.003285702,-0.1791349,-0.003801439,-9.802588,-0.24640274,0.028899406,0.031780993,0.035523212,0,0.08,-0.986,272.934
01:29.4,23,0.7,15.42911572,75.01590962,708.078,0.25015128,158.14395,20.871,29.089,0.802,0.000725702,-0.000425264,0.006269163,-0.1846443,0.006551232,-9.795362,-0.21927582,0.019300974,0.020818517,0.023223776,0,0.08,-0.988,272.932
01:29.4,23,0.7,15.4291157,75.0159096,708.08,0.2552822,160.0744,20.84,29.05,0.81,0.000808938,-0.003533957,0.003654375,-0.17857475,-0.007400529,-9.802531,-0.1921489,0.009702543,0.009856041,0.01092434,0,0.08,-0.99,272.93
01:29.4,23,0.7,15.42911569,75.01590958,708.082,0.24801678,158.48037,20.811,29.013,0.808,0.000892175,-0.00664265,0.001039587,-0.1725052,-0.02135229,-9.8097,-0.18762776,0.009818398,0.010066329,0.011100792,0,0.08,-0.99,272.93
01:29.4,23,0.7,15.42911568,75.01590956,708.084,0.24075136,156.88634,20.782,28.976,0.806,0.001180369,-0.005861203,0.000738677,-0.1706895,-0.01807609,-9.809256,-0.18310662,0.009934254,0.010276617,0.011277244,0,0.08,-0.99,272.93
01:29.5,23,0.7,15.42911567,75.01590954,708.086,0.23348594,155.29231,20.753,28.939,0.804,0.001468563,-0.005079756,0.000437768,-0.1688738,-0.01479989,-9.808812,-0.17858548,0.010050109,0.010486904,0.011453696,0,0.08,-0.99,272.93
01:29.5,23,0.7,15.42911566,75.01590952,708.088,0.22622052,153.69828,20.724,28.902,0.802,0.001254446,-0.004531366,9.49E-05,-0.1702819,-0.016697355,-9.809141,-0.17406434,0.010165965,0.010697192,0.011630148,0,0.08,-0.99,272.93
01:29.5,23,0.7,15.42911565,75.0159095,708.09,0.2189551,152.10425,20.695,28.865,0.8,0.001040329,-0.003982975,-0.000247899,-0.17169,-0.01859482,-9.80947,-0.1695432,0.01028182,0.01090748,0.0118066,0,0.08,-0.99,272.93
01:29.5,23,0.7,15.42911564,75.01590948,708.092,0.21168968,150.51022,20.666,28.828,0.798,0.000812849,-0.002229454,0.000467222,-0.171755,-0.011572601,-9.807338,-0.16615234,0.010382368,0.010777732,0.01189906,0,0.08,-0.99,272.93
01:29.5,23,0.7,15.42911563,75.01590946,708.094,0.20442426,148.91619,20.637,28.791,0.796,0.000585369,-0.000475932,0.001182343,-0.17182,-0.004550381,-9.805206,-0.16276148,0.010482916,0.010647984,0.01199152,0,0.08,-0.99,272.93
01:29.6,23,0.7,15.42911562,75.01590944,708.096,0.19715884,147.32216,20.608,28.754,0.794,0.000571084,-0.003048419,0.00097514,-0.1717434,-0.009483926,-9.8060865,-0.15937062,0.010583464,0.010518236,0.01208398,0,0.08,-0.99,272.93
01:29.6,23,0.7,15.42911561,75.01590942,708.098,0.18989342,145.72813,20.579,28.717,0.792,0.000556799,-0.005620906,0.000767937,-0.1716668,-0.01441747,-9.806967,-0.15597976,0.010684012,0.010388488,0.01217644,0,0.08,-0.99,272.93
01:29.6,23,0.7,15.4291156,75.0159094,708.1,0.182628,144.1341,20.55,28.68,0.79,0.001346933,-0.005852271,0.000338219,-0.17255775,-0.015747605,-9.8071885,-0.1525889,0.01078456,0.01025874,0.0122689,0,0.08,-0.99,272.93
01:29.6,23.1,0.696,15.4291156,75.0159094,708.103,0.1676225,140.50856,20.529,28.654,0.784,0.002137067,-0.006083635,-9.15E-05,-0.1734487,-0.01707774,-9.80741,-0.136764862,0.010556318,0.010240706,0.012126292,0,0.08,-0.99,272.928
01:29.6,23.2,0.692,15.4291156,75.0159094,708.106,0.152617,136.88302,20.508,28.628,0.778,0.001863954,-0.004766488,8.73E-05,-0.1716376,-0.0179766,-9.8052345,-0.120940824,0.010328076,0.010222672,0.011983684,0,0.08,-0.99,272.926
01:29.7,23.3,0.688,15.4291156,75.0159094,708.109,0.1376115,133.25748,20.487,28.602,0.772,0.001590841,-0.003449341,0.000266108,-0.1698265,-0.01887546,-9.803059,-0.105116786,0.010099835,0.010204638,0.011841076,0,0.08,-0.99,272.924
01:29.7,23.4,0.684,15.4291156,75.0159094,708.112,0.122606,129.63194,20.466,28.576,0.766,0.001683679,-0.00358668,0.000367296,-0.1707125,-0.016722445,-9.8044555,-0.089292748,0.009871593,0.010186604,0.011698468,0,0.08,-0.99,272.922
01:29.7,23.5,0.68,15.4291156,75.0159094,708.115,0.1076005,126.0064,20.445,28.55,0.76,0.001776517,-0.003724019,0.000468484,-0.1715985,-0.01456943,-9.805852,-0.07346871,0.009643351,0.01016857,0.01155586,0,0.08,-0.99,272.92
01:29.7,23.6,0.676,15.4291156,75.0159094,708.118,0.092595,122.38086,20.424,28.524,0.754,0.002624916,-0.000897155,-0.000612036,-0.1739606,-0.012083599,-9.8037125,-0.072338422,0.009410749,0.010265604,0.012082604,0,0.08,-0.99,272.92
01:29.7,23.7,0.672,15.4291156,75.0159094,708.121,0.0775895,118.75532,20.403,28.498,0.748,0.003473314,0.001929708,-0.001692556,-0.1763227,-0.009597768,-9.801573,-0.071208134,0.009178147,0.010362638,0.012609348,0,0.08,-0.99,272.92
01:29.8,23.8,0.668,15.4291156,75.0159094,708.124,0.062584,115.12978,20.382,28.472,0.742,0.002461288,-0.001323196,-0.000124155,-0.17334295,-0.013871969,-9.8044635,-0.070077846,0.008945544,0.010459672,0.013136092,0,0.08,-0.99,272.92
01:29.8,23.9,0.664,15.4291156,75.0159094,708.127,0.0475785,111.50424,20.361,28.446,0.736,0.001449262,-0.0045761,0.001444246,-0.1703632,-0.01814617,-9.807354,-0.068947558,0.008712942,0.010556706,0.013662836,0,0.08,-0.99,272.92
01:29.8,24,0.66,15.4291156,75.0159094,708.13,0.032573,107.8787,20.34,28.42,0.73,0.001052959,-0.004552453,0.001350345,-0.1714699,-0.014444365,-9.8077615,-0.06781727,0.00848034,0.01065374,0.01418958,0,0.08,-0.99,272.92
01:29.8,24,0.66,15.4291156,75.01590938,708.132,0.038095791,111.37774,20.322,28.397,0.728,0.000656656,-0.004528806,0.001256443,-0.1725766,-0.01074256,-9.808169,-0.077989856,0.00872701,0.01067538,0.013803588,0,0.08,-0.99,272.92
01:29.8,24,0.66,15.4291156,75.01590936,708.134,0.043618582,114.87678,20.304,28.374,0.726,0.001015049,-0.005207336,0.000703621,-0.17104785,-0.01246919,-9.806949,-0.088162442,0.00897368,0.01069702,0.013417596,0,0.08,-0.99,272.92
01:29.9,24,0.66,15.4291156,75.01590934,708.136,0.049141373,118.37582,20.286,28.351,0.724,0.001373442,-0.005885866,0.000150799,-0.1695191,-0.01419582,-9.805729,-0.098335028,0.009220351,0.01071866,0.013031604,0,0.08,-0.99,272.92
01:29.9,24,0.66,15.4291156,75.01590932,708.138,0.054664164,121.87486,20.268,28.328,0.722,-0.000333869,-0.002619316,-0.000202237,-0.1753785,-0.01316831,-9.8030365,-0.108507614,0.009467021,0.0107403,0.012645612,0,0.08,-0.99,272.92
01:29.9,24,0.66,15.4291156,75.0159093,708.14,0.060186955,125.3739,20.25,28.305,0.72,-0.00204118,0.000647234,-0.000555273,-0.1812379,-0.0121408,-9.800344,-0.1186802,0.009713691,0.01076194,0.01225962,0,0.08,-0.99,272.92
01:29.9,24,0.66,15.4291156,75.01590928,708.142,0.065709746,128.87294,20.232,28.282,0.718,0.000499401,-0.000226046,-0.000338229,-0.18589995,-0.007795876,-9.799511,-0.1277225,0.009659954,0.010616558,0.011954364,0,0.08,-0.99,272.92
01:29.9,24,0.66,15.4291156,75.01590926,708.144,0.071232537,132.37198,20.214,28.259,0.716,0.003039981,-0.001099325,-0.000121185,-0.190562,-0.003450951,-9.798678,-0.1367648,0.009606218,0.010471176,0.011649108,0,0.08,-0.99,272.92
01:30.0,24,0.66,15.4291156,75.01590924,708.146,0.076755328,135.87102,20.196,28.236,0.714,0.002119314,-0.004032658,-0.000164742,-0.18063745,-0.011757706,-9.8048215,-0.1458071,0.009552481,0.010325794,0.011343852,0,0.08,-0.99,272.92
01:30.0,24,0.66,15.4291156,75.01590922,708.148,0.082278119,139.37006,20.178,28.213,0.712,0.001198646,-0.00696599,-0.000208299,-0.1707129,-0.02006446,-9.810965,-0.1548494,0.009498745,0.010180412,0.011038596,0,0.08,-0.99,272.92
01:30.0,24,0.66,15.4291156,75.0159092,708.15,0.08780091,142.8691,20.16,28.19,0.71,0.001301451,-0.005773941,9.74E-05,-0.16969915,-0.018208685,-9.808297,-0.1638917,0.009445008,0.01003503,0.01073334,0,0.08,-0.99,272.92
01:30.0,24,0.66,15.42911559,75.01590918,708.154,0.084002786,141.43021,20.138,28.164,0.71,0.001404255,-0.004581891,0.000403015,-0.1686854,-0.01635291,-9.805629,-0.15258882,0.019138642,0.021223256,0.022544732,0,0.08,-0.988,272.918
01:30.0,24,0.66,15.42911558,75.01590916,708.158,0.080204662,139.99132,20.116,28.138,0.71,0.001724983,-0.004624426,-0.000107187,-0.16918135,-0.017114145,-9.807508,-0.14128594,0.028832277,0.032411482,0.034356124,0,0.08,-0.986,272.916
01:30.1,24,0.66,15.42911557,75.01590914,708.162,0.076406538,138.55243,20.094,28.112,0.71,0.00204571,-0.00466696,-0.000617389,-0.1696773,-0.01787538,-9.809387,-0.12998306,0.038525911,0.043599708,0.046167516,0,0.08,-0.984,272.914
01:30.1,24,0.66,15.42911556,75.01590912,708.166,0.072608414,137.11354,20.072,28.086,0.71,-0.00015879,-0.00614154,-0.000970068,-0.17939645,-0.007752196,-9.811878,-0.11868018,0.048219546,0.054787934,0.057978908,0,0.08,-0.982,272.912
01:30.1,24,0.66,15.42911555,75.0159091,708.17,0.06881029,135.67465,20.05,28.06,0.71,-0.002363289,-0.00761612,-0.001322747,-0.1891156,0.002370988,-9.814369,-0.1073773,0.05791318,0.06597616,0.0697903,0,0.08,-0.98,272.91
01:30.1,24,0.66,15.42911554,75.01590908,708.174,0.065012166,134.23576,20.028,28.034,0.71,-0.002430346,-0.005994611,-0.002470437,-0.18581085,-0.000748678,-9.810328,-0.088162416,0.048155374,0.05479785,0.057707464,0,0.08,-0.98,272.91
01:30.1,24,0.66,15.42911553,75.01590906,708.178,0.061214042,132.79687,20.006,28.008,0.71,-0.002497403,-0.004373102,-0.003618127,-0.1825061,-0.003868343,-9.806287,-0.068947532,0.038397568,0.04361954,0.045624628,0,0.08,-0.98,272.91
01:30.2,24,0.66,15.42911552,75.01590904,708.182,0.057415918,131.35798,19.984,27.982,0.71,-0.000502413,-0.005053167,-0.001312292,-0.17825095,-0.009673997,-9.806782,-0.049732648,0.028639761,0.03244123,0.033541793,0,0.08,-0.98,272.91
01:30.2,24,0.66,15.42911551,75.01590902,708.186,0.053617794,129.91909,19.962,27.956,0.71,0.001492578,-0.005733232,0.000993544,-0.1739958,-0.01547965,-9.807277,-0.030517764,0.018881955,0.02126292,0.021458957,0,0.08,-0.98,272.91
01:30.2,24,0.66,15.4291155,75.015909,708.19,0.04981967,128.4802,19.94,27.93,0.71,0.001317396,-0.00497099,0.000458868,-0.17181335,-0.01747709,-9.809568,-0.01130288,0.009124149,0.01008461,0.009376121,0,0.08,-0.98,272.91
01:30.2,23.9,0.671,15.42911548,75.01590901,708.197,0.055580143,127.05009,19.929,27.914,0.71,0.001142214,-0.004208747,-7.58E-05,-0.1696309,-0.01947453,-9.811859,-0.035038924,0.009038292,0.010118822,0.009480634,0,0.08,-0.98,272.91
01:30.2,23.8,0.682,15.42911546,75.01590902,708.204,0.061340616,125.61998,19.918,27.898,0.71,0.000665936,-0.005344398,-0.000258613,-0.16746035,-0.01675853,-9.8127745,-0.058774968,0.008952435,0.010153034,0.009585147,0,0.08,-0.98,272.91
01:30.3,23.7,0.693,15.42911544,75.01590903,708.211,0.067101089,124.18987,19.907,27.882,0.71,0.000189657,-0.006480048,-0.000441417,-0.1652898,-0.01404253,-9.81369,-0.082511012,0.008866579,0.010187246,0.009689661,0,0.08,-0.98,272.91
01:30.3,23.6,0.704,15.42911542,75.01590904,708.218,0.072861562,122.75976,19.896,27.866,0.71,0.000670025,-0.00581417,-0.000206081,-0.166548,-0.01334429,-9.809225,-0.106247056,0.008780722,0.010221458,0.009794174,0,0.08,-0.98,272.91
01:30.3,23.5,0.715,15.4291154,75.01590905,708.225,0.078622035,121.32965,19.885,27.85,0.71,0.001150392,-0.005148292,2.93E-05,-0.1678062,-0.01264605,-9.80476,-0.1299831,0.008694865,0.01025567,0.009898687,0,0.08,-0.98,272.91
01:30.3,23.4,0.726,15.42911538,75.01590906,708.232,0.084382508,119.89954,19.874,27.834,0.71,0.001194581,-0.004752826,0.000107603,-0.171669,-0.01600284,-9.806947,-0.12433166,0.008864637,0.010152373,0.009888881,0,0.082,-0.98,272.908
01:30.3,23.3,0.737,15.42911536,75.01590907,708.239,0.090142981,118.46943,19.863,27.818,0.71,0.00123877,-0.00435736,0.000185951,-0.1755318,-0.01935963,-9.809134,-0.11868022,0.009034409,0.010049076,0.009879074,0,0.084,-0.98,272.906
01:30.4,23.2,0.748,15.42911534,75.01590908,708.246,0.095903454,117.03932,19.852,27.802,0.71,0.001539362,-0.005039129,-0.000105354,-0.171456,-0.016464885,-9.8103975,-0.11302878,0.00920418,0.009945778,0.009869268,0,0.086,-0.98,272.904
01:30.4,23.1,0.759,15.42911532,75.01590909,708.253,0.101663927,115.60921,19.841,27.786,0.71,0.001839953,-0.005720898,-0.000396658,-0.1673802,-0.01357014,-9.811661,-0.10737734,0.009373952,0.009842481,0.009859461,0,0.088,-0.98,272.902
01:30.4,23,0.77,15.4291153,75.0159091,708.26,0.1074244,114.1791,19.83,27.77,0.71,0.00151885,-0.005631786,-0.000176667,-0.1686291,-0.01587569,-9.811047,-0.1017259,0.009543724,0.009739184,0.009849655,0,0.09,-0.98,272.9
01:30.4,22.9,0.778,15.42911529,75.01590911,708.268,0.10327438,110.800669,19.811,27.747,0.713,0.001197746,-0.005542674,4.33E-05,-0.169878,-0.01818124,-9.810433,-0.13224368,0.009606597,0.009637415,0.01027669,0,0.09,-0.98,272.9
01:30.4,22.8,0.786,15.42911528,75.01590912,708.276,0.09912436,107.422238,19.792,27.724,0.716,0.000901251,-0.005337622,0.000275519,-0.17087235,-0.016399805,-9.811635,-0.16276146,0.00966947,0.009535647,0.010703725,0,0.09,-0.98,272.9
01:30.5,22.7,0.794,15.42911527,75.01590913,708.284,0.09497434,104.043807,19.773,27.701,0.719,0.000604756,-0.005132569,0.000507714,-0.1718667,-0.01461837,-9.812837,-0.19327924,0.009732343,0.009433878,0.01113076,0,0.09,-0.98,272.9
01:30.5,22.6,0.802,15.42911526,75.01590914,708.292,0.09082432,100.665376,19.754,27.678,0.722,0.000722027,-0.002473536,0.000626133,-0.1787566,-0.010180133,-9.8067105,-0.22379702,0.009795216,0.00933211,0.011557795,0,0.09,-0.98,272.9
01:30.5,22.5,0.81,15.42911525,75.01590915,708.3,0.0866743,97.286945,19.735,27.655,0.725,0.000839298,0.000185496,0.000744552,-0.1856465,-0.005741895,-9.800584,-0.2543148,0.009858089,0.009230341,0.01198483,0,0.09,-0.98,272.9
01:30.5,22.4,0.818,15.42911524,75.01590916,708.308,0.08252428,93.908514,19.716,27.632,0.728,0.001284911,-0.001967374,0.000650599,-0.17779595,-0.009088128,-9.8033405,-0.25996622,0.009641926,0.009344964,0.012340566,0,0.09,-0.98,272.898
01:30.5,22.3,0.826,15.42911523,75.01590917,708.316,0.07837426,90.530083,19.697,27.609,0.731,0.001730523,-0.004120245,0.000556646,-0.1699454,-0.01243436,-9.806097,-0.26561764,0.009425762,0.009459588,0.012696302,0,0.09,-0.98,272.896
01:30.6,22.2,0.834,15.42911522,75.01590918,708.324,0.07422424,87.151652,19.678,27.586,0.734,0.001113252,-0.004345605,0.000292313,-0.1676336,-0.0130658,-9.809325,-0.27126906,0.009209599,0.009574211,0.013052038,0,0.09,-0.98,272.894
01:30.6,22.1,0.842,15.42911521,75.01590919,708.332,0.07007422,83.773221,19.659,27.563,0.737,0.000495981,-0.004570964,2.80E-05,-0.1653218,-0.01369724,-9.812553,-0.27692048,0.008993435,0.009688835,0.013407774,0,0.09,-0.98,272.892
01:30.6,22,0.85,15.4291152,75.0159092,708.34,0.0659242,80.39479,19.64,27.54,0.74,0.000763142,-0.005362395,6.02E-05,-0.16619415,-0.01498743,-9.8148525,-0.2825719,0.008777272,0.009803458,0.01376351,0,0.09,-0.98,272.89
01:30.6,22,0.85,15.42911518,75.01590919,708.342,0.07628141,87.729041,19.625,27.52,0.744,0.001030303,-0.006153825,9.23E-05,-0.1670665,-0.01627762,-9.817152,-0.24753298,0.008959346,0.009802555,0.013488246,0,0.09,-0.98,272.89
01:30.6,22,0.85,15.42911516,75.01590918,708.344,0.08663862,95.063292,19.61,27.5,0.748,0.001087627,-0.004857873,0.0001874,-0.17647025,0.00066459,-9.8116005,-0.21249406,0.009141419,0.009801651,0.013212982,0,0.09,-0.98,272.89
01:30.7,22,0.85,15.42911514,75.01590917,708.346,0.09699583,102.397543,19.595,27.48,0.752,0.00114495,-0.003561921,0.000282471,-0.185874,0.0176068,-9.806049,-0.17745514,0.009323493,0.009800748,0.012937718,0,0.09,-0.98,272.89
01:30.7,22,0.85,15.42911512,75.01590916,708.348,0.10735304,109.731794,19.58,27.46,0.756,0.001539129,-0.00101376,0.001039847,-0.1890855,0.012104183,-9.807925,-0.14241622,0.009505566,0.009799844,0.012662454,0,0.09,-0.98,272.89
01:30.7,22,0.85,15.4291151,75.01590915,708.35,0.11771025,117.066045,19.565,27.44,0.76,0.001933308,0.001534401,0.001797223,-0.192297,0.006601566,-9.809801,-0.1073773,0.00968764,0.009798941,0.01238719,0,0.09,-0.98,272.89
01:30.7,22,0.85,15.42911508,75.01590914,708.352,0.12806746,124.400296,19.55,27.42,0.764,0.001334946,-0.001277989,0.001058209,-0.1830724,-0.006816867,-9.8107005,-0.11415904,0.0192841,0.021468369,0.023493502,0,0.09,-0.98,272.89
01:30.7,22,0.85,15.42911506,75.01590913,708.354,0.13842467,131.734547,19.535,27.4,0.768,0.000736585,-0.004090378,0.000319196,-0.1738478,-0.0202353,-9.8116,-0.12094078,0.02888056,0.033137797,0.034599814,0,0.09,-0.98,272.89
01:30.8,22,0.85,15.42911504,75.01590912,708.356,0.14878188,139.068798,19.52,27.38,0.772,0.000851274,-0.004322914,0.00019705,-0.1725899,-0.018531965,-9.8100455,-0.12772252,0.03847702,0.044807224,0.045706126,0,0.09,-0.98,272.89
01:30.8,22,0.85,15.42911502,75.01590911,708.358,0.15913909,146.403049,19.505,27.36,0.776,0.000965964,-0.004555449,7.49E-05,-0.171332,-0.01682863,-9.808491,-0.13450426,0.04807348,0.056476652,0.056812438,0,0.09,-0.98,272.89
01:30.8,22,0.85,15.429115,75.0159091,708.36,0.1694963,153.7373,19.49,27.34,0.78,0.000947547,-0.005476799,-0.000199623,-0.16999135,-0.017854345,-9.811336,-0.141286,0.05766994,0.06814608,0.06791875,0,0.09,-0.98,272.89
01:30.8,22,0.85,15.42911499,75.01590912,708.365,0.16988247,143.921228,19.473,27.319,0.783,0.00092913,-0.006398149,-0.000474152,-0.1686507,-0.01888006,-9.814181,-0.16615232,0.0482293,0.056747178,0.056680438,0,0.09,-0.982,272.888
01:30.8,22,0.85,15.42911498,75.01590914,708.37,0.17026864,134.105156,19.456,27.298,0.786,0.000970183,-0.00571032,-0.000133997,-0.1690539,-0.016091445,-9.8121475,-0.19101864,0.03878866,0.045348276,0.045442126,0,0.09,-0.984,272.886
01:30.9,22,0.85,15.42911497,75.01590916,708.375,0.17065481,124.289084,19.439,27.277,0.789,0.001011236,-0.005022492,0.000206157,-0.1694571,-0.01330283,-9.810114,-0.21588496,0.02934802,0.033949374,0.034203814,0,0.09,-0.986,272.884
01:30.9,22,0.85,15.42911496,75.01590918,708.38,0.17104098,114.473012,19.422,27.256,0.792,-0.00114097,-0.005663992,3.45E-05,-0.1788407,-0.002800937,-9.8077515,-0.24075128,0.01990738,0.022550472,0.022965502,0,0.09,-0.988,272.882
01:30.9,22,0.85,15.42911495,75.0159092,708.385,0.17142715,104.65694,19.405,27.235,0.795,-0.003293175,-0.006305491,-0.000137165,-0.1882243,0.007700955,-9.805389,-0.2656176,0.01046674,0.01115157,0.01172719,0,0.09,-0.99,272.88
01:30.9,22,0.85,15.42911494,75.01590922,708.39,0.17181332,94.840868,19.388,27.214,0.798,-0.002740092,-0.003143449,0.000489785,-0.185693,0.003716313,-9.804135,-0.23962098,0.010580964,0.01155372,0.01192767,0,0.09,-0.99,272.88
01:30.9,22,0.85,15.42911493,75.01590924,708.395,0.17219949,85.024796,19.371,27.193,0.801,-0.002187009,1.86E-05,0.001116735,-0.1831617,-0.00026833,-9.802881,-0.21362436,0.010695188,0.01195587,0.01212815,0,0.09,-0.99,272.88
01:31.0,22,0.85,15.42911492,75.01590926,708.4,0.17258566,75.208724,19.354,27.172,0.804,-0.000920467,-0.003092831,0.00050103,-0.17361235,-0.010149865,-9.807298,-0.18762774,0.010809412,0.01235802,0.01232863,0,0.09,-0.99,272.88
01:31.0,22,0.85,15.42911491,75.01590928,708.405,0.17297183,65.392652,19.337,27.151,0.807,0.000346075,-0.006204255,-0.000114675,-0.164063,-0.0200314,-9.811715,-0.16163112,0.010923636,0.01276017,0.01252911,0,0.09,-0.99,272.88
01:31.0,22,0.85,15.4291149,75.0159093,708.41,0.173358,55.57658,19.32,27.13,0.81,0.000678217,-0.005985198,0.000448326,-0.1677817,-0.017018155,-9.812586,-0.1356345,0.01103786,0.01316232,0.01272959,0,0.09,-0.99,272.88
01:31.0,22,0.85,15.42911492,75.0159093,708.41,0.162547535,60.529032,19.302,27.107,0.8,0.001010359,-0.005766141,0.001011327,-0.1715004,-0.01400491,-9.813457,-0.126592206,0.010992174,0.012819898,0.012331494,0,0.09,-0.99,272.88
01:31.0,22,0.85,15.42911494,75.0159093,708.41,0.15173707,65.481484,19.284,27.084,0.79,0.001053463,-0.005478806,0.000618198,-0.17055595,-0.015833035,-9.812788,-0.117549912,0.010946488,0.012477476,0.011933398,0,0.09,-0.99,272.88
01:31.1,22,0.85,15.42911496,75.0159093,708.41,0.140926605,70.433936,19.266,27.061,0.78,0.001096566,-0.005191471,0.000225069,-0.1696115,-0.01766116,-9.812119,-0.108507618,0.010900802,0.012135054,0.011535302,0,0.09,-0.99,272.88
01:31.1,22,0.85,15.42911498,75.0159093,708.41,0.13011614,75.386388,19.248,27.038,0.77,0.001255644,-0.005014013,0.000124757,-0.17073825,-0.015893495,-9.8124135,-0.099465324,0.010855116,0.011792632,0.011137206,0,0.09,-0.99,272.88
01:31.1,22,0.85,15.429115,75.0159093,708.41,0.119305675,80.33884,19.23,27.015,0.76,0.001414721,-0.004836556,2.44E-05,-0.171865,-0.01412583,-9.812708,-0.09042303,0.01080943,0.01145021,0.01073911,0,0.09,-0.99,272.88
01:31.1,22,0.85,15.42911502,75.0159093,708.41,0.10849521,85.291292,19.212,26.992,0.75,-0.000724821,-0.002447212,-0.000369263,-0.17624035,-0.007585956,-9.8069615,-0.097204764,0.010979986,0.011709078,0.010683332,0,0.09,-0.99,272.88
01:31.1,22,0.85,15.42911504,75.0159093,708.41,0.097684745,90.243744,19.194,26.969,0.74,-0.002864363,-5.79E-05,-0.000762971,-0.1806157,-0.001046082,-9.801215,-0.103986498,0.011150542,0.011967946,0.010627554,0,0.09,-0.99,272.88
01:31.2,22,0.85,15.42911506,75.0159093,708.41,0.08687428,95.196196,19.176,26.946,0.73,-0.001264287,-0.002620197,-0.000389515,-0.17518295,-0.008660571,-9.8076055,-0.110768232,0.011321098,0.012226814,0.010571776,0,0.09,-0.99,272.88
01:31.2,22,0.85,15.42911508,75.0159093,708.41,0.076063815,100.148648,19.158,26.923,0.72,0.00033579,-0.005182527,-1.61E-05,-0.1697502,-0.01627506,-9.813996,-0.117549966,0.011491654,0.012485682,0.010515998,0,0.09,-0.99,272.88
01:31.2,22,0.85,15.4291151,75.0159093,708.41,0.06525335,105.1011,19.14,26.9,0.71,0.000361381,-0.005982449,0.000327198,-0.17034705,-0.015950125,-9.8153595,-0.1243317,0.01166221,0.01274455,0.01046022,0,0.09,-0.99,272.88
01:31.2,22,0.85,15.42911509,75.01590931,708.414,0.080869605,106.62967,19.124,26.88,0.709,0.000386971,-0.006782371,0.000670455,-0.1709439,-0.01562519,-9.816723,-0.12207112,0.01140468,0.01214811,0.010604966,0,0.09,-0.99,272.878
01:31.2,22,0.85,15.42911508,75.01590932,708.418,0.09648586,108.15824,19.108,26.86,0.708,0.000919324,-0.006319187,0.00066567,-0.1707591,-0.01565594,-9.8154875,-0.11981054,0.01114715,0.01155167,0.010749712,0,0.09,-0.99,272.876
01:31.3,22,0.85,15.42911507,75.01590933,708.422,0.112102115,109.68681,19.092,26.84,0.707,0.001451677,-0.005856002,0.000660885,-0.1705743,-0.01568669,-9.814252,-0.11754996,0.01088962,0.010955229,0.010894458,0,0.09,-0.99,272.874
01:31.3,22,0.85,15.42911506,75.01590934,708.426,0.12771837,111.21538,19.076,26.82,0.706,0.00069122,-0.002806144,-0.000985088,-0.1746279,-0.009803682,-9.806154,-0.11528938,0.01063209,0.010358789,0.011039204,0,0.09,-0.99,272.872
01:31.3,22,0.85,15.42911505,75.01590935,708.43,0.143334625,112.74395,19.06,26.8,0.705,-6.92E-05,0.000243713,-0.002631061,-0.1786815,-0.003920674,-9.798056,-0.1130288,0.01037456,0.009762349,0.01118395,0,0.09,-0.99,272.87
01:31.3,22,0.85,15.42911504,75.01590936,708.434,0.15895088,114.27252,19.044,26.78,0.704,0.002002148,-2.99E-05,-0.004308536,-0.1795187,-0.004214423,-9.8029505,-0.089292752,0.010220254,0.010001637,0.011046808,0,0.09,-0.99,272.87
01:31.3,22,0.85,15.42911503,75.01590937,708.438,0.174567135,115.80109,19.028,26.76,0.703,0.004073533,-0.000303458,-0.005986011,-0.1803559,-0.004508171,-9.807845,-0.065556704,0.010065948,0.010240925,0.010909666,0,0.09,-0.99,272.87
01:31.4,22,0.85,15.42911502,75.01590938,708.442,0.19018339,117.32966,19.012,26.74,0.702,0.002452249,-0.002914285,-0.002626962,-0.17606085,-0.010580671,-9.811209,-0.041820657,0.009911641,0.010480214,0.010772524,0,0.09,-0.99,272.87
01:31.4,22,0.85,15.42911501,75.01590939,708.446,0.205799645,118.85823,18.996,26.72,0.701,0.000830965,-0.005525112,0.000732087,-0.1717658,-0.01665317,-9.814573,-0.018084609,0.009757335,0.010719502,0.010635382,0,0.09,-0.99,272.87
01:31.4,22,0.85,15.429115,75.0159094,708.45,0.2214159,120.3868,18.98,26.7,0.7,0.001325359,-0.006157235,0.00054528,-0.17231765,-0.014511105,-9.813315,0.005651439,0.009603029,0.01095879,0.01049824,0,0.09,-0.99,272.87
01:31.4,22,0.85,15.429115,75.0159094,708.453,0.2102784,117.191897,18.956,26.67,0.701,0.001819753,-0.006789358,0.000358472,-0.1728695,-0.01236904,-9.812057,-0.009042303,0.009670017,0.0110806,0.01109612,0,0.09,-0.99,272.87
01:31.4,22,0.85,15.429115,75.0159094,708.456,0.1991409,113.996994,18.932,26.64,0.702,0.001304243,-0.005590998,6.30E-05,-0.1715898,-0.01463062,-9.8156075,-0.023736045,0.009737004,0.01120241,0.011694,0,0.09,-0.99,272.87
01:31.5,22,0.85,15.429115,75.0159094,708.459,0.1880034,110.802091,18.908,26.61,0.703,0.000788733,-0.004392639,-0.000232441,-0.1703101,-0.0168922,-9.819158,-0.038429786,0.009803992,0.01132422,0.01229188,0,0.09,-0.99,272.87
01:31.5,22,0.85,15.429115,75.0159094,708.462,0.1768659,107.607188,18.884,26.58,0.704,0.001606603,-0.005003231,-2.43E-05,-0.1703616,-0.014993555,-9.8168705,-0.053123528,0.009870979,0.01144603,0.01288976,0,0.09,-0.99,272.87
01:31.5,22,0.85,15.429115,75.0159094,708.465,0.1657284,104.412285,18.86,26.55,0.705,0.002424473,-0.005613822,0.000183765,-0.1704131,-0.01309491,-9.814583,-0.06781727,0.009937967,0.01156784,0.01348764,0,0.09,-0.99,272.87
01:31.5,22,0.85,15.429115,75.0159094,708.468,0.1545909,101.217382,18.836,26.52,0.706,0.001146835,-0.001705056,0.000718216,-0.17576865,-0.01245408,-9.8030035,-0.080250436,0.019452184,0.022525106,0.026094292,0,0.09,-0.99,272.868
01:31.5,22,0.85,15.429115,75.0159094,708.471,0.1434534,98.022479,18.812,26.49,0.707,-0.000130803,0.00220371,0.001252666,-0.1811242,-0.01181325,-9.791424,-0.092683602,0.0289664,0.033482372,0.038700944,0,0.09,-0.99,272.866
01:31.6,22,0.85,15.429115,75.0159094,708.474,0.1323159,94.827576,18.788,26.46,0.708,-0.000170658,-0.00170054,0.000406603,-0.17562115,-0.01224095,-9.80496,-0.105116768,0.038480617,0.044439638,0.051307596,0,0.09,-0.99,272.864
01:31.6,22,0.85,15.429115,75.0159094,708.477,0.1211784,91.632673,18.764,26.43,0.709,-0.000210514,-0.00560479,-0.000439461,-0.1701181,-0.01266865,-9.818496,-0.117549934,0.047994833,0.055396904,0.063914248,0,0.09,-0.99,272.862
01:31.6,22,0.85,15.429115,75.0159094,708.48,0.1100409,88.43777,18.74,26.4,0.71,0.000606173,-0.005010369,-0.000464933,-0.1713667,-0.01193581,-9.817557,-0.1299831,0.05750905,0.06635417,0.0765209,0,0.09,-0.99,272.86
01:31.6,22.1,0.85,15.42911502,75.01590941,708.483,0.11579062,85.139618,18.724,26.38,0.719,0.001422859,-0.004415947,-0.000490404,-0.1726153,-0.01120297,-9.816618,-0.15711,0.047899661,0.055432564,0.06337478,0,0.09,-0.99,272.86
01:31.6,22.2,0.85,15.42911504,75.01590942,708.486,0.12154034,81.841466,18.708,26.36,0.728,0.001416773,-0.005430722,-0.000500586,-0.1714892,-0.013955555,-9.816761,-0.1842369,0.038290271,0.044510958,0.05022866,0,0.09,-0.99,272.86
01:31.7,22.3,0.85,15.42911506,75.01590943,708.489,0.12729006,78.543314,18.692,26.34,0.737,0.001410687,-0.006445497,-0.000510767,-0.1703631,-0.01670814,-9.816904,-0.2113638,0.028680882,0.033589352,0.03708254,0,0.09,-0.99,272.86
01:31.7,22.4,0.85,15.42911508,75.01590944,708.492,0.13303978,75.245162,18.676,26.32,0.746,0.001831331,-0.002667854,-0.000193845,-0.1779464,-0.009348683,-9.8123235,-0.2384907,0.019071492,0.022667746,0.02393642,0,0.09,-0.99,272.86
01:31.7,22.5,0.85,15.4291151,75.01590945,708.495,0.1387895,71.94701,18.66,26.3,0.755,0.002251974,0.001109788,0.000123078,-0.1855297,-0.001989225,-9.807743,-0.2656176,0.009462103,0.01174614,0.0107903,0,0.09,-0.99,272.86
01:31.7,22.6,0.85,15.42911512,75.01590946,708.498,0.14453922,68.648858,18.644,26.28,0.764,0.001269378,-0.002386504,-7.25E-05,-0.1760712,-0.011709713,-9.8127035,-0.25883588,0.00972348,0.01197924,0.010955722,0,0.09,-0.99,272.86
01:31.7,22.7,0.85,15.42911514,75.01590947,708.501,0.15028894,65.350706,18.628,26.26,0.773,0.000286781,-0.005882795,-0.000268037,-0.1666127,-0.0214302,-9.817664,-0.25205416,0.009984858,0.01221234,0.011121144,0,0.09,-0.99,272.86
01:31.8,22.8,0.85,15.42911516,75.01590948,708.504,0.15603866,62.052554,18.612,26.24,0.782,0.000790264,-0.005041739,-0.000125184,-0.17121435,-0.01842833,-9.817907,-0.24527244,0.010246235,0.01244544,0.011286566,0,0.09,-0.99,272.86
01:31.8,22.9,0.85,15.42911518,75.01590949,708.507,0.16178838,58.754402,18.596,26.22,0.791,0.001293746,-0.004200683,1.77E-05,-0.175816,-0.01542646,-9.81815,-0.23849072,0.010507613,0.01267854,0.011451988,0,0.09,-0.99,272.86
01:31.8,23,0.85,15.4291152,75.0159095,708.51,0.1675381,55.45625,18.58,26.2,0.8,0.001452576,-0.004073173,-7.36E-05,-0.1720938,-0.018206315,-9.817873,-0.231709,0.01076899,0.01291164,0.01161741,0,0.09,-0.99,272.86
01:31.8,23,0.85,15.42911521,75.01590948,708.51,0.158501803,64.788785,18.562,26.177,0.79,0.001611406,-0.003945663,-0.000164878,-0.1683716,-0.02098617,-9.817596,-0.2497936,0.010625862,0.012967704,0.01201507,0,0.09,-0.99,272.858
01:31.8,23,0.85,15.42911522,75.01590946,708.51,0.149465506,74.12132,18.544,26.154,0.78,0.001373275,-0.005279852,-0.000135141,-0.17105875,-0.01699599,-9.8187235,-0.2678782,0.010482734,0.013023768,0.01241273,0,0.09,-0.99,272.856
01:31.9,23,0.85,15.42911523,75.01590944,708.51,0.140429209,83.453855,18.526,26.131,0.77,0.001135144,-0.006614041,-0.000105404,-0.1737459,-0.01300581,-9.819851,-0.2859628,0.010339606,0.013079832,0.01281039,0,0.09,-0.99,272.854
01:31.9,23,0.85,15.42911524,75.01590942,708.51,0.131392912,92.78639,18.508,26.108,0.76,0.001388021,-0.005116672,-0.000323063,-0.17155535,-0.014403415,-9.815887,-0.3040474,0.010196478,0.013135896,0.01320805,0,0.09,-0.99,272.852
01:31.9,23,0.85,15.42911525,75.0159094,708.51,0.122356615,102.118925,18.49,26.085,0.75,0.001640897,-0.003619302,-0.000540723,-0.1693648,-0.01580102,-9.811923,-0.322132,0.01005335,0.01319196,0.01360571,0,0.09,-0.99,272.85
01:31.9,23,0.85,15.42911526,75.01590938,708.51,0.113320318,111.45146,18.472,26.062,0.74,0.001241449,-0.004552031,0.000156021,-0.1690034,-0.015993035,-9.8135795,-0.30178682,0.010392532,0.01282896,0.013206864,0,0.09,-0.99,272.85
01:31.9,23,0.85,15.42911527,75.01590936,708.51,0.104284021,120.783995,18.454,26.039,0.73,0.000842001,-0.005484759,0.000852765,-0.168642,-0.01618505,-9.815236,-0.28144164,0.010731714,0.01246596,0.012808018,0,0.09,-0.99,272.85
01:32.0,23,0.85,15.42911528,75.01590934,708.51,0.095247724,130.11653,18.436,26.016,0.72,0.001084347,-0.005703528,0.000609781,-0.16978995,-0.01484101,-9.815965,-0.26109646,0.011070896,0.01210296,0.012409172,0,0.09,-0.99,272.85
01:32.0,23,0.85,15.42911529,75.01590932,708.51,0.086211427,139.449065,18.418,25.993,0.71,0.001326693,-0.005922297,0.000366797,-0.1709379,-0.01349697,-9.816694,-0.24075128,0.011410078,0.01173996,0.012010326,0,0.09,-0.99,272.85
01:32.0,23,0.85,15.4291153,75.0159093,708.51,0.07717513,148.7816,18.4,25.97,0.7,0.001372184,-0.005554073,0.000281692,-0.16973435,-0.01698565,-9.814279,-0.2204061,0.01174926,0.01137696,0.01161148,0,0.09,-0.99,272.85
01:32.0,23.1,0.844,15.42911532,75.01590928,708.509,0.083841637,139.081005,18.388,25.954,0.706,0.001417675,-0.00518585,0.000196587,-0.1685308,-0.02047433,-9.811864,-0.25205416,0.011254096,0.011329212,0.011265176,0,0.09,-0.99,272.85
01:32.0,23.2,0.838,15.42911534,75.01590926,708.508,0.090508144,129.38041,18.376,25.938,0.712,0.001121381,-0.000917274,0.001892835,-0.1738958,-0.007894228,-9.80197,-0.28370222,0.010758932,0.011281464,0.010918872,0,0.09,-0.99,272.85
01:32.1,23.3,0.832,15.42911536,75.01590924,708.507,0.097174651,119.679815,18.364,25.922,0.718,0.000825087,0.003351302,0.003589083,-0.1792608,0.004685875,-9.792076,-0.31535028,0.010263767,0.011233716,0.010572567,0,0.09,-0.99,272.85
01:32.1,23.4,0.826,15.42911538,75.01590922,708.506,0.103841158,109.97922,18.352,25.906,0.724,0.001009602,-0.001220832,0.001886454,-0.174199,-0.007234307,-9.803196,-0.34699834,0.009768603,0.011185968,0.010226263,0,0.09,-0.99,272.85
01:32.1,23.5,0.82,15.4291154,75.0159092,708.505,0.110507665,100.278625,18.34,25.89,0.73,0.001194117,-0.005792966,0.000183825,-0.1691372,-0.01915449,-9.814316,-0.3786464,0.009273439,0.01113822,0.009879959,0,0.09,-0.99,272.85
01:32.1,23.6,0.814,15.42911542,75.01590918,708.504,0.117174172,90.57803,18.328,25.874,0.736,0.000686652,-0.006217017,0.000312608,-0.1703554,-0.016367745,-9.81426,-0.3413469,0.009068522,0.011177478,0.009931217,0,0.09,-0.988,272.848
01:32.1,23.7,0.808,15.42911544,75.01590916,708.503,0.123840679,80.877435,18.316,25.858,0.742,0.000179186,-0.006641068,0.000441391,-0.1715736,-0.013581,-9.814204,-0.3040474,0.008863606,0.011216736,0.009982475,0,0.09,-0.986,272.846
01:32.2,23.8,0.802,15.42911546,75.01590914,708.502,0.130507186,71.17684,18.304,25.842,0.748,0.000462051,-0.00532383,0.000711991,-0.1709415,-0.017435205,-9.816229,-0.2667479,0.008658689,0.011255994,0.010033734,0,0.09,-0.984,272.844
01:32.2,23.9,0.796,15.42911548,75.01590912,708.501,0.137173693,61.476245,18.292,25.826,0.754,0.000744915,-0.004006591,0.000982591,-0.1703094,-0.02128941,-9.818254,-0.2294484,0.008453773,0.011295252,0.010084992,0,0.09,-0.982,272.842
01:32.2,24,0.79,15.4291155,75.0159091,708.5,0.1438402,51.77565,18.28,25.81,0.76,0.001077537,-0.001557027,0.000129178,-0.17967175,-0.009563225,-9.8147975,-0.1921489,0.008248856,0.01133451,0.01013625,0,0.09,-0.98,272.84
01:32.2,24,0.79,15.4291155,75.0159091,708.501,0.1515238,60.760485,18.261,25.786,0.758,0.001410159,0.000892536,-0.000724236,-0.1890341,0.00216296,-9.811341,-0.17745516,0.017597389,0.022235398,0.022365554,0,0.09,-0.982,272.84
01:32.2,24,0.79,15.4291155,75.0159091,708.502,0.1592074,69.74532,18.242,25.762,0.756,0.000503424,-0.000529688,-0.001077974,-0.18224,-0.00397131,-9.8084045,-0.16276142,0.026945922,0.033136286,0.034594858,0,0.09,-0.984,272.84
01:32.3,24,0.79,15.4291155,75.0159091,708.503,0.166891,78.730155,18.223,25.738,0.754,-0.000403311,-0.001951913,-0.001431711,-0.1754459,-0.01010558,-9.805468,-0.14806768,0.036294454,0.044037174,0.046824162,0,0.09,-0.986,272.84
01:32.3,24,0.79,15.4291155,75.0159091,708.504,0.1745746,87.71499,18.204,25.714,0.752,0.000429075,-0.004131152,-0.000556915,-0.1734626,-0.01147796,-9.80851,-0.13337394,0.045642987,0.054938062,0.059053466,0,0.09,-0.988,272.84
01:32.3,24,0.79,15.4291155,75.0159091,708.505,0.1822582,96.699825,18.185,25.69,0.75,0.00126146,-0.006310391,0.00031788,-0.1714793,-0.01285034,-9.811552,-0.1186802,0.05499152,0.06583895,0.07128277,0,0.09,-0.99,272.84
01:32.3,24,0.79,15.4291155,75.0159091,708.506,0.1899418,105.68466,18.166,25.666,0.748,0.001361478,-0.005387539,-4.89E-05,-0.1704923,-0.015131165,-9.8122675,-0.1288528,0.055059112,0.065405468,0.071841768,0,0.09,-0.99,272.84
01:32.3,24,0.79,15.4291155,75.0159091,708.507,0.1976254,114.669495,18.147,25.642,0.746,0.001461496,-0.004464687,-0.000415632,-0.1695053,-0.01741199,-9.812983,-0.1390254,0.055126704,0.064971986,0.072400766,0,0.09,-0.99,272.84
01:32.4,24,0.79,15.4291155,75.0159091,708.508,0.205309,123.65433,18.128,25.618,0.744,0.001233058,-0.005160061,-0.000326232,-0.17026325,-0.01535529,-9.812755,-0.149198,0.055194296,0.064538504,0.072959764,0,0.09,-0.99,272.84
01:32.4,24,0.79,15.4291155,75.0159091,708.509,0.2129926,132.639165,18.109,25.594,0.742,0.001004619,-0.005855434,-0.000236832,-0.1710212,-0.01329859,-9.812527,-0.1593706,0.055261888,0.064105022,0.073518762,0,0.09,-0.99,272.84
01:32.4,24,0.79,15.4291155,75.0159091,708.51,0.2206762,141.624,18.09,25.57,0.74,0.001258215,-0.005193793,-0.000306417,-0.17168225,-0.013909665,-9.814032,-0.1695432,0.05532948,0.06367154,0.07407776,0,0.09,-0.99,272.84
01:32.4,24,0.79,15.42911544,75.01590913,708.519,0.22400346,143.11804,18.073,25.547,0.744,0.001511811,-0.004532151,-0.000376002,-0.1723433,-0.01452074,-9.815537,-0.20232154,0.046100546,0.052702549,0.061635884,0,0.09,-0.99,272.838
01:32.4,24,0.79,15.42911538,75.01590916,708.528,0.22733072,144.61208,18.056,25.524,0.748,0.000319157,-0.001941768,-0.001050828,-0.18426565,-0.011268625,-9.80649,-0.23509988,0.036871612,0.041733558,0.049194008,0,0.09,-0.99,272.836
01:32.5,24,0.79,15.42911532,75.01590919,708.537,0.23065798,146.10612,18.039,25.501,0.752,-0.000873497,0.000648615,-0.001725654,-0.196188,-0.008016509,-9.797443,-0.26787822,0.027642678,0.030764568,0.036752132,0,0.09,-0.99,272.834
01:32.5,24,0.79,15.42911526,75.01590922,708.546,0.23398524,147.60016,18.022,25.478,0.756,-0.000335898,-0.001636458,-0.000459506,-0.1839785,-0.01110598,-9.8051335,-0.30065656,0.018413744,0.019795577,0.024310256,0,0.09,-0.99,272.832
01:32.5,24,0.79,15.4291152,75.01590925,708.555,0.2373125,149.0942,18.005,25.455,0.76,0.0002017,-0.00392153,0.000806641,-0.171769,-0.01419545,-9.812824,-0.3334349,0.00918481,0.008826586,0.01186838,0,0.09,-0.99,272.83
01:32.5,24,0.79,15.42911514,75.01590928,708.564,0.24063976,150.58824,17.988,25.432,0.764,0.000452228,-0.005278127,0.00046241,-0.17042145,-0.014370205,-9.814217,-0.30743828,0.009490718,0.008922124,0.011597938,0,0.09,-0.99,272.83
01:32.5,24,0.79,15.42911508,75.01590931,708.573,0.24396702,152.08228,17.971,25.409,0.768,0.000702756,-0.006634724,0.000118179,-0.1690739,-0.01454496,-9.81561,-0.28144166,0.009796626,0.009017663,0.011327496,0,0.09,-0.99,272.83
01:32.6,24,0.79,15.42911502,75.01590934,708.582,0.24729428,153.57632,17.954,25.386,0.772,0.00104693,-0.006083638,-0.000184777,-0.1703046,-0.01532128,-9.8142495,-0.25544504,0.010102534,0.009113201,0.011057054,0,0.09,-0.99,272.83
01:32.6,24,0.79,15.42911496,75.01590937,708.591,0.25062154,155.07036,17.937,25.363,0.776,0.001391104,-0.005532552,-0.000487733,-0.1715353,-0.0160976,-9.812889,-0.22944842,0.010408442,0.00920874,0.010786612,0,0.09,-0.99,272.83
01:32.6,24,0.79,15.4291149,75.0159094,708.6,0.2539488,156.5644,17.92,25.34,0.78,0.001737409,-0.002319741,-0.000128333,-0.1800556,-0.006428221,-9.802459,-0.2034518,0.01071435,0.009304278,0.01051617,0,0.09,-0.99,272.83
01:32.6,24,0.79,15.42911485,75.01590941,708.607,0.24161531,156.36917,17.902,25.317,0.772,0.002083713,0.00089307,0.000231068,-0.1885759,0.003241159,-9.792029,-0.18988834,0.01082286,0.009451158,0.01059604,0,0.09,-0.99,272.83
01:32.6,24,0.79,15.4291148,75.01590942,708.614,0.22928182,156.17394,17.884,25.294,0.764,0.001417624,-0.001507271,0.000111542,-0.1816793,-0.00564985,-9.802165,-0.17632488,0.01093137,0.009598039,0.01067591,0,0.09,-0.99,272.83
01:32.7,24,0.79,15.42911475,75.01590943,708.621,0.21694833,155.97871,17.866,25.271,0.756,0.000751535,-0.003907612,-7.98E-06,-0.1747827,-0.01454086,-9.812301,-0.16276142,0.01103988,0.009744919,0.01075578,0,0.09,-0.99,272.83
01:32.7,24,0.79,15.4291147,75.01590944,708.628,0.20461484,155.78348,17.848,25.248,0.748,0.001026596,-0.004628775,-0.000409905,-0.1700141,-0.01359424,-9.8127735,-0.14919796,0.01114839,0.0098918,0.01083565,0,0.09,-0.99,272.83
01:32.7,24,0.79,15.42911465,75.01590945,708.635,0.19228135,155.58825,17.83,25.225,0.74,0.001301657,-0.005349937,-0.000811825,-0.1652455,-0.01264762,-9.813246,-0.1356345,0.0112569,0.01003868,0.01091552,0,0.09,-0.99,272.83
01:32.7,24,0.79,15.4291146,75.01590946,708.642,0.17994786,155.39302,17.812,25.202,0.732,0.001432859,-0.005484469,-2.19E-05,-0.1694204,-0.01450746,-9.812538,-0.15145854,0.010974936,0.010065126,0.01093356,0,0.09,-0.99,272.83
01:32.7,24,0.79,15.42911455,75.01590947,708.649,0.16761437,155.19779,17.794,25.179,0.724,0.00156406,-0.005619001,0.000768033,-0.1735953,-0.0163673,-9.81183,-0.16728258,0.010692971,0.010091572,0.0109516,0,0.09,-0.99,272.83
01:32.8,24,0.79,15.4291145,75.01590948,708.656,0.15528088,155.00256,17.776,25.156,0.716,0.000927048,-0.005582402,0.00093924,-0.1713643,-0.01645225,-9.813051,-0.18310662,0.010411007,0.010118018,0.01096964,0,0.09,-0.99,272.83
01:32.8,24,0.79,15.42911445,75.01590949,708.663,0.14294739,154.80733,17.758,25.133,0.708,0.000290037,-0.005545802,0.001110446,-0.1691333,-0.0165372,-9.814272,-0.19893066,0.010129042,0.010144464,0.01098768,0,0.09,-0.99,272.83
01:32.8,24,0.79,15.4291144,75.0159095,708.67,0.1306139,154.6121,17.74,25.11,0.7,0.002857081,-0.003470712,-0.000799949,-0.1747344,-0.009968337,-9.806744,-0.2147547,0.009847078,0.01017091,0.01100572,0,0.09,-0.99,272.83
01:32.8,24,0.79,15.42911435,75.0159095,708.679,0.13224162,156.01225,17.723,25.087,0.703,0.005424125,-0.001395622,-0.002710345,-0.1803355,-0.003399475,-9.799216,-0.2057124,0.009581553,0.010020036,0.010937132,0,0.09,-0.99,272.83
01:32.8,24,0.79,15.4291143,75.0159095,708.688,0.13386934,157.4124,17.706,25.064,0.706,0.003158945,-0.003385764,-0.001234407,-0.17570225,-0.008488672,-9.806039,-0.1966701,0.009316029,0.009869162,0.010868544,0,0.09,-0.99,272.83
01:32.9,24,0.79,15.42911425,75.0159095,708.697,0.13549706,158.81255,17.689,25.041,0.709,0.000893764,-0.005375906,0.000241531,-0.171069,-0.01357787,-9.812862,-0.1876278,0.009050504,0.009718287,0.010799956,0,0.09,-0.99,272.83
01:32.9,24,0.79,15.4291142,75.0159095,708.706,0.13712478,160.2127,17.672,25.018,0.712,0.001100843,-0.005265829,-0.000442806,-0.17051555,-0.015467755,-9.8125725,-0.1785855,0.00878498,0.009567413,0.010731368,0,0.09,-0.99,272.83
01:32.9,24,0.79,15.42911415,75.0159095,708.715,0.1387525,161.61285,17.655,24.995,0.715,0.001307922,-0.005155751,-0.001127143,-0.1699621,-0.01735764,-9.812283,-0.1695432,0.008519455,0.009416539,0.01066278,0,0.09,-0.99,272.83
01:32.9,24,0.79,15.4291141,75.0159095,708.724,0.14038022,163.013,17.638,24.972,0.718,0.001231128,-0.004812419,-0.001135349,-0.16957995,-0.015487245,-9.8144445,-0.1684129,0.008263163,0.009366382,0.010300252,0,0.09,-0.99,272.828
01:32.9,24,0.79,15.42911405,75.0159095,708.733,0.14200794,164.41315,17.621,24.949,0.721,0.001154333,-0.004469086,-0.001143554,-0.1691978,-0.01361685,-9.816606,-0.1672826,0.008006871,0.009316226,0.009937725,0,0.09,-0.99,272.826
01:33.0,24,0.79,15.429114,75.0159095,708.742,0.14363566,165.8133,17.604,24.926,0.724,-0.001142433,-0.001178889,0.000653994,-0.17631785,-0.011072527,-9.812157,-0.1661523,0.00775058,0.009266069,0.009575197,0,0.09,-0.99,272.824
01:33.0,24,0.79,15.42911395,75.0159095,708.751,0.14526338,167.21345,17.587,24.903,0.727,-0.003439199,0.002111309,0.002451542,-0.1834379,-0.008528204,-9.807708,-0.165022,0.007494288,0.009215913,0.00921267,0,0.09,-0.99,272.822
01:33.0,24,0.79,15.4291139,75.0159095,708.76,0.1468911,168.6136,17.57,24.88,0.73,-0.002696725,0.002654223,0.000291797,-0.1807822,0.000908963,-9.801324,-0.1638917,0.007237996,0.009165756,0.008850142,0,0.09,-0.99,272.82
01:33.0,24,0.79,15.42911386,75.01590949,708.764,0.14787522,165.69211,17.555,24.861,0.729,-0.001954251,0.003197136,-0.001867949,-0.1781265,0.01034613,-9.79494,-0.18084602,0.00734017,0.009035187,0.008827646,0,0.09,-0.99,272.82
01:33.0,24,0.79,15.42911382,75.01590948,708.768,0.14885934,162.77062,17.54,24.842,0.728,-0.000748173,-0.001438932,-0.000837338,-0.1735731,-0.00316703,-9.805047,-0.19780034,0.007442344,0.008904618,0.00880515,0,0.09,-0.99,272.82
01:33.1,24,0.79,15.42911378,75.01590947,708.772,0.14984346,159.84913,17.525,24.823,0.727,0.000457905,-0.006075001,0.000193273,-0.1690197,-0.01668019,-9.815154,-0.21475466,0.007544518,0.008774049,0.008782654,0,0.09,-0.99,272.82
01:33.1,24,0.79,15.42911374,75.01590946,708.776,0.15082758,156.92764,17.51,24.804,0.726,0.000729043,-0.00609381,0.000350007,-0.1715784,-0.016986885,-9.8128335,-0.23170898,0.007646692,0.00864348,0.008760158,0,0.09,-0.99,272.82
01:33.1,24,0.79,15.4291137,75.01590945,708.78,0.1518117,154.00615,17.495,24.785,0.725,0.001000181,-0.006112619,0.000506742,-0.1741371,-0.01729358,-9.810513,-0.2486633,0.007748866,0.008512911,0.008737662,0,0.09,-0.99,272.82
01:33.1,24,0.79,15.42911366,75.01590944,708.784,0.15279582,151.08466,17.48,24.766,0.724,0.000937015,-0.005954037,0.000614451,-0.17031095,-0.016538785,-9.8110025,-0.217015246,0.017280539,0.019497855,0.02061014,0,0.09,-0.99,272.818
01:33.1,24,0.79,15.42911362,75.01590943,708.788,0.15377994,148.16317,17.465,24.747,0.723,0.00087385,-0.005795455,0.00072216,-0.1664848,-0.01578399,-9.811492,-0.185367192,0.026812212,0.030482799,0.032482617,0,0.09,-0.99,272.816
01:33.2,24,0.79,15.42911358,75.01590942,708.792,0.15476406,145.24168,17.45,24.728,0.722,0.001545469,-0.003628905,0.000788602,-0.1759146,-0.008896553,-9.7984455,-0.153719138,0.036343884,0.041467742,0.044355095,0,0.09,-0.99,272.814
01:33.2,24,0.79,15.42911354,75.01590941,708.796,0.15574818,142.32019,17.435,24.709,0.721,0.002217088,-0.001462354,0.000855045,-0.1853444,-0.002009116,-9.785399,-0.122071084,0.045875557,0.052452686,0.056227572,0,0.09,-0.99,272.812
01:33.2,24,0.79,15.4291135,75.0159094,708.8,0.1567323,139.3987,17.42,24.69,0.72,0.000193955,-0.002092482,0.002048087,-0.17983495,-0.004940596,-9.7901985,-0.09042303,0.05540723,0.06343763,0.06810005,0,0.09,-0.99,272.81
01:33.2,24,0.79,15.42911347,75.01590941,708.802,0.15588101,139.86462,17.409,24.675,0.72,-0.001829178,-0.00272261,0.003241129,-0.1743255,-0.007872075,-9.794998,-0.132243684,0.045930878,0.052500993,0.056295801,0,0.09,-0.99,272.81
01:33.2,24,0.79,15.42911344,75.01590942,708.804,0.15502972,140.33054,17.398,24.66,0.72,-0.000367706,-0.004460609,0.001614181,-0.17449335,-0.010236808,-9.8028305,-0.174064338,0.036454527,0.041564356,0.044491551,0,0.09,-0.99,272.81
01:33.3,24,0.79,15.42911341,75.01590943,708.806,0.15417843,140.79646,17.387,24.645,0.72,0.001093766,-0.006198607,-1.28E-05,-0.1746612,-0.01260154,-9.810663,-0.215884992,0.026978175,0.030627718,0.032687302,0,0.09,-0.99,272.81
01:33.3,24,0.79,15.42911338,75.01590944,708.808,0.15332714,141.26238,17.376,24.63,0.72,0.0010618,-0.006157356,-0.000146639,-0.17277,-0.014941705,-9.813842,-0.257705646,0.017501824,0.019691081,0.020883052,0,0.09,-0.99,272.81
01:33.3,24,0.79,15.42911335,75.01590945,708.81,0.15247585,141.7283,17.365,24.615,0.72,0.001029834,-0.006116105,-0.000280509,-0.1708788,-0.01728187,-9.817021,-0.2995263,0.008025472,0.008754444,0.009078803,0,0.09,-0.99,272.81
01:33.3,24,0.79,15.42911332,75.01590946,708.812,0.15162456,142.19422,17.354,24.6,0.72,0.000758693,-0.005830841,-5.02E-05,-0.1714981,-0.016445755,-9.8161655,-0.28370226,0.008023855,0.008771668,0.008868448,0,0.09,-0.99,272.81
01:33.3,24,0.79,15.42911329,75.01590947,708.814,0.15077327,142.66014,17.343,24.585,0.72,0.000487552,-0.005545578,0.000180156,-0.1721174,-0.01560964,-9.81531,-0.26787822,0.008022239,0.008788892,0.008658093,0,0.09,-0.99,272.81
01:33.4,24,0.79,15.42911326,75.01590948,708.816,0.14992198,143.12606,17.332,24.57,0.72,0.000628799,-0.005781421,6.40E-05,-0.17093235,-0.0159416,-9.8141615,-0.25205418,0.008020622,0.008806115,0.008447738,0,0.09,-0.99,272.81
01:33.4,24,0.79,15.42911323,75.01590949,708.818,0.14907069,143.59198,17.321,24.555,0.72,0.000770047,-0.006017264,-5.22E-05,-0.1697473,-0.01627356,-9.813013,-0.23623014,0.008019006,0.008823339,0.008237383,0,0.09,-0.99,272.81
01:33.4,24,0.79,15.4291132,75.0159095,708.82,0.1482194,144.0579,17.31,24.54,0.72,0.001262221,-0.005702015,-0.000121862,-0.17216805,-0.017419775,-9.813671,-0.2204061,0.008017389,0.008840563,0.008027028,0,0.09,-0.99,272.81
01:33.4,24,0.79,15.42911314,75.01590952,708.832,0.15092059,145.68453,17.298,24.525,0.723,0.001754395,-0.005386766,-0.000191542,-0.1745888,-0.01856599,-9.814329,-0.24979358,0.007966051,0.00871865,0.008111478,0,0.09,-0.99,272.808
01:33.4,24,0.79,15.42911308,75.01590954,708.844,0.15362178,147.31116,17.286,24.51,0.726,0.001001101,-0.005436654,-0.000445204,-0.17243215,-0.017665455,-9.8151175,-0.27918106,0.007914714,0.008596738,0.008195929,0,0.09,-0.99,272.806
01:33.5,24,0.79,15.42911302,75.01590956,708.856,0.15632297,148.93779,17.274,24.495,0.729,0.000247806,-0.005486542,-0.000698867,-0.1702755,-0.01676492,-9.815906,-0.30856854,0.007863376,0.008474825,0.008280379,0,0.09,-0.99,272.804
01:33.5,24,0.79,15.42911296,75.01590958,708.868,0.15902416,150.56442,17.262,24.48,0.732,0.000498372,-0.004781216,0.000690998,-0.17044645,-0.015445825,-9.815093,-0.33795602,0.007812039,0.008352913,0.00836483,0,0.09,-0.99,272.802
01:33.5,24,0.79,15.4291129,75.0159096,708.88,0.16172535,152.19105,17.25,24.465,0.735,0.000748938,-0.004075891,0.002080862,-0.1706174,-0.01412673,-9.81428,-0.3673435,0.007760701,0.008231,0.00844928,0,0.09,-0.99,272.8
01:33.5,24,0.79,15.42911284,75.01590962,708.892,0.16442654,153.81768,17.238,24.45,0.738,0.000650384,-0.003896993,0.001390188,-0.17100235,-0.01578468,-9.814535,-0.33569544,0.007968424,0.008311257,0.008632253,0,0.09,-0.99,272.8
01:33.5,24,0.79,15.42911278,75.01590964,708.904,0.16712773,155.44431,17.226,24.435,0.741,0.000551831,-0.003718095,0.000699514,-0.1713873,-0.01744263,-9.81479,-0.30404738,0.008176147,0.008391514,0.008815226,0,0.09,-0.99,272.8
01:33.6,24,0.79,15.42911272,75.01590966,708.916,0.16982892,157.07094,17.214,24.42,0.744,0.000564892,-0.001471926,0.000123486,-0.1784328,-0.01499509,-9.8116665,-0.27239932,0.008383871,0.008471772,0.0089982,0,0.09,-0.99,272.8
01:33.6,24,0.79,15.42911266,75.01590968,708.928,0.17253011,158.69757,17.202,24.405,0.747,0.000577954,0.000774242,-0.000452542,-0.1854783,-0.01254755,-9.808543,-0.24075126,0.008591594,0.008552029,0.009181173,0,0.09,-0.99,272.8
01:33.6,24,0.79,15.4291126,75.0159097,708.94,0.1752313,160.3242,17.19,24.39,0.75,0.000788752,-0.001772309,0.000244083,-0.18006115,-0.01252198,-9.8113705,-0.2091032,0.008799317,0.008632286,0.009364146,0,0.09,-0.99,272.8
01:33.6,24,0.79,15.42911258,75.01590968,708.943,0.16281209,171.06721,17.176,24.373,0.74,0.00099955,-0.004318861,0.000940708,-0.174644,-0.01249641,-9.814198,-0.21136378,0.008733137,0.008771259,0.009385332,0,0.09,-0.99,272.8
01:33.6,24,0.79,15.42911256,75.01590966,708.946,0.15039288,181.81022,17.162,24.356,0.73,0.000785047,-0.005097143,0.000736379,-0.17253345,-0.013989065,-9.814917,-0.21362436,0.008666958,0.008910232,0.009406518,0,0.09,-0.99,272.8
01:33.7,24,0.79,15.42911254,75.01590964,708.949,0.13797367,192.55323,17.148,24.339,0.72,0.000570544,-0.005875424,0.00053205,-0.1704229,-0.01548172,-9.815636,-0.21588494,0.008600778,0.009049205,0.009427705,0,0.09,-0.99,272.8
01:33.7,24,0.79,15.42911252,75.01590962,708.952,0.12555446,203.29624,17.134,24.322,0.71,0.0009853,-0.005656517,0.000302309,-0.1697936,-0.01467732,-9.81619,-0.21814552,0.008534599,0.009188178,0.009448891,0,0.09,-0.99,272.8
01:33.7,24,0.79,15.4291125,75.0159096,708.955,0.11313525,214.03925,17.12,24.305,0.7,0.001400056,-0.005437609,7.26E-05,-0.1691643,-0.01387292,-9.816744,-0.2204061,0.008468419,0.009327151,0.009470077,0,0.09,-0.99,272.8
01:33.7,24,0.79,15.42911248,75.01590958,708.958,0.10071604,224.78226,17.106,24.288,0.69,-0.001423465,-0.004976638,5.80E-05,-0.1697258,-0.013000955,-9.80704,-0.21023352,0.008378176,0.009545787,0.009537002,0,0.09,-0.99,272.8
01:33.7,24,0.79,15.42911246,75.01590956,708.961,0.08829683,235.52527,17.092,24.271,0.68,-0.004246986,-0.004515666,4.35E-05,-0.1702873,-0.01212899,-9.797336,-0.20006094,0.008287934,0.009764423,0.009603928,0,0.09,-0.99,272.8
01:33.8,24,0.79,15.42911244,75.01590954,708.964,0.07587762,246.26828,17.078,24.254,0.67,-0.000496558,-0.003093725,-0.00053993,-0.17290955,-0.00936724,-9.793561,-0.18988836,0.008197691,0.009983058,0.009670853,0,0.09,-0.99,272.8
01:33.8,24,0.79,15.42911242,75.01590952,708.967,0.06345841,257.01129,17.064,24.237,0.66,0.00325387,-0.001671784,-0.001123374,-0.1755318,-0.00660549,-9.789786,-0.17971578,0.008107449,0.010201694,0.009737779,0,0.09,-0.99,272.8
01:33.8,24,0.79,15.4291124,75.0159095,708.97,0.0510392,267.7543,17.05,24.22,0.65,0.001717788,-0.003125618,-0.00049152,-0.1738633,-0.01226616,-9.8023705,-0.1695432,0.008017206,0.01042033,0.009804704,0,0.09,-0.99,272.8
01:33.8,24,0.79,15.4291124,75.01590949,708.969,0.05644623,252.09827,17.043,24.21,0.652,0.000181706,-0.004579452,0.000140335,-0.1721948,-0.01792683,-9.814955,-0.17971578,0.017408835,0.021466342,0.022056827,0,0.09,-0.99,272.8
01:33.8,24,0.79,15.4291124,75.01590948,708.968,0.06185326,236.44224,17.036,24.2,0.654,0.000898866,-0.00538385,0.000602734,-0.17235335,-0.014195755,-9.812829,-0.18988836,0.026800464,0.032512354,0.03430895,0,0.09,-0.99,272.8
01:33.9,24,0.79,15.4291124,75.01590947,708.967,0.06726029,220.78621,17.029,24.19,0.656,0.001616026,-0.006188247,0.001065133,-0.1725119,-0.01046468,-9.810703,-0.20006094,0.036192092,0.043558366,0.046561074,0,0.09,-0.99,272.8
01:33.9,24,0.79,15.4291124,75.01590946,708.966,0.07266732,205.13018,17.022,24.18,0.658,0.001528223,-0.005548046,0.000773215,-0.169827,-0.015160605,-9.813854,-0.21023352,0.045583721,0.054604378,0.058813197,0,0.09,-0.99,272.8
01:33.9,24,0.79,15.4291124,75.01590945,708.965,0.07807435,189.47415,17.015,24.17,0.66,0.00144042,-0.004907845,0.000481297,-0.1671421,-0.01985653,-9.817005,-0.2204061,0.05497535,0.06565039,0.07106532,0,0.09,-0.99,272.8
01:33.9,24,0.79,15.4291124,75.01590944,708.964,0.08348138,173.81812,17.008,24.16,0.662,0.001445002,-0.004992379,0.000159888,-0.1676214,-0.01759583,-9.819385,-0.181976318,0.045691351,0.054574574,0.059245784,0,0.09,-0.99,272.798
01:33.9,24,0.79,15.4291124,75.01590943,708.963,0.08888841,158.16209,17.001,24.15,0.664,0.001449583,-0.005076913,-0.000161521,-0.1681007,-0.01533513,-9.821765,-0.143546536,0.036407352,0.043498758,0.047426248,0,0.09,-0.99,272.796
01:34.0,24,0.79,15.4291124,75.01590942,708.962,0.09429544,142.50606,16.994,24.14,0.666,0.001359846,-0.004887299,0.000244343,-0.1690495,-0.013510395,-9.8193055,-0.105116754,0.027123354,0.032422942,0.035606712,0,0.09,-0.99,272.794
01:34.0,24,0.79,15.4291124,75.01590941,708.961,0.09970247,126.85003,16.987,24.13,0.668,0.001270109,-0.004697684,0.000650207,-0.1699983,-0.01168566,-9.816846,-0.066686972,0.017839355,0.021347126,0.023787176,0,0.09,-0.99,272.792
01:34.0,24,0.79,15.4291124,75.0159094,708.96,0.1051095,111.194,16.98,24.12,0.67,0.000234422,0.001822678,0.001144524,-0.17343955,-0.005545738,-9.810673,-0.02825719,0.008555356,0.01027131,0.01196764,0,0.09,-0.99,272.79
01:34.0,24,0.79,15.42911237,75.01590941,708.966,0.10615061,120.15343,16.972,24.11,0.678,-0.000801264,0.00834304,0.001638841,-0.1768808,0.000594184,-9.8045,-0.067817272,0.008882597,0.010326452,0.012239966,0,0.09,-0.99,272.79
01:34.0,24,0.79,15.42911234,75.01590942,708.972,0.10719172,129.11286,16.964,24.1,0.686,-0.000434144,0.001772402,0.000411292,-0.17368445,-0.007697758,-9.809686,-0.107377354,0.009209838,0.010381594,0.012512292,0,0.09,-0.99,272.79
01:34.1,24,0.79,15.42911231,75.01590943,708.978,0.10823283,138.07229,16.956,24.09,0.694,-6.70E-05,-0.004798236,-0.000816256,-0.1704881,-0.0159897,-9.814872,-0.146937436,0.009537078,0.010436736,0.012784618,0,0.09,-0.99,272.79
01:34.1,24,0.79,15.42911228,75.01590944,708.984,0.10927394,147.03172,16.948,24.08,0.702,0.000169454,-0.004374685,0.000237251,-0.1710193,-0.014763825,-9.8147845,-0.186497518,0.009864319,0.010491878,0.013056944,0,0.09,-0.99,272.79
01:34.1,24,0.79,15.42911225,75.01590945,708.99,0.11031505,155.99115,16.94,24.07,0.71,0.000405932,-0.003951133,0.001290759,-0.1715505,-0.01353795,-9.814697,-0.2260576,0.01019156,0.01054702,0.01332927,0,0.09,-0.99,272.79
01:34.1,24,0.79,15.42911222,75.01590946,708.996,0.11135616,164.95058,16.932,24.06,0.718,0.000546511,-0.005037653,0.000368727,-0.170354,-0.0147623,-9.8161745,-0.21362442,0.01040285,0.010865634,0.013690984,0,0.09,-0.99,272.79
01:34.1,24,0.79,15.42911219,75.01590947,709.002,0.11239727,173.91001,16.924,24.05,0.726,0.000687089,-0.006124173,-0.000553304,-0.1691575,-0.01598665,-9.817652,-0.20119124,0.01061414,0.011184248,0.014052698,0,0.09,-0.99,272.79
01:34.2,24,0.79,15.42911216,75.01590948,709.008,0.11343838,182.86944,16.916,24.04,0.734,0.000743891,-0.000557669,-0.000651435,-0.176309,-0.008339343,-9.8059575,-0.18875806,0.01082543,0.011502862,0.014414412,0,0.09,-0.99,272.79
01:34.2,24,0.79,15.42911213,75.01590949,709.014,0.11447949,191.82887,16.908,24.03,0.742,0.000800693,0.005008835,-0.000749566,-0.1834605,-0.000692036,-9.794263,-0.17632488,0.01103672,0.011821476,0.014776126,0,0.09,-0.99,272.79
01:34.2,24,0.79,15.4291121,75.0159095,709.02,0.1155206,200.7883,16.9,24.02,0.75,0.001178037,-0.000996098,-0.000581346,-0.17697665,-0.005432868,-9.8060915,-0.1638917,0.01124801,0.01214009,0.01513784,0,0.09,-0.99,272.79
01:34.2,24,0.79,15.42911207,75.01590948,709.021,0.11450657,199.63783,16.89,24.007,0.752,0.001555381,-0.007001031,-0.000413125,-0.1704928,-0.0101737,-9.81792,-0.146937388,0.011132284,0.012212736,0.014897394,0,0.09,-0.99,272.788
01:34.2,24,0.79,15.42911204,75.01590946,709.022,0.11349254,198.48736,16.88,23.994,0.754,0.000700012,-0.006038263,-0.000421536,-0.17326115,-0.012117155,-9.8196305,-0.129983076,0.011016558,0.012285382,0.014656948,0,0.09,-0.99,272.786
01:34.3,24,0.79,15.42911201,75.01590944,709.023,0.11247851,197.33689,16.87,23.981,0.756,-0.000155358,-0.005075494,-0.000429946,-0.1760295,-0.01406061,-9.821341,-0.113028764,0.010900832,0.012358028,0.014416502,0,0.09,-0.99,272.784
01:34.3,24,0.79,15.42911198,75.01590942,709.024,0.11146448,196.18642,16.86,23.968,0.758,0.000798223,-0.005775282,0.000319975,-0.1707635,-0.015773375,-9.8180915,-0.096074452,0.010785106,0.012430674,0.014176056,0,0.09,-0.99,272.782
01:34.3,24,0.79,15.42911195,75.0159094,709.025,0.11045045,195.03595,16.85,23.955,0.76,0.001751803,-0.006475069,0.001069897,-0.1654975,-0.01748614,-9.814842,-0.07912014,0.01066938,0.01250332,0.01393561,0,0.09,-0.99,272.78
01:34.3,24,0.79,15.42911192,75.01590938,709.026,0.10943642,193.88548,16.84,23.942,0.762,0.000926192,-0.006262757,0.001046059,-0.16661145,-0.01778865,-9.8158705,-0.110768192,0.010828664,0.012591692,0.013603418,0,0.09,-0.99,272.78
01:34.3,24,0.79,15.42911189,75.01590936,709.027,0.10842239,192.73501,16.83,23.929,0.764,0.00010058,-0.006050445,0.00102222,-0.1677254,-0.01809116,-9.816899,-0.142416244,0.010987948,0.012680064,0.013271226,0,0.09,-0.99,272.78
01:34.4,24,0.79,15.42911186,75.01590934,709.028,0.10740836,191.58454,16.82,23.916,0.766,0.000751028,-0.003042246,0.002100375,-0.1713027,-0.011640432,-9.808686,-0.174064296,0.011147232,0.012768436,0.012939034,0,0.09,-0.99,272.78
01:34.4,24,0.79,15.42911183,75.01590932,709.029,0.10639433,190.43407,16.81,23.903,0.768,0.001401476,-3.40E-05,0.003178529,-0.17488,-0.005189705,-9.800473,-0.205712348,0.011306516,0.012856808,0.012606842,0,0.09,-0.99,272.78
01:34.4,24,0.79,15.4291118,75.0159093,709.03,0.1053803,189.2836,16.8,23.89,0.77,0.001752719,-0.002832066,0.00150843,-0.1742289,-0.009905718,-9.8082815,-0.2373604,0.0114658,0.01294518,0.01227465,0,0.09,-0.99,272.78
01:34.4,24,0.79,15.42911178,75.01590928,709.03,0.10842793,189.89185,16.791,23.88,0.782,0.002103962,-0.005630084,-0.000161669,-0.1735778,-0.01462173,-9.81609,-0.24866328,0.011694608,0.013033214,0.012456118,0,0.09,-0.992,272.78
01:34.4,24,0.79,15.42911176,75.01590926,709.03,0.11147556,190.5001,16.782,23.87,0.794,0.001395692,-0.005166903,0.000148572,-0.1697082,-0.015393625,-9.816391,-0.25996616,0.011923416,0.013121248,0.012637586,0,0.09,-0.994,272.78
01:34.5,24,0.79,15.42911174,75.01590924,709.03,0.11452319,191.10835,16.773,23.86,0.806,0.000687422,-0.004703721,0.000458812,-0.1658386,-0.01616552,-9.816692,-0.27126904,0.012152224,0.013209282,0.012819054,0,0.09,-0.996,272.78
01:34.5,24,0.79,15.42911172,75.01590922,709.03,0.11757082,191.7166,16.764,23.85,0.818,0.001152237,-0.005613179,0.000472977,-0.1689015,-0.01407832,-9.818013,-0.28257192,0.012381032,0.013297316,0.013000522,0,0.09,-0.998,272.78
01:34.5,24,0.79,15.4291117,75.0159092,709.03,0.12061845,192.32485,16.755,23.84,0.83,0.001617052,-0.006522636,0.000487142,-0.1719644,-0.01199112,-9.819334,-0.2938748,0.01260984,0.01338535,0.01318199,0,0.09,-1,272.78
01:34.5,24,0.79,15.42911168,75.01590918,709.03,0.12366608,192.9331,16.746,23.83,0.842,0.000271512,-0.001926815,0.000437225,-0.1738185,-0.01462045,-9.8168955,-0.29726568,0.02202873,0.024254928,0.025499696,0,0.09,-1,272.78
01:34.5,24,0.79,15.42911166,75.01590916,709.03,0.12671371,193.54135,16.737,23.82,0.854,-0.001074029,0.002669006,0.000387307,-0.1756726,-0.01724978,-9.814457,-0.30065656,0.03144762,0.035124506,0.037817402,0,0.09,-1,272.78
01:34.6,24,0.79,15.42911164,75.01590914,709.03,0.12976134,194.1496,16.728,23.81,0.866,-0.000428846,-0.002230815,-0.00057855,-0.1750684,-0.010583073,-9.809315,-0.30404744,0.04086651,0.045994084,0.050135108,0,0.09,-1,272.78
01:34.6,24,0.79,15.42911162,75.01590912,709.03,0.13280897,194.75785,16.719,23.8,0.878,0.000216337,-0.007130636,-0.001544406,-0.1744642,-0.003916366,-9.804173,-0.30743832,0.0502854,0.056863662,0.062452814,0,0.09,-1,272.78
01:34.6,24,0.79,15.4291116,75.0159091,709.03,0.1358566,195.3661,16.71,23.79,0.89,0.001061253,-0.006450886,-0.000595185,-0.17584455,-0.008865833,-9.809485,-0.3108292,0.05970429,0.06773324,0.07477052,0,0.09,-1,272.78
01:34.6,24,0.79,15.42911158,75.01590908,709.031,0.130883722,201.28064,16.701,23.778,0.865,0.001906169,-0.005771135,0.000354037,-0.1772249,-0.0138153,-9.814797,-0.29839602,0.050103982,0.056658714,0.062473788,0,0.09,-1,272.778
01:34.6,24,0.79,15.42911156,75.01590906,709.032,0.125910844,207.19518,16.692,23.766,0.84,0.002151126,-0.005769704,0.000391688,-0.17070255,-0.01280202,-9.8164665,-0.28596284,0.040503674,0.045584188,0.050177056,0,0.09,-1,272.776
01:34.7,24,0.79,15.42911154,75.01590904,709.033,0.120937966,213.10972,16.683,23.754,0.815,0.002396083,-0.005768273,0.000429339,-0.1641802,-0.01178874,-9.818136,-0.27352966,0.030903366,0.034509662,0.037880324,0,0.09,-1,272.774
01:34.7,24,0.79,15.42911152,75.01590902,709.034,0.115965088,219.02426,16.674,23.742,0.79,0.001443759,-0.006210788,0.000579541,-0.16815605,-0.013766455,-9.81733,-0.26109648,0.021303058,0.023435136,0.025583592,0,0.09,-1,272.772
01:34.7,24,0.79,15.4291115,75.015909,709.035,0.11099221,224.9388,16.665,23.73,0.765,0.000491436,-0.006653303,0.000729743,-0.1721319,-0.01574417,-9.816524,-0.2486633,0.01170275,0.01236061,0.01328686,0,0.09,-1,272.77
01:34.7,24,0.79,15.42911148,75.01590898,709.036,0.106019332,230.85334,16.656,23.718,0.74,0.000684617,-0.005890868,0.001064558,-0.1689468,-0.01418466,-9.817509,-0.26335704,0.01161511,0.012051388,0.013082848,0,0.09,-1,272.77
01:34.7,24,0.79,15.42911146,75.01590896,709.037,0.101046454,236.76788,16.647,23.706,0.715,0.000877798,-0.005128432,0.001399373,-0.1657617,-0.01262515,-9.818494,-0.27805078,0.01152747,0.011742166,0.012878836,0,0.09,-1,272.77
01:34.8,24,0.79,15.42911144,75.01590894,709.038,0.096073576,242.68242,16.638,23.694,0.69,0.00063409,-0.003160406,-0.00061752,-0.17880795,-0.01752798,-9.80843,-0.29274452,0.01143983,0.011432944,0.012674824,0,0.09,-1,272.77
01:34.8,24,0.79,15.42911142,75.01590892,709.039,0.091100698,248.59696,16.629,23.682,0.665,0.000390382,-0.00119238,-0.002634413,-0.1918542,-0.02243081,-9.798366,-0.30743826,0.01135219,0.011123722,0.012470812,0,0.09,-1,272.77
01:34.8,24,0.79,15.4291114,75.0159089,709.04,0.08612782,254.5115,16.62,23.67,0.64,0.001232811,-0.003435025,-0.001062902,-0.1798438,-0.018287125,-9.8091295,-0.322132,0.01126455,0.0108145,0.0122668,0,0.09,-1,272.77
01:34.8,24,0.79,15.4291114,75.01590891,709.044,0.097617028,236.912587,16.614,23.66,0.648,0.00207524,-0.005677669,0.000508609,-0.1678334,-0.01414344,-9.819893,-0.28935366,0.011366154,0.010597506,0.01228754,0,0.09,-1,272.77
01:34.8,24,0.79,15.4291114,75.01590892,709.048,0.109106236,219.313674,16.608,23.65,0.656,0.001179782,-0.005920636,0.001143822,-0.1700733,-0.01640211,-9.81855,-0.25657532,0.011467758,0.010380512,0.01230828,0,0.09,-1,272.77
01:34.9,24,0.79,15.4291114,75.01590893,709.052,0.120595444,201.714761,16.602,23.64,0.664,0.000284325,-0.006163603,0.001779034,-0.1723132,-0.01866078,-9.817207,-0.22379698,0.011569362,0.010163519,0.01232902,0,0.09,-1,272.77
01:34.9,24,0.79,15.4291114,75.01590894,709.056,0.132084652,184.115848,16.596,23.63,0.672,0.000853423,-0.006142029,0.000601717,-0.1690343,-0.016449605,-9.817455,-0.19101864,0.011670966,0.009946525,0.01234976,0,0.09,-1,272.77
01:34.9,24,0.79,15.4291114,75.01590895,709.06,0.14357386,166.516935,16.59,23.62,0.68,0.001422521,-0.006120454,-0.000575601,-0.1657554,-0.01423843,-9.817703,-0.1582403,0.01177257,0.009729531,0.0123705,0,0.09,-1,272.77
01:34.9,24,0.79,15.4291114,75.01590896,709.064,0.155063068,148.918022,16.584,23.61,0.688,0.001123936,-0.005043595,-0.000313749,-0.1718019,-0.014685595,-9.8167895,-0.21588498,0.011481766,0.009787903,0.012416046,0,0.09,-1,272.77
01:34.9,24,0.79,15.4291114,75.01590897,709.068,0.166552276,131.319109,16.578,23.6,0.696,0.000825351,-0.003966737,-5.19E-05,-0.1778484,-0.01513276,-9.815876,-0.27352966,0.011190962,0.009846275,0.012461592,0,0.09,-1,272.77
01:35.0,24,0.79,15.4291114,75.01590898,709.072,0.178041484,113.720196,16.572,23.59,0.704,0.001181653,-0.001999067,-0.001848885,-0.18007065,-0.009847153,-9.809889,-0.33117434,0.010900158,0.009904646,0.012507138,0,0.09,-1,272.77
01:35.0,24,0.79,15.4291114,75.01590899,709.076,0.189530692,96.121283,16.566,23.58,0.712,0.001537955,-3.14E-05,-0.003645872,-0.1822929,-0.004561545,-9.803902,-0.38881902,0.010609354,0.009963018,0.012552684,0,0.09,-1,272.77
01:35.0,24,0.79,15.4291114,75.015909,709.08,0.2010199,78.52237,16.56,23.57,0.72,0.001414552,-0.003689107,-0.001482478,-0.1782062,-0.010768083,-9.8102325,-0.4464637,0.01031855,0.01002139,0.01259823,0,0.09,-1,272.77
01:35.0,24,0.79,15.42911137,75.01590902,709.083,0.19951737,86.690243,16.547,23.555,0.728,0.001291149,-0.007346817,0.000680916,-0.1741195,-0.01697462,-9.816563,-0.43855168,0.010158147,0.009932121,0.012445946,0,0.09,-1,272.768
01:35.0,24,0.79,15.42911134,75.01590904,709.086,0.19801484,94.858116,16.534,23.54,0.736,0.000804742,-0.005882327,6.79E-06,-0.170478,-0.016827665,-9.8152525,-0.43063966,0.009997744,0.009842851,0.012293662,0,0.09,-1,272.766
01:35.1,24,0.79,15.42911131,75.01590906,709.089,0.19651231,103.025989,16.521,23.525,0.744,0.000318334,-0.004417837,-0.000667338,-0.1668365,-0.01668071,-9.813942,-0.42272764,0.009837342,0.009753582,0.012141378,0,0.09,-1,272.764
01:35.1,24,0.79,15.42911128,75.01590908,709.092,0.19500978,111.193862,16.508,23.51,0.752,0.000481006,-0.004433341,-0.000195875,-0.1680947,-0.014587795,-9.8148085,-0.41481562,0.009676939,0.009664312,0.011989094,0,0.09,-1,272.762
01:35.1,24,0.79,15.42911125,75.0159091,709.095,0.19350725,119.361735,16.495,23.495,0.76,0.000643678,-0.004448844,0.000275587,-0.1693529,-0.01249488,-9.815675,-0.4069036,0.009516536,0.009575043,0.01183681,0,0.09,-1,272.76
01:35.1,24,0.79,15.42911122,75.01590912,709.098,0.19200472,127.529608,16.482,23.48,0.768,0.001017682,-0.004685593,0.000132709,-0.1707878,-0.01500627,-9.816077,-0.40577332,0.009625977,0.009703164,0.011867216,0,0.09,-1,272.76
01:35.1,24,0.79,15.42911119,75.01590914,709.101,0.19050219,135.697481,16.469,23.465,0.776,0.001391686,-0.004922342,-1.02E-05,-0.1722227,-0.01751766,-9.816479,-0.40464304,0.009735418,0.009831286,0.011897622,0,0.09,-1,272.76
01:35.2,24,0.79,15.42911116,75.01590916,709.104,0.18899966,143.865354,16.456,23.45,0.784,-0.001135848,0.001148216,-9.53E-05,-0.1775623,-0.006337593,-9.81101,-0.40351276,0.009844858,0.009959407,0.011928028,0,0.09,-1,272.76
01:35.2,24,0.79,15.42911113,75.01590918,709.107,0.18749713,152.033227,16.443,23.435,0.792,-0.003663382,0.007218773,-0.000180505,-0.1829019,0.004842475,-9.805541,-0.40238248,0.009954299,0.010087529,0.011958434,0,0.09,-1,272.76
01:35.2,24,0.79,15.4291111,75.0159092,709.11,0.1859946,160.2011,16.43,23.42,0.8,-0.000925294,0.001510231,1.67E-05,-0.1764947,-0.004339853,-9.8092395,-0.4012522,0.01006374,0.01021565,0.01198884,0,0.09,-1,272.76
01:35.2,24.1,0.783,15.42911107,75.01590922,709.118,0.167711368,160.33749,16.42,23.407,0.788,0.001812795,-0.00419831,0.00021382,-0.1700875,-0.01352218,-9.812938,-0.38090702,0.009886364,0.010005837,0.012097894,0,0.09,-1,272.76
01:35.2,24.2,0.776,15.42911104,75.01590924,709.126,0.149428136,160.47388,16.41,23.394,0.776,0.001520396,-0.005269478,0.000323629,-0.17021295,-0.01474946,-9.815797,-0.36056184,0.009708988,0.009796024,0.012206948,0,0.09,-1,272.76
01:35.3,24.3,0.769,15.42911101,75.01590926,709.134,0.131144903,160.61027,16.4,23.381,0.764,0.001227996,-0.006340646,0.000433438,-0.1703384,-0.01597674,-9.818656,-0.34021666,0.009531611,0.009586212,0.012316002,0,0.09,-1,272.76
01:35.3,24.4,0.762,15.42911098,75.01590928,709.142,0.112861671,160.74666,16.39,23.368,0.752,0.000717064,-0.00540465,-3.78E-05,-0.1706719,-0.015876295,-9.8188445,-0.31987148,0.009354235,0.009376399,0.012425056,0,0.09,-1,272.76
01:35.3,24.5,0.755,15.42911095,75.0159093,709.15,0.094578439,160.88305,16.38,23.355,0.74,0.000206132,-0.004468654,-0.000508957,-0.1710054,-0.01577585,-9.819033,-0.2995263,0.009176859,0.009166586,0.01253411,0,0.09,-1,272.76
01:35.3,24.6,0.748,15.42911092,75.01590932,709.158,0.076295207,161.01944,16.37,23.342,0.728,0.000427685,-0.005229025,-0.000711007,-0.171138,-0.013858965,-9.8175945,-0.2995263,0.019001565,0.021116671,0.02466437,0,0.09,-1,272.758
01:35.3,24.7,0.741,15.42911089,75.01590934,709.166,0.058011975,161.15583,16.36,23.329,0.716,0.000649238,-0.005989395,-0.000913056,-0.1712706,-0.01194208,-9.816156,-0.2995263,0.028826271,0.033066756,0.03679463,0,0.09,-1,272.756
01:35.4,24.8,0.734,15.42911086,75.01590936,709.174,0.039728742,161.29222,16.35,23.316,0.704,0.001007466,-0.006091375,-0.000419525,-0.17034395,-0.01343767,-9.815507,-0.2995263,0.038650978,0.04501684,0.04892489,0,0.09,-1,272.754
01:35.4,24.9,0.727,15.42911083,75.01590938,709.182,0.02144551,161.42861,16.34,23.303,0.692,0.001365695,-0.006193356,7.40E-05,-0.1694173,-0.01493326,-9.814858,-0.2995263,0.048475684,0.056966925,0.06105515,0,0.09,-1,272.752
01:35.4,25,0.72,15.4291108,75.0159094,709.19,0.003162278,161.565,16.33,23.29,0.68,0.000935982,-0.005769871,0.000392234,-0.1688073,-0.014174925,-9.8169525,-0.2995263,0.05830039,0.06891701,0.07318541,0,0.09,-1,272.75
01:35.4,25,0.72,15.42911079,75.0159094,709.19,0.01685498,163.20396,16.322,23.279,0.695,0.000506269,-0.005346386,0.000710461,-0.1681973,-0.01341659,-9.819047,-0.31082918,0.048549583,0.057296408,0.061082994,0,0.09,-1,272.75
01:35.4,25,0.72,15.42911078,75.0159094,709.19,0.030547682,164.84292,16.314,23.268,0.71,0.000326174,-0.005922685,0.000606475,-0.16926875,-0.0153392,-9.817207,-0.32213206,0.038798775,0.045675806,0.048980578,0,0.09,-1,272.75
01:35.5,25,0.72,15.42911077,75.0159094,709.19,0.044240385,166.48188,16.306,23.257,0.725,0.000146079,-0.006498984,0.000502488,-0.1703402,-0.01726181,-9.815367,-0.33343494,0.029047968,0.034055204,0.036878162,0,0.09,-1,272.75
01:35.5,25,0.72,15.42911076,75.0159094,709.19,0.057933087,168.12084,16.298,23.246,0.74,0.000112251,-0.005709738,0.000673116,-0.16823025,-0.01610118,-9.817324,-0.34473782,0.01929716,0.022434602,0.024775746,0,0.09,-1,272.75
01:35.5,25,0.72,15.42911075,75.0159094,709.19,0.071625789,169.7598,16.29,23.235,0.755,7.84E-05,-0.004920492,0.000843744,-0.1661203,-0.01494055,-9.819281,-0.3560407,0.009546353,0.010814,0.01267333,0,0.09,-1,272.75
01:35.5,25,0.72,15.42911074,75.0159094,709.19,0.085318491,171.39876,16.282,23.224,0.77,-3.77E-05,-0.003319468,0.000929206,-0.18093245,-0.009142313,-9.81878,-0.34812868,0.00986402,0.010658576,0.012472658,0,0.09,-1,272.75
01:35.5,25,0.72,15.42911073,75.0159094,709.19,0.099011193,173.03772,16.274,23.213,0.785,-0.000153907,-0.001718444,0.001014668,-0.1957446,-0.003344075,-9.818279,-0.34021666,0.010181688,0.010503152,0.012271986,0,0.09,-1,272.75
01:35.6,25,0.72,15.42911072,75.0159094,709.19,0.112703896,174.67668,16.266,23.202,0.8,-0.000400476,-0.000982208,-0.000803364,-0.19068255,-0.010527278,-9.8132115,-0.33230464,0.010499355,0.010347728,0.012071314,0,0.09,-1,272.75
01:35.6,25,0.72,15.42911071,75.0159094,709.19,0.126396598,176.31564,16.258,23.191,0.815,-0.000647045,-0.000245972,-0.002621395,-0.1856205,-0.01771048,-9.808144,-0.32439262,0.010817023,0.010192304,0.011870642,0,0.09,-1,272.75
01:35.6,25,0.72,15.4291107,75.0159094,709.19,0.1400893,177.9546,16.25,23.18,0.83,0.000409186,-0.003382744,-0.001301538,-0.18099015,-0.01850844,-9.813213,-0.3164806,0.01113469,0.01003688,0.01166997,0,0.09,-1,272.75
01:35.6,25,0.72,15.42911068,75.01590942,709.194,0.131281332,169.048968,16.242,23.169,0.818,0.001465417,-0.006519515,1.83E-05,-0.1763598,-0.0193064,-9.818282,-0.31082916,0.010841801,0.010302184,0.01165972,0,0.09,-1,272.75
01:35.6,25,0.72,15.42911066,75.01590944,709.198,0.122473364,160.143336,16.234,23.158,0.806,0.000857462,-0.005695815,0.000301117,-0.17066735,-0.015018775,-9.8189735,-0.30517772,0.010548912,0.010567488,0.01164947,0,0.09,-1,272.75
01:35.7,25,0.72,15.42911064,75.01590946,709.202,0.113665396,151.237704,16.226,23.147,0.794,0.000249507,-0.004872114,0.000583915,-0.1649749,-0.01073115,-9.819665,-0.29952628,0.010256022,0.010832792,0.01163922,0,0.09,-1,272.75
01:35.7,25,0.72,15.42911062,75.01590948,709.206,0.104857428,142.332072,16.218,23.136,0.782,0.000525875,-0.004931891,0.000222384,-0.16771975,-0.012118855,-9.819251,-0.29387484,0.009963133,0.011098096,0.01162897,0,0.09,-1,272.75
01:35.7,25,0.72,15.4291106,75.0159095,709.21,0.09604946,133.42644,16.21,23.125,0.77,0.000802244,-0.004991667,-0.000139147,-0.1704646,-0.01350656,-9.818837,-0.2882234,0.009670244,0.0113634,0.01161872,0,0.09,-1,272.75
01:35.7,25,0.72,15.42911058,75.01590952,709.214,0.087241492,124.520808,16.202,23.114,0.758,0.000955215,-0.004355785,-0.000113212,-0.1708101,-0.01205311,-9.8153995,-0.30178686,0.00961471,0.011359338,0.011696954,0,0.09,-1,272.75
01:35.7,25,0.72,15.42911056,75.01590954,709.218,0.078433524,115.615176,16.194,23.103,0.746,0.001108187,-0.003719902,-8.73E-05,-0.1711556,-0.01059966,-9.811962,-0.31535032,0.009559176,0.011355276,0.011775188,0,0.09,-1,272.75
01:35.8,25,0.72,15.42911054,75.01590956,709.222,0.069625556,106.709544,16.186,23.092,0.734,0.002890341,-0.001034992,-0.00048978,-0.18149585,-0.007467638,-9.805079,-0.32891378,0.009503641,0.011351214,0.011853422,0,0.09,-1,272.75
01:35.8,25,0.72,15.42911052,75.01590958,709.226,0.060817588,97.803912,16.178,23.081,0.722,0.004672494,0.001649918,-0.000892283,-0.1918361,-0.004335616,-9.798196,-0.34247724,0.009448107,0.011347152,0.011931656,0,0.09,-1,272.75
01:35.8,25,0.72,15.4291105,75.0159096,709.23,0.05200962,88.89828,16.17,23.07,0.71,0.002155754,-0.001309382,0.000279596,-0.1789316,-0.007558433,-9.8098125,-0.3560407,0.009392573,0.01134309,0.01200989,0,0.09,-1,272.75
01:35.8,25,0.72,15.42911049,75.0159096,709.232,0.052749197,101.618282,16.163,23.063,0.708,-0.000360987,-0.004268682,0.001451475,-0.1660271,-0.01078125,-9.821429,-0.33456522,0.009497782,0.01128443,0.011802026,0,0.09,-1.002,272.748
01:35.8,25,0.72,15.42911048,75.0159096,709.234,0.053488774,114.338284,16.156,23.056,0.706,0.0003532,-0.004422447,0.000968841,-0.170095,-0.01303169,-9.8193775,-0.31308974,0.009602991,0.01122577,0.011594162,0,0.09,-1.004,272.746
01:35.9,25,0.72,15.42911047,75.0159096,709.236,0.054228351,127.058286,16.149,23.049,0.704,0.001067387,-0.004576211,0.000486207,-0.1741629,-0.01528213,-9.817326,-0.29161426,0.0097082,0.01116711,0.011386298,0,0.09,-1.006,272.744
01:35.9,25,0.72,15.42911046,75.0159096,709.238,0.054967928,139.778288,16.142,23.042,0.702,0.000779277,-0.005154555,0.000613307,-0.1706869,-0.016118885,-9.8180275,-0.27013878,0.009813409,0.01110845,0.011178434,0,0.09,-1.008,272.742
01:35.9,25,0.72,15.42911045,75.0159096,709.24,0.055707505,152.49829,16.135,23.035,0.7,0.000491167,-0.005732899,0.000740407,-0.1672109,-0.01695564,-9.818729,-0.2486633,0.009918618,0.01104979,0.01097057,0,0.09,-1.01,272.74
01:35.9,25,0.72,15.42911044,75.0159096,709.242,0.056447082,165.218292,16.128,23.028,0.698,-0.000366421,-0.001272933,-6.00E-05,-0.17518325,-0.011853957,-9.819459,-0.27126906,0.010155378,0.011105518,0.011139416,0,0.09,-1.01,272.74
01:35.9,25,0.72,15.42911043,75.0159096,709.244,0.057186659,177.938294,16.121,23.021,0.696,-0.001224009,0.003187033,-0.000860472,-0.1831556,-0.006752273,-9.820189,-0.29387482,0.010392139,0.011161246,0.011308262,0,0.09,-1.01,272.74
01:36.0,25,0.72,15.42911042,75.0159096,709.246,0.057926236,190.658296,16.114,23.014,0.694,-0.001242377,0.000480331,0.001747324,-0.18037995,-0.011015337,-9.811463,-0.31648058,0.010628899,0.011216974,0.011477108,0,0.09,-1.01,272.74
01:36.0,25,0.72,15.42911041,75.0159096,709.248,0.058665813,203.378298,16.107,23.007,0.692,-0.001260744,-0.002226371,0.00435512,-0.1776043,-0.0152784,-9.802737,-0.33908634,0.01086566,0.011272702,0.011645954,0,0.09,-1.01,272.74
01:36.0,25,0.72,15.4291104,75.0159096,709.25,0.05940539,216.0983,16.1,23,0.69,0.000298927,-0.003174065,0.001554019,-0.1761653,-0.01661188,-9.80595,-0.3616921,0.01110242,0.01132843,0.0118148,0,0.09,-1.01,272.74
01:36.0,25,0.72,15.42911039,75.01590958,709.248,0.061031224,215.416,16.094,22.992,0.702,0.001858598,-0.004121759,-0.001247082,-0.1747263,-0.01794536,-9.809163,-0.37186468,0.02034628,0.02119679,0.023957758,0,0.09,-1.01,272.74
01:36.0,25,0.72,15.42911038,75.01590956,709.246,0.062657058,214.7337,16.088,22.984,0.714,0.00102878,-0.004433687,-0.001065706,-0.17219005,-0.015678045,-9.812644,-0.38203726,0.02959014,0.03106515,0.036100716,0,0.09,-1.01,272.74
01:36.1,25,0.72,15.42911037,75.01590954,709.244,0.064282892,214.0514,16.082,22.976,0.726,0.000198963,-0.004745615,-0.000884331,-0.1696538,-0.01341073,-9.816125,-0.39220984,0.038834,0.04093351,0.048243674,0,0.09,-1.01,272.74
01:36.1,25,0.72,15.42911036,75.01590952,709.242,0.065908726,213.3691,16.076,22.968,0.738,0.000359669,-0.004895063,-3.68E-05,-0.1711222,-0.01514456,-9.815571,-0.40238242,0.04807786,0.05080187,0.060386632,0,0.09,-1.01,272.74
01:36.1,25,0.72,15.42911035,75.0159095,709.24,0.06753456,212.6868,16.07,22.96,0.75,0.000520375,-0.00504451,0.000810782,-0.1725906,-0.01687839,-9.815017,-0.412555,0.05732172,0.06067023,0.07252959,0,0.09,-1.01,272.74
01:36.1,25,0.72,15.42911034,75.01590948,709.238,0.069160394,212.0045,16.064,22.952,0.762,0.000685251,-0.004988887,0.000970464,-0.17112665,-0.0139833,-9.816212,-0.40012184,0.057477238,0.062708638,0.072695164,0,0.09,-1.01,272.74
01:36.1,25,0.72,15.42911033,75.01590946,709.236,0.070786228,211.3222,16.058,22.944,0.774,0.000850127,-0.004933264,0.001130146,-0.1696627,-0.01108821,-9.817407,-0.38768868,0.057632756,0.064747046,0.072860738,0,0.09,-1.01,272.74
01:36.2,25,0.72,15.42911032,75.01590944,709.234,0.072412062,210.6399,16.052,22.936,0.786,-0.001071237,-0.002464096,-0.000298577,-0.176255,-0.01262888,-9.8120745,-0.37525552,0.057788274,0.066785454,0.073026312,0,0.09,-1.01,272.74
01:36.2,25,0.72,15.42911031,75.01590942,709.232,0.074037896,209.9576,16.046,22.928,0.798,-0.002992601,5.07E-06,-0.001727301,-0.1828473,-0.01416955,-9.806742,-0.36282236,0.057943792,0.068823862,0.073191886,0,0.09,-1.01,272.74
01:36.2,25,0.72,15.4291103,75.0159094,709.23,0.07566373,209.2753,16.04,22.92,0.81,-0.000880527,-0.002918769,-0.000711178,-0.17749895,-0.013338105,-9.808835,-0.3503892,0.05809931,0.07086227,0.07335746,0,0.09,-1.01,272.74
01:36.2,25,0.72,15.42911031,75.01590941,709.23,0.087100517,193.274559,16.034,22.912,0.81,0.001231547,-0.005842611,0.000304945,-0.1721506,-0.01250666,-9.810928,-0.298395966,0.048436607,0.058592608,0.060887296,0,0.09,-1.01,272.74
01:36.2,25,0.72,15.42911032,75.01590942,709.23,0.098537304,177.273818,16.028,22.904,0.81,0.0009696,-0.00560856,0.000401068,-0.1699948,-0.01635697,-9.814714,-0.246402732,0.038773904,0.046322946,0.048417132,0,0.09,-1.01,272.74
01:36.3,25,0.72,15.42911033,75.01590943,709.23,0.109974091,161.273077,16.022,22.896,0.81,0.000707653,-0.005374509,0.000497191,-0.167839,-0.02020728,-9.8185,-0.194409498,0.029111202,0.034053283,0.035946968,0,0.09,-1.01,272.74
01:36.3,25,0.72,15.42911034,75.01590944,709.23,0.121410878,145.272336,16.016,22.888,0.81,0.001089071,-0.004924947,0.000651132,-0.1691433,-0.017479515,-9.817949,-0.142416264,0.019448499,0.021783621,0.023476804,0,0.09,-1.01,272.74
01:36.3,25,0.72,15.42911035,75.01590945,709.23,0.132847665,129.271595,16.01,22.88,0.81,0.00147049,-0.004475385,0.000805072,-0.1704476,-0.01475175,-9.817398,-0.09042303,0.009785796,0.009513959,0.01100664,0,0.09,-1.01,272.74
01:36.3,25,0.72,15.42911036,75.01590946,709.23,0.144284452,113.270854,16.004,22.872,0.81,5.54E-05,-0.003383969,0.000672823,-0.1760997,-0.017830725,-9.8099075,-0.148067704,0.009644475,0.009551715,0.010829648,0,0.092,-1.01,272.738
01:36.3,25,0.72,15.42911037,75.01590947,709.23,0.155721239,97.270113,15.998,22.864,0.81,-0.001359697,-0.002292553,0.000540573,-0.1817518,-0.0209097,-9.802417,-0.205712378,0.009503154,0.00958947,0.010652656,0,0.094,-1.01,272.736
01:36.4,25,0.72,15.42911038,75.01590948,709.23,0.167158026,81.269372,15.992,22.856,0.81,-0.000144389,-0.004174557,0.000136545,-0.17598595,-0.014249849,-9.806987,-0.263357052,0.009361834,0.009627226,0.010475664,0,0.096,-1.01,272.734
01:36.4,25,0.72,15.42911039,75.01590949,709.23,0.178594813,65.268631,15.986,22.848,0.81,0.00107092,-0.00605656,-0.000267483,-0.1702201,-0.007589997,-9.811557,-0.321001726,0.009220513,0.009664981,0.010298672,0,0.098,-1.01,272.732
01:36.4,25,0.72,15.4291104,75.0159095,709.23,0.1900316,49.26789,15.98,22.84,0.81,0.001233615,-0.005444809,-2.02E-05,-0.1686515,-0.012620419,-9.81436,-0.3786464,0.009079192,0.009702737,0.01012168,0,0.1,-1.01,272.73
01:36.4,25,0.72,15.42911039,75.01590952,709.234,0.17698327,57.432541,15.971,22.828,0.797,0.001396309,-0.004833057,0.000227069,-0.1670829,-0.01765084,-9.817163,-0.36282238,0.008882404,0.009507639,0.009913071,0,0.1,-1.01,272.73
01:36.4,25,0.72,15.42911038,75.01590954,709.238,0.16393494,65.597192,15.962,22.816,0.784,0.000807499,-0.004626488,1.18E-05,-0.16840725,-0.01661036,-9.814903,-0.34699836,0.008685616,0.009312541,0.009704463,0,0.1,-1.01,272.73
01:36.5,25,0.72,15.42911037,75.01590956,709.242,0.15088661,73.761843,15.953,22.804,0.771,0.000218689,-0.004419919,-0.000203405,-0.1697316,-0.01556988,-9.812643,-0.33117434,0.008488827,0.009117444,0.009495854,0,0.1,-1.01,272.73
01:36.5,25,0.72,15.42911036,75.01590958,709.246,0.13783828,81.926494,15.944,22.792,0.758,0.00072835,-0.004788848,7.90E-05,-0.16965875,-0.01555929,-9.81422,-0.31535032,0.008292039,0.008922346,0.009287246,0,0.1,-1.01,272.73
01:36.5,25,0.72,15.42911035,75.0159096,709.25,0.12478995,90.091145,15.935,22.78,0.745,0.001238011,-0.005157776,0.000361454,-0.1695859,-0.0155487,-9.815797,-0.2995263,0.008095251,0.008727248,0.009078637,0,0.1,-1.01,272.73
01:36.5,25,0.72,15.42911034,75.01590962,709.254,0.11174162,98.255796,15.926,22.768,0.732,0.001337336,-0.005222772,0.000159931,-0.1701372,-0.01505086,-9.816884,-0.27918112,0.008136709,0.008822505,0.009116721,0,0.1,-1.01,272.73
01:36.5,25,0.72,15.42911033,75.01590964,709.258,0.09869329,106.420447,15.917,22.756,0.719,0.001436661,-0.005287767,-4.16E-05,-0.1706885,-0.01455302,-9.817971,-0.25883594,0.008178166,0.008917763,0.009154806,0,0.1,-1.01,272.73
01:36.6,25,0.72,15.42911032,75.01590966,709.262,0.08564496,114.585098,15.908,22.744,0.706,0.000884497,-0.004868256,0.000168712,-0.17076435,-0.01613695,-9.816241,-0.23849076,0.008219624,0.00901302,0.00919289,0,0.1,-1.01,272.73
01:36.6,25,0.72,15.42911031,75.01590968,709.266,0.07259663,122.749749,15.899,22.732,0.693,0.000332333,-0.004448745,0.000379016,-0.1708402,-0.01772088,-9.814511,-0.21814558,0.008261081,0.009108278,0.009230975,0,0.1,-1.01,272.73
01:36.6,25,0.72,15.4291103,75.0159097,709.27,0.0595483,130.9144,15.89,22.72,0.68,0.000955759,-0.004801006,-0.000153001,-0.1704988,-0.01701775,-9.8124095,-0.1978004,0.008302539,0.009203535,0.009269059,0,0.1,-1.01,272.73
01:36.6,25,0.72,15.4291103,75.01590972,709.274,0.06782864,118.2257864,15.884,22.712,0.695,0.001579186,-0.005153266,-0.000685018,-0.1701574,-0.01631462,-9.810308,-0.17971578,0.008380036,0.009317567,0.009511891,0,0.1,-1.01,272.73
01:36.6,25,0.72,15.4291103,75.01590974,709.278,0.07610898,105.5371728,15.878,22.704,0.71,0.001437784,-0.005412662,-0.000175555,-0.17079185,-0.017466945,-9.8132925,-0.16163116,0.008457533,0.0094316,0.009754723,0,0.1,-1.01,272.73
01:36.7,25,0.72,15.4291103,75.01590976,709.282,0.08438932,92.8485592,15.872,22.696,0.725,0.001296383,-0.005672058,0.000333908,-0.1714263,-0.01861927,-9.816277,-0.14354654,0.008535031,0.009545632,0.009997556,0,0.1,-1.01,272.73
01:36.7,25,0.72,15.4291103,75.01590978,709.286,0.09266966,80.1599456,15.866,22.688,0.74,8.11E-05,-0.005660327,-2.43E-05,-0.17742585,-0.005487726,-9.8086615,-0.12546192,0.008612528,0.009659665,0.010240388,0,0.1,-1.01,272.73
01:36.7,25,0.72,15.4291103,75.0159098,709.29,0.10095,67.471332,15.86,22.68,0.755,-0.001134104,-0.005648597,-0.000382607,-0.1834254,0.007643818,-9.801046,-0.1073773,0.008690025,0.009773697,0.01048322,0,0.1,-1.01,272.73
01:36.7,25,0.72,15.4291103,75.01590982,709.294,0.10923034,54.7827184,15.854,22.672,0.77,9.90E-06,-0.005478857,0.000254608,-0.178059,-0.004328956,-9.8087265,-0.15032824,0.008664018,0.009489406,0.010285228,0,0.1,-1.01,272.728
01:36.7,25,0.72,15.4291103,75.01590984,709.298,0.11751068,42.0941048,15.848,22.664,0.785,0.001153901,-0.005309116,0.000891824,-0.1726926,-0.01630173,-9.816407,-0.19327918,0.00863801,0.009205114,0.010087236,0,0.1,-1.01,272.726
01:36.8,25,0.72,15.4291103,75.01590986,709.302,0.12579102,29.4054912,15.842,22.656,0.8,0.00123269,-0.005194598,0.000746281,-0.17065625,-0.01551284,-9.815311,-0.23623012,0.008612003,0.008920823,0.009889244,0,0.1,-1.01,272.724
01:36.8,25,0.72,15.4291103,75.01590988,709.306,0.13407136,16.7168776,15.836,22.648,0.815,0.001311478,-0.005080079,0.000600738,-0.1686199,-0.01472395,-9.814215,-0.27918106,0.008585995,0.008636531,0.009691252,0,0.1,-1.01,272.722
01:36.8,25,0.72,15.4291103,75.0159099,709.31,0.1423517,4.028264,15.83,22.64,0.83,0.001299457,-0.005728634,0.000475504,-0.1690978,-0.014831705,-9.8133445,-0.322132,0.008559988,0.00835224,0.00949326,0,0.1,-1.01,272.72
01:36.8,25,0.72,15.4291103,75.01590992,709.319,0.135674969,10.0367356,15.821,22.628,0.822,0.001287436,-0.00637719,0.00035027,-0.1695757,-0.01493946,-9.812474,-0.29726568,0.00863775,0.008484078,0.009247819,0,0.1,-1.01,272.72
01:36.8,25,0.72,15.4291103,75.01590994,709.328,0.128998238,16.0452072,15.812,22.616,0.814,0.000142413,-0.00332096,0.001511779,-0.17962375,-0.007928628,-9.810931,-0.27239936,0.008715512,0.008615916,0.009002378,0,0.1,-1.01,272.72
01:36.9,25,0.72,15.4291103,75.01590996,709.337,0.122321507,22.0536788,15.803,22.604,0.806,-0.001002611,-0.00026473,0.002673288,-0.1896718,-0.000917797,-9.809388,-0.24753304,0.008793275,0.008747753,0.008756938,0,0.1,-1.01,272.72
01:36.9,25,0.72,15.4291103,75.01590998,709.346,0.115644776,28.0621504,15.794,22.592,0.798,-0.00020018,-0.000520078,0.002823272,-0.1840121,-0.001874014,-9.8048435,-0.22266672,0.008871037,0.008879591,0.008511497,0,0.1,-1.01,272.72
01:36.9,25,0.72,15.4291103,75.01591,709.355,0.108968045,34.070622,15.785,22.58,0.79,0.000602251,-0.000775426,0.002973256,-0.1783524,-0.002830232,-9.800299,-0.1978004,0.008948799,0.009011429,0.008266056,0,0.1,-1.01,272.72
01:36.9,25,0.72,15.4291103,75.01591002,709.364,0.102291314,40.0790936,15.776,22.568,0.782,0.000660625,-0.002991459,0.001636947,-0.1745253,-0.009533556,-9.808306,-0.21814558,0.019110511,0.020038961,0.021799417,0,0.1,-1.01,272.72
01:36.9,25,0.72,15.4291103,75.01591004,709.373,0.095614583,46.0875652,15.767,22.556,0.774,0.000719,-0.005207492,0.000300638,-0.1706982,-0.01623688,-9.816313,-0.23849076,0.029272223,0.031066493,0.035332778,0,0.1,-1.01,272.72
01:37.0,25,0.72,15.4291103,75.01591006,709.382,0.088937852,52.0960368,15.758,22.544,0.766,0.000979033,-0.005491958,0.000210483,-0.1724757,-0.017723425,-9.813651,-0.25883594,0.039433936,0.042094026,0.048866138,0,0.1,-1.01,272.72
01:37.0,25,0.72,15.4291103,75.01591008,709.391,0.082261121,58.1045084,15.749,22.532,0.758,0.001239066,-0.005776423,0.000120327,-0.1742532,-0.01920997,-9.810989,-0.27918112,0.049595648,0.053121558,0.062399499,0,0.1,-1.01,272.72
01:37.0,25,0.72,15.4291103,75.0159101,709.4,0.07558439,64.11298,15.74,22.52,0.75,0.001374261,-0.005468478,0.000123244,-0.1730177,-0.017980895,-9.812736,-0.2995263,0.05975736,0.06414909,0.07593286,0,0.1,-1.01,272.72
01:37.0,25,0.72,15.42911028,75.01591012,709.402,0.073474804,71.424802,15.733,22.511,0.746,0.001509456,-0.005160532,0.000126161,-0.1717822,-0.01675182,-9.814483,-0.298396,0.05857691,0.064298278,0.074983598,0,0.1,-1.01,272.72
01:37.0,25,0.72,15.42911026,75.01591014,709.404,0.071365218,78.736624,15.726,22.502,0.742,0.001631419,-0.004875446,0.000491745,-0.17258145,-0.015811775,-9.814018,-0.2972657,0.05739646,0.064447466,0.074034336,0,0.1,-1.01,272.72
01:37.1,25,0.72,15.42911024,75.01591016,709.406,0.069255632,86.048446,15.719,22.493,0.738,0.001753382,-0.00459036,0.000857328,-0.1733807,-0.01487173,-9.813553,-0.2961354,0.05621601,0.064596654,0.073085074,0,0.1,-1.01,272.72
01:37.1,25,0.72,15.42911022,75.01591018,709.408,0.067146046,93.360268,15.712,22.484,0.734,0.001505677,-0.004690519,0.001276814,-0.1719073,-0.016046995,-9.8138975,-0.2950051,0.05503556,0.064745842,0.072135812,0,0.1,-1.01,272.72
01:37.1,25,0.72,15.4291102,75.0159102,709.41,0.06503646,100.67209,15.705,22.475,0.73,0.001257971,-0.004790677,0.0016963,-0.1704339,-0.01722226,-9.814242,-0.2938748,0.05385511,0.06489503,0.07118655,0,0.1,-1.01,272.72
01:37.1,25,0.72,15.42911018,75.01591022,709.412,0.062926874,107.983912,15.698,22.466,0.726,0.001976907,-0.00307643,-0.000351917,-0.1766881,-0.006961633,-9.8075675,-0.28935366,0.044730546,0.053671775,0.058744522,0,0.1,-1.01,272.718
01:37.1,25,0.72,15.42911016,75.01591024,709.414,0.060817288,115.295734,15.691,22.457,0.722,0.002695843,-0.001362182,-0.002400134,-0.1829423,0.003298995,-9.800893,-0.28483252,0.035605981,0.04244852,0.046302494,0,0.1,-1.01,272.716
01:37.2,25,0.72,15.42911014,75.01591026,709.416,0.058707702,122.607556,15.684,22.448,0.718,-0.000127014,-0.002772846,0.000528413,-0.18394275,0.000771377,-9.80488,-0.28031138,0.026481417,0.031225266,0.033860467,0,0.1,-1.01,272.714
01:37.2,25,0.72,15.42911012,75.01591028,709.418,0.056598116,129.919378,15.677,22.439,0.714,-0.002949871,-0.00418351,0.003456961,-0.1849432,-0.001756242,-9.808867,-0.27579024,0.017356852,0.020002011,0.021418439,0,0.1,-1.01,272.712
01:37.2,25,0.72,15.4291101,75.0159103,709.42,0.05448853,137.2312,15.67,22.43,0.71,-0.000656332,-0.00500137,0.001713985,-0.1759724,-0.008677731,-9.8124975,-0.2712691,0.008232288,0.008778756,0.008976411,0,0.1,-1.01,272.71
01:37.2,25,0.72,15.42911008,75.01591031,709.425,0.05141665,139.28318,15.665,22.424,0.706,0.001637207,-0.005819229,-2.90E-05,-0.1670016,-0.01559922,-9.816128,-0.27918112,0.008346027,0.008943331,0.009131149,0,0.1,-1.01,272.71
01:37.2,25,0.72,15.42911006,75.01591032,709.43,0.04834477,141.33516,15.66,22.418,0.702,0.00171778,-0.005989444,-0.000300017,-0.1682509,-0.01381235,-9.8155555,-0.28709314,0.008459766,0.009107906,0.009285888,0,0.1,-1.01,272.71
01:37.3,25,0.72,15.42911004,75.01591033,709.435,0.04527289,143.38714,15.655,22.412,0.698,0.001798353,-0.006159658,-0.000571043,-0.1695002,-0.01202548,-9.814983,-0.29500516,0.008573505,0.009272482,0.009440626,0,0.1,-1.01,272.71
01:37.3,25,0.72,15.42911002,75.01591034,709.44,0.04220101,145.43912,15.65,22.406,0.694,0.001566913,-0.005441602,-0.000271874,-0.1680239,-0.014434305,-9.81526,-0.30291718,0.008687244,0.009437057,0.009595365,0,0.1,-1.01,272.71
01:37.3,25,0.72,15.42911,75.01591035,709.445,0.03912913,147.4911,15.645,22.4,0.69,0.001335473,-0.004723545,2.73E-05,-0.1665476,-0.01684313,-9.815537,-0.3108292,0.008800983,0.009601632,0.009750103,0,0.1,-1.01,272.71
01:37.3,25,0.72,15.42910998,75.01591036,709.45,0.03605725,149.54308,15.64,22.394,0.686,0.001010204,-0.005111792,0.000113564,-0.16880325,-0.015014065,-9.8176685,-0.31761092,0.008874103,0.009510186,0.010043338,0,0.1,-1.01,272.71
01:37.3,25,0.72,15.42910996,75.01591037,709.455,0.03298537,151.59506,15.635,22.388,0.682,0.000684935,-0.005500039,0.000199834,-0.1710589,-0.013185,-9.8198,-0.32439264,0.008947223,0.00941874,0.010336574,0,0.1,-1.01,272.71
01:37.4,25,0.72,15.42910994,75.01591038,709.46,0.02991349,153.64704,15.63,22.382,0.678,0.000522508,-0.003364698,-0.001347277,-0.1776432,-0.01524199,-9.8072435,-0.33117436,0.009020344,0.009327293,0.010629809,0,0.1,-1.01,272.71
01:37.4,25,0.72,15.42910992,75.01591039,709.465,0.02684161,155.69902,15.625,22.376,0.674,0.00036008,-0.001229357,-0.002894387,-0.1842275,-0.01729898,-9.794687,-0.33795608,0.009093464,0.009235847,0.010923045,0,0.1,-1.01,272.71
01:37.4,25,0.72,15.4291099,75.0159104,709.47,0.02376973,157.751,15.62,22.37,0.67,0.000757092,-0.004362203,-0.001708509,-0.1771388,-0.0140752,-9.8035955,-0.3447378,0.009166584,0.009144401,0.01121628,0,0.1,-1.01,272.71
01:37.4,25,0.72,15.42910987,75.01591042,709.475,0.039059107,157.24687,15.614,22.361,0.683,0.001154104,-0.007495048,-0.000522631,-0.1700501,-0.01085142,-9.812504,-0.33343492,0.009267753,0.00922258,0.011163746,0,0.098,-1.01,272.71
01:37.4,25,0.72,15.42910984,75.01591044,709.48,0.054348484,156.74274,15.608,22.352,0.696,0.001317619,-0.006170735,-0.000252298,-0.16873545,-0.013456045,-9.8135495,-0.32213204,0.009368922,0.009300759,0.011111212,0,0.096,-1.01,272.71
01:37.5,25,0.72,15.42910981,75.01591046,709.485,0.069637861,156.23861,15.602,22.343,0.709,0.001481133,-0.004846422,1.80E-05,-0.1674208,-0.01606067,-9.814595,-0.31082916,0.00947009,0.009378939,0.011058678,0,0.094,-1.01,272.71
01:37.5,25,0.72,15.42910978,75.01591048,709.49,0.084927238,155.73448,15.596,22.334,0.722,0.001335838,-0.005813002,0.000573747,-0.16613315,-0.015044385,-9.814253,-0.29952628,0.009571259,0.009457118,0.011006144,0,0.092,-1.01,272.71
01:37.5,25,0.72,15.42910975,75.0159105,709.495,0.100216615,155.23035,15.59,22.325,0.735,0.001190542,-0.006779581,0.001129459,-0.1648455,-0.0140281,-9.813911,-0.2882234,0.009672428,0.009535297,0.01095361,0,0.09,-1.01,272.71
01:37.5,25,0.72,15.42910972,75.01591052,709.5,0.115505992,154.72622,15.584,22.316,0.748,0.000972607,-0.0057836,0.000706761,-0.16865485,-0.017512645,-9.815144,-0.3164806,0.00946786,0.009520322,0.010730498,0,0.09,-1.01,272.708
01:37.5,25,0.72,15.42910969,75.01591054,709.505,0.130795369,154.22209,15.578,22.307,0.761,0.000754672,-0.004787618,0.000284064,-0.1724642,-0.02099719,-9.816377,-0.3447378,0.009263292,0.009505347,0.010507386,0,0.09,-1.01,272.706
01:37.6,25,0.72,15.42910966,75.01591056,709.51,0.146084746,153.71796,15.572,22.298,0.774,0.00109988,-0.003567828,-0.001317478,-0.1772622,-0.016202025,-9.8098005,-0.372995,0.009058725,0.009490373,0.010284274,0,0.09,-1.01,272.704
01:37.6,25,0.72,15.42910963,75.01591058,709.515,0.161374123,153.21383,15.566,22.289,0.787,0.001445087,-0.002348038,-0.002919019,-0.1820602,-0.01140686,-9.803224,-0.4012522,0.008854157,0.009475398,0.010061162,0,0.09,-1.01,272.702
01:37.6,25,0.72,15.4291096,75.0159106,709.52,0.1766635,152.7097,15.56,22.28,0.8,0.001250222,-0.003612378,-0.001553682,-0.17707665,-0.01393947,-9.810102,-0.4295094,0.008649589,0.009460423,0.00983805,0,0.09,-1.01,272.7
01:37.6,25,0.72,15.42910956,75.01591063,709.528,0.17052494,155.04079,15.552,22.27,0.798,0.001055357,-0.004876717,-0.000188344,-0.1720931,-0.01647208,-9.81698,-0.40803392,0.008852275,0.009612768,0.009726331,0,0.09,-1.01,272.7
01:37.6,25,0.72,15.42910952,75.01591066,709.536,0.16438638,157.37188,15.544,22.26,0.796,0.000831744,-0.004473943,-2.90E-05,-0.16976945,-0.01389583,-9.8152165,-0.38655844,0.009054961,0.009765114,0.009614612,0,0.09,-1.01,272.7
01:37.7,25,0.72,15.42910948,75.01591069,709.544,0.15824782,159.70297,15.536,22.25,0.794,0.000608132,-0.004071168,0.000130257,-0.1674458,-0.01131958,-9.813453,-0.36508296,0.009257648,0.009917459,0.009502893,0,0.09,-1.01,272.7
01:37.7,25,0.72,15.42910944,75.01591072,709.552,0.15210926,162.03406,15.528,22.24,0.792,0.000448431,-0.004656192,0.000328121,-0.17107455,-0.01648985,-9.8133025,-0.34360748,0.009460334,0.010069805,0.009391174,0,0.09,-1.01,272.7
01:37.7,25,0.72,15.4291094,75.01591075,709.56,0.1459707,164.36515,15.52,22.23,0.79,0.000288731,-0.005241216,0.000525986,-0.1747033,-0.02166012,-9.813152,-0.322132,0.00966302,0.01022215,0.009279455,0,0.09,-1.01,272.7
01:37.7,25,0.72,15.42910936,75.01591078,709.568,0.13983214,166.69624,15.512,22.22,0.788,0.00022659,-0.00628162,-0.000299036,-0.1822656,-0.01209346,-9.8087785,-0.31761086,0.019297324,0.020767798,0.02292604,0,0.09,-1.01,272.7
01:37.7,25,0.72,15.42910932,75.01591081,709.576,0.13369358,169.02733,15.504,22.21,0.786,0.000164449,-0.007322024,-0.001124058,-0.1898279,-0.002526799,-9.804405,-0.31308972,0.028931628,0.031313446,0.036572625,0,0.09,-1.01,272.7
01:37.8,25,0.72,15.42910928,75.01591084,709.584,0.12755502,171.35842,15.496,22.2,0.784,-0.000739592,-0.000997014,-0.001150368,-0.19120165,0.000488233,-9.8063575,-0.30856858,0.038565932,0.041859094,0.05021921,0,0.09,-1.01,272.7
01:37.8,25,0.72,15.42910924,75.01591087,709.592,0.12141646,173.68951,15.488,22.19,0.782,-0.001643633,0.005327995,-0.001176677,-0.1925754,0.003503264,-9.80831,-0.30404744,0.048200236,0.052404742,0.063865795,0,0.09,-1.01,272.7
01:37.8,25,0.72,15.4291092,75.0159109,709.6,0.1152779,176.0206,15.48,22.18,0.78,-0.00044791,-0.0004155,-0.000644329,-0.18141295,-0.005210138,-9.8110685,-0.2995263,0.05783454,0.06295039,0.07751238,0,0.09,-1.01,272.7
01:37.8,25,0.72,15.4291092,75.01591089,709.598,0.111281378,159.489852,15.473,22.171,0.782,0.000747814,-0.006158995,-0.000111982,-0.1702505,-0.01392354,-9.813827,-0.298396,0.047993112,0.052904842,0.063764842,0,0.09,-1.01,272.7
01:37.8,25,0.72,15.4291092,75.01591088,709.596,0.107284856,142.959104,15.466,22.162,0.784,0.00059688,-0.004920478,0.000158799,-0.1708526,-0.014949915,-9.814249,-0.2972657,0.038151684,0.042859294,0.050017303,0,0.09,-1.01,272.7
01:37.9,25,0.72,15.4291092,75.01591087,709.594,0.103288334,126.428356,15.459,22.153,0.786,0.000445947,-0.00368196,0.000429579,-0.1714547,-0.01597629,-9.814671,-0.2961354,0.028310255,0.032813746,0.036269765,0,0.09,-1.01,272.7
01:37.9,25,0.72,15.4291092,75.01591086,709.592,0.099291812,109.897608,15.452,22.144,0.788,0.000781451,-0.004765103,0.000333871,-0.16935405,-0.015296955,-9.8133585,-0.2950051,0.018468827,0.022768198,0.022522226,0,0.09,-1.01,272.7
01:37.9,25,0.72,15.4291092,75.01591085,709.59,0.09529529,93.36686,15.445,22.135,0.79,0.001116954,-0.005848245,0.000238163,-0.1672534,-0.01461762,-9.812046,-0.2938748,0.008627399,0.01272265,0.008774688,0,0.09,-1.01,272.7
01:37.9,25,0.72,15.4291092,75.01591084,709.588,0.091298768,76.836112,15.438,22.126,0.792,0.001182982,-0.001435926,-0.001279617,-0.1751241,-0.004350942,-9.8114115,-0.29839596,0.008828052,0.012611706,0.00944351,0,0.09,-1.01,272.698
01:37.9,25,0.72,15.4291092,75.01591083,709.586,0.087302246,60.305364,15.431,22.117,0.794,0.001249009,0.002976393,-0.002797396,-0.1829948,0.005915736,-9.810777,-0.30291712,0.009028706,0.012500762,0.010112333,0,0.09,-1.01,272.696
01:38.0,25,0.72,15.4291092,75.01591082,709.584,0.083305724,43.774616,15.424,22.108,0.796,0.001213449,0.000840906,-0.000686344,-0.1848256,0.00226328,-9.8160625,-0.30743828,0.009229359,0.012389818,0.010781155,0,0.09,-1.01,272.694
01:38.0,25,0.72,15.4291092,75.01591081,709.582,0.079309202,27.243868,15.417,22.099,0.798,0.001177888,-0.001294582,0.001424709,-0.1866564,-0.001389176,-9.821348,-0.31195944,0.009430013,0.012278874,0.011449978,0,0.09,-1.01,272.692
01:38.0,25,0.72,15.4291092,75.0159108,709.58,0.07531268,10.71312,15.41,22.09,0.8,0.00108412,-0.003434044,0.000414854,-0.1789299,-0.011469888,-9.818207,-0.3164806,0.009630666,0.01216793,0.0121188,0,0.09,-1.01,272.69
01:38.0,25,0.72,15.42910922,75.01591079,709.577,0.078106142,10.5333007,15.403,22.081,0.812,0.000990352,-0.005573505,-0.000595001,-0.1712034,-0.0215506,-9.815066,-0.29952628,0.009778777,0.012030808,0.012232778,0,0.09,-1.01,272.69
01:38.0,25,0.72,15.42910924,75.01591078,709.574,0.080899604,10.3534814,15.396,22.072,0.824,0.000998781,-0.006676745,-9.77E-05,-0.1704821,-0.01701414,-9.8137575,-0.28257196,0.009926888,0.011893686,0.012346756,0,0.09,-1.01,272.69
01:38.1,25,0.72,15.42910926,75.01591077,709.571,0.083693066,10.1736621,15.389,22.063,0.836,0.00100721,-0.007779984,0.000399509,-0.1697608,-0.01247768,-9.812449,-0.26561764,0.010074998,0.011756564,0.012460734,0,0.09,-1.01,272.69
01:38.1,25,0.72,15.42910928,75.01591076,709.568,0.086486528,9.9938428,15.382,22.054,0.848,0.001303732,-0.006857613,0.000532284,-0.16901365,-0.01343495,-9.814456,-0.24866332,0.010223109,0.011619442,0.012574712,0,0.09,-1.01,272.69
01:38.1,25,0.72,15.4291093,75.01591075,709.565,0.08927999,9.8140235,15.375,22.045,0.86,0.001600255,-0.005935241,0.000665059,-0.1682665,-0.01439222,-9.816463,-0.231709,0.01037122,0.01148232,0.01268869,0,0.09,-1.01,272.69
01:38.1,25,0.72,15.42910932,75.01591074,709.562,0.092073452,9.6342042,15.368,22.036,0.872,0.000945263,-0.006318501,0.000615033,-0.1706543,-0.01714182,-9.8180635,-0.2136244,0.010512518,0.011403122,0.01256838,0,0.09,-1.01,272.69
01:38.1,25,0.72,15.42910934,75.01591073,709.559,0.094866914,9.4543849,15.361,22.027,0.884,0.00029027,-0.00670176,0.000565007,-0.1730421,-0.01989142,-9.819664,-0.1955398,0.010653816,0.011323924,0.01244807,0,0.09,-1.01,272.69
01:38.2,25,0.72,15.42910936,75.01591072,709.556,0.097660376,9.2745656,15.354,22.018,0.896,-0.001165914,-0.003539199,-0.000181188,-0.18112635,-0.006899457,-9.8186415,-0.1774552,0.010795114,0.011244726,0.01232776,0,0.09,-1.01,272.69
01:38.2,25,0.72,15.42910938,75.01591071,709.553,0.100453838,9.0947463,15.347,22.009,0.908,-0.002622098,-0.000376638,-0.000927383,-0.1892106,0.006092506,-9.817619,-0.1593706,0.010936412,0.011165528,0.01220745,0,0.09,-1.01,272.69
01:38.2,25,0.72,15.4291094,75.0159107,709.55,0.1032473,8.914927,15.34,22,0.92,-0.000680876,-0.00370301,-0.00041908,-0.18163395,-0.006816147,-9.816922,-0.141286,0.01107771,0.01108633,0.01208714,0,0.09,-1.01,272.69
01:38.2,25,0.72,15.4291094,75.0159107,709.549,0.10459005,21.5581543,15.335,21.993,0.897,0.001260345,-0.007029381,8.92E-05,-0.1740573,-0.0197248,-9.816225,-0.16728262,0.010954676,0.010767412,0.011898728,0,0.09,-1.01,272.69
01:38.2,25,0.72,15.4291094,75.0159107,709.548,0.1059328,34.2013816,15.33,21.986,0.874,0.001369636,-0.006695418,0.00057661,-0.17106525,-0.01827104,-9.8167915,-0.19327924,0.010831642,0.010448494,0.011710316,0,0.09,-1.01,272.69
01:38.3,25,0.72,15.4291094,75.0159107,709.547,0.10727555,46.8446089,15.325,21.979,0.851,0.001478927,-0.006361454,0.001063996,-0.1680732,-0.01681728,-9.817358,-0.21927586,0.010708608,0.010129577,0.011521904,0,0.09,-1.01,272.69
01:38.3,25,0.72,15.4291094,75.0159107,709.546,0.1086183,59.4878362,15.32,21.972,0.828,0.000637667,-0.004972865,0.000640633,-0.1704955,-0.01407063,-9.8177595,-0.24527248,0.010585574,0.009810659,0.011333492,0,0.09,-1.01,272.69
01:38.3,25,0.72,15.4291094,75.0159107,709.545,0.10996105,72.1310635,15.315,21.965,0.805,-0.000203592,-0.003584275,0.00021727,-0.1729178,-0.01132398,-9.818161,-0.2712691,0.01046254,0.009491741,0.01114508,0,0.09,-1.01,272.69
01:38.3,25,0.72,15.4291094,75.0159107,709.544,0.1113038,84.7742908,15.31,21.958,0.782,0.00102211,-0.005212606,-0.001952601,-0.17898715,-0.005709098,-9.815027,-0.28483256,0.01021954,0.009650071,0.0110076,0,0.09,-1.01,272.688
01:38.3,25,0.72,15.4291094,75.0159107,709.543,0.11264655,97.4175181,15.305,21.951,0.759,0.002247813,-0.006840937,-0.004122472,-0.1850565,-9.42E-05,-9.811893,-0.29839602,0.00997654,0.009808401,0.01087012,0,0.09,-1.01,272.686
01:38.4,25,0.72,15.4291094,75.0159107,709.542,0.1139893,110.0607454,15.3,21.944,0.736,0.001254407,-0.003916863,-0.001392455,-0.183697,-0.00087655,-9.799582,-0.31195948,0.00973354,0.00996673,0.01073264,0,0.09,-1.01,272.684
01:38.4,25,0.72,15.4291094,75.0159107,709.541,0.11533205,122.7039727,15.295,21.937,0.713,0.000261002,-0.000992789,0.001337563,-0.1823375,-0.001658885,-9.787271,-0.32552294,0.00949054,0.01012506,0.01059516,0,0.09,-1.01,272.682
01:38.4,25,0.72,15.4291094,75.0159107,709.54,0.1166748,135.3472,15.29,21.93,0.69,0.000398073,-0.00305135,0.00053608,-0.17752385,-0.011486468,-9.802409,-0.3390864,0.00924754,0.01028339,0.01045768,0,0.09,-1.01,272.68
01:38.4,25,0.72,15.42910938,75.01591073,709.547,0.105230927,137.15598,15.283,21.92,0.689,0.000535145,-0.005109912,-0.000265403,-0.1727102,-0.02131405,-9.817547,-0.33230466,0.009088475,0.010229044,0.010537422,0,0.09,-1.01,272.68
01:38.4,25,0.72,15.42910936,75.01591076,709.554,0.093787054,138.96476,15.276,21.91,0.688,0.000690394,-0.005857064,-9.12E-05,-0.1712019,-0.01804068,-9.8194035,-0.32552292,0.00892941,0.010174698,0.010617164,0,0.09,-1.01,272.68
01:38.5,25,0.72,15.42910934,75.01591079,709.561,0.08234318,140.77354,15.269,21.9,0.687,0.000845644,-0.006604215,8.29E-05,-0.1696936,-0.01476731,-9.82126,-0.31874118,0.008770345,0.010120352,0.010696906,0,0.09,-1.01,272.68
01:38.5,25,0.72,15.42910932,75.01591082,709.568,0.070899307,142.58232,15.262,21.89,0.686,0.000642455,-0.005951604,0.000440375,-0.1705695,-0.01577874,-9.8217755,-0.31195944,0.00861128,0.010066006,0.010776648,0,0.09,-1.01,272.68
01:38.5,25,0.72,15.4291093,75.01591085,709.575,0.059455434,144.3911,15.255,21.88,0.685,0.000439266,-0.005298993,0.00079784,-0.1714454,-0.01679017,-9.822291,-0.3051777,0.008452215,0.01001166,0.01085639,0,0.09,-1.01,272.68
01:38.5,25,0.72,15.42910928,75.01591088,709.582,0.048011561,146.19988,15.248,21.87,0.684,0.000406305,-0.005750566,0.000628397,-0.16982765,-0.014037965,-9.8177725,-0.30291712,0.01809359,0.020710034,0.059278212,0,0.09,-1.01,272.68
01:38.5,25,0.72,15.42910926,75.01591091,709.589,0.036567688,148.00866,15.241,21.86,0.683,0.000373345,-0.006202138,0.000458955,-0.1682099,-0.01128576,-9.813254,-0.30065654,0.027734965,0.031408408,0.107700034,0,0.09,-1.01,272.68
01:38.6,25,0.72,15.42910924,75.01591094,709.596,0.025123814,149.81744,15.234,21.85,0.682,-0.000266039,-0.006204951,0.001312758,-0.17749825,-0.007612097,-9.811526,-0.29839596,0.03737634,0.042106782,0.156121856,0,0.09,-1.01,272.68
01:38.6,25,0.72,15.42910922,75.01591097,709.603,0.013679941,151.62622,15.227,21.84,0.681,-0.000905423,-0.006207763,0.002166561,-0.1867866,-0.003938434,-9.809798,-0.29613538,0.047017715,0.052805156,0.204543678,0,0.09,-1.01,272.68
01:38.6,25,0.72,15.4291092,75.015911,709.61,0.002236068,153.435,15.22,21.83,0.68,0.00039286,-0.006284386,0.000502809,-0.17741185,-0.007375427,-9.811245,-0.2938748,0.05665909,0.06350353,0.2529655,0,0.09,-1.01,272.68
01:38.6,25,0.72,15.42910921,75.01591102,709.614,0.021601231,140.695681,15.216,21.825,0.703,0.001691143,-0.006361009,-0.001160943,-0.1680371,-0.01081242,-9.812692,-0.26787818,0.047006805,0.052855076,0.204823614,0,0.09,-1.01,272.68
01:38.6,25,0.72,15.42910922,75.01591104,709.618,0.040966394,127.956362,15.212,21.82,0.726,0.001441612,-0.006891788,-0.000260906,-0.1683538,-0.014164635,-9.8138325,-0.24188156,0.03735452,0.042206622,0.156681728,0,0.09,-1.01,272.68
01:38.7,25,0.72,15.42910923,75.01591106,709.622,0.060331558,115.217043,15.208,21.815,0.749,0.00119208,-0.007422567,0.000639132,-0.1686705,-0.01751685,-9.814973,-0.21588494,0.027702235,0.031558168,0.108539842,0,0.09,-1.01,272.68
01:38.7,25,0.72,15.42910924,75.01591108,709.626,0.079696721,102.477724,15.204,21.81,0.772,0.001009714,-0.006826598,0.000652405,-0.1689422,-0.01489329,-9.815227,-0.18988832,0.01804995,0.020909714,0.060397956,0,0.09,-1.01,272.68
01:38.7,25,0.72,15.42910925,75.0159111,709.63,0.099061884,89.738405,15.2,21.805,0.795,0.000827349,-0.006230629,0.000665678,-0.1692139,-0.01226973,-9.815481,-0.1638917,0.008397665,0.01026126,0.01225607,0,0.09,-1.01,272.68
01:38.7,25,0.72,15.42910926,75.01591112,709.634,0.118427047,76.999086,15.196,21.8,0.818,-0.000949224,-0.003825732,4.98E-05,-0.17918835,-0.016666025,-9.808364,-0.20797292,0.008397936,0.010304112,0.011973376,0,0.09,-1.01,272.68
01:38.7,25,0.72,15.42910927,75.01591114,709.638,0.13779221,64.259767,15.192,21.795,0.841,-0.002725797,-0.001420834,-0.000566048,-0.1891628,-0.02106232,-9.801247,-0.25205414,0.008398207,0.010346964,0.011690682,0,0.09,-1.01,272.68
01:38.8,25,0.72,15.42910928,75.01591116,709.642,0.157157374,51.520448,15.188,21.79,0.864,-0.000746357,-0.003825951,-0.000325821,-0.1791156,-0.017184375,-9.8067105,-0.29613536,0.008398479,0.010389816,0.011407988,0,0.09,-1.01,272.68
01:38.8,25,0.72,15.42910929,75.01591118,709.646,0.176522537,38.781129,15.184,21.785,0.887,0.001233082,-0.006231068,-8.56E-05,-0.1690684,-0.01330643,-9.812174,-0.34021658,0.00839875,0.010432668,0.011125294,0,0.09,-1.01,272.68
01:38.8,25,0.72,15.4291093,75.0159112,709.65,0.1958877,26.04181,15.18,21.78,0.91,0.001655701,-0.006640257,0.000176862,-0.16995445,-0.011753255,-9.812622,-0.3842978,0.008399021,0.01047552,0.0108426,0,0.09,-1.01,272.68
01:38.8,25,0.72,15.42910931,75.01591122,709.65,0.19057794,31.834628,15.17,21.767,0.889,0.00207832,-0.007049445,0.000439319,-0.1708405,-0.01020008,-9.81307,-0.321001694,0.008653962,0.010588106,0.010858022,0,0.09,-1.012,272.678
01:38.8,25,0.72,15.42910932,75.01591124,709.65,0.18526818,37.627446,15.16,21.754,0.868,0.001703204,-0.005878768,0.00052877,-0.17042395,-0.014081095,-9.815522,-0.257705588,0.008908903,0.010700692,0.010873444,0,0.09,-1.014,272.676
01:38.9,25,0.72,15.42910933,75.01591126,709.65,0.17995842,43.420264,15.15,21.741,0.847,0.001328088,-0.004708092,0.000618221,-0.1700074,-0.01796211,-9.817974,-0.194409482,0.009163845,0.010813278,0.010888866,0,0.09,-1.016,272.674
01:38.9,25,0.72,15.42910934,75.01591128,709.65,0.17464866,49.213082,15.14,21.728,0.826,0.00164669,-0.005169929,-0.00028973,-0.1705971,-0.018150565,-9.8134925,-0.131113376,0.009418786,0.010925864,0.010904288,0,0.09,-1.018,272.672
01:38.9,25,0.72,15.42910935,75.0159113,709.65,0.1693389,55.0059,15.13,21.715,0.805,0.001965292,-0.005631766,-0.001197681,-0.1711868,-0.01833902,-9.809011,-0.06781727,0.009673727,0.01103845,0.01091971,0,0.09,-1.02,272.67
01:38.9,25,0.72,15.42910936,75.01591132,709.65,0.16402914,60.798718,15.12,21.702,0.784,0.001576801,-0.005284667,-0.000593964,-0.17127425,-0.01665925,-9.8101165,-0.093813896,0.009450819,0.010850316,0.010849586,0,0.09,-1.02,272.67
01:38.9,25,0.72,15.42910937,75.01591134,709.65,0.15871938,66.591536,15.11,21.689,0.763,0.001188309,-0.004937568,9.75E-06,-0.1713617,-0.01497948,-9.811222,-0.119810522,0.009227911,0.010662182,0.010779462,0,0.09,-1.02,272.67
01:39.0,25,0.72,15.42910938,75.01591136,709.65,0.15340962,72.384354,15.1,21.676,0.742,0.001175514,-0.005418862,-9.34E-05,-0.17154055,-0.013415475,-9.8112155,-0.145807148,0.009005003,0.010474048,0.010709338,0,0.09,-1.02,272.67
01:39.0,25,0.72,15.42910939,75.01591138,709.65,0.14809986,78.177172,15.09,21.663,0.721,0.001162718,-0.005900155,-0.000196516,-0.1717194,-0.01185147,-9.811209,-0.171803774,0.008782095,0.010285914,0.010639214,0,0.09,-1.02,272.67
01:39.0,25,0.72,15.4291094,75.0159114,709.65,0.1427901,83.96999,15.08,21.65,0.7,0.001470034,-0.006153829,-0.000451174,-0.1702352,-0.01412705,-9.8133635,-0.1978004,0.008559187,0.01009778,0.01056909,0,0.09,-1.02,272.67
01:39.0,25,0.72,15.42910941,75.01591141,709.649,0.137589637,79.626275,15.072,21.64,0.715,0.00177735,-0.006407503,-0.000705832,-0.168751,-0.01640263,-9.815518,-0.21701528,0.008608903,0.009884433,0.010496342,0,0.09,-1.02,272.67
01:39.0,25,0.72,15.42910942,75.01591142,709.648,0.132389174,75.28256,15.064,21.63,0.73,0.001332301,-0.006323913,-9.40E-05,-0.17086575,-0.015700655,-9.816112,-0.23623016,0.00865862,0.009671086,0.010423594,0,0.09,-1.02,272.67
01:39.1,25,0.72,15.42910943,75.01591143,709.647,0.127188711,70.938845,15.056,21.62,0.745,0.000887252,-0.006240323,0.000517916,-0.1729805,-0.01499868,-9.816706,-0.25544504,0.008708336,0.00945774,0.010350846,0,0.09,-1.02,272.67
01:39.1,25,0.72,15.42910944,75.01591144,709.646,0.121988248,66.59513,15.048,21.61,0.76,0.00286799,-0.006132913,0.000379921,-0.1826549,-0.005641738,-9.81522,-0.27465992,0.008758053,0.009244393,0.010278098,0,0.09,-1.02,272.67
01:39.1,25,0.72,15.42910945,75.01591145,709.645,0.116787785,62.251415,15.04,21.6,0.775,0.004848727,-0.006025503,0.000241926,-0.1923293,0.003715205,-9.813734,-0.2938748,0.008807769,0.009031046,0.01020535,0,0.09,-1.02,272.67
01:39.1,25,0.72,15.42910946,75.01591146,709.644,0.111587322,57.9077,15.032,21.59,0.79,0.002742705,-0.005754999,0.000706209,-0.18262255,-0.004268802,-9.812775,-0.32439258,0.008845001,0.008685754,0.009993147,0,0.09,-1.02,272.67
01:39.1,25,0.72,15.42910947,75.01591147,709.643,0.106386859,53.563985,15.024,21.58,0.805,0.000636683,-0.005484494,0.001170491,-0.1729158,-0.01225281,-9.811816,-0.35491036,0.008882234,0.008340462,0.009780945,0,0.09,-1.02,272.67
01:39.2,25,0.72,15.42910948,75.01591148,709.642,0.101186396,49.22027,15.016,21.57,0.82,0.001318429,-0.005567139,0.000668812,-0.17098985,-0.012030225,-9.812018,-0.38542814,0.008919466,0.007995171,0.009568742,0,0.09,-1.02,272.67
01:39.2,25,0.72,15.42910949,75.01591149,709.641,0.095985933,44.876555,15.008,21.56,0.835,0.002000174,-0.005649783,0.000167132,-0.1690639,-0.01180764,-9.81222,-0.41594592,0.008956699,0.007649879,0.00935654,0,0.09,-1.02,272.67
01:39.2,25,0.72,15.4291095,75.0159115,709.64,0.09078547,40.53284,15,21.55,0.85,0.001174839,-0.005889367,-0.000210559,-0.17080745,-0.014704735,-9.8127735,-0.4464637,0.008993931,0.007304587,0.009144337,0,0.09,-1.02,272.67
01:39.2,25,0.72,15.42910953,75.0159115,709.637,0.092287093,37.1853406,14.995,21.543,0.845,0.000349504,-0.00612895,-0.000588251,-0.172551,-0.01760183,-9.813327,-0.3910796,0.018486353,0.018440054,0.022048538,0,0.09,-1.02,272.668
01:39.2,25,0.72,15.42910956,75.0159115,709.634,0.093788716,33.8378412,14.99,21.536,0.84,-0.001736309,-0.004353608,-0.000342523,-0.18032565,-0.012942935,-9.811017,-0.3356955,0.027978775,0.02957552,0.034952738,0,0.09,-1.02,272.666
01:39.3,25,0.72,15.42910959,75.0159115,709.631,0.095290339,30.4903418,14.985,21.529,0.835,-0.003822122,-0.002578266,-9.68E-05,-0.1881003,-0.008284041,-9.808707,-0.2803114,0.037471196,0.040710987,0.047856939,0,0.09,-1.02,272.664
01:39.3,25,0.72,15.42910962,75.0159115,709.628,0.096791962,27.1428424,14.98,21.522,0.83,-0.00181065,0.000530837,-0.000337854,-0.18662465,-0.007633107,-9.808369,-0.2249273,0.046963618,0.051846453,0.060761139,0,0.09,-1.02,272.662
01:39.3,25,0.72,15.42910965,75.0159115,709.625,0.098293585,23.795343,14.975,21.515,0.825,0.000200822,0.003639939,-0.000578913,-0.185149,-0.006982173,-9.808031,-0.1695432,0.05645604,0.06298192,0.07366534,0,0.09,-1.02,272.66
01:39.3,25,0.72,15.42910968,75.0159115,709.622,0.099795208,20.4478436,14.97,21.508,0.82,0.000719873,-0.001157832,-0.0002665,-0.1807198,-0.013300842,-9.8124115,-0.19214894,0.056056436,0.063821534,0.074312504,0,0.09,-1.02,272.66
01:39.3,25,0.72,15.42910971,75.0159115,709.619,0.101296831,17.1003442,14.965,21.501,0.815,0.001238925,-0.005955603,4.59E-05,-0.1762906,-0.01961951,-9.816792,-0.21475468,0.055656832,0.064661148,0.074959668,0,0.09,-1.02,272.66
01:39.4,25,0.72,15.42910974,75.0159115,709.616,0.102798454,13.7528448,14.96,21.494,0.81,0.001479848,-0.006056106,0.000104219,-0.17605465,-0.017101925,-9.815135,-0.23736042,0.055257228,0.065500762,0.075606832,0,0.09,-1.02,272.66
01:39.4,25,0.72,15.42910977,75.0159115,709.613,0.104300077,10.4053454,14.955,21.487,0.805,0.00172077,-0.006156608,0.000162524,-0.1758187,-0.01458434,-9.813478,-0.25996616,0.054857624,0.066340376,0.076253996,0,0.09,-1.02,272.66
01:39.4,25,0.72,15.4291098,75.0159115,709.61,0.1058017,7.057846,14.95,21.48,0.8,0.001589956,-0.006110053,0.000520476,-0.17389115,-0.013758465,-9.8137255,-0.2825719,0.05445802,0.06717999,0.07690116,0,0.09,-1.02,272.66
01:39.4,25,0.72,15.4291098,75.01591151,709.612,0.096425689,11.1887074,14.942,21.469,0.796,0.001459142,-0.006063498,0.000878428,-0.1719636,-0.01293259,-9.813973,-0.27239932,0.045354458,0.055470251,0.063239537,0,0.092,-1.02,272.66
01:39.4,25,0.72,15.4291098,75.01591152,709.614,0.087049678,15.3195688,14.934,21.458,0.792,0.00196728,-0.005905925,0.000716278,-0.1696802,-0.01281223,-9.812999,-0.26222674,0.036250897,0.043760512,0.049577914,0,0.094,-1.02,272.66
01:39.5,25,0.72,15.4291098,75.01591153,709.616,0.077673667,19.4504302,14.926,21.447,0.788,0.002475417,-0.005748351,0.000554128,-0.1673968,-0.01269187,-9.812025,-0.25205416,0.027147335,0.032050772,0.035916292,0,0.096,-1.02,272.66
01:39.5,25,0.72,15.4291098,75.01591154,709.618,0.068297656,23.5812916,14.918,21.436,0.784,0.000784527,-0.002340447,0.00220037,-0.1768804,-0.00930526,-9.813272,-0.24188158,0.018043774,0.020341033,0.022254669,0,0.098,-1.02,272.66
01:39.5,25,0.72,15.4291098,75.01591155,709.62,0.058921645,27.712153,14.91,21.425,0.78,-0.000906363,0.001067456,0.003846613,-0.186364,-0.005918651,-9.814519,-0.231709,0.008940212,0.008631294,0.008593046,0,0.1,-1.02,272.66
01:39.5,25,0.72,15.4291098,75.01591156,709.622,0.049545634,31.8430144,14.902,21.414,0.776,5.78E-05,-0.002106295,0.00221581,-0.17744735,-0.010349876,-9.8176065,-0.24866332,0.009003579,0.008514301,0.008657395,0,0.1,-1.02,272.66
01:39.5,25,0.72,15.4291098,75.01591157,709.624,0.040169623,35.9738758,14.894,21.403,0.772,0.001022009,-0.005280046,0.000585008,-0.1685307,-0.0147811,-9.820694,-0.26561764,0.009066947,0.008397309,0.008721744,0,0.1,-1.02,272.66
01:39.6,25,0.72,15.4291098,75.01591158,709.626,0.030793612,40.1047372,14.886,21.392,0.768,0.000832923,-0.005329468,0.000259848,-0.1687981,-0.01476253,-9.8170095,-0.28257196,0.009130314,0.008280316,0.008786093,0,0.1,-1.02,272.66
01:39.6,25,0.72,15.4291098,75.01591159,709.628,0.021417601,44.2355986,14.878,21.381,0.764,0.000643837,-0.005378889,-6.53E-05,-0.1690655,-0.01474396,-9.813325,-0.29952628,0.009193682,0.008163324,0.008850442,0,0.1,-1.02,272.66
01:39.6,25,0.72,15.4291098,75.0159116,709.63,0.01204159,48.36646,14.87,21.37,0.76,0.000383598,-0.005469698,0.000520203,-0.16827305,-0.014961975,-9.812244,-0.3164806,0.009257049,0.008046331,0.008914791,0,0.1,-1.02,272.66
01:39.6,25,0.72,15.42910981,75.0159116,709.63,0.024598971,45.795003,14.867,21.366,0.772,0.000123359,-0.005560506,0.001105718,-0.1674806,-0.01517999,-9.811163,-0.3447378,0.009290465,0.008363573,0.009135097,0,0.1,-1.02,272.66
01:39.6,25,0.72,15.42910982,75.0159116,709.63,0.037156352,43.223546,14.864,21.362,0.784,0.000361193,-0.005254562,0.00035265,-0.1691505,-0.016750035,-9.8130105,-0.372995,0.00932388,0.008680816,0.009355403,0,0.1,-1.02,272.66
01:39.7,25,0.72,15.42910983,75.0159116,709.63,0.049713733,40.652089,14.861,21.358,0.796,0.000599026,-0.004948618,-0.000400418,-0.1708204,-0.01832008,-9.814858,-0.4012522,0.009357296,0.008998058,0.009575708,0,0.1,-1.02,272.66
01:39.7,25,0.72,15.42910984,75.0159116,709.63,0.062271114,38.080632,14.858,21.354,0.808,0.001554849,-0.004523062,-0.001042356,-0.1740836,-0.009169101,-9.816496,-0.4295094,0.009390711,0.009315301,0.009796014,0,0.1,-1.02,272.66
01:39.7,25,0.72,15.42910985,75.0159116,709.63,0.074828495,35.509175,14.855,21.35,0.82,0.002510671,-0.004097505,-0.001684295,-0.1773468,-1.81E-05,-9.818134,-0.4577666,0.009424127,0.009632543,0.01001632,0,0.1,-1.02,272.66
01:39.7,25,0.72,15.42910986,75.0159116,709.63,0.087385876,32.937718,14.852,21.346,0.832,0.001700389,-0.004847774,-0.000779002,-0.17487775,-0.007489131,-9.817927,-0.42724882,0.009380369,0.009685597,0.009700647,0,0.1,-1.02,272.658
01:39.7,25,0.72,15.42910987,75.0159116,709.63,0.099943257,30.366261,14.849,21.342,0.844,0.000890107,-0.005598042,0.00012629,-0.1724087,-0.01496014,-9.81772,-0.39673104,0.009336611,0.009738651,0.009384974,0,0.1,-1.02,272.656
01:39.8,25,0.72,15.42910988,75.0159116,709.63,0.112500638,27.794804,14.846,21.338,0.856,0.000702505,-0.005004494,0.000795019,-0.172821,-0.012235852,-9.8172215,-0.36621326,0.009292854,0.009791704,0.009069301,0,0.1,-1.02,272.654
01:39.8,25,0.72,15.42910989,75.0159116,709.63,0.125058019,25.223347,14.843,21.334,0.868,0.000514903,-0.004410946,0.001463748,-0.1732333,-0.009511563,-9.816723,-0.33569548,0.009249096,0.009844758,0.008753628,0,0.1,-1.02,272.652
01:39.8,25,0.72,15.4291099,75.0159116,709.63,0.1376154,22.65189,14.84,21.33,0.88,0.000914566,-0.005019549,0.000557572,-0.1721215,-0.013167092,-9.8159915,-0.3051777,0.009205338,0.009897812,0.008437955,0,0.1,-1.02,272.65
01:39.8,25,0.72,15.42910991,75.0159116,709.628,0.130484848,31.695211,14.833,21.321,0.86,0.001314229,-0.005628152,-0.000348605,-0.1710097,-0.01682262,-9.81526,-0.30856856,0.009116735,0.009905753,0.008775166,0,0.1,-1.02,272.65
01:39.8,25,0.72,15.42910992,75.0159116,709.626,0.123354296,40.738532,14.826,21.312,0.84,0.000971016,-0.005622988,1.11E-05,-0.17094655,-0.01693006,-9.813721,-0.31195942,0.009028131,0.009913694,0.009112377,0,0.1,-1.02,272.65
01:39.9,25,0.72,15.42910993,75.0159116,709.624,0.116223744,49.781853,14.819,21.303,0.82,0.000627804,-0.005617823,0.00037076,-0.1708834,-0.0170375,-9.812182,-0.31535028,0.008939528,0.009921636,0.009449588,0,0.1,-1.02,272.65
01:39.9,25,0.72,15.42910994,75.0159116,709.622,0.109093192,58.825174,14.812,21.294,0.8,0.000256422,-0.003566673,-0.000682515,-0.17445115,-0.0093239,-9.8071075,-0.31874114,0.008850924,0.009929577,0.009786799,0,0.1,-1.02,272.65
01:39.9,25,0.72,15.42910995,75.0159116,709.62,0.10196264,67.868495,14.805,21.285,0.78,-0.00011496,-0.001515522,-0.001735791,-0.1780189,-0.0016103,-9.802033,-0.322132,0.008762321,0.009937518,0.01012401,0,0.1,-1.02,272.65
01:39.9,25,0.72,15.42910996,75.0159116,709.618,0.094832088,76.911816,14.798,21.276,0.76,0.00048011,-0.003738976,-0.000680793,-0.17444645,-0.00894505,-9.8102045,-0.3605618,0.008703673,0.009933697,0.010379246,0,0.1,-1.02,272.65
01:39.9,25,0.72,15.42910997,75.0159116,709.616,0.087701536,85.955137,14.791,21.267,0.74,0.00107518,-0.00596243,0.000374205,-0.170874,-0.0162798,-9.818376,-0.3989916,0.008645024,0.009929875,0.010634482,0,0.1,-1.02,272.65
01:40.0,25,0.72,15.42910998,75.0159116,709.614,0.080570984,94.998458,14.784,21.258,0.72,0.001264146,-0.00605676,-7.18E-05,-0.17130865,-0.0134223,-9.816204,-0.4374214,0.008586376,0.009926054,0.010889718,0,0.1,-1.02,272.65
01:40.0,25,0.72,15.42910999,75.0159116,709.612,0.073440432,104.041779,14.777,21.249,0.7,0.001453112,-0.006151089,-0.000517829,-0.1717433,-0.0105648,-9.814032,-0.4758512,0.008527727,0.009922232,0.011144954,0,0.1,-1.02,272.65
01:40.0,25,0.72,15.42911,75.0159116,709.61,0.06630988,113.0851,14.77,21.24,0.68,0.001684937,-0.006622079,-0.00046061,-0.172215,-0.01351323,-9.8142625,-0.514281,0.008469079,0.009918411,0.01140019,0,0.1,-1.02,272.65
01:40.0,25,0.72,15.42911,75.01591161,709.616,0.070273702,134.39258,14.765,21.234,0.686,0.001916763,-0.007093069,-0.000403391,-0.1726867,-0.01646166,-9.814493,-0.48715408,0.008221702,0.009531219,0.010977149,0,0.1,-1.02,272.65
01:40.0,25,0.72,15.42911,75.01591162,709.622,0.074237524,155.70006,14.76,21.228,0.692,0.001381786,-0.006089436,-8.02E-05,-0.1716984,-0.016672525,-9.814073,-0.46002716,0.007974324,0.009144027,0.010554107,0,0.1,-1.02,272.65
01:40.1,25,0.72,15.42911,75.01591163,709.628,0.078201346,177.00754,14.755,21.222,0.698,0.000846809,-0.005085803,0.000243009,-0.1707101,-0.01688339,-9.813653,-0.43290024,0.007726947,0.008756835,0.010131066,0,0.1,-1.02,272.65
01:40.1,25,0.72,15.42911,75.01591164,709.634,0.082165168,198.31502,14.75,21.216,0.704,0.001040139,-0.005196454,0.000517593,-0.17047675,-0.01486067,-9.813706,-0.40577332,0.007479569,0.008369643,0.009708024,0,0.1,-1.02,272.65
01:40.1,25,0.72,15.42911,75.01591165,709.64,0.08612899,219.6225,14.745,21.21,0.71,0.001233469,-0.005307104,0.000792177,-0.1702434,-0.01283795,-9.813759,-0.3786464,0.007232192,0.007982451,0.009284983,0,0.1,-1.02,272.65
01:40.1,25,0.72,15.42911,75.01591166,709.646,0.090092812,240.92998,14.74,21.204,0.716,0.000724987,-0.005140707,0.000493245,-0.1692946,-0.013506135,-9.8142795,-0.33117432,0.0172653,0.019998257,0.020423312,0,0.098,-1.02,272.65
01:40.1,25,0.72,15.42911,75.01591167,709.652,0.094056634,262.23746,14.735,21.198,0.722,0.000216505,-0.00497431,0.000194312,-0.1683458,-0.01417432,-9.8148,-0.28370224,0.027298407,0.032014063,0.031561642,0,0.096,-1.02,272.65
01:40.2,25,0.72,15.42911,75.01591168,709.658,0.098020456,283.54494,14.73,21.192,0.728,0.000420407,-0.005122414,0.000424134,-0.1699377,-0.01461083,-9.8156945,-0.23623016,0.037331515,0.044029868,0.042699971,0,0.094,-1.02,272.65
01:40.2,25,0.72,15.42911,75.01591169,709.664,0.101984278,304.85242,14.725,21.186,0.734,0.000624308,-0.005270518,0.000653955,-0.1715296,-0.01504734,-9.816589,-0.18875808,0.047364622,0.056045674,0.053838301,0,0.092,-1.02,272.65
01:40.2,25,0.72,15.42911,75.0159117,709.67,0.1059481,326.1599,14.72,21.18,0.74,0.001036493,-0.005375315,0.00022088,-0.1714505,-0.01471607,-9.817276,-0.141286,0.05739773,0.06806148,0.06497663,0,0.09,-1.02,272.65
01:40.2,25,0.72,15.42910999,75.01591169,709.67,0.103758646,311.33937,14.713,21.17,0.753,0.001448678,-0.005480112,-0.000212195,-0.1713714,-0.0143848,-9.817963,-0.13337398,0.047690759,0.056235963,0.053964091,0,0.09,-1.022,272.65
01:40.2,25,0.72,15.42910998,75.01591168,709.67,0.101569192,296.51884,14.706,21.16,0.766,0.000800334,-0.005577798,0.000254591,-0.17176425,-0.014208115,-9.8166615,-0.12546196,0.037983787,0.044410445,0.042951552,0,0.09,-1.024,272.65
01:40.3,25,0.72,15.42910997,75.01591167,709.67,0.099379738,281.69831,14.699,21.15,0.779,0.000151989,-0.005675484,0.000721378,-0.1721571,-0.01403143,-9.81536,-0.11754994,0.028276816,0.032584928,0.031939012,0,0.09,-1.026,272.65
01:40.3,25,0.72,15.42910996,75.01591166,709.67,0.097190284,266.87778,14.692,21.14,0.792,0.000853071,-0.004136563,0.000489829,-0.17824225,-0.01172724,-9.811589,-0.10963792,0.018569844,0.02075941,0.020926473,0,0.09,-1.028,272.65
01:40.3,25,0.72,15.42910995,75.01591165,709.67,0.09500083,252.05725,14.685,21.13,0.805,0.001554153,-0.002597641,0.00025828,-0.1843274,-0.009423049,-9.807818,-0.1017259,0.008862873,0.008933893,0.009913934,0,0.09,-1.03,272.65
01:40.3,25,0.72,15.42910994,75.01591164,709.67,0.092811376,237.23672,14.678,21.12,0.818,0.001736741,-0.00409225,0.000292454,-0.17726675,-0.012923575,-9.81167,-0.15032828,0.008674163,0.008876241,0.009619169,0,0.09,-1.028,272.65
01:40.3,25,0.72,15.42910993,75.01591163,709.67,0.090621922,222.41619,14.671,21.11,0.831,0.001919329,-0.005586859,0.000326629,-0.1702061,-0.0164241,-9.815522,-0.19893066,0.008485453,0.008818588,0.009324404,0,0.09,-1.026,272.65
01:40.4,25,0.72,15.42910992,75.01591162,709.67,0.088432468,207.59566,14.664,21.1,0.844,0.000907911,-0.00589161,0.000232349,-0.1701464,-0.017046675,-9.8144,-0.24753304,0.008296743,0.008760936,0.009029638,0,0.09,-1.024,272.65
01:40.4,25,0.72,15.42910991,75.01591161,709.67,0.086243014,192.77513,14.657,21.09,0.857,-0.000103507,-0.00619636,0.000138069,-0.1700867,-0.01766925,-9.813278,-0.29613542,0.008108033,0.008703283,0.008734873,0,0.09,-1.022,272.65
01:40.4,25,0.72,15.4291099,75.0159116,709.67,0.08405356,177.9546,14.65,21.08,0.87,0.000441733,-0.005644378,0.000108972,-0.1691494,-0.01737655,-9.814993,-0.3447378,0.007919323,0.008645631,0.008440108,0,0.09,-1.02,272.65
01:40.4,25,0.72,15.42910988,75.0159116,709.669,0.087731254,175.29052,14.646,21.074,0.864,0.000986973,-0.005092396,7.99E-05,-0.1682121,-0.01708385,-9.816708,-0.34360752,0.008016698,0.008711979,0.008673947,0,0.092,-1.022,272.648
01:40.4,25,0.72,15.42910986,75.0159116,709.668,0.091408948,172.62644,14.642,21.068,0.858,-7.83E-05,-0.001951752,0.00129537,-0.1702779,-0.015487965,-9.8104205,-0.34247724,0.008114073,0.008778328,0.008907786,0,0.094,-1.024,272.646
01:40.5,25,0.72,15.42910984,75.0159116,709.667,0.095086642,169.96236,14.638,21.062,0.852,-0.001143598,0.001188893,0.002510865,-0.1723437,-0.01389208,-9.804133,-0.34134696,0.008211448,0.008844676,0.009141624,0,0.096,-1.026,272.644
01:40.5,25,0.72,15.42910982,75.0159116,709.666,0.098764336,167.29828,14.634,21.056,0.846,0.000121796,-0.002351538,0.001838768,-0.1699978,-0.015018265,-9.807138,-0.34021668,0.008308823,0.008911025,0.009375463,0,0.098,-1.028,272.642
01:40.5,25,0.72,15.4291098,75.0159116,709.665,0.10244203,164.6342,14.63,21.05,0.84,0.00138719,-0.005891968,0.001166671,-0.1676519,-0.01614445,-9.810143,-0.3390864,0.008406198,0.008977373,0.009609302,0,0.1,-1.03,272.64
01:40.5,25,0.72,15.42910978,75.0159116,709.664,0.106119724,161.97012,14.626,21.044,0.834,0.000959536,-0.005569015,0.000742988,-0.16938165,-0.01669512,-9.8125825,-0.30517776,0.008348208,0.008942765,0.009480106,0,0.1,-1.028,272.64
01:40.5,25,0.72,15.42910976,75.0159116,709.663,0.109797418,159.30604,14.622,21.038,0.828,0.000531882,-0.005246061,0.000319305,-0.1711114,-0.01724579,-9.815022,-0.27126912,0.008290217,0.008908157,0.00935091,0,0.1,-1.026,272.64
01:40.6,25,0.72,15.42910974,75.0159116,709.662,0.113475112,156.64196,14.618,21.032,0.822,0.000667553,-0.004628323,0.000222448,-0.1708394,-0.01653943,-9.81675,-0.23736048,0.008232227,0.008873548,0.009221713,0,0.1,-1.024,272.64
01:40.6,25,0.72,15.42910972,75.0159116,709.661,0.117152806,153.97788,14.614,21.026,0.816,0.000803224,-0.004010584,0.000125592,-0.1705674,-0.01583307,-9.818478,-0.20345184,0.008174236,0.00883894,0.009092517,0,0.1,-1.022,272.64
01:40.6,25,0.72,15.4291097,75.0159116,709.66,0.1208305,151.3138,14.61,21.02,0.81,0.001286839,-0.004320117,0.000428157,-0.17074585,-0.013931055,-9.817244,-0.1695432,0.008116246,0.008804332,0.008963321,0,0.1,-1.02,272.64
01:40.6,24.9,0.727,15.42910969,75.01591158,709.655,0.112320964,161.38963,14.605,21.014,0.795,0.001770455,-0.004629649,0.000730722,-0.1709243,-0.01202904,-9.81601,-0.20119126,0.008280345,0.008814178,0.009129958,0,0.1,-1.02,272.64
01:40.6,24.8,0.734,15.42910968,75.01591156,709.65,0.103811428,171.46546,14.6,21.008,0.78,0.000898345,-0.000680141,-0.000308033,-0.1842425,-0.006983785,-9.8110775,-0.23283932,0.008444444,0.008824023,0.009296595,0,0.1,-1.02,272.64
01:40.7,24.7,0.741,15.42910967,75.01591154,709.645,0.095301892,181.54129,14.595,21.002,0.765,2.62E-05,0.003269367,-0.001346787,-0.1975607,-0.00193853,-9.806145,-0.26448738,0.008608544,0.008833869,0.009463232,0,0.1,-1.02,272.64
01:40.7,24.6,0.748,15.42910966,75.01591152,709.64,0.086792356,191.61712,14.59,20.996,0.75,0.000577395,-0.000821418,-0.000489381,-0.1842765,-0.00837586,-9.8110105,-0.29613544,0.008772643,0.008843714,0.009629869,0,0.1,-1.02,272.64
01:40.7,24.5,0.755,15.42910965,75.0159115,709.635,0.07828282,201.69295,14.585,20.99,0.735,0.001128554,-0.004912203,0.000368025,-0.1709923,-0.01481319,-9.815876,-0.3277835,0.008936742,0.00885356,0.009796506,0,0.1,-1.02,272.64
01:40.7,24.4,0.762,15.42910964,75.01591148,709.63,0.069773284,211.76878,14.58,20.984,0.72,0.001059344,-0.005394443,1.93E-05,-0.17116175,-0.014961845,-9.816299,-0.32439264,0.008827186,0.008909431,0.00975075,0,0.1,-1.02,272.64
01:40.7,24.3,0.769,15.42910963,75.01591146,709.625,0.061263748,221.84461,14.575,20.978,0.705,0.000990135,-0.005876683,-0.0003295,-0.1713312,-0.0151105,-9.816722,-0.32100178,0.00871763,0.008965302,0.009704994,0,0.1,-1.02,272.64
01:40.8,24.2,0.776,15.42910962,75.01591144,709.62,0.052754212,231.92044,14.57,20.972,0.69,0.00129569,-0.005344393,0.000445669,-0.17175315,-0.014294635,-9.8163955,-0.31761092,0.008608075,0.009021173,0.009659238,0,0.1,-1.02,272.64
01:40.8,24.1,0.783,15.42910961,75.01591142,709.615,0.044244676,241.99627,14.565,20.966,0.675,0.001601245,-0.004812102,0.001220838,-0.1721751,-0.01347877,-9.816069,-0.31422006,0.008498519,0.009077044,0.009613482,0,0.1,-1.02,272.64
01:40.8,24,0.79,15.4291096,75.0159114,709.61,0.03573514,252.0721,14.56,20.96,0.66,0.000253866,-0.002444675,-0.000578609,-0.17459015,-0.01533946,-9.808616,-0.3108292,0.008388963,0.009132915,0.009567726,0,0.1,-1.02,272.64
01:40.8,24,0.79,15.42910959,75.0159114,709.611,0.035614161,227.865688,14.556,20.955,0.676,-0.001093513,-7.72E-05,-0.002378057,-0.1770052,-0.01720015,-9.801163,-0.32439264,0.017879442,0.020360482,0.022095355,0,0.1,-1.02,272.64
01:40.8,24,0.79,15.42910958,75.0159114,709.612,0.035493182,203.659276,14.552,20.95,0.692,-0.000319123,-0.000322016,-0.000520267,-0.1811321,-0.009679984,-9.8041505,-0.33795608,0.027369922,0.031588049,0.034622984,0,0.1,-1.02,272.64
01:40.9,24,0.79,15.42910957,75.0159114,709.613,0.035372203,179.452864,14.548,20.945,0.708,0.000455267,-0.000566784,0.001337523,-0.185259,-0.002159817,-9.807138,-0.35151952,0.036860401,0.042815616,0.047150612,0,0.1,-1.02,272.64
01:40.9,24,0.79,15.42910956,75.0159114,709.614,0.035251224,155.246452,14.544,20.94,0.724,0.000888216,-0.002681316,0.000863799,-0.1763753,-0.008099914,-9.811655,-0.36508296,0.046350881,0.054043183,0.059678241,0,0.1,-1.02,272.64
01:40.9,24,0.79,15.42910955,75.0159114,709.615,0.035130245,131.04004,14.54,20.935,0.74,0.001321165,-0.004795849,0.000390075,-0.1674916,-0.01404001,-9.816172,-0.3786464,0.05584136,0.06527075,0.07220587,0,0.1,-1.02,272.64
01:40.9,24,0.79,15.42910954,75.0159114,709.616,0.035009266,106.833628,14.536,20.93,0.756,0.001212361,-0.004666606,0.000821327,-0.1690064,-0.013687285,-9.8176635,-0.3515195,0.046481774,0.054073915,0.059845984,0,0.1,-1.022,272.638
01:40.9,24,0.79,15.42910953,75.0159114,709.617,0.034888287,82.627216,14.532,20.925,0.772,0.001103556,-0.004537362,0.001252579,-0.1705212,-0.01333456,-9.819155,-0.3243926,0.037122188,0.04287708,0.047486098,0,0.1,-1.024,272.636
01:41.0,24,0.79,15.42910952,75.0159114,709.618,0.034767308,58.420804,14.528,20.92,0.788,0.00086579,-0.004971965,0.000949397,-0.16927465,-0.01374883,-9.8179875,-0.2972657,0.027762602,0.031680246,0.035126212,0,0.1,-1.026,272.634
01:41.0,24,0.79,15.42910951,75.0159114,709.619,0.034646329,34.214392,14.524,20.915,0.804,0.000628025,-0.005406567,0.000646216,-0.1680281,-0.0141631,-9.81682,-0.2701388,0.018403016,0.020483411,0.022766326,0,0.1,-1.028,272.632
01:41.0,24,0.79,15.4291095,75.0159114,709.62,0.03452535,10.00798,14.52,20.91,0.82,0.000316986,-0.005391358,0.000188312,-0.1704482,-0.015374135,-9.8160685,-0.2430119,0.00904343,0.009286576,0.01040644,0,0.1,-1.03,272.63
01:41.0,24,0.79,15.42910949,75.01591141,709.623,0.03827351,26.047872,14.516,20.905,0.832,5.95E-06,-0.005376148,-0.000269591,-0.1728683,-0.01658517,-9.815317,-0.25318448,0.008936379,0.009305794,0.010584764,0,0.1,-1.03,272.63
01:41.0,24,0.79,15.42910948,75.01591142,709.626,0.04202167,42.087764,14.512,20.9,0.844,-0.000705688,-0.005302107,-0.000841897,-0.17748495,-0.011847829,-9.8122765,-0.26335706,0.008829327,0.009325013,0.010763088,0,0.1,-1.03,272.63
01:41.1,24,0.79,15.42910947,75.01591143,709.629,0.04576983,58.127656,14.508,20.895,0.856,-0.001417322,-0.005228065,-0.001414202,-0.1821016,-0.007110488,-9.809236,-0.27352964,0.008722276,0.009344231,0.010941412,0,0.1,-1.03,272.63
01:41.1,24,0.79,15.42910946,75.01591144,709.632,0.04951799,74.167548,14.504,20.89,0.868,0.000253908,-0.005566348,-0.000734443,-0.1755124,-0.011240914,-9.812215,-0.28370222,0.008615224,0.00936345,0.011119736,0,0.1,-1.03,272.63
01:41.1,24,0.79,15.42910945,75.01591145,709.635,0.05326615,90.20744,14.5,20.885,0.88,0.001925138,-0.005904631,-5.47E-05,-0.1689232,-0.01537134,-9.815194,-0.2938748,0.008508173,0.009382668,0.01129806,0,0.1,-1.03,272.63
01:41.1,24,0.79,15.42910944,75.01591146,709.638,0.05701431,106.247332,14.496,20.88,0.892,0.001509399,-0.005716819,-0.000329882,-0.1693401,-0.013808625,-9.8160805,-0.32665316,0.00849651,0.009790944,0.01126724,0,0.1,-1.03,272.63
01:41.1,24,0.79,15.42910943,75.01591147,709.641,0.06076247,122.287224,14.492,20.875,0.904,0.001093659,-0.005529007,-0.000605081,-0.169757,-0.01224591,-9.816967,-0.35943152,0.008484847,0.010199221,0.01123642,0,0.1,-1.03,272.63
01:41.2,24,0.79,15.42910942,75.01591148,709.644,0.06451063,138.327116,14.488,20.87,0.916,0.001565141,-0.005747412,-0.000403388,-0.17149555,-0.014379875,-9.8150575,-0.39220988,0.008473183,0.010607497,0.0112056,0,0.1,-1.03,272.63
01:41.2,24,0.79,15.42910941,75.01591149,709.647,0.06825879,154.367008,14.484,20.865,0.928,0.002036622,-0.005965816,-0.000201695,-0.1732341,-0.01651384,-9.813148,-0.42498824,0.00846152,0.011015774,0.01117478,0,0.1,-1.03,272.63
01:41.2,24,0.79,15.4291094,75.0159115,709.65,0.07200695,170.4069,14.48,20.86,0.94,0.001264593,-0.0063123,-0.000323394,-0.1732845,-0.01416554,-9.813874,-0.4577666,0.008449857,0.01142405,0.01114396,0,0.1,-1.03,272.63
01:41.2,24,0.79,15.42910939,75.01591149,709.648,0.071068843,167.51452,14.476,20.855,0.918,0.000492565,-0.006658784,-0.000445093,-0.1733349,-0.01181724,-9.8146,-0.42837912,0.008609609,0.011369118,0.010810799,0,0.1,-1.03,272.63
01:41.2,24,0.79,15.42910938,75.01591148,709.646,0.070130736,164.62214,14.472,20.85,0.896,0.000186444,-0.001839864,-0.000148771,-0.17638115,-0.012456945,-9.8094935,-0.39899164,0.008769362,0.011314186,0.010477638,0,0.1,-1.03,272.63
01:41.3,24,0.79,15.42910937,75.01591147,709.644,0.069192629,161.72976,14.468,20.845,0.874,-0.000119676,0.002979056,0.000147552,-0.1794274,-0.01309665,-9.804387,-0.36960416,0.008929114,0.011259254,0.010144478,0,0.1,-1.03,272.63
01:41.3,24,0.79,15.42910936,75.01591146,709.642,0.068254522,158.83738,14.464,20.84,0.852,0.000307342,-0.001685804,0.00011614,-0.17725525,-0.011282644,-9.8093525,-0.34021668,0.009088867,0.011204322,0.009811317,0,0.1,-1.03,272.63
01:41.3,24,0.79,15.42910935,75.01591145,709.64,0.067316415,155.945,14.46,20.835,0.83,0.00073436,-0.006350663,8.47E-05,-0.1750831,-0.009468638,-9.814318,-0.3108292,0.009248619,0.01114939,0.009478156,0,0.1,-1.03,272.63
01:41.3,24,0.79,15.42910934,75.01591144,709.638,0.066378308,153.05262,14.456,20.83,0.808,0.000983623,-0.005672418,6.82E-05,-0.17182705,-0.012920949,-9.814609,-0.28935372,0.00927846,0.010931002,0.009152897,0,0.1,-1.03,272.628
01:41.3,24,0.79,15.42910933,75.01591143,709.636,0.065440201,150.16024,14.452,20.825,0.786,0.001232886,-0.004994173,5.17E-05,-0.168571,-0.01637326,-9.8149,-0.26787824,0.009308302,0.010712614,0.008827638,0,0.1,-1.03,272.626
01:41.4,24,0.79,15.42910932,75.01591142,709.634,0.064502094,147.26786,14.448,20.82,0.764,0.000847967,-0.005081577,-1.92E-05,-0.169581,-0.013899105,-9.815468,-0.24640276,0.009338143,0.010494226,0.00850238,0,0.1,-1.03,272.624
01:41.4,24,0.79,15.42910931,75.01591141,709.632,0.063563987,144.37548,14.444,20.815,0.742,0.000463047,-0.005168981,-9.02E-05,-0.170591,-0.01142495,-9.816036,-0.22492728,0.009367985,0.010275838,0.008177121,0,0.1,-1.03,272.622
01:41.4,24,0.79,15.4291093,75.0159114,709.63,0.06262588,141.4831,14.44,20.81,0.72,0.000754444,-0.005892943,0.0001394,-0.1683531,-0.014396125,-9.8149145,-0.2034518,0.009397826,0.01005745,0.007851862,0,0.1,-1.03,272.62
01:41.4,24,0.79,15.4291093,75.01591139,709.627,0.063706997,153.70939,14.437,20.805,0.714,0.00104584,-0.006616904,0.000368951,-0.1661152,-0.0173673,-9.813793,-0.22718784,0.009241581,0.010086236,0.007904789,0,0.1,-1.03,272.62
01:41.4,24,0.79,15.4291093,75.01591138,709.624,0.064788114,165.93568,14.434,20.8,0.708,0.000129104,-0.000960464,0.001153733,-0.1727944,-0.015548985,-9.8009575,-0.25092388,0.009085336,0.010115022,0.007957716,0,0.1,-1.03,272.62
01:41.5,24,0.79,15.4291093,75.01591137,709.621,0.065869231,178.16197,14.431,20.795,0.702,-0.000787632,0.004695976,0.001938514,-0.1794736,-0.01373067,-9.788122,-0.27465992,0.008929091,0.010143808,0.008010644,0,0.1,-1.03,272.62
01:41.5,24,0.79,15.4291093,75.01591136,709.618,0.066950348,190.38826,14.428,20.79,0.696,-2.55E-05,0.000332481,0.001235228,-0.17262735,-0.01591084,-9.804077,-0.29839596,0.008772846,0.010172594,0.008063571,0,0.1,-1.03,272.62
01:41.5,24,0.79,15.4291093,75.01591135,709.615,0.068031465,202.61455,14.425,20.785,0.69,0.000736608,-0.004031015,0.000531941,-0.1657811,-0.01809101,-9.820032,-0.322132,0.008616601,0.01020138,0.008116498,0,0.1,-1.03,272.62
01:41.5,24,0.79,15.4291093,75.01591134,709.612,0.069112582,214.84084,14.422,20.78,0.684,0.000927166,-0.004636522,1.28E-05,-0.1701559,-0.01671496,-9.8171315,-0.31874114,0.018081219,0.021275906,0.021086776,0,0.1,-1.03,272.62
01:41.5,24,0.79,15.4291093,75.01591133,709.609,0.070193699,227.06713,14.419,20.775,0.678,0.001117724,-0.005242029,-0.000506331,-0.1745307,-0.01533891,-9.814231,-0.31535028,0.027545837,0.032350432,0.034057055,0,0.1,-1.03,272.62
01:41.6,24,0.79,15.4291093,75.01591132,709.606,0.071274816,239.29342,14.416,20.77,0.672,0.00129481,-0.006336579,-0.000582576,-0.1726664,-0.01590222,-9.813601,-0.31195942,0.037010454,0.043424958,0.047027333,0,0.1,-1.03,272.62
01:41.6,24,0.79,15.4291093,75.01591131,709.603,0.072355933,251.51971,14.413,20.765,0.666,0.001471895,-0.007431128,-0.000658822,-0.1708021,-0.01646553,-9.812971,-0.30856856,0.046475072,0.054499484,0.059997612,0,0.1,-1.03,272.62
01:41.6,24,0.79,15.4291093,75.0159113,709.6,0.07343705,263.746,14.41,20.76,0.66,0.001439174,-0.006396911,-0.000777337,-0.1711584,-0.01690689,-9.8156775,-0.3051777,0.05593969,0.06557401,0.07296789,0,0.1,-1.03,272.62
01:41.6,24,0.79,15.42910929,75.0159113,709.602,0.070486522,251.24054,14.406,20.755,0.664,0.001406452,-0.005362693,-0.000895853,-0.1715147,-0.01734825,-9.818384,-0.2859628,0.056445596,0.065098946,0.072829984,0,0.1,-1.03,272.62
01:41.6,24,0.79,15.42910928,75.0159113,709.604,0.067535994,238.73508,14.402,20.75,0.668,0.001389514,-0.0050712,9.25E-05,-0.17266455,-0.01667624,-9.8172835,-0.2667479,0.056951502,0.064623882,0.072692078,0,0.1,-1.03,272.62
01:41.7,24,0.79,15.42910927,75.0159113,709.606,0.064585466,226.22962,14.398,20.745,0.672,0.001372576,-0.004779706,0.001080939,-0.1738144,-0.01600423,-9.816183,-0.247533,0.057457408,0.064148818,0.072554172,0,0.1,-1.03,272.62
01:41.7,24,0.79,15.42910926,75.0159113,709.608,0.061634938,213.72416,14.394,20.74,0.676,0.001243903,-0.005246748,0.00054546,-0.17260635,-0.016682475,-9.815121,-0.2283181,0.057963314,0.063673754,0.072416266,0,0.1,-1.03,272.62
01:41.7,24,0.79,15.42910925,75.0159113,709.61,0.05868441,201.2187,14.39,20.735,0.68,0.001115229,-0.00571379,9.98E-06,-0.1713983,-0.01736072,-9.814059,-0.2091032,0.05846922,0.06319869,0.07227836,0,0.1,-1.03,272.62
01:41.7,24,0.79,15.42910924,75.0159113,709.612,0.055733882,188.71324,14.386,20.73,0.684,0.000933832,-0.00533321,0.000277055,-0.1705806,-0.01703213,-9.8154545,-0.23057868,0.048514191,0.052391822,0.059694984,0,0.1,-1.03,272.618
01:41.7,24,0.79,15.42910923,75.0159113,709.614,0.052783354,176.20778,14.382,20.725,0.688,0.000752435,-0.004952631,0.000544129,-0.1697629,-0.01670354,-9.81685,-0.25205416,0.038559163,0.041584955,0.047111608,0,0.1,-1.03,272.616
01:41.8,24,0.79,15.42910922,75.0159113,709.616,0.049832826,163.70232,14.378,20.72,0.692,0.000678997,-0.005184889,0.000531052,-0.1709889,-0.016202325,-9.818682,-0.27352964,0.028604134,0.030778087,0.034528233,0,0.1,-1.03,272.614
01:41.8,24,0.79,15.42910921,75.0159113,709.618,0.046882298,151.19686,14.374,20.715,0.696,0.000605559,-0.005417147,0.000517975,-0.1722149,-0.01570111,-9.820514,-0.29500512,0.018649106,0.01997122,0.021944857,0,0.1,-1.03,272.612
01:41.8,24,0.79,15.4291092,75.0159113,709.62,0.04393177,138.6914,14.37,20.71,0.7,-0.000842012,-0.003414268,0.001458612,-0.18231155,-0.00879449,-9.8182295,-0.3164806,0.008694077,0.009164352,0.009361481,0,0.1,-1.03,272.61
01:41.8,24,0.79,15.42910921,75.01591129,709.617,0.046914229,128.882389,14.366,20.705,0.717,-0.002289583,-0.001411388,0.002399249,-0.1924082,-0.00188787,-9.815945,-0.31535032,0.008798967,0.00903358,0.009137171,0,0.1,-1.03,272.61
01:41.8,24,0.79,15.42910922,75.01591128,709.614,0.049896688,119.073378,14.362,20.7,0.734,-0.002068718,-0.000328165,0.000860958,-0.18599165,-0.003430234,-9.8063475,-0.31422004,0.008903856,0.008902808,0.008912862,0,0.1,-1.03,272.61
01:41.9,24,0.79,15.42910923,75.01591127,709.611,0.052879147,109.264367,14.358,20.695,0.751,-0.001847853,0.000755058,-0.000677333,-0.1795751,-0.004972598,-9.79675,-0.31308976,0.009008746,0.008772035,0.008688552,0,0.1,-1.03,272.61
01:41.9,24,0.79,15.42910924,75.01591126,709.608,0.055861606,99.455356,14.354,20.69,0.768,-0.000418167,-0.00170782,-0.000433544,-0.17620465,-0.010318664,-9.807007,-0.31195948,0.009113635,0.008641263,0.008464243,0,0.1,-1.03,272.61
01:41.9,24,0.79,15.42910925,75.01591125,709.605,0.058844065,89.646345,14.35,20.685,0.785,0.001011519,-0.004170698,-0.000189754,-0.1728342,-0.01566473,-9.817264,-0.3108292,0.009218525,0.008510491,0.008239933,0,0.1,-1.03,272.61
01:41.9,24,0.79,15.42910926,75.01591124,709.602,0.061826524,79.837334,14.346,20.68,0.802,0.000850218,-0.004667803,0.000143567,-0.1723228,-0.012649596,-9.818303,-0.28596286,0.008983735,0.00869851,0.008391274,0,0.1,-1.03,272.61
01:41.9,24,0.79,15.42910927,75.01591123,709.599,0.064808983,70.028323,14.342,20.675,0.819,0.000688917,-0.005164907,0.000476889,-0.1718114,-0.009634461,-9.819342,-0.26109652,0.008748945,0.008886528,0.008542614,0,0.1,-1.03,272.61
01:42.0,24,0.79,15.42910928,75.01591122,709.596,0.067791442,60.219312,14.338,20.67,0.836,0.000887365,-0.004553697,0.000482591,-0.17083205,-0.013031111,-9.819242,-0.23623018,0.008514155,0.009074547,0.008693955,0,0.1,-1.03,272.61
01:42.0,24,0.79,15.42910929,75.01591121,709.593,0.070773901,50.410301,14.334,20.665,0.853,0.001085814,-0.003942487,0.000488293,-0.1698527,-0.01642776,-9.819142,-0.21136384,0.008279365,0.009262565,0.008845295,0,0.1,-1.03,272.61
01:42.0,24,0.79,15.4291093,75.0159112,709.59,0.07375636,40.60129,14.33,20.66,0.87,0.000883928,-0.004876446,0.000584002,-0.16897405,-0.014738795,-9.8195345,-0.1864975,0.008044575,0.009450584,0.008996636,0,0.1,-1.03,272.61
01:42.0,24,0.79,15.42910928,75.01591122,709.591,0.083743044,51.144701,14.327,20.655,0.865,0.000682041,-0.005810405,0.000679712,-0.1680954,-0.01304983,-9.819927,-0.23509988,0.00803636,0.009282899,0.008946469,0,0.1,-1.03,272.61
01:42.0,24,0.79,15.42910926,75.01591124,709.592,0.093729728,61.688112,14.324,20.65,0.86,-0.00124228,-0.004250599,0.000176931,-0.17365585,-0.01507743,-9.8081335,-0.28370226,0.008028146,0.009115214,0.008896301,0,0.1,-1.03,272.61
01:42.1,24,0.79,15.42910924,75.01591126,709.593,0.103716412,72.231523,14.321,20.645,0.855,-0.003166601,-0.002690792,-0.000325849,-0.1792163,-0.01710503,-9.79634,-0.33230464,0.008019931,0.00894753,0.008846134,0,0.1,-1.03,272.61
01:42.1,24,0.79,15.42910922,75.01591128,709.594,0.113703096,82.774934,14.318,20.64,0.85,-0.00062285,-0.004465429,0.000230786,-0.17359415,-0.01484443,-9.8094395,-0.38090702,0.008011717,0.008779845,0.008795966,0,0.1,-1.03,272.61
01:42.1,24,0.79,15.4291092,75.0159113,709.595,0.12368978,93.318345,14.315,20.635,0.845,0.001920901,-0.006240066,0.000787421,-0.167972,-0.01258383,-9.822539,-0.4295094,0.008003502,0.00861216,0.008745799,0,0.1,-1.03,272.61
01:42.1,24,0.79,15.42910918,75.01591132,709.596,0.133676464,103.861756,14.312,20.63,0.84,0.001576213,-0.006032726,0.000543128,-0.16917805,-0.015886435,-9.8199845,-0.4283791,0.007978966,0.008824799,0.009128149,0,0.1,-1.03,272.61
01:42.1,24,0.79,15.42910916,75.01591134,709.597,0.143663148,114.405167,14.309,20.625,0.835,0.001231524,-0.005825385,0.000298834,-0.1703841,-0.01918904,-9.81743,-0.4272488,0.007954429,0.009037438,0.009510499,0,0.1,-1.03,272.61
01:42.2,24,0.79,15.42910914,75.01591136,709.598,0.153649832,124.948578,14.306,20.62,0.83,0.0010372,-0.005915854,0.000504117,-0.1685526,-0.015428975,-9.820111,-0.4261185,0.007929893,0.009250078,0.00989285,0,0.1,-1.03,272.61
01:42.2,24,0.79,15.42910912,75.01591138,709.599,0.163636516,135.491989,14.303,20.615,0.825,0.000842875,-0.006006322,0.0007094,-0.1667211,-0.01166891,-9.822792,-0.4249882,0.007905356,0.009462717,0.0102752,0,0.1,-1.03,272.61
01:42.2,24,0.79,15.4291091,75.0159114,709.6,0.1736232,146.0354,14.3,20.61,0.82,0.000782704,-0.005191387,-0.000114377,-0.17525785,-0.006361214,-9.8118355,-0.4238579,0.00788082,0.009675356,0.01065755,0,0.1,-1.03,272.61
01:42.2,24,0.79,15.42910908,75.01591141,709.599,0.159362493,147.35463,14.294,20.602,0.821,0.000722532,-0.004376451,-0.000938154,-0.1837946,-0.001053517,-9.800879,-0.3865584,0.008005044,0.009451929,0.01055724,0,0.1,-1.03,272.608
01:42.2,24,0.79,15.42910906,75.01591142,709.598,0.145101786,148.67386,14.288,20.594,0.822,-0.000418443,-0.003913706,-0.000865884,-0.17944085,-0.000373295,-9.8023315,-0.3492589,0.008129267,0.009228502,0.01045693,0,0.1,-1.03,272.606
01:42.3,24,0.79,15.42910904,75.01591143,709.597,0.130841079,149.99309,14.282,20.586,0.823,-0.001559418,-0.00345096,-0.000793614,-0.1750871,0.000306928,-9.803784,-0.3119594,0.008253491,0.009005075,0.01035662,0,0.1,-1.03,272.604
01:42.3,24,0.79,15.42910902,75.01591144,709.596,0.116580372,151.31232,14.276,20.578,0.824,-0.000113411,-0.004464416,-0.000136226,-0.1741671,-0.007502071,-9.8120365,-0.2746599,0.008377714,0.008781648,0.01025631,0,0.1,-1.03,272.602
01:42.3,24,0.79,15.429109,75.01591145,709.595,0.102319665,152.63155,14.27,20.57,0.825,0.001332596,-0.005477872,0.000521163,-0.1732471,-0.01531107,-9.820289,-0.2373604,0.008501938,0.008558221,0.010156,0,0.1,-1.03,272.6
01:42.3,24,0.79,15.42910898,75.01591146,709.594,0.088058958,153.95078,14.264,20.562,0.826,0.001633415,-0.005459206,0.000502341,-0.171666,-0.015948515,-9.8183705,-0.25092386,0.017538874,0.019375005,0.02218091,0,0.1,-1.03,272.6
01:42.3,24,0.79,15.42910896,75.01591147,709.593,0.073798251,155.27001,14.258,20.554,0.827,0.001934234,-0.005440539,0.00048352,-0.1700849,-0.01658596,-9.816452,-0.26448732,0.026575811,0.030191789,0.03420582,0,0.1,-1.03,272.6
01:42.4,24,0.79,15.42910894,75.01591148,709.592,0.059537544,156.58924,14.252,20.546,0.828,0.001426112,-0.005454844,0.000907783,-0.17175965,-0.015787655,-9.8186805,-0.27805078,0.035612747,0.041008572,0.04623073,0,0.1,-1.03,272.6
01:42.4,24,0.79,15.42910892,75.01591149,709.591,0.045276837,157.90847,14.246,20.538,0.829,0.000917989,-0.005469149,0.001332046,-0.1734344,-0.01498935,-9.820909,-0.29161424,0.044649684,0.051825356,0.05825564,0,0.1,-1.03,272.6
01:42.4,24,0.79,15.4291089,75.0159115,709.59,0.03101613,159.2277,14.24,20.53,0.83,0.001278255,-0.005098926,0.000543719,-0.1729506,-0.01558916,-9.8217345,-0.3051777,0.05368662,0.06264214,0.07028055,0,0.1,-1.03,272.6
01:42.4,23.9,0.796,15.42910889,75.01591148,709.587,0.045085717,164.785,14.237,20.527,0.842,0.001638521,-0.004728702,-0.000244608,-0.1724668,-0.01618897,-9.82256,-0.27465994,0.044610588,0.051985675,0.058533292,0,0.1,-1.03,272.6
01:42.4,23.8,0.802,15.42910888,75.01591146,709.584,0.059155304,170.3423,14.234,20.524,0.854,-0.001366077,-0.002240574,-0.000331634,-0.1764314,-0.009321443,-9.8216205,-0.24414218,0.035534556,0.04132921,0.046786034,0,0.1,-1.03,272.6
01:42.5,23.7,0.808,15.42910887,75.01591144,709.581,0.073224891,175.8996,14.231,20.521,0.866,-0.004370674,0.000247554,-0.00041866,-0.180396,-0.002453916,-9.820681,-0.21362442,0.026458525,0.030672746,0.035038776,0,0.1,-1.03,272.6
01:42.5,23.6,0.814,15.42910886,75.01591142,709.578,0.087294478,181.4569,14.228,20.518,0.878,-0.001916788,-0.001984424,0.000199894,-0.17470205,-0.008476823,-9.8195865,-0.18310666,0.017382493,0.020016281,0.023291518,0,0.1,-1.03,272.6
01:42.5,23.5,0.82,15.42910885,75.0159114,709.575,0.101364065,187.0142,14.225,20.515,0.89,0.000537099,-0.004216401,0.000818449,-0.1690081,-0.01449973,-9.818492,-0.1525889,0.008306461,0.009359816,0.01154426,0,0.1,-1.03,272.6
01:42.5,23.4,0.826,15.42910884,75.01591138,709.572,0.115433652,192.5715,14.222,20.512,0.902,0.000709705,-0.004953425,0.000438764,-0.1704111,-0.012482635,-9.8181945,-0.18310666,0.008629717,0.009417828,0.011558284,0,0.1,-1.03,272.6
01:42.5,23.3,0.832,15.42910883,75.01591136,709.569,0.129503239,198.1288,14.219,20.509,0.914,0.000882312,-0.005690449,5.91E-05,-0.1718141,-0.01046554,-9.817897,-0.21362442,0.008952972,0.00947584,0.011572308,0,0.1,-1.03,272.6
01:42.6,23.2,0.838,15.42910882,75.01591134,709.566,0.143572826,203.6861,14.216,20.506,0.926,0.00142262,-0.005525676,0.00051251,-0.1721498,-0.013362415,-9.8184295,-0.24414218,0.009276228,0.009533852,0.011586332,0,0.1,-1.03,272.6
01:42.6,23.1,0.844,15.42910881,75.01591132,709.563,0.157642413,209.2434,14.213,20.503,0.938,0.001962928,-0.005360902,0.000965941,-0.1724855,-0.01625929,-9.818962,-0.27465994,0.009599483,0.009591864,0.011600356,0,0.1,-1.03,272.6
01:42.6,23,0.85,15.4291088,75.0159113,709.56,0.171712,214.8007,14.21,20.5,0.95,0.000828193,-0.003565641,-0.000196193,-0.1803063,-0.01433303,-9.8139825,-0.3051777,0.009922739,0.009649876,0.01161438,0,0.1,-1.03,272.6
01:42.6,23,0.85,15.42910879,75.01591128,709.555,0.159573692,198.223456,14.204,20.492,0.923,-0.000306543,-0.001770381,-0.001358327,-0.1881271,-0.01240677,-9.809003,-0.28031138,0.009853564,0.009507466,0.011235811,0,0.1,-1.03,272.6
01:42.6,23,0.85,15.42910878,75.01591126,709.55,0.147435384,181.646212,14.198,20.484,0.896,0.000202387,-0.00367277,-0.000454007,-0.18213465,-0.01375139,-9.814096,-0.25544506,0.009784389,0.009365056,0.010857242,0,0.1,-1.03,272.6
01:42.7,23,0.85,15.42910877,75.01591124,709.545,0.135297076,165.068968,14.192,20.476,0.869,0.000711316,-0.005575158,0.000450313,-0.1761422,-0.01509601,-9.819189,-0.23057874,0.009715213,0.009222645,0.010478674,0,0.1,-1.03,272.6
01:42.7,23,0.85,15.42910876,75.01591122,709.54,0.123158768,148.491724,14.186,20.468,0.842,0.001209288,-0.005420273,-0.000150004,-0.17217245,-0.0152872,-9.818976,-0.20571242,0.009646038,0.009080235,0.010100105,0,0.1,-1.03,272.6
01:42.7,23,0.85,15.42910875,75.0159112,709.535,0.11102046,131.91448,14.18,20.46,0.815,0.00170726,-0.005265388,-0.000750322,-0.1682027,-0.01547839,-9.818763,-0.1808461,0.009576863,0.008937825,0.009721536,0,0.1,-1.03,272.6
01:42.7,23,0.85,15.42910874,75.01591118,709.53,0.098882152,115.337236,14.174,20.452,0.788,0.001191605,-0.005840042,-0.000273137,-0.17231055,-0.01576428,-9.819649,-0.17632494,0.009555268,0.009087565,0.009958763,0,0.098,-1.03,272.6
01:42.7,23,0.85,15.42910873,75.01591116,709.525,0.086743844,98.759992,14.168,20.444,0.761,0.00067595,-0.006414695,0.000204047,-0.1764184,-0.01605017,-9.820535,-0.17180378,0.009533673,0.009237306,0.01019599,0,0.096,-1.03,272.6
01:42.8,23,0.85,15.42910872,75.01591114,709.52,0.074605536,82.182748,14.162,20.436,0.734,0.000917391,-0.005883742,0.000137417,-0.1711734,-0.01525616,-9.820392,-0.16728262,0.009512079,0.009387046,0.010433216,0,0.094,-1.03,272.6
01:42.8,23,0.85,15.42910871,75.01591112,709.515,0.062467228,65.605504,14.156,20.428,0.707,0.001158833,-0.005352789,7.08E-05,-0.1659284,-0.01446215,-9.820249,-0.16276146,0.009490484,0.009536787,0.010670443,0,0.092,-1.03,272.6
01:42.8,23,0.85,15.4291087,75.0159111,709.51,0.05032892,49.02826,14.15,20.42,0.68,0.0009756,-0.006420218,0.000522024,-0.16770995,-0.01446948,-9.819442,-0.1582403,0.009468889,0.009686527,0.01090767,0,0.09,-1.03,272.6
01:42.8,23,0.85,15.42910871,75.01591113,709.513,0.059868608,48.792268,14.146,20.415,0.694,0.000792367,-0.007487646,0.000973261,-0.1694915,-0.01447681,-9.818635,-0.1582403,0.009167269,0.00984233,0.011017056,0,0.092,-1.03,272.598
01:42.8,23,0.85,15.42910872,75.01591116,709.516,0.069408296,48.556276,14.142,20.41,0.708,0.000489051,-0.006445587,0.00096841,-0.1685949,-0.01393339,-9.8177235,-0.1582403,0.008865649,0.009998132,0.011126442,0,0.094,-1.03,272.596
01:42.9,23,0.85,15.42910873,75.01591119,709.519,0.078947984,48.320284,14.138,20.405,0.722,0.000185734,-0.005403528,0.00096356,-0.1676983,-0.01338997,-9.816812,-0.1582403,0.008564029,0.010153935,0.011235828,0,0.096,-1.03,272.594
01:42.9,23,0.85,15.42910874,75.01591122,709.522,0.088487672,48.084292,14.134,20.4,0.736,0.000483039,-0.004673137,0.000631427,-0.16948975,-0.015416745,-9.817524,-0.1582403,0.008262409,0.010309737,0.011345214,0,0.098,-1.03,272.592
01:42.9,23,0.85,15.42910875,75.01591125,709.525,0.09802736,47.8483,14.13,20.395,0.75,0.000780343,-0.003942745,0.000299294,-0.1712812,-0.01744352,-9.818236,-0.1582403,0.007960789,0.01046554,0.0114546,0,0.1,-1.03,272.59
01:42.9,23,0.85,15.42910876,75.01591128,709.528,0.107567048,47.612308,14.126,20.39,0.764,0.001281462,-0.004735175,-3.78E-05,-0.1713752,-0.01444452,-9.8169685,-0.2034518,0.008058331,0.010366705,0.010967894,0,0.1,-1.028,272.59
01:42.9,23,0.85,15.42910877,75.01591131,709.531,0.117106736,47.376316,14.122,20.385,0.778,0.001782581,-0.005527605,-0.000374837,-0.1714692,-0.01144552,-9.815701,-0.2486633,0.008155872,0.01026787,0.010481188,0,0.1,-1.026,272.59
01:43.0,23,0.85,15.42910878,75.01591134,709.534,0.126646424,47.140324,14.118,20.38,0.792,0.002588201,-0.005500983,0.00050513,-0.17369185,-0.01149571,-9.807528,-0.2938748,0.008253414,0.010169035,0.009994483,0,0.1,-1.024,272.59
01:43.0,23,0.85,15.42910879,75.01591137,709.537,0.136186112,46.904332,14.114,20.375,0.806,0.003393821,-0.005474361,0.001385097,-0.1759145,-0.0115459,-9.799355,-0.3390863,0.008350955,0.0100702,0.009507777,0,0.1,-1.022,272.59
01:43.0,23,0.85,15.4291088,75.0159114,709.54,0.1457258,46.66834,14.11,20.37,0.82,0.00195047,-0.005005717,0.000941901,-0.17144945,-0.013863135,-9.8078475,-0.3842978,0.008448497,0.009971365,0.009021071,0,0.1,-1.02,272.59
01:43.0,23,0.85,15.42910881,75.01591142,709.54,0.14211908,48.11127,14.105,20.363,0.813,0.000507119,-0.004537072,0.000498704,-0.1669844,-0.01618037,-9.81634,-0.3583012,0.008800934,0.009696698,0.00915894,0,0.1,-1.02,272.59
01:43.0,23,0.85,15.42910882,75.01591144,709.54,0.13851236,49.5542,14.1,20.356,0.806,0.001102061,-0.005667236,0.000199933,-0.16940765,-0.01554756,-9.8170765,-0.3323046,0.00915337,0.009422031,0.00929681,0,0.1,-1.02,272.59
01:43.1,23,0.85,15.42910883,75.01591146,709.54,0.13490564,50.99713,14.095,20.349,0.799,0.001697002,-0.0067974,-9.88E-05,-0.1718309,-0.01491475,-9.817813,-0.306308,0.009505807,0.009147364,0.009434679,0,0.1,-1.02,272.59
01:43.1,23,0.85,15.42910884,75.01591148,709.54,0.13129892,52.44006,14.09,20.342,0.792,0.001345162,-0.006538196,-0.000210311,-0.17030845,-0.014908685,-9.8182485,-0.2803114,0.009858243,0.008872697,0.009572549,0,0.1,-1.02,272.59
01:43.1,23,0.85,15.42910885,75.0159115,709.54,0.1276922,53.88299,14.085,20.335,0.785,0.000993323,-0.006278992,-0.000321783,-0.168786,-0.01490262,-9.818684,-0.2543148,0.01021068,0.00859803,0.009710418,0,0.1,-1.02,272.59
01:43.1,23,0.85,15.42910886,75.01591152,709.54,0.12408548,55.32592,14.08,20.328,0.778,0.000171311,-0.003730502,0.002067845,-0.17927225,-0.010085148,-9.806113,-0.2543148,0.018390988,0.020345656,0.022080602,0,0.098,-1.02,272.59
01:43.1,23,0.85,15.42910887,75.01591154,709.54,0.12047876,56.76885,14.075,20.321,0.771,-0.0006507,-0.001182012,0.004457472,-0.1897585,-0.005267676,-9.793542,-0.2543148,0.026571296,0.032093282,0.034450787,0,0.096,-1.02,272.59
01:43.2,23,0.85,15.42910888,75.01591156,709.54,0.11687204,58.21178,14.07,20.314,0.764,0.000263164,0.000736143,0.002225837,-0.185096,-0.005433413,-9.799042,-0.2543148,0.034751604,0.043840908,0.046820971,0,0.094,-1.02,272.59
01:43.2,23,0.85,15.42910889,75.01591158,709.54,0.11326532,59.65471,14.065,20.307,0.757,0.001177028,0.002654298,-5.80E-06,-0.1804335,-0.00559915,-9.804542,-0.2543148,0.042931912,0.055588534,0.059191156,0,0.092,-1.02,272.59
01:43.2,23,0.85,15.4291089,75.0159116,709.54,0.1096586,61.09764,14.06,20.3,0.75,0.001346775,-0.001374237,0.000252208,-0.1738222,-0.011559615,-9.8111935,-0.2543148,0.05111222,0.06733616,0.07156134,0,0.09,-1.02,272.59
01:43.2,23,0.85,15.42910891,75.01591159,709.5381818,0.105986035,86.66602727,14.05545455,20.29454545,0.761818182,0.001516521,-0.005402773,0.000510216,-0.1672109,-0.01752008,-9.817845,-0.25770566,0.05210381,0.066612068,0.070737914,0,0.092,-1.02,272.59
01:43.2,23,0.85,15.42910892,75.01591158,709.5363636,0.102313469,112.2344145,14.05090909,20.28909091,0.773636364,0.001296047,-0.005147607,3.04E-05,-0.16883345,-0.016604095,-9.819119,-0.26109652,0.0530954,0.065887976,0.069914488,0,0.094,-1.02,272.59
01:43.3,23,0.85,15.42910893,75.01591157,709.5345455,0.098640904,137.8028018,14.04636364,20.28363636,0.785454545,0.001075573,-0.004892441,-0.000449414,-0.170456,-0.01568811,-9.820393,-0.26448738,0.05408699,0.065163884,0.069091062,0,0.096,-1.02,272.59
01:43.3,23,0.85,15.42910894,75.01591156,709.5327273,0.094968338,163.3711891,14.04181818,20.27818182,0.797272727,0.001347145,-0.005175558,-0.000217001,-0.17089085,-0.01770487,-9.818627,-0.26787824,0.05507858,0.064439792,0.068267636,0,0.098,-1.02,272.59
01:43.3,23,0.85,15.42910895,75.01591155,709.5309091,0.091295773,188.9395764,14.03727273,20.27272727,0.809090909,0.001618718,-0.005458675,1.54E-05,-0.1713257,-0.01972163,-9.816861,-0.2712691,0.05607017,0.0637157,0.06744421,0,0.1,-1.02,272.59
01:43.3,23,0.85,15.42910895,75.01591155,709.5290909,0.087623207,214.5079636,14.03272727,20.26727273,0.820909091,0.001437986,-0.005421181,-0.000290169,-0.16961375,-0.01721477,-9.817854,-0.24527248,0.046658995,0.052740137,0.056107716,0,0.1,-1.02,272.59
01:43.3,23,0.85,15.42910896,75.01591154,709.5272727,0.083950642,240.0763509,14.02818182,20.26181818,0.832727273,0.001257254,-0.005383686,-0.000595749,-0.1679018,-0.01470791,-9.818847,-0.21927586,0.03724782,0.041764575,0.044771222,0,0.1,-1.02,272.59
01:43.4,23,0.85,15.42910897,75.01591153,709.5254545,0.080278076,265.6447382,14.02363636,20.25636364,0.844545455,0.002556609,-0.003978441,-0.000203142,-0.1764569,-0.017280675,-9.808834,-0.19327924,0.027836644,0.030789012,0.033434728,0,0.1,-1.02,272.59
01:43.4,23,0.85,15.42910898,75.01591152,709.5236364,0.076605511,291.2131255,14.01909091,20.25090909,0.856363636,0.003855964,-0.002573195,0.000189465,-0.185012,-0.01985344,-9.798821,-0.16728262,0.018425469,0.01981345,0.022098234,0,0.1,-1.02,272.59
01:43.4,23,0.85,15.42910899,75.01591151,709.5218182,0.072932945,316.7815127,14.01454545,20.24545455,0.868181818,0.000883045,0.001195935,9.89E-06,-0.17810365,-0.015838785,-9.7990275,-0.141286,0.009014294,0.008837887,0.01076174,0,0.1,-1.02,272.59
01:43.4,23,0.85,15.429109,75.0159115,709.52,0.06926038,342.3499,14.01,20.24,0.88,-0.002089874,0.004965066,-0.000169681,-0.1711953,-0.01182413,-9.799234,-0.1503283,0.009144461,0.008811932,0.010828102,0,0.1,-1.02,272.59
01:43.4,23,0.85,15.429109,75.01591148,709.5133333,0.074359938,323.9791778,14.00666667,20.23444444,0.882222222,-0.000235315,0.000203904,-0.00027055,-0.1705,-0.01525038,-9.808792,-0.1593706,0.009274628,0.008785977,0.010894464,0,0.1,-1.02,272.59
01:43.5,23,0.85,15.429109,75.01591146,709.5066667,0.079459496,305.6084556,14.00333333,20.22888889,0.884444444,0.001619244,-0.004557258,-0.000371419,-0.1698047,-0.01867663,-9.81835,-0.1684129,0.009404794,0.008760023,0.010960826,0,0.1,-1.02,272.59
01:43.5,23,0.85,15.429109,75.01591143,709.5,0.084559053,287.2377333,14,20.22333333,0.886666667,0.001394244,-0.004316776,0.000228982,-0.17001515,-0.017638945,-9.8188995,-0.1774552,0.009534961,0.008734068,0.011027188,0,0.1,-1.02,272.59
01:43.5,23,0.85,15.429109,75.01591141,709.4933333,0.089658611,268.8670111,13.99666667,20.21777778,0.888888889,0.001169243,-0.004076295,0.000829384,-0.1702256,-0.01660126,-9.819449,-0.1864975,0.009665128,0.008708113,0.01109355,0,0.1,-1.02,272.59
01:43.5,23,0.85,15.429109,75.01591139,709.4866667,0.094758169,250.4962889,13.99333333,20.21222222,0.891111111,0.001312042,-0.004887058,0.000992081,-0.1713421,-0.017266,-9.8178575,-0.17067346,0.009396294,0.008823114,0.010951078,0,0.1,-1.02,272.588
01:43.5,23,0.85,15.429109,75.01591137,709.48,0.099857727,232.1255667,13.99,20.20666667,0.893333333,0.00145484,-0.005697822,0.001154778,-0.1724586,-0.01793074,-9.816266,-0.15484942,0.00912746,0.008938115,0.010808606,0,0.1,-1.02,272.586
01:43.6,23,0.85,15.429109,75.01591134,709.4733333,0.104957284,213.7548444,13.98666667,20.20111111,0.895555556,0.001393725,-0.005920646,0.001227036,-0.1723038,-0.01572337,-9.817219,-0.13902538,0.008858625,0.009053117,0.010666134,0,0.1,-1.02,272.584
01:43.6,23,0.85,15.429109,75.01591132,709.4666667,0.110056842,195.3841222,13.98333333,20.19555556,0.897777778,0.00133261,-0.006143469,0.001299294,-0.172149,-0.013516,-9.818172,-0.12320134,0.008589791,0.009168118,0.010523662,0,0.1,-1.02,272.582
01:43.6,23,0.85,15.429109,75.0159113,709.46,0.1151564,177.0134,13.98,20.19,0.9,0.001052041,-0.005480965,0.000630521,-0.171852,-0.013323925,-9.817944,-0.1073773,0.008320957,0.009283119,0.01038119,0,0.1,-1.02,272.58
01:43.6,23,0.85,15.42910898,75.01591132,709.462,0.110452515,168.648706,13.975,20.185,0.873,0.000771472,-0.00481846,-3.83E-05,-0.171555,-0.01313185,-9.817716,-0.12998306,0.008447122,0.009124402,0.010226461,0,0.1,-1.02,272.58
01:43.6,23,0.85,15.42910896,75.01591134,709.464,0.10574863,160.284012,13.97,20.18,0.846,0.000758804,-0.006059185,0.000368623,-0.17062925,-0.01488897,-9.8198795,-0.15258882,0.008573287,0.008965685,0.010071731,0,0.1,-1.02,272.58
01:43.7,23,0.85,15.42910894,75.01591136,709.466,0.101044745,151.919318,13.965,20.175,0.819,0.000746137,-0.007299909,0.000775499,-0.1697035,-0.01664609,-9.822043,-0.17519458,0.008699452,0.008806969,0.009917002,0,0.1,-1.02,272.58
01:43.7,23,0.85,15.42910892,75.01591138,709.468,0.09634086,143.554624,13.96,20.17,0.792,0.001233325,-0.006131351,0.000426099,-0.16961665,-0.01690563,-9.820798,-0.19780034,0.008825617,0.008648252,0.009762272,0,0.1,-1.02,272.58
01:43.7,23,0.85,15.4291089,75.0159114,709.47,0.091636975,135.18993,13.955,20.165,0.765,0.001720513,-0.004962793,7.67E-05,-0.1695298,-0.01716517,-9.819553,-0.2204061,0.008951782,0.008489535,0.009607543,0,0.1,-1.02,272.58
01:43.7,23,0.85,15.42910888,75.01591142,709.472,0.08693309,126.825236,13.95,20.16,0.738,0.001248438,-0.005076725,0.00018541,-0.1696508,-0.016974055,-9.8176925,-0.2023215,0.008938985,0.008376902,0.009547206,0,0.1,-1.02,272.58
01:43.7,23,0.85,15.42910886,75.01591144,709.474,0.082229205,118.460542,13.945,20.155,0.711,0.000776364,-0.005190656,0.000294121,-0.1697718,-0.01678294,-9.815832,-0.1842369,0.008926189,0.008264268,0.009486869,0,0.1,-1.02,272.58
01:43.8,23,0.85,15.42910884,75.01591146,709.476,0.07752532,110.095848,13.94,20.15,0.684,-0.000615439,-0.002065395,0.00171248,-0.17329505,-0.015538465,-9.808161,-0.1661523,0.008913392,0.008151635,0.009426531,0,0.1,-1.02,272.58
01:43.8,23,0.85,15.42910882,75.01591148,709.478,0.072821435,101.731154,13.935,20.145,0.657,-0.002007242,0.001059866,0.003130838,-0.1768183,-0.01429399,-9.80049,-0.1480677,0.008900596,0.008039001,0.009366194,0,0.1,-1.02,272.58
01:43.8,23,0.85,15.4291088,75.0159115,709.48,0.06811755,93.36646,13.93,20.14,0.63,-0.000557376,-0.001442325,0.001899848,-0.17488475,-0.01459969,-9.808648,-0.1299831,0.008887799,0.007926368,0.009305857,0,0.1,-1.02,272.58
01:43.8,23,0.85,15.42910882,75.0159115,709.476,0.072457925,87.984058,13.927,20.135,0.653,0.000892491,-0.003944515,0.000668858,-0.1729512,-0.01490539,-9.816806,-0.14693742,0.008991288,0.008145515,0.009156798,0,0.1,-1.02,272.58
01:43.8,23,0.85,15.42910884,75.0159115,709.472,0.0767983,82.601656,13.924,20.13,0.676,0.001313993,-0.004823993,9.93E-05,-0.1738432,-0.0155009,-9.818041,-0.16389174,0.009094777,0.008364663,0.00900774,0,0.1,-1.02,272.58
01:43.9,23,0.85,15.42910886,75.0159115,709.468,0.081138675,77.219254,13.921,20.125,0.699,0.001735495,-0.005703471,-0.000470269,-0.1747352,-0.01609641,-9.819276,-0.18084606,0.009198266,0.00858381,0.008858681,0,0.1,-1.02,272.58
01:43.9,23,0.85,15.42910888,75.0159115,709.464,0.08547905,71.836852,13.918,20.12,0.722,0.001534218,-0.005693159,-0.000220262,-0.17286755,-0.014129065,-9.8180465,-0.19780038,0.009301755,0.008802958,0.008709623,0,0.1,-1.02,272.58
01:43.9,23,0.85,15.4291089,75.0159115,709.46,0.089819425,66.45445,13.915,20.115,0.745,0.00133294,-0.005682848,2.97E-05,-0.1709999,-0.01216172,-9.816817,-0.2147547,0.009405244,0.009022105,0.008560564,0,0.1,-1.02,272.58
01:43.9,23,0.85,15.42910892,75.0159115,709.456,0.0941598,61.072048,13.912,20.11,0.768,0.001233041,-0.001738805,0.00067624,-0.16915905,-0.0121316,-9.8088355,-0.20910326,0.00942789,0.009066321,0.008369539,0,0.1,-1.02,272.58
01:43.9,23,0.85,15.42910894,75.0159115,709.452,0.098500175,55.689646,13.909,20.105,0.791,0.001133142,0.002205238,0.001322734,-0.1673182,-0.01210148,-9.800854,-0.20345182,0.009450537,0.009110538,0.008178514,0,0.1,-1.02,272.58
01:44.0,23,0.85,15.42910896,75.0159115,709.448,0.10284055,50.307244,13.906,20.1,0.814,-3.50E-05,-0.00143285,-0.000350708,-0.1690688,-0.008085585,-9.8062045,-0.19780038,0.009473183,0.009154754,0.007987488,0,0.1,-1.02,272.58
01:44.0,23,0.85,15.42910898,75.0159115,709.444,0.107180925,44.924842,13.903,20.095,0.837,-0.001203203,-0.005070937,-0.00202415,-0.1708194,-0.004069689,-9.811555,-0.19214894,0.00949583,0.009198971,0.007796463,0,0.1,-1.02,272.58
01:44.0,23,0.85,15.429109,75.0159115,709.44,0.1115213,39.54244,13.9,20.09,0.86,-7.11E-05,-0.004940077,-0.000889587,-0.1692692,-0.00935629,-9.8149535,-0.1864975,0.009518476,0.009243187,0.007605438,0,0.1,-1.02,272.58
01:44.0,23,0.85,15.42910899,75.0159115,709.437,0.11209308,52.754456,13.896,20.085,0.866,0.00106108,-0.004809216,0.000244976,-0.167719,-0.01464289,-9.818352,-0.20684268,0.019333215,0.020851642,0.019322128,0,0.1,-1.02,272.58
01:44.0,23,0.85,15.42910898,75.0159115,709.434,0.11266486,65.966472,13.892,20.08,0.872,0.001467393,-0.004466075,0.000357137,-0.16944735,-0.01385998,-9.817017,-0.22718786,0.029147954,0.032460096,0.031038819,0,0.1,-1.02,272.58
01:44.1,23,0.85,15.42910897,75.0159115,709.431,0.11323664,79.178488,13.888,20.075,0.878,0.001873706,-0.004122934,0.000469299,-0.1711757,-0.01307707,-9.815682,-0.24753304,0.038962692,0.044068551,0.042755509,0,0.1,-1.02,272.58
01:44.1,23,0.85,15.42910896,75.0159115,709.428,0.11380842,92.390504,13.884,20.07,0.884,0.001425376,-0.004108215,0.000674942,-0.1705874,-0.01523536,-9.815791,-0.26787822,0.048777431,0.055677005,0.0544722,0,0.1,-1.02,272.58
01:44.1,23,0.85,15.42910895,75.0159115,709.425,0.1143802,105.60252,13.88,20.065,0.89,0.000977047,-0.004093495,0.000880586,-0.1699991,-0.01739365,-9.8159,-0.2882234,0.05859217,0.06728546,0.06618889,0,0.1,-1.02,272.58
01:44.1,23,0.85,15.42910894,75.0159115,709.422,0.11495198,118.814536,13.876,20.06,0.896,0.000849558,-0.00460064,0.000267474,-0.17170455,-0.01579553,-9.816993,-0.28031138,0.048381087,0.055665682,0.054788796,0,0.1,-1.02,272.58
01:44.1,23,0.85,15.42910893,75.0159115,709.419,0.11552376,132.026552,13.872,20.055,0.902,0.000722069,-0.005107785,-0.000345639,-0.17341,-0.01419741,-9.818086,-0.27239936,0.038170003,0.044045904,0.043388702,0,0.1,-1.02,272.58
01:44.2,23,0.85,15.42910892,75.0159115,709.416,0.11609554,145.238568,13.868,20.05,0.908,0.001026326,-0.002228894,-0.000938283,-0.18073555,-0.006220847,-9.8085665,-0.26448734,0.02795892,0.032426125,0.031988609,0,0.1,-1.02,272.58
01:44.2,23,0.85,15.42910891,75.0159115,709.413,0.11666732,158.450584,13.864,20.045,0.914,0.001330582,0.000649997,-0.001530928,-0.1880611,0.001755717,-9.799047,-0.25657532,0.017747836,0.020806347,0.020588515,0,0.1,-1.02,272.58
01:44.2,23,0.85,15.4291089,75.0159115,709.41,0.1172391,171.6626,13.86,20.04,0.92,0.000978558,-0.00163813,-0.000641239,-0.17675745,-0.005864612,-9.809478,-0.2486633,0.007536753,0.009186569,0.009188421,0,0.1,-1.02,272.58
01:44.2,23,0.85,15.42910889,75.01591151,709.412,0.113807958,169.12733,13.856,20.034,0.905,0.000626534,-0.003926256,0.000248451,-0.1654538,-0.01348494,-9.819909,-0.23849072,0.00763364,0.009169058,0.009250822,0,0.1,-1.018,272.58
01:44.2,23,0.85,15.42910888,75.01591152,709.414,0.110376816,166.59206,13.852,20.028,0.89,0.00111247,-0.004669803,-1.67E-05,-0.16859035,-0.01444,-9.8185185,-0.22831814,0.007730526,0.009151546,0.009313223,0,0.1,-1.016,272.58
01:44.3,23,0.85,15.42910887,75.01591153,709.416,0.106945674,164.05679,13.848,20.022,0.875,0.001598406,-0.00541335,-0.000281833,-0.1717269,-0.01539506,-9.817128,-0.21814556,0.007827413,0.009134035,0.009375623,0,0.1,-1.014,272.58
01:44.3,23,0.85,15.42910886,75.01591154,709.418,0.103514532,161.52152,13.844,20.016,0.86,0.001073675,-0.004929647,-0.00020865,-0.17043715,-0.01369714,-9.8176805,-0.20797298,0.007924299,0.009116523,0.009438024,0,0.1,-1.012,272.58
01:44.3,23,0.85,15.42910885,75.01591155,709.42,0.10008339,158.98625,13.84,20.01,0.845,0.000548944,-0.004445944,-0.000135467,-0.1691474,-0.01199922,-9.818233,-0.1978004,0.008021186,0.009099012,0.009500425,0,0.1,-1.01,272.58
01:44.3,23,0.85,15.42910884,75.01591156,709.422,0.096652248,156.45098,13.836,20.004,0.83,0.001076656,-0.005509508,-5.39E-05,-0.17093765,-0.0150988,-9.818091,-0.2068427,0.007978607,0.009032193,0.009528979,0,0.1,-1.012,272.578
01:44.3,23,0.85,15.42910883,75.01591157,709.424,0.093221106,153.91571,13.832,19.998,0.815,0.001604367,-0.006573071,2.76E-05,-0.1727279,-0.01819838,-9.817949,-0.215885,0.007936029,0.008965375,0.009557534,0,0.1,-1.014,272.576
01:44.4,23,0.85,15.42910882,75.01591158,709.426,0.089789964,151.38044,13.828,19.992,0.8,0.001000299,-0.005349111,0.001785116,-0.17689385,-0.015172825,-9.8106865,-0.2249273,0.00789345,0.008898556,0.009586088,0,0.1,-1.016,272.574
01:44.4,23,0.85,15.42910881,75.01591159,709.428,0.086358822,148.84517,13.824,19.986,0.785,0.000396231,-0.004125151,0.003542621,-0.1810598,-0.01214727,-9.803424,-0.2339696,0.007850872,0.008831738,0.009614643,0,0.1,-1.018,272.572
01:44.4,23,0.85,15.4291088,75.0159116,709.43,0.08292768,146.3099,13.82,19.98,0.77,0.000609029,-0.005274703,0.001979393,-0.17569645,-0.01332202,-9.8097215,-0.2430119,0.007808293,0.008764919,0.009643197,0,0.1,-1.02,272.57
01:44.4,23,0.85,15.42910879,75.0159116,709.43,0.075907704,154.17891,13.816,19.976,0.771,0.000821827,-0.006424254,0.000416164,-0.1703331,-0.01449677,-9.816019,-0.2147547,0.007654291,0.008595057,0.009617902,0,0.1,-1.018,272.57
01:44.4,23,0.85,15.42910878,75.0159116,709.43,0.068887728,162.04792,13.812,19.972,0.772,0.001042874,-0.006253368,0.000290651,-0.16883875,-0.015491215,-9.8150335,-0.1864975,0.007500289,0.008425196,0.009592607,0,0.1,-1.016,272.57
01:44.5,23,0.85,15.42910877,75.0159116,709.43,0.061867752,169.91693,13.808,19.968,0.773,0.001263922,-0.006082482,0.000165137,-0.1673444,-0.01648566,-9.814048,-0.1582403,0.007346286,0.008255334,0.009567313,0,0.1,-1.014,272.57
01:44.5,23,0.85,15.42910876,75.0159116,709.43,0.054847776,177.78594,13.804,19.964,0.774,0.001211561,-0.005288378,0.000315302,-0.16858835,-0.01581677,-9.814669,-0.1299831,0.007192284,0.008085473,0.009542018,0,0.1,-1.012,272.57
01:44.5,23,0.85,15.42910875,75.0159116,709.43,0.0478278,185.65495,13.8,19.96,0.775,0.001159199,-0.004494273,0.000465467,-0.1698323,-0.01514788,-9.81529,-0.1017259,0.007038282,0.007915611,0.009516723,0,0.1,-1.01,272.57
01:44.5,23,0.85,15.42910874,75.0159116,709.43,0.040807824,193.52396,13.796,19.956,0.776,0.001065878,-0.004657958,0.000229476,-0.1701098,-0.01545584,-9.816527,-0.1480677,0.007272068,0.008260371,0.009290248,0,0.1,-1.01,272.57
01:44.5,23,0.85,15.42910873,75.0159116,709.43,0.033787848,201.39297,13.792,19.952,0.777,0.000972557,-0.004821642,-6.51E-06,-0.1703873,-0.0157638,-9.817764,-0.1944095,0.007505854,0.008605131,0.009063773,0,0.1,-1.01,272.57
01:44.6,23,0.85,15.42910872,75.0159116,709.43,0.026767872,209.26198,13.788,19.948,0.778,0.000852441,-0.004910331,-0.000847706,-0.1739413,-0.013288065,-9.809353,-0.2407513,0.007739639,0.008949891,0.008837298,0,0.1,-1.01,272.57
01:44.6,23,0.85,15.42910871,75.0159116,709.43,0.019747896,217.13099,13.784,19.944,0.779,0.000732326,-0.00499902,-0.001688898,-0.1774953,-0.01081233,-9.800942,-0.2870931,0.007973425,0.009294651,0.008610823,0,0.1,-1.01,272.57
01:44.6,23,0.85,15.4291087,75.0159116,709.43,0.01272792,225,13.78,19.94,0.78,0.000327319,-0.005464138,-0.000974341,-0.1728933,-0.012643675,-9.8084095,-0.3334349,0.008207211,0.009639411,0.008384348,0,0.1,-1.01,272.57
01:44.6,22.9,0.85,15.42910869,75.01591161,709.431,0.016801155,221.25238,13.778,19.937,0.796,-7.77E-05,-0.005929256,-0.000259783,-0.1682913,-0.01447502,-9.815877,-0.29387482,0.008050045,0.009440569,0.008494562,0,0.1,-1.01,272.57
01:44.6,22.8,0.85,15.42910868,75.01591162,709.432,0.02087439,217.50476,13.776,19.934,0.812,0.000614331,-0.005928002,4.73E-05,-0.1699074,-0.01548006,-9.8173535,-0.25431474,0.00789288,0.009241728,0.008604777,0,0.1,-1.01,272.57
01:44.7,22.7,0.85,15.42910867,75.01591163,709.433,0.024947625,213.75714,13.774,19.931,0.828,0.001306349,-0.005926747,0.00035447,-0.1715235,-0.0164851,-9.81883,-0.21475466,0.007735714,0.009042886,0.008714991,0,0.1,-1.01,272.57
01:44.7,22.6,0.85,15.42910866,75.01591164,709.434,0.02902086,210.00952,13.772,19.928,0.844,0.001031463,-0.006289778,8.07E-05,-0.16978155,-0.014601495,-9.817797,-0.17519458,0.007578549,0.008844045,0.008825206,0,0.1,-1.01,272.57
01:44.7,22.5,0.85,15.42910865,75.01591165,709.435,0.033094095,206.2619,13.77,19.925,0.86,0.000756576,-0.006652808,-0.000193031,-0.1680396,-0.01271789,-9.816764,-0.1356345,0.007421383,0.008645203,0.00893542,0,0.1,-1.01,272.57
01:44.7,22.4,0.85,15.42910864,75.01591166,709.436,0.03716733,202.51428,13.768,19.922,0.876,0.000838713,-0.005757414,0.000424409,-0.17142735,-0.011666995,-9.816993,-0.15258882,0.017662854,0.020353612,0.020973456,0,0.1,-1.01,272.57
01:44.7,22.3,0.85,15.42910863,75.01591167,709.437,0.041240565,198.76666,13.766,19.919,0.892,0.000920851,-0.00486202,0.001041848,-0.1748151,-0.0106161,-9.817222,-0.16954314,0.027904326,0.032062022,0.033011492,0,0.1,-1.01,272.57
01:44.8,22.2,0.85,15.42910862,75.01591168,709.438,0.0453138,195.01904,13.764,19.916,0.908,0.001017283,-0.004780012,0.000260171,-0.17222855,-0.01168623,-9.8159395,-0.18649746,0.038145797,0.043770431,0.045049528,0,0.1,-1.01,272.57
01:44.8,22.1,0.85,15.42910861,75.01591169,709.439,0.049387035,191.27142,13.762,19.913,0.924,0.001113715,-0.004698003,-0.000521506,-0.169642,-0.01275636,-9.814657,-0.20345178,0.048387269,0.055478841,0.057087564,0,0.1,-1.01,272.57
01:44.8,22,0.85,15.4291086,75.0159117,709.44,0.05346027,187.5238,13.76,19.91,0.94,0.000868,-0.005276246,-0.000174763,-0.17158525,-0.01448777,-9.8146515,-0.2204061,0.05862874,0.06718725,0.0691256,0,0.1,-1.01,272.57
01:44.8,22,0.85,15.42910862,75.0159117,709.442,0.071533893,169.5567512,13.757,19.906,0.936,0.000622285,-0.005854488,0.000171979,-0.1735285,-0.01621918,-9.814646,-0.21362438,0.058149738,0.067638732,0.069785006,0,0.1,-1.01,272.57
01:44.8,22,0.85,15.42910864,75.0159117,709.444,0.089607516,151.5897024,13.754,19.902,0.932,0.000572977,-0.005044234,0.000556689,-0.17116935,-0.014950415,-9.8146815,-0.20684266,0.057670736,0.068090214,0.070444412,0,0.1,-1.01,272.57
01:44.9,22,0.85,15.42910866,75.0159117,709.446,0.107681139,133.6226536,13.751,19.898,0.928,0.000523668,-0.00423398,0.000941399,-0.1688102,-0.01368165,-9.814717,-0.20006094,0.057191734,0.068541696,0.071103818,0,0.1,-1.01,272.57
01:44.9,22,0.85,15.42910868,75.0159117,709.448,0.125754762,115.6556048,13.748,19.894,0.924,0.001562386,-0.004284349,0.000562342,-0.1700072,-0.01536907,-9.815386,-0.19327922,0.056712732,0.068993178,0.071763224,0,0.1,-1.01,272.57
01:44.9,22,0.85,15.4291087,75.0159117,709.45,0.143828385,97.688556,13.745,19.89,0.92,0.002601103,-0.004334717,0.000183284,-0.1712042,-0.01705649,-9.816055,-0.1864975,0.05623373,0.06944466,0.07242263,0,0.1,-1.01,272.57
01:44.9,22,0.85,15.42910872,75.0159117,709.452,0.161902008,79.7215072,13.742,19.886,0.916,0.001386236,-0.004700304,0.00029157,-0.16931635,-0.015879585,-9.81497,-0.21249412,0.046766649,0.057348721,0.060055584,0,0.1,-1.01,272.57
01:44.9,22,0.85,15.42910874,75.0159117,709.454,0.179975631,61.7544584,13.739,19.882,0.912,0.000171368,-0.005065891,0.000399855,-0.1674285,-0.01470268,-9.813885,-0.23849074,0.037299568,0.045252782,0.047688538,0,0.1,-1.01,272.57
01:45.0,22,0.85,15.42910876,75.0159117,709.456,0.198049254,43.7874096,13.736,19.878,0.908,0.001021184,-0.004913142,-0.000168055,-0.17752765,-0.010480108,-9.8123905,-0.26448736,0.027832488,0.033156842,0.035321492,0,0.1,-1.01,272.57
01:45.0,22,0.85,15.42910878,75.0159117,709.458,0.216122877,25.8203608,13.733,19.874,0.904,0.001871,-0.004760393,-0.000735965,-0.1876268,-0.006257536,-9.810896,-0.29048398,0.018365407,0.021060903,0.022954446,0,0.1,-1.01,272.57
01:45.0,22,0.85,15.4291088,75.0159117,709.46,0.2341965,7.853312,13.73,19.87,0.9,0.001973091,-0.004630358,-0.000140113,-0.1791764,-0.009240123,-9.8143205,-0.3164806,0.008898326,0.008964964,0.0105874,0,0.1,-1.01,272.57
01:45.0,22,0.85,15.42910882,75.01591172,709.466,0.2231833,9.1452058,13.724,19.861,0.902,0.002075181,-0.004500322,0.00045574,-0.170726,-0.01222271,-9.817745,-0.306308,0.008765606,0.008902721,0.010374128,0,0.1,-1.01,272.57
01:45.0,22,0.85,15.42910884,75.01591174,709.472,0.2121701,10.4370996,13.718,19.852,0.904,0.001290726,-0.004621461,0.000178692,-0.1702712,-0.01445754,-9.819358,-0.2961354,0.008632886,0.008840477,0.010160856,0,0.1,-1.01,272.57
01:45.1,22,0.85,15.42910886,75.01591176,709.478,0.2011569,11.7289934,13.712,19.843,0.906,0.00050627,-0.0047426,-9.84E-05,-0.1698164,-0.01669237,-9.820971,-0.2859628,0.008500167,0.008778234,0.009947584,0,0.1,-1.01,272.57
01:45.1,22,0.85,15.42910888,75.01591178,709.484,0.1901437,13.0208872,13.706,19.834,0.908,0.000739517,-0.004804164,0.000160794,-0.16987325,-0.01769282,-9.8195625,-0.2757902,0.008367447,0.00871599,0.009734312,0,0.1,-1.01,272.57
01:45.1,22,0.85,15.4291089,75.0159118,709.49,0.1791305,14.312781,13.7,19.825,0.91,0.000972763,-0.004865729,0.000419944,-0.1699301,-0.01869327,-9.818154,-0.2656176,0.008234727,0.008653747,0.00952104,0,0.1,-1.01,272.57
01:45.1,22,0.85,15.42910892,75.01591182,709.496,0.1681173,15.6046748,13.694,19.816,0.912,0.002215131,0.000446434,0.000560921,-0.17547855,-0.013703018,-9.801468,-0.27239934,0.008247676,0.008528808,0.00943208,0,0.098,-1.01,272.568
01:45.1,22,0.85,15.42910894,75.01591184,709.502,0.1571041,16.8965686,13.688,19.807,0.914,0.003457499,0.005758597,0.000701898,-0.181027,-0.008712766,-9.784782,-0.27918108,0.008260625,0.00840387,0.00934312,0,0.096,-1.01,272.566
01:45.2,22,0.85,15.42910896,75.01591186,709.508,0.1460909,18.1884624,13.682,19.798,0.916,0.001566064,0.000763349,0.000303393,-0.1758851,-0.011735693,-9.7988065,-0.28596282,0.008273573,0.008278931,0.009254161,0,0.094,-1.01,272.564
01:45.2,22,0.85,15.42910898,75.01591188,709.514,0.1350777,19.4803562,13.676,19.789,0.918,-0.000325372,-0.004231899,-9.51E-05,-0.1707432,-0.01475862,-9.812831,-0.29274456,0.008286522,0.008153993,0.009165201,0,0.092,-1.01,272.562
01:45.2,22,0.85,15.429109,75.0159119,709.52,0.1240645,20.77225,13.67,19.78,0.92,0.000229447,-0.004221353,-0.000511998,-0.1709628,-0.015917135,-9.8132105,-0.2995263,0.008299471,0.008029054,0.009076241,0,0.09,-1.01,272.56
01:45.2,22,0.85,15.429109,75.01591188,709.519,0.12612076,39.635115,13.665,19.774,0.918,0.000784267,-0.004210806,-0.000928884,-0.1711824,-0.01707565,-9.81359,-0.3085686,0.008240472,0.007907563,0.009132373,0,0.09,-1.01,272.56
01:45.2,22,0.85,15.429109,75.01591186,709.518,0.12817702,58.49798,13.66,19.768,0.916,0.001184457,-0.004410297,0.000275273,-0.1700592,-0.01702354,-9.8154395,-0.3176109,0.008181474,0.007786072,0.009188504,0,0.09,-1.01,272.56
01:45.3,22,0.85,15.429109,75.01591184,709.517,0.13023328,77.360845,13.655,19.762,0.914,0.001584647,-0.004609788,0.001479431,-0.168936,-0.01697143,-9.817289,-0.3266532,0.008122475,0.00766458,0.009244636,0,0.09,-1.01,272.56
01:45.3,22,0.85,15.429109,75.01591182,709.516,0.13228954,96.22371,13.65,19.756,0.912,0.001512308,-0.005018345,0.000872527,-0.16991915,-0.016275345,-9.816086,-0.3356955,0.008063477,0.007543089,0.009300767,0,0.09,-1.01,272.56
01:45.3,22,0.85,15.429109,75.0159118,709.515,0.1343458,115.086575,13.645,19.75,0.91,0.001439969,-0.005426901,0.000265623,-0.1709023,-0.01557926,-9.814883,-0.3447378,0.008004478,0.007421598,0.009356899,0,0.09,-1.01,272.56
01:45.3,22,0.85,15.429109,75.01591178,709.514,0.13640206,133.94944,13.64,19.744,0.908,-3.67E-05,-0.00244386,-1.33E-05,-0.171554,-0.013674005,-9.805904,-0.30065658,0.007938841,0.007508907,0.009243937,0,0.09,-1.01,272.56
01:45.3,22,0.85,15.429109,75.01591176,709.513,0.13845832,152.812305,13.635,19.738,0.906,-0.00151334,0.000539181,-0.000292131,-0.1722057,-0.01176875,-9.796925,-0.25657536,0.007873204,0.007596216,0.009130976,0,0.09,-1.01,272.56
01:45.4,22,0.85,15.429109,75.01591174,709.512,0.14051458,171.67517,13.63,19.732,0.904,0.000271113,-0.002131407,0.000179294,-0.16952355,-0.013671775,-9.806803,-0.21249414,0.007807566,0.007683526,0.009018014,0,0.09,-1.01,272.56
01:45.4,22,0.85,15.429109,75.01591172,709.511,0.14257084,190.538035,13.625,19.726,0.902,0.002055566,-0.004801994,0.00065072,-0.1668414,-0.0155748,-9.816681,-0.16841292,0.007741929,0.007770835,0.008905053,0,0.09,-1.01,272.56
01:45.4,22,0.85,15.429109,75.0159117,709.51,0.1446271,209.4009,13.62,19.72,0.9,0.00211258,-0.004926376,0.000219192,-0.16917395,-0.015531575,-9.816216,-0.1243317,0.007676292,0.007858144,0.008792091,0,0.09,-1.01,272.56
01:45.4,22,0.85,15.42910896,75.01591172,709.519,0.140007663,208.54367,13.616,19.715,0.901,0.002169593,-0.005050757,-0.000212335,-0.1715065,-0.01548835,-9.815751,-0.19893068,0.007789794,0.00802651,0.008780959,0,0.09,-1.01,272.56
01:45.4,22,0.85,15.42910892,75.01591174,709.528,0.135388226,207.68644,13.612,19.71,0.902,0.001142551,-0.005036071,4.15E-05,-0.1704882,-0.01411941,-9.8177365,-0.27352966,0.007903296,0.008194876,0.008769828,0,0.09,-1.01,272.56
01:45.5,22,0.85,15.42910888,75.01591176,709.537,0.130768789,206.82921,13.608,19.705,0.903,0.000115509,-0.005021384,0.000295328,-0.1694699,-0.01275047,-9.819722,-0.34812864,0.008016797,0.008363243,0.008758696,0,0.09,-1.01,272.56
01:45.5,22,0.85,15.42910884,75.01591178,709.546,0.126149352,205.97198,13.604,19.7,0.904,-0.000961888,-0.005662113,0.000562877,-0.17261855,-0.01166337,-9.8080545,-0.42272762,0.008130299,0.008531609,0.008747565,0,0.09,-1.01,272.56
01:45.5,22,0.85,15.4291088,75.0159118,709.555,0.121529915,205.11475,13.6,19.695,0.905,-0.002039285,-0.006302841,0.000830427,-0.1757672,-0.01057627,-9.796387,-0.4973266,0.008243801,0.008699975,0.008736433,0,0.09,-1.01,272.56
01:45.5,22,0.85,15.42910876,75.01591182,709.564,0.116910478,204.25752,13.596,19.69,0.906,-0.002168344,0.000793126,0.001530246,-0.17675195,-0.01215192,-9.7961665,-0.44872424,0.008306369,0.008527979,0.008719367,0,0.09,-1.01,272.56
01:45.5,22,0.85,15.42910872,75.01591184,709.573,0.112291041,203.40029,13.592,19.685,0.907,-0.002297403,0.007889094,0.002230065,-0.1777367,-0.01372757,-9.795946,-0.40012188,0.008368936,0.008355982,0.008702302,0,0.09,-1.01,272.56
01:45.6,22,0.85,15.42910868,75.01591186,709.582,0.107671604,202.54306,13.588,19.68,0.908,-0.000265124,0.001490923,0.001387295,-0.1749191,-0.014752295,-9.8055605,-0.35151952,0.008431504,0.008183986,0.008685236,0,0.09,-1.01,272.56
01:45.6,22,0.85,15.42910864,75.01591188,709.591,0.103052167,201.68583,13.584,19.675,0.909,0.001767155,-0.004907249,0.000544524,-0.1721015,-0.01577702,-9.815175,-0.30291716,0.008494071,0.008011989,0.008668171,0,0.09,-1.01,272.56
01:45.6,22,0.85,15.4291086,75.0159119,709.6,0.09843273,200.8286,13.58,19.67,0.91,0.001441099,-0.005000005,0.000253645,-0.1720277,-0.016381705,-9.8153005,-0.2543148,0.008556639,0.007839993,0.008651105,0,0.09,-1.01,272.56
01:45.6,22,0.85,15.42910859,75.01591193,709.607,0.098658217,184.193662,13.576,19.665,0.913,0.001115042,-0.005092761,-3.72E-05,-0.1719539,-0.01698639,-9.815426,-0.28257198,0.017805509,0.019047868,0.021167792,0,0.09,-1.01,272.56
01:45.6,22,0.85,15.42910858,75.01591196,709.614,0.098883704,167.558724,13.572,19.66,0.916,0.000919077,-0.005159138,-0.000202483,-0.16899705,-0.017302345,-9.8169015,-0.31082916,0.027054379,0.030255744,0.033684479,0,0.09,-1.01,272.56
01:45.7,22,0.85,15.42910857,75.01591199,709.621,0.099109191,150.923786,13.568,19.655,0.919,0.000723112,-0.005225514,-0.000367732,-0.1660402,-0.0176183,-9.818377,-0.33908634,0.03630325,0.041463619,0.046201166,0,0.09,-1.01,272.56
01:45.7,22,0.85,15.42910856,75.01591202,709.628,0.099334678,134.288848,13.564,19.65,0.922,0.000492943,-0.004981321,-0.000102498,-0.1769674,-0.01962821,-9.813863,-0.36734352,0.04555212,0.052671495,0.058717853,0,0.09,-1.01,272.56
01:45.7,22,0.85,15.42910855,75.01591205,709.635,0.099560165,117.65391,13.56,19.645,0.925,0.000262773,-0.004737127,0.000162735,-0.1878946,-0.02163812,-9.809349,-0.3956007,0.05480099,0.06387937,0.07123454,0,0.09,-1.01,272.56
01:45.7,22,0.85,15.42910854,75.01591208,709.642,0.099785652,101.018972,13.556,19.64,0.928,0.000624611,-0.002904209,-0.000413638,-0.1821675,-0.018785995,-9.8037965,-0.36395264,0.045366986,0.05297774,0.058523799,0,0.09,-1.01,272.56
01:45.7,22,0.85,15.42910853,75.01591211,709.649,0.100011139,84.384034,13.552,19.635,0.931,0.000986448,-0.001071291,-0.000990011,-0.1764404,-0.01593387,-9.798244,-0.33230458,0.035932982,0.042076111,0.045813057,0,0.09,-1.01,272.56
01:45.8,22,0.85,15.42910852,75.01591214,709.656,0.100236626,67.749096,13.548,19.63,0.934,0.000821046,-0.003368225,-0.000617456,-0.1737044,-0.016037935,-9.8081885,-0.30065652,0.026498977,0.031174481,0.033102316,0,0.09,-1.01,272.56
01:45.8,22,0.85,15.42910851,75.01591217,709.663,0.100462113,51.114158,13.544,19.625,0.937,0.000655645,-0.005665158,-0.000244901,-0.1709684,-0.016142,-9.818133,-0.26900846,0.017064973,0.020272852,0.020391574,0,0.09,-1.01,272.56
01:45.8,22,0.85,15.4291085,75.0159122,709.67,0.1006876,34.47922,13.54,19.62,0.94,0.000927812,-0.005410663,-7.44E-05,-0.1713972,-0.01487607,-9.817828,-0.2373604,0.007630969,0.009371222,0.007680833,0,0.09,-1.01,272.56
01:45.8,22,0.85,15.4291085,75.01591217,709.66,0.11215811,49.377318,13.537,19.615,0.944,0.001199979,-0.005156167,9.62E-05,-0.171826,-0.01361014,-9.817523,-0.23509984,0.007807455,0.009170145,0.007876223,0,0.09,-1.01,272.558
01:45.8,22,0.85,15.4291085,75.01591214,709.65,0.12362862,64.275416,13.534,19.61,0.948,0.001125251,-0.005516695,0.000104842,-0.17257445,-0.01477878,-9.818148,-0.23283928,0.007983941,0.008969068,0.008071613,0,0.09,-1.01,272.556
01:45.9,22,0.85,15.4291085,75.01591211,709.64,0.13509913,79.173514,13.531,19.605,0.952,0.001050523,-0.005877223,0.000113508,-0.1733229,-0.01594742,-9.818773,-0.23057872,0.008160428,0.00876799,0.008267002,0,0.09,-1.01,272.554
01:45.9,22,0.85,15.4291085,75.01591208,709.63,0.14656964,94.071612,13.528,19.6,0.956,0.001156231,-0.005424272,-0.000224368,-0.172741,-0.01638109,-9.8180785,-0.22831816,0.008336914,0.008566913,0.008462392,0,0.09,-1.01,272.552
01:45.9,22,0.85,15.4291085,75.01591205,709.62,0.15804015,108.96971,13.525,19.595,0.96,0.001261939,-0.00497132,-0.000562243,-0.1721591,-0.01681476,-9.817384,-0.2260576,0.0085134,0.008365836,0.008657782,0,0.09,-1.01,272.55
01:45.9,22,0.85,15.4291085,75.01591202,709.61,0.16951066,123.867808,13.522,19.59,0.964,0.001063027,-0.005786405,-0.000302987,-0.170156,-0.016669015,-9.8179625,-0.21362442,0.008368418,0.00851862,0.008719292,0,0.09,-1.01,272.55
01:45.9,22,0.85,15.4291085,75.01591199,709.6,0.18098117,138.765906,13.519,19.585,0.968,0.000864115,-0.00660149,-4.37E-05,-0.1681529,-0.01652327,-9.818541,-0.20119124,0.008223436,0.008671405,0.008780803,0,0.09,-1.01,272.55
01:46.0,22,0.85,15.4291085,75.01591196,709.59,0.19245168,153.664004,13.516,19.58,0.972,0.000459558,-0.005709237,-0.000241815,-0.1706051,-0.015105535,-9.817183,-0.18875806,0.008078455,0.008824189,0.008842313,0,0.09,-1.01,272.55
01:46.0,22,0.85,15.4291085,75.01591193,709.58,0.20392219,168.562102,13.513,19.575,0.976,5.50E-05,-0.004816984,-0.000439898,-0.1730573,-0.0136878,-9.815825,-0.17632488,0.007933473,0.008976974,0.008903824,0,0.09,-1.01,272.55
01:46.0,22,0.85,15.4291085,75.0159119,709.57,0.2153927,183.4602,13.51,19.57,0.98,0.000693194,-0.005224613,0.000182388,-0.17250155,-0.0152231,-9.8169735,-0.1638917,0.007788491,0.009129758,0.008965334,0,0.09,-1.01,272.55
01:46.0,22,0.85,15.42910846,75.01591189,709.569,0.21634121,184.63522,13.504,19.563,0.975,0.001331387,-0.005632241,0.000804674,-0.1719458,-0.0167584,-9.818122,-0.16841286,0.00808688,0.009251714,0.009244845,0,0.09,-1.008,272.55
01:46.0,22,0.85,15.42910842,75.01591188,709.568,0.21728972,185.81024,13.498,19.556,0.97,0.001318587,-0.005245938,0.000613206,-0.1714841,-0.01598344,-9.817046,-0.17293402,0.008385268,0.00937367,0.009524356,0,0.09,-1.006,272.55
01:46.1,22,0.85,15.42910838,75.01591187,709.567,0.21823823,186.98526,13.492,19.549,0.965,0.001305787,-0.004859635,0.000421737,-0.1710224,-0.01520848,-9.81597,-0.17745518,0.008683657,0.009495625,0.009803868,0,0.09,-1.004,272.55
01:46.1,22,0.85,15.42910834,75.01591186,709.566,0.21918674,188.16028,13.486,19.542,0.96,0.000457858,-0.001348294,0.000596307,-0.17400615,-0.018382035,-9.8021675,-0.18197634,0.008982045,0.009617581,0.010083379,0,0.09,-1.002,272.55
01:46.1,22,0.85,15.4291083,75.01591185,709.565,0.22013525,189.3353,13.48,19.535,0.955,-0.000390071,0.002163048,0.000770878,-0.1769899,-0.02155559,-9.788365,-0.1864975,0.009280434,0.009739537,0.01036289,0,0.09,-1,272.55
01:46.1,22,0.85,15.42910826,75.01591184,709.564,0.22108376,190.51032,13.474,19.528,0.95,0.000318765,-0.001953517,-0.00011361,-0.17506265,-0.019250055,-9.802239,-0.2328393,0.009224266,0.009840362,0.010379586,0,0.09,-1,272.55
01:46.1,22,0.85,15.42910822,75.01591183,709.563,0.22203227,191.68534,13.468,19.521,0.945,0.001027601,-0.006070082,-0.000998098,-0.1731354,-0.01694452,-9.816113,-0.2791811,0.009168098,0.009941186,0.010396282,0,0.09,-1,272.55
01:46.2,22,0.85,15.42910818,75.01591182,709.562,0.22298078,192.86036,13.462,19.514,0.94,0.001185147,-0.005153366,5.58E-05,-0.1707995,-0.015909445,-9.815466,-0.3255229,0.00911193,0.010042011,0.010412978,0,0.09,-1,272.55
01:46.2,22,0.85,15.42910814,75.01591181,709.561,0.22392929,194.03538,13.456,19.507,0.935,0.001342693,-0.004236649,0.001109708,-0.1684636,-0.01487437,-9.814819,-0.3718647,0.009055762,0.010142835,0.010429674,0,0.09,-1,272.55
01:46.2,22,0.85,15.4291081,75.0159118,709.56,0.2248778,195.2104,13.45,19.5,0.93,0.001300752,-0.004896536,0.00065263,-0.17104545,-0.015683625,-9.814437,-0.4182065,0.008999594,0.01024366,0.01044637,0,0.09,-1,272.55
01:46.2,22.09090909,0.844545455,15.42910808,75.01591178,709.5554545,0.216172555,195.2993818,13.44545455,19.49272727,0.934545455,0.00125881,-0.005556422,0.000195551,-0.1736273,-0.01649288,-9.814055,-0.41029448,0.008878956,0.01013189,0.010602556,0,0.09,-1.002,272.55
01:46.2,22.18181818,0.839090909,15.42910806,75.01591176,709.5509091,0.207467309,195.3883636,13.44090909,19.48545455,0.939090909,-0.000105392,-0.003351771,-0.000635297,-0.1801482,-0.007755242,-9.810076,-0.40238246,0.008758317,0.01002012,0.010758742,0,0.09,-1.004,272.55
01:46.3,22.27272727,0.833636364,15.42910805,75.01591175,709.5463636,0.198762064,195.4773455,13.43636364,19.47818182,0.943636364,-0.001469594,-0.001147119,-0.001466144,-0.1866691,0.000982396,-9.806097,-0.39447044,0.008637679,0.00990835,0.010914928,0,0.09,-1.006,272.55
01:46.3,22.36363636,0.828181818,15.42910803,75.01591173,709.5418182,0.190056818,195.5663273,13.43181818,19.47090909,0.948181818,-0.001662296,-0.001582028,-0.000412475,-0.18638125,-0.003726067,-9.805912,-0.38655842,0.00851704,0.00979658,0.011071114,0,0.09,-1.008,272.55
01:46.3,22.45454545,0.822727273,15.42910801,75.01591171,709.5372727,0.181351573,195.6553091,13.42727273,19.46363636,0.952727273,-0.001854997,-0.002016936,0.000641194,-0.1860934,-0.00843453,-9.805727,-0.3786464,0.008396402,0.00968481,0.0112273,0,0.09,-1.01,272.55
01:46.3,22.54545455,0.817272727,15.42910799,75.01591169,709.5327273,0.172646327,195.7442909,13.42272727,19.45636364,0.957272727,7.13E-05,-0.004444106,0.000274965,-0.17733985,-0.0125906,-9.810911,-0.3594315,0.017736024,0.02056074,0.023684004,0,0.09,-1.008,272.55
01:46.3,22.63636364,0.811818182,15.42910797,75.01591167,709.5281818,0.163941082,195.8332727,13.41818182,19.44909091,0.961818182,0.00199763,-0.006871277,-9.13E-05,-0.1685863,-0.01674667,-9.816095,-0.3402166,0.027075645,0.03143667,0.036140708,0,0.09,-1.006,272.55
01:46.4,22.72727273,0.806363636,15.42910795,75.01591165,709.5236364,0.155235836,195.9222545,13.41363636,19.44181818,0.966363636,0.001456356,-0.006012704,0.000669871,-0.16878185,-0.013511885,-9.8150025,-0.3210017,0.036415267,0.0423126,0.048597412,0,0.09,-1.004,272.55
01:46.4,22.81818182,0.800909091,15.42910794,75.01591164,709.5190909,0.146530591,196.0112364,13.40909091,19.43454545,0.970909091,0.000915082,-0.005154131,0.001431006,-0.1689774,-0.0102771,-9.81391,-0.3017868,0.045754888,0.05318853,0.061054116,0,0.09,-1.002,272.55
01:46.4,22.90909091,0.795454545,15.42910792,75.01591162,709.5145455,0.137825345,196.1002182,13.40454545,19.42727273,0.975454545,0.000929996,-0.006033996,0.001290383,-0.16859955,-0.011650215,-9.8137615,-0.2825719,0.05509451,0.06406446,0.07351082,0,0.09,-1,272.55
01:46.4,23,0.79,15.4291079,75.0159116,709.51,0.1291201,196.1892,13.4,19.42,0.98,0.00094491,-0.006913862,0.001149759,-0.1682217,-0.01302333,-9.813613,-0.30630796,0.04587453,0.05354896,0.061127984,0,0.09,-1.002,272.55
01:46.4,23,0.79,15.42910788,75.01591159,709.5088889,0.127978833,197.8216333,13.39555556,19.41444444,0.982222222,0.000838302,-0.005871341,0.00077112,-0.1706374,-0.01248425,-9.8142535,-0.33004402,0.036654549,0.04303346,0.048745148,0,0.09,-1.004,272.55
01:46.5,23,0.79,15.42910786,75.01591158,709.5077778,0.126837567,199.4540667,13.39111111,19.40888889,0.984444444,0.000731694,-0.00482882,0.000392481,-0.1730531,-0.01194517,-9.814894,-0.35378008,0.027434569,0.03251796,0.036362312,0,0.09,-1.006,272.55
01:46.5,23,0.79,15.42910783,75.01591157,709.5066667,0.1256963,201.0865,13.38666667,19.40333333,0.986666667,7.19E-05,-0.005115984,-0.000434959,-0.17803645,-0.010570188,-9.81218,-0.37751614,0.018214588,0.02200246,0.023979476,0,0.09,-1.008,272.55
01:46.5,23,0.79,15.42910781,75.01591156,709.5055556,0.124555033,202.7189333,13.38222222,19.39777778,0.988888889,-0.000587814,-0.005403148,-0.001262398,-0.1830198,-0.009195205,-9.809466,-0.4012522,0.008994608,0.01148696,0.01159664,0,0.09,-1.01,272.55
01:46.5,23,0.79,15.42910779,75.01591154,709.5044444,0.123413767,204.3513667,13.37777778,19.39222222,0.991111111,-0.001157638,-0.002076805,-0.001617204,-0.1754387,-0.003466361,-9.8053915,-0.3922099,0.009139125,0.011185495,0.011204248,0,0.09,-1.01,272.548
01:46.5,23,0.79,15.42910777,75.01591153,709.5033333,0.1222725,205.9838,13.37333333,19.38666667,0.993333333,-0.001727462,0.001249538,-0.00197201,-0.1678576,0.002262483,-9.801317,-0.3831676,0.009283642,0.010884031,0.010811856,0,0.09,-1.01,272.546
01:46.6,23,0.79,15.42910774,75.01591152,709.5022222,0.121131233,207.6162333,13.36888889,19.38111111,0.995555556,-0.000349596,-0.002135938,-0.001068946,-0.17005405,-0.007979873,-9.8064295,-0.3741253,0.00942816,0.010582566,0.010419464,0,0.09,-1.01,272.544
01:46.6,23,0.79,15.42910772,75.01591151,709.5011111,0.119989967,209.2486667,13.36444444,19.37555556,0.997777778,0.001028271,-0.005521414,-0.000165881,-0.1722505,-0.01822223,-9.811542,-0.365083,0.009572677,0.010281102,0.010027072,0,0.09,-1.01,272.542
01:46.6,23,0.79,15.4291077,75.0159115,709.5,0.1188487,210.8811,13.36,19.37,1,0.001315888,-0.004758267,-1.98E-05,-0.17067785,-0.018006735,-9.813217,-0.3560407,0.009717194,0.009979637,0.00963468,0,0.09,-1.01,272.54
01:46.6,23,0.79,15.4291077,75.01591148,709.499,0.114374633,217.1024,13.356,19.365,0.959,0.001603505,-0.003995119,0.000126283,-0.1691052,-0.01779124,-9.814892,-0.3639527,0.009459212,0.009774913,0.009614602,0,0.09,-1.01,272.54
01:46.6,23,0.79,15.4291077,75.01591146,709.498,0.109900566,223.3237,13.352,19.36,0.918,0.001753138,-0.004855996,0.00035634,-0.1694001,-0.01696777,-9.814368,-0.3718647,0.00920123,0.009570189,0.009594523,0,0.09,-1.01,272.54
01:46.7,23,0.79,15.4291077,75.01591144,709.497,0.105426499,229.545,13.348,19.355,0.877,0.00190277,-0.005716873,0.000586397,-0.169695,-0.0161443,-9.813844,-0.3797767,0.008943249,0.009365466,0.009574445,0,0.09,-1.01,272.54
01:46.7,23,0.79,15.4291077,75.01591142,709.496,0.100952432,235.7663,13.344,19.35,0.836,0.001520252,-0.006318176,0.000892192,-0.1697085,-0.016787325,-9.8121325,-0.3876887,0.008685267,0.009160742,0.009554366,0,0.09,-1.01,272.54
01:46.7,23,0.79,15.4291077,75.0159114,709.495,0.096478365,241.9876,13.34,19.345,0.795,0.001137734,-0.006919479,0.001197986,-0.169722,-0.01743035,-9.810421,-0.3956007,0.008427285,0.008956018,0.009534288,0,0.09,-1.01,272.54
01:46.7,23,0.79,15.4291077,75.01591138,709.494,0.092004298,248.2089,13.336,19.34,0.754,1.90E-06,-0.0032506,0.002191317,-0.17964015,-0.012083589,-9.8066175,-0.36056178,0.008303135,0.008891603,0.009482144,0,0.09,-1.008,272.54
01:46.7,23,0.79,15.4291077,75.01591136,709.493,0.087530231,254.4302,13.332,19.335,0.713,-0.001133928,0.000418279,0.003184649,-0.1895583,-0.006736828,-9.802814,-0.32552286,0.008178984,0.008827189,0.009430001,0,0.09,-1.006,272.54
01:46.8,23,0.79,15.4291077,75.01591134,709.492,0.083056164,260.6515,13.328,19.33,0.672,-0.000102222,-0.001801653,0.001973783,-0.18056,-0.011450049,-9.808044,-0.29048394,0.008054834,0.008762774,0.009377857,0,0.09,-1.004,272.54
01:46.8,23,0.79,15.4291077,75.01591132,709.491,0.078582097,266.8728,13.324,19.325,0.631,0.000929484,-0.004021586,0.000762918,-0.1715617,-0.01616327,-9.813274,-0.25544502,0.007930683,0.00869836,0.009325714,0,0.09,-1.002,272.54
01:46.8,23,0.79,15.4291077,75.0159113,709.49,0.07410803,273.0941,13.32,19.32,0.59,0.000926449,-0.005115043,0.000465284,-0.171481,-0.014445315,-9.813405,-0.2204061,0.007806533,0.008633945,0.00927357,0,0.09,-1,272.54
01:46.8,23,0.79,15.42910769,75.01591131,709.493,0.071709213,260.92364,13.317,19.317,0.614,0.000923414,-0.006208501,0.000167649,-0.1714003,-0.01272736,-9.813536,-0.23170898,0.007732055,0.008705638,0.009342345,0,0.09,-1,272.54
01:46.8,23,0.79,15.42910768,75.01591132,709.496,0.069310396,248.75318,13.314,19.314,0.638,0.001371753,-0.006043065,-0.000100938,-0.17055225,-0.0137477,-9.811824,-0.24301186,0.007657577,0.008777331,0.00941112,0,0.09,-1,272.54
01:46.9,23,0.79,15.42910767,75.01591133,709.499,0.066911579,236.58272,13.311,19.311,0.662,0.001820091,-0.005877629,-0.000369526,-0.1697042,-0.01476804,-9.810112,-0.25431474,0.007583099,0.008849023,0.009479894,0,0.09,-1,272.54
01:46.9,23,0.79,15.42910766,75.01591134,709.502,0.064512762,224.41226,13.308,19.308,0.686,0.001289987,-0.005560254,-1.27E-05,-0.171164,-0.01431246,-9.8101425,-0.26561762,0.007508621,0.008920716,0.009548669,0,0.09,-1,272.54
01:46.9,23,0.79,15.42910765,75.01591135,709.505,0.062113945,212.2418,13.305,19.305,0.71,0.000759884,-0.005242878,0.000344131,-0.1726238,-0.01385688,-9.810173,-0.2769205,0.007434143,0.008992409,0.009617444,0,0.09,-1,272.54
01:46.9,23,0.79,15.42910764,75.01591136,709.508,0.059715128,200.07134,13.302,19.302,0.734,-2.54E-05,-0.003057508,-0.000288977,-0.1811287,-0.005571832,-9.8027435,-0.2859628,0.007433252,0.009066398,0.009737285,0,0.09,-1,272.54
01:46.9,23,0.79,15.42910763,75.01591137,709.511,0.057316311,187.90088,13.299,19.299,0.758,-0.000810742,-0.000872139,-0.000922086,-0.1896336,0.002713216,-9.795314,-0.2950051,0.00743236,0.009140388,0.009857126,0,0.09,-1,272.54
01:47.0,23,0.79,15.42910762,75.01591138,709.514,0.054917494,175.73042,13.296,19.296,0.782,0.000488248,-0.002736903,-0.000406778,-0.1807161,-0.005304122,-9.8004895,-0.3040474,0.007431469,0.009214377,0.009976968,0,0.09,-1,272.54
01:47.0,23,0.79,15.42910761,75.01591139,709.517,0.052518677,163.55996,13.293,19.293,0.806,0.001787237,-0.004601668,0.000108529,-0.1717986,-0.01332146,-9.805665,-0.3130897,0.007430577,0.009288367,0.010096809,0,0.09,-1,272.54
01:47.0,23,0.79,15.4291076,75.0159114,709.52,0.05011986,151.3895,13.29,19.29,0.83,0.00164144,-0.00600792,-1.83E-05,-0.1715613,-0.013896095,-9.8079095,-0.322132,0.007429686,0.009362356,0.01021665,0,0.09,-1,272.54
01:47.0,23,0.79,15.42910759,75.01591142,709.525,0.050168507,142.290105,13.288,19.287,0.82,0.001495642,-0.007414171,-0.000145219,-0.171324,-0.01447073,-9.810154,-0.34925892,0.017637735,0.019965885,0.02228955,0,0.09,-1,272.54
01:47.0,23,0.79,15.42910758,75.01591144,709.53,0.050217154,133.19071,13.286,19.284,0.81,0.001244345,-0.006805758,-0.000203027,-0.17021885,-0.015090865,-9.8110105,-0.37638584,0.027845784,0.030569414,0.03436245,0,0.09,-1,272.54
01:47.1,23,0.79,15.42910757,75.01591146,709.535,0.050265801,124.091315,13.284,19.281,0.8,0.000993048,-0.006197344,-0.000260836,-0.1691137,-0.015711,-9.811867,-0.40351276,0.038053832,0.041172942,0.04643535,0,0.09,-1,272.54
01:47.1,23,0.79,15.42910756,75.01591148,709.54,0.050314448,114.99192,13.282,19.278,0.79,0.001425705,-0.002324677,0.001884937,-0.18005215,-0.014327685,-9.8078335,-0.43063968,0.048261881,0.051776471,0.05850825,0,0.09,-1,272.54
01:47.1,23,0.79,15.42910755,75.0159115,709.545,0.050363095,105.892525,13.28,19.275,0.78,0.001858363,0.00154799,0.004030709,-0.1909906,-0.01294437,-9.8038,-0.4577666,0.05846993,0.06238,0.07058115,0,0.09,-1,272.54
01:47.1,23,0.79,15.42910754,75.01591152,709.55,0.050411742,96.79313,13.278,19.272,0.77,-0.000806902,0.002135837,0.001205126,-0.1852061,-0.008647742,-9.7994005,-0.42498824,0.048543253,0.051753511,0.058527368,0,0.09,-1,272.54
01:47.1,23,0.79,15.42910753,75.01591154,709.555,0.050460389,87.693735,13.276,19.269,0.76,-0.003472168,0.002723683,-0.001620457,-0.1794216,-0.004351113,-9.795001,-0.39220988,0.038616576,0.041127022,0.046473586,0,0.09,-1,272.54
01:47.2,23,0.79,15.42910752,75.01591156,709.56,0.050509036,78.59434,13.274,19.266,0.75,-0.001015086,-0.000850438,-0.000532988,-0.1748898,-0.010390907,-9.803366,-0.35943152,0.0286899,0.030500532,0.034419804,0,0.09,-1,272.54
01:47.2,23,0.79,15.42910751,75.01591158,709.565,0.050557683,69.494945,13.272,19.263,0.74,0.001441997,-0.004424558,0.000554481,-0.170358,-0.0164307,-9.811731,-0.32665316,0.018763223,0.019874043,0.022366022,0,0.09,-1,272.54
01:47.2,23,0.79,15.4291075,75.0159116,709.57,0.05060633,60.39555,13.27,19.26,0.73,0.001545842,-0.005106645,0.000170045,-0.1713778,-0.01652503,-9.810981,-0.2938748,0.008836546,0.009247554,0.01031224,0,0.09,-1,272.54
01:47.2,23,0.79,15.4291075,75.01591164,709.5754545,0.067951218,59.73073909,13.26727273,19.25454545,0.735454545,0.001649686,-0.005788732,-0.000214391,-0.1723976,-0.01661936,-9.810231,-0.29048394,0.008643024,0.009300494,0.010223022,0,0.09,-1,272.54
01:47.2,23,0.79,15.4291075,75.01591167,709.5809091,0.085296106,59.06592818,13.26454545,19.24909091,0.740909091,0.00161787,-0.005278617,0.000627181,-0.1723961,-0.01363439,-9.809307,-0.28709308,0.008449502,0.009353434,0.010133803,0,0.09,-1,272.54
01:47.3,23,0.79,15.4291075,75.01591171,709.5863636,0.102640995,58.40111727,13.26181818,19.24363636,0.746363636,0.001586054,-0.004768501,0.001468753,-0.1723946,-0.01064942,-9.808383,-0.28370222,0.008255981,0.009406373,0.010044585,0,0.09,-1,272.54
01:47.3,23,0.79,15.4291075,75.01591175,709.5918182,0.119985883,57.73630636,13.25909091,19.23818182,0.751818182,0.001434644,-0.005011029,0.002098467,-0.1785925,-0.01392045,-9.8032585,-0.28031136,0.008062459,0.009459313,0.009955366,0,0.09,-1,272.54
01:47.3,23,0.79,15.4291075,75.01591178,709.5972727,0.137330771,57.07149545,13.25636364,19.23272727,0.757272727,0.001283233,-0.005253556,0.00272818,-0.1847904,-0.01719148,-9.798134,-0.2769205,0.007868937,0.009512253,0.009866148,0,0.09,-1,272.54
01:47.3,23,0.79,15.4291075,75.01591182,709.6027273,0.154675659,56.40668455,13.25363636,19.22727273,0.762727273,0.002046959,-0.0053619,0.001456667,-0.1831297,-0.016994325,-9.8011035,-0.2950051,0.007788808,0.009238749,0.010155602,0,0.09,-1,272.54
01:47.3,23,0.79,15.4291075,75.01591185,709.6081818,0.172020547,55.74187364,13.25090909,19.22181818,0.768181818,0.002810685,-0.005470243,0.000185154,-0.181469,-0.01679717,-9.804073,-0.3130897,0.007708678,0.008965245,0.010445057,0,0.09,-1,272.54
01:47.4,23,0.79,15.4291075,75.01591189,709.6136364,0.189365435,55.07706273,13.24818182,19.21636364,0.773636364,0.002166467,-0.00529762,0.000482345,-0.1759901,-0.01446234,-9.808681,-0.3311743,0.007628549,0.008691741,0.010734511,0,0.09,-1,272.54
01:47.4,23,0.79,15.4291075,75.01591193,709.6190909,0.206710324,54.41225182,13.24545455,19.21090909,0.779090909,0.001522248,-0.005124997,0.000779537,-0.1705112,-0.01212751,-9.813289,-0.3492589,0.007548419,0.008418237,0.011023966,0,0.09,-1,272.54
01:47.4,23,0.79,15.4291075,75.01591196,709.6245455,0.224055212,53.74744091,13.24272727,19.20545455,0.784545455,0.00113146,-0.004875075,0.000435404,-0.17013315,-0.011953485,-9.813521,-0.3673435,0.00746829,0.008144733,0.01131342,0,0.09,-1,272.54
01:47.4,23,0.79,15.4291075,75.015912,709.63,0.2414001,53.08263,13.24,19.2,0.79,0.000740671,-0.004625152,9.13E-05,-0.1697551,-0.01177946,-9.813753,-0.37299494,0.007705731,0.008355437,0.011237986,0,0.09,-1,272.54
01:47.4,23,0.79,15.42910752,75.01591204,709.6344444,0.230920644,52.24577111,13.23333333,19.19222222,0.794444444,0.001368273,-0.005262976,-0.000130946,-0.1692146,-0.01415096,-9.8148755,-0.37864638,0.007943171,0.008566141,0.011162552,0,0.09,-1,272.54
01:47.5,23,0.79,15.42910754,75.01591209,709.6388889,0.220441189,51.40891222,13.22666667,19.18444444,0.798888889,0.001995874,-0.0059008,-0.000353162,-0.1686741,-0.01652246,-9.815998,-0.38429782,0.008180612,0.008776845,0.011087118,0,0.09,-1,272.54
01:47.5,23,0.79,15.42910757,75.01591213,709.6433333,0.209961733,50.57205333,13.22,19.17666667,0.803333333,0.001595587,-0.00593429,-0.000246955,-0.1688111,-0.016955925,-9.815714,-0.38994926,0.008418052,0.008987549,0.011011684,0,0.09,-1,272.54
01:47.5,23,0.79,15.42910759,75.01591218,709.6477778,0.199482278,49.73519444,13.21333333,19.16888889,0.807777778,0.0011953,-0.00596778,-0.000140749,-0.1689481,-0.01738939,-9.81543,-0.3956007,0.008655493,0.009198253,0.01093625,0,0.09,-1,272.54
01:47.5,23,0.79,15.42910761,75.01591222,709.6522222,0.189002822,48.89833556,13.20666667,19.16111111,0.812222222,0.001657524,-0.002590089,-0.000226888,-0.1752797,-0.012290679,-9.8051285,-0.36621322,0.008745998,0.009185606,0.01122511,0,0.09,-1,272.54
01:47.5,23,0.79,15.42910763,75.01591227,709.6566667,0.178523367,48.06147667,13.2,19.15333333,0.816666667,0.002119747,0.000787601,-0.000313027,-0.1816113,-0.007191967,-9.794827,-0.33682574,0.008836503,0.009172959,0.01151397,0,0.09,-1,272.54
01:47.6,23,0.79,15.42910766,75.01591231,709.6611111,0.168043911,47.22461778,13.19333333,19.14555556,0.821111111,0.001383244,-0.002058022,-0.000224787,-0.17791295,-0.010495438,-9.806415,-0.30743826,0.008927007,0.009160311,0.01180283,0,0.09,-1,272.54
01:47.6,23,0.79,15.42910768,75.01591236,709.6655556,0.157564456,46.38775889,13.18666667,19.13777778,0.825555556,0.000646742,-0.004903646,-0.000136548,-0.1742146,-0.01379891,-9.818003,-0.27805078,0.009017512,0.009147664,0.01209169,0,0.09,-1,272.54
01:47.6,23,0.79,15.4291077,75.0159124,709.67,0.147085,45.5509,13.18,19.13,0.83,0.000353903,-0.004869294,8.17E-05,-0.17160345,-0.014711275,-9.818642,-0.2486633,0.009108017,0.009135017,0.01238055,0,0.09,-1,272.54
01:47.6,23,0.79,15.42910773,75.01591241,709.67,0.15294444,42.345383,13.176,19.124,0.847,6.11E-05,-0.004834942,0.000299961,-0.1689923,-0.01562364,-9.819281,-0.24075128,0.009070002,0.0091695,0.011997606,0,0.09,-1,272.54
01:47.6,23,0.79,15.42910776,75.01591242,709.67,0.15880388,39.139866,13.172,19.118,0.864,0.001263337,-0.005434218,0.000337072,-0.1687408,-0.014794725,-9.818009,-0.23283926,0.009031986,0.009203983,0.011614662,0,0.09,-1,272.54
01:47.7,23,0.79,15.42910779,75.01591243,709.67,0.16466332,35.934349,13.168,19.112,0.881,0.002465611,-0.006033494,0.000374184,-0.1684893,-0.01396581,-9.816737,-0.22492724,0.008993971,0.009238467,0.011231718,0,0.09,-1,272.54
01:47.7,23,0.79,15.42910782,75.01591244,709.67,0.17052276,32.728832,13.164,19.106,0.898,0.00061397,-0.003149741,-0.000738604,-0.1769078,-0.004482238,-9.809053,-0.21701522,0.008955955,0.00927295,0.010848774,0,0.09,-1,272.54
01:47.7,23,0.79,15.42910785,75.01591245,709.67,0.1763822,29.523315,13.16,19.1,0.915,-0.001237671,-0.000265987,-0.001851392,-0.1853263,0.005001334,-9.801369,-0.2091032,0.00891794,0.009307433,0.01046583,0,0.09,-1,272.54
01:47.7,23,0.79,15.42910788,75.01591246,709.67,0.18224164,26.317798,13.156,19.094,0.932,0.000847296,-0.000525067,-0.001346414,-0.18535485,-0.001953634,-9.803508,-0.22718782,0.008991457,0.009434285,0.010516256,0,0.09,-1,272.54
01:47.7,23,0.79,15.42910791,75.01591247,709.67,0.18810108,23.112281,13.152,19.088,0.949,0.002932262,-0.000784148,-0.000841436,-0.1853834,-0.008908601,-9.805647,-0.24527244,0.009064974,0.009561137,0.010566682,0,0.09,-1,272.54
01:47.8,23,0.79,15.42910794,75.01591248,709.67,0.19396052,19.906764,13.148,19.082,0.966,0.002383769,-0.002381832,-0.000370907,-0.1780066,-0.010697121,-9.809852,-0.26335706,0.009138491,0.00968799,0.010617108,0,0.09,-1,272.54
01:47.8,23,0.79,15.42910797,75.01591249,709.67,0.19981996,16.701247,13.144,19.076,0.983,0.001835276,-0.003979516,9.96E-05,-0.1706298,-0.01248564,-9.814057,-0.28144168,0.009212008,0.009814842,0.010667534,0,0.09,-1,272.54
01:47.8,23,0.79,15.429108,75.0159125,709.67,0.2056794,13.49573,13.14,19.07,1,0.001365572,-0.004797096,0.0004219,-0.1712826,-0.01388531,-9.8133015,-0.2995263,0.009285525,0.009941694,0.01071796,0,0.09,-1,272.54
01:47.8,23,0.79,15.42910802,75.0159125,709.671,0.193049344,46.234187,13.135,19.063,0.984,0.000895867,-0.005614675,0.000744176,-0.1719354,-0.01528498,-9.812546,-0.28483256,0.018922754,0.020742687,0.02328066,0,0.09,-1,272.54
01:47.8,23,0.79,15.42910804,75.0159125,709.672,0.180419288,78.972644,13.13,19.056,0.968,0.001033373,-0.005064643,0.000357289,-0.17046885,-0.015744955,-9.8149555,-0.27013882,0.028559983,0.03154368,0.03584336,0,0.09,-1,272.54
01:47.9,23,0.79,15.42910806,75.0159125,709.673,0.167789232,111.711101,13.125,19.049,0.952,0.001170879,-0.004514611,-2.96E-05,-0.1690023,-0.01620493,-9.817365,-0.25544508,0.038197212,0.042344674,0.04840606,0,0.09,-1,272.54
01:47.9,23,0.79,15.42910808,75.0159125,709.674,0.155159176,144.449558,13.12,19.042,0.936,0.00151139,-0.005154288,0.000586497,-0.17064045,-0.01436627,-9.8170655,-0.24075134,0.047834441,0.053145667,0.06096876,0,0.09,-1,272.54
01:47.9,23,0.79,15.4291081,75.0159125,709.675,0.14252912,177.188015,13.115,19.035,0.92,0.0018519,-0.005793964,0.001202593,-0.1722786,-0.01252761,-9.816766,-0.2260576,0.05747167,0.06394666,0.07353146,0,0.09,-1,272.54
01:47.9,23,0.79,15.42910812,75.0159125,709.676,0.129899064,209.926472,13.11,19.028,0.904,0.001140295,-0.00333611,-0.000937307,-0.1709614,-0.013905295,-9.816271,-0.20910328,0.048078508,0.053468396,0.061524062,0,0.088,-1,272.538
01:47.9,23,0.79,15.42910814,75.0159125,709.677,0.117269008,242.664929,13.105,19.021,0.888,0.00042869,-0.000878255,-0.003077207,-0.1696442,-0.01528298,-9.815776,-0.19214896,0.038685346,0.042990132,0.049516664,0,0.086,-1,272.536
01:48.0,23,0.79,15.42910816,75.0159125,709.678,0.104638952,275.403386,13.1,19.014,0.872,0.000156587,-0.003264074,-0.001844824,-0.17179295,-0.01489213,-9.8163715,-0.17519464,0.029292184,0.032511868,0.037509266,0,0.084,-1,272.534
01:48.0,23,0.79,15.42910818,75.0159125,709.679,0.092008896,308.141843,13.095,19.007,0.856,-0.000115515,-0.005649892,-0.00061244,-0.1739417,-0.01450128,-9.816967,-0.15824032,0.019899022,0.022033604,0.025501868,0,0.082,-1,272.532
01:48.0,23,0.79,15.4291082,75.0159125,709.68,0.07937884,340.8803,13.09,19,0.84,6.29E-05,-0.006779608,-0.000108453,-0.17165215,-0.01473677,-9.815605,-0.141286,0.01050586,0.01155534,0.01349447,0,0.08,-1,272.53
01:48.0,23,0.79,15.42910822,75.0159125,709.68,0.083624966,308.412647,13.087,18.996,0.851,0.000241315,-0.007909324,0.000395534,-0.1693626,-0.01497226,-9.814243,-0.15371916,0.010481024,0.011278842,0.01329397,0,0.08,-1,272.53
01:48.0,23,0.79,15.42910824,75.0159125,709.68,0.087871092,275.944994,13.084,18.992,0.862,0.000579508,-0.006580844,0.000287351,-0.1680175,-0.014112105,-9.815569,-0.16615232,0.010456188,0.011002344,0.01309347,0,0.08,-1,272.53
01:48.1,23,0.79,15.42910826,75.0159125,709.68,0.092117218,243.477341,13.081,18.988,0.873,0.000917702,-0.005252364,0.000179168,-0.1666724,-0.01325195,-9.816895,-0.17858548,0.010431352,0.010725846,0.01289297,0,0.08,-1,272.53
01:48.1,23,0.79,15.42910828,75.0159125,709.68,0.096363344,211.009688,13.078,18.984,0.884,0.000861613,-0.000962625,0.000777594,-0.1733081,-0.018817625,-9.812664,-0.19101864,0.010406516,0.010449348,0.01269247,0,0.08,-1,272.53
01:48.1,23,0.79,15.4291083,75.0159125,709.68,0.10060947,178.542035,13.075,18.98,0.895,0.000805525,0.003327113,0.001376019,-0.1799438,-0.0243833,-9.808433,-0.2034518,0.01038168,0.01017285,0.01249197,0,0.08,-1,272.53
01:48.1,23,0.79,15.42910832,75.0159125,709.68,0.104855596,146.074382,13.072,18.976,0.906,0.000915021,-0.001300396,0.000297556,-0.173852,-0.01942919,-9.8123405,-0.22379698,0.010199648,0.009990135,0.012763374,0,0.08,-1,272.53
01:48.1,23,0.79,15.42910834,75.0159125,709.68,0.109101722,113.606729,13.069,18.972,0.917,0.001024518,-0.005927906,-0.000780907,-0.1677602,-0.01447508,-9.816248,-0.24414216,0.010017616,0.00980742,0.013034778,0,0.08,-1,272.53
01:48.2,23,0.79,15.42910836,75.0159125,709.68,0.113347848,81.139076,13.066,18.968,0.928,0.001341187,-0.005655325,-6.37E-05,-0.1708731,-0.015600055,-9.8141625,-0.26448734,0.009835585,0.009624704,0.013306182,0,0.08,-1,272.53
01:48.2,23,0.79,15.42910838,75.0159125,709.68,0.117593974,48.671423,13.063,18.964,0.939,0.001657856,-0.005382744,0.000653418,-0.173986,-0.01672503,-9.812077,-0.28483252,0.009653553,0.009441989,0.013577586,0,0.08,-1,272.53
01:48.2,23,0.79,15.4291084,75.0159125,709.68,0.1218401,16.20377,13.06,18.96,0.95,0.001204536,-0.004601161,0.000398201,-0.17177375,-0.016213185,-9.81415,-0.3051777,0.009471521,0.009259274,0.01384899,0,0.08,-1,272.53
01:48.2,23,0.79,15.42910843,75.01591249,709.6754545,0.119796725,17.35675273,13.05636364,18.95636364,0.943636364,0.000751216,-0.003819578,0.000142984,-0.1695615,-0.01570134,-9.816223,-0.30178684,0.009636339,0.009114375,0.014440504,0,0.08,-1,272.53
01:48.2,23,0.79,15.42910845,75.01591248,709.6709091,0.117753351,18.50973545,13.05272727,18.95272727,0.937272727,0.001267711,-0.004352465,1.33E-05,-0.1705116,-0.017059565,-9.820007,-0.29839598,0.009801157,0.008969477,0.015032018,0,0.08,-1,272.53
01:48.3,23,0.79,15.42910848,75.01591247,709.6663636,0.115709976,19.66271818,13.04909091,18.94909091,0.930909091,0.001784207,-0.004885351,-0.000116297,-0.1714617,-0.01841779,-9.823791,-0.29500512,0.009965974,0.008824578,0.015623532,0,0.08,-1,272.53
01:48.3,23,0.79,15.42910851,75.01591246,709.6618182,0.113666602,20.81570091,13.04545455,18.94545455,0.924545455,0.001557618,-0.005348389,-0.000147961,-0.1719998,-0.01764446,-9.81956,-0.29161426,0.010130792,0.00867968,0.016215046,0,0.08,-1,272.53
01:48.3,23,0.79,15.42910854,75.01591245,709.6572727,0.111623227,21.96868364,13.04181818,18.94181818,0.918181818,0.001331029,-0.005811426,-0.000179625,-0.1725379,-0.01687113,-9.815329,-0.2882234,0.01029561,0.008534781,0.01680656,0,0.08,-1,272.53
01:48.3,23,0.79,15.42910856,75.01591245,709.6527273,0.109579853,23.12166636,13.03818182,18.93818182,0.911818182,0.001105591,-0.005162513,-0.000579474,-0.17048965,-0.016753915,-9.816749,-0.29952628,0.010066499,0.008740701,0.015823764,0,0.08,-1,272.53
01:48.3,23,0.79,15.42910859,75.01591244,709.6481818,0.107536478,24.27464909,13.03454545,18.93454545,0.905454545,0.000880154,-0.0045136,-0.000979324,-0.1684414,-0.0166367,-9.818169,-0.31082916,0.009837387,0.008946621,0.014840968,0,0.08,-1,272.53
01:48.4,23,0.79,15.42910862,75.01591243,709.6436364,0.105493104,25.42763182,13.03090909,18.93090909,0.899090909,0.000918279,-0.0051139,-5.45E-05,-0.1705338,-0.01714186,-9.817014,-0.32213204,0.009608276,0.009152541,0.013858172,0,0.08,-1,272.53
01:48.4,23,0.79,15.42910865,75.01591242,709.6390909,0.103449729,26.58061455,13.02727273,18.92727273,0.892727273,0.000956405,-0.0057142,0.000870398,-0.1726262,-0.01764702,-9.815859,-0.33343492,0.009379164,0.009358461,0.012875376,0,0.08,-1,272.53
01:48.4,23,0.79,15.42910867,75.01591241,709.6345455,0.101406355,27.73359727,13.02363636,18.92363636,0.886363636,0.001265881,-0.005771411,0.000336328,-0.1710453,-0.018643625,-9.816109,-0.3447378,0.009150053,0.009564381,0.01189258,0,0.08,-1,272.53
01:48.4,23,0.79,15.4291087,75.0159124,709.63,0.09936298,28.88658,13.02,18.92,0.88,0.001575356,-0.005828622,-0.000197742,-0.1694644,-0.01964023,-9.816359,-0.32326232,0.009163714,0.009751953,0.01209747,0,0.082,-1,272.53
01:48.4,23.11111111,0.777777778,15.42910869,75.01591242,709.6344444,0.093207749,37.58790444,13.01666667,18.91444444,0.855555556,0.001338613,-0.003622938,0.000667991,-0.1799907,-0.014590132,-9.811202,-0.30178684,0.009177375,0.009939525,0.01230236,0,0.084,-1,272.53
01:48.5,23.22222222,0.765555556,15.42910868,75.01591244,709.6388889,0.087052518,46.28922889,13.01333333,18.90888889,0.831111111,0.00110187,-0.001417254,0.001533724,-0.190517,-0.009540034,-9.806045,-0.28031136,0.009191036,0.010127096,0.01250725,0,0.086,-1,272.53
01:48.5,23.33333333,0.753333333,15.42910867,75.01591247,709.6433333,0.080897287,54.99055333,13.01,18.90333333,0.806666667,0.000874993,-0.002248109,0.000560794,-0.17986085,-0.010083817,-9.809454,-0.25883588,0.009204697,0.010314668,0.01271214,0,0.088,-1,272.53
01:48.5,23.44444444,0.741111111,15.42910866,75.01591249,709.6477778,0.074742056,63.69187778,13.00666667,18.89777778,0.782222222,0.000648116,-0.003078964,-0.000412136,-0.1692047,-0.0106276,-9.812863,-0.2373604,0.009218358,0.01050224,0.01291703,0,0.09,-1,272.53
01:48.5,23.55555556,0.728888889,15.42910864,75.01591251,709.6522222,0.068586824,72.39320222,13.00333333,18.89222222,0.757777778,0.000584532,-0.00423496,-0.000482735,-0.1705865,-0.014068495,-9.815151,-0.2294484,0.018749652,0.021026364,0.02467005,0,0.088,-1,272.528
01:48.5,23.66666667,0.716666667,15.42910863,75.01591253,709.6566667,0.062431593,81.09452667,13,18.88666667,0.733333333,0.000520948,-0.005390955,-0.000553333,-0.1719683,-0.01750939,-9.817439,-0.2215364,0.028280947,0.031550488,0.03642307,0,0.086,-1,272.526
01:48.6,23.77777778,0.704444444,15.42910862,75.01591256,709.6611111,0.056276362,89.79585111,12.99666667,18.88111111,0.708888889,0.000421731,-0.005205105,-0.000386329,-0.17088125,-0.011243482,-9.8189865,-0.2136244,0.037812241,0.042074612,0.04817609,0,0.084,-1,272.524
01:48.6,23.88888889,0.692222222,15.42910861,75.01591258,709.6655556,0.050121131,98.49717556,12.99333333,18.87555556,0.684444444,0.000322514,-0.005019255,-0.000219326,-0.1697942,-0.004977573,-9.820534,-0.2057124,0.047343536,0.052598736,0.05992911,0,0.082,-1,272.522
01:48.6,24,0.68,15.4291086,75.0159126,709.67,0.0439659,107.1985,12.99,18.87,0.66,-0.000536216,-0.003325613,-0.001281256,-0.1755537,-0.002707972,-9.810103,-0.1978004,0.05687483,0.06312286,0.07168213,0,0.08,-1,272.52
01:48.6,24,0.68,15.42910862,75.01591259,709.666,0.045882788,99.419369,12.987,18.867,0.675,-0.001394946,-0.001631971,-0.002343186,-0.1813132,-0.000438371,-9.799672,-0.24527248,0.056978606,0.063134452,0.071434018,0,0.08,-1,272.52
01:48.6,24,0.68,15.42910864,75.01591258,709.662,0.047799676,91.640238,12.984,18.864,0.69,-0.000646069,-0.000271419,-0.00297362,-0.18763455,-0.0050611,-9.805366,-0.29274456,0.057082382,0.063146044,0.071185906,0,0.08,-1,272.52
01:48.7,24,0.68,15.42910866,75.01591257,709.658,0.049716564,83.861107,12.981,18.861,0.705,0.000102809,0.001089134,-0.003604053,-0.1939559,-0.009683829,-9.81106,-0.34021664,0.057186158,0.063157636,0.070937794,0,0.08,-1,272.52
01:48.7,24,0.68,15.42910868,75.01591256,709.654,0.051633452,76.081976,12.978,18.858,0.72,0.000854886,-0.002332356,-0.001530575,-0.18236465,-0.012878185,-9.814969,-0.38768872,0.057289934,0.063169228,0.070689682,0,0.08,-1,272.52
01:48.7,24,0.68,15.4291087,75.01591255,709.65,0.05355034,68.302845,12.975,18.855,0.735,0.001606963,-0.005753845,0.000542903,-0.1707734,-0.01607254,-9.818878,-0.4351608,0.05739371,0.06318082,0.07044157,0,0.08,-1,272.52
01:48.7,24,0.68,15.42910872,75.01591254,709.646,0.055467228,60.523714,12.972,18.852,0.75,0.001480735,-0.005653076,0.000289376,-0.1720567,-0.012036163,-9.8189085,-0.42385792,0.047591796,0.052833548,0.058288574,0,0.08,-1,272.52
01:48.7,24,0.68,15.42910874,75.01591253,709.642,0.057384116,52.744583,12.969,18.849,0.765,0.001354506,-0.005552306,3.58E-05,-0.17334,-0.007999787,-9.818939,-0.41255504,0.037789881,0.042486276,0.046135578,0,0.08,-1,272.52
01:48.8,24,0.68,15.42910876,75.01591252,709.638,0.059301004,44.965452,12.966,18.846,0.78,0.001153255,-0.005414782,-0.00029949,-0.17271125,-0.014062809,-9.821561,-0.40125216,0.027987967,0.032139004,0.033982583,0,0.08,-1,272.52
01:48.8,24,0.68,15.42910878,75.01591251,709.634,0.061217892,37.186321,12.963,18.843,0.795,0.000952005,-0.005277257,-0.000634829,-0.1720825,-0.02012583,-9.824183,-0.38994928,0.018186052,0.021791732,0.021829587,0,0.08,-1,272.52
01:48.8,24,0.68,15.4291088,75.0159125,709.63,0.06313478,29.40719,12.96,18.84,0.81,0.001138009,-0.004874393,-0.000553329,-0.17238645,-0.016870365,-9.821931,-0.3786464,0.008384138,0.01144446,0.009676591,0,0.08,-1,272.52
01:48.8,24,0.68,15.42910881,75.01591252,709.633,0.070924492,29.395607,12.958,18.836,0.817,0.001324014,-0.00447153,-0.000471829,-0.1726904,-0.0136149,-9.819679,-0.37299496,0.008429447,0.011151224,0.009959023,0,0.08,-1,272.52
01:48.8,24,0.68,15.42910882,75.01591254,709.636,0.078714204,29.384024,12.956,18.832,0.824,0.000788122,-0.00123456,-9.76E-05,-0.16955585,-0.017381295,-9.806418,-0.36734352,0.008474756,0.010857988,0.010241455,0,0.08,-1,272.52
01:48.9,24,0.68,15.42910883,75.01591256,709.639,0.086503916,29.372441,12.954,18.828,0.831,0.00025223,0.00200241,0.000276632,-0.1664213,-0.02114769,-9.793157,-0.36169208,0.008520066,0.010564751,0.010523886,0,0.08,-1,272.52
01:48.9,24,0.68,15.42910884,75.01591258,709.642,0.094293628,29.360858,12.952,18.824,0.838,0.000787337,-0.001673304,0.000476868,-0.16876205,-0.015971945,-9.806714,-0.35604064,0.008565375,0.010271515,0.010806318,0,0.08,-1,272.52
01:48.9,24,0.68,15.42910885,75.0159126,709.645,0.10208334,29.349275,12.95,18.82,0.845,0.001322443,-0.005349017,0.000677104,-0.1711028,-0.0107962,-9.820271,-0.3503892,0.008610684,0.009978279,0.01108875,0,0.08,-1,272.52
01:48.9,24,0.68,15.42910886,75.01591262,709.648,0.109873052,29.337692,12.948,18.816,0.852,0.001093745,-0.005895025,0.000182912,-0.1691799,-0.013623565,-9.8198845,-0.32891374,0.008525591,0.009656283,0.010985628,0,0.08,-1,272.52
01:48.9,24,0.68,15.42910887,75.01591264,709.651,0.117662764,29.326109,12.946,18.812,0.859,0.000865047,-0.006441032,-0.00031128,-0.167257,-0.01645093,-9.819498,-0.30743828,0.008440497,0.009334286,0.010882506,0,0.08,-1,272.52
01:49.0,24,0.68,15.42910888,75.01591266,709.654,0.125452476,29.314526,12.944,18.808,0.866,0.000807165,-0.005791095,-3.70E-05,-0.16855875,-0.015999725,-9.818837,-0.28596282,0.008355404,0.00901229,0.010779384,0,0.08,-1,272.52
01:49.0,24,0.68,15.42910889,75.01591268,709.657,0.133242188,29.302943,12.942,18.804,0.873,0.000749284,-0.005141158,0.000237238,-0.1698605,-0.01554852,-9.818176,-0.26448736,0.00827031,0.008690293,0.010676262,0,0.08,-1,272.52
01:49.0,24,0.68,15.4291089,75.0159127,709.66,0.1410319,29.29136,12.94,18.8,0.88,0.000434797,-0.002052516,-0.000674475,-0.17687685,-0.02147203,-9.808384,-0.2430119,0.008185217,0.008368297,0.01057314,0,0.08,-1,272.52
01:49.0,24,0.68,15.4291089,75.0159127,709.659,0.133523405,49.292674,12.936,18.794,0.876,0.00012031,0.001036126,-0.001586188,-0.1838932,-0.02739554,-9.798592,-0.23170902,0.008158903,0.008579901,0.010514834,0,0.08,-1,272.52
01:49.0,24,0.68,15.4291089,75.0159127,709.658,0.12601491,69.293988,12.932,18.788,0.872,0.000817224,-0.002657779,-0.000321879,-0.1764379,-0.019665655,-9.8087435,-0.22040614,0.008132588,0.008791504,0.010456528,0,0.08,-1,272.52
01:49.1,24,0.68,15.4291089,75.0159127,709.657,0.118506415,89.295302,12.928,18.782,0.868,0.001514138,-0.006351684,0.000942429,-0.1689826,-0.01193577,-9.818895,-0.20910326,0.008106274,0.009003108,0.010398222,0,0.08,-1,272.52
01:49.1,24,0.68,15.4291089,75.0159127,709.656,0.11099792,109.296616,12.924,18.776,0.864,0.001883272,-0.006620938,0.000566086,-0.1700601,-0.01444829,-9.820027,-0.19780038,0.008079959,0.009214711,0.010339916,0,0.08,-1,272.52
01:49.1,24,0.68,15.4291089,75.0159127,709.655,0.103489425,129.29793,12.92,18.77,0.86,0.002252406,-0.006890192,0.000189743,-0.1711376,-0.01696081,-9.821159,-0.1864975,0.008053645,0.009426315,0.01028161,0,0.08,-1,272.52
01:49.1,24,0.68,15.4291089,75.0159127,709.654,0.09598093,149.299244,12.916,18.764,0.856,0.001900156,-0.005848816,0.000370833,-0.17017925,-0.014251065,-9.8210475,-0.20910326,0.008159813,0.009434206,0.01045468,0,0.08,-1,272.52
01:49.1,24,0.68,15.4291089,75.0159127,709.653,0.088472435,169.300558,12.912,18.758,0.852,0.001547906,-0.004807439,0.000551923,-0.1692209,-0.01154132,-9.820936,-0.23170902,0.008265982,0.009442097,0.01062775,0,0.08,-1,272.52
01:49.2,24,0.68,15.4291089,75.0159127,709.652,0.08096394,189.301872,12.908,18.752,0.848,-0.001609657,-0.003717424,-0.00036289,-0.1754497,-0.004850272,-9.8131645,-0.25431478,0.00837215,0.009449989,0.01080082,0,0.08,-1,272.52
01:49.2,24,0.68,15.4291089,75.0159127,709.651,0.073455445,209.303186,12.904,18.746,0.844,-0.00476722,-0.002627408,-0.001277704,-0.1816785,0.001840776,-9.805393,-0.27692054,0.008478319,0.00945788,0.01097389,0,0.08,-1,272.52
01:49.2,24,0.68,15.4291089,75.0159127,709.65,0.06594695,229.3045,12.9,18.74,0.84,-0.001118074,-0.002247736,0.000265983,-0.1803577,-0.000300562,-9.8043665,-0.2995263,0.008584487,0.009465771,0.01114696,0,0.08,-1,272.52
01:49.2,24,0.68,15.42910889,75.0159127,709.6536364,0.066863255,232.8670545,12.89727273,18.73727273,0.82,0.002531072,-0.001868063,0.00180967,-0.1790369,-0.0024419,-9.80334,-0.29613542,0.008781929,0.009572915,0.011403882,0,0.08,-1,272.52
01:49.2,24,0.68,15.42910888,75.0159127,709.6572727,0.067779561,236.4296091,12.89454545,18.73454545,0.8,0.001701953,-0.002656813,0.001188255,-0.1768571,-0.00778856,-9.8125785,-0.29274454,0.008979371,0.009680059,0.011660804,0,0.08,-1,272.52
01:49.3,24,0.68,15.42910887,75.0159127,709.6609091,0.068695866,239.9921636,12.89181818,18.73181818,0.78,0.000872835,-0.003445563,0.00056684,-0.1746773,-0.01313522,-9.821817,-0.28935366,0.009176812,0.009787202,0.011917726,0,0.08,-1,272.52
01:49.3,24,0.68,15.42910886,75.0159127,709.6645455,0.069612172,243.5547182,12.88909091,18.72909091,0.76,0.001076955,-0.004739155,0.000285543,-0.1704837,-0.011235527,-9.8198825,-0.28596278,0.009374254,0.009894346,0.012174648,0,0.08,-1,272.52
01:49.3,24,0.68,15.42910885,75.0159127,709.6681818,0.070528477,247.1172727,12.88636364,18.72636364,0.74,0.001281075,-0.006032746,4.25E-06,-0.1662901,-0.009335834,-9.817948,-0.2825719,0.009571696,0.01000149,0.01243157,0,0.08,-1,272.52
01:49.3,24,0.68,15.42910885,75.0159127,709.6718182,0.071444783,250.6798273,12.88363636,18.72363636,0.72,0.001508673,-0.005405625,0.000619354,-0.168864,-0.011594422,-9.8200165,-0.25318442,0.010122371,0.01010433,0.01226222,0,0.08,-1,272.518
01:49.3,24,0.68,15.42910884,75.0159127,709.6754545,0.072361088,254.2423818,12.88090909,18.72090909,0.7,0.001736271,-0.004778503,0.001234463,-0.1714379,-0.01385301,-9.822085,-0.22379694,0.010673046,0.01020717,0.01209287,0,0.08,-1,272.516
01:49.4,24,0.68,15.42910883,75.0159127,709.6790909,0.073277394,257.8049364,12.87818182,18.71818182,0.68,0.001204397,-0.004915365,0.000215993,-0.16752735,-0.013840295,-9.820459,-0.19440946,0.01122372,0.01031001,0.01192352,0,0.08,-1,272.514
01:49.4,24,0.68,15.42910882,75.0159127,709.6827273,0.074193699,261.3674909,12.87545455,18.71545455,0.66,0.000672523,-0.005052227,-0.000802478,-0.1636168,-0.01382758,-9.818833,-0.16502198,0.011774395,0.01041285,0.01175417,0,0.08,-1,272.512
01:49.4,24,0.68,15.42910881,75.0159127,709.6863636,0.075110005,264.9300455,12.87272727,18.71272727,0.64,0.001616404,-0.006082148,-4.85E-05,-0.1677589,-0.013285495,-9.820351,-0.1356345,0.01232507,0.01051569,0.01158482,0,0.08,-1,272.51
01:49.4,24,0.68,15.4291088,75.0159127,709.69,0.07602631,268.4926,12.87,18.71,0.62,0.002560286,-0.007112068,0.000705432,-0.171901,-0.01274341,-9.821869,-0.16954314,0.020884294,0.02188173,0.023977196,0,0.08,-1,272.51
01:49.4,24,0.68,15.4291088,75.0159127,709.69,0.071691554,258.4880667,12.86777778,18.70666667,0.655555556,0.001815809,-0.005814498,0.000592255,-0.17134205,-0.01332167,-9.819355,-0.20345178,0.029443518,0.03324777,0.036369572,0,0.08,-1,272.51
01:49.5,24,0.68,15.4291088,75.0159127,709.69,0.067356799,248.4835333,12.86555556,18.70333333,0.691111111,0.001071331,-0.004516928,0.000479077,-0.1707831,-0.01389993,-9.816841,-0.23736042,0.038002742,0.04461381,0.048761948,0,0.08,-1,272.51
01:49.5,24,0.68,15.4291088,75.0159127,709.69,0.063022043,238.479,12.86333333,18.7,0.726666667,0.000963302,-0.005357476,0.000608914,-0.16910615,-0.01378061,-9.8164365,-0.27126906,0.046561966,0.05597985,0.061154324,0,0.08,-1,272.51
01:49.5,24,0.68,15.4291088,75.0159127,709.69,0.058687288,228.4744667,12.86111111,18.69666667,0.762222222,0.000855274,-0.006198023,0.000738752,-0.1674292,-0.01366129,-9.816032,-0.3051777,0.05512119,0.06734589,0.0735467,0,0.08,-1,272.51
01:49.5,24,0.68,15.4291088,75.0159127,709.69,0.054352532,218.4699333,12.85888889,18.69333333,0.797777778,0.001218631,-0.00505054,-6.42E-05,-0.16953745,-0.014760575,-9.8157355,-0.2678782,0.046189352,0.056496136,0.061647862,0,0.08,-1,272.51
01:49.5,24,0.68,15.4291088,75.0159127,709.69,0.050017777,208.4654,12.85666667,18.69,0.833333333,0.001581988,-0.003903056,-0.000867172,-0.1716457,-0.01585986,-9.815439,-0.2305787,0.037257514,0.045646382,0.049749024,0,0.08,-1,272.51
01:49.6,24,0.68,15.4291088,75.0159127,709.69,0.045683021,198.4608667,12.85444444,18.68666667,0.868888889,0.000572863,-0.001373001,-0.000114277,-0.1722805,-0.010885577,-9.813016,-0.1932792,0.028325676,0.034796628,0.037850186,0,0.08,-1,272.51
01:49.6,24,0.68,15.4291088,75.0159127,709.69,0.041348266,188.4563333,12.85222222,18.68333333,0.904444444,-0.000436263,0.001157054,0.000638617,-0.1729153,-0.005911294,-9.810593,-0.1559797,0.019393838,0.023946874,0.025951348,0,0.08,-1,272.51
01:49.6,24,0.68,15.4291088,75.0159127,709.69,0.03701351,178.4518,12.85,18.68,0.94,-0.001373539,0.001130159,0.002589487,-0.17844505,-0.006617206,-9.809578,-0.1186802,0.010462,0.01309712,0.01405251,0,0.08,-1,272.51
01:49.6,24,0.68,15.42910878,75.01591269,709.688,0.044017769,182.68997,12.848,18.677,0.932,-0.002310815,0.001103263,0.004540357,-0.1839748,-0.007323117,-9.808563,-0.1367648,0.010360829,0.012927562,0.013910994,0,0.08,-0.998,272.51
01:49.6,24,0.68,15.42910876,75.01591268,709.686,0.051022028,186.92814,12.846,18.674,0.924,-0.000458083,-0.002595726,0.00201658,-0.17466355,-0.008697354,-9.812157,-0.1548494,0.010259658,0.012758004,0.013769478,0,0.08,-0.996,272.51
01:49.7,24,0.68,15.42910874,75.01591267,709.684,0.058026287,191.16631,12.844,18.671,0.916,0.00139465,-0.006294715,-0.000507197,-0.1653523,-0.01007159,-9.815751,-0.172934,0.010158487,0.012588446,0.013627962,0,0.08,-0.994,272.51
01:49.7,24,0.68,15.42910872,75.01591266,709.682,0.065030546,195.40448,12.842,18.668,0.908,0.000615146,-0.004748288,6.84E-05,-0.16809795,-0.015354365,-9.817422,-0.1910186,0.010057316,0.012418888,0.013486446,0,0.08,-0.992,272.51
01:49.7,24,0.68,15.4291087,75.01591265,709.68,0.072034805,199.64265,12.84,18.665,0.9,-0.000164359,-0.00320186,0.000643986,-0.1708436,-0.02063714,-9.819093,-0.2091032,0.009956145,0.01224933,0.01334493,0,0.08,-0.99,272.51
01:49.7,24,0.68,15.42910868,75.01591264,709.678,0.079039064,203.88082,12.838,18.662,0.892,0.000102489,-0.004556251,0.000351282,-0.1704067,-0.015309783,-9.81669,-0.22153638,0.009815143,0.011818432,0.01300778,0,0.08,-0.992,272.51
01:49.7,24,0.68,15.42910866,75.01591263,709.676,0.086043323,208.11899,12.836,18.659,0.884,0.000369337,-0.005910642,5.86E-05,-0.1699698,-0.009982425,-9.814287,-0.23396956,0.009674141,0.011387534,0.01267063,0,0.08,-0.994,272.51
01:49.8,24,0.68,15.42910864,75.01591262,709.674,0.093047582,212.35716,12.834,18.656,0.876,0.000690204,-0.00483894,0.000193065,-0.1712242,-0.013482218,-9.815151,-0.24640274,0.009533139,0.010956636,0.01233348,0,0.08,-0.996,272.51
01:49.8,24,0.68,15.42910862,75.01591261,709.672,0.100051841,216.59533,12.832,18.653,0.868,0.00101107,-0.003767238,0.000327551,-0.1724786,-0.01698201,-9.816015,-0.25883592,0.009392137,0.010525738,0.01199633,0,0.08,-0.998,272.51
01:49.8,24,0.68,15.4291086,75.0159126,709.67,0.1070561,220.8335,12.83,18.65,0.86,9.71E-05,-0.000759266,0.002016462,-0.17584985,-0.006788198,-9.814805,-0.2712691,0.009251135,0.01009484,0.01165918,0,0.08,-1,272.51
01:49.8,24,0.68,15.42910859,75.0159126,709.672,0.100755033,203.802904,12.827,18.646,0.854,-0.000816865,0.002248706,0.003705373,-0.1792211,0.003405613,-9.813595,-0.24188162,0.009103946,0.009978341,0.01139775,0,0.08,-1,272.51
01:49.8,24,0.68,15.42910858,75.0159126,709.674,0.094453966,186.772308,12.824,18.642,0.848,0.000216521,-0.002370335,0.001738876,-0.17556375,-0.005557924,-9.8153415,-0.21249414,0.008956757,0.009861842,0.01113632,0,0.08,-1,272.51
01:49.9,24,0.68,15.42910857,75.0159126,709.676,0.088152899,169.741712,12.821,18.638,0.842,0.001249907,-0.006989376,-0.000227621,-0.1719064,-0.01452146,-9.817088,-0.18310666,0.008809567,0.009745342,0.01087489,0,0.08,-1,272.51
01:49.9,24,0.68,15.42910856,75.0159126,709.678,0.081851832,152.711116,12.818,18.634,0.836,0.001194048,-0.005721827,0.000231133,-0.1714414,-0.01427188,-9.816344,-0.15371918,0.008662378,0.009628843,0.01061346,0,0.08,-1,272.51
01:49.9,24,0.68,15.42910855,75.0159126,709.68,0.075550765,135.68052,12.815,18.63,0.83,0.001138189,-0.004454277,0.000689886,-0.1709764,-0.0140223,-9.8156,-0.1243317,0.008515189,0.009512344,0.01035203,0,0.08,-1,272.51
01:49.9,24,0.68,15.42910854,75.0159126,709.682,0.069249698,118.649924,12.812,18.626,0.824,0.001518698,-0.005797916,0.000720241,-0.1701009,-0.01399996,-9.816333,-0.15032832,0.008502347,0.009551788,0.010179843,0,0.08,-1,272.51
01:49.9,24,0.68,15.42910853,75.0159126,709.684,0.062948631,101.619328,12.809,18.622,0.818,0.001899207,-0.007141555,0.000750596,-0.1692254,-0.01397762,-9.817066,-0.17632494,0.008489505,0.009591231,0.010007657,0,0.08,-1,272.51
01:50.0,24,0.68,15.42910852,75.0159126,709.686,0.056647564,84.588732,12.806,18.618,0.812,0.001508697,-0.003951626,0.002231628,-0.1839311,-0.010295276,-9.810404,-0.20232156,0.008476662,0.009630675,0.00983547,0,0.08,-1,272.51
01:50.0,24,0.68,15.42910851,75.0159126,709.688,0.050346497,67.558136,12.803,18.614,0.806,0.001118186,-0.000761697,0.00371266,-0.1986368,-0.006612932,-9.803742,-0.22831818,0.00846382,0.009670118,0.009663284,0,0.08,-1,272.51
01:50.0,24,0.68,15.4291085,75.0159126,709.69,0.04404543,50.52754,12.8,18.61,0.8,-0.001198222,0.000355864,0.002082282,-0.19274365,-0.00312579,-9.803187,-0.2543148,0.008450978,0.009709562,0.009491097,0,0.08,-1,272.51
01:50.0,24,0.68,15.4291085,75.0159126,709.691,0.040495288,52.419181,12.798,18.607,0.794,-0.00351463,0.001473426,0.000451904,-0.1868505,0.000361352,-9.802632,-0.2622268,0.008231331,0.009793604,0.009533891,0,0.08,-1,272.51
01:50.0,24,0.68,15.4291085,75.0159126,709.692,0.036945145,54.310822,12.796,18.604,0.788,-0.001178484,-0.002280097,0.000619273,-0.17920115,-0.008907714,-9.8081615,-0.2701388,0.008011684,0.009877645,0.009576685,0,0.08,-1,272.51
01:50.1,24,0.68,15.4291085,75.0159126,709.693,0.033395003,56.202463,12.794,18.601,0.782,0.001157661,-0.00603362,0.000786643,-0.1715518,-0.01817678,-9.813691,-0.2780508,0.007792038,0.009961687,0.009619479,0,0.08,-1,272.51
01:50.1,24,0.68,15.4291085,75.0159126,709.694,0.02984486,58.094104,12.792,18.598,0.776,0.001362324,-0.005326409,0.000407232,-0.17071045,-0.017333485,-9.814191,-0.2859628,0.007572391,0.010045728,0.009662273,0,0.08,-1,272.51
01:50.1,24,0.68,15.4291085,75.0159126,709.695,0.026294718,59.985745,12.79,18.595,0.77,0.001566987,-0.004619198,2.78E-05,-0.1698691,-0.01649019,-9.814691,-0.2938748,0.007352744,0.01012977,0.009705067,0,0.08,-1,272.51
01:50.1,24,0.68,15.4291085,75.0159126,709.696,0.022744575,61.877386,12.788,18.592,0.764,0.00128069,-0.004672658,-9.21E-06,-0.1714703,-0.017725295,-9.8142365,-0.28935366,0.016615613,0.021565426,0.021068464,0,0.08,-0.998,272.508
01:50.1,24,0.68,15.4291085,75.0159126,709.697,0.019194433,63.769027,12.786,18.589,0.758,0.000994394,-0.004726119,-4.62E-05,-0.1730715,-0.0189604,-9.813782,-0.28483252,0.025878482,0.033001082,0.03243186,0,0.08,-0.996,272.506
01:50.2,24,0.68,15.4291085,75.0159126,709.698,0.01564429,65.660668,12.784,18.586,0.752,0.000762748,-0.004886016,0.000353033,-0.17233075,-0.016527495,-9.813525,-0.28031138,0.035141352,0.044436738,0.043795257,0,0.08,-0.994,272.504
01:50.2,24,0.68,15.4291085,75.0159126,709.699,0.012094148,67.552309,12.782,18.583,0.746,0.000531102,-0.005045912,0.000752308,-0.17159,-0.01409459,-9.813268,-0.27579024,0.044404221,0.055872394,0.055158653,0,0.08,-0.992,272.502
01:50.2,24,0.68,15.4291085,75.0159126,709.7,0.008544005,69.44395,12.78,18.58,0.74,0.000645503,-0.00454632,0.001278127,-0.1785718,-0.011787584,-9.810841,-0.2712691,0.05366709,0.06730805,0.06652205,0,0.08,-0.99,272.5
01:50.2,24,0.68,15.4291085,75.01591257,709.691,0.020318545,79.680125,12.778,18.578,0.758,0.000759904,-0.004046729,0.001803946,-0.1855536,-0.009480577,-9.808414,-0.23849074,0.044980488,0.055633718,0.054977778,0,0.08,-0.99,272.5
01:50.2,24,0.68,15.4291085,75.01591254,709.682,0.032093084,89.9163,12.776,18.576,0.776,0.000694928,-0.004448506,0.000933354,-0.1774881,-0.013132209,-9.8129585,-0.20571238,0.036293886,0.043959386,0.043433506,0,0.08,-0.99,272.5
01:50.3,24,0.68,15.4291085,75.01591251,709.673,0.043867624,100.152475,12.774,18.574,0.794,0.000629952,-0.004850284,6.28E-05,-0.1694226,-0.01678384,-9.817503,-0.17293402,0.027607284,0.032285055,0.031889234,0,0.08,-0.99,272.5
01:50.3,24,0.68,15.4291085,75.01591248,709.664,0.055642163,110.38865,12.772,18.572,0.812,0.00114083,-0.005213633,-3.22E-05,-0.16872095,-0.017384895,-9.817035,-0.14015566,0.018920682,0.020610723,0.020344962,0,0.08,-0.99,272.5
01:50.3,24,0.68,15.4291085,75.01591245,709.655,0.067416703,120.624825,12.77,18.57,0.83,0.001651708,-0.005576982,-0.000127078,-0.1680193,-0.01798595,-9.816567,-0.1073773,0.01023408,0.008936391,0.00880069,0,0.08,-0.99,272.5
01:50.3,24,0.68,15.4291085,75.01591242,709.646,0.079191242,130.861,12.768,18.568,0.848,0.001814427,-0.00555836,0.000372619,-0.17157185,-0.017148265,-9.8170385,-0.12094076,0.009894288,0.008776119,0.008687837,0,0.08,-0.99,272.5
01:50.3,24,0.68,15.4291085,75.01591239,709.637,0.090965782,141.097175,12.766,18.566,0.866,0.001977145,-0.005539737,0.000872315,-0.1751244,-0.01631058,-9.81751,-0.13450422,0.009554496,0.008615848,0.008574984,0,0.08,-0.99,272.5
01:50.4,24,0.68,15.4291085,75.01591236,709.628,0.102740321,151.33335,12.764,18.564,0.884,-0.000292552,-0.002780895,-0.000847188,-0.18216565,-0.010721741,-9.8118835,-0.14806768,0.009214705,0.008455576,0.008462131,0,0.08,-0.99,272.5
01:50.4,24,0.68,15.4291085,75.01591233,709.619,0.114514861,161.569525,12.762,18.562,0.902,-0.002562249,-2.21E-05,-0.002566692,-0.1892069,-0.005132901,-9.806257,-0.16163114,0.008874913,0.008295305,0.008349278,0,0.08,-0.99,272.5
01:50.4,24,0.68,15.4291085,75.0159123,709.61,0.1262894,171.8057,12.76,18.56,0.92,-0.001008294,-0.003014844,-0.001346954,-0.1832326,-0.01015789,-9.811884,-0.1751946,0.008535121,0.008135033,0.008236425,0,0.08,-0.99,272.5
01:50.4,24,0.68,15.42910849,75.01591231,709.609,0.11596914,179.86012,12.757,18.555,0.9,0.000545662,-0.006007635,-0.000127215,-0.1772583,-0.01518288,-9.817511,-0.20119122,0.008443723,0.008205911,0.008267582,0,0.08,-0.99,272.5
01:50.4,24,0.68,15.42910848,75.01591232,709.608,0.10564888,187.91454,12.754,18.55,0.88,0.000624464,-0.005295074,0.000319196,-0.17242055,-0.016463295,-9.81709,-0.22718784,0.008352324,0.008276789,0.00829874,0,0.08,-0.99,272.5
01:50.5,24,0.68,15.42910847,75.01591233,709.607,0.09532862,195.96896,12.751,18.545,0.86,0.000703266,-0.004582513,0.000765608,-0.1675828,-0.01774371,-9.816669,-0.25318446,0.008260926,0.008347666,0.008329897,0,0.08,-0.99,272.5
01:50.5,24,0.68,15.42910846,75.01591234,709.606,0.08500836,204.02338,12.748,18.54,0.84,0.000836528,-0.005041413,0.000638712,-0.16857015,-0.01735317,-9.814922,-0.27918108,0.008169527,0.008418544,0.008361055,0,0.08,-0.99,272.5
01:50.5,24,0.68,15.42910845,75.01591235,709.605,0.0746881,212.0778,12.745,18.535,0.82,0.000969791,-0.005500314,0.000511817,-0.1695575,-0.01696263,-9.813175,-0.3051777,0.008078129,0.008489422,0.008392212,0,0.08,-0.99,272.5
01:50.5,24,0.68,15.42910844,75.01591236,709.604,0.06436784,220.13222,12.742,18.53,0.8,0.001375363,-0.00530795,0.000151074,-0.17020295,-0.017079115,-9.8146115,-0.30743828,0.008040333,0.008638926,0.008524506,0,0.08,-0.99,272.5
01:50.5,24,0.68,15.42910843,75.01591237,709.603,0.05404758,228.18664,12.739,18.525,0.78,0.001780936,-0.005115586,-0.000209669,-0.1708484,-0.0171956,-9.816048,-0.30969886,0.008002537,0.00878843,0.008656801,0,0.08,-0.99,272.5
01:50.6,24,0.68,15.42910842,75.01591238,709.602,0.04372732,236.24106,12.736,18.52,0.76,0.001802244,-0.005610987,-0.000303834,-0.17174925,-0.01555782,-9.8148815,-0.31195944,0.007964742,0.008937935,0.008789095,0,0.08,-0.99,272.5
01:50.6,24,0.68,15.42910841,75.01591239,709.601,0.03340706,244.29548,12.733,18.515,0.74,0.001823551,-0.006106388,-0.000397999,-0.1726501,-0.01392004,-9.813715,-0.31422002,0.007926946,0.009087439,0.00892139,0,0.08,-0.99,272.5
01:50.6,24,0.68,15.4291084,75.0159124,709.6,0.0230868,252.3499,12.73,18.51,0.72,0.001158521,-0.005135168,-0.000325179,-0.171714,-0.01421916,-9.813424,-0.3164806,0.00788915,0.009236943,0.009053684,0,0.08,-0.99,272.5
01:50.6,24,0.68,15.42910839,75.0159124,709.599,0.025026649,242.45841,12.728,18.507,0.735,0.000493491,-0.004163947,-0.000252359,-0.1707779,-0.01451828,-9.813133,-0.254314768,0.00809563,0.008995552,0.009071474,0,0.08,-0.99,272.5
01:50.6,24,0.68,15.42910838,75.0159124,709.598,0.026966498,232.56692,12.726,18.504,0.75,0.000839478,-0.00442049,3.21E-05,-0.1710567,-0.015273505,-9.814466,-0.192148936,0.00830211,0.00875416,0.009089264,0,0.08,-0.99,272.5
01:50.7,24,0.68,15.42910837,75.0159124,709.597,0.028906347,222.67543,12.724,18.501,0.765,0.001185465,-0.004677032,0.000316495,-0.1713355,-0.01602873,-9.815799,-0.129983103,0.008508591,0.008512769,0.009107055,0,0.08,-0.99,272.5
01:50.7,24,0.68,15.42910836,75.0159124,709.596,0.030846196,212.78394,12.722,18.498,0.78,0.001425966,-0.005704488,0.000702259,-0.16934205,-0.015180245,-9.8157705,-0.067817271,0.008715071,0.008271377,0.009124845,0,0.08,-0.99,272.5
01:50.7,24,0.68,15.42910835,75.0159124,709.595,0.032786045,202.89245,12.72,18.495,0.795,0.001666466,-0.006731944,0.001088024,-0.1673486,-0.01433176,-9.815742,-0.005651439,0.008921551,0.008029986,0.009142635,0,0.08,-0.99,272.5
01:50.7,24,0.68,15.42910834,75.0159124,709.594,0.034725894,193.00096,12.718,18.492,0.81,0.000735549,-0.001389794,7.41E-05,-0.1714086,-0.009945318,-9.812438,-0.053123531,0.008833757,0.008341973,0.009266389,0,0.08,-0.99,272.5
01:50.7,24,0.68,15.42910833,75.0159124,709.593,0.036665743,183.10947,12.716,18.489,0.825,-0.000195368,0.003952355,-0.000939744,-0.1754686,-0.005558876,-9.809134,-0.100595623,0.008745964,0.00865396,0.009390142,0,0.08,-0.99,272.5
01:50.8,24,0.68,15.42910832,75.0159124,709.592,0.038605592,173.21798,12.714,18.486,0.84,0.00013459,-0.000589017,-0.000251478,-0.17259535,-0.008604623,-9.811102,-0.148067716,0.00865817,0.008965947,0.009513896,0,0.08,-0.99,272.5
01:50.8,24,0.68,15.42910831,75.0159124,709.591,0.040545441,163.32649,12.712,18.483,0.855,0.000464549,-0.005130389,0.000436788,-0.1697221,-0.01165037,-9.81307,-0.195539808,0.008570377,0.009277934,0.009637649,0,0.08,-0.99,272.5
01:50.8,24,0.68,15.4291083,75.0159124,709.59,0.04248529,153.435,12.71,18.48,0.87,0.000861461,-0.004808336,0.000220604,-0.17246145,-0.013651605,-9.8159715,-0.2430119,0.008482583,0.009589921,0.009761403,0,0.08,-0.99,272.5
01:50.8,24,0.68,15.42910827,75.01591243,709.596,0.057227551,150.97162,12.708,18.477,0.853,0.001258373,-0.004486283,4.42E-06,-0.1752008,-0.01565284,-9.818873,-0.23962104,0.008427587,0.009567531,0.009754034,0,0.08,-0.99,272.5
01:50.8,24,0.68,15.42910824,75.01591246,709.602,0.071969812,148.50824,12.706,18.474,0.836,0.000782877,-0.005444951,-0.000455969,-0.17244165,-0.01454642,-9.81816,-0.23623018,0.008372591,0.009545141,0.009746664,0,0.08,-0.99,272.5
01:50.9,24,0.68,15.42910821,75.01591249,709.608,0.086712073,146.04486,12.704,18.471,0.819,0.000307382,-0.006403618,-0.00091636,-0.1696825,-0.01344,-9.817447,-0.23283932,0.008317594,0.00952275,0.009739295,0,0.08,-0.99,272.5
01:50.9,24,0.68,15.42910818,75.01591252,709.614,0.101454334,143.58148,12.702,18.468,0.802,0.000568374,-0.004089371,0.000753571,-0.1802374,-0.012263705,-9.815296,-0.22944846,0.008262598,0.00950036,0.009731925,0,0.08,-0.99,272.5
01:50.9,24,0.68,15.42910815,75.01591255,709.62,0.116196595,141.1181,12.7,18.465,0.785,0.000829367,-0.001775125,0.002423502,-0.1907923,-0.01108741,-9.813145,-0.2260576,0.008207602,0.00947797,0.009724556,0,0.08,-0.99,272.5
01:50.9,24,0.68,15.42910812,75.01591258,709.626,0.130938856,138.65472,12.698,18.462,0.768,0.002169291,-0.003488262,-9.50E-06,-0.18242465,-0.01262078,-9.808184,-0.24301192,0.018063044,0.021043472,0.022336435,0,0.08,-0.99,272.5
01:50.9,24,0.68,15.42910809,75.01591261,709.632,0.145681117,136.19134,12.696,18.459,0.751,0.003509215,-0.005201398,-0.002442512,-0.174057,-0.01415415,-9.803223,-0.25996624,0.027918485,0.032608974,0.034948314,0,0.08,-0.99,272.5
01:51.0,24,0.68,15.42910806,75.01591264,709.638,0.160423378,133.72796,12.694,18.456,0.734,0.002449296,-0.006169144,-0.001166529,-0.1741922,-0.01511987,-9.8088265,-0.27692056,0.037773927,0.044174476,0.047560192,0,0.08,-0.99,272.5
01:51.0,24,0.68,15.42910803,75.01591267,709.644,0.175165639,131.26458,12.692,18.453,0.717,0.001389376,-0.00713689,0.000109455,-0.1743274,-0.01608559,-9.81443,-0.29387488,0.047629368,0.055739978,0.060172071,0,0.08,-0.99,272.5
01:51.0,24,0.68,15.429108,75.0159127,709.65,0.1899079,128.8012,12.69,18.45,0.7,0.001710094,-0.006026788,0.000800547,-0.1716468,-0.01401256,-9.816268,-0.3108292,0.05748481,0.06730548,0.07278395,0,0.08,-0.99,272.5
01:51.0,24,0.68,15.42910796,75.01591272,709.651,0.18534382,137.4333,12.685,18.445,0.72,0.002030811,-0.004916685,0.001491638,-0.1689662,-0.01193953,-9.818106,-0.3277835,0.047516165,0.055707325,0.060135572,0,0.08,-0.99,272.5
01:51.0,24,0.68,15.42910792,75.01591274,709.652,0.18077974,146.0654,12.68,18.44,0.74,0.001423585,-0.005655607,0.000428023,-0.1705573,-0.013064805,-9.8164565,-0.3447378,0.03754752,0.044109171,0.047487194,0,0.08,-0.99,272.5
01:51.1,24,0.68,15.42910788,75.01591276,709.653,0.17621566,154.6975,12.675,18.435,0.76,0.000816359,-0.006394528,-0.000635592,-0.1721484,-0.01419008,-9.814807,-0.3616921,0.027578874,0.032511016,0.034838816,0,0.08,-0.99,272.5
01:51.1,24,0.68,15.42910784,75.01591278,709.654,0.17165158,163.3296,12.67,18.43,0.78,0.000827905,-0.006306245,-0.000357108,-0.17209915,-0.014207315,-9.814255,-0.3786464,0.017610229,0.020912862,0.022190438,0,0.08,-0.99,272.5
01:51.1,24,0.68,15.4291078,75.0159128,709.655,0.1670875,171.9617,12.665,18.425,0.8,0.000839451,-0.006217961,-7.86E-05,-0.1720499,-0.01422455,-9.813703,-0.3956007,0.007641584,0.009314707,0.00954206,0,0.08,-0.99,272.5
01:51.1,24,0.68,15.42910776,75.01591282,709.656,0.16252342,180.5938,12.66,18.42,0.82,0.000855404,-0.001188489,-0.000113579,-0.1798001,-0.01269389,-9.8094285,-0.38429784,0.007498572,0.00927395,0.009524271,0,0.08,-0.99,272.5
01:51.1,24,0.68,15.42910772,75.01591284,709.657,0.15795934,189.2259,12.655,18.415,0.84,0.000871357,0.003840982,-0.000148534,-0.1875503,-0.01116323,-9.805154,-0.37299498,0.00735556,0.009233193,0.009506482,0,0.08,-0.99,272.5
01:51.2,24,0.68,15.42910768,75.01591286,709.658,0.15339526,197.858,12.65,18.41,0.86,0.000853576,-0.00162311,-6.91E-05,-0.179392,-0.01450059,-9.8102705,-0.36169212,0.007212549,0.009192437,0.009488693,0,0.08,-0.99,272.5
01:51.2,24,0.68,15.42910764,75.01591288,709.659,0.14883118,206.4901,12.645,18.405,0.88,0.000835797,-0.007087202,1.03E-05,-0.1712337,-0.01783795,-9.815387,-0.35038926,0.007069537,0.00915168,0.009470904,0,0.08,-0.99,272.5
01:51.2,24,0.68,15.4291076,75.0159129,709.66,0.1442671,215.1222,12.64,18.4,0.9,0.000982729,-0.00544703,-8.55E-05,-0.170894,-0.018183525,-9.8148905,-0.3390864,0.006926525,0.009110923,0.009453115,0,0.08,-0.99,272.5
01:51.2,24,0.68,15.42910757,75.0159129,709.6609091,0.136613269,219.8508727,12.63727273,18.39545455,0.880909091,0.001129662,-0.003806858,-0.000181351,-0.1705543,-0.0185291,-9.814394,-0.31761092,0.007088759,0.009084999,0.009567228,0,0.08,-0.99,272.498
01:51.2,24,0.68,15.42910755,75.0159129,709.6618182,0.128959438,224.5795455,12.63454545,18.39090909,0.861818182,0.000981618,-0.004460887,-0.000157219,-0.1696426,-0.01377836,-9.813473,-0.29613544,0.007250993,0.009059075,0.009681341,0,0.08,-0.99,272.496
01:51.3,24,0.68,15.42910752,75.0159129,709.6627273,0.121305607,229.3082182,12.63181818,18.38636364,0.842727273,0.000833573,-0.005114916,-0.000133086,-0.1687309,-0.009027619,-9.812552,-0.27465996,0.007413226,0.00903315,0.009795454,0,0.08,-0.99,272.494
01:51.3,24,0.68,15.42910749,75.0159129,709.6636364,0.113651776,234.0368909,12.62909091,18.38181818,0.823636364,-0.000704918,-0.00053118,-0.00029616,-0.1735439,-0.014651935,-9.804613,-0.25318448,0.00757546,0.009007226,0.009909567,0,0.08,-0.99,272.492
01:51.3,24,0.68,15.42910746,75.0159129,709.6645455,0.105997945,238.7655636,12.62636364,18.37727273,0.804545455,-0.002243409,0.004052555,-0.000459234,-0.1783569,-0.02027625,-9.796674,-0.231709,0.007737694,0.008981302,0.01002368,0,0.08,-0.99,272.49
01:51.3,24,0.68,15.42910744,75.0159129,709.6654545,0.098344115,243.4942364,12.62363636,18.37272727,0.785454545,-0.000904735,-0.00047711,-0.000287307,-0.17346805,-0.01893636,-9.8049575,-0.23849072,0.007747689,0.009086388,0.010026382,0,0.08,-0.99,272.49
01:51.3,24,0.68,15.42910741,75.0159129,709.6663636,0.090690284,248.2229091,12.62090909,18.36818182,0.766363636,0.00043394,-0.005006774,-0.000115379,-0.1685792,-0.01759647,-9.813241,-0.24527244,0.007757683,0.009191474,0.010029084,0,0.08,-0.99,272.49
01:51.4,24,0.68,15.42910738,75.0159129,709.6672727,0.083036453,252.9515818,12.61818182,18.36363636,0.747272727,0.000810812,-0.005070028,1.79E-05,-0.1694817,-0.01728462,-9.8144525,-0.25205416,0.007767678,0.009296559,0.010031786,0,0.08,-0.99,272.49
01:51.4,24,0.68,15.42910735,75.0159129,709.6681818,0.075382622,257.6802545,12.61545455,18.35909091,0.728181818,0.001187684,-0.005133281,0.000151131,-0.1703842,-0.01697277,-9.815664,-0.25883588,0.007777672,0.009401645,0.010034488,0,0.08,-0.99,272.49
01:51.4,24,0.68,15.42910733,75.0159129,709.6690909,0.067728791,262.4089273,12.61272727,18.35454545,0.709090909,0.000870865,-0.004968982,0.000534331,-0.16991525,-0.01507186,-9.8170685,-0.2656176,0.007787667,0.009506731,0.01003719,0,0.08,-0.99,272.49
01:51.4,24,0.68,15.4291073,75.0159129,709.67,0.06007496,267.1376,12.61,18.35,0.69,0.000554047,-0.004804683,0.000917531,-0.1694463,-0.01317095,-9.818473,-0.28709308,0.008114652,0.009287836,0.009965812,0,0.08,-0.99,272.49
01:51.4,24,0.68,15.42910731,75.01591289,709.67,0.06730662,238.3230222,12.60666667,18.34666667,0.715555556,0.001043846,-0.004726879,0.000648723,-0.1699996,-0.01551357,-9.8155425,-0.30856856,0.008441636,0.00906894,0.009894434,0,0.08,-0.99,272.49
01:51.5,24,0.68,15.42910732,75.01591288,709.67,0.07453828,209.5084444,12.60333333,18.34333333,0.741111111,0.001533646,-0.004649076,0.000379915,-0.1705529,-0.01785619,-9.812612,-0.33004404,0.008768621,0.008850045,0.009823056,0,0.08,-0.99,272.49
01:51.5,24,0.68,15.42910733,75.01591287,709.67,0.08176994,180.6938667,12.6,18.34,0.766666667,0.000281038,0.001774927,-6.91E-05,-0.17717945,-0.010702183,-9.808129,-0.35151952,0.009095605,0.008631149,0.009751678,0,0.08,-0.99,272.49
01:51.5,24,0.68,15.42910734,75.01591286,709.67,0.0890016,151.8792889,12.59666667,18.33666667,0.792222222,-0.000971571,0.008198931,-0.00051808,-0.183806,-0.003548176,-9.803646,-0.372995,0.00942259,0.008412254,0.0096803,0,0.08,-0.99,272.49
01:51.5,24,0.68,15.42910736,75.01591284,709.67,0.09623326,123.0647111,12.59333333,18.33333333,0.817777778,-0.000103721,0.00054247,-0.000254393,-0.17685405,-0.009722893,-9.8088945,-0.36508298,0.009309652,0.008347648,0.009467346,0,0.08,-0.99,272.49
01:51.5,24,0.68,15.42910737,75.01591283,709.67,0.10346492,94.25013333,12.59,18.33,0.843333333,0.000764129,-0.007113992,9.29E-06,-0.1699021,-0.01589761,-9.814143,-0.35717096,0.009196713,0.008283042,0.009254391,0,0.08,-0.99,272.49
01:51.6,24,0.68,15.42910738,75.01591282,709.67,0.11069658,65.43555556,12.58666667,18.32666667,0.868888889,0.000936304,-0.006790337,0.000241757,-0.17257285,-0.014378605,-9.8142535,-0.34925894,0.009083775,0.008218437,0.009041437,0,0.08,-0.99,272.49
01:51.6,24,0.68,15.42910739,75.01591281,709.67,0.11792824,36.62097778,12.58333333,18.32333333,0.894444444,0.001108479,-0.006466682,0.00047422,-0.1752436,-0.0128596,-9.814364,-0.34134692,0.008970836,0.008153831,0.008828482,0,0.08,-0.99,272.49
01:51.6,24,0.68,15.4291074,75.0159128,709.67,0.1251599,7.8064,12.58,18.32,0.92,0.001126009,-0.005831422,9.67E-05,-0.1727385,-0.01445421,-9.8159905,-0.3334349,0.008857898,0.008089225,0.008615528,0,0.08,-0.99,272.49
01:51.6,24,0.68,15.4291074,75.0159128,709.672,0.117625878,39.17774,12.577,18.316,0.907,0.001143538,-0.005196162,-0.000280789,-0.1702334,-0.01604882,-9.817617,-0.29274454,0.019250812,0.019534558,0.02192163,0,0.082,-0.99,272.49
01:51.6,24,0.68,15.4291074,75.0159128,709.674,0.110091856,70.54908,12.574,18.312,0.894,0.001084307,-0.003815756,-0.001840049,-0.1795926,-0.00747111,-9.818355,-0.25205418,0.029643727,0.030979891,0.035227733,0,0.084,-0.99,272.49
01:51.7,24,0.68,15.4291074,75.0159128,709.676,0.102557834,101.92042,12.571,18.308,0.881,0.001025075,-0.002435349,-0.003399309,-0.1889518,0.001106599,-9.819093,-0.21136382,0.040036641,0.042425224,0.048533835,0,0.086,-0.99,272.49
01:51.7,24,0.68,15.4291074,75.0159128,709.678,0.095023812,133.29176,12.568,18.304,0.868,-0.001914624,-0.001628639,-0.001964457,-0.1844674,0.00113485,-9.808497,-0.17067346,0.050429556,0.053870557,0.061839938,0,0.088,-0.99,272.49
01:51.7,24,0.68,15.4291074,75.0159128,709.68,0.08748979,164.6631,12.565,18.3,0.855,-0.004854322,-0.00082193,-0.000529604,-0.179983,0.0011631,-9.797901,-0.1299831,0.06082247,0.06531589,0.07514604,0,0.09,-0.99,272.49
01:51.7,24,0.68,15.4291074,75.0159128,709.682,0.079955768,196.03444,12.562,18.296,0.842,-0.00139364,-0.002501685,-0.000536442,-0.17471515,-0.00614214,-9.8075935,-0.15145856,0.060425982,0.064971888,0.073992338,0,0.09,-0.99,272.49
01:51.7,24,0.68,15.4291074,75.0159128,709.684,0.072421746,227.40578,12.559,18.292,0.829,0.002067043,-0.00418144,-0.00054328,-0.1694473,-0.01344738,-9.817286,-0.17293402,0.060029494,0.064627886,0.072838636,0,0.09,-0.99,272.49
01:51.8,24,0.68,15.4291074,75.0159128,709.686,0.064887724,258.77712,12.556,18.288,0.816,0.001730756,-0.004597224,-0.000503516,-0.1688833,-0.01405317,-9.816316,-0.19440948,0.059633006,0.064283884,0.071684934,0,0.09,-0.99,272.49
01:51.8,24,0.68,15.4291074,75.0159128,709.688,0.057353702,290.14846,12.553,18.284,0.803,0.001394469,-0.005013007,-0.000463752,-0.1683193,-0.01465896,-9.815346,-0.21588494,0.059236518,0.063939882,0.070531232,0,0.09,-0.99,272.49
01:51.8,24,0.68,15.4291074,75.0159128,709.69,0.04981968,321.5198,12.55,18.28,0.79,0.001755582,-0.004427069,-8.07E-05,-0.16834155,-0.0144206,-9.815833,-0.2373604,0.05884003,0.06359588,0.06937753,0,0.09,-0.99,272.49
01:51.8,24,0.68,15.4291074,75.01591283,709.699,0.064758812,291.766989,12.548,18.277,0.8,0.002116694,-0.00384113,0.000302431,-0.1683638,-0.01418224,-9.81632,-0.22153638,0.048707718,0.052669582,0.0576081,0,0.09,-0.99,272.49
01:51.8,24,0.68,15.4291074,75.01591286,709.708,0.079697944,262.014178,12.546,18.274,0.81,0.002796448,-0.001278988,-0.000157045,-0.1715606,-0.008957954,-9.80696,-0.20571236,0.038575405,0.041743284,0.04583867,0,0.09,-0.99,272.49
01:51.9,24,0.68,15.4291074,75.01591289,709.717,0.094637076,232.261367,12.544,18.271,0.82,0.003476202,0.001283153,-0.000616522,-0.1747574,-0.003733667,-9.7976,-0.18988834,0.028443093,0.030816987,0.03406924,0,0.09,-0.99,272.49
01:51.9,24,0.68,15.4291074,75.01591292,709.726,0.109576208,202.508556,12.542,18.268,0.83,0.00273302,0.00083296,-0.000768003,-0.17562605,-0.001020855,-9.796699,-0.17406432,0.01831078,0.019890689,0.02229981,0,0.09,-0.99,272.49
01:51.9,24,0.68,15.4291074,75.01591295,709.735,0.12451534,172.755745,12.54,18.265,0.84,0.001989838,0.000382767,-0.000919484,-0.1764947,0.001691958,-9.795798,-0.1582403,0.008178468,0.008964391,0.01053038,0,0.09,-0.99,272.49
01:51.9,24,0.68,15.4291074,75.01591298,709.744,0.139454472,143.002934,12.538,18.262,0.85,0.001632006,-0.002730764,-0.000564089,-0.1732917,-0.007296926,-9.8061865,-0.17293404,0.008152944,0.009221775,0.010420271,0,0.09,-0.988,272.49
01:51.9,24,0.68,15.4291074,75.01591301,709.753,0.154393604,113.250123,12.536,18.259,0.86,0.001274175,-0.005844294,-0.000208695,-0.1700887,-0.01628581,-9.816575,-0.18762778,0.008127419,0.009479159,0.010310161,0,0.09,-0.986,272.49
01:52.0,24,0.68,15.4291074,75.01591304,709.762,0.169332736,83.497312,12.534,18.256,0.87,0.000940294,-0.004929046,0.000143455,-0.17114565,-0.0153793,-9.8178375,-0.20232152,0.008101895,0.009736542,0.010200052,0,0.09,-0.984,272.49
01:52.0,24,0.68,15.4291074,75.01591307,709.771,0.184271868,53.744501,12.532,18.253,0.88,0.000606413,-0.004013797,0.000495605,-0.1722026,-0.01447279,-9.8191,-0.21701526,0.00807637,0.009993926,0.010089942,0,0.09,-0.982,272.49
01:52.0,24,0.68,15.4291074,75.0159131,709.78,0.199211,23.99169,12.53,18.25,0.89,0.001099085,-0.00473171,0.000386847,-0.17218475,-0.01492365,-9.815487,-0.231709,0.008050846,0.01025131,0.009979833,0,0.09,-0.98,272.49
01:52.0,24,0.68,15.42910739,75.01591313,709.789,0.181958233,56.293061,12.525,18.244,0.882,0.001591756,-0.005449622,0.000278088,-0.1721669,-0.01537451,-9.811874,-0.24414216,0.007945269,0.010114984,0.009890661,0,0.09,-0.98,272.49
01:52.0,24,0.68,15.42910738,75.01591316,709.798,0.164705466,88.594432,12.52,18.238,0.874,0.001034848,-0.004743683,0.000740185,-0.1719412,-0.013848195,-9.8140605,-0.25657532,0.007839692,0.009978658,0.009801489,0,0.09,-0.98,272.49
01:52.1,24,0.68,15.42910737,75.01591319,709.807,0.147452699,120.895803,12.515,18.232,0.866,0.000477941,-0.004037743,0.001202282,-0.1717155,-0.01232188,-9.816247,-0.26900848,0.007734116,0.009842333,0.009712316,0,0.09,-0.98,272.49
01:52.1,24,0.68,15.42910736,75.01591322,709.816,0.130199932,153.197174,12.51,18.226,0.858,0.000654649,-0.004690345,0.000466816,-0.1724923,-0.01418386,-9.816416,-0.28144164,0.007628539,0.009706007,0.009623144,0,0.09,-0.98,272.49
01:52.1,24,0.68,15.42910735,75.01591325,709.825,0.112947165,185.498545,12.505,18.22,0.85,0.000831358,-0.005342946,-0.000268649,-0.1732691,-0.01604584,-9.816585,-0.2938748,0.007522962,0.009569681,0.009533972,0,0.09,-0.98,272.49
01:52.1,24,0.68,15.42910734,75.01591328,709.834,0.095694398,217.799916,12.5,18.214,0.842,0.001698032,-0.005135233,-0.000211323,-0.17189105,-0.01554082,-9.8173785,-0.28709308,0.007420673,0.009551664,0.009446482,0,0.09,-0.98,272.488
01:52.1,24,0.68,15.42910733,75.01591331,709.843,0.078441631,250.101287,12.495,18.208,0.834,0.002564705,-0.00492752,-0.000153997,-0.170513,-0.0150358,-9.818172,-0.28031136,0.007318385,0.009533647,0.009358992,0,0.09,-0.98,272.486
01:52.2,24,0.68,15.42910732,75.01591334,709.852,0.061188864,282.402658,12.49,18.202,0.826,0.001895556,-0.004649701,-0.000357468,-0.1710799,-0.01458811,-9.8181195,-0.27352964,0.007216096,0.009515629,0.009271501,0,0.09,-0.98,272.484
01:52.2,24,0.68,15.42910731,75.01591337,709.861,0.043936097,314.704029,12.485,18.196,0.818,0.001226407,-0.004371881,-0.000560938,-0.1716468,-0.01414042,-9.818067,-0.26674792,0.007113808,0.009497612,0.009184011,0,0.09,-0.98,272.482
01:52.2,24,0.68,15.4291073,75.0159134,709.87,0.02668333,347.0054,12.48,18.19,0.81,0.001096154,-0.005968639,-9.43E-05,-0.17173865,-0.013284235,-9.818085,-0.2599662,0.007011519,0.009479595,0.009096521,0,0.09,-0.98,272.48
01:52.2,24,0.68,15.42910729,75.01591341,709.8727273,0.030730019,322.6848373,12.47909091,18.18727273,0.8,0.000965902,-0.007565397,0.000372403,-0.1718305,-0.01242805,-9.818103,-0.24753304,0.00704829,0.009215074,0.009067642,0,0.09,-0.98,272.48
01:52.2,24,0.68,15.42910728,75.01591342,709.8754545,0.034776708,298.3642745,12.47818182,18.18454545,0.79,-0.001179816,-0.004296414,-0.001204914,-0.1766683,-0.009522302,-9.8124685,-0.23509988,0.007085061,0.008950553,0.009038763,0,0.09,-0.98,272.48
01:52.3,24,0.68,15.42910727,75.01591343,709.8781818,0.038823397,274.0437118,12.47727273,18.18181818,0.78,-0.003325534,-0.00102743,-0.00278223,-0.1815061,-0.006616553,-9.806834,-0.22266672,0.007121833,0.008686033,0.009009884,0,0.09,-0.98,272.48
01:52.3,24,0.68,15.42910726,75.01591344,709.8809091,0.042870086,249.7231491,12.47636364,18.17909091,0.77,-0.000857027,-0.002512741,-0.001071159,-0.1761985,-0.012567572,-9.811587,-0.21023356,0.007158604,0.008421512,0.008981005,0,0.09,-0.98,272.48
01:52.3,24,0.68,15.42910725,75.01591345,709.8836364,0.046916775,225.4025864,12.47545455,18.17636364,0.76,0.00161148,-0.003998053,0.000639912,-0.1708909,-0.01851859,-9.81634,-0.1978004,0.007195375,0.008156991,0.008952126,0,0.09,-0.98,272.48
01:52.3,24,0.68,15.42910725,75.01591345,709.8863636,0.050963465,201.0820236,12.47454545,18.17363636,0.75,0.001362823,-0.005329443,0.00062839,-0.1709886,-0.017595725,-9.814718,-0.22153644,0.007163494,0.008105649,0.009308781,0,0.09,-0.98,272.48
01:52.3,24,0.68,15.42910724,75.01591346,709.8890909,0.055010154,176.7614609,12.47363636,18.17090909,0.74,0.001114166,-0.006660832,0.000616867,-0.1710863,-0.01667286,-9.813096,-0.24527248,0.007131612,0.008054306,0.009665436,0,0.09,-0.98,272.48
01:52.4,24,0.68,15.42910723,75.01591347,709.8918182,0.059056843,152.4408982,12.47272727,18.16818182,0.73,0.001333667,-0.005306454,0.000458295,-0.17172895,-0.01601612,-9.816594,-0.26900852,0.007099731,0.008002964,0.01002209,0,0.09,-0.98,272.48
01:52.4,24,0.68,15.42910722,75.01591348,709.8945455,0.063103532,128.1203355,12.47181818,18.16545455,0.72,0.001553168,-0.003952075,0.000299724,-0.1723716,-0.01535938,-9.820092,-0.29274456,0.007067849,0.007951621,0.010378745,0,0.09,-0.98,272.48
01:52.4,24,0.68,15.42910721,75.01591349,709.8972727,0.067150221,103.7997727,12.47090909,18.16272727,0.71,0.000627592,-0.001885217,0.000655455,-0.17682075,-0.008744068,-9.81023,-0.3164806,0.007035968,0.007900279,0.0107354,0,0.09,-0.98,272.48
01:52.4,24,0.68,15.4291072,75.0159135,709.9,0.07119691,79.47921,12.47,18.16,0.7,-0.000297983,0.000181642,0.001011187,-0.1812699,-0.002128756,-9.800368,-0.3074383,0.01635285,0.018205131,0.022087074,0,0.09,-0.98,272.48
01:52.4,24,0.68,15.42910719,75.01591352,709.9044444,0.06506392,90.64818667,12.46666667,18.15666667,0.698888889,0.002239724,0.001191075,0.002090291,-0.18287185,-0.007640508,-9.8008635,-0.298396,0.025669733,0.028509983,0.033438748,0,0.09,-0.98,272.48
01:52.5,24,0.68,15.42910718,75.01591354,709.9088889,0.05893093,101.8171633,12.46333333,18.15333333,0.697777778,0.004777431,0.002200508,0.003169395,-0.1844738,-0.01315226,-9.801359,-0.2893537,0.034986615,0.038814836,0.044790422,0,0.09,-0.98,272.48
01:52.5,24,0.68,15.42910717,75.01591357,709.9133333,0.05279794,112.98614,12.46,18.15,0.696666667,0.003193872,-0.001763685,0.001607333,-0.1772002,-0.01410673,-9.808677,-0.2803114,0.044303498,0.049119688,0.056142096,0,0.09,-0.98,272.48
01:52.5,24,0.68,15.42910716,75.01591359,709.9177778,0.04666495,124.1551167,12.45666667,18.14666667,0.695555556,0.001610312,-0.005727877,4.53E-05,-0.1699266,-0.0150612,-9.815995,-0.2712691,0.05362038,0.05942454,0.06749377,0,0.09,-0.98,272.48
01:52.5,24,0.68,15.42910714,75.01591361,709.9222222,0.04053196,135.3240933,12.45333333,18.14333333,0.694444444,0.001335843,-0.005601873,-8.70E-05,-0.17134955,-0.01514867,-9.8148285,-0.26335708,0.053963428,0.059799978,0.067789094,0,0.09,-0.98,272.48
01:52.5,24,0.68,15.42910713,75.01591363,709.9266667,0.03439897,146.49307,12.45,18.14,0.693333333,0.001061373,-0.005475869,-0.000219257,-0.1727725,-0.01523614,-9.813662,-0.25544506,0.054306476,0.060175416,0.068084418,0,0.09,-0.98,272.48
01:52.6,24,0.68,15.42910712,75.01591366,709.9311111,0.02826598,157.6620467,12.44666667,18.13666667,0.692222222,0.00089705,-0.005787466,0.000181448,-0.17186165,-0.01615282,-9.8162305,-0.24753304,0.054649524,0.060550854,0.068379742,0,0.09,-0.98,272.48
01:52.6,24,0.68,15.42910711,75.01591368,709.9355556,0.02213299,168.8310233,12.44333333,18.13333333,0.691111111,0.000732726,-0.006099063,0.000582153,-0.1709508,-0.0170695,-9.818799,-0.23962102,0.054992572,0.060926292,0.068675066,0,0.09,-0.98,272.48
01:52.6,24,0.68,15.4291071,75.0159137,709.94,0.016,180,12.44,18.13,0.69,0.001051993,-0.00593627,0.000458246,-0.1727161,-0.01686513,-9.818933,-0.231709,0.05533562,0.06130173,0.06897039,0,0.09,-0.98,272.48
01:52.6,24,0.68,15.42910707,75.01591373,709.946,0.03723265,176.7702,12.439,18.128,0.704,0.00137126,-0.005773476,0.00033434,-0.1744814,-0.01666076,-9.819067,-0.24414216,0.045954036,0.051016974,0.057764122,0,0.09,-0.98,272.48
01:52.6,24,0.68,15.42910704,75.01591376,709.952,0.0584653,173.5404,12.438,18.126,0.718,0.000933515,-0.006167622,0.000161342,-0.17403805,-0.016878985,-9.8192205,-0.25657532,0.036572452,0.040732219,0.046557854,0,0.09,-0.98,272.48
01:52.7,24,0.68,15.42910701,75.01591379,709.958,0.07969795,170.3106,12.437,18.124,0.732,0.000495771,-0.006561768,-1.17E-05,-0.1735947,-0.01709721,-9.819374,-0.26900848,0.027190869,0.030447463,0.035351586,0,0.09,-0.98,272.48
01:52.7,24,0.68,15.42910698,75.01591382,709.964,0.1009306,167.0808,12.436,18.122,0.746,-0.000256664,-0.004612538,-0.001130244,-0.1833184,-0.014744185,-9.806372,-0.28144164,0.017809285,0.020162708,0.024145318,0,0.09,-0.98,272.48
01:52.7,24,0.68,15.42910695,75.01591385,709.97,0.12216325,163.851,12.435,18.12,0.76,-0.001009098,-0.002663307,-0.002248832,-0.1930421,-0.01239116,-9.79337,-0.2938748,0.008427701,0.009877952,0.01293905,0,0.09,-0.98,272.48
01:52.7,24,0.68,15.42910692,75.01591388,709.976,0.1433959,160.6212,12.434,18.118,0.774,3.64E-06,-0.004842205,-0.001354048,-0.1825285,-0.012789355,-9.8048145,-0.231143832,0.008579175,0.01045913,0.01297719,0,0.09,-0.98,272.48
01:52.7,24,0.68,15.42910689,75.01591391,709.982,0.16462855,157.3914,12.433,18.116,0.788,0.00101638,-0.007021103,-0.000459264,-0.1720149,-0.01318755,-9.816259,-0.168412864,0.008730649,0.011040307,0.01301533,0,0.09,-0.98,272.48
01:52.8,24,0.68,15.42910686,75.01591394,709.988,0.1858612,154.1616,12.432,18.114,0.802,0.001511742,-0.006119138,0.00031362,-0.17200575,-0.012663935,-9.8176405,-0.105681896,0.008882124,0.011621485,0.01305347,0,0.09,-0.98,272.48
01:52.8,24,0.68,15.42910683,75.01591397,709.994,0.20709385,150.9318,12.431,18.112,0.816,0.002007103,-0.005217173,0.001086504,-0.1719966,-0.01214032,-9.819022,-0.042950928,0.009033598,0.012202662,0.01309161,0,0.09,-0.98,272.48
01:52.8,24,0.68,15.4291068,75.015914,710,0.2283265,147.702,12.43,18.11,0.83,0.001143455,-0.004209739,0.00143481,-0.1744915,-0.013556085,-9.8168305,0.01978004,0.009185072,0.01278384,0.01312975,0,0.09,-0.98,272.48
01:52.8,24,0.68,15.42910676,75.01591404,710.009,0.21555864,139.147992,12.425,18.105,0.824,0.000279806,-0.003202305,0.001783116,-0.1769864,-0.01497185,-9.814639,-0.027126908,0.009501868,0.01235592,0.013243632,0,0.09,-0.98,272.48
01:52.8,24,0.68,15.42910672,75.01591408,710.018,0.20279078,130.593984,12.42,18.1,0.818,-0.000326947,-0.00059399,0.000953208,-0.17995415,-0.010091439,-9.806107,-0.074033856,0.009818663,0.011928,0.013357514,0,0.09,-0.98,272.48
01:52.9,24,0.68,15.42910668,75.01591412,710.027,0.19002292,122.039976,12.415,18.095,0.812,-0.000933701,0.002014324,0.000123301,-0.1829219,-0.005211027,-9.797575,-0.120940804,0.010135459,0.01150008,0.013471396,0,0.09,-0.98,272.48
01:52.9,24,0.68,15.42910664,75.01591416,710.036,0.17725506,113.485968,12.41,18.09,0.806,0.000232795,-0.001476948,-6.69E-05,-0.1793478,-0.011231709,-9.8079325,-0.167847752,0.010452254,0.01107216,0.013585278,0,0.09,-0.98,272.48
01:52.9,24,0.68,15.4291066,75.0159142,710.045,0.1644872,104.93196,12.405,18.085,0.8,0.001399291,-0.004968219,-0.000257072,-0.1757737,-0.01725239,-9.81829,-0.2147547,0.01076905,0.01064424,0.01369916,0,0.09,-0.98,272.48
01:52.9,24,0.68,15.42910656,75.01591424,710.054,0.15171934,96.377952,12.4,18.08,0.794,0.000972494,-0.004972396,-0.00052719,-0.17072105,-0.013750315,-9.8195095,-0.24527246,0.01073676,0.010534802,0.013445446,0,0.09,-0.98,272.48
01:52.9,24,0.68,15.42910652,75.01591428,710.063,0.13895148,87.823944,12.395,18.075,0.788,0.000545696,-0.004976573,-0.000797307,-0.1656684,-0.01024824,-9.820729,-0.27579022,0.01070447,0.010425364,0.013191732,0,0.09,-0.98,272.48
01:53.0,24,0.68,15.42910648,75.01591432,710.072,0.12618362,79.269936,12.39,18.07,0.782,0.000658527,-0.005208861,-3.91E-05,-0.17010465,-0.01407044,-9.820138,-0.30630798,0.01067218,0.010315926,0.012938018,0,0.09,-0.98,272.48
01:53.0,24,0.68,15.42910644,75.01591436,710.081,0.11341576,70.715928,12.385,18.065,0.776,0.000771359,-0.005441149,0.000719064,-0.1745409,-0.01789264,-9.819547,-0.33682574,0.01063989,0.010206488,0.012684304,0,0.09,-0.98,272.48
01:53.0,24,0.68,15.4291064,75.0159144,710.09,0.1006479,62.16192,12.38,18.06,0.77,0.001166253,-0.005540433,0.000633816,-0.1711448,-0.01646686,-9.8176515,-0.3673435,0.0106076,0.01009705,0.01243059,0,0.09,-0.98,272.48
01:53.0,24,0.68,15.42910643,75.0159144,710.09,0.11980776,56.1810577,12.378,18.057,0.79,0.001561148,-0.005639716,0.000548568,-0.1677487,-0.01504108,-9.815756,-0.33569544,0.010482375,0.010206348,0.01236533,0,0.09,-0.98,272.48
01:53.0,24,0.68,15.42910646,75.0159144,710.09,0.13896762,50.2001954,12.376,18.054,0.81,-3.04E-05,-0.002629705,0.000433601,-0.17600675,-0.01299355,-9.81004,-0.30404738,0.010357149,0.010315646,0.01230007,0,0.09,-0.98,272.48
01:53.1,24,0.68,15.42910649,75.0159144,710.09,0.15812748,44.2193331,12.374,18.051,0.83,-0.001621873,0.000380306,0.000318633,-0.1842648,-0.01094602,-9.804324,-0.27239932,0.010231924,0.010424944,0.01223481,0,0.09,-0.98,272.48
01:53.1,24,0.68,15.42910652,75.0159144,710.09,0.17728734,38.2384708,12.372,18.048,0.85,-0.000438926,-0.002246783,0.000118618,-0.17682195,-0.01086028,-9.810909,-0.24075126,0.010106698,0.010534242,0.01216955,0,0.09,-0.98,272.48
01:53.1,24,0.68,15.42910655,75.0159144,710.09,0.1964472,32.2576085,12.37,18.045,0.87,0.000744022,-0.004873871,-8.14E-05,-0.1693791,-0.01077454,-9.817494,-0.2091032,0.009981473,0.01064354,0.01210429,0,0.09,-0.98,272.48
01:53.1,24,0.68,15.42910658,75.0159144,710.09,0.21560706,26.2767462,12.368,18.042,0.89,0.001043978,-0.005304859,-2.65E-05,-0.1712406,-0.01450907,-9.8190135,-0.24301184,0.009886663,0.010722498,0.01188832,0,0.09,-0.98,272.48
01:53.1,24,0.68,15.42910661,75.0159144,710.09,0.23476692,20.2958839,12.366,18.039,0.91,0.001343934,-0.005735847,2.85E-05,-0.1731021,-0.0182436,-9.820533,-0.27692048,0.009791853,0.010801456,0.01167235,0,0.09,-0.98,272.48
01:53.2,24,0.68,15.42910664,75.0159144,710.09,0.25392678,14.3150216,12.364,18.036,0.93,0.001113023,-0.005625039,0.000402586,-0.1714886,-0.01435073,-9.8168325,-0.31082912,0.009697042,0.010880414,0.01145638,0,0.09,-0.98,272.48
01:53.2,24,0.68,15.42910667,75.0159144,710.09,0.27308664,8.3341593,12.362,18.033,0.95,0.000882112,-0.005514231,0.000776694,-0.1698751,-0.01045786,-9.813132,-0.34473776,0.009602232,0.010959372,0.01124041,0,0.09,-0.98,272.48
01:53.2,24,0.68,15.4291067,75.0159144,710.09,0.2922465,2.353297,12.36,18.03,0.97,-0.000617173,-0.003042765,0.001170434,-0.18098455,-0.0117894,-9.8071725,-0.3786464,0.009507422,0.01103833,0.01102444,0,0.09,-0.98,272.48
01:53.2,24,0.68,15.42910671,75.01591442,710.0963636,0.271341332,9.818675455,12.35545455,18.02363636,0.946363636,-0.002116459,-0.000571299,0.001564174,-0.192094,-0.01312094,-9.801213,-0.33795604,0.009618872,0.010922494,0.011255912,0,0.09,-0.98,272.48
01:53.2,24,0.68,15.42910672,75.01591444,710.1027273,0.250436164,17.28405391,12.35090909,18.01727273,0.922727273,-0.000194697,-0.001939052,0.000516717,-0.19022655,-0.006965704,-9.805734,-0.29726568,0.009730321,0.010806658,0.011487384,0,0.09,-0.98,272.48
01:53.3,24,0.68,15.42910673,75.01591445,710.1090909,0.229530995,24.74943236,12.34636364,18.01090909,0.899090909,0.001727066,-0.003306805,-0.00053074,-0.1883591,-0.000810467,-9.810255,-0.25657532,0.009841771,0.010690822,0.011718856,0,0.09,-0.98,272.48
01:53.3,24,0.68,15.42910674,75.01591447,710.1154545,0.208625827,32.21481082,12.34181818,18.00454545,0.875454545,0.001283285,-0.004120973,0.00017524,-0.17898535,-0.010887084,-9.8112325,-0.21588496,0.00995322,0.010574986,0.011950328,0,0.09,-0.98,272.48
01:53.3,24,0.68,15.42910675,75.01591449,710.1218182,0.187720659,39.68018927,12.33727273,17.99818182,0.851818182,0.000839504,-0.004935141,0.000881221,-0.1696116,-0.0209637,-9.81221,-0.1751946,0.01006467,0.01045915,0.0121818,0,0.09,-0.98,272.48
01:53.3,24,0.68,15.42910675,75.01591451,710.1281818,0.166815491,47.14556773,12.33272727,17.99181818,0.828181818,0.001184917,-0.004603595,0.001087938,-0.16951535,-0.017027355,-9.8149535,-0.149197982,0.019215286,0.021408536,0.02425104,0,0.09,-0.98,272.48
01:53.3,24,0.68,15.42910676,75.01591453,710.1345455,0.145910323,54.61094618,12.32818182,17.98545455,0.804545455,0.001530331,-0.004272049,0.001294655,-0.1694191,-0.01309101,-9.817697,-0.123201364,0.028365902,0.032357922,0.03632028,0,0.09,-0.98,272.48
01:53.4,24,0.68,15.42910677,75.01591455,710.1409091,0.125005155,62.07632464,12.32363636,17.97909091,0.780909091,0.001019604,-0.00453553,0.001034564,-0.17173005,-0.016254365,-9.8175525,-0.097204746,0.037516518,0.043307308,0.04838952,0,0.09,-0.98,272.48
01:53.4,24,0.68,15.42910678,75.01591456,710.1472727,0.104099986,69.54170309,12.31909091,17.97272727,0.757272727,0.000508877,-0.00479901,0.000774474,-0.174041,-0.01941772,-9.817408,-0.071208128,0.046667134,0.054256694,0.06045876,0,0.09,-0.98,272.48
01:53.4,24,0.68,15.42910679,75.01591458,710.1536364,0.083194818,77.00708155,12.31454545,17.96636364,0.733636364,0.001147798,-0.003850039,0.000110248,-0.1709437,-0.014330094,-9.816173,-0.04521151,0.05581775,0.06520608,0.072528,0,0.09,-0.98,272.48
01:53.4,24,0.68,15.4291068,75.0159146,710.16,0.06228965,84.47246,12.31,17.96,0.71,0.001786719,-0.002901067,-0.000553979,-0.1678464,-0.009242467,-9.814938,-0.099465328,0.046434305,0.05418637,0.060422412,0,0.09,-0.98,272.48
01:53.4,24,0.68,15.42910681,75.0159146,710.1611111,0.063022352,80.67562222,12.30666667,17.95666667,0.712222222,0.000941718,-0.002617604,-0.001096426,-0.17703565,-0.010268029,-9.809194,-0.153719146,0.03705086,0.04316666,0.048316824,0,0.09,-0.98,272.48
01:53.5,24,0.68,15.42910682,75.0159146,710.1622222,0.063755054,76.87878444,12.30333333,17.95333333,0.714444444,9.67E-05,-0.002334141,-0.001638873,-0.1862249,-0.01129359,-9.80345,-0.207972964,0.027667414,0.03214695,0.036211236,0,0.09,-0.98,272.48
01:53.5,24,0.68,15.42910683,75.0159146,710.1633333,0.064487757,73.08194667,12.3,17.95,0.716666667,0.000354022,-0.003411585,-0.000938857,-0.17890075,-0.010306087,-9.8106855,-0.262226782,0.018283969,0.02112724,0.024105648,0,0.09,-0.98,272.48
01:53.5,24,0.68,15.42910684,75.0159146,710.1644444,0.065220459,69.28510889,12.29666667,17.94666667,0.718888889,0.000611327,-0.004489029,-0.000238841,-0.1715766,-0.009318584,-9.817921,-0.3164806,0.008900524,0.01010753,0.01200006,0,0.09,-0.98,272.48
01:53.5,24,0.68,15.42910686,75.0159146,710.1655556,0.065953161,65.48827111,12.29333333,17.94333333,0.721111111,0.00121221,-0.004937062,0.000130267,-0.17194105,-0.011286992,-9.8164155,-0.31874118,0.008815718,0.010023748,0.011919596,0,0.09,-0.98,272.48
01:53.5,24,0.68,15.42910687,75.0159146,710.1666667,0.066685863,61.69143333,12.29,17.94,0.723333333,0.001813092,-0.005385095,0.000499375,-0.1723055,-0.0132554,-9.81491,-0.32100176,0.008730912,0.009939966,0.011839132,0,0.09,-0.98,272.48
01:53.6,24,0.68,15.42910688,75.0159146,710.1677778,0.067418566,57.89459556,12.28666667,17.93666667,0.725555556,0.001487713,-0.005487609,0.000640218,-0.1718354,-0.01323702,-9.81584,-0.32326234,0.008646105,0.009856184,0.011758668,0,0.09,-0.98,272.48
01:53.6,24,0.68,15.42910689,75.0159146,710.1688889,0.068151268,54.09775778,12.28333333,17.93333333,0.727777778,0.001162333,-0.005590122,0.000781061,-0.1713653,-0.01321864,-9.81677,-0.32552292,0.008561299,0.009772402,0.011678204,0,0.09,-0.98,272.48
01:53.6,24,0.68,15.4291069,75.0159146,710.17,0.06888397,50.30092,12.28,17.93,0.73,0.001262098,-0.005010725,0.000136269,-0.17146355,-0.014400315,-9.8174655,-0.3277835,0.008476493,0.00968862,0.01159774,0,0.09,-0.98,272.48
01:53.6,24,0.68,15.42910688,75.01591463,710.18,0.06768943,78.208968,12.277,17.926,0.73,0.001361864,-0.004431328,-0.000508522,-0.1715618,-0.01558199,-9.818161,-0.30517774,0.008642349,0.009590767,0.01120579,0,0.09,-0.98,272.48
01:53.6,24,0.68,15.42910686,75.01591466,710.19,0.06649489,106.117016,12.274,17.922,0.73,0.000393436,-0.002265681,0.001310607,-0.1784731,-0.008571928,-9.808977,-0.28257198,0.008808205,0.009492915,0.010813841,0,0.09,-0.98,272.48
01:53.7,24,0.68,15.42910684,75.01591469,710.2,0.06530035,134.025064,12.271,17.918,0.73,-0.000574991,-0.000100034,0.003129736,-0.1853844,-0.001561865,-9.799793,-0.25996622,0.008974061,0.009395062,0.010421891,0,0.09,-0.98,272.48
01:53.7,24,0.68,15.42910682,75.01591472,710.21,0.06410581,161.933112,12.268,17.914,0.73,0.00064925,-0.002767491,0.001646845,-0.17757965,-0.009516457,-9.8084455,-0.23736046,0.009139917,0.00929721,0.010029942,0,0.09,-0.98,272.48
01:53.7,24,0.68,15.4291068,75.01591475,710.22,0.06291127,189.84116,12.265,17.91,0.73,0.001873492,-0.005434948,0.000163954,-0.1697749,-0.01747105,-9.817098,-0.2147547,0.009305773,0.009199357,0.009637992,0,0.09,-0.98,272.48
01:53.7,24,0.68,15.42910678,75.01591478,710.23,0.06171673,217.749208,12.262,17.906,0.73,0.001680385,-0.005945171,0.000199818,-0.17050425,-0.0153708,-9.8179015,-0.24979362,0.009705038,0.009433036,0.010000202,0,0.088,-0.98,272.478
01:53.7,24,0.68,15.42910676,75.01591481,710.24,0.06052219,245.657256,12.259,17.902,0.73,0.001487277,-0.006455394,0.000235682,-0.1712336,-0.01327055,-9.818705,-0.28483254,0.010104304,0.009666714,0.010362411,0,0.086,-0.98,272.476
01:53.8,24,0.68,15.42910674,75.01591484,710.25,0.05932765,273.565304,12.256,17.898,0.73,0.001035223,-0.006160904,0.00028579,-0.17023695,-0.01525051,-9.820163,-0.31987146,0.010503569,0.009900393,0.010724621,0,0.084,-0.98,272.474
01:53.8,24,0.68,15.42910672,75.01591487,710.26,0.05813311,301.473352,12.253,17.894,0.73,0.00058317,-0.005866413,0.000335898,-0.1692403,-0.01723047,-9.821621,-0.35491038,0.010902835,0.010134071,0.01108683,0,0.082,-0.98,272.472
01:53.8,24,0.68,15.4291067,75.0159149,710.27,0.05693857,329.3814,12.25,17.89,0.73,0.001237299,-0.006449203,0.000293887,-0.1735093,-0.018707675,-9.8193335,-0.3899493,0.0113021,0.01036775,0.01144904,0,0.08,-0.98,272.47
01:53.8,24,0.68,15.42910669,75.01591491,710.278,0.058819012,310.2108,12.247,17.886,0.729,0.001891429,-0.007031992,0.000251876,-0.1777783,-0.02018488,-9.817046,-0.35830124,0.011106506,0.010332362,0.01134247,0,0.08,-0.98,272.47
01:53.8,24,0.68,15.42910668,75.01591492,710.286,0.060699454,291.0402,12.244,17.882,0.728,0.003218682,-0.001075173,-0.002067941,-0.17382925,-0.016072955,-9.8121405,-0.32665318,0.010910912,0.010296974,0.0112359,0,0.08,-0.98,272.47
01:53.9,24,0.68,15.42910667,75.01591493,710.294,0.062579896,271.8696,12.241,17.878,0.727,0.004545935,0.004881646,-0.004387759,-0.1698802,-0.01196103,-9.807235,-0.29500512,0.010715318,0.010261586,0.01112933,0,0.08,-0.98,272.47
01:53.9,24,0.68,15.42910666,75.01591494,710.302,0.064460338,252.699,12.238,17.874,0.726,0.003094631,-0.000211108,-0.0016243,-0.17093275,-0.0138583,-9.813138,-0.26335706,0.010519724,0.010226198,0.01102276,0,0.08,-0.98,272.47
01:53.9,24,0.68,15.42910665,75.01591495,710.31,0.06634078,233.5284,12.235,17.87,0.725,0.001643326,-0.005303862,0.001139159,-0.1719853,-0.01575557,-9.819041,-0.231709,0.01032413,0.01019081,0.01091619,0,0.08,-0.98,272.47
01:53.9,24,0.68,15.42910664,75.01591496,710.318,0.068221222,214.3578,12.232,17.866,0.724,0.001552749,-0.00547279,0.000514075,-0.1707635,-0.01458958,-9.820634,-0.24188158,0.010259668,0.010023344,0.010663327,0,0.082,-0.98,272.47
01:53.9,24,0.68,15.42910663,75.01591497,710.326,0.070101664,195.1872,12.229,17.862,0.723,0.001462172,-0.005641718,-0.000111009,-0.1695417,-0.01342359,-9.822227,-0.25205416,0.010195206,0.009855877,0.010410464,0,0.084,-0.98,272.47
01:54.0,24,0.68,15.42910662,75.01591498,710.334,0.071982106,176.0166,12.226,17.858,0.722,0.001123788,-0.005226167,0.000244716,-0.16942805,-0.014078305,-9.821214,-0.26222674,0.010130744,0.009688411,0.0101576,0,0.086,-0.98,272.47
01:54.0,24,0.68,15.42910661,75.01591499,710.342,0.073862548,156.846,12.223,17.854,0.721,0.000785403,-0.004810616,0.000600441,-0.1693144,-0.01473302,-9.820201,-0.27239932,0.010066282,0.009520944,0.009904737,0,0.088,-0.98,272.47
01:54.0,24,0.68,15.4291066,75.015915,710.35,0.07574299,137.6754,12.22,17.85,0.72,0.000817445,-0.004704318,0.000435717,-0.1721044,-0.01408555,-9.8202015,-0.2825719,0.01000182,0.009353478,0.009651874,0,0.09,-0.98,272.47
01:54.0,24,0.68,15.42910658,75.01591502,710.357,0.073955746,134.72005,12.218,17.847,0.719,0.000849486,-0.00459802,0.000270992,-0.1748944,-0.01343808,-9.820202,-0.25205414,0.019236158,0.02001577,0.021903103,0,0.09,-0.978,272.47
01:54.0,24,0.68,15.42910656,75.01591504,710.364,0.072168502,131.7647,12.216,17.844,0.718,0.001228346,-0.004475925,0.000222839,-0.1709965,-0.015328405,-9.816753,-0.22153638,0.028470496,0.030678063,0.034154332,0,0.09,-0.976,272.47
01:54.1,24,0.68,15.42910654,75.01591506,710.371,0.070381258,128.80935,12.214,17.841,0.717,0.001607205,-0.004353829,0.000174686,-0.1670986,-0.01721873,-9.813304,-0.19101862,0.037704834,0.041340355,0.046405562,0,0.09,-0.974,272.47
01:54.1,24,0.68,15.42910652,75.01591508,710.378,0.068594014,125.854,12.212,17.838,0.716,0.001412679,-0.003630018,0.000205589,-0.17032635,-0.015446755,-9.8159325,-0.16050086,0.046939172,0.052002648,0.058656791,0,0.09,-0.972,272.47
01:54.1,24,0.68,15.4291065,75.0159151,710.385,0.06680677,122.89865,12.21,17.835,0.715,0.001218153,-0.002906206,0.000236491,-0.1735541,-0.01367478,-9.818561,-0.1299831,0.05617351,0.06266494,0.07090802,0,0.09,-0.97,272.47
01:54.1,24,0.68,15.42910648,75.01591512,710.392,0.065019526,119.9433,12.208,17.832,0.714,0.001704995,-0.003608715,0.000259018,-0.1712981,-0.01579443,-9.8183895,-0.15371914,0.056399184,0.063813786,0.071116898,0,0.09,-0.97,272.47
01:54.1,24,0.68,15.42910646,75.01591514,710.399,0.063232282,116.98795,12.206,17.829,0.713,0.002191836,-0.004311224,0.000281545,-0.1690421,-0.01791408,-9.818218,-0.17745518,0.056624858,0.064962632,0.071325776,0,0.09,-0.97,272.47
01:54.2,24,0.68,15.42910644,75.01591516,710.406,0.061445038,114.0326,12.204,17.826,0.712,0.001992789,-0.003822794,0.000120175,-0.1705807,-0.01669932,-9.8186165,-0.20119122,0.056850532,0.066111478,0.071534654,0,0.09,-0.97,272.47
01:54.2,24,0.68,15.42910642,75.01591518,710.413,0.059657794,111.07725,12.202,17.823,0.711,0.001793743,-0.003334363,-4.12E-05,-0.1721193,-0.01548456,-9.819015,-0.22492726,0.057076206,0.067260324,0.071743532,0,0.09,-0.97,272.47
01:54.2,24,0.68,15.4291064,75.0159152,710.42,0.05787055,108.1219,12.2,17.82,0.71,0.002160251,-0.003967507,-0.00031987,-0.1794076,-0.010633366,-9.807347,-0.2486633,0.05730188,0.06840917,0.07195241,0,0.09,-0.97,272.47
01:54.2,24,0.68,15.42910637,75.01591518,710.4218182,0.0668855,115.2546364,12.19636364,17.81454545,0.723636364,0.002526759,-0.004600651,-0.000598545,-0.1866959,-0.005782172,-9.795679,-0.25657532,0.047724456,0.056552563,0.059905006,0,0.09,-0.97,272.47
01:54.2,24,0.68,15.42910635,75.01591516,710.4236364,0.07590045,122.3873727,12.19272727,17.80909091,0.737272727,0.001128011,-0.001937569,-0.002409926,-0.18556695,-0.005658728,-9.806668,-0.26448734,0.038147032,0.044695956,0.047857602,0,0.09,-0.97,272.47
01:54.3,24,0.68,15.42910632,75.01591515,710.4254545,0.0849154,129.5201091,12.18909091,17.80363636,0.750909091,-0.000270736,0.000725513,-0.004221307,-0.184438,-0.005535283,-9.817657,-0.27239936,0.028569607,0.03283935,0.035810198,0,0.09,-0.97,272.47
01:54.3,24,0.68,15.42910629,75.01591513,710.4272727,0.09393035,136.6528455,12.18545455,17.79818182,0.764545455,0.000928717,-0.001873077,-0.002435416,-0.17880575,-0.009400787,-9.816041,-0.28031138,0.018992183,0.020982743,0.023762794,0,0.09,-0.97,272.47
01:54.3,24,0.68,15.42910626,75.01591511,710.4290909,0.1029453,143.7855818,12.18181818,17.79272727,0.778181818,0.00212817,-0.004471667,-0.000649525,-0.1731735,-0.01326629,-9.814425,-0.2882234,0.009414759,0.009126136,0.01171539,0,0.09,-0.97,272.47
01:54.3,24,0.68,15.42910624,75.01591509,710.4309091,0.11196025,150.9183182,12.17818182,17.78727273,0.791818182,0.001370049,-0.00466561,-0.000834761,-0.1720634,-0.015090775,-9.8173395,-0.27126908,0.009271234,0.009639833,0.011559494,0,0.09,-0.972,272.47
01:54.3,24,0.68,15.42910621,75.01591507,710.4327273,0.1209752,158.0510545,12.17454545,17.78181818,0.805454545,0.000611928,-0.004859552,-0.001019997,-0.1709533,-0.01691526,-9.820254,-0.25431476,0.009127708,0.01015353,0.011403598,0,0.09,-0.974,272.47
01:54.4,24,0.68,15.42910618,75.01591505,710.4345455,0.12999015,165.1837909,12.17090909,17.77636364,0.819090909,0.001211013,-0.004796706,-0.000291194,-0.17002055,-0.01377119,-9.8184315,-0.23736044,0.008984183,0.010667226,0.011247702,0,0.09,-0.976,272.47
01:54.4,24,0.68,15.42910615,75.01591504,710.4363636,0.1390051,172.3165273,12.16727273,17.77090909,0.832727273,0.001810097,-0.00473386,0.000437608,-0.1690878,-0.01062712,-9.816609,-0.22040612,0.008840657,0.011180923,0.011091806,0,0.09,-0.978,272.47
01:54.4,24,0.68,15.42910613,75.01591502,710.4381818,0.14802005,179.4492636,12.16363636,17.76545455,0.846363636,0.001767893,-0.005370749,0.000666113,-0.1686553,-0.01337097,-9.816019,-0.2034518,0.008697132,0.01169462,0.01093591,0,0.09,-0.98,272.47
01:54.4,24,0.68,15.4291061,75.015915,710.44,0.157035,186.582,12.16,17.76,0.86,0.001725689,-0.006007637,0.000894619,-0.1682228,-0.01611482,-9.815429,-0.20006094,0.008633277,0.0113843,0.010533918,0,0.09,-0.978,272.47
01:54.4,24,0.68,15.42910609,75.015915,710.4444444,0.148511593,167.9491211,12.15555556,17.75555556,0.856666667,0.001492006,-0.003638672,0.001448153,-0.17307335,-0.009600564,-9.808905,-0.19667008,0.008569422,0.01107398,0.010131926,0,0.09,-0.976,272.47
01:54.5,24,0.68,15.42910608,75.015915,710.4488889,0.139988187,149.3162422,12.15111111,17.75111111,0.853333333,0.001258323,-0.001269708,0.002001687,-0.1779239,-0.003086307,-9.802381,-0.19327922,0.008505568,0.01076366,0.009729935,0,0.09,-0.974,272.47
01:54.5,24,0.68,15.42910607,75.015915,710.4533333,0.13146478,130.6833633,12.14666667,17.74666667,0.85,0.000931035,-0.002554451,0.001229919,-0.1730254,-0.008941449,-9.8086345,-0.18988836,0.008441713,0.01045334,0.009327943,0,0.09,-0.972,272.47
01:54.5,24,0.68,15.42910606,75.015915,710.4577778,0.122941373,112.0504844,12.14222222,17.74222222,0.846666667,0.000603747,-0.003839194,0.00045815,-0.1681269,-0.01479659,-9.814888,-0.1864975,0.008377858,0.01014302,0.008925951,0,0.09,-0.97,272.47
01:54.5,24,0.68,15.42910604,75.015915,710.4622222,0.114417967,93.41760556,12.13777778,17.73777778,0.843333333,0.000921725,-0.004240815,0.000518696,-0.16938405,-0.015532145,-9.8164215,-0.17406434,0.008570614,0.010017479,0.009686453,0,0.09,-0.972,272.47
01:54.5,24,0.68,15.42910603,75.015915,710.4666667,0.10589456,74.78472667,12.13333333,17.73333333,0.84,0.001239703,-0.004642435,0.000579242,-0.1706412,-0.0162677,-9.817955,-0.16163118,0.008763369,0.009891938,0.010446955,0,0.09,-0.974,272.47
01:54.6,24,0.68,15.42910602,75.015915,710.4711111,0.097371153,56.15184778,12.12888889,17.72888889,0.836666667,0.001050195,-0.005344289,0.000233746,-0.17068185,-0.01431737,-9.81435,-0.14919802,0.008956125,0.009766396,0.011207456,0,0.09,-0.976,272.47
01:54.6,24,0.68,15.42910601,75.015915,710.4755556,0.088847747,37.51896889,12.12444444,17.72444444,0.833333333,0.000860687,-0.006046143,-0.00011175,-0.1707225,-0.01236704,-9.810745,-0.13676486,0.00914888,0.009640855,0.011967958,0,0.09,-0.978,272.47
01:54.6,24,0.68,15.429106,75.015915,710.48,0.08032434,18.88609,12.12,17.72,0.83,-0.00134574,-0.00546277,0.000984286,-0.1769929,-0.008735618,-9.8077485,-0.1243317,0.009341636,0.009515314,0.01272846,0,0.09,-0.98,272.47
01:54.6,24,0.68,15.429106,75.015915,710.482,0.07820545,25.609628,12.117,17.716,0.817,-0.003552167,-0.004879397,0.002080323,-0.1832633,-0.005104196,-9.804752,-0.14467688,0.00916398,0.009811033,0.012899854,0,0.09,-0.98,272.47
01:54.6,24,0.68,15.429106,75.015915,710.484,0.07608656,32.333166,12.114,17.712,0.804,-0.001428978,-0.001938731,0.001403373,-0.1844222,-0.002252579,-9.812692,-0.16502206,0.008986324,0.010106752,0.013071248,0,0.09,-0.98,272.47
01:54.7,24,0.68,15.429106,75.015915,710.486,0.07396767,39.056704,12.111,17.708,0.791,0.000694212,0.001001934,0.000726423,-0.1855811,0.000599039,-9.820632,-0.18536724,0.008808668,0.010402472,0.013242642,0,0.09,-0.98,272.47
01:54.7,24,0.68,15.429106,75.015915,710.488,0.07184878,45.780242,12.108,17.704,0.778,0.000713708,-0.001917086,0.000800082,-0.17699315,-0.007776786,-9.8194885,-0.20571242,0.008631012,0.010698191,0.013414036,0,0.09,-0.98,272.47
01:54.7,24,0.68,15.429106,75.015915,710.49,0.06972989,52.50378,12.105,17.7,0.765,0.000733205,-0.004836105,0.00087374,-0.1684052,-0.01615261,-9.818345,-0.2260576,0.008453356,0.01099391,0.01358543,0,0.09,-0.98,272.47
01:54.7,24,0.68,15.429106,75.015915,710.492,0.067611,59.227318,12.102,17.696,0.752,0.000706865,-0.005296766,0.000767136,-0.17159265,-0.01649742,-9.8150225,-0.23736046,0.00844126,0.010712338,0.013593904,0,0.09,-0.98,272.47
01:54.7,24,0.68,15.429106,75.015915,710.494,0.06549211,65.950856,12.099,17.692,0.739,0.000680526,-0.005757426,0.000660533,-0.1747801,-0.01684223,-9.8117,-0.24866332,0.008429165,0.010430766,0.013602378,0,0.09,-0.98,272.47
01:54.8,24,0.68,15.429106,75.015915,710.496,0.06337322,72.674394,12.096,17.688,0.726,0.000806008,-0.005893496,-5.53E-06,-0.1722342,-0.014686385,-9.809798,-0.25996618,0.008417069,0.010149194,0.013610852,0,0.09,-0.98,272.47
01:54.8,24,0.68,15.429106,75.015915,710.498,0.06125433,79.397932,12.093,17.684,0.713,0.000931489,-0.006029566,-0.000671592,-0.1696883,-0.01253054,-9.807896,-0.27126904,0.008404974,0.009867622,0.013619326,0,0.09,-0.98,272.47
01:54.8,24,0.68,15.429106,75.015915,710.5,0.05913544,86.12147,12.09,17.68,0.7,0.000845272,-0.005223722,-0.00057513,-0.1720421,-0.01473721,-9.812344,-0.2825719,0.008392878,0.00958605,0.0136278,0,0.09,-0.98,272.47
01:54.8,24,0.68,15.42910599,75.01591501,710.505,0.058744577,100.302893,12.088,17.677,0.698,0.000759054,-0.004417877,-0.000478668,-0.1743959,-0.01694388,-9.816792,-0.26787816,0.008537148,0.009424015,0.013202418,0,0.09,-0.98,272.47
01:54.8,24,0.68,15.42910598,75.01591502,710.51,0.058353714,114.484316,12.086,17.674,0.696,-0.000439233,-0.004237213,0.000790458,-0.17365855,-0.00542332,-9.811652,-0.25318442,0.008681418,0.00926198,0.012777036,0,0.09,-0.98,272.47
01:54.9,24,0.68,15.42910597,75.01591503,710.515,0.057962851,128.665739,12.084,17.671,0.694,-0.00163752,-0.004056549,0.002059584,-0.1729212,0.00609724,-9.806512,-0.23849068,0.008825689,0.009099944,0.012351654,0,0.09,-0.98,272.47
01:54.9,24,0.68,15.42910596,75.01591504,710.52,0.057571988,142.847162,12.082,17.668,0.692,6.69E-05,-0.004867071,0.001242483,-0.1746439,-0.00595946,-9.809128,-0.22379694,0.008969959,0.008937909,0.011926272,0,0.09,-0.98,272.47
01:54.9,24,0.68,15.42910595,75.01591505,710.525,0.057181125,157.028585,12.08,17.665,0.69,0.001771337,-0.005677592,0.000425382,-0.1763666,-0.01801616,-9.811744,-0.2091032,0.009114229,0.008775874,0.01150089,0,0.09,-0.98,272.47
01:54.9,24,0.68,15.42910594,75.01591506,710.53,0.056790262,171.210008,12.078,17.662,0.688,0.00115909,-0.004942237,0.000224569,-0.17335265,-0.015752915,-9.810606,-0.22040608,0.017934571,0.019912751,0.024294792,0,0.09,-0.98,272.47
01:54.9,24,0.68,15.42910593,75.01591507,710.535,0.056399399,185.391431,12.076,17.659,0.686,0.000546842,-0.004206882,2.38E-05,-0.1703387,-0.01348967,-9.809468,-0.23170896,0.026754913,0.031049628,0.037088694,0,0.09,-0.98,272.47
01:55.0,24,0.68,15.42910592,75.01591508,710.54,0.056008536,199.572854,12.074,17.656,0.684,0.000432749,-0.00435868,-0.000173737,-0.17036565,-0.013388745,-9.8114165,-0.24301184,0.035575256,0.042186506,0.049882596,0,0.09,-0.98,272.47
01:55.0,24,0.68,15.42910591,75.01591509,710.545,0.055617673,213.754277,12.072,17.653,0.682,0.000318655,-0.004510477,-0.000371229,-0.1703926,-0.01328782,-9.813365,-0.25431472,0.044395598,0.053323383,0.062676498,0,0.09,-0.98,272.47
01:55.0,24,0.68,15.4291059,75.0159151,710.55,0.05522681,227.9357,12.07,17.65,0.68,-0.000698255,-0.003962412,-8.86E-06,-0.17808535,-0.005993714,-9.810079,-0.2656176,0.05321594,0.06446026,0.0754704,0,0.09,-0.98,272.47
01:55.0,24,0.68,15.42910591,75.01591508,710.546,0.05850072,209.181065,12.068,17.647,0.699,-0.001715165,-0.003414346,0.000353517,-0.1857781,0.001300393,-9.806793,-0.27692048,0.044330554,0.05333586,0.063892084,0,0.088,-0.98,272.47
01:55.0,24,0.68,15.42910592,75.01591506,710.542,0.06177463,190.42643,12.066,17.644,0.718,-0.000689643,-0.004087076,0.000652261,-0.18043445,-0.008496888,-9.813133,-0.28822336,0.035445167,0.04221146,0.052313768,0,0.086,-0.98,272.47
01:55.1,24,0.68,15.42910593,75.01591504,710.538,0.06504854,171.671795,12.064,17.641,0.737,0.000335879,-0.004759805,0.000951004,-0.1750908,-0.01829417,-9.819473,-0.29952624,0.026559781,0.031087059,0.040735452,0,0.084,-0.98,272.47
01:55.1,24,0.68,15.42910594,75.01591502,710.534,0.06832245,152.91716,12.062,17.638,0.756,0.000810769,-0.00548807,0.000699536,-0.17316925,-0.01532949,-9.8154975,-0.31082912,0.017674394,0.019962659,0.029157136,0,0.082,-0.98,272.47
01:55.1,24,0.68,15.42910595,75.015915,710.53,0.07159636,134.162525,12.06,17.635,0.775,0.00128566,-0.006216334,0.000448069,-0.1712477,-0.01236481,-9.811522,-0.322132,0.008789008,0.008838259,0.01757882,0,0.08,-0.98,272.47
01:55.1,24,0.68,15.42910596,75.01591498,710.526,0.07487027,115.40789,12.058,17.632,0.794,0.001189979,-0.006099947,-2.29E-05,-0.1721974,-0.015363405,-9.8111615,-0.28935366,0.009006035,0.00886192,0.016709472,0,0.08,-0.98,272.47
01:55.1,24,0.68,15.42910597,75.01591496,710.522,0.07814418,96.653255,12.056,17.629,0.813,0.001094297,-0.005983561,-0.000493798,-0.1731471,-0.018362,-9.810801,-0.25657532,0.009223063,0.00888558,0.015840124,0,0.08,-0.98,272.47
01:55.2,24,0.68,15.42910598,75.01591494,710.518,0.08141809,77.89862,12.054,17.626,0.832,0.000790004,-0.005264403,1.98E-05,-0.1715544,-0.017614485,-9.8116765,-0.22379698,0.00944009,0.008909241,0.014970776,0,0.08,-0.98,272.47
01:55.2,24,0.68,15.42910599,75.01591492,710.514,0.084692,59.143985,12.052,17.623,0.851,0.00048571,-0.004545244,0.000533436,-0.1699617,-0.01686697,-9.812552,-0.19101864,0.009657118,0.008932901,0.014101428,0,0.08,-0.98,272.47
01:55.2,24,0.68,15.429106,75.0159149,710.51,0.08796591,40.38935,12.05,17.62,0.87,0.000786905,-0.005270627,0.000446789,-0.1704205,-0.01713836,-9.814082,-0.1582403,0.009874145,0.008956562,0.01323208,0,0.08,-0.98,272.47
01:55.2,24,0.68,15.42910599,75.0159149,710.5072727,0.088653088,50.27569091,12.04818182,17.61727273,0.869090909,0.0010881,-0.005996009,0.000360142,-0.1708793,-0.01740975,-9.815612,-0.19214894,0.009511174,0.008916272,0.012723156,0,0.082,-0.98,272.47
01:55.2,24,0.68,15.42910598,75.0159149,710.5045455,0.089340266,60.16203182,12.04636364,17.61454545,0.868181818,0.001327523,-0.006165549,0.00046837,-0.16930145,-0.01639194,-9.815171,-0.22605758,0.009148202,0.008875982,0.012214232,0,0.084,-0.98,272.47
01:55.3,24,0.68,15.42910597,75.0159149,710.5018182,0.090027445,70.04837273,12.04454545,17.61181818,0.867272727,0.001566945,-0.006335089,0.000576597,-0.1677236,-0.01537413,-9.81473,-0.25996622,0.008785231,0.008835692,0.011705308,0,0.086,-0.98,272.47
01:55.3,24,0.68,15.42910596,75.0159149,710.4990909,0.090714623,79.93471364,12.04272727,17.60909091,0.866363636,0.001364713,-0.006169664,0.000138135,-0.1696905,-0.015458205,-9.812995,-0.29387486,0.008422259,0.008795402,0.011196384,0,0.088,-0.98,272.47
01:55.3,24,0.68,15.42910595,75.0159149,710.4963636,0.091401801,89.82105455,12.04090909,17.60636364,0.865454545,0.001162481,-0.006004239,-0.000300327,-0.1716574,-0.01554228,-9.81126,-0.3277835,0.008059288,0.008755112,0.01068746,0,0.09,-0.98,272.47
01:55.3,24,0.68,15.42910595,75.0159149,710.4936364,0.092088979,99.70739545,12.03909091,17.60363636,0.864545455,0.001114941,-0.005259287,-0.000251597,-0.17073715,-0.01441631,-9.812128,-0.30743832,0.008099957,0.008893443,0.010619672,0,0.088,-0.98,272.468
01:55.3,24,0.68,15.42910594,75.0159149,710.4909091,0.092776157,109.5937364,12.03727273,17.60090909,0.863636364,0.0010674,-0.004514335,-0.000202867,-0.1698169,-0.01329034,-9.812996,-0.28709314,0.008140627,0.009031774,0.010551884,0,0.086,-0.98,272.466
01:55.4,24,0.68,15.42910593,75.0159149,710.4881818,0.093463335,119.4800773,12.03545455,17.59818182,0.862727273,0.001833356,-0.004040271,-0.002105093,-0.1720353,-0.007866935,-9.809743,-0.26674796,0.008181296,0.009170104,0.010484096,0,0.084,-0.98,272.464
01:55.4,24,0.68,15.42910592,75.0159149,710.4854545,0.094150514,129.3664182,12.03363636,17.59545455,0.861818182,0.002599312,-0.003566207,-0.004007318,-0.1742537,-0.00244353,-9.80649,-0.24640278,0.008221966,0.009308435,0.010416308,0,0.082,-0.98,272.462
01:55.4,24,0.68,15.42910591,75.0159149,710.4827273,0.094837692,139.2527591,12.03181818,17.59272727,0.860909091,0.002032022,-0.003659635,-0.001846446,-0.1715672,-0.00834115,-9.808764,-0.2260576,0.008262635,0.009446766,0.01034852,0,0.08,-0.98,272.46
01:55.4,24,0.68,15.4291059,75.0159149,710.48,0.09552487,149.1391,12.03,17.59,0.86,0.001464731,-0.003753063,0.000314427,-0.1688807,-0.01423877,-9.811038,-0.22040616,0.008243528,0.009485267,0.010035103,0,0.08,-0.98,272.46
01:55.4,24,0.68,15.42910589,75.01591492,710.4866667,0.086959783,137.0793433,12.02777778,17.58777778,0.843333333,0.001174419,-0.004851288,-0.000113604,-0.1703814,-0.016936695,-9.812645,-0.21475472,0.008224421,0.009523768,0.009721685,0,0.08,-0.98,272.46
01:55.5,24,0.68,15.42910588,75.01591494,710.4933333,0.078394697,125.0195867,12.02555556,17.58555556,0.826666667,0.000884106,-0.005949513,-0.000541635,-0.1718821,-0.01963462,-9.814252,-0.20910328,0.008205314,0.009562268,0.009408268,0,0.08,-0.98,272.46
01:55.5,24,0.68,15.42910587,75.01591497,710.5,0.06982961,112.95983,12.02333333,17.58333333,0.81,0.000822419,-0.005193452,0.000113418,-0.17140935,-0.015325825,-9.813552,-0.20345184,0.008186207,0.009600769,0.00909485,0,0.08,-0.98,272.46
01:55.5,24,0.68,15.42910586,75.01591499,710.5066667,0.061264523,100.9000733,12.02111111,17.58111111,0.793333333,0.000760733,-0.00443739,0.000768472,-0.1709366,-0.01101703,-9.812852,-0.1978004,0.0081671,0.00963927,0.008781433,0,0.08,-0.98,272.46
01:55.5,24,0.68,15.42910584,75.01591501,710.5133333,0.052699437,88.84031667,12.01888889,17.57888889,0.776666667,-0.000370387,-0.004824845,-0.002232304,-0.17365765,-0.013277985,-9.802511,-0.21701528,0.008293526,0.009750792,0.009360666,0,0.08,-0.98,272.46
01:55.5,24,0.68,15.42910583,75.01591503,710.52,0.04413435,76.78056,12.01666667,17.57666667,0.76,-0.001501506,-0.005212299,-0.005233079,-0.1763787,-0.01553894,-9.79217,-0.23623016,0.008419952,0.009862314,0.0099399,0,0.08,-0.98,272.46
01:55.6,24,0.68,15.42910582,75.01591506,710.5266667,0.035569263,64.72080333,12.01444444,17.57444444,0.743333333,0.002575538,-0.002332582,-0.003168416,-0.1783835,-0.009397312,-9.788281,-0.25544504,0.008546379,0.009973836,0.010519133,0,0.08,-0.98,272.46
01:55.6,24,0.68,15.42910581,75.01591508,710.5333333,0.027004177,52.66104667,12.01222222,17.57222222,0.726666667,0.006652582,0.000547135,-0.001103753,-0.1803883,-0.003255684,-9.784392,-0.27465992,0.008672805,0.010085358,0.011098367,0,0.08,-0.98,272.46
01:55.6,24,0.68,15.4291058,75.0159151,710.54,0.01843909,40.60129,12.01,17.57,0.71,0.003686144,-0.002519018,-0.000128022,-0.17490315,-0.008416632,-9.798544,-0.2938748,0.008799231,0.01019688,0.0116776,0,0.08,-0.98,272.46
01:55.6,24,0.68,15.4291058,75.01591508,710.536,0.018779214,56.135701,12.006,17.565,0.709,0.000719705,-0.005585171,0.000847709,-0.169418,-0.01357758,-9.812696,-0.2577056,0.018152159,0.020801772,0.022901172,0,0.08,-0.98,272.46
01:55.6,24,0.68,15.4291058,75.01591506,710.532,0.019119338,71.670112,12.002,17.56,0.708,0.000958191,-0.005241179,0.000910351,-0.17043325,-0.01438409,-9.812331,-0.2215364,0.027505087,0.031406664,0.034124744,0,0.08,-0.98,272.46
01:55.7,24,0.68,15.4291058,75.01591504,710.528,0.019459462,87.204523,11.998,17.555,0.707,0.001196677,-0.004897186,0.000972993,-0.1714485,-0.0151906,-9.811966,-0.1853672,0.036858014,0.042011556,0.045348316,0,0.08,-0.98,272.46
01:55.7,24,0.68,15.4291058,75.01591502,710.524,0.019799586,102.738934,11.994,17.55,0.706,0.001299813,-0.005441242,0.000540656,-0.1718272,-0.015499425,-9.812258,-0.149198,0.046210942,0.052616448,0.056571888,0,0.08,-0.98,272.46
01:55.7,24,0.68,15.4291058,75.015915,710.52,0.02013971,118.273345,11.99,17.545,0.705,0.001402949,-0.005985297,0.000108318,-0.1722059,-0.01580825,-9.81255,-0.1130288,0.05556387,0.06322134,0.06779546,0,0.08,-0.98,272.46
01:55.7,24,0.68,15.4291058,75.01591498,710.516,0.020479834,133.807756,11.986,17.54,0.704,0.001379573,-0.006361629,-0.000238921,-0.17122835,-0.01545622,-9.8125395,-0.14467686,0.046105099,0.052608348,0.056620914,0,0.08,-0.98,272.46
01:55.7,24,0.68,15.4291058,75.01591496,710.512,0.020819958,149.342167,11.982,17.535,0.703,0.001356197,-0.00673796,-0.00058616,-0.1702508,-0.01510419,-9.812529,-0.17632492,0.036646328,0.041995356,0.045446368,0,0.08,-0.98,272.46
01:55.8,24,0.68,15.4291058,75.01591494,710.508,0.021160082,164.876578,11.978,17.53,0.702,0.001284668,-0.006197376,-0.000627215,-0.1711903,-0.013405155,-9.813795,-0.20797298,0.027187558,0.031382364,0.034271822,0,0.08,-0.98,272.46
01:55.8,24,0.68,15.4291058,75.01591492,710.504,0.021500206,180.410989,11.974,17.525,0.701,0.00121314,-0.005656792,-0.00066827,-0.1721298,-0.01170612,-9.815061,-0.23962104,0.017728787,0.020769372,0.023097276,0,0.08,-0.98,272.46
01:55.8,24,0.68,15.4291058,75.0159149,710.5,0.02184033,195.9454,11.97,17.52,0.7,-0.000806051,-0.003346543,-0.000886981,-0.1762064,-0.01278181,-9.8155225,-0.2712691,0.008270016,0.01015638,0.01192273,0,0.08,-0.98,272.46
01:55.8,24,0.68,15.42910579,75.0159149,710.502,0.02862569,196.57845,11.969,17.518,0.717,-0.002825242,-0.001036293,-0.001105691,-0.180283,-0.0138575,-9.815984,-0.29048398,0.008105377,0.010059582,0.011830882,0,0.08,-0.98,272.46
01:55.8,24,0.68,15.42910578,75.0159149,710.504,0.03541105,197.2115,11.968,17.516,0.734,-0.000843151,-0.002353636,-0.000259025,-0.1746219,-0.01408588,-9.815392,-0.30969886,0.007940737,0.009962784,0.011739034,0,0.08,-0.98,272.46
01:55.9,24,0.68,15.42910577,75.0159149,710.506,0.04219641,197.84455,11.967,17.514,0.751,0.00113894,-0.003670979,0.000587641,-0.1689608,-0.01431426,-9.8148,-0.32891374,0.007776098,0.009865986,0.011647186,0,0.08,-0.98,272.46
01:55.9,24,0.68,15.42910576,75.0159149,710.508,0.04898177,198.4776,11.966,17.512,0.768,0.000874049,-0.004781557,0.000576185,-0.1700471,-0.017864535,-9.8167925,-0.34812862,0.007611458,0.009769188,0.011555338,0,0.08,-0.98,272.46
01:55.9,24,0.68,15.42910575,75.0159149,710.51,0.05576713,199.11065,11.965,17.51,0.785,0.000609159,-0.005892134,0.000564729,-0.1711334,-0.02141481,-9.818785,-0.3673435,0.007446819,0.00967239,0.01146349,0,0.08,-0.98,272.46
01:55.9,24,0.68,15.42910574,75.0159149,710.512,0.06255249,199.7437,11.964,17.508,0.802,0.000930519,-0.006084772,0.00040952,-0.16875445,-0.016353235,-9.815989,-0.34699832,0.007778489,0.009657784,0.011808672,0,0.08,-0.98,272.46
01:55.9,24,0.68,15.42910573,75.0159149,710.514,0.06933785,200.37675,11.963,17.506,0.819,0.00125188,-0.006277409,0.000254312,-0.1663755,-0.01129166,-9.813193,-0.32665314,0.008110159,0.009643178,0.012153854,0,0.08,-0.98,272.46
01:56.0,24,0.68,15.42910572,75.0159149,710.516,0.07612321,201.0098,11.962,17.504,0.836,0.000381048,-0.004560993,-0.000822095,-0.17506965,-0.01548824,-9.8046285,-0.30630796,0.00844183,0.009628571,0.012499036,0,0.08,-0.98,272.46
01:56.0,24,0.68,15.42910571,75.0159149,710.518,0.08290857,201.64285,11.961,17.502,0.853,-0.000489785,-0.002844576,-0.001898502,-0.1837638,-0.01968482,-9.796064,-0.28596278,0.0087735,0.009613965,0.012844218,0,0.08,-0.98,272.46
01:56.0,24,0.68,15.4291057,75.0159149,710.52,0.08969393,202.2759,11.96,17.5,0.87,-0.000149631,-0.004141567,-0.001063529,-0.17546215,-0.017880325,-9.804159,-0.2656176,0.00910517,0.009599359,0.0131894,0,0.08,-0.98,272.46
01:56.0,24,0.68,15.42910568,75.01591489,710.52,0.082845857,204.54831,11.958,17.497,0.865,0.000190524,-0.005438558,-0.000228555,-0.1671605,-0.01607583,-9.812254,-0.24527242,0.009140664,0.009976717,0.012672756,0,0.08,-0.98,272.46
01:56.0,24,0.68,15.42910566,75.01591488,710.52,0.075997784,206.82072,11.956,17.494,0.86,0.000539473,-0.004626689,0.000434625,-0.1712253,-0.015882535,-9.8138015,-0.22492724,0.009176157,0.010354075,0.012156112,0,0.08,-0.98,272.46
01:56.1,24,0.68,15.42910564,75.01591487,710.52,0.069149711,209.09313,11.954,17.491,0.855,0.000888423,-0.00381482,0.001097805,-0.1752901,-0.01568924,-9.815349,-0.20458206,0.009211651,0.010731434,0.011639468,0,0.08,-0.98,272.46
01:56.1,24,0.68,15.42910562,75.01591486,710.52,0.062301638,211.36554,11.952,17.488,0.85,0.000997002,-0.003699449,0.000757829,-0.17159005,-0.01370299,-9.8143985,-0.18423688,0.009247144,0.011108792,0.011122824,0,0.08,-0.98,272.46
01:56.1,24,0.68,15.4291056,75.01591485,710.52,0.055453565,213.63795,11.95,17.485,0.845,0.001105582,-0.003584078,0.000417853,-0.16789,-0.01171674,-9.813448,-0.1638917,0.009282638,0.01148615,0.01060618,0,0.08,-0.98,272.46
01:56.1,24,0.68,15.42910558,75.01591484,710.52,0.048605492,215.91036,11.948,17.482,0.84,0.001105629,-0.004697778,0.000202266,-0.1718888,-0.015973995,-9.8126875,-0.19667006,0.009522862,0.011599598,0.011025784,0,0.08,-0.98,272.46
01:56.1,24,0.68,15.42910556,75.01591483,710.52,0.041757419,218.18277,11.946,17.479,0.835,0.001105676,-0.005811478,-1.33E-05,-0.1758876,-0.02023125,-9.811927,-0.22944842,0.009763087,0.011713046,0.011445388,0,0.08,-0.98,272.46
01:56.2,24,0.68,15.42910554,75.01591482,710.52,0.034909346,220.45518,11.944,17.476,0.83,0.000902633,-0.001691434,0.000518333,-0.1793267,-0.010256258,-9.802839,-0.26222678,0.010003311,0.011826494,0.011864992,0,0.08,-0.98,272.46
01:56.2,24,0.68,15.42910552,75.01591481,710.52,0.028061273,222.72759,11.942,17.473,0.825,0.00069959,0.002428611,0.001049987,-0.1827658,-0.000281265,-9.793751,-0.29500514,0.010243536,0.011939942,0.012284596,0,0.08,-0.98,272.46
01:56.2,24,0.68,15.4291055,75.0159148,710.52,0.0212132,225,11.94,17.47,0.82,0.00110936,-0.002054266,0.000655828,-0.17793295,-0.005469903,-9.805345,-0.3277835,0.01048376,0.01205339,0.0127042,0,0.08,-0.98,272.46
01:56.2,24,0.68,15.42910551,75.01591478,710.516,0.019853457,231.81986,11.938,17.469,0.825,0.00151913,-0.006537142,0.000261668,-0.1731001,-0.01065854,-9.816939,-0.29161428,0.010294476,0.011633542,0.012570562,0,0.08,-0.98,272.46
01:56.2,24,0.68,15.42910552,75.01591476,710.512,0.018493715,238.63972,11.936,17.468,0.83,0.001304553,-0.005078978,0.00016096,-0.1712064,-0.013330735,-9.818551,-0.25544506,0.010105193,0.011213695,0.012436924,0,0.08,-0.98,272.46
01:56.3,24,0.68,15.42910553,75.01591474,710.508,0.017133972,245.45958,11.934,17.467,0.835,0.001089975,-0.003620814,6.03E-05,-0.1693127,-0.01600293,-9.820163,-0.21927584,0.009915909,0.010793847,0.012303286,0,0.08,-0.98,272.46
01:56.3,24,0.68,15.42910554,75.01591472,710.504,0.015774229,252.27944,11.932,17.466,0.84,0.001109226,-0.004595554,0.000181488,-0.17100965,-0.016295835,-9.812672,-0.18310662,0.009726626,0.010374,0.012169648,0,0.08,-0.98,272.46
01:56.3,24,0.68,15.42910555,75.0159147,710.5,0.014414487,259.0993,11.93,17.465,0.845,0.001128477,-0.005570294,0.000302724,-0.1727066,-0.01658874,-9.805181,-0.1469374,0.009537342,0.009954152,0.01203601,0,0.08,-0.98,272.46
01:56.3,24,0.68,15.42910556,75.01591468,710.496,0.013054744,265.91916,11.928,17.464,0.85,0.000699735,-0.002805531,0.001538567,-0.17923765,-0.008889663,-9.8054715,-0.17067344,0.009381437,0.01006503,0.011754566,0,0.08,-0.98,272.458
01:56.3,24,0.68,15.42910557,75.01591466,710.492,0.011695001,272.73902,11.926,17.463,0.855,0.000270993,-4.08E-05,0.00277441,-0.1857687,-0.001190586,-9.805762,-0.19440948,0.009225532,0.010175907,0.011473122,0,0.08,-0.98,272.456
01:56.4,24,0.68,15.42910558,75.01591464,710.488,0.010335258,279.55888,11.924,17.462,0.86,-2.63E-07,0.002300084,0.001334276,-0.1822262,-0.003445133,-9.811285,-0.21814552,0.009069628,0.010286785,0.011191678,0,0.08,-0.98,272.454
01:56.4,24,0.68,15.42910559,75.01591462,710.484,0.008975516,286.37874,11.922,17.461,0.865,-0.000271518,0.004640936,-0.000105858,-0.1786837,-0.00569968,-9.816808,-0.24188156,0.008913723,0.010397662,0.010910234,0,0.08,-0.98,272.452
01:56.4,24,0.68,15.4291056,75.0159146,710.48,0.007615773,293.1986,11.92,17.46,0.87,0.00045603,-0.00122042,-0.000348875,-0.1742172,-0.00992641,-9.814484,-0.2656176,0.008757818,0.01050854,0.01062879,0,0.08,-0.98,272.45
01:56.4,24,0.68,15.42910558,75.01591459,710.472,0.033485006,280.44381,11.919,17.458,0.881,0.001183579,-0.007081775,-0.000591892,-0.1697507,-0.01415314,-9.81216,-0.2656176,0.018997972,0.020957704,0.023471432,0,0.08,-0.982,272.45
01:56.4,24,0.68,15.42910556,75.01591458,710.464,0.059354238,267.68902,11.918,17.456,0.892,0.000760613,-0.005960848,0.000115297,-0.1697162,-0.01692155,-9.811178,-0.2656176,0.029238127,0.031406868,0.036314074,0,0.08,-0.984,272.45
01:56.5,24,0.68,15.42910554,75.01591457,710.456,0.085223471,254.93423,11.917,17.454,0.903,0.000337647,-0.004839921,0.000822485,-0.1696817,-0.01968996,-9.810196,-0.2656176,0.039478281,0.041856032,0.049156716,0,0.08,-0.986,272.45
01:56.5,24,0.68,15.42910552,75.01591456,710.448,0.111092704,242.17944,11.916,17.452,0.914,0.000850474,-0.005623087,0.001025586,-0.17055145,-0.016294745,-9.809139,-0.2656176,0.049718436,0.052305196,0.061999358,0,0.08,-0.988,272.45
01:56.5,24,0.68,15.4291055,75.01591455,710.44,0.136961937,229.42465,11.915,17.45,0.925,0.0013633,-0.006406253,0.001228688,-0.1714212,-0.01289953,-9.808082,-0.2656176,0.05995859,0.06275436,0.074842,0,0.08,-0.99,272.45
01:56.5,24,0.68,15.42910548,75.01591454,710.432,0.162831169,216.66986,11.914,17.448,0.936,0.001138651,-0.005882077,0.000107675,-0.1685724,-0.015407455,-9.8105835,-0.25318444,0.049834032,0.052238866,0.062944796,0,0.08,-0.988,272.45
01:56.5,24,0.68,15.42910546,75.01591453,710.424,0.188700402,203.91507,11.913,17.446,0.947,0.000914001,-0.0053579,-0.001013337,-0.1657236,-0.01791538,-9.813085,-0.24075128,0.039709474,0.041723372,0.051047592,0,0.08,-0.986,272.45
01:56.6,24,0.68,15.42910544,75.01591452,710.416,0.214569635,191.16028,11.912,17.444,0.958,0.00289066,-0.00512897,-0.000262674,-0.1754967,-0.007995055,-9.800904,-0.22831812,0.029584916,0.031207878,0.039150388,0,0.08,-0.984,272.45
01:56.6,24,0.68,15.42910542,75.01591451,710.408,0.240438867,178.40549,11.911,17.442,0.969,0.004867319,-0.00490004,0.000487989,-0.1852698,0.001925271,-9.788723,-0.21588496,0.019460358,0.020692384,0.027253184,0,0.08,-0.982,272.45
01:56.6,24,0.68,15.4291054,75.0159145,710.4,0.2663081,165.6507,11.91,17.44,0.98,0.002172903,-0.004695042,0.000641346,-0.17809625,-0.006032864,-9.796422,-0.2034518,0.0093358,0.01017689,0.01535598,0,0.08,-0.98,272.45
01:56.6,24,0.68,15.42910536,75.01591451,710.399,0.25323384,164.59926,11.906,17.434,0.979,-0.000521514,-0.004490044,0.000794703,-0.1709227,-0.013991,-9.804121,-0.21814554,0.009275048,0.010167936,0.015046174,0,0.08,-0.982,272.45
01:56.6,24,0.68,15.42910532,75.01591452,710.398,0.24015958,163.54782,11.902,17.428,0.978,0.000117069,-0.004595025,0.000363645,-0.17239445,-0.01561782,-9.80736,-0.23283928,0.009214296,0.010158982,0.014736368,0,0.08,-0.984,272.45
01:56.7,24,0.68,15.42910528,75.01591453,710.397,0.22708532,162.49638,11.898,17.422,0.977,0.000755651,-0.004700005,-6.74E-05,-0.1738662,-0.01724464,-9.810599,-0.24753302,0.009153545,0.010150028,0.014426562,0,0.08,-0.986,272.45
01:56.7,24,0.68,15.42910524,75.01591454,710.396,0.21401106,161.44494,11.894,17.416,0.976,0.001421748,-0.005195445,0.000181428,-0.17189115,-0.0150099,-9.8098265,-0.26222676,0.009092793,0.010141074,0.014116756,0,0.08,-0.988,272.45
01:56.7,24,0.68,15.4291052,75.01591455,710.395,0.2009368,160.3935,11.89,17.41,0.975,0.002087844,-0.005690884,0.000430269,-0.1699161,-0.01277516,-9.809054,-0.2769205,0.009032041,0.01013212,0.01380695,0,0.08,-0.99,272.45
01:56.7,24,0.68,15.42910516,75.01591456,710.394,0.18786254,159.34206,11.886,17.404,0.974,0.00144068,-0.005365505,0.000662622,-0.17039025,-0.01615399,-9.8116255,-0.30065654,0.008991845,0.010207352,0.013557466,0,0.08,-0.99,272.45
01:56.7,24,0.68,15.42910512,75.01591457,710.393,0.17478828,158.29062,11.882,17.398,0.973,0.000793516,-0.005040126,0.000894975,-0.1708644,-0.01953282,-9.814197,-0.32439258,0.008951649,0.010282584,0.013307982,0,0.08,-0.99,272.45
01:56.8,24,0.68,15.42910508,75.01591458,710.392,0.16171402,157.23918,11.878,17.392,0.972,0.001152118,-0.004081067,0.00056855,-0.1753016,-0.006480122,-9.806739,-0.34812862,0.008911453,0.010357816,0.013058498,0,0.08,-0.99,272.45
01:56.8,24,0.68,15.42910504,75.01591459,710.391,0.14863976,156.18774,11.874,17.386,0.971,0.00151072,-0.003122008,0.000242125,-0.1797388,0.006572575,-9.799281,-0.37186466,0.008871257,0.010433048,0.012809014,0,0.08,-0.99,272.45
01:56.8,24,0.68,15.429105,75.0159146,710.39,0.1355655,155.1363,11.87,17.38,0.97,0.001387139,-0.003984531,0.000165212,-0.17312565,-0.006549408,-9.8042915,-0.3956007,0.008831061,0.01050828,0.01255953,0,0.08,-0.99,272.45
01:56.8,24,0.68,15.42910496,75.01591461,710.391,0.14016632,160.23684,11.867,17.376,0.977,0.001263558,-0.004847054,8.83E-05,-0.1665125,-0.01967139,-9.809302,-0.3413469,0.008903135,0.010395273,0.011998487,0,0.08,-0.99,272.45
01:56.8,24,0.68,15.42910492,75.01591462,710.392,0.14476714,165.33738,11.864,17.372,0.984,0.001076796,-0.00469729,0.000208366,-0.1675946,-0.0169415,-9.8114655,-0.2870931,0.008975209,0.010282266,0.011437444,0,0.08,-0.99,272.45
01:56.9,24,0.68,15.42910488,75.01591463,710.393,0.14936796,170.43792,11.861,17.368,0.991,0.000890034,-0.004547526,0.000328434,-0.1686767,-0.01421161,-9.813629,-0.2328393,0.009047284,0.01016926,0.010876402,0,0.08,-0.99,272.45
01:56.9,24,0.68,15.42910484,75.01591464,710.394,0.15396878,175.53846,11.858,17.364,0.998,0.000795957,-0.004751207,0.000246789,-0.1706847,-0.01629664,-9.8127165,-0.1785855,0.009119358,0.010056253,0.010315359,0,0.08,-0.99,272.45
01:56.9,24,0.68,15.4291048,75.01591465,710.395,0.1585696,180.639,11.855,17.36,1.005,0.000701879,-0.004954887,0.000165143,-0.1726927,-0.01838167,-9.811804,-0.1243317,0.009191432,0.009943246,0.009754316,0,0.08,-0.99,272.45
01:56.9,24,0.68,15.42910476,75.01591466,710.396,0.16317042,185.73954,11.852,17.356,1.012,0.000671228,-0.005453779,-0.000236068,-0.17218945,-0.017489705,-9.809892,-0.15371918,0.008958438,0.009876852,0.009737516,0,0.08,-0.99,272.45
01:56.9,24,0.68,15.42910472,75.01591467,710.397,0.16777124,190.84008,11.849,17.352,1.019,0.000640578,-0.00595267,-0.000637278,-0.1716862,-0.01659774,-9.80798,-0.18310666,0.008725444,0.009810457,0.009720715,0,0.08,-0.99,272.45
01:57.0,24,0.68,15.42910468,75.01591468,710.398,0.17237206,195.94062,11.846,17.348,1.026,0.000486732,-0.002420946,-0.002179449,-0.1706313,-0.012109464,-9.7985125,-0.21249414,0.00849245,0.009744063,0.009703915,0,0.08,-0.99,272.45
01:57.0,24,0.68,15.42910464,75.01591469,710.399,0.17697288,201.04116,11.843,17.344,1.033,0.000332886,0.001110779,-0.00372162,-0.1695764,-0.007621187,-9.789045,-0.24188162,0.008259456,0.009677668,0.009687114,0,0.08,-0.99,272.45
01:57.0,24,0.68,15.4291046,75.0159147,710.4,0.1815737,206.1417,11.84,17.34,1.04,0.00095352,-0.002341254,-0.001982396,-0.17065855,-0.012788464,-9.8000065,-0.2712691,0.008026462,0.009611274,0.009670314,0,0.08,-0.99,272.45
01:57.0,24,0.68,15.42910458,75.01591468,710.397,0.172522921,206.6347,11.837,17.336,1.023,0.001574154,-0.005793286,-0.000243172,-0.1717407,-0.01795574,-9.810968,-0.25431478,0.007944266,0.009549367,0.009769281,0,0.08,-0.99,272.45
01:57.0,24,0.68,15.42910456,75.01591466,710.394,0.163472142,207.1277,11.834,17.332,1.006,0.001272187,-0.00597668,-0.000378041,-0.173771,-0.017571295,-9.8125805,-0.23736046,0.007862069,0.00948746,0.009868248,0,0.08,-0.99,272.45
01:57.1,24,0.68,15.42910454,75.01591464,710.391,0.154421363,207.6207,11.831,17.328,0.989,0.00097022,-0.006160073,-0.000512911,-0.1758013,-0.01718685,-9.814193,-0.22040614,0.007779873,0.009425554,0.009967216,0,0.08,-0.99,272.45
01:57.1,24,0.68,15.42910452,75.01591462,710.388,0.145370584,208.1137,11.828,17.324,0.972,0.000919126,-0.005058449,0.000139991,-0.1731503,-0.016252135,-9.813737,-0.20345182,0.007697676,0.009363647,0.010066183,0,0.08,-0.99,272.45
01:57.1,24,0.68,15.4291045,75.0159146,710.385,0.136319805,208.6067,11.825,17.32,0.955,0.000868032,-0.003956825,0.000792893,-0.1704993,-0.01531742,-9.813281,-0.1864975,0.00761548,0.00930174,0.01016515,0,0.08,-0.99,272.45
01:57.1,24,0.68,15.42910448,75.01591458,710.382,0.127269026,209.0997,11.822,17.316,0.938,0.000956933,-0.004714094,0.000976726,-0.16999965,-0.014689035,-9.8122185,-0.19327922,0.017590086,0.02002905,0.022614934,0,0.08,-0.99,272.45
01:57.1,24,0.68,15.42910446,75.01591456,710.379,0.118218247,209.5927,11.819,17.312,0.921,0.001045835,-0.005471362,0.00116056,-0.1695,-0.01406065,-9.811156,-0.20006094,0.027564692,0.03075636,0.035064718,0,0.08,-0.99,272.45
01:57.2,24,0.68,15.42910444,75.01591454,710.376,0.109167468,210.0857,11.816,17.308,0.904,0.001251761,-0.005159576,0.000549566,-0.16914955,-0.01668138,-9.8111795,-0.20684266,0.037539298,0.04148367,0.047514502,0,0.08,-0.99,272.45
01:57.2,24,0.68,15.42910442,75.01591452,710.373,0.100116689,210.5787,11.813,17.304,0.887,0.001457688,-0.00484779,-6.14E-05,-0.1687991,-0.01930211,-9.811203,-0.21362438,0.047513904,0.05221098,0.059964286,0,0.08,-0.99,272.45
01:57.2,24,0.68,15.4291044,75.0159145,710.37,0.09106591,211.0717,11.81,17.3,0.87,0.001523378,-0.00513157,-0.00028755,-0.1685693,-0.01662488,-9.813052,-0.2204061,0.05748851,0.06293829,0.07241407,0,0.08,-0.99,272.45
01:57.2,24,0.68,15.42910437,75.01591452,710.378,0.083059319,198.96453,11.808,17.298,0.85,0.001589067,-0.005415349,-0.000513673,-0.1683395,-0.01394765,-9.814901,-0.2305787,0.057660322,0.062203812,0.071586638,0,0.08,-0.99,272.45
01:57.2,24,0.68,15.42910434,75.01591454,710.386,0.075052728,186.85736,11.806,17.296,0.83,0.001124557,-0.004948883,-0.000118681,-0.16968265,-0.014867855,-9.8130525,-0.2407513,0.057832134,0.061469334,0.070759206,0,0.08,-0.99,272.45
01:57.3,24,0.68,15.42910431,75.01591456,710.394,0.067046137,174.75019,11.804,17.294,0.81,0.000660047,-0.004482416,0.00027631,-0.1710258,-0.01578806,-9.811204,-0.2509239,0.058003946,0.060734856,0.069931774,0,0.08,-0.99,272.45
01:57.3,24,0.68,15.42910428,75.01591458,710.402,0.059039546,162.64302,11.802,17.292,0.79,0.000354366,-0.004897375,0.000506698,-0.17097895,-0.017266465,-9.8127185,-0.2610965,0.058175758,0.060000378,0.069104342,0,0.08,-0.99,272.45
01:57.3,24,0.68,15.42910425,75.0159146,710.41,0.051032955,150.53585,11.8,17.29,0.77,4.87E-05,-0.005312333,0.000737087,-0.1709321,-0.01874487,-9.814233,-0.2712691,0.05834757,0.0592659,0.06827691,0,0.08,-0.99,272.45
01:57.3,24,0.68,15.42910422,75.01591462,710.418,0.043026364,138.42868,11.798,17.288,0.75,-0.001261945,-0.000412016,0.002099188,-0.1779056,-0.00888962,-9.8028495,-0.26900852,0.048734552,0.049782036,0.05742294,0,0.08,-0.99,272.448
01:57.3,24,0.68,15.42910419,75.01591464,710.426,0.035019773,126.32151,11.796,17.286,0.73,-0.002572574,0.004488302,0.00346129,-0.1848791,0.00096563,-9.791466,-0.26674794,0.039121534,0.040298172,0.04656897,0,0.08,-0.99,272.446
01:57.4,24,0.68,15.42910416,75.01591466,710.434,0.027013182,114.21434,11.794,17.284,0.71,0.001097861,0.00093382,0.001608023,-0.18461505,-0.00719774,-9.798354,-0.26448736,0.029508516,0.030814308,0.035715,0,0.08,-0.99,272.444
01:57.4,24,0.68,15.42910413,75.01591468,710.442,0.019006591,102.10717,11.792,17.282,0.69,0.004768296,-0.002620662,-0.000245244,-0.184351,-0.01536111,-9.805242,-0.26222678,0.019895498,0.021330444,0.02486103,0,0.08,-0.99,272.442
01:57.4,24,0.68,15.4291041,75.0159147,710.45,0.011,90,11.79,17.28,0.67,0.002640399,-0.002889999,-4.91E-05,-0.17771595,-0.014542515,-9.8066165,-0.2599662,0.01028248,0.01184658,0.01400706,0,0.08,-0.99,272.44
01:57.4,24,0.68,15.42910409,75.01591472,710.456,0.014320407,95.23524,11.789,17.278,0.673,0.000512501,-0.003159336,0.000147033,-0.1710809,-0.01372392,-9.807991,-0.2407513,0.010016916,0.011743564,0.013959688,0,0.08,-0.99,272.44
01:57.4,24,0.68,15.42910408,75.01591474,710.462,0.017640814,100.47048,11.788,17.276,0.676,0.000770485,-0.003634805,0.000610264,-0.17086645,-0.01374067,-9.813956,-0.2215364,0.009751352,0.011640548,0.013912316,0,0.08,-0.99,272.44
01:57.5,24,0.68,15.42910407,75.01591476,710.468,0.020961221,105.70572,11.787,17.274,0.679,0.001028469,-0.004110273,0.001073495,-0.170652,-0.01375742,-9.819921,-0.2023215,0.009485787,0.011537532,0.013864944,0,0.08,-0.99,272.44
01:57.5,24,0.68,15.42910406,75.01591478,710.474,0.024281628,110.94096,11.786,17.272,0.682,0.000907326,-0.004600754,0.000991894,-0.1713641,-0.016099495,-9.815164,-0.1831066,0.009220223,0.011434516,0.013817572,0,0.08,-0.99,272.44
01:57.5,24,0.68,15.42910405,75.0159148,710.48,0.027602035,116.1762,11.785,17.27,0.685,0.000786183,-0.005091235,0.000910294,-0.1720762,-0.01844157,-9.810407,-0.1638917,0.008954659,0.0113315,0.0137702,0,0.08,-0.99,272.44
01:57.5,24,0.68,15.42910404,75.01591482,710.486,0.030922442,121.41144,11.784,17.268,0.688,0.00101789,-0.004867102,0.000339489,-0.17040855,-0.015077035,-9.805997,-0.1932792,0.008958635,0.011163468,0.013435514,0,0.08,-0.99,272.44
01:57.5,24,0.68,15.42910403,75.01591484,710.492,0.034242849,126.64668,11.783,17.266,0.691,0.001249596,-0.004642969,-0.000231315,-0.1687409,-0.0117125,-9.801587,-0.2226667,0.008962611,0.010995436,0.013100828,0,0.08,-0.99,272.44
01:57.6,24,0.68,15.42910402,75.01591486,710.498,0.037563256,131.88192,11.782,17.264,0.694,0.000790087,0.000438953,-0.001689821,-0.17933055,-0.005178586,-9.808129,-0.2520542,0.008966586,0.010827404,0.012766142,0,0.08,-0.99,272.44
01:57.6,24,0.68,15.42910401,75.01591488,710.504,0.040883663,137.11716,11.781,17.262,0.697,0.000330578,0.005520874,-0.003148327,-0.1899202,0.001355328,-9.814671,-0.2814417,0.008970562,0.010659372,0.012431456,0,0.08,-0.99,272.44
01:57.6,24,0.68,15.429104,75.0159149,710.51,0.04420407,142.3524,11.78,17.26,0.7,0.000322254,0.000187239,-0.001257193,-0.1792439,-0.005967691,-9.815646,-0.3108292,0.008974538,0.01049134,0.01209677,0,0.08,-0.99,272.44
01:57.6,24,0.68,15.42910399,75.01591491,710.511,0.042124603,148.11547,11.778,17.258,0.697,0.00031393,-0.005146396,0.000633941,-0.1685676,-0.01329071,-9.816621,-0.27126912,0.009039428,0.010567922,0.0119214,0,0.08,-0.99,272.44
01:57.6,24,0.68,15.42910398,75.01591492,710.512,0.040045136,153.87854,11.776,17.256,0.694,0.00032108,-0.004873707,5.48E-05,-0.17008725,-0.015220775,-9.814736,-0.23170904,0.009104319,0.010644504,0.01174603,0,0.08,-0.99,272.44
01:57.7,24,0.68,15.42910397,75.01591493,710.513,0.037965669,159.64161,11.774,17.254,0.691,0.000328231,-0.004601017,-0.00052425,-0.1716069,-0.01715084,-9.812851,-0.19214896,0.009169209,0.010721086,0.01157066,0,0.08,-0.99,272.44
01:57.7,24,0.68,15.42910396,75.01591494,710.514,0.035886202,165.40468,11.772,17.252,0.688,0.000882404,-0.005296971,4.48E-07,-0.1712732,-0.01802688,-9.8134345,-0.15258888,0.0092341,0.010797668,0.01139529,0,0.08,-0.99,272.44
01:57.7,24,0.68,15.42910395,75.01591495,710.515,0.033806735,171.16775,11.77,17.25,0.685,0.001436578,-0.005992925,0.000525145,-0.1709395,-0.01890292,-9.814018,-0.1130288,0.00929899,0.01087425,0.01121992,0,0.08,-0.99,272.44
01:57.7,24,0.68,15.42910394,75.01591496,710.516,0.031727268,176.93082,11.768,17.248,0.682,0.00121258,-0.005308986,0.000830379,-0.17067885,-0.01924115,-9.813762,-0.14241628,0.009054147,0.010740678,0.011329154,0,0.08,-0.99,272.44
01:57.7,24,0.68,15.42910393,75.01591497,710.517,0.029647801,182.69389,11.766,17.246,0.679,0.000988582,-0.004625046,0.001135613,-0.1704182,-0.01957938,-9.813506,-0.17180376,0.008809303,0.010607106,0.011438388,0,0.08,-0.99,272.44
01:57.8,24,0.68,15.42910392,75.01591498,710.518,0.027568334,188.45696,11.764,17.244,0.676,0.002381193,-0.002783362,-0.000300898,-0.17408665,-0.010901115,-9.8067575,-0.20119124,0.00856446,0.010473534,0.011547622,0,0.08,-0.99,272.44
01:57.8,24,0.68,15.42910391,75.01591499,710.519,0.025488867,194.22003,11.762,17.242,0.673,0.003773805,-0.000941677,-0.001737409,-0.1777551,-0.00222285,-9.800009,-0.23057872,0.008319616,0.010339962,0.011656856,0,0.08,-0.99,272.44
01:57.8,24,0.68,15.4291039,75.015915,710.52,0.0234094,199.9831,11.76,17.24,0.67,0.002245089,-0.002439319,-0.000362991,-0.1759426,-0.0106846,-9.8044265,-0.2599662,0.008074773,0.01020639,0.01176609,0,0.08,-0.99,272.44
01:57.8,24,0.68,15.42910388,75.01591503,710.529,0.03370689,187.471207,11.759,17.237,0.673,0.000716374,-0.003936961,0.001011428,-0.1741301,-0.01914635,-9.808844,-0.24640274,0.008332091,0.010148278,0.011431594,0,0.08,-0.99,272.44
01:57.8,24,0.68,15.42910386,75.01591506,710.538,0.04400438,174.959314,11.758,17.234,0.676,0.000541966,-0.00507228,0.000556614,-0.16906325,-0.018378615,-9.809086,-0.23283928,0.008589409,0.010090165,0.011097098,0,0.08,-0.99,272.44
01:57.9,24,0.68,15.42910384,75.01591509,710.547,0.05430187,162.447421,11.757,17.231,0.679,0.000367558,-0.006207599,0.000101801,-0.1639964,-0.01761088,-9.809328,-0.21927582,0.008846727,0.010032053,0.010762602,0,0.08,-0.99,272.44
01:57.9,24,0.68,15.42910382,75.01591512,710.556,0.06459936,149.935528,11.756,17.228,0.682,0.000749285,-0.006157602,0.00050714,-0.16795975,-0.016666535,-9.8109425,-0.20571236,0.009104045,0.00997394,0.010428106,0,0.08,-0.99,272.44
01:57.9,24,0.68,15.4291038,75.01591515,710.565,0.07489685,137.423635,11.755,17.225,0.685,0.001131011,-0.006107605,0.000912479,-0.1719231,-0.01572219,-9.812557,-0.1921489,0.009361363,0.009915828,0.01009361,0,0.08,-0.99,272.44
01:57.9,24,0.68,15.42910378,75.01591518,710.574,0.08519434,124.911742,11.754,17.222,0.688,-0.000387112,-0.003065207,-0.000947086,-0.1751469,-0.008079103,-9.815462,-0.1831066,0.009372385,0.010263042,0.010219196,0,0.08,-0.99,272.44
01:57.9,24,0.68,15.42910376,75.01591521,710.583,0.09549183,112.399849,11.753,17.219,0.691,-0.001905235,-2.28E-05,-0.00280665,-0.1783707,-0.000436017,-9.818367,-0.1740643,0.009383407,0.010610257,0.010344782,0,0.08,-0.99,272.44
01:58.0,24,0.68,15.42910374,75.01591524,710.592,0.10578932,99.887956,11.752,17.216,0.694,0.000462711,0.000822892,-0.002275977,-0.18337025,-0.011398693,-9.808604,-0.165022,0.009394429,0.010957471,0.010470368,0,0.08,-0.99,272.44
01:58.0,24,0.68,15.42910372,75.01591527,710.601,0.11608681,87.376063,11.751,17.213,0.697,0.002830656,0.001668592,-0.001745304,-0.1883698,-0.02236137,-9.798841,-0.1559797,0.009405451,0.011304686,0.010595954,0,0.08,-0.99,272.44
01:58.0,24,0.68,15.4291037,75.0159153,710.61,0.1263843,74.86417,11.75,17.21,0.7,0.002407045,-0.00149262,-0.000587411,-0.1779822,-0.018366655,-9.804928,-0.1469374,0.009416473,0.0116519,0.01072154,0,0.08,-0.99,272.44
01:58.0,24,0.68,15.42910368,75.01591535,710.619,0.12870348,78.209133,11.747,17.206,0.693,0.001983434,-0.004653832,0.000570482,-0.1675946,-0.01437194,-9.811015,-0.17067344,0.019126482,0.023302938,0.023863888,0,0.08,-0.99,272.44
01:58.0,24,0.68,15.42910366,75.0159154,710.628,0.13102266,81.554096,11.744,17.202,0.686,0.001313778,-0.004838999,0.000219133,-0.16840815,-0.01442533,-9.8103625,-0.19440948,0.028836492,0.034953976,0.037006236,0,0.08,-0.99,272.44
01:58.1,24,0.68,15.42910364,75.01591545,710.637,0.13334184,84.899059,11.741,17.198,0.679,0.000644122,-0.005024165,-0.000132216,-0.1692217,-0.01447872,-9.80971,-0.21814552,0.038546501,0.046605014,0.050148584,0,0.08,-0.99,272.44
01:58.1,24,0.68,15.42910362,75.0159155,710.646,0.13566102,88.244022,11.738,17.194,0.672,0.000951406,-0.005691821,-0.000352979,-0.17030725,-0.01570658,-9.81041,-0.24188156,0.048256511,0.058256052,0.063290932,0,0.08,-0.99,272.44
01:58.1,24,0.68,15.4291036,75.01591555,710.655,0.1379802,91.588985,11.735,17.19,0.665,0.00125869,-0.006359476,-0.000573744,-0.1713928,-0.01693444,-9.81111,-0.2656176,0.05796652,0.06990709,0.07643328,0,0.08,-0.99,272.44
01:58.1,24,0.68,15.42910358,75.0159156,710.664,0.14029938,94.933948,11.732,17.186,0.658,-0.0003382,-0.002640366,-0.001251615,-0.1752071,-0.01264545,-9.8127245,-0.24188156,0.048090447,0.05776544,0.063180686,0,0.08,-0.992,272.44
01:58.1,24,0.68,15.42910356,75.01591565,710.673,0.14261856,98.278911,11.729,17.182,0.651,-0.00193509,0.001078745,-0.001929487,-0.1790214,-0.008356459,-9.814339,-0.21814552,0.038214374,0.04562379,0.049928092,0,0.08,-0.994,272.44
01:58.2,24,0.68,15.42910354,75.0159157,710.682,0.14493774,101.623874,11.726,17.178,0.644,-0.000998339,-0.001067841,-7.21E-05,-0.17480535,-0.005161501,-9.8078385,-0.19440948,0.0283383,0.033482141,0.036675498,0,0.08,-0.996,272.44
01:58.2,24,0.68,15.42910352,75.01591575,710.691,0.14725692,104.968837,11.723,17.174,0.637,-6.16E-05,-0.003214426,0.001785316,-0.1705893,-0.001966542,-9.801338,-0.17067344,0.018462227,0.021340491,0.023422904,0,0.08,-0.998,272.44
01:58.2,24,0.68,15.4291035,75.0159158,710.7,0.1495761,108.3138,11.72,17.17,0.63,9.37E-05,-0.004964793,0.000929331,-0.17022415,-0.010280906,-9.808914,-0.1469374,0.008586154,0.009198841,0.01017031,0,0.08,-1,272.44
01:58.2,24,0.68,15.42910349,75.0159158,710.697,0.14679429,113.56452,11.717,17.166,0.643,0.000249035,-0.00671516,7.33E-05,-0.169859,-0.01859527,-9.81649,-0.16954316,0.008503606,0.009085407,0.010092722,0,0.08,-1,272.44
01:58.2,24,0.68,15.42910348,75.0159158,710.694,0.14401248,118.81524,11.714,17.162,0.656,0.000670989,-0.005796813,0.000657195,-0.17167645,-0.019140415,-9.815023,-0.19214892,0.008421058,0.008971974,0.010015134,0,0.08,-1,272.44
01:58.3,24,0.68,15.42910347,75.0159158,710.691,0.14123067,124.06596,11.711,17.158,0.669,0.001092943,-0.004878465,0.001241044,-0.1734939,-0.01968556,-9.813556,-0.21475468,0.008338509,0.00885854,0.009937545,0,0.08,-1,272.44
01:58.3,24,0.68,15.42910346,75.0159158,710.688,0.13844886,129.31668,11.708,17.154,0.682,0.001242414,-0.00541722,0.000539868,-0.171536,-0.016787,-9.811823,-0.23736044,0.008255961,0.008745107,0.009859957,0,0.08,-1,272.44
01:58.3,24,0.68,15.42910345,75.0159158,710.685,0.13566705,134.5674,11.705,17.15,0.695,0.001391884,-0.005955975,-0.000161309,-0.1695781,-0.01388844,-9.81009,-0.2599662,0.008173413,0.008631673,0.009782369,0,0.08,-1,272.44
01:58.3,24,0.68,15.42910344,75.0159158,710.682,0.13288524,139.81812,11.702,17.146,0.708,0.001479434,-0.005361237,0.000218925,-0.1714407,-0.013913315,-9.8118115,-0.29274454,0.008143214,0.008716339,0.009490727,0,0.08,-1,272.438
01:58.3,24,0.68,15.42910343,75.0159158,710.679,0.13010343,145.06884,11.699,17.142,0.721,0.001566984,-0.004766499,0.000599158,-0.1733033,-0.01393819,-9.813533,-0.32552288,0.008113015,0.008801005,0.009199084,0,0.08,-1,272.436
01:58.4,24,0.68,15.42910342,75.0159158,710.676,0.12732162,150.31956,11.696,17.138,0.734,-0.000269028,-0.001621134,-0.00095678,-0.1767602,-0.015492975,-9.811988,-0.35830122,0.008082816,0.008885671,0.008907442,0,0.08,-1,272.434
01:58.4,24,0.68,15.42910341,75.0159158,710.673,0.12453981,155.57028,11.693,17.134,0.747,-0.002105039,0.001524231,-0.002512717,-0.1802171,-0.01704776,-9.810443,-0.39107956,0.008052617,0.008970337,0.008615799,0,0.08,-1,272.432
01:58.4,24,0.68,15.4291034,75.0159158,710.67,0.121758,160.821,11.69,17.13,0.76,-0.000473151,-0.002106516,-0.001354477,-0.1762909,-0.017898565,-9.8124725,-0.4238579,0.008022418,0.009055003,0.008324157,0,0.08,-1,272.43
01:58.4,24,0.68,15.42910338,75.01591577,710.662,0.13678294,162.69677,11.688,17.126,0.778,0.001158736,-0.005737262,-0.000196236,-0.1723647,-0.01874937,-9.814502,-0.40238244,0.008096413,0.008997732,0.008389832,0,0.08,-1,272.43
01:58.4,24,0.68,15.42910336,75.01591574,710.654,0.15180788,164.57254,11.686,17.122,0.796,0.001548273,-0.004797993,-0.000206944,-0.17206915,-0.01741627,-9.8145405,-0.38090698,0.008170408,0.008940461,0.008455507,0,0.08,-1,272.43
01:58.5,24,0.68,15.42910334,75.01591571,710.646,0.16683282,166.44831,11.684,17.118,0.814,0.001937809,-0.003858724,-0.000217653,-0.1717736,-0.01608317,-9.814579,-0.35943152,0.008244402,0.008883189,0.008521181,0,0.08,-1,272.43
01:58.5,24,0.68,15.42910332,75.01591568,710.638,0.18185776,168.32408,11.682,17.114,0.832,0.001656164,-0.004956377,0.000298847,-0.1718148,-0.01553882,-9.814036,-0.33795606,0.008318397,0.008825918,0.008586856,0,0.08,-1,272.43
01:58.5,24,0.68,15.4291033,75.01591565,710.63,0.1968827,170.19985,11.68,17.11,0.85,0.001374518,-0.006054029,0.000815347,-0.171856,-0.01499447,-9.813493,-0.3164806,0.008392392,0.008768647,0.008652531,0,0.08,-1,272.43
01:58.5,24,0.68,15.42910328,75.01591562,710.622,0.21190764,172.07562,11.678,17.106,0.868,0.000890051,-0.003971263,-0.001240961,-0.17607605,-0.009085841,-9.811139,-0.30065656,0.008436267,0.008667608,0.008660529,0,0.08,-1,272.43
01:58.5,24,0.68,15.42910326,75.01591559,710.614,0.22693258,173.95139,11.676,17.102,0.886,0.000405585,-0.001888497,-0.00329727,-0.1802961,-0.003177212,-9.808785,-0.28483252,0.008480142,0.008566568,0.008668528,0,0.08,-1,272.43
01:58.6,24,0.68,15.42910324,75.01591556,710.606,0.24195752,175.82716,11.674,17.098,0.904,-6.69E-05,-0.000281851,-0.001837793,-0.17902145,-0.010014251,-9.8098195,-0.26900848,0.008524018,0.008465529,0.008676526,0,0.08,-1,272.43
01:58.6,24,0.68,15.42910322,75.01591553,710.598,0.25698246,177.70293,11.672,17.094,0.922,-0.000539442,0.001324795,-0.000378317,-0.1777468,-0.01685129,-9.810854,-0.25318444,0.008567893,0.008364489,0.008684525,0,0.08,-1,272.43
01:58.6,24,0.68,15.4291032,75.0159155,710.59,0.2720074,179.5787,11.67,17.09,0.94,0.000314907,-0.001874568,-0.00014297,-0.1745195,-0.01694018,-9.812817,-0.2373604,0.008611768,0.00826345,0.008692523,0,0.08,-1,272.43
01:58.6,24,0.68,15.42910316,75.01591549,710.59,0.25928734,175.87844,11.665,17.083,0.931,0.001169256,-0.00507393,9.24E-05,-0.1712922,-0.01702907,-9.81478,-0.2577056,0.008742944,0.008191252,0.008771342,0,0.08,-1,272.43
01:58.6,24,0.68,15.42910312,75.01591548,710.59,0.24656728,172.17818,11.66,17.076,0.922,0.001181792,-0.005602535,0.000275053,-0.17185785,-0.016875675,-9.814342,-0.2780508,0.00887412,0.008119053,0.008850162,0,0.08,-1,272.43
01:58.7,24,0.68,15.42910308,75.01591547,710.59,0.23384722,168.47792,11.655,17.069,0.913,0.001194328,-0.006131139,0.000457727,-0.1724235,-0.01672228,-9.813904,-0.298396,0.009005297,0.008046855,0.008928981,0,0.08,-1,272.43
01:58.7,24,0.68,15.42910304,75.01591546,710.59,0.22112716,164.77766,11.65,17.062,0.904,0.001020356,-0.005131894,-5.69E-05,-0.17269215,-0.015144415,-9.812008,-0.3187412,0.009136473,0.007974656,0.009007801,0,0.08,-1,272.43
01:58.7,24,0.68,15.429103,75.01591545,710.59,0.2084071,161.0774,11.645,17.055,0.895,0.000846384,-0.004132648,-0.00057144,-0.1729608,-0.01356655,-9.810112,-0.3390864,0.009267649,0.007902458,0.00908662,0,0.08,-1,272.43
01:58.7,24,0.68,15.42910296,75.01591544,710.59,0.19568704,157.37714,11.64,17.048,0.886,0.000618993,-0.005127471,-0.000508653,-0.1710659,-0.013730445,-9.813063,-0.31422006,0.018570685,0.01950803,0.022044678,0,0.08,-1,272.43
01:58.7,24,0.68,15.42910292,75.01591543,710.59,0.18296698,153.67688,11.635,17.041,0.877,0.000391602,-0.006122293,-0.000445866,-0.169171,-0.01389434,-9.816014,-0.28935372,0.027873721,0.031113603,0.035002736,0,0.08,-1,272.43
01:58.8,24,0.68,15.42910288,75.01591542,710.59,0.17024692,149.97662,11.63,17.034,0.868,-0.000477035,-8.71E-05,-0.00063611,-0.1744338,-0.01413262,-9.807553,-0.26448738,0.037176758,0.042719175,0.047960794,0,0.08,-1,272.43
01:58.8,24,0.68,15.42910284,75.01591541,710.59,0.15752686,146.27636,11.625,17.027,0.859,-0.001345673,0.005948142,-0.000826354,-0.1796966,-0.0143709,-9.799092,-0.23962104,0.046479794,0.054324748,0.060918852,0,0.08,-1,272.43
01:58.8,24,0.68,15.4291028,75.0159154,710.59,0.1448068,142.5761,11.62,17.02,0.85,-0.000367662,-0.00019858,-0.000572305,-0.17420095,-0.01533656,-9.8074725,-0.2147547,0.05578283,0.06593032,0.07387691,0,0.08,-1,272.43
01:58.8,24,0.68,15.42910279,75.0159154,710.591,0.137272342,130.605856,11.618,17.016,0.852,0.000610349,-0.006345302,-0.000318256,-0.1687053,-0.01630222,-9.815853,-0.22831814,0.046358512,0.054163917,0.060925895,0,0.08,-1,272.43
01:58.8,24,0.68,15.42910278,75.0159154,710.592,0.129737884,118.635612,11.616,17.012,0.854,0.00090051,-0.006249328,-0.000363189,-0.1697354,-0.016246285,-9.8150795,-0.24188158,0.036934193,0.042397515,0.047974879,0,0.08,-1,272.43
01:58.9,24,0.68,15.42910277,75.0159154,710.593,0.122203426,106.665368,11.614,17.008,0.856,0.001190672,-0.006153354,-0.000408123,-0.1707655,-0.01619035,-9.814306,-0.25544502,0.027509875,0.030631112,0.035023864,0,0.08,-1,272.43
01:58.9,24,0.68,15.42910276,75.0159154,710.594,0.114668968,94.695124,11.612,17.004,0.858,0.000977716,-0.005739032,-0.000329103,-0.16948535,-0.016995965,-9.812511,-0.26900846,0.018085556,0.01886471,0.022072848,0,0.08,-1,272.43
01:58.9,24,0.68,15.42910275,75.0159154,710.595,0.10713451,82.72488,11.61,17,0.86,0.00076476,-0.00532471,-0.000250084,-0.1682052,-0.01780158,-9.810716,-0.2825719,0.008661238,0.007098307,0.009121833,0,0.08,-1,272.43
01:58.9,24,0.68,15.42910274,75.0159154,710.596,0.099600052,70.754636,11.608,16.996,0.862,-0.000426621,-0.003595683,0.002905122,-0.17322375,-0.010404435,-9.8100745,-0.29613536,0.00849403,0.007059704,0.00902121,0,0.08,-1,272.43
01:58.9,24,0.68,15.42910273,75.0159154,710.597,0.092065594,58.784392,11.606,16.992,0.864,-0.001618002,-0.001866655,0.006060327,-0.1782423,-0.00300729,-9.809433,-0.30969882,0.008326823,0.007021102,0.008920587,0,0.08,-1,272.43
01:59.0,24,0.68,15.42910272,75.0159154,710.598,0.084531136,46.814148,11.604,16.988,0.866,-0.000107307,-0.00371505,0.003041039,-0.1743496,-0.01013009,-9.8128115,-0.32326228,0.008159615,0.006982499,0.008819963,0,0.08,-1,272.43
01:59.0,24,0.68,15.42910271,75.0159154,710.599,0.076996678,34.843904,11.602,16.984,0.868,0.001403388,-0.005563445,2.18E-05,-0.1704569,-0.01725289,-9.81619,-0.33682574,0.007992408,0.006943897,0.00871934,0,0.08,-1,272.43
01:59.0,24,0.68,15.4291027,75.0159154,710.6,0.06946222,22.87366,11.6,16.98,0.87,0.001512715,-0.00568841,0.00020676,-0.1689135,-0.016576495,-9.8131765,-0.3503892,0.0078252,0.006905294,0.008618717,0,0.08,-1,272.43
01:59.0,24,0.68,15.42910269,75.01591541,710.602,0.069869909,34.086294,11.598,16.976,0.855,0.001622042,-0.005813375,0.000391769,-0.1673701,-0.0159001,-9.810163,-0.31874114,0.007747052,0.007517466,0.008408798,0,0.08,-1,272.43
01:59.0,24,0.68,15.42910268,75.01591542,710.604,0.070277598,45.298928,11.596,16.972,0.84,0.001730099,-0.005190852,0.000192568,-0.16916095,-0.01798521,-9.810848,-0.28709308,0.007668904,0.008129639,0.008198879,0,0.08,-1,272.43
01:59.1,24,0.68,15.42910267,75.01591543,710.606,0.070685287,56.511562,11.594,16.968,0.825,0.001838155,-0.004568329,-6.63E-06,-0.1709518,-0.02007032,-9.811533,-0.25544502,0.007590756,0.008741811,0.007988959,0,0.08,-1,272.43
01:59.1,24,0.68,15.42910266,75.01591544,710.608,0.071092976,67.724196,11.592,16.964,0.81,0.001555634,-0.005221857,-0.00019737,-0.1715265,-0.01793697,-9.811056,-0.22379696,0.007512608,0.009353984,0.00777904,0,0.08,-1,272.43
01:59.1,24,0.68,15.42910265,75.01591545,710.61,0.071500665,78.93683,11.59,16.96,0.795,0.001273113,-0.005875385,-0.000388107,-0.1721012,-0.01580362,-9.810579,-0.1921489,0.00743446,0.009966156,0.007569121,0,0.08,-1,272.43
01:59.1,24,0.68,15.42910264,75.01591546,710.612,0.071908354,90.149464,11.588,16.956,0.78,0.0012241,-0.004133472,-0.001172893,-0.17271175,-0.009426631,-9.8032375,-0.21701524,0.007367412,0.00956451,0.007681752,0,0.08,-1,272.428
01:59.1,24,0.68,15.42910263,75.01591547,710.614,0.072316043,101.362098,11.586,16.952,0.765,0.001175088,-0.002391559,-0.001957678,-0.1733223,-0.003049642,-9.795896,-0.24188158,0.007300364,0.009162865,0.007794383,0,0.08,-1,272.426
01:59.2,24,0.68,15.42910262,75.01591548,710.616,0.072723732,112.574732,11.584,16.948,0.75,0.001092458,-0.004098558,-0.000596599,-0.17233895,-0.008940901,-9.804512,-0.26674792,0.007233316,0.008761219,0.007907015,0,0.08,-1,272.424
01:59.2,24,0.68,15.42910261,75.01591549,710.618,0.073131421,123.787366,11.582,16.944,0.735,0.001009827,-0.005805557,0.00076448,-0.1713556,-0.01483216,-9.813128,-0.29161426,0.007166268,0.008359574,0.008019646,0,0.08,-1,272.422
01:59.2,24,0.68,15.4291026,75.0159155,710.62,0.07353911,135,11.58,16.94,0.72,0.001340108,-0.005851996,0.000689688,-0.17137545,-0.015561365,-9.811692,-0.3164806,0.00709922,0.007957928,0.008132277,0,0.08,-1,272.42
01:59.2,24,0.68,15.42910257,75.0159155,710.6209091,0.084332182,139.6882364,11.57818182,16.93727273,0.753636364,0.001670388,-0.005898434,0.000614895,-0.1713953,-0.01629057,-9.810256,-0.30517772,0.007055832,0.007936235,0.008267626,0,0.08,-1,272.42
01:59.2,24,0.68,15.42910255,75.0159155,710.6218182,0.095125254,144.3764727,11.57636364,16.93454545,0.787272727,0.001496548,-0.006137297,0.000342247,-0.17167825,-0.017279585,-9.809689,-0.29387484,0.007012444,0.007914542,0.008402976,0,0.08,-1,272.42
01:59.3,24,0.68,15.42910252,75.0159155,710.6227273,0.105918325,149.0647091,11.57454545,16.93181818,0.820909091,0.001322707,-0.00637616,6.96E-05,-0.1719612,-0.0182686,-9.809122,-0.28257196,0.006969055,0.007892848,0.008538325,0,0.08,-1,272.42
01:59.3,24,0.68,15.42910249,75.0159155,710.6236364,0.116711397,153.7529455,11.57272727,16.92909091,0.854545455,-0.000173909,-0.00558033,0.001936731,-0.1795922,-0.010824375,-9.8070815,-0.27126908,0.006925667,0.007871155,0.008673675,0,0.08,-1,272.42
01:59.3,24,0.68,15.42910246,75.0159155,710.6245455,0.127504469,158.4411818,11.57090909,16.92636364,0.888181818,-0.001670525,-0.004784501,0.003803864,-0.1872232,-0.00338015,-9.805041,-0.2599662,0.006882279,0.007849462,0.008809024,0,0.08,-1,272.42
01:59.3,24,0.68,15.42910244,75.0159155,710.6254545,0.138297541,163.1294182,11.56909091,16.92363636,0.921818182,-0.001923254,-0.000731275,0.001882543,-0.1868261,-0.008086635,-9.8044385,-0.27692052,0.007259129,0.008246711,0.009278563,0,0.08,-1.002,272.42
01:59.3,24,0.68,15.42910241,75.0159155,710.6263636,0.149090613,167.8176545,11.56727273,16.92090909,0.955454545,-0.002175982,0.003321952,-3.88E-05,-0.186429,-0.01279312,-9.803836,-0.29387484,0.007635979,0.008643959,0.009748102,0,0.08,-1.004,272.42
01:59.4,24,0.68,15.42910238,75.0159155,710.6272727,0.159883685,172.5058909,11.56545455,16.91818182,0.989090909,-0.0008462,-0.001791762,0.000402254,-0.1776841,-0.01667516,-9.807893,-0.31082916,0.008012829,0.009041208,0.010217642,0,0.08,-1.006,272.42
01:59.4,24,0.68,15.42910235,75.0159155,710.6281818,0.170676756,177.1941273,11.56363636,16.91545455,1.022727273,0.000483582,-0.006905476,0.000843287,-0.1689392,-0.0205572,-9.81195,-0.32778348,0.008389679,0.009438456,0.010687181,0,0.08,-1.008,272.42
01:59.4,24,0.68,15.42910233,75.0159155,710.6290909,0.181469828,181.8823636,11.56181818,16.91272727,1.056363636,0.000476135,-0.006419731,0.00040994,-0.1678514,-0.01872299,-9.812629,-0.3447378,0.008766529,0.009835705,0.01115672,0,0.08,-1.01,272.42
01:59.4,24,0.68,15.4291023,75.0159155,710.63,0.1922629,186.5706,11.56,16.91,1.09,0.000468689,-0.005933986,-2.34E-05,-0.1667636,-0.01688878,-9.813308,-0.33117434,0.018254753,0.02118328,0.023617496,0,0.08,-1.01,272.42
01:59.4,24,0.68,15.42910227,75.01591551,710.64,0.178463261,174.7122811,11.55666667,16.90444444,1.047777778,0.000355053,-0.005636981,0.00054465,-0.1694593,-0.01908431,-9.8080775,-0.31761088,0.027742977,0.032530855,0.036078272,0,0.08,-1.01,272.42
01:59.5,24,0.68,15.42910223,75.01591552,710.65,0.164663622,162.8539622,11.55333333,16.89888889,1.005555556,0.000241417,-0.005339976,0.001112706,-0.172155,-0.02127984,-9.802847,-0.30404742,0.037231202,0.04387843,0.048539048,0,0.08,-1.01,272.42
01:59.5,24,0.68,15.4291022,75.01591553,710.66,0.150863983,150.9956433,11.55,16.89333333,0.963333333,0.000717909,-0.005643578,0.000521209,-0.1696557,-0.017784905,-9.8069615,-0.29048396,0.046719426,0.055226005,0.060999824,0,0.08,-1.01,272.42
01:59.5,24,0.68,15.42910217,75.01591554,710.67,0.137064344,139.1373244,11.54666667,16.88777778,0.921111111,0.001194402,-0.005947181,-7.03E-05,-0.1671564,-0.01428997,-9.811076,-0.2769205,0.05620765,0.06657358,0.0734606,0,0.08,-1.01,272.42
01:59.5,24,0.68,15.42910213,75.01591556,710.68,0.123264706,127.2790056,11.54333333,16.88222222,0.878888889,0.002111128,-0.003823423,0.000430528,-0.1748248,-0.015277605,-9.806241,-0.29839596,0.046585377,0.055167035,0.06096689,0,0.08,-1.01,272.42
01:59.5,24,0.68,15.4291021,75.01591557,710.69,0.109465067,115.4206867,11.54,16.87666667,0.836666667,0.003027854,-0.001699665,0.000931344,-0.1824932,-0.01626524,-9.801406,-0.31987142,0.036963104,0.04376049,0.04847318,0,0.08,-1.01,272.42
01:59.6,24,0.68,15.42910207,75.01591558,710.7,0.095665428,103.5623678,11.53666667,16.87111111,0.794444444,0.002213629,-0.003645539,0.000303276,-0.17601225,-0.017249485,-9.806699,-0.34134688,0.02734083,0.032353945,0.03597947,0,0.08,-1.01,272.42
01:59.6,24,0.68,15.42910203,75.01591559,710.71,0.081865789,91.70404889,11.53333333,16.86555556,0.752222222,0.001399403,-0.005591413,-0.000324793,-0.1695313,-0.01823373,-9.811992,-0.36282234,0.017718557,0.0209474,0.02348576,0,0.08,-1.01,272.42
01:59.6,24,0.68,15.429102,75.0159156,710.72,0.06806615,79.84573,11.53,16.86,0.71,0.001138392,-0.00577634,-5.70E-05,-0.17145525,-0.013464107,-9.8103165,-0.3842978,0.008096284,0.009540855,0.01099205,0,0.08,-1.01,272.42
01:59.6,24.1,0.676,15.429102,75.0159156,710.722,0.074017275,79.959224,11.527,16.856,0.713,0.000877382,-0.005961268,0.000210718,-0.1733792,-0.008694483,-9.808641,-0.37186464,0.008030115,0.009621764,0.010776866,0,0.082,-1.01,272.42
01:59.6,24.2,0.672,15.429102,75.0159156,710.724,0.0799684,80.072718,11.524,16.852,0.716,0.001340268,-0.005577215,0.000652129,-0.1720037,-0.014825677,-9.809305,-0.35943148,0.007963946,0.009702672,0.010561682,0,0.084,-1.01,272.42
01:59.7,24.3,0.668,15.429102,75.0159156,710.726,0.085919525,80.186212,11.521,16.848,0.719,0.001803154,-0.005193162,0.001093541,-0.1706282,-0.02095687,-9.809969,-0.34699832,0.007897778,0.009783581,0.010346498,0,0.086,-1.01,272.42
01:59.7,24.4,0.664,15.429102,75.0159156,710.728,0.09187065,80.299706,11.518,16.844,0.722,0.002024066,-0.004149883,-4.87E-05,-0.1725527,-0.00917997,-9.808629,-0.33456516,0.007831609,0.009864489,0.010131314,0,0.088,-1.01,272.42
01:59.7,24.5,0.66,15.429102,75.0159156,710.73,0.097821775,80.4132,11.515,16.84,0.725,0.002244978,-0.003106603,-0.001190916,-0.1744772,0.002596931,-9.807289,-0.322132,0.00776544,0.009945398,0.00991613,0,0.09,-1.01,272.42
01:59.7,24.6,0.656,15.429102,75.0159156,710.732,0.1037729,80.526694,11.512,16.836,0.728,0.001350035,-0.004244963,-0.000562144,-0.17300255,-0.008528395,-9.809097,-0.28144164,0.008177648,0.009866284,0.010043814,0,0.09,-1.01,272.42
01:59.7,24.7,0.652,15.429102,75.0159156,710.734,0.109724025,80.640188,11.509,16.832,0.731,0.000455091,-0.005383322,6.66E-05,-0.1715279,-0.01965372,-9.810905,-0.24075128,0.008589856,0.00978717,0.010171498,0,0.09,-1.01,272.42
01:59.8,24.8,0.648,15.429102,75.0159156,710.736,0.11567515,80.753682,11.506,16.828,0.734,0.000613104,-0.005637282,0.000497853,-0.170775,-0.01732597,-9.8104655,-0.20006092,0.009002063,0.009708055,0.010299182,0,0.09,-1.01,272.42
01:59.8,24.9,0.644,15.429102,75.0159156,710.738,0.121626275,80.867176,11.503,16.824,0.737,0.000771116,-0.005891242,0.000929078,-0.1700221,-0.01499822,-9.810026,-0.15937056,0.009414271,0.009628941,0.010426866,0,0.09,-1.01,272.42
01:59.8,25,0.64,15.429102,75.0159156,710.74,0.1275774,80.98067,11.5,16.82,0.74,0.000921655,-0.005542507,0.000701188,-0.1725753,-0.016103875,-9.811031,-0.1186802,0.009826479,0.009549827,0.01055455,0,0.09,-1.01,272.42
01:59.8,25,0.64,15.42910201,75.01591559,710.74,0.120257491,105.659723,11.496,16.814,0.739,0.001072194,-0.005193771,0.000473297,-0.1751285,-0.01720953,-9.812036,-0.15145854,0.009847823,0.009653358,0.010429763,0,0.09,-1.01,272.42
01:59.8,25,0.64,15.42910202,75.01591558,710.74,0.112937582,130.338776,11.492,16.808,0.738,0.001408569,-0.005489389,0.000359466,-0.1692254,-0.016816225,-9.809517,-0.18423688,0.009869166,0.009756888,0.010304975,0,0.09,-1.01,272.42
01:59.9,25,0.64,15.42910203,75.01591557,710.74,0.105617673,155.017829,11.488,16.802,0.737,0.001744945,-0.005785007,0.000245634,-0.1633223,-0.01642292,-9.806998,-0.21701522,0.00989051,0.009860419,0.010180188,0,0.09,-1.01,272.42
01:59.9,25,0.64,15.42910204,75.01591556,710.74,0.098297764,179.696882,11.484,16.796,0.736,0.000886881,-0.005610944,0.000722001,-0.1681155,-0.0174465,-9.809007,-0.24979356,0.009911853,0.009963949,0.0100554,0,0.09,-1.01,272.42
01:59.9,25,0.64,15.42910205,75.01591555,710.74,0.090977855,204.375935,11.48,16.79,0.735,2.88E-05,-0.005436881,0.001198369,-0.1729087,-0.01847008,-9.811016,-0.2825719,0.009933197,0.01006748,0.009930613,0,0.09,-1.01,272.42
01:59.9,25,0.64,15.42910206,75.01591554,710.74,0.083657946,229.054988,11.476,16.784,0.734,0.000717485,-0.005643147,0.000720511,-0.16976965,-0.01599395,-9.811311,-0.27013874,0.00989408,0.01014523,0.010049682,0,0.09,-1.01,272.42
01:59.9,25,0.64,15.42910207,75.01591553,710.74,0.076338037,253.734041,11.472,16.778,0.733,0.001406154,-0.005849413,0.000242654,-0.1666306,-0.01351782,-9.811606,-0.25770558,0.009854963,0.01022298,0.010168752,0,0.09,-1.01,272.42
02:00.0,25,0.64,15.42910208,75.01591552,710.74,0.069018128,278.413094,11.468,16.772,0.732,0.00157616,-0.006404699,7.71E-05,-0.168303,-0.016106995,-9.8120445,-0.24527242,0.009815845,0.01030073,0.010287821,0,0.09,-1.01,272.42
02:00.0,25,0.64,15.42910209,75.01591551,710.74,0.061698219,303.092147,11.464,16.766,0.731,0.001746166,-0.006959986,-8.85E-05,-0.1699754,-0.01869617,-9.812483,-0.23283926,0.009776728,0.01037848,0.010406891,0,0.09,-1.01,272.42
02:00.0,25,0.64,15.4291021,75.0159155,710.74,0.05437831,327.7712,11.46,16.76,0.73,0.001642648,-0.005954356,0.00019738,-0.16807585,-0.015412205,-9.812057,-0.2204061,0.009737611,0.01045623,0.01052596,0,0.09,-1.01,272.42
02:00.0,25,0.64,15.42910214,75.01591548,710.74,0.084427099,296.479941,11.458,16.755,0.759,0.00153913,-0.004948726,0.000483234,-0.1661763,-0.01212824,-9.811631,-0.21701524,0.009522501,0.010428974,0.010519572,0,0.09,-1.01,272.42
02:00.0,25,0.64,15.42910218,75.01591546,710.74,0.114475888,265.188682,11.456,16.75,0.788,-0.000351676,-0.005014085,-0.001002414,-0.17077725,-0.006895045,-9.817018,-0.21362438,0.009307391,0.010401718,0.010513184,0,0.09,-1.01,272.42
02:00.1,25,0.64,15.42910222,75.01591544,710.74,0.144524677,233.897423,11.454,16.745,0.817,-0.002242483,-0.005079445,-0.002488063,-0.1753782,-0.00166185,-9.822405,-0.21023352,0.00909228,0.010374462,0.010506796,0,0.09,-1.01,272.42
02:00.1,25,0.64,15.42910226,75.01591542,710.74,0.174573466,202.606164,11.452,16.74,0.846,-0.000570032,-0.005134489,-0.001647191,-0.1712444,-0.007083545,-9.8161205,-0.20684266,0.00887717,0.010347206,0.010500408,0,0.09,-1.01,272.42
02:00.1,25,0.64,15.4291023,75.0159154,710.74,0.204622255,171.314905,11.45,16.735,0.875,0.001102419,-0.005189532,-0.00080632,-0.1671106,-0.01250524,-9.809836,-0.2034518,0.00866206,0.01031995,0.01049402,0,0.09,-1.01,272.42
02:00.1,25,0.64,15.42910234,75.01591538,710.74,0.234671044,140.023646,11.448,16.73,0.904,0.000753231,-0.005732091,-1.27E-06,-0.17112325,-0.01378731,-9.8132095,-0.20797296,0.008856417,0.00994819,0.010495886,0,0.09,-1.01,272.42
02:00.1,25,0.64,15.42910238,75.01591536,710.74,0.264719833,108.732387,11.446,16.725,0.933,0.000404044,-0.006274649,0.000803787,-0.1751359,-0.01506938,-9.816583,-0.21249412,0.009050774,0.00957643,0.010497752,0,0.09,-1.01,272.42
02:00.2,25,0.64,15.42910242,75.01591534,710.74,0.294768622,77.441128,11.444,16.72,0.962,0.001002461,-0.00547171,0.000545025,-0.1730159,-0.01568593,-9.8123365,-0.21701528,0.00924513,0.00920467,0.010499618,0,0.09,-1.01,272.42
02:00.2,25,0.64,15.42910246,75.01591532,710.74,0.324817411,46.149869,11.442,16.715,0.991,0.001600879,-0.004668771,0.000286263,-0.1708959,-0.01630248,-9.80809,-0.22153644,0.009439487,0.00883291,0.010501484,0,0.09,-1.01,272.42
02:00.2,25,0.64,15.4291025,75.0159153,710.74,0.3548662,14.85861,11.44,16.71,1.02,0.000988816,-0.001058671,-0.001050798,-0.16975165,-0.01321094,-9.806501,-0.2260576,0.009633844,0.00846115,0.01050335,0,0.09,-1.01,272.42
02:00.2,25,0.64,15.42910256,75.01591529,710.736,0.35030692,15.239678,11.436,16.704,1.027,0.000376752,0.00255143,-0.002387859,-0.1686074,-0.0101194,-9.804912,-0.2622268,0.083865815,0.10326948,0.14603024,0,0.086,-1.008,272.444
02:00.2,25,0.64,15.42910262,75.01591528,710.732,0.34574764,15.620746,11.432,16.698,1.034,0.00118122,-0.005671785,0.011886235,-0.2019639,-0.011658745,-9.7282595,-0.298396,0.158097786,0.19807781,0.28155713,0,0.082,-1.006,272.468
02:00.3,25,0.64,15.42910268,75.01591527,710.728,0.34118836,16.001814,11.428,16.692,1.041,0.001985688,-0.013895,0.02616033,-0.2353204,-0.01319809,-9.651607,-0.3345652,0.232329758,0.29288614,0.41708402,0,0.078,-1.004,272.492
02:00.3,25,0.64,15.42910274,75.01591526,710.724,0.33662908,16.382882,11.424,16.686,1.048,-0.033078111,-0.048168695,0.02319868,-0.4232229,-0.095802445,-9.9602235,-0.3707344,0.306561729,0.38769447,0.55261091,0,0.074,-1.002,272.516
02:00.3,25,0.64,15.4291028,75.01591525,710.72,0.3320698,16.76395,11.42,16.68,1.055,-0.06814191,-0.08244239,0.02023703,-0.6111254,-0.1784068,-10.26884,-0.4069036,0.3807937,0.4825028,0.6881378,0,0.07,-1,272.54
02:00.3,25,0.64,15.42910286,75.01591524,710.716,0.32751052,17.145018,11.416,16.674,1.062,-0.036438291,-0.034387005,0.198258915,-1.2719557,0.285352,-9.802905,-0.40012188,0.46940154,0.52322344,0.68308224,0,0.064,-1.006,273.108
02:00.3,25,0.64,15.42910292,75.01591523,710.712,0.32295124,17.526086,11.412,16.668,1.069,-0.004734672,0.01366838,0.3762808,-1.932786,0.7491108,-9.33697,-0.39334016,0.55800938,0.56394408,0.67802668,0,0.058,-1.012,273.676
02:00.4,25,0.64,15.42910298,75.01591522,710.708,0.31839196,17.907154,11.408,16.662,1.076,0.000620983,-0.00077362,0.55531745,-2.728863,1.0144619,-9.68693,-0.38655844,0.64661722,0.60466472,0.67297112,0,0.052,-1.018,274.244
02:00.4,25,0.64,15.42910304,75.01591521,710.704,0.31383268,18.288222,11.404,16.656,1.083,0.005976638,-0.01521562,0.7343541,-3.52494,1.279813,-10.03689,-0.37977672,0.73522506,0.64538536,0.66791556,0,0.046,-1.024,274.812
02:00.4,25,0.64,15.4291031,75.0159152,710.7,0.3092734,18.66929,11.4,16.65,1.09,0.011147179,-0.016882925,0.90826205,-3.2223915,0.71018805,-9.9100005,-0.372995,0.8238329,0.686106,0.66286,0,0.04,-1.03,275.38
02:00.4,24.9,0.64,15.42910314,75.0159152,710.69,0.32024117,26.847521,11.396,16.646,1.043,0.01631772,-0.01855023,1.08217,-2.919843,0.1405631,-9.783111,-0.37073442,0.76824286,0.64544652,0.6283374,0,0.02,-1.03,276.726
02:00.4,24.8,0.64,15.42910318,75.0159152,710.68,0.33120894,35.025752,11.392,16.642,0.996,0.007019638,-0.010902804,1.1251465,-2.337235,0.131702,-9.8104915,-0.36847384,0.71265282,0.60478704,0.5938148,0,0,-1.03,278.072
02:00.5,24.7,0.64,15.42910322,75.0159152,710.67,0.34217671,43.203983,11.388,16.638,0.949,-0.002278444,-0.003255378,1.168123,-1.754627,0.1228409,-9.837872,-0.36621326,0.65706278,0.56412756,0.5592922,0,-0.02,-1.03,279.418
02:00.5,24.6,0.64,15.42910326,75.0159152,710.66,0.35314448,51.382214,11.384,16.634,0.902,-0.017146037,0.010367691,1.258842,-1.974231,0.3431721,-9.8113365,-0.36395268,0.60147274,0.52346808,0.5247696,0,-0.04,-1.03,280.764
02:00.5,24.5,0.64,15.4291033,75.0159152,710.65,0.36411225,59.560445,11.38,16.63,0.855,-0.03201363,0.02399076,1.349561,-2.193835,0.5635033,-9.784801,-0.3616921,0.5458827,0.4828086,0.490247,0,-0.06,-1.03,282.11
02:00.5,24.4,0.64,15.42910334,75.0159152,710.64,0.37508002,67.738676,11.376,16.626,0.808,-0.0034636,0.011214633,1.356663,-1.684966,0.292390445,-9.8334305,-0.35943152,0.57801402,0.4888976,0.47255282,0,-0.064,-1.008,283.614
02:00.5,24.3,0.64,15.42910338,75.0159152,710.63,0.38604779,75.916907,11.372,16.622,0.761,0.02508643,-0.001561495,1.363765,-1.176097,0.02127759,-9.88206,-0.35717094,0.61014534,0.4949866,0.45485864,0,-0.068,-0.986,285.118
02:00.6,24.2,0.64,15.42910342,75.0159152,710.62,0.39701556,84.095138,11.368,16.618,0.714,0.024154125,0.003957357,1.311198,-0.67463765,-0.363367855,-9.769248,-0.35491036,0.64227666,0.5010756,0.43716446,0,-0.072,-0.964,286.622
02:00.6,24.1,0.64,15.42910346,75.0159152,710.61,0.40798333,92.273369,11.364,16.614,0.667,0.02322182,0.009476209,1.258631,-0.1731783,-0.7480133,-9.656436,-0.35264978,0.67440798,0.5071646,0.41947028,0,-0.076,-0.942,288.126
02:00.6,24,0.64,15.4291035,75.0159152,710.6,0.4189511,100.4516,11.36,16.61,0.62,0.009163609,0.014369385,1.158897,0.45807135,-0.96192365,-9.7527135,-0.3503892,0.7065393,0.5132536,0.4017761,0,-0.08,-0.92,289.63
02:00.6,24,0.64,15.42910347,75.01591526,710.598,0.416097,103.05234,11.355,16.605,0.639,-0.004894603,0.01926256,1.059163,1.089321,-1.175834,-9.848991,-0.3413469,0.68587774,0.48579382,0.39292504,0,-0.11,-0.91,290.81
02:00.6,24,0.64,15.42910344,75.01591532,710.596,0.4132429,105.65308,11.35,16.6,0.658,0.001550714,-0.003417605,1.00279525,1.1308345,-1.4401795,-9.8493685,-0.3323046,0.66521618,0.45833404,0.38407398,0,-0.14,-0.9,291.99
02:00.7,24,0.64,15.42910341,75.01591538,710.594,0.4103888,108.25382,11.345,16.595,0.677,0.007996031,-0.02609777,0.9464275,1.172348,-1.704525,-9.849746,-0.3232623,0.64455462,0.43087426,0.37522292,0,-0.17,-0.89,293.17
02:00.7,24,0.64,15.42910338,75.01591544,710.592,0.4075347,110.85456,11.34,16.59,0.696,-0.01080723,-0.003352565,1.02890175,0.629039665,-1.5843075,-9.8927025,-0.31422,0.62389306,0.40341448,0.36637186,0,-0.2,-0.88,294.35
02:00.7,24,0.64,15.42910335,75.0159155,710.59,0.4046806,113.4553,11.335,16.585,0.715,-0.02961049,0.01939264,1.111376,0.08573133,-1.46409,-9.935659,-0.3051777,0.6032315,0.3759547,0.3575208,0,-0.23,-0.87,295.53
02:00.7,24,0.64,15.42910332,75.01591556,710.588,0.4018265,116.05604,11.33,16.58,0.734,-0.005133575,0.005035511,1.0848375,0.280382865,-1.1817957,-9.8527785,-0.30743828,0.58817538,0.35656336,0.36069054,0,-0.216,-0.864,296.668
02:00.7,24,0.64,15.42910329,75.01591562,710.586,0.3989724,118.65678,11.325,16.575,0.753,0.01934334,-0.009321617,1.058299,0.4750344,-0.8995014,-9.769898,-0.30969886,0.57311926,0.33717202,0.36386028,0,-0.202,-0.858,297.806
02:00.8,24,0.64,15.42910326,75.01591568,710.584,0.3961183,121.25752,11.32,16.57,0.772,0.047663785,-0.026602859,0.9891374,0.7520292,-0.8799455,-9.6231115,-0.31195944,0.55806314,0.31778068,0.36703002,0,-0.188,-0.852,298.944
02:00.8,24,0.64,15.42910323,75.01591574,710.582,0.3932642,123.85826,11.315,16.565,0.791,0.07598423,-0.0438841,0.9199758,1.029024,-0.8603896,-9.476325,-0.31422002,0.54300702,0.29838934,0.37019976,0,-0.174,-0.846,300.082
02:00.8,24,0.64,15.4291032,75.0159158,710.58,0.3904101,126.459,11.31,16.56,0.81,0.031697765,0.00095007,0.72177935,1.630239,-0.80143905,-9.8589425,-0.3164806,0.5279509,0.278998,0.3733695,0,-0.16,-0.84,301.22
02:00.8,24,0.64,15.42910321,75.01591582,710.58,0.36254943,116.469605,11.307,16.557,0.836,-0.0125887,0.04578424,0.5235829,2.231454,-0.7424885,-10.24156,-0.32439262,0.61370346,0.34140966,0.3910047,0,-0.154,-0.828,301.452
02:00.8,24,0.64,15.42910322,75.01591584,710.58,0.33468876,106.48021,11.304,16.554,0.862,-0.006679049,0.029758345,0.296485555,2.670704,-0.48557145,-9.9667905,-0.33230464,0.69945602,0.40382132,0.4086399,0,-0.148,-0.816,301.684
02:00.9,24,0.64,15.42910323,75.01591586,710.58,0.30682809,96.490815,11.301,16.551,0.888,-0.000769397,0.01373245,0.06938821,3.109954,-0.2286544,-9.692021,-0.34021666,0.78520858,0.46623298,0.4262751,0,-0.142,-0.804,301.916
02:00.9,24,0.64,15.42910324,75.01591588,710.58,0.27896742,86.50142,11.298,16.548,0.914,0.025468521,-0.01616332,0.040918275,3.079616,0.23746995,-9.6769085,-0.34812868,0.87096114,0.52864464,0.4439103,0,-0.136,-0.792,302.148
02:00.9,24,0.64,15.42910325,75.0159159,710.58,0.25110675,76.512025,11.295,16.545,0.94,0.05170644,-0.04605909,0.01244834,3.049278,0.7035943,-9.661796,-0.3560407,0.9567137,0.5910563,0.4615455,0,-0.13,-0.78,302.38
02:00.9,24,0.64,15.42910326,75.01591592,710.58,0.22324608,66.52263,11.292,16.542,0.966,0.04244747,-0.04412494,-0.01590226,0.945736,0.5838392,-9.850743,-0.34812868,1.00403296,0.67933584,0.5272348,0,-0.126,-0.788,302.372
02:00.9,24,0.64,15.42910327,75.01591594,710.58,0.19538541,56.533235,11.289,16.539,0.992,0.0331885,-0.04219079,-0.04425286,-1.157806,0.4640841,-10.03969,-0.34021666,1.05135222,0.76761538,0.5929241,0,-0.122,-0.796,302.364
02:01.0,24,0.64,15.42910328,75.01591596,710.58,0.16752474,46.54384,11.286,16.536,1.018,-0.01827645,0.027113585,-0.012454515,-0.99394065,-0.48494895,-9.849338,-0.33230464,1.09867148,0.85589492,0.6586134,0,-0.118,-0.804,302.356
02:01.0,24,0.64,15.42910329,75.01591598,710.58,0.13966407,36.554445,11.283,16.533,1.044,-0.0697414,0.09641796,0.01934383,-0.8300753,-1.433982,-9.658986,-0.32439262,1.14599074,0.94417446,0.7243027,0,-0.114,-0.812,302.348
02:01.0,24,0.64,15.4291033,75.015916,710.58,0.1118034,26.56505,11.28,16.53,1.07,-0.0453508,0.055685595,0.020931365,-0.3086945,-0.31186315,-9.927388,-0.3164806,1.19331,1.032454,0.789992,0,-0.11,-0.82,302.34
02:01.0,24,0.64,15.42910335,75.01591601,710.582,0.13861161,25.077991,11.278,16.528,1.081,-0.0209602,0.01495323,0.0225189,0.2126863,0.8102557,-10.19579,-0.31535032,1.13251612,0.97501988,0.869327,0,-0.092,-0.832,302.35
02:01.0,24,0.64,15.4291034,75.01591602,710.584,0.16541982,23.590932,11.276,16.526,1.092,0.01963547,-0.024621135,0.026183505,0.2771988,0.5495188,-9.8515585,-0.31422004,1.07172224,0.91758576,0.948662,0,-0.074,-0.844,302.36
02:01.1,24,0.64,15.42910345,75.01591603,710.586,0.19222803,22.103873,11.274,16.524,1.103,0.06023114,-0.0641955,0.02984811,0.3417113,0.2887819,-9.507327,-0.31308976,1.01092836,0.86015164,1.027997,0,-0.056,-0.856,302.37
02:01.1,24,0.64,15.4291035,75.01591604,710.588,0.21903624,20.616814,11.272,16.522,1.114,0.08246522,-0.1208537,-0.010329755,-0.01413165,0.141209457,-9.8946435,-0.31195948,0.95013448,0.80271752,1.107332,0,-0.038,-0.868,302.38
02:01.1,24,0.64,15.42910355,75.01591605,710.59,0.24584445,19.129755,11.27,16.52,1.125,0.1046993,-0.1775119,-0.05050762,-0.3699746,-0.006362986,-10.28196,-0.3108292,0.8893406,0.7452834,1.186667,0,-0.02,-0.88,302.39
02:01.1,24,0.64,15.4291036,75.01591606,710.592,0.27265266,17.642696,11.268,16.518,1.136,0.039473365,-0.088112023,-0.024558333,-0.196062235,-0.079966093,-9.9153055,-0.32100178,0.8239899,0.70510096,1.13365636,0,-0.014,-0.924,302.368
02:01.1,24,0.64,15.42910365,75.01591607,710.594,0.29946087,16.155637,11.266,16.516,1.147,-0.02575257,0.001287855,0.001390955,-0.02214987,-0.1535692,-9.548651,-0.33117436,0.7586392,0.66491852,1.08064572,0,-0.008,-0.968,302.346
02:01.2,24,0.64,15.4291037,75.01591608,710.596,0.32626908,14.668578,11.264,16.514,1.158,0.03421653,-0.058631673,-0.029382518,-0.148952635,-0.01650215,-9.75651,-0.34134694,0.6932885,0.62473608,1.02763508,0,-0.002,-1.012,302.324
02:01.2,24,0.64,15.42910375,75.01591609,710.598,0.35307729,13.181519,11.262,16.512,1.169,0.09418563,-0.1185512,-0.06015599,-0.2757554,0.1205649,-9.964369,-0.35151952,0.6279378,0.58455364,0.97462444,0,0.004,-1.056,302.302
02:01.2,24,0.64,15.4291038,75.0159161,710.6,0.3798855,11.69446,11.26,16.51,1.18,0.03784449,-0.10029614,0.00389769,-0.43587515,0.070515565,-9.857224,-0.3616921,0.5625871,0.5443712,0.9216138,0,0.01,-1.1,302.28
02:01.2,24.18181818,0.638181818,15.42910384,75.0159161,710.6,0.354639655,16.99214455,11.25727273,16.50727273,1.141818182,-0.01849665,-0.08204108,0.06795137,-0.5959949,0.02046623,-9.750079,-0.33795606,0.53727216,0.5351177,0.88562628,0,-0.1,-1.066,302.314
02:01.2,24.36363636,0.636363636,15.42910387,75.0159161,710.6,0.329393809,22.28982909,11.25454545,16.50454545,1.103636364,-0.064352925,-0.00713908,0.042034135,-0.50621665,-0.184621285,-9.7543265,-0.31422002,0.51195722,0.5258642,0.84963876,0,-0.21,-1.032,302.348
02:01.3,24.54545455,0.634545455,15.42910391,75.0159161,710.6,0.304147964,27.58751364,11.25181818,16.50181818,1.065454545,-0.1102092,0.06776292,0.0161169,-0.4164384,-0.3897088,-9.758574,-0.29048398,0.48664228,0.5166107,0.81365124,0,-0.32,-0.998,302.382
02:01.3,24.72727273,0.632727273,15.42910395,75.0159161,710.6,0.278902118,32.88519818,11.24909091,16.49909091,1.027272727,-0.1180708,0.09937496,0.03242306,-0.187730485,-0.23814752,-9.820591,-0.26674794,0.46132734,0.5073572,0.77766372,0,-0.43,-0.964,302.416
02:01.3,24.90909091,0.630909091,15.42910398,75.0159161,710.6,0.253656273,38.18288273,11.24636364,16.49636364,0.989090909,-0.1259324,0.130987,0.04872922,0.04097743,-0.08658624,-9.882608,-0.2430119,0.4360124,0.4981037,0.7416762,0,-0.54,-0.93,302.45
02:01.3,25.09090909,0.629090909,15.42910402,75.0159161,710.6,0.228410427,43.48056727,11.24363636,16.49363636,0.950909091,-0.02256633,0.048173445,0.021985214,0.133097915,0.24138253,-9.5860385,-0.24640276,0.44303234,0.51296946,0.74798718,0,-0.468,-0.984,302.446
02:01.3,25.27272727,0.627272727,15.42910405,75.0159161,710.6,0.203164582,48.77825182,11.24090909,16.49090909,0.912727273,0.08079974,-0.03464011,-0.004758793,0.2252184,0.5693513,-9.289469,-0.24979362,0.45005228,0.52783522,0.75429816,0,-0.396,-1.038,302.442
02:01.4,25.45454545,0.625454545,15.42910409,75.0159161,710.6,0.177918736,54.07593636,11.23818182,16.48818182,0.874545455,0.10029687,-0.062090855,-0.007692167,0.00039435,0.41606575,-9.7310845,-0.25318448,0.45707222,0.54270098,0.76060914,0,-0.324,-1.092,302.438
02:01.4,25.63636364,0.623636364,15.42910413,75.0159161,710.6,0.152672891,59.37362091,11.23545455,16.48545455,0.836363636,0.119794,-0.0895416,-0.01062554,-0.2244297,0.2627802,-10.1727,-0.25657534,0.46409216,0.55756674,0.76692012,0,-0.252,-1.146,302.434
02:01.4,25.81818182,0.621818182,15.42910416,75.0159161,710.6,0.127427045,64.67130545,11.23272727,16.48272727,0.798181818,0.03819825,-0.03468428,-0.008176435,-0.47188745,-0.09056465,-9.991052,-0.2599662,0.4711121,0.5724325,0.7732311,0,-0.18,-1.2,302.43
02:01.4,26,0.62,15.4291042,75.0159161,710.6,0.1021812,69.96899,11.23,16.48,0.76,-0.0433975,0.02017304,-0.005727331,-0.7193452,-0.4439095,-9.809404,-0.2497936,0.45799148,0.55447284,0.77552834,0,-0.254,-1.134,302.456
02:01.4,26,0.62,15.42910422,75.01591613,710.6066667,0.109063844,68.77419667,11.22777778,16.47777778,0.768888889,-0.0743162,0.047123075,0.016502085,-0.5805859,-0.3754407,-9.860779,-0.239621,0.44487086,0.53651318,0.77782558,0,-0.328,-1.068,302.482
02:01.5,26,0.62,15.42910424,75.01591617,710.6133333,0.115946489,67.57940333,11.22555556,16.47555556,0.777777778,-0.1052349,0.07407311,0.0387315,-0.4418266,-0.3069719,-9.912154,-0.2294484,0.43175024,0.51855352,0.78012282,0,-0.402,-1.002,302.508
02:01.5,26,0.62,15.42910427,75.0159162,710.62,0.122829133,66.38461,11.22333333,16.47333333,0.786666667,-0.067592835,0.057652615,0.030719325,-0.25353678,-0.198186325,-10.028952,-0.2192758,0.41862962,0.50059386,0.78242006,0,-0.476,-0.936,302.534
02:01.5,26,0.62,15.42910429,75.01591623,710.6266667,0.129711778,65.18981667,11.22111111,16.47111111,0.795555556,-0.02995077,0.04123212,0.02270715,-0.06524696,-0.08940075,-10.14575,-0.2091032,0.405509,0.4826342,0.7847173,0,-0.55,-0.87,302.56
02:01.5,26,0.62,15.42910431,75.01591627,710.6333333,0.136594422,63.99502333,11.21888889,16.46888889,0.804444444,0.036865665,-0.001010835,0.02517524,0.05733597,0.322650375,-9.7251365,-0.21814552,0.40863696,0.4933221,0.75628726,0,-0.484,-0.884,302.63
02:01.5,26,0.62,15.42910433,75.0159163,710.64,0.143477067,62.80023,11.21666667,16.46666667,0.813333333,0.1036821,-0.04325379,0.02764333,0.1799189,0.7347015,-9.304523,-0.22718784,0.41176492,0.50401,0.72785722,0,-0.418,-0.898,302.7
02:01.6,26,0.62,15.42910436,75.01591633,710.6466667,0.150359711,61.60543667,11.21444444,16.46444444,0.822222222,0.08503763,-0.018603786,0.069873815,-0.16897385,0.2741377,-9.6821365,-0.23623016,0.41489288,0.5146979,0.69942718,0,-0.352,-0.912,302.77
02:01.6,26,0.62,15.42910438,75.01591637,710.6533333,0.157242356,60.41064333,11.21222222,16.46222222,0.831111111,0.06639316,0.006046219,0.1121043,-0.5178666,-0.1864261,-10.05975,-0.24527248,0.41802084,0.5253858,0.67099714,0,-0.286,-0.926,302.84
02:01.6,26,0.62,15.4291044,75.0159164,710.66,0.164125,59.21585,11.21,16.46,0.84,0.057223305,-0.014210665,0.053825173,-0.29886978,-0.284197,-9.9029755,-0.2543148,0.4211488,0.5360737,0.6425671,0,-0.22,-0.94,302.91
02:01.6,25.9,0.622,15.4291044,75.01591644,710.669,0.16390941,58.345412,11.207,16.458,0.843,0.04805345,-0.03446755,-0.004453954,-0.07987296,-0.3819679,-9.746201,-0.24075134,0.42865432,0.52370868,0.63897334,0,-0.208,-0.938,302.968
02:01.6,25.8,0.624,15.4291044,75.01591648,710.678,0.16369382,57.474974,11.204,16.456,0.846,0.024902266,-0.020614714,0.043609448,0.08190017,0.00703095,-9.9459855,-0.22718788,0.43615984,0.51134366,0.63537958,0,-0.196,-0.936,303.026
02:01.7,25.7,0.626,15.4291044,75.01591652,710.687,0.16347823,56.604536,11.201,16.454,0.849,0.001751081,-0.006761877,0.09167285,0.2436733,0.3960298,-10.14577,-0.21362442,0.44366536,0.49897864,0.63178582,0,-0.184,-0.934,303.084
02:01.7,25.6,0.628,15.4291044,75.01591656,710.696,0.16326264,55.734098,11.198,16.452,0.852,0.020111031,-0.012651964,0.051013375,-0.07396375,0.03569215,-9.916755,-0.20006096,0.45117088,0.48661362,0.62819206,0,-0.172,-0.932,303.142
02:01.7,25.5,0.63,15.4291044,75.0159166,710.705,0.16304705,54.86366,11.195,16.45,0.855,0.03847098,-0.01854205,0.0103539,-0.3916008,-0.3246455,-9.68774,-0.1864975,0.4586764,0.4742486,0.6245983,0,-0.16,-0.93,303.2
02:01.7,25.4,0.632,15.4291044,75.01591664,710.714,0.16283146,53.993222,11.192,16.448,0.858,0.051965285,-0.03756423,-0.010131315,-0.080634,0.3001662,-9.6614875,-0.22944844,0.46812366,0.51024856,0.6514483,0,-0.12,-0.976,303.164
02:01.7,25.3,0.634,15.4291044,75.01591668,710.723,0.16261587,53.122784,11.189,16.446,0.861,0.06545959,-0.05658641,-0.03061653,0.2303328,0.9249779,-9.635235,-0.27239938,0.47757092,0.54624852,0.6782983,0,-0.08,-1.022,303.128
02:01.8,25.2,0.636,15.4291044,75.01591672,710.732,0.16240028,52.252346,11.186,16.444,0.864,0.052399245,-0.04646255,-0.010600467,-0.05580735,0.30336365,-10.0098875,-0.31535032,0.48701818,0.58224848,0.7051483,0,-0.04,-1.068,303.092
02:01.8,25.1,0.638,15.4291044,75.01591676,710.741,0.16218469,51.381908,11.183,16.442,0.867,0.0393389,-0.03633869,0.009415596,-0.3419475,-0.3182506,-10.38454,-0.35830126,0.49646544,0.61824844,0.7319983,0,0,-1.114,303.056
02:01.8,25,0.64,15.4291044,75.0159168,710.75,0.1619691,50.51147,11.18,16.44,0.87,0.01067884,0.00422418,-0.007311567,-0.4780563,-0.559471,-10.0042025,-0.4012522,0.5059127,0.6542484,0.7588483,0,0.04,-1.16,303.02
02:01.8,25,0.64,15.42910439,75.01591681,710.753,0.16889988,61.436613,11.178,16.439,0.873,-0.01798122,0.04478705,-0.02403873,-0.6141651,-0.8006914,-9.623865,-0.39786132,0.48441782,0.62285408,0.72004934,0,0.028,-1.128,303.002
02:01.8,25,0.64,15.42910438,75.01591682,710.756,0.17583066,72.361756,11.176,16.438,0.876,-0.021254765,0.035427745,-0.029646105,-0.28358678,-0.399092324,-9.6444575,-0.39447044,0.46292294,0.59145976,0.68125038,0,0.016,-1.096,302.984
02:01.9,25,0.64,15.42910437,75.01591683,710.759,0.18276144,83.286899,11.174,16.437,0.879,-0.02452831,0.02606844,-0.03525348,0.04699154,0.002506752,-9.66505,-0.39107956,0.44142806,0.56006544,0.64245142,0,0.004,-1.064,302.966
02:01.9,25,0.64,15.42910436,75.01591684,710.762,0.18969222,94.212042,11.172,16.436,0.882,-0.00439068,-0.017264375,-0.015373705,0.01713406,0.047058836,-9.726805,-0.38768868,0.41993318,0.52867112,0.60365246,0,-0.008,-1.032,302.948
02:01.9,25,0.64,15.42910435,75.01591685,710.765,0.196623,105.137185,11.17,16.435,0.885,0.01574695,-0.06059719,0.004506069,-0.01272342,0.09161092,-9.78856,-0.3842978,0.3984383,0.4972768,0.5648535,0,-0.02,-1,302.93
02:01.9,25,0.64,15.42910434,75.01591686,710.768,0.20355378,116.062328,11.168,16.434,0.888,0.000140475,-0.051581535,0.01056263,-0.18284806,0.29779831,-9.863465,-0.36282234,0.37501816,0.49739774,0.5704981,0,-0.024,-1.002,302.936
02:01.9,25,0.64,15.42910433,75.01591687,710.771,0.21048456,126.987471,11.166,16.433,0.891,-0.015466,-0.04256588,0.01661919,-0.3529727,0.5039857,-9.93837,-0.34134688,0.35159802,0.49751868,0.5761427,0,-0.028,-1.004,302.942
02:02.0,25,0.64,15.42910432,75.01591688,710.774,0.21741534,137.912614,11.164,16.432,0.894,-0.006710201,-0.018354177,0.020624925,-0.4030893,0.290034505,-9.7922465,-0.31987142,0.32817788,0.49763962,0.5817873,0,-0.032,-1.006,302.948
02:02.0,25,0.64,15.42910431,75.01591689,710.777,0.22434612,148.837757,11.162,16.431,0.897,0.002045598,0.005857526,0.02463066,-0.4532059,0.07608331,-9.646123,-0.29839596,0.30475774,0.49776056,0.5874319,0,-0.036,-1.008,302.954
02:02.0,25,0.64,15.4291043,75.0159169,710.78,0.2312769,159.7629,11.16,16.43,0.9,-0.013794846,0.003691049,0.00432351,-0.34878955,-0.120025595,-9.813228,-0.2769205,0.2813376,0.4978815,0.5930765,0,-0.04,-1.01,302.96
02:02.0,25,0.64,15.4291043,75.0159169,710.78,0.2312769,159.7629,11.16,16.43,0.9,-0.02963529,0.001524571,-0.01598364,-0.2443732,-0.3161345,-9.980333,-0.27239936,0.2813376,0.4978815,0.5930765,0,-0.054,-1.014,302.968
02:02.0,25,0.64,15.4291043,75.0159169,710.78,0.2312769,159.7629,11.16,16.43,0.9,-0.020496475,-0.00689438,0.00353631,-0.13296077,-0.111907515,-9.8124495,-0.26787822,0.2813376,0.4978815,0.5930765,0,-0.068,-1.018,302.976
02:02.1,25,0.64,15.4291043,75.0159169,710.78,0.2312769,159.7629,11.16,16.43,0.9,-0.01135766,-0.01531333,0.02305626,-0.02154834,0.09231947,-9.644566,-0.26335708,0.2813376,0.4978815,0.5930765,0,-0.082,-1.022,302.984
02:02.1,25,0.64,15.4291043,75.0159169,710.78,0.2312769,159.7629,11.16,16.43,0.9,-0.01135766,-0.01531333,0.02305626,-0.02154834,0.09231947,-9.644566,-0.25883594,0.2813376,0.4978815,0.5930765,0,-0.096,-1.026,302.992
02:02.1,25,0.64,15.4291043,75.0159169,710.78,0.2312769,159.7629,11.16,16.43,0.9,-0.01135766,-0.01531333,0.02305626,-0.02154834,0.09231947,-9.644566,-0.2543148,0.2813376,0.4978815,0.5930765,0,-0.11,-1.03,303
