Time_s,GPS_NSats,GPS_HDop,GPS_Lat,GPS_Lng,GPS_Alt,GPS_Spd,GPS_GCrs,GPA_HAcc,GPA_VAcc,GPA_SAcc,IMU_GyrX,IMU_GyrY,IMU_GyrZ,IMU_AccX,IMU_AccY,IMU_AccZ,BARO_Alt,VIBE_VibeX,VIBE_VibeY,VIBE_VibeZ,VIBE_Clip,ATT_Roll,ATT_Pitch,ATT_Yaw
00:29.3,0,100,0,0,0,0,0,0,0,0,0.005498858,-0.01013777,0.002114779,-0.4953726,0.1881645,-9.755894,-0.01124777,0.01570048,0.009762638,0.009189725,0,-2.8,-1.38,123.87
00:29.3,0,100,0,0,0,0,0,0,0,0,0.005607187,-0.01053381,0.001971803,-0.505426,0.19097715,-9.751955,-0.01124777,0.01570048,0.009762638,0.009189725,0,-2.8,-1.38,123.87
00:29.3,0,100,0,0,0,0,0,0,0,0,0.005715516,-0.01092985,0.001828827,-0.5154794,0.1937898,-9.748016,-0.01124777,0.01570048,0.009762638,0.009189725,0,-2.8,-1.38,123.87
00:29.4,0,100,0,0,0,0,0,0,0,0,0.006076054,-0.010842735,0.00109601,-0.5267099,0.1888027,-9.7485075,-0.01124777,0.01570048,0.009762638,0.009189725,0,-2.8,-1.38,123.87
00:29.4,0,100,0,0,0,0,0,0,0,0,0.006436592,-0.01075562,0.000363193,-0.5379404,0.1838156,-9.748999,-0.01124777,0.01498985,0.009916144,0.009000385,0,-2.802,-1.378,123.868
00:29.4,0,100,0,0,0,0,0,0,0,0,0.006366347,-0.01064721,0.000532367,-0.53374505,0.1811821,-9.75137,-0.01124777,0.01427922,0.010069651,0.008811044,0,-2.804,-1.376,123.866
00:29.4,0,100,0,0,0,0,0,0,0,0,0.006296101,-0.0105388,0.000701541,-0.5295497,0.1785486,-9.753741,-0.01124777,0.01356859,0.010223157,0.008621704,0,-2.806,-1.374,123.864
00:29.4,0,100,0,0,0,0,0,0,0,0,0.002996268,-0.005191832,0.0004263,-0.62028755,0.2019025,-9.755474,-0.01124777,0.01285796,0.010376664,0.008432363,0,-2.808,-1.372,123.862
00:29.5,0,100,0,0,0,0,0,0,0,0,-0.000303565,0.000155137,0.00015106,-0.7110254,0.2252564,-9.757207,-0.01124777,0.01214733,0.01053017,0.008243023,0,-2.81,-1.37,123.86
00:29.5,0,100,0,0,0,0,0,0,0,0,0.002818613,-0.005339697,0.001033986,-0.6110777,0.19302415,-9.753901,-0.032618536,0.012027526,0.01105681,0.008244655,0,-2.81,-1.37,123.862
00:29.5,0,100,0,0,0,0,0,0,0,0,0.00594079,-0.01083453,0.001916913,-0.51113,0.1607919,-9.750595,-0.053989302,0.011907722,0.01158345,0.008246288,0,-2.81,-1.37,123.864
00:29.5,0,100,0,0,0,0,0,0,0,0,0.005948146,-0.01070967,0.001600823,-0.50349215,0.1676538,-9.7504155,-0.075360068,0.011787918,0.01211009,0.00824792,0,-2.81,-1.37,123.866
00:29.5,0,100,0,0,0,0,0,0,0,0,0.005955502,-0.01058481,0.001284733,-0.4958543,0.1745157,-9.750236,-0.096730834,0.011668114,0.01263673,0.008249553,0,-2.81,-1.37,123.868
00:29.6,0,100,0,0,0,0,0,0,0,0,0.006197557,-0.01050309,0.001392624,-0.49869675,0.18077795,-9.7492895,-0.1181016,0.01154831,0.01316337,0.008251185,0,-2.81,-1.37,123.87
00:29.6,0,100,0,0,0,0,0,0,0,0,0.006439611,-0.01042137,0.001500514,-0.5015392,0.1870402,-9.748343,-0.105729054,0.011680162,0.013004404,0.008710926,0,-2.81,-1.37,123.87
00:29.6,0,100,0,0,0,0,0,0,0,0,0.002657801,-0.007006288,0.001462845,-0.615154,0.22820915,-9.7484945,-0.093356508,0.011812014,0.012845438,0.009170667,0,-2.81,-1.37,123.87
00:29.6,0,100,0,0,0,0,0,0,0,0,-0.001124009,-0.003591207,0.001425176,-0.7287688,0.2693781,-9.748646,-0.080983962,0.011943866,0.012686472,0.009630408,0,-2.81,-1.37,123.87
00:29.6,0,100,0,0,0,0,0,0,0,0,-0.001195352,-0.003421635,0.000810643,-0.72152615,0.27540545,-9.7491115,-0.068611416,0.012075718,0.012527506,0.010090149,0,-2.81,-1.37,123.87
00:29.7,0,100,0,0,0,0,0,0,0,0,-0.001266695,-0.003252062,0.00019611,-0.7142835,0.2814328,-9.749577,-0.05623887,0.01220757,0.01236854,0.01054989,0,-2.81,-1.37,123.87
00:29.7,0,100,0,0,0,0,0,0,0,0,0.002772929,-0.006945601,0.000129117,-0.6258629,0.2179952,-9.751425,-0.070860976,0.012310326,0.013837106,0.010860242,0,-2.812,-1.368,123.868
00:29.7,0,100,0,0,0,0,0,0,0,0,0.006812553,-0.01063914,6.21E-05,-0.5374423,0.1545576,-9.753273,-0.085483082,0.012413082,0.015305672,0.011170594,0,-2.814,-1.366,123.866
00:29.7,0,100,0,0,0,0,0,0,0,0,0.006514403,-0.010707355,0.000716809,-0.52590025,0.1603674,-9.745118,-0.100105188,0.012515838,0.016774238,0.011480946,0,-2.816,-1.364,123.864
00:29.7,0,100,0,0,0,0,0,0,0,0,0.006216253,-0.01077557,0.001371494,-0.5143582,0.1661772,-9.736963,-0.114727294,0.012618594,0.018242804,0.011791298,0,-2.818,-1.362,123.862
00:29.8,0,100,0,0,0,0,0,0,0,0,0.006325009,-0.01048517,0.001960347,-0.50488765,0.14675465,-9.744357,-0.1293494,0.01272135,0.01971137,0.01210165,0,-2.82,-1.36,123.86
00:29.8,0,100,0,0,0,0,0,0,0,0,0.006433764,-0.01019477,0.0025492,-0.4954171,0.1273321,-9.751751,-0.119226402,0.012377764,0.020647478,0.011857486,0,-2.82,-1.36,123.862
00:29.8,0,100,0,0,0,0,0,0,0,0,0.006358478,-0.010294465,0.002678612,-0.5017087,0.15815725,-9.750071,-0.109103404,0.012034178,0.021583586,0.011613322,0,-2.82,-1.36,123.864
00:29.8,0,100,0,0,0,0,0,0,0,0,0.006283192,-0.01039416,0.002808023,-0.5080003,0.1889824,-9.748391,-0.098980406,0.011690592,0.022519694,0.011369158,0,-2.82,-1.36,123.866
00:29.8,0,100,0,0,0,0,0,0,0,0,0.002668184,-0.006096677,0.001114648,-0.61195255,0.2419889,-9.754204,-0.088857408,0.011347006,0.023455802,0.011124994,0,-2.82,-1.36,123.868
00:29.9,0,100,0,0,0,0,0,0,0,0,-0.000946824,-0.001799194,-0.000578727,-0.7159048,0.2949954,-9.760017,-0.07873441,0.01100342,0.02439191,0.01088083,0,-2.82,-1.36,123.87
00:29.9,0,100,0,0,0,0,0,0,0,0,0.002513213,-0.005996612,0.000613747,-0.62222545,0.2483917,-9.759631,-0.07873441,0.010751747,0.023270098,0.01100042,0,-2.82,-1.36,123.87
00:29.9,0,100,0,0,0,0,0,0,0,0,0.00597325,-0.01019403,0.001806221,-0.5285461,0.201788,-9.759245,-0.07873441,0.010500075,0.022148286,0.01112001,0,-2.82,-1.36,123.87
00:29.9,0,100,0,0,0,0,0,0,0,0,0.006044052,-0.010336555,0.001400435,-0.5274012,0.20600055,-9.7521685,-0.07873441,0.010248402,0.021026474,0.0112396,0,-2.82,-1.36,123.87
00:29.9,0,100,0,0,0,0,0,0,0,0,0.006114854,-0.01047908,0.00099465,-0.5262563,0.2102131,-9.745092,-0.07873441,0.00999673,0.019904662,0.01135919,0,-2.82,-1.36,123.87
00:30.0,0,100,0,0,0,0,0,0,0,0,0.0064161,-0.01049676,0.000760922,-0.5259601,0.18939185,-9.7478255,-0.07873441,0.009745057,0.01878285,0.01147878,0,-2.82,-1.36,123.87
00:30.0,0,100,0,0,0,0,0,0,0,0,0.006717346,-0.01051444,0.000527193,-0.5256639,0.1685706,-9.750559,-0.074235302,0.017567338,0.02724008,0.023183068,0,-2.822,-1.36,123.87
00:30.0,0,100,0,0,0,0,0,0,0,0,0.006411746,-0.01080359,0.00016766,-0.5170719,0.1629669,-9.752302,-0.069736194,0.025389618,0.03569731,0.034887356,0,-2.824,-1.36,123.87
00:30.0,0,100,0,0,0,0,0,0,0,0,0.006106145,-0.01109274,-0.000191873,-0.5084799,0.1573632,-9.754045,-0.065237086,0.033211899,0.04415454,0.046591644,0,-2.826,-1.36,123.87
00:30.0,0,100,0,0,0,0,0,0,0,0,0.003234368,-0.005529854,0.0004173,-0.60421635,0.1785527,-9.7518585,-0.060737978,0.041034179,0.05261177,0.058295932,0,-2.828,-1.36,123.87
00:30.1,0,100,0,0,0,0,0,0,0,0,0.000362591,3.30E-05,0.001026472,-0.6999528,0.1997422,-9.749672,-0.05623887,0.04885646,0.061069,0.07000022,0,-2.83,-1.36,123.87
00:30.1,0,100,0,0,0,0,0,0,0,0,0.003021248,-0.005188164,0.001611174,-0.6021419,0.17863005,-9.7509045,-0.052864538,0.041264832,0.052778584,0.0582849,0,-2.83,-1.358,123.87
00:30.1,0,100,0,0,0,0,0,0,0,0,0.005679905,-0.01040936,0.002195876,-0.504331,0.1575179,-9.752137,-0.049490206,0.033673204,0.044488168,0.04656958,0,-2.83,-1.356,123.87
00:30.1,0,100,0,0,0,0,0,0,0,0,0.005440842,-0.010314005,0.002056217,-0.50319235,0.1730601,-9.752809,-0.046115874,0.026081576,0.036197752,0.03485426,0,-2.83,-1.354,123.87
00:30.1,0,100,0,0,0,0,0,0,0,0,0.005201779,-0.01021865,0.001916559,-0.5020537,0.1886023,-9.753481,-0.042741542,0.018489948,0.027907336,0.02313894,0,-2.83,-1.352,123.87
00:30.3,6,3.58,15.3724324,75.1287602,762.37,0.2562811,92.68377,655.35,655.35,2.9,0.006532285,-0.010822275,0.000232234,-0.5300007,0.1574938,-9.7543095,-0.092231764,0.011004692,0.015743136,0.009597748,0,-2.83,-1.35,123.864
00:30.3,6.111111111,3.425555556,15.37238632,75.12861987,756.99,0.240631422,120.4244511,595.4144444,603.5488889,2.661111111,0.006263801,-0.01118808,0.00077636,-0.5424652,0.1431364,-9.757195,-0.096730882,0.011204026,0.016080988,0.009681682,0,-2.83,-1.35,123.862
00:30.4,6.222222222,3.271111111,15.37234024,75.12847953,751.61,0.224981744,148.1651322,535.4788889,551.7477778,2.422222222,0.006340266,-0.011162735,0.000990638,-0.53057855,0.15065875,-9.754535,-0.10123,0.01140336,0.01641884,0.009765617,0,-2.83,-1.35,123.86
00:30.4,6.333333333,3.116666667,15.37229417,75.1283392,746.23,0.209332067,175.9058133,475.5433333,499.9466667,2.183333333,0.006416731,-0.01113739,0.001204915,-0.5186919,0.1581811,-9.751875,-0.10235478,0.011401238,0.016092092,0.009499471,0,-2.832,-1.35,123.86
00:30.4,6.444444444,2.962222222,15.37224809,75.12819887,740.85,0.193682389,203.6464944,415.6077778,448.1455556,1.944444444,0.006363806,-0.010818815,0.001357019,-0.51523735,0.1603219,-9.7534875,-0.10347956,0.011399116,0.015765344,0.009233324,0,-2.834,-1.35,123.86
00:30.4,6.555555556,2.807777778,15.37220201,75.12805853,735.47,0.178032711,231.3871756,355.6722222,396.3444444,1.705555556,0.006310881,-0.01050024,0.001509122,-0.5117828,0.1624627,-9.7551,-0.10460434,0.011396994,0.015438596,0.008967178,0,-2.836,-1.35,123.86
00:30.4,6.666666667,2.653333333,15.37215593,75.1279182,730.09,0.162383033,259.1278567,295.7366667,344.5433333,1.466666667,0.00232614,-0.007137299,0.001133311,-0.60121345,0.21193195,-9.7581075,-0.10572912,0.011394872,0.015111848,0.008701031,0,-2.838,-1.35,123.86
00:30.5,6.777777778,2.498888889,15.37210986,75.12777787,724.71,0.146733356,286.8685378,235.8011111,292.7422222,1.227777778,-0.001658602,-0.003774357,0.000757501,-0.6906441,0.2614012,-9.761115,-0.1068539,0.01139275,0.0147851,0.008434885,0,-2.84,-1.35,123.86
00:30.5,6.888888889,2.344444444,15.37206378,75.12763753,719.33,0.131083678,314.6092189,175.8655556,240.9411111,0.988888889,0.002445349,-0.007659243,0.001036398,-0.5946593,0.2318965,-9.7575315,-0.111353,0.011581874,0.014328636,0.009010402,0,-2.84,-1.35,123.858
00:30.5,7,2.19,15.3720177,75.1274972,713.95,0.115434,342.3499,115.93,189.14,0.75,0.0065493,-0.01154413,0.001315295,-0.4986745,0.2023918,-9.753948,-0.1158521,0.011770998,0.013872172,0.009585919,0,-2.84,-1.35,123.856
00:30.5,7.181818182,2.148181818,15.37201721,75.12748689,712.2736364,0.106419893,315.5444136,115.92,191.0836364,0.797272727,0.006568628,-0.01135952,0.001135024,-0.50999915,0.1993692,-9.7492275,-0.1203512,0.011960122,0.013415708,0.010161436,0,-2.84,-1.35,123.854
00:30.5,7.363636364,2.106363636,15.37201672,75.12747658,710.5972727,0.097405785,288.7389273,115.91,193.0272727,0.844545455,0.006587956,-0.01117491,0.000954752,-0.5213238,0.1963466,-9.744507,-0.1248503,0.012149246,0.012959244,0.010736953,0,-2.84,-1.35,123.852
00:30.6,7.545454545,2.064545455,15.37201623,75.12746627,708.9209091,0.088391678,261.9334409,115.9,194.9709091,0.891818182,0.006550415,-0.01099693,0.000635312,-0.5232889,0.1861906,-9.752767,-0.1293494,0.01233837,0.01250278,0.01131247,0,-2.84,-1.35,123.85
00:30.6,7.727272727,2.022727273,15.37201574,75.12745596,707.2445455,0.079377571,235.1279545,115.89,196.9145455,0.939090909,0.006512873,-0.01081895,0.000315872,-0.525254,0.1760346,-9.761027,-0.13497328,0.012093298,0.012579886,0.010941066,0,-2.838,-1.352,123.846
00:30.6,7.909090909,1.980909091,15.37201525,75.12744565,705.5681818,0.070363464,208.3224682,115.88,198.8581818,0.986363636,0.006296474,-0.011165665,0.000288938,-0.5303935,0.1712399,-9.759053,-0.14059716,0.011848226,0.012656992,0.010569661,0,-2.836,-1.354,123.842
00:30.6,8.090909091,1.939090909,15.37201475,75.12743535,703.8918182,0.061349356,181.5169818,115.87,200.8018182,1.033636364,0.006080074,-0.01151238,0.000262005,-0.535533,0.1664452,-9.757079,-0.14622104,0.011603154,0.012734098,0.010198257,0,-2.834,-1.356,123.838
00:30.6,8.272727273,1.897272727,15.37201426,75.12742504,702.2154545,0.052335249,154.7114955,115.86,202.7454545,1.080909091,0.006136954,-0.01126395,0.000413382,-0.52779505,0.16713805,-9.7565635,-0.15184492,0.011358082,0.012811204,0.009826852,0,-2.832,-1.358,123.834
00:30.7,8.454545455,1.855454545,15.37201377,75.12741473,700.5390909,0.043321142,127.9060091,115.85,204.6890909,1.128181818,0.006193833,-0.01101552,0.00056476,-0.5200571,0.1678309,-9.756048,-0.1574688,0.01111301,0.01288831,0.009455448,0,-2.83,-1.36,123.83
00:30.7,8.636363636,1.813636364,15.37201328,75.12740442,698.8627273,0.034307035,101.1005227,115.84,206.6327273,1.175454545,0.006043102,-0.01116568,0.001026259,-0.4981779,0.15854005,-9.7548615,-0.134973258,0.011685368,0.013267878,0.009894062,0,-2.83,-1.362,123.828
00:30.7,8.818181818,1.771818182,15.37201279,75.12739411,697.1863636,0.025292927,74.29503636,115.83,208.5763636,1.222727273,0.00589237,-0.01131584,0.001487758,-0.4762987,0.1492492,-9.753675,-0.112477716,0.012257726,0.013647446,0.010332677,0,-2.83,-1.364,123.826
00:30.7,9,1.73,15.3720123,75.1273838,695.51,0.01627882,47.48955,115.82,210.52,1.27,0.005940751,-0.010945815,0.001434047,-0.48931875,0.1698742,-9.7588945,-0.089982174,0.012830084,0.014027014,0.010771291,0,-2.83,-1.366,123.824
00:30.7,9.666666667,1.672222222,15.37201004,75.12737817,692.8111111,0.019460177,63.49738889,113.2588889,207.3888889,1.28,0.005989132,-0.01057579,0.001380336,-0.5023388,0.1904992,-9.764114,-0.067486632,0.013402442,0.014406582,0.011209906,0,-2.83,-1.368,123.822
00:30.8,10.33333333,1.614444444,15.37200779,75.12737253,690.1122222,0.022641533,79.50522778,110.6977778,204.2577778,1.29,0.006108457,-0.01073658,0.001758156,-0.5099863,0.19059825,-9.764153,-0.04499109,0.0139748,0.01478615,0.01164852,0,-2.83,-1.37,123.82
00:30.8,11,1.556666667,15.37200553,75.1273669,687.4133333,0.02582289,95.51306667,108.1366667,201.1266667,1.3,0.006227782,-0.01089737,0.002135975,-0.5176338,0.1906973,-9.764192,-0.065237092,0.020310944,0.024658414,0.024247564,0,-2.83,-1.372,123.816
00:30.8,11.66666667,1.498888889,15.37200328,75.12736127,684.7144444,0.029004247,111.5209056,105.5755556,197.9955556,1.31,0.002931988,-0.005247895,0.00084764,-0.61882185,0.23512855,-9.7566045,-0.085483094,0.026647088,0.034530678,0.036846608,0,-2.83,-1.374,123.812
00:30.8,12.33333333,1.441111111,15.37200102,75.12735563,682.0155556,0.032185603,127.5287444,103.0144444,194.8644444,1.32,-0.000363806,0.00040158,-0.000440694,-0.7200099,0.2795598,-9.749017,-0.105729096,0.032983232,0.044402942,0.049445652,0,-2.83,-1.376,123.808
00:30.8,13,1.383333333,15.37199877,75.12735,679.3166667,0.03536696,143.5365833,100.4533333,191.7333333,1.33,-0.000460505,-0.0002783,-0.000234982,-0.72847305,0.2714682,-9.759224,-0.125975098,0.039319376,0.054275206,0.062044696,0,-2.83,-1.378,123.804
00:30.9,13.66666667,1.325555556,15.37199651,75.12734437,676.6177778,0.038548317,159.5444222,97.89222222,188.6022222,1.34,-0.000557204,-0.00095818,-2.93E-05,-0.7369362,0.2633766,-9.769431,-0.1462211,0.04565552,0.06414747,0.07464374,0,-2.83,-1.38,123.8
00:30.9,14.33333333,1.267777778,15.37199426,75.12733873,673.9188889,0.041729673,175.5522611,95.33111111,185.4711111,1.35,0.0031705,-0.00557994,0.000587505,-0.62834425,0.2104853,-9.7639895,-0.120351212,0.03999698,0.055363062,0.06180905,0,-2.83,-1.38,123.796
00:30.9,15,1.21,15.371992,75.1273331,671.22,0.04491103,191.5601,92.77,182.34,1.36,0.006898205,-0.0102017,0.001204281,-0.5197523,0.157594,-9.758548,-0.094481324,0.03433844,0.046578654,0.04897436,0,-2.83,-1.38,123.792
00:30.9,15,1.21,15.37199137,75.12732718,668.5727273,0.056537345,183.7935091,90.81272727,179.0545455,1.349090909,0.006727378,-0.01044659,0.001180503,-0.5121693,0.1459958,-9.759241,-0.068611436,0.0286799,0.037794246,0.03613967,0,-2.83,-1.38,123.788
00:30.9,15,1.21,15.37199075,75.12732126,665.9254545,0.068163661,176.0269182,88.85545455,175.7690909,1.338181818,0.006556551,-0.01069148,0.001156725,-0.5045863,0.1343976,-9.759934,-0.042741548,0.02302136,0.029009838,0.02330498,0,-2.83,-1.38,123.784
00:31.0,15,1.21,15.37199012,75.12731535,663.2781818,0.079789976,168.2603273,86.89818182,172.4836364,1.327272727,0.005952897,-0.01095804,0.001537824,-0.49820975,0.14178485,-9.7590515,-0.01687166,0.01736282,0.02022543,0.01047029,0,-2.83,-1.38,123.78
00:31.0,15,1.21,15.37198949,75.12730943,660.6309091,0.091416292,160.4937364,84.94090909,169.1981818,1.316363636,0.005349242,-0.0112246,0.001918923,-0.4918332,0.1491721,-9.758169,-0.038242428,0.017246572,0.020345568,0.010263354,0,-2.83,-1.382,123.776
00:31.0,15,1.21,15.37198886,75.12730351,657.9836364,0.103042607,152.7271455,82.98363636,165.9127273,1.305454545,0.00572854,-0.01128746,0.002421059,-0.49356805,0.1680522,-9.761067,-0.059613196,0.017130324,0.020465706,0.010056418,0,-2.83,-1.384,123.772
00:31.0,15,1.21,15.37198824,75.12729759,655.3363636,0.114668923,144.9605545,81.02636364,162.6272727,1.294545455,0.006107838,-0.01135032,0.002923194,-0.4953029,0.1869323,-9.763965,-0.080983964,0.017014076,0.020585844,0.009849482,0,-2.83,-1.386,123.768
00:31.0,15,1.21,15.37198761,75.12729167,652.6890909,0.126295238,137.1939636,79.06909091,159.3418182,1.283636364,0.003789805,-0.006339656,0.002733141,-0.61398125,0.2244956,-9.7609265,-0.102354732,0.016897828,0.020705982,0.009642546,0,-2.83,-1.388,123.764
00:31.1,15,1.21,15.37198698,75.12728575,650.0418182,0.137921554,129.4273727,77.11181818,156.0563636,1.272727273,0.001471772,-0.001328992,0.002543088,-0.7326596,0.2620589,-9.757888,-0.1237255,0.01678158,0.02082612,0.00943561,0,-2.83,-1.39,123.76
00:31.1,15,1.21,15.37198635,75.12727984,647.3945455,0.149547869,121.6607818,75.15454545,152.7709091,1.261818182,0.004007623,-0.006169646,0.001795527,-0.6351284,0.2433936,-9.7620325,-0.14059716,0.017495062,0.020895736,0.00930191,0,-2.83,-1.392,123.756
00:31.1,15,1.21,15.37198573,75.12727392,644.7472727,0.161174185,113.8941909,73.19727273,149.4854545,1.250909091,0.006543473,-0.0110103,0.001047965,-0.5375972,0.2247283,-9.766177,-0.15746882,0.018208544,0.020965352,0.00916821,0,-2.83,-1.394,123.752
00:31.1,15,1.21,15.3719851,75.127268,642.1,0.1728005,106.1276,71.24,146.2,1.24,0.006657383,-0.01128583,0.000119858,-0.5296611,0.21714475,-9.766255,-0.17434048,0.018922026,0.021034968,0.009034511,0,-2.83,-1.396,123.748
00:31.1,15.1,1.205,15.37198524,75.12726436,640.892,0.17485462,121.6222,69.994,141.671,1.199,0.006771293,-0.01156136,-0.000808249,-0.521725,0.2095612,-9.766333,-0.19121214,0.019635508,0.021104584,0.008900811,0,-2.83,-1.398,123.744
00:31.2,15.2,1.2,15.37198538,75.12726072,639.684,0.17690874,137.1168,68.748,137.142,1.158,0.006400773,-0.011245025,-8.25E-05,-0.5018952,0.1806156,-9.7664215,-0.2080838,0.02034899,0.0211742,0.008767111,0,-2.83,-1.4,123.74
00:31.2,15.3,1.195,15.37198552,75.12725708,638.476,0.17896286,152.6114,67.502,132.613,1.117,0.006030253,-0.01092869,0.000643193,-0.4820654,0.15167,-9.76651,-0.19458648,0.019994582,0.020696902,0.008728251,0,-2.83,-1.402,123.734
00:31.2,15.4,1.19,15.37198566,75.12725344,637.268,0.18101698,168.106,66.256,128.084,1.076,0.006044967,-0.01075893,0.00070804,-0.48481315,0.149505,-9.7662685,-0.18108916,0.019640174,0.020219604,0.00868939,0,-2.83,-1.404,123.728
00:31.2,15.5,1.185,15.3719858,75.1272498,636.06,0.1830711,183.6006,65.01,123.555,1.035,0.006059681,-0.01058917,0.000772887,-0.4875609,0.14734,-9.766027,-0.16759184,0.019285766,0.019742306,0.00865053,0,-2.83,-1.406,123.722
00:31.2,15.6,1.18,15.37198594,75.12724616,634.852,0.18512522,199.0952,63.764,119.026,0.994,0.001901191,-0.005693309,0.001088116,-0.6058223,0.1719863,-9.7585435,-0.15409452,0.018931358,0.019265008,0.008611669,0,-2.83,-1.408,123.716
00:31.3,15.7,1.175,15.37198608,75.12724252,633.644,0.18717934,214.5898,62.518,114.497,0.953,-0.002257298,-0.000797448,0.001403346,-0.7240837,0.1966326,-9.75106,-0.1405972,0.01857695,0.01878771,0.008572809,0,-2.83,-1.41,123.71
00:31.3,15.8,1.17,15.37198622,75.12723888,632.436,0.18923346,230.0844,61.272,109.968,0.912,0.001915229,-0.005680534,0.00173766,-0.63293455,0.18966205,-9.7576115,-0.16196796,0.01806653,0.019323998,0.008942783,0,-2.83,-1.41,123.708
00:31.3,15.9,1.165,15.37198636,75.12723524,631.228,0.19128758,245.579,60.026,105.439,0.871,0.006087755,-0.01056362,0.002071974,-0.5417854,0.1826915,-9.764163,-0.18333872,0.01755611,0.019860286,0.009312757,0,-2.83,-1.41,123.706
00:31.3,16,1.16,15.3719865,75.1272316,630.02,0.1933417,261.0736,58.78,100.91,0.83,0.006024445,-0.01078296,0.001839023,-0.54709245,0.2006191,-9.758509,-0.20470948,0.01704569,0.020396574,0.009682732,0,-2.83,-1.41,123.704
00:31.3,16.11111111,1.155555556,15.3719864,75.12723016,629.73,0.18034457,257.0654222,58.16555556,99.40444444,0.861111111,0.005961135,-0.0110023,0.001606072,-0.5523995,0.2185467,-9.752855,-0.22608024,0.01653527,0.020932862,0.010052706,0,-2.83,-1.41,123.702
00:31.4,16.22222222,1.151111111,15.3719863,75.12722871,629.44,0.16734744,253.0572444,57.55111111,97.89888889,0.892222222,0.006013128,-0.010901665,0.000907333,-0.54052185,0.21560005,-9.7623985,-0.247451,0.01602485,0.02146915,0.01042268,0,-2.83,-1.41,123.7
00:31.4,16.33333333,1.146666667,15.3719862,75.12722727,629.15,0.15435031,249.0490667,56.93666667,96.39333333,0.923333333,0.006065121,-0.01080103,0.000208593,-0.5286442,0.2126534,-9.771942,-0.23957756,0.016776372,0.020916582,0.010586662,0,-2.83,-1.41,123.694
00:31.4,16.44444444,1.142222222,15.3719861,75.12722582,628.86,0.14135318,245.0408889,56.32222222,94.88777778,0.954444444,0.002994435,-0.004801166,-0.000380815,-0.6153966,0.22281055,-9.7665805,-0.23170412,0.017527894,0.020364014,0.010750644,0,-2.83,-1.41,123.688
00:31.4,16.55555556,1.137777778,15.371986,75.12722438,628.57,0.12835605,241.0327111,55.70777778,93.38222222,0.985555556,-7.63E-05,0.001198699,-0.000970223,-0.702149,0.2329677,-9.761219,-0.22383068,0.018279416,0.019811446,0.010914626,0,-2.83,-1.41,123.682
00:31.4,16.66666667,1.133333333,15.3719859,75.12722293,628.28,0.11535892,237.0245333,55.09333333,91.87666667,1.016666667,-7.83E-05,-0.000469517,-0.000915753,-0.68193765,0.2221307,-9.751037,-0.21595724,0.019030938,0.019258878,0.011078608,0,-2.83,-1.41,123.676
00:31.5,16.77777778,1.128888889,15.3719858,75.12722149,627.99,0.10236179,233.0163556,54.47888889,90.37111111,1.047777778,-8.03E-05,-0.002137732,-0.000861283,-0.6617263,0.2112937,-9.740855,-0.2080838,0.01978246,0.01870631,0.01124259,0,-2.83,-1.41,123.67
00:31.5,16.88888889,1.124444444,15.3719857,75.12722004,627.7,0.08936466,229.0081778,53.86444444,88.86555556,1.078888889,0.003245493,-0.006660401,8.54E-05,-0.5738652,0.1762842,-9.757477,-0.22608024,0.026070056,0.02759864,0.024354006,0,-2.83,-1.412,123.666
00:31.5,17,1.12,15.3719856,75.1272186,627.41,0.07636753,225,53.25,87.36,1.11,0.006571251,-0.01118307,0.001032155,-0.4860041,0.1412747,-9.774099,-0.24407668,0.032357652,0.03649097,0.037465422,0,-2.83,-1.414,123.662
00:31.5,17,1.12,15.37198562,75.12721776,627.2627273,0.078175471,214.9001818,52.99,86.72181818,1.09,0.006401915,-0.010790485,0.00127867,-0.5004555,0.14836275,-9.7688205,-0.26207312,0.038645248,0.0453833,0.050576838,0,-2.83,-1.416,123.658
00:31.5,17,1.12,15.37198564,75.12721693,627.1154545,0.079983412,204.8003636,52.73,86.08363636,1.07,0.006232579,-0.0103979,0.001525185,-0.5149069,0.1554508,-9.763542,-0.28006956,0.044932844,0.05427563,0.063688254,0,-2.83,-1.418,123.654
00:31.6,17,1.12,15.37198565,75.12721609,626.9681818,0.081791353,194.7005455,52.47,85.44545455,1.05,0.006269815,-0.01044138,0.001605895,-0.53248,0.17170685,-9.7629525,-0.298066,0.05122044,0.06316796,0.07679967,0,-2.83,-1.42,123.65
00:31.6,17,1.12,15.37198567,75.12721525,626.8209091,0.083599294,184.6007273,52.21,84.80727273,1.03,0.006307052,-0.01048486,0.001686604,-0.5500531,0.1879629,-9.762363,-0.241827132,0.050103228,0.063719284,0.075775874,0,-2.83,-1.42,123.646
00:31.6,17,1.12,15.37198569,75.12721442,626.6736364,0.085407235,174.5009091,51.95,84.16909091,1.01,0.003013977,-0.006690804,0.000928543,-0.6386525,0.2145317,-9.760845,-0.185588264,0.048986016,0.064270608,0.074752078,0,-2.83,-1.42,123.642
00:31.6,17,1.12,15.37198571,75.12721358,626.5263636,0.087215175,164.4010909,51.69,83.53090909,0.99,-0.000279098,-0.002896747,0.000170482,-0.7272519,0.2411005,-9.759327,-0.129349396,0.047868804,0.064821932,0.073728282,0,-2.83,-1.42,123.638
00:31.6,17,1.12,15.37198573,75.12721275,626.3790909,0.089023116,154.3012727,51.43,82.89272727,0.97,-0.000124382,-0.002222544,0.000675406,-0.7228921,0.2444134,-9.7496335,-0.073110528,0.046751592,0.065373256,0.072704486,0,-2.83,-1.42,123.634
00:31.7,17,1.12,15.37198575,75.12721191,626.2318182,0.090831057,144.2014545,51.17,82.25454545,0.95,3.03E-05,-0.001548341,0.001180329,-0.7185323,0.2477263,-9.73994,-0.01687166,0.04563438,0.06592458,0.07168069,0,-2.83,-1.42,123.63
00:31.7,17,1.12,15.37198576,75.12721107,626.0845455,0.092638998,134.1016364,50.91,81.61636364,0.93,0.003316387,-0.006065486,0.000671589,-0.61006255,0.21214555,-9.7587855,-0.032618542,0.039980654,0.055649292,0.059187618,0,-2.83,-1.42,123.626
00:31.7,17,1.12,15.37198578,75.12721024,625.9372727,0.094446939,124.0018182,50.65,80.97818182,0.91,0.00660244,-0.01058263,0.00016285,-0.5015928,0.1765648,-9.777631,-0.048365424,0.034326928,0.045374004,0.046694546,0,-2.83,-1.42,123.622
00:31.7,17,1.12,15.3719858,75.1272094,625.79,0.09625488,113.902,50.39,80.34,0.89,0.006267241,-0.01091178,0.000861932,-0.49067715,0.1695459,-9.773508,-0.064112306,0.028673202,0.035098716,0.034201473,0,-2.83,-1.42,123.618
00:31.7,17,1.12,15.37198583,75.12720869,625.658,0.095531639,104.009088,50.128,79.746,0.908,0.005932043,-0.01124093,0.001561015,-0.4797615,0.162527,-9.769385,-0.079859188,0.023019476,0.024823428,0.021708401,0,-2.83,-1.42,123.614
00:31.8,17,1.12,15.37198586,75.12720798,625.526,0.094808398,94.116176,49.866,79.152,0.926,0.00592713,-0.01097449,0.001256495,-0.4813728,0.1570835,-9.77007,-0.09560607,0.01736575,0.01454814,0.009215329,0,-2.83,-1.42,123.61
00:31.8,17,1.12,15.37198589,75.12720727,625.394,0.094085157,84.223264,49.604,78.558,0.944,0.005922217,-0.01070805,0.000951976,-0.4829841,0.15164,-9.770755,-0.091106962,0.017984732,0.014984822,0.009040814,0,-2.83,-1.42,123.608
00:31.8,17,1.12,15.37198592,75.12720656,625.262,0.093361916,74.330352,49.342,77.964,0.962,0.005936131,-0.011002895,0.001666852,-0.4980154,0.15892085,-9.7698005,-0.086607854,0.018603714,0.015421504,0.0088663,0,-2.83,-1.42,123.606
00:31.8,17,1.12,15.37198595,75.12720585,625.13,0.092638675,64.43744,49.08,77.37,0.98,0.005950045,-0.01129774,0.002381729,-0.5130467,0.1662017,-9.768846,-0.082108746,0.019222696,0.015858186,0.008691785,0,-2.83,-1.42,123.604
00:31.8,17,1.12,15.37198598,75.12720514,624.998,0.091915434,54.544528,48.818,76.776,0.998,0.002728774,-0.005370096,0.001959848,-0.62646955,0.20776745,-9.760582,-0.077609638,0.019841678,0.016294868,0.008517271,0,-2.83,-1.42,123.602
00:31.9,17,1.12,15.37198601,75.12720443,624.866,0.091192193,44.651616,48.556,76.182,1.016,-0.000492497,0.000557548,0.001537966,-0.7398924,0.2493332,-9.752318,-0.07311053,0.02046066,0.01673155,0.008342756,0,-2.83,-1.42,123.6
00:31.9,17,1.12,15.37198604,75.12720372,624.734,0.090468952,34.758704,48.294,75.588,1.034,0.002779987,-0.005231676,0.001080321,-0.63986655,0.2242512,-9.760722,-0.079859204,0.019722744,0.015940416,0.008442086,0,-2.83,-1.42,123.596
00:31.9,17,1.12,15.37198607,75.12720301,624.602,0.089745711,24.865792,48.032,74.994,1.052,0.00605247,-0.0110209,0.000622676,-0.5398407,0.1991692,-9.769126,-0.086607878,0.018984828,0.015149282,0.008541415,0,-2.83,-1.42,123.592
00:31.9,17,1.12,15.3719861,75.1272023,624.47,0.08902247,14.97288,47.77,74.4,1.07,0.006568306,-0.010899685,0.00081797,-0.5320031,0.2016775,-9.770106,-0.093356552,0.018246912,0.014358148,0.008640745,0,-2.83,-1.42,123.588
00:31.9,17,1.12,15.37198619,75.12720157,624.37,0.097372763,20.894737,47.388,73.712,1.031,0.007084141,-0.01077847,0.001013264,-0.5241655,0.2041858,-9.771086,-0.100105226,0.017508996,0.013567014,0.008740074,0,-2.83,-1.42,123.584
00:32.0,17,1.12,15.37198628,75.12720084,624.27,0.105723056,26.816594,47.006,73.024,0.992,0.006856953,-0.01070548,0.000775406,-0.5076252,0.1885019,-9.7720165,-0.1068539,0.01677108,0.01277588,0.008839404,0,-2.83,-1.42,123.58
00:32.0,17,1.12,15.37198637,75.12720011,624.17,0.114073349,32.738451,46.624,72.336,0.953,0.006629765,-0.01063249,0.000537547,-0.4910849,0.172818,-9.772947,-0.13834766,0.016272556,0.013227646,0.008869188,0,-2.83,-1.42,123.576
00:32.0,17,1.12,15.37198646,75.12719938,624.07,0.122423642,38.660308,46.242,71.648,0.914,0.002601064,-0.006066356,0.000657051,-0.5941869,0.1957949,-9.7630095,-0.16984142,0.015774032,0.013679412,0.008898972,0,-2.83,-1.42,123.572
00:32.0,17,1.12,15.37198655,75.12719865,623.97,0.130773935,44.582165,45.86,70.96,0.875,-0.001427638,-0.001500222,0.000776555,-0.6972889,0.2187718,-9.753072,-0.20133518,0.015275508,0.014131178,0.008928756,0,-2.83,-1.42,123.568
00:32.0,17,1.12,15.37198664,75.12719792,623.87,0.139124228,50.504022,45.478,70.272,0.836,-0.001095324,-0.00101416,0.001689577,-0.70410425,0.2040043,-9.753551,-0.23282894,0.014776984,0.014582944,0.00895854,0,-2.83,-1.42,123.564
00:32.1,17,1.12,15.37198673,75.12719719,623.77,0.147474521,56.425879,45.096,69.584,0.797,-0.00076301,-0.000528098,0.0026026,-0.7109196,0.1892368,-9.75403,-0.2643227,0.01427846,0.01503471,0.008988324,0,-2.83,-1.42,123.56
00:32.1,17,1.12,15.37198682,75.12719646,623.67,0.155824814,62.347736,44.714,68.896,0.758,0.002549807,-0.005770829,0.002213982,-0.6172219,0.1742806,-9.7660505,-0.2541997,0.014161412,0.015556702,0.008877265,0,-2.832,-1.42,123.556
00:32.1,17,1.12,15.37198691,75.12719573,623.57,0.164175107,68.269593,44.332,68.208,0.719,0.005862624,-0.01101356,0.001825363,-0.5235242,0.1593244,-9.778071,-0.2440767,0.014044364,0.016078694,0.008766205,0,-2.834,-1.42,123.552
00:32.1,17,1.12,15.371987,75.127195,623.47,0.1725254,74.19145,43.95,67.52,0.68,0.005965691,-0.01090364,0.001716065,-0.53057575,0.17855145,-9.7725505,-0.2339537,0.013927316,0.016600686,0.008655146,0,-2.836,-1.42,123.548
00:32.1,17,1.12,15.37198696,75.12719518,623.4127273,0.175312155,76.68692727,43.65,67.03636364,0.7,0.006068757,-0.01079372,0.001606767,-0.5376273,0.1977785,-9.76703,-0.2238307,0.013810268,0.017122678,0.008544086,0,-2.838,-1.42,123.544
00:32.2,17,1.12,15.37198693,75.12719536,623.3554545,0.178098909,79.18240455,43.35,66.55272727,0.72,0.006227396,-0.010677395,0.001652019,-0.53498065,0.20271115,-9.772912,-0.2137077,0.01369322,0.01764467,0.008433027,0,-2.84,-1.42,123.54
00:32.2,17,1.12,15.37198689,75.12719555,623.2981818,0.180885664,81.67788182,43.05,66.06909091,0.74,0.006386034,-0.01056107,0.001697271,-0.532334,0.2076438,-9.778794,-0.20470948,0.013996524,0.016890206,0.00847157,0,-2.84,-1.42,123.536
00:32.2,17,1.12,15.37198685,75.12719573,623.2409091,0.183672418,84.17335909,42.75,65.58545455,0.76,0.006516746,-0.010775285,0.001176713,-0.5183894,0.2077407,-9.7767875,-0.19571126,0.014299828,0.016135742,0.008510112,0,-2.84,-1.42,123.532
00:32.2,17,1.12,15.37198682,75.12719591,623.1836364,0.186459173,86.66883636,42.45,65.10181818,0.78,0.006647457,-0.0109895,0.000656155,-0.5044448,0.2078376,-9.774781,-0.18671304,0.014603132,0.015381278,0.008548655,0,-2.84,-1.42,123.528
00:32.2,17,1.12,15.37198678,75.12719609,623.1263636,0.189245927,89.16431364,42.15,64.61818182,0.8,0.002368792,-0.005675942,0.000278518,-0.5996685,0.23033155,-9.768622,-0.17771482,0.014906436,0.014626814,0.008587197,0,-2.84,-1.42,123.524
00:32.3,17,1.12,15.37198675,75.12719627,623.0690909,0.192032682,91.65979091,41.85,64.13454545,0.82,-0.001909874,-0.000362383,-9.91E-05,-0.6948922,0.2528255,-9.762463,-0.1687166,0.01520974,0.01387235,0.00862574,0,-2.84,-1.42,123.52
00:32.3,17,1.12,15.37198671,75.12719645,623.0118182,0.194819436,94.15526818,41.55,63.65090909,0.84,0.002264688,-0.005765367,-1.82E-05,-0.5967508,0.2119326,-9.766537,-0.17546526,0.022277884,0.024048218,0.022181222,0,-2.84,-1.42,123.516
00:32.3,17,1.12,15.37198667,75.12719664,622.9545455,0.197606191,96.65074545,41.25,63.16727273,0.86,0.006439249,-0.01116835,6.26E-05,-0.4986094,0.1710397,-9.770611,-0.18221392,0.029346028,0.034224086,0.035736704,0,-2.84,-1.42,123.512
00:32.3,17,1.12,15.37198664,75.12719682,622.8972727,0.200392945,99.14622273,40.95,62.68363636,0.88,0.006411009,-0.011053865,0.000360634,-0.5082629,0.16825435,-9.7797225,-0.18896258,0.036414172,0.044399954,0.049292186,0,-2.84,-1.42,123.508
00:32.3,17,1.12,15.3719866,75.127197,622.84,0.2031797,101.6417,40.65,62.2,0.9,0.006382769,-0.01093938,0.000658636,-0.5179164,0.165469,-9.788834,-0.19571124,0.043482316,0.054575822,0.062847668,0,-2.84,-1.42,123.504
00:32.4,17,1.12,15.37198654,75.12719737,622.79,0.193579467,97.59157667,40.37111111,61.66777778,0.907777778,0.006567748,-0.01087171,0.000963143,-0.52684065,0.1679138,-9.7811155,-0.2024599,0.05055046,0.06475169,0.07640315,0,-2.84,-1.42,123.5
00:32.4,17,1.12,15.37198649,75.12719773,622.74,0.183979233,93.54145333,40.09222222,61.13555556,0.915555556,0.006752727,-0.01080404,0.00126765,-0.5357649,0.1703586,-9.773397,-0.20470946,0.050419342,0.064796508,0.076032292,0,-2.84,-1.42,123.496
00:32.4,17,1.12,15.37198643,75.1271981,622.69,0.174379,89.49133,39.81333333,60.60333333,0.923333333,0.003081407,-0.006928556,0.001475459,-0.63441385,0.2028295,-9.7549685,-0.20695902,0.050288224,0.064841326,0.075661434,0,-2.84,-1.42,123.492
00:32.4,17,1.12,15.37198638,75.12719847,622.64,0.164778767,85.44120667,39.53444444,60.07111111,0.931111111,-0.000589913,-0.003053072,0.001683268,-0.7330628,0.2353004,-9.73654,-0.20920858,0.050157106,0.064886144,0.075290576,0,-2.84,-1.42,123.488
00:32.4,17,1.12,15.37198632,75.12719883,622.59,0.155178533,81.39108333,39.25555556,59.53888889,0.938888889,0.002946781,-0.006585646,0.001490013,-0.6282705,0.201923,-9.7559665,-0.21145814,0.050025988,0.064930962,0.074919718,0,-2.84,-1.42,123.484
00:32.5,17,1.12,15.37198627,75.1271992,622.54,0.1455783,77.34096,38.97666667,59.00666667,0.946666667,0.006483475,-0.01011822,0.001296757,-0.5234782,0.1685456,-9.775393,-0.2137077,0.04989487,0.06497578,0.07454886,0,-2.84,-1.42,123.48
00:32.5,17,1.12,15.37198621,75.12719957,622.49,0.135978067,73.29083667,38.69777778,58.47444444,0.954444444,0.006297829,-0.01047017,0.001533778,-0.5111334,0.1772109,-9.7772665,-0.23170414,0.044416086,0.054380526,0.064366466,0,-2.84,-1.42,123.478
00:32.5,17,1.12,15.37198616,75.12719993,622.44,0.126377833,69.24071333,38.41888889,57.94222222,0.962222222,0.006112183,-0.01082212,0.001770799,-0.4987886,0.1858762,-9.77914,-0.24970058,0.038937302,0.043785272,0.054184072,0,-2.84,-1.42,123.476
00:32.5,17,1.12,15.3719861,75.1272003,622.39,0.1167776,65.19059,38.14,57.41,0.97,0.006168521,-0.010526885,0.001913464,-0.48679595,0.19318385,-9.7926385,-0.26769702,0.033458518,0.033190018,0.044001678,0,-2.84,-1.42,123.474
00:32.5,16.9,1.158,15.37198612,75.12720068,622.358,0.11601634,70.163711,37.893,56.941,0.969,0.006224859,-0.01023165,0.002056129,-0.4748033,0.2004915,-9.806137,-0.28569346,0.027979734,0.022594764,0.033819284,0,-2.84,-1.42,123.472
00:32.6,16.8,1.196,15.37198614,75.12720106,622.326,0.11525508,75.136832,37.646,56.472,0.968,0.00614865,-0.010538225,0.001282789,-0.4966883,0.19775605,-9.8086585,-0.3036899,0.02250095,0.01199951,0.02363689,0,-2.84,-1.42,123.47
00:32.6,16.7,1.234,15.37198616,75.12720144,622.294,0.11449382,80.109953,37.399,56.003,0.967,0.006072441,-0.0108448,0.000509449,-0.5185733,0.1950206,-9.81118,-0.30031556,0.02402171,0.012531808,0.024660236,0,-2.84,-1.42,123.466
00:32.6,16.6,1.272,15.37198618,75.12720182,622.262,0.11373256,85.083074,37.152,55.534,0.966,0.005968181,-0.01105718,0.001220099,-0.5299035,0.1897147,-9.7858545,-0.29694122,0.02554247,0.013064106,0.025683582,0,-2.84,-1.42,123.462
00:32.6,16.5,1.31,15.3719862,75.1272022,622.23,0.1129713,90.056195,36.905,55.065,0.965,0.005863922,-0.01126956,0.001930749,-0.5412337,0.1844088,-9.760529,-0.29356688,0.02706323,0.013596404,0.026706928,0,-2.84,-1.42,123.458
00:32.6,16.4,1.348,15.37198622,75.12720258,622.198,0.11221004,95.029316,36.658,54.596,0.964,0.006344112,-0.010954065,0.001398859,-0.5464498,0.1727965,-9.7725785,-0.29019254,0.02858399,0.014128702,0.027730274,0,-2.84,-1.42,123.454
00:32.7,16.3,1.386,15.37198624,75.12720296,622.166,0.11144878,100.002437,36.411,54.127,0.963,0.006824302,-0.01063857,0.000866968,-0.5516659,0.1611842,-9.784628,-0.2868182,0.03010475,0.014661,0.02875362,0,-2.84,-1.42,123.45
00:32.7,16.2,1.424,15.37198626,75.12720334,622.134,0.11068752,104.975558,36.164,53.658,0.962,0.006473036,-0.011009185,0.000464265,-0.5445428,0.1694964,-9.785059,-0.28006954,0.029368774,0.01492544,0.026866744,0,-2.84,-1.42,123.446
00:32.7,16.1,1.462,15.37198628,75.12720372,622.102,0.10992626,109.948679,35.917,53.189,0.961,0.00612177,-0.0113798,6.16E-05,-0.5374197,0.1778086,-9.78549,-0.27332088,0.028632798,0.01518988,0.024979868,0,-2.84,-1.42,123.442
00:32.7,16,1.5,15.3719863,75.1272041,622.07,0.109165,114.9218,35.67,52.72,0.96,0.006247685,-0.010697545,0.001362783,-0.50492505,0.1786985,-9.7785895,-0.26657222,0.027896822,0.01545432,0.023092992,0,-2.84,-1.42,123.438
00:32.7,16,1.5,15.37198621,75.12720479,622.072,0.11233963,111.777639,35.425,52.461,0.928,0.0063736,-0.01001529,0.002664004,-0.4724304,0.1795884,-9.771689,-0.25982356,0.027160846,0.01571876,0.021206116,0,-2.84,-1.42,123.434
00:32.8,16,1.5,15.37198612,75.12720548,622.074,0.11551426,108.633478,35.18,52.202,0.896,0.00247207,-0.004620062,0.003149111,-0.5911633,0.19453165,-9.770194,-0.2530749,0.02642487,0.0159832,0.01931924,0,-2.84,-1.42,123.43
00:32.8,16,1.5,15.37198603,75.12720617,622.076,0.11868889,105.489317,34.935,51.943,0.864,-0.001429461,0.000775166,0.003634217,-0.7098962,0.2094749,-9.768699,-0.25982356,0.030835732,0.016760374,0.020818652,0,-2.842,-1.42,123.428
00:32.8,16,1.5,15.37198594,75.12720686,622.078,0.12186352,102.345156,34.69,51.684,0.832,0.002354517,-0.004922137,0.003007312,-0.5658707,0.1981869,-9.7894775,-0.26657222,0.035246594,0.017537548,0.022318064,0,-2.844,-1.42,123.426
00:32.8,16,1.5,15.37198585,75.12720755,622.08,0.12503815,99.200995,34.445,51.425,0.8,0.006138495,-0.01061944,0.002380407,-0.4218452,0.1868989,-9.810256,-0.27332088,0.039657456,0.018314722,0.023817476,0,-2.846,-1.42,123.424
00:32.8,16,1.5,15.37198576,75.12720824,622.082,0.12821278,96.056834,34.2,51.166,0.768,0.006088187,-0.011000165,0.000895304,-0.49951415,0.20564275,-9.7875795,-0.28006954,0.044068318,0.019091896,0.025316888,0,-2.848,-1.42,123.422
00:32.9,16,1.5,15.37198567,75.12720893,622.084,0.13138741,92.912673,33.955,50.907,0.736,0.006037878,-0.01138089,-0.000589798,-0.5771831,0.2243866,-9.764903,-0.2868182,0.04847918,0.01986907,0.0268163,0,-2.85,-1.42,123.42
00:32.9,16,1.5,15.37198558,75.12720962,622.086,0.13456204,89.768512,33.71,50.648,0.704,0.006285927,-0.011343295,-0.000394241,-0.5434244,0.218767,-9.7579105,-0.28119432,0.046812494,0.021986994,0.02792856,0,-2.85,-1.42,123.416
00:32.9,16,1.5,15.37198549,75.12721031,622.088,0.13773667,86.624351,33.465,50.389,0.672,0.006533975,-0.0113057,-0.000198684,-0.5096657,0.2131474,-9.750918,-0.27557044,0.045145808,0.024104918,0.02904082,0,-2.85,-1.42,123.412
00:32.9,16,1.5,15.3719854,75.127211,622.09,0.1409113,83.48019,33.22,50.13,0.64,0.004020749,-0.00726972,0.00131576,-0.61762735,0.20095145,-9.760913,-0.26994656,0.043479122,0.026222842,0.03015308,0,-2.85,-1.42,123.408
00:32.9,16,1.5,15.37198528,75.12721149,622.111,0.132364537,88.046571,33.039,49.939,0.681,0.001507523,-0.00323374,0.002830204,-0.725589,0.1887555,-9.770908,-0.26432268,0.041812436,0.028340766,0.03126534,0,-2.85,-1.42,123.404
00:33.0,16,1.5,15.37198516,75.12721198,622.132,0.123817774,92.612952,32.858,49.748,0.722,0.000123665,-0.003117937,0.00183252,-0.72500155,0.19342805,-9.7694825,-0.2586988,0.04014575,0.03045869,0.0323776,0,-2.85,-1.42,123.4
00:33.0,16,1.5,15.37198504,75.12721247,622.153,0.115271011,97.179333,32.677,49.557,0.763,-0.001260193,-0.003002134,0.000834837,-0.7244141,0.1981006,-9.768057,-0.26432268,0.038655454,0.029536894,0.03056543,0,-2.85,-1.42,123.396
00:33.0,16,1.5,15.37198492,75.12721296,622.174,0.106724248,101.745714,32.496,49.366,0.804,0.002628973,-0.007212102,0.001092992,-0.59896135,0.15713885,-9.7627715,-0.26994656,0.037165158,0.028615098,0.02875326,0,-2.85,-1.42,123.392
00:33.0,16,1.5,15.3719848,75.12721345,622.195,0.098177485,106.312095,32.315,49.175,0.845,0.006518138,-0.01142207,0.001351148,-0.4735086,0.1161771,-9.757486,-0.27557044,0.035674862,0.027693302,0.02694109,0,-2.85,-1.42,123.388
00:33.0,16,1.5,15.37198468,75.12721394,622.216,0.089630722,110.878476,32.134,48.984,0.886,0.006213723,-0.01132226,0.001791572,-0.47897615,0.14128265,-9.772145,-0.28119432,0.034184566,0.026771506,0.02512892,0,-2.85,-1.42,123.384
00:33.1,16,1.5,15.37198456,75.12721443,622.237,0.081083959,115.444857,31.953,48.793,0.927,0.005909308,-0.01122245,0.002231995,-0.4844437,0.1663882,-9.786804,-0.2868182,0.03269427,0.02584971,0.02331675,0,-2.85,-1.42,123.38
00:33.1,16,1.5,15.37198444,75.12721492,622.258,0.072537196,120.011238,31.772,48.602,0.968,0.006112822,-0.01103571,0.002662216,-0.4745693,0.19307015,-9.7895965,-0.28794298,0.032375868,0.025457592,0.021900098,0,-2.85,-1.42,123.378
00:33.1,16,1.5,15.37198432,75.12721541,622.279,0.063990433,124.577619,31.591,48.411,1.009,0.006316336,-0.01084897,0.003092437,-0.4646949,0.2197521,-9.792389,-0.28906776,0.032057466,0.025065474,0.020483446,0,-2.85,-1.42,123.376
00:33.1,16,1.5,15.3719842,75.1272159,622.3,0.05544367,129.144,31.41,48.22,1.05,0.006141647,-0.01100353,0.002369352,-0.5107429,0.2238341,-9.7876425,-0.29019254,0.031739064,0.024673356,0.019066794,0,-2.85,-1.42,123.374
00:33.1,16.1,1.466,15.37198409,75.12721641,622.33,0.054503649,151.98064,31.222,47.995,0.978,0.005966958,-0.01115809,0.001646266,-0.5567909,0.2279161,-9.782896,-0.29131732,0.031420662,0.024281238,0.017650142,0,-2.85,-1.42,123.372
00:33.2,16.2,1.432,15.37198398,75.12721692,622.36,0.053563628,174.81728,31.034,47.77,0.906,0.001685964,-0.006723646,0.000535425,-0.6479967,0.24276425,-9.770286,-0.2924421,0.03110226,0.02388912,0.01623349,0,-2.85,-1.42,123.37
00:33.2,16.3,1.398,15.37198387,75.12721743,622.39,0.052623607,197.65392,30.846,47.545,0.834,-0.002595031,-0.002289201,-0.000575417,-0.7392025,0.2576124,-9.757676,-0.31493766,0.03367754,0.03290893,0.02777918,0,-2.85,-1.42,123.368
00:33.2,16.4,1.364,15.37198376,75.12721794,622.42,0.051683586,220.49056,30.658,47.32,0.762,0.002056221,-0.006675136,0.000271315,-0.6505775,0.2061219,-9.7695295,-0.33743322,0.03625282,0.04192874,0.03932487,0,-2.85,-1.42,123.366
00:33.2,16.5,1.33,15.37198365,75.12721845,622.45,0.050743565,243.3272,30.47,47.095,0.69,0.006707473,-0.01106107,0.001118046,-0.5619525,0.1546314,-9.781383,-0.35992878,0.0388281,0.05094855,0.05087056,0,-2.85,-1.42,123.364
00:33.2,16.6,1.296,15.37198354,75.12721896,622.48,0.049803544,266.16384,30.282,46.87,0.618,0.006379686,-0.011009585,0.001365395,-0.54461285,0.147617,-9.780482,-0.38242434,0.04140338,0.05996836,0.06241625,0,-2.85,-1.42,123.362
00:33.3,16.7,1.262,15.37198343,75.12721947,622.51,0.048863523,289.00048,30.094,46.645,0.546,0.006051899,-0.0109581,0.001612743,-0.5272732,0.1406026,-9.779581,-0.4049199,0.04397866,0.06898817,0.07396194,0,-2.85,-1.42,123.36
00:33.3,16.8,1.228,15.37198332,75.12721998,622.54,0.047923502,311.83712,29.906,46.42,0.474,0.005940135,-0.01104222,0.001642069,-0.5128082,0.1416659,-9.7803425,-0.34643146,0.039607808,0.059579876,0.061371508,0,-2.85,-1.42,123.358
00:33.3,16.9,1.194,15.37198321,75.12722049,622.57,0.046983481,334.67376,29.718,46.195,0.402,0.00582837,-0.01112634,0.001671395,-0.4983432,0.1427292,-9.781104,-0.28794302,0.035236956,0.050171582,0.048781076,0,-2.85,-1.42,123.356
00:33.3,17,1.16,15.3719831,75.127221,622.6,0.04604346,357.5104,29.53,45.97,0.33,0.00626682,-0.01114745,0.001782574,-0.4854893,0.1553313,-9.7860415,-0.22945458,0.030866104,0.040763288,0.036190644,0,-2.85,-1.42,123.354
00:33.3,17,1.16,15.37198306,75.12722126,622.616,0.049270462,330.24654,29.451,45.874,0.367,0.006705269,-0.01116856,0.001893753,-0.4726354,0.1679334,-9.790979,-0.17096614,0.026495252,0.031354994,0.023600212,0,-2.85,-1.42,123.352
00:33.4,17,1.16,15.37198302,75.12722152,622.632,0.052497464,302.98268,29.372,45.778,0.404,0.00220594,-0.006678091,0.002050723,-0.57232335,0.22382685,-9.772871,-0.1124777,0.0221244,0.0219467,0.01100978,0,-2.85,-1.42,123.35
00:33.4,17,1.16,15.37198298,75.12722178,622.648,0.055724466,275.71882,29.293,45.682,0.441,-0.002293388,-0.002187622,0.002207692,-0.6720113,0.2797203,-9.754763,-0.13497326,0.021663136,0.022030742,0.011313,0,-2.852,-1.42,123.35
00:33.4,17,1.16,15.37198294,75.12722204,622.664,0.058951468,248.45496,29.214,45.586,0.478,0.00191775,-0.006878641,0.002830955,-0.5959537,0.25463995,-9.770163,-0.15746882,0.021201872,0.022114784,0.01161622,0,-2.854,-1.42,123.35
00:33.4,17,1.16,15.3719829,75.1272223,622.68,0.06217847,221.1911,29.135,45.49,0.515,0.006128888,-0.01156966,0.003454218,-0.5198961,0.2295596,-9.785563,-0.17996438,0.020740608,0.022198826,0.01191944,0,-2.856,-1.42,123.35
00:33.4,17,1.16,15.37198286,75.12722256,622.696,0.065405472,193.92724,29.056,45.394,0.552,0.006119896,-0.01107528,0.001761714,-0.52534775,0.22831565,-9.785197,-0.20245994,0.020279344,0.022282868,0.01222266,0,-2.858,-1.42,123.35
00:33.5,17,1.16,15.37198282,75.12722282,622.712,0.068632474,166.66338,28.977,45.298,0.589,0.006110905,-0.0105809,6.92E-05,-0.5307994,0.2270717,-9.784831,-0.2249555,0.01981808,0.02236691,0.01252588,0,-2.86,-1.42,123.35
00:33.5,17,1.16,15.37198278,75.12722308,622.728,0.071859476,139.39952,28.898,45.202,0.626,0.006167032,-0.01070395,-0.000462372,-0.5192384,0.2100193,-9.788376,-0.2294546,0.018529108,0.022562596,0.012559782,0,-2.86,-1.42,123.346
00:33.5,17,1.16,15.37198274,75.12722334,622.744,0.075086478,112.13566,28.819,45.106,0.663,0.006223159,-0.010827,-0.000993953,-0.5076774,0.1929669,-9.791921,-0.2339537,0.017240136,0.022758282,0.012593684,0,-2.86,-1.42,123.342
00:33.5,17,1.16,15.3719827,75.1272236,622.76,0.07831348,84.8718,28.74,45.01,0.7,0.006068684,-0.01104961,0.000332834,-0.514751,0.17270735,-9.7873175,-0.2384528,0.015951164,0.022953968,0.012627586,0,-2.86,-1.42,123.338
00:33.5,16.9,1.199,15.37198266,75.12722405,622.778,0.076526138,78.018224,28.65,44.901,0.671,0.00591421,-0.01127222,0.001659621,-0.5218246,0.1524478,-9.782714,-0.2429519,0.014662192,0.023149654,0.012661488,0,-2.86,-1.42,123.334
00:33.6,16.8,1.238,15.37198262,75.1272245,622.796,0.074738796,71.164648,28.56,44.792,0.642,0.002424086,-0.005851235,0.001919459,-0.62246195,0.181109,-9.7632455,-0.247451,0.01337322,0.02334534,0.01269539,0,-2.86,-1.42,123.33
00:33.6,16.7,1.277,15.37198258,75.12722495,622.814,0.072951454,64.311072,28.47,44.683,0.613,-0.001066039,-0.00043025,0.002179296,-0.7230993,0.2097702,-9.743777,-0.26994656,0.014214504,0.021845734,0.012151151,0,-2.86,-1.42,123.328
00:33.6,16.6,1.316,15.37198254,75.1272254,622.832,0.071164112,57.457496,28.38,44.574,0.584,0.002629293,-0.005579005,0.00116569,-0.62473565,0.17719155,-9.7620345,-0.29244212,0.015055788,0.020346128,0.011606912,0,-2.86,-1.42,123.326
00:33.6,16.5,1.355,15.3719825,75.12722585,622.85,0.06937677,50.60392,28.29,44.465,0.555,0.006324626,-0.01072776,0.000152084,-0.526372,0.1446129,-9.780292,-0.31493768,0.015897072,0.018846522,0.011062673,0,-2.86,-1.42,123.324
00:33.6,16.4,1.394,15.37198246,75.1272263,622.868,0.067589428,43.750344,28.2,44.356,0.526,0.006233442,-0.011179915,0.000926234,-0.50831005,0.15240505,-9.7817405,-0.33743324,0.016738356,0.017346916,0.010518434,0,-2.86,-1.42,123.322
00:33.7,16.3,1.433,15.37198242,75.12722675,622.886,0.065802086,36.896768,28.11,44.247,0.497,0.006142258,-0.01163207,0.001700384,-0.4902481,0.1601972,-9.783189,-0.3599288,0.01757964,0.01584731,0.009974195,0,-2.86,-1.42,123.32
00:33.7,16.2,1.472,15.37198238,75.1272272,622.904,0.064014744,30.043192,28.02,44.138,0.468,0.005971435,-0.011493245,0.002341507,-0.5003052,0.17846525,-9.785611,-0.30931382,0.01725151,0.016773834,0.010374374,0,-2.86,-1.42,123.318
00:33.7,16.1,1.511,15.37198234,75.12722765,622.922,0.062227402,23.189616,27.93,44.029,0.439,0.005800611,-0.01135442,0.00298263,-0.5103623,0.1967333,-9.788033,-0.25869884,0.01692338,0.017700358,0.010774553,0,-2.86,-1.42,123.316
00:33.7,16,1.55,15.3719823,75.1272281,622.94,0.06044006,16.33604,27.84,43.92,0.41,0.005926249,-0.01121649,0.0025355,-0.50647395,0.21276415,-9.790148,-0.20808386,0.01659525,0.018626882,0.011174732,0,-2.86,-1.42,123.314
00:33.7,16.1,1.545,15.37198226,75.12722855,622.963,0.067597574,23.789241,27.773,43.83,0.438,0.006051888,-0.01107856,0.00208837,-0.5025856,0.228795,-9.792263,-0.15746888,0.01626712,0.019553406,0.011574911,0,-2.86,-1.42,123.312
00:33.8,16.2,1.54,15.37198222,75.127229,622.986,0.074755088,31.242442,27.706,43.74,0.466,0.006048069,-0.010883835,0.001275863,-0.51653925,0.2260559,-9.786514,-0.1068539,0.01593899,0.02047993,0.01197509,0,-2.86,-1.42,123.31
00:33.8,16.3,1.535,15.37198218,75.12722945,623.009,0.081912602,38.695643,27.639,43.65,0.494,0.006044249,-0.01068911,0.000463355,-0.5304929,0.2233168,-9.780765,-0.1462211,0.015329794,0.021369152,0.01160421,0,-2.86,-1.42,123.308
00:33.8,16.4,1.53,15.37198214,75.1272299,623.032,0.089070116,46.148844,27.572,43.56,0.522,0.006415975,-0.010885525,0.000783271,-0.5252316,0.18874615,-9.7774275,-0.1855883,0.014720598,0.022258374,0.01123333,0,-2.86,-1.42,123.306
00:33.8,16.5,1.525,15.3719821,75.12723035,623.055,0.09622763,53.602045,27.505,43.47,0.55,0.006787701,-0.01108194,0.001103186,-0.5199703,0.1541755,-9.77409,-0.2249555,0.014111402,0.023147596,0.01086245,0,-2.86,-1.42,123.304
00:33.8,16.6,1.52,15.37198206,75.1272308,623.078,0.103385144,61.055246,27.438,43.38,0.578,0.006513949,-0.01121437,0.00122174,-0.5259568,0.14561045,-9.7805995,-0.2643227,0.013502206,0.024036818,0.01049157,0,-2.86,-1.42,123.302
00:33.9,16.7,1.515,15.37198202,75.12723125,623.101,0.110542658,68.508447,27.371,43.29,0.606,0.006240197,-0.0113468,0.001340294,-0.5319433,0.1370454,-9.787109,-0.3036899,0.01289301,0.02492604,0.01012069,0,-2.86,-1.42,123.3
00:33.9,16.8,1.51,15.37198198,75.1272317,623.124,0.117700172,75.961648,27.304,43.2,0.634,0.006137604,-0.01114437,0.001406633,-0.52781375,0.14835225,-9.784304,-0.30593946,0.02066295,0.033704406,0.022833594,0,-2.86,-1.42,123.298
00:33.9,16.9,1.505,15.37198194,75.12723215,623.147,0.124857686,83.414849,27.237,43.11,0.662,0.006035011,-0.01094194,0.001472972,-0.5236842,0.1596591,-9.781499,-0.30818902,0.02843289,0.042482772,0.035546498,0,-2.86,-1.42,123.296
00:33.9,17,1.5,15.3719819,75.1272326,623.17,0.1320152,90.86805,27.17,43.02,0.69,0.006094156,-0.010995955,0.002035851,-0.51165385,0.16463645,-9.786123,-0.31043858,0.03620283,0.051261138,0.048259402,0,-2.86,-1.42,123.294
00:33.9,17,1.466,15.37198186,75.12723312,623.197,0.14274462,109.380895,27.088,42.897,0.7,0.006153301,-0.01104997,0.00259873,-0.4996235,0.1696138,-9.790747,-0.31268814,0.04397277,0.060039504,0.060972306,0,-2.86,-1.42,123.292
00:34.0,17,1.432,15.37198182,75.12723364,623.224,0.15347404,127.89374,27.006,42.774,0.71,0.002314656,-0.006252334,0.003460063,-0.6050251,0.2274312,-9.7796435,-0.3149377,0.05174271,0.06881787,0.07368521,0,-2.86,-1.42,123.29
00:34.0,17,1.398,15.37198178,75.12723416,623.251,0.16420346,146.406585,26.924,42.651,0.72,-0.00152399,-0.001454698,0.004321396,-0.7104267,0.2852486,-9.76854,-0.30144036,0.05049211,0.067766528,0.074384492,0,-2.862,-1.42,123.288
00:34.0,17,1.364,15.37198174,75.12723468,623.278,0.17493288,164.91943,26.842,42.528,0.73,0.002355934,-0.006202709,0.002571333,-0.6086128,0.2522257,-9.773377,-0.28794302,0.04924151,0.066715186,0.075083774,0,-2.864,-1.42,123.286
00:34.0,17,1.33,15.3719817,75.1272352,623.305,0.1856623,183.432275,26.76,42.405,0.74,0.006235858,-0.01095072,0.000821271,-0.5067989,0.2192028,-9.778214,-0.27444568,0.04799091,0.065663844,0.075783056,0,-2.866,-1.42,123.284
00:34.0,17,1.296,15.37198166,75.12723572,623.332,0.19639172,201.94512,26.678,42.282,0.75,0.006202138,-0.01097122,0.000466757,-0.52011765,0.20761355,-9.784517,-0.26094834,0.04674031,0.064612502,0.076482338,0,-2.868,-1.42,123.282
00:34.1,17,1.262,15.37198162,75.12723624,623.359,0.20712114,220.457965,26.596,42.159,0.76,0.006168417,-0.01099172,0.000112243,-0.5334364,0.1960243,-9.79082,-0.247451,0.04548971,0.06356116,0.07718162,0,-2.87,-1.42,123.28
00:34.1,17,1.228,15.37198158,75.12723676,623.386,0.21785056,238.97081,26.514,42.036,0.77,0.006362346,-0.01114288,0.000319692,-0.5191153,0.1818073,-9.7877025,-0.23170412,0.039589486,0.05552849,0.065575874,0,-2.87,-1.42,123.276
00:34.1,17,1.194,15.37198154,75.12723728,623.413,0.22857998,257.483655,26.432,41.913,0.78,0.006556275,-0.01129404,0.000527141,-0.5047942,0.1675903,-9.784585,-0.21595724,0.033689262,0.04749582,0.053970128,0,-2.87,-1.42,123.272
00:34.1,17,1.16,15.3719815,75.1272378,623.44,0.2393094,275.9965,26.35,41.79,0.79,0.006250039,-0.01103336,0.000809703,-0.51304975,0.147307,-9.776158,-0.20021036,0.027789038,0.03946315,0.042364382,0,-2.87,-1.42,123.268
00:34.1,17,1.16,15.37198144,75.12723838,623.485,0.22774495,268.13778,26.247,41.624,0.766,0.005943802,-0.01077268,0.001092266,-0.5213053,0.1270237,-9.767731,-0.18446348,0.021888814,0.03143048,0.030758636,0,-2.87,-1.42,123.264
00:34.2,17,1.16,15.37198138,75.12723896,623.53,0.2161805,260.27906,26.144,41.458,0.742,0.002367469,-0.005654885,0.002355329,-0.6149914,0.1698497,-9.7452095,-0.1687166,0.01598859,0.02339781,0.01915289,0,-2.87,-1.42,123.26
00:34.2,17,1.16,15.37198132,75.12723954,623.575,0.20461605,252.42034,26.041,41.292,0.718,-0.001208865,-0.000537091,0.003618392,-0.7086775,0.2126757,-9.722688,-0.17659004,0.015354076,0.02348744,0.019192022,0,-2.87,-1.42,123.258
00:34.2,17,1.16,15.37198126,75.12724012,623.62,0.1930516,244.56162,25.938,41.126,0.694,0.002519958,-0.005639905,0.003086006,-0.6137993,0.19517585,-9.7606805,-0.18446348,0.014719562,0.02357707,0.019231154,0,-2.87,-1.42,123.256
00:34.2,17,1.16,15.3719812,75.1272407,623.665,0.18148715,236.7029,25.835,40.96,0.67,0.006248781,-0.01074272,0.00255362,-0.5189211,0.177676,-9.798673,-0.19233692,0.014085048,0.0236667,0.019270286,0,-2.87,-1.42,123.254
00:34.2,17,1.16,15.37198114,75.12724128,623.71,0.1699227,228.84418,25.732,40.794,0.646,0.006101069,-0.01079225,0.001978497,-0.51609275,0.1986773,-9.7962455,-0.20021036,0.013450534,0.02375633,0.019309418,0,-2.87,-1.42,123.252
00:34.3,17,1.16,15.37198108,75.12724186,623.755,0.15835825,220.98546,25.629,40.628,0.622,0.005953357,-0.01084178,0.001403374,-0.5132644,0.2196786,-9.793818,-0.2080838,0.01281602,0.02384596,0.01934855,0,-2.87,-1.42,123.25
00:34.3,17,1.16,15.37198102,75.12724244,623.8,0.1467938,213.12674,25.526,40.462,0.598,0.006213684,-0.01095651,0.001315268,-0.5073852,0.2213545,-9.7842875,-0.21933158,0.012534606,0.02247082,0.018762916,0,-2.87,-1.42,123.248
00:34.3,17,1.16,15.37198096,75.12724302,623.845,0.13522935,205.26802,25.423,40.296,0.574,0.00647401,-0.01107124,0.001227161,-0.501506,0.2230304,-9.774757,-0.23057936,0.012253192,0.02109568,0.018177282,0,-2.87,-1.42,123.246
00:34.3,17,1.16,15.3719809,75.1272436,623.89,0.1236649,197.4093,25.32,40.13,0.55,0.006449253,-0.01118074,0.001465984,-0.5149422,0.20805835,-9.7731775,-0.24182714,0.011971778,0.01972054,0.017591648,0,-2.87,-1.42,123.244
00:34.3,17,1.16,15.37198084,75.12724383,623.909,0.1213885,202.69917,25.266,40.043,0.571,0.006424495,-0.01129024,0.001704807,-0.5283784,0.1930863,-9.771598,-0.25307492,0.011690364,0.0183454,0.017006014,0,-2.87,-1.42,123.242
00:34.4,17,1.16,15.37198078,75.12724406,623.928,0.1191121,207.98904,25.212,39.956,0.592,0.003157112,-0.006863301,0.001044042,-0.61296045,0.21695065,-9.761239,-0.2643227,0.01140895,0.01697026,0.01642038,0,-2.87,-1.42,123.24
00:34.4,17,1.16,15.37198072,75.12724429,623.947,0.1168357,213.27891,25.158,39.869,0.613,-0.00011027,-0.002436361,0.000383276,-0.6975425,0.240815,-9.75088,-0.26094836,0.011284836,0.01695461,0.015424722,0,-2.87,-1.42,123.236
00:34.4,17,1.16,15.37198066,75.12724452,623.966,0.1145593,218.56878,25.104,39.782,0.634,0.003223754,-0.006707616,0.000757786,-0.5976782,0.2056692,-9.7664955,-0.25757402,0.011160722,0.01693896,0.014429064,0,-2.87,-1.42,123.232
00:34.4,17,1.16,15.3719806,75.12724475,623.985,0.1122829,223.85865,25.05,39.695,0.655,0.006557778,-0.01097887,0.001132295,-0.4978139,0.1705234,-9.782111,-0.25419968,0.011036608,0.01692331,0.013433406,0,-2.87,-1.42,123.228
00:34.4,17,1.16,15.37198054,75.12724498,624.004,0.1100065,229.14852,24.996,39.608,0.676,0.006331916,-0.01083713,0.001270922,-0.49603965,0.1615041,-9.7813585,-0.25082534,0.010912494,0.01690766,0.012437748,0,-2.87,-1.42,123.224
00:34.5,17,1.16,15.37198048,75.12724521,624.023,0.1077301,234.43839,24.942,39.521,0.697,0.006106053,-0.01069539,0.001409548,-0.4942654,0.1524848,-9.780606,-0.247451,0.01078838,0.01689201,0.01144209,0,-2.87,-1.42,123.22
00:34.5,17,1.16,15.37198042,75.12724544,624.042,0.1054537,239.72826,24.888,39.434,0.718,0.006324639,-0.01079285,0.002031625,-0.5027387,0.15962935,-9.7797755,-0.26207312,0.011697222,0.016317284,0.011095877,0,-2.87,-1.42,123.218
00:34.5,17,1.16,15.37198036,75.12724567,624.061,0.1031773,245.01813,24.834,39.347,0.739,0.006543225,-0.01089031,0.002653702,-0.511212,0.1667739,-9.778945,-0.27669524,0.012606064,0.015742558,0.010749664,0,-2.87,-1.42,123.216
00:34.5,17,1.16,15.3719803,75.1272459,624.08,0.1009009,250.308,24.78,39.26,0.76,0.00653166,-0.01104993,0.001971644,-0.5228219,0.1780764,-9.7791195,-0.29131736,0.013514906,0.015167832,0.010403451,0,-2.87,-1.42,123.214
00:34.5,17,1.16,15.37198027,75.12724615,624.109,0.096441086,257.93642,24.73,39.165,0.759,0.006520094,-0.01120955,0.001289585,-0.5344318,0.1893789,-9.779294,-0.30593948,0.014423748,0.014593106,0.010057238,0,-2.87,-1.42,123.212
00:34.6,17,1.16,15.37198024,75.1272464,624.138,0.091981272,265.56484,24.68,39.07,0.758,0.001832874,-0.00611255,0.001391835,-0.62727065,0.2184625,-9.76793,-0.3205616,0.01533259,0.01401838,0.009711025,0,-2.87,-1.42,123.21
00:34.6,17,1.16,15.37198021,75.12724665,624.167,0.087521458,273.19326,24.63,38.975,0.757,-0.002854345,-0.00101555,0.001494086,-0.7201095,0.2475461,-9.756566,-0.30931382,0.01481416,0.01360416,0.009474884,0,-2.87,-1.418,123.208
00:34.6,17,1.16,15.37198018,75.1272469,624.196,0.083061644,280.82168,24.58,38.88,0.756,0.001656254,-0.0058453,0.001341034,-0.6271263,0.22745825,-9.767318,-0.29806604,0.01429573,0.01318994,0.009238744,0,-2.87,-1.416,123.206
00:34.6,17,1.16,15.37198015,75.12724715,624.225,0.07860183,288.4501,24.53,38.785,0.755,0.006166852,-0.01067505,0.001187982,-0.5341431,0.2073704,-9.77807,-0.28681826,0.0137773,0.01277572,0.009002603,0,-2.87,-1.414,123.204
00:34.6,17,1.16,15.37198012,75.1272474,624.254,0.074142016,296.07852,24.48,38.69,0.754,0.00615814,-0.01060701,0.00121509,-0.522036,0.2030918,-9.780959,-0.27557048,0.01325887,0.0123615,0.008766463,0,-2.87,-1.412,123.202
00:34.7,17,1.16,15.37198009,75.12724765,624.283,0.069682202,303.70694,24.43,38.595,0.753,0.006149427,-0.01053897,0.001242198,-0.5099289,0.1988132,-9.783848,-0.2643227,0.01274044,0.01194728,0.008530322,0,-2.87,-1.41,123.2
00:34.7,17,1.16,15.37198006,75.1272479,624.312,0.065222388,311.33536,24.38,38.5,0.752,0.006530575,-0.01068643,0.000645858,-0.4985474,0.1921042,-9.7822245,-0.26319792,0.013654994,0.0124256,0.008654103,0,-2.87,-1.412,123.196
00:34.7,17,1.16,15.37198003,75.12724815,624.341,0.060762574,318.96378,24.33,38.405,0.751,0.006911723,-0.01083389,4.95E-05,-0.4871659,0.1853952,-9.780601,-0.26207314,0.014569548,0.01290392,0.008777884,0,-2.87,-1.414,123.192
00:34.7,17,1.16,15.37198,75.1272484,624.37,0.05630276,326.5922,24.28,38.31,0.75,0.006773437,-0.01110291,0.000109137,-0.48251445,0.17234705,-9.7797865,-0.26094836,0.015484102,0.01338224,0.008901664,0,-2.87,-1.416,123.188
00:34.7,17.1,1.16,15.37197997,75.12724851,624.382,0.056532518,314.4583,24.237,38.235,0.746,0.006635151,-0.01137193,0.000168756,-0.477863,0.1592989,-9.778972,-0.25982358,0.016398656,0.01386056,0.009025445,0,-2.87,-1.418,123.184
00:34.8,17.2,1.16,15.37197994,75.12724862,624.394,0.056762276,302.3244,24.194,38.16,0.742,0.003258128,-0.00601121,0.000518636,-0.5830672,0.1981357,-9.7637405,-0.2586988,0.01731321,0.01433888,0.009149226,0,-2.87,-1.42,123.18
00:34.8,17.3,1.16,15.37197991,75.12724873,624.406,0.056992034,290.1905,24.151,38.085,0.738,-0.000118895,-0.00065049,0.000868516,-0.6882714,0.2369725,-9.748509,-0.29581646,0.023431136,0.024181898,0.022535895,0,-2.87,-1.418,123.178
00:34.8,17.4,1.16,15.37197988,75.12724884,624.418,0.057221792,278.0566,24.108,38.01,0.734,0.002986244,-0.005676335,0.001623061,-0.6197866,0.2077171,-9.7603995,-0.33293412,0.029549062,0.034024916,0.035922564,0,-2.87,-1.416,123.176
00:34.8,17.5,1.16,15.37197985,75.12724895,624.43,0.05745155,265.9227,24.065,37.935,0.73,0.006091383,-0.01070218,0.002377605,-0.5513018,0.1784617,-9.77229,-0.37005178,0.035666988,0.043867934,0.049309232,0,-2.87,-1.414,123.174
00:34.8,17.6,1.16,15.37197982,75.12724906,624.442,0.057681308,253.7888,24.022,37.86,0.726,0.00614124,-0.01074676,0.001622469,-0.5558736,0.1781345,-9.7774065,-0.40716944,0.041784914,0.053710952,0.062695901,0,-2.87,-1.412,123.172
00:34.9,17.7,1.16,15.37197979,75.12724917,624.454,0.057911066,241.6549,23.979,37.785,0.722,0.006191097,-0.01079134,0.000867332,-0.5604454,0.1778073,-9.782523,-0.4442871,0.04790284,0.06355397,0.07608257,0,-2.87,-1.41,123.17
00:34.9,17.8,1.16,15.37197976,75.12724928,624.466,0.058140824,229.521,23.936,37.71,0.718,0.006593768,-0.011076585,0.000757563,-0.5466261,0.1857921,-9.776204,-0.41616766,0.042537554,0.052876698,0.062819907,0,-2.87,-1.41,123.168
00:34.9,17.9,1.16,15.37197973,75.12724939,624.478,0.058370582,217.3871,23.893,37.635,0.714,0.006996438,-0.01136183,0.000647794,-0.5328068,0.1937769,-9.769885,-0.38804822,0.037172268,0.042199426,0.049557245,0,-2.87,-1.41,123.166
00:34.9,18,1.16,15.3719797,75.1272495,624.49,0.05860034,205.2532,23.85,37.56,0.71,0.006793364,-0.011197635,0.001220099,-0.51271405,0.18687115,-9.772958,-0.35992878,0.031806982,0.031522154,0.036294582,0,-2.87,-1.41,123.164
00:34.9,18,1.152,15.37197968,75.12724965,624.506,0.056863412,196.01124,23.807,37.476,0.698,0.006590289,-0.01103344,0.001792404,-0.4926213,0.1799654,-9.776031,-0.33180934,0.026441696,0.020844882,0.02303192,0,-2.87,-1.41,123.162
00:35.0,18,1.144,15.37197966,75.1272498,624.522,0.055126484,186.76928,23.764,37.392,0.686,0.006457238,-0.010747765,0.001381637,-0.4828636,0.18121535,-9.776521,-0.3036899,0.02107641,0.01016761,0.009769257,0,-2.87,-1.41,123.16
00:35.0,18,1.136,15.37197964,75.12724995,624.538,0.053389556,177.52732,23.721,37.308,0.674,0.006324186,-0.01046209,0.000970869,-0.4731059,0.1824653,-9.777011,-0.27444568,0.020887686,0.009892415,0.009540566,0,-2.87,-1.41,123.158
00:35.0,18,1.128,15.37197962,75.1272501,624.554,0.051652628,168.28536,23.678,37.224,0.662,0.006340031,-0.01053512,0.001400328,-0.47721485,0.1811645,-9.777837,-0.24520146,0.020698962,0.009617221,0.009311876,0,-2.87,-1.41,123.156
00:35.0,18,1.12,15.3719796,75.12725025,624.57,0.0499157,159.0434,23.635,37.14,0.65,0.006355876,-0.01060815,0.001829787,-0.4813238,0.1798637,-9.778663,-0.21595724,0.020510238,0.009342026,0.009083185,0,-2.87,-1.41,123.154
00:35.0,18,1.112,15.37197958,75.1272504,624.586,0.048178772,149.80144,23.592,37.056,0.638,0.006368474,-0.011117385,0.001420295,-0.5018189,0.181771,-9.7759305,-0.18671302,0.020321514,0.009066832,0.008854495,0,-2.87,-1.41,123.152
00:35.1,18,1.104,15.37197956,75.12725055,624.602,0.046441844,140.55948,23.549,36.972,0.626,0.006381072,-0.01162662,0.001010803,-0.522314,0.1836783,-9.773198,-0.1574688,0.02013279,0.008791637,0.008625804,0,-2.87,-1.41,123.15
00:35.1,18,1.096,15.37197954,75.1272507,624.618,0.044704916,131.31752,23.506,36.888,0.614,0.006296189,-0.01109378,0.001157046,-0.5370597,0.17865885,-9.7715375,-0.17096614,0.01964594,0.008776598,0.008521562,0,-2.87,-1.41,123.148
00:35.1,18,1.088,15.37197952,75.12725085,624.634,0.042967988,122.07556,23.463,36.804,0.602,0.006211306,-0.01056094,0.00130329,-0.5518054,0.1736394,-9.769877,-0.18446348,0.01915909,0.008761559,0.00841732,0,-2.87,-1.41,123.146
00:35.1,18,1.08,15.3719795,75.127251,624.65,0.04123106,112.8336,23.42,36.72,0.59,0.002645738,-0.005407579,0.00149076,-0.64341125,0.2039657,-9.762741,-0.19796082,0.01867224,0.008746519,0.008313079,0,-2.87,-1.41,123.144
00:35.1,17.9,1.08,15.37197949,75.12725106,624.645,0.044756484,132.73226,23.384,36.657,0.584,-0.00091983,-0.000254217,0.00167823,-0.7350171,0.234292,-9.755605,-0.21145816,0.01818539,0.00873148,0.008208837,0,-2.87,-1.41,123.142
00:35.2,17.8,1.08,15.37197948,75.12725112,624.64,0.048281908,152.63092,23.348,36.594,0.578,0.002458257,-0.005928589,0.001862333,-0.63401155,0.20215605,-9.7646295,-0.2249555,0.01769854,0.008716441,0.008104595,0,-2.87,-1.41,123.14
00:35.2,17.7,1.08,15.37197947,75.12725118,624.635,0.051807332,172.52958,23.312,36.531,0.572,0.005836343,-0.01160296,0.002046436,-0.533006,0.1700201,-9.773654,-0.20133518,0.017924394,0.008661935,0.008146193,0,-2.872,-1.41,123.138
00:35.2,17.6,1.08,15.37197946,75.12725124,624.63,0.055332756,192.42824,23.276,36.468,0.566,0.006243443,-0.011300595,0.001850886,-0.5168557,0.1696384,-9.772464,-0.17771486,0.018150248,0.008607429,0.00818779,0,-2.874,-1.41,123.136
00:35.2,17.5,1.08,15.37197945,75.1272513,624.625,0.05885818,212.3269,23.24,36.405,0.56,0.006650542,-0.01099823,0.001655336,-0.5007054,0.1692567,-9.771274,-0.15409454,0.018376102,0.008552923,0.008229388,0,-2.876,-1.41,123.134
00:35.2,17.4,1.08,15.37197944,75.12725136,624.62,0.062383604,232.22556,23.204,36.342,0.554,0.006652159,-0.01097525,0.00194418,-0.49388425,0.16976295,-9.7705665,-0.13047422,0.018601956,0.008498417,0.008270985,0,-2.878,-1.41,123.132
00:35.3,17.3,1.08,15.37197943,75.12725142,624.615,0.065909028,252.12422,23.168,36.279,0.548,0.006653776,-0.01095227,0.002233024,-0.4870631,0.1702692,-9.769859,-0.1068539,0.01882781,0.008443911,0.008312583,0,-2.88,-1.41,123.13
00:35.3,17.2,1.08,15.37197942,75.12725148,624.61,0.069434452,272.02288,23.132,36.216,0.542,0.002697172,-0.006824464,0.002116321,-0.5823891,0.2147346,-9.7650095,-0.12035122,0.018071378,0.010233049,0.008411401,0,-2.88,-1.412,123.128
00:35.3,17.1,1.08,15.37197941,75.12725154,624.605,0.072959876,291.92154,23.096,36.153,0.536,-0.001259432,-0.002696657,0.001999617,-0.6777151,0.2592,-9.76016,-0.13384854,0.017314946,0.012022187,0.008510219,0,-2.88,-1.414,123.126
00:35.3,17,1.08,15.3719794,75.1272516,624.6,0.0764853,311.8202,23.06,36.09,0.53,-0.000959474,-0.001216083,0.000235975,-0.692111,0.2722053,-9.764371,-0.14734586,0.016558514,0.013811324,0.008609038,0,-2.88,-1.416,123.124
00:35.3,17.1,1.08,15.37197939,75.12725173,624.61,0.070608775,287.999225,23.021,36.019,0.558,-0.000659516,0.00026449,-0.001527667,-0.7065069,0.2852106,-9.768582,-0.16084318,0.015802082,0.015600462,0.008707856,0,-2.88,-1.418,123.122
00:35.4,17.2,1.08,15.37197938,75.12725186,624.62,0.06473225,264.17825,22.982,35.948,0.586,0.002644226,-0.00560439,-0.000630714,-0.6171885,0.2429565,-9.7710845,-0.1743405,0.01504565,0.0173896,0.008806674,0,-2.88,-1.42,123.12
00:35.4,17.3,1.08,15.37197937,75.12725199,624.63,0.058855725,240.357275,22.943,35.877,0.614,0.005947969,-0.01147327,0.000266239,-0.5278701,0.2007024,-9.773587,-0.17546528,0.01507974,0.017317568,0.009035241,0,-2.88,-1.42,123.118
00:35.4,17.4,1.08,15.37197936,75.12725212,624.64,0.0529792,216.5363,22.904,35.806,0.642,0.006458583,-0.011065975,0.000702223,-0.5234727,0.19693735,-9.770284,-0.17659006,0.01511383,0.017245536,0.009263807,0,-2.88,-1.42,123.116
00:35.4,17.5,1.08,15.37197935,75.12725225,624.65,0.047102675,192.715325,22.865,35.735,0.67,0.006969196,-0.01065868,0.001138206,-0.5190753,0.1931723,-9.766981,-0.17771484,0.01514792,0.017173504,0.009492374,0,-2.88,-1.42,123.114
00:35.4,17.6,1.08,15.37197934,75.12725238,624.66,0.04122615,168.89435,22.826,35.664,0.698,0.006850055,-0.011047295,0.001218235,-0.53444025,0.17898915,-9.7704015,-0.17883962,0.01518201,0.017101472,0.00972094,0,-2.88,-1.42,123.112
00:35.5,17.7,1.08,15.37197933,75.12725251,624.67,0.035349625,145.073375,22.787,35.593,0.726,0.006730913,-0.01143591,0.001298264,-0.5498052,0.164806,-9.773822,-0.1799644,0.0152161,0.01702944,0.009949507,0,-2.88,-1.42,123.11
00:35.5,17.8,1.08,15.37197932,75.12725264,624.68,0.0294731,121.2524,22.748,35.522,0.754,0.00676445,-0.011657315,0.00093332,-0.52663215,0.15916535,-9.773496,-0.18671306,0.022481952,0.025387272,0.022851096,0,-2.88,-1.42,123.106
00:35.5,17.9,1.08,15.37197931,75.12725277,624.69,0.023596575,97.431425,22.709,35.451,0.782,0.006797986,-0.01187872,0.000568376,-0.5034591,0.1535247,-9.77317,-0.19346172,0.029747804,0.033745104,0.035752684,0,-2.88,-1.42,123.102
00:35.5,18,1.08,15.3719793,75.1272529,624.7,0.01772005,73.61045,22.67,35.38,0.81,0.006461954,-0.01138181,0.000864232,-0.501614,0.15320165,-9.7700305,-0.20021038,0.037013656,0.042102936,0.048654273,0,-2.88,-1.42,123.098
00:35.5,17.9,1.08,15.37197929,75.12725308,624.717,0.021648923,73.087927,22.63,35.308,0.8,0.006125921,-0.0108849,0.001160087,-0.4997689,0.1528786,-9.766891,-0.20695904,0.044279508,0.050460768,0.061555861,0,-2.88,-1.42,123.094
00:35.6,17.8,1.08,15.37197928,75.12725326,624.734,0.025577796,72.565404,22.59,35.236,0.79,0.002258258,-0.007183315,0.002352859,-0.5859771,0.19155435,-9.767706,-0.2137077,0.05154536,0.0588186,0.07445745,0,-2.88,-1.42,123.09
00:35.6,17.7,1.08,15.37197927,75.12725344,624.751,0.029506669,72.042881,22.55,35.164,0.78,-0.001609405,-0.00348173,0.00354563,-0.6721853,0.2302301,-9.768521,-0.170403771,0.0452071,0.050779352,0.061719856,0,-2.88,-1.42,123.09
00:35.6,17.6,1.08,15.37197926,75.12725362,624.768,0.033435542,71.520358,22.51,35.092,0.77,0.002386246,-0.00767366,0.003068255,-0.60067845,0.2186319,-9.770049,-0.127099843,0.03886884,0.042740104,0.048982262,0,-2.88,-1.42,123.09
00:35.6,17.5,1.08,15.37197925,75.1272538,624.785,0.037364415,70.997835,22.47,35.02,0.76,0.006381897,-0.01186559,0.00259088,-0.5291716,0.2070337,-9.771577,-0.083795914,0.03253058,0.034700856,0.036244668,0,-2.88,-1.42,123.09
00:35.6,17.4,1.08,15.37197924,75.12725398,624.802,0.041293288,70.475312,22.43,34.948,0.75,0.006371761,-0.011431885,0.001743592,-0.51902905,0.2141174,-9.7694575,-0.040491986,0.02619232,0.026661608,0.023507074,0,-2.88,-1.42,123.09
00:35.7,17.3,1.08,15.37197923,75.12725416,624.819,0.045222161,69.952789,22.39,34.876,0.74,0.006361625,-0.01099818,0.000896303,-0.5088865,0.2212011,-9.767338,0.002811943,0.01985406,0.01862236,0.01076948,0,-2.88,-1.42,123.09
00:35.7,17.2,1.08,15.37197922,75.12725434,624.836,0.049151034,69.430266,22.35,34.804,0.73,0.00620947,-0.01088274,3.56E-05,-0.5191581,0.21103305,-9.769666,-0.042741546,0.01921518,0.01791928,0.011239372,0,-2.88,-1.42,123.086
00:35.7,17.1,1.08,15.37197921,75.12725452,624.853,0.053079907,68.907743,22.31,34.732,0.72,0.006057315,-0.0107673,-0.000825139,-0.5294297,0.200865,-9.771994,-0.088295034,0.0185763,0.0172162,0.011709264,0,-2.88,-1.42,123.082
00:35.7,17,1.08,15.3719792,75.1272547,624.87,0.05700878,68.38522,22.27,34.66,0.71,0.002103211,-0.005919663,-0.000111727,-0.61481285,0.22404195,-9.775566,-0.133848523,0.01793742,0.01651312,0.012179156,0,-2.88,-1.42,123.078
00:35.7,17.1,1.08,15.37197918,75.12725485,624.891,0.058085808,72.711138,22.233,34.596,0.693,-0.001850893,-0.001072026,0.000601685,-0.700196,0.2472189,-9.779138,-0.179402011,0.01729854,0.01581004,0.012649048,0,-2.88,-1.42,123.074
00:35.8,17.2,1.08,15.37197916,75.127255,624.912,0.059162836,77.037056,22.196,34.532,0.676,0.002446536,-0.005632658,0.00110059,-0.62124995,0.20795445,-9.7688265,-0.2249555,0.01665966,0.01510696,0.01311894,0,-2.88,-1.42,123.07
00:35.8,17.3,1.08,15.37197914,75.12725515,624.933,0.060239864,81.362974,22.159,34.468,0.659,0.006743965,-0.01019329,0.001599495,-0.5423039,0.16869,-9.758515,-0.194586506,0.017503744,0.014971066,0.01329111,0,-2.88,-1.42,123.068
00:35.8,17.4,1.08,15.37197912,75.1272553,624.954,0.061316892,85.688892,22.122,34.404,0.642,0.00690766,-0.010533985,0.000642534,-0.54013095,0.15759135,-9.763143,-0.164217512,0.018347828,0.014835172,0.01346328,0,-2.88,-1.42,123.066
00:35.8,17.5,1.08,15.3719791,75.12725545,624.975,0.06239392,90.01481,22.085,34.34,0.625,0.007071355,-0.01087468,-0.000314428,-0.537958,0.1464927,-9.767771,-0.133848518,0.019191912,0.014699278,0.01363545,0,-2.88,-1.42,123.064
00:35.8,17.6,1.08,15.37197908,75.1272556,624.996,0.063470948,94.340728,22.048,34.276,0.608,0.006779212,-0.011010125,-8.08E-05,-0.514976,0.1545843,-9.7674035,-0.103479524,0.020035996,0.014563384,0.01380762,0,-2.88,-1.42,123.062
00:35.9,17.7,1.08,15.37197906,75.12725575,625.017,0.064547976,98.666646,22.011,34.212,0.591,0.00648707,-0.01114557,0.00015287,-0.491994,0.1626759,-9.767036,-0.07311053,0.02088008,0.01442749,0.01397979,0,-2.88,-1.42,123.06
00:35.9,17.8,1.08,15.37197904,75.1272559,625.038,0.065625004,102.992564,21.974,34.148,0.574,0.006639122,-0.010953805,0.001607674,-0.4957228,0.1690817,-9.7641045,-0.075360084,0.020583502,0.015036656,0.01398997,0,-2.88,-1.418,123.06
00:35.9,17.9,1.08,15.37197902,75.12725605,625.059,0.066702032,107.318482,21.937,34.084,0.557,0.006791174,-0.01076204,0.003062478,-0.4994516,0.1754875,-9.761173,-0.077609638,0.020286924,0.015645822,0.01400015,0,-2.88,-1.416,123.06
00:35.9,18,1.08,15.371979,75.1272562,625.08,0.06777906,111.6444,21.9,34.02,0.54,0.002599132,-0.005367821,0.002371021,-0.59529605,0.2183861,-9.766563,-0.079859192,0.019990346,0.016254988,0.01401033,0,-2.88,-1.414,123.06
00:35.9,18,1.08,15.37197899,75.12725631,625.093,0.064361213,122.13285,21.875,33.961,0.525,-0.00159291,2.64E-05,0.001679564,-0.6911405,0.2612847,-9.771953,-0.082108746,0.019693768,0.016864154,0.01402051,0,-2.88,-1.412,123.06
00:36.0,18,1.08,15.37197898,75.12725642,625.106,0.060943366,132.6213,21.85,33.902,0.51,0.002288886,-0.005858051,0.001076907,-0.60323435,0.23795985,-9.7691955,-0.0843583,0.01939719,0.01747332,0.01403069,0,-2.88,-1.41,123.06
00:36.0,18,1.08,15.37197897,75.12725653,625.119,0.057525519,143.10975,21.825,33.843,0.495,0.006170683,-0.0117425,0.00047425,-0.5153282,0.214635,-9.766438,-0.078734414,0.018239182,0.016874528,0.013846038,0,-2.88,-1.41,123.056
00:36.0,18,1.08,15.37197896,75.12725664,625.132,0.054107672,153.5982,21.8,33.784,0.48,0.006412413,-0.01176959,4.68E-05,-0.5166465,0.2012661,-9.7740625,-0.073110528,0.017081174,0.016275736,0.013661386,0,-2.88,-1.41,123.052
00:36.0,18,1.08,15.37197895,75.12725675,625.145,0.050689825,164.08665,21.775,33.725,0.465,0.006654142,-0.01179668,-0.000380576,-0.5179648,0.1878972,-9.781687,-0.067486642,0.015923166,0.015676944,0.013476734,0,-2.88,-1.41,123.048
00:36.0,18,1.08,15.37197894,75.12725686,625.158,0.047271978,174.5751,21.75,33.666,0.45,0.00660547,-0.011434745,0.000453944,-0.52314445,0.18416495,-9.780134,-0.061862756,0.014765158,0.015078152,0.013292082,0,-2.88,-1.41,123.044
00:36.1,18,1.08,15.37197893,75.12725697,625.171,0.043854131,185.06355,21.725,33.607,0.435,0.006556797,-0.01107281,0.001288464,-0.5283241,0.1804327,-9.778581,-0.05623887,0.01360715,0.01447936,0.01310743,0,-2.88,-1.41,123.04
00:36.1,18,1.08,15.37197892,75.12725708,625.184,0.040436284,195.552,21.7,33.548,0.42,0.003326791,-0.007038917,0.001627924,-0.6356914,0.20006205,-9.7746895,-0.065237096,0.01372458,0.013856856,0.012927782,0,-2.88,-1.412,123.038
00:36.1,18,1.08,15.37197891,75.12725719,625.197,0.037018437,206.04045,21.675,33.489,0.405,9.68E-05,-0.003005024,0.001967383,-0.7430587,0.2196914,-9.770798,-0.074235322,0.01384201,0.013234352,0.012748134,0,-2.88,-1.414,123.036
00:36.1,18,1.08,15.3719789,75.1272573,625.21,0.03360059,216.5289,21.65,33.43,0.39,-0.000906652,-0.001991691,0.001220291,-0.7291383,0.2197054,-9.768845,-0.083233548,0.01395944,0.012611848,0.012568486,0,-2.88,-1.416,123.034
00:36.1,18,1.08,15.37197887,75.12725739,625.2181818,0.035692602,209.9667,21.63090909,33.38454545,0.407272727,-0.001910088,-0.000978358,0.000473199,-0.7152179,0.2197194,-9.766892,-0.092231774,0.01407687,0.011989344,0.012388838,0,-2.88,-1.418,123.032
00:36.2,18,1.08,15.37197885,75.12725748,625.2263636,0.037784614,203.4045,21.61181818,33.33909091,0.424545455,0.002173927,-0.006090984,0.000664896,-0.60870595,0.20055465,-9.7732005,-0.10123,0.0141943,0.01136684,0.01220919,0,-2.88,-1.42,123.03
00:36.2,18,1.08,15.37197882,75.12725757,625.2345455,0.039876625,196.8423,21.59272727,33.29363636,0.441818182,0.006257941,-0.01120361,0.000856594,-0.502194,0.1813899,-9.779509,-0.070861004,0.021229614,0.020837288,0.023992544,0,-2.88,-1.42,123.028
00:36.2,18,1.08,15.37197879,75.12725766,625.2427273,0.041968637,190.2801,21.57363636,33.24818182,0.459090909,0.006210532,-0.011063175,0.001722308,-0.5010914,0.18288605,-9.7780075,-0.040492008,0.028264928,0.030307736,0.035775898,0,-2.88,-1.42,123.026
00:36.2,18,1.08,15.37197876,75.12725775,625.2509091,0.044060649,183.7179,21.55454545,33.20272727,0.476363636,0.006163122,-0.01092274,0.002588023,-0.4999888,0.1843822,-9.776506,-0.010123012,0.035300242,0.039778184,0.047559252,0,-2.88,-1.42,123.024
00:36.2,18,1.08,15.37197874,75.12725785,625.2590909,0.046152661,177.1557,21.53545455,33.15727273,0.493636364,0.006299674,-0.01107527,0.001967361,-0.51093765,0.18085375,-9.7736345,0.020245984,0.042335556,0.049248632,0.059342606,0,-2.88,-1.42,123.022
00:36.3,18,1.08,15.37197871,75.12725794,625.2672727,0.048244673,170.5935,21.51636364,33.11181818,0.510909091,0.006436225,-0.0112278,0.001346698,-0.5218865,0.1773253,-9.770763,0.05061498,0.04937087,0.05871908,0.07112596,0,-2.88,-1.42,123.02
00:36.3,18,1.08,15.37197868,75.12725803,625.2754545,0.050336685,164.0313,21.49727273,33.06636364,0.528181818,0.006692383,-0.011197805,0.001304293,-0.5131524,0.1690996,-9.7711385,0.037117652,0.041983254,0.049128058,0.058913946,0,-2.88,-1.42,123.018
00:36.3,18,1.08,15.37197865,75.12725812,625.2836364,0.052428696,157.4691,21.47818182,33.02090909,0.545454545,0.006948541,-0.01116781,0.001261887,-0.5044183,0.1608739,-9.771514,0.023620324,0.034595638,0.039537036,0.046701932,0,-2.88,-1.42,123.016
00:36.3,18,1.08,15.37197863,75.12725821,625.2918182,0.054520708,150.9069,21.45909091,32.97545455,0.562727273,0.002393993,-0.006552149,0.002145091,-0.59389655,0.1822492,-9.7554815,0.010122996,0.027208022,0.029946014,0.034489918,0,-2.88,-1.42,123.014
00:36.3,18,1.08,15.3719786,75.1272583,625.3,0.05661272,144.3447,21.44,32.93,0.58,-0.002160555,-0.001936488,0.003028294,-0.6833748,0.2036245,-9.739449,-0.003374332,0.019820406,0.020354992,0.022277904,0,-2.88,-1.42,123.012
00:36.4,17.88888889,1.08,15.37197858,75.12725844,625.3144444,0.056659649,138.0831156,21.41444444,32.86888889,0.576666667,0.002039252,-0.006642359,0.0034516,-0.59979795,0.18510405,-9.755774,-0.01687166,0.01243279,0.01076397,0.01006589,0,-2.88,-1.42,123.01
00:36.4,17.77777778,1.08,15.37197856,75.12725859,625.3288889,0.056706578,131.8215311,21.38888889,32.80777778,0.573333333,0.006239059,-0.01134823,0.003874907,-0.5162211,0.1665836,-9.772099,-0.035992868,0.013266338,0.012585944,0.009823071,0,-2.88,-1.42,123.01
00:36.4,17.66666667,1.08,15.37197853,75.12725873,625.3433333,0.056753507,125.5599467,21.36333333,32.74666667,0.57,0.006174733,-0.01134681,0.003566662,-0.53201045,0.18715715,-9.7720235,-0.055114076,0.014099886,0.014407918,0.009580252,0,-2.88,-1.42,123.01
00:36.4,17.55555556,1.08,15.37197851,75.12725888,625.3577778,0.056800436,119.2983622,21.33777778,32.68555556,0.566666667,0.006110406,-0.01134539,0.003258417,-0.5477998,0.2077307,-9.771948,-0.074235284,0.014933434,0.016229892,0.009337432,0,-2.88,-1.42,123.01
00:36.4,17.44444444,1.08,15.37197849,75.12725902,625.3722222,0.056847364,113.0367778,21.31222222,32.62444444,0.563333333,0.006162111,-0.01144183,0.002150669,-0.5526183,0.2203412,-9.769333,-0.093356492,0.015766982,0.018051866,0.009094613,0,-2.88,-1.42,123.01
00:36.5,17.33333333,1.08,15.37197847,75.12725917,625.3866667,0.056894293,106.7751933,21.28666667,32.56333333,0.56,0.006213815,-0.01153827,0.001042921,-0.5574368,0.2329517,-9.766718,-0.1124777,0.01660053,0.01987384,0.008851794,0,-2.88,-1.42,123.01
00:36.5,17.22222222,1.08,15.37197844,75.12725931,625.4011111,0.056941222,100.5136089,21.26111111,32.50222222,0.556666667,0.006309067,-0.01108582,0.000494349,-0.5392555,0.22896895,-9.769566,-0.11022816,0.016737778,0.019996944,0.009358499,0,-2.88,-1.418,123.006
00:36.5,17.11111111,1.08,15.37197842,75.12725946,625.4155556,0.056988151,94.25202444,21.23555556,32.44111111,0.553333333,0.00640432,-0.01063337,-5.42E-05,-0.5210742,0.2249862,-9.772414,-0.10797862,0.016875026,0.020120048,0.009865204,0,-2.88,-1.416,123.002
00:36.5,17,1.08,15.3719784,75.1272596,625.43,0.05703508,87.99044,21.21,32.38,0.55,0.00223473,-0.005520214,0.000322178,-0.60547605,0.2316452,-9.781485,-0.10572908,0.017012274,0.020243152,0.01037191,0,-2.88,-1.414,122.998
00:36.5,17.1,1.08,15.37197838,75.1272597,625.437,0.051614415,101.691396,21.19,32.331,0.564,-0.001934861,-0.000407058,0.000698579,-0.6898779,0.2383042,-9.790556,-0.10347954,0.017149522,0.020366256,0.010878615,0,-2.88,-1.412,122.994
00:36.6,17.2,1.08,15.37197836,75.1272598,625.444,0.046193749,115.392352,21.17,32.282,0.578,0.002383075,-0.005738394,0.000407952,-0.58902715,0.19740135,-9.7795705,-0.10123,0.01728677,0.02048936,0.01138532,0,-2.88,-1.41,122.99
00:36.6,17.3,1.08,15.37197834,75.1272599,625.451,0.040773084,129.093308,21.15,32.233,0.592,0.00670101,-0.01106973,0.000117325,-0.4881764,0.1564985,-9.768585,-0.10347954,0.016449152,0.019935852,0.011012035,0,-2.88,-1.41,122.988
00:36.6,17.4,1.08,15.37197832,75.12726,625.458,0.035352419,142.794264,21.13,32.184,0.606,0.006299941,-0.01122007,0.000141249,-0.4950987,0.147638,-9.7698425,-0.10572908,0.015611534,0.019382344,0.010638751,0,-2.88,-1.41,122.986
00:36.6,17.5,1.08,15.3719783,75.1272601,625.465,0.029931753,156.49522,21.11,32.135,0.62,0.005898871,-0.01137041,0.000165172,-0.502021,0.1387775,-9.7711,-0.10797862,0.014773916,0.018828836,0.010265466,0,-2.88,-1.41,122.984
00:36.6,17.6,1.08,15.37197828,75.1272602,625.472,0.024511088,170.196176,21.09,32.086,0.634,0.006015685,-0.011429625,0.000972687,-0.5089264,0.1448272,-9.7707815,-0.11022816,0.013936298,0.018275328,0.009892182,0,-2.88,-1.41,122.982
00:36.7,17.7,1.08,15.37197826,75.1272603,625.479,0.019090423,183.897132,21.07,32.037,0.648,0.0061325,-0.01148884,0.001780202,-0.5158318,0.1508769,-9.770463,-0.1124777,0.01309868,0.01772182,0.009518897,0,-2.88,-1.41,122.98
00:36.7,17.8,1.08,15.37197824,75.1272604,625.486,0.013669758,197.598088,21.05,31.988,0.662,0.006291755,-0.011045015,0.002156459,-0.52139885,0.1704293,-9.7723875,-0.101229934,0.01297749,0.01794788,0.009360103,0,-2.882,-1.41,122.978
00:36.7,17.9,1.08,15.37197822,75.1272605,625.493,0.008249092,211.299044,21.03,31.939,0.676,0.00645101,-0.01060119,0.002532715,-0.5269659,0.1899817,-9.774312,-0.089982168,0.0128563,0.01817394,0.00920131,0,-2.884,-1.41,122.976
00:36.7,18,1.08,15.3719782,75.1272606,625.5,0.002828427,225,21.01,31.89,0.69,0.002886836,-0.007441792,0.002153022,-0.62279785,0.2212145,-9.769416,-0.078734402,0.01273511,0.0184,0.009042516,0,-2.886,-1.41,122.974
00:36.7,17.9,1.08,15.37197819,75.12726066,625.504,0.006234758,226.21714,20.994,31.85,0.687,-0.000677338,-0.004282394,0.001773328,-0.7186298,0.2524473,-9.76452,-0.067486636,0.01261392,0.01862606,0.008883723,0,-2.888,-1.41,122.972
00:36.8,17.8,1.08,15.37197818,75.12726072,625.508,0.00964109,227.43428,20.978,31.81,0.684,0.002811216,-0.007709012,0.000799375,-0.6102537,0.2274471,-9.768429,-0.05623887,0.01249273,0.01885212,0.008724929,0,-2.89,-1.41,122.97
00:36.8,17.7,1.08,15.37197817,75.12726078,625.512,0.013047421,228.65142,20.962,31.77,0.681,0.00629977,-0.01113563,-0.000174579,-0.5018776,0.2024469,-9.772338,-0.057363648,0.013758886,0.018204944,0.008831899,0,-2.89,-1.41,122.968
00:36.8,17.6,1.08,15.37197816,75.12726084,625.516,0.016453752,229.86856,20.946,31.73,0.678,0.006270731,-0.0114243,-0.000141142,-0.48907985,0.1874544,-9.771498,-0.058488426,0.015025042,0.017557768,0.00893887,0,-2.89,-1.41,122.966
00:36.8,17.5,1.08,15.37197815,75.1272609,625.52,0.019860084,231.0857,20.93,31.69,0.675,0.006241691,-0.01171297,-0.000107706,-0.4762821,0.1724619,-9.770658,-0.059613204,0.016291198,0.016910592,0.00904584,0,-2.89,-1.41,122.964
00:36.8,17.4,1.08,15.37197814,75.12726096,625.524,0.023266415,232.30284,20.914,31.65,0.672,0.00644009,-0.01126935,0.000539364,-0.4965734,0.16936165,-9.7712,-0.060737982,0.017557354,0.016263416,0.009152811,0,-2.89,-1.41,122.962
00:36.9,17.3,1.08,15.37197813,75.12726102,625.528,0.026672746,233.51998,20.898,31.61,0.669,0.006638489,-0.01082573,0.001186433,-0.5168647,0.1662614,-9.771742,-0.06186276,0.01882351,0.01561624,0.009259781,0,-2.89,-1.41,122.96
00:36.9,17.2,1.08,15.37197812,75.12726108,625.532,0.030079077,234.73712,20.882,31.57,0.666,0.006442177,-0.010857,0.000886845,-0.5418476,0.1700214,-9.7758865,-0.079859188,0.018766224,0.014697686,0.009445973,0,-2.89,-1.41,122.956
00:36.9,17.1,1.08,15.37197811,75.12726114,625.536,0.033485409,235.95426,20.866,31.53,0.663,0.006245865,-0.01088827,0.000587258,-0.5668305,0.1737814,-9.780031,-0.097855616,0.018708938,0.013779132,0.009632165,0,-2.89,-1.41,122.952
00:36.9,17,1.08,15.3719781,75.1272612,625.54,0.03689174,237.1714,20.85,31.49,0.66,0.00626504,-0.01072093,0.000891516,-0.5503352,0.17717415,-9.775316,-0.115852044,0.018651652,0.012860578,0.009818356,0,-2.89,-1.41,122.948
00:36.9,17,1.08,15.37197809,75.12726124,625.549,0.040985882,220.424502,20.833,31.448,0.648,0.006284215,-0.01055359,0.001195774,-0.5338399,0.1805669,-9.770601,-0.133848472,0.018594366,0.011942024,0.010004548,0,-2.89,-1.41,122.944
00:37.0,17,1.08,15.37197808,75.12726128,625.558,0.045080024,203.677604,20.816,31.406,0.636,0.006212214,-0.011286595,0.001516198,-0.5245386,0.18082535,-9.774157,-0.1518449,0.01853708,0.01102347,0.01019074,0,-2.89,-1.41,122.94
00:37.0,17,1.08,15.37197807,75.12726132,625.567,0.049174166,186.930706,20.799,31.364,0.624,0.006140212,-0.0120196,0.001836621,-0.5152373,0.1810838,-9.777713,-0.128224584,0.025020506,0.021441244,0.023277518,0,-2.89,-1.41,122.938
00:37.0,17,1.08,15.37197806,75.12726136,625.576,0.053268308,170.183808,20.782,31.322,0.612,0.006148444,-0.01135577,0.001400448,-0.5044447,0.18479915,-9.775656,-0.104604268,0.031503932,0.031859018,0.036364296,0,-2.89,-1.41,122.936
00:37.0,17,1.08,15.37197805,75.1272614,625.585,0.05736245,153.43691,20.765,31.28,0.6,0.006156675,-0.01069194,0.000964276,-0.4936521,0.1885145,-9.773599,-0.080983952,0.037987358,0.042276792,0.049451074,0,-2.89,-1.41,122.934
00:37.0,17,1.08,15.37197804,75.12726144,625.594,0.061456592,136.690012,20.748,31.238,0.588,0.006326758,-0.010846755,0.000863295,-0.48870005,0.18400015,-9.7751035,-0.057363636,0.044470784,0.052694566,0.062537852,0,-2.89,-1.41,122.932
00:37.1,17,1.08,15.37197803,75.12726148,625.603,0.065550734,119.943114,20.731,31.196,0.576,0.006496841,-0.01100157,0.000762315,-0.483748,0.1794858,-9.776608,-0.03374332,0.05095421,0.06311234,0.07562463,0,-2.89,-1.41,122.93
00:37.1,17,1.08,15.37197802,75.12726152,625.612,0.069644876,103.196216,20.714,31.154,0.564,0.00646125,-0.011019745,0.000768343,-0.49259735,0.1754128,-9.7802835,-0.091106976,0.044329354,0.052311005,0.062531906,0,-2.89,-1.41,122.928
00:37.1,17,1.08,15.37197801,75.12726156,625.621,0.073739018,86.449318,20.697,31.112,0.552,0.006425659,-0.01103792,0.000774372,-0.5014467,0.1713398,-9.783959,-0.148470632,0.037704498,0.04150967,0.049439182,0,-2.89,-1.41,122.926
00:37.1,17,1.08,15.371978,75.1272616,625.63,0.07783316,69.70242,20.68,31.07,0.54,0.002262017,-0.00646698,0.000515613,-0.61144725,0.19701055,-9.7782045,-0.205834288,0.031079642,0.030708334,0.036346458,0,-2.89,-1.41,122.924
00:37.1,17.1,1.08,15.37197798,75.12726168,625.648,0.074544285,74.959738,20.662,31.023,0.557,-0.001901625,-0.001896041,0.000256855,-0.7214478,0.2226813,-9.77245,-0.263197944,0.024454786,0.019906999,0.023253734,0,-2.89,-1.41,122.922
00:37.2,17.2,1.08,15.37197796,75.12726176,625.666,0.07125541,80.217056,20.644,30.976,0.574,0.002401956,-0.006361696,0.000873234,-0.63739,0.20383865,-9.7747435,-0.3205616,0.01782993,0.009105664,0.01016101,0,-2.89,-1.41,122.92
00:37.2,17.3,1.08,15.37197794,75.12726184,625.684,0.067966535,85.474374,20.626,30.929,0.591,0.006705538,-0.01082735,0.001489613,-0.5533322,0.184996,-9.777037,-0.31831204,0.018012896,0.009632381,0.010013792,0,-2.89,-1.41,122.918
00:37.2,17.4,1.08,15.37197792,75.12726192,625.702,0.06467766,90.731692,20.608,30.882,0.608,0.006505234,-0.010967745,0.001687915,-0.5446339,0.183725,-9.776133,-0.31606248,0.018195862,0.010159098,0.009866574,0,-2.89,-1.41,122.916
00:37.2,17.5,1.08,15.3719779,75.127262,625.72,0.061388785,95.98901,20.59,30.835,0.625,0.00630493,-0.01110814,0.001886217,-0.5359356,0.182454,-9.775229,-0.31381292,0.018378828,0.010685816,0.009719355,0,-2.89,-1.41,122.914
00:37.2,17.6,1.08,15.37197788,75.12726208,625.738,0.05809991,101.246328,20.572,30.788,0.642,0.006500829,-0.01114258,0.001307024,-0.51719635,0.1892374,-9.7740245,-0.31156336,0.018561794,0.011212533,0.009572137,0,-2.89,-1.41,122.912
00:37.3,17.7,1.08,15.37197786,75.12726216,625.756,0.054811035,106.503646,20.554,30.741,0.659,0.006696727,-0.01117702,0.000727831,-0.4984571,0.1960208,-9.77282,-0.3093138,0.01874476,0.01173925,0.009424919,0,-2.89,-1.41,122.91
00:37.3,17.8,1.08,15.37197784,75.12726224,625.774,0.05152216,111.760964,20.536,30.694,0.676,0.006631036,-0.010980275,0.000836673,-0.4912297,0.19145885,-9.778826,-0.29581646,0.018222896,0.011280895,0.009666257,0,-2.89,-1.41,122.91
00:37.3,17.9,1.08,15.37197782,75.12726232,625.792,0.048233285,117.018282,20.518,30.647,0.693,0.006565344,-0.01078353,0.000945515,-0.4840023,0.1868969,-9.784832,-0.28231912,0.017701032,0.01082254,0.009907595,0,-2.89,-1.41,122.91
00:37.3,18,1.08,15.3719778,75.1272624,625.81,0.04494441,122.2756,20.5,30.6,0.71,0.00284209,-0.006179336,0.00100387,-0.57948645,0.20895325,-9.7765355,-0.26882178,0.017179168,0.010364184,0.010148934,0,-2.89,-1.41,122.91
00:37.3,18,1.08,15.37197777,75.12726251,625.827,0.050518729,120.6035,20.472,30.54,0.711,-0.000881164,-0.001575142,0.001062225,-0.6749706,0.2310096,-9.768239,-0.25532444,0.016657304,0.009905829,0.010390272,0,-2.89,-1.41,122.91
00:37.4,18,1.08,15.37197774,75.12726262,625.844,0.056093048,118.9314,20.444,30.48,0.712,0.002776065,-0.006289256,0.001088003,-0.5954443,0.2051815,-9.77278,-0.2418271,0.01613544,0.009447474,0.01063161,0,-2.89,-1.41,122.91
00:37.4,18,1.08,15.37197771,75.12726273,625.861,0.061667367,117.2593,20.416,30.42,0.713,0.006433294,-0.01100337,0.001113781,-0.515918,0.1793534,-9.777321,-0.209208562,0.015938738,0.009609795,0.010661346,0,-2.89,-1.41,122.908
00:37.4,18,1.08,15.37197768,75.12726284,625.878,0.067241686,115.5872,20.388,30.36,0.714,0.006336829,-0.011086155,0.000767986,-0.5211054,0.17721035,-9.7793345,-0.176590024,0.015742036,0.009772116,0.010691082,0,-2.89,-1.41,122.906
00:37.4,18,1.08,15.37197765,75.12726295,625.895,0.072816005,113.9151,20.36,30.3,0.715,0.006240363,-0.01116894,0.000422191,-0.5262928,0.1750673,-9.781348,-0.143971486,0.015545334,0.009934438,0.010720818,0,-2.89,-1.41,122.904
00:37.4,18,1.08,15.37197762,75.12726306,625.912,0.078390324,112.243,20.332,30.24,0.716,0.006358439,-0.011113405,0.000953324,-0.53439645,0.1753198,-9.7827005,-0.111352948,0.015348632,0.010096759,0.010750554,0,-2.89,-1.41,122.902
00:37.5,18,1.08,15.37197759,75.12726317,625.929,0.083964643,110.5709,20.304,30.18,0.717,0.006476514,-0.01105787,0.001484458,-0.5425001,0.1755723,-9.784053,-0.07873441,0.01515193,0.01025908,0.01078029,0,-2.89,-1.41,122.9
00:37.5,18,1.08,15.37197756,75.12726328,625.946,0.089538962,108.8988,20.276,30.12,0.718,0.006359412,-0.010942095,0.00138606,-0.53988135,0.1737286,-9.7840465,-0.114727288,0.015515016,0.01069828,0.011195372,0,-2.89,-1.408,122.898
00:37.5,18,1.08,15.37197753,75.12726339,625.963,0.095113281,107.2267,20.248,30.06,0.719,0.00624231,-0.01082632,0.001287662,-0.5372626,0.1718849,-9.78404,-0.150720166,0.015878102,0.01113748,0.011610454,0,-2.89,-1.406,122.896
00:37.5,18,1.08,15.3719775,75.1272635,625.98,0.1006876,105.5546,20.22,30,0.72,0.002218568,-0.006289164,0.00116631,-0.62204845,0.20641165,-9.778627,-0.186713044,0.016241188,0.01157668,0.012025536,0,-2.89,-1.404,122.894
00:37.5,18.1,1.08,15.37197748,75.12726356,625.99,0.100082983,100.142613,20.199,29.958,0.692,-0.001805175,-0.001752008,0.001044957,-0.7068343,0.2409384,-9.773214,-0.222705922,0.016604274,0.01201588,0.012440618,0,-2.89,-1.402,122.892
00:37.6,18.2,1.08,15.37197746,75.12726362,626,0.099478366,94.730626,20.178,29.916,0.664,0.002367442,-0.006420989,0.00119064,-0.60303875,0.21810745,-9.777926,-0.2586988,0.01696736,0.01245508,0.0128557,0,-2.89,-1.4,122.89
00:37.6,18.3,1.08,15.37197744,75.12726368,626.01,0.098873749,89.318639,20.157,29.874,0.636,0.00654006,-0.01108997,0.001336323,-0.4992432,0.1952765,-9.782638,-0.205834263,0.017417052,0.012106644,0.012815398,0,-2.89,-1.402,122.888
00:37.6,18.4,1.08,15.37197742,75.12726374,626.02,0.098269132,83.906652,20.136,29.832,0.608,0.00627618,-0.01128404,0.001152384,-0.4900542,0.19495375,-9.784914,-0.152969725,0.017866744,0.011758208,0.012775096,0,-2.89,-1.404,122.886
00:37.6,18.5,1.08,15.3719774,75.1272638,626.03,0.097664515,78.494665,20.115,29.79,0.58,0.0060123,-0.01147811,0.000968445,-0.4808652,0.194631,-9.78719,-0.100105188,0.018316436,0.011409772,0.012734794,0,-2.89,-1.406,122.884
00:37.6,18.6,1.08,15.37197738,75.12726386,626.04,0.097059898,73.082678,20.094,29.748,0.552,0.006209361,-0.01123832,0.000872575,-0.50525475,0.1894511,-9.782564,-0.04724065,0.018766128,0.011061336,0.012694492,0,-2.89,-1.408,122.882
00:37.7,18.7,1.08,15.37197736,75.12726392,626.05,0.096455281,67.670691,20.073,29.706,0.524,0.006406422,-0.01099853,0.000776704,-0.5296443,0.1842712,-9.777938,0.005623887,0.01921582,0.0107129,0.01265419,0,-2.89,-1.41,122.88
00:37.7,18.8,1.08,15.37197734,75.12726398,626.06,0.095850664,62.258704,20.052,29.664,0.496,0.006331303,-0.010987065,0.000735046,-0.5277722,0.17865335,-9.778735,0.012372552,0.02460928,0.02126116,0.02533793,0,-2.89,-1.408,122.878
00:37.7,18.9,1.08,15.37197732,75.12726404,626.07,0.095246047,56.846717,20.031,29.622,0.468,0.006256184,-0.0109756,0.000693387,-0.5259001,0.1730355,-9.779532,0.019121216,0.03000274,0.03180942,0.03802167,0,-2.89,-1.406,122.876
00:37.7,19,1.08,15.3719773,75.1272641,626.08,0.09464143,51.43473,20.01,29.58,0.44,0.001876409,-0.00627062,0.000138678,-0.6311067,0.1936648,-9.779629,0.025869881,0.0353962,0.04235768,0.05070541,0,-2.89,-1.404,122.874
00:37.7,19,1.08,15.37197728,75.12726418,626.093,0.090828836,74.621117,19.993,29.54,0.484,-0.002503366,-0.001565639,-0.000416031,-0.7363133,0.2142941,-9.779726,0.032618545,0.04078966,0.05290594,0.06338915,0,-2.89,-1.402,122.872
00:37.8,19,1.08,15.37197726,75.12726426,626.106,0.087016242,97.807504,19.976,29.5,0.528,0.00199481,-0.006279505,0.000491519,-0.6325489,0.20313235,-9.783219,0.03936721,0.04618312,0.0634542,0.07607289,0,-2.89,-1.4,122.87
00:37.8,19,1.08,15.37197724,75.12726434,626.119,0.083203648,120.993891,19.959,29.46,0.572,0.006492985,-0.01099337,0.001399068,-0.5287845,0.1919706,-9.786712,0.085483088,0.046936008,0.063182866,0.076652476,0,-2.89,-1.4,122.868
00:37.8,19,1.08,15.37197722,75.12726442,626.132,0.079391054,144.180278,19.942,29.42,0.616,0.00623,-0.011164485,0.000848602,-0.51591785,0.18475115,-9.7829595,0.131598966,0.047688896,0.062911532,0.077232062,0,-2.89,-1.4,122.866
00:37.8,19,1.08,15.3719772,75.1272645,626.145,0.07557846,167.366665,19.925,29.38,0.66,0.005967014,-0.0113356,0.000298137,-0.5030512,0.1775317,-9.779207,0.177714844,0.048441784,0.062640198,0.077811648,0,-2.89,-1.4,122.864
00:37.8,19,1.08,15.37197718,75.12726458,626.158,0.071765866,190.553052,19.908,29.34,0.704,0.005950202,-0.01138361,0.000668324,-0.49661185,0.17598875,-9.7749505,0.223830722,0.049194672,0.062368864,0.078391234,0,-2.89,-1.4,122.862
00:37.9,19,1.08,15.37197716,75.12726466,626.171,0.067953272,213.739439,19.891,29.3,0.748,0.005933389,-0.01143162,0.001038511,-0.4901725,0.1744458,-9.770694,0.2699466,0.04994756,0.06209753,0.07897082,0,-2.89,-1.4,122.86
00:37.9,19,1.08,15.37197714,75.12726474,626.184,0.064140678,236.925826,19.874,29.26,0.792,0.00602053,-0.011478705,0.001735532,-0.49267645,0.1747455,-9.776903,0.232266552,0.042717364,0.05203428,0.066288814,0,-2.892,-1.4,122.86
00:37.9,19,1.08,15.37197712,75.12726482,626.197,0.060328084,260.112213,19.857,29.22,0.836,0.00610767,-0.01152579,0.002432552,-0.4951804,0.1750452,-9.783112,0.194586504,0.035487168,0.04197103,0.053606808,0,-2.894,-1.4,122.86
00:37.9,19,1.08,15.3719771,75.1272649,626.21,0.05651549,283.2986,19.84,29.18,0.88,0.002512695,-0.006709936,0.001817845,-0.5943382,0.207769,-9.776841,0.156906456,0.028256972,0.03190778,0.040924802,0,-2.896,-1.4,122.86
00:37.9,19,1.08,15.37197707,75.12726505,626.227,0.05940853,258.467942,19.817,29.136,0.845,-0.00108228,-0.001894081,0.001203137,-0.693496,0.2404928,-9.77057,0.119226408,0.021026776,0.02184453,0.028242796,0,-2.898,-1.4,122.86
00:38.0,19,1.08,15.37197704,75.1272652,626.244,0.06230157,233.637284,19.794,29.092,0.81,0.002413771,-0.006204341,0.000991555,-0.61322205,0.2133577,-9.7730575,0.08154636,0.01379658,0.01178128,0.01556079,0,-2.9,-1.4,122.86
00:38.0,19,1.08,15.37197701,75.12726535,626.261,0.06519461,208.806626,19.771,29.048,0.775,0.005909822,-0.0105146,0.000779973,-0.5329481,0.1862226,-9.775545,0.086607868,0.01328305,0.011447596,0.014788306,0,-2.9,-1.4,122.858
00:38.0,19,1.08,15.37197698,75.1272655,626.278,0.06808765,183.975968,19.748,29.004,0.74,0.005969492,-0.010995185,0.00094661,-0.52444515,0.1786727,-9.7761625,0.091669376,0.01276952,0.011113912,0.014015822,0,-2.9,-1.4,122.856
00:38.0,19,1.08,15.37197695,75.12726565,626.295,0.07098069,159.14531,19.725,28.96,0.705,0.006029162,-0.01147577,0.001113248,-0.5159422,0.1711228,-9.77678,0.096730884,0.01225599,0.010780228,0.013243338,0,-2.9,-1.4,122.854
00:38.0,19,1.08,15.37197692,75.1272658,626.312,0.07387373,134.314652,19.702,28.916,0.67,0.006522926,-0.011137615,0.001744894,-0.5215055,0.17173395,-9.7786435,0.101792392,0.01174246,0.010446544,0.012470854,0,-2.9,-1.4,122.852
00:38.1,19,1.08,15.37197689,75.12726595,626.329,0.07676677,109.483994,19.679,28.872,0.635,0.007016689,-0.01079946,0.00237654,-0.5270688,0.1723451,-9.780507,0.1068539,0.01122893,0.01011286,0.01169837,0,-2.9,-1.4,122.85
00:38.1,19,1.08,15.37197686,75.1272661,626.346,0.07965981,84.653336,19.656,28.828,0.6,0.006589041,-0.01106517,0.00220137,-0.52240665,0.17922485,-9.777888,0.11022822,0.011805234,0.010084446,0.01174642,0,-2.9,-1.4,122.85
00:38.1,19,1.08,15.37197683,75.12726625,626.363,0.08255285,59.822678,19.633,28.784,0.565,0.006161392,-0.01133088,0.0020262,-0.5177445,0.1861046,-9.775269,0.11360254,0.012381538,0.010056032,0.01179447,0,-2.9,-1.4,122.85
00:38.1,19,1.08,15.3719768,75.1272664,626.38,0.08544589,34.99202,19.61,28.74,0.53,0.005994304,-0.011304985,0.002052693,-0.5097562,0.180369,-9.780196,0.11697686,0.012957842,0.010027618,0.01184252,0,-2.9,-1.4,122.85
00:38.1,19,1.077272727,15.37197679,75.12726655,626.3954545,0.087747673,32.42365955,19.58636364,28.69454545,0.510909091,0.005827215,-0.01127909,0.002079185,-0.5017679,0.1746334,-9.785123,0.12035118,0.013534146,0.009999204,0.01189057,0,-2.9,-1.4,122.85
00:38.2,19,1.074545455,15.37197678,75.12726669,626.4109091,0.090049455,29.85529909,19.56272727,28.64909091,0.491818182,0.005824723,-0.01152683,0.001829622,-0.5021042,0.1822831,-9.7798885,0.1237255,0.01411045,0.00997079,0.01193862,0,-2.9,-1.4,122.85
00:38.2,19,1.071818182,15.37197677,75.12726684,626.4263636,0.092351238,27.28693864,19.53909091,28.60363636,0.472727273,0.005822231,-0.01177457,0.001580059,-0.5024405,0.1899328,-9.774654,0.113602506,0.013602594,0.01024646,0.011902338,0,-2.9,-1.4,122.848
00:38.2,19,1.069090909,15.37197676,75.12726698,626.4418182,0.094653021,24.71857818,19.51545455,28.55818182,0.453636364,0.006140859,-0.01121874,0.0014559,-0.51186985,0.1966944,-9.7752355,0.103479512,0.013094738,0.01052213,0.011866056,0,-2.9,-1.4,122.846
00:38.2,19,1.066363636,15.37197675,75.12726713,626.4572727,0.096954804,22.15021773,19.49181818,28.51272727,0.434545455,0.006459487,-0.01066291,0.001331741,-0.5212992,0.203456,-9.775817,0.093356518,0.012586882,0.0107978,0.011829774,0,-2.9,-1.4,122.844
00:38.2,19,1.063636364,15.37197675,75.12726727,626.4727273,0.099256586,19.58185727,19.46818182,28.46727273,0.415454545,0.00659028,-0.01081923,0.001465513,-0.5173737,0.19400745,-9.7775015,0.083233524,0.012079026,0.01107347,0.011793492,0,-2.9,-1.4,122.842
00:38.3,19,1.060909091,15.37197674,75.12726742,626.4881818,0.101558369,17.01349682,19.44454545,28.42181818,0.396363636,0.006721073,-0.01097555,0.001599284,-0.5134482,0.1845589,-9.779186,0.07311053,0.01157117,0.01134914,0.01175721,0,-2.9,-1.4,122.84
00:38.3,19,1.058181818,15.37197673,75.12726756,626.5036364,0.103860152,14.44513636,19.42090909,28.37636364,0.377272727,0.003390266,-0.005557786,0.001350893,-0.61708395,0.20749015,-9.775024,0.105166684,0.011336586,0.011267208,0.011324923,0,-2.9,-1.398,122.838
00:38.3,19,1.055454545,15.37197672,75.12726771,626.5190909,0.106161935,11.87677591,19.39727273,28.33090909,0.358181818,5.95E-05,-0.000140022,0.001102502,-0.7207197,0.2304214,-9.770862,0.137222838,0.011102002,0.011185276,0.010892637,0,-2.9,-1.396,122.836
00:38.3,19,1.052727273,15.37197671,75.12726785,626.5345455,0.108463717,9.308415455,19.37363636,28.28545455,0.339090909,0.003233257,-0.005269366,0.001477863,-0.61764565,0.19728515,-9.7731975,0.169278992,0.010867418,0.011103344,0.01046035,0,-2.9,-1.394,122.834
00:38.3,19,1.05,15.3719767,75.127268,626.55,0.1107655,6.740055,19.35,28.24,0.32,0.006407056,-0.01039871,0.001853224,-0.5145716,0.1641489,-9.775533,0.201335146,0.010632834,0.011021412,0.010028064,0,-2.9,-1.392,122.832
00:38.4,19,1.05,15.37197669,75.12726821,626.5888889,0.104560236,34.82543778,19.31555556,28.17222222,0.37,0.006465183,-0.010897005,0.001437926,-0.52769565,0.1753584,-9.770955,0.2333913,0.01039825,0.01093948,0.009595777,0,-2.9,-1.39,122.83
00:38.4,19,1.05,15.37197668,75.12726842,626.6277778,0.098354971,62.91082056,19.28111111,28.10444444,0.42,0.00652331,-0.0113953,0.001022627,-0.5408197,0.1865679,-9.766377,0.26657224,0.010344024,0.010951914,0.009852444,0,-2.9,-1.39,122.828
00:38.4,19,1.05,15.37197667,75.12726863,626.6666667,0.092149707,90.99620333,19.24666667,28.03666667,0.47,0.0064265,-0.01116384,0.001160069,-0.5356725,0.1857679,-9.7733105,0.29975318,0.010289798,0.010964348,0.01010911,0,-2.9,-1.39,122.826
00:38.4,19,1.05,15.37197666,75.12726884,626.7055556,0.085944442,119.0815861,19.21222222,27.96888889,0.52,0.006329689,-0.01093238,0.00129751,-0.5305253,0.1849679,-9.780244,0.33293412,0.010235572,0.010976782,0.010365777,0,-2.9,-1.39,122.824
00:38.4,19,1.05,15.37197664,75.12726906,626.7444444,0.079739178,147.1669689,19.17777778,27.90111111,0.57,0.003005263,-0.006790417,0.000811243,-0.62543605,0.21212685,-9.766893,0.36611506,0.010181346,0.010989216,0.010622443,0,-2.9,-1.39,122.822
00:38.5,19,1.05,15.37197663,75.12726927,626.7833333,0.073533913,175.2523517,19.14333333,27.83333333,0.62,-0.000319163,-0.002648453,0.000324976,-0.7203468,0.2392858,-9.753542,0.399296,0.01012712,0.01100165,0.01087911,0,-2.9,-1.39,122.82
00:38.5,19,1.05,15.37197662,75.12726948,626.8222222,0.067328649,203.3377344,19.10888889,27.76555556,0.67,6.34E-05,-0.000344851,0.000914412,-0.714934,0.2428712,-9.766709,0.37230134,0.010275084,0.0107947,0.010809354,0,-2.9,-1.39,122.818
00:38.5,19,1.05,15.37197661,75.12726969,626.8611111,0.061123384,231.4231172,19.07444444,27.69777778,0.72,0.00044595,0.001958751,0.001503848,-0.7095212,0.2464566,-9.779876,0.34530668,0.010423048,0.010587749,0.010739598,0,-2.9,-1.39,122.816
00:38.5,19,1.05,15.3719766,75.1272699,626.9,0.05491812,259.5085,19.04,27.63,0.77,0.003538536,-0.004745035,0.000837912,-0.603994,0.21633345,-9.775613,0.31831202,0.010571012,0.010380799,0.010669842,0,-2.9,-1.39,122.814
00:38.5,19,1.05,15.37197658,75.12726996,626.909,0.056969517,244.01654,19.011,27.584,0.757,0.006631121,-0.01144882,0.000171976,-0.4984668,0.1862103,-9.77135,0.29131736,0.010718976,0.010173848,0.010600086,0,-2.9,-1.39,122.812
00:38.6,19,1.05,15.37197656,75.12727002,626.918,0.059020914,228.52458,18.982,27.538,0.744,0.006519476,-0.011393965,0.000350073,-0.50186305,0.1863651,-9.771806,0.2643227,0.01086694,0.009966898,0.01053033,0,-2.9,-1.39,122.81
00:38.6,19,1.05,15.37197654,75.12727008,626.927,0.061072311,213.03262,18.953,27.492,0.731,0.006407832,-0.01133911,0.00052817,-0.5052593,0.1865199,-9.772262,0.28063196,0.017752558,0.02060608,0.023083116,0,-2.9,-1.39,122.808
00:38.6,19,1.05,15.37197652,75.12727014,626.936,0.063123708,197.54066,18.924,27.446,0.718,0.006409059,-0.011177775,0.001056424,-0.5086082,0.1810704,-9.773236,0.29694122,0.024638176,0.031245263,0.035635902,0,-2.9,-1.39,122.806
00:38.6,19,1.05,15.3719765,75.1272702,626.945,0.065175105,182.0487,18.895,27.4,0.705,0.006410286,-0.01101644,0.001584677,-0.5119571,0.1756209,-9.77421,0.31325048,0.031523794,0.041884445,0.048188688,0,-2.9,-1.39,122.804
00:38.6,19,1.05,15.37197648,75.12727026,626.954,0.067226502,166.55674,18.866,27.354,0.692,0.006556942,-0.011190965,0.001118664,-0.51860995,0.16778545,-9.772927,0.32955974,0.038409412,0.052523628,0.060741474,0,-2.9,-1.39,122.802
00:38.7,19,1.05,15.37197646,75.12727032,626.963,0.069277899,151.06478,18.837,27.308,0.679,0.006703598,-0.01136549,0.000652652,-0.5252628,0.15995,-9.771644,0.345869,0.04529503,0.06316281,0.07329426,0,-2.9,-1.39,122.8
00:38.7,19,1.05,15.37197644,75.12727038,626.972,0.071329296,135.57282,18.808,27.262,0.666,0.002950023,-0.006773705,-3.09E-05,-0.62178105,0.196362,-9.767669,0.30087792,0.038368122,0.053589796,0.061065806,0,-2.9,-1.39,122.8
00:38.7,19,1.05,15.37197642,75.12727044,626.981,0.073380693,120.08086,18.779,27.216,0.653,-0.000803551,-0.00218192,-0.000714501,-0.7182993,0.232774,-9.763694,0.25588684,0.031441214,0.044016782,0.048837352,0,-2.9,-1.39,122.8
00:38.7,19,1.05,15.3719764,75.1272705,626.99,0.07543209,104.5889,18.75,27.17,0.64,-0.00063113,-0.001938753,0.000693121,-0.70995555,0.23641255,-9.7599025,0.21089576,0.024514306,0.034443768,0.036608898,0,-2.9,-1.39,122.8
00:38.7,19,1.05,15.37197637,75.12727073,627.016,0.083627371,107.21778,18.719,27.115,0.632,-0.00045871,-0.001695585,0.002100742,-0.7016118,0.2400511,-9.756111,0.16590468,0.017587398,0.024870754,0.024380444,0,-2.9,-1.39,122.8
00:38.8,19,1.05,15.37197634,75.12727096,627.042,0.091822652,109.84666,18.688,27.06,0.624,0.002783105,-0.006611863,0.001620246,-0.6142737,0.23101785,-9.769418,0.1209136,0.01066049,0.01529774,0.01215199,0,-2.9,-1.39,122.8
00:38.8,19,1.05,15.37197631,75.12727119,627.068,0.100017933,112.47554,18.657,27.005,0.616,0.006024919,-0.01152814,0.00113975,-0.5269356,0.2219846,-9.782725,0.12766226,0.022360372,0.021342076,0.013408256,0,-2.9,-1.388,122.796
00:38.8,19,1.05,15.37197628,75.12727142,627.094,0.108213214,115.10442,18.626,26.95,0.608,0.006164311,-0.01118624,-0.000463308,-0.5437648,0.2196996,-9.775106,0.13441092,0.034060254,0.027386412,0.014664522,0,-2.9,-1.386,122.792
00:38.8,19,1.05,15.37197625,75.12727165,627.12,0.116408495,117.7333,18.595,26.895,0.6,0.006303702,-0.01084434,-0.002066365,-0.560594,0.2174146,-9.767487,0.14115958,0.045760136,0.033430748,0.015920788,0,-2.9,-1.384,122.788
00:38.8,19,1.05,15.37197622,75.12727188,627.146,0.124603776,120.36218,18.564,26.84,0.592,0.006211415,-0.010824545,-8.19E-05,-0.46674255,0.166773,-9.7871835,0.14790824,0.057460018,0.039475084,0.017177054,0,-2.9,-1.382,122.784
00:38.9,19,1.05,15.37197619,75.12727211,627.172,0.132799057,122.99106,18.533,26.785,0.584,0.006119128,-0.01080475,0.001902563,-0.3728911,0.1161314,-9.80688,0.1546569,0.0691599,0.04551942,0.01843332,0,-2.9,-1.38,122.78
00:38.9,19,1.05,15.37197616,75.12727234,627.198,0.140994338,125.61994,18.502,26.73,0.576,0.006409035,-0.01076168,0.001434179,-0.4804836,0.16962765,-9.7948095,0.122600743,0.067690022,0.042861836,0.019663994,0,-2.9,-1.38,122.778
00:38.9,19,1.05,15.37197613,75.12727257,627.224,0.149189619,128.24882,18.471,26.675,0.568,0.006698941,-0.01071861,0.000965794,-0.5880761,0.2231239,-9.782739,0.090544585,0.066220144,0.040204252,0.020894668,0,-2.9,-1.38,122.776
00:38.9,19,1.05,15.3719761,75.1272728,627.25,0.1573849,130.8777,18.44,26.62,0.56,0.006281013,-0.011072415,-0.000300698,-0.54871395,0.1987418,-9.7661865,0.058488428,0.064750266,0.037546668,0.022125342,0,-2.9,-1.38,122.774
00:38.9,19,1.05,15.37197608,75.127273,627.27,0.15240048,147.80407,18.407,26.563,0.579,0.005863085,-0.01142622,-0.00156719,-0.5093518,0.1743597,-9.749634,0.02643227,0.063280388,0.034889084,0.023356016,0,-2.9,-1.38,122.772
00:39.0,19,1.05,15.37197606,75.1272732,627.29,0.14741606,164.73044,18.374,26.506,0.598,0.00615462,-0.01124932,-0.000552533,-0.51619735,0.15670255,-9.7650305,-0.005623887,0.06181051,0.0322315,0.02458669,0,-2.9,-1.38,122.77
00:39.0,19,1.05,15.37197604,75.1272734,627.31,0.14243164,181.65681,18.341,26.449,0.617,0.006446154,-0.01107242,0.000462124,-0.5230429,0.1390454,-9.780427,-0.02586989,0.057330004,0.03083061,0.023334376,0,-2.902,-1.38,122.77
00:39.0,19,1.05,15.37197602,75.1272736,627.33,0.13744722,198.58318,18.308,26.392,0.636,0.006316171,-0.01100916,0.001616165,-0.54048575,0.1411401,-9.7816535,-0.046115892,0.052849498,0.02942972,0.022082062,0,-2.904,-1.38,122.77
00:39.0,19,1.05,15.371976,75.1272738,627.35,0.1324628,215.50955,18.275,26.335,0.655,0.006186188,-0.0109459,0.002770207,-0.5579286,0.1432348,-9.78288,-0.066361895,0.048368992,0.02802883,0.020829748,0,-2.906,-1.38,122.77
00:39.0,19,1.05,15.37197598,75.127274,627.37,0.12747838,232.43592,18.242,26.278,0.674,0.005931149,-0.011019505,0.003090987,-0.5305295,0.1449738,-9.780491,-0.086607897,0.043888486,0.02662794,0.019577434,0,-2.908,-1.38,122.77
00:39.1,19,1.05,15.37197596,75.1272742,627.39,0.12249396,249.36229,18.209,26.221,0.693,0.005676109,-0.01109311,0.003411767,-0.5031304,0.1467128,-9.778102,-0.1068539,0.03940798,0.02522705,0.01832512,0,-2.91,-1.38,122.77
00:39.1,19,1.05,15.37197594,75.1272744,627.41,0.11750954,266.28866,18.176,26.164,0.712,0.001903236,-0.006387642,0.002551197,-0.6089857,0.18695345,-9.7787675,-0.14059722,0.037701276,0.025881822,0.018854212,0,-2.91,-1.38,122.77
00:39.1,19,1.05,15.37197592,75.1272746,627.43,0.11252512,283.21503,18.143,26.107,0.731,-0.001869638,-0.001682175,0.001690627,-0.714841,0.2271941,-9.779433,-0.17434054,0.035994572,0.026536594,0.019383304,0,-2.91,-1.38,122.77
00:39.1,19,1.05,15.3719759,75.1272748,627.45,0.1075407,300.1414,18.11,26.05,0.75,0.00218041,-0.006373673,0.002414828,-0.59235445,0.2291035,-9.768418,-0.20808386,0.034287868,0.027191366,0.019912396,0,-2.91,-1.38,122.77
00:39.1,19,1.05,15.37197589,75.12727496,627.469,0.105060082,285.47076,18.077,25.993,0.737,0.006230458,-0.01106517,0.003139029,-0.4698679,0.2310129,-9.757403,-0.24182718,0.032581164,0.027846138,0.020441488,0,-2.91,-1.38,122.77
00:39.2,19,1.05,15.37197588,75.12727512,627.488,0.102579464,270.80012,18.044,25.936,0.724,0.00613112,-0.011265675,0.003735705,-0.48425815,0.2140367,-9.762373,-0.2755705,0.03087446,0.02850091,0.02097058,0,-2.91,-1.38,122.77
00:39.2,19,1.05,15.37197587,75.12727528,627.507,0.100098846,256.12948,18.011,25.879,0.711,0.006031782,-0.01146618,0.00433238,-0.4986484,0.1970605,-9.767343,-0.29244216,0.030253562,0.026901062,0.022219104,0,-2.91,-1.38,122.768
00:39.2,19,1.05,15.37197586,75.12727544,627.526,0.097618228,241.45884,17.978,25.822,0.698,0.005939118,-0.01114804,0.002738144,-0.5124676,0.18872585,-9.7766125,-0.30931382,0.029632664,0.025301214,0.023467628,0,-2.91,-1.38,122.766
00:39.2,19,1.05,15.37197585,75.1272756,627.545,0.09513761,226.7882,17.945,25.765,0.685,0.005846454,-0.0108299,0.001143908,-0.5262868,0.1803912,-9.785882,-0.32618548,0.029011766,0.023701366,0.024716152,0,-2.91,-1.38,122.764
00:39.2,19,1.05,15.37197584,75.12727576,627.564,0.092656992,212.11756,17.912,25.708,0.672,0.003396664,-0.006000595,0.0005208,-0.61323195,0.2043932,-9.7759815,-0.34305714,0.028390868,0.022101518,0.025964676,0,-2.91,-1.38,122.762
00:39.3,19,1.05,15.37197583,75.12727592,627.583,0.090176374,197.44692,17.879,25.651,0.659,0.000946873,-0.00117129,-0.000102308,-0.7001771,0.2283952,-9.766081,-0.3599288,0.02776997,0.02050167,0.0272132,0,-2.91,-1.38,122.76
00:39.3,19,1.05,15.37197582,75.12727608,627.602,0.087695756,182.77628,17.846,25.594,0.646,0.001196213,-0.002788249,0.001542986,-0.71001695,0.2135225,-9.740757,-0.3644279,0.026126464,0.02075267,0.02834419,0,-2.91,-1.378,122.762
00:39.3,19,1.05,15.37197581,75.12727624,627.621,0.085215138,168.10564,17.813,25.537,0.633,0.001445553,-0.004405208,0.00318828,-0.7198568,0.1986498,-9.715433,-0.368927,0.024482958,0.02100367,0.02947518,0,-2.91,-1.376,122.764
00:39.3,19,1.05,15.3719758,75.1272764,627.64,0.08273452,153.435,17.78,25.48,0.62,0.003976136,-0.007737629,0.00375936,-0.62468795,0.21054385,-9.7494755,-0.3734261,0.022839452,0.02125467,0.03060617,0,-2.91,-1.374,122.766
00:39.3,19,1.05,15.37197579,75.12727648,627.654,0.082483537,155.66258,17.756,25.437,0.626,0.006506718,-0.01107005,0.00433044,-0.5295191,0.2224379,-9.783518,-0.3779252,0.021195946,0.02150567,0.03173716,0,-2.91,-1.372,122.768
00:39.4,19,1.05,15.37197578,75.12727656,627.668,0.082232554,157.89016,17.732,25.394,0.632,0.006104645,-0.011377095,0.002611986,-0.53234585,0.2033195,-9.785679,-0.3824243,0.01955244,0.02175667,0.03286815,0,-2.91,-1.37,122.77
00:39.4,19,1.05,15.37197577,75.12727664,627.682,0.081981571,160.11774,17.708,25.351,0.638,0.005702572,-0.01168414,0.000893533,-0.5351726,0.1842011,-9.78784,-0.37342608,0.025523784,0.03080984,0.041972512,0,-2.91,-1.37,122.768
00:39.4,19,1.05,15.37197576,75.12727672,627.696,0.081730588,162.34532,17.684,25.308,0.644,0.006145847,-0.01162607,-1.45E-05,-0.5219215,0.17527775,-9.7690045,-0.36442786,0.031495128,0.03986301,0.051076874,0,-2.91,-1.37,122.766
00:39.4,19,1.05,15.37197575,75.1272768,627.71,0.081479605,164.5729,17.66,25.265,0.65,0.006589121,-0.011568,-0.000922446,-0.5086704,0.1663544,-9.750169,-0.35542964,0.037466472,0.04891618,0.060181236,0,-2.91,-1.37,122.764
00:39.4,19,1.05,15.37197574,75.12727688,627.724,0.081228622,166.80048,17.636,25.222,0.656,0.006585769,-0.01112503,0.001313988,-0.49884205,0.17291125,-9.7740295,-0.34643142,0.043437816,0.05796935,0.069285598,0,-2.91,-1.37,122.762
00:39.5,19,1.05,15.37197573,75.12727696,627.738,0.080977639,169.02806,17.612,25.179,0.662,0.006582416,-0.01068206,0.003550422,-0.4890137,0.1794681,-9.79789,-0.3374332,0.04940916,0.06702252,0.07838996,0,-2.91,-1.37,122.76
00:39.5,19,1.05,15.37197572,75.12727704,627.752,0.080726656,171.25564,17.588,25.136,0.668,0.002814898,-0.006393837,0.003672433,-0.58719175,0.21568,-9.78264,-0.32618542,0.044665638,0.060472112,0.075251162,0,-2.91,-1.37,122.76
00:39.5,19,1.05,15.37197571,75.12727712,627.766,0.080475673,173.48322,17.564,25.093,0.674,-0.00095262,-0.002105613,0.003794444,-0.6853698,0.2518919,-9.76739,-0.31493764,0.039922116,0.053921704,0.072112364,0,-2.91,-1.37,122.76
00:39.5,19,1.05,15.3719757,75.1272772,627.78,0.08022469,175.7108,17.54,25.05,0.68,0.002282322,-0.006858011,0.002620171,-0.60281795,0.20150755,-9.7493085,-0.30368986,0.035178594,0.047371296,0.068973566,0,-2.91,-1.37,122.76
00:39.5,19,1.05,15.37197567,75.12727738,627.8,0.087041691,171.12028,17.513,25.006,0.662,0.005517265,-0.01161041,0.001445897,-0.5202661,0.1511232,-9.731227,-0.29244208,0.030435072,0.040820888,0.065834768,0,-2.91,-1.37,122.76
00:39.6,19,1.05,15.37197564,75.12727756,627.82,0.093858692,166.52976,17.486,24.962,0.644,0.006218917,-0.01102477,0.001262642,-0.52230045,0.17149345,-9.7555145,-0.2811943,0.02569155,0.03427048,0.06269597,0,-2.91,-1.37,122.76
00:39.6,19,1.05,15.37197561,75.12727774,627.84,0.100675693,161.93924,17.459,24.918,0.626,0.006920568,-0.01043913,0.001079387,-0.5243348,0.1918637,-9.779802,-0.29244208,0.027067866,0.035115074,0.064906726,0,-2.91,-1.37,122.76
00:39.6,19,1.05,15.37197558,75.12727792,627.86,0.107492694,157.34872,17.432,24.874,0.608,0.006403607,-0.011459525,0.001434466,-0.5187514,0.1881678,-9.797149,-0.30368986,0.028444182,0.035959668,0.067117482,0,-2.91,-1.37,122.76
00:39.6,19,1.05,15.37197555,75.1272781,627.88,0.114309695,152.7582,17.405,24.83,0.59,0.005886645,-0.01247992,0.001789546,-0.513168,0.1844719,-9.814496,-0.31493764,0.029820498,0.036804262,0.069328238,0,-2.91,-1.37,122.76
00:39.6,19,1.05,15.37197552,75.12727828,627.9,0.121126696,148.16768,17.378,24.786,0.572,0.006194696,-0.01162212,0.001092789,-0.5137681,0.21112415,-9.7793035,-0.32618542,0.031196814,0.037648856,0.071538994,0,-2.91,-1.37,122.76
00:39.7,19,1.05,15.37197549,75.12727846,627.92,0.127943697,143.57716,17.351,24.742,0.554,0.006502746,-0.01076432,0.000396032,-0.5143682,0.2377764,-9.744111,-0.3374332,0.03257313,0.03849345,0.07374975,0,-2.91,-1.37,122.76
00:39.7,19,1.05,15.37197546,75.12727864,627.94,0.134760698,138.98664,17.324,24.698,0.536,0.002122102,-0.005275751,0.001072765,-0.58536855,0.24541855,-9.746833,-0.36667742,0.033634818,0.040722622,0.069332876,0,-2.91,-1.37,122.756
00:39.7,19,1.05,15.37197543,75.12727882,627.96,0.141577699,134.39612,17.297,24.654,0.518,-0.002258542,0.000212817,0.001749498,-0.6563689,0.2530607,-9.749555,-0.39592164,0.034696506,0.042951794,0.064916002,0,-2.91,-1.37,122.752
00:39.7,19,1.05,15.3719754,75.127279,627.98,0.1483947,129.8056,17.27,24.61,0.5,0.001801719,-0.005447171,0.001299809,-0.58527745,0.2385115,-9.7620505,-0.42516586,0.035758194,0.045180966,0.060499128,0,-2.91,-1.37,122.748
00:39.7,19,1.05,15.37197537,75.12727904,627.989,0.135802451,150.73959,17.24,24.573,0.522,0.00586198,-0.01110716,0.00085012,-0.514186,0.2239623,-9.774546,-0.45441008,0.036819882,0.047410138,0.056082254,0,-2.91,-1.37,122.744
00:39.8,19,1.05,15.37197534,75.12727908,627.998,0.123210202,171.67358,17.21,24.536,0.544,0.006377291,-0.01121082,-0.000119869,-0.49119435,0.186329,-9.771812,-0.4836543,0.03788157,0.04963931,0.05166538,0,-2.91,-1.37,122.74
00:39.8,19,1.05,15.37197531,75.12727912,628.007,0.110617953,192.60757,17.18,24.499,0.566,0.006892601,-0.01131448,-0.001089859,-0.4682027,0.1486957,-9.769078,-0.48252952,0.038315396,0.046375714,0.050102528,0,-2.912,-1.368,122.738
00:39.8,19,1.05,15.37197528,75.12727916,628.016,0.098025704,213.54156,17.15,24.462,0.588,0.006192734,-0.0111641,-0.001049966,-0.52738385,0.1451991,-9.766025,-0.48140474,0.038749222,0.043112118,0.048539676,0,-2.914,-1.366,122.736
00:39.8,19,1.05,15.37197525,75.1272792,628.025,0.085433455,234.47555,17.12,24.425,0.61,0.005492866,-0.01101372,-0.001010073,-0.586565,0.1417025,-9.762972,-0.48027996,0.039183048,0.039848522,0.046976824,0,-2.916,-1.364,122.734
00:39.8,19,1.05,15.37197522,75.12727924,628.034,0.072841206,255.40954,17.09,24.388,0.632,0.006006782,-0.01087726,0.000616628,-0.5463488,0.1667732,-9.774538,-0.47915518,0.039616874,0.036584926,0.045413972,0,-2.918,-1.362,122.732
00:39.9,19,1.05,15.37197519,75.12727928,628.043,0.060248957,276.34353,17.06,24.351,0.654,0.006520697,-0.0107408,0.002243329,-0.5061326,0.1918439,-9.786104,-0.4780304,0.0400507,0.03332133,0.04385112,0,-2.92,-1.36,122.73
00:39.9,19,1.05,15.37197516,75.12727932,628.052,0.047656708,297.27752,17.03,24.314,0.676,0.003288867,-0.006032172,0.001615486,-0.63285095,0.21703385,-9.7770075,-0.45890918,0.041540746,0.033000522,0.041036684,0,-2.92,-1.36,122.728
00:39.9,19,1.05,15.37197513,75.12727936,628.061,0.035064459,318.21151,17,24.277,0.698,5.70E-05,-0.001323544,0.000987643,-0.7595693,0.2422238,-9.767911,-0.43978796,0.043030792,0.032679714,0.038222248,0,-2.92,-1.36,122.726
00:39.9,19,1.05,15.3719751,75.1272794,628.07,0.02247221,339.1455,16.97,24.24,0.72,0.003171662,-0.006147517,0.00059513,-0.6154794,0.20058765,-9.776284,-0.42066674,0.044520838,0.032358906,0.035407812,0,-2.92,-1.36,122.724
00:39.9,19,1.05,15.37197507,75.1272794,628.082,0.025474751,307.005417,16.938,24.204,0.716,0.006286288,-0.01097149,0.000202617,-0.4713895,0.1589515,-9.784657,-0.40154552,0.046010884,0.032038098,0.032593376,0,-2.92,-1.36,122.722
00:40.0,19,1.05,15.37197504,75.1272794,628.094,0.028477292,274.865334,16.906,24.168,0.712,0.006641587,-0.011097545,0.000153596,-0.49380805,0.19138325,-9.784889,-0.3824243,0.04750093,0.03171729,0.02977894,0,-2.92,-1.36,122.72
00:40.0,19,1.05,15.37197501,75.1272794,628.106,0.031479833,242.725251,16.874,24.132,0.708,0.006996886,-0.0112236,0.000104574,-0.5162266,0.223815,-9.785121,-0.34643142,0.045734312,0.03131834,0.03101581,0,-2.92,-1.36,122.718
00:40.0,19,1.05,15.37197498,75.1272794,628.118,0.034482374,210.585168,16.842,24.096,0.704,0.006518728,-0.01098068,0.000378642,-0.4984042,0.21072085,-9.780374,-0.31043854,0.043967694,0.03091939,0.03225268,0,-2.92,-1.36,122.716
00:40.0,19,1.05,15.37197495,75.1272794,628.13,0.037484915,178.445085,16.81,24.06,0.7,0.00604057,-0.01073776,0.000652711,-0.4805818,0.1976267,-9.775627,-0.27444566,0.042201076,0.03052044,0.03348955,0,-2.92,-1.36,122.714
00:40.0,19,1.05,15.37197492,75.1272794,628.142,0.040487456,146.305002,16.778,24.024,0.696,0.006264253,-0.01121955,0.000906764,-0.4555196,0.1823087,-9.760494,-0.23845278,0.040434458,0.03012149,0.03472642,0,-2.92,-1.36,122.712
00:40.1,19,1.05,15.37197489,75.1272794,628.154,0.043489997,114.164919,16.746,23.988,0.692,0.006487936,-0.01170134,0.001160817,-0.4304574,0.1669907,-9.745361,-0.2024599,0.03866784,0.02972254,0.03596329,0,-2.92,-1.36,122.71
00:40.1,19,1.05,15.37197486,75.1272794,628.166,0.046492538,82.024836,16.714,23.952,0.688,0.006181586,-0.011263335,0.001265096,-0.48205875,0.17384835,-9.7637565,-0.23957756,0.037609508,0.02769015,0.034883016,0,-2.92,-1.36,122.708
00:40.1,19,1.05,15.37197483,75.1272794,628.178,0.049495079,49.884753,16.682,23.916,0.684,0.005875236,-0.01082533,0.001369374,-0.5336601,0.180706,-9.782152,-0.27669522,0.036551176,0.02565776,0.033802742,0,-2.92,-1.36,122.706
00:40.1,19,1.05,15.3719748,75.1272794,628.19,0.05249762,17.74467,16.65,23.88,0.68,0.006418982,-0.010893045,0.001017692,-0.5279665,0.1833476,-9.789371,-0.31381288,0.035492844,0.02362537,0.032722468,0,-2.92,-1.36,122.704
00:40.1,19,1.05,15.37197478,75.12727943,628.2045455,0.051099784,21.83557909,16.62090909,23.84272727,0.659090909,0.006962727,-0.01096076,0.000666011,-0.5222729,0.1859892,-9.79659,-0.35093054,0.034434512,0.02159298,0.031642194,0,-2.92,-1.36,122.702
00:40.2,19,1.05,15.37197476,75.12727945,628.2190909,0.049701947,25.92648818,16.59181818,23.80545455,0.638181818,0.006624722,-0.011239565,-0.000169903,-0.5468699,0.1947762,-9.776675,-0.3880482,0.03337618,0.01956059,0.03056192,0,-2.92,-1.36,122.7
00:40.2,19,1.05,15.37197475,75.12727948,628.2336364,0.048304111,30.01739727,16.56272727,23.76818182,0.617272727,0.006286716,-0.01151837,-0.001005816,-0.5714669,0.2035632,-9.75676,-0.37567564,0.036784306,0.029394674,0.039140354,0,-2.92,-1.36,122.698
00:40.2,19,1.05,15.37197473,75.12727951,628.2481818,0.046906275,34.10830636,16.53363636,23.73090909,0.596363636,0.006489793,-0.01119345,-0.000346095,-0.55163875,0.18196765,-9.7549365,-0.36330308,0.040192432,0.039228758,0.047718788,0,-2.92,-1.36,122.696
00:40.2,19,1.05,15.37197471,75.12727954,628.2627273,0.045508438,38.19921545,16.50454545,23.69363636,0.575454545,0.006692869,-0.01086853,0.000313627,-0.5318106,0.1603721,-9.753113,-0.35093052,0.043600558,0.049062842,0.056297222,0,-2.92,-1.36,122.694
00:40.2,19,1.05,15.37197469,75.12727956,628.2772727,0.044110602,42.29012455,16.47545455,23.65636364,0.554545455,0.006631472,-0.01079811,0.000578653,-0.5056799,0.16845835,-9.760939,-0.33855796,0.047008684,0.058896926,0.064875656,0,-2.92,-1.36,122.692
00:40.3,19,1.05,15.37197467,75.12727959,628.2918182,0.042712765,46.38103364,16.44636364,23.61909091,0.533636364,0.006570074,-0.01072769,0.000843679,-0.4795492,0.1765446,-9.768765,-0.3261854,0.05041681,0.06873101,0.07345409,0,-2.92,-1.36,122.69
00:40.3,19,1.05,15.37197465,75.12727962,628.3063636,0.041314929,50.47194273,16.41727273,23.58181818,0.512727273,0.003215255,-0.006711978,-0.000349275,-0.5695728,0.2037912,-9.7636505,-0.29919074,0.044640686,0.060143956,0.061836234,0,-2.92,-1.358,122.688
00:40.3,19,1.05,15.37197464,75.12727965,628.3209091,0.039917093,54.56285182,16.38818182,23.54454545,0.491818182,-0.000139563,-0.002696266,-0.001542229,-0.6595964,0.2310378,-9.758536,-0.27219608,0.038864562,0.051556902,0.050218378,0,-2.92,-1.356,122.686
00:40.3,19,1.05,15.37197462,75.12727967,628.3354545,0.038519256,58.65376091,16.35909091,23.50727273,0.470909091,0.002852939,-0.006708118,-0.000133159,-0.5720284,0.1830178,-9.7654435,-0.24520142,0.033088438,0.042969848,0.038600522,0,-2.92,-1.354,122.684
00:40.3,19,1.05,15.3719746,75.1272797,628.35,0.03712142,62.74467,16.33,23.47,0.45,0.005845441,-0.01071997,0.001275911,-0.4844604,0.1349978,-9.772351,-0.21820676,0.027312314,0.034382794,0.026982666,0,-2.92,-1.352,122.682
00:40.4,18.88888889,1.05,15.37197458,75.12727974,628.3611111,0.043078583,72.22432889,16.31,23.44777778,0.475555556,0.005977098,-0.01071134,0.001030099,-0.50592005,0.18134995,-9.7697345,-0.1912121,0.02153619,0.02579574,0.01536481,0,-2.92,-1.35,122.68
00:40.4,18.77777778,1.05,15.37197456,75.12727979,628.3722222,0.049035747,81.70398778,16.29,23.42555556,0.501111111,0.006108754,-0.01070271,0.000784288,-0.5273797,0.2277021,-9.767118,-0.21483244,0.021804804,0.025326442,0.014962256,0,-2.92,-1.35,122.678
00:40.4,18.66666667,1.05,15.37197453,75.12727983,628.3833333,0.05499291,91.18364667,16.27,23.40333333,0.526666667,0.006274549,-0.011007395,0.000387094,-0.54695455,0.22091835,-9.766588,-0.23845278,0.022073418,0.024857144,0.014559702,0,-2.92,-1.35,122.676
00:40.4,18.55555556,1.05,15.37197451,75.12727988,628.3944444,0.060950073,100.6633056,16.25,23.38111111,0.552222222,0.006440343,-0.01131208,-1.01E-05,-0.5665294,0.2141346,-9.766058,-0.26207312,0.022342032,0.024387846,0.014157148,0,-2.92,-1.35,122.674
00:40.4,18.44444444,1.05,15.37197449,75.12727992,628.4055556,0.066907237,110.1429644,16.23,23.35888889,0.577777778,0.006616217,-0.01144944,0.000195752,-0.56218585,0.2019631,-9.764815,-0.28569346,0.022610646,0.023918548,0.013754594,0,-2.92,-1.35,122.672
00:40.5,18.33333333,1.05,15.37197447,75.12727997,628.4166667,0.0728644,119.6226233,16.21,23.33666667,0.603333333,0.00679209,-0.0115868,0.000401604,-0.5578423,0.1897916,-9.763572,-0.3093138,0.02287926,0.02344925,0.01335204,0,-2.92,-1.35,122.67
00:40.5,18.22222222,1.05,15.37197444,75.12728001,628.4277778,0.078821563,129.1022822,16.19,23.31444444,0.628888889,0.002802734,-0.006252715,0.000597391,-0.63746725,0.20283815,-9.7609375,-0.29694124,0.022207836,0.022215734,0.012651656,0,-2.92,-1.35,122.668
00:40.5,18.11111111,1.05,15.37197442,75.12728006,628.4388889,0.084778727,138.5819411,16.17,23.29222222,0.654444444,-0.001186622,-0.000918631,0.000793178,-0.7170922,0.2158847,-9.758303,-0.28456868,0.021536412,0.020982218,0.011951273,0,-2.92,-1.35,122.666
00:40.5,18,1.05,15.3719744,75.1272801,628.45,0.09073589,148.0616,16.15,23.27,0.68,0.002588268,-0.00633635,0.00015622,-0.60933865,0.19183645,-9.759754,-0.27219612,0.020864988,0.019748702,0.011250889,0,-2.92,-1.35,122.664
00:40.5,18.1,1.05,15.37197436,75.12728014,628.466,0.088363048,138.482941,16.12,23.234,0.651,0.006363157,-0.01175407,-0.000480739,-0.5015851,0.1677882,-9.761205,-0.25982356,0.020193564,0.018515186,0.010550506,0,-2.92,-1.35,122.662
00:40.6,18.2,1.05,15.37197432,75.12728018,628.482,0.085990206,128.904282,16.09,23.198,0.622,0.006508328,-0.011646115,3.70E-05,-0.4935228,0.1613414,-9.760308,-0.247451,0.01952214,0.01728167,0.009850122,0,-2.92,-1.35,122.66
00:40.6,18.3,1.05,15.37197428,75.12728022,628.498,0.083617364,119.325623,16.06,23.162,0.593,0.006653499,-0.01153816,0.000554737,-0.4854605,0.1548946,-9.759411,-0.22045634,0.019291118,0.017119418,0.009694554,0,-2.92,-1.35,122.66
00:40.6,18.4,1.05,15.37197424,75.12728026,628.514,0.081244522,109.746964,16.03,23.126,0.564,0.006715755,-0.011161985,0.00131177,-0.48670055,0.1484201,-9.761882,-0.19346168,0.019060096,0.016957166,0.009538986,0,-2.92,-1.35,122.66
00:40.6,18.5,1.05,15.3719742,75.1272803,628.53,0.07887168,100.168305,16,23.09,0.535,0.00677801,-0.01078581,0.002068803,-0.4879406,0.1419456,-9.764353,-0.16646702,0.018829074,0.016794914,0.009383419,0,-2.92,-1.35,122.66
00:40.6,18.6,1.05,15.37197416,75.12728034,628.546,0.076498838,90.589646,15.97,23.054,0.506,0.0064468,-0.01115086,0.00254253,-0.50479825,0.158231,-9.766171,-0.13947236,0.018598052,0.016632662,0.009227851,0,-2.92,-1.35,122.66
00:40.7,18.7,1.05,15.37197412,75.12728038,628.562,0.074125996,81.010987,15.94,23.018,0.477,0.006115589,-0.01151591,0.003016257,-0.5216559,0.1745164,-9.767989,-0.1124777,0.01836703,0.01647041,0.009072283,0,-2.92,-1.35,122.66
00:40.7,18.8,1.05,15.37197408,75.12728042,628.578,0.071753154,71.432328,15.91,22.982,0.448,0.002632688,-0.006319172,0.001974988,-0.6253587,0.21822655,-9.757146,-0.079296774,0.017754226,0.017247088,0.009368698,0,-2.92,-1.35,122.66
00:40.7,18.9,1.05,15.37197404,75.12728046,628.594,0.069380312,61.853669,15.88,22.946,0.419,-0.000850212,-0.001122433,0.000933719,-0.7290615,0.2619367,-9.746303,-0.046115848,0.017141422,0.018023766,0.009665114,0,-2.92,-1.35,122.66
00:40.7,19,1.05,15.371974,75.1272805,628.61,0.06700747,52.27501,15.85,22.91,0.39,0.002763391,-0.006236471,0.001134427,-0.640659,0.2311829,-9.753284,-0.012934922,0.016528618,0.018800444,0.009961529,0,-2.92,-1.35,122.66
00:40.7,18.9,1.05,15.37197398,75.12728052,628.615,0.065002466,76.704019,15.832,22.892,0.423,0.006376995,-0.01135051,0.001335136,-0.5522565,0.2004291,-9.760265,0.020246004,0.015915814,0.019577122,0.010257945,0,-2.92,-1.35,122.66
00:40.8,18.8,1.05,15.37197396,75.12728054,628.62,0.062997462,101.133028,15.814,22.874,0.456,0.006340746,-0.011160165,0.001284913,-0.53991825,0.2149504,-9.760946,0.05342693,0.01530301,0.0203538,0.01055436,0,-2.92,-1.35,122.66
00:40.8,18.7,1.05,15.37197394,75.12728056,628.625,0.060992458,125.562037,15.796,22.856,0.489,0.006304496,-0.01096982,0.00123469,-0.52758,0.2294717,-9.761627,0.045553488,0.01535747,0.019945676,0.010546812,0,-2.922,-1.35,122.658
00:40.8,18.6,1.05,15.37197392,75.12728058,628.63,0.058987454,149.991046,15.778,22.838,0.522,0.006271667,-0.0109958,0.000442771,-0.5104559,0.21563985,-9.7651905,0.037680046,0.01541193,0.019537552,0.010539264,0,-2.924,-1.35,122.656
00:40.8,18.5,1.05,15.3719739,75.1272806,628.635,0.05698245,174.420055,15.76,22.82,0.555,0.006238838,-0.01102178,-0.000349149,-0.4933318,0.201808,-9.768754,0.029806604,0.01546639,0.019129428,0.010531716,0,-2.926,-1.35,122.654
00:40.8,18.4,1.05,15.37197388,75.12728062,628.64,0.054977446,198.849064,15.742,22.802,0.588,0.005890576,-0.010685645,0.00021459,-0.50335225,0.18628345,-9.7675205,0.021933162,0.01552085,0.018721304,0.010524168,0,-2.928,-1.35,122.652
00:40.9,18.3,1.05,15.37197386,75.12728064,628.645,0.052972442,223.278073,15.724,22.784,0.621,0.005542315,-0.01034951,0.000778329,-0.5133727,0.1707589,-9.766287,0.01405972,0.01557531,0.01831318,0.01051662,0,-2.93,-1.35,122.65
00:40.9,18.2,1.05,15.37197384,75.12728066,628.65,0.050967438,247.707082,15.706,22.766,0.654,0.002557179,-0.003969877,8.39E-05,-0.6006127,0.1883824,-9.762572,-0.049490204,0.02245566,0.02691755,0.02344488,0,-2.93,-1.348,122.648
00:40.9,18.1,1.05,15.37197382,75.12728068,628.655,0.048962434,272.136091,15.688,22.748,0.687,-0.000427957,0.002409756,-0.000610434,-0.6878527,0.2060059,-9.758857,-0.113040128,0.02933601,0.03552192,0.03637314,0,-2.93,-1.346,122.646
00:40.9,18,1.05,15.3719738,75.1272807,628.66,0.04695743,296.5651,15.67,22.73,0.72,0.002968768,-0.004401492,0.00031453,-0.5962685,0.1837004,-9.7632345,-0.176590052,0.03621636,0.04412629,0.0493014,0,-2.93,-1.344,122.644
00:40.9,18.1,1.05,15.37197378,75.12728072,628.671,0.045808517,271.865982,15.65,22.705,0.708,0.006365492,-0.01121274,0.001239494,-0.5046843,0.1613949,-9.767612,-0.240139976,0.04309671,0.05273066,0.06222966,0,-2.93,-1.342,122.642
00:41.0,18.2,1.05,15.37197376,75.12728074,628.682,0.044659604,247.166864,15.63,22.68,0.696,0.006256985,-0.011097635,0.001329558,-0.51266375,0.1560296,-9.772139,-0.3036899,0.04997706,0.06133503,0.07515792,0,-2.93,-1.34,122.64
00:41.0,18.3,1.05,15.37197374,75.12728076,628.693,0.043510691,222.467746,15.61,22.655,0.684,0.006148478,-0.01098253,0.001419622,-0.5206432,0.1506643,-9.776666,-0.2890678,0.042214336,0.05352795,0.063852656,0,-2.93,-1.34,122.64
00:41.0,18.4,1.05,15.37197372,75.12728078,628.704,0.042361778,197.768628,15.59,22.63,0.672,0.006288913,-0.01093585,0.001943489,-0.52226785,0.17317555,-9.7707055,-0.2744457,0.034451612,0.04572087,0.052547392,0,-2.93,-1.34,122.64
00:41.0,18.5,1.05,15.3719737,75.1272808,628.715,0.041212865,173.06951,15.57,22.605,0.66,0.006429348,-0.01088917,0.002467355,-0.5238925,0.1956868,-9.764745,-0.2598236,0.026688888,0.03791379,0.041242128,0,-2.93,-1.34,122.64
00:41.0,18.6,1.05,15.37197368,75.12728082,628.726,0.040063952,148.370392,15.55,22.58,0.648,0.00655322,-0.01094993,0.002057205,-0.5274998,0.2068827,-9.75815,-0.2452015,0.018926164,0.03010671,0.029936864,0,-2.93,-1.34,122.64
00:41.1,18.7,1.05,15.37197366,75.12728084,628.737,0.038915039,123.671274,15.53,22.555,0.636,0.006677091,-0.01101069,0.001647055,-0.5311071,0.2180786,-9.751555,-0.2305794,0.01116344,0.02229963,0.0186316,0,-2.93,-1.34,122.64
00:41.1,18.8,1.05,15.37197364,75.12728086,628.748,0.037766126,98.972156,15.51,22.53,0.624,0.002903801,-0.006314509,0.000970061,-0.61407555,0.2417458,-9.7591045,-0.2350785,0.011336218,0.020771746,0.017800544,0,-2.93,-1.34,122.638
00:41.1,18.9,1.05,15.37197362,75.12728088,628.759,0.036617213,74.273038,15.49,22.505,0.612,-0.000869489,-0.001618328,0.000293067,-0.697044,0.265413,-9.766654,-0.2395776,0.011508996,0.019243862,0.016969488,0,-2.93,-1.34,122.636
00:41.1,19,1.05,15.3719736,75.1272809,628.77,0.0354683,49.57392,15.47,22.48,0.6,0.002695531,-0.006998594,0.000540298,-0.60624865,0.22514655,-9.770066,-0.2440767,0.011681774,0.017715978,0.016138432,0,-2.93,-1.34,122.634
00:41.1,18.9,1.05,15.37197359,75.12728099,628.778,0.035191027,69.273658,15.46,22.463,0.614,0.006260552,-0.01237886,0.000787529,-0.5154533,0.1848801,-9.773478,-0.2485758,0.011854552,0.016188094,0.015307376,0,-2.93,-1.34,122.632
00:41.2,18.8,1.05,15.37197358,75.12728108,628.786,0.034913754,88.973396,15.45,22.446,0.628,0.00622068,-0.011674725,0.000704482,-0.51090855,0.1794164,-9.769379,-0.2530749,0.01202733,0.01466021,0.01447632,0,-2.93,-1.34,122.63
00:41.2,18.7,1.05,15.37197357,75.12728117,628.794,0.034636481,108.673134,15.44,22.429,0.642,0.006180808,-0.01097059,0.000621436,-0.5063638,0.1739527,-9.76528,-0.2485758,0.01165508,0.014932594,0.0138209,0,-2.93,-1.34,122.628
00:41.2,18.6,1.05,15.37197356,75.12728126,628.802,0.034359208,128.372872,15.43,22.412,0.656,0.006263855,-0.010951545,0.000849939,-0.5126,0.16145045,-9.769543,-0.2440767,0.01128283,0.015204978,0.01316548,0,-2.93,-1.34,122.626
00:41.2,18.5,1.05,15.37197355,75.12728135,628.81,0.034081935,148.07261,15.42,22.395,0.67,0.006346902,-0.0109325,0.001078442,-0.5188362,0.1489482,-9.773806,-0.2395776,0.01091058,0.015477362,0.01251006,0,-2.93,-1.34,122.624
00:41.2,18.4,1.05,15.37197354,75.12728144,628.818,0.033804662,167.772348,15.41,22.378,0.684,0.006324851,-0.0111637,0.001236917,-0.5184528,0.15329605,-9.7691165,-0.2350785,0.01053833,0.015749746,0.01185464,0,-2.93,-1.34,122.622
00:41.3,18.3,1.05,15.37197353,75.12728153,628.826,0.033527389,187.472086,15.4,22.361,0.698,0.0063028,-0.0113949,0.001395392,-0.5180694,0.1576439,-9.764427,-0.2305794,0.01016608,0.01602213,0.01119922,0,-2.93,-1.34,122.62
00:41.3,18.2,1.05,15.37197352,75.12728162,628.834,0.033250116,207.171824,15.39,22.344,0.712,0.006355813,-0.01143796,0.001867902,-0.51882385,0.169472,-9.764067,-0.2305794,0.009988512,0.015724046,0.011285074,0,-2.93,-1.34,122.62
00:41.3,18.1,1.05,15.37197351,75.12728171,628.842,0.032972843,226.871562,15.38,22.327,0.726,0.006408825,-0.01148102,0.002340411,-0.5195783,0.1813001,-9.763707,-0.2305794,0.009810945,0.015425962,0.011370928,0,-2.93,-1.34,122.62
00:41.3,18,1.05,15.3719735,75.1272818,628.85,0.03269557,246.5713,15.37,22.31,0.74,0.006420508,-0.01138295,0.002531058,-0.52407145,0.18592785,-9.7677405,-0.2305794,0.009633377,0.015127878,0.011456782,0,-2.93,-1.34,122.62
00:41.3,18.1,1.05,15.37197349,75.12728194,628.861,0.042646073,236.24452,15.357,22.29,0.723,0.006432191,-0.01128488,0.002721705,-0.5285646,0.1905556,-9.771774,-0.2305794,0.00945581,0.014829794,0.011542636,0,-2.93,-1.34,122.62
00:41.4,18.2,1.05,15.37197348,75.12728208,628.872,0.052596576,225.91774,15.344,22.27,0.706,0.006269852,-0.01087141,0.002275206,-0.52302325,0.1925184,-9.770842,-0.2305794,0.009278242,0.01453171,0.01162849,0,-2.93,-1.34,122.62
00:41.4,18.3,1.05,15.37197347,75.12728222,628.883,0.062547079,215.59096,15.331,22.25,0.689,0.006107512,-0.01045794,0.001828707,-0.5174819,0.1944812,-9.76991,-0.190087406,0.009599068,0.014962434,0.013896816,0,-2.93,-1.34,122.62
00:41.4,18.4,1.05,15.37197346,75.12728236,628.894,0.072497582,205.26418,15.318,22.23,0.672,0.006226905,-0.010942745,0.001081654,-0.51102195,0.19707635,-9.769233,-0.149595412,0.009919893,0.015393158,0.016165142,0,-2.93,-1.34,122.62
00:41.4,18.5,1.05,15.37197345,75.1272825,628.905,0.082448085,194.9374,15.305,22.21,0.655,0.006346297,-0.01142755,0.000334602,-0.504562,0.1996715,-9.768556,-0.109103418,0.010240719,0.015823882,0.018433468,0,-2.93,-1.34,122.62
00:41.4,18.6,1.05,15.37197344,75.12728264,628.916,0.092398588,184.61062,15.292,22.19,0.638,0.003466978,-0.006166555,-0.000242133,-0.6059388,0.20246415,-9.7546345,-0.068611424,0.010561544,0.016254606,0.020701794,0,-2.93,-1.34,122.62
00:41.5,18.7,1.05,15.37197343,75.12728278,628.927,0.102349091,174.28384,15.279,22.17,0.621,0.000587659,-0.000905559,-0.000818867,-0.7073156,0.2052568,-9.740713,-0.02811943,0.01088237,0.01668533,0.02297012,0,-2.93,-1.34,122.62
00:41.5,18.8,1.05,15.37197342,75.12728292,628.938,0.112299594,163.95706,15.266,22.15,0.604,0.026251605,-0.01073212,-0.006361734,-0.5369878,0.22776615,-9.6457025,-0.03261854,0.118582736,0.116852024,0.253106496,0,-2.926,-1.344,122.614
00:41.5,18.9,1.05,15.37197341,75.12728306,628.949,0.122250097,153.63028,15.253,22.13,0.587,0.05191555,-0.02055868,-0.0119046,-0.36666,0.2502755,-9.550692,-0.03711765,0.226283102,0.217018718,0.483242872,0,-2.922,-1.348,122.608
00:41.5,19,1.05,15.3719734,75.1272832,628.96,0.1322006,143.3035,15.24,22.11,0.57,0.01866084,-0.015147567,-0.005205059,-0.5124778,0.19093085,-9.476801,-0.04161676,0.333983468,0.317185412,0.713379248,0,-2.918,-1.352,122.602
00:41.5,19,1.05,15.37197345,75.12728335,628.982,0.13378122,157.74319,15.228,22.094,0.611,-0.01459387,-0.009736453,0.001494481,-0.6582956,0.1315862,-9.40291,-0.04611587,0.441683834,0.417352106,0.943515624,0,-2.914,-1.356,122.596
00:41.6,19,1.05,15.3719735,75.1272835,629.004,0.13536184,172.18288,15.216,22.078,0.652,-0.002096555,-0.014842667,-0.003672291,-0.52727215,-0.068681,-9.934805,-0.05061498,0.5493842,0.5175188,1.173652,0,-2.91,-1.36,122.59
00:41.6,19,1.05,15.37197355,75.12728365,629.026,0.13694246,186.62257,15.204,22.062,0.693,0.01040076,-0.01994888,-0.008839063,-0.3962487,-0.2689482,-10.4667,-0.077609644,0.51215888,0.56371694,1.08699158,0,-2.902,-1.356,122.586
00:41.6,19,1.05,15.3719736,75.1272838,629.048,0.13852308,201.06226,15.192,22.046,0.734,0.01185664,-0.008568722,9.40E-05,-0.56034385,0.4326759,-9.9278275,-0.104604308,0.47493356,0.60991508,1.00033116,0,-2.894,-1.352,122.582
00:41.6,19,1.05,15.37197365,75.12728395,629.07,0.1401037,215.50195,15.18,22.03,0.775,0.01331252,0.002811435,0.00902706,-0.724439,1.1343,-9.388955,-0.131598972,0.43770824,0.65611322,0.91367074,0,-2.886,-1.348,122.578
00:41.6,19,1.05,15.3719737,75.1272841,629.092,0.14168432,229.94164,15.168,22.014,0.816,0.003564164,0.010013383,0.003736745,-0.7108771,0.2513609,-9.461774,-0.158593636,0.40048292,0.70231136,0.82701032,0,-2.878,-1.344,122.574
00:41.7,19,1.05,15.37197375,75.12728425,629.114,0.14326494,244.38133,15.156,21.998,0.857,-0.006184192,0.01721533,-0.00155357,-0.6973152,-0.6315782,-9.534593,-0.1855883,0.3632576,0.7485095,0.7403499,0,-2.87,-1.34,122.57
00:41.7,19,1.05,15.3719738,75.1272844,629.136,0.14484556,258.82102,15.144,21.982,0.898,-0.000916488,0.003309535,0.006673015,-0.54442305,-0.01243185,-9.656248,-0.16984142,0.3324011,0.7009667,0.67332558,0,-2.868,-1.334,122.576
00:41.7,19,1.05,15.37197385,75.12728455,629.158,0.14642618,273.26071,15.132,21.966,0.939,0.004351215,-0.01059626,0.0148996,-0.3915309,0.6067145,-9.777903,-0.15409454,0.3015446,0.6534239,0.60630126,0,-2.866,-1.328,122.582
00:41.7,19,1.05,15.3719739,75.1272847,629.18,0.1480068,287.7004,15.12,21.95,0.98,0.006653481,-0.005070407,0.008653261,-0.51456075,0.31572817,-9.801655,-0.13834766,0.2706881,0.6058811,0.53927694,0,-2.864,-1.322,122.588
00:41.7,19,1.05,15.37197394,75.12728483,629.199,0.15516472,288.55186,15.109,21.932,0.986,0.008955747,0.000455446,0.002406922,-0.6375906,0.02474184,-9.825407,-0.12260078,0.2398316,0.5583383,0.47225262,0,-2.862,-1.316,122.594
00:41.8,19,1.05,15.37197398,75.12728496,629.218,0.16232264,289.40332,15.098,21.914,0.992,0.008975905,-0.008998297,0.000649725,-0.4721382,0.13847897,-9.821932,-0.1068539,0.2089751,0.5107955,0.4052283,0,-2.86,-1.31,122.6
00:41.8,19,1.05,15.37197402,75.12728509,629.237,0.16948056,290.25478,15.087,21.896,0.998,0.008996062,-0.01845204,-0.001107472,-0.3066858,0.2522161,-9.818457,-0.11697688,0.19364438,0.4781512,0.37210866,0,-2.864,-1.316,122.592
00:41.8,19,1.05,15.37197406,75.12728522,629.256,0.17663848,291.10624,15.076,21.878,1.004,0.003875322,-0.018460535,-4.03E-06,-0.4381095,0.097741795,-9.8036835,-0.12709986,0.17831366,0.4455069,0.33898902,0,-2.868,-1.322,122.584
00:41.8,19,1.05,15.3719741,75.12728535,629.275,0.1837964,291.9577,15.065,21.86,1.01,-0.001245419,-0.01846903,0.001099415,-0.5695332,-0.05673251,-9.78891,-0.13722284,0.16298294,0.4128626,0.30586938,0,-2.872,-1.328,122.576
00:41.8,19,1.05,15.37197414,75.12728548,629.294,0.19095432,292.80916,15.054,21.842,1.016,0.00515282,-0.01606844,-0.004483587,-0.6076968,0.131062145,-9.748184,-0.14734582,0.14765222,0.3802183,0.27274974,0,-2.876,-1.334,122.568
00:41.9,19,1.05,15.37197418,75.12728561,629.313,0.19811224,293.66062,15.043,21.824,1.022,0.01155106,-0.01366785,-0.01006659,-0.6458604,0.3188568,-9.707458,-0.1574688,0.1323215,0.347574,0.2396301,0,-2.88,-1.34,122.56
00:41.9,19,1.05,15.37197422,75.12728574,629.332,0.20527016,294.51208,15.032,21.806,1.028,0.008105168,-0.011203907,-0.00028461,-0.55402085,0.24540355,-9.7136815,-0.17434046,0.13637826,0.31361334,0.22859246,0,-2.88,-1.344,122.554
00:41.9,19,1.05,15.37197426,75.12728587,629.351,0.21242808,295.36354,15.021,21.788,1.034,0.004659276,-0.008739964,0.00949737,-0.4621813,0.1719503,-9.719905,-0.19121212,0.14043502,0.27965268,0.21755482,0,-2.88,-1.348,122.548
00:41.9,19,1.05,15.3719743,75.127286,629.37,0.219586,296.215,15.01,21.77,1.04,0.003785405,-0.011756932,0.002112133,-0.54891535,0.16532585,-9.6872895,-0.20808378,0.14449178,0.24569202,0.20651718,0,-2.88,-1.352,122.542
00:41.9,18.9,1.05,15.37197433,75.12728609,629.378,0.20925495,288.67501,15.001,21.759,1.038,0.002911533,-0.0147739,-0.005273104,-0.6356494,0.1587014,-9.654674,-0.22495544,0.14854854,0.21173136,0.19547954,0,-2.88,-1.356,122.536
00:42.0,18.8,1.05,15.37197436,75.12728618,629.386,0.1989239,281.13502,14.992,21.748,1.036,0.002664604,-0.011021886,-0.005331588,-0.6000824,0.34098665,-9.771611,-0.2418271,0.1526053,0.1777707,0.1844419,0,-2.88,-1.36,122.53
00:42.0,18.7,1.05,15.37197439,75.12728627,629.394,0.18859285,273.59503,14.983,21.737,1.034,0.002417675,-0.007269871,-0.005390072,-0.5645154,0.5232719,-9.888548,-0.21933156,0.17082908,0.20600838,0.1909549,0,-2.9,-1.37,122.514
00:42.0,18.6,1.05,15.37197442,75.12728636,629.402,0.1782618,266.05504,14.974,21.726,1.032,-0.010827623,-0.014798151,-0.007437741,-0.49378805,0.0979005,-9.926484,-0.19683602,0.18905286,0.23424606,0.1974679,0,-2.92,-1.38,122.498
00:42.0,18.5,1.05,15.37197445,75.12728645,629.41,0.16793075,258.51505,14.965,21.715,1.03,-0.02407292,-0.02232643,-0.009485411,-0.4230607,-0.3274709,-9.96442,-0.17434048,0.20727664,0.26248374,0.2039809,0,-2.94,-1.39,122.482
00:42.0,18.4,1.05,15.37197448,75.12728654,629.418,0.1575997,250.97506,14.956,21.704,1.028,-0.011903388,-0.02950509,-0.013980741,-0.49056015,0.0175996,-9.9364025,-0.15184494,0.22550042,0.29072142,0.2104939,0,-2.96,-1.4,122.466
00:42.1,18.3,1.05,15.37197451,75.12728663,629.426,0.14726865,243.43507,14.947,21.693,1.026,0.000266144,-0.03668375,-0.01847607,-0.5580596,0.3626701,-9.908385,-0.1293494,0.2437242,0.3189591,0.2170069,0,-2.98,-1.41,122.45
00:42.1,18.2,1.05,15.37197454,75.12728672,629.434,0.1369376,235.89508,14.938,21.682,1.024,0.001646177,-0.017584077,-0.01758597,-0.63839395,0.31632425,-9.8371745,-0.12822462,0.2268927,0.31589276,0.22027362,0,-2.966,-1.412,122.434
00:42.1,18.1,1.05,15.37197457,75.12728681,629.442,0.12660655,228.35509,14.929,21.671,1.022,0.00302621,0.001515596,-0.01669587,-0.7187283,0.2699784,-9.765964,-0.12709984,0.2100612,0.31282642,0.22354034,0,-2.952,-1.414,122.418
00:42.1,18,1.05,15.3719746,75.1272869,629.45,0.1162755,220.8151,14.92,21.66,1.02,0.012516995,-0.004329882,-0.006532874,-0.66591175,0.1912486,-9.807073,-0.12597506,0.1932297,0.30976008,0.22680706,0,-2.938,-1.416,122.402
00:42.1,18.09090909,1.05,15.3719746,75.12728694,629.45,0.114100198,210.5273727,14.91363636,21.65272727,0.988181818,0.02200778,-0.01017536,0.003630123,-0.6130952,0.1125188,-9.848182,-0.12485028,0.1763982,0.30669374,0.23007378,0,-2.924,-1.418,122.386
00:42.2,18.18181818,1.05,15.3719746,75.12728697,629.45,0.111924896,200.2396455,14.90727273,21.64545455,0.956363636,0.010119231,-0.010212235,0.001322413,-0.5257347,0.13264615,-9.5535465,-0.1237255,0.1595667,0.3036274,0.2333405,0,-2.91,-1.42,122.37
00:42.2,18.27272727,1.05,15.3719746,75.12728701,629.45,0.109749595,189.9519182,14.90090909,21.63818182,0.924545455,-0.001769318,-0.01024911,-0.000985297,-0.4383742,0.1527735,-9.258911,-0.09504368,0.15653186,0.28734808,0.26321034,0,-2.912,-1.422,122.37
00:42.2,18.36363636,1.05,15.3719746,75.12728705,629.45,0.107574293,179.6641909,14.89454545,21.63090909,0.892727273,-0.00051124,-0.01356794,0.003897452,-0.5415987,0.2226612,-9.8058405,-0.06636186,0.15349702,0.27106876,0.29308018,0,-2.914,-1.424,122.37
00:42.2,18.45454545,1.05,15.3719746,75.12728708,629.45,0.105398991,169.3764636,14.88818182,21.62363636,0.860909091,0.000746839,-0.01688677,0.0087802,-0.6448232,0.2925489,-10.35277,-0.03768004,0.15046218,0.25478944,0.32295002,0,-2.916,-1.426,122.37
00:42.2,18.54545455,1.05,15.3719746,75.12728712,629.45,0.103223689,159.0887364,14.88181818,21.61636364,0.829090909,0.01341181,-0.01915822,0.005283566,-0.50279715,0.3135359,-9.852767,-0.00899822,0.14742734,0.23851012,0.35281986,0,-2.918,-1.428,122.37
00:42.3,18.63636364,1.05,15.3719746,75.12728715,629.45,0.101048387,148.8010091,14.87545455,21.60909091,0.797272727,0.02607678,-0.02142967,0.001786932,-0.3607711,0.3345229,-9.352764,0.0196836,0.1443925,0.2222308,0.3826897,0,-2.92,-1.43,122.37
00:42.3,18.72727273,1.05,15.3719746,75.12728719,629.45,0.098873085,138.5132818,14.86909091,21.60181818,0.765454545,-0.002220215,-0.00121955,0.003761247,-0.5864761,0.0300905,-9.788897,-0.010123,0.15127784,0.23299968,0.37343098,0,-2.936,-1.404,122.38
00:42.3,18.81818182,1.05,15.3719746,75.12728723,629.45,0.096697784,128.2255545,14.86272727,21.59454545,0.733636364,-0.03051721,0.01899057,0.005735561,-0.8121811,-0.2743419,-10.22503,-0.0399296,0.15816318,0.24376856,0.36417226,0,-2.952,-1.378,122.39
00:42.3,18.90909091,1.05,15.3719746,75.12728726,629.45,0.094522482,117.9378273,14.85636364,21.58727273,0.701818182,-0.010447464,0.014375418,0.013337286,-0.5263229,0.1321213,-9.818377,-0.0697362,0.16504852,0.25453744,0.35491354,0,-2.968,-1.352,122.4
00:42.3,19,1.05,15.3719746,75.1272873,629.45,0.09234718,107.6501,14.85,21.58,0.67,0.009622283,0.009760266,0.02093901,-0.2404647,0.5385845,-9.411724,-0.0995428,0.17193386,0.26530632,0.34565482,0,-2.984,-1.326,122.41
00:42.4,19,1.041111111,15.37197459,75.12728734,629.4511111,0.096573927,118.2473667,14.84666667,21.57777778,0.666666667,-0.008644413,0.007839833,0.009966471,-0.4604466,0.19434005,-9.6430985,-0.1293494,0.1788192,0.2760752,0.3363961,0,-3,-1.3,122.42
00:42.4,19,1.032222222,15.37197458,75.12728739,629.4522222,0.100800673,128.8446333,14.84333333,21.57555556,0.663333333,-0.02691111,0.0059194,-0.001006068,-0.6804285,-0.1499044,-9.874473,-0.14847062,0.17095582,0.27002398,0.31443368,0,-3.026,-1.286,122.42
00:42.4,19,1.023333333,15.37197457,75.12728743,629.4533333,0.10502742,139.4419,14.84,21.57333333,0.66,-0.018324465,0.004405828,0.000824408,-0.5305574,0.1222654,-9.753344,-0.16759184,0.16309244,0.26397276,0.29247126,0,-3.052,-1.272,122.42
00:42.4,19,1.014444444,15.37197456,75.12728748,629.4544444,0.109254167,150.0391667,14.83666667,21.57111111,0.656666667,-0.009737819,0.002892255,0.002654884,-0.3806863,0.3944352,-9.632215,-0.18671306,0.15522906,0.25792154,0.27050884,0,-3.078,-1.258,122.42
00:42.4,19,1.005555556,15.37197454,75.12728752,629.4555556,0.113480913,160.6364333,14.83333333,21.56888889,0.653333333,-0.009237365,0.001557394,0.006822852,-0.57957625,0.25426335,-9.5936185,-0.20583428,0.14736568,0.25187032,0.24854642,0,-3.104,-1.244,122.42
00:42.5,19,0.996666667,15.37197453,75.12728757,629.4566667,0.11770766,171.2337,14.83,21.56666667,0.65,-0.008736911,0.000222534,0.01099082,-0.7784662,0.1140915,-9.555022,-0.2249555,0.1395023,0.2458191,0.226584,0,-3.13,-1.23,122.42
00:42.5,19,0.987777778,15.37197452,75.12728761,629.4577778,0.121934407,181.8309667,14.82666667,21.56444444,0.646666667,-0.019292586,0.003981343,0.007760223,-0.6244203,0.18449535,-9.829721,-0.188962618,0.1357541,0.23673582,0.22715602,0,-3.138,-1.22,122.418
00:42.5,19,0.978888889,15.37197451,75.12728766,629.4588889,0.126161153,192.4282333,14.82333333,21.56222222,0.643333333,-0.02984826,0.007740152,0.004529625,-0.4703744,0.2548992,-10.10442,-0.152969736,0.1320059,0.22765254,0.22772804,0,-3.146,-1.21,122.416
00:42.5,19,0.97,15.3719745,75.1272877,629.46,0.1303879,203.0255,14.82,21.56,0.64,-0.004889005,-0.001802754,0.001562337,-0.61499625,0.36166085,-9.872453,-0.116976854,0.1282577,0.21856926,0.22830006,0,-3.154,-1.2,122.414
00:42.5,19,0.97,15.3719745,75.12728778,629.455,0.17200522,190.10825,14.817,21.559,0.697,0.02007025,-0.01134566,-0.001404951,-0.7596181,0.4684225,-9.640486,-0.080983972,0.1245095,0.20948598,0.22887208,0,-3.162,-1.19,122.412
00:42.6,19,0.97,15.3719745,75.12728786,629.45,0.21362254,177.191,14.814,21.558,0.754,0.02064678,-0.002303194,0.001809725,-0.5943439,0.2931916,-9.719094,-0.04499109,0.1207613,0.2004027,0.2294441,0,-3.17,-1.18,122.41
00:42.6,19,0.97,15.3719745,75.12728794,629.445,0.25523986,164.27375,14.811,21.557,0.811,0.02122331,0.006739272,0.005024402,-0.4290697,0.1179607,-9.797702,-0.058488412,0.12908874,0.18840526,0.2120258,0,-3.166,-1.176,122.408
00:42.6,19,0.97,15.3719745,75.12728802,629.44,0.29685718,151.3565,14.808,21.556,0.868,0.014206622,2.50E-06,0.006172442,-0.4195994,0.2199192,-9.752779,-0.071985734,0.13741618,0.17640782,0.1946075,0,-3.162,-1.172,122.406
00:42.6,19,0.97,15.3719745,75.1272881,629.435,0.3384745,138.43925,14.805,21.555,0.925,0.007189935,-0.006734276,0.007320482,-0.4101291,0.3218777,-9.707856,-0.085483056,0.14574362,0.16441038,0.1771892,0,-3.158,-1.168,122.404
00:42.6,19,0.97,15.3719745,75.12728818,629.43,0.38009182,125.522,14.802,21.554,0.982,0.008462412,-0.012531018,0.002860511,-0.447664,0.27232615,-9.7873775,-0.098980378,0.15407106,0.15241294,0.1597709,0,-3.154,-1.164,122.402
00:42.7,19,0.97,15.3719745,75.12728826,629.425,0.42170914,112.60475,14.799,21.553,1.039,0.00973489,-0.01832776,-0.00159946,-0.4851989,0.2227746,-9.866899,-0.1124777,0.1623985,0.1404155,0.1423526,0,-3.15,-1.16,122.4
00:42.7,19,0.97,15.3719745,75.12728834,629.42,0.46332646,99.6875,14.796,21.552,1.096,0.016945895,-0.00379758,-0.001499269,-0.57653735,0.2658634,-9.8524525,-0.13722282,0.15497712,0.1434306,0.14721346,0,-3.138,-1.156,122.404
00:42.7,19,0.97,15.3719745,75.12728842,629.415,0.50494378,86.77025,14.793,21.551,1.153,0.0241569,0.0107326,-0.001399079,-0.6678758,0.3089522,-9.838006,-0.16196794,0.14755574,0.1464457,0.15207432,0,-3.126,-1.152,122.408
00:42.7,19,0.97,15.3719745,75.1272885,629.41,0.5465611,73.853,14.79,21.55,1.21,0.017621905,0.001723025,0.007433691,-0.57428495,0.153123055,-9.764988,-0.18671306,0.14013436,0.1494608,0.15693518,0,-3.114,-1.148,122.412
00:42.7,19,0.97,15.37197454,75.12728871,629.408,0.56502476,72.828716,14.778,21.544,1.165,0.01108691,-0.00728655,0.01626646,-0.4806941,-0.00270609,-9.69197,-0.21145818,0.13271298,0.1524759,0.16179604,0,-3.102,-1.144,122.416
00:42.8,19,0.97,15.37197458,75.12728892,629.406,0.58348842,71.804432,14.766,21.538,1.12,0.006301033,-0.011788115,0.013066168,-0.5334687,0.114251455,-9.7642665,-0.2362033,0.1252916,0.155491,0.1666569,0,-3.09,-1.14,122.42
00:42.8,19,0.97,15.37197462,75.12728913,629.404,0.60195208,70.780148,14.754,21.532,1.075,0.001515156,-0.01628968,0.009865876,-0.5862433,0.231209,-9.836563,-0.202459968,0.1198328,0.15260438,0.16937618,0,-3.08,-1.14,122.42
00:42.8,19,0.97,15.37197466,75.12728934,629.402,0.62041574,69.755864,14.742,21.526,1.03,0.011661243,-0.014910265,0.005706006,-0.522654,0.24955655,-9.8161475,-0.168716636,0.114374,0.14971776,0.17209546,0,-3.07,-1.14,122.42
00:42.8,19,0.97,15.3719747,75.12728955,629.4,0.6388794,68.73158,14.73,21.52,0.985,0.02180733,-0.01353085,0.001546136,-0.4590647,0.2679041,-9.795732,-0.134973304,0.1089152,0.14683114,0.17481474,0,-3.06,-1.14,122.42
00:42.8,19,0.97,15.37197474,75.12728976,629.398,0.65734306,67.707296,14.718,21.514,0.94,0.021715715,-0.009637343,0.001611027,-0.5583977,0.3251176,-9.708034,-0.101229972,0.1034564,0.14394452,0.17753402,0,-3.05,-1.14,122.42
00:42.9,19,0.97,15.37197478,75.12728997,629.396,0.67580672,66.683012,14.706,21.508,0.895,0.0216241,-0.005743836,0.001675917,-0.6577307,0.3823311,-9.620336,-0.06748664,0.0979976,0.1410579,0.1802533,0,-3.04,-1.14,122.42
00:42.9,19,0.97,15.37197482,75.12729018,629.394,0.69427038,65.658728,14.694,21.502,0.85,0.02010086,-0.002161118,0.003906375,-0.6390136,0.31869115,-9.6558185,-0.066361864,0.096453046,0.14142632,0.18600856,0,-3.032,-1.138,122.42
00:42.9,19,0.97,15.37197486,75.12729039,629.392,0.71273404,64.634444,14.682,21.496,0.805,0.01857762,0.0014216,0.006136832,-0.6202965,0.2550512,-9.691301,-0.065237088,0.094908492,0.14179474,0.19176382,0,-3.024,-1.136,122.42
00:42.9,19,0.97,15.3719749,75.1272906,629.39,0.7311977,63.61016,14.67,21.49,0.76,0.010450741,-0.002865533,0.004929111,-0.50608505,0.2097896,-9.818792,-0.064112312,0.093363938,0.14216316,0.19751908,0,-3.016,-1.134,122.42
00:42.9,18.9,0.978,15.37197496,75.12729071,629.384,0.68008361,59.380935,14.658,21.484,0.744,0.002323861,-0.007152667,0.003721389,-0.3918736,0.164528,-9.946283,-0.062987536,0.091819384,0.14253158,0.20327434,0,-3.008,-1.132,122.42
00:43.0,18.8,0.986,15.37197502,75.12729082,629.378,0.62896952,55.15171,14.646,21.478,0.728,0.013233606,-0.012039109,0.004705551,-0.44693905,0.1836311,-9.8400865,-0.06186276,0.09027483,0.1429,0.2090296,0,-3,-1.13,122.42
00:43.0,18.7,0.994,15.37197508,75.12729093,629.372,0.57785543,50.922485,14.634,21.472,0.712,0.02414335,-0.01692555,0.005689713,-0.5020045,0.2027342,-9.73389,-0.101229968,0.08614165,0.13802216,0.1943065,0,-3,-1.13,122.416
00:43.0,18.6,1.002,15.37197514,75.12729104,629.366,0.52674134,46.69326,14.622,21.466,0.696,0.009755737,-0.013134392,0.002003879,-0.4665588,0.131464225,-9.782857,-0.140597176,0.08200847,0.13314432,0.1795834,0,-3,-1.13,122.412
00:43.0,18.5,1.01,15.3719752,75.12729115,629.36,0.47562725,42.464035,14.61,21.46,0.68,-0.004631876,-0.009343233,-0.001681955,-0.4311131,0.06019425,-9.831824,-0.179964384,0.07787529,0.12826648,0.1648603,0,-3,-1.13,122.408
00:43.0,18.4,1.018,15.37197526,75.12729126,629.354,0.42451316,38.23481,14.598,21.454,0.664,0.000749313,-0.009665256,-0.000438345,-0.4860403,0.156802575,-9.7658545,-0.219331592,0.07374211,0.12338864,0.1501372,0,-3,-1.13,122.404
00:43.1,18.3,1.026,15.37197532,75.12729137,629.348,0.37339907,34.005585,14.586,21.448,0.648,0.006130501,-0.009987279,0.000805265,-0.5409675,0.2534109,-9.699885,-0.2586988,0.06960893,0.1185108,0.1354141,0,-3,-1.13,122.4
00:43.1,18.2,1.034,15.37197538,75.12729148,629.342,0.32228498,29.77636,14.574,21.442,0.632,0.000546575,-0.005016564,-0.000394779,-0.64002015,0.123062588,-9.744291,-0.23170414,0.068201598,0.1205677,0.1295585,0,-2.998,-1.13,122.398
00:43.1,18.1,1.042,15.37197544,75.12729159,629.336,0.27117089,25.547135,14.562,21.436,0.616,-0.005037351,-4.58E-05,-0.001594823,-0.7390728,-0.007285723,-9.788697,-0.20470948,0.066794266,0.1226246,0.1237029,0,-2.996,-1.13,122.396
00:43.1,18,1.05,15.3719755,75.1272917,629.33,0.2200568,21.31791,14.55,21.43,0.6,0.002240138,-0.006133299,0.001565368,-0.62650265,0.161406189,-9.812302,-0.17771482,0.065386934,0.1246815,0.1178473,0,-2.994,-1.13,122.394
00:43.1,18.1,1.049,15.37197552,75.12729174,629.322,0.22202194,29.984259,14.545,21.427,0.66,0.009517628,-0.01222075,0.004725558,-0.5139325,0.3300981,-9.835907,-0.15072016,0.063979602,0.1267384,0.1119917,0,-2.992,-1.13,122.392
00:43.2,18.2,1.048,15.37197554,75.12729178,629.314,0.22398708,38.650608,14.54,21.424,0.72,0.007380001,-0.010409692,0.005167509,-0.5468306,0.24284255,-9.7441175,-0.1237255,0.06257227,0.1287953,0.1061361,0,-2.99,-1.13,122.39
00:43.2,18.3,1.047,15.37197556,75.12729182,629.306,0.22595222,47.316957,14.535,21.421,0.78,0.005242373,-0.008598634,0.00560946,-0.5797287,0.155587,-9.652328,-0.17096616,0.06490539,0.12007123,0.101895422,0,-2.992,-1.128,122.39
00:43.2,18.4,1.046,15.37197558,75.12729186,629.298,0.22791736,55.983306,14.53,21.418,0.84,0.00394302,-0.009556827,0.005076927,-0.4947406,0.19253355,-9.750261,-0.21820682,0.06723851,0.11134716,0.097654744,0,-2.994,-1.126,122.39
00:43.2,18.5,1.045,15.3719756,75.1272919,629.29,0.2298825,64.649655,14.525,21.415,0.9,0.002643667,-0.01051502,0.004544394,-0.4097525,0.2294801,-9.848194,-0.26544748,0.06957163,0.10262309,0.093414066,0,-2.996,-1.124,122.39
00:43.2,18.6,1.044,15.37197562,75.12729194,629.282,0.23184764,73.316004,14.52,21.412,0.96,0.006600474,-0.01286016,0.004725359,-0.43871455,0.2322381,-9.8157155,-0.31268814,0.07190475,0.09389902,0.089173388,0,-2.998,-1.122,122.39
00:43.3,18.7,1.043,15.37197564,75.12729198,629.274,0.23381278,81.982353,14.515,21.409,1.02,0.01055728,-0.0152053,0.004906323,-0.4676766,0.2349961,-9.783237,-0.3599288,0.07423787,0.08517495,0.08493271,0,-3,-1.12,122.39
00:43.3,18.8,1.042,15.37197566,75.12729202,629.266,0.23577792,90.648702,14.51,21.406,1.08,0.01014104,-0.016585765,0.002395665,-0.4302738,0.21443855,-9.674769,-0.34530668,0.082803396,0.09666922,0.119588888,0,-2.988,-1.124,122.388
00:43.3,18.9,1.041,15.37197568,75.12729206,629.258,0.23774306,99.315051,14.505,21.403,1.14,0.0097248,-0.01796623,-0.000114993,-0.392871,0.193881,-9.566301,-0.33068456,0.091368922,0.10816349,0.154245066,0,-2.976,-1.128,122.386
00:43.3,19,1.04,15.3719757,75.1272921,629.25,0.2397082,107.9814,14.5,21.4,1.2,0.01783608,-0.009053594,0.001330706,-0.4117321,0.1545764,-9.9059205,-0.31606244,0.099934448,0.11965776,0.188901244,0,-2.964,-1.132,122.384
00:43.3,19,1.04,15.37197571,75.12729215,629.239,0.24388503,107.20646,14.494,21.398,1.206,0.02594736,-0.000140958,0.002776405,-0.4305932,0.1152718,-10.24554,-0.30144032,0.108499974,0.13115203,0.223557422,0,-2.952,-1.136,122.382
00:43.4,19,1.04,15.37197572,75.1272922,629.228,0.24806186,106.43152,14.488,21.396,1.212,0.022074405,-0.011080249,0.006932913,-0.46164985,0.1819699,-9.851256,-0.2868182,0.1170655,0.1426463,0.2582136,0,-2.94,-1.14,122.38
00:43.4,19,1.04,15.37197573,75.12729225,629.217,0.25223869,105.65658,14.482,21.394,1.218,0.01820145,-0.02201954,0.01108942,-0.4927065,0.248668,-9.456972,-0.244076666,0.110516494,0.13796542,0.24197564,0,-2.938,-1.144,122.378
00:43.4,19,1.04,15.37197574,75.1272923,629.206,0.25641552,104.88164,14.476,21.392,1.224,0.008285045,-0.015533251,0.006608991,-0.52981635,0.159790195,-9.7002715,-0.201335132,0.103967488,0.13328454,0.22573768,0,-2.936,-1.148,122.376
00:43.4,19,1.04,15.37197575,75.12729235,629.195,0.26059235,104.1067,14.47,21.39,1.23,-0.001631361,-0.009046962,0.002128562,-0.5669262,0.07091239,-9.943571,-0.158593598,0.097418482,0.12860366,0.20949972,0,-2.934,-1.152,122.374
00:43.4,19,1.04,15.37197576,75.1272924,629.184,0.26476918,103.33176,14.464,21.388,1.236,0.003549152,-0.014724511,0.001241162,-0.5264854,0.158832945,-9.87942,-0.115852064,0.090869476,0.12392278,0.19326176,0,-2.932,-1.156,122.372
00:43.5,19,1.04,15.37197577,75.12729245,629.173,0.26894601,102.55682,14.458,21.386,1.242,0.008729665,-0.02040206,0.000353763,-0.4860446,0.2467535,-9.815269,-0.07311053,0.08432047,0.1192419,0.1770238,0,-2.93,-1.16,122.37
00:43.5,19,1.04,15.37197578,75.1272925,629.162,0.27312284,101.78188,14.452,21.384,1.248,0.006703384,-0.01033065,0.002043098,-0.602254,0.2215649,-9.7344635,-0.079859204,0.078609746,0.11717872,0.16652424,0,-2.932,-1.158,122.364
00:43.5,19,1.04,15.37197579,75.12729255,629.151,0.27729967,101.00694,14.446,21.382,1.254,0.004677104,-0.00025924,0.003732434,-0.7184634,0.1963763,-9.653658,-0.086607878,0.072899022,0.11511554,0.15602468,0,-2.934,-1.156,122.358
00:43.5,19,1.04,15.3719758,75.1272926,629.14,0.2814765,100.232,14.44,21.38,1.26,0.002295232,-0.005072939,-0.000263714,-0.60254435,0.1989702,-9.749662,-0.093356552,0.067188298,0.11305236,0.14552512,0,-2.936,-1.154,122.352
00:43.5,19,1.04,15.37197581,75.12729264,629.131,0.27870167,97.536712,14.435,21.378,1.257,-8.66E-05,-0.009886638,-0.004259862,-0.4866253,0.2015641,-9.845666,-0.100105226,0.061477574,0.11098918,0.13502556,0,-2.938,-1.152,122.346
00:43.6,19,1.04,15.37197582,75.12729268,629.122,0.27592684,94.841424,14.43,21.376,1.254,0.003759066,-0.006303975,0.000784398,-0.5138633,0.16780205,-9.8053235,-0.1068539,0.05576685,0.108926,0.124526,0,-2.94,-1.15,122.34
00:43.6,19,1.04,15.37197583,75.12729272,629.113,0.27315201,92.146136,14.425,21.374,1.251,0.007604772,-0.002721312,0.005828658,-0.5411013,0.13404,-9.764981,-0.097855672,0.056261308,0.106582742,0.12232278,0,-2.942,-1.144,122.338
00:43.6,19,1.04,15.37197584,75.12729276,629.104,0.27037718,89.450848,14.42,21.372,1.248,0.001806915,-0.006108951,0.002819214,-0.49423195,0.1645967,-9.762292,-0.088857444,0.056755766,0.104239484,0.12011956,0,-2.944,-1.138,122.336
00:43.6,19,1.04,15.37197585,75.1272928,629.095,0.26760235,86.75556,14.415,21.37,1.245,-0.003990942,-0.009496589,-0.000190231,-0.4473626,0.1951534,-9.759603,-0.079859216,0.057250224,0.101896226,0.11791634,0,-2.946,-1.132,122.334
00:43.6,19,1.04,15.37197586,75.12729284,629.086,0.26482752,84.060272,14.41,21.368,1.242,0.004474589,-0.00757103,0.001618717,-0.41932105,0.1976417,-9.7729655,-0.070860988,0.057744682,0.099552968,0.11571312,0,-2.948,-1.126,122.332
00:43.7,19,1.04,15.37197587,75.12729288,629.077,0.26205269,81.364984,14.405,21.366,1.239,0.01294012,-0.005645471,0.003427665,-0.3912795,0.20013,-9.786328,-0.06186276,0.05823914,0.09720971,0.1135099,0,-2.95,-1.12,122.33
00:43.7,19,1.04,15.37197588,75.12729292,629.068,0.25927786,78.669696,14.4,21.364,1.236,0.009948269,-0.007910856,0.000144099,-0.5448468,0.2426412,-9.7680155,-0.062987536,0.058358414,0.093909206,0.1113782,0,-2.948,-1.124,122.324
00:43.7,19,1.04,15.37197589,75.12729296,629.059,0.25650303,75.974408,14.395,21.362,1.233,0.006956418,-0.01017624,-0.003139466,-0.6984141,0.2851524,-9.749703,-0.064112312,0.058477688,0.090608702,0.1092465,0,-2.946,-1.128,122.318
00:43.7,19,1.04,15.3719759,75.127293,629.05,0.2537282,73.27912,14.39,21.36,1.23,0.005119588,-0.0105997,-0.000895056,-0.60075835,0.20865765,-9.806011,-0.065237088,0.058596962,0.087308198,0.1071148,0,-2.944,-1.132,122.312
00:43.7,19,1.04,15.37197591,75.12729302,629.044,0.234579526,79.581408,14.384,21.357,1.195,0.003282758,-0.01102316,0.001349354,-0.5031026,0.1321629,-9.862319,-0.066361864,0.058716236,0.084007694,0.1049831,0,-2.942,-1.136,122.306
00:43.8,19,1.04,15.37197592,75.12729304,629.038,0.215430852,85.883696,14.378,21.354,1.16,0.004878733,-0.008245738,0.000742704,-0.52464715,0.2346151,-9.7409965,-0.06748664,0.05883551,0.08070719,0.1028514,0,-2.94,-1.14,122.3
00:43.8,19,1.04,15.37197593,75.12729306,629.032,0.196282178,92.185984,14.372,21.351,1.125,0.006474707,-0.005468316,0.000136055,-0.5461917,0.3370673,-9.619674,-0.052864535,0.070053708,0.086945592,0.11269852,0,-2.932,-1.136,122.296
00:43.8,19,1.04,15.37197594,75.12729308,629.026,0.177133504,98.488272,14.366,21.348,1.09,0.012593578,-0.008365958,-0.000304664,-0.4577013,0.164256107,-9.7779475,-0.038242429,0.081271906,0.093183994,0.12254564,0,-2.924,-1.132,122.292
00:43.8,19,1.04,15.37197595,75.1272931,629.02,0.15798483,104.79056,14.36,21.345,1.055,0.01871245,-0.0112636,-0.000745383,-0.3692109,-0.008555086,-9.936221,-0.023620324,0.092490104,0.099422396,0.13239276,0,-2.916,-1.128,122.288
00:43.8,19,1.04,15.37197596,75.12729312,629.014,0.138836156,111.092848,14.354,21.342,1.02,0.0167264,-0.009645595,-0.000981054,-0.51663035,0.144313107,-9.7094385,-0.008998218,0.103708302,0.105660798,0.14223988,0,-2.908,-1.124,122.284
00:43.9,19,1.04,15.37197597,75.12729314,629.008,0.119687482,117.395136,14.348,21.339,0.985,0.01474035,-0.008027589,-0.001216725,-0.6640498,0.2971813,-9.482656,0.005623887,0.1149265,0.1118992,0.152087,0,-2.9,-1.12,122.28
00:43.9,19,1.04,15.37197598,75.12729316,629.002,0.100538808,123.697424,14.342,21.336,0.95,0.01450449,-0.002333623,0.0008763,-0.66495205,0.164238395,-9.787978,0.004978096,0.114713325,0.111642087,0.151789652,0,-2.899555556,-1.120507937,122.2760952
00:43.9,19,1.04,15.37197599,75.12729318,628.996,0.081390134,129.999712,14.336,21.333,0.915,0.01426863,0.003360343,0.002969326,-0.6658543,0.03129549,-10.0933,0.004332304,0.114500151,0.111384975,0.151492304,0,-2.899111111,-1.121015873,122.2721905
00:43.9,19,1.04,15.371976,75.1272932,628.99,0.06224146,136.302,14.33,21.33,0.88,0.013481455,-0.005512529,0.001450679,-0.5640496,0.122030845,-9.837552,0.003686513,0.114286976,0.111127862,0.151194956,0,-2.898666667,-1.12152381,122.2682857
00:43.9,19,1.040031153,15.371976,75.12729314,628.9906542,0.062409268,136.1824322,14.32470405,21.32778816,0.879221184,0.01269428,-0.0143854,-6.80E-05,-0.4622449,0.2127662,-9.581804,0.003040721,0.114073801,0.11087075,0.150897608,0,-2.898222222,-1.122031746,122.264381
00:44.0,19,1.040062305,15.371976,75.12729308,628.9913084,0.062577075,136.0628644,14.3194081,21.32557632,0.878442368,0.012645513,-0.01434793,-5.31E-05,-0.462395289,0.212517566,-9.582206522,0.00239493,0.113860627,0.110613637,0.15060026,0,-2.897777778,-1.122539683,122.2604762
00:44.0,19,1.040093458,15.371976,75.12729303,628.9919626,0.062744883,135.9432966,14.31411215,21.32336449,0.877663551,0.012596746,-0.01431046,-3.83E-05,-0.462545678,0.212268932,-9.582609045,0.001749139,0.113647452,0.110356525,0.150302912,0,-2.897333333,-1.123047619,122.2565714
00:44.0,19,1.040124611,15.371976,75.12729297,628.9926168,0.06291269,135.8237288,14.3088162,21.32115265,0.876884735,0.012547979,-0.01427299,-2.34E-05,-0.462696066,0.212020298,-9.583011567,0.001103347,0.113434277,0.110099412,0.150005564,0,-2.896888889,-1.123555556,122.2526667
00:44.0,19,1.040155763,15.371976,75.12729291,628.993271,0.063080498,135.7041611,14.30352025,21.31894081,0.876105919,0.012499211,-0.01423552,-8.61E-06,-0.462846455,0.211771664,-9.58341409,0.000457556,0.113221103,0.1098423,0.149708216,0,-2.896444444,-1.124063492,122.2487619
00:44.0,19,1.040186916,15.371976,75.12729285,628.9939252,0.063248306,135.5845933,14.2982243,21.31672897,0.875327103,0.012450444,-0.01419805,6.23E-06,-0.462996844,0.21152303,-9.583816612,-0.000188235,0.113007928,0.109585187,0.149410868,0,-2.896,-1.124571429,122.2448571
00:44.1,19,1.040218069,15.371976,75.1272928,628.9945794,0.063416113,135.4650255,14.29292835,21.31451713,0.874548287,0.012401677,-0.01416058,2.11E-05,-0.463147233,0.211274396,-9.584219135,-0.000834027,0.112794753,0.109328075,0.14911352,0,-2.895555556,-1.125079365,122.2409524
00:44.1,19,1.040249221,15.371976,75.12729274,628.9952336,0.063583921,135.3454577,14.2876324,21.3123053,0.87376947,0.01235291,-0.01412311,3.59E-05,-0.463297621,0.211025762,-9.584621657,-0.001479818,0.112581579,0.109070962,0.148816172,0,-2.895111111,-1.125587302,122.2370476
00:44.1,19,1.040280374,15.371976,75.12729268,628.9958879,0.063751728,135.2258899,14.28233645,21.31009346,0.872990654,0.012304143,-0.01408564,5.07E-05,-0.46344801,0.210777128,-9.585024179,-0.00212561,0.112368404,0.10881385,0.148518824,0,-2.894666667,-1.126095238,122.2331429
00:44.1,19,1.040311526,15.371976,75.12729262,628.9965421,0.063919536,135.1063221,14.2770405,21.30788162,0.872211838,0.012255376,-0.01404817,6.56E-05,-0.463598399,0.210528494,-9.585426702,-0.002771401,0.112155229,0.108556737,0.148221476,0,-2.894222222,-1.126603175,122.2292381
00:44.1,19,1.040342679,15.371976,75.12729257,628.9971963,0.064087344,134.9867543,14.27174455,21.30566978,0.871433022,0.012206608,-0.0140107,8.04E-05,-0.463748788,0.21027986,-9.585829224,-0.003417192,0.111942055,0.108299624,0.147924128,0,-2.893777778,-1.127111111,122.2253333
00:44.2,19,1.040373832,15.371976,75.12729251,628.9978505,0.064255151,134.8671865,14.2664486,21.30345794,0.870654206,0.012157841,-0.013973229,9.53E-05,-0.463899177,0.210031226,-9.586231747,-0.004062984,0.11172888,0.108042512,0.14762678,0,-2.893333333,-1.127619048,122.2214286
00:44.2,19,1.040404984,15.371976,75.12729245,628.9985047,0.064422959,134.7476188,14.26115265,21.30124611,0.869875389,0.012109074,-0.013935759,0.000110102,-0.464049565,0.209782592,-9.586634269,-0.004708775,0.111515705,0.107785399,0.147329432,0,-2.892888889,-1.128126984,122.2175238
00:44.2,19,1.040436137,15.371976,75.12729239,628.9991589,0.064590766,134.628051,14.2558567,21.29903427,0.869096573,0.012060307,-0.013898289,0.000124941,-0.464199954,0.209533958,-9.587036792,-0.005354567,0.111302531,0.107528287,0.147032084,0,-2.892444444,-1.128634921,122.213619
00:44.2,19,1.04046729,15.371976,75.12729234,628.9998131,0.064758574,134.5084832,14.25056075,21.29682243,0.868317757,0.01201154,-0.013860819,0.00013978,-0.464350343,0.209285324,-9.587439314,-0.006000358,0.111089356,0.107271174,0.146734736,0,-2.892,-1.129142857,122.2097143
00:44.2,19,1.040498442,15.371976,75.12729228,629.0004673,0.064926382,134.3889154,14.2452648,21.29461059,0.867538941,0.011962773,-0.013823349,0.00015462,-0.464500732,0.20903669,-9.587841837,-0.006646149,0.110876181,0.107014062,0.146437388,0,-2.891555556,-1.129650794,122.2058095
00:44.3,19,1.040529595,15.37197599,75.12729222,629.0011215,0.065094189,134.2693476,14.23996885,21.29239875,0.866760125,0.011914005,-0.013785879,0.000169459,-0.464651121,0.208788056,-9.588244359,-0.007291941,0.110663007,0.106756949,0.14614004,0,-2.891111111,-1.13015873,122.2019048
00:44.3,19,1.040560748,15.37197599,75.12729216,629.0017757,0.065261997,134.1497798,14.2346729,21.29018692,0.865981308,0.011865238,-0.013748409,0.000184298,-0.464801509,0.208539422,-9.588646881,-0.007937732,0.110449832,0.106499837,0.145842692,0,-2.890666667,-1.130666667,122.198
00:44.3,19,1.0405919,15.37197599,75.1272921,629.0024299,0.065429804,134.030212,14.22937695,21.28797508,0.865202492,0.011816471,-0.013710939,0.000199137,-0.464951898,0.208290788,-9.589049404,-0.008583524,0.110236657,0.106242724,0.145545344,0,-2.890222222,-1.131174603,122.1940952
00:44.3,19,1.040623053,15.37197599,75.12729205,629.0030841,0.065597612,133.9106442,14.224081,21.28576324,0.864423676,0.011767704,-0.013673469,0.000213976,-0.465102287,0.208042154,-9.589451926,-0.009229315,0.110023483,0.105985612,0.145247996,0,-2.889777778,-1.13168254,122.1901905
00:44.3,19,1.040654206,15.37197599,75.12729199,629.0037383,0.06576542,133.7910764,14.21878505,21.2835514,0.86364486,0.011718937,-0.013635999,0.000228815,-0.465252676,0.207793521,-9.589854449,-0.009875106,0.109810308,0.105728499,0.144950648,0,-2.889333333,-1.132190476,122.1862857
00:44.4,19,1.040685358,15.37197599,75.12729193,629.0043925,0.065933227,133.6715087,14.2134891,21.28133956,0.862866044,0.01167017,-0.013598529,0.000243654,-0.465403064,0.207544887,-9.590256971,-0.010520898,0.109597133,0.105471387,0.1446533,0,-2.888888889,-1.132698413,122.182381
00:44.4,19,1.040716511,15.37197599,75.12729187,629.0050467,0.066101035,133.5519409,14.20819315,21.27912773,0.862087227,0.011621402,-0.013561059,0.000258493,-0.465553453,0.207296253,-9.590659494,-0.011166689,0.109383959,0.105214274,0.144355952,0,-2.888444444,-1.133206349,122.1784762
00:44.4,19,1.040747664,15.37197599,75.12729182,629.0057009,0.066268842,133.4323731,14.2028972,21.27691589,0.861308411,0.011572635,-0.013523589,0.000273333,-0.465703842,0.207047619,-9.591062016,-0.01181248,0.109170784,0.104957161,0.144058604,0,-2.888,-1.133714286,122.1745714
00:44.4,19,1.040778816,15.37197599,75.12729176,629.0063551,0.06643665,133.3128053,14.19760125,21.27470405,0.860529595,0.011523868,-0.013486119,0.000288172,-0.465854231,0.206798985,-9.591464538,-0.012458272,0.108957609,0.104700049,0.143761256,0,-2.887555556,-1.134222222,122.1706667
00:44.4,19,1.040809969,15.37197599,75.1272917,629.0070093,0.066604458,133.1932375,14.1923053,21.27249221,0.859750779,0.011475101,-0.013448649,0.000303011,-0.46600462,0.206550351,-9.591867061,-0.013104063,0.108744435,0.104442936,0.143463908,0,-2.887111111,-1.134730159,122.1667619
00:44.5,19,1.040841121,15.37197599,75.12729164,629.0076636,0.066772265,133.0736697,14.18700935,21.27028037,0.858971963,0.011426334,-0.013411179,0.00031785,-0.466155008,0.206301717,-9.592269583,-0.013749855,0.10853126,0.104185824,0.14316656,0,-2.886666667,-1.135238095,122.1628571
00:44.5,19,1.040872274,15.37197599,75.12729159,629.0083178,0.066940073,132.9541019,14.1817134,21.26806854,0.858193146,0.011377567,-0.013373709,0.000332689,-0.466305397,0.206053083,-9.592672106,-0.014395646,0.108318085,0.103928711,0.142869212,0,-2.886222222,-1.135746032,122.1589524
00:44.5,19,1.040903427,15.37197599,75.12729153,629.008972,0.06710788,132.8345341,14.17641745,21.2658567,0.85741433,0.0113288,-0.013336239,0.000347528,-0.466455786,0.205804449,-9.593074628,-0.015041437,0.108104911,0.103671599,0.142571864,0,-2.885777778,-1.136253968,122.1550476
00:44.5,19,1.040934579,15.37197599,75.12729147,629.0096262,0.067275688,132.7149664,14.1711215,21.26364486,0.856635514,0.011280032,-0.013298769,0.000362367,-0.466606175,0.205555815,-9.593477151,-0.015687229,0.107891736,0.103414486,0.142274516,0,-2.885333333,-1.136761905,122.1511429
00:44.5,19,1.040965732,15.37197599,75.12729141,629.0102804,0.067443496,132.5953986,14.16582555,21.26143302,0.855856698,0.011231265,-0.013261299,0.000377206,-0.466756563,0.205307181,-9.593879673,-0.01633302,0.107678561,0.103157374,0.141977168,0,-2.884888889,-1.137269841,122.1472381
00:44.6,19,1.040996885,15.37197599,75.12729136,629.0109346,0.067611303,132.4758308,14.1605296,21.25922118,0.855077882,0.011182498,-0.013223829,0.000392045,-0.466906952,0.205058547,-9.594282196,-0.016978812,0.107465387,0.102900261,0.14167982,0,-2.884444444,-1.137777778,122.1433333
00:44.6,19,1.041028037,15.37197599,75.1272913,629.0115888,0.067779111,132.356263,14.15523364,21.25700935,0.854299065,0.011133731,-0.013186358,0.000406885,-0.467057341,0.204809913,-9.594684718,-0.017624603,0.107252212,0.102643149,0.141382472,0,-2.884,-1.138285714,122.1394286
00:44.6,19,1.04105919,15.37197599,75.12729124,629.012243,0.067946918,132.2366952,14.14993769,21.25479751,0.853520249,0.011084964,-0.013148888,0.000421724,-0.46720773,0.204561279,-9.59508724,-0.018270394,0.107039037,0.102386036,0.141085124,0,-2.883555556,-1.138793651,122.1355238
00:44.6,19,1.041090343,15.37197599,75.12729118,629.0128972,0.068114726,132.1171274,14.14464174,21.25258567,0.852741433,0.011036197,-0.013111418,0.000436563,-0.467358119,0.204312645,-9.595489763,-0.018916186,0.106825863,0.102128923,0.140787776,0,-2.883111111,-1.139301587,122.131619
00:44.6,19,1.041121495,15.37197599,75.12729113,629.0135514,0.068282534,131.9975596,14.13934579,21.25037383,0.851962617,0.010987429,-0.013073948,0.000451402,-0.467508507,0.204064011,-9.595892285,-0.019561977,0.106612688,0.101871811,0.140490428,0,-2.882666667,-1.139809524,122.1277143
00:44.7,19,1.041152648,15.37197599,75.12729107,629.0142056,0.068450341,131.8779918,14.13404984,21.24816199,0.851183801,0.010938662,-0.013036478,0.000466241,-0.467658896,0.203815377,-9.596294808,-0.020207768,0.106399513,0.101614698,0.14019308,0,-2.882222222,-1.14031746,122.1238095
00:44.7,19,1.041183801,15.37197599,75.12729101,629.0148598,0.068618149,131.758424,14.12875389,21.24595016,0.850404984,0.010889895,-0.012999008,0.00048108,-0.467809285,0.203566743,-9.59669733,-0.02085356,0.106186339,0.101357586,0.139895732,0,-2.881777778,-1.140825397,122.1199048
00:44.7,19,1.041214953,15.37197599,75.12729095,629.015514,0.068785956,131.6388563,14.12345794,21.24373832,0.849626168,0.010841128,-0.012961538,0.000495919,-0.467959674,0.203318109,-9.597099853,-0.021499351,0.105973164,0.101100473,0.139598384,0,-2.881333333,-1.141333333,122.116
00:44.7,19,1.041246106,15.37197599,75.12729089,629.0161682,0.068953764,131.5192885,14.11816199,21.24152648,0.848847352,0.010792361,-0.012924068,0.000510758,-0.468110063,0.203069475,-9.597502375,-0.022145143,0.105759989,0.100843361,0.139301036,0,-2.880888889,-1.14184127,122.1120952
00:44.7,19,1.041277259,15.37197599,75.12729084,629.0168224,0.069121572,131.3997207,14.11286604,21.23931464,0.848068536,0.010743594,-0.012886598,0.000525598,-0.468260451,0.202820841,-9.597904897,-0.022790934,0.105546815,0.100586248,0.139003688,0,-2.880444444,-1.142349206,122.1081905
00:44.8,19,1.041308411,15.37197599,75.12729078,629.0174766,0.069289379,131.2801529,14.10757009,21.2371028,0.84728972,0.010694826,-0.012849128,0.000540437,-0.46841084,0.202572207,-9.59830742,-0.023436725,0.10533364,0.100329136,0.13870634,0,-2.88,-1.142857143,122.1042857
00:44.8,19,1.041339564,15.37197599,75.12729072,629.0181308,0.069457187,131.1605851,14.10227414,21.23489097,0.846510903,0.010646059,-0.012811658,0.000555276,-0.468561229,0.202323573,-9.598709942,-0.024082517,0.105120465,0.100072023,0.138408992,0,-2.879555556,-1.143365079,122.100381
00:44.8,19,1.041370717,15.37197599,75.12729066,629.018785,0.069624994,131.0410173,14.09697819,21.23267913,0.845732087,0.010597292,-0.012774188,0.000570115,-0.468711618,0.202074939,-9.599112465,-0.024728308,0.104907291,0.099814911,0.138111644,0,-2.879111111,-1.143873016,122.0964762
00:44.8,19,1.041401869,15.37197599,75.12729061,629.0194393,0.069792802,130.9214495,14.09168224,21.23046729,0.844953271,0.010548525,-0.012736718,0.000584954,-0.468862006,0.201826305,-9.599514987,-0.0253741,0.104694116,0.099557798,0.137814296,0,-2.878666667,-1.144380952,122.0925714
00:44.8,19,1.041433022,15.37197599,75.12729055,629.0200935,0.06996061,130.8018817,14.08638629,21.22825545,0.844174455,0.010499758,-0.012699248,0.000599793,-0.469012395,0.201577671,-9.59991751,-0.026019891,0.104480941,0.099300686,0.137516948,0,-2.878222222,-1.144888889,122.0886667
00:44.9,19,1.041464174,15.37197599,75.12729049,629.0207477,0.070128417,130.682314,14.08109034,21.22604361,0.843395639,0.010450991,-0.012661778,0.000614632,-0.469162784,0.201329037,-9.600320032,-0.026665682,0.104267767,0.099043573,0.1372196,0,-2.877777778,-1.145396825,122.0847619
00:44.9,19,1.041495327,15.37197599,75.12729043,629.0214019,0.070296225,130.5627462,14.07579439,21.22383178,0.842616822,0.010402223,-0.012624308,0.000629471,-0.469313173,0.201080403,-9.600722554,-0.027311474,0.104054592,0.09878646,0.136922252,0,-2.877333333,-1.145904762,122.0808571
00:44.9,19,1.04152648,15.37197598,75.12729038,629.0220561,0.070464032,130.4431784,14.07049844,21.22161994,0.841838006,0.010353456,-0.012586838,0.00064431,-0.469463562,0.200831769,-9.601125077,-0.027957265,0.103841417,0.098529348,0.136624904,0,-2.876888889,-1.146412698,122.0769524
00:44.9,19,1.041557632,15.37197598,75.12729032,629.0227103,0.07063184,130.3236106,14.06520249,21.2194081,0.84105919,0.010304689,-0.012549368,0.00065915,-0.46961395,0.200583135,-9.601527599,-0.028603057,0.103628243,0.098272235,0.136327556,0,-2.876444444,-1.146920635,122.0730476
00:44.9,19,1.041588785,15.37197598,75.12729026,629.0233645,0.070799648,130.2040428,14.05990654,21.21719626,0.840280374,0.010255922,-0.012511898,0.000673989,-0.469764339,0.200334501,-9.601930122,-0.029248848,0.103415068,0.098015123,0.136030208,0,-2.876,-1.147428571,122.0691429
00:45.0,19,1.041619938,15.37197598,75.1272902,629.0240187,0.070967455,130.084475,14.05461059,21.21498442,0.839501558,0.010207155,-0.012474428,0.000688828,-0.469914728,0.200085867,-9.602332644,-0.029894639,0.103201893,0.09775801,0.13573286,0,-2.875555556,-1.147936508,122.0652381
00:45.0,19,1.04165109,15.37197598,75.12729015,629.0246729,0.071135263,129.9649072,14.04931464,21.21277259,0.838722741,0.010158388,-0.012436958,0.000703667,-0.470065117,0.199837233,-9.602735167,-0.030540431,0.102988719,0.097500898,0.135435512,0,-2.875111111,-1.148444444,122.0613333
00:45.0,19,1.041682243,15.37197598,75.12729009,629.0253271,0.07130307,129.8453394,14.04401869,21.21056075,0.837943925,0.010109621,-0.012399487,0.000718506,-0.470215505,0.199588599,-9.603137689,-0.031186222,0.102775544,0.097243785,0.135138164,0,-2.874666667,-1.148952381,122.0574286
00:45.0,19,1.041713396,15.37197598,75.12729003,629.0259813,0.071470878,129.7257717,14.03872274,21.20834891,0.837165109,0.010060853,-0.012362017,0.000733345,-0.470365894,0.199339965,-9.603540212,-0.031832013,0.102562369,0.096986673,0.134840816,0,-2.874222222,-1.149460317,122.0535238
00:45.0,19,1.041744548,15.37197598,75.12728997,629.0266355,0.071638686,129.6062039,14.03342679,21.20613707,0.836386293,0.010012086,-0.012324547,0.000748184,-0.470516283,0.199091331,-9.603942734,-0.032477805,0.102349195,0.09672956,0.134543468,0,-2.873777778,-1.149968254,122.049619
00:45.1,19,1.041775701,15.37197598,75.12728991,629.0272897,0.071806493,129.4866361,14.02813084,21.20392523,0.835607477,0.009963319,-0.012287077,0.000763023,-0.470666672,0.198842697,-9.604345256,-0.033123596,0.10213602,0.096472448,0.13424612,0,-2.873333333,-1.15047619,122.0457143
00:45.1,19,1.041806854,15.37197598,75.12728986,629.0279439,0.071974301,129.3670683,14.02283489,21.2017134,0.83482866,0.009914552,-0.012249607,0.000777862,-0.470817061,0.198594063,-9.604747779,-0.033769388,0.101922845,0.096215335,0.133948772,0,-2.872888889,-1.150984127,122.0418095
00:45.1,19,1.041838006,15.37197598,75.1272898,629.0285981,0.072142108,129.2475005,14.01753894,21.19950156,0.834049844,0.009865785,-0.012212137,0.000792702,-0.470967449,0.198345429,-9.605150301,-0.034415179,0.101709671,0.095958223,0.133651424,0,-2.872444444,-1.151492063,122.0379048
00:45.1,19,1.041869159,15.37197598,75.12728974,629.0292523,0.072309916,129.1279327,14.01224299,21.19728972,0.833271028,0.009817018,-0.012174667,0.000807541,-0.471117838,0.198096796,-9.605552824,-0.03506097,0.101496496,0.09570111,0.133354076,0,-2.872,-1.152,122.034
00:45.1,19,1.041900312,15.37197598,75.12728968,629.0299065,0.072477724,129.0083649,14.00694704,21.19507788,0.832492212,0.00976825,-0.012137197,0.00082238,-0.471268227,0.197848162,-9.605955346,-0.035706762,0.101283321,0.095443997,0.133056728,0,-2.871555556,-1.152507937,122.0300952
00:45.2,19,1.041931464,15.37197598,75.12728963,629.0305607,0.072645531,128.8887971,14.00165109,21.19286604,0.831713396,0.009719483,-0.012099727,0.000837219,-0.471418616,0.197599528,-9.606357869,-0.036352553,0.101070147,0.095186885,0.13275938,0,-2.871111111,-1.153015873,122.0261905
00:45.2,19,1.041962617,15.37197598,75.12728957,629.031215,0.072813339,128.7692293,13.99635514,21.19065421,0.830934579,0.009670716,-0.012062257,0.000852058,-0.471569004,0.197350894,-9.606760391,-0.036998345,0.100856972,0.094929772,0.132462032,0,-2.870666667,-1.15352381,122.0222857
00:45.2,19,1.041993769,15.37197598,75.12728951,629.0318692,0.072981146,128.6496616,13.99105919,21.18844237,0.830155763,0.009621949,-0.012024787,0.000866897,-0.471719393,0.19710226,-9.607162913,-0.037644136,0.100643797,0.09467266,0.132164684,0,-2.870222222,-1.154031746,122.018381
00:45.2,19,1.042024922,15.37197598,75.12728945,629.0325234,0.073148954,128.5300938,13.98576324,21.18623053,0.829376947,0.009573182,-0.011987317,0.000881736,-0.471869782,0.196853626,-9.607565436,-0.038289927,0.100430623,0.094415547,0.131867336,0,-2.869777778,-1.154539683,122.0144762
00:45.2,19,1.042056075,15.37197598,75.1272894,629.0331776,0.073316762,128.410526,13.98046729,21.18401869,0.828598131,0.009524415,-0.011949847,0.000896575,-0.472020171,0.196604992,-9.607967958,-0.038935719,0.100217448,0.094158435,0.131569988,0,-2.869333333,-1.155047619,122.0105714
00:45.3,19,1.042087227,15.37197598,75.12728934,629.0338318,0.073484569,128.2909582,13.97517134,21.18180685,0.827819315,0.009475647,-0.011912377,0.000911415,-0.47217056,0.196356358,-9.608370481,-0.03958151,0.100004273,0.093901322,0.13127264,0,-2.868888889,-1.155555556,122.0066667
00:45.3,19,1.04211838,15.37197598,75.12728928,629.034486,0.073652377,128.1713904,13.96987539,21.17959502,0.827040498,0.00942688,-0.011874907,0.000926254,-0.472320948,0.196107724,-9.608773003,-0.040227301,0.099791099,0.09364421,0.130975292,0,-2.868444444,-1.156063492,122.0027619
00:45.3,19,1.042149533,15.37197598,75.12728922,629.0351402,0.073820184,128.0518226,13.96457944,21.17738318,0.826261682,0.009378113,-0.011837437,0.000941093,-0.472471337,0.19585909,-9.609175526,-0.040873093,0.099577924,0.093387097,0.130677944,0,-2.868,-1.156571429,121.9988571
00:45.3,19,1.042180685,15.37197598,75.12728917,629.0357944,0.073987992,127.9322548,13.95928349,21.17517134,0.825482866,0.009329346,-0.011799967,0.000955932,-0.472621726,0.195610456,-9.609578048,-0.041518884,0.099364749,0.093129985,0.130380596,0,-2.867555556,-1.157079365,121.9949524
00:45.3,19,1.042211838,15.37197598,75.12728911,629.0364486,0.0741558,127.812687,13.95398754,21.1729595,0.82470405,0.009280579,-0.011762497,0.000970771,-0.472772115,0.195361822,-9.609980571,-0.042164676,0.099151575,0.092872872,0.130083248,0,-2.867111111,-1.157587302,121.9910476
00:45.4,19,1.042242991,15.37197598,75.12728905,629.0371028,0.074323607,127.6931193,13.94869159,21.17074766,0.823925234,0.009231812,-0.011725027,0.00098561,-0.472922504,0.195113188,-9.610383093,-0.042810467,0.0989384,0.09261576,0.1297859,0,-2.866666667,-1.158095238,121.9871429
00:45.4,19,1.042274143,15.37197598,75.12728899,629.037757,0.074491415,127.5735515,13.94339564,21.16853583,0.823146417,0.009183044,-0.011687557,0.001000449,-0.473072892,0.194864554,-9.610785615,-0.043456258,0.098725225,0.092358647,0.129488552,0,-2.866222222,-1.158603175,121.9832381
00:45.4,19,1.042305296,15.37197598,75.12728894,629.0384112,0.074659222,127.4539837,13.93809969,21.16632399,0.822367601,0.009134277,-0.011650086,0.001015288,-0.473223281,0.19461592,-9.611188138,-0.04410205,0.098512051,0.092101534,0.129191204,0,-2.865777778,-1.159111111,121.9793333
00:45.4,19,1.042336449,15.37197598,75.12728888,629.0390654,0.07482703,127.3344159,13.93280374,21.16411215,0.821588785,0.00908551,-0.011612616,0.001030127,-0.47337367,0.194367286,-9.61159066,-0.044747841,0.098298876,0.091844422,0.128893856,0,-2.865333333,-1.159619048,121.9754286
00:45.4,19,1.042367601,15.37197598,75.12728882,629.0397196,0.074994838,127.2148481,13.92750779,21.16190031,0.820809969,0.009036743,-0.011575146,0.001044967,-0.473524059,0.194118652,-9.611993183,-0.045393633,0.098085701,0.091587309,0.128596508,0,-2.864888889,-1.160126984,121.9715238
00:45.5,19,1.042398754,15.37197598,75.12728876,629.0403738,0.075162645,127.0952803,13.92221184,21.15968847,0.820031153,0.008987976,-0.011537676,0.001059806,-0.473674447,0.193870018,-9.612395705,-0.046039424,0.097872527,0.091330197,0.12829916,0,-2.864444444,-1.160634921,121.967619
00:45.5,19,1.042429907,15.37197598,75.1272887,629.041028,0.075330453,126.9757125,13.91691589,21.15747664,0.819252336,0.008939209,-0.011500206,0.001074645,-0.473824836,0.193621384,-9.612798228,-0.046685215,0.097659352,0.091073084,0.128001812,0,-2.864,-1.161142857,121.9637143
00:45.5,19,1.042461059,15.37197598,75.12728865,629.0416822,0.07549826,126.8561447,13.91161994,21.1552648,0.81847352,0.008890442,-0.011462736,0.001089484,-0.473975225,0.19337275,-9.61320075,-0.047331007,0.097446177,0.090815972,0.127704464,0,-2.863555556,-1.161650794,121.9598095
00:45.5,19,1.042492212,15.37197598,75.12728859,629.0423364,0.075666068,126.7365769,13.90632399,21.15305296,0.817694704,0.008841674,-0.011425266,0.001104323,-0.474125614,0.193124116,-9.613603272,-0.047976798,0.097233003,0.090558859,0.127407116,0,-2.863111111,-1.16215873,121.9559048
00:45.5,19,1.042523364,15.37197597,75.12728853,629.0429907,0.075833876,126.6170092,13.90102804,21.15084112,0.816915888,0.008792907,-0.011387796,0.001119162,-0.474276003,0.192875482,-9.614005795,-0.04862259,0.097019828,0.090301747,0.127109768,0,-2.862666667,-1.162666667,121.952
00:45.6,19,1.042554517,15.37197597,75.12728847,629.0436449,0.076001683,126.4974414,13.89573209,21.14862928,0.816137072,0.00874414,-0.011350326,0.001134001,-0.474426391,0.192626848,-9.614408317,-0.049268381,0.096806653,0.090044634,0.12681242,0,-2.862222222,-1.163174603,121.9480952
00:45.6,19,1.04258567,15.37197597,75.12728842,629.0442991,0.076169491,126.3778736,13.89043614,21.14641745,0.815358255,0.008695373,-0.011312856,0.00114884,-0.47457678,0.192378214,-9.61481084,-0.049914172,0.096593479,0.089787522,0.126515072,0,-2.861777778,-1.16368254,121.9441905
00:45.6,19,1.042616822,15.37197597,75.12728836,629.0449533,0.076337299,126.2583058,13.88514019,21.14420561,0.814579439,0.008646606,-0.011275386,0.001163679,-0.474727169,0.19212958,-9.615213362,-0.050559964,0.096380304,0.089530409,0.126217724,0,-2.861333333,-1.164190476,121.9402857
00:45.6,19,1.042647975,15.37197597,75.1272883,629.0456075,0.076505106,126.138738,13.87984424,21.14199377,0.813800623,0.008597839,-0.011237916,0.001178519,-0.474877558,0.191880946,-9.615615885,-0.051205755,0.096167129,0.089273297,0.125920376,0,-2.860888889,-1.164698413,121.936381
00:45.6,19,1.042679128,15.37197597,75.12728824,629.0462617,0.076672914,126.0191702,13.87454829,21.13978193,0.813021807,0.008549071,-0.011200446,0.001193358,-0.475027946,0.191632312,-9.616018407,-0.051851546,0.095953955,0.089016184,0.125623028,0,-2.860444444,-1.165206349,121.9324762
00:45.7,19,1.04271028,15.37197597,75.12728819,629.0469159,0.076840721,125.8996024,13.86925234,21.13757009,0.812242991,0.008500304,-0.011162976,0.001208197,-0.475178335,0.191383678,-9.616420929,-0.052497338,0.09574078,0.088759071,0.12532568,0,-2.86,-1.165714286,121.9285714
00:45.7,19,1.042741433,15.37197597,75.12728813,629.0475701,0.077008529,125.7800346,13.86395639,21.13535826,0.811464174,0.008451537,-0.011125506,0.001223036,-0.475328724,0.191135044,-9.616823452,-0.053143129,0.095527605,0.088501959,0.125028332,0,-2.859555556,-1.166222222,121.9246667
00:45.7,19,1.042772586,15.37197597,75.12728807,629.0482243,0.077176337,125.6604669,13.85866044,21.13314642,0.810685358,0.00840277,-0.011088036,0.001237875,-0.475479113,0.19088641,-9.617225974,-0.053788921,0.095314431,0.088244846,0.124730984,0,-2.859111111,-1.166730159,121.9207619
00:45.7,19,1.042803738,15.37197597,75.12728801,629.0488785,0.077344144,125.5408991,13.85336449,21.13093458,0.809906542,0.008354003,-0.011050566,0.001252714,-0.475629502,0.190637776,-9.617628497,-0.054434712,0.095101256,0.087987734,0.124433636,0,-2.858666667,-1.167238095,121.9168571
00:45.7,19,1.042834891,15.37197597,75.12728796,629.0495327,0.077511952,125.4213313,13.84806854,21.12872274,0.809127726,0.008305236,-0.011013096,0.001267553,-0.47577989,0.190389142,-9.618031019,-0.055080503,0.094888081,0.087730621,0.124136288,0,-2.858222222,-1.167746032,121.9129524
00:45.8,19,1.042866044,15.37197597,75.1272879,629.0501869,0.077679759,125.3017635,13.84277259,21.1265109,0.80834891,0.008256468,-0.010975626,0.001282392,-0.475930279,0.190140508,-9.618433542,-0.055726295,0.094674907,0.087473509,0.12383894,0,-2.857777778,-1.168253968,121.9090476
00:45.8,19,1.042897196,15.37197597,75.12728784,629.0508411,0.077847567,125.1821957,13.83747664,21.12429907,0.807570093,0.008207701,-0.010938156,0.001297232,-0.476080668,0.189891874,-9.618836064,-0.056372086,0.094461732,0.087216396,0.123541592,0,-2.857333333,-1.168761905,121.9051429
00:45.8,19,1.042928349,15.37197597,75.12728778,629.0514953,0.078015375,125.0626279,13.83218069,21.12208723,0.806791277,0.008158934,-0.010900686,0.001312071,-0.476231057,0.18964324,-9.619238587,-0.057017878,0.094248557,0.086959284,0.123244244,0,-2.856888889,-1.169269841,121.9012381
00:45.8,19,1.042959502,15.37197597,75.12728772,629.0521495,0.078183182,124.9430601,13.82688474,21.11987539,0.806012461,0.008110167,-0.010863215,0.00132691,-0.476381446,0.189394606,-9.619641109,-0.057663669,0.094035383,0.086702171,0.122946896,0,-2.856444444,-1.169777778,121.8973333
00:45.8,19,1.042990654,15.37197597,75.12728767,629.0528037,0.07835099,124.8234923,13.82158879,21.11766355,0.805233645,0.0080614,-0.010825745,0.001341749,-0.476531834,0.189145972,-9.620043631,-0.05830946,0.093822208,0.086445059,0.122649548,0,-2.856,-1.170285714,121.8934286
00:45.9,19,1.043021807,15.37197597,75.12728761,629.0534579,0.078518797,124.7039245,13.81629283,21.11545171,0.804454829,0.008012633,-0.010788275,0.001356588,-0.476682223,0.188897338,-9.620446154,-0.058955252,0.093609033,0.086187946,0.1223522,0,-2.855555556,-1.170793651,121.8895238
00:45.9,19,1.04305296,15.37197597,75.12728755,629.0541121,0.078686605,124.5843568,13.81099688,21.11323988,0.803676012,0.007963865,-0.010750805,0.001371427,-0.476832612,0.188648704,-9.620848676,-0.059601043,0.093395859,0.085930833,0.122054852,0,-2.855111111,-1.171301587,121.885619
00:45.9,19,1.043084112,15.37197597,75.12728749,629.0547664,0.078854413,124.464789,13.80570093,21.11102804,0.802897196,0.007915098,-0.010713335,0.001386266,-0.476983001,0.188400071,-9.621251199,-0.060246835,0.093182684,0.085673721,0.121757504,0,-2.854666667,-1.171809524,121.8817143
00:45.9,19,1.043115265,15.37197597,75.12728744,629.0554206,0.07902222,124.3452212,13.80040498,21.1088162,0.80211838,0.007866331,-0.010675865,0.001401105,-0.477133389,0.188151437,-9.621653721,-0.060892626,0.092969509,0.085416608,0.121460156,0,-2.854222222,-1.17231746,121.8778095
00:45.9,19,1.043146417,15.37197597,75.12728738,629.0560748,0.079190028,124.2256534,13.79510903,21.10660436,0.801339564,0.007817564,-0.010638395,0.001415944,-0.477283778,0.187902803,-9.622056244,-0.061538417,0.092756335,0.085159496,0.121162808,0,-2.853777778,-1.172825397,121.8739048
00:46.0,19,1.04317757,15.37197597,75.12728732,629.056729,0.079357835,124.1060856,13.78981308,21.10439252,0.800560748,0.007768797,-0.010600925,0.001430784,-0.477434167,0.187654169,-9.622458766,-0.062184209,0.09254316,0.084902383,0.12086546,0,-2.853333333,-1.173333333,121.87
00:46.0,19,1.043208723,15.37197597,75.12728726,629.0573832,0.079525643,123.9865178,13.78451713,21.10218069,0.799781931,0.00772003,-0.010563455,0.001445623,-0.477584556,0.187405535,-9.622861288,-0.06283,0.092329985,0.084645271,0.120568112,0,-2.852888889,-1.17384127,121.8660952
00:46.0,19,1.043239875,15.37197597,75.12728721,629.0580374,0.079693451,123.86695,13.77922118,21.09996885,0.799003115,0.007671262,-0.010525985,0.001460462,-0.477734945,0.187156901,-9.623263811,-0.063475791,0.092116811,0.084388158,0.120270764,0,-2.852444444,-1.174349206,121.8621905
00:46.0,19,1.043271028,15.37197597,75.12728715,629.0586916,0.079861258,123.7473822,13.77392523,21.09775701,0.798224299,0.007622495,-0.010488515,0.001475301,-0.477885333,0.186908267,-9.623666333,-0.064121583,0.091903636,0.084131046,0.119973416,0,-2.852,-1.174857143,121.8582857
00:46.0,19,1.043302181,15.37197597,75.12728709,629.0593458,0.080029066,123.6278145,13.76862928,21.09554517,0.797445483,0.007573728,-0.010451045,0.00149014,-0.478035722,0.186659633,-9.624068856,-0.064767374,0.091690461,0.083873933,0.119676068,0,-2.851555556,-1.175365079,121.854381
00:46.1,19,1.043333333,15.37197597,75.12728703,629.06,0.080196873,123.5082467,13.76333333,21.09333333,0.796666667,0.007524961,-0.010413575,0.001504979,-0.478186111,0.186410999,-9.624471378,-0.065413166,0.091477287,0.083616821,0.11937872,0,-2.851111111,-1.175873016,121.8504762
00:46.1,19,1.043364486,15.37197597,75.12728698,629.0606542,0.080364681,123.3886789,13.75803738,21.0911215,0.79588785,0.007476194,-0.010376105,0.001519818,-0.4783365,0.186162365,-9.624873901,-0.066058957,0.091264112,0.083359708,0.119081372,0,-2.850666667,-1.176380952,121.8465714
00:46.1,19,1.043395639,15.37197597,75.12728692,629.0613084,0.080532489,123.2691111,13.75274143,21.08890966,0.795109034,0.007427427,-0.010338635,0.001534657,-0.478486888,0.185913731,-9.625276423,-0.066704748,0.091050937,0.083102596,0.118784024,0,-2.850222222,-1.176888889,121.8426667
00:46.1,19,1.043426791,15.37197597,75.12728686,629.0619626,0.080700296,123.1495433,13.74744548,21.08669782,0.794330218,0.00737866,-0.010301165,0.001549496,-0.478637277,0.185665097,-9.625678946,-0.06735054,0.090837763,0.082845483,0.118486676,0,-2.849777778,-1.177396825,121.8387619
00:46.1,19,1.043457944,15.37197597,75.1272868,629.0626168,0.080868104,123.0299755,13.74214953,21.08448598,0.793551402,0.007329892,-0.010263695,0.001564336,-0.478787666,0.185416463,-9.626081468,-0.067996331,0.090624588,0.08258837,0.118189328,0,-2.849333333,-1.177904762,121.8348571
00:46.2,19,1.043489097,15.37197597,75.12728675,629.063271,0.081035911,122.9104077,13.73685358,21.08227414,0.792772586,0.007281125,-0.010226225,0.001579175,-0.478938055,0.185167829,-9.62648399,-0.068642123,0.090411413,0.082331258,0.11789198,0,-2.848888889,-1.178412698,121.8309524
00:46.2,19,1.043520249,15.37197596,75.12728669,629.0639252,0.081203719,122.7908399,13.73155763,21.08006231,0.791993769,0.007232358,-0.010188755,0.001594014,-0.479088444,0.184919195,-9.626886513,-0.069287914,0.090198239,0.082074145,0.117594632,0,-2.848444444,-1.178920635,121.8270476
00:46.2,19,1.043551402,15.37197596,75.12728663,629.0645794,0.081371527,122.6712721,13.72626168,21.07785047,0.791214953,0.007183591,-0.010151285,0.001608853,-0.479238832,0.184670561,-9.627289035,-0.069933705,0.089985064,0.081817033,0.117297284,0,-2.848,-1.179428571,121.8231429
00:46.2,19,1.043582555,15.37197596,75.12728657,629.0652336,0.081539334,122.5517044,13.72096573,21.07563863,0.790436137,0.007134824,-0.010113815,0.001623692,-0.479389221,0.184421927,-9.627691558,-0.070579497,0.089771889,0.08155992,0.116999936,0,-2.847555556,-1.179936508,121.8192381
00:46.2,19,1.043613707,15.37197596,75.12728651,629.0658879,0.081707142,122.4321366,13.71566978,21.07342679,0.789657321,0.007086057,-0.010076344,0.001638531,-0.47953961,0.184173293,-9.62809408,-0.071225288,0.089558715,0.081302808,0.116702588,0,-2.847111111,-1.180444444,121.8153333
00:46.3,19,1.04364486,15.37197596,75.12728646,629.0665421,0.081874949,122.3125688,13.71037383,21.07121495,0.788878505,0.007037289,-0.010038874,0.00165337,-0.479689999,0.183924659,-9.628496603,-0.071871079,0.08934554,0.081045695,0.11640524,0,-2.846666667,-1.180952381,121.8114286
00:46.3,19,1.043676012,15.37197596,75.1272864,629.0671963,0.082042757,122.193001,13.70507788,21.06900312,0.788099688,0.006988522,-0.010001404,0.001668209,-0.479840388,0.183676025,-9.628899125,-0.072516871,0.089132365,0.080788583,0.116107892,0,-2.846222222,-1.181460317,121.8075238
00:46.3,19,1.043707165,15.37197596,75.12728634,629.0678505,0.082210565,122.0734332,13.69978193,21.06679128,0.787320872,0.006939755,-0.009963934,0.001683049,-0.479990776,0.183427391,-9.629301647,-0.073162662,0.088919191,0.08053147,0.115810544,0,-2.845777778,-1.181968254,121.803619
00:46.3,19,1.043738318,15.37197596,75.12728628,629.0685047,0.082378372,121.9538654,13.69448598,21.06457944,0.786542056,0.006890988,-0.009926464,0.001697888,-0.480141165,0.183178757,-9.62970417,-0.073808454,0.088706016,0.080274358,0.115513196,0,-2.845333333,-1.18247619,121.7997143
00:46.3,19,1.04376947,15.37197596,75.12728623,629.0691589,0.08254618,121.8342976,13.68919003,21.0623676,0.78576324,0.006842221,-0.009888994,0.001712727,-0.480291554,0.182930123,-9.630106692,-0.074454245,0.088492841,0.080017245,0.115215848,0,-2.844888889,-1.182984127,121.7958095
00:46.4,19,1.043800623,15.37197596,75.12728617,629.0698131,0.082713987,121.7147298,13.68389408,21.06015576,0.784984424,0.006793454,-0.009851524,0.001727566,-0.480441943,0.182681489,-9.630509215,-0.075100036,0.088279667,0.079760133,0.1149185,0,-2.844444444,-1.183492063,121.7919048
00:46.4,19,1.043831776,15.37197596,75.12728611,629.0704673,0.082881795,121.5951621,13.67859813,21.05794393,0.784205607,0.006744686,-0.009814054,0.001742405,-0.480592331,0.182432855,-9.630911737,-0.075745828,0.088066492,0.07950302,0.114621152,0,-2.844,-1.184,121.788
00:46.4,19,1.043862928,15.37197596,75.12728605,629.0711215,0.083049603,121.4755943,13.67330218,21.05573209,0.783426791,0.006695919,-0.009776584,0.001757244,-0.48074272,0.182184221,-9.63131426,-0.076391619,0.087853317,0.079245907,0.114323804,0,-2.843555556,-1.184507937,121.7840952
00:46.4,19,1.043894081,15.37197596,75.127286,629.0717757,0.08321741,121.3560265,13.66800623,21.05352025,0.782647975,0.006647152,-0.009739114,0.001772083,-0.480893109,0.181935587,-9.631716782,-0.077037411,0.087640143,0.078988795,0.114026456,0,-2.843111111,-1.185015873,121.7801905
00:46.4,19,1.043925234,15.37197596,75.12728594,629.0724299,0.083385218,121.2364587,13.66271028,21.05130841,0.781869159,0.006598385,-0.009701644,0.001786922,-0.481043498,0.181686953,-9.632119304,-0.077683202,0.087426968,0.078731682,0.113729108,0,-2.842666667,-1.18552381,121.7762857
00:46.5,19,1.043956386,15.37197596,75.12728588,629.0730841,0.083553025,121.1168909,13.65741433,21.04909657,0.781090343,0.006549618,-0.009664174,0.001801761,-0.481193887,0.181438319,-9.632521827,-0.078328993,0.087213793,0.07847457,0.11343176,0,-2.842222222,-1.186031746,121.772381
00:46.5,19,1.043987539,15.37197596,75.12728582,629.0737383,0.083720833,120.9973231,13.65211838,21.04688474,0.780311526,0.006500851,-0.009626704,0.001816601,-0.481344275,0.181189685,-9.632924349,-0.078974785,0.087000619,0.078217457,0.113134412,0,-2.841777778,-1.186539683,121.7684762
00:46.5,19,1.044018692,15.37197596,75.12728577,629.0743925,0.083888641,120.8777553,13.64682243,21.0446729,0.77953271,0.006452083,-0.009589234,0.00183144,-0.481494664,0.180941051,-9.633326872,-0.079620576,0.086787444,0.077960345,0.112837064,0,-2.841333333,-1.187047619,121.7645714
00:46.5,19,1.044049844,15.37197596,75.12728571,629.0750467,0.084056448,120.7581875,13.64152648,21.04246106,0.778753894,0.006403316,-0.009551764,0.001846279,-0.481645053,0.180692417,-9.633729394,-0.080266368,0.086574269,0.077703232,0.112539716,0,-2.840888889,-1.187555556,121.7606667
00:46.5,19,1.044080997,15.37197596,75.12728565,629.0757009,0.084224256,120.6386198,13.63623053,21.04024922,0.777975078,0.006354549,-0.009514294,0.001861118,-0.481795442,0.180443783,-9.634131917,-0.080912159,0.086361095,0.07744612,0.112242368,0,-2.840444444,-1.188063492,121.7567619
00:46.6,19,1.04411215,15.37197596,75.12728559,629.0763551,0.084392063,120.519052,13.63093458,21.03803738,0.777196262,0.006305782,-0.009476824,0.001875957,-0.48194583,0.180195149,-9.634534439,-0.08155795,0.08614792,0.077189007,0.11194502,0,-2.84,-1.188571429,121.7528571
00:46.6,19,1.044143302,15.37197596,75.12728553,629.0770093,0.084559871,120.3994842,13.62563863,21.03582555,0.776417445,0.006257015,-0.009439354,0.001890796,-0.482096219,0.179946515,-9.634936962,-0.082203742,0.085934745,0.076931895,0.111647672,0,-2.839555556,-1.189079365,121.7489524
00:46.6,19,1.044174455,15.37197596,75.12728548,629.0776636,0.084727679,120.2799164,13.62034268,21.03361371,0.775638629,0.006208248,-0.009401884,0.001905635,-0.482246608,0.179697881,-9.635339484,-0.082849533,0.085721571,0.076674782,0.111350324,0,-2.839111111,-1.189587302,121.7450476
00:46.6,19,1.044205607,15.37197596,75.12728542,629.0783178,0.084895486,120.1603486,13.61504673,21.03140187,0.774859813,0.006159481,-0.009364414,0.001920474,-0.482396997,0.179449247,-9.635742006,-0.083495324,0.085508396,0.07641767,0.111052976,0,-2.838666667,-1.190095238,121.7411429
00:46.6,19,1.04423676,15.37197596,75.12728536,629.078972,0.085063294,120.0407808,13.60975078,21.02919003,0.774080997,0.006110713,-0.009326944,0.001935314,-0.482547386,0.179200613,-9.636144529,-0.084141116,0.085295221,0.076160557,0.110755628,0,-2.838222222,-1.190603175,121.7372381
00:46.7,19,1.044267913,15.37197596,75.1272853,629.0796262,0.085231101,119.921213,13.60445483,21.02697819,0.773302181,0.006061946,-0.009289473,0.001950153,-0.482697774,0.178951979,-9.636547051,-0.084786907,0.085082047,0.075903444,0.11045828,0,-2.837777778,-1.191111111,121.7333333
00:46.7,19,1.044299065,15.37197596,75.12728525,629.0802804,0.085398909,119.8016452,13.59915888,21.02476636,0.772523364,0.006013179,-0.009252003,0.001964992,-0.482848163,0.178703346,-9.636949574,-0.085432699,0.084868872,0.075646332,0.110160932,0,-2.837333333,-1.191619048,121.7294286
00:46.7,19,1.044330218,15.37197596,75.12728519,629.0809346,0.085566717,119.6820774,13.59386293,21.02255452,0.771744548,0.005964412,-0.009214533,0.001979831,-0.482998552,0.178454712,-9.637352096,-0.08607849,0.084655697,0.075389219,0.109863584,0,-2.836888889,-1.192126984,121.7255238
00:46.7,19,1.044361371,15.37197596,75.12728513,629.0815888,0.085734524,119.5625097,13.58856698,21.02034268,0.770965732,0.005915645,-0.009177063,0.00199467,-0.483148941,0.178206078,-9.637754619,-0.086724281,0.084442523,0.075132107,0.109566236,0,-2.836444444,-1.192634921,121.721619
00:46.7,19,1.044392523,15.37197596,75.12728507,629.082243,0.085902332,119.4429419,13.58327103,21.01813084,0.770186916,0.005866878,-0.009139593,0.002009509,-0.483299329,0.177957444,-9.638157141,-0.087370073,0.084229348,0.074874994,0.109268888,0,-2.836,-1.193142857,121.7177143
00:46.8,19,1.044423676,15.37197596,75.12728502,629.0828972,0.086070139,119.3233741,13.57797508,21.015919,0.7694081,0.00581811,-0.009102123,0.002024348,-0.483449718,0.17770881,-9.638559663,-0.088015864,0.084016173,0.074617882,0.10897154,0,-2.835555556,-1.193650794,121.7138095
00:46.8,19,1.044454829,15.37197596,75.12728496,629.0835514,0.086237947,119.2038063,13.57267913,21.01370717,0.768629283,0.005769343,-0.009064653,0.002039187,-0.483600107,0.177460176,-9.638962186,-0.088661656,0.083802999,0.074360769,0.108674192,0,-2.835111111,-1.19415873,121.7099048
00:46.8,19,1.044485981,15.37197596,75.1272849,629.0842056,0.086405755,119.0842385,13.56738318,21.01149533,0.767850467,0.005720576,-0.009027183,0.002054026,-0.483750496,0.177211542,-9.639364708,-0.089307447,0.083589824,0.074103657,0.108376844,0,-2.834666667,-1.194666667,121.706
00:46.8,19,1.044517134,15.37197595,75.12728484,629.0848598,0.086573562,118.9646707,13.56208723,21.00928349,0.767071651,0.005671809,-0.008989713,0.002068866,-0.483900885,0.176962908,-9.639767231,-0.089953238,0.083376649,0.073846544,0.108079496,0,-2.834222222,-1.195174603,121.7020952
00:46.8,19,1.044548287,15.37197595,75.12728479,629.085514,0.08674137,118.8451029,13.55679128,21.00707165,0.766292835,0.005623042,-0.008952243,0.002083705,-0.484051273,0.176714274,-9.640169753,-0.09059903,0.083163475,0.073589432,0.107782148,0,-2.833777778,-1.19568254,121.6981905
00:46.9,19,1.044579439,15.37197595,75.12728473,629.0861682,0.086909177,118.7255351,13.55149533,21.00485981,0.765514019,0.005574275,-0.008914773,0.002098544,-0.484201662,0.17646564,-9.640572276,-0.091244821,0.0829503,0.073332319,0.1074848,0,-2.833333333,-1.196190476,121.6942857
00:46.9,19,1.044610592,15.37197595,75.12728467,629.0868224,0.087076985,118.6059674,13.54619938,21.00264798,0.764735202,0.005525507,-0.008877303,0.002113383,-0.484352051,0.176217006,-9.640974798,-0.091890612,0.082737125,0.073075207,0.107187452,0,-2.832888889,-1.196698413,121.690381
00:46.9,19,1.044641745,15.37197595,75.12728461,629.0874766,0.087244793,118.4863996,13.54090343,21.00043614,0.763956386,0.00547674,-0.008839833,0.002128222,-0.48450244,0.175968372,-9.641377321,-0.092536404,0.082523951,0.072818094,0.106890104,0,-2.832444444,-1.197206349,121.6864762
00:46.9,19,1.044672897,15.37197595,75.12728456,629.0881308,0.0874126,118.3668318,13.53560748,20.9982243,0.76317757,0.005427973,-0.008802363,0.002143061,-0.484652829,0.175719738,-9.641779843,-0.093182195,0.082310776,0.072560981,0.106592756,0,-2.832,-1.197714286,121.6825714
00:46.9,19,1.04470405,15.37197595,75.1272845,629.088785,0.087580408,118.247264,13.53031153,20.99601246,0.762398754,0.005379206,-0.008764893,0.0021579,-0.484803217,0.175471104,-9.642182365,-0.093827987,0.082097601,0.072303869,0.106295408,0,-2.831555556,-1.198222222,121.6786667
00:47.0,19,1.044735202,15.37197595,75.12728444,629.0894393,0.087748215,118.1276962,13.52501558,20.99380062,0.761619938,0.005330439,-0.008727423,0.002172739,-0.484953606,0.17522247,-9.642584888,-0.094473778,0.081884427,0.072046756,0.10599806,0,-2.831111111,-1.198730159,121.6747619
00:47.0,19,1.044766355,15.37197595,75.12728438,629.0900935,0.087916023,118.0081284,13.51971963,20.99158879,0.760841121,0.005281672,-0.008689953,0.002187578,-0.485103995,0.174973836,-9.64298741,-0.095119569,0.081671252,0.071789644,0.105700712,0,-2.830666667,-1.199238095,121.6708571
00:47.0,19,1.044797508,15.37197595,75.12728432,629.0907477,0.088083831,117.8885606,13.51442368,20.98937695,0.760062305,0.005232904,-0.008652483,0.002202418,-0.485254384,0.174725202,-9.643389933,-0.095765361,0.081458077,0.071532531,0.105403364,0,-2.830222222,-1.199746032,121.6669524
00:47.0,19,1.04482866,15.37197595,75.12728427,629.0914019,0.088251638,117.7689928,13.50912773,20.98716511,0.759283489,0.005184137,-0.008615013,0.002217257,-0.485404772,0.174476568,-9.643792455,-0.096411152,0.081244903,0.071275419,0.105106016,0,-2.829777778,-1.200253968,121.6630476
00:47.0,19,1.044859813,15.37197595,75.12728421,629.0920561,0.088419446,117.649425,13.50383178,20.98495327,0.758504673,0.00513537,-0.008577543,0.002232096,-0.485555161,0.174227934,-9.644194978,-0.097056944,0.081031728,0.071018306,0.104808668,0,-2.829333333,-1.200761905,121.6591429
00:47.1,19,1.044890966,15.37197595,75.12728415,629.0927103,0.088587253,117.5298573,13.49853583,20.98274143,0.757725857,0.005086603,-0.008540072,0.002246935,-0.48570555,0.1739793,-9.6445975,-0.097702735,0.080818553,0.070761194,0.10451132,0,-2.828888889,-1.201269841,121.6552381
00:47.1,19,1.044922118,15.37197595,75.12728409,629.0933645,0.088755061,117.4102895,13.49323988,20.9805296,0.75694704,0.005037836,-0.008502602,0.002261774,-0.485855939,0.173730666,-9.645000022,-0.098348526,0.080605379,0.070504081,0.104213972,0,-2.828444444,-1.201777778,121.6513333
00:47.1,19,1.044953271,15.37197595,75.12728404,629.0940187,0.088922869,117.2907217,13.48794393,20.97831776,0.756168224,0.004989069,-0.008465132,0.002276613,-0.486006328,0.173482032,-9.645402545,-0.098994318,0.080392204,0.070246969,0.103916624,0,-2.828,-1.202285714,121.6474286
00:47.1,19,1.044984424,15.37197595,75.12728398,629.0946729,0.089090676,117.1711539,13.48264798,20.97610592,0.755389408,0.004940302,-0.008427662,0.002291452,-0.486156716,0.173233398,-9.645805067,-0.099640109,0.080179029,0.069989856,0.103619276,0,-2.827555556,-1.202793651,121.6435238
00:47.1,19,1.045015576,15.37197595,75.12728392,629.0953271,0.089258484,117.0515861,13.47735202,20.97389408,0.754610592,0.004891534,-0.008390192,0.002306291,-0.486307105,0.172984764,-9.64620759,-0.100285901,0.079965855,0.069732743,0.103321928,0,-2.827111111,-1.203301587,121.639619
00:47.2,19,1.045046729,15.37197595,75.12728386,629.0959813,0.089426291,116.9320183,13.47205607,20.97168224,0.753831776,0.004842767,-0.008352722,0.002321131,-0.486457494,0.17273613,-9.646610112,-0.100931692,0.07975268,0.069475631,0.10302458,0,-2.826666667,-1.203809524,121.6357143
00:47.2,19,1.045077882,15.37197595,75.12728381,629.0966355,0.089594099,116.8124505,13.46676012,20.9694704,0.75305296,0.004794,-0.008315252,0.00233597,-0.486607883,0.172487496,-9.647012635,-0.101577483,0.079539505,0.069218518,0.102727232,0,-2.826222222,-1.20431746,121.6318095
00:47.2,19,1.045109034,15.37197595,75.12728375,629.0972897,0.089761907,116.6928827,13.46146417,20.96725857,0.752274143,0.004745233,-0.008277782,0.002350809,-0.486758271,0.172238862,-9.647415157,-0.102223275,0.079326331,0.068961406,0.102429884,0,-2.825777778,-1.204825397,121.6279048
00:47.2,19,1.045140187,15.37197595,75.12728369,629.0979439,0.089929714,116.573315,13.45616822,20.96504673,0.751495327,0.004696466,-0.008240312,0.002365648,-0.48690866,0.171990228,-9.647817679,-0.102869066,0.079113156,0.068704293,0.102132536,0,-2.825333333,-1.205333333,121.624
00:47.2,19,1.04517134,15.37197595,75.12728363,629.0985981,0.090097522,116.4537472,13.45087227,20.96283489,0.750716511,0.004647699,-0.008202842,0.002380487,-0.487059049,0.171741594,-9.648220202,-0.103514857,0.078899981,0.068447181,0.101835188,0,-2.824888889,-1.20584127,121.6200952
00:47.3,19,1.045202492,15.37197595,75.12728358,629.0992523,0.090265329,116.3341794,13.44557632,20.96062305,0.749937695,0.004598931,-0.008165372,0.002395326,-0.487209438,0.17149296,-9.648622724,-0.104160649,0.078686807,0.068190068,0.10153784,0,-2.824444444,-1.206349206,121.6161905
00:47.3,19,1.045233645,15.37197595,75.12728352,629.0999065,0.090433137,116.2146116,13.44028037,20.95841121,0.749158879,0.004550164,-0.008127902,0.002410165,-0.487359827,0.171244326,-9.649025247,-0.10480644,0.078473632,0.067932956,0.101240492,0,-2.824,-1.206857143,121.6122857
00:47.3,19,1.045264798,15.37197595,75.12728346,629.1005607,0.090600945,116.0950438,13.43498442,20.95619938,0.748380062,0.004501397,-0.008090432,0.002425004,-0.487510215,0.170995692,-9.649427769,-0.105452232,0.078260457,0.067675843,0.100943144,0,-2.823555556,-1.207365079,121.608381
00:47.3,19,1.04529595,15.37197595,75.1272834,629.101215,0.090768752,115.975476,13.42968847,20.95398754,0.747601246,0.00445263,-0.008052962,0.002439843,-0.487660604,0.170747058,-9.649830292,-0.106098023,0.078047283,0.067418731,0.100645796,0,-2.823111111,-1.207873016,121.6044762
00:47.3,19,1.045327103,15.37197595,75.12728334,629.1018692,0.09093656,115.8559082,13.42439252,20.9517757,0.74682243,0.004403863,-0.008015492,0.002454683,-0.487810993,0.170498424,-9.650232814,-0.106743814,0.077834108,0.067161618,0.100348448,0,-2.822666667,-1.208380952,121.6005714
00:47.4,19,1.045358255,15.37197595,75.12728329,629.1025234,0.091104367,115.7363404,13.41909657,20.94956386,0.746043614,0.004355096,-0.007978022,0.002469522,-0.487961382,0.17024979,-9.650635337,-0.107389606,0.077620933,0.066904506,0.1000511,0,-2.822222222,-1.208888889,121.5966667
00:47.4,19,1.045389408,15.37197595,75.12728323,629.1031776,0.091272175,115.6167726,13.41380062,20.94735202,0.745264798,0.004306328,-0.007940552,0.002484361,-0.488111771,0.170001156,-9.651037859,-0.108035397,0.077407759,0.066647393,0.099753752,0,-2.821777778,-1.209396825,121.5927619
00:47.4,19,1.045420561,15.37197595,75.12728317,629.1038318,0.091439983,115.4972049,13.40850467,20.94514019,0.744485981,0.004257561,-0.007903082,0.0024992,-0.488262159,0.169752522,-9.651440381,-0.108681189,0.077194584,0.06639028,0.099456404,0,-2.821333333,-1.209904762,121.5888571
00:47.4,19,1.045451713,15.37197595,75.12728311,629.104486,0.09160779,115.3776371,13.40320872,20.94292835,0.743707165,0.004208794,-0.007865612,0.002514039,-0.488412548,0.169503888,-9.651842904,-0.10932698,0.076981409,0.066133168,0.099159056,0,-2.820888889,-1.210412698,121.5849524
00:47.4,19,1.045482866,15.37197595,75.12728306,629.1051402,0.091775598,115.2580693,13.39791277,20.94071651,0.742928349,0.004160027,-0.007828142,0.002528878,-0.488562937,0.169255254,-9.652245426,-0.109972771,0.076768235,0.065876055,0.098861708,0,-2.820444444,-1.210920635,121.5810476
00:47.5,19,1.045514019,15.37197594,75.127283,629.1057944,0.091943405,115.1385015,13.39261682,20.93850467,0.742149533,0.00411126,-0.007790672,0.002543717,-0.488713326,0.169006621,-9.652647949,-0.110618563,0.07655506,0.065618943,0.09856436,0,-2.82,-1.211428571,121.5771429
00:47.5,19,1.045545171,15.37197594,75.12728294,629.1064486,0.092111213,115.0189337,13.38732087,20.93629283,0.741370717,0.004062493,-0.007753201,0.002558556,-0.488863714,0.168757987,-9.653050471,-0.111264354,0.076341885,0.06536183,0.098267012,0,-2.819555556,-1.211936508,121.5732381
00:47.5,19,1.045576324,15.37197594,75.12728288,629.1071028,0.092279021,114.8993659,13.38202492,20.934081,0.7405919,0.004013725,-0.007715731,0.002573395,-0.489014103,0.168509353,-9.653452994,-0.111910145,0.076128711,0.065104718,0.097969664,0,-2.819111111,-1.212444444,121.5693333
00:47.5,19,1.045607477,15.37197594,75.12728283,629.107757,0.092446828,114.7797981,13.37672897,20.93186916,0.739813084,0.003964958,-0.007678261,0.002588235,-0.489164492,0.168260719,-9.653855516,-0.112555937,0.075915536,0.064847605,0.097672316,0,-2.818666667,-1.212952381,121.5654286
00:47.5,19,1.045638629,15.37197594,75.12728277,629.1084112,0.092614636,114.6602303,13.37143302,20.92965732,0.739034268,0.003916191,-0.007640791,0.002603074,-0.489314881,0.168012085,-9.654258038,-0.113201728,0.075702361,0.064590493,0.097374968,0,-2.818222222,-1.213460317,121.5615238
00:47.6,19,1.045669782,15.37197594,75.12728271,629.1090654,0.092782443,114.5406626,13.36613707,20.92744548,0.738255452,0.003867424,-0.007603321,0.002617913,-0.48946527,0.167763451,-9.654660561,-0.11384752,0.075489187,0.06433338,0.09707762,0,-2.817777778,-1.213968254,121.557619
00:47.6,19,1.045700935,15.37197594,75.12728265,629.1097196,0.092950251,114.4210948,13.36084112,20.92523364,0.737476636,0.003818657,-0.007565851,0.002632752,-0.489615658,0.167514817,-9.655063083,-0.114493311,0.075276012,0.064076268,0.096780272,0,-2.817333333,-1.21447619,121.5537143
00:47.6,19,1.045732087,15.37197594,75.1272826,629.1103738,0.093118059,114.301527,13.35554517,20.92302181,0.736697819,0.00376989,-0.007528381,0.002647591,-0.489766047,0.167266183,-9.655465606,-0.115139102,0.075062837,0.063819155,0.096482924,0,-2.816888889,-1.214984127,121.5498095
00:47.6,19,1.04576324,15.37197594,75.12728254,629.111028,0.093285866,114.1819592,13.35024922,20.92080997,0.735919003,0.003721123,-0.007490911,0.00266243,-0.489916436,0.167017549,-9.655868128,-0.115784894,0.074849663,0.063562043,0.096185576,0,-2.816444444,-1.215492063,121.5459048
00:47.6,19,1.045794393,15.37197594,75.12728248,629.1116822,0.093453674,114.0623914,13.34495327,20.91859813,0.735140187,0.003672355,-0.007453441,0.002677269,-0.490066825,0.166768915,-9.656270651,-0.116430685,0.074636488,0.06330493,0.095888228,0,-2.816,-1.216,121.542
00:47.7,19,1.045825545,15.37197594,75.12728242,629.1123364,0.093621481,113.9428236,13.33965732,20.91638629,0.734361371,0.003623588,-0.007415971,0.002692108,-0.490217213,0.166520281,-9.656673173,-0.117076477,0.074423313,0.063047817,0.09559088,0,-2.815555556,-1.216507937,121.5380952
00:47.7,19,1.045856698,15.37197594,75.12728237,629.1129907,0.093789289,113.8232558,13.33436137,20.91417445,0.733582555,0.003574821,-0.007378501,0.002706948,-0.490367602,0.166271647,-9.657075696,-0.117722268,0.074210139,0.062790705,0.095293532,0,-2.815111111,-1.217015873,121.5341905
00:47.7,19,1.04588785,15.37197594,75.12728231,629.1136449,0.093957097,113.703688,13.32906542,20.91196262,0.732803738,0.003526054,-0.007341031,0.002721787,-0.490517991,0.166023013,-9.657478218,-0.118368059,0.073996964,0.062533592,0.094996184,0,-2.814666667,-1.21752381,121.5302857
00:47.7,19,1.045919003,15.37197594,75.12728225,629.1142991,0.094124904,113.5841202,13.32376947,20.90975078,0.732024922,0.003477287,-0.007303561,0.002736626,-0.49066838,0.165774379,-9.65788074,-0.119013851,0.073783789,0.06227648,0.094698836,0,-2.814222222,-1.218031746,121.526381
00:47.7,19,1.045950156,15.37197594,75.12728219,629.1149533,0.094292712,113.4645525,13.31847352,20.90753894,0.731246106,0.00342852,-0.007266091,0.002751465,-0.490818769,0.165525745,-9.658283263,-0.119659642,0.073570615,0.062019367,0.094401488,0,-2.813777778,-1.218539683,121.5224762
00:47.8,19,1.045981308,15.37197594,75.12728213,629.1156075,0.094460519,113.3449847,13.31317757,20.9053271,0.73046729,0.003379752,-0.007228621,0.002766304,-0.490969157,0.165277111,-9.658685785,-0.120305434,0.07335744,0.061762255,0.09410414,0,-2.813333333,-1.219047619,121.5185714
00:47.8,19,1.046012461,15.37197594,75.12728208,629.1162617,0.094628327,113.2254169,13.30788162,20.90311526,0.729688474,0.003330985,-0.007191151,0.002781143,-0.491119546,0.165028477,-9.659088308,-0.120951225,0.073144265,0.061505142,0.093806792,0,-2.812888889,-1.219555556,121.5146667
00:47.8,19,1.046043614,15.37197594,75.12728202,629.1169159,0.094796135,113.1058491,13.30258567,20.90090343,0.728909657,0.003282218,-0.007153681,0.002795982,-0.491269935,0.164779843,-9.65949083,-0.121597016,0.072931091,0.06124803,0.093509444,0,-2.812444444,-1.220063492,121.5107619
00:47.8,19,1.046074766,15.37197594,75.12728196,629.1175701,0.094963942,112.9862813,13.29728972,20.89869159,0.728130841,0.003233451,-0.007116211,0.002810821,-0.491420324,0.164531209,-9.659893353,-0.122242808,0.072717916,0.060990917,0.093212096,0,-2.812,-1.220571429,121.5068571
00:47.8,19,1.046105919,15.37197594,75.1272819,629.1182243,0.09513175,112.8667135,13.29199377,20.89647975,0.727352025,0.003184684,-0.007078741,0.00282566,-0.491570713,0.164282575,-9.660295875,-0.122888599,0.072504741,0.060733805,0.092914748,0,-2.811555556,-1.221079365,121.5029524
00:47.9,19,1.046137072,15.37197594,75.12728185,629.1188785,0.095299557,112.7471457,13.28669782,20.89426791,0.726573209,0.003135917,-0.007041271,0.0028405,-0.491721101,0.164033941,-9.660698397,-0.12353439,0.072291567,0.060476692,0.0926174,0,-2.811111111,-1.221587302,121.4990476
00:47.9,19,1.046168224,15.37197594,75.12728179,629.1195327,0.095467365,112.6275779,13.28140187,20.89205607,0.725794393,0.003087149,-0.007003801,0.002855339,-0.49187149,0.163785307,-9.66110092,-0.124180182,0.072078392,0.06021958,0.092320052,0,-2.810666667,-1.222095238,121.4951429
00:47.9,19,1.046199377,15.37197594,75.12728173,629.1201869,0.095635173,112.5080102,13.27610592,20.88984424,0.725015576,0.003038382,-0.00696633,0.002870178,-0.492021879,0.163536673,-9.661503442,-0.124825973,0.071865217,0.059962467,0.092022704,0,-2.810222222,-1.222603175,121.4912381
00:47.9,19,1.04623053,15.37197594,75.12728167,629.1208411,0.09580298,112.3884424,13.27080997,20.8876324,0.72423676,0.002989615,-0.00692886,0.002885017,-0.492172268,0.163288039,-9.661905965,-0.125471765,0.071652043,0.059705354,0.091725356,0,-2.809777778,-1.223111111,121.4873333
00:47.9,19,1.046261682,15.37197594,75.12728162,629.1214953,0.095970788,112.2688746,13.26551402,20.88542056,0.723457944,0.002940848,-0.00689139,0.002899856,-0.492322656,0.163039405,-9.662308487,-0.126117556,0.071438868,0.059448242,0.091428008,0,-2.809333333,-1.223619048,121.4834286
00:48.0,19,1.046292835,15.37197594,75.12728156,629.1221495,0.096138595,112.1493068,13.26021807,20.88320872,0.722679128,0.002892081,-0.00685392,0.002914695,-0.492473045,0.162790771,-9.66271101,-0.126763347,0.071225693,0.059191129,0.09113066,0,-2.808888889,-1.224126984,121.4795238
00:48.0,19,1.046323988,15.37197594,75.1272815,629.1228037,0.096306403,112.029739,13.25492212,20.88099688,0.721900312,0.002843314,-0.00681645,0.002929534,-0.492623434,0.162542137,-9.663113532,-0.127409139,0.071012519,0.058934017,0.090833312,0,-2.808444444,-1.224634921,121.475619
00:48.0,19,1.04635514,15.37197594,75.12728144,629.1234579,0.096474211,111.9101712,13.24962617,20.87878505,0.721121495,0.002794546,-0.00677898,0.002944373,-0.492773823,0.162293503,-9.663516054,-0.12805493,0.070799344,0.058676904,0.090535964,0,-2.808,-1.225142857,121.4717143
00:48.0,19,1.046386293,15.37197594,75.12728139,629.1241121,0.096642018,111.7906034,13.24433022,20.87657321,0.720342679,0.002745779,-0.00674151,0.002959212,-0.492924212,0.162044869,-9.663918577,-0.128700722,0.070586169,0.058419792,0.090238616,0,-2.807555556,-1.225650794,121.4678095
00:48.0,19,1.046417445,15.37197594,75.12728133,629.1247664,0.096809826,111.6710356,13.23903427,20.87436137,0.719563863,0.002697012,-0.00670404,0.002974052,-0.4930746,0.161796235,-9.664321099,-0.129346513,0.070372995,0.058162679,0.089941268,0,-2.807111111,-1.22615873,121.4639048
00:48.1,19,1.046448598,15.37197594,75.12728127,629.1254206,0.096977633,111.5514679,13.23373832,20.87214953,0.718785047,0.002648245,-0.00666657,0.002988891,-0.493224989,0.161547601,-9.664723622,-0.129992304,0.07015982,0.057905567,0.08964392,0,-2.806666667,-1.226666667,121.46
00:48.1,19,1.046479751,15.37197594,75.12728121,629.1260748,0.097145441,111.4319001,13.22844237,20.86993769,0.718006231,0.002599478,-0.0066291,0.00300373,-0.493375378,0.161298967,-9.665126144,-0.130638096,0.069946645,0.057648454,0.089346572,0,-2.806222222,-1.227174603,121.4560952
00:48.1,19,1.046510903,15.37197593,75.12728115,629.126729,0.097313249,111.3123323,13.22314642,20.86772586,0.717227414,0.002550711,-0.00659163,0.003018569,-0.493525767,0.161050333,-9.665528667,-0.131283887,0.069733471,0.057391342,0.089049224,0,-2.805777778,-1.22768254,121.4521905
00:48.1,19,1.046542056,15.37197593,75.1272811,629.1273832,0.097481056,111.1927645,13.21785047,20.86551402,0.716448598,0.002501944,-0.00655416,0.003033408,-0.493676155,0.160801699,-9.665931189,-0.131929678,0.069520296,0.057134229,0.088751876,0,-2.805333333,-1.228190476,121.4482857
00:48.1,19,1.046573209,15.37197593,75.12728104,629.1280374,0.097648864,111.0731967,13.21255452,20.86330218,0.715669782,0.002453176,-0.00651669,0.003048247,-0.493826544,0.160553065,-9.666333712,-0.13257547,0.069307121,0.056877117,0.088454528,0,-2.804888889,-1.228698413,121.444381
00:48.2,19,1.046604361,15.37197593,75.12728098,629.1286916,0.097816671,110.9536289,13.20725857,20.86109034,0.714890966,0.002404409,-0.00647922,0.003063086,-0.493976933,0.160304431,-9.666736234,-0.133221261,0.069093947,0.056620004,0.08815718,0,-2.804444444,-1.229206349,121.4404762
00:48.2,19,1.046635514,15.37197593,75.12728092,629.1293458,0.097984479,110.8340611,13.20196262,20.8588785,0.71411215,0.002355642,-0.00644175,0.003077925,-0.494127322,0.160055797,-9.667138756,-0.133867053,0.068880772,0.056362891,0.087859832,0,-2.804,-1.229714286,121.4365714
00:48.2,19,1.046666667,15.37197593,75.12728087,629.13,0.098152287,110.7144933,13.19666667,20.85666667,0.713333333,0.002306875,-0.00640428,0.003092765,-0.494277711,0.159807163,-9.667541279,-0.134512844,0.068667597,0.056105779,0.087562484,0,-2.803555556,-1.230222222,121.4326667
00:48.2,19,1.046697819,15.37197593,75.12728081,629.1306542,0.098320094,110.5949255,13.19137072,20.85445483,0.712554517,0.002258108,-0.00636681,0.003107604,-0.494428099,0.159558529,-9.667943801,-0.135158635,0.068454423,0.055848666,0.087265136,0,-2.803111111,-1.230730159,121.4287619
00:48.2,19,1.046728972,15.37197593,75.12728075,629.1313084,0.098487902,110.4753578,13.18607477,20.85224299,0.711775701,0.002209341,-0.00632934,0.003122443,-0.494578488,0.159309896,-9.668346324,-0.135804427,0.068241248,0.055591554,0.086967788,0,-2.802666667,-1.231238095,121.4248571
00:48.3,19,1.046760125,15.37197593,75.12728069,629.1319626,0.098655709,110.35579,13.18077882,20.85003115,0.710996885,0.002160573,-0.00629187,0.003137282,-0.494728877,0.159061262,-9.668748846,-0.136450218,0.068028073,0.055334441,0.08667044,0,-2.802222222,-1.231746032,121.4209524
00:48.3,19,1.046791277,15.37197593,75.12728064,629.1326168,0.098823517,110.2362222,13.17548287,20.84781931,0.710218069,0.002111806,-0.0062544,0.003152121,-0.494879266,0.158812628,-9.669151369,-0.13709601,0.067814899,0.055077329,0.086373092,0,-2.801777778,-1.232253968,121.4170476
00:48.3,19,1.04682243,15.37197593,75.12728058,629.133271,0.098991325,110.1166544,13.17018692,20.84560748,0.709439252,0.002063039,-0.00621693,0.00316696,-0.495029654,0.158563994,-9.669553891,-0.137741801,0.067601724,0.054820216,0.086075744,0,-2.801333333,-1.232761905,121.4131429
00:48.3,19,1.046853583,15.37197593,75.12728052,629.1339252,0.099159132,109.9970866,13.16489097,20.84339564,0.708660436,0.002014272,-0.006179459,0.003181799,-0.495180043,0.15831536,-9.669956413,-0.138387592,0.067388549,0.054563104,0.085778396,0,-2.800888889,-1.233269841,121.4092381
00:48.3,19,1.046884735,15.37197593,75.12728046,629.1345794,0.09932694,109.8775188,13.15959502,20.8411838,0.70788162,0.001965505,-0.006141989,0.003196638,-0.495330432,0.158066726,-9.670358936,-0.139033384,0.067175375,0.054305991,0.085481048,0,-2.800444444,-1.233777778,121.4053333
00:48.4,19,1.046915888,15.37197593,75.12728041,629.1352336,0.099494747,109.757951,13.15429907,20.83897196,0.707102804,0.001916738,-0.006104519,0.003211477,-0.495480821,0.157818092,-9.670761458,-0.139679175,0.0669622,0.054048879,0.0851837,0,-2.8,-1.234285714,121.4014286
00:48.4,19,1.04694704,15.37197593,75.12728035,629.1358879,0.099662555,109.6383832,13.14900312,20.83676012,0.706323988,0.00186797,-0.006067049,0.003226317,-0.49563121,0.157569458,-9.671163981,-0.140324967,0.066749025,0.053791766,0.084886352,0,-2.799555556,-1.234793651,121.3975238
00:48.4,19,1.046978193,15.37197593,75.12728029,629.1365421,0.099830363,109.5188155,13.14370717,20.83454829,0.705545171,0.001819203,-0.006029579,0.003241156,-0.495781598,0.157320824,-9.671566503,-0.140970758,0.066535851,0.053534653,0.084589004,0,-2.799111111,-1.235301587,121.393619
00:48.4,19,1.047009346,15.37197593,75.12728023,629.1371963,0.09999817,109.3992477,13.13841121,20.83233645,0.704766355,0.001770436,-0.005992109,0.003255995,-0.495931987,0.15707219,-9.671969026,-0.141616549,0.066322676,0.053277541,0.084291656,0,-2.798666667,-1.235809524,121.3897143
00:48.4,19,1.047040498,15.37197593,75.12728018,629.1378505,0.100165978,109.2796799,13.13311526,20.83012461,0.703987539,0.001721669,-0.005954639,0.003270834,-0.496082376,0.156823556,-9.672371548,-0.142262341,0.066109501,0.053020428,0.083994308,0,-2.798222222,-1.23631746,121.3858095
00:48.5,19,1.047071651,15.37197593,75.12728012,629.1385047,0.100333785,109.1601121,13.12781931,20.82791277,0.703208723,0.001672902,-0.005917169,0.003285673,-0.496232765,0.156574922,-9.672774071,-0.142908132,0.065896327,0.052763316,0.08369696,0,-2.797777778,-1.236825397,121.3819048
00:48.5,19,1.047102804,15.37197593,75.12728006,629.1391589,0.100501593,109.0405443,13.12252336,20.82570093,0.702429907,0.001624135,-0.005879699,0.003300512,-0.496383154,0.156326288,-9.673176593,-0.143553923,0.065683152,0.052506203,0.083399612,0,-2.797333333,-1.237333333,121.378
00:48.5,19,1.047133956,15.37197593,75.12728,629.1398131,0.100669401,108.9209765,13.11722741,20.8234891,0.70165109,0.001575367,-0.005842229,0.003315351,-0.496533542,0.156077654,-9.673579115,-0.144199715,0.065469977,0.052249091,0.083102264,0,-2.796888889,-1.23784127,121.3740952
00:48.5,19,1.047165109,15.37197593,75.12727994,629.1404673,0.100837208,108.8014087,13.11193146,20.82127726,0.700872274,0.0015266,-0.005804759,0.00333019,-0.496683931,0.15582902,-9.673981638,-0.144845506,0.065256803,0.051991978,0.082804916,0,-2.796444444,-1.238349206,121.3701905
00:48.5,19,1.047196262,15.37197593,75.12727989,629.1411215,0.101005016,108.6818409,13.10663551,20.81906542,0.700093458,0.001477833,-0.005767289,0.00334503,-0.49683432,0.155580386,-9.67438416,-0.145491298,0.065043628,0.051734866,0.082507568,0,-2.796,-1.238857143,121.3662857
00:48.6,19,1.047227414,15.37197593,75.12727983,629.1417757,0.101172823,108.5622731,13.10133956,20.81685358,0.699314642,0.001429066,-0.005729819,0.003359869,-0.496984709,0.155331752,-9.674786683,-0.146137089,0.064830453,0.051477753,0.08221022,0,-2.795555556,-1.239365079,121.362381
00:48.6,19,1.047258567,15.37197593,75.12727977,629.1424299,0.101340631,108.4427054,13.09604361,20.81464174,0.698535826,0.001380299,-0.005692349,0.003374708,-0.497135097,0.155083118,-9.675189205,-0.14678288,0.064617279,0.051220641,0.081912872,0,-2.795111111,-1.239873016,121.3584762
00:48.6,19,1.04728972,15.37197593,75.12727971,629.1430841,0.101508439,108.3231376,13.09074766,20.81242991,0.697757009,0.001331532,-0.005654879,0.003389547,-0.497285486,0.154834484,-9.675591728,-0.147428672,0.064404104,0.050963528,0.081615524,0,-2.794666667,-1.240380952,121.3545714
00:48.6,19,1.047320872,15.37197593,75.12727966,629.1437383,0.101676246,108.2035698,13.08545171,20.81021807,0.696978193,0.001282765,-0.005617409,0.003404386,-0.497435875,0.15458585,-9.67599425,-0.148074463,0.064190929,0.050706416,0.081318176,0,-2.794222222,-1.240888889,121.3506667
00:48.6,19,1.047352025,15.37197593,75.1272796,629.1443925,0.101844054,108.084002,13.08015576,20.80800623,0.696199377,0.001233997,-0.005579939,0.003419225,-0.497586264,0.154337216,-9.676396772,-0.148720255,0.063977755,0.050449303,0.081020828,0,-2.793777778,-1.241396825,121.3467619
00:48.7,19,1.047383178,15.37197593,75.12727954,629.1450467,0.102011861,107.9644342,13.07485981,20.80579439,0.695420561,0.00118523,-0.005542469,0.003434064,-0.497736653,0.154088582,-9.676799295,-0.149366046,0.06376458,0.05019219,0.08072348,0,-2.793333333,-1.241904762,121.3428571
00:48.7,19,1.04741433,15.37197593,75.12727948,629.1457009,0.102179669,107.8448664,13.06956386,20.80358255,0.694641745,0.001136463,-0.005504999,0.003448903,-0.497887041,0.153839948,-9.677201817,-0.150011837,0.063551405,0.049935078,0.080426132,0,-2.792888889,-1.242412698,121.3389524
00:48.7,19,1.047445483,15.37197593,75.12727943,629.1463551,0.102347477,107.7252986,13.06426791,20.80137072,0.693862928,0.001087696,-0.005467529,0.003463742,-0.49803743,0.153591314,-9.67760434,-0.150657629,0.063338231,0.049677965,0.080128784,0,-2.792444444,-1.242920635,121.3350476
00:48.7,19,1.047476636,15.37197593,75.12727937,629.1470093,0.102515284,107.6057308,13.05897196,20.79915888,0.693084112,0.001038929,-0.005430059,0.003478582,-0.498187819,0.15334268,-9.678006862,-0.15130342,0.063125056,0.049420853,0.079831436,0,-2.792,-1.243428571,121.3311429
00:48.7,19,1.047507788,15.37197592,75.12727931,629.1476636,0.102683092,107.4861631,13.05367601,20.79694704,0.692305296,0.000990162,-0.005392588,0.003493421,-0.498338208,0.153094046,-9.678409385,-0.151949212,0.062911881,0.04916374,0.079534088,0,-2.791555556,-1.243936508,121.3272381
00:48.8,19,1.047538941,15.37197592,75.12727925,629.1483178,0.1028509,107.3665953,13.04838006,20.7947352,0.69152648,0.000941394,-0.005355118,0.00350826,-0.498488596,0.152845412,-9.678811907,-0.152595003,0.062698707,0.048906628,0.07923674,0,-2.791111111,-1.244444444,121.3233333
00:48.8,19,1.047570093,15.37197592,75.1272792,629.148972,0.103018707,107.2470275,13.04308411,20.79252336,0.690747664,0.000892627,-0.005317648,0.003523099,-0.498638985,0.152596778,-9.679214429,-0.153240794,0.062485532,0.048649515,0.078939392,0,-2.790666667,-1.244952381,121.3194286
00:48.8,19,1.047601246,15.37197592,75.12727914,629.1496262,0.103186515,107.1274597,13.03778816,20.79031153,0.689968847,0.00084386,-0.005280178,0.003537938,-0.498789374,0.152348144,-9.679616952,-0.153886586,0.062272357,0.048392403,0.078642044,0,-2.790222222,-1.245460317,121.3155238
00:48.8,19,1.047632399,15.37197592,75.12727908,629.1502804,0.103354322,107.0078919,13.03249221,20.78809969,0.689190031,0.000795093,-0.005242708,0.003552777,-0.498939763,0.15209951,-9.680019474,-0.154532377,0.062059183,0.04813529,0.078344696,0,-2.789777778,-1.245968254,121.311619
00:48.8,19,1.047663551,15.37197592,75.12727902,629.1509346,0.10352213,106.8883241,13.02719626,20.78588785,0.688411215,0.000746326,-0.005205238,0.003567616,-0.499090152,0.151850876,-9.680421997,-0.155178168,0.061846008,0.047878178,0.078047348,0,-2.789333333,-1.24647619,121.3077143
00:48.9,19,1.047694704,15.37197592,75.12727896,629.1515888,0.103689938,106.7687563,13.02190031,20.78367601,0.687632399,0.000697559,-0.005167768,0.003582455,-0.49924054,0.151602242,-9.680824519,-0.15582396,0.061632833,0.047621065,0.07775,0,-2.788888889,-1.246984127,121.3038095
00:48.9,19,1.047725857,15.37197592,75.12727891,629.152243,0.103857745,106.6491885,13.01660436,20.78146417,0.686853583,0.000648791,-0.005130298,0.003597294,-0.499390929,0.151353608,-9.681227042,-0.156469751,0.061419659,0.047363953,0.077452652,0,-2.788444444,-1.247492063,121.2999048
00:48.9,19,1.047757009,15.37197592,75.12727885,629.1528972,0.104025553,106.5296207,13.01130841,20.77925234,0.686074766,0.000600024,-0.005092828,0.003612134,-0.499541318,0.151104974,-9.681629564,-0.157115543,0.061206484,0.04710684,0.077155304,0,-2.788,-1.248,121.296
00:48.9,19,1.047788162,15.37197592,75.12727879,629.1535514,0.10419336,106.410053,13.00601246,20.7770405,0.68529595,0.000551257,-0.005055358,0.003626973,-0.499691707,0.15085634,-9.682032087,-0.157761334,0.060993309,0.046849727,0.076857956,0,-2.787555556,-1.248507937,121.2920952
00:48.9,19,1.047819315,15.37197592,75.12727873,629.1542056,0.104361168,106.2904852,13.00071651,20.77482866,0.684517134,0.00050249,-0.005017888,0.003641812,-0.499842096,0.150607706,-9.682434609,-0.158407125,0.060780135,0.046592615,0.076560608,0,-2.787111111,-1.249015873,121.2881905
00:49.0,19,1.047850467,15.37197592,75.12727868,629.1548598,0.104528976,106.1709174,12.99542056,20.77261682,0.683738318,0.000453723,-0.004980418,0.003656651,-0.499992484,0.150359072,-9.682837131,-0.159052917,0.06056696,0.046335502,0.07626326,0,-2.786666667,-1.24952381,121.2842857
00:49.0,19,1.04788162,15.37197592,75.12727862,629.155514,0.104696783,106.0513496,12.99012461,20.77040498,0.682959502,0.000404956,-0.004942948,0.00367149,-0.500142873,0.150110438,-9.683239654,-0.159698708,0.060353785,0.04607839,0.075965912,0,-2.786222222,-1.250031746,121.280381
00:49.0,19,1.047912773,15.37197592,75.12727856,629.1561682,0.104864591,105.9317818,12.98482866,20.76819315,0.682180685,0.000356188,-0.004905478,0.003686329,-0.500293262,0.149861804,-9.683642176,-0.1603445,0.060140611,0.045821277,0.075668564,0,-2.785777778,-1.250539683,121.2764762
00:49.0,19,1.047943925,15.37197592,75.1272785,629.1568224,0.105032398,105.812214,12.97953271,20.76598131,0.681401869,0.000307421,-0.004868008,0.003701168,-0.500443651,0.149613171,-9.684044699,-0.160990291,0.059927436,0.045564165,0.075371216,0,-2.785333333,-1.251047619,121.2725714
00:49.0,19,1.047975078,15.37197592,75.12727845,629.1574766,0.105200206,105.6926462,12.97423676,20.76376947,0.680623053,0.000258654,-0.004830538,0.003716007,-0.500594039,0.149364537,-9.684447221,-0.161636082,0.059714261,0.045307052,0.075073868,0,-2.784888889,-1.251555556,121.2686667
00:49.1,19,1.048006231,15.37197592,75.12727839,629.1581308,0.105368014,105.5730784,12.96894081,20.76155763,0.679844237,0.000209887,-0.004793068,0.003730847,-0.500744428,0.149115903,-9.684849744,-0.162281874,0.059501087,0.04504994,0.07477652,0,-2.784444444,-1.252063492,121.2647619
00:49.1,19,1.048037383,15.37197592,75.12727833,629.158785,0.105535821,105.4535107,12.96364486,20.75934579,0.679065421,0.00016112,-0.004755598,0.003745686,-0.500894817,0.148867269,-9.685252266,-0.162927665,0.059287912,0.044792827,0.074479172,0,-2.784,-1.252571429,121.2608571
00:49.1,19,1.048068536,15.37197592,75.12727827,629.1594393,0.105703629,105.3339429,12.95834891,20.75713396,0.678286604,0.000112353,-0.004718128,0.003760525,-0.501045206,0.148618635,-9.685654788,-0.163573456,0.059074737,0.044535715,0.074181824,0,-2.783555556,-1.253079365,121.2569524
00:49.1,19,1.048099688,15.37197592,75.12727822,629.1600935,0.105871436,105.2143751,12.95305296,20.75492212,0.677507788,6.36E-05,-0.004680658,0.003775364,-0.501195595,0.148370001,-9.686057311,-0.164219248,0.058861563,0.044278602,0.073884476,0,-2.783111111,-1.253587302,121.2530476
00:49.1,19,1.048130841,15.37197592,75.12727816,629.1607477,0.106039244,105.0948073,12.94775701,20.75271028,0.676728972,1.48E-05,-0.004643188,0.003790203,-0.501345983,0.148121367,-9.686459833,-0.164865039,0.058648388,0.04402149,0.073587128,0,-2.782666667,-1.254095238,121.2491429
00:49.2,19,1.048161994,15.37197592,75.1272781,629.1614019,0.106207052,104.9752395,12.94246106,20.75049844,0.675950156,-3.39E-05,-0.004605717,0.003805042,-0.501496372,0.147872733,-9.686862356,-0.165510831,0.058435213,0.043764377,0.07328978,0,-2.782222222,-1.254603175,121.2452381
00:49.2,19,1.048193146,15.37197592,75.12727804,629.1620561,0.106374859,104.8556717,12.93716511,20.7482866,0.67517134,-8.27E-05,-0.004568247,0.003819881,-0.501646761,0.147624099,-9.687264878,-0.166156622,0.058222039,0.043507264,0.072992432,0,-2.781777778,-1.255111111,121.2413333
00:49.2,19,1.048224299,15.37197592,75.12727799,629.1627103,0.106542667,104.7361039,12.93186916,20.74607477,0.674392523,-0.000131483,-0.004530777,0.00383472,-0.50179715,0.147375465,-9.687667401,-0.166802413,0.058008864,0.043250152,0.072695084,0,-2.781333333,-1.255619048,121.2374286
00:49.2,19,1.048255452,15.37197592,75.12727793,629.1633645,0.106710474,104.6165361,12.92657321,20.74386293,0.673613707,-0.00018025,-0.004493307,0.003849559,-0.501947538,0.147126831,-9.688069923,-0.167448205,0.057795689,0.042993039,0.072397736,0,-2.780888889,-1.256126984,121.2335238
00:49.2,19,1.048286604,15.37197592,75.12727787,629.1640187,0.106878282,104.4969683,12.92127726,20.74165109,0.672834891,-0.000229017,-0.004455837,0.003864399,-0.502097927,0.146878197,-9.688472446,-0.168093996,0.057582515,0.042735927,0.072100388,0,-2.780444444,-1.256634921,121.229619
00:49.3,19,1.048317757,15.37197592,75.12727781,629.1646729,0.10704609,104.3774006,12.91598131,20.73943925,0.672056075,-0.000277785,-0.004418367,0.003879238,-0.502248316,0.146629563,-9.688874968,-0.168739788,0.05736934,0.042478814,0.07180304,0,-2.78,-1.257142857,121.2257143
00:49.3,19,1.04834891,15.37197592,75.12727775,629.1653271,0.107213897,104.2578328,12.91068536,20.73722741,0.671277259,-0.000326552,-0.004380897,0.003894077,-0.502398705,0.146380929,-9.68927749,-0.169385579,0.057156165,0.042221702,0.071505692,0,-2.779555556,-1.257650794,121.2218095
00:49.3,19,1.048380062,15.37197592,75.1272777,629.1659813,0.107381705,104.138265,12.90538941,20.73501558,0.670498442,-0.000375319,-0.004343427,0.003908916,-0.502549094,0.146132295,-9.689680013,-0.17003137,0.056942991,0.041964589,0.071208344,0,-2.779111111,-1.25815873,121.2179048
00:49.3,19,1.048411215,15.37197592,75.12727764,629.1666355,0.107549512,104.0186972,12.90009346,20.73280374,0.669719626,-0.000424086,-0.004305957,0.003923755,-0.502699482,0.145883661,-9.690082535,-0.170677162,0.056729816,0.041707477,0.070910996,0,-2.778666667,-1.258666667,121.214
00:49.3,19,1.048442368,15.37197592,75.12727758,629.1672897,0.10771732,103.8991294,12.89479751,20.7305919,0.66894081,-0.000472853,-0.004268487,0.003938594,-0.502849871,0.145635027,-9.690485058,-0.171322953,0.056516641,0.041450364,0.070613648,0,-2.778222222,-1.259174603,121.2100952
00:49.4,19,1.04847352,15.37197592,75.12727752,629.1679439,0.107885128,103.7795616,12.88950156,20.72838006,0.668161994,-0.00052162,-0.004231017,0.003953433,-0.50300026,0.145386393,-9.69088758,-0.171968745,0.056303467,0.041193252,0.0703163,0,-2.777777778,-1.25968254,121.2061905
00:49.4,19,1.048504673,15.37197591,75.12727747,629.1685981,0.108052935,103.6599938,12.88420561,20.72616822,0.667383178,-0.000570388,-0.004193547,0.003968272,-0.503150649,0.145137759,-9.691290103,-0.172614536,0.056090292,0.040936139,0.070018952,0,-2.777333333,-1.260190476,121.2022857
00:49.4,19,1.048535826,15.37197591,75.12727741,629.1692523,0.108220743,103.540426,12.87890966,20.72395639,0.666604361,-0.000619155,-0.004156077,0.003983111,-0.503301038,0.144889125,-9.691692625,-0.173260327,0.055877117,0.040679027,0.069721604,0,-2.776888889,-1.260698413,121.198381
00:49.4,19,1.048566978,15.37197591,75.12727735,629.1699065,0.10838855,103.4208583,12.87361371,20.72174455,0.665825545,-0.000667922,-0.004118607,0.003997951,-0.503451426,0.144640491,-9.692095147,-0.173906119,0.055663943,0.040421914,0.069424256,0,-2.776444444,-1.261206349,121.1944762
00:49.4,19,1.048598131,15.37197591,75.12727729,629.1705607,0.108556358,103.3012905,12.86831776,20.71953271,0.665046729,-0.000716689,-0.004081137,0.00401279,-0.503601815,0.144391857,-9.69249767,-0.17455191,0.055450768,0.040164801,0.069126908,0,-2.776,-1.261714286,121.1905714
00:49.5,19,1.048629283,15.37197591,75.12727724,629.171215,0.108724166,103.1817227,12.86302181,20.71732087,0.664267913,-0.000765456,-0.004043667,0.004027629,-0.503752204,0.144143223,-9.692900192,-0.175197701,0.055237593,0.039907689,0.06882956,0,-2.775555556,-1.262222222,121.1866667
00:49.5,19,1.048660436,15.37197591,75.12727718,629.1718692,0.108891973,103.0621549,12.85772586,20.71510903,0.663489097,-0.000814223,-0.004006197,0.004042468,-0.503902593,0.143894589,-9.693302715,-0.175843493,0.055024419,0.039650576,0.068532212,0,-2.775111111,-1.262730159,121.1827619
00:49.5,19,1.048691589,15.37197591,75.12727712,629.1725234,0.109059781,102.9425871,12.85242991,20.7128972,0.66271028,-0.000862991,-0.003968727,0.004057307,-0.504052981,0.143645955,-9.693705237,-0.176489284,0.054811244,0.039393464,0.068234864,0,-2.774666667,-1.263238095,121.1788571
00:49.5,19,1.048722741,15.37197591,75.12727706,629.1731776,0.109227588,102.8230193,12.84713396,20.71068536,0.661931464,-0.000911758,-0.003931257,0.004072146,-0.50420337,0.143397321,-9.69410776,-0.177135076,0.054598069,0.039136351,0.067937516,0,-2.774222222,-1.263746032,121.1749524
00:49.5,19,1.048753894,15.37197591,75.12727701,629.1738318,0.109395396,102.7034515,12.84183801,20.70847352,0.661152648,-0.000960525,-0.003893787,0.004086985,-0.504353759,0.143148687,-9.694510282,-0.177780867,0.054384895,0.038879239,0.067640168,0,-2.773777778,-1.264253968,121.1710476
00:49.6,19,1.048785047,15.37197591,75.12727695,629.174486,0.109563204,102.5838837,12.83654206,20.70626168,0.660373832,-0.001009292,-0.003856316,0.004101824,-0.504504148,0.142900053,-9.694912804,-0.178426658,0.05417172,0.038622126,0.06734282,0,-2.773333333,-1.264761905,121.1671429
00:49.6,19,1.048816199,15.37197591,75.12727689,629.1751402,0.109731011,102.464316,12.83124611,20.70404984,0.659595016,-0.001058059,-0.003818846,0.004116664,-0.504654537,0.142651419,-9.695315327,-0.17907245,0.053958545,0.038365014,0.067045472,0,-2.772888889,-1.265269841,121.1632381
00:49.6,19,1.048847352,15.37197591,75.12727683,629.1757944,0.109898819,102.3447482,12.82595016,20.70183801,0.658816199,-0.001106826,-0.003781376,0.004131503,-0.504804925,0.142402785,-9.695717849,-0.179718241,0.053745371,0.038107901,0.066748124,0,-2.772444444,-1.265777778,121.1593333
00:49.6,19,1.048878505,15.37197591,75.12727677,629.1764486,0.110066626,102.2251804,12.82065421,20.69962617,0.658037383,-0.001155594,-0.003743906,0.004146342,-0.504955314,0.142154151,-9.696120372,-0.180364033,0.053532196,0.037850789,0.066450776,0,-2.772,-1.266285714,121.1554286
00:49.6,19,1.048909657,15.37197591,75.12727672,629.1771028,0.110234434,102.1056126,12.81535826,20.69741433,0.657258567,-0.001204361,-0.003706436,0.004161181,-0.505105703,0.141905517,-9.696522894,-0.181009824,0.053319021,0.037593676,0.066153428,0,-2.771555556,-1.266793651,121.1515238
00:49.7,19,1.04894081,15.37197591,75.12727666,629.177757,0.110402242,101.9860448,12.81006231,20.69520249,0.656479751,-0.001253128,-0.003668966,0.00417602,-0.505256092,0.141656883,-9.696925417,-0.181655615,0.053105847,0.037336563,0.06585608,0,-2.771111111,-1.267301587,121.147619
00:49.7,19,1.048971963,15.37197591,75.1272766,629.1784112,0.110570049,101.866477,12.80476636,20.69299065,0.655700935,-0.001301895,-0.003631496,0.004190859,-0.50540648,0.141408249,-9.697327939,-0.182301407,0.052892672,0.037079451,0.065558732,0,-2.770666667,-1.267809524,121.1437143
00:49.7,19,1.049003115,15.37197591,75.12727654,629.1790654,0.110737857,101.7469092,12.7994704,20.69077882,0.654922118,-0.001350662,-0.003594026,0.004205698,-0.505556869,0.141159615,-9.697730462,-0.182947198,0.052679497,0.036822338,0.065261384,0,-2.770222222,-1.26831746,121.1398095
00:49.7,19,1.049034268,15.37197591,75.12727649,629.1797196,0.110905664,101.6273414,12.79417445,20.68856698,0.654143302,-0.001399429,-0.003556556,0.004220537,-0.505707258,0.140910981,-9.698132984,-0.183592989,0.052466323,0.036565226,0.064964036,0,-2.769777778,-1.268825397,121.1359048
00:49.7,19,1.049065421,15.37197591,75.12727643,629.1803738,0.111073472,101.5077736,12.7888785,20.68635514,0.653364486,-0.001448196,-0.003519086,0.004235376,-0.505857647,0.140662347,-9.698535506,-0.184238781,0.052253148,0.036308113,0.064666688,0,-2.769333333,-1.269333333,121.132
00:49.8,19,1.049096573,15.37197591,75.12727637,629.181028,0.11124128,101.3882059,12.78358255,20.6841433,0.65258567,-0.001496964,-0.003481616,0.004250216,-0.506008036,0.140413713,-9.698938029,-0.184884572,0.052039973,0.036051001,0.06436934,0,-2.768888889,-1.26984127,121.1280952
00:49.8,19,1.049127726,15.37197591,75.12727631,629.1816822,0.111409087,101.2686381,12.7782866,20.68193146,0.651806854,-0.001545731,-0.003444146,0.004265055,-0.506158424,0.140165079,-9.699340551,-0.185530364,0.051826799,0.035793888,0.064071992,0,-2.768444444,-1.270349206,121.1241905
00:49.8,19,1.049158879,15.37197591,75.12727626,629.1823364,0.111576895,101.1490703,12.77299065,20.67971963,0.651028037,-0.001594498,-0.003406676,0.004279894,-0.506308813,0.139916446,-9.699743074,-0.186176155,0.051613624,0.035536776,0.063774644,0,-2.768,-1.270857143,121.1202857
00:49.8,19,1.049190031,15.37197591,75.1272762,629.1829907,0.111744702,101.0295025,12.7676947,20.67750779,0.650249221,-0.001643265,-0.003369206,0.004294733,-0.506459202,0.139667812,-9.700145596,-0.186821946,0.051400449,0.035279663,0.063477296,0,-2.767555556,-1.271365079,121.116381
00:49.8,19,1.049221184,15.37197591,75.12727614,629.1836449,0.11191251,100.9099347,12.76239875,20.67529595,0.649470405,-0.001692032,-0.003331736,0.004309572,-0.506609591,0.139419178,-9.700548119,-0.187467738,0.051187275,0.035022551,0.063179948,0,-2.767111111,-1.271873016,121.1124762
00:49.9,19,1.049252336,15.37197591,75.12727608,629.1842991,0.112080318,100.7903669,12.7571028,20.67308411,0.648691589,-0.001740799,-0.003294266,0.004324411,-0.506759979,0.139170544,-9.700950641,-0.188113529,0.0509741,0.034765438,0.0628826,0,-2.766666667,-1.272380952,121.1085714
00:49.9,19,1.049283489,15.37197591,75.12727603,629.1849533,0.112248125,100.6707991,12.75180685,20.67087227,0.647912773,-0.001789567,-0.003256796,0.00433925,-0.506910368,0.13892191,-9.701353163,-0.188759321,0.050760925,0.034508326,0.062585252,0,-2.766222222,-1.272888889,121.1046667
00:49.9,19,1.049314642,15.37197591,75.12727597,629.1856075,0.112415933,100.5512313,12.7465109,20.66866044,0.647133956,-0.001838334,-0.003219326,0.004354089,-0.507060757,0.138673276,-9.701755686,-0.189405112,0.050547751,0.034251213,0.062287904,0,-2.765777778,-1.273396825,121.1007619
00:49.9,19,1.049345794,15.37197591,75.12727591,629.1862617,0.11258374,100.4316636,12.74121495,20.6664486,0.64635514,-0.001887101,-0.003181856,0.004368928,-0.507211146,0.138424642,-9.702158208,-0.190050903,0.050334576,0.0339941,0.061990556,0,-2.765333333,-1.273904762,121.0968571
00:49.9,19,1.049376947,15.37197591,75.12727585,629.1869159,0.112751548,100.3120958,12.735919,20.66423676,0.645576324,-0.001935868,-0.003144386,0.004383768,-0.507361535,0.138176008,-9.702560731,-0.190696695,0.050121401,0.033736988,0.061693208,0,-2.764888889,-1.274412698,121.0929524
00:50.0,19,1.0494081,15.37197591,75.1272758,629.1875701,0.112919356,100.192528,12.73062305,20.66202492,0.644797508,-0.001984635,-0.003106916,0.004398607,-0.507511923,0.137927374,-9.702963253,-0.191342486,0.049908227,0.033479875,0.06139586,0,-2.764444444,-1.274920635,121.0890476
00:50.0,19,1.049439252,15.37197591,75.12727574,629.1882243,0.113087163,100.0729602,12.7253271,20.65981308,0.644018692,-0.002033402,-0.003069445,0.004413446,-0.507662312,0.13767874,-9.703365776,-0.191988278,0.049695052,0.033222763,0.061098512,0,-2.764,-1.275428571,121.0851429
00:50.0,19,1.049470405,15.37197591,75.12727568,629.1888785,0.113254971,99.9533924,12.72003115,20.65760125,0.643239875,-0.00208217,-0.003031975,0.004428285,-0.507812701,0.137430106,-9.703768298,-0.192634069,0.049481877,0.03296565,0.060801164,0,-2.763555556,-1.275936508,121.0812381
00:50.0,19,1.049501558,15.3719759,75.12727562,629.1895327,0.113422778,99.83382461,12.7147352,20.65538941,0.642461059,-0.002130937,-0.002994505,0.004443124,-0.50796309,0.137181472,-9.704170821,-0.19327986,0.049268703,0.032708538,0.060503816,0,-2.763111111,-1.276444444,121.0773333
00:50.0,19,1.04953271,15.3719759,75.12727556,629.1901869,0.113590586,99.71425682,12.70943925,20.65317757,0.641682243,-0.002179704,-0.002957035,0.004457963,-0.508113479,0.136932838,-9.704573343,-0.193925652,0.049055528,0.032451425,0.060206468,0,-2.762666667,-1.276952381,121.0734286
00:50.1,19,1.049563863,15.3719759,75.12727551,629.1908411,0.113758394,99.59468903,12.7041433,20.65096573,0.640903427,-0.002228471,-0.002919565,0.004472802,-0.508263867,0.136684204,-9.704975865,-0.194571443,0.048842353,0.032194313,0.05990912,0,-2.762222222,-1.277460317,121.0695238
00:50.1,19,1.049595016,15.3719759,75.12727545,629.1914953,0.113926201,99.47512125,12.69884735,20.64875389,0.640124611,-0.002277238,-0.002882095,0.004487641,-0.508414256,0.13643557,-9.705378388,-0.195217234,0.048629179,0.0319372,0.059611772,0,-2.761777778,-1.277968254,121.065619
00:50.1,19,1.049626168,15.3719759,75.12727539,629.1921495,0.114094009,99.35555346,12.6935514,20.64654206,0.639345794,-0.002326005,-0.002844625,0.004502481,-0.508564645,0.136186936,-9.70578091,-0.195863026,0.048416004,0.031680088,0.059314424,0,-2.761333333,-1.27847619,121.0617143
00:50.1,19,1.049657321,15.3719759,75.12727533,629.1928037,0.114261816,99.23598567,12.68825545,20.64433022,0.638566978,-0.002374773,-0.002807155,0.00451732,-0.508715034,0.135938302,-9.706183433,-0.196508817,0.048202829,0.031422975,0.059017076,0,-2.760888889,-1.278984127,121.0578095
00:50.1,19,1.049688474,15.3719759,75.12727528,629.1934579,0.114429624,99.11641788,12.6829595,20.64211838,0.637788162,-0.00242354,-0.002769685,0.004532159,-0.508865422,0.135689668,-9.706585955,-0.197154609,0.047989655,0.031165863,0.058719728,0,-2.760444444,-1.279492063,121.0539048
00:50.2,19,1.049719626,15.3719759,75.12727522,629.1941121,0.114597432,98.99685009,12.67766355,20.63990654,0.637009346,-0.002472307,-0.002732215,0.004546998,-0.509015811,0.135441034,-9.706988478,-0.1978004,0.04777648,0.03090875,0.05842238,0,-2.76,-1.28,121.05
00:50.2,19,1.049750779,15.3719759,75.12727516,629.1947664,0.114765239,98.87728231,12.6723676,20.6376947,0.63623053,-0.002521074,-0.002694745,0.004561837,-0.5091662,0.1351924,-9.707391,-0.18988838,0.050182832,0.037809484,0.06484996,0,-2.756,-1.284,121.046
00:50.2,19,1.049781931,15.3719759,75.1272751,629.1954206,0.114933047,98.75771452,12.66707165,20.63548287,0.635451713,0.005431088,-0.011662827,0.002783766,-0.5081965,0.14405595,-9.7669295,-0.18197636,0.052589184,0.044710218,0.07127754,0,-2.752,-1.288,121.042
00:50.2,19,1.049813084,15.3719759,75.12727505,629.1960748,0.115100854,98.63814673,12.6617757,20.63327103,0.634672897,0.01338325,-0.02063091,0.001005694,-0.5072268,0.1529195,-9.826468,-0.17406434,0.054995536,0.051610952,0.07770512,0,-2.748,-1.292,121.038
00:50.2,19,1.049844237,15.3719759,75.12727499,629.196729,0.115268662,98.51857894,12.65647975,20.63105919,0.633894081,0.01232563,-0.017552605,0.00041027,-0.5504211,0.1529199,-9.773071,-0.16615232,0.057401888,0.058511686,0.0841327,0,-2.744,-1.296,121.034
00:50.3,19,1.049875389,15.3719759,75.12727493,629.1973832,0.11543647,98.39901115,12.6511838,20.62884735,0.633115265,0.01126801,-0.0144743,-0.000185154,-0.5936154,0.1529203,-9.719674,-0.1582403,0.05980824,0.06541242,0.09056028,0,-2.74,-1.3,121.03
00:50.3,19,1.049906542,15.3719759,75.12727487,629.1980374,0.115604277,98.27944336,12.64588785,20.62663551,0.632336449,-0.000291635,-0.002303991,0.001426733,-0.62819035,0.15610355,-9.7860575,-0.15145858,0.05959407,0.06806847,0.09043129,0,-2.748,-1.292,121.028
00:50.3,19,1.049937695,15.3719759,75.12727482,629.1986916,0.115772085,98.15987558,12.6405919,20.62442368,0.631557632,-0.01185128,0.009866317,0.00303862,-0.6627653,0.1592868,-9.852441,-0.14467686,0.0593799,0.07072452,0.0903023,0,-2.756,-1.284,121.026
00:50.3,19,1.049968847,15.3719759,75.12727476,629.1993458,0.115939892,98.04030779,12.63529595,20.62221184,0.630778816,-0.004308159,0.000626165,0.003397249,-0.61947145,0.18104335,-9.797386,-0.13789514,0.05916573,0.07338057,0.09017331,0,-2.764,-1.276,121.024
00:50.3,19,1.05,15.3719759,75.1272747,629.2,0.1161077,97.92074,12.63,20.62,0.63,0.003234962,-0.008613987,0.003755878,-0.5761776,0.2027999,-9.742331,-0.13111342,0.05895156,0.07603662,0.09004432,0,-2.772,-1.268,121.022
00:50.4,19,1.05,15.37197589,75.12727461,629.1911111,0.115380489,109.41988,12.62777778,20.61666667,0.684444444,0.000733346,-0.006655233,0.002193778,-0.53430925,0.1591726,-9.73381,-0.1243317,0.05873739,0.07869267,0.08991533,0,-2.78,-1.26,121.02
00:50.4,19,1.05,15.37197588,75.12727452,629.1822222,0.114653278,120.91902,12.62555556,20.61333333,0.738888889,-0.001768271,-0.004696478,0.000631678,-0.4924409,0.1155453,-9.725289,-0.102856224,0.055660598,0.072244514,0.083631404,0,-2.788,-1.252,121.018
00:50.4,19,1.05,15.37197587,75.12727443,629.1733333,0.113926067,132.41816,12.62333333,20.61,0.793333333,0.003739683,-0.006816059,0.001782517,-0.4936605,0.1472559,-9.7677015,-0.081380748,0.052583806,0.065796358,0.077347478,0,-2.796,-1.244,121.016
00:50.4,19,1.05,15.37197586,75.12727434,629.1644444,0.113198856,143.9173,12.62111111,20.60666667,0.847777778,0.009247636,-0.00893564,0.002933356,-0.4948801,0.1789665,-9.810114,-0.059905272,0.049507014,0.059348202,0.071063552,0,-2.804,-1.236,121.014
00:50.4,19,1.05,15.37197584,75.12727426,629.1555556,0.112471644,155.41644,12.61888889,20.60333333,0.902222222,-0.000126181,-0.002555251,0.002390246,-0.5382842,0.1592492,-9.7816015,-0.038429796,0.046430222,0.052900046,0.064779626,0,-2.812,-1.228,121.012
00:50.5,19,1.05,15.37197583,75.12727417,629.1466667,0.111744433,166.91558,12.61666667,20.6,0.956666667,-0.009499998,0.003825137,0.001847136,-0.5816883,0.1395319,-9.753089,-0.01695432,0.04335343,0.04645189,0.0584957,0,-2.82,-1.22,121.01
00:50.5,19,1.05,15.37197582,75.12727408,629.1377778,0.111017222,178.41472,12.61444444,20.59666667,1.011111111,-0.008188398,0.004583693,0.000923648,-0.63125875,0.1743121,-9.7934235,-0.02147547,0.045647836,0.046794454,0.059080146,0,-2.828,-1.214,121.006
00:50.5,19,1.05,15.37197581,75.12727399,629.1288889,0.110290011,189.91386,12.61222222,20.59333333,1.065555556,-0.006876797,0.005342249,1.60E-07,-0.6808292,0.2090923,-9.833758,-0.02599662,0.047942242,0.047137018,0.059664592,0,-2.836,-1.208,121.002
00:50.5,19,1.05,15.3719758,75.1272739,629.12,0.1095628,201.413,12.61,20.59,1.12,1.63E-05,-0.003420406,0.00013851,-0.58795435,0.186168,-9.7707175,-0.03051777,0.050236648,0.047479582,0.060249038,0,-2.844,-1.202,120.998
00:50.5,19,1.05,15.37197578,75.12727377,629.109,0.11584746,201.63083,12.605,20.582,1.122,0.006909478,-0.01218306,0.00027686,-0.4950795,0.1632437,-9.707677,-0.03503892,0.052531054,0.047822146,0.060833484,0,-2.852,-1.196,120.994
00:50.6,19,1.05,15.37197576,75.12727364,629.098,0.12213212,201.84866,12.6,20.574,1.124,-0.009047441,-0.002832474,0.003210516,-0.53950875,0.1835336,-9.7046315,-0.03956007,0.05482546,0.04816471,0.06141793,0,-2.86,-1.19,120.99
00:50.6,19,1.05,15.37197574,75.12727351,629.087,0.12841678,202.06649,12.595,20.566,1.126,-0.02500436,0.006518113,0.006144173,-0.583938,0.2038235,-9.701586,-0.025996618,0.097168328,0.080997148,0.145219744,0,-2.874,-1.168,120.996
00:50.6,19,1.05,15.37197572,75.12727338,629.076,0.13470144,202.28432,12.59,20.558,1.128,-0.010709941,0.005480776,0.008012909,-0.52748415,0.2624463,-9.663582,-0.012433166,0.139511196,0.113829586,0.229021558,0,-2.888,-1.146,121.002
00:50.6,19,1.05,15.3719757,75.12727325,629.065,0.1409861,202.50215,12.585,20.55,1.13,0.003584479,0.004443439,0.009881645,-0.4710303,0.3210691,-9.625578,0.001130286,0.181854064,0.146662024,0.312823372,0,-2.902,-1.124,121.008
00:50.6,19,1.05,15.37197568,75.12727312,629.054,0.14727076,202.71998,12.58,20.542,1.132,0.00873964,-0.002075023,0.00755738,-0.45410615,0.205305005,-9.619387,0.014693738,0.224196932,0.179494462,0.396625186,0,-2.916,-1.102,121.014
00:50.7,19,1.05,15.37197566,75.12727299,629.043,0.15355542,202.93781,12.575,20.534,1.134,0.0138948,-0.008593486,0.005233115,-0.437182,0.08954091,-9.613196,0.02825719,0.2665398,0.2123269,0.480427,0,-2.93,-1.08,121.02
00:50.7,19,1.05,15.37197564,75.12727286,629.032,0.15984008,203.15564,12.57,20.526,1.136,0.005953291,-0.00810605,0.006326378,-0.449858,0.114624605,-9.814333,0.060470392,0.26118906,0.19899276,0.44150592,0,-2.93,-1.076,121.018
00:50.7,19,1.05,15.37197562,75.12727273,629.021,0.16612474,203.37347,12.565,20.518,1.138,-0.001988218,-0.007618613,0.007419641,-0.462534,0.1397083,-10.01547,0.092683594,0.25583832,0.18565862,0.40258484,0,-2.93,-1.072,121.016
00:50.7,19,1.05,15.3719756,75.1272726,629.01,0.1724094,203.5913,12.56,20.51,1.14,0.011086401,-0.007771697,0.001947977,-0.59942115,0.20991925,-9.868968,0.124896796,0.25048758,0.17232448,0.36366376,0,-2.93,-1.068,121.014
00:50.7,19,1.05,15.37197561,75.12727245,629.001,0.17733172,214.0174,12.552,20.499,1.146,0.02416102,-0.007924781,-0.003523687,-0.7363083,0.2801302,-9.722466,0.157109998,0.24513684,0.15899034,0.32474268,0,-2.93,-1.064,121.012
00:50.8,19,1.05,15.37197562,75.1272723,628.992,0.18225404,224.4435,12.544,20.488,1.152,0.008674961,-0.010196766,0.000161245,-0.43852225,0.166145295,-9.634026,0.1893232,0.2397861,0.1456562,0.2858216,0,-2.93,-1.06,121.01
00:50.8,19,1.05,15.37197563,75.12727215,628.983,0.18717636,234.8696,12.536,20.477,1.158,-0.006811098,-0.01246875,0.003846176,-0.1407362,0.05216039,-9.545586,0.153719136,0.22652584,0.13940982,0.26620216,0,-2.938,-1.058,121.01
00:50.8,19,1.05,15.37197564,75.127272,628.974,0.19209868,245.2957,12.528,20.466,1.164,-0.006124316,-0.009264171,0.005646454,-0.43248565,0.157919945,-9.7465665,0.118115072,0.21326558,0.13316344,0.24658272,0,-2.946,-1.056,121.01
00:50.8,19,1.05,15.37197565,75.12727185,628.965,0.197021,255.7218,12.52,20.455,1.17,-0.005437534,-0.006059591,0.007446731,-0.7242351,0.2636795,-9.947547,0.082511008,0.20000532,0.12691706,0.22696328,0,-2.954,-1.054,121.01
00:50.8,19,1.05,15.37197566,75.1272717,628.956,0.20194332,266.1479,12.512,20.444,1.176,0.000628859,-0.002248243,0.003288768,-0.7238853,0.24240135,-9.832598,0.046906944,0.18674506,0.12067068,0.20734384,0,-2.962,-1.052,121.01
00:50.9,19,1.05,15.37197567,75.12727155,628.947,0.20686564,276.574,12.504,20.433,1.182,0.006695251,0.001563106,-0.000869195,-0.7235355,0.2211232,-9.717649,0.01130288,0.1734848,0.1144243,0.1877244,0,-2.97,-1.05,121.01
00:50.9,19,1.05,15.37197568,75.1272714,628.938,0.21178796,287.0001,12.496,20.422,1.188,0.00367773,-0.003837583,-0.000456806,-0.5411166,0.24753555,-9.6902935,0.027692054,0.16484794,0.111142166,0.17402816,0,-2.978,-1.05,121.008
00:50.9,19,1.05,15.37197569,75.12727125,628.929,0.21671028,297.4262,12.488,20.411,1.194,0.00066021,-0.009238272,-4.44E-05,-0.3586977,0.2739479,-9.662938,0.044081228,0.15621108,0.107860032,0.16033192,0,-2.986,-1.05,121.006
00:50.9,19,1.05,15.3719757,75.1272711,628.92,0.2216326,307.8523,12.48,20.4,1.2,-0.001811528,-0.008864037,0.001746729,-0.44006115,0.174268295,-9.746238,0.060470402,0.14757422,0.104577898,0.14663568,0,-2.994,-1.05,121.004
00:50.9,19,1.05,15.37197572,75.12727106,628.927,0.20971532,284.188207,12.471,20.388,1.181,-0.004283265,-0.008489801,0.003537875,-0.5214246,0.07458869,-9.829538,0.076859576,0.13893736,0.101295764,0.13293944,0,-3.002,-1.05,121.002
00:51.0,19,1.05,15.37197574,75.12727102,628.934,0.19779804,260.524114,12.462,20.376,1.162,0.002297772,-0.010160481,0.005270442,-0.54135815,0.100384545,-9.8238035,0.09324875,0.1303005,0.09801363,0.1192432,0,-3.01,-1.05,121
00:51.0,19,1.05,15.37197576,75.12727098,628.941,0.18588076,236.860021,12.453,20.364,1.143,0.00887881,-0.01183116,0.007003008,-0.5612917,0.1261804,-9.818069,0.082511014,0.122592632,0.094114134,0.112198078,0,-3.01,-1.05,121
00:51.0,19,1.05,15.37197578,75.12727094,628.948,0.17396348,213.195928,12.444,20.352,1.124,0.001855793,-0.006219441,0.005717286,-0.56313585,0.26268045,-9.739861,0.071773278,0.114884764,0.090214638,0.105152956,0,-3.01,-1.05,121
00:51.0,19,1.05,15.3719758,75.1272709,628.955,0.1620462,189.531835,12.435,20.34,1.105,-0.005167225,-0.000607722,0.004431564,-0.56498,0.3991805,-9.661653,0.061035542,0.107176896,0.086315142,0.098107834,0,-3.01,-1.05,121
00:51.0,19,1.05,15.37197582,75.12727086,628.962,0.15012892,165.867742,12.426,20.328,1.086,-0.002369738,-7.62E-05,0.002568922,-0.64015305,0.30365455,-9.737936,0.050297806,0.099469028,0.082415646,0.091062712,0,-3.01,-1.05,121
00:51.1,19,1.05,15.37197584,75.12727082,628.969,0.13821164,142.203649,12.417,20.316,1.067,0.000427749,0.000455414,0.000706281,-0.7153261,0.2081286,-9.814219,0.03956007,0.09176116,0.07851615,0.08401759,0,-3.01,-1.05,121
00:51.1,19,1.05,15.37197586,75.12727078,628.976,0.12629436,118.539556,12.408,20.304,1.048,0.004277252,-0.004031873,0.000468128,-0.6080937,0.22151825,-9.7890965,0.046906942,0.087672316,0.080645106,0.08646301,0,-3.012,-1.048,120.998
00:51.1,19,1.05,15.37197588,75.12727074,628.983,0.11437708,94.875463,12.399,20.292,1.029,0.008126756,-0.008519161,0.000229976,-0.5008613,0.2349079,-9.763974,0.054253814,0.083583472,0.082774062,0.08890843,0,-3.014,-1.046,120.996
00:51.1,19,1.05,15.3719759,75.1272707,628.99,0.1024598,71.21137,12.39,20.28,1.01,0.006454285,-0.00914455,0.00050116,-0.51816675,0.1966824,-9.7353415,0.061600686,0.079494628,0.084903018,0.09135385,0,-3.016,-1.044,120.994
00:51.1,19,1.05,15.37197591,75.12727066,628.993,0.1038177,96.255103,12.384,20.273,1.026,0.004781813,-0.009769939,0.000772343,-0.5354722,0.1584569,-9.706709,0.068947558,0.075405784,0.087031974,0.09379927,0,-3.018,-1.042,120.992
00:51.2,19,1.05,15.37197592,75.12727062,628.996,0.1051756,121.298836,12.378,20.266,1.042,0.007076404,-0.01044144,0.001222236,-0.44076325,0.1845202,-9.747492,0.07629443,0.07131694,0.08916093,0.09624469,0,-3.02,-1.04,120.99
00:51.2,19,1.05,15.37197593,75.12727058,628.999,0.1065335,146.342569,12.372,20.259,1.058,0.009370994,-0.01111294,0.00167213,-0.3460543,0.2105835,-9.788275,0.086467024,0.071542448,0.080867494,0.087774116,0,-3.016,-1.04,120.988
00:51.2,19,1.05,15.37197594,75.12727054,629.002,0.1078914,171.386302,12.366,20.252,1.074,0.005286823,-0.01070877,0.00245521,-0.4612627,0.2136193,-9.802637,0.096639618,0.071767956,0.072574058,0.079303542,0,-3.012,-1.04,120.986
00:51.2,19,1.05,15.37197595,75.1272705,629.005,0.1092493,196.430035,12.36,20.245,1.09,0.001202651,-0.0103046,0.00323829,-0.5764711,0.2166551,-9.816999,0.106812212,0.071993464,0.064280622,0.070832968,0,-3.008,-1.04,120.984
00:51.2,19,1.05,15.37197596,75.12727046,629.008,0.1106072,221.473768,12.354,20.238,1.106,0.005150819,-0.005499018,0.000390931,-0.62074205,0.2175996,-9.7970885,0.116984806,0.072218972,0.055987186,0.062362394,0,-3.004,-1.04,120.982
00:51.3,19,1.05,15.37197597,75.12727042,629.011,0.1119651,246.517501,12.348,20.231,1.122,0.009098987,-0.000693435,-0.002456428,-0.665013,0.2185441,-9.777178,0.1271574,0.07244448,0.04769375,0.05389182,0,-3,-1.04,120.98
00:51.3,19,1.05,15.37197598,75.12727038,629.014,0.113323,271.561234,12.342,20.224,1.138,0.004187355,-0.003516538,0.000995686,-0.67063225,0.23766465,-9.726267,0.13280884,0.068701678,0.051542432,0.05543173,0,-3,-1.042,120.982
00:51.3,19,1.05,15.37197599,75.12727034,629.017,0.1146809,296.604967,12.336,20.217,1.154,-0.000724277,-0.006339641,0.0044478,-0.6762515,0.2567852,-9.675356,0.13846028,0.064958876,0.055391114,0.05697164,0,-3,-1.044,120.984
00:51.3,19,1.05,15.371976,75.1272703,629.02,0.1160388,321.6487,12.33,20.21,1.17,0.002178736,-0.008727816,0.004735537,-0.60094865,0.18121005,-9.7571795,0.14411172,0.061216074,0.059239796,0.05851155,0,-3,-1.046,120.986
00:51.3,19,1.05,15.37197601,75.12727027,629.033,0.11974047,317.42391,12.323,20.201,1.181,0.005081748,-0.01111599,0.005023274,-0.5256458,0.1056349,-9.839003,0.14976316,0.057473272,0.063088478,0.06005146,0,-3,-1.048,120.988
00:51.4,19,1.05,15.37197602,75.12727024,629.046,0.12344214,313.19912,12.316,20.192,1.192,0.009897844,-0.010073338,0.00107791,-0.53585955,0.13836005,-9.798476,0.1554146,0.05373047,0.06693716,0.06159137,0,-3,-1.05,120.99
00:51.4,19,1.05,15.37197603,75.12727021,629.059,0.12714381,308.97433,12.309,20.183,1.203,0.01471394,-0.009030686,-0.002867454,-0.5460733,0.1710852,-9.757949,0.13732999,0.05919653,0.065224462,0.06059053,0,-3,-1.05,120.988
00:51.4,19,1.05,15.37197604,75.12727018,629.072,0.13084548,304.74954,12.302,20.174,1.214,0.009670895,-0.008654608,-0.001940767,-0.4510535,0.2033145,-9.765992,0.11924538,0.06466259,0.063511764,0.05958969,0,-3,-1.05,120.986
00:51.4,19,1.05,15.37197605,75.12727015,629.085,0.13454715,300.52475,12.295,20.165,1.225,0.00462785,-0.008278529,-0.00101408,-0.3560337,0.2355438,-9.774035,0.10116077,0.07012865,0.061799066,0.05858885,0,-3,-1.05,120.984
00:51.4,19,1.05,15.37197606,75.12727012,629.098,0.13824882,296.29996,12.288,20.156,1.236,0.0023849,-0.01137154,0.00172203,-0.44425445,0.18996335,-9.816843,0.08307616,0.07559471,0.060086368,0.05758801,0,-3,-1.05,120.982
00:51.5,19,1.05,15.37197607,75.12727009,629.111,0.14195049,292.07517,12.281,20.147,1.247,0.00014195,-0.01446455,0.004458141,-0.5324752,0.1443829,-9.859651,0.06499155,0.08106077,0.05837367,0.05658717,0,-3,-1.05,120.98
00:51.5,19,1.05,15.37197608,75.12727006,629.124,0.14565216,287.85038,12.274,20.138,1.258,0.00032764,-0.007993647,0.003019897,-0.62185825,0.22958295,-9.7931825,0.01695432,0.079353792,0.061238342,0.071158696,0,-3,-1.05,120.98
00:51.5,19,1.05,15.37197609,75.12727003,629.137,0.14935383,283.62559,12.267,20.129,1.269,0.000513331,-0.001522744,0.001581653,-0.7112413,0.314783,-9.726714,-0.03108291,0.077646814,0.064103014,0.085730222,0,-3,-1.05,120.98
00:51.5,19,1.05,15.3719761,75.12727,629.15,0.1530555,279.4008,12.26,20.12,1.28,0.000707277,-0.004192715,0.000219272,-0.56962925,0.22177855,-9.7510865,-0.07912014,0.075939836,0.066967686,0.100301748,0,-3,-1.05,120.98
00:51.5,19,1.05,15.37197611,75.12726994,629.151,0.146652197,285.96343,12.253,20.11,1.271,0.000901224,-0.006862687,-0.001143108,-0.4280172,0.1287741,-9.775459,-0.12715737,0.074232858,0.069832358,0.114873274,0,-3,-1.05,120.98
00:51.6,19,1.05,15.37197612,75.12726988,629.152,0.140248894,292.52606,12.246,20.1,1.262,0.003128969,-0.008871984,0.001236538,-0.45988055,0.11043826,-9.8327215,-0.1751946,0.07252588,0.07269703,0.1294448,0,-3,-1.05,120.98
00:51.6,19,1.05,15.37197613,75.12726982,629.153,0.133845591,299.08869,12.239,20.09,1.253,0.005356714,-0.01088128,0.003616184,-0.4917439,0.09210242,-9.889984,-0.11924536,0.07001486,0.070991998,0.1241541,0,-3,-1.052,120.98
00:51.6,19,1.05,15.37197614,75.12726976,629.154,0.127442288,305.65132,12.232,20.08,1.244,0.007954237,-0.01190321,0.003034392,-0.5040694,0.18388336,-9.806018,-0.06329612,0.06750384,0.069286966,0.1188634,0,-3,-1.054,120.98
00:51.6,19,1.05,15.37197615,75.1272697,629.155,0.121038985,312.21395,12.225,20.07,1.235,0.01055176,-0.01292514,0.002452599,-0.5163949,0.2756643,-9.722052,-0.00734688,0.06499282,0.067581934,0.1135727,0,-3,-1.056,120.98
00:51.6,19,1.05,15.37197616,75.12726964,629.156,0.114635682,318.77658,12.218,20.06,1.226,0.001727185,-0.005489581,0.001402925,-0.56854275,0.23736975,-9.760228,0.04860236,0.0624818,0.065876902,0.108282,0,-3,-1.058,120.98
00:51.7,19,1.05,15.37197617,75.12726958,629.157,0.108232379,325.33921,12.211,20.05,1.217,-0.00709739,0.001945978,0.000353252,-0.6206906,0.1990752,-9.798404,0.1045516,0.05997078,0.06417187,0.1029913,0,-3,-1.06,120.98
00:51.7,19,1.05,15.37197618,75.12726952,629.158,0.101829076,331.90184,12.204,20.04,1.208,-0.007896378,0.001906413,0.002521078,-0.7092035,0.18252965,-9.801316,0.08364128,0.067515428,0.062874068,0.100425094,0,-2.998,-1.06,120.98
00:51.7,19,1.05,15.37197619,75.12726946,629.159,0.095425773,338.46447,12.197,20.03,1.199,-0.008695366,0.001866848,0.004688904,-0.7977164,0.1659841,-9.804228,0.06273096,0.075060076,0.061576266,0.097858888,0,-2.996,-1.06,120.98
00:51.7,19,1.05,15.3719762,75.1272694,629.16,0.08902247,345.0271,12.19,20.02,1.19,-0.000563457,-0.004635546,0.002665257,-0.57606455,0.19298365,-9.7896485,0.04182064,0.082604724,0.060278464,0.095292682,0,-2.994,-1.06,120.98
00:51.7,19,1.05,15.3719762,75.12726936,629.16,0.0819313,327.89037,12.186,20.014,1.186,0.007568453,-0.01113794,0.000641611,-0.3544127,0.2199832,-9.775069,0.02091032,0.090149372,0.058980662,0.092726476,0,-2.992,-1.06,120.98
00:51.8,19,1.05,15.3719762,75.12726932,629.16,0.07484013,310.75364,12.182,20.008,1.182,0.006619869,-0.01075974,-0.000173418,-0.45285175,0.23434545,-9.749434,0,0.09769402,0.05768286,0.09016027,0,-2.99,-1.06,120.98
00:51.8,19,1.05,15.3719762,75.12726928,629.16,0.06774896,293.61691,12.178,20.002,1.178,0.005671284,-0.01038154,-0.000988447,-0.5512908,0.2487077,-9.723799,0.03673436,0.09809238,0.057178992,0.08697566,0,-2.992,-1.062,120.982
00:51.8,19,1.05,15.3719762,75.12726924,629.16,0.06065779,276.48018,12.174,19.996,1.174,0.002905342,-0.01193809,0.001601141,-0.49083585,0.1758381,-9.799411,0.07346872,0.09849074,0.056675124,0.08379105,0,-2.994,-1.064,120.984
00:51.8,19,1.05,15.3719762,75.1272692,629.16,0.05356662,259.34345,12.17,19.99,1.17,0.000139399,-0.01349464,0.00419073,-0.4303809,0.1029685,-9.875023,0.11020308,0.0988891,0.056171256,0.08060644,0,-2.996,-1.066,120.986
00:51.8,19,1.05,15.3719762,75.12726916,629.16,0.04647545,242.20672,12.166,19.984,1.166,0.004660387,-0.012123085,0.002300983,-0.4573989,0.1707684,-9.825636,0.14693744,0.09928746,0.055667388,0.07742183,0,-2.998,-1.068,120.988
00:51.9,19,1.05,15.3719762,75.12726912,629.16,0.03938428,225.06999,12.162,19.978,1.162,0.009181374,-0.01075153,0.000411235,-0.4844169,0.2385683,-9.776249,0.1836718,0.09968582,0.05516352,0.07423722,0,-3,-1.07,120.99
00:51.9,19,1.05,15.3719762,75.12726908,629.16,0.03229311,207.93326,12.158,19.972,1.158,0.004335863,-0.005795758,0.000921657,-0.6133944,0.2302512,-9.7683825,0.17010834,0.096502868,0.062698508,0.078190002,0,-3.004,-1.07,120.99
00:51.9,19,1.05,15.3719762,75.12726904,629.16,0.02520194,190.79653,12.154,19.966,1.154,-0.000509648,-0.000839986,0.001432079,-0.7423719,0.2219341,-9.760516,0.15654488,0.093319916,0.070233496,0.082142784,0,-3.008,-1.07,120.99
00:51.9,19,1.05,15.3719762,75.127269,629.16,0.01811077,173.6598,12.15,19.96,1.15,0.000492979,-0.007961498,0.003156474,-0.5813949,0.17250825,-9.7990615,0.14298142,0.090136964,0.077768484,0.086095566,0,-3.012,-1.07,120.99
00:51.9,18.7,1.061,15.37197619,75.12726902,629.165,0.017507998,180.84943,12.147,19.956,1.183,0.001495607,-0.01508301,0.004880869,-0.4204179,0.1230824,-9.837607,0.12941796,0.086954012,0.085303472,0.090048348,0,-3.016,-1.07,120.99
00:52.0,18.4,1.072,15.37197618,75.12726904,629.17,0.016905226,188.03906,12.144,19.952,1.216,0.002557144,-0.01271568,0.004227075,-0.48321615,0.18399935,-9.8097605,0.1158545,0.08377106,0.09283846,0.09400113,0,-3.02,-1.07,120.99
00:52.0,18.1,1.083,15.37197617,75.12726906,629.175,0.016302454,195.22869,12.141,19.948,1.249,0.003618681,-0.01034835,0.00357328,-0.5460144,0.2449163,-9.781914,0.100595614,0.080007948,0.085976366,0.088420034,0,-3.018,-1.072,120.99
00:52.0,17.8,1.094,15.37197616,75.12726908,629.18,0.015699682,202.41832,12.138,19.944,1.282,0.00615715,-0.010585465,0.001985487,-0.49063325,0.2485815,-9.736196,0.085336728,0.076244836,0.079114272,0.082838938,0,-3.016,-1.074,120.99
00:52.0,17.5,1.105,15.37197615,75.1272691,629.185,0.01509691,209.60795,12.135,19.94,1.315,0.008695618,-0.01082258,0.000397694,-0.4352521,0.2522467,-9.690478,0.070077842,0.072481724,0.072252178,0.077257842,0,-3.014,-1.076,120.99
00:52.0,17.2,1.116,15.37197614,75.12726912,629.19,0.014494138,216.79758,12.132,19.936,1.348,0.006533189,-0.010498885,0.000650089,-0.4877759,0.18281235,-9.780702,0.054818956,0.068718612,0.065390084,0.071676746,0,-3.012,-1.078,120.99
00:52.1,16.9,1.127,15.37197613,75.12726914,629.195,0.013891366,223.98721,12.129,19.932,1.381,0.00437076,-0.01017519,0.000902485,-0.5402997,0.113378,-9.870926,0.03956007,0.0649555,0.05852799,0.06609565,0,-3.01,-1.08,120.99
00:52.1,16.6,1.138,15.37197612,75.12726916,629.2,0.013288594,231.17684,12.126,19.928,1.414,0.002181959,-0.005500143,0.000746191,-0.5800709,0.2061965,-9.785923,-0.002260584,0.063752164,0.055900434,0.065103922,0,-3.01,-1.078,120.99
00:52.1,16.3,1.149,15.37197611,75.12726918,629.205,0.012685822,238.36647,12.123,19.924,1.447,-6.84E-06,-0.000825095,0.000589897,-0.6198421,0.299015,-9.70092,-0.044081238,0.062548828,0.053272878,0.064112194,0,-3.01,-1.076,120.99
00:52.1,16,1.16,15.3719761,75.1272692,629.21,0.01208305,245.5561,12.12,19.92,1.48,0.001064185,-0.003938759,0.000243442,-0.58239125,0.23226105,-9.7162025,-0.085901892,0.061345492,0.050645322,0.063120466,0,-3.01,-1.074,120.99
00:52.1,15.90909091,1.167272727,15.37197608,75.12726924,629.2145455,0.029696191,235.3802727,12.11909091,19.91909091,1.401818182,0.002135212,-0.007052423,-0.000103013,-0.5449404,0.1655071,-9.731485,-0.127722546,0.060142156,0.048017766,0.062128738,0,-3.01,-1.072,120.99
00:52.2,15.81818182,1.174545455,15.37197606,75.12726927,629.2190909,0.047309332,225.2044455,12.11818182,19.91818182,1.323636364,0.006719481,-0.011018527,0.001558887,-0.4759503,0.19640665,-9.785587,-0.1695432,0.05893882,0.04539021,0.06113701,0,-3.01,-1.07,120.99
00:52.2,15.72727273,1.181818182,15.37197605,75.12726931,629.2236364,0.064922473,215.0286182,12.11727273,19.91727273,1.245454545,0.01130375,-0.01498463,0.003220788,-0.4069602,0.2273062,-9.839689,-0.142416288,0.060174262,0.044823898,0.071598728,0,-3.01,-1.072,120.988
00:52.2,15.63636364,1.189090909,15.37197603,75.12726935,629.2281818,0.082535614,204.8527909,12.11636364,19.91636364,1.167272727,0.007531972,-0.01400183,0.003987653,-0.4809697,0.2167332,-9.78858,-0.115289376,0.061409704,0.044257586,0.082060446,0,-3.01,-1.074,120.986
00:52.2,15.54545455,1.196363636,15.37197601,75.12726938,629.2327273,0.100148755,194.6769636,12.11545455,19.91545455,1.089090909,0.003760195,-0.01301903,0.004754517,-0.5549792,0.2061602,-9.737471,-0.088162464,0.062645146,0.043691274,0.092522164,0,-3.01,-1.076,120.984
00:52.2,15.45454545,1.203636364,15.37197599,75.12726942,629.2372727,0.117761895,184.5011364,12.11454545,19.91454545,1.010909091,0.006446705,-0.010252809,0.001058028,-0.5193031,0.2000099,-9.767342,-0.061035552,0.063880588,0.043124962,0.102983882,0,-3.01,-1.078,120.982
00:52.3,15.36363636,1.210909091,15.37197597,75.12726945,629.2418182,0.135375036,174.3253091,12.11363636,19.91363636,0.932727273,0.009133215,-0.007486587,-0.002638462,-0.483627,0.1938596,-9.797213,-0.03390864,0.06511603,0.04255865,0.1134456,0,-3.01,-1.08,120.98
00:52.3,15.27272727,1.218181818,15.37197595,75.12726949,629.2463636,0.152988177,164.1494818,12.11272727,19.91272727,0.854545455,0.00398555,-0.003892949,-0.001155722,-0.55455065,0.2160779,-9.76747,-0.064426412,0.081047804,0.06658008,0.1422994,0,-3.014,-1.08,120.984
00:52.3,15.18181818,1.225454545,15.37197594,75.12726953,629.2509091,0.170601318,153.9736545,12.11181818,19.91181818,0.776363636,-0.001162115,-0.00029931,0.000327017,-0.6254743,0.2382962,-9.737727,-0.094944184,0.096979578,0.09060151,0.1711532,0,-3.018,-1.08,120.988
00:52.3,15.09090909,1.232727273,15.37197592,75.12726956,629.2554545,0.188214459,143.7978273,12.11090909,19.91090909,0.698181818,0.000742058,-0.004801852,0.005417848,-0.59592655,0.18349245,-9.75392,-0.125461956,0.112911352,0.11462294,0.200007,0,-3.022,-1.08,120.992
00:52.3,15,1.24,15.3719759,75.1272696,629.26,0.2058276,133.622,12.11,19.91,0.62,0.002646231,-0.009304394,0.01050868,-0.5663788,0.1286887,-9.770113,-0.155979728,0.128843126,0.13864437,0.2288608,0,-3.026,-1.08,120.996
00:52.4,15,1.24,15.37197588,75.12726964,629.2677778,0.187203417,128.1074433,12.10888889,19.90666667,0.693333333,0.006141124,-0.011373302,0.009067424,-0.5128402,0.15006215,-9.7522015,-0.1864975,0.1447749,0.1626658,0.2577146,0,-3.03,-1.08,121
00:52.4,15,1.24,15.37197586,75.12726969,629.2755556,0.168579233,122.5928867,12.10777778,19.90333333,0.766666667,0.009636018,-0.01344221,0.007626167,-0.4593016,0.1714356,-9.73429,-0.18197634,0.1681434,0.19939894,0.29222784,0,-3.028,-1.082,120.998
00:52.4,15,1.24,15.37197583,75.12726973,629.2833333,0.14995505,117.07833,12.10666667,19.9,0.84,0.011054854,-0.01444031,0.017980869,-0.4197004,0.16485675,-9.7488975,-0.17745518,0.1915119,0.23613208,0.32674108,0,-3.026,-1.084,120.996
00:52.4,15,1.24,15.37197581,75.12726978,629.2911111,0.131330867,111.5637733,12.10555556,19.89666667,0.913333333,0.01247369,-0.01543841,0.02833557,-0.3800992,0.1582779,-9.763505,-0.17293402,0.2148804,0.27286522,0.36125432,0,-3.024,-1.086,120.994
00:52.4,15,1.24,15.37197579,75.12726982,629.2988889,0.112706683,106.0492167,12.10444444,19.89333333,0.986666667,0.009031836,-0.012681261,0.01833685,-0.4702213,0.22538105,-9.789014,-0.16841286,0.2382489,0.30959836,0.39576756,0,-3.022,-1.088,120.992
00:52.5,15,1.24,15.37197577,75.12726987,629.3066667,0.0940825,100.53466,12.10333333,19.89,1.06,0.005589982,-0.009924111,0.008338129,-0.5603434,0.2924842,-9.814523,-0.1638917,0.2616174,0.3463315,0.4302808,0,-3.02,-1.09,120.99
00:52.5,15,1.24,15.37197574,75.12726991,629.3144444,0.075458317,95.02010333,12.10222222,19.88666667,1.133333333,0.001839012,-0.00636871,-0.00133755,-0.47062345,0.33434195,-9.7796105,-0.172934,0.29233762,0.35538346,0.50287212,0,-3.016,-1.094,120.988
00:52.5,15,1.24,15.37197572,75.12726996,629.3222222,0.056834133,89.50554667,12.10111111,19.88333333,1.206666667,-0.001911959,-0.002813309,-0.01101323,-0.3809035,0.3761997,-9.744698,-0.1819763,0.32305784,0.36443542,0.57546344,0,-3.012,-1.098,120.986
00:52.5,15,1.24,15.3719757,75.12727,629.33,0.03820995,83.99099,12.1,19.88,1.28,0.005794681,-0.00837695,-0.010097875,-0.4760546,0.3105172,-9.7047815,-0.1910186,0.35377806,0.37348738,0.64805476,0,-3.008,-1.102,120.984
00:52.5,15.1,1.232,15.37197571,75.12726996,629.323,0.037057288,83.292429,12.097,19.875,1.284,0.01350132,-0.01394059,-0.00918252,-0.5712057,0.2448347,-9.664865,-0.2000609,0.38449828,0.38253934,0.72064608,0,-3.004,-1.106,120.982
00:52.6,15.2,1.224,15.37197572,75.12726992,629.316,0.035904626,82.593868,12.094,19.87,1.288,0.015153345,-0.01201239,-0.000106407,-0.50568775,0.14002468,-9.7894565,-0.2091032,0.4152185,0.3915913,0.7932374,0,-3,-1.11,120.98
00:52.6,15.3,1.216,15.37197573,75.12726988,629.309,0.034751964,81.895307,12.091,19.865,1.292,0.01680537,-0.01008419,0.008969706,-0.4401698,0.03521466,-9.914048,-0.19667004,0.39372818,0.38088588,0.74403264,0,-2.998,-1.11,120.98
00:52.6,15.4,1.208,15.37197574,75.12726984,629.302,0.033599302,81.196746,12.088,19.86,1.296,0.0137885,-0.01073623,0.008843993,-0.48405315,0.13676028,-9.789668,-0.18423688,0.37223786,0.37018046,0.69482788,0,-2.996,-1.11,120.98
00:52.6,15.5,1.2,15.37197575,75.1272698,629.295,0.03244664,80.498185,12.085,19.855,1.3,0.01077163,-0.01138827,0.00871828,-0.5279365,0.2383059,-9.665288,-0.17180372,0.35074754,0.35947504,0.64562312,0,-2.994,-1.11,120.98
00:52.6,15.6,1.192,15.37197576,75.12726976,629.288,0.031293978,79.799624,12.082,19.85,1.304,0.002806817,-0.011200435,0.003675305,-0.482635,0.22003085,-9.7367685,-0.15937056,0.32925722,0.34876962,0.59641836,0,-2.992,-1.11,120.98
00:52.7,15.7,1.184,15.37197577,75.12726972,629.281,0.030141316,79.101063,12.079,19.845,1.308,-0.005157996,-0.0110126,-0.001367671,-0.4373335,0.2017558,-9.808249,-0.1469374,0.3077669,0.3380642,0.5472136,0,-2.99,-1.11,120.98
00:52.7,15.8,1.176,15.37197578,75.12726968,629.274,0.028988654,78.402502,12.076,19.84,1.312,0.002774512,-0.01209594,-0.001802012,-0.5012707,0.21539575,-9.834456,-0.135634526,0.54083612,0.64588196,0.68284208,0,-2.984,-1.118,120.98
00:52.7,15.9,1.168,15.37197579,75.12726964,629.267,0.027835992,77.703941,12.073,19.835,1.316,0.01070702,-0.01317928,-0.002236352,-0.5652079,0.2290357,-9.860663,-0.124331652,0.77390534,0.95369972,0.81847056,0,-2.978,-1.126,120.98
00:52.7,16,1.16,15.3719758,75.1272696,629.26,0.02668333,77.00538,12.07,19.83,1.32,0.01060809,-0.015295335,-0.001077704,-0.455088,0.2072663,-9.80218,-0.113028778,1.00697456,1.26151748,0.95409904,0,-2.972,-1.134,120.98
00:52.7,15.9,1.168,15.3719758,75.12726956,629.261,0.039817847,99.220862,12.068,19.825,1.318,0.01050916,-0.01741139,8.09E-05,-0.3449681,0.1854969,-9.743697,-0.101725904,1.24004378,1.56933524,1.08972752,0,-2.966,-1.142,120.98
00:52.8,15.8,1.176,15.3719758,75.12726952,629.262,0.052952364,121.436344,12.066,19.82,1.316,0.01265858,-0.017570505,0.002525294,-0.465737,0.18808565,-9.726085,-0.09042303,1.473113,1.877153,1.225356,0,-2.96,-1.15,120.98
00:52.8,15.7,1.184,15.3719758,75.12726948,629.263,0.066086881,143.651826,12.064,19.815,1.314,0.014808,-0.01772962,0.004969643,-0.5865059,0.1906744,-9.708473,-0.098335044,1.24601862,1.56990856,1.09654116,0,-2.954,-1.154,120.982
00:52.8,15.6,1.192,15.3719758,75.12726944,629.264,0.079221398,165.867308,12.062,19.81,1.312,0.01532144,-0.015330595,0.003973149,-0.5064256,0.1901701,-9.767904,-0.106247058,1.01892424,1.26266412,0.96772632,0,-2.948,-1.158,120.984
00:52.8,15.5,1.2,15.3719758,75.1272694,629.265,0.092355915,188.08279,12.06,19.805,1.31,0.01583488,-0.01293157,0.002976654,-0.4263453,0.1896658,-9.827335,-0.114159072,0.79182986,0.95541968,0.83891148,0,-2.942,-1.162,120.986
00:52.8,15.4,1.208,15.3719758,75.12726936,629.266,0.105490432,210.298272,12.058,19.8,1.308,0.006557912,-0.007170861,0.002420979,-0.50677885,0.2396847,-9.7633545,-0.122071086,0.56473548,0.64817524,0.71009664,0,-2.936,-1.166,120.988
00:52.9,15.3,1.216,15.3719758,75.12726932,629.267,0.118624949,232.513754,12.056,19.795,1.306,-0.002719056,-0.001410151,0.001865303,-0.5872124,0.2897036,-9.699374,-0.1299831,0.3376411,0.3409308,0.5812818,0,-2.93,-1.17,120.99
00:52.9,15.2,1.224,15.3719758,75.12726928,629.268,0.131759466,254.729236,12.054,19.79,1.304,-0.001976308,-0.000857001,0.003796074,-0.52614395,0.249007,-9.744295,-0.1582403,0.34120084,0.3396778,0.60091034,0,-2.926,-1.174,120.992
00:52.9,15.1,1.232,15.3719758,75.12726924,629.269,0.144893983,276.944718,12.052,19.785,1.302,-0.001233559,-0.000303851,0.005726845,-0.4650755,0.2083104,-9.789216,-0.1864975,0.34476058,0.3384248,0.62053888,0,-2.922,-1.178,120.994
00:52.9,15,1.24,15.3719758,75.1272692,629.27,0.1580285,299.1602,12.05,19.78,1.3,0.007569095,-0.00991825,0.004388512,-0.50269745,0.2138783,-9.789773,-0.2147547,0.34832032,0.3371718,0.64016742,0,-2.918,-1.182,120.996
00:52.9,15.1,1.236,15.37197578,75.12726915,629.27,0.1691078,291.00364,12.047,19.773,1.292,0.01637175,-0.01953265,0.003050178,-0.5403194,0.2194462,-9.79033,-0.2430119,0.35188006,0.3359188,0.65979596,0,-2.914,-1.186,120.998
00:53.0,15.2,1.232,15.37197576,75.1272691,629.27,0.1801871,282.84708,12.044,19.766,1.284,0.006158317,-0.012528315,0.004653458,-0.5520375,0.18974135,-9.812269,-0.2712691,0.3554398,0.3346658,0.6794245,0,-2.91,-1.19,121
00:53.0,15.3,1.228,15.37197574,75.12726905,629.27,0.1912664,274.69052,12.041,19.759,1.276,-0.004055116,-0.00552398,0.006256738,-0.5637556,0.1600365,-9.834208,-0.27239938,0.36468932,0.3272102,0.67999046,0,-2.91,-1.192,121.002
00:53.0,15.4,1.224,15.37197572,75.127269,629.27,0.2023457,266.53396,12.038,19.752,1.268,0.003037847,-0.00969177,0.004372494,-0.50363705,0.19041995,-9.8130235,-0.27352966,0.37393884,0.3197546,0.68055642,0,-2.91,-1.194,121.004
00:53.0,15.5,1.22,15.3719757,75.12726895,629.27,0.213425,258.3774,12.035,19.745,1.26,0.01013081,-0.01385956,0.002488249,-0.4435185,0.2208034,-9.791839,-0.27465994,0.38318836,0.312299,0.68112238,0,-2.91,-1.196,121.006
00:53.0,15.6,1.216,15.37197568,75.1272689,629.27,0.2245043,250.22084,12.032,19.738,1.252,0.01127584,-0.016660375,0.001968492,-0.448294,0.2269937,-9.752233,-0.27579022,0.39243788,0.3048434,0.68168834,0,-2.91,-1.198,121.008
00:53.1,15.7,1.212,15.37197566,75.12726885,629.27,0.2355836,242.06428,12.029,19.731,1.244,0.01242087,-0.01946119,0.001448734,-0.4530695,0.233184,-9.712627,-0.2769205,0.4016874,0.2973878,0.6822543,0,-2.91,-1.2,121.01
00:53.1,15.8,1.208,15.37197564,75.1272688,629.27,0.2466629,233.90772,12.026,19.724,1.236,0.005546,-0.011453388,0.003065574,-0.52912755,0.22015105,-9.76343,-0.28031136,0.39898488,0.2982215,0.65479354,0,-2.91,-1.204,121.012
00:53.1,15.9,1.204,15.37197562,75.12726875,629.27,0.2577422,225.75116,12.023,19.717,1.228,-0.001328871,-0.003445586,0.004682414,-0.6051856,0.2071181,-9.814233,-0.28370222,0.39628236,0.2990552,0.62733278,0,-2.91,-1.208,121.014
00:53.1,16,1.2,15.3719756,75.1272687,629.27,0.2688215,217.5946,12.02,19.71,1.22,0.000202198,-0.009743958,0.002372066,-0.5065795,0.2180781,-9.7517775,-0.28709308,0.39357984,0.2998889,0.59987202,0,-2.91,-1.212,121.016
00:53.1,16.1,1.193,15.37197559,75.12726869,629.265,0.25732766,203.937877,12.016,19.705,1.18,0.001733267,-0.01604233,6.17E-05,-0.4079734,0.2290381,-9.689322,-0.29048394,0.39087732,0.3007226,0.57241126,0,-2.91,-1.216,121.018
00:53.2,16.2,1.186,15.37197558,75.12726868,629.26,0.24583382,190.281154,12.012,19.7,1.14,0.006939719,-0.015474755,-0.000630472,-0.47044835,0.18565615,-9.722854,-0.2938748,0.3881748,0.3015563,0.5449505,0,-2.91,-1.22,121.02
00:53.2,16.3,1.179,15.37197557,75.12726867,629.255,0.23433998,176.624431,12.008,19.695,1.1,0.01214617,-0.01490718,-0.001322662,-0.5329233,0.1422742,-9.756386,-0.29161422,0.3871577,0.30980038,0.53660508,0,-2.91,-1.222,121.02
00:53.2,16.4,1.172,15.37197556,75.12726866,629.25,0.22284614,162.967708,12.004,19.69,1.06,0.007601342,-0.013827495,0.000924302,-0.49320565,0.15134085,-9.747211,-0.28935364,0.3861406,0.31804446,0.52825966,0,-2.91,-1.224,121.02
00:53.2,16.5,1.165,15.37197555,75.12726865,629.245,0.2113523,149.310985,12,19.685,1.02,0.003056514,-0.01274781,0.003171266,-0.453488,0.1604075,-9.738036,-0.28709306,0.3851235,0.32628854,0.51991424,0,-2.91,-1.226,121.02
00:53.2,16.6,1.158,15.37197554,75.12726864,629.24,0.19985846,135.654262,11.996,19.68,0.98,0.005473334,-0.010692061,0.00228408,-0.4518699,0.19268535,-9.7388045,-0.28483248,0.3841064,0.33453262,0.51156882,0,-2.91,-1.228,121.02
00:53.3,16.7,1.151,15.37197553,75.12726863,629.235,0.18836462,121.997539,11.992,19.675,0.94,0.007890154,-0.008636311,0.001396893,-0.4502518,0.2249632,-9.739573,-0.2825719,0.3830893,0.3427767,0.5032234,0,-2.91,-1.23,121.02
00:53.3,16.8,1.144,15.37197552,75.12726862,629.23,0.17687078,108.340816,11.988,19.67,0.9,0.004212173,-0.001980606,-0.000111704,-0.50603715,0.21745915,-9.784155,-0.25431472,0.39270094,0.34448728,0.55904098,0,-2.91,-1.23,121.02
00:53.3,16.9,1.137,15.37197551,75.12726861,629.225,0.16537694,94.684093,11.984,19.665,0.86,0.000534192,0.0046751,-0.0016203,-0.5618225,0.2099551,-9.828737,-0.22605754,0.40231258,0.34619786,0.61485856,0,-2.91,-1.23,121.02
00:53.3,17,1.13,15.3719755,75.1272686,629.22,0.1538831,81.02737,11.98,19.66,0.82,0.001723198,-0.001158202,0.000457059,-0.5280483,0.20845055,-9.779519,-0.19780036,0.41192422,0.34790844,0.67067614,0,-2.91,-1.23,121.02
00:53.3,17,1.13,15.37197549,75.12726859,629.219,0.144272333,93.270533,11.979,19.658,0.878,0.002912204,-0.006991503,0.002534418,-0.4942741,0.206946,-9.730301,-0.16954318,0.42153586,0.34961902,0.72649372,0,-2.91,-1.23,121.02
00:53.4,17,1.13,15.37197548,75.12726858,629.218,0.134661566,105.513696,11.978,19.656,0.936,0.005017515,-0.009317057,0.0031222,-0.49013405,0.2138697,-9.730238,-0.141286,0.4311475,0.3513296,0.7823113,0,-2.91,-1.23,121.02
00:53.4,17,1.13,15.37197547,75.12726857,629.217,0.125050799,117.756859,11.977,19.654,0.994,0.007122826,-0.01164261,0.003709981,-0.485994,0.2207934,-9.730175,-0.15145858,0.7348856,0.65513888,0.89179044,0,-2.908,-1.232,121.022
00:53.4,17,1.13,15.37197546,75.12726856,629.216,0.115440032,130.000022,11.976,19.652,1.052,0.009896278,-0.01174419,0.003029055,-0.4842083,0.17913105,-9.764395,-0.16163116,1.0386237,0.95894816,1.00126958,0,-2.906,-1.234,121.024
00:53.4,17,1.13,15.37197545,75.12726855,629.215,0.105829265,142.243185,11.975,19.65,1.11,0.01266973,-0.01184577,0.002348128,-0.4824226,0.1374687,-9.798615,-0.17180374,1.3423618,1.26275744,1.11074872,0,-2.904,-1.236,121.026
00:53.4,17,1.13,15.37197544,75.12726854,629.214,0.096218498,154.486348,11.974,19.648,1.168,0.004658808,-0.004023372,0.00152304,-0.5256845,0.17921275,-9.782197,-0.18197632,1.6460999,1.56656672,1.22022786,0,-2.902,-1.238,121.028
00:53.5,17,1.13,15.37197543,75.12726853,629.213,0.086607731,166.729511,11.973,19.646,1.226,-0.003352114,0.003799026,0.000697952,-0.5689464,0.2209568,-9.765779,-0.1921489,1.949838,1.870376,1.329707,0,-2.9,-1.24,121.03
00:53.5,17,1.13,15.37197542,75.12726852,629.212,0.076996964,178.972674,11.972,19.644,1.284,-0.002107346,0.001614333,0.00312825,-0.51420755,0.254079,-9.764868,-0.21249408,1.6361889,1.57320406,1.17334124,0,-2.902,-1.24,121.03
00:53.5,17,1.13,15.37197541,75.12726851,629.211,0.067386197,191.215837,11.971,19.642,1.342,-0.000862578,-0.00057036,0.005558547,-0.4594687,0.2872012,-9.763957,-0.23283926,1.3225398,1.27603212,1.01697548,0,-2.904,-1.24,121.03
00:53.5,17,1.13,15.3719754,75.1272685,629.21,0.05777543,203.459,11.97,19.64,1.4,0.002663318,-0.006056805,0.005686259,-0.5285769,0.26074135,-9.775306,-0.25318444,1.0088907,0.97886018,0.86060972,0,-2.906,-1.24,121.03
00:53.5,17,1.13,15.3719754,75.12726847,629.209,0.059132311,210.67617,11.968,19.637,1.403,0.006189215,-0.01154325,0.005813971,-0.5976851,0.2342815,-9.786655,-0.27352962,0.6952416,0.68168824,0.70424396,0,-2.908,-1.24,121.03
00:53.6,17,1.13,15.3719754,75.12726844,629.208,0.060489192,217.89334,11.966,19.634,1.406,0.004540301,-0.01134943,0.003852265,-0.5361785,0.23807005,-9.7873855,-0.2938748,0.3815925,0.3845163,0.5478782,0,-2.91,-1.24,121.03
00:53.6,17,1.13,15.3719754,75.12726841,629.207,0.061846073,225.11051,11.964,19.631,1.409,0.002891387,-0.01115561,0.001890558,-0.4746719,0.2418586,-9.788116,-0.3119594,0.36862336,0.3802604,0.53944682,0,-2.91,-1.244,121.03
00:53.6,17,1.13,15.3719754,75.12726838,629.206,0.063202954,232.32768,11.962,19.628,1.412,0.006301547,-0.014719885,0.001234605,-0.46432065,0.2477143,-9.7868865,-0.330044,0.35565422,0.3760045,0.53101544,0,-2.91,-1.248,121.03
00:53.6,17,1.13,15.3719754,75.12726835,629.205,0.064559835,239.54485,11.96,19.625,1.415,0.009711708,-0.01828416,0.000578651,-0.4539694,0.25357,-9.785657,-0.3481286,0.34268508,0.3717486,0.52258406,0,-2.91,-1.252,121.03
00:53.6,17,1.13,15.3719754,75.12726832,629.204,0.065916716,246.76202,11.958,19.622,1.418,0.003118294,-0.008671784,-0.000719892,-0.4806487,0.2501685,-9.7677065,-0.3662132,0.32971594,0.3674927,0.51415268,0,-2.91,-1.256,121.03
00:53.7,17,1.13,15.3719754,75.12726829,629.203,0.067273597,253.97919,11.956,19.619,1.421,-0.00347512,0.000940591,-0.002018435,-0.507328,0.246767,-9.749756,-0.3842978,0.3167468,0.3632368,0.5057213,0,-2.91,-1.26,121.03
00:53.7,17,1.13,15.3719754,75.12726826,629.202,0.068630478,261.19636,11.954,19.616,1.424,-0.003589431,-0.000719583,-0.000475992,-0.5206031,0.25662145,-9.7567195,-0.3854281,0.33709544,0.36852368,0.51219962,0,-2.91,-1.262,121.03
00:53.7,17,1.13,15.3719754,75.12726823,629.201,0.069987359,268.41353,11.952,19.613,1.427,-0.003703742,-0.002379758,0.001066451,-0.5338782,0.2664759,-9.763683,-0.3865584,0.35744408,0.37381056,0.51867794,0,-2.91,-1.264,121.03
00:53.7,17,1.13,15.3719754,75.1272682,629.2,0.07134424,275.6307,11.95,19.61,1.43,0.00193289,-0.007305479,-0.000113126,-0.4897409,0.2321475,-9.765917,-0.3876887,0.37779272,0.37909744,0.52515626,0,-2.91,-1.266,121.03
00:53.7,17,1.13,15.3719754,75.12726817,629.193,0.075998366,258.09377,11.948,19.609,1.382,0.007569523,-0.0122312,-0.001292703,-0.4456036,0.1978191,-9.768151,-0.388819,0.39814136,0.38438432,0.53163458,0,-2.91,-1.268,121.03
00:53.8,17,1.13,15.3719754,75.12726814,629.186,0.080652492,240.55684,11.946,19.608,1.334,0.009481202,-0.0135468,-0.000417034,-0.4810239,0.18668145,-9.7486745,-0.3899493,0.41849,0.3896712,0.5381129,0,-2.91,-1.27,121.03
00:53.8,17,1.13,15.3719754,75.12726811,629.179,0.085306618,223.01991,11.944,19.607,1.286,0.01139288,-0.0148624,0.000458635,-0.5164442,0.1755438,-9.729198,-0.388819,0.48000334,0.37412542,0.63958612,0,-2.908,-1.274,121.028
00:53.8,17,1.13,15.3719754,75.12726808,629.172,0.089960744,205.48298,11.942,19.606,1.238,0.010233281,-0.015863775,0.000695943,-0.49441505,0.17941875,-9.759445,-0.3876887,0.54151668,0.35857964,0.74105934,0,-2.906,-1.278,121.026
00:53.8,17,1.13,15.3719754,75.12726805,629.165,0.09461487,187.94605,11.94,19.605,1.19,0.009073681,-0.01686515,0.000933251,-0.4723859,0.1832937,-9.789692,-0.3865584,0.60303002,0.34303386,0.84253256,0,-2.904,-1.282,121.024
00:53.8,17,1.13,15.3719754,75.12726802,629.158,0.099268996,170.40912,11.938,19.604,1.142,0.005766838,-0.012027664,-0.000316732,-0.5689241,0.2026096,-9.758291,-0.3854281,0.66454336,0.32748808,0.94400578,0,-2.902,-1.286,121.022
00:53.9,17,1.13,15.3719754,75.12726799,629.151,0.103923122,152.87219,11.936,19.603,1.094,0.002459995,-0.007190178,-0.001566714,-0.6654623,0.2219255,-9.72689,-0.3842978,0.7260567,0.3119423,1.045479,0,-2.9,-1.29,121.02
00:53.9,17,1.13,15.3719754,75.12726796,629.144,0.108577248,135.33526,11.934,19.602,1.046,0.006041044,-0.006427427,-0.000130587,-0.53614605,0.2349416,-9.719832,-0.3662132,0.76055178,0.3184024,1.1067416,0,-2.894,-1.294,121.02
00:53.9,17,1.13,15.3719754,75.12726793,629.137,0.113231374,117.79833,11.932,19.601,0.998,0.009622092,-0.005664676,0.00130554,-0.4068298,0.2479577,-9.712774,-0.3481286,0.79504686,0.3248625,1.1680042,0,-2.888,-1.298,121.02
00:53.9,17,1.13,15.3719754,75.1272679,629.13,0.1178855,100.2614,11.93,19.6,0.95,0.008890643,-0.008383433,0.001159416,-0.4868924,0.2394246,-9.7436475,-0.330044,0.82954194,0.3313226,1.2292668,0,-2.882,-1.302,121.02
00:53.9,17,1.13,15.37197539,75.12726791,629.131,0.114324952,101.29901,11.929,19.601,0.927,0.008159194,-0.01110219,0.001013291,-0.566955,0.2308915,-9.774521,-0.3119594,0.86403702,0.3377827,1.2905294,0,-2.876,-1.306,121.02
00:54.0,17,1.13,15.37197538,75.12726792,629.132,0.110764404,102.33662,11.928,19.602,0.904,0.007990163,-0.009728623,-0.000589663,-0.5156197,0.1660147,-9.781145,-0.2938748,0.8985321,0.3442428,1.351792,0,-2.87,-1.31,121.02
00:54.0,17,1.13,15.37197537,75.12726793,629.133,0.107203856,103.37423,11.927,19.603,0.881,0.007821131,-0.008355056,-0.002192616,-0.4642844,0.1011379,-9.787769,-0.29726568,0.84108386,0.3488577,1.28009164,0,-2.866,-1.314,121.02
00:54.0,17,1.13,15.37197536,75.12726794,629.134,0.103643308,104.41184,11.926,19.604,0.858,0.009635266,-0.011831408,0.00065292,-0.49394215,0.1464458,-9.7943985,-0.30065656,0.78363562,0.3534726,1.20839128,0,-2.862,-1.318,121.02
00:54.0,17,1.13,15.37197535,75.12726795,629.135,0.10008276,105.44945,11.925,19.605,0.835,0.0114494,-0.01530776,0.003498455,-0.5235999,0.1917537,-9.801028,-0.30404744,0.72618738,0.3580875,1.13669092,0,-2.858,-1.322,121.02
00:54.0,17,1.13,15.37197534,75.12726796,629.136,0.096522212,106.48706,11.924,19.606,0.812,0.005455732,-0.007533714,0.003123381,-0.5695641,0.25477695,-9.8218555,-0.30743832,0.66873914,0.3627024,1.06499056,0,-2.854,-1.326,121.02
00:54.1,17,1.13,15.37197533,75.12726797,629.137,0.092961664,107.52467,11.923,19.607,0.789,-0.000537936,0.000240331,0.002748307,-0.6155283,0.3178002,-9.842683,-0.3108292,0.6112909,0.3673173,0.9932902,0,-2.85,-1.33,121.02
00:54.1,17,1.13,15.37197532,75.12726798,629.138,0.089401116,108.56228,11.922,19.608,0.766,-0.002141847,0.002801862,0.002700055,-0.6220327,0.294284,-9.859242,-0.31308976,0.58391858,0.35328664,0.9601726,0,-2.85,-1.332,121.02
00:54.1,17,1.13,15.37197531,75.12726799,629.139,0.085840568,109.59989,11.921,19.609,0.743,-0.003745758,0.005363392,0.002651802,-0.6285371,0.2707678,-9.875801,-0.31535032,0.55654626,0.33925598,0.927055,0,-2.85,-1.334,121.02
00:54.1,17,1.13,15.3719753,75.127268,629.14,0.08228002,110.6375,11.92,19.61,0.72,0.002403412,-0.007619559,0.002444795,-0.5525439,0.2292274,-9.8154195,-0.31761088,0.52917394,0.32522532,0.8939374,0,-2.85,-1.336,121.02
00:54.1,17,1.13,15.37197529,75.127268,629.134,0.092992188,109.271242,11.919,19.611,0.784,0.008552581,-0.02060251,0.002237787,-0.4765507,0.187687,-9.755038,-0.31987144,0.50180162,0.31119466,0.8608198,0,-2.85,-1.338,121.02
00:54.2,17,1.13,15.37197528,75.127268,629.128,0.103704356,107.904984,11.918,19.612,0.848,0.008748631,-0.01602758,0.002032476,-0.54936195,0.1825624,-9.762257,-0.322132,0.4744293,0.297164,0.8277022,0,-2.85,-1.34,121.02
00:54.2,17,1.13,15.37197527,75.127268,629.122,0.114416524,106.538726,11.917,19.613,0.912,0.008944681,-0.01145265,0.001827164,-0.6221732,0.1774378,-9.769476,-0.30856856,0.74455364,0.798088,0.95932856,0,-2.85,-1.338,121.02
00:54.2,17,1.13,15.37197526,75.127268,629.116,0.125128692,105.172468,11.916,19.614,0.976,0.006437175,-0.008776908,0.001136547,-0.5588388,0.19208095,-9.7963845,-0.29500512,1.01467798,1.299012,1.09095492,0,-2.85,-1.336,121.02
00:54.2,17,1.13,15.37197525,75.127268,629.11,0.13584086,103.80621,11.915,19.615,1.04,0.003929669,-0.006101165,0.000445931,-0.4955044,0.2067241,-9.823293,-0.28144168,1.28480232,1.799936,1.22258128,0,-2.85,-1.334,121.02
00:54.2,17,1.13,15.37197524,75.127268,629.104,0.146553028,102.439952,11.914,19.616,1.104,0.005467839,-0.010961563,0.001578551,-0.47139755,0.1831998,-9.810805,-0.26787824,1.55492666,2.30086,1.35420764,0,-2.85,-1.332,121.02
00:54.3,17,1.13,15.37197523,75.127268,629.098,0.157265196,101.073694,11.913,19.617,1.168,0.007006009,-0.01582196,0.002711172,-0.4472907,0.1596755,-9.798317,-0.2543148,1.825051,2.801784,1.485834,0,-2.85,-1.33,121.02
00:54.3,17,1.13,15.37197522,75.127268,629.092,0.167977364,99.707436,11.912,19.618,1.232,0.000335748,-0.00995546,0.003213375,-0.54256975,0.2298881,-9.7736125,-0.2633571,1.8594574,2.802333,1.4640976,0,-2.852,-1.33,121.02
00:54.3,17,1.13,15.37197521,75.127268,629.086,0.178689532,98.341178,11.911,19.619,1.296,-0.006334513,-0.00408896,0.003715578,-0.6378488,0.3001007,-9.748908,-0.2723994,1.8938638,2.802882,1.4423612,0,-2.854,-1.33,121.02
00:54.3,17,1.13,15.3719752,75.127268,629.08,0.1894017,96.97492,11.91,19.62,1.36,0.00114897,-0.00770741,0.001913638,-0.5538878,0.2555527,-9.7604355,-0.2814417,1.9282702,2.803431,1.4206248,0,-2.856,-1.33,121.02
00:54.3,16.9,1.137,15.37197519,75.12726803,629.082,0.18318985,101.383328,11.91,19.62,1.291,0.008632452,-0.01132586,0.000111698,-0.4699268,0.2110047,-9.771963,-0.290484,1.9626766,2.80398,1.3988884,0,-2.858,-1.33,121.02
00:54.4,16.8,1.144,15.37197518,75.12726806,629.084,0.176978,105.791736,11.91,19.62,1.222,0.003491624,-0.010537607,0.001121212,-0.4768124,0.1993455,-9.7601325,-0.2995263,1.997083,2.804529,1.377152,0,-2.86,-1.33,121.02
00:54.4,16.7,1.151,15.37197517,75.12726809,629.086,0.17076615,110.200144,11.91,19.62,1.153,-0.001649205,-0.009749354,0.002130726,-0.483698,0.1876863,-9.748302,-0.30065658,1.73250886,2.32241032,1.28364684,0,-2.864,-1.33,121.018
00:54.4,16.6,1.158,15.37197516,75.12726812,629.088,0.1645543,114.608552,11.91,19.62,1.084,0.004009392,-0.013438917,-0.000172279,-0.47714465,0.18847975,-9.754365,-0.30178686,1.46793472,1.84029164,1.19014168,0,-2.868,-1.33,121.016
00:54.4,16.5,1.165,15.37197515,75.12726815,629.09,0.15834245,119.01696,11.91,19.62,1.015,0.009667989,-0.01712848,-0.002475284,-0.4705913,0.1892732,-9.760428,-0.30291714,1.20336058,1.35817296,1.09663652,0,-2.872,-1.33,121.014
00:54.4,16.4,1.172,15.37197514,75.12726818,629.092,0.1521306,123.425368,11.91,19.62,0.946,-1.75E-05,-0.005780918,-0.000834725,-0.540382,0.23347765,-9.747515,-0.30404742,0.93878644,0.87605428,1.00313136,0,-2.876,-1.33,121.012
00:54.5,16.3,1.179,15.37197513,75.12726821,629.094,0.14591875,127.833776,11.91,19.62,0.877,-0.009702894,0.005566644,0.000805833,-0.6101727,0.2776821,-9.734602,-0.3051777,0.6742123,0.3939356,0.9096262,0,-2.88,-1.33,121.01
00:54.5,16.2,1.186,15.37197512,75.12726824,629.096,0.1397069,132.242184,11.91,19.62,0.808,-0.001755093,-0.001323782,0.000925427,-0.53649185,0.2255543,-9.756929,-0.28483252,0.66826376,0.39076864,0.94612656,0,-2.884,-1.33,121.012
00:54.5,16.1,1.193,15.37197511,75.12726827,629.098,0.13349505,136.650592,11.91,19.62,0.739,0.006192708,-0.008214209,0.001045021,-0.462811,0.1734265,-9.779256,-0.26448734,0.66231522,0.38760168,0.98262692,0,-2.888,-1.33,121.014
00:54.5,16,1.2,15.3719751,75.1272683,629.1,0.1272832,141.059,11.91,19.62,0.67,0.005274741,-0.011073505,0.001516093,-0.46868385,0.1845203,-9.744663,-0.24414216,0.65636668,0.38443472,1.01912728,0,-2.892,-1.33,121.016
00:54.5,16,1.196,15.37197508,75.12726831,629.106,0.121275743,149.63397,11.909,19.621,0.769,0.004356774,-0.0139328,0.001987166,-0.4745567,0.1956141,-9.71007,-0.22379698,0.65041814,0.38126776,1.05562764,0,-2.896,-1.33,121.018
00:54.6,16,1.192,15.37197506,75.12726832,629.112,0.115268286,158.20894,11.908,19.622,0.868,0.00447027,-0.010311805,0.000798874,-0.51293925,0.18161615,-9.7505175,-0.2034518,0.6444696,0.3781008,1.092128,0,-2.9,-1.33,121.02
00:54.6,16,1.188,15.37197504,75.12726833,629.118,0.109260829,166.78391,11.907,19.623,0.967,0.004583766,-0.006690809,-0.000389417,-0.5513218,0.1676182,-9.790965,-0.24301188,0.61859112,0.38602466,1.0937592,0,-2.904,-1.326,121.018
00:54.6,16,1.184,15.37197502,75.12726834,629.124,0.103253372,175.35888,11.906,19.624,1.066,0.005661565,-0.006919231,-0.000556389,-0.5081367,0.1797217,-9.7442265,-0.28257196,0.59271264,0.39394852,1.0953904,0,-2.908,-1.322,121.016
00:54.6,16,1.18,15.371975,75.12726835,629.13,0.097245915,183.93385,11.905,19.625,1.165,0.006739363,-0.007147654,-0.000723362,-0.4649516,0.1918252,-9.697488,-0.32213204,0.56683416,0.40187238,1.0970216,0,-2.912,-1.318,121.014
00:54.6,16,1.176,15.37197498,75.12726836,629.136,0.091238458,192.50882,11.904,19.626,1.264,-0.001268733,0.001759698,-0.000225785,-0.5253059,0.21604275,-9.7188115,-0.36169212,0.54095568,0.40979624,1.0986528,0,-2.916,-1.314,121.012
00:54.7,16,1.172,15.37197496,75.12726837,629.142,0.085231001,201.08379,11.903,19.627,1.363,-0.00927683,0.01066705,0.000271792,-0.5856602,0.2402603,-9.740135,-0.4012522,0.5150772,0.4177201,1.100284,0,-2.92,-1.31,121.01
00:54.7,16,1.168,15.37197494,75.12726838,629.148,0.079223544,209.65876,11.902,19.628,1.462,0.00318898,-0.004575305,0.004067838,-0.5176232,0.18083985,-9.8281595,-0.39786132,0.52356922,0.41678422,1.07649218,0,-2.918,-1.31,121.01
00:54.7,16,1.164,15.37197492,75.12726839,629.154,0.073216087,218.23373,11.901,19.629,1.561,0.01565479,-0.01981766,0.007863884,-0.4495862,0.1214194,-9.916184,-0.39447044,0.53206124,0.41584834,1.05270036,0,-2.916,-1.31,121.01
00:54.7,16,1.16,15.3719749,75.1272684,629.16,0.06720863,226.8087,11.9,19.63,1.66,0.010773051,-0.011427533,0.003532653,-0.5508392,0.15861465,-9.8223435,-0.39107956,0.54055326,0.41491246,1.02890854,0,-2.914,-1.31,121.01
00:54.7,15.9,1.165,15.3719749,75.1272684,629.162,0.070322908,211.229067,11.9,19.63,1.604,0.005891313,-0.003037406,-0.000798578,-0.6520922,0.1958099,-9.728503,-0.38768868,0.54904528,0.41397658,1.00511672,0,-2.912,-1.31,121.01
00:54.8,15.8,1.17,15.3719749,75.1272684,629.164,0.073437186,195.649434,11.9,19.63,1.548,0.003168357,-0.005578511,0.001046303,-0.53644885,0.16338705,-9.7794485,-0.3842978,0.5575373,0.4130407,0.9813249,0,-2.91,-1.31,121.01
00:54.8,15.7,1.175,15.3719749,75.1272684,629.166,0.076551464,180.069801,11.9,19.63,1.492,0.0004454,-0.008119615,0.002891185,-0.4208055,0.1309642,-9.830394,-0.40125214,0.6012279,0.42712682,1.00796712,0,-2.912,-1.312,121.012
00:54.8,15.6,1.18,15.3719749,75.1272684,629.168,0.079665742,164.490168,11.9,19.63,1.436,0.002102432,-0.006787195,0.001490036,-0.5262814,0.2234949,-9.8078445,-0.41820648,0.6449185,0.44121294,1.03460934,0,-2.914,-1.314,121.014
00:54.8,15.5,1.185,15.3719749,75.1272684,629.17,0.08278002,148.910535,11.9,19.63,1.38,0.003759464,-0.005454775,8.89E-05,-0.6317573,0.3160256,-9.785295,-0.43516082,0.6886091,0.45529906,1.06125156,0,-2.916,-1.316,121.016
00:54.8,15.4,1.19,15.3719749,75.1272684,629.172,0.085894298,133.330902,11.9,19.63,1.324,-0.001603921,0.002089921,0.000967892,-0.63587445,0.2946797,-9.8094805,-0.45211516,0.7322997,0.46938518,1.08789378,0,-2.918,-1.318,121.018
00:54.9,15.3,1.195,15.3719749,75.1272684,629.174,0.089008576,117.751269,11.9,19.63,1.268,-0.006967307,0.009634616,0.001846897,-0.6399916,0.2733338,-9.833666,-0.4690695,0.7759903,0.4834713,1.114536,0,-2.92,-1.32,121.02
00:54.9,15.2,1.2,15.3719749,75.1272684,629.176,0.092122854,102.171636,11.9,19.63,1.212,0.003485171,-0.004407572,0.002023245,-0.5390726,0.25947895,-9.795107,-0.45663632,0.75665066,0.47285588,1.07909422,0,-2.918,-1.32,121.02
00:54.9,15.1,1.205,15.3719749,75.1272684,629.178,0.095237132,86.592003,11.9,19.63,1.156,0.01393765,-0.01844976,0.002199592,-0.4381536,0.2456241,-9.756548,-0.44420314,0.73731102,0.46224046,1.04365244,0,-2.916,-1.32,121.02
00:54.9,15,1.21,15.3719749,75.1272684,629.18,0.09835141,71.01237,11.9,19.63,1.1,0.0083151,-0.015379365,0.003035122,-0.46552385,0.22598695,-9.782447,-0.43176996,0.71797138,0.45162504,1.00821066,0,-2.914,-1.32,121.02
00:54.9,14.8,1.225,15.3719749,75.12726838,629.185,0.095940554,91.374683,11.899,19.631,1.137,0.002692551,-0.01230897,0.003870651,-0.4928941,0.2063498,-9.808346,-0.41933678,0.69863174,0.44100962,0.97276888,0,-2.912,-1.32,121.02
00:55.0,14.6,1.24,15.3719749,75.12726836,629.19,0.093529698,111.736996,11.898,19.632,1.174,0.00223441,-0.01150732,0.00241003,-0.49706155,0.19869025,-9.8379655,-0.4069036,0.6792921,0.4303942,0.9373271,0,-2.91,-1.32,121.02
00:55.0,14.4,1.255,15.3719749,75.12726834,629.195,0.091118842,132.099309,11.897,19.633,1.211,0.001776269,-0.01070567,0.000949409,-0.501229,0.1910307,-9.867585,-0.41481562,0.96143248,0.92649596,1.00655128,0,-2.912,-1.32,121.02
00:55.0,14.2,1.27,15.3719749,75.12726832,629.2,0.088707986,152.461622,11.896,19.634,1.248,0.003567351,-0.012642975,-0.000121689,-0.4810949,0.20671095,-9.7699735,-0.42272764,1.24357286,1.42259772,1.07577546,0,-2.914,-1.32,121.02
00:55.0,14,1.285,15.3719749,75.1272683,629.205,0.08629713,172.823935,11.895,19.635,1.285,0.005358433,-0.01458028,-0.001192788,-0.4609608,0.2223912,-9.672362,-0.43063966,1.52571324,1.91869948,1.14499964,0,-2.916,-1.32,121.02
00:55.0,13.8,1.3,15.3719749,75.12726828,629.21,0.083886274,193.186248,11.894,19.636,1.322,0.000195815,-0.006888998,0.000728027,-0.5460112,0.22970725,-9.740778,-0.43855168,1.80785362,2.41480124,1.21422382,0,-2.918,-1.32,121.02
00:55.1,13.6,1.315,15.3719749,75.12726826,629.215,0.081475418,213.548561,11.893,19.637,1.359,-0.004966802,0.000802284,0.002648842,-0.6310616,0.2370233,-9.809194,-0.4464637,2.089994,2.910903,1.283448,0,-2.92,-1.32,121.02
00:55.1,13.4,1.33,15.3719749,75.12726824,629.22,0.079064562,233.910874,11.892,19.638,1.396,0.003946814,-0.006752118,0.002393729,-0.5285369,0.24080325,-9.7756265,-0.45663628,1.7915277,2.42457758,1.17773918,0,-2.918,-1.322,121.02
00:55.1,13.2,1.345,15.3719749,75.12726822,629.225,0.076653706,254.273187,11.891,19.639,1.433,0.01286043,-0.01430652,0.002138616,-0.4260122,0.2445832,-9.742059,-0.46680886,1.4930614,1.93825216,1.07203036,0,-2.916,-1.324,121.02
00:55.1,13,1.36,15.3719749,75.1272682,629.23,0.07424285,274.6355,11.89,19.64,1.47,0.009545145,-0.012730355,0.001502479,-0.4588178,0.21381035,-9.7493875,-0.47698144,1.1945951,1.45192674,0.96632154,0,-2.914,-1.326,121.02
00:55.1,13,1.36,15.3719749,75.12726814,629.226,0.075666729,270.7311,11.888,19.64,1.481,0.006229859,-0.01115419,0.000866343,-0.4916234,0.1830375,-9.756716,-0.48715402,0.8961288,0.96560132,0.86061272,0,-2.912,-1.328,121.02
00:55.2,13,1.36,15.3719749,75.12726808,629.222,0.077090608,266.8267,11.886,19.64,1.492,0.005182914,-0.01025221,-0.000478556,-0.4925445,0.17742885,-9.782781,-0.4973266,0.5976625,0.4792759,0.7549039,0,-2.91,-1.33,121.02
00:55.2,13,1.36,15.3719749,75.12726802,629.218,0.078514487,262.9223,11.884,19.64,1.503,0.004135969,-0.009350229,-0.001823454,-0.4934656,0.1718202,-9.808846,-0.48037228,0.57281922,0.47758816,0.7271002,0,-2.91,-1.33,121.02
00:55.2,13,1.36,15.3719749,75.12726796,629.214,0.079938366,259.0179,11.882,19.64,1.514,0.005353383,-0.009263837,-0.00053041,-0.48073,0.1683265,-9.7668005,-0.46341796,0.54797594,0.47590042,0.6992965,0,-2.91,-1.33,121.02
00:55.2,13,1.36,15.3719749,75.1272679,629.21,0.081362245,255.1135,11.88,19.64,1.525,0.006570797,-0.009177445,0.000762634,-0.4679944,0.1648328,-9.724755,-0.44646364,0.52313266,0.47421268,0.6714928,0,-2.91,-1.33,121.02
00:55.2,13,1.36,15.3719749,75.12726784,629.206,0.082786124,251.2091,11.878,19.64,1.536,0.003228937,-0.005928621,0.001487598,-0.4856966,0.23628795,-9.7439495,-0.42950932,0.49828938,0.47252494,0.6436891,0,-2.91,-1.33,121.02
00:55.3,13,1.36,15.3719749,75.12726778,629.202,0.084210003,247.3047,11.876,19.64,1.547,-0.000112922,-0.002679796,0.002212562,-0.5033988,0.3077431,-9.763144,-0.412555,0.4734461,0.4708372,0.6158854,0,-2.91,-1.33,121.02
00:55.3,13,1.36,15.3719749,75.12726772,629.198,0.085633882,243.4003,11.874,19.64,1.558,0.004270399,-0.007044298,-0.000186239,-0.5057302,0.22815675,-9.7904005,-0.43742134,0.46546914,0.46225112,0.65245478,0,-2.91,-1.33,121.02
00:55.3,13,1.36,15.3719749,75.12726766,629.194,0.087057761,239.4959,11.872,19.64,1.569,0.00865372,-0.0114088,-0.002585039,-0.5080616,0.1485704,-9.817657,-0.46228768,0.45749218,0.45366504,0.68902416,0,-2.91,-1.33,121.02
00:55.3,13,1.36,15.3719749,75.1272676,629.19,0.08848164,235.5915,11.87,19.64,1.58,0.007217672,-0.009931585,-0.001118424,-0.5034507,0.16559145,-9.763507,-0.48715402,0.44951522,0.44507896,0.72559354,0,-2.91,-1.33,121.02
00:55.3,13,1.378,15.37197488,75.12726762,629.198,0.085464428,218.815715,11.87,19.64,1.593,0.005781624,-0.008454369,0.00034819,-0.4988398,0.1826125,-9.709357,-0.51202036,0.44153826,0.43649288,0.76216292,0,-2.91,-1.33,121.02
00:55.4,13,1.396,15.37197486,75.12726764,629.206,0.082447216,202.03993,11.87,19.64,1.606,0.003800224,-0.006647017,0.001904569,-0.48727085,0.1587719,-9.775549,-0.5368867,0.4335613,0.4279068,0.7987323,0,-2.91,-1.33,121.02
00:55.4,13,1.414,15.37197484,75.12726766,629.214,0.079430004,185.264145,11.87,19.64,1.619,0.001818824,-0.004839665,0.003460947,-0.4757019,0.1349313,-9.841741,-0.49732664,0.52135284,0.44327448,0.90189004,0,-2.912,-1.33,121.018
00:55.4,13,1.432,15.37197482,75.12726768,629.222,0.076412792,168.48836,11.87,19.64,1.632,0.005381086,-0.010136438,0.003412904,-0.46200825,0.16325,-9.810018,-0.45776658,0.60914438,0.45864216,1.00504778,0,-2.914,-1.33,121.016
00:55.4,13,1.45,15.3719748,75.1272677,629.23,0.07339558,151.712575,11.87,19.64,1.645,0.008943347,-0.01543321,0.00336486,-0.4483146,0.1915687,-9.778295,-0.41820652,0.69693592,0.47400984,1.10820552,0,-2.916,-1.33,121.014
00:55.4,13,1.468,15.37197478,75.12726772,629.238,0.070378368,134.93679,11.87,19.64,1.658,0.001850771,-0.00579883,0.001711037,-0.51049185,0.2123154,-9.82022,-0.37864646,0.78472746,0.48937752,1.21136326,0,-2.918,-1.33,121.012
00:55.5,13,1.486,15.37197476,75.12726774,629.246,0.067361156,118.161005,11.87,19.64,1.671,-0.005241806,0.00383555,5.72E-05,-0.5726691,0.2330621,-9.862145,-0.3390864,0.872519,0.5047452,1.314521,0,-2.92,-1.33,121.01
00:55.5,13,1.504,15.37197474,75.12726776,629.254,0.064343944,101.38522,11.87,19.64,1.684,-0.000276202,-0.005869835,0.000723739,-0.55041635,0.2214127,-9.8286975,-0.33569552,0.88004646,0.51458306,1.3038094,0,-2.922,-1.332,121.01
00:55.5,13,1.522,15.37197472,75.12726778,629.262,0.061326732,84.609435,11.87,19.64,1.697,0.004689401,-0.01557522,0.001390263,-0.5281636,0.2097633,-9.79525,-0.33230464,0.88757392,0.52442092,1.2930978,0,-2.924,-1.334,121.01
00:55.5,13,1.54,15.3719747,75.1272678,629.27,0.05830952,67.83365,11.87,19.64,1.71,0.004815084,-0.014291895,0.002379504,-0.53843195,0.2077937,-9.740241,-0.32891376,0.89510138,0.53425878,1.2823862,0,-2.926,-1.336,121.01
00:55.5,13,1.527,15.37197471,75.12726781,629.278,0.062690818,96.769645,11.868,19.641,1.71,0.004940767,-0.01300857,0.003368744,-0.5487003,0.2058241,-9.685232,-0.32552288,0.90262884,0.54409664,1.2716746,0,-2.928,-1.338,121.01
00:55.6,13,1.514,15.37197472,75.12726782,629.286,0.067072116,125.70564,11.866,19.642,1.71,0.004326722,-0.012024705,0.002182532,-0.5302017,0.19904645,-9.7426265,-0.322132,0.9101563,0.5539345,1.260963,0,-2.93,-1.34,121.01
00:55.6,13,1.501,15.37197473,75.12726783,629.294,0.071453414,154.641635,11.864,19.643,1.71,0.003712676,-0.01104084,0.000996319,-0.5117031,0.1922688,-9.800021,-0.33004402,0.8891517,0.52841544,1.23872,0,-2.932,-1.338,121.01
00:55.6,13,1.488,15.37197474,75.12726784,629.302,0.075834712,183.57763,11.862,19.644,1.71,0.003630262,-0.01108584,0.002257604,-0.4914436,0.223649,-9.773148,-0.33795604,0.8681471,0.50289638,1.216477,0,-2.934,-1.336,121.01
00:55.6,13,1.475,15.37197475,75.12726785,629.31,0.08021601,212.513625,11.86,19.645,1.71,0.003547848,-0.01113084,0.003518889,-0.4711841,0.2550292,-9.746275,-0.34586806,0.8471425,0.47737732,1.194234,0,-2.936,-1.334,121.01
00:55.6,13,1.462,15.37197476,75.12726786,629.318,0.084597308,241.44962,11.858,19.646,1.71,0.000666548,-0.006691075,0.002047502,-0.4991948,0.2782712,-9.757581,-0.35378008,0.8261379,0.45185826,1.171991,0,-2.938,-1.332,121.01
00:55.7,13,1.449,15.37197477,75.12726787,629.326,0.088978606,270.385615,11.856,19.647,1.71,-0.002214752,-0.002251309,0.000576115,-0.5272055,0.3015132,-9.768887,-0.3616921,0.8051333,0.4263392,1.149748,0,-2.94,-1.33,121.01
00:55.7,13,1.436,15.37197478,75.12726788,629.334,0.093359904,299.32161,11.854,19.648,1.71,0.003454123,-0.008480185,-0.000991742,-0.5347823,0.27000045,-9.784546,-0.36395268,0.75920416,0.41356926,1.08875402,0,-2.94,-1.33,121.008
00:55.7,13,1.423,15.37197479,75.12726789,629.342,0.097741202,328.257605,11.852,19.649,1.71,0.009122997,-0.01470906,-0.002559598,-0.5423591,0.2384877,-9.800205,-0.36621326,0.71327502,0.40079932,1.02776004,0,-2.94,-1.33,121.006
00:55.7,13,1.41,15.3719748,75.1272679,629.35,0.1021225,357.1936,11.85,19.65,1.71,0.006746439,-0.012095208,-0.001794052,-0.49374415,0.22802645,-9.7512485,-0.36847384,0.66734588,0.38802938,0.96676606,0,-2.94,-1.33,121.004
00:55.7,13,1.41,15.37197482,75.12726791,629.349,0.10192274,354.07349,11.847,19.649,1.718,0.004369881,-0.009481355,-0.001028506,-0.4451292,0.2175652,-9.702292,-0.37073442,0.62141674,0.37525944,0.90577208,0,-2.94,-1.33,121.002
00:55.8,13,1.41,15.37197484,75.12726792,629.348,0.10172298,350.95338,11.844,19.648,1.726,0.00539747,-0.009735142,-0.000779916,-0.4547243,0.2307741,-9.7492575,-0.372995,0.5754876,0.3624895,0.8447781,0,-2.94,-1.33,121
00:55.8,13,1.41,15.37197486,75.12726793,629.347,0.10152322,347.83327,11.841,19.647,1.734,0.00642506,-0.009988929,-0.000531326,-0.4643194,0.243983,-9.796223,-0.35717096,0.83382988,0.7147368,0.94268568,0,-2.942,-1.332,121
00:55.8,13,1.41,15.37197488,75.12726794,629.346,0.10132346,344.71316,11.838,19.646,1.742,0.006258414,-0.012629005,0.000482203,-0.4496588,0.20977555,-9.762496,-0.34134692,1.09217216,1.0669841,1.04059326,0,-2.944,-1.334,121
00:55.8,13,1.41,15.3719749,75.12726795,629.345,0.1011237,341.59305,11.835,19.645,1.75,0.006091767,-0.01526908,0.001495732,-0.4349982,0.1755681,-9.728769,-0.32552288,1.35051444,1.4192314,1.13850084,0,-2.946,-1.336,121
00:55.8,13,1.41,15.37197492,75.12726796,629.344,0.10092394,338.47294,11.832,19.644,1.758,0.004536943,-0.012118186,0.001310983,-0.48643455,0.17157945,-9.7465815,-0.30969884,1.60885672,1.7714787,1.23640842,0,-2.948,-1.338,121
00:55.9,13,1.41,15.37197494,75.12726797,629.343,0.10072418,335.35283,11.829,19.643,1.766,0.002982119,-0.008967292,0.001126233,-0.5378709,0.1675908,-9.764394,-0.2938748,1.867199,2.123726,1.334316,0,-2.95,-1.34,121
00:55.9,13,1.41,15.37197496,75.12726798,629.342,0.10052442,332.23272,11.826,19.642,1.774,0.006432487,-0.009933191,4.27E-05,-0.5140472,0.1866311,-9.7759335,-0.31761084,1.61987662,1.76551392,1.21919752,0,-2.948,-1.34,120.998
00:55.9,13,1.41,15.37197498,75.12726799,629.341,0.10032466,329.11261,11.823,19.641,1.782,0.009882855,-0.01089909,-0.00104084,-0.4902235,0.2056714,-9.787473,-0.34134688,1.37255424,1.40730184,1.10407904,0,-2.946,-1.34,120.996
00:55.9,13,1.41,15.371975,75.127268,629.34,0.1001249,325.9925,11.82,19.64,1.79,0.008065433,-0.010581355,-0.001649341,-0.44908995,0.1868246,-9.7815435,-0.36508292,1.12523186,1.04908976,0.98896056,0,-2.944,-1.34,120.994
00:55.9,13,1.41,15.371975,75.12726808,629.333,0.13222001,302.284387,11.818,19.64,1.767,0.00624801,-0.01026362,-0.002257842,-0.4079564,0.1679778,-9.775614,-0.38881896,0.87790948,0.69087768,0.87384208,0,-2.942,-1.34,120.992
00:56.0,13,1.41,15.371975,75.12726816,629.326,0.16431512,278.576274,11.816,19.64,1.744,0.008004269,-0.01128619,0.000153781,-0.44957475,0.1639749,-9.781278,-0.412555,0.6305871,0.3326656,0.7587236,0,-2.94,-1.34,120.99
00:56.0,13,1.41,15.371975,75.12726824,629.319,0.19641023,254.868161,11.814,19.64,1.721,0.009760528,-0.01230876,0.002565403,-0.4911931,0.159972,-9.786942,-0.39786128,0.60157608,0.33093376,0.74794752,0,-2.938,-1.342,120.99
00:56.0,13,1.41,15.371975,75.12726832,629.312,0.22850534,231.160048,11.812,19.64,1.698,0.006331193,-0.00777003,0.003008974,-0.5091965,0.2207124,-9.7560345,-0.38316756,0.57256506,0.32920192,0.73717144,0,-2.936,-1.344,120.99
00:56.0,13,1.41,15.371975,75.1272684,629.305,0.26060045,207.451935,11.81,19.64,1.675,0.002901859,-0.0032313,0.003452545,-0.5271999,0.2814528,-9.725127,-0.36847384,0.54355404,0.32747008,0.72639536,0,-2.934,-1.346,120.99
00:56.0,13,1.41,15.371975,75.12726848,629.298,0.29269556,183.743822,11.808,19.64,1.652,7.14E-05,-0.001408493,0.001527228,-0.5028777,0.28067945,-9.752687,-0.35378012,0.51454302,0.32573824,0.71561928,0,-2.932,-1.348,120.99
00:56.1,13,1.41,15.371975,75.12726856,629.291,0.32479067,160.035709,11.806,19.64,1.629,-0.002758998,0.000414314,-0.000398088,-0.4785555,0.2799061,-9.780247,-0.3390864,0.485532,0.3240064,0.7048432,0,-2.93,-1.35,120.99
00:56.1,13,1.41,15.371975,75.12726864,629.284,0.35688578,136.327596,11.804,19.64,1.606,0.000764004,-0.006500853,-0.00055732,-0.48884945,0.2275037,-9.778014,-0.34473782,0.50546348,0.33826572,0.72597538,0,-2.93,-1.352,120.99
00:56.1,13,1.41,15.371975,75.12726872,629.277,0.38898089,112.619483,11.802,19.64,1.583,0.004287006,-0.01341602,-0.000716553,-0.4991434,0.1751013,-9.775781,-0.35038924,0.52539496,0.35252504,0.74710756,0,-2.93,-1.354,120.99
00:56.1,13,1.41,15.371975,75.1272688,629.27,0.421076,88.91137,11.8,19.64,1.56,0.004984639,-0.01435894,-0.000364584,-0.54756905,0.1671452,-9.7534925,-0.35604066,0.54532644,0.36678436,0.76823974,0,-2.93,-1.356,120.99
00:56.1,13.09090909,1.399090909,15.37197501,75.12726882,629.2563636,0.402748791,90.6262,11.79727273,19.63909091,1.504545455,0.005682272,-0.01530186,-1.26E-05,-0.5959947,0.1591891,-9.731204,-0.36169208,0.56525792,0.38104368,0.78937192,0,-2.93,-1.358,120.99
00:56.2,13.18181818,1.388181818,15.37197502,75.12726884,629.2427273,0.384421582,92.34103,11.79454545,19.63818182,1.449090909,0.005734234,-0.012051675,0.000941104,-0.5749769,0.14959795,-9.7605685,-0.3673435,0.5851894,0.395303,0.8105041,0,-2.93,-1.36,120.99
00:56.2,13.27272727,1.377272727,15.37197503,75.12726885,629.2290909,0.366094373,94.05586,11.79181818,19.63727273,1.393636364,0.005786196,-0.00880149,0.001894825,-0.5539591,0.1400068,-9.789933,-0.39334012,0.58830238,0.40261002,0.80412994,0,-2.93,-1.36,120.988
00:56.2,13.36363636,1.366363636,15.37197504,75.12726887,629.2154545,0.347767164,95.77069,11.78909091,19.63636364,1.338181818,0.005864255,-0.009092948,0.001535024,-0.51061915,0.14130295,-9.7829645,-0.41933674,0.59141536,0.40991704,0.79775578,0,-2.93,-1.36,120.986
00:56.2,13.45454545,1.355454545,15.37197505,75.12726889,629.2018182,0.329439955,97.48552,11.78636364,19.63545455,1.282727273,0.005942314,-0.009384405,0.001175223,-0.4672792,0.1425991,-9.775996,-0.44533336,0.59452834,0.41722406,0.79138162,0,-2.93,-1.36,120.984
00:56.2,13.54545455,1.344545455,15.37197505,75.12726891,629.1881818,0.311112745,99.20035,11.78363636,19.63454545,1.227272727,0.004261471,-0.003873076,0.001024357,-0.50486695,0.2211072,-9.772079,-0.47132998,0.59764132,0.42453108,0.78500746,0,-2.93,-1.36,120.982
00:56.3,13.63636364,1.333636364,15.37197506,75.12726893,629.1745455,0.292785536,100.91518,11.78090909,19.63363636,1.171818182,0.002580627,0.001638253,0.000873491,-0.5424547,0.2996153,-9.768162,-0.4973266,0.6007543,0.4318381,0.7786333,0,-2.93,-1.36,120.98
00:56.3,13.72727273,1.322727273,15.37197507,75.12726895,629.1609091,0.274458327,102.63001,11.77818182,19.63272727,1.116363636,0.005273268,-0.005664399,0.001041799,-0.52341165,0.2468429,-9.7723465,-0.49167518,0.61255078,0.42916,0.8127241,0,-2.928,-1.362,120.98
00:56.3,13.81818182,1.311818182,15.37197508,75.12726896,629.1472727,0.256131118,104.34484,11.77545455,19.63181818,1.060909091,0.007965908,-0.01296705,0.001210106,-0.5043686,0.1940705,-9.776531,-0.48602376,0.62434726,0.4264819,0.8468149,0,-2.926,-1.364,120.98
00:56.3,13.90909091,1.300909091,15.37197509,75.12726898,629.1336364,0.237803909,106.05967,11.77272727,19.63090909,1.005454545,0.006584772,-0.011788085,0.000752721,-0.54016875,0.21384065,-9.7691625,-0.48037234,0.63614374,0.4238038,0.8809057,0,-2.924,-1.366,120.98
00:56.3,14,1.29,15.3719751,75.127269,629.12,0.2194767,107.7745,11.77,19.63,0.95,0.005203636,-0.01060912,0.000295337,-0.5759689,0.2336108,-9.761794,-0.47472092,0.64794022,0.4211257,0.9149965,0,-2.922,-1.368,120.98
00:56.4,13.88888889,1.303333333,15.37197508,75.12726902,629.0955556,0.238168567,107.8894222,11.76777778,19.63,1.065555556,0.006871438,-0.010811995,-0.00025348,-0.5416485,0.22617405,-9.7790675,-0.4690695,0.6597367,0.4184476,0.9490873,0,-2.92,-1.37,120.98
00:56.4,13.77777778,1.316666667,15.37197506,75.12726904,629.0711111,0.256860433,108.0043444,11.76555556,19.63,1.181111111,0.008539239,-0.01101487,-0.000802297,-0.5073281,0.2187373,-9.796341,-0.44759402,0.64860476,0.41679206,0.9395008,0,-2.922,-1.37,120.978
00:56.4,13.66666667,1.33,15.37197503,75.12726907,629.0466667,0.2755523,108.1192667,11.76333333,19.63,1.296666667,0.005946451,-0.01136922,-0.0001124,-0.5129496,0.2128845,-9.7821175,-0.42611854,0.63747282,0.41513652,0.9299143,0,-2.924,-1.37,120.976
00:56.4,13.55555556,1.343333333,15.37197501,75.12726909,629.0222222,0.294244167,108.2341889,11.76111111,19.63,1.412222222,0.003353663,-0.01172357,0.000577497,-0.5185711,0.2070317,-9.767894,-0.40464306,0.62634088,0.41348098,0.9203278,0,-2.926,-1.37,120.974
00:56.4,13.44444444,1.356666667,15.37197499,75.12726911,628.9977778,0.312936033,108.3491111,11.75888889,19.63,1.527777778,-0.001669069,-0.006773478,0.00129352,-0.559259,0.26223735,-9.774823,-0.38316758,0.61520894,0.41182544,0.9107413,0,-2.928,-1.37,120.972
00:56.5,13.33333333,1.37,15.37197497,75.12726913,628.9733333,0.3316279,108.4640333,11.75666667,19.63,1.643333333,-0.0066918,-0.001823385,0.002009542,-0.5999469,0.317443,-9.781752,-0.3616921,0.604077,0.4101699,0.9011548,0,-2.93,-1.37,120.97
00:56.5,13.22222222,1.383333333,15.37197494,75.12726916,628.9488889,0.350319767,108.5789556,11.75444444,19.63,1.758888889,0.00298016,-0.009200068,0.001083003,-0.51275115,0.2647858,-9.7676265,-0.37299498,0.8605552,0.74432872,0.99878604,0,-2.928,-1.372,120.97
00:56.5,13.11111111,1.396666667,15.37197492,75.12726918,628.9244444,0.369011633,108.6938778,11.75222222,19.63,1.874444444,0.01265212,-0.01657675,0.000156465,-0.4255554,0.2121286,-9.753501,-0.38429786,1.1170334,1.07848754,1.09641728,0,-2.926,-1.374,120.97
00:56.5,13,1.41,15.3719749,75.1272692,628.9,0.3877035,108.8088,11.75,19.63,1.99,0.009597192,-0.01457524,-0.000369121,-0.46096665,0.22254015,-9.742473,-0.39560074,1.3735116,1.41264636,1.19404852,0,-2.924,-1.376,120.97
00:56.5,13.1,1.398,15.3719749,75.12726922,628.885,0.36873946,106.783264,11.747,19.629,1.89,0.006542264,-0.01257373,-0.000894707,-0.4963779,0.2329517,-9.731445,-0.40690362,1.6299898,1.74680518,1.29167976,0,-2.922,-1.378,120.97
00:56.6,13.2,1.386,15.3719749,75.12726924,628.87,0.34977542,104.757728,11.744,19.628,1.79,0.005775802,-0.012481325,0.000556482,-0.4560266,0.2247042,-9.768998,-0.4182065,1.886468,2.080964,1.389311,0,-2.92,-1.38,120.97
00:56.6,13.3,1.374,15.3719749,75.12726926,628.855,0.33081138,102.732192,11.741,19.627,1.69,0.005009339,-0.01238892,0.00200767,-0.4156753,0.2164567,-9.806551,-0.37864642,1.8028334,2.2037174,1.3987152,0,-2.922,-1.378,120.968
00:56.6,13.4,1.362,15.3719749,75.12726928,628.84,0.31184734,100.706656,11.738,19.626,1.59,0.001858636,-0.010553523,0.000780332,-0.4857345,0.2767728,-9.775753,-0.33908634,1.7191988,2.3264708,1.4081194,0,-2.924,-1.376,120.966
00:56.6,13.5,1.35,15.3719749,75.1272693,628.825,0.2928833,98.68112,11.735,19.625,1.49,-0.001292067,-0.008718126,-0.000447006,-0.5557937,0.3370889,-9.744955,-0.29952626,1.6355642,2.4492242,1.4175236,0,-2.926,-1.374,120.964
00:56.6,13.6,1.338,15.3719749,75.12726932,628.81,0.27391926,96.655584,11.732,19.624,1.39,-0.003276321,-0.002869339,-0.000340885,-0.5389025,0.34972055,-9.749474,-0.25996618,1.5519296,2.5719776,1.4269278,0,-2.928,-1.372,120.962
00:56.7,13.7,1.326,15.3719749,75.12726934,628.795,0.25495522,94.630048,11.729,19.623,1.29,-0.005260575,0.002979448,-0.000234764,-0.5220113,0.3623522,-9.753993,-0.2204061,1.468295,2.694731,1.436332,0,-2.93,-1.37,120.96
00:56.7,13.8,1.314,15.3719749,75.12726936,628.78,0.23599118,92.604512,11.726,19.622,1.19,0.002319064,-0.007986196,-0.000205008,-0.49296695,0.26408545,-9.737119,-0.2486633,1.26490308,2.23295162,1.279674,0,-2.93,-1.374,120.958
00:56.7,13.9,1.302,15.3719749,75.12726938,628.765,0.21702714,90.578976,11.723,19.621,1.09,0.009898704,-0.01895184,-0.000175252,-0.4639226,0.1658187,-9.720245,-0.2769205,1.06151116,1.77117224,1.123016,0,-2.93,-1.378,120.956
00:56.7,14,1.29,15.3719749,75.1272694,628.75,0.1980631,88.55344,11.72,19.62,0.99,0.007126624,-0.014192878,-0.000600442,-0.5092615,0.168112,-9.734959,-0.3051777,0.85811924,1.30939286,0.966358,0,-2.93,-1.382,120.954
00:56.7,14,1.29,15.37197491,75.12726942,628.739,0.19054866,92.636876,11.719,19.62,1.019,0.004354543,-0.009433915,-0.001025633,-0.5546004,0.1704053,-9.749673,-0.3334349,0.65472732,0.84761348,0.8097,0,-2.93,-1.386,120.952
00:56.8,14,1.29,15.37197492,75.12726944,628.728,0.18303422,96.720312,11.718,19.62,1.048,0.004635662,-0.009370952,-0.000826064,-0.4831554,0.13424292,-9.7668955,-0.3616921,0.4513354,0.3858341,0.653042,0,-2.93,-1.39,120.95
00:56.8,14,1.29,15.37197493,75.12726946,628.717,0.17551978,100.803748,11.717,19.62,1.077,0.00491678,-0.009307989,-0.000626495,-0.4117104,0.09808054,-9.784118,-0.35491038,0.44218814,0.37260206,0.63415424,0,-2.928,-1.388,120.948
00:56.8,14,1.29,15.37197494,75.12726948,628.706,0.16800534,104.887184,11.716,19.62,1.106,0.003095955,-0.006989902,1.26E-05,-0.47138175,0.16759607,-9.754327,-0.34812866,0.43304088,0.35937002,0.61526648,0,-2.926,-1.386,120.946
00:56.8,14,1.29,15.37197495,75.1272695,628.695,0.1604909,108.97062,11.715,19.62,1.135,0.001275129,-0.004671815,0.000651724,-0.5310531,0.2371116,-9.724536,-0.34134694,0.42389362,0.34613798,0.59637872,0,-2.924,-1.384,120.944
00:56.8,14,1.29,15.37197496,75.12726952,628.684,0.15297646,113.054056,11.714,19.62,1.164,0.001213978,-0.001351384,0.002414016,-0.5392904,0.20511625,-9.7684535,-0.33456522,0.41474636,0.33290594,0.57749096,0,-2.922,-1.382,120.942
00:56.9,14,1.29,15.37197497,75.12726954,628.673,0.14546202,117.137492,11.713,19.62,1.193,0.001152826,0.001969048,0.004176309,-0.5475277,0.1731209,-9.812371,-0.3277835,0.4055991,0.3196739,0.5586032,0,-2.92,-1.38,120.94
00:56.9,14,1.29,15.37197498,75.12726956,628.662,0.13794758,121.220928,11.712,19.62,1.222,0.004926757,-0.006311416,0.001945,-0.5431865,0.209231,-9.7857525,-0.3176109,0.38833228,0.3179652,0.5427572,0,-2.918,-1.382,120.94
00:56.9,14,1.29,15.37197499,75.12726958,628.651,0.13043314,125.304364,11.711,19.62,1.251,0.008700688,-0.01459188,-0.00028631,-0.5388453,0.2453411,-9.759134,-0.3074383,0.37106546,0.3162565,0.5269112,0,-2.916,-1.384,120.94
00:56.9,14,1.29,15.371975,75.1272696,628.64,0.1229187,129.3878,11.71,19.62,1.28,0.007604509,-0.011838482,0.000225786,-0.57326935,0.2274372,-9.7720815,-0.2972657,0.35379864,0.3145478,0.5110652,0,-2.914,-1.386,120.94
00:56.9,13.9,1.302,15.37197499,75.12726961,628.623,0.13843654,126.54769,11.708,19.62,1.341,0.00650833,-0.009085083,0.000737882,-0.6076934,0.2095333,-9.785029,-0.2870931,0.33653182,0.3128391,0.4952192,0,-2.912,-1.388,120.94
00:57.0,13.8,1.314,15.37197498,75.12726962,628.606,0.15395438,123.70758,11.706,19.62,1.402,0.003792705,-0.00800232,0.002573009,-0.5472695,0.20875115,-9.806357,-0.2769205,0.319265,0.3111304,0.4793732,0,-2.91,-1.39,120.94
00:57.0,13.7,1.326,15.37197497,75.12726963,628.589,0.16947222,120.86747,11.704,19.62,1.463,0.001077081,-0.006919556,0.004408136,-0.4868456,0.207969,-9.827685,-0.31761086,0.35083788,0.3094577,0.51727086,0,-2.908,-1.392,120.94
00:57.0,13.6,1.338,15.37197496,75.12726964,628.572,0.18499006,118.02736,11.702,19.62,1.524,0.006160755,-0.012568083,0.002493064,-0.4878808,0.2204379,-9.784519,-0.35830122,0.38241076,0.307785,0.55516852,0,-2.906,-1.394,120.94
00:57.0,13.5,1.35,15.37197495,75.12726965,628.555,0.2005079,115.18725,11.7,19.62,1.585,0.01124443,-0.01821661,0.000577993,-0.488916,0.2329068,-9.741353,-0.39899158,0.41398364,0.3061123,0.59306618,0,-2.904,-1.396,120.94
00:57.0,13.4,1.362,15.37197494,75.12726966,628.538,0.21602574,112.34714,11.698,19.62,1.646,0.00576849,-0.009754373,2.39E-05,-0.5835474,0.22446185,-9.7678935,-0.43968194,0.44555652,0.3044396,0.63096384,0,-2.902,-1.398,120.94
00:57.1,13.3,1.374,15.37197493,75.12726967,628.521,0.23154358,109.50703,11.696,19.62,1.707,0.00029255,-0.001292136,-0.000530181,-0.6781788,0.2160169,-9.794434,-0.4803723,0.4771294,0.3027669,0.6688615,0,-2.9,-1.4,120.94
00:57.1,13.2,1.386,15.37197492,75.12726968,628.504,0.24706142,106.66692,11.694,19.62,1.768,0.002219737,-0.006336533,0.000289814,-0.56097125,0.1982728,-9.784616,-0.43629108,0.47405996,0.29898358,0.6633454,0,-2.902,-1.402,120.94
00:57.1,13.1,1.398,15.37197491,75.12726969,628.487,0.26257926,103.82681,11.692,19.62,1.829,0.004146925,-0.01138093,0.001109809,-0.4437637,0.1805287,-9.774798,-0.39220986,0.47099052,0.29520026,0.6578293,0,-2.904,-1.404,120.94
00:57.1,13,1.41,15.3719749,75.1272697,628.47,0.2780971,100.9867,11.69,19.62,1.89,0.005066909,-0.01152467,0.002069146,-0.4921475,0.2150684,-9.768913,-0.34812864,0.46792108,0.29141694,0.6523132,0,-2.906,-1.406,120.94
00:57.1,13.1,1.398,15.37197491,75.12726968,628.456,0.256472049,93.171395,11.688,19.62,1.868,0.005986892,-0.01166841,0.003028483,-0.5405313,0.2496081,-9.763028,-0.30404742,0.46485164,0.28763362,0.6467971,0,-2.908,-1.408,120.94
00:57.2,13.2,1.386,15.37197492,75.12726966,628.442,0.234846998,85.35609,11.686,19.62,1.846,0.008977911,-0.01343724,0.003047839,-0.5065168,0.23167765,-9.809513,-0.2599662,0.4617822,0.2838503,0.641281,0,-2.91,-1.41,120.94
00:57.2,13.3,1.374,15.37197493,75.12726964,628.428,0.213221947,77.540785,11.684,19.62,1.824,0.01196893,-0.01520607,0.003067194,-0.4725023,0.2137472,-9.855998,-0.23962102,0.45641252,0.281095,0.6497259,0,-2.908,-1.414,120.942
00:57.2,13.4,1.362,15.37197494,75.12726962,628.414,0.191596896,69.72548,11.682,19.62,1.802,0.007228894,-0.009327193,0.001917196,-0.5056559,0.2856979,-9.811235,-0.21927584,0.45104284,0.2783397,0.6581708,0,-2.906,-1.418,120.944
00:57.2,13.5,1.35,15.37197495,75.1272696,628.4,0.169971845,61.910175,11.68,19.62,1.78,0.002488858,-0.003448315,0.000767197,-0.5388095,0.3576486,-9.766472,-0.19893066,0.44567316,0.2755844,0.6666157,0,-2.904,-1.422,120.946
00:57.2,13.6,1.338,15.37197496,75.12726958,628.386,0.148346794,54.09487,11.678,19.62,1.758,0.001266633,-0.003518545,0.0007501,-0.55845645,0.32823565,-9.7652435,-0.17858548,0.44030348,0.2728291,0.6750606,0,-2.902,-1.426,120.948
00:57.3,13.7,1.326,15.37197497,75.12726956,628.372,0.126721743,46.279565,11.676,19.62,1.736,4.44E-05,-0.003588775,0.000733002,-0.5781034,0.2988227,-9.764015,-0.1582403,0.4349338,0.2700738,0.6835055,0,-2.9,-1.43,120.95
00:57.3,13.8,1.314,15.37197498,75.12726954,628.358,0.105096692,38.46426,11.674,19.62,1.714,0.007341379,-0.011131823,0.00086707,-0.4873331,0.25152605,-9.756682,-0.16050088,0.43127636,0.27381002,0.68005852,0,-2.896,-1.432,120.95
00:57.3,13.9,1.302,15.37197499,75.12726952,628.344,0.083471641,30.648955,11.672,19.62,1.692,0.01463835,-0.01867487,0.001001138,-0.3965628,0.2042294,-9.749349,-0.16276146,0.42761892,0.27754624,0.67661154,0,-2.892,-1.434,120.95
00:57.3,14,1.29,15.371975,75.1272695,628.33,0.06184659,22.83365,11.67,19.62,1.67,0.009812937,-0.014255443,0.002158414,-0.42358265,0.2179968,-9.753221,-0.16502204,0.42396148,0.28128246,0.67316456,0,-2.888,-1.436,120.95
00:57.3,13.9,1.302,15.371975,75.1272695,628.332,0.059463247,44.014035,11.669,19.622,1.692,0.004987523,-0.009836016,0.00331569,-0.4506025,0.2317642,-9.757093,-0.16728262,0.42030404,0.28501868,0.66971758,0,-2.884,-1.438,120.95
00:57.4,13.8,1.314,15.371975,75.1272695,628.334,0.057079904,65.19442,11.668,19.624,1.714,0.005153298,-0.010707383,0.001725149,-0.4454598,0.17680595,-9.7858695,-0.1695432,0.4166466,0.2887549,0.6662706,0,-2.88,-1.44,120.95
00:57.4,13.7,1.326,15.371975,75.1272695,628.336,0.054696561,86.374805,11.667,19.626,1.736,0.005319072,-0.01157875,0.000134608,-0.4403171,0.1218477,-9.814646,-0.22040614,0.68123808,0.77924552,0.80463488,0,-2.88,-1.442,120.95
00:57.4,13.6,1.338,15.371975,75.1272695,628.338,0.052313218,107.55519,11.666,19.628,1.758,0.006242868,-0.01248972,0.000452477,-0.4714125,0.1369166,-9.752772,-0.27126908,0.94582956,1.26973614,0.94299916,0,-2.88,-1.444,120.95
00:57.4,13.5,1.35,15.371975,75.1272695,628.34,0.049929875,128.735575,11.665,19.63,1.78,0.007166663,-0.01340069,0.000770345,-0.5025079,0.1519855,-9.690898,-0.32213202,1.21042104,1.76022676,1.08136344,0,-2.88,-1.446,120.95
00:57.4,13.4,1.362,15.371975,75.1272695,628.342,0.047546532,149.91596,11.664,19.632,1.802,0.001241094,-0.005138202,0.001582912,-0.54153875,0.19204645,-9.7405815,-0.37299496,1.47501252,2.25071738,1.21972772,0,-2.88,-1.448,120.95
00:57.5,13.3,1.374,15.371975,75.1272695,628.344,0.045163189,171.096345,11.663,19.634,1.824,-0.004684476,0.003124287,0.00239548,-0.5805696,0.2321074,-9.790265,-0.4238579,1.739604,2.741208,1.358092,0,-2.88,-1.45,120.95
00:57.5,13.2,1.386,15.371975,75.1272695,628.346,0.042779846,192.27673,11.662,19.636,1.846,0.002825577,-0.005916201,0.001911597,-0.533246,0.1953028,-9.7909345,-0.39899158,1.45816906,2.25931462,1.17998606,0,-2.88,-1.45,120.95
00:57.5,13.1,1.398,15.371975,75.1272695,628.348,0.040396503,213.457115,11.661,19.638,1.868,0.01033563,-0.01495669,0.001427713,-0.4859224,0.1584982,-9.791604,-0.37412526,1.17673412,1.77742124,1.00188012,0,-2.88,-1.45,120.95
00:57.5,13,1.41,15.371975,75.1272695,628.35,0.03801316,234.6375,11.66,19.64,1.89,0.007299169,-0.01263046,0.001974102,-0.52883695,0.1579416,-9.774668,-0.34925894,0.89529918,1.29552786,0.82377418,0,-2.88,-1.45,120.95
00:57.5,13,1.41,15.371975,75.12726948,628.343,0.036544225,217.077374,11.658,19.64,1.871,0.004262708,-0.01030423,0.00252049,-0.5717515,0.157385,-9.757732,-0.32439262,0.61386424,0.81363448,0.64566824,0,-2.88,-1.45,120.95
00:57.6,13,1.41,15.371975,75.12726946,628.336,0.03507529,199.517248,11.656,19.64,1.852,0.005743814,-0.01066617,0.002332855,-0.5319352,0.1666403,-9.7922205,-0.2995263,0.3324293,0.3317411,0.4675623,0,-2.88,-1.45,120.95
00:57.6,13,1.41,15.371975,75.12726944,628.329,0.033606355,181.957122,11.654,19.64,1.833,0.00722492,-0.01102811,0.002145221,-0.4921189,0.1758956,-9.826709,-0.29613542,0.33459176,0.3217347,0.4601835,0,-2.88,-1.452,120.95
00:57.6,13,1.41,15.371975,75.12726942,628.322,0.03213742,164.396996,11.652,19.64,1.814,0.004408875,-0.007315432,0.002824894,-0.50810485,0.2313335,-9.7937265,-0.29274454,0.33675422,0.3117283,0.4528047,0,-2.88,-1.454,120.95
00:57.6,13,1.41,15.371975,75.1272694,628.315,0.030668485,146.83687,11.65,19.64,1.795,0.001592829,-0.003602753,0.003504566,-0.5240908,0.2867714,-9.760744,-0.28935366,0.33891668,0.3017219,0.4454259,0,-2.88,-1.456,120.95
00:57.6,13,1.41,15.371975,75.12726938,628.308,0.02919955,129.276744,11.648,19.64,1.776,0.001677078,-0.006299913,0.003162986,-0.5405869,0.22959225,-9.7873345,-0.28596278,0.34107914,0.2917155,0.4380471,0,-2.88,-1.458,120.95
00:57.7,13,1.41,15.371975,75.12726936,628.301,0.027730615,111.716618,11.646,19.64,1.757,0.001761327,-0.008997073,0.002821405,-0.557083,0.1724131,-9.813925,-0.2825719,0.3432416,0.2817091,0.4306683,0,-2.88,-1.46,120.95
00:57.7,13,1.41,15.371975,75.12726934,628.294,0.02626168,94.156492,11.644,19.64,1.738,0.005706954,-0.013283627,0.001324018,-0.5385885,0.20070075,-9.7891775,-0.255445,0.34483736,0.31501614,0.44823176,0,-2.878,-1.464,120.948
00:57.7,13,1.41,15.371975,75.12726932,628.287,0.024792745,76.596366,11.642,19.64,1.719,0.009652581,-0.01757018,-0.00017337,-0.520094,0.2289884,-9.76443,-0.2283181,0.34643312,0.34832318,0.46579522,0,-2.876,-1.468,120.946
00:57.7,13,1.41,15.371975,75.1272693,628.28,0.02332381,59.03624,11.64,19.64,1.7,0.008365797,-0.01634532,0.000913705,-0.5429169,0.21467695,-9.768875,-0.2011912,0.34802888,0.38163022,0.48335868,0,-2.874,-1.472,120.944
00:57.7,13,1.41,15.37197501,75.12726935,628.291,0.029292032,85.514656,11.638,19.64,1.706,0.007079013,-0.01512046,0.002000779,-0.5657398,0.2003655,-9.77332,-0.1740643,0.34962464,0.41493726,0.50092214,0,-2.872,-1.476,120.942
00:57.8,13,1.41,15.37197502,75.1272694,628.302,0.035260254,111.993072,11.636,19.64,1.712,0.005728363,-0.013977085,0.001882998,-0.54095585,0.1805761,-9.77923,-0.1469374,0.3512204,0.4482443,0.5184856,0,-2.87,-1.48,120.94
00:57.8,13,1.41,15.37197503,75.12726945,628.313,0.041228476,138.471488,11.634,19.64,1.718,0.004377712,-0.01283371,0.001765216,-0.5161719,0.1607867,-9.78514,-0.16276144,0.36330144,0.4470836,0.5250378,0,-2.87,-1.48,120.94
00:57.8,13,1.41,15.37197504,75.1272695,628.324,0.047196698,164.949904,11.632,19.64,1.724,0.005508574,-0.01261883,0.001273403,-0.48994395,0.1681595,-9.758256,-0.17858548,0.37538248,0.4459229,0.53159,0,-2.87,-1.48,120.94
00:57.8,13,1.41,15.37197505,75.12726955,628.335,0.05316492,191.42832,11.63,19.64,1.73,0.006639436,-0.01240395,0.00078159,-0.463716,0.1755323,-9.731372,-0.19440952,0.38746352,0.4447622,0.5381422,0,-2.87,-1.48,120.94
00:57.8,13,1.41,15.37197506,75.1272696,628.346,0.059133142,217.906736,11.628,19.64,1.736,0.006948272,-0.011740435,0.002632333,-0.45490065,0.15941335,-9.754041,-0.21023356,0.39954456,0.4436015,0.5446944,0,-2.87,-1.48,120.94
00:57.9,13,1.41,15.37197507,75.12726965,628.357,0.065101364,244.385152,11.626,19.64,1.742,0.007257107,-0.01107692,0.004483076,-0.4460853,0.1432944,-9.77671,-0.2260576,0.4116256,0.4424408,0.5512466,0,-2.87,-1.48,120.94
00:57.9,13,1.41,15.37197508,75.1272697,628.368,0.071069586,270.863568,11.624,19.64,1.748,0.005346157,-0.010503277,0.003569653,-0.4731772,0.17672385,-9.7760875,-0.26109652,0.40918626,0.43102196,0.53014454,0,-2.87,-1.478,120.942
00:57.9,13,1.41,15.37197509,75.12726975,628.379,0.077037808,297.341984,11.622,19.64,1.754,0.003435206,-0.009929633,0.002656229,-0.5002691,0.2101533,-9.775465,-0.29613544,0.40674692,0.41960312,0.50904248,0,-2.87,-1.476,120.944
00:57.9,13,1.41,15.3719751,75.1272698,628.39,0.08300603,323.8204,11.62,19.64,1.76,0.005283931,-0.009819132,0.002060798,-0.49186965,0.2413175,-9.746524,-0.33117436,0.40430758,0.40818428,0.48794042,0,-2.87,-1.474,120.946
00:57.9,13,1.41,15.37197511,75.12726984,628.385,0.092551997,299.307366,11.617,19.639,1.679,0.007132655,-0.009708631,0.001465366,-0.4834702,0.2724817,-9.717583,-0.36621328,0.40186824,0.39676544,0.46683836,0,-2.87,-1.472,120.948
00:58.0,13,1.41,15.37197512,75.12726988,628.38,0.102097964,274.794332,11.614,19.638,1.598,0.006329718,-0.006451332,0.000381481,-0.5113059,0.27627815,-9.7477705,-0.4012522,0.3994289,0.3853466,0.4457363,0,-2.87,-1.47,120.95
00:58.0,13,1.41,15.37197513,75.12726992,628.375,0.111643931,250.281298,11.611,19.637,1.517,0.005526781,-0.003194033,-0.000702404,-0.5391416,0.2800746,-9.777958,-0.37977672,0.41412648,0.37745884,0.5044755,0,-2.87,-1.47,120.95
00:58.0,13,1.41,15.37197514,75.12726996,628.37,0.121189898,225.768264,11.608,19.636,1.436,0.004542722,-0.007387086,0.000839449,-0.53785385,0.2534602,-9.778332,-0.35830124,0.42882406,0.36957108,0.5632147,0,-2.87,-1.47,120.95
00:58.0,13,1.41,15.37197515,75.12727,628.365,0.130735865,201.25523,11.605,19.635,1.355,0.003558663,-0.01158014,0.002381301,-0.5365661,0.2268458,-9.778706,-0.33682576,0.44352164,0.36168332,0.6219539,0,-2.87,-1.47,120.95
00:58.0,13,1.41,15.37197516,75.12727004,628.36,0.140281832,176.742196,11.602,19.634,1.274,0.004409139,-0.010302732,0.000665837,-0.5321479,0.20687875,-9.783218,-0.31535028,0.45821922,0.35379556,0.6806931,0,-2.87,-1.47,120.95
00:58.1,13,1.41,15.37197517,75.12727008,628.355,0.149827799,152.229162,11.599,19.633,1.193,0.005259615,-0.009025324,-0.001049628,-0.5277297,0.1869117,-9.78773,-0.2938748,0.4729168,0.3459078,0.7394323,0,-2.87,-1.47,120.95
00:58.1,13,1.41,15.37197518,75.12727012,628.35,0.159373766,127.716128,11.596,19.632,1.112,0.00491852,-0.010394622,-0.000624086,-0.53611635,0.14535945,-9.77898,-0.30065654,0.47815668,0.34443956,0.75647774,0,-2.872,-1.47,120.95
00:58.1,13,1.41,15.37197519,75.12727016,628.345,0.168919733,103.203094,11.593,19.631,1.031,0.004577425,-0.01176392,-0.000198544,-0.544503,0.1038072,-9.77023,-0.30743828,0.48339656,0.34297132,0.77352318,0,-2.874,-1.47,120.95
00:58.1,13,1.41,15.3719752,75.1272702,628.34,0.1784657,78.69006,11.59,19.63,0.95,0.000331367,-0.005205159,0.001268912,-0.52152355,0.1756771,-9.7587735,-0.31422002,0.48863644,0.34150308,0.79056862,0,-2.876,-1.47,120.95
00:58.1,13,1.41,15.3719752,75.12727021,628.3336364,0.172056782,81.13468182,11.58909091,19.63090909,1,-0.003914691,0.001353603,0.002736368,-0.4985441,0.247547,-9.747317,-0.32100176,0.49387632,0.34003484,0.80761406,0,-2.878,-1.47,120.95
00:58.2,13,1.41,15.3719752,75.12727022,628.3272727,0.165647864,83.57930364,11.58818182,19.63181818,1.05,-0.004457112,0.001323652,0.002298519,-0.5206431,0.2413365,-9.763596,-0.3277835,0.4991162,0.3385666,0.8246595,0,-2.88,-1.47,120.95
00:58.2,13,1.41,15.3719752,75.12727023,628.3209091,0.159238945,86.02392545,11.58727273,19.63272727,1.1,-0.004999533,0.0012937,0.001860669,-0.5427421,0.235126,-9.779875,-0.32891378,0.75058156,0.70358888,0.9639168,0,-2.884,-1.47,120.95
00:58.2,13,1.41,15.3719752,75.12727024,628.3145455,0.152830027,88.46854727,11.58636364,19.63363636,1.15,-0.001024965,-0.0055112,0.000882455,-0.51747465,0.2232912,-9.767835,-0.33004406,1.00204692,1.06861116,1.1031741,0,-2.888,-1.47,120.95
00:58.2,13,1.41,15.3719752,75.12727025,628.3081818,0.146421109,90.91316909,11.58545455,19.63454545,1.2,0.002949602,-0.0123161,-9.58E-05,-0.4922072,0.2114564,-9.755795,-0.33117434,1.25351228,1.43363344,1.2424314,0,-2.892,-1.47,120.95
00:58.2,13,1.41,15.3719752,75.12727025,628.3018182,0.140012191,93.35779091,11.58454545,19.63545455,1.25,0.00350713,-0.010715361,-1.60E-05,-0.5482126,0.2161995,-9.731273,-0.33230462,1.50497764,1.79865572,1.3816887,0,-2.896,-1.47,120.95
00:58.3,13,1.41,15.3719752,75.12727026,628.2954545,0.133603273,95.80241273,11.58363636,19.63636364,1.3,0.004064657,-0.009114622,6.37E-05,-0.604218,0.2209426,-9.706751,-0.3334349,1.756443,2.163678,1.520946,0,-2.9,-1.47,120.95
00:58.3,13,1.41,15.3719752,75.12727027,628.2890909,0.127194355,98.24703455,11.58272727,19.63727273,1.35,0.002870995,-0.007451039,7.94E-05,-0.5612239,0.18443725,-9.768984,-0.30969886,1.5164795,1.8201507,1.36304006,0,-2.904,-1.466,120.95
00:58.3,13,1.41,15.3719752,75.12727028,628.2827273,0.120785436,100.6916564,11.58181818,19.63818182,1.4,0.001677333,-0.005787457,9.51E-05,-0.5182298,0.1479319,-9.831217,-0.28596282,1.276516,1.4766234,1.20513412,0,-2.908,-1.462,120.95
00:58.3,13,1.41,15.3719752,75.12727029,628.2763636,0.114376518,103.1362782,11.58090909,19.63909091,1.45,0.001118673,-0.00762742,0.000348403,-0.4986996,0.17726605,-9.7857225,-0.26222678,1.0365525,1.1330961,1.04722818,0,-2.912,-1.458,120.95
00:58.3,13,1.41,15.3719752,75.1272703,628.27,0.1079676,105.5809,11.58,19.64,1.5,0.000560012,-0.009467382,0.000601713,-0.4791694,0.2066002,-9.740228,-0.23849074,0.796589,0.7895688,0.88932224,0,-2.916,-1.454,120.95
00:58.4,13,1.41,15.37197519,75.12727031,628.2566667,0.120956133,108.8096444,11.57888889,19.64111111,1.468888889,-0.001269744,-0.002860658,0.001380758,-0.5088028,0.2105861,-9.7371935,-0.2147547,0.5566255,0.4460415,0.7314163,0,-2.92,-1.45,120.95
00:58.4,13,1.41,15.37197518,75.12727032,628.2433333,0.133944667,112.0383889,11.57777778,19.64222222,1.437777778,-0.0030995,0.003746066,0.002159804,-0.5384362,0.214572,-9.734159,-0.25770564,0.56758306,0.43385282,0.73704966,0,-2.92,-1.45,120.95
00:58.4,13,1.41,15.37197517,75.12727033,628.23,0.1469332,115.2671333,11.57666667,19.64333333,1.406666667,0.000843675,-0.002738828,0.002345463,-0.51277365,0.1850245,-9.78968,-0.30065658,0.57854062,0.42166414,0.74268302,0,-2.92,-1.45,120.95
00:58.4,13,1.41,15.37197516,75.12727034,628.2166667,0.159921733,118.4958778,11.57555556,19.64444444,1.375555556,0.004786849,-0.009223722,0.002531121,-0.4871111,0.155477,-9.845201,-0.34360752,0.58949818,0.40947546,0.74831638,0,-2.92,-1.45,120.95
00:58.4,13,1.41,15.37197514,75.12727036,628.2033333,0.172910267,121.7246222,11.57444444,19.64555556,1.344444444,0.006565144,-0.009476368,0.003007975,-0.48918005,0.2084528,-9.7815975,-0.38655846,0.60045574,0.39728678,0.75394974,0,-2.92,-1.45,120.95
00:58.5,13,1.41,15.37197513,75.12727037,628.19,0.1858988,124.9533667,11.57333333,19.64666667,1.313333333,0.008343438,-0.009729014,0.003484829,-0.491249,0.2614286,-9.717994,-0.4295094,0.6114133,0.3850981,0.7595831,0,-2.92,-1.45,120.95
00:58.5,13,1.41,15.37197512,75.12727038,628.1766667,0.198887333,128.1821111,11.57222222,19.64777778,1.282222222,0.007129197,-0.00899879,0.003665128,-0.503505,0.2550466,-9.748048,-0.38994932,0.64315786,0.3749688,0.80952128,0,-2.922,-1.45,120.952
00:58.5,13,1.41,15.37197511,75.12727039,628.1633333,0.211875867,131.4108556,11.57111111,19.64888889,1.251111111,0.005914955,-0.008268565,0.003845427,-0.515761,0.2486646,-9.778102,-0.35038924,0.67490242,0.3648395,0.85945946,0,-2.924,-1.45,120.954
00:58.5,13,1.41,15.3719751,75.1272704,628.15,0.2248644,134.6396,11.57,19.65,1.22,0.006323621,-0.009165238,0.003102019,-0.512589,0.2638649,-9.78085,-0.31082916,0.70664698,0.3547102,0.90939764,0,-2.926,-1.45,120.956
00:58.5,13,1.41,15.37197509,75.1272704,628.133,0.21673414,127.572681,11.568,19.652,1.262,0.006732286,-0.01006191,0.002358611,-0.509417,0.2790652,-9.783598,-0.27126908,0.73839154,0.3445809,0.95933582,0,-2.928,-1.45,120.958
00:58.6,13,1.41,15.37197508,75.1272704,628.116,0.20860388,120.505762,11.566,19.654,1.304,0.001920629,-0.002943336,0.001701149,-0.5202021,0.3056412,-9.7685105,-0.231709,0.7701361,0.3344516,1.009274,0,-2.93,-1.45,120.96
00:58.6,13,1.41,15.37197507,75.1272704,628.099,0.20047362,113.438843,11.564,19.656,1.346,-0.002891028,0.004175238,0.001043687,-0.5309872,0.3322172,-9.753423,-0.23396958,0.73811778,0.33971146,0.97543618,0,-2.928,-1.452,120.96
00:58.6,13,1.41,15.37197506,75.1272704,628.082,0.19234336,106.371924,11.562,19.658,1.388,0.001110676,-0.003497676,0.001531353,-0.50236755,0.28034945,-9.785301,-0.23623016,0.70609946,0.34497132,0.94159836,0,-2.926,-1.454,120.96
00:58.6,13,1.41,15.37197505,75.1272704,628.065,0.1842131,99.305005,11.56,19.66,1.43,0.005112381,-0.01117059,0.00201902,-0.4737479,0.2284817,-9.817179,-0.23849074,0.67408114,0.35023118,0.90776054,0,-2.924,-1.456,120.96
00:58.6,13,1.41,15.37197504,75.1272704,628.048,0.17608284,92.238086,11.558,19.662,1.472,0.007235362,-0.012892565,0.001670159,-0.4689979,0.2266205,-9.777223,-0.24075132,0.64206282,0.35549104,0.87392272,0,-2.922,-1.458,120.96
00:58.7,13,1.41,15.37197503,75.1272704,628.031,0.16795258,85.171167,11.556,19.664,1.514,0.009358342,-0.01461454,0.001321298,-0.4642479,0.2247593,-9.737267,-0.2430119,0.6100445,0.3607509,0.8400849,0,-2.92,-1.46,120.96
00:58.7,13,1.41,15.37197502,75.1272704,628.014,0.15982232,78.104248,11.554,19.666,1.556,0.005372662,-0.012290714,0.002706597,-0.46766995,0.1900528,-9.775111,-0.2520542,0.57396984,0.37407286,0.7915034,0,-2.924,-1.458,120.96
00:58.7,13,1.41,15.37197501,75.1272704,627.997,0.15169206,71.037329,11.552,19.668,1.598,0.001386982,-0.009966888,0.004091897,-0.471092,0.1553463,-9.812955,-0.2610965,0.53789518,0.38739482,0.7429219,0,-2.928,-1.456,120.96
00:58.7,13,1.41,15.371975,75.1272704,627.98,0.1435618,63.97041,11.55,19.67,1.64,0.004089769,-0.012065579,0.002639888,-0.4671716,0.19643995,-9.7872875,-0.2701388,0.50182052,0.40071678,0.6943404,0,-2.932,-1.454,120.96
00:58.7,13,1.41,15.37197501,75.12727041,627.961,0.16385371,67.103291,11.55,19.671,1.669,0.006792556,-0.01416427,0.001187879,-0.4632512,0.2375336,-9.76162,-0.2791811,0.46574586,0.41403874,0.6457589,0,-2.936,-1.452,120.96
00:58.8,13,1.41,15.37197502,75.12727042,627.942,0.18414562,70.236172,11.55,19.672,1.698,0.001608596,-0.008529193,0.000405713,-0.4983431,0.29455975,-9.779666,-0.2882234,0.4296712,0.4273607,0.5971774,0,-2.94,-1.45,120.96
00:58.8,13,1.41,15.37197503,75.12727043,627.923,0.20443753,73.369053,11.55,19.673,1.727,-0.003575364,-0.002894115,-0.000376453,-0.533435,0.3515859,-9.797712,-0.3153503,0.44856866,0.43427884,0.61550524,0,-2.938,-1.452,120.958
00:58.8,13,1.41,15.37197504,75.12727044,627.904,0.22472944,76.501934,11.55,19.674,1.756,0.003413038,-0.008419428,-4.97E-05,-0.5180525,0.265463,-9.7853155,-0.3424772,0.46746612,0.44119698,0.63383308,0,-2.936,-1.454,120.956
00:58.8,13,1.41,15.37197505,75.12727045,627.885,0.24502135,79.634815,11.55,19.675,1.785,0.01040144,-0.01394474,0.000277111,-0.50267,0.1793401,-9.772919,-0.3696041,0.48636358,0.44811512,0.65216092,0,-2.934,-1.456,120.954
00:58.8,13,1.41,15.37197506,75.12727046,627.866,0.26531326,82.767696,11.55,19.676,1.814,0.010087328,-0.01514981,0.000506972,-0.4787928,0.16532565,-9.7511955,-0.396731,0.50526104,0.45503326,0.67048876,0,-2.932,-1.458,120.952
00:58.9,13,1.41,15.37197507,75.12727047,627.847,0.28560517,85.900577,11.55,19.677,1.843,0.009773215,-0.01635488,0.000736834,-0.4549156,0.1513112,-9.729472,-0.4238579,0.5241585,0.4619514,0.6888166,0,-2.93,-1.46,120.95
00:58.9,13,1.41,15.37197508,75.12727048,627.828,0.30589708,89.033458,11.55,19.678,1.872,0.007710405,-0.014185035,0.001634756,-0.4748088,0.1397649,-9.755356,-0.40803388,0.51929484,0.44997714,0.67642716,0,-2.928,-1.462,120.95
00:58.9,13,1.41,15.37197509,75.12727049,627.809,0.32618899,92.166339,11.55,19.679,1.901,0.005647594,-0.01201519,0.002532677,-0.494702,0.1282186,-9.78124,-0.39220986,0.51443118,0.43800288,0.66403772,0,-2.926,-1.464,120.95
00:58.9,13,1.41,15.3719751,75.1272705,627.79,0.3464809,95.29922,11.55,19.68,1.93,0.008348642,-0.012985345,0.001859149,-0.4963671,0.14470605,-9.772233,-0.37638584,0.50956752,0.42602862,0.65164828,0,-2.924,-1.466,120.95
00:58.9,13,1.41,15.37197511,75.12727051,627.775,0.32780278,92.562508,11.548,19.68,1.818,0.01104969,-0.0139555,0.001185621,-0.4980322,0.1611935,-9.763226,-0.36056182,0.50470386,0.41405436,0.63925884,0,-2.922,-1.468,120.95
00:59.0,13,1.41,15.37197512,75.12727052,627.76,0.30912466,89.825796,11.546,19.68,1.706,0.008188363,-0.0124002,0.001743551,-0.48558055,0.17425535,-9.7547105,-0.3447378,0.4998402,0.4020801,0.6268694,0,-2.92,-1.47,120.95
00:59.0,13,1.41,15.37197513,75.12727053,627.745,0.29044654,87.089084,11.544,19.68,1.594,0.005327036,-0.0108449,0.00230148,-0.4731289,0.1873172,-9.746195,-0.3537801,0.76570756,0.90746908,0.73963812,0,-2.92,-1.47,120.95
00:59.0,13,1.41,15.37197514,75.12727054,627.73,0.27176842,84.352372,11.542,19.68,1.482,0.006087891,-0.01027048,0.001947722,-0.5000066,0.18520995,-9.774692,-0.3628224,1.03157492,1.41285806,0.85240684,0,-2.92,-1.47,120.95
00:59.0,13,1.41,15.37197515,75.12727055,627.715,0.2530903,81.61566,11.54,19.68,1.37,0.006848747,-0.00969606,0.001593964,-0.5268843,0.1831027,-9.803189,-0.3718647,1.29744228,1.91824704,0.96517556,0,-2.92,-1.47,120.95
00:59.0,13,1.41,15.37197516,75.12727056,627.7,0.23441218,78.878948,11.538,19.68,1.258,0.006497547,-0.010610035,0.001340549,-0.563836,0.1917906,-9.7942735,-0.380907,1.56330964,2.42363602,1.07794428,0,-2.92,-1.47,120.95
00:59.1,13,1.41,15.37197517,75.12727057,627.685,0.21573406,76.142236,11.536,19.68,1.146,0.006146346,-0.01152401,0.001087133,-0.6007877,0.2004785,-9.785358,-0.3899493,1.829177,2.929025,1.190713,0,-2.92,-1.47,120.95
00:59.1,13,1.41,15.37197518,75.12727058,627.67,0.19705594,73.405524,11.534,19.68,1.034,0.004266566,-0.009992777,0.000796559,-0.5867391,0.1953343,-9.7732805,-0.37525556,1.5955336,2.40697846,1.12911572,0,-2.92,-1.472,120.95
00:59.1,13,1.41,15.37197519,75.12727059,627.655,0.17837782,70.668812,11.532,19.68,0.922,0.002386786,-0.008461544,0.000505985,-0.5726905,0.1901901,-9.761203,-0.36056182,1.3618902,1.88493192,1.06751844,0,-2.92,-1.474,120.95
00:59.1,13,1.41,15.3719752,75.1272706,627.64,0.1596997,67.9321,11.53,19.68,0.81,0.00409797,-0.009282887,0.001252987,-0.5348483,0.20222365,-9.7681495,-0.34586808,1.1282468,1.36288538,1.00592116,0,-2.92,-1.476,120.95
00:59.1,13,1.41,15.37197521,75.12727058,627.636,0.150693925,90.24264,11.529,19.681,0.93,0.005809154,-0.01010423,0.001999988,-0.4970061,0.2142572,-9.775096,-0.33117434,0.8946034,0.84083884,0.94432388,0,-2.92,-1.478,120.95
00:59.2,13,1.41,15.37197522,75.12727056,627.632,0.14168815,112.55318,11.528,19.682,1.05,0.001672763,-0.003105062,0.000880761,-0.51283365,0.22888585,-9.7857435,-0.3164806,0.66096,0.3187923,0.8827266,0,-2.92,-1.48,120.95
00:59.2,13,1.41,15.37197523,75.12727054,627.628,0.132682375,134.86372,11.527,19.683,1.17,-0.002463628,0.003894107,-0.000238466,-0.5286612,0.2435145,-9.796391,-0.32891376,0.6211707,0.32300834,0.83700734,0,-2.92,-1.482,120.948
00:59.2,13,1.41,15.37197524,75.12727052,627.624,0.1236766,157.17426,11.526,19.684,1.29,0.002271991,-0.005249862,-0.000454409,-0.5228541,0.22659135,-9.8012575,-0.34134692,0.5813814,0.32722438,0.79128808,0,-2.92,-1.484,120.946
00:59.2,13,1.41,15.37197525,75.1272705,627.62,0.114670825,179.4848,11.525,19.685,1.41,0.007007609,-0.01439383,-0.000670352,-0.517047,0.2096682,-9.806124,-0.35378008,0.5415921,0.33144042,0.74556882,0,-2.92,-1.486,120.944
00:59.2,13,1.41,15.37197526,75.12727048,627.616,0.10566505,201.79534,11.524,19.686,1.53,0.005083078,-0.01279347,0.000281836,-0.51898715,0.2078433,-9.783764,-0.36621324,0.5018028,0.33565646,0.69984956,0,-2.92,-1.488,120.942
00:59.3,13,1.41,15.37197527,75.12727046,627.612,0.096659275,224.10588,11.523,19.687,1.65,0.003158547,-0.01119311,0.001234024,-0.5209273,0.2060184,-9.761404,-0.3786464,0.4620135,0.3398725,0.6541303,0,-2.92,-1.49,120.94
00:59.3,13,1.41,15.37197528,75.12727044,627.608,0.0876535,246.41642,11.522,19.688,1.77,0.00382552,-0.01069352,0.001901833,-0.4998345,0.24948885,-9.7739305,-0.34925892,0.46645644,0.3520072,0.71548314,0,-2.922,-1.49,120.942
00:59.3,13,1.41,15.37197529,75.12727042,627.604,0.078647725,268.72696,11.521,19.689,1.89,0.004492492,-0.01019393,0.002569641,-0.4787417,0.2929593,-9.786457,-0.31987144,0.47089938,0.3641419,0.77683598,0,-2.924,-1.49,120.944
00:59.3,13,1.41,15.3719753,75.1272704,627.6,0.06964195,291.0375,11.52,19.69,2.01,0.005917529,-0.011325845,0.002400669,-0.4710468,0.2836877,-9.7891505,-0.29048396,0.47534232,0.3762766,0.83818882,0,-2.926,-1.49,120.946
00:59.3,13,1.41,15.37197531,75.12727042,627.596,0.068846224,263.630365,11.518,19.69,1.991,0.007342565,-0.01245776,0.002231697,-0.4633519,0.2744161,-9.791844,-0.26109648,0.47978526,0.3884113,0.89954166,0,-2.928,-1.49,120.948
00:59.4,13,1.41,15.37197532,75.12727044,627.592,0.068050498,236.22323,11.516,19.69,1.972,0.003834595,-0.00671279,0.000812198,-0.5065879,0.2879264,-9.789649,-0.231709,0.4842282,0.400546,0.9608945,0,-2.93,-1.49,120.95
00:59.4,13,1.41,15.37197533,75.12727046,627.588,0.067254772,208.816095,11.514,19.69,1.953,0.000326625,-0.00096782,-0.000607301,-0.5498239,0.3014367,-9.787454,-0.24866332,0.530573,0.39277464,1.015995,0,-2.926,-1.492,120.948
00:59.4,13,1.41,15.37197534,75.12727048,627.584,0.066459046,181.40896,11.512,19.69,1.934,0.006435138,-0.00902845,-0.000224606,-0.5034772,0.25884385,-9.753938,-0.26561764,0.5769178,0.38500328,1.0710955,0,-2.922,-1.494,120.946
00:59.4,13,1.41,15.37197535,75.1272705,627.58,0.06566332,154.001825,11.51,19.69,1.915,0.01254365,-0.01708908,0.00015809,-0.4571305,0.216251,-9.720422,-0.28257196,0.6232626,0.37723192,1.126196,0,-2.918,-1.496,120.944
00:59.4,13,1.41,15.37197536,75.12727052,627.576,0.064867594,126.59469,11.508,19.69,1.896,0.009998072,-0.015030845,0.00071846,-0.4627717,0.2048777,-9.7504935,-0.29952628,0.6696074,0.36946056,1.1812965,0,-2.914,-1.498,120.942
00:59.5,13,1.41,15.37197537,75.12727054,627.572,0.064071868,99.187555,11.506,19.69,1.877,0.007452493,-0.01297261,0.00127883,-0.4684129,0.1935044,-9.780565,-0.3164806,0.7159522,0.3616892,1.236397,0,-2.91,-1.5,120.94
00:59.5,13,1.41,15.37197538,75.12727056,627.568,0.063276142,71.78042,11.504,19.69,1.858,0.007035562,-0.01275048,0.001826709,-0.45621005,0.2147432,-9.77825,-0.31874118,0.6694311,0.39842396,1.13318966,0,-2.91,-1.502,120.94
00:59.5,13,1.41,15.37197539,75.12727058,627.564,0.062480416,44.373285,11.502,19.69,1.839,0.006618631,-0.01252835,0.002374589,-0.4440072,0.235982,-9.775935,-0.32100176,0.62291,0.43515872,1.02998232,0,-2.91,-1.504,120.94
00:59.5,13,1.41,15.3719754,75.1272706,627.56,0.06168469,16.96615,11.5,19.69,1.82,0.006627205,-0.012156175,0.002097758,-0.4809436,0.23251245,-9.7526805,-0.32326234,0.5763889,0.47189348,0.92677498,0,-2.91,-1.506,120.94
00:59.5,13.1,1.39,15.37197541,75.1272706,627.557,0.057045927,25.400525,11.499,19.691,1.837,0.006635779,-0.011784,0.001820927,-0.51788,0.2290429,-9.729426,-0.32552292,0.5298678,0.50862824,0.82356764,0,-2.91,-1.508,120.94
00:59.6,13.2,1.37,15.37197542,75.1272706,627.554,0.052407164,33.8349,11.498,19.692,1.854,0.004296163,-0.006001872,0.000662985,-0.4973548,0.26890245,-9.752359,-0.3277835,0.4833467,0.545363,0.7203603,0,-2.91,-1.51,120.94
00:59.6,13.3,1.35,15.37197543,75.1272706,627.551,0.047768401,42.269275,11.497,19.693,1.871,0.001956546,-0.000219745,-0.000494957,-0.4768296,0.308762,-9.775292,-0.31648062,0.48867256,0.5553175,0.71257444,0,-2.908,-1.51,120.94
00:59.6,13.4,1.33,15.37197544,75.1272706,627.548,0.043129638,50.70365,11.496,19.694,1.888,0.006104863,-0.007429552,-0.000892159,-0.46333335,0.25648185,-9.7749105,-0.30517774,0.49399842,0.565272,0.70478858,0,-2.906,-1.51,120.94
00:59.6,13.5,1.31,15.37197545,75.1272706,627.545,0.038490875,59.138025,11.495,19.695,1.905,0.01025318,-0.01463936,-0.001289361,-0.4498371,0.2042017,-9.774529,-0.29387486,0.49932428,0.5752265,0.69700272,0,-2.904,-1.51,120.94
00:59.6,13.6,1.29,15.37197546,75.1272706,627.542,0.033852112,67.5724,11.494,19.696,1.922,0.007962785,-0.013410485,0.000394965,-0.46764655,0.1690707,-9.777708,-0.28257198,0.50465014,0.585181,0.68921686,0,-2.902,-1.51,120.94
00:59.7,13.7,1.27,15.37197547,75.1272706,627.539,0.029213349,76.006775,11.493,19.697,1.939,0.005672389,-0.01218161,0.002079291,-0.485456,0.1339397,-9.780887,-0.2712691,0.509976,0.5951355,0.681431,0,-2.9,-1.51,120.94
00:59.7,13.8,1.25,15.37197548,75.1272706,627.536,0.024574586,84.44115,11.492,19.698,1.956,0.004411033,-0.011697415,0.002084441,-0.501617,0.13385955,-9.78834,-0.2622268,0.7711068,0.932561,0.8115138,0,-2.902,-1.51,120.94
00:59.7,13.9,1.23,15.37197549,75.1272706,627.533,0.019935823,92.875525,11.491,19.699,1.973,0.003149676,-0.01121322,0.002089591,-0.517778,0.1337794,-9.795793,-0.2531845,1.0322376,1.2699865,0.9415966,0,-2.904,-1.51,120.94
00:59.7,14,1.21,15.3719755,75.1272706,627.53,0.01529706,101.3099,11.49,19.7,1.99,0.005781287,-0.01237656,0.001602212,-0.51602565,0.1567544,-9.750411,-0.2441422,1.2933684,1.607412,1.0716794,0,-2.906,-1.51,120.94
00:59.7,14.1,1.206,15.3719755,75.12727061,627.528,0.018670415,101.35574,11.488,19.7,1.977,0.008412898,-0.0135399,0.001114832,-0.5142733,0.1797294,-9.705029,-0.2350999,1.5544992,1.9448375,1.2017622,0,-2.908,-1.51,120.94
00:59.8,14.2,1.202,15.3719755,75.12727062,627.526,0.02204377,101.40158,11.486,19.7,1.964,0.002272158,-0.007636937,0.001332988,-0.5295631,0.20682015,-9.728622,-0.2260576,1.81563,2.282263,1.331845,0,-2.91,-1.51,120.94
00:59.8,14.3,1.198,15.3719755,75.12727063,627.524,0.025417125,101.44742,11.484,19.7,1.951,-0.003868582,-0.001733973,0.001551144,-0.5448529,0.2339109,-9.752215,-0.24527248,1.53996252,1.92048874,1.17595552,0,-2.91,-1.51,120.94
00:59.8,14.4,1.194,15.3719755,75.12727064,627.522,0.02879048,101.49326,11.482,19.7,1.938,0.000813051,-0.005619666,0.002324628,-0.53414,0.2099448,-9.7771375,-0.26448736,1.26429504,1.55871448,1.02006604,0,-2.91,-1.51,120.94
00:59.8,14.5,1.19,15.3719755,75.12727065,627.52,0.032163835,101.5391,11.48,19.7,1.925,0.005494685,-0.00950536,0.003098112,-0.5234271,0.1859787,-9.80206,-0.28370224,0.98862756,1.19694022,0.86417656,0,-2.91,-1.51,120.94
00:59.8,14.6,1.186,15.3719755,75.12727066,627.518,0.03553719,101.58494,11.478,19.7,1.912,0.005970075,-0.009693977,0.002688337,-0.51283895,0.1885204,-9.76296,-0.30291712,0.71296008,0.83516596,0.70828708,0,-2.91,-1.51,120.94
00:59.9,14.7,1.182,15.3719755,75.12727067,627.516,0.038910545,101.63078,11.476,19.7,1.899,0.006445464,-0.009882593,0.002278561,-0.5022508,0.1910621,-9.72386,-0.322132,0.4372926,0.4733917,0.5523976,0,-2.91,-1.51,120.94
00:59.9,14.8,1.178,15.3719755,75.12727068,627.514,0.0422839,101.67662,11.474,19.7,1.886,0.005580383,-0.008842222,0.001509003,-0.52356225,0.18976355,-9.7810215,-0.33343488,0.44177154,0.47039534,0.56230002,0,-2.91,-1.51,120.94
00:59.9,14.9,1.174,15.3719755,75.12727069,627.512,0.045657255,101.72246,11.472,19.7,1.873,0.004715302,-0.00780185,0.000739446,-0.5448737,0.188465,-9.838183,-0.34473776,0.44625048,0.46739898,0.57220244,0,-2.91,-1.51,120.94
00:59.9,15,1.17,15.3719755,75.1272707,627.51,0.04903061,101.7683,11.47,19.7,1.86,0.005426761,-0.00933825,0.000154471,-0.51857605,0.2005974,-9.8154995,-0.35604064,0.45072942,0.46440262,0.58210486,0,-2.91,-1.51,120.94
00:59.9,15,1.17,15.3719755,75.12727072,627.502,0.056458409,98.350929,11.468,19.699,1.782,0.00613822,-0.01087465,-0.000430503,-0.4922784,0.2127298,-9.792816,-0.36734352,0.45520836,0.46140626,0.59200728,0,-2.91,-1.51,120.94
01:00.0,15,1.17,15.3719755,75.12727074,627.494,0.063886208,94.933558,11.466,19.698,1.704,0.000507315,-0.003432625,0.001203894,-0.56530575,0.25803415,-9.792787,-0.3786464,0.4596873,0.4584099,0.6019097,0,-2.91,-1.51,120.94
01:00.0,15,1.17,15.3719755,75.12727076,627.486,0.071314007,91.516187,11.464,19.697,1.626,-0.00512359,0.004009399,0.002838291,-0.6383331,0.3033385,-9.792758,-0.4159459,0.46376544,0.44718196,0.63524494,0,-2.91,-1.512,120.938
01:00.0,15,1.17,15.3719755,75.12727078,627.478,0.078741806,88.098816,11.462,19.696,1.548,0.00095101,-0.004251115,0.001813269,-0.58573705,0.24440525,-9.792039,-0.4532454,0.46784358,0.43595402,0.66858018,0,-2.91,-1.514,120.936
01:00.0,15,1.17,15.3719755,75.1272708,627.47,0.086169605,84.681445,11.46,19.695,1.47,0.00702561,-0.01251163,0.000788248,-0.533141,0.185472,-9.79132,-0.4905449,0.47192172,0.42472608,0.70191542,0,-2.91,-1.516,120.934
01:00.0,15,1.17,15.3719755,75.12727082,627.462,0.093597404,81.264074,11.458,19.694,1.392,0.006094837,-0.01245208,0.000588213,-0.52800725,0.2091513,-9.7666365,-0.5278444,0.47599986,0.41349814,0.73525066,0,-2.91,-1.518,120.932
01:00.1,15,1.17,15.3719755,75.12727084,627.454,0.101025203,77.846703,11.456,19.693,1.314,0.005164064,-0.01239253,0.000388178,-0.5228735,0.2328306,-9.741953,-0.5651439,0.480078,0.4022702,0.7685859,0,-2.91,-1.52,120.93
01:00.1,15,1.17,15.3719755,75.12727086,627.446,0.108453002,74.429332,11.454,19.692,1.236,0.006040172,-0.012166585,0.001913387,-0.48304515,0.2145762,-9.782867,-0.48941462,0.45955336,0.38288176,0.72882846,0,-2.91,-1.518,120.932
01:00.1,15,1.17,15.3719755,75.12727088,627.438,0.115880801,71.011961,11.452,19.691,1.158,0.006916279,-0.01194064,0.003438596,-0.4432168,0.1963218,-9.823781,-0.41368534,0.43902872,0.36349332,0.68907102,0,-2.91,-1.516,120.934
01:00.1,15,1.17,15.3719755,75.1272709,627.43,0.1233086,67.59459,11.45,19.69,1.08,0.007029239,-0.011336135,0.002778782,-0.4606184,0.20111405,-9.780006,-0.33795606,0.41850408,0.34410488,0.64931358,0,-2.91,-1.514,120.936
01:00.1,14.90909091,1.173636364,15.37197552,75.12727089,627.4245455,0.118535323,64.75729545,11.44909091,19.69090909,1.136363636,0.007142198,-0.01073163,0.002118967,-0.47802,0.2059063,-9.736231,-0.26222678,0.39797944,0.32471644,0.60955614,0,-2.91,-1.512,120.938
01:00.2,14.81818182,1.177272727,15.37197554,75.12727088,627.4190909,0.113762045,61.92000091,11.44818182,19.69181818,1.192727273,0.004502161,-0.010286316,0.001809073,-0.49107495,0.2025499,-9.7713925,-0.1864975,0.3774548,0.305328,0.5697987,0,-2.91,-1.51,120.94
01:00.2,14.72727273,1.180909091,15.37197555,75.12727087,627.4136364,0.108988768,59.08270636,11.44727273,19.69272727,1.249090909,0.001862123,-0.009841002,0.00149918,-0.5041299,0.1991935,-9.806554,-0.25431478,0.34884234,0.2912991,0.53229148,0,-2.912,-1.51,120.94
01:00.2,14.63636364,1.184545455,15.37197557,75.12727086,627.4081818,0.104215491,56.24541182,11.44636364,19.69363636,1.305454545,0.004228666,-0.010447926,0.000862111,-0.49496815,0.2250702,-9.785859,-0.32213206,0.32022988,0.2772702,0.49478426,0,-2.914,-1.51,120.94
01:00.2,14.54545455,1.188181818,15.37197559,75.12727085,627.4027273,0.099442214,53.40811727,11.44545455,19.69454545,1.361818182,0.006595208,-0.01105485,0.000225041,-0.4858064,0.2509469,-9.765164,-0.38994934,0.29161742,0.2632413,0.45727704,0,-2.916,-1.51,120.94
01:00.2,14.45454545,1.191818182,15.37197561,75.12727085,627.3972727,0.094668936,50.57082273,11.44454545,19.69545455,1.418181818,0.007049304,-0.01193832,0.001365776,-0.4523294,0.24841325,-9.7719425,-0.45776662,0.26300496,0.2492124,0.41976982,0,-2.918,-1.51,120.94
01:00.3,14.36363636,1.195454545,15.37197563,75.12727084,627.3918182,0.089895659,47.73352818,11.44363636,19.69636364,1.474545455,0.0075034,-0.01282179,0.002506511,-0.4188524,0.2458796,-9.778721,-0.5255839,0.2343925,0.2351835,0.3822626,0,-2.92,-1.51,120.94
01:00.3,14.27272727,1.199090909,15.37197565,75.12727083,627.3863636,0.085122382,44.89623364,11.44272727,19.69727273,1.530909091,0.005870966,-0.010715145,0.002258155,-0.43295715,0.23025155,-9.777602,-0.50862958,0.22800518,0.22528602,0.36282562,0,-2.92,-1.51,120.936
01:00.3,14.18181818,1.202727273,15.37197566,75.12727082,627.3809091,0.080349105,42.05893909,11.44181818,19.69818182,1.587272727,0.004238532,-0.008608501,0.002009798,-0.4470619,0.2146235,-9.776483,-0.49167526,0.22161786,0.21538854,0.34338864,0,-2.92,-1.51,120.932
01:00.3,14.09090909,1.206363636,15.37197568,75.12727081,627.3754545,0.075575827,39.22164455,11.44090909,19.69909091,1.643636364,0.000382792,-0.005370225,0.001092441,-0.5297755,0.2620717,-9.7650255,-0.47472094,0.21523054,0.20549106,0.32395166,0,-2.92,-1.51,120.928
01:00.3,14,1.21,15.3719757,75.1272708,627.37,0.07080255,36.38435,11.44,19.7,1.7,-0.003472948,-0.002131948,0.000175084,-0.6124891,0.3095199,-9.753568,-0.45776662,0.20884322,0.19559358,0.30451468,0,-2.92,-1.51,120.924
01:00.4,14,1.21,15.37197569,75.12727082,627.3666667,0.074268933,49.22247778,11.43777778,19.70111111,1.655555556,-6.06E-05,-0.006283789,0.000776537,-0.5651607,0.26669975,-9.772953,-0.4408123,0.2024559,0.1856961,0.2850777,0,-2.92,-1.51,120.92
01:00.4,14,1.21,15.37197568,75.12727084,627.3633333,0.077735317,62.06060556,11.43555556,19.70222222,1.611111111,0.00335175,-0.01043563,0.00137799,-0.5178323,0.2238796,-9.792338,-0.43290028,0.20361734,0.1843372,0.2778465,0,-2.92,-1.51,120.92
01:00.4,14,1.21,15.37197567,75.12727087,627.36,0.0812017,74.89873333,11.43333333,19.70333333,1.566666667,0.004902131,-0.01078322,0.003853347,-0.47310455,0.2053719,-9.7919975,-0.42498826,0.20477878,0.1829783,0.2706153,0,-2.92,-1.51,120.92
01:00.4,14,1.21,15.37197566,75.12727089,627.3566667,0.084668083,87.73686111,11.43111111,19.70444444,1.522222222,0.006452512,-0.01113081,0.006328704,-0.4283768,0.1868642,-9.791657,-0.41707624,0.20594022,0.1816194,0.2633841,0,-2.92,-1.51,120.92
01:00.4,14,1.21,15.37197564,75.12727091,627.3533333,0.088134467,100.5749889,11.42888889,19.70555556,1.477777778,0.00724558,-0.011588675,0.005264733,-0.48415335,0.21771655,-9.787867,-0.40916422,0.20710166,0.1802605,0.2561529,0,-2.92,-1.51,120.92
01:00.5,14,1.21,15.37197563,75.12727093,627.35,0.09160085,113.4131167,11.42666667,19.70666667,1.433333333,0.008038647,-0.01204654,0.004200762,-0.5399299,0.2485689,-9.784077,-0.4012522,0.2082631,0.1789016,0.2489217,0,-2.92,-1.51,120.92
01:00.5,14,1.21,15.37197562,75.12727096,627.3466667,0.095067233,126.2512444,11.42444444,19.70777778,1.388888889,0.004970923,-0.006816396,-0.000313163,-0.52321975,0.2631743,-9.7859335,-0.42385796,0.20251196,0.18213348,0.23878706,0,-2.92,-1.51,120.92
01:00.5,14,1.21,15.37197561,75.12727098,627.3433333,0.098533617,139.0893722,11.42222222,19.70888889,1.344444444,0.001903199,-0.001586253,-0.004827089,-0.5065096,0.2777797,-9.78779,-0.44646372,0.19676082,0.18536536,0.22865242,0,-2.92,-1.51,120.92
01:00.5,14,1.21,15.3719756,75.127271,627.34,0.102,151.9275,11.42,19.71,1.3,0.000574835,-0.001821766,-0.006967588,-0.5508886,0.27769395,-9.7644225,-0.46906948,0.19100968,0.18859724,0.21851778,0,-2.92,-1.51,120.92
01:00.5,14,1.21,15.3719756,75.12727099,627.327,0.10445622,143.057999,11.419,19.71,1.245,-0.000753529,-0.002057278,-0.009108086,-0.5952676,0.2776082,-9.741055,-0.49167524,0.18525854,0.19182912,0.20838314,0,-2.92,-1.51,120.92
01:00.6,14,1.21,15.3719756,75.12727098,627.314,0.10691244,134.188498,11.418,19.71,1.19,0.000355882,-0.00559379,-0.0002177,-0.53260125,0.21777685,-9.7549265,-0.514281,0.1795074,0.195061,0.1982485,0,-2.92,-1.51,120.92
01:00.6,14,1.21,15.3719756,75.12727097,627.301,0.10936866,125.318997,11.417,19.71,1.135,0.001465293,-0.009130302,0.008672686,-0.4699349,0.1579455,-9.768798,-0.49732668,0.17220192,0.19099532,0.1918256,0,-2.92,-1.51,120.918
01:00.6,14,1.21,15.3719756,75.12727096,627.288,0.11182488,116.449496,11.416,19.71,1.08,0.004802806,-0.010892826,0.008828059,-0.4740755,0.2065751,-9.784573,-0.48037236,0.16489644,0.18692964,0.1854027,0,-2.92,-1.51,120.916
01:00.6,14,1.21,15.3719756,75.12727095,627.275,0.1142811,107.579995,11.415,19.71,1.025,0.008140319,-0.01265535,0.008983431,-0.4782161,0.2552047,-9.800348,-0.46341804,0.15759096,0.18286396,0.1789798,0,-2.92,-1.51,120.914
01:00.6,14,1.21,15.3719756,75.12727094,627.262,0.11673732,98.710494,11.414,19.71,0.97,0.006298399,-0.01277447,0.002081445,-0.4998066,0.2375461,-9.790225,-0.44646372,0.15028548,0.17879828,0.1725569,0,-2.92,-1.51,120.912
01:00.7,14,1.21,15.3719756,75.12727093,627.249,0.11919354,89.840993,11.413,19.71,0.915,0.004456479,-0.01289359,-0.004820541,-0.5213971,0.2198875,-9.780102,-0.4295094,0.14298,0.1747326,0.166134,0,-2.92,-1.51,120.91
01:00.7,14,1.21,15.3719756,75.12727092,627.236,0.12164976,80.971492,11.412,19.71,0.86,0.003649471,-0.011148679,-0.003375498,-0.49046705,0.2035876,-9.7788655,-0.4295094,0.449243,0.45632028,0.2623621,0,-2.92,-1.51,120.91
01:00.7,14,1.21,15.3719756,75.12727091,627.223,0.12410598,72.101991,11.411,19.71,0.805,0.002842463,-0.009403768,-0.001930455,-0.459537,0.1872877,-9.777629,-0.4295094,0.755506,0.73790796,0.3585902,0,-2.92,-1.51,120.91
01:00.7,14,1.21,15.3719756,75.1272709,627.21,0.1265622,63.23249,11.41,19.71,0.75,0.004674096,-0.009858039,-0.000740895,-0.4313034,0.211376,-9.776714,-0.4295094,1.061769,1.01949564,0.4548183,0,-2.92,-1.51,120.91
01:00.7,14,1.21,15.3719756,75.1272709,627.202,0.122144912,66.46646,11.409,19.711,0.753,0.006505729,-0.01031231,0.000448666,-0.4030698,0.2354643,-9.775799,-0.4295094,1.368032,1.30108332,0.5510464,0,-2.92,-1.51,120.91
01:00.8,14,1.21,15.3719756,75.1272709,627.194,0.117727624,69.70043,11.408,19.712,0.756,0.002736135,-0.005381827,0.003329624,-0.413826,0.24082345,-9.7453165,-0.4295094,1.674295,1.582671,0.6472745,0,-2.92,-1.51,120.91
01:00.8,14,1.21,15.3719756,75.1272709,627.186,0.113310336,72.9344,11.407,19.713,0.759,-0.001033459,-0.000451345,0.006210582,-0.4245822,0.2461826,-9.714834,-0.41707622,1.36811582,1.30192828,0.56092814,0,-2.92,-1.51,120.914
01:00.8,14,1.21,15.3719756,75.1272709,627.178,0.108893048,76.16837,11.406,19.714,0.762,0.000155623,0.000360421,0.003422742,-0.48128655,0.27039135,-9.754413,-0.40464304,1.06193664,1.02118556,0.47458178,0,-2.92,-1.51,120.918
01:00.8,14,1.21,15.3719756,75.1272709,627.17,0.10447576,79.40234,11.405,19.715,0.765,0.001344705,0.001172187,0.000634903,-0.5379909,0.2946001,-9.793992,-0.39220986,0.75575746,0.74044284,0.38823542,0,-2.92,-1.51,120.922
01:00.8,14,1.21,15.3719756,75.1272709,627.162,0.100058472,82.63631,11.404,19.716,0.768,0.004547646,-0.004954187,0.001763605,-0.5331261,0.19275421,-9.779444,-0.37977668,0.44957828,0.45970012,0.30188906,0,-2.92,-1.51,120.926
01:00.9,14,1.21,15.3719756,75.1272709,627.154,0.095641184,85.87028,11.403,19.717,0.771,0.007750586,-0.01108056,0.002892307,-0.5282613,0.09090832,-9.764896,-0.3673435,0.1433991,0.1789574,0.2155427,0,-2.92,-1.51,120.93
01:00.9,14,1.21,15.3719756,75.1272709,627.146,0.091223896,89.10425,11.402,19.718,0.774,0.006123851,-0.011098455,0.005058412,-0.5184278,0.11281561,-9.7711185,-0.38994926,0.1816949,0.1914338,0.27960852,0,-2.92,-1.51,120.936
01:00.9,14,1.21,15.3719756,75.1272709,627.138,0.086806608,92.33822,11.401,19.719,0.777,0.004497116,-0.01111635,0.007224516,-0.5085943,0.1347229,-9.777341,-0.41255502,0.2199907,0.2039102,0.34367434,0,-2.92,-1.51,120.942
01:00.9,14,1.21,15.3719756,75.1272709,627.13,0.08238932,95.57219,11.4,19.72,0.78,0.005247023,-0.01079771,0.008595317,-0.5584473,0.19033755,-9.7737385,-0.43516078,0.2582865,0.2163866,0.40774016,0,-2.92,-1.51,120.948
01:00.9,14.2,1.205,15.37197559,75.12727093,627.129,0.085395388,99.406881,11.399,19.721,0.776,0.005996929,-0.01047907,0.009966118,-0.6083003,0.2459522,-9.770136,-0.45776654,0.2965823,0.228863,0.47180598,0,-2.92,-1.51,120.954
01:01.0,14.4,1.2,15.37197558,75.12727096,627.128,0.088401456,103.241572,11.398,19.722,0.772,0.006880165,-0.011427355,0.007928065,-0.5878051,0.2734064,-9.804835,-0.4803723,0.3348781,0.2413394,0.5358718,0,-2.92,-1.51,120.96
01:01.0,14.6,1.195,15.37197557,75.12727099,627.127,0.091407524,107.076263,11.397,19.723,0.768,0.0077634,-0.01237564,0.005890012,-0.5673099,0.3008606,-9.839534,-0.47019972,0.34481754,0.24921228,0.57637046,0,-2.92,-1.512,120.962
01:01.0,14.8,1.19,15.37197556,75.12727102,627.126,0.094413592,110.910954,11.396,19.724,0.764,0.002778426,-0.008717235,0.003820275,-0.5758911,0.33375395,-9.7521755,-0.46002714,0.35475698,0.25708516,0.61686912,0,-2.92,-1.514,120.964
01:01.0,15,1.185,15.37197555,75.12727105,627.125,0.09741966,114.745645,11.395,19.725,0.76,-0.002206548,-0.005058829,0.001750538,-0.5844723,0.3666473,-9.664817,-0.44985456,0.36469642,0.26495804,0.65736778,0,-2.92,-1.516,120.966
01:01.0,15.2,1.18,15.37197554,75.12727108,627.124,0.100425728,118.580336,11.394,19.726,0.756,0.001585392,-0.009843475,0.001820502,-0.55845565,0.3189765,-9.7245405,-0.43968198,0.37463586,0.27283092,0.69786644,0,-2.92,-1.518,120.968
01:01.1,15.4,1.175,15.37197553,75.12727111,627.123,0.103431796,122.415027,11.393,19.727,0.752,0.005377333,-0.01462812,0.001890466,-0.532439,0.2713057,-9.784264,-0.4295094,0.3845753,0.2807038,0.7383651,0,-2.92,-1.52,120.97
01:01.1,15.6,1.17,15.37197552,75.12727114,627.122,0.106437864,126.249718,11.392,19.728,0.748,0.006300985,-0.01413643,0.000473268,-0.50508915,0.22890395,-9.784145,-0.4283791,0.36622046,0.28001802,0.70415726,0,-2.922,-1.52,120.968
01:01.1,15.8,1.165,15.37197551,75.12727117,627.121,0.109443932,130.084409,11.391,19.729,0.744,0.007224636,-0.01364474,-0.000943931,-0.4777393,0.1865022,-9.784026,-0.4272488,0.34786562,0.27933224,0.66994942,0,-2.924,-1.52,120.966
01:01.1,16,1.16,15.3719755,75.1272712,627.12,0.11245,133.9191,11.39,19.73,0.74,0.005914885,-0.011470341,0.000690485,-0.42998185,0.16749025,-9.7648935,-0.4261185,0.32951078,0.27864646,0.63574158,0,-2.926,-1.52,120.964
01:01.1,16,1.16,15.37197549,75.12727116,627.097,0.12410587,132.2844,11.39,19.731,0.82,0.004605134,-0.009295941,0.0023249,-0.3822244,0.1484783,-9.745761,-0.4249882,0.31115594,0.27796068,0.60153374,0,-2.928,-1.52,120.962
01:01.2,16,1.16,15.37197548,75.12727112,627.074,0.13576174,130.6497,11.39,19.732,0.9,0.004323275,-0.009793631,0.002346519,-0.42934905,0.1700429,-9.773019,-0.4238579,0.2928011,0.2772749,0.5673259,0,-2.93,-1.52,120.96
01:01.2,16,1.16,15.37197547,75.12727108,627.051,0.14741761,129.015,11.39,19.733,0.98,0.004041415,-0.01029132,0.002368139,-0.4764737,0.1916075,-9.800277,-0.4340305,0.2783657,0.2713264,0.5372384,0,-2.93,-1.522,120.962
01:01.2,16,1.16,15.37197546,75.12727104,627.028,0.15907348,127.3803,11.39,19.734,1.06,0.002263477,-0.006052047,0.000396984,-0.5399729,0.1928282,-9.761166,-0.4442031,0.2639303,0.2653779,0.5071509,0,-2.93,-1.524,120.964
01:01.2,16,1.16,15.37197545,75.127271,627.005,0.17072935,125.7456,11.39,19.735,1.14,0.00048554,-0.001812774,-0.001574171,-0.6034721,0.1940489,-9.722055,-0.4543757,0.2494949,0.2594294,0.4770634,0,-2.93,-1.526,120.966
01:01.2,16,1.16,15.37197544,75.12727096,626.982,0.18238522,124.1109,11.39,19.736,1.22,0.001484448,-0.00551828,0.001280399,-0.5356716,0.19781655,-9.7872285,-0.4645483,0.2350595,0.2534809,0.4469759,0,-2.93,-1.528,120.968
01:01.3,16,1.16,15.37197543,75.12727092,626.959,0.19404109,122.4762,11.39,19.737,1.3,0.002483355,-0.009223786,0.004134969,-0.4678711,0.2015842,-9.852402,-0.4747209,0.2206241,0.2475324,0.4168884,0,-2.93,-1.53,120.97
01:01.3,16,1.16,15.37197542,75.12727088,626.936,0.20569696,120.8415,11.39,19.738,1.38,0.004820645,-0.012170133,0.002900443,-0.4839728,0.2499415,-9.7939225,-0.4848935,0.2190861,0.23553604,0.40610578,0,-2.93,-1.53,120.97
01:01.3,16,1.16,15.37197541,75.12727084,626.913,0.21735283,119.2068,11.39,19.739,1.46,0.007157934,-0.01511648,0.001665918,-0.5000745,0.2982988,-9.735443,-0.4950661,0.2175481,0.22353968,0.39532316,0,-2.93,-1.53,120.97
01:01.3,16,1.16,15.3719754,75.1272708,626.89,0.2290087,117.5721,11.39,19.74,1.54,0.005818196,-0.0126354,0.001344101,-0.5105855,0.24031935,-9.762101,-0.5052387,0.2160101,0.21154332,0.38454054,0,-2.93,-1.53,120.97
01:01.3,16.11111111,1.16,15.37197539,75.12727082,626.88,0.212587947,114.0378222,11.38666667,19.73777778,1.475555556,0.004478457,-0.01015432,0.001022284,-0.5210965,0.1823399,-9.788759,-0.5154113,0.2144721,0.19954696,0.37375792,0,-2.93,-1.53,120.97
01:01.4,16.22222222,1.16,15.37197538,75.12727084,626.87,0.196167193,110.5035444,11.38333333,19.73555556,1.411111111,0.000759556,-0.007785626,0.000488116,-0.56746345,0.2067443,-9.7968975,-0.5255839,0.2129341,0.1875506,0.3629753,0,-2.93,-1.53,120.97
01:01.4,16.33333333,1.16,15.37197537,75.12727087,626.86,0.17974644,106.9692667,11.38,19.73333333,1.346666667,-0.002959345,-0.005416931,-4.61E-05,-0.6138304,0.2311487,-9.805036,-0.50297812,0.2380209,0.237078,0.37103824,0,-2.93,-1.532,120.97
01:01.4,16.44444444,1.16,15.37197536,75.12727089,626.85,0.163325687,103.4349889,11.37666667,19.73111111,1.282222222,0.000117292,-0.005047507,0.000274662,-0.6107917,0.21237995,-9.7582135,-0.48037234,0.2631077,0.2866054,0.37910118,0,-2.93,-1.534,120.97
01:01.4,16.55555556,1.16,15.37197534,75.12727091,626.84,0.146904933,99.90071111,11.37333333,19.72888889,1.217777778,0.003193928,-0.004678083,0.000595377,-0.607753,0.1936112,-9.711391,-0.45776656,0.2881945,0.3361328,0.38716412,0,-2.93,-1.536,120.97
01:01.4,16.66666667,1.16,15.37197533,75.12727093,626.83,0.13048418,96.36643333,11.37,19.72666667,1.153333333,0.004807163,-0.008100107,0.001037917,-0.5774121,0.1769729,-9.7444055,-0.43516078,0.3132813,0.3856602,0.39522706,0,-2.93,-1.538,120.97
01:01.5,16.77777778,1.16,15.37197532,75.12727096,626.82,0.114063427,92.83215556,11.36666667,19.72444444,1.088888889,0.006420397,-0.01152213,0.001480457,-0.5470712,0.1603346,-9.77742,-0.412555,0.3383681,0.4351876,0.40329,0,-2.93,-1.54,120.97
01:01.5,16.88888889,1.16,15.37197531,75.12727098,626.81,0.097642673,89.29787778,11.36333333,19.72222222,1.024444444,0.006378894,-0.01130684,0.000535541,-0.5120239,0.19037135,-9.787135,-0.40577328,0.31531198,0.38058162,0.39109386,0,-2.93,-1.538,120.97
01:01.5,17,1.16,15.3719753,75.127271,626.8,0.08122192,85.7636,11.36,19.72,0.96,0.006337391,-0.01109155,-0.000409374,-0.4769766,0.2204081,-9.79685,-0.39899156,0.29225586,0.32597564,0.37889772,0,-2.93,-1.536,120.97
01:01.5,17,1.16,15.3719753,75.127271,626.7881818,0.092416509,85.07056455,11.35909091,19.72090909,0.998181818,0.006350508,-0.01174954,0.00188642,-0.48536365,0.24204705,-9.7857935,-0.39220984,0.26919974,0.27136966,0.36670158,0,-2.93,-1.534,120.97
01:01.5,17,1.16,15.3719753,75.127271,626.7763636,0.103611098,84.37752909,11.35818182,19.72181818,1.036363636,0.006363625,-0.01240753,0.004182215,-0.4937507,0.263686,-9.774737,-0.38542812,0.24614362,0.21676368,0.35450544,0,-2.93,-1.532,120.97
01:01.6,17,1.16,15.3719753,75.127271,626.7645455,0.114805687,83.68449364,11.35727273,19.72272727,1.074545455,0.002257701,-0.006404234,0.000985148,-0.5726746,0.27961765,-9.7656,-0.3786464,0.2230875,0.1621577,0.3423093,0,-2.93,-1.53,120.97
01:01.6,17,1.16,15.3719753,75.127271,626.7527273,0.126000276,82.99145818,11.35636364,19.72363636,1.112727273,-0.001848224,-0.000400938,-0.002211919,-0.6515985,0.2955493,-9.756463,-0.3978613,0.21772844,0.16006014,0.33906516,0,-2.93,-1.53,120.972
01:01.6,17,1.16,15.3719753,75.127271,626.7409091,0.137194865,82.29842273,11.35545455,19.72454545,1.150909091,-0.002122655,-0.001873879,-0.004929873,-0.64658055,0.28506265,-9.7569155,-0.4170762,0.21236938,0.15796258,0.33582102,0,-2.93,-1.53,120.974
01:01.6,17,1.16,15.3719753,75.127271,626.7290909,0.148389455,81.60538727,11.35454545,19.72545455,1.189090909,-0.002397086,-0.003346819,-0.007647828,-0.6415626,0.274576,-9.757368,-0.4362911,0.20701032,0.15586502,0.33257688,0,-2.93,-1.53,120.976
01:01.6,17,1.16,15.3719753,75.127271,626.7172727,0.159584044,80.91235182,11.35363636,19.72636364,1.227272727,0.002760997,-0.006370667,0.001851086,-0.58731775,0.18778,-9.756614,-0.455506,0.20165126,0.15376746,0.32933274,0,-2.93,-1.53,120.978
01:01.7,17,1.16,15.3719753,75.127271,626.7054545,0.170778633,80.21931636,11.35272727,19.72727273,1.265454545,0.007919079,-0.009394514,0.01135,-0.5330729,0.100984,-9.75586,-0.4747209,0.1962922,0.1516699,0.3260886,0,-2.93,-1.53,120.98
01:01.7,17,1.16,15.3719753,75.127271,626.6936364,0.181973222,79.52628091,11.35181818,19.72818182,1.303636364,0.0089154,-0.011723457,0.01402431,-0.50936505,0.1577915,-9.7738315,-0.43855168,0.18175198,0.141325096,0.30433162,0,-2.93,-1.53,120.98
01:01.7,17,1.16,15.3719753,75.127271,626.6818182,0.193167811,78.83324545,11.35090909,19.72909091,1.341818182,0.00991172,-0.0140524,0.01669862,-0.4856572,0.214599,-9.791803,-0.40238246,0.16721176,0.130980292,0.28257464,0,-2.93,-1.53,120.98
01:01.7,17,1.16,15.3719753,75.127271,626.67,0.2043624,78.14021,11.35,19.73,1.38,0.007149361,-0.011704516,0.006780196,-0.4728037,0.2166449,-9.794592,-0.36621324,0.15267154,0.120635488,0.26081766,0,-2.93,-1.53,120.98
01:01.7,17,1.16,15.37197529,75.12727106,626.679,0.19734331,89.574439,11.348,19.729,1.374,0.004387002,-0.009356631,-0.003138229,-0.4599502,0.2186908,-9.797381,-0.33004402,0.13813132,0.110290684,0.23906068,0,-2.93,-1.53,120.98
01:01.8,17,1.16,15.37197528,75.12727112,626.688,0.19032422,101.008668,11.346,19.728,1.368,0.00470515,-0.009571984,-0.003789993,-0.46311205,0.1956411,-9.778693,-0.2938748,0.1235911,0.09994588,0.2173037,0,-2.93,-1.53,120.98
01:01.8,17,1.16,15.37197527,75.12727118,626.697,0.18330513,112.442897,11.344,19.727,1.362,0.005023298,-0.009787337,-0.004441756,-0.4662739,0.1725914,-9.760005,-0.27805078,0.113638832,0.09453324,0.20182636,0,-2.93,-1.528,120.98
01:01.8,17,1.16,15.37197526,75.12727124,626.706,0.17628604,123.877126,11.342,19.726,1.356,0.002808353,-0.004314511,-8.07E-05,-0.59686565,0.21988835,-9.7604525,-0.26222676,0.103686564,0.0891206,0.18634902,0,-2.93,-1.526,120.98
01:01.8,17,1.16,15.37197525,75.1272713,626.715,0.16926695,135.311355,11.34,19.725,1.35,0.000593408,0.001158316,0.004280394,-0.7274574,0.2671853,-9.7609,-0.24640274,0.093734296,0.08370796,0.17087168,0,-2.93,-1.524,120.98
01:01.8,17,1.16,15.37197524,75.12727136,626.724,0.16224786,146.745584,11.338,19.724,1.344,0.004726696,-0.006187682,0.004722406,-0.60906135,0.24767715,-9.788006,-0.23057872,0.083782028,0.07829532,0.15539434,0,-2.93,-1.522,120.98
01:01.9,17,1.16,15.37197523,75.12727142,626.733,0.15522877,158.179813,11.336,19.723,1.338,0.008859985,-0.01353368,0.005164418,-0.4906653,0.228169,-9.815112,-0.2147547,0.07382976,0.07288268,0.139917,0,-2.93,-1.52,120.98
01:01.9,17,1.16,15.37197522,75.12727148,626.742,0.14820968,169.614042,11.334,19.722,1.332,0.008927026,-0.013275945,0.002879426,-0.4942859,0.22270895,-9.786547,-0.24866332,0.06850939,0.06875611,0.130112904,0,-2.928,-1.52,120.98
01:01.9,17,1.16,15.37197521,75.12727154,626.751,0.14119059,181.048271,11.332,19.721,1.326,0.008994067,-0.01301821,0.000594434,-0.4979065,0.2172489,-9.757982,-0.28257194,0.06318902,0.06462954,0.120308808,0,-2.926,-1.52,120.98
01:01.9,17,1.16,15.3719752,75.1272716,626.76,0.1341715,192.4825,11.33,19.72,1.32,0.008395232,-0.01142693,-0.00135983,-0.50369045,0.2120507,-9.771711,-0.31648056,0.05786865,0.06050297,0.110504712,0,-2.924,-1.52,120.98
01:01.9,17.1,1.16,15.3719752,75.12727155,626.74,0.126147865,174.302741,11.328,19.719,1.314,0.007796396,-0.00983565,-0.003314094,-0.5094744,0.2068525,-9.78544,-0.35038918,0.05254828,0.0563764,0.100700616,0,-2.922,-1.52,120.98
01:02.0,17.2,1.16,15.3719752,75.1272715,626.72,0.11812423,156.122982,11.326,19.718,1.308,0.005540628,-0.007313184,-0.001673183,-0.57522615,0.1956483,-9.7921655,-0.3842978,0.04722791,0.05224983,0.09089652,0,-2.92,-1.52,120.98
01:02.0,17.3,1.16,15.3719752,75.12727145,626.7,0.110100595,137.943223,11.324,19.717,1.302,0.00328486,-0.004790717,-3.23E-05,-0.6409779,0.1844441,-9.798891,-0.38994924,0.044449842,0.050745662,0.084839294,0,-2.92,-1.518,120.98
01:02.0,17.4,1.16,15.3719752,75.1272714,626.68,0.10207696,119.763464,11.322,19.716,1.296,0.001527943,-0.001481462,0.000666387,-0.66945645,0.22574855,-9.761237,-0.39560068,0.041671774,0.049241494,0.078782068,0,-2.92,-1.516,120.98
01:02.0,17.5,1.16,15.3719752,75.12727135,626.66,0.094053325,101.583705,11.32,19.715,1.29,-0.000228974,0.001827794,0.001365046,-0.697935,0.267053,-9.723583,-0.40125212,0.038893706,0.047737326,0.072724842,0,-2.92,-1.514,120.98
01:02.0,17.6,1.16,15.3719752,75.1272713,626.64,0.08602969,83.403946,11.318,19.714,1.284,0.004502189,-0.005850638,0.001490871,-0.5942012,0.26756125,-9.760061,-0.40690356,0.036115638,0.046233158,0.066667616,0,-2.92,-1.512,120.98
01:02.1,17.7,1.16,15.3719752,75.12727125,626.62,0.078006055,65.224187,11.316,19.713,1.278,0.009233351,-0.01352907,0.001616695,-0.4904674,0.2680695,-9.796539,-0.412555,0.03333757,0.04472899,0.06061039,0,-2.92,-1.51,120.98
01:02.1,17.8,1.16,15.3719752,75.1272712,626.6,0.06998242,47.044428,11.314,19.712,1.272,0.009150035,-0.01389833,0.000872955,-0.4876982,0.23710715,-9.7829085,-0.38203724,0.032006766,0.042124112,0.05716959,0,-2.918,-1.51,120.98
01:02.1,17.9,1.16,15.3719752,75.12727115,626.58,0.061958785,28.864669,11.312,19.711,1.266,0.009066719,-0.01426759,0.000129216,-0.484929,0.2061448,-9.769278,-0.35151948,0.030675962,0.039519234,0.05372879,0,-2.916,-1.51,120.98
01:02.1,18,1.16,15.3719752,75.1272711,626.56,0.05393515,10.68491,11.31,19.71,1.26,0.008583716,-0.01356925,-0.000141672,-0.4961994,0.19388875,-9.7864765,-0.32100172,0.029345158,0.036914356,0.05028799,0,-2.914,-1.51,120.98
01:02.1,18,1.16,15.3719752,75.12727111,626.5627273,0.054110674,38.28399091,11.30818182,19.71,1.266363636,0.008100713,-0.01287091,-0.000412559,-0.5074698,0.1816327,-9.803675,-0.29048396,0.028014354,0.034309478,0.04684719,0,-2.912,-1.51,120.98
01:02.2,18,1.16,15.3719752,75.12727112,626.5654545,0.054286197,65.88307182,11.30636364,19.71,1.272727273,0.00754105,-0.011384256,0.00088914,-0.50216595,0.1863428,-9.79015,-0.2599662,0.02668355,0.0317046,0.04340639,0,-2.91,-1.51,120.98
01:02.2,18,1.16,15.3719752,75.12727113,626.5681818,0.054461721,93.48215273,11.30454545,19.71,1.279090909,0.006981386,-0.009897602,0.002190839,-0.4968621,0.1910529,-9.776625,-0.25770562,0.03235409,0.038645818,0.0507922,0,-2.912,-1.506,120.98
01:02.2,18,1.16,15.3719752,75.12727114,626.5709091,0.054637245,121.0812336,11.30272727,19.71,1.285454545,0.002298237,-0.006219779,0.001860538,-0.59506045,0.2002603,-9.76316,-0.25544504,0.03802463,0.045587036,0.05817801,0,-2.914,-1.502,120.98
01:02.2,18,1.16,15.3719752,75.12727115,626.5736364,0.054812768,148.6803145,11.30090909,19.71,1.291818182,-0.002384912,-0.002541955,0.001530237,-0.6932588,0.2094677,-9.749695,-0.25318446,0.04369517,0.052528254,0.06556382,0,-2.916,-1.498,120.98
01:02.2,18,1.16,15.3719752,75.12727115,626.5763636,0.054988292,176.2793955,11.29909091,19.71,1.298181818,0.00284456,-0.007023313,0.002146358,-0.59227025,0.19717815,-9.7783925,-0.25092388,0.04936571,0.059469472,0.07294963,0,-2.918,-1.494,120.98
01:02.3,18,1.16,15.3719752,75.12727116,626.5790909,0.055163815,203.8784764,11.29727273,19.71,1.304545455,0.008074033,-0.01150467,0.002762478,-0.4912817,0.1848886,-9.80709,-0.2486633,0.05503625,0.06641069,0.08033544,0,-2.92,-1.49,120.98
01:02.3,18,1.16,15.3719752,75.12727117,626.5818182,0.055339339,231.4775573,11.29545455,19.71,1.310909091,0.006896888,-0.01144318,0.00169948,-0.5039181,0.21212845,-9.775883,-0.27805078,0.05216267,0.057437372,0.0697817,0,-2.92,-1.488,120.98
01:02.3,18,1.16,15.3719752,75.12727118,626.5845455,0.055514863,259.0766382,11.29363636,19.71,1.317272727,0.005719742,-0.01138169,0.000636482,-0.5165545,0.2393683,-9.744676,-0.30743826,0.04928909,0.048464054,0.05922796,0,-2.92,-1.486,120.98
01:02.3,18,1.16,15.3719752,75.12727119,626.5872727,0.055690386,286.6757191,11.29181818,19.71,1.323636364,0.005914233,-0.01097434,0.001253564,-0.475205,0.2310311,-9.778726,-0.33682574,0.04641551,0.039490736,0.04867422,0,-2.92,-1.484,120.98
01:02.3,18,1.16,15.3719752,75.1272712,626.59,0.05586591,314.2748,11.29,19.71,1.33,0.006108725,-0.01056699,0.001870646,-0.4338555,0.2226939,-9.812776,-0.36621322,0.04354193,0.030517418,0.03812048,0,-2.92,-1.482,120.98
01:02.4,18,1.16,15.37197521,75.12727116,626.5744444,0.058301003,318.4520333,11.28888889,19.70888889,1.302222222,0.006028677,-0.01110532,0.00183284,-0.48862705,0.21328835,-9.8019965,-0.3956007,0.04066835,0.0215441,0.02756674,0,-2.92,-1.48,120.98
01:02.4,18,1.16,15.37197522,75.12727111,626.5588889,0.060736097,322.6292667,11.28777778,19.70777778,1.274444444,0.005948628,-0.01164365,0.001795034,-0.5433986,0.2038828,-9.791217,-0.34473776,0.038946914,0.020815264,0.028592104,0,-2.92,-1.478,120.98
01:02.4,18,1.16,15.37197523,75.12727107,626.5433333,0.06317119,326.8065,11.28666667,19.70666667,1.246666667,0.003305078,-0.006817094,0.000342519,-0.61336295,0.2275674,-9.757395,-0.29387482,0.037225478,0.020086428,0.029617468,0,-2.92,-1.476,120.98
01:02.4,18,1.16,15.37197524,75.12727102,626.5277778,0.065606283,330.9837333,11.28555556,19.70555556,1.218888889,0.000661528,-0.001990537,-0.001109996,-0.6833273,0.251252,-9.723573,-0.24301188,0.035504042,0.019357592,0.030642832,0,-2.92,-1.474,120.98
01:02.4,18,1.16,15.37197526,75.12727098,626.5122222,0.068041377,335.1609667,11.28444444,19.70444444,1.191111111,0.00359932,-0.006776444,-0.000269665,-0.60963195,0.2317629,-9.7613405,-0.19214894,0.033782606,0.018628756,0.031668196,0,-2.92,-1.472,120.98
01:02.5,18,1.16,15.37197527,75.12727093,626.4966667,0.07047647,339.3382,11.28333333,19.70333333,1.163333333,0.006537112,-0.01156235,0.000570667,-0.5359366,0.2122738,-9.799108,-0.141286,0.03206117,0.01789992,0.03269356,0,-2.92,-1.47,120.98
01:02.5,18,1.16,15.37197528,75.12727089,626.4811111,0.072911563,343.5154333,11.28222222,19.70222222,1.135555556,0.006608363,-0.01166783,0.000561593,-0.50989305,0.19179275,-9.7924655,-0.1864975,0.030248228,0.01867921,0.032263304,0,-2.922,-1.468,120.98
01:02.5,18,1.16,15.37197529,75.12727084,626.4655556,0.075346657,347.6926667,11.28111111,19.70111111,1.107777778,0.006679614,-0.01177331,0.00055252,-0.4838495,0.1713117,-9.785823,-0.231709,0.028435286,0.0194585,0.031833048,0,-2.924,-1.466,120.98
01:02.5,18,1.16,15.3719753,75.1272708,626.45,0.07778175,351.8699,11.28,19.7,1.08,0.00638628,-0.01121713,0.00130344,-0.4882416,0.1828888,-9.7639085,-0.2769205,0.026622344,0.02023779,0.031402792,0,-2.926,-1.464,120.98
01:02.5,18,1.16,15.37197531,75.12727079,626.442,0.075717593,319.968482,11.278,19.699,1.059,0.006092945,-0.01066095,0.002054359,-0.4926337,0.1944659,-9.741994,-0.322132,0.024809402,0.02101708,0.030972536,0,-2.928,-1.462,120.98
01:02.6,18,1.16,15.37197532,75.12727078,626.434,0.073653436,288.067064,11.276,19.698,1.038,0.006139738,-0.01103109,0.001889297,-0.49648505,0.2127642,-9.7660385,-0.3673435,0.02299646,0.02179637,0.03054228,0,-2.93,-1.46,120.98
01:02.6,18,1.16,15.37197533,75.12727077,626.426,0.071589279,256.165646,11.274,19.697,1.017,0.006186531,-0.01140123,0.001724234,-0.5003364,0.2310625,-9.790083,-0.33569544,0.022933934,0.020985338,0.031107898,0,-2.93,-1.458,120.98
01:02.6,18,1.16,15.37197534,75.12727076,626.418,0.069525122,224.264228,11.272,19.696,0.996,0.003696597,-0.006783721,0.000664874,-0.5771499,0.24493725,-9.7822545,-0.30404738,0.022871408,0.020174306,0.031673516,0,-2.93,-1.456,120.98
01:02.6,18,1.16,15.37197535,75.12727075,626.41,0.067460965,192.36281,11.27,19.695,0.975,0.001206662,-0.002166211,-0.000394487,-0.6539634,0.258812,-9.774426,-0.27239932,0.022808882,0.019363274,0.032239134,0,-2.93,-1.454,120.98
01:02.6,18,1.16,15.37197536,75.12727074,626.402,0.065396808,160.461392,11.268,19.694,0.954,0.004745419,-0.007503365,0.00062416,-0.56096935,0.24351775,-9.7500945,-0.24075126,0.022746356,0.018552242,0.032804752,0,-2.93,-1.452,120.98
01:02.7,18,1.16,15.37197537,75.12727073,626.394,0.063332651,128.559974,11.266,19.693,0.933,0.008284175,-0.01284052,0.001642806,-0.4679753,0.2282235,-9.725763,-0.2091032,0.02268383,0.01774121,0.03337037,0,-2.93,-1.45,120.98
01:02.7,18,1.16,15.37197538,75.12727072,626.386,0.061268494,96.658556,11.264,19.692,0.912,0.008953614,-0.01283484,0.000780996,-0.518329,0.21517565,-9.7833665,-0.23396954,0.023672672,0.018189016,0.033555574,0,-2.93,-1.448,120.98
01:02.7,18,1.16,15.37197539,75.12727071,626.378,0.059204337,64.757138,11.262,19.691,0.891,0.009623053,-0.01282916,-8.08E-05,-0.5686827,0.2021278,-9.84097,-0.25883588,0.024661514,0.018636822,0.033740778,0,-2.93,-1.446,120.98
01:02.7,18,1.16,15.3719754,75.1272707,626.37,0.05714018,32.85572,11.26,19.69,0.87,0.009405044,-0.014035565,-9.32E-05,-0.5323628,0.1987444,-9.7933085,-0.28370222,0.025650356,0.019084628,0.033925982,0,-2.93,-1.444,120.98
01:02.7,17.9,1.16,15.37197541,75.12727073,626.381,0.05832906,56.404118,11.26,19.691,0.925,0.009187035,-0.01524197,-0.000105597,-0.4960429,0.195361,-9.745647,-0.30856856,0.026639198,0.019532434,0.034111186,0,-2.93,-1.442,120.98
01:02.8,17.8,1.16,15.37197542,75.12727076,626.392,0.05951794,79.952516,11.26,19.692,0.98,0.007468022,-0.013048335,0.000995403,-0.48717315,0.20003095,-9.775516,-0.3334349,0.02762804,0.01998024,0.03429639,0,-2.93,-1.44,120.98
01:02.8,17.7,1.16,15.37197543,75.12727079,626.403,0.06070682,103.500914,11.26,19.693,1.035,0.00574901,-0.0108547,0.002096404,-0.4783034,0.2047009,-9.805385,-0.30404742,0.026679828,0.019266232,0.032428052,0,-2.932,-1.434,120.98
01:02.8,17.6,1.16,15.37197544,75.12727082,626.414,0.0618957,127.049312,11.26,19.694,1.09,0.001707259,-0.005607359,0.001703046,-0.58484695,0.22278965,-9.7838025,-0.27465994,0.025731616,0.018552224,0.030559714,0,-2.934,-1.428,120.98
01:02.8,17.5,1.16,15.37197545,75.12727085,626.425,0.06308458,150.59771,11.26,19.695,1.145,-0.002334492,-0.000360018,0.001309687,-0.6913905,0.2408784,-9.76222,-0.24527246,0.024783404,0.017838216,0.028691376,0,-2.936,-1.422,120.98
01:02.8,17.4,1.16,15.37197546,75.12727088,626.436,0.06427346,174.146108,11.26,19.696,1.2,0.001213913,-0.005364894,0.001130377,-0.58598765,0.230813,-9.7576045,-0.21588498,0.023835192,0.017124208,0.026823038,0,-2.938,-1.416,120.98
01:02.9,17.3,1.16,15.37197547,75.12727091,626.447,0.06546234,197.694506,11.26,19.697,1.255,0.004762317,-0.01036977,0.000951068,-0.4805848,0.2207476,-9.752989,-0.1864975,0.02288698,0.0164102,0.0249547,0,-2.94,-1.41,120.98
01:02.9,17.2,1.16,15.37197548,75.12727094,626.458,0.06665122,221.242904,11.26,19.698,1.31,0.007234222,-0.011775805,0.000373726,-0.4883565,0.19887775,-9.775658,-0.20797296,0.028920316,0.025820262,0.035530374,0,-2.938,-1.408,120.98
01:02.9,17.1,1.16,15.37197549,75.12727097,626.469,0.0678401,244.791302,11.26,19.699,1.365,0.009706126,-0.01318184,-0.000203616,-0.4961282,0.1770079,-9.798327,-0.22944842,0.034953652,0.035230324,0.046106048,0,-2.936,-1.406,120.98
01:02.9,17,1.16,15.3719755,75.127271,626.48,0.06902898,268.3397,11.26,19.7,1.42,0.010603693,-0.014380965,0.000189597,-0.48888495,0.1674381,-9.7810875,-0.25092388,0.040986988,0.044640386,0.056681722,0,-2.934,-1.404,120.98
01:02.9,17,1.16,15.37197549,75.12727101,626.48,0.071161568,253.27568,11.258,19.701,1.378,0.01150126,-0.01558009,0.00058281,-0.4816417,0.1578683,-9.763848,-0.27239934,0.047020324,0.054050448,0.067257396,0,-2.932,-1.402,120.98
01:03.0,17,1.16,15.37197548,75.12727102,626.48,0.073294156,238.21166,11.256,19.702,1.336,0.009268457,-0.014383625,0.001908449,-0.4913483,0.19361225,-9.77065,-0.2938748,0.05305366,0.06346051,0.07783307,0,-2.93,-1.4,120.98
01:03.0,17,1.16,15.37197547,75.12727103,626.48,0.075426744,223.14764,11.254,19.703,1.294,0.007035654,-0.01318716,0.003234087,-0.5010549,0.2293562,-9.777452,-0.27465992,0.052316692,0.063984702,0.07716136,0,-2.93,-1.398,120.98
01:03.0,17,1.16,15.37197546,75.12727104,626.48,0.077559332,208.08362,11.252,19.704,1.252,0.00275114,-0.007471528,0.001446925,-0.61806915,0.26100535,-9.781308,-0.25544504,0.051579724,0.064508894,0.07648965,0,-2.93,-1.396,120.98
01:03.0,17,1.16,15.37197545,75.12727105,626.48,0.07969192,193.0196,11.25,19.705,1.21,-0.001533374,-0.001755895,-0.000340237,-0.7350834,0.2926545,-9.785164,-0.23623016,0.050842756,0.065033086,0.07581794,0,-2.93,-1.394,120.98
01:03.0,17,1.16,15.37197544,75.12727106,626.48,0.081824508,177.95558,11.248,19.706,1.168,0.002008579,-0.007146887,-0.000663236,-0.6255553,0.2429507,-9.7791245,-0.21701528,0.050105788,0.065557278,0.07514623,0,-2.93,-1.392,120.98
01:03.1,17,1.16,15.37197543,75.12727107,626.48,0.083957096,162.89156,11.246,19.707,1.126,0.005550532,-0.01253788,-0.000986235,-0.5160272,0.1932469,-9.773085,-0.1978004,0.04936882,0.06608147,0.07447452,0,-2.93,-1.39,120.98
01:03.1,17,1.16,15.37197542,75.12727108,626.48,0.086089684,147.82754,11.244,19.708,1.084,0.006357997,-0.013160855,0.000378576,-0.4732953,0.18713535,-9.7873855,-0.2057124,0.046333494,0.05832177,0.066739454,0,-2.93,-1.386,120.982
01:03.1,17,1.16,15.37197541,75.12727109,626.48,0.088222272,132.76352,11.242,19.709,1.042,0.007165461,-0.01378383,0.001743388,-0.4305634,0.1810238,-9.801686,-0.2136244,0.043298168,0.05056207,0.059004388,0,-2.93,-1.382,120.984
01:03.1,17,1.16,15.3719754,75.1272711,626.48,0.09035486,117.6995,11.24,19.71,1,0.009058811,-0.01380238,0.002763281,-0.4741387,0.17563785,-9.768409,-0.2215364,0.040262842,0.04280237,0.051269322,0,-2.93,-1.378,120.986
01:03.1,17,1.16,15.37197538,75.1272711,626.476,0.08612458,125.1307,11.238,19.709,1.026,0.01095216,-0.01382093,0.003783174,-0.517714,0.1702519,-9.735132,-0.2294484,0.037227516,0.03504267,0.043534256,0,-2.93,-1.374,120.988
01:03.2,17,1.16,15.37197536,75.1272711,626.472,0.0818943,132.5619,11.236,19.708,1.052,0.009823712,-0.01333322,0.002501138,-0.51080785,0.15298565,-9.7851205,-0.2373604,0.03419219,0.02728297,0.03579919,0,-2.93,-1.37,120.99
01:03.2,17,1.16,15.37197534,75.1272711,626.468,0.07766402,139.9931,11.234,19.707,1.078,0.008695264,-0.01284551,0.001219103,-0.5039017,0.1357194,-9.835109,-0.25544502,0.032055406,0.028146672,0.034155056,0,-2.932,-1.366,120.99
01:03.2,17,1.16,15.37197532,75.1272711,626.464,0.07343374,147.4243,11.232,19.706,1.104,0.002234733,-0.005776211,0.001624015,-0.6112944,0.19760545,-9.785368,-0.27352964,0.029918622,0.029010374,0.032510922,0,-2.934,-1.362,120.99
01:03.2,17,1.16,15.3719753,75.1272711,626.46,0.06920346,154.8555,11.23,19.705,1.13,-0.004225797,0.001293088,0.002028927,-0.7186871,0.2594915,-9.735627,-0.29161426,0.027781838,0.029874076,0.030866788,0,-2.936,-1.358,120.99
01:03.2,17,1.16,15.37197528,75.1272711,626.456,0.06497318,162.2867,11.228,19.704,1.156,0.001227848,-0.004622791,0.002439358,-0.60474365,0.25646025,-9.757938,-0.30969888,0.025645054,0.030737778,0.029222654,0,-2.938,-1.354,120.99
01:03.3,17,1.16,15.37197526,75.1272711,626.452,0.0607429,169.7179,11.226,19.703,1.182,0.006681493,-0.01053867,0.002849788,-0.4908002,0.253429,-9.780249,-0.3277835,0.02350827,0.03160148,0.02757852,0,-2.94,-1.35,120.99
01:03.3,17,1.16,15.37197524,75.1272711,626.448,0.05651262,177.1491,11.224,19.702,1.208,0.009141547,-0.013161005,0.002269371,-0.4839853,0.231511,-9.7719375,-0.30178688,0.024303282,0.029909868,0.026365142,0,-2.94,-1.348,120.99
01:03.3,17,1.16,15.37197522,75.1272711,626.444,0.05228234,184.5803,11.222,19.701,1.234,0.0116016,-0.01578334,0.001688954,-0.4771704,0.209593,-9.763626,-0.27579026,0.025098294,0.028218256,0.025151764,0,-2.94,-1.346,120.99
01:03.3,17,1.16,15.3719752,75.1272711,626.44,0.04805206,192.0115,11.22,19.7,1.26,0.008158971,-0.014028385,0.001364864,-0.5155923,0.2013733,-9.7827445,-0.24979364,0.025893306,0.026526644,0.023938386,0,-2.94,-1.344,120.99
01:03.3,17,1.16,15.37197519,75.12727113,626.444,0.050842906,183.89244,11.219,19.701,1.226,0.004716341,-0.01227343,0.001040774,-0.5540142,0.1931536,-9.801863,-0.22379702,0.026688318,0.024835032,0.022725008,0,-2.94,-1.342,120.99
01:03.4,17,1.16,15.37197518,75.12727116,626.448,0.053633752,175.77338,11.218,19.702,1.192,0.006154329,-0.0115063,0.000970308,-0.5107178,0.18539545,-9.771538,-0.1978004,0.02748333,0.02314342,0.02151163,0,-2.94,-1.34,120.99
01:03.4,17,1.16,15.37197517,75.12727119,626.452,0.056424598,167.65432,11.217,19.703,1.158,0.007592317,-0.01073917,0.000899841,-0.4674214,0.1776373,-9.741213,-0.2147547,0.0263124,0.024243824,0.021827248,0,-2.944,-1.332,120.994
01:03.4,17,1.16,15.37197516,75.12727122,626.456,0.059215444,159.53526,11.216,19.704,1.124,0.006624691,-0.011023445,0.002529596,-0.47219565,0.157585,-9.771205,-0.231709,0.02514147,0.025344228,0.022142866,0,-2.948,-1.324,120.998
01:03.4,17,1.16,15.37197515,75.12727125,626.46,0.06200629,151.4162,11.215,19.705,1.09,0.005657064,-0.01130772,0.00415935,-0.4769699,0.1375327,-9.801197,-0.2486633,0.02397054,0.026444632,0.022458484,0,-2.952,-1.316,121.002
01:03.4,17,1.16,15.37197514,75.12727128,626.464,0.064797136,143.29714,11.214,19.706,1.056,0.003657318,-0.010025043,0.003944464,-0.4852053,0.1644877,-9.7820215,-0.2656176,0.02279961,0.027545036,0.022774102,0,-2.956,-1.308,121.006
01:03.5,17,1.16,15.37197513,75.12727131,626.468,0.067587982,135.17808,11.213,19.707,1.022,0.001657572,-0.008742365,0.003729578,-0.4934407,0.1914427,-9.762846,-0.2825719,0.02162868,0.02864544,0.02308972,0,-2.96,-1.3,121.01
01:03.5,17,1.16,15.37197512,75.12727134,626.472,0.070378828,127.05902,11.212,19.708,0.988,0.003623823,-0.00871881,0.002907829,-0.4915234,0.20337295,-9.7630085,-0.28031134,0.024534696,0.028607558,0.024431228,0,-2.964,-1.292,121.01
01:03.5,17,1.16,15.37197511,75.12727137,626.476,0.073169674,118.93996,11.211,19.709,0.954,0.005590073,-0.008695255,0.002086079,-0.4896061,0.2153032,-9.763171,-0.27805078,0.027440712,0.028569676,0.025772736,0,-2.968,-1.284,121.01
01:03.5,17,1.16,15.3719751,75.1272714,626.48,0.07596052,110.8209,11.21,19.71,0.92,0.004321318,-0.008989498,0.002612921,-0.52416935,0.22657905,-9.7716565,-0.27579022,0.030346728,0.028531794,0.027114244,0,-2.972,-1.276,121.01
01:03.5,17,1.16,15.3719751,75.12727139,626.471,0.078641628,109.8042,11.209,19.71,0.902,0.003052562,-0.009283741,0.003139763,-0.5587326,0.2378549,-9.780142,-0.27352966,0.033252744,0.028493912,0.028455752,0,-2.976,-1.268,121.01
01:03.6,17,1.16,15.3719751,75.12727138,626.462,0.081322736,108.7875,11.208,19.71,0.884,0.00049259,-0.006018216,0.0020391,-0.64809765,0.27050065,-9.750923,-0.2712691,0.03615876,0.02845603,0.02979726,0,-2.98,-1.26,121.01
01:03.6,17,1.16,15.3719751,75.12727137,626.453,0.084003844,107.7708,11.207,19.71,0.866,-0.002067383,-0.00275269,0.000938438,-0.7374627,0.3031464,-9.721704,-0.26674794,0.037661108,0.028625966,0.02967636,0,-2.982,-1.256,121.012
01:03.6,17,1.16,15.3719751,75.12727136,626.444,0.086684952,106.7541,11.206,19.71,0.848,0.001889027,-0.00758055,0.001521512,-0.59749055,0.25147845,-9.7649425,-0.26222678,0.039163456,0.028795902,0.02955546,0,-2.984,-1.252,121.014
01:03.6,17,1.16,15.3719751,75.12727135,626.435,0.08936606,105.7374,11.205,19.71,0.83,0.005845436,-0.01240841,0.002104587,-0.4575184,0.1998105,-9.808181,-0.25770562,0.040665804,0.028965838,0.02943456,0,-2.986,-1.248,121.016
01:03.6,17,1.16,15.3719751,75.12727134,626.426,0.092047168,104.7207,11.204,19.71,0.812,0.005309585,-0.01150313,0.001586502,-0.48409205,0.18507265,-9.7897905,-0.25318446,0.042168152,0.029135774,0.02931366,0,-2.988,-1.244,121.018
01:03.7,17,1.16,15.3719751,75.12727133,626.417,0.094728276,103.704,11.203,19.71,0.794,0.004773734,-0.01059785,0.001068417,-0.5106657,0.1703348,-9.7714,-0.2486633,0.0436705,0.02930571,0.02919276,0,-2.99,-1.24,121.02
01:03.7,17,1.16,15.3719751,75.12727132,626.408,0.097409384,102.6873,11.202,19.71,0.776,0.004980083,-0.009902415,0.001332533,-0.470926,0.16326475,-9.7667165,-0.27465992,0.04182776,0.028625684,0.02995631,0,-2.992,-1.234,121.02
01:03.7,17,1.16,15.3719751,75.12727131,626.399,0.100090492,101.6706,11.201,19.71,0.758,0.005186431,-0.009206979,0.001596648,-0.4311863,0.1561947,-9.762033,-0.30065654,0.03998502,0.027945658,0.03071986,0,-2.994,-1.228,121.02
01:03.7,17,1.16,15.3719751,75.1272713,626.39,0.1027716,100.6539,11.2,19.71,0.74,0.002577731,-0.004041674,0.001443643,-0.57587665,0.2112515,-9.782437,-0.32665316,0.03814228,0.027265632,0.03148341,0,-2.996,-1.222,121.02
01:03.7,16.9,1.16,15.37197509,75.12727132,626.395,0.098547539,116.82905,11.199,19.711,0.803,-3.10E-05,0.001123631,0.001290638,-0.720567,0.2663083,-9.802841,-0.35264978,0.03629954,0.026585606,0.03224696,0,-2.998,-1.216,121.02
01:03.8,16.8,1.16,15.37197508,75.12727134,626.4,0.094323478,133.0042,11.198,19.712,0.866,-0.000828596,-4.87E-05,0.000373855,-0.7125452,0.25658895,-9.7879235,-0.3786464,0.0344568,0.02590558,0.03301051,0,-3,-1.21,121.02
01:03.8,16.7,1.16,15.37197507,75.12727136,626.405,0.090099417,149.17935,11.197,19.713,0.929,-0.001626223,-0.001221102,-0.000542928,-0.7045234,0.2468696,-9.773006,-0.34925892,0.038609192,0.03504738,0.041372744,0,-3,-1.206,121.022
01:03.8,16.6,1.16,15.37197506,75.12727138,626.41,0.085875356,165.3545,11.196,19.714,0.992,0.002370987,-0.005165268,0.000692492,-0.6109656,0.22685355,-9.761259,-0.31987144,0.042761584,0.04418918,0.049734978,0,-3,-1.202,121.024
01:03.8,16.5,1.16,15.37197505,75.1272714,626.415,0.081651295,181.52965,11.195,19.715,1.055,0.006368197,-0.009109433,0.001927911,-0.5174078,0.2068375,-9.749512,-0.29048396,0.046913976,0.05333098,0.058097212,0,-3,-1.198,121.026
01:03.8,16.4,1.16,15.37197504,75.12727142,626.42,0.077427234,197.7048,11.194,19.716,1.118,0.008805829,-0.011832127,0.001640002,-0.5071585,0.1918167,-9.7737925,-0.26109648,0.051066368,0.06247278,0.066459446,0,-3,-1.194,121.028
01:03.9,16.3,1.16,15.37197503,75.12727144,626.425,0.073203173,213.87995,11.193,19.717,1.181,0.01124346,-0.01455482,0.001352092,-0.4969092,0.1767959,-9.798073,-0.231709,0.05521876,0.07161458,0.07482168,0,-3,-1.19,121.03
01:03.9,16.2,1.16,15.37197502,75.12727146,626.43,0.068979112,230.0551,11.192,19.718,1.244,0.009895762,-0.012150055,0.000914894,-0.5088133,0.19555835,-9.7687725,-0.23962102,0.051216526,0.063195732,0.06512287,0,-2.996,-1.186,121.028
01:03.9,16.1,1.16,15.37197501,75.12727148,626.435,0.064755051,246.23025,11.191,19.719,1.307,0.008548064,-0.00974529,0.000477697,-0.5207174,0.2143208,-9.739472,-0.24753304,0.047214292,0.054776884,0.05542406,0,-2.992,-1.182,121.026
01:03.9,16,1.16,15.371975,75.1272715,626.44,0.06053099,262.4054,11.19,19.72,1.37,0.009552737,-0.01152309,-0.000533264,-0.4858265,0.20252445,-9.761971,-0.25544506,0.043212058,0.046358036,0.04572525,0,-2.988,-1.178,121.024
01:03.9,16,1.16,15.37197499,75.12727151,626.441,0.055964498,249.93749,11.189,19.72,1.363,0.01055741,-0.01330089,-0.001544224,-0.4509356,0.1907281,-9.78447,-0.26335708,0.039209824,0.037939188,0.03602644,0,-2.984,-1.174,121.022
01:04.0,16,1.16,15.37197498,75.12727152,626.442,0.051398006,237.46958,11.188,19.72,1.356,0.005065476,-0.006592072,-0.001693101,-0.56333995,0.22123055,-9.7847175,-0.2712691,0.03520759,0.02952034,0.02632763,0,-2.98,-1.17,121.02
01:04.0,16,1.16,15.37197497,75.12727153,626.443,0.046831514,225.00167,11.187,19.72,1.349,-0.000426458,0.000116747,-0.001841977,-0.6757443,0.251733,-9.784965,-0.28709312,0.04002752,0.032527586,0.046508444,0,-2.982,-1.164,121.02
01:04.0,16,1.16,15.37197496,75.12727154,626.444,0.042265022,212.53376,11.186,19.72,1.342,-0.000975798,0.000333203,-0.000868711,-0.6897081,0.2398603,-9.7688495,-0.30291714,0.04484745,0.035534832,0.066689258,0,-2.984,-1.158,121.02
01:04.0,16,1.16,15.37197495,75.12727155,626.445,0.03769853,200.06585,11.185,19.72,1.335,-0.001525137,0.000549659,0.000104555,-0.7036719,0.2279876,-9.752734,-0.31874116,0.04966738,0.038542078,0.086870072,0,-2.986,-1.152,121.02
01:04.0,16,1.16,15.37197494,75.12727156,626.446,0.033132038,187.59794,11.184,19.72,1.328,0.002625224,-0.004097727,0.00085434,-0.6115744,0.1869058,-9.747632,-0.33456518,0.05448731,0.041549324,0.107050886,0,-2.988,-1.146,121.02
01:04.1,16,1.16,15.37197493,75.12727157,626.447,0.028565546,175.13003,11.183,19.72,1.321,0.006775586,-0.008745112,0.001604125,-0.5194769,0.145824,-9.74253,-0.3503892,0.05930724,0.04455657,0.1272317,0,-2.99,-1.14,121.02
01:04.1,16,1.16,15.37197492,75.12727158,626.448,0.023999054,162.66212,11.182,19.72,1.314,0.006891535,-0.008859267,0.001456492,-0.5144379,0.1755161,-9.777136,-0.35491036,0.0545001,0.041929632,0.115948822,0,-2.99,-1.136,121.02
01:04.1,16,1.16,15.37197491,75.12727159,626.449,0.019432562,150.19421,11.181,19.72,1.307,0.007007483,-0.008973422,0.001308858,-0.5093989,0.2052082,-9.811742,-0.35943152,0.04969296,0.039302694,0.104665944,0,-2.99,-1.132,121.02
01:04.1,16,1.16,15.3719749,75.1272716,626.45,0.01486607,137.7263,11.18,19.72,1.3,0.008144335,-0.011635801,0.001446168,-0.49463705,0.1961824,-9.7958975,-0.36395268,0.04488582,0.036675756,0.093383066,0,-2.99,-1.128,121.02
01:04.1,16,1.16,15.3719749,75.1272716,626.454,0.020995236,152.3208,11.179,19.72,1.313,0.009281186,-0.01429818,0.001583477,-0.4798752,0.1871566,-9.780053,-0.36847384,0.04007868,0.034048818,0.082100188,0,-2.99,-1.124,121.02
01:04.2,16,1.16,15.3719749,75.1272716,626.458,0.027124402,166.9153,11.178,19.72,1.326,0.00860922,-0.01341497,0.001765786,-0.4814637,0.19456795,-9.7699515,-0.372995,0.03527154,0.03142188,0.07081731,0,-2.99,-1.12,121.02
01:04.2,16,1.16,15.3719749,75.1272716,626.462,0.033253568,181.5098,11.177,19.72,1.339,0.007937254,-0.01253176,0.001948095,-0.4830522,0.2019793,-9.75985,-0.3718647,0.038330692,0.033229502,0.078095448,0,-2.992,-1.116,121.02
01:04.2,16,1.16,15.3719749,75.1272716,626.466,0.039382734,196.1043,11.176,19.72,1.352,0.003123806,-0.006730591,0.000829183,-0.59967635,0.2484703,-9.773198,-0.3707344,0.041389844,0.035037124,0.085373586,0,-2.994,-1.112,121.02
01:04.2,16,1.16,15.3719749,75.1272716,626.47,0.0455119,210.6988,11.175,19.72,1.365,-0.001689643,-0.000929422,-0.000289728,-0.7163005,0.2949613,-9.786546,-0.3696041,0.044448996,0.036844746,0.092651724,0,-2.996,-1.108,121.02
01:04.2,16,1.16,15.3719749,75.1272716,626.474,0.051641066,225.2933,11.174,19.72,1.378,0.003880877,-0.007176861,0.000467707,-0.58828445,0.2541176,-9.7853555,-0.3684738,0.047508148,0.038652368,0.099929862,0,-2.998,-1.104,121.02
01:04.3,16,1.16,15.3719749,75.1272716,626.478,0.057770232,239.8878,11.173,19.72,1.391,0.009451397,-0.0134243,0.001225143,-0.4602684,0.2132739,-9.784165,-0.3673435,0.0505673,0.04045999,0.107208,0,-3,-1.1,121.02
01:04.3,16,1.16,15.3719749,75.1272716,626.482,0.063899398,254.4823,11.172,19.72,1.404,0.008940654,-0.010728637,0.001910045,-0.4933792,0.19722685,-9.775096,-0.300656528,0.048333646,0.038059668,0.100073624,0,-2.996,-1.094,121.02
01:04.3,16,1.16,15.3719749,75.1272716,626.486,0.070028564,269.0768,11.171,19.72,1.417,0.008429911,-0.008032973,0.002594947,-0.52649,0.1811798,-9.766027,-0.233969556,0.046099992,0.035659346,0.092939248,0,-2.992,-1.088,121.02
01:04.3,16,1.16,15.3719749,75.1272716,626.49,0.07615773,283.6713,11.17,19.72,1.43,0.009417666,-0.009436502,0.001010552,-0.50357175,0.19173235,-9.7692295,-0.167282584,0.043866338,0.033259024,0.085804872,0,-2.988,-1.082,121.02
01:04.3,16.1,1.16,15.3719749,75.12727156,626.474,0.079298347,262.292206,11.168,19.719,1.396,0.01040542,-0.01084003,-0.000573843,-0.4806535,0.2022849,-9.772432,-0.100595612,0.041632684,0.030858702,0.078670496,0,-2.984,-1.076,121.02
01:04.4,16.2,1.16,15.3719749,75.12727152,626.458,0.082438964,240.913112,11.166,19.718,1.362,0.005891801,-0.008768901,0.000294597,-0.58742005,0.22175955,-9.773437,-0.03390864,0.03939903,0.02845838,0.07153612,0,-2.98,-1.07,121.02
01:04.4,16.3,1.16,15.3719749,75.12727148,626.442,0.085579581,219.534018,11.164,19.717,1.328,0.001378182,-0.006697772,0.001163038,-0.6941866,0.2412342,-9.774442,-0.009607452,0.042082504,0.028579136,0.066230824,0,-2.982,-1.066,121.02
01:04.4,16.4,1.16,15.3719749,75.12727144,626.426,0.088720198,198.154924,11.162,19.716,1.294,-0.002069331,-0.00060065,0.000495234,-0.70867285,0.23224645,-9.7758755,0.014693736,0.044765978,0.028699892,0.060925528,0,-2.984,-1.062,121.02
01:04.4,16.5,1.16,15.3719749,75.1272714,626.41,0.091860815,176.77583,11.16,19.715,1.26,-0.005516844,0.005496473,-0.00017257,-0.7231591,0.2232587,-9.777309,0.038994924,0.047449452,0.028820648,0.055620232,0,-2.986,-1.058,121.02
01:04.4,16.6,1.16,15.3719749,75.12727136,626.394,0.095001432,155.396736,11.158,19.714,1.226,0.00217661,-0.001944108,0.00043747,-0.57829305,0.2318829,-9.780837,0.063296112,0.050132926,0.028941404,0.050314936,0,-2.988,-1.054,121.02
01:04.5,16.7,1.16,15.3719749,75.12727132,626.378,0.098142049,134.017642,11.156,19.713,1.192,0.009870063,-0.009384689,0.00104751,-0.433427,0.2405071,-9.784365,0.0875973,0.0528164,0.02906216,0.04500964,0,-2.99,-1.05,121.02
01:04.5,16.8,1.16,15.3719749,75.12727128,626.362,0.101282666,112.638548,11.154,19.712,1.158,0.008429571,-0.01152478,0.002196748,-0.4681612,0.2258026,-9.7763945,0.11528936,0.049369722,0.028414146,0.042236604,0,-2.992,-1.05,121.022
01:04.5,16.9,1.16,15.3719749,75.12727124,626.346,0.104423283,91.259454,11.152,19.711,1.124,0.006989078,-0.01366487,0.003345986,-0.5028954,0.2110981,-9.768424,0.14298142,0.045923044,0.027766132,0.039463568,0,-2.994,-1.05,121.024
01:04.5,17,1.16,15.3719749,75.1272712,626.33,0.1075639,69.88036,11.15,19.71,1.09,0.007003146,-0.014847975,0.002917137,-0.5109923,0.20345435,-9.776994,0.17067348,0.042476366,0.027118118,0.036690532,0,-2.996,-1.05,121.026
01:04.5,17,1.16,15.3719749,75.1272712,626.328,0.103534322,80.380594,11.149,19.711,1.092,0.007017214,-0.01603108,0.002488287,-0.5190892,0.1958106,-9.785564,0.19836554,0.039029688,0.026470104,0.033917496,0,-2.998,-1.05,121.028
01:04.6,17,1.16,15.3719749,75.1272712,626.326,0.099504744,90.880828,11.148,19.712,1.094,0.00592916,-0.013234445,0.000933624,-0.5246041,0.1932858,-9.7878845,0.2260576,0.03558301,0.02582209,0.03114446,0,-3,-1.05,121.03
01:04.6,17,1.16,15.3719749,75.1272712,626.324,0.095475166,101.381062,11.147,19.713,1.096,0.004841106,-0.01043781,-0.000621039,-0.530119,0.190761,-9.790205,0.183106656,0.043612146,0.037942716,0.049853668,0,-3.002,-1.048,121.03
01:04.6,17,1.16,15.3719749,75.1272712,626.322,0.091445588,111.881296,11.146,19.714,1.098,0.001022797,-0.004740684,-0.000143913,-0.5849121,0.2018505,-9.768317,0.140155712,0.051641282,0.050063342,0.068562876,0,-3.004,-1.046,121.03
01:04.6,17,1.16,15.3719749,75.1272712,626.32,0.08741601,122.38153,11.145,19.715,1.1,-0.002795513,0.000956442,0.000333213,-0.6397052,0.21294,-9.746429,0.097204768,0.059670418,0.062183968,0.087272084,0,-3.006,-1.044,121.03
01:04.6,17,1.16,15.3719749,75.1272712,626.318,0.083386432,132.881764,11.144,19.716,1.102,0.000978786,-0.005570284,0.002079345,-0.57560035,0.20382085,-9.757458,0.054253824,0.067699554,0.074304594,0.105981292,0,-3.008,-1.042,121.03
01:04.7,17,1.16,15.3719749,75.1272712,626.316,0.079356854,143.381998,11.143,19.717,1.104,0.004753085,-0.01209701,0.003825476,-0.5114955,0.1947017,-9.768487,0.01130288,0.07572869,0.08642522,0.1246905,0,-3.01,-1.04,121.03
01:04.7,17,1.16,15.3719749,75.1272712,626.314,0.075327276,153.882232,11.142,19.718,1.106,0.003822437,-0.012327955,0.003443744,-0.49036745,0.18043705,-9.7870735,0.045776664,0.068933574,0.074553196,0.113638018,0,-3.01,-1.042,121.032
01:04.7,17,1.16,15.3719749,75.1272712,626.312,0.071297698,164.382466,11.141,19.719,1.108,0.002891788,-0.0125589,0.003062012,-0.4692394,0.1661724,-9.80566,0.080250448,0.062138458,0.062681172,0.102585536,0,-3.01,-1.044,121.034
01:04.7,17,1.16,15.3719749,75.1272712,626.31,0.06726812,174.8827,11.14,19.72,1.11,0.006884249,-0.01424269,0.003013354,-0.465302,0.1771568,-9.7716265,0.114724232,0.055343342,0.050809148,0.091533054,0,-3.01,-1.046,121.036
01:04.7,17.1,1.152,15.37197489,75.12727119,626.31,0.065041308,184.39443,11.139,19.72,1.132,0.01087671,-0.01592648,0.002964696,-0.4613646,0.1881412,-9.737593,0.149198016,0.048548226,0.038937124,0.080480572,0,-3.01,-1.048,121.038
01:04.8,17.2,1.144,15.37197488,75.12727118,626.31,0.062814496,193.90616,11.138,19.72,1.154,0.008293906,-0.01370212,0.002572462,-0.51312435,0.1897558,-9.759355,0.1836718,0.04175311,0.0270651,0.06942809,0,-3.01,-1.05,121.04
01:04.8,17.3,1.136,15.37197487,75.12727117,626.31,0.060587684,203.41789,11.137,19.72,1.176,0.005711101,-0.01147776,0.002180227,-0.5648841,0.1913704,-9.781117,0.11641966,0.040398852,0.027037742,0.065205312,0,-3.01,-1.052,121.04
01:04.8,17.4,1.128,15.37197486,75.12727116,626.31,0.058360872,212.92962,11.136,19.72,1.198,0.001772986,-0.005956405,0.001374244,-0.62858185,0.22630245,-9.7949695,0.04916752,0.039044594,0.027010384,0.060982534,0,-3.01,-1.054,121.04
01:04.8,17.5,1.12,15.37197485,75.12727115,626.31,0.05613406,222.44135,11.135,19.72,1.22,-0.002165129,-0.000435051,0.000568261,-0.6922796,0.2612345,-9.808822,-0.01808462,0.037690336,0.026983026,0.056759756,0,-3.01,-1.056,121.04
01:04.8,17.6,1.112,15.37197484,75.12727114,626.31,0.053907248,231.95308,11.134,19.72,1.242,0.000964714,-0.00626857,0.001308983,-0.5894568,0.25961895,-9.782,-0.08533676,0.036336078,0.026955668,0.052536978,0,-3.01,-1.058,121.04
01:04.9,17.7,1.104,15.37197483,75.12727113,626.31,0.051680436,241.46481,11.133,19.72,1.264,0.004094556,-0.01210209,0.002049705,-0.486634,0.2580034,-9.755178,-0.1525889,0.03498182,0.02692831,0.0483142,0,-3.01,-1.06,121.04
01:04.9,17.8,1.096,15.37197482,75.12727112,626.31,0.049453624,250.97654,11.132,19.72,1.286,0.004058708,-0.011839875,0.001795582,-0.4997936,0.22785255,-9.776492,-0.10907281,0.033580412,0.025421666,0.045434456,0,-3.012,-1.06,121.04
01:04.9,17.9,1.088,15.37197481,75.12727111,626.31,0.047226812,260.48827,11.131,19.72,1.308,0.004022859,-0.01157766,0.001541459,-0.5129532,0.1977017,-9.797806,-0.06555672,0.032179004,0.023915022,0.042554712,0,-3.014,-1.06,121.04
01:04.9,18,1.08,15.3719748,75.1272711,626.31,0.045,270,11.13,19.72,1.33,0.005169728,-0.01264209,0.001142077,-0.4919081,0.19582575,-9.796975,-0.02204063,0.030777596,0.022408378,0.039674968,0,-3.016,-1.06,121.04
01:04.9,18,1.08,15.3719748,75.12727108,626.296,0.06336001,251.321694,11.129,19.72,1.325,0.006316596,-0.01370652,0.000742694,-0.470863,0.1939498,-9.796144,0.02147546,0.029376188,0.020901734,0.036795224,0,-3.018,-1.06,121.04
01:05.0,18,1.08,15.3719748,75.12727106,626.282,0.08172002,232.643388,11.128,19.72,1.32,0.006634487,-0.012573605,0.00069611,-0.4726907,0.17709195,-9.7700315,0.06499155,0.02797478,0.01939509,0.03391548,0,-3.02,-1.06,121.04
01:05.0,18,1.08,15.3719748,75.12727104,626.268,0.10008003,213.965082,11.127,19.72,1.315,0.006952377,-0.01144069,0.000649526,-0.4745184,0.1602341,-9.743919,0.063296118,0.026905216,0.02162599,0.033552214,0,-3.018,-1.062,121.04
01:05.0,18,1.08,15.3719748,75.12727102,626.254,0.11844004,195.286776,11.126,19.72,1.31,0.004353233,-0.007707374,0.001712986,-0.5750863,0.17448735,-9.7654985,0.061600686,0.025835652,0.02385689,0.033188948,0,-3.016,-1.064,121.04
01:05.0,18,1.08,15.3719748,75.127271,626.24,0.13680005,176.60847,11.125,19.72,1.305,0.001754089,-0.003974057,0.002776446,-0.6756542,0.1887406,-9.787078,0.059905254,0.024766088,0.02608779,0.032825682,0,-3.014,-1.066,121.04
01:05.0,18,1.08,15.3719748,75.12727098,626.226,0.15516006,157.930164,11.124,19.72,1.3,0.004056591,-0.007897578,0.002369029,-0.59970045,0.2115494,-9.7668665,0.058209822,0.023696524,0.02831869,0.032462416,0,-3.012,-1.068,121.04
01:05.1,18,1.08,15.3719748,75.12727096,626.212,0.17352007,139.251858,11.123,19.72,1.295,0.006359093,-0.0118211,0.001961612,-0.5237467,0.2343582,-9.746655,0.05651439,0.02262696,0.03054959,0.03209915,0,-3.01,-1.07,121.04
01:05.1,18,1.08,15.3719748,75.12727094,626.198,0.19188008,120.573552,11.122,19.72,1.29,0.006073489,-0.010687017,0.002241364,-0.5225231,0.1921655,-9.7861405,0.074033852,0.02336927,0.030604998,0.033214498,0,-3.012,-1.07,121.042
01:05.1,18,1.08,15.3719748,75.12727092,626.184,0.21024009,101.895246,11.121,19.72,1.285,0.005787884,-0.009552933,0.002521115,-0.5212995,0.1499728,-9.825626,0.091553314,0.02411158,0.030660406,0.034329846,0,-3.014,-1.07,121.044
01:05.1,18,1.08,15.3719748,75.1272709,626.17,0.2286001,83.21694,11.12,19.72,1.28,0.005907983,-0.010857652,0.001912243,-0.49803185,0.1976322,-9.7875345,0.109072776,0.02485389,0.030715814,0.035445194,0,-3.016,-1.07,121.046
01:05.1,18,1.08,15.37197479,75.12727093,626.172,0.207253365,84.65471,11.118,19.719,1.275,0.006028082,-0.01216237,0.001303372,-0.4747642,0.2452916,-9.749443,0.126592238,0.0255962,0.030771222,0.036560542,0,-3.018,-1.07,121.048
01:05.2,18,1.08,15.37197478,75.12727096,626.174,0.18590663,86.09248,11.116,19.718,1.27,0.005164351,-0.011509345,0.001600086,-0.48169515,0.21885215,-9.7681325,0.1441117,0.02633851,0.03082663,0.03767589,0,-3.02,-1.07,121.05
01:05.2,18,1.08,15.37197477,75.12727099,626.176,0.164559895,87.53025,11.114,19.717,1.265,0.004300619,-0.01085632,0.001896801,-0.4886261,0.1924127,-9.786822,0.14524198,0.025031294,0.02958936,0.03701831,0,-3.016,-1.072,121.05
01:05.2,18,1.08,15.37197476,75.12727102,626.178,0.14321316,88.96802,11.112,19.716,1.26,0.004427693,-0.007460693,0.001836075,-0.5855071,0.2058413,-9.783283,0.14637226,0.023724078,0.02835209,0.03636073,0,-3.012,-1.074,121.05
01:05.2,18,1.08,15.37197475,75.12727105,626.18,0.121866425,90.40579,11.11,19.715,1.255,0.004554767,-0.004065066,0.001775349,-0.6823881,0.2192699,-9.779744,0.14750254,0.022416862,0.02711482,0.03570315,0,-3.008,-1.076,121.05
01:05.2,18,1.08,15.37197474,75.12727108,626.182,0.10051969,91.84356,11.108,19.714,1.25,0.006403928,-0.008184523,0.001483711,-0.59387855,0.1999158,-9.761246,0.14863282,0.021109646,0.02587755,0.03504557,0,-3.004,-1.078,121.05
01:05.3,18,1.08,15.37197473,75.12727111,626.184,0.079172955,93.28133,11.106,19.713,1.245,0.00825309,-0.01230398,0.001192073,-0.505369,0.1805617,-9.742748,0.1497631,0.01980243,0.02464028,0.03438799,0,-3,-1.08,121.05
01:05.3,18,1.08,15.37197472,75.12727114,626.186,0.05782622,94.7191,11.104,19.712,1.24,0.008653767,-0.011940705,0.001501949,-0.49963475,0.17273795,-9.787265,0.1638917,0.027238988,0.024867006,0.034353638,0,-2.996,-1.08,121.05
01:05.3,18,1.08,15.37197471,75.12727117,626.188,0.036479485,96.15687,11.102,19.711,1.235,0.009054443,-0.01157743,0.001811824,-0.4939005,0.1649142,-9.831782,0.1780203,0.034675546,0.025093732,0.034319286,0,-2.992,-1.08,121.05
01:05.3,18,1.08,15.3719747,75.1272712,626.19,0.01513275,97.59464,11.1,19.71,1.23,0.010461847,-0.01162761,0.003270561,-0.52953585,0.18120555,-9.788219,0.1921489,0.042112104,0.025320458,0.034284934,0,-2.988,-1.08,121.05
01:05.3,17.9,1.08,15.37197469,75.1272712,626.184,0.025014655,101.584126,11.099,19.711,1.219,0.01186925,-0.01167779,0.004729298,-0.5651712,0.1974969,-9.744656,0.2062775,0.049548662,0.025547184,0.034250582,0,-2.984,-1.08,121.05
01:05.4,17.8,1.08,15.37197468,75.1272712,626.178,0.03489656,105.573612,11.098,19.712,1.208,0.00901986,-0.01107839,0.002018682,-0.5366747,0.19701105,-9.7454825,0.2204061,0.05698522,0.02577391,0.03421623,0,-2.98,-1.08,121.05
01:05.4,17.7,1.08,15.37197467,75.1272712,626.172,0.044778465,109.563098,11.097,19.713,1.197,0.006170469,-0.01047899,-0.000691934,-0.5081782,0.1965252,-9.746309,0.20288664,0.05734234,0.034374294,0.042195564,0,-2.976,-1.08,121.052
01:05.4,17.6,1.08,15.37197466,75.1272712,626.166,0.05466037,113.552584,11.096,19.714,1.186,0.006307637,-0.010518625,-0.000736593,-0.4866979,0.20117795,-9.774647,0.18536718,0.05769946,0.042974678,0.050174898,0,-2.972,-1.08,121.054
01:05.4,17.5,1.08,15.37197465,75.1272712,626.16,0.064542275,117.54207,11.095,19.715,1.175,0.006444804,-0.01055826,-0.000781252,-0.4652176,0.2058307,-9.802985,0.16784772,0.05805658,0.051575062,0.058154232,0,-2.968,-1.08,121.056
01:05.4,17.4,1.08,15.37197464,75.1272712,626.154,0.07442418,121.531556,11.094,19.716,1.164,0.010092097,-0.011934285,0.002276823,-0.48507915,0.2077675,-9.7974755,0.15032826,0.0584137,0.060175446,0.066133566,0,-2.964,-1.08,121.058
01:05.5,17.3,1.08,15.37197463,75.1272712,626.148,0.084306085,125.521042,11.093,19.717,1.153,0.01373939,-0.01331031,0.005334898,-0.5049407,0.2097043,-9.791966,0.1328088,0.05877082,0.06877583,0.0741129,0,-2.96,-1.08,121.06
01:05.5,17.2,1.08,15.37197462,75.1272712,626.142,0.09418799,129.510528,11.092,19.718,1.142,0.010436651,-0.01361402,0.0026623,-0.5093913,0.1725874,-9.78066,0.17802032,0.055864502,0.064143836,0.07976236,0,-2.962,-1.078,121.058
01:05.5,17.1,1.08,15.37197461,75.1272712,626.136,0.104069895,133.500014,11.091,19.719,1.131,0.007133912,-0.01391773,-1.03E-05,-0.5138419,0.1354705,-9.769354,0.22323184,0.052958184,0.059511842,0.08541182,0,-2.964,-1.076,121.056
01:05.5,17,1.08,15.3719746,75.1272712,626.13,0.1139518,137.4895,11.09,19.72,1.12,0.00435664,-0.010731229,-0.00090418,-0.49977515,0.145468,-9.7807205,0.26844336,0.050051866,0.054879848,0.09106128,0,-2.966,-1.074,121.054
01:05.5,16.9,1.088,15.37197459,75.12727122,626.135,0.109279715,130.465452,11.09,19.72,1.1,0.001579367,-0.007544728,-0.001798063,-0.4857084,0.1554655,-9.792087,0.31365488,0.047145548,0.050247854,0.09671074,0,-2.968,-1.072,121.052
01:05.6,16.8,1.096,15.37197458,75.12727124,626.14,0.10460763,123.441404,11.09,19.72,1.08,0.001853701,-0.001399282,0.000746571,-0.5878079,0.21706215,-9.789699,0.3588664,0.04423923,0.04561586,0.1023602,0,-2.97,-1.07,121.05
01:05.6,16.7,1.104,15.37197457,75.12727126,626.145,0.099935545,116.417356,11.09,19.72,1.06,0.002128035,0.004746163,0.003291204,-0.6899074,0.2786588,-9.787311,0.33513036,0.045733256,0.047990728,0.098018864,0,-2.972,-1.07,121.052
01:05.6,16.6,1.112,15.37197456,75.12727128,626.15,0.09526346,109.393308,11.09,19.72,1.04,0.002433934,0.003320101,0.002683609,-0.687962,0.29472585,-9.7473115,0.31139432,0.047227282,0.050365596,0.093677528,0,-2.974,-1.07,121.054
01:05.6,16.5,1.12,15.37197455,75.1272713,626.155,0.090591375,102.36926,11.09,19.72,1.02,0.002739832,0.001894038,0.002076014,-0.6860166,0.3107929,-9.707312,0.28765828,0.048721308,0.052740464,0.089336192,0,-2.976,-1.07,121.056
01:05.6,16.4,1.128,15.37197454,75.12727132,626.16,0.08591929,95.345212,11.09,19.72,1,0.000197908,-0.003127651,0.000876214,-0.6119198,0.2625195,-9.742224,0.26392224,0.050215334,0.055115332,0.084994856,0,-2.978,-1.07,121.058
01:05.7,16.3,1.136,15.37197453,75.12727134,626.165,0.081247205,88.321164,11.09,19.72,0.98,-0.002344017,-0.008149339,-0.000323587,-0.537823,0.2142461,-9.777136,0.2401862,0.05170936,0.0574902,0.08065352,0,-2.98,-1.07,121.06
01:05.7,16.2,1.144,15.37197452,75.12727136,626.17,0.07657512,81.297116,11.09,19.72,0.96,0.003351697,-0.010934345,0.000877684,-0.4935831,0.2319957,-9.7868605,0.22775302,0.048852498,0.054960132,0.074123058,0,-2.976,-1.072,121.06
01:05.7,16.1,1.152,15.37197451,75.12727138,626.175,0.071903035,74.273068,11.09,19.72,0.94,0.00904741,-0.01371935,0.002078955,-0.4493432,0.2497453,-9.796585,0.21531984,0.045995636,0.052430064,0.067592596,0,-2.972,-1.074,121.06
01:05.7,16,1.16,15.3719745,75.1272714,626.18,0.06723095,67.24902,11.09,19.72,0.92,0.008665524,-0.01468068,0.002073507,-0.47443995,0.24651165,-9.790172,0.20288666,0.043138774,0.049899996,0.061062134,0,-2.968,-1.076,121.06
01:05.7,16,1.16,15.37197451,75.12727144,626.1988889,0.078476722,93.72992889,11.08888889,19.72111111,0.972222222,0.008283637,-0.01564201,0.002068058,-0.4995367,0.243278,-9.783759,0.19045348,0.040281912,0.047369928,0.054531672,0,-2.964,-1.078,121.06
01:05.8,16,1.16,15.37197452,75.12727149,626.2177778,0.089722494,120.2108378,11.08777778,19.72222222,1.024444444,0.007157664,-0.014634225,0.000968497,-0.48665885,0.1887152,-9.769262,0.1780203,0.03742505,0.04483986,0.04800121,0,-2.96,-1.08,121.06
01:05.8,16,1.16,15.37197453,75.12727153,626.2366667,0.100968267,146.6917467,11.08666667,19.72333333,1.076666667,0.006031691,-0.01362644,-0.000131064,-0.473781,0.1341524,-9.754765,0.19045348,0.040527084,0.047739866,0.058302562,0,-2.958,-1.084,121.062
01:05.8,16,1.16,15.37197454,75.12727158,626.2555556,0.112214039,173.1726556,11.08555556,19.72444444,1.128888889,0.003715827,-0.007492654,0.001841576,-0.58205585,0.1534245,-9.7555775,0.20288666,0.043629118,0.050639872,0.068603914,0,-2.956,-1.088,121.064
01:05.8,16,1.16,15.37197456,75.12727162,626.2744444,0.123459811,199.6535644,11.08444444,19.72555556,1.181111111,0.001399963,-0.001358868,0.003814216,-0.6903307,0.1726966,-9.75639,0.21531984,0.046731152,0.053539878,0.078905266,0,-2.954,-1.092,121.066
01:05.8,16,1.16,15.37197457,75.12727167,626.2933333,0.134705583,226.1344733,11.08333333,19.72666667,1.233333333,0.005711111,-0.008252149,0.003669293,-0.5979111,0.1710648,-9.765355,0.22775302,0.049833186,0.056439884,0.089206618,0,-2.952,-1.096,121.068
01:05.9,16,1.16,15.37197458,75.12727171,626.3122222,0.145951356,252.6153822,11.08222222,19.72777778,1.285555556,0.01002226,-0.01514543,0.00352437,-0.5054915,0.169433,-9.77432,0.2401862,0.05293522,0.05933989,0.09950797,0,-2.95,-1.1,121.07
01:05.9,16,1.16,15.37197459,75.12727176,626.3311111,0.157197128,279.0962911,11.08111111,19.72888889,1.337777778,0.008957034,-0.016728695,0.00259348,-0.5111985,0.2007437,-9.799928,0.24470734,0.04909427,0.056465874,0.092627898,0,-2.948,-1.104,121.072
01:05.9,16,1.16,15.3719746,75.1272718,626.35,0.1684429,305.5772,11.08,19.73,1.39,0.007891809,-0.01831196,0.001662589,-0.5169055,0.2320544,-9.825536,0.24922848,0.04525332,0.053591858,0.085747826,0,-2.946,-1.108,121.074
01:05.9,16,1.16,15.37197459,75.12727182,626.3627273,0.165157773,302.6975,11.07727273,19.72818182,1.394545455,0.008201892,-0.01669377,0.004179298,-0.50745015,0.246405,-9.8029455,0.25374962,0.04141237,0.050717842,0.078867754,0,-2.944,-1.112,121.076
01:05.9,16,1.16,15.37197458,75.12727184,626.3754545,0.161872645,299.8178,11.07454545,19.72636364,1.399090909,0.008511976,-0.01507558,0.006696008,-0.4979948,0.2607556,-9.780355,0.25827076,0.03757142,0.047843826,0.071987682,0,-2.942,-1.116,121.078
01:06.0,16,1.16,15.37197457,75.12727185,626.3881818,0.158587518,296.9381,11.07181818,19.72454545,1.403636364,0.00662739,-0.012352638,0.003973334,-0.4924037,0.24667285,-9.7914065,0.2627919,0.03373047,0.04496981,0.06510761,0,-2.94,-1.12,121.08
01:06.0,16,1.16,15.37197456,75.12727187,626.4009091,0.155302391,294.0584,11.06909091,19.72272727,1.408181818,0.004742804,-0.009629696,0.00125066,-0.4868126,0.2325901,-9.802458,0.29443996,0.033733442,0.047594278,0.065084018,0,-2.936,-1.124,121.082
01:06.0,16,1.16,15.37197455,75.12727189,626.4136364,0.152017264,291.1787,11.06636364,19.72090909,1.412727273,0.003113422,-0.009160198,0.000517738,-0.58354095,0.2272138,-9.769249,0.32608802,0.033736414,0.050218746,0.065060426,0,-2.932,-1.128,121.084
01:06.0,16,1.16,15.37197455,75.12727191,626.4263636,0.148732136,288.299,11.06363636,19.71909091,1.417272727,0.00148404,-0.008690699,-0.000215184,-0.6802693,0.2218375,-9.73604,0.35773608,0.033739386,0.052843214,0.065036834,0,-2.928,-1.132,121.086
01:06.0,16,1.16,15.37197454,75.12727193,626.4390909,0.145447009,285.4193,11.06090909,19.71727273,1.421818182,0.007063305,-0.01371957,0.001536797,-0.59907935,0.142704085,-9.7872415,0.38938414,0.033742358,0.055467682,0.065013242,0,-2.924,-1.136,121.088
01:06.1,16,1.16,15.37197453,75.12727195,626.4518182,0.142161882,282.5396,11.05818182,19.71545455,1.426363636,0.01264257,-0.01874844,0.003288777,-0.5178894,0.06357067,-9.838443,0.4210322,0.03374533,0.05809215,0.06498965,0,-2.92,-1.14,121.09
01:06.1,16,1.16,15.37197452,75.12727196,626.4645455,0.138876755,279.6599,11.05545455,19.71363636,1.430909091,0.006684003,-0.014044773,0.001570674,-0.5322792,0.097759585,-9.780557,0.37921156,0.039383536,0.063278226,0.07202328,0,-2.924,-1.138,121.088
01:06.1,16,1.16,15.37197451,75.12727198,626.4772727,0.135591627,276.7802,11.05272727,19.71181818,1.435454545,0.000725437,-0.009341106,-0.000147429,-0.546669,0.1319485,-9.722671,0.33739092,0.045021742,0.068464302,0.07905691,0,-2.928,-1.136,121.086
01:06.1,16,1.16,15.3719745,75.127272,626.49,0.1323065,273.9005,11.05,19.71,1.44,0.002999195,-0.009453668,0.000835573,-0.5239502,0.18187975,-9.7533095,0.29557028,0.050659948,0.073650378,0.08609054,0,-2.932,-1.134,121.084
01:06.1,16,1.16,15.3719745,75.127272,626.491,0.123393257,256.8497,11.048,19.71,1.419,0.005272953,-0.009566229,0.001818575,-0.5012314,0.231811,-9.783948,0.25374964,0.056298154,0.078836454,0.09312417,0,-2.936,-1.132,121.082
01:06.2,16,1.16,15.3719745,75.127272,626.492,0.114480014,239.7989,11.046,19.71,1.398,0.003180529,-0.003965211,0.002268089,-0.615702,0.2497298,-9.7827375,0.211929,0.06193636,0.08402253,0.1001578,0,-2.94,-1.13,121.08
01:06.2,16,1.16,15.3719745,75.127272,626.493,0.105566771,222.7481,11.044,19.71,1.377,0.001088104,0.001635807,0.002717602,-0.7301726,0.2676486,-9.781527,0.2288833,0.055818698,0.073288638,0.089573062,0,-2.944,-1.13,121.08
01:06.2,16,1.16,15.3719745,75.127272,626.494,0.096653528,205.6973,11.042,19.71,1.356,-0.002023179,0.000849506,0.001556225,-0.7045427,0.27353325,-9.751208,0.2458376,0.049701036,0.062554746,0.078988324,0,-2.948,-1.13,121.08
01:06.2,16,1.16,15.3719745,75.127272,626.495,0.087740285,188.6465,11.04,19.71,1.335,-0.005134462,6.32E-05,0.000394849,-0.6789128,0.2794179,-9.720889,0.2627919,0.043583374,0.051820854,0.068403586,0,-2.952,-1.13,121.08
01:06.2,16,1.16,15.3719745,75.127272,626.496,0.078827042,171.5957,11.038,19.71,1.314,-0.0016575,-0.004820599,-0.000470715,-0.5910938,0.24673215,-9.744121,0.2797462,0.037465712,0.041086962,0.057818848,0,-2.956,-1.13,121.08
01:06.3,16,1.16,15.3719745,75.127272,626.497,0.069913799,154.5449,11.036,19.71,1.293,0.001819463,-0.009704403,-0.001336279,-0.5032748,0.2140464,-9.767353,0.2967005,0.03134805,0.03035307,0.04723411,0,-2.96,-1.13,121.08
01:06.3,16,1.16,15.3719745,75.127272,626.498,0.061000556,137.4941,11.034,19.71,1.272,0.00310704,-0.010482807,-0.000508094,-0.48403575,0.1896943,-9.7718895,0.29726566,0.033479126,0.030604672,0.044623754,0,-2.96,-1.132,121.08
01:06.3,16,1.16,15.3719745,75.127272,626.499,0.052087313,120.4433,11.032,19.71,1.251,0.004394617,-0.01126121,0.000320092,-0.4647967,0.1653422,-9.776426,0.29783082,0.035610202,0.030856274,0.042013398,0,-2.96,-1.134,121.08
01:06.3,16,1.16,15.3719745,75.127272,626.5,0.04317407,103.3925,11.03,19.71,1.23,0.006731255,-0.012522245,0.001430366,-0.4743158,0.1538554,-9.7965405,0.29839598,0.037741278,0.031107876,0.039403042,0,-2.96,-1.136,121.08
01:06.3,16,1.16,15.37197449,75.12727201,626.494,0.054380843,103.54639,11.029,19.71,1.213,0.009067892,-0.01378328,0.00254064,-0.4838349,0.1423686,-9.816655,0.29896114,0.039872354,0.031359478,0.036792686,0,-2.96,-1.138,121.08
01:06.4,16,1.16,15.37197448,75.12727202,626.488,0.065587616,103.70028,11.028,19.71,1.196,0.003617837,-0.008017186,0.001435154,-0.60774705,0.2117707,-9.754134,0.2995263,0.04200343,0.03161108,0.03418233,0,-2.96,-1.14,121.08
01:06.4,16,1.16,15.37197447,75.12727203,626.482,0.076794389,103.85417,11.027,19.71,1.179,-0.001832218,-0.002251092,0.000329668,-0.7316592,0.2811728,-9.691613,0.2842674,0.043609276,0.03324149,0.036742494,0,-2.958,-1.14,121.08
01:06.4,16,1.16,15.37197446,75.12727204,626.476,0.088001162,104.00806,11.026,19.71,1.162,-0.001150967,-0.00137305,0.001092036,-0.6882386,0.2599292,-9.7421925,0.2690085,0.045215122,0.0348719,0.039302658,0,-2.956,-1.14,121.08
01:06.4,16,1.16,15.37197445,75.12727205,626.47,0.099207935,104.16195,11.025,19.71,1.145,-0.000469715,-0.000495007,0.001854405,-0.644818,0.2386856,-9.792772,0.2537496,0.046820968,0.03650231,0.041862822,0,-2.954,-1.14,121.08
01:06.4,16,1.16,15.37197444,75.12727206,626.464,0.110414708,104.31584,11.024,19.71,1.128,0.004289572,-0.007171664,0.002019423,-0.5925685,0.23537225,-9.7915635,0.2384907,0.048426814,0.03813272,0.044422986,0,-2.952,-1.14,121.08
01:06.5,16,1.16,15.37197443,75.12727207,626.458,0.121621481,104.46973,11.023,19.71,1.111,0.00904886,-0.01384832,0.00218444,-0.540319,0.2320589,-9.790355,0.2232318,0.05003266,0.03976313,0.04698315,0,-2.95,-1.14,121.08
01:06.5,16,1.16,15.37197442,75.12727208,626.452,0.132828254,104.62362,11.022,19.71,1.094,0.006562686,-0.01140736,0.002840637,-0.5119665,0.2127422,-9.7759665,0.255445,0.092576908,0.075006004,0.11433096,0,-2.95,-1.14,121.082
01:06.5,16,1.16,15.37197441,75.12727209,626.446,0.144035027,104.77751,11.021,19.71,1.077,0.004076511,-0.008966399,0.003496833,-0.483614,0.1934255,-9.761578,0.2876582,0.135121156,0.110248878,0.18167877,0,-2.95,-1.14,121.084
01:06.5,16,1.16,15.3719744,75.1272721,626.44,0.1552418,104.9314,11.02,19.71,1.06,0.006055152,-0.010256405,-0.001970823,-0.54531025,0.1553272,-9.782478,0.3198714,0.177665404,0.145491752,0.24902658,0,-2.95,-1.14,121.086
01:06.5,16,1.16,15.37197439,75.12727213,626.447,0.143324558,126.05059,11.019,19.711,1.104,0.008033792,-0.01154641,-0.007438479,-0.6070065,0.1172289,-9.803378,0.3520846,0.220209652,0.180734626,0.31637439,0,-2.95,-1.14,121.088
01:06.6,16,1.16,15.37197438,75.12727216,626.454,0.131407316,147.16978,11.018,19.712,1.148,0.007115686,-0.01252796,-0.003072399,-0.5329498,0.07837428,-9.7892075,0.3842978,0.2627539,0.2159775,0.3837222,0,-2.95,-1.14,121.09
01:06.6,16,1.16,15.37197437,75.12727219,626.461,0.119490074,168.28897,11.017,19.713,1.192,0.00619758,-0.01350951,0.00129368,-0.4588931,0.03951966,-9.775037,0.3803418,0.2775235,0.23602142,0.41846322,0,-2.95,-1.142,121.09
01:06.6,16,1.16,15.37197436,75.12727222,626.468,0.107572832,189.40816,11.016,19.714,1.236,0.00313902,-0.008044794,0.00392019,-0.5128525,0.12683733,-9.779037,0.3763858,0.2922931,0.25606534,0.45320424,0,-2.95,-1.144,121.09
01:06.6,16,1.16,15.37197435,75.12727225,626.475,0.09565559,210.52735,11.015,19.715,1.28,8.05E-05,-0.002580078,0.0065467,-0.5668119,0.214155,-9.783037,0.3724298,0.3070627,0.27610926,0.48794526,0,-2.95,-1.146,121.09
01:06.6,16,1.16,15.37197434,75.12727228,626.482,0.083738348,231.64654,11.014,19.716,1.324,0.004430148,-0.008472539,0.005540045,-0.52274195,0.2126724,-9.7868075,0.3684738,0.3218323,0.29615318,0.52268628,0,-2.95,-1.148,121.09
01:06.7,16,1.16,15.37197433,75.12727231,626.489,0.071821106,252.76573,11.013,19.717,1.368,0.008779835,-0.014365,0.00453339,-0.478672,0.2111898,-9.790578,0.3645178,0.3366019,0.3161971,0.5574273,0,-2.95,-1.15,121.09
01:06.7,16,1.16,15.37197432,75.12727234,626.496,0.059903864,273.88492,11.012,19.718,1.412,0.008293748,-0.01366768,0.001768651,-0.4954319,0.21630495,-9.7681175,0.37073438,0.32193528,0.30987072,0.52968146,0,-2.948,-1.152,121.09
01:06.7,16,1.16,15.37197431,75.12727237,626.503,0.047986622,295.00411,11.011,19.719,1.456,0.007807661,-0.01297036,-0.000996089,-0.5121918,0.2214201,-9.745657,0.37695096,0.30726866,0.30354434,0.50193562,0,-2.946,-1.154,121.09
01:06.7,16,1.16,15.3719743,75.1272724,626.51,0.03606938,316.1233,11.01,19.72,1.5,0.007964791,-0.012386965,-0.000662343,-0.5141258,0.20363065,-9.787034,0.38316754,0.29260204,0.29721796,0.47418978,0,-2.944,-1.156,121.09
01:06.7,16,1.16,15.37197429,75.12727238,626.503,0.045927212,301.61371,11.009,19.719,1.415,0.008121921,-0.01180357,-0.000328598,-0.5160598,0.1858412,-9.828411,0.38938412,0.27793542,0.29089158,0.44644394,0,-2.942,-1.158,121.09
01:06.8,16,1.16,15.37197428,75.12727236,626.496,0.055785044,287.10412,11.008,19.718,1.33,0.004781509,-0.007864307,0.000692932,-0.5482333,0.2259362,-9.7746445,0.3956007,0.2632688,0.2845652,0.4186981,0,-2.94,-1.16,121.09
01:06.8,16,1.16,15.37197427,75.12727234,626.489,0.065642876,272.59453,11.007,19.717,1.245,0.001441096,-0.003925043,0.001714462,-0.5804068,0.2660312,-9.720878,0.38994926,0.26330218,0.27776146,0.42531516,0,-2.942,-1.16,121.09
01:06.8,16,1.16,15.37197426,75.12727232,626.482,0.075500708,258.08494,11.006,19.716,1.16,-0.002638801,-0.000114401,0.00170563,-0.575285,0.26175695,-9.7826155,0.38429782,0.26333556,0.27095772,0.43193222,0,-2.944,-1.16,121.09
01:06.8,16,1.16,15.37197425,75.1272723,626.475,0.08535854,243.57535,11.005,19.715,1.075,-0.006718697,0.00369624,0.001696798,-0.5701632,0.2574827,-9.844353,0.37864638,0.26336894,0.26415398,0.43854928,0,-2.946,-1.16,121.09
01:06.8,16,1.16,15.37197424,75.12727228,626.468,0.095216372,229.06576,11.004,19.714,0.99,-0.000145563,-0.004614165,0.001567874,-0.5026399,0.2279366,-9.7899825,0.37299494,0.26340232,0.25735024,0.44516634,0,-2.948,-1.16,121.09
01:06.9,16,1.16,15.37197423,75.12727226,626.461,0.105074204,214.55617,11.003,19.713,0.905,0.006427571,-0.01292457,0.001438949,-0.4351166,0.1983905,-9.735612,0.3673435,0.2634357,0.2505465,0.4517834,0,-2.95,-1.16,121.09
01:06.9,16,1.16,15.37197422,75.12727224,626.454,0.114932036,200.04658,11.002,19.712,0.82,0.005521158,-0.01192896,0.002670861,-0.4581691,0.17714885,-9.7566635,0.34756346,0.29583532,0.24694426,0.49197614,0,-2.95,-1.162,121.092
01:06.9,16,1.16,15.37197421,75.12727222,626.447,0.124789868,185.53699,11.001,19.711,0.735,0.004614745,-0.01093335,0.003902773,-0.4812216,0.1559072,-9.777715,0.32778342,0.32823494,0.24334202,0.53216888,0,-2.95,-1.164,121.094
01:06.9,16,1.16,15.3719742,75.1272722,626.44,0.1346477,171.0274,11,19.71,0.65,0.006366664,-0.01340617,0.0016783,-0.4927871,0.17709995,-9.791376,0.30800338,0.36063456,0.23973978,0.57236162,0,-2.95,-1.166,121.096
01:06.9,16.1,1.156,15.37197418,75.12727219,626.436,0.1316007,174.06395,10.999,19.711,0.698,0.008118583,-0.01587899,-0.000546173,-0.5043526,0.1982927,-9.805037,0.28822334,0.39303418,0.23613754,0.61255436,0,-2.95,-1.168,121.098
01:07.0,16.2,1.152,15.37197416,75.12727218,626.432,0.1285537,177.1005,10.998,19.712,0.746,0.006725078,-0.01412052,-0.00032616,-0.5248726,0.18207135,-9.7781275,0.2684433,0.4254338,0.2325353,0.6527471,0,-2.95,-1.17,121.1
01:07.0,16.3,1.148,15.37197414,75.12727217,626.428,0.1255067,180.13705,10.997,19.713,0.794,0.005331572,-0.01236205,-0.000106147,-0.5453926,0.16585,-9.751218,0.27692048,0.75846044,0.53625544,0.74796188,0,-2.948,-1.172,121.098
01:07.0,16.4,1.144,15.37197412,75.12727216,626.424,0.1224597,183.1736,10.996,19.714,0.842,0.003117794,-0.008479593,0.000745902,-0.5429002,0.1984874,-9.7836405,0.28539766,1.09148708,0.83997558,0.84317666,0,-2.946,-1.174,121.096
01:07.0,16.5,1.14,15.3719741,75.12727215,626.42,0.1194127,186.21015,10.995,19.715,0.89,0.000904017,-0.004597136,0.001597952,-0.5404078,0.2311248,-9.816063,0.29387484,1.42451372,1.14369572,0.93839144,0,-2.944,-1.176,121.094
01:07.0,16.6,1.136,15.37197408,75.12727214,626.416,0.1163657,189.2467,10.994,19.716,0.938,0.003567683,-0.009414808,0.001729156,-0.5395427,0.19986765,-9.793648,0.30235202,1.75754036,1.44741586,1.03360622,0,-2.942,-1.178,121.092
01:07.1,16.7,1.132,15.37197406,75.12727213,626.412,0.1133187,192.28325,10.993,19.717,0.986,0.00623135,-0.01423248,0.00186036,-0.5386776,0.1686105,-9.771233,0.3108292,2.090567,1.751136,1.128821,0,-2.94,-1.18,121.09
01:07.1,16.8,1.128,15.37197404,75.12727212,626.408,0.1102717,195.3198,10.992,19.718,1.034,0.002735518,-0.009521893,0.001489932,-0.51661915,0.1864879,-9.7829825,0.33682582,1.72967204,1.45454766,0.99292806,0,-2.944,-1.178,121.09
01:07.1,16.9,1.124,15.37197402,75.12727211,626.404,0.1072247,198.35635,10.991,19.719,1.082,-0.000760313,-0.004811305,0.001119504,-0.4945607,0.2043653,-9.794732,0.36282244,1.36877708,1.15795932,0.85703512,0,-2.948,-1.176,121.09
01:07.1,17,1.12,15.371974,75.1272721,626.4,0.1041777,201.3929,10.99,19.72,1.13,0.002567913,-0.007786668,0.000773908,-0.482526,0.19018425,-9.81788,0.38881906,1.00788212,0.86137098,0.72114218,0,-2.952,-1.174,121.09
01:07.1,17,1.12,15.37197399,75.12727206,626.384,0.10445759,192.33429,10.989,19.72,1.12,0.00589614,-0.01076203,0.000428312,-0.4704913,0.1760032,-9.841028,0.41481568,0.64698716,0.56478264,0.58524924,0,-2.956,-1.172,121.09
01:07.2,17,1.12,15.37197398,75.12727202,626.368,0.10473748,183.27568,10.988,19.72,1.11,0.001891161,-0.004860879,0.001860743,-0.54401185,0.25580055,-9.7936515,0.4408123,0.2860922,0.2681943,0.4493563,0,-2.96,-1.17,121.09
01:07.2,17,1.12,15.37197397,75.12727198,626.352,0.10501737,174.21707,10.987,19.72,1.1,-0.002113819,0.001040272,0.003293175,-0.6175324,0.3355979,-9.746275,0.4255534,0.336762,0.27264018,0.51181118,0,-2.96,-1.17,121.09
01:07.2,17,1.12,15.37197396,75.12727194,626.336,0.10529726,165.15846,10.986,19.72,1.09,0.001859996,-0.004000443,0.001452821,-0.56774885,0.26746855,-9.7963485,0.4102945,0.3874318,0.27708606,0.57426606,0,-2.96,-1.17,121.09
01:07.2,17,1.12,15.37197395,75.1272719,626.32,0.10557715,156.09985,10.985,19.72,1.08,0.005833811,-0.009041157,-0.000387534,-0.5179653,0.1993392,-9.846422,0.3950356,0.4381016,0.28153194,0.63672094,0,-2.96,-1.17,121.09
01:07.2,17,1.12,15.37197394,75.12727186,626.304,0.10585704,147.04124,10.984,19.72,1.07,0.008379476,-0.012611119,0.001204133,-0.526669,0.22401665,-9.8183365,0.3797767,0.4887714,0.28597782,0.69917582,0,-2.96,-1.17,121.09
01:07.3,17,1.12,15.37197393,75.12727182,626.288,0.10613693,137.98263,10.983,19.72,1.06,0.01092514,-0.01618108,0.002795799,-0.5353727,0.2486941,-9.790251,0.3645178,0.5394412,0.2904237,0.7616307,0,-2.96,-1.17,121.09
01:07.3,17,1.12,15.37197392,75.12727178,626.272,0.10641682,128.92402,10.982,19.72,1.05,0.007796133,-0.014705145,0.003207093,-0.5344035,0.22508605,-9.791392,0.35717094,0.61487306,0.28622298,0.87845116,0,-2.96,-1.172,121.09
01:07.3,17,1.12,15.37197391,75.12727174,626.256,0.10669671,119.86541,10.981,19.72,1.04,0.004667126,-0.01322921,0.003618387,-0.5334343,0.201478,-9.792533,0.34982408,0.69030492,0.28202226,0.99527162,0,-2.96,-1.174,121.09
01:07.3,17,1.12,15.3719739,75.1272717,626.24,0.1069766,110.8068,10.98,19.72,1.03,0.005680201,-0.01226161,0.002402426,-0.52235425,0.2162052,-9.776777,0.34247722,0.76573678,0.27782154,1.11209208,0,-2.96,-1.176,121.09
01:07.3,17,1.12,15.37197389,75.12727172,626.236,0.10800285,109.559864,10.98,19.721,1.028,0.006693275,-0.01129401,0.001186465,-0.5112742,0.2309324,-9.761021,0.33513036,0.84116864,0.27362082,1.22891254,0,-2.96,-1.178,121.09
01:07.4,17,1.12,15.37197388,75.12727174,626.232,0.1090291,108.312928,10.98,19.722,1.026,0.007660757,-0.01368531,0.001117878,-0.4898875,0.2325308,-9.788131,0.3277835,0.9166005,0.2694201,1.345733,0,-2.96,-1.18,121.09
01:07.4,17,1.12,15.37197387,75.12727176,626.228,0.11005535,107.065992,10.98,19.723,1.024,0.008628238,-0.01607661,0.001049291,-0.4685008,0.2341292,-9.815241,0.3356955,0.8674119,0.26726404,1.2954538,0,-2.96,-1.18,121.088
01:07.4,17,1.12,15.37197386,75.12727178,626.224,0.1110816,105.819056,10.98,19.724,1.022,0.006426605,-0.014336555,0.002001426,-0.47763985,0.21420415,-9.812867,0.3436075,0.8182233,0.26510798,1.2451746,0,-2.96,-1.18,121.086
01:07.4,17,1.12,15.37197385,75.1272718,626.22,0.11210785,104.57212,10.98,19.725,1.02,0.004224972,-0.0125965,0.00295356,-0.4867789,0.1942791,-9.810493,0.3515195,0.7690347,0.26295192,1.1948954,0,-2.96,-1.18,121.084
01:07.4,17,1.12,15.37197384,75.12727182,626.216,0.1131341,103.325184,10.98,19.726,1.018,0.005884545,-0.01254921,0.002257724,-0.52447645,0.2040846,-9.797404,0.3594315,0.7198461,0.26079586,1.1446162,0,-2.96,-1.18,121.082
01:07.5,17,1.12,15.37197383,75.12727184,626.212,0.11416035,102.078248,10.98,19.727,1.016,0.007544117,-0.01250192,0.001561889,-0.562174,0.2138901,-9.784315,0.3673435,0.6706575,0.2586398,1.094337,0,-2.96,-1.18,121.08
01:07.5,17,1.12,15.37197382,75.12727186,626.208,0.1151866,100.831312,10.98,19.728,1.014,0.006471922,-0.012465405,0.000817783,-0.5215595,0.18765855,-9.787044,0.36112692,0.63496894,0.26171726,1.04423716,0,-2.96,-1.18,121.08
01:07.5,17,1.12,15.37197381,75.12727188,626.204,0.11621285,99.584376,10.98,19.729,1.012,0.005399727,-0.01242889,7.37E-05,-0.480945,0.161427,-9.789773,0.35491034,0.59928038,0.26479472,0.99413732,0,-2.96,-1.18,121.08
01:07.5,17,1.12,15.3719738,75.1272719,626.2,0.1172391,98.33744,10.98,19.73,1.01,0.002577747,-0.009508168,-0.00024979,-0.5022261,0.22708675,-9.786761,0.34869376,0.56359182,0.26787218,0.94403748,0,-2.96,-1.18,121.08
01:07.5,17,1.12,15.3719738,75.12727194,626.206,0.114443796,95.944415,10.979,19.731,1.019,-0.000244234,-0.006587446,-0.000573256,-0.5235072,0.2927465,-9.783749,0.34247718,0.52790326,0.27094964,0.89393764,0,-2.96,-1.18,121.08
01:07.6,17,1.12,15.3719738,75.12727198,626.212,0.111648492,93.55139,10.978,19.732,1.028,0.004322046,-0.010742068,-6.64E-06,-0.5050607,0.25201255,-9.756589,0.3362606,0.4922147,0.2740271,0.8438378,0,-2.96,-1.18,121.08
01:07.6,17,1.12,15.3719738,75.12727202,626.218,0.108853188,91.158365,10.977,19.733,1.037,0.008888325,-0.01489669,0.000559968,-0.4866142,0.2112786,-9.729429,0.34304234,0.50083862,0.28519058,0.83040508,0,-2.962,-1.18,121.078
01:07.6,17,1.12,15.3719738,75.12727206,626.224,0.106057884,88.76534,10.976,19.734,1.046,0.007041234,-0.012623315,0.000809962,-0.49706535,0.19419295,-9.7598315,0.34982408,0.50946254,0.29635406,0.81697236,0,-2.964,-1.18,121.076
01:07.6,17,1.12,15.3719738,75.1272721,626.23,0.10326258,86.372315,10.975,19.735,1.055,0.005194143,-0.01034994,0.001059956,-0.5075165,0.1771073,-9.790234,0.35660582,0.51808646,0.30751754,0.80353964,0,-2.966,-1.18,121.074
01:07.6,17,1.12,15.3719738,75.12727214,626.236,0.100467276,83.97929,10.974,19.736,1.064,0.005214636,-0.01073731,0.001126738,-0.4925742,0.20686575,-9.766351,0.36338756,0.52671038,0.31868102,0.79010692,0,-2.968,-1.18,121.072
01:07.7,17,1.12,15.3719738,75.12727218,626.242,0.097671972,81.586265,10.973,19.737,1.073,0.005235129,-0.01112468,0.00119352,-0.4776319,0.2366242,-9.742468,0.3701693,0.5353343,0.3298445,0.7766742,0,-2.97,-1.18,121.07
01:07.7,17,1.12,15.3719738,75.12727222,626.248,0.094876668,79.19324,10.972,19.738,1.082,0.002240766,-0.005119131,0.001636582,-0.4927263,0.2485987,-9.768768,0.369039,0.53312104,0.34037884,0.7709666,0,-2.97,-1.18,121.07
01:07.7,17,1.12,15.3719738,75.12727226,626.254,0.092081364,76.800215,10.971,19.739,1.091,-0.000753597,0.000886418,0.002079644,-0.5078207,0.2605732,-9.795068,0.3679087,0.53090778,0.35091318,0.765259,0,-2.97,-1.18,121.07
01:07.7,17,1.12,15.3719738,75.1272723,626.26,0.08928606,74.40719,10.97,19.74,1.1,-0.000212502,-0.000136803,-0.000724885,-0.5626225,0.27616185,-9.8017405,0.3667784,0.52869452,0.36144752,0.7595514,0,-2.97,-1.18,121.07
01:07.7,17,1.12,15.37197379,75.12727231,626.26,0.089275974,83.204241,10.969,19.74,1.114,0.000328593,-0.001160024,-0.003529414,-0.6174243,0.2917505,-9.808413,0.3656481,0.52648126,0.37198186,0.7538438,0,-2.97,-1.18,121.07
01:07.8,17,1.12,15.37197378,75.12727232,626.26,0.089265888,92.001292,10.968,19.74,1.128,0.003197793,-0.006051127,-0.001791844,-0.51523715,0.24486945,-9.7790415,0.3645178,0.524268,0.3825162,0.7481362,0,-2.97,-1.18,121.07
01:07.8,17,1.12,15.37197377,75.12727233,626.26,0.089255802,100.798343,10.967,19.74,1.142,0.006066994,-0.01094223,-5.43E-05,-0.41305,0.1979884,-9.74967,0.38655842,0.7526778,0.80458576,0.88666136,0,-2.97,-1.18,121.07
01:07.8,17,1.12,15.37197376,75.12727234,626.26,0.089245716,109.595394,10.966,19.74,1.156,0.007903509,-0.01280396,0.000927704,-0.4818724,0.20113815,-9.7745415,0.40859904,0.9810876,1.22665532,1.02518652,0,-2.97,-1.18,121.07
01:07.8,17,1.12,15.37197375,75.12727235,626.26,0.08923563,118.392445,10.965,19.74,1.17,0.009740023,-0.01466569,0.001909682,-0.5506948,0.2042879,-9.799413,0.43063966,1.2094974,1.64872488,1.16371168,0,-2.97,-1.18,121.07
01:07.8,17,1.12,15.37197374,75.12727236,626.26,0.089225544,127.189496,10.964,19.74,1.184,0.007025556,-0.011536916,0.001392937,-0.50756035,0.182998,-9.7973155,0.45268028,1.4379072,2.07079444,1.30223684,0,-2.97,-1.18,121.07
01:07.9,17,1.12,15.37197373,75.12727237,626.26,0.089215458,135.986547,10.963,19.74,1.198,0.004311089,-0.008408141,0.000876193,-0.4644259,0.1617081,-9.795218,0.4747209,1.666317,2.492864,1.440762,0,-2.97,-1.18,121.07
01:07.9,17,1.12,15.37197372,75.12727238,626.26,0.089205372,144.783598,10.962,19.74,1.212,0.00553532,-0.01087527,0.001212787,-0.48000295,0.15651515,-9.78095,0.43685626,1.46460942,2.07199576,1.358095,0,-2.972,-1.178,121.072
01:07.9,17,1.12,15.37197371,75.12727239,626.26,0.089195286,153.580649,10.961,19.74,1.226,0.006759551,-0.0133424,0.001549382,-0.49558,0.1513222,-9.766682,0.39899162,1.26290184,1.65112752,1.275428,0,-2.974,-1.176,121.074
01:07.9,17,1.12,15.3719737,75.1272724,626.26,0.0891852,162.3777,10.96,19.74,1.24,0.00310802,-0.007556587,0.000843481,-0.52037345,0.2239963,-9.751049,0.36112698,1.06119426,1.23025928,1.192761,0,-2.976,-1.174,121.076
01:07.9,17,1.12,15.37197368,75.12727251,626.28,0.0943397,157.0478,10.959,19.74,1.199,-0.000543511,-0.001770774,0.00013758,-0.5451669,0.2966704,-9.735416,0.32326234,0.85948668,0.80939104,1.110094,0,-2.978,-1.172,121.078
01:08.0,17,1.12,15.37197366,75.12727262,626.3,0.0994942,151.7179,10.958,19.74,1.158,0.001558491,-0.006585102,0.000631806,-0.52458405,0.2087316,-9.779048,0.2853977,0.6577791,0.3885228,1.027427,0,-2.98,-1.17,121.08
01:08.0,17,1.12,15.37197364,75.12727273,626.32,0.1046487,146.388,10.957,19.74,1.117,0.003660492,-0.01139943,0.001126031,-0.5040012,0.1207928,-9.82268,0.27918112,0.65416366,0.3823918,1.00614982,0,-2.982,-1.17,121.078
01:08.0,17,1.12,15.37197362,75.12727284,626.34,0.1098032,141.0581,10.956,19.74,1.076,0.00306145,-0.0110033,0.001474821,-0.50389875,0.12643895,-9.7853145,0.27296454,0.65054822,0.3762608,0.98487264,0,-2.984,-1.17,121.076
01:08.0,17,1.12,15.3719736,75.12727295,626.36,0.1149577,135.7282,10.955,19.74,1.035,0.002462408,-0.01060717,0.001823611,-0.5037963,0.1320851,-9.747949,0.26674796,0.64693278,0.3701298,0.96359546,0,-2.986,-1.17,121.074
01:08.0,17,1.12,15.37197358,75.12727306,626.38,0.1201122,130.3983,10.954,19.74,0.994,0.00572689,-0.01198757,0.001241321,-0.5144513,0.1654097,-9.7594945,0.26053138,0.64331734,0.3639988,0.94231828,0,-2.988,-1.17,121.072
01:08.1,17,1.12,15.37197356,75.12727317,626.4,0.1252667,125.0684,10.953,19.74,0.953,0.008991372,-0.01336797,0.000659031,-0.5251063,0.1987343,-9.77104,0.2543148,0.6397019,0.3578678,0.9210411,0,-2.99,-1.17,121.07
01:08.1,17,1.12,15.37197354,75.12727328,626.42,0.1304212,119.7385,10.952,19.74,0.912,0.010187886,-0.015513055,0.001906525,-0.5024851,0.1613753,-9.760742,0.23736048,0.64090672,0.35890136,0.93386844,0,-2.986,-1.174,121.07
01:08.1,17,1.12,15.37197352,75.12727339,626.44,0.1355757,114.4086,10.951,19.74,0.871,0.0113844,-0.01765814,0.003154018,-0.4798639,0.1240163,-9.750444,0.22040616,0.64211154,0.35993492,0.94669578,0,-2.982,-1.178,121.07
01:08.1,17,1.12,15.3719735,75.1272735,626.46,0.1407302,109.0787,10.95,19.74,0.83,0.005431893,-0.01246951,0.002115768,-0.5371221,0.1918111,-9.7553475,0.20345184,0.64331636,0.36096848,0.95952312,0,-2.978,-1.182,121.07
01:08.1,17,1.12,15.37197349,75.12727358,626.469,0.15654899,108.2116,10.949,19.74,0.815,-0.000520613,-0.007280879,0.001077517,-0.5943803,0.2596059,-9.760251,0.18649752,0.64452118,0.36200204,0.97235046,0,-2.974,-1.186,121.07
01:08.2,17,1.12,15.37197348,75.12727366,626.478,0.17236778,107.3445,10.948,19.74,0.8,0.000492751,-0.007193755,0.000418247,-0.54103085,0.21161375,-9.7748185,0.1695432,0.645726,0.3630356,0.9851778,0,-2.97,-1.19,121.07
01:08.2,17,1.12,15.37197347,75.12727374,626.487,0.18818657,106.4774,10.947,19.74,0.785,0.001506116,-0.007106632,-0.000241023,-0.4876814,0.1636216,-9.789386,0.19440952,0.64930414,0.35907964,1.01662904,0,-2.97,-1.19,121.07
01:08.2,17,1.12,15.37197346,75.12727382,626.496,0.20400536,105.6103,10.946,19.74,0.77,0.003828353,-0.008451888,0.000961495,-0.49595755,0.1761918,-9.757372,0.21927584,0.65288228,0.35512368,1.04808028,0,-2.97,-1.19,121.07
01:08.2,17,1.12,15.37197345,75.1272739,626.505,0.21982415,104.7432,10.945,19.74,0.755,0.00615059,-0.009797143,0.002164013,-0.5042337,0.188762,-9.725358,0.24414216,0.65646042,0.35116772,1.07953152,0,-2.97,-1.19,121.07
01:08.2,17,1.12,15.37197344,75.12727398,626.514,0.23564294,103.8761,10.944,19.74,0.74,0.007373042,-0.011636717,0.001790249,-0.5174306,0.1775087,-9.795652,0.26900848,0.66003856,0.34721176,1.11098276,0,-2.97,-1.19,121.07
01:08.3,17,1.12,15.37197343,75.12727406,626.523,0.25146173,103.009,10.943,19.74,0.725,0.008595495,-0.01347629,0.001416485,-0.5306275,0.1662554,-9.865946,0.2938748,0.6636167,0.3432558,1.142434,0,-2.97,-1.19,121.07
01:08.3,17,1.12,15.37197342,75.12727414,626.532,0.26728052,102.1419,10.942,19.74,0.71,0.007843138,-0.011181564,0.001601514,-0.5587351,0.16770585,-9.827799,0.29274452,0.63305674,0.33198346,1.09348764,0,-2.97,-1.19,121.07
01:08.3,17,1.12,15.37197341,75.12727422,626.541,0.28309931,101.2748,10.941,19.74,0.695,0.007090781,-0.008886838,0.001786543,-0.5868427,0.1691563,-9.789652,0.29161424,0.60249678,0.32071112,1.04454128,0,-2.97,-1.19,121.07
01:08.3,17,1.12,15.3719734,75.1272743,626.55,0.2989181,100.4077,10.94,19.74,0.68,0.000551095,-0.003959432,0.001635177,-0.57718755,0.20966615,-9.741523,0.29048396,0.57193682,0.30943878,0.99559492,0,-2.97,-1.19,121.07
01:08.3,17,1.12,15.3719734,75.12727436,626.544,0.29050488,101.35384,10.939,19.739,0.685,-0.005988591,0.000967975,0.00148381,-0.5675324,0.250176,-9.693394,0.28935368,0.54137686,0.29816644,0.94664856,0,-2.97,-1.19,121.07
01:08.4,17,1.12,15.3719734,75.12727442,626.538,0.28209166,102.29998,10.938,19.738,0.69,-0.001035831,-0.004218685,0.001696258,-0.55423915,0.19215215,-9.757721,0.2882234,0.5108169,0.2868941,0.8977022,0,-2.97,-1.19,121.07
01:08.4,17,1.12,15.3719734,75.12727448,626.532,0.27367844,103.24612,10.937,19.737,0.695,0.003916929,-0.009405345,0.001908706,-0.5409459,0.1341283,-9.822048,0.31817602,0.476736,0.29548728,0.82820964,0,-2.97,-1.188,121.07
01:08.4,17,1.12,15.3719734,75.12727454,626.526,0.26526522,104.19226,10.936,19.736,0.7,0.003989219,-0.008580597,0.002027647,-0.51950065,0.1929359,-9.8010555,0.34812864,0.4426551,0.30408046,0.75871708,0,-2.97,-1.186,121.07
01:08.4,17,1.12,15.3719734,75.1272746,626.52,0.256852,105.1384,10.935,19.735,0.705,0.004061508,-0.007755849,0.002146587,-0.4980554,0.2517435,-9.780063,0.37808126,0.4085742,0.31267364,0.68922452,0,-2.97,-1.184,121.07
01:08.4,17,1.12,15.3719734,75.12727466,626.514,0.24843878,106.08454,10.934,19.734,0.71,0.007532914,-0.009333505,0.00206288,-0.5087809,0.2565477,-9.7870855,0.40803388,0.3744933,0.32126682,0.61973196,0,-2.97,-1.182,121.07
01:08.5,17,1.12,15.3719734,75.12727472,626.508,0.24002556,107.03068,10.933,19.733,0.715,0.01100432,-0.01091116,0.001979172,-0.5195064,0.2613519,-9.794108,0.4379865,0.3404124,0.32986,0.5502394,0,-2.97,-1.18,121.07
01:08.5,17,1.12,15.3719734,75.12727478,626.502,0.23161234,107.97682,10.932,19.732,0.72,0.008763068,-0.010974345,0.001766079,-0.55094245,0.2329316,-9.800994,0.39560072,0.3244784,0.32623178,0.54115376,0,-2.972,-1.18,121.07
01:08.5,17,1.12,15.3719734,75.12727484,626.496,0.22319912,108.92296,10.931,19.731,0.725,0.006521816,-0.01103753,0.001552985,-0.5823785,0.2045113,-9.80788,0.35321494,0.3085444,0.32260356,0.53206812,0,-2.974,-1.18,121.07
01:08.5,17,1.12,15.3719734,75.1272749,626.49,0.2147859,109.8691,10.93,19.73,0.73,0.004889968,-0.009040906,0.001691928,-0.5415137,0.232585,-9.8105565,0.31082916,0.2926104,0.31897534,0.52298248,0,-2.976,-1.18,121.07
01:08.5,17,1.12,15.37197339,75.12727493,626.484,0.20851422,108.828422,10.928,19.73,0.749,0.003258121,-0.007044281,0.00183087,-0.5006489,0.2606587,-9.813233,0.26844338,0.2766764,0.31534712,0.51389684,0,-2.978,-1.18,121.07
01:08.6,17,1.12,15.37197338,75.12727496,626.478,0.20224254,107.787744,10.926,19.73,0.768,0.006388679,-0.007680743,0.00203491,-0.52487575,0.25264035,-9.8111115,0.2260576,0.2607424,0.3117189,0.5048112,0,-2.98,-1.18,121.07
01:08.6,17,1.12,15.37197337,75.12727499,626.472,0.19597086,106.747066,10.924,19.73,0.787,0.009519238,-0.008317204,0.002238949,-0.5491026,0.244622,-9.80899,0.24753306,0.53595472,0.74703592,0.72230156,0,-2.978,-1.18,121.07
01:08.6,17,1.12,15.37197336,75.12727502,626.466,0.18969918,105.706388,10.922,19.73,0.806,0.00870929,-0.010860857,0.002443628,-0.5309767,0.2136318,-9.8111935,0.26900852,0.81116704,1.18235294,0.93979192,0,-2.976,-1.18,121.07
01:08.6,17,1.12,15.37197335,75.12727505,626.46,0.1834275,104.66571,10.92,19.73,0.825,0.007899341,-0.01340451,0.002648306,-0.5128508,0.1826416,-9.813397,0.29048398,1.08637936,1.61766996,1.15728228,0,-2.974,-1.18,121.07
01:08.6,17,1.12,15.37197334,75.12727508,626.454,0.17715582,103.625032,10.918,19.73,0.844,0.008318747,-0.01270371,0.001765623,-0.5138052,0.19351635,-9.7964305,0.31195944,1.36159168,2.05298698,1.37477264,0,-2.972,-1.18,121.07
01:08.7,17,1.12,15.37197333,75.12727511,626.448,0.17088414,102.584354,10.916,19.73,0.863,0.008738152,-0.01200291,0.00088294,-0.5147596,0.2043911,-9.779464,0.3334349,1.636804,2.488304,1.592263,0,-2.97,-1.18,121.07
01:08.7,17,1.12,15.37197332,75.12727514,626.442,0.16461246,101.543676,10.914,19.73,0.882,0.008727608,-0.012299505,0.00147468,-0.49758655,0.2078229,-9.7695315,0.34304234,1.41708298,2.0435609,1.44343944,0,-2.968,-1.18,121.07
01:08.7,17,1.12,15.37197331,75.12727517,626.436,0.15834078,100.502998,10.912,19.73,0.901,0.008717063,-0.0125961,0.002066419,-0.4804135,0.2112547,-9.759599,0.35264978,1.19736196,1.5988178,1.29461588,0,-2.966,-1.18,121.07
01:08.7,17,1.12,15.3719733,75.1272752,626.43,0.1520691,99.46232,10.91,19.73,0.92,0.003882769,-0.00676504,0.002440382,-0.4887701,0.2545968,-9.757927,0.36225722,0.97764094,1.1540747,1.14579232,0,-2.964,-1.18,121.07
01:08.7,17,1.12,15.3719733,75.12727521,626.421,0.15461071,99.653408,10.909,19.729,0.922,-0.000951525,-0.00093398,0.002814344,-0.4971267,0.2979389,-9.756255,0.37186466,0.75791992,0.7093316,0.99696876,0,-2.962,-1.18,121.07
01:08.8,17,1.12,15.3719733,75.12727522,626.412,0.15715232,99.844496,10.908,19.728,0.924,0.004023324,-0.00818333,0.002580972,-0.50466415,0.2743997,-9.787116,0.3814721,0.5381989,0.2645885,0.8481452,0,-2.96,-1.18,121.07
01:08.8,17,1.12,15.3719733,75.12727523,626.403,0.15969393,100.035584,10.907,19.727,0.926,0.008998172,-0.01543268,0.002347599,-0.5122016,0.2508605,-9.817977,0.36282236,0.57437004,0.2736044,0.89944656,0,-2.96,-1.182,121.07
01:08.8,17,1.12,15.3719733,75.12727524,626.394,0.16223554,100.226672,10.906,19.726,0.928,0.007053217,-0.01470575,0.002168318,-0.50573745,0.2175747,-9.7934955,0.34417262,0.61054118,0.2826203,0.95074792,0,-2.96,-1.184,121.07
01:08.8,17,1.12,15.3719733,75.12727525,626.385,0.16477715,100.41776,10.905,19.725,0.93,0.005108261,-0.01397882,0.001989036,-0.4992733,0.1842889,-9.769014,0.32552288,0.64671232,0.2916362,1.00204928,0,-2.96,-1.186,121.07
01:08.8,17,1.12,15.3719733,75.12727526,626.376,0.16731876,100.608848,10.904,19.724,0.932,0.006054151,-0.0144712,0.002427701,-0.489387,0.20796965,-9.7532535,0.30687314,0.68288346,0.3006521,1.05335064,0,-2.96,-1.188,121.07
01:08.9,17,1.12,15.3719733,75.12727527,626.367,0.16986037,100.799936,10.903,19.723,0.934,0.007000041,-0.01496358,0.002866367,-0.4795007,0.2316504,-9.737493,0.2882234,0.7190546,0.309668,1.104652,0,-2.96,-1.19,121.07
01:08.9,17,1.12,15.3719733,75.12727528,626.358,0.17240198,100.991024,10.902,19.722,0.936,0.008191029,-0.01400394,0.002892596,-0.51171245,0.20824,-9.73387,0.302352,0.75340516,0.30542978,1.1492692,0,-2.96,-1.188,121.07
01:08.9,17,1.12,15.3719733,75.12727529,626.349,0.17494359,101.182112,10.901,19.721,0.938,0.009382016,-0.0130443,0.002918824,-0.5439242,0.1848296,-9.730247,0.3164806,0.78775572,0.30119156,1.1938864,0,-2.96,-1.186,121.07
01:08.9,17,1.12,15.3719733,75.1272753,626.34,0.1774852,101.3732,10.9,19.72,0.94,0.003240663,-0.007961642,0.002120706,-0.5530876,0.2419057,-9.7490665,0.3306092,0.82210628,0.29695334,1.2385036,0,-2.96,-1.184,121.07
01:08.9,17,1.12,15.3719733,75.12727531,626.326,0.17640431,101.98154,10.899,19.72,0.924,-0.00290069,-0.002878983,0.001322588,-0.562251,0.2989818,-9.767886,0.3447378,0.85645684,0.29271512,1.2831208,0,-2.96,-1.182,121.07
01:09.0,17,1.12,15.3719733,75.12727532,626.312,0.17532342,102.58988,10.898,19.72,0.908,0.00127392,-0.005896969,0.000637036,-0.5169365,0.2913632,-9.7523405,0.3588664,0.8908074,0.2884769,1.327738,0,-2.96,-1.18,121.07
01:09.0,17,1.12,15.3719733,75.12727533,626.298,0.17424253,103.19822,10.897,19.72,0.892,0.00544853,-0.008914955,-4.85E-05,-0.471622,0.2837446,-9.736795,0.36508298,0.8518836,0.27822374,1.283128,0,-2.96,-1.18,121.07
01:09.0,17,1.12,15.3719733,75.12727534,626.284,0.17316164,103.80656,10.896,19.72,0.876,0.006705899,-0.011854893,-0.000103814,-0.455949,0.2126435,-9.7700875,0.37129956,0.8129598,0.26797058,1.238518,0,-2.96,-1.18,121.07
01:09.0,17,1.12,15.3719733,75.12727535,626.27,0.17208075,104.4149,10.895,19.72,0.86,0.007963267,-0.01479483,-0.000159112,-0.440276,0.1415424,-9.80338,0.37751614,0.774036,0.25771742,1.193908,0,-2.96,-1.18,121.07
01:09.0,17,1.12,15.3719733,75.12727536,626.256,0.17099986,105.02324,10.894,19.72,0.844,0.006837513,-0.01311794,-0.000499801,-0.49883095,0.1520787,-9.7913245,0.38373272,0.7351122,0.24746426,1.149298,0,-2.96,-1.18,121.07
01:09.1,17,1.12,15.3719733,75.12727537,626.242,0.16991897,105.63158,10.893,19.72,0.828,0.005711759,-0.01144105,-0.000840491,-0.5573859,0.162615,-9.779269,0.3899493,0.6961884,0.2372111,1.104688,0,-2.96,-1.18,121.07
01:09.1,17,1.12,15.3719733,75.12727538,626.228,0.16883808,106.23992,10.892,19.72,0.812,0.007467542,-0.011098185,-0.000994797,-0.5304757,0.18226795,-9.764315,0.36621326,0.647681,0.23705832,1.05424562,0,-2.958,-1.182,121.068
01:09.1,17,1.12,15.3719733,75.12727539,626.214,0.16775719,106.84826,10.891,19.72,0.796,0.009223324,-0.01075532,-0.001149102,-0.5035655,0.2019209,-9.749361,0.34247722,0.5991736,0.23690554,1.00380324,0,-2.956,-1.184,121.066
01:09.1,17,1.12,15.3719733,75.1272754,626.2,0.1666763,107.4566,10.89,19.72,0.78,0.003865808,-0.006953386,-0.000143878,-0.5156147,0.2341307,-9.7543935,0.31874118,0.5506662,0.23675276,0.95336086,0,-2.954,-1.186,121.064
01:09.1,17,1.12,15.3719733,75.1272754,626.185,0.16641964,105.920465,10.889,19.721,0.774,-0.001491708,-0.003151451,0.000861346,-0.5276639,0.2663405,-9.759426,0.29500514,0.5021588,0.23659998,0.90291848,0,-2.952,-1.188,121.062
01:09.2,17,1.12,15.3719733,75.1272754,626.17,0.16616298,104.38433,10.888,19.722,0.768,0.000476618,-0.005467349,0.000622816,-0.53320135,0.2127046,-9.7674155,0.2712691,0.4536514,0.2364472,0.8524761,0,-2.95,-1.19,121.06
01:09.2,17,1.12,15.3719733,75.1272754,626.155,0.16590632,102.848195,10.887,19.723,0.762,0.002444943,-0.007783247,0.000384286,-0.5387388,0.1590687,-9.775405,0.26957366,0.44025594,0.24334796,0.80331102,0,-2.95,-1.19,121.06
01:09.2,17,1.12,15.3719733,75.1272754,626.14,0.16564966,101.31206,10.886,19.724,0.756,0.006271242,-0.009064689,-0.000556297,-0.48546505,0.1929408,-9.7656315,0.26787822,0.42686048,0.25024872,0.75414594,0,-2.95,-1.19,121.06
01:09.2,17,1.12,15.3719733,75.1272754,626.125,0.165393,99.775925,10.885,19.725,0.75,0.01009754,-0.01034613,-0.001496881,-0.4321913,0.2268129,-9.755858,0.26618278,0.41346502,0.25714948,0.70498086,0,-2.95,-1.19,121.06
01:09.2,17,1.12,15.3719733,75.1272754,626.11,0.16513634,98.23979,10.884,19.726,0.744,0.008580254,-0.01155866,-0.000903981,-0.47159485,0.20061295,-9.761565,0.26448734,0.40006956,0.26405024,0.65581578,0,-2.95,-1.19,121.06
01:09.3,17,1.12,15.3719733,75.1272754,626.095,0.16487968,96.703655,10.883,19.727,0.738,0.007062967,-0.01277119,-0.000311082,-0.5109984,0.174413,-9.767272,0.2627919,0.3866741,0.270951,0.6066507,0,-2.95,-1.19,121.06
01:09.3,17,1.12,15.3719733,75.1272754,626.08,0.16462302,95.16752,10.882,19.728,0.732,0.007591722,-0.012784795,0.000443497,-0.536893,0.1722486,-9.786643,0.25092388,0.39216962,0.29371904,0.60239594,0,-2.95,-1.19,121.058
01:09.3,17,1.12,15.3719733,75.1272754,626.065,0.16436636,93.631385,10.881,19.729,0.726,0.008120477,-0.0127984,0.001198075,-0.5627876,0.1700842,-9.806014,0.23905586,0.39766514,0.31648708,0.59814118,0,-2.95,-1.19,121.056
01:09.3,17,1.12,15.3719733,75.1272754,626.05,0.1641097,92.09525,10.88,19.73,0.72,0.003537364,-0.006907773,0.000175492,-0.56664025,0.22935225,-9.7609885,0.22718784,0.40316066,0.33925512,0.59388642,0,-2.95,-1.19,121.054
01:09.3,17,1.12,15.3719733,75.12727544,626.044,0.16817799,91.381479,10.879,19.73,0.719,-0.001045748,-0.001017145,-0.00084709,-0.5704929,0.2886203,-9.715963,0.21531982,0.40865618,0.36202316,0.58963166,0,-2.95,-1.19,121.052
01:09.4,17,1.12,15.3719733,75.12727548,626.038,0.17224628,90.667708,10.878,19.73,0.718,0.003195717,-0.006112097,0.000732606,-0.5317669,0.193289045,-9.7771225,0.2034518,0.4141517,0.3847912,0.5853769,0,-2.95,-1.19,121.05
01:09.4,17,1.12,15.3719733,75.12727552,626.032,0.17631457,89.953937,10.877,19.73,0.717,0.007437183,-0.01120705,0.002312303,-0.4930409,0.09795779,-9.838282,0.22040612,0.79400736,0.68945756,0.74695392,0,-2.948,-1.192,121.05
01:09.4,17,1.12,15.3719733,75.12727556,626.026,0.18038286,89.240166,10.876,19.73,0.716,0.009548366,-0.013852295,0.00162359,-0.4989765,0.121425545,-9.813523,0.23736044,1.17386302,0.99412392,0.90853094,0,-2.946,-1.194,121.05
01:09.4,17,1.12,15.3719733,75.1272756,626.02,0.18445115,88.526395,10.875,19.73,0.715,0.01165955,-0.01649754,0.000934876,-0.5049121,0.1448933,-9.788764,0.25431476,1.55371868,1.29879028,1.07010796,0,-2.944,-1.196,121.05
01:09.4,17,1.12,15.3719733,75.12727564,626.014,0.18851944,87.812624,10.874,19.73,0.714,0.007273063,-0.012835644,0.002169797,-0.51174805,0.1630216,-9.7660695,0.27126908,1.93357434,1.60345664,1.23168498,0,-2.942,-1.198,121.05
01:09.5,17,1.12,15.3719733,75.12727568,626.008,0.19258773,87.098853,10.873,19.73,0.713,0.002886577,-0.009173748,0.003404718,-0.518584,0.1811499,-9.743375,0.2882234,2.31343,1.908123,1.393262,0,-2.94,-1.2,121.05
01:09.5,17,1.12,15.3719733,75.12727572,626.002,0.19665602,86.385082,10.872,19.73,0.712,0.005195993,-0.012120994,0.00374544,-0.48866,0.19330635,-9.777711,0.30065656,1.93206174,1.5993793,1.2285,0,-2.942,-1.2,121.052
01:09.5,17,1.12,15.3719733,75.12727576,625.996,0.20072431,85.671311,10.871,19.73,0.711,0.007505408,-0.01506824,0.004086161,-0.458736,0.2054628,-9.812047,0.31308972,1.55069348,1.2906356,1.063738,0,-2.944,-1.2,121.054
01:09.5,17,1.12,15.3719733,75.1272758,625.99,0.2047926,84.95754,10.87,19.73,0.71,0.00261102,-0.008148183,0.004062579,-0.52346285,0.26495075,-9.769171,0.32552288,1.16932522,0.9818919,0.898976,0,-2.946,-1.2,121.056
01:09.5,17,1.12,15.3719733,75.12727587,625.992,0.20316036,86.562966,10.869,19.731,0.708,-0.002283368,-0.001228125,0.004038997,-0.5881897,0.3244387,-9.726295,0.33795604,0.78795696,0.6731482,0.734214,0,-2.948,-1.2,121.058
01:09.6,17,1.12,15.3719733,75.12727594,625.994,0.20152812,88.168392,10.868,19.732,0.706,0.000507616,-0.006507873,0.002885535,-0.5444344,0.2503364,-9.770678,0.3503892,0.4065887,0.3644045,0.569452,0,-2.95,-1.2,121.06
01:09.6,17,1.12,15.3719733,75.12727601,625.996,0.19989588,89.773818,10.867,19.733,0.704,0.003298599,-0.01178762,0.001732073,-0.5006791,0.1762341,-9.815061,0.35321492,0.38829426,0.36903644,0.5386585,0,-2.95,-1.2,121.058
01:09.6,17,1.12,15.3719733,75.12727608,625.998,0.19826364,91.379244,10.866,19.734,0.702,0.006554596,-0.01268965,0.002149624,-0.53018945,0.18292925,-9.788255,0.35604064,0.36999982,0.37366838,0.507865,0,-2.95,-1.2,121.056
01:09.6,17,1.12,15.3719733,75.12727615,626,0.1966314,92.98467,10.865,19.735,0.7,0.009810593,-0.01359168,0.002567174,-0.5596998,0.1896244,-9.761449,0.35886636,0.35170538,0.37830032,0.4770715,0,-2.95,-1.2,121.054
01:09.6,17,1.12,15.3719733,75.12727622,626.002,0.19499916,94.590096,10.864,19.736,0.698,0.006056611,-0.011587904,0.002922014,-0.5276143,0.1613651,-9.7772905,0.36169208,0.33341094,0.38293226,0.446278,0,-2.95,-1.2,121.052
01:09.7,17,1.12,15.3719733,75.12727629,626.004,0.19336692,96.195522,10.863,19.737,0.696,0.002302629,-0.009584127,0.003276854,-0.4955288,0.1331058,-9.793132,0.3645178,0.3151165,0.3875642,0.4154845,0,-2.95,-1.2,121.05
01:09.7,17,1.12,15.3719733,75.12727636,626.006,0.19173468,97.800948,10.862,19.738,0.694,0.003160773,-0.009720983,0.003017763,-0.5121192,0.1658929,-9.814836,0.3786464,0.31614104,0.37465764,0.42057618,0,-2.952,-1.2,121.052
01:09.7,17,1.12,15.3719733,75.12727643,626.008,0.19010244,99.406374,10.861,19.739,0.692,0.004018916,-0.009857839,0.002758672,-0.5287096,0.19868,-9.83654,0.392775,0.31716558,0.36175108,0.42566786,0,-2.954,-1.2,121.054
01:09.7,17,1.12,15.3719733,75.1272765,626.01,0.1884702,101.0118,10.86,19.74,0.69,0.004785257,-0.009645745,0.003424932,-0.5387568,0.2174532,-9.7920625,0.4069036,0.31819012,0.34884452,0.43075954,0,-2.956,-1.2,121.056
01:09.7,17,1.12,15.37197331,75.12727657,626.016,0.1880853,98.94398,10.859,19.74,0.718,0.005551597,-0.00943365,0.004091192,-0.548804,0.2362264,-9.747585,0.4210322,0.31921466,0.33593796,0.43585122,0,-2.958,-1.2,121.058
01:09.8,17,1.12,15.37197332,75.12727664,626.022,0.1877004,96.87616,10.858,19.74,0.746,0.006383511,-0.01099052,0.003394983,-0.5554411,0.24027485,-9.7833445,0.4351608,0.3202392,0.3230314,0.4409429,0,-2.96,-1.2,121.06
01:09.8,17,1.12,15.37197333,75.12727671,626.028,0.1873155,94.80834,10.857,19.74,0.774,0.007215426,-0.01254739,0.002698775,-0.5620782,0.2443233,-9.819104,0.4170762,0.3465206,0.33903738,0.44621394,0,-2.96,-1.2,121.058
01:09.8,17,1.12,15.37197334,75.12727678,626.034,0.1869306,92.74052,10.856,19.74,0.802,0.006004872,-0.01245249,0.001017474,-0.5254236,0.251398,-9.797771,0.3989916,0.372802,0.35504336,0.45148498,0,-2.96,-1.2,121.056
01:09.8,17,1.12,15.37197335,75.12727685,626.04,0.1865457,90.6727,10.855,19.74,0.83,0.004794318,-0.01235759,-0.000663826,-0.488769,0.2584727,-9.776438,0.380907,0.3990834,0.37104934,0.45675602,0,-2.96,-1.2,121.054
01:09.8,17,1.12,15.37197336,75.12727692,626.046,0.1861608,88.60488,10.854,19.74,0.858,0.004397149,-0.010802922,0.000418207,-0.48258605,0.2347789,-9.7659425,0.3628224,0.4253648,0.38705532,0.46202706,0,-2.96,-1.2,121.052
01:09.9,17,1.12,15.37197337,75.12727699,626.052,0.1857759,86.53706,10.853,19.74,0.886,0.003999981,-0.009248254,0.00150024,-0.4764031,0.2110851,-9.755447,0.3447378,0.4516462,0.4030613,0.4672981,0,-2.96,-1.2,121.05
01:09.9,17,1.12,15.37197338,75.12727706,626.058,0.185391,84.46924,10.852,19.74,0.914,0.001697068,-0.006305162,0.001062751,-0.52594245,0.2467204,-9.78124,0.3447378,0.43696404,0.39680212,0.46128132,0,-2.96,-1.2,121.05
01:09.9,17,1.12,15.37197339,75.12727713,626.064,0.1850061,82.40142,10.851,19.74,0.942,-0.000605845,-0.003362071,0.000625261,-0.5754818,0.2823557,-9.807033,0.3447378,0.42228188,0.39054294,0.45526454,0,-2.96,-1.2,121.05
01:09.9,17,1.12,15.3719734,75.1272772,626.07,0.1846212,80.3336,10.85,19.74,0.97,0.003177006,-0.008025991,0.000256879,-0.55608695,0.24095415,-9.776031,0.3447378,0.40759972,0.38428376,0.44924776,0,-2.96,-1.2,121.05
01:09.9,17,1.12,15.3719734,75.12727722,626.064,0.174043876,82.84487,10.848,19.74,1.002,0.006959857,-0.01268991,-0.000111502,-0.5366921,0.1995526,-9.745029,0.3447378,0.39291756,0.37802458,0.44323098,0,-2.96,-1.2,121.05
01:10.0,17,1.12,15.3719734,75.12727724,626.058,0.163466552,85.35614,10.846,19.74,1.034,0.00802717,-0.01265873,0.000776205,-0.5129115,0.2089516,-9.7773565,0.3447378,0.3782354,0.3717654,0.4372142,0,-2.96,-1.2,121.05
01:10.0,17,1.12,15.3719734,75.12727726,626.052,0.152889228,87.86741,10.844,19.74,1.066,0.009094482,-0.01262755,0.001663912,-0.4891309,0.2183506,-9.809684,0.33908636,0.40098994,0.36891306,0.48552012,0,-2.958,-1.202,121.05
01:10.0,17,1.12,15.3719734,75.12727728,626.046,0.142311904,90.37868,10.842,19.74,1.098,0.010096956,-0.01530393,0.000715644,-0.4965783,0.2298705,-9.783178,0.33343492,0.42374448,0.36606072,0.53382604,0,-2.956,-1.204,121.05
01:10.0,17,1.12,15.3719734,75.1272773,626.04,0.13173458,92.88995,10.84,19.74,1.13,0.01109943,-0.01798031,-0.000232625,-0.5040257,0.2413904,-9.756672,0.32778348,0.44649902,0.36320838,0.58213196,0,-2.954,-1.206,121.05
01:10.0,17,1.12,15.3719734,75.12727732,626.034,0.121157256,95.40122,10.838,19.74,1.162,0.002426082,-0.009838722,0.001416264,-0.4586433,0.2874508,-9.7666915,0.32213204,0.46925356,0.36035604,0.63043788,0,-2.952,-1.208,121.05
01:10.1,17,1.12,15.3719734,75.12727734,626.028,0.110579932,97.91249,10.836,19.74,1.194,-0.006247265,-0.001697133,0.003065152,-0.4132609,0.3335112,-9.776711,0.3164806,0.4920081,0.3575037,0.6787438,0,-2.95,-1.21,121.05
01:10.1,17,1.12,15.3719734,75.12727736,626.022,0.100002608,100.42376,10.834,19.74,1.226,-0.005115177,0.000525895,0.003023743,-0.4685088,0.35585395,-9.737881,0.31704574,0.5042573,0.35718522,0.71134634,0,-2.952,-1.208,121.05
01:10.1,17,1.12,15.3719734,75.12727738,626.016,0.089425284,102.93503,10.832,19.74,1.258,-0.003983089,0.002748923,0.002982334,-0.5237567,0.3781967,-9.699051,0.31761088,0.5165065,0.35686674,0.74394888,0,-2.954,-1.206,121.05
01:10.1,17,1.12,15.3719734,75.1272774,626.01,0.07884796,105.4463,10.83,19.74,1.29,0.001493616,-0.004450669,0.002332879,-0.4880596,0.25561275,-9.7332955,0.31817602,0.5287557,0.35654826,0.77655142,0,-2.956,-1.204,121.05
01:10.1,17,1.12,15.37197341,75.1272774,626.008,0.081783974,126.514,10.829,19.739,1.31,0.006970321,-0.01165026,0.001683423,-0.4523625,0.1330288,-9.76754,0.31874116,0.5410049,0.35622978,0.80915396,0,-2.958,-1.202,121.05
01:10.2,17,1.12,15.37197342,75.1272774,626.006,0.084719988,147.5817,10.828,19.738,1.33,0.009516925,-0.014364565,0.000848486,-0.4942795,0.14917625,-9.7458365,0.3193063,0.5532541,0.3559113,0.8417565,0,-2.96,-1.2,121.05
01:10.2,17,1.12,15.37197343,75.1272774,626.004,0.087656002,168.6494,10.827,19.737,1.35,0.01206353,-0.01707887,1.35E-05,-0.5361965,0.1653237,-9.724133,0.30800342,0.75970368,0.70696384,0.975533,0,-2.96,-1.2,121.05
01:10.2,17,1.12,15.37197344,75.1272774,626.002,0.090592016,189.7171,10.826,19.736,1.37,0.009775126,-0.013969195,0.001096487,-0.52892865,0.18295685,-9.7638475,0.29670054,0.96615326,1.05801638,1.1093095,0,-2.96,-1.2,121.05
01:10.2,17,1.12,15.37197345,75.1272774,626,0.09352803,210.7848,10.825,19.735,1.39,0.007486722,-0.01085952,0.002179425,-0.5216608,0.20059,-9.803562,0.28539766,1.17260284,1.40906892,1.243086,0,-2.96,-1.2,121.05
01:10.2,17,1.12,15.37197346,75.1272774,625.998,0.096464044,231.8525,10.824,19.734,1.41,0.005411427,-0.010156809,0.0023462,-0.5082045,0.2172281,-9.7741275,0.27409478,1.37905242,1.76012146,1.3768625,0,-2.96,-1.2,121.05
01:10.3,17,1.12,15.37197347,75.1272774,625.996,0.099400058,252.9202,10.823,19.733,1.43,0.003336132,-0.009454099,0.002512974,-0.4947482,0.2338662,-9.744693,0.2627919,1.585502,2.111174,1.510639,0,-2.96,-1.2,121.05
01:10.3,17,1.12,15.37197348,75.1272774,625.994,0.102336072,273.9879,10.822,19.732,1.45,0.002352678,-0.008708422,0.002015456,-0.518748,0.2208727,-9.751442,0.26844334,1.34628946,1.74218874,1.32453114,0,-2.962,-1.2,121.048
01:10.3,17,1.12,15.37197349,75.1272774,625.992,0.105272086,295.0556,10.821,19.731,1.47,0.001369224,-0.007962744,0.001517937,-0.5427478,0.2078792,-9.758191,0.27409478,1.10707692,1.37320348,1.13842328,0,-2.964,-1.2,121.046
01:10.3,17,1.12,15.3719735,75.1272774,625.99,0.1082081,316.1233,10.82,19.73,1.49,0.002778594,-0.005122496,0.000126246,-0.5365173,0.2476069,-9.7506435,0.27974622,0.86786438,1.00421822,0.95231542,0,-2.966,-1.2,121.044
01:10.3,17,1.12,15.37197352,75.12727742,625.991,0.102947866,289.741546,10.817,19.728,1.48,0.004187963,-0.002282247,-0.001265445,-0.5302868,0.2873346,-9.743096,0.28539766,0.62865184,0.63523296,0.76620756,0,-2.968,-1.2,121.042
01:10.4,17,1.12,15.37197354,75.12727744,625.992,0.097687632,263.359792,10.814,19.726,1.47,0.005653095,-0.007966494,-0.0002092,-0.4897783,0.19792455,-9.7289455,0.2910491,0.3894393,0.2662477,0.5800997,0,-2.97,-1.2,121.04
01:10.4,17,1.12,15.37197356,75.12727746,625.993,0.092427398,236.978038,10.811,19.724,1.46,0.007118226,-0.01365074,0.000847046,-0.4492698,0.1085145,-9.714795,0.30800342,0.40892668,0.27951076,0.59952666,0,-2.97,-1.198,121.042
01:10.4,17,1.12,15.37197358,75.12727748,625.994,0.087167164,210.596284,10.808,19.722,1.45,0.006414148,-0.011567526,0.001129338,-0.49529415,0.1094065,-9.7712695,0.32495774,0.42841406,0.29277382,0.61895362,0,-2.97,-1.196,121.044
01:10.4,17,1.12,15.3719736,75.1272775,625.995,0.08190693,184.21453,10.805,19.72,1.44,0.005710069,-0.009484312,0.00141163,-0.5413185,0.1102985,-9.827744,0.34191206,0.44790144,0.30603688,0.63838058,0,-2.97,-1.194,121.046
01:10.4,17,1.12,15.37197362,75.12727752,625.996,0.076646696,157.832776,10.802,19.718,1.43,0.005345409,-0.010464881,0.00089917,-0.56556695,0.1455245,-9.779211,0.35886638,0.46738882,0.31929994,0.65780754,0,-2.97,-1.192,121.048
01:10.5,17,1.12,15.37197364,75.12727754,625.997,0.071386462,131.451022,10.799,19.716,1.42,0.004980749,-0.01144545,0.000386709,-0.5898154,0.1807505,-9.730678,0.3758207,0.4868762,0.332563,0.6772345,0,-2.97,-1.19,121.05
01:10.5,17,1.12,15.37197366,75.12727756,625.998,0.066126228,105.069268,10.796,19.714,1.41,0.001514854,-0.006344456,0.001242043,-0.57465255,0.20174795,-9.7826255,0.39107958,0.49610676,0.34897298,0.67457446,0,-2.97,-1.19,121.05
01:10.5,17,1.12,15.37197368,75.12727758,625.999,0.060865994,78.687514,10.793,19.712,1.4,-0.001951041,-0.001243462,0.002097377,-0.5594897,0.2227454,-9.834573,0.40633846,0.50533732,0.36538296,0.67191442,0,-2.97,-1.19,121.05
01:10.5,17,1.12,15.3719737,75.1272776,626,0.05560576,52.30576,10.79,19.71,1.39,0.001012984,-0.006726536,0.002037411,-0.5349966,0.22898365,-9.7920305,0.42159734,0.51456788,0.38179294,0.66925438,0,-2.97,-1.19,121.05
01:10.5,16.9,1.121,15.37197371,75.12727761,626.001,0.052737766,62.895044,10.788,19.709,1.396,0.003977009,-0.01220961,0.001977444,-0.5105035,0.2352219,-9.749488,0.43685622,0.52379844,0.39820292,0.66659434,0,-2.97,-1.19,121.05
01:10.6,16.8,1.122,15.37197372,75.12727762,626.002,0.049869772,73.484328,10.786,19.708,1.402,0.004974419,-0.01176559,0.002232608,-0.4802249,0.225289,-9.7489825,0.4521151,0.533029,0.4146129,0.6639343,0,-2.97,-1.19,121.05
01:10.6,16.7,1.123,15.37197373,75.12727763,626.003,0.047001778,84.073612,10.784,19.707,1.408,0.005971829,-0.01132157,0.002487771,-0.4499463,0.2153561,-9.748477,0.42837906,0.5219592,0.43732298,0.63080532,0,-2.97,-1.19,121.05
01:10.6,16.6,1.124,15.37197374,75.12727764,626.004,0.044133784,94.662896,10.782,19.706,1.414,0.006594094,-0.01117045,0.00132361,-0.5025848,0.1771916,-9.777194,0.40464302,0.5108894,0.46003306,0.59767634,0,-2.97,-1.19,121.05
01:10.6,16.5,1.125,15.37197375,75.12727765,626.005,0.04126579,105.25218,10.78,19.705,1.42,0.007216358,-0.01101933,0.00015945,-0.5552233,0.1390271,-9.805911,0.38090698,0.4998196,0.48274314,0.56454736,0,-2.97,-1.19,121.05
01:10.6,16.4,1.126,15.37197376,75.12727766,626.006,0.038397796,115.841464,10.778,19.704,1.426,0.006983179,-0.010574175,0.000713705,-0.5251295,0.15772635,-9.791492,0.35717094,0.4887498,0.50545322,0.53141838,0,-2.97,-1.19,121.05
01:10.7,16.3,1.127,15.37197377,75.12727767,626.007,0.035529802,126.430748,10.776,19.703,1.432,0.00675,-0.01012902,0.001267961,-0.4950357,0.1764256,-9.777073,0.3334349,0.47768,0.5281633,0.4982894,0,-2.97,-1.19,121.05
01:10.7,16.2,1.128,15.37197378,75.12727768,626.008,0.032661808,137.020032,10.774,19.702,1.438,0.002471144,-0.003752817,0.00035738,-0.55936865,0.18171245,-9.746307,0.3345652,0.45622492,0.52206602,0.47922766,0,-2.97,-1.188,121.05
01:10.7,16.1,1.129,15.37197379,75.12727769,626.009,0.029793814,147.609316,10.772,19.701,1.444,-0.001807712,0.002623387,-0.000553201,-0.6237016,0.1869993,-9.715541,0.3356955,0.43476984,0.51596874,0.46016592,0,-2.97,-1.186,121.05
01:10.7,16,1.13,15.3719738,75.1272777,626.01,0.02692582,158.1986,10.77,19.7,1.45,0.002549861,-0.002973143,0.0009044,-0.5966732,0.19662615,-9.7535595,0.3368258,0.41331476,0.50987146,0.44110418,0,-2.97,-1.184,121.05
01:10.7,16,1.13,15.37197381,75.12727772,626.011,0.028767552,156.23637,10.765,19.694,1.44,0.006907434,-0.008569673,0.002362002,-0.5696448,0.206253,-9.791578,0.3379561,0.39185968,0.50377418,0.42204244,0,-2.97,-1.182,121.05
01:10.8,16,1.13,15.37197382,75.12727774,626.012,0.030609284,154.27414,10.76,19.688,1.43,0.006656028,-0.009060701,0.001510075,-0.55285225,0.2275653,-9.7853645,0.3390864,0.3704046,0.4976769,0.4029807,0,-2.97,-1.18,121.05
01:10.8,16,1.13,15.37197383,75.12727776,626.013,0.032451016,152.31191,10.755,19.682,1.42,0.006404622,-0.009551728,0.000658148,-0.5360597,0.2488776,-9.779151,0.35264984,0.36326032,0.47589944,0.4008804,0,-2.97,-1.18,121.05
01:10.8,16,1.13,15.37197384,75.12727778,626.014,0.034292748,150.34968,10.75,19.676,1.41,0.006041021,-0.00906718,0.000138619,-0.50732145,0.25253815,-9.803992,0.36621328,0.35611604,0.45412198,0.3987801,0,-2.97,-1.18,121.05
01:10.8,16,1.13,15.37197385,75.1272778,626.015,0.03613448,148.38745,10.745,19.67,1.4,0.00567742,-0.008582631,-0.00038091,-0.4785832,0.2561987,-9.828833,0.37977672,0.34897176,0.43234452,0.3966798,0,-2.97,-1.18,121.05
01:10.8,16,1.13,15.37197386,75.12727782,626.016,0.037976212,146.42522,10.74,19.664,1.39,0.002686152,-0.003560377,0.00092009,-0.54539555,0.3060636,-9.7786575,0.39334016,0.34182748,0.41056706,0.3945795,0,-2.97,-1.18,121.05
01:10.9,16,1.13,15.37197387,75.12727784,626.017,0.039817944,144.46299,10.735,19.658,1.38,-0.000305116,0.001461876,0.00222109,-0.6122079,0.3559285,-9.728482,0.4069036,0.3346832,0.3887896,0.3924792,0,-2.97,-1.18,121.05
01:10.9,16,1.13,15.37197388,75.12727786,626.018,0.041659676,142.50076,10.73,19.652,1.37,-0.002345517,0.002148732,0.002190104,-0.6298213,0.33587835,-9.7646495,0.37242982,0.66193376,0.73464108,0.56412176,0,-2.972,-1.18,121.048
01:10.9,16,1.13,15.37197389,75.12727788,626.019,0.043501408,140.53853,10.725,19.646,1.36,-0.004385918,0.002835588,0.002159119,-0.6474347,0.3158282,-9.800817,0.33795604,0.98918432,1.08049256,0.73576432,0,-2.974,-1.18,121.046
01:10.9,16,1.13,15.3719739,75.1272779,626.02,0.04534314,138.5763,10.72,19.64,1.35,0.001867254,-0.006216316,0.000591036,-0.58731805,0.25074545,-9.8071095,0.30348226,1.31643488,1.42634404,0.90740688,0,-2.976,-1.18,121.044
01:10.9,16.1,1.13,15.37197391,75.1272779,626.011,0.050483535,134.431172,10.717,19.636,1.345,0.008120427,-0.01526822,-0.000977048,-0.5272014,0.1856627,-9.813402,0.26900848,1.64368544,1.77219552,1.07904944,0,-2.978,-1.18,121.042
01:11.0,16.2,1.13,15.37197392,75.1272779,626.002,0.05562393,130.286044,10.714,19.632,1.34,0.006463061,-0.01297743,-0.000645908,-0.5042444,0.2179041,-9.7735415,0.2345347,1.970936,2.118047,1.250692,0,-2.98,-1.18,121.04
01:11.0,16.3,1.13,15.37197393,75.1272779,625.993,0.060764325,126.140916,10.711,19.628,1.335,0.004805695,-0.01068664,-0.000314769,-0.4812874,0.2501455,-9.733681,0.239621,1.65483884,1.78880424,1.10320676,0,-2.98,-1.18,121.042
01:11.0,16.4,1.13,15.37197394,75.1272779,625.984,0.06590472,121.995788,10.708,19.624,1.33,0.006593926,-0.012596915,0.001070335,-0.45794715,0.2248603,-9.776481,0.2447073,1.33874168,1.45956148,0.95572152,0,-2.98,-1.18,121.044
01:11.0,16.5,1.13,15.37197395,75.1272779,625.975,0.071045115,117.85066,10.705,19.62,1.325,0.008382156,-0.01450719,0.002455438,-0.4346069,0.1995751,-9.819281,0.2497936,1.02264452,1.13031872,0.80823628,0,-2.98,-1.18,121.046
01:11.0,16.6,1.13,15.37197396,75.1272779,625.966,0.07618551,113.705532,10.702,19.616,1.32,0.007109119,-0.013012485,0.002046757,-0.46424895,0.22213125,-9.757777,0.2548799,0.70654736,0.80107596,0.66075104,0,-2.98,-1.18,121.048
01:11.1,16.7,1.13,15.37197397,75.1272779,625.957,0.081325905,109.560404,10.699,19.612,1.315,0.005836082,-0.01151778,0.001638075,-0.493891,0.2446874,-9.696273,0.2599662,0.3904502,0.4718332,0.5132658,0,-2.98,-1.18,121.05
01:11.1,16.8,1.13,15.37197398,75.1272779,625.948,0.0864663,105.415276,10.696,19.608,1.31,0.003710363,-0.00719102,0.0004164,-0.51809565,0.29242585,-9.7277465,0.25544504,0.38765672,0.45944862,0.50579244,0,-2.98,-1.182,121.048
01:11.1,16.9,1.13,15.37197399,75.1272779,625.939,0.091606695,101.270148,10.693,19.604,1.305,0.001584644,-0.002864259,-0.000805275,-0.5423003,0.3401643,-9.75922,0.25092388,0.38486324,0.44706404,0.49831908,0,-2.98,-1.184,121.046
01:11.1,17,1.13,15.371974,75.1272779,625.93,0.09674709,97.12502,10.69,19.6,1.3,0.005639773,-0.00870187,-0.000584572,-0.53583355,0.28828625,-9.7655625,0.24640272,0.38206976,0.43467946,0.49084572,0,-2.98,-1.186,121.044
01:11.1,17,1.129,15.371974,75.12727787,625.904,0.117535641,97.857198,10.688,19.598,1.279,0.009694901,-0.01453948,-0.000363869,-0.5293668,0.2364082,-9.771905,0.24188156,0.37927628,0.42229488,0.48337236,0,-2.98,-1.188,121.042
01:11.2,17,1.128,15.371974,75.12727784,625.878,0.138324192,98.589376,10.686,19.596,1.258,0.007316789,-0.013226455,0.000656943,-0.46597715,0.2168625,-9.750269,0.2373604,0.3764828,0.4099103,0.475899,0,-2.98,-1.19,121.04
01:11.2,17,1.127,15.371974,75.12727781,625.852,0.159112743,99.321554,10.684,19.594,1.237,0.004938677,-0.01191343,0.001677755,-0.4025875,0.1973168,-9.728633,0.24527242,0.35538158,0.38904142,0.46133992,0,-2.982,-1.186,121.042
01:11.2,17,1.126,15.371974,75.12727778,625.826,0.179901294,100.053732,10.682,19.592,1.216,0.006186852,-0.01223414,0.002395182,-0.4579331,0.1633237,-9.763768,0.25318444,0.33428036,0.36817254,0.44678084,0,-2.984,-1.182,121.044
01:11.2,17,1.125,15.371974,75.12727775,625.8,0.200689845,100.78591,10.68,19.59,1.195,0.007435028,-0.01255485,0.003112608,-0.5132787,0.1293306,-9.798903,0.26109646,0.31317914,0.34730366,0.43222176,0,-2.986,-1.178,121.046
01:11.2,17,1.124,15.371974,75.12727772,625.774,0.221478396,101.518088,10.678,19.588,1.174,0.00625802,-0.010704692,0.002369392,-0.50870135,0.18350375,-9.755667,0.26900848,0.29207792,0.32643478,0.41766268,0,-2.988,-1.174,121.048
01:11.3,17,1.123,15.371974,75.12727769,625.748,0.242266947,102.250266,10.676,19.586,1.153,0.005081011,-0.008854534,0.001626176,-0.504124,0.2376769,-9.712431,0.2769205,0.2709767,0.3055659,0.4031036,0,-2.99,-1.17,121.05
01:11.3,17,1.122,15.371974,75.12727766,625.722,0.263055498,102.982444,10.674,19.584,1.132,0.002638519,-0.006414568,0.001396844,-0.51695575,0.2292449,-9.7593,0.28031136,0.26354884,0.28959228,0.38961292,0,-2.992,-1.166,121.05
01:11.3,17,1.121,15.371974,75.12727763,625.696,0.283844049,103.714622,10.672,19.582,1.111,0.000196026,-0.003974601,0.001167512,-0.5297875,0.2208129,-9.806169,0.28370222,0.25612098,0.27361866,0.37612224,0,-2.994,-1.162,121.05
01:11.3,17,1.12,15.371974,75.1272776,625.67,0.3046326,104.4468,10.67,19.58,1.09,0.002879606,-0.007632371,0.000702306,-0.549613,0.2245484,-9.7792185,0.28709308,0.24869312,0.25764504,0.36263156,0,-2.996,-1.158,121.05
01:11.3,17.1,1.12,15.37197399,75.12727758,625.639,0.30674725,105.86317,10.668,19.578,1.093,0.005563185,-0.01129014,0.0002371,-0.5694385,0.2282839,-9.752268,0.29048394,0.24126526,0.24167142,0.34914088,0,-2.998,-1.154,121.05
01:11.4,17.2,1.12,15.37197398,75.12727756,625.608,0.3088619,107.27954,10.666,19.576,1.096,0.004690388,-0.010480322,0.000951941,-0.5323125,0.23450125,-9.774598,0.2938748,0.2338374,0.2256978,0.3356502,0,-3,-1.15,121.05
01:11.4,17.3,1.12,15.37197397,75.12727754,625.577,0.31097655,108.69591,10.664,19.574,1.099,0.003817591,-0.009670503,0.001666782,-0.4951865,0.2407186,-9.796928,0.2707039,0.22041866,0.2163075,0.31538682,0,-3,-1.146,121.05
01:11.4,17.4,1.12,15.37197396,75.12727752,625.546,0.3130912,110.11228,10.662,19.572,1.102,0.00556524,-0.010698012,0.002552401,-0.5106866,0.21890565,-9.760741,0.247533,0.20699992,0.2069172,0.29512344,0,-3,-1.142,121.05
01:11.4,17.5,1.12,15.37197395,75.1272775,625.515,0.31520585,111.52865,10.66,19.57,1.105,0.007312888,-0.01172552,0.00343802,-0.5261867,0.1970927,-9.724554,0.2243621,0.19358118,0.1975269,0.27486006,0,-3,-1.138,121.05
01:11.4,17.6,1.12,15.37197394,75.12727748,625.484,0.3173205,112.94502,10.658,19.568,1.108,0.006418611,-0.01071836,0.003451574,-0.4888354,0.2148252,-9.755961,0.2011912,0.18016244,0.1881366,0.25459668,0,-3,-1.134,121.05
01:11.5,17.7,1.12,15.37197393,75.12727746,625.453,0.31943515,114.36139,10.656,19.566,1.111,0.005524334,-0.009711199,0.003465127,-0.4514841,0.2325577,-9.787368,0.1780203,0.1667437,0.1787463,0.2343333,0,-3,-1.13,121.05
01:11.5,17.8,1.12,15.37197392,75.12727744,625.422,0.3215498,115.77776,10.654,19.564,1.114,0.003386462,-0.007704123,0.002609477,-0.5247879,0.2567928,-9.76593,0.147502536,0.16667348,0.17550476,0.23500758,0,-3,-1.13,121.05
01:11.5,17.9,1.12,15.37197391,75.12727742,625.391,0.32366445,117.19413,10.652,19.562,1.117,0.001248589,-0.005697047,0.001753826,-0.5980917,0.2810279,-9.744492,0.116984772,0.16660326,0.17226322,0.23568186,0,-3,-1.13,121.05
01:11.5,18,1.12,15.3719739,75.1272774,625.36,0.3257791,118.6105,10.65,19.56,1.12,0.002992163,-0.007185111,0.000832077,-0.5617277,0.2413174,-9.7569415,0.086467008,0.16653304,0.16902168,0.23635614,0,-3,-1.13,121.05
01:11.5,18,1.12,15.37197391,75.12727734,625.325,0.31458366,112.961116,10.648,19.557,1.074,0.004735738,-0.008673174,-8.97E-05,-0.5253637,0.2016069,-9.769391,0.055949244,0.16646282,0.16578014,0.23703042,0,-3,-1.13,121.05
01:11.6,18,1.12,15.37197392,75.12727728,625.29,0.30338822,107.311732,10.646,19.554,1.028,0.006497302,-0.010273287,-0.001717486,-0.48880575,0.21397305,-9.7922045,0.02543148,0.1663926,0.1625386,0.2377047,0,-3,-1.13,121.05
01:11.6,18,1.12,15.37197393,75.12727722,625.255,0.29219278,101.662348,10.644,19.551,0.982,0.008258865,-0.0118734,-0.003345301,-0.4522478,0.2263392,-9.815018,0.056514404,0.1594283,0.16515954,0.23011132,0,-3.002,-1.128,121.05
01:11.6,18,1.12,15.37197394,75.12727716,625.22,0.28099734,96.012964,10.642,19.548,0.936,0.005125155,-0.010742725,-0.002212473,-0.4790429,0.1911862,-9.7883815,0.087597328,0.152464,0.16778048,0.22251794,0,-3.004,-1.126,121.05
01:11.6,18,1.12,15.37197395,75.1272771,625.185,0.2698019,90.36358,10.64,19.545,0.89,0.001991445,-0.00961205,-0.001079645,-0.505838,0.1560332,-9.761745,0.118680252,0.1454997,0.17040142,0.21492456,0,-3.006,-1.124,121.05
01:11.6,18,1.12,15.37197396,75.12727704,625.15,0.25860646,84.714196,10.638,19.542,0.844,0.005324806,-0.010928365,0.001754181,-0.5182602,0.1670216,-9.762225,0.149763176,0.1385354,0.17302236,0.20733118,0,-3.008,-1.122,121.05
01:11.7,18,1.12,15.37197397,75.12727698,625.115,0.24741102,79.064812,10.636,19.539,0.798,0.008658166,-0.01224468,0.004588006,-0.5306824,0.17801,-9.762705,0.1808461,0.1315711,0.1756433,0.1997378,0,-3.01,-1.12,121.05
01:11.7,18,1.12,15.37197398,75.12727692,625.08,0.23621558,73.415428,10.634,19.536,0.752,0.007790926,-0.01197175,0.004107048,-0.49326495,0.21845305,-9.7665715,0.16897806,0.46419348,0.51234624,0.30091584,0,-3.012,-1.118,121.05
01:11.7,18,1.12,15.37197399,75.12727686,625.045,0.22502014,67.766044,10.632,19.533,0.706,0.006923685,-0.01169882,0.00362609,-0.4558475,0.2588961,-9.770438,0.15711002,0.79681586,0.84904918,0.40209388,0,-3.014,-1.116,121.05
01:11.7,18,1.12,15.371974,75.1272768,625.01,0.2138247,62.11666,10.63,19.53,0.66,0.00579693,-0.010940335,0.001036131,-0.4726487,0.21780745,-9.804177,0.14524198,1.12943824,1.18575212,0.50327192,0,-3.016,-1.114,121.05
01:11.7,17.9,1.12,15.37197401,75.1272768,625.009,0.201456109,78.900024,10.629,19.528,0.732,0.004670175,-0.01018185,-0.001553829,-0.4894499,0.1767188,-9.837916,0.13337394,1.46206062,1.52245506,0.60444996,0,-3.018,-1.112,121.05
01:11.8,17.8,1.12,15.37197402,75.1272768,625.008,0.189087518,95.683388,10.628,19.526,0.804,0.004767879,-0.010791575,-0.000517836,-0.4972201,0.1905077,-9.7853445,0.1215059,1.794683,1.859158,0.705628,0,-3.02,-1.11,121.05
01:11.8,17.7,1.12,15.37197403,75.1272768,625.007,0.176718927,112.466752,10.627,19.524,0.876,0.004865583,-0.0114013,0.000518157,-0.5049903,0.2042966,-9.732773,0.12941792,1.45577428,1.51454688,0.5906797,0,-3.02,-1.11,121.052
01:11.8,17.6,1.12,15.37197404,75.1272768,625.006,0.164350336,129.250116,10.626,19.522,0.948,0.005898619,-0.01150822,0.000522705,-0.4976462,0.21382145,-9.746732,0.13732994,1.11686556,1.16993576,0.4757314,0,-3.02,-1.11,121.054
01:11.8,17.5,1.12,15.37197405,75.1272768,625.005,0.151981745,146.03348,10.625,19.52,1.02,0.006931655,-0.01161514,0.000527253,-0.4903021,0.2233463,-9.760691,0.14524196,0.77795684,0.82532464,0.3607831,0,-3.02,-1.11,121.056
01:11.8,17.4,1.12,15.37197406,75.1272768,625.004,0.139613154,162.816844,10.624,19.518,1.092,0.002966237,-0.006477989,0.001558045,-0.5184201,0.23483215,-9.784986,0.15315398,0.43904812,0.48071352,0.2458348,0,-3.02,-1.11,121.058
01:11.9,17.3,1.12,15.37197407,75.1272768,625.003,0.127244563,179.600208,10.623,19.516,1.164,-0.000999182,-0.001340838,0.002588837,-0.5465381,0.246318,-9.809281,0.161066,0.1001394,0.1361024,0.1308865,0,-3.02,-1.11,121.06
01:11.9,17.2,1.12,15.37197408,75.1272768,625.002,0.114875972,196.383572,10.622,19.514,1.236,7.16E-05,-0.002761051,0.000706612,-0.5431972,0.30844325,-9.7673335,0.15993572,0.11095024,0.13591154,0.14866274,0,-3.02,-1.112,121.058
01:11.9,17.1,1.12,15.37197409,75.1272768,625.001,0.102507381,213.166936,10.621,19.512,1.308,0.001142425,-0.004181263,-0.001175613,-0.5398563,0.3705685,-9.725386,0.15880544,0.12176108,0.13572068,0.16643898,0,-3.02,-1.114,121.056
01:11.9,17,1.12,15.3719741,75.1272768,625,0.09013879,229.9503,10.62,19.51,1.38,0.002922485,-0.007650452,-0.000306346,-0.54856305,0.2804441,-9.7583265,0.15767516,0.13257192,0.13552982,0.18421522,0,-3.02,-1.116,121.054
01:11.9,17,1.12,15.37197412,75.12727681,625.008,0.096645541,239.31996,10.618,19.508,1.395,0.004702545,-0.01111964,0.000562921,-0.5572698,0.1903197,-9.791267,0.15654488,0.14338276,0.13533896,0.20199146,0,-3.02,-1.118,121.052
01:12.0,17,1.12,15.37197414,75.12727682,625.016,0.103152292,248.68962,10.616,19.506,1.41,0.00538462,-0.011939625,-1.10E-05,-0.5068684,0.18108405,-9.802886,0.1554146,0.1541936,0.1351481,0.2197677,0,-3.02,-1.12,121.05
01:12.0,17,1.12,15.37197416,75.12727683,625.024,0.109659043,258.05928,10.614,19.504,1.425,0.006066694,-0.01275961,-0.000584951,-0.456467,0.1718484,-9.814505,0.18423694,0.19196656,0.15007772,0.2990793,0,-3.022,-1.12,121.05
01:12.0,17,1.12,15.37197418,75.12727684,625.032,0.116165794,267.42894,10.612,19.502,1.44,0.005934677,-0.011077909,0.001053179,-0.4794508,0.1967166,-9.758085,0.21305928,0.22973952,0.16500734,0.3783909,0,-3.024,-1.12,121.05
01:12.0,17,1.12,15.3719742,75.12727685,625.04,0.122672545,276.7986,10.61,19.5,1.455,0.005802659,-0.009396208,0.002691308,-0.5024346,0.2215848,-9.701665,0.24188162,0.26751248,0.17993696,0.4577025,0,-3.026,-1.12,121.05
01:12.0,17,1.12,15.37197422,75.12727686,625.048,0.129179296,286.16826,10.608,19.498,1.47,0.007025803,-0.011375419,0.002336182,-0.49167095,0.19359305,-9.79181,0.27070396,0.30528544,0.19486658,0.5370141,0,-3.028,-1.12,121.05
01:12.1,17,1.12,15.37197424,75.12727687,625.056,0.135686047,295.53792,10.606,19.496,1.485,0.008248946,-0.01335463,0.001981056,-0.4809073,0.1656013,-9.881955,0.2995263,0.3430584,0.2097962,0.6163257,0,-3.03,-1.12,121.05
01:12.1,17,1.12,15.37197426,75.12727688,625.064,0.142192798,304.90758,10.604,19.494,1.5,0.005228157,-0.01150126,0.0003403,-0.50930585,0.19009235,-9.795403,0.30178688,0.34471712,0.22582632,0.62310762,0,-3.028,-1.122,121.05
01:12.1,17,1.12,15.37197428,75.12727689,625.072,0.148699549,314.27724,10.602,19.492,1.515,0.002207367,-0.009647889,-0.001300457,-0.5377044,0.2145834,-9.708851,0.30404746,0.34637584,0.24185644,0.62988954,0,-3.026,-1.124,121.05
01:12.1,17,1.12,15.3719743,75.1272769,625.08,0.1552063,323.6469,10.6,19.49,1.53,0.004632676,-0.011682285,1.55E-05,-0.49422395,0.2176535,-9.736981,0.30630804,0.34803456,0.25788656,0.63667146,0,-3.024,-1.126,121.05
01:12.1,17,1.12,15.37197432,75.12727688,625.067,0.15188731,300.188291,10.596,19.485,1.454,0.007057984,-0.01371668,0.00133153,-0.4507435,0.2207236,-9.765111,0.30856862,0.34969328,0.27391668,0.64345338,0,-3.022,-1.128,121.05
01:12.2,17,1.12,15.37197434,75.12727686,625.054,0.14856832,276.729682,10.592,19.48,1.378,0.007762071,-0.013357065,0.001054829,-0.4965545,0.21030185,-9.7910135,0.3108292,0.351352,0.2899468,0.6502353,0,-3.02,-1.13,121.05
01:12.2,17,1.12,15.37197436,75.12727684,625.041,0.14524933,253.271073,10.588,19.475,1.302,0.008466157,-0.01299745,0.000778128,-0.5423655,0.1998801,-9.816916,0.249793648,0.33301828,0.3037375,0.6210188,0,-3.02,-1.132,121.05
01:12.2,17,1.12,15.37197438,75.12727682,625.028,0.14193034,229.812464,10.584,19.47,1.226,0.006963734,-0.0120032,0.000474253,-0.53048995,0.1984991,-9.780075,0.188758096,0.31468456,0.3175282,0.5918023,0,-3.02,-1.134,121.05
01:12.2,17,1.12,15.3719744,75.1272768,625.015,0.13861135,206.353855,10.58,19.465,1.15,0.005461311,-0.01100895,0.000170378,-0.5186144,0.1971181,-9.743234,0.127722543,0.29635084,0.3313189,0.5625858,0,-3.02,-1.136,121.05
01:12.2,17,1.12,15.37197442,75.12727678,625.002,0.13529236,182.895246,10.576,19.46,1.074,0.002685716,-0.005714526,-0.000249145,-0.5475563,0.21749175,-9.768303,0.066686991,0.27801712,0.3451096,0.5333693,0,-3.02,-1.138,121.05
01:12.3,17,1.12,15.37197444,75.12727676,624.989,0.13197337,159.436637,10.572,19.455,0.998,-8.99E-05,-0.000420103,-0.000668668,-0.5764982,0.2378654,-9.793372,0.005651439,0.2596834,0.3589003,0.5041528,0,-3.02,-1.14,121.05
01:12.3,17,1.12,15.37197446,75.12727674,624.976,0.12865438,135.978028,10.568,19.45,0.922,0.00242009,-0.004220275,0.000326074,-0.54091705,0.208364,-9.746126,0.052558391,0.25403208,0.34519706,0.47602396,0,-3.02,-1.14,121.05
01:12.3,17,1.12,15.37197448,75.12727672,624.963,0.12533539,112.519419,10.564,19.445,0.846,0.00493006,-0.008020447,0.001320816,-0.5053359,0.1788626,-9.69888,0.099465343,0.24838076,0.33149382,0.44789512,0,-3.02,-1.14,121.05
01:12.3,17,1.12,15.3719745,75.1272767,624.95,0.1220164,89.06081,10.56,19.44,0.77,0.006667586,-0.010563904,0.001914812,-0.45427575,0.1923056,-9.767276,0.146372296,0.24272944,0.31779058,0.41976628,0,-3.02,-1.14,121.05
01:12.3,17.1,1.12,15.3719745,75.12727673,624.95,0.124283,90.029344,10.559,19.439,0.774,0.008405111,-0.01310736,0.002508808,-0.4032156,0.2057486,-9.835672,0.193279248,0.23707812,0.30408734,0.39163744,0,-3.02,-1.14,121.05
01:12.4,17.2,1.12,15.3719745,75.12727676,624.95,0.1265496,90.997878,10.558,19.438,0.778,0.006522836,-0.012546085,0.001762094,-0.4584192,0.2213525,-9.781864,0.2401862,0.2314268,0.2903841,0.3635086,0,-3.02,-1.14,121.05
01:12.4,17.3,1.12,15.3719745,75.12727679,624.95,0.1288162,91.966412,10.557,19.437,0.782,0.004640561,-0.01198481,0.001015379,-0.5136228,0.2369564,-9.728056,0.23962104,0.29909532,0.39943078,0.4146484,0,-3.02,-1.14,121.05
01:12.4,17.4,1.12,15.3719745,75.12727682,624.95,0.1310828,92.934946,10.556,19.436,0.786,0.001025463,-0.005891495,0.001646211,-0.55271205,0.2612134,-9.762813,0.23905588,0.36676384,0.50847746,0.4657882,0,-3.02,-1.14,121.05
01:12.4,17.5,1.12,15.3719745,75.12727685,624.95,0.1333494,93.90348,10.555,19.435,0.79,-0.002589635,0.000201819,0.002277042,-0.5918013,0.2854704,-9.79757,0.23849072,0.43443236,0.61752414,0.516928,0,-3.02,-1.14,121.05
01:12.4,17.6,1.12,15.3719745,75.12727688,624.95,0.135616,94.872014,10.554,19.434,0.794,-0.000857214,-0.001992408,0.001096349,-0.61828385,0.26736365,-9.773288,0.23792556,0.50210088,0.72657082,0.5680678,0,-3.02,-1.14,121.05
01:12.5,17.7,1.12,15.3719745,75.12727691,624.95,0.1378826,95.840548,10.553,19.433,0.798,0.000875208,-0.004186635,-8.43E-05,-0.6447664,0.2492569,-9.749006,0.2373604,0.5697694,0.8356175,0.6192076,0,-3.02,-1.14,121.05
01:12.5,17.8,1.12,15.3719745,75.12727694,624.95,0.1401492,96.809082,10.552,19.432,0.802,0.001237339,-0.006752568,0.002021498,-0.56378855,0.22521565,-9.751298,0.203451774,0.52817362,0.7659309,0.57932364,0,-3.022,-1.142,121.05
01:12.5,17.9,1.12,15.3719745,75.12727697,624.95,0.1424158,97.777616,10.551,19.431,0.806,0.001599471,-0.0093185,0.00412734,-0.4828107,0.2011744,-9.75359,0.169543148,0.48657784,0.6962443,0.53943968,0,-3.024,-1.144,121.05
01:12.5,18,1.12,15.3719745,75.127277,624.95,0.1446824,98.74615,10.55,19.43,0.81,0.003797161,-0.010743425,0.002986883,-0.4729292,0.20469525,-9.767654,0.135634522,0.44498206,0.6265577,0.49955572,0,-3.026,-1.146,121.05
01:12.5,18.1,1.115,15.3719745,75.12727701,624.951,0.13333826,111.890975,10.549,19.428,0.868,0.00599485,-0.01216835,0.001846425,-0.4630477,0.2082161,-9.781718,0.101725896,0.40338628,0.5568711,0.45967176,0,-3.028,-1.148,121.05
01:12.6,18.2,1.11,15.3719745,75.12727702,624.952,0.12199412,125.0358,10.548,19.426,0.926,0.005369799,-0.011624955,0.001799749,-0.4690266,0.21328895,-9.780651,0.06781727,0.3617905,0.4871845,0.4197878,0,-3.03,-1.15,121.05
01:12.6,18.3,1.105,15.3719745,75.12727703,624.953,0.11064998,138.180625,10.547,19.424,0.984,0.004744748,-0.01108156,0.001753073,-0.4750055,0.2183618,-9.779584,0.064426406,0.3602106,0.42173806,0.45230908,0,-3.034,-1.15,121.052
01:12.6,18.4,1.1,15.3719745,75.12727704,624.954,0.09930584,151.32545,10.546,19.422,1.042,0.003915767,-0.010915885,0.000269333,-0.5196735,0.2126221,-9.7818975,0.061035542,0.3586307,0.35629162,0.48483036,0,-3.038,-1.15,121.054
01:12.6,18.5,1.095,15.3719745,75.12727705,624.955,0.0879617,164.470275,10.545,19.42,1.1,0.003086786,-0.01075021,-0.001214407,-0.5643415,0.2068824,-9.784211,0.057644678,0.3570508,0.29084518,0.51735164,0,-3.042,-1.15,121.056
01:12.6,18.6,1.09,15.3719745,75.12727706,624.956,0.07661756,177.6151,10.544,19.418,1.158,0.000332017,-0.006928814,-0.00233095,-0.57575165,0.2592786,-9.7807755,0.054253814,0.3554709,0.22539874,0.54987292,0,-3.046,-1.15,121.058
01:12.7,18.7,1.085,15.3719745,75.12727707,624.957,0.06527342,190.759925,10.543,19.416,1.216,-0.002422752,-0.003107418,-0.003447492,-0.5871618,0.3116748,-9.77734,0.05086295,0.353891,0.1599523,0.5823942,0,-3.05,-1.15,121.06
01:12.7,18.8,1.08,15.3719745,75.12727708,624.958,0.05392928,203.90475,10.542,19.414,1.274,0.000167786,-0.006088778,-0.002309494,-0.558157,0.26991965,-9.776651,0.06894756,0.33186496,0.15227274,0.54826832,0,-3.05,-1.15,121.06
01:12.7,18.9,1.075,15.3719745,75.12727709,624.959,0.04258514,217.049575,10.541,19.412,1.332,0.002758324,-0.009070138,-0.001171496,-0.5291522,0.2281645,-9.775962,0.08703217,0.30983892,0.14459318,0.51414244,0,-3.05,-1.15,121.06
01:12.7,19,1.07,15.3719745,75.1272771,624.96,0.031241,230.1944,10.54,19.41,1.39,0.005317513,-0.010684949,-0.00160506,-0.47071775,0.22002915,-9.7761705,0.10511678,0.28781288,0.13691362,0.48001656,0,-3.05,-1.15,121.06
01:12.7,18.9,1.075,15.3719745,75.12727703,624.93,0.04668165,219.73232,10.538,19.408,1.363,0.007876701,-0.01229976,-0.002038624,-0.4122833,0.2118938,-9.776379,0.12320139,0.26578684,0.12923406,0.44589068,0,-3.05,-1.15,121.06
01:12.8,18.8,1.08,15.3719745,75.12727696,624.9,0.0621223,209.27024,10.536,19.406,1.336,0.006505628,-0.011363815,-0.000206994,-0.4531918,0.2095979,-9.7761845,0.141286,0.2437608,0.1215545,0.4117648,0,-3.05,-1.15,121.06
01:12.8,18.7,1.085,15.3719745,75.12727689,624.87,0.07756295,198.80816,10.534,19.404,1.309,0.005134555,-0.01042787,0.001624637,-0.4941003,0.207302,-9.77599,0.13393912,0.22618656,0.11817492,0.3807661,0,-3.052,-1.15,121.064
01:12.8,18.6,1.09,15.3719745,75.12727682,624.84,0.0930036,188.34608,10.532,19.402,1.282,0.003688372,-0.009570376,0.003148337,-0.48136035,0.1840133,-9.7936355,0.12659224,0.20861232,0.11479534,0.3497674,0,-3.054,-1.15,121.068
01:12.8,18.5,1.095,15.3719745,75.12727675,624.81,0.10844425,177.884,10.53,19.4,1.255,0.002242188,-0.008712881,0.004672036,-0.4686204,0.1607246,-9.811281,0.11924536,0.19103808,0.11141576,0.3187687,0,-3.056,-1.15,121.072
01:12.8,18.4,1.1,15.3719745,75.12727668,624.78,0.1238849,167.42192,10.528,19.398,1.228,0.004775427,-0.007068391,0.008406228,-0.61099195,0.21280315,-9.8000995,0.11189848,0.17346384,0.10803618,0.28777,0,-3.058,-1.15,121.076
01:12.9,18.3,1.105,15.3719745,75.12727661,624.75,0.13932555,156.95984,10.526,19.396,1.201,0.007308666,-0.005423901,0.01214042,-0.7533635,0.2648817,-9.788918,0.1045516,0.1558896,0.1046566,0.2567713,0,-3.06,-1.15,121.08
01:12.9,18.2,1.11,15.3719745,75.12727654,624.72,0.1547662,146.49776,10.524,19.394,1.174,0.005634772,-0.007837325,0.008919223,-0.65325635,0.2446777,-9.777507,0.072338402,0.143581506,0.100037106,0.23653182,0,-3.06,-1.15,121.078
01:12.9,18.1,1.115,15.3719745,75.12727647,624.69,0.17020685,136.03568,10.522,19.392,1.147,0.003960878,-0.01025075,0.005698026,-0.5531492,0.2244737,-9.766096,0.040125204,0.131273412,0.095417612,0.21629234,0,-3.06,-1.15,121.076
01:12.9,18,1.12,15.3719745,75.1272764,624.66,0.1856475,125.5736,10.52,19.39,1.12,0.005569681,-0.010421505,0.0030484,-0.5281842,0.20512985,-9.785462,0.007912006,0.118965318,0.090798118,0.19605286,0,-3.06,-1.15,121.074
01:12.9,18,1.12,15.37197449,75.12727637,624.645,0.17918936,122.205578,10.519,19.389,1.085,0.007178483,-0.01059226,0.000398775,-0.5032192,0.185786,-9.804828,-0.024301192,0.106657224,0.086178624,0.17581338,0,-3.06,-1.15,121.072
01:13.0,18,1.12,15.37197448,75.12727634,624.63,0.17273122,118.837556,10.518,19.388,1.05,0.00416464,-0.010037712,8.69E-05,-0.49001695,0.21115545,-9.773357,-0.05651439,0.09434913,0.08155913,0.1555739,0,-3.06,-1.15,121.07
01:13.0,18,1.12,15.37197447,75.12727631,624.615,0.16627308,115.469534,10.517,19.387,1.015,0.001150797,-0.009483163,-0.000225025,-0.4768147,0.2365249,-9.741886,-0.016954312,0.088660362,0.07709952,0.144303754,0,-3.064,-1.148,121.07
01:13.0,18,1.12,15.37197446,75.12727628,624.6,0.15981494,112.101512,10.516,19.386,0.98,0.002651369,-0.009537627,0.002009614,-0.4883603,0.21478105,-9.7708415,0.022605766,0.082971594,0.07263991,0.133033608,0,-3.068,-1.146,121.07
01:13.0,18,1.12,15.37197445,75.12727625,624.585,0.1533568,108.73349,10.515,19.385,0.945,0.004151941,-0.009592091,0.004244253,-0.4999059,0.1930372,-9.799797,0.062165844,0.077282826,0.0681803,0.121763462,0,-3.072,-1.144,121.07
01:13.0,18,1.12,15.37197444,75.12727622,624.57,0.14689866,105.365468,10.514,19.384,0.91,-0.001349738,-0.003998263,0.003569702,-0.5988912,0.24661505,-9.7729055,0.101725922,0.071594058,0.06372069,0.110493316,0,-3.076,-1.142,121.07
01:13.1,18,1.12,15.37197443,75.12727619,624.555,0.14044052,101.997446,10.513,19.383,0.875,-0.006851417,0.001595566,0.002895151,-0.6978765,0.3001929,-9.746014,0.141286,0.06590529,0.05926108,0.09922317,0,-3.08,-1.14,121.07
01:13.1,18,1.12,15.37197442,75.12727616,624.54,0.13398238,98.629424,10.512,19.382,0.84,-0.001355544,-0.003521907,0.00240588,-0.5741436,0.25602205,-9.7685475,0.14185114,0.063384,0.057668322,0.096498588,0,-3.084,-1.136,121.072
01:13.1,18,1.12,15.37197441,75.12727613,624.525,0.12752424,95.261402,10.511,19.381,0.805,0.00414033,-0.008639381,0.001916609,-0.4504107,0.2118512,-9.791081,0.14241628,0.06086271,0.056075564,0.093774006,0,-3.088,-1.132,121.074
01:13.1,18,1.12,15.3719744,75.1272761,624.51,0.1210661,91.89338,10.51,19.38,0.77,0.004108822,-0.008668137,0.002001701,-0.489194,0.2378446,-9.786184,0.14298142,0.05834142,0.054482806,0.091049424,0,-3.092,-1.128,121.076
01:13.1,18,1.12,15.37197442,75.12727609,624.493,0.13620009,89.16042,10.509,19.379,0.755,0.004077313,-0.008696894,0.002086793,-0.5279773,0.263838,-9.781287,0.14354656,0.05582013,0.052890048,0.088324842,0,-3.096,-1.124,121.078
01:13.2,18,1.12,15.37197444,75.12727608,624.476,0.15133408,86.42746,10.508,19.378,0.74,0.002719102,-0.009036997,0.002067718,-0.49367685,0.2085917,-9.784159,0.1441117,0.05329884,0.05129729,0.08560026,0,-3.1,-1.12,121.08
01:13.2,18,1.12,15.37197446,75.12727607,624.459,0.16646807,83.6945,10.507,19.377,0.725,0.00136089,-0.009377099,0.002048643,-0.4593764,0.1533454,-9.787031,0.130548246,0.054636526,0.054585656,0.090045428,0,-3.118,-1.116,121.082
01:13.2,18,1.12,15.37197448,75.12727606,624.442,0.18160206,80.96154,10.506,19.376,0.71,-0.003678309,-0.006067689,0.003458891,-0.47529145,0.2381686,-9.7894765,0.116984792,0.055974212,0.057874022,0.094490596,0,-3.136,-1.112,121.084
01:13.2,18,1.12,15.3719745,75.12727605,624.425,0.19673605,78.22858,10.505,19.375,0.695,-0.008717508,-0.002758278,0.004869139,-0.4912065,0.3229918,-9.791922,0.103421338,0.057311898,0.061162388,0.098935764,0,-3.154,-1.108,121.086
01:13.2,18,1.12,15.37197452,75.12727604,624.408,0.21187004,75.49562,10.504,19.374,0.68,-0.014338184,-0.007307409,0.002518757,-0.4994364,0.2855065,-9.7666535,0.089857884,0.058649584,0.064450754,0.103380932,0,-3.172,-1.104,121.088
01:13.3,18,1.12,15.37197454,75.12727603,624.391,0.22700403,72.76266,10.503,19.373,0.665,-0.01995886,-0.01185654,0.000168375,-0.5076663,0.2480212,-9.741385,0.07629443,0.05998727,0.06773912,0.1078261,0,-3.19,-1.1,121.09
01:13.3,18,1.12,15.37197456,75.12727602,624.374,0.24213802,70.0297,10.502,19.372,0.65,-0.009273753,-0.01200885,-0.000880253,-0.5252439,0.2038489,-9.8209355,0.087032164,0.060601542,0.074426136,0.10856284,0,-3.196,-1.102,121.086
01:13.3,18,1.12,15.37197458,75.12727601,624.357,0.25727201,67.29674,10.501,19.371,0.635,0.001411355,-0.01216116,-0.001928881,-0.5428215,0.1596766,-9.900486,0.097769898,0.061215814,0.081113152,0.10929958,0,-3.202,-1.104,121.082
01:13.3,18,1.12,15.3719746,75.127276,624.34,0.272406,64.56378,10.5,19.37,0.62,0.00308002,-0.01313878,-0.00117132,-0.52951835,0.15528655,-9.825272,0.108507632,0.061830086,0.087800168,0.11003632,0,-3.208,-1.106,121.078
01:13.3,17.9,1.12,15.37197461,75.127276,624.33,0.25077343,73.908292,10.498,19.368,0.624,0.004748684,-0.0141164,-0.000413759,-0.5162152,0.1508965,-9.750058,0.119245366,0.062444358,0.094487184,0.11077306,0,-3.214,-1.108,121.074
01:13.4,17.8,1.12,15.37197462,75.127276,624.32,0.22914086,83.252804,10.496,19.366,0.628,0.004242711,-0.01291082,0.000379418,-0.4621754,0.2098269,-9.7778515,0.1299831,0.06305863,0.1011742,0.1115098,0,-3.22,-1.11,121.07
01:13.4,17.7,1.12,15.37197463,75.127276,624.31,0.20750829,92.597316,10.494,19.364,0.632,0.003736738,-0.01170524,0.001172594,-0.4081356,0.2687573,-9.805645,0.110768208,0.06528561,0.10203778,0.108113824,0,-3.22,-1.11,121.07
01:13.4,17.6,1.12,15.37197464,75.127276,624.3,0.18587572,101.941828,10.492,19.362,0.636,0.005087454,-0.0125631,0.001200209,-0.41840925,0.2548919,-9.7926645,0.091553316,0.06751259,0.10290136,0.104717848,0,-3.22,-1.11,121.07
01:13.4,17.5,1.12,15.37197465,75.127276,624.29,0.16424315,111.28634,10.49,19.36,0.64,0.00643817,-0.01342096,0.001227823,-0.4286829,0.2410265,-9.779684,0.072338424,0.06973957,0.10376494,0.101321872,0,-3.22,-1.11,121.07
01:13.4,17.4,1.12,15.37197466,75.127276,624.28,0.14261058,120.630852,10.488,19.358,0.644,0.005326812,-0.00728519,-0.000734319,-0.51245975,0.3064586,-9.771392,0.053123532,0.07196655,0.10462852,0.097925896,0,-3.22,-1.11,121.07
01:13.5,17.3,1.12,15.37197467,75.127276,624.27,0.12097801,129.975364,10.486,19.356,0.648,0.004215453,-0.00114942,-0.002696461,-0.5962366,0.3718907,-9.7631,0.03390864,0.07419353,0.1054921,0.09452992,0,-3.22,-1.11,121.07
01:13.5,17.2,1.12,15.37197468,75.127276,624.26,0.09934544,139.319876,10.484,19.354,0.652,0.003272046,-0.002873371,-0.001482188,-0.6641899,0.347421,-9.747598,0.059905252,0.072171526,0.09683834,0.096127456,0,-3.212,-1.116,121.066
01:13.5,17.1,1.12,15.37197469,75.127276,624.25,0.07771287,148.664388,10.482,19.352,0.656,0.002328639,-0.004597322,-0.000267914,-0.7321432,0.3229513,-9.732096,0.085901864,0.070149522,0.08818458,0.097724992,0,-3.204,-1.122,121.062
01:13.5,17,1.12,15.3719747,75.127276,624.24,0.0560803,158.0089,10.48,19.35,0.66,0.006782439,-0.009239801,-0.000543443,-0.6658605,0.2431651,-9.8465985,0.111898476,0.068127518,0.07953082,0.099322528,0,-3.196,-1.128,121.058
01:13.5,17.1,1.12,15.3719747,75.12727604,624.232,0.08198862,153.60426,10.479,19.349,0.723,0.01123624,-0.01388228,-0.000818973,-0.5995778,0.1633789,-9.961101,0.137895088,0.066105514,0.07087706,0.100920064,0,-3.188,-1.134,121.054
01:13.6,17.2,1.12,15.3719747,75.12727608,624.224,0.10789694,149.19962,10.478,19.348,0.786,0.02471057,-0.018988165,-0.002412709,-0.5912226,0.2004654,-9.9707085,0.1638917,0.06408351,0.0622233,0.1025176,0,-3.18,-1.14,121.05
01:13.6,17.3,1.12,15.3719747,75.12727612,624.216,0.13380526,144.79498,10.477,19.347,0.849,0.0381849,-0.02409405,-0.004006446,-0.5828674,0.2375519,-9.980316,0.140720806,0.064600412,0.07704176,0.11526186,0,-3.178,-1.152,121.046
01:13.6,17.4,1.12,15.3719747,75.12727616,624.208,0.15971358,140.39034,10.476,19.346,0.912,0.017005829,-0.02308313,-0.003345068,-0.5202218,0.13659315,-9.799376,0.117549912,0.065117314,0.09186022,0.12800612,0,-3.176,-1.164,121.042
01:13.6,17.5,1.12,15.3719747,75.1272762,624.2,0.1856219,135.9857,10.475,19.345,0.975,-0.004173242,-0.02207221,-0.002683689,-0.4575762,0.0356344,-9.618436,0.094379018,0.065634216,0.10667868,0.14075038,0,-3.174,-1.176,121.038
01:13.6,17.6,1.12,15.3719747,75.12727624,624.192,0.21153022,131.58106,10.474,19.344,1.038,0.001675471,-0.02247465,-0.001846756,-0.4930813,0.16430435,-9.7720165,0.071208124,0.066151118,0.12149714,0.15349464,0,-3.172,-1.188,121.034
01:13.7,17.7,1.12,15.3719747,75.12727628,624.184,0.23743854,127.17642,10.473,19.343,1.101,0.007524183,-0.02287709,-0.001009822,-0.5285864,0.2929743,-9.925597,0.04803723,0.06666802,0.1363156,0.1662389,0,-3.17,-1.2,121.03
01:13.7,17.8,1.12,15.3719747,75.12727632,624.176,0.26334686,122.77178,10.472,19.342,1.164,0.020147512,-0.01314481,-0.004956087,-0.6160832,0.22014685,-9.9692735,0.05820982,0.075184376,0.1458035,0.18139158,0,-3.134,-1.202,121.024
01:13.7,17.9,1.12,15.3719747,75.12727636,624.168,0.28925518,118.36714,10.471,19.341,1.227,0.03277084,-0.003412529,-0.008902353,-0.70358,0.1473194,-10.01295,0.06838241,0.083700732,0.1552914,0.19654426,0,-3.098,-1.204,121.018
01:13.7,18,1.12,15.3719747,75.1272764,624.16,0.3151635,113.9625,10.47,19.34,1.29,0.031949005,-0.008793889,-0.0041318,-0.5495833,0.1606957,-9.7624565,0.078555,0.092217088,0.1647793,0.21169694,0,-3.062,-1.206,121.012
01:13.7,18,1.12,15.37197471,75.12727637,624.142,0.30243278,126.01957,10.466,19.337,1.275,0.03112717,-0.01417525,0.000638752,-0.3955866,0.174072,-9.511963,0.08872759,0.100733444,0.1742672,0.22684962,0,-3.026,-1.208,121.006
01:13.8,18,1.12,15.37197472,75.12727634,624.124,0.28970206,138.07664,10.462,19.334,1.26,0.02632688,-0.016062355,-0.002187637,-0.4492184,0.20065405,-9.687978,0.09890018,0.1092498,0.1837551,0.2420023,0,-2.99,-1.21,121
01:13.8,18,1.12,15.37197473,75.12727631,624.106,0.27697134,150.13371,10.458,19.331,1.245,0.02152659,-0.01794946,-0.005014027,-0.5028502,0.2272361,-9.863993,0.079120144,0.11238696,0.1684416,0.22756436,0,-2.978,-1.216,120.998
01:13.8,18,1.12,15.37197474,75.12727628,624.088,0.26424062,162.19078,10.454,19.328,1.23,0.020578495,-0.016827505,-0.003123044,-0.49216025,0.24750125,-9.7626455,0.059340108,0.11552412,0.1531281,0.21312642,0,-2.966,-1.222,120.996
01:13.8,18,1.12,15.37197475,75.12727625,624.07,0.2515099,174.24785,10.45,19.325,1.215,0.0196304,-0.01570555,-0.001232061,-0.4814703,0.2677664,-9.661298,0.039560072,0.11866128,0.1378146,0.19868848,0,-2.954,-1.228,120.994
01:13.8,18,1.12,15.37197476,75.12727622,624.052,0.23877918,186.30492,10.446,19.322,1.2,0.008487858,-0.008786811,-0.000447518,-0.61994795,0.2781768,-9.7206915,0.019780036,0.12179844,0.1225011,0.18425054,0,-2.942,-1.234,120.992
01:13.9,18,1.12,15.37197477,75.12727619,624.034,0.22604846,198.36199,10.442,19.319,1.185,-0.002654685,-0.001868072,0.000337025,-0.7584256,0.2885872,-9.780085,0,0.1249356,0.1071876,0.1698126,0,-2.93,-1.24,120.99
01:13.9,18,1.12,15.37197478,75.12727616,624.016,0.21331774,210.41906,10.438,19.316,1.17,-0.001827197,-0.003996104,-0.002186714,-0.6983385,0.18044713,-9.6156625,0.015258886,0.19684938,0.21182504,0.37182748,0,-2.94,-1.242,120.984
01:13.9,18,1.12,15.37197479,75.12727613,623.998,0.20058702,222.47613,10.434,19.313,1.155,-0.00099971,-0.006124136,-0.004710453,-0.6382514,0.07230706,-9.45124,0.030517772,0.26876316,0.31646248,0.57384236,0,-2.95,-1.244,120.978
01:13.9,18,1.12,15.3719748,75.1272761,623.98,0.1878563,234.5332,10.43,19.31,1.14,-0.003272272,-0.009620808,-0.005228343,-0.59114175,0.25377013,-9.829865,0.045776658,0.34067694,0.42109992,0.77585724,0,-2.96,-1.246,120.972
01:13.9,18,1.12,15.37197478,75.1272761,623.98,0.18755661,224.9088,10.428,19.307,1.113,-0.005544834,-0.01311748,-0.005746233,-0.5440321,0.4352332,-10.20849,0.061035544,0.41259072,0.52573736,0.97787212,0,-2.97,-1.248,120.966
01:14.0,18,1.12,15.37197476,75.1272761,623.98,0.18725692,215.2844,10.426,19.304,1.086,-0.004435222,-0.010155496,-0.005585598,-0.5033716,0.26724585,-9.9918395,0.07629443,0.4845045,0.6303748,1.179887,0,-2.98,-1.25,120.96
01:14.0,18,1.12,15.37197474,75.1272761,623.98,0.18695723,205.66,10.424,19.301,1.059,-0.003325609,-0.007193512,-0.005424962,-0.4627111,0.0992585,-9.775189,0.05312353,0.44431848,0.5772397,1.0764157,0,-2.994,-1.252,120.96
01:14.0,18,1.12,15.37197472,75.1272761,623.98,0.18665754,196.0356,10.422,19.298,1.032,-0.01071232,-0.009099801,-0.001644565,-0.4739789,0.08064472,-9.656772,0.02995263,0.40413246,0.5241046,0.9729444,0,-3.008,-1.254,120.96
01:14.0,18,1.12,15.3719747,75.1272761,623.98,0.18635785,186.4112,10.42,19.295,1.005,-0.01809903,-0.01100609,0.002135833,-0.4852467,0.06203094,-9.538355,0.00678173,0.36394644,0.4709695,0.8694731,0,-3.022,-1.256,120.96
01:14.0,18,1.12,15.37197468,75.1272761,623.98,0.18605816,176.7868,10.418,19.292,0.978,-5.16E-05,-0.01796162,0.006320977,-0.471123,0.26020647,-9.6786855,-0.01638917,0.32376042,0.4178344,0.7660018,0,-3.036,-1.258,120.96
01:14.1,18,1.12,15.37197466,75.1272761,623.98,0.18575847,167.1624,10.416,19.289,0.951,0.01799574,-0.02491715,0.01050612,-0.4569993,0.458382,-9.819016,-0.03956007,0.2835744,0.3646993,0.6625305,0,-3.05,-1.26,120.96
01:14.1,18,1.12,15.37197464,75.1272761,623.98,0.18545878,157.538,10.414,19.286,0.924,0.009754916,-0.021593695,0.005492154,-0.61137605,0.29430895,-9.7971925,-0.025996618,0.25889942,0.33459144,0.60152846,0,-3.042,-1.268,120.966
01:14.1,18,1.12,15.37197462,75.1272761,623.98,0.18515909,147.9136,10.412,19.283,0.897,0.001514092,-0.01827024,0.000478188,-0.7657528,0.1302359,-9.775369,-0.012433166,0.23422444,0.30448358,0.54052642,0,-3.034,-1.276,120.972
01:14.1,18,1.12,15.3719746,75.1272761,623.98,0.1848594,138.2892,10.41,19.28,0.87,0.008910051,-0.01687708,0.004728004,-0.65773995,0.221715,-9.809239,0.001130286,0.20954946,0.27437572,0.47952438,0,-3.026,-1.284,120.978
01:14.1,18,1.12,15.37197457,75.12727614,623.985,0.1805163,138.01757,10.408,19.28,0.862,0.01630601,-0.01548392,0.008977821,-0.5497271,0.3131941,-9.843109,0.014693738,0.18487448,0.24426786,0.41852234,0,-3.018,-1.292,120.984
01:14.2,18,1.12,15.37197454,75.12727618,623.99,0.1761732,137.74594,10.406,19.28,0.854,0.00773545,-0.011545834,0.007268027,-0.5296017,0.193100385,-9.79757,0.02825719,0.1601995,0.21416,0.3575203,0,-3.01,-1.3,120.99
01:14.2,18,1.12,15.37197451,75.12727622,623.995,0.1718301,137.47431,10.404,19.28,0.846,-0.00083511,-0.007607747,0.005558233,-0.5094763,0.07300667,-9.752031,0.012433162,0.1494846,0.20477028,0.32642652,0,-3.012,-1.298,120.99
01:14.2,18,1.12,15.37197448,75.12727626,624,0.167487,137.20268,10.402,19.28,0.838,9.01E-05,-0.00685365,0.002728113,-0.54309175,0.178624635,-9.7528035,-0.003390866,0.1387697,0.19538056,0.29533274,0,-3.014,-1.296,120.99
01:14.2,18,1.12,15.37197445,75.1272763,624.005,0.1631439,136.93105,10.4,19.28,0.83,0.001015406,-0.006099553,-0.000102006,-0.5767072,0.2842426,-9.753576,-0.019214894,0.1280548,0.18599084,0.26423896,0,-3.016,-1.294,120.99
01:14.2,18,1.12,15.37197442,75.12727634,624.01,0.1588008,136.65942,10.398,19.28,0.822,0.011011838,-0.010158112,0.002039706,-0.4720652,0.2276297,-9.728502,-0.035038922,0.1173399,0.17660112,0.23314518,0,-3.018,-1.292,120.99
01:14.3,18,1.12,15.37197439,75.12727638,624.015,0.1544577,136.38779,10.396,19.28,0.814,0.02100827,-0.01421667,0.004181419,-0.3674232,0.1710168,-9.703428,-0.05086295,0.106625,0.1672114,0.2020514,0,-3.02,-1.29,120.99
01:14.3,18,1.12,15.37197436,75.12727642,624.02,0.1501146,136.11616,10.394,19.28,0.806,0.01196101,-0.0106179,0.003439886,-0.5557109,0.1990198,-9.726084,-0.048602374,0.099021748,0.149717406,0.18488798,0,-3.01,-1.294,120.994
01:14.3,18,1.12,15.37197433,75.12727646,624.025,0.1457715,135.84453,10.392,19.28,0.798,0.00291375,-0.007019129,0.002698353,-0.7439986,0.2270228,-9.74874,-0.046341798,0.091418496,0.132223412,0.16772456,0,-3,-1.298,120.998
01:14.3,18,1.12,15.3719743,75.1272765,624.03,0.1414284,135.5729,10.39,19.28,0.79,0.00852419,-0.010755635,0.003355407,-0.65018415,0.2296246,-9.778766,-0.044081222,0.083815244,0.114729418,0.15056114,0,-2.99,-1.302,121.002
01:14.3,18,1.12,15.37197429,75.1272764,624.01,0.15372814,148.69041,10.39,19.279,0.819,0.01413463,-0.01449214,0.004012461,-0.5563697,0.2322264,-9.808792,-0.041820646,0.076211992,0.097235424,0.13339772,0,-2.98,-1.306,121.006
01:14.4,18,1.12,15.37197428,75.1272763,623.99,0.16602788,161.80792,10.39,19.278,0.848,0.018332715,-0.01450423,0.002998329,-0.5313469,0.21863625,-9.791042,-0.03956007,0.06860874,0.07974143,0.1162343,0,-2.97,-1.31,121.01
01:14.4,18,1.12,15.37197427,75.1272762,623.97,0.17832762,174.92543,10.39,19.277,0.877,0.0225308,-0.01451632,0.001984197,-0.5063241,0.2050461,-9.773292,-0.042950934,0.067931608,0.074911852,0.108496832,0,-2.974,-1.31,121.01
01:14.4,18,1.12,15.37197426,75.1272761,623.95,0.19062736,188.04294,10.39,19.276,0.906,0.009216131,-0.01384085,0.001525242,-0.5234145,0.20454745,-9.783066,-0.046341798,0.067254476,0.070082274,0.100759364,0,-2.978,-1.31,121.01
01:14.4,18,1.12,15.37197425,75.127276,623.93,0.2029271,201.16045,10.39,19.275,0.935,-0.004098539,-0.01316538,0.001066286,-0.5405049,0.2040488,-9.79284,-0.049732662,0.066577344,0.065252696,0.093021896,0,-2.982,-1.31,121.01
01:14.4,18,1.12,15.37197424,75.1272759,623.91,0.21522684,214.27796,10.39,19.274,0.964,-0.001425832,-0.012725265,0.002552225,-0.49992585,0.1895495,-9.7784685,-0.053123526,0.065900212,0.060423118,0.085284428,0,-2.986,-1.31,121.01
01:14.5,18,1.12,15.37197423,75.1272758,623.89,0.22752658,227.39547,10.39,19.273,0.993,0.001246874,-0.01228515,0.004038165,-0.4593468,0.1750502,-9.764097,-0.05651439,0.06522308,0.05559354,0.07754696,0,-2.99,-1.31,121.01
01:14.5,18,1.12,15.37197422,75.1272757,623.87,0.23982632,240.51298,10.39,19.272,1.022,0.000653129,-0.009249932,0.001906434,-0.60466855,0.19773455,-9.771167,-0.066686972,0.062204466,0.052434728,0.072968648,0,-2.99,-1.31,121.01
01:14.5,18,1.12,15.37197421,75.1272756,623.85,0.25212606,253.63049,10.39,19.271,1.051,5.94E-05,-0.006214714,-0.000225296,-0.7499903,0.2204189,-9.778237,-0.076859554,0.059185852,0.049275916,0.068390336,0,-2.99,-1.31,121.01
01:14.5,18,1.12,15.3719742,75.1272755,623.83,0.2644258,266.748,10.39,19.27,1.08,0.003265396,-0.009047642,0.001659747,-0.61363025,0.21027225,-9.779944,-0.087032136,0.056167238,0.046117104,0.063812024,0,-2.99,-1.31,121.01
01:14.5,18,1.12,15.37197419,75.12727552,623.832,0.2619851,250.89405,10.388,19.269,1.081,0.006471409,-0.01188057,0.003544791,-0.4772702,0.2001256,-9.781651,-0.097204718,0.053148624,0.042958292,0.059233712,0,-2.99,-1.31,121.01
01:14.6,18,1.12,15.37197418,75.12727554,623.834,0.2595444,235.0401,10.386,19.268,1.082,0.00992771,-0.013847645,0.002903826,-0.5148146,0.22792975,-9.789721,-0.1073773,0.05013001,0.03979948,0.0546554,0,-2.99,-1.31,121.01
01:14.6,18,1.12,15.37197417,75.12727556,623.836,0.2571037,219.18615,10.384,19.267,1.083,0.01338401,-0.01581472,0.00226286,-0.552359,0.2557339,-9.797791,-0.091553278,0.047059818,0.039065976,0.052766708,0,-2.988,-1.31,121.01
01:14.6,18,1.12,15.37197416,75.12727558,623.838,0.254663,203.3322,10.382,19.266,1.084,0.012862255,-0.013765205,0.00250576,-0.5588012,0.20605985,-9.780341,-0.075729256,0.043989626,0.038332472,0.050878016,0,-2.986,-1.31,121.01
01:14.6,18,1.12,15.37197415,75.1272756,623.84,0.2522223,187.47825,10.38,19.265,1.085,0.0123405,-0.01171569,0.00274866,-0.5652434,0.1563858,-9.762891,-0.059905234,0.040919434,0.037598968,0.048989324,0,-2.984,-1.31,121.01
01:14.6,18,1.12,15.37197414,75.12727562,623.842,0.2497816,171.6243,10.378,19.264,1.086,0.004741871,-0.010132955,0.002294745,-0.5328828,0.19080285,-9.7618385,-0.044081212,0.037849242,0.036865464,0.047100632,0,-2.982,-1.31,121.01
01:14.7,18,1.12,15.37197413,75.12727564,623.844,0.2473409,155.77035,10.376,19.263,1.087,-0.002856759,-0.00855022,0.001840829,-0.5005222,0.2252199,-9.760786,-0.02825719,0.03477905,0.03613196,0.04521194,0,-2.98,-1.31,121.01
01:14.7,18,1.12,15.37197412,75.12727566,623.846,0.2449002,139.9164,10.374,19.262,1.088,-0.006379309,-0.004915476,0.001122389,-0.604678,0.22150745,-9.8068035,-0.046341792,0.033015946,0.035076738,0.046240288,0,-2.988,-1.308,121.01
01:14.7,18,1.12,15.37197411,75.12727568,623.848,0.2424595,124.06245,10.372,19.261,1.089,-0.009901859,-0.001280731,0.000403948,-0.7088338,0.217795,-9.852821,-0.064426394,0.031252842,0.034021516,0.047268636,0,-2.996,-1.306,121.01
01:14.7,18,1.12,15.3719741,75.1272757,623.85,0.2400188,108.2085,10.37,19.26,1.09,-0.000712461,-0.007124661,0.00133685,-0.60844425,0.1987241,-9.800648,-0.082510996,0.029489738,0.032966294,0.048296984,0,-3.004,-1.304,121.01
01:14.7,18,1.12,15.37197409,75.12727575,623.851,0.224492768,104.458645,10.369,19.258,1.059,0.008476937,-0.01296859,0.002269752,-0.5080547,0.1796532,-9.748475,-0.100595598,0.027726634,0.031911072,0.049325332,0,-3.012,-1.302,121.01
01:14.8,18,1.12,15.37197408,75.1272758,623.852,0.208966736,100.70879,10.368,19.256,1.028,0.003076519,-0.010167499,0.000874603,-0.52115715,0.1804112,-9.755336,-0.1186802,0.02596353,0.03085585,0.05035368,0,-3.02,-1.3,121.01
01:14.8,18,1.12,15.37197407,75.12727585,623.853,0.193440704,96.958935,10.367,19.254,0.997,-0.002323899,-0.007366407,-0.000520547,-0.5342596,0.1811692,-9.762197,-0.1198105,0.027676718,0.02917654,0.04808473,0,-3.016,-1.296,121.006
01:14.8,18,1.12,15.37197406,75.1272759,623.854,0.177914672,93.20908,10.366,19.252,0.966,0.005938531,-0.008969489,0.000439687,-0.533398,0.20694645,-9.803948,-0.1209408,0.029389906,0.02749723,0.04581578,0,-3.012,-1.292,121.002
01:14.8,18,1.12,15.37197405,75.12727595,623.855,0.16238864,89.459225,10.365,19.25,0.935,0.01420096,-0.01057257,0.00139992,-0.5325364,0.2327237,-9.845699,-0.1220711,0.031103094,0.02581792,0.04354683,0,-3.008,-1.288,120.998
01:14.8,18,1.12,15.37197404,75.127276,623.856,0.146862608,85.70937,10.364,19.248,0.904,0.01419356,-0.008860972,-0.00027511,-0.5503672,0.2178383,-9.8173235,-0.1232014,0.032816282,0.02413861,0.04127788,0,-3.004,-1.284,120.994
01:14.9,18,1.12,15.37197403,75.12727605,623.857,0.131336576,81.959515,10.363,19.246,0.873,0.01418616,-0.007149373,-0.00195014,-0.568198,0.2029529,-9.788948,-0.1243317,0.03452947,0.0224593,0.03900893,0,-3,-1.28,120.99
01:14.9,18,1.12,15.37197402,75.1272761,623.858,0.115810544,78.20966,10.362,19.244,0.842,0.00476224,-0.005900786,-0.003043547,-0.5376953,0.19631535,-9.762768,-0.117549966,0.034933048,0.02500459,0.041915264,0,-3.002,-1.276,120.986
01:14.9,18,1.12,15.37197401,75.12727615,623.859,0.100284512,74.459805,10.361,19.242,0.811,-0.00466168,-0.004652199,-0.004136953,-0.5071926,0.1896778,-9.736588,-0.110768232,0.035336626,0.02754988,0.044821598,0,-3.004,-1.272,120.982
01:14.9,18,1.12,15.371974,75.1272762,623.86,0.08475848,70.70995,10.36,19.24,0.78,0.004600355,-0.00986621,-0.002658643,-0.4790692,0.22839155,-9.751664,-0.103986498,0.035740204,0.03009517,0.047727932,0,-3.006,-1.268,120.978
01:14.9,18,1.12,15.37197401,75.12727618,623.848,0.091485592,68.165604,10.36,19.24,0.788,0.01386239,-0.01508022,-0.001180332,-0.4509458,0.2671053,-9.76674,-0.097204764,0.036143782,0.03264046,0.050634266,0,-3.008,-1.264,120.974
01:15.0,18,1.12,15.37197402,75.12727616,623.836,0.098212704,65.621258,10.36,19.24,0.796,0.00879466,-0.012215337,0.000242425,-0.4909365,0.1889683,-9.7774495,-0.09042303,0.03654736,0.03518575,0.0535406,0,-3.01,-1.26,120.97
01:15.0,18,1.12,15.37197403,75.12727614,623.824,0.104939816,63.076912,10.36,19.24,0.804,0.00372693,-0.009350454,0.001665183,-0.5309272,0.1108313,-9.788159,-0.081380726,0.039932048,0.044498684,0.06053374,0,-3.018,-1.258,120.97
01:15.0,18,1.12,15.37197404,75.12727612,623.812,0.111666928,60.532566,10.36,19.24,0.812,-0.003364005,-0.009979617,0.001510745,-0.502821,0.1594061,-9.7872095,-0.072338422,0.043316736,0.053811618,0.06752688,0,-3.026,-1.256,120.97
01:15.0,18,1.12,15.37197405,75.1272761,623.8,0.11839404,57.98822,10.36,19.24,0.82,-0.01045494,-0.01060878,0.001356306,-0.4747148,0.2079809,-9.78626,-0.063296118,0.046701424,0.063124552,0.07452002,0,-3.034,-1.254,120.97
01:15.0,18,1.12,15.37197406,75.12727608,623.788,0.125121152,55.443874,10.36,19.24,0.828,-0.002051109,-0.007465341,0.0006954,-0.618464,0.23650065,-9.8087975,-0.054253814,0.050086112,0.072437486,0.08151316,0,-3.042,-1.252,120.97
01:15.1,18,1.12,15.37197407,75.12727606,623.776,0.131848264,52.899528,10.36,19.24,0.836,0.006352721,-0.004321902,3.45E-05,-0.7622132,0.2650204,-9.831335,-0.04521151,0.0534708,0.08175042,0.0885063,0,-3.05,-1.25,120.97
01:15.1,18,1.12,15.37197408,75.12727604,623.764,0.138575376,50.355182,10.36,19.24,0.844,0.000636695,4.99E-05,-0.001813878,-0.7509417,0.2546044,-9.789308,-0.04521151,0.051234122,0.079741608,0.080529088,0,-3.04,-1.248,120.966
01:15.1,18,1.12,15.37197409,75.12727602,623.752,0.145302488,47.810836,10.36,19.24,0.852,-0.005079331,0.004421698,-0.003662249,-0.7396702,0.2441884,-9.747281,-0.04521151,0.048997444,0.077732796,0.072551876,0,-3.03,-1.246,120.962
01:15.1,18,1.12,15.3719741,75.127276,623.74,0.1520296,45.26649,10.36,19.24,0.86,0.008894514,-0.005562506,-0.002274637,-0.59844885,0.32251055,-9.7342475,-0.04521151,0.046760766,0.075723984,0.064574664,0,-3.02,-1.244,120.958
01:15.1,18,1.12,15.37197412,75.127276,623.733,0.15246058,44.668782,10.359,19.24,0.851,0.02286836,-0.01554671,-0.000887026,-0.4572275,0.4008327,-9.721214,-0.04521151,0.044524088,0.073715172,0.056597452,0,-3.01,-1.242,120.954
01:15.2,18,1.12,15.37197414,75.127276,623.726,0.15289156,44.071074,10.358,19.24,0.842,0.03043166,-0.01408546,-0.000758688,-0.49147945,0.248736285,-9.7673385,-0.04521151,0.04228741,0.07170636,0.04862024,0,-3,-1.24,120.95
01:15.2,18,1.12,15.37197416,75.127276,623.719,0.15332254,43.473366,10.357,19.24,0.833,0.03799496,-0.01262421,-0.00063035,-0.5257314,0.09663987,-9.813463,-0.049732662,0.039512302,0.071466858,0.050370036,0,-2.992,-1.234,120.946
01:15.2,18,1.12,15.37197418,75.127276,623.712,0.15375352,42.875658,10.356,19.24,0.824,0.023113734,-0.008629784,-0.00167533,-0.5073984,0.127376085,-9.799782,-0.054253814,0.036737194,0.071227356,0.052119832,0,-2.984,-1.228,120.942
01:15.2,18,1.12,15.3719742,75.127276,623.705,0.1541845,42.27795,10.355,19.24,0.815,0.008232507,-0.004635358,-0.002720309,-0.4890654,0.1581123,-9.786101,-0.058774966,0.033962086,0.070987854,0.053869628,0,-2.976,-1.222,120.938
01:15.2,18,1.12,15.37197422,75.127276,623.698,0.15461548,41.680242,10.354,19.24,0.806,0.0030231,-0.007268424,-0.001356542,-0.4901903,0.1430244,-9.8039035,-0.063296118,0.031186978,0.070748352,0.055619424,0,-2.968,-1.216,120.934
01:15.3,18,1.12,15.37197424,75.127276,623.691,0.15504646,41.082534,10.353,19.24,0.797,-0.002186307,-0.00990149,7.22E-06,-0.4913152,0.1279365,-9.821706,-0.06781727,0.02841187,0.07050885,0.05736922,0,-2.96,-1.21,120.93
01:15.3,18,1.12,15.37197426,75.127276,623.684,0.15547744,40.484826,10.352,19.24,0.788,-0.005846442,-0.003741871,0.001743947,-0.6126918,0.17308205,-9.7790115,-0.079120156,0.03052381,0.068336186,0.06007197,0,-2.97,-1.208,120.93
01:15.3,18,1.12,15.37197428,75.127276,623.677,0.15590842,39.887118,10.351,19.24,0.779,-0.009506577,0.002417748,0.003480669,-0.7340684,0.2182276,-9.736317,-0.090423042,0.03263575,0.066163522,0.06277472,0,-2.98,-1.206,120.93
01:15.3,18,1.12,15.3719743,75.127276,623.67,0.1563394,39.28941,10.35,19.24,0.77,-0.007343916,-0.004844011,0.002873415,-0.6112915,0.2173721,-9.738555,-0.101725928,0.03474769,0.063990858,0.06547747,0,-2.99,-1.204,120.93
01:15.3,18,1.12,15.37197431,75.12727599,623.664,0.150651817,45.344582,10.35,19.24,0.787,-0.005181254,-0.01210577,0.00226616,-0.4885146,0.2165166,-9.740793,-0.113028814,0.03685963,0.061818194,0.06818022,0,-3,-1.202,120.93
01:15.4,18,1.12,15.37197432,75.12727598,623.658,0.144964234,51.399754,10.35,19.24,0.804,0.003422393,-0.008670225,0.001648705,-0.5255512,0.25246795,-9.7955575,-0.1243317,0.03897157,0.05964553,0.07088297,0,-3.01,-1.2,120.93
01:15.4,18,1.12,15.37197433,75.12727597,623.652,0.139276651,57.454926,10.35,19.24,0.821,0.01202604,-0.005234679,0.001031249,-0.5625878,0.2884193,-9.850322,-0.108507662,0.047066166,0.067376138,0.077354216,0,-3,-1.196,120.926
01:15.4,18,1.12,15.37197434,75.12727596,623.646,0.133589068,63.510098,10.35,19.24,0.838,0.01823145,-0.00801248,-0.001590142,-0.4772633,0.3050577,-9.807961,-0.092683624,0.055160762,0.075106746,0.083825462,0,-2.99,-1.192,120.922
01:15.4,18,1.12,15.37197435,75.12727595,623.64,0.127901485,69.56527,10.35,19.24,0.855,0.02443686,-0.01079028,-0.004211533,-0.3919388,0.3216961,-9.7656,-0.076859586,0.063255358,0.082837354,0.090296708,0,-2.98,-1.188,120.918
01:15.4,18,1.12,15.37197436,75.12727594,623.634,0.122213902,75.620442,10.35,19.24,0.872,0.01605072,-0.01059408,-0.003264363,-0.5003192,0.19966827,-9.7680015,-0.061035548,0.071349954,0.090567962,0.096767954,0,-2.97,-1.184,120.914
01:15.5,18,1.12,15.37197437,75.12727593,623.628,0.116526319,81.675614,10.35,19.24,0.889,0.007664579,-0.01039788,-0.002317192,-0.6086996,0.07764044,-9.770403,-0.04521151,0.07944455,0.09829857,0.1032392,0,-2.96,-1.18,120.91
01:15.5,18,1.12,15.37197438,75.12727592,623.622,0.110838736,87.730786,10.35,19.24,0.906,0.004154907,-0.007097724,-0.001954822,-0.6335667,0.15918137,-9.748906,-0.006216588,0.074177424,0.093247018,0.094898306,0,-2.96,-1.178,120.908
01:15.5,18,1.12,15.37197439,75.12727591,623.616,0.105151153,93.785958,10.35,19.24,0.923,0.000645235,-0.003797567,-0.001592451,-0.6584338,0.2407223,-9.727409,0.032778334,0.068910298,0.088195466,0.086557412,0,-2.96,-1.176,120.906
01:15.5,18,1.12,15.3719744,75.1272759,623.61,0.09946357,99.84113,10.35,19.24,0.94,0.003932855,-0.007766589,-0.000129232,-0.60981335,0.16134544,-9.7667945,0.071773256,0.063643172,0.083143914,0.078216518,0,-2.96,-1.174,120.904
01:15.5,18,1.12,15.37197438,75.12727607,623.645,0.095114534,114.981157,10.345,19.236,0.89,0.007220475,-0.01173561,0.001333987,-0.5611929,0.08196858,-9.80618,0.110768178,0.058376046,0.078092362,0.069875624,0,-2.96,-1.172,120.902
01:15.6,18,1.12,15.37197436,75.12727624,623.68,0.090765498,130.121184,10.34,19.232,0.84,0.006673447,-0.01134614,0.001310536,-0.50720835,0.13917464,-9.791186,0.1497631,0.05310892,0.07304081,0.06153473,0,-2.96,-1.17,120.9
01:15.6,18,1.12,15.37197434,75.12727641,623.715,0.086416462,145.261211,10.335,19.228,0.79,0.006126419,-0.01095667,0.001287085,-0.4532238,0.1963807,-9.776192,0.128852782,0.049520034,0.068704142,0.056191722,0,-2.96,-1.168,120.9
01:15.6,18,1.12,15.37197432,75.12727658,623.75,0.082067426,160.401238,10.33,19.224,0.74,0.006471456,-0.011404705,0.001347234,-0.4934502,0.2052517,-9.775546,0.107942464,0.045931148,0.064367474,0.050848714,0,-2.96,-1.166,120.9
01:15.6,18,1.12,15.3719743,75.12727675,623.785,0.07771839,175.541265,10.325,19.22,0.69,0.006816493,-0.01185274,0.001407382,-0.5336766,0.2141227,-9.7749,0.087032146,0.042342262,0.060030806,0.045505706,0,-2.96,-1.164,120.9
01:15.6,18,1.12,15.37197428,75.12727692,623.82,0.073369354,190.681292,10.32,19.216,0.64,0.002606463,-0.005265475,0.001894854,-0.6165397,0.2550251,-9.7851,0.066121828,0.038753376,0.055694138,0.040162698,0,-2.96,-1.162,120.9
01:15.7,18,1.12,15.37197426,75.12727709,623.855,0.069020318,205.821319,10.315,19.212,0.59,-0.001603567,0.00132179,0.002382326,-0.6994028,0.2959275,-9.7953,0.04521151,0.03516449,0.05135747,0.03481969,0,-2.96,-1.16,120.9
01:15.7,18,1.12,15.37197424,75.12727726,623.89,0.064671282,220.961346,10.31,19.208,0.54,-0.001165454,0.001573072,7.85E-05,-0.71654835,0.2920749,-9.7828355,0.041255504,0.037951046,0.056194556,0.044239244,0,-2.96,-1.158,120.898
01:15.7,18,1.12,15.37197422,75.12727743,623.925,0.060322246,236.101373,10.305,19.204,0.49,-0.00072734,0.001824354,-0.002225295,-0.7336939,0.2882223,-9.770371,0.037299498,0.040737602,0.061031642,0.053658798,0,-2.96,-1.156,120.896
01:15.7,18,1.12,15.3719742,75.1272776,623.96,0.05597321,251.2414,10.3,19.2,0.44,0.003160135,-0.004735523,-0.001152005,-0.6261571,0.22608345,-9.776248,0.033343492,0.043524158,0.065868728,0.063078352,0,-2.96,-1.154,120.894
01:15.7,18,1.12,15.3719742,75.12727748,623.939,0.055846721,251.30688,10.296,19.196,0.467,0.007047611,-0.0112954,-7.87E-05,-0.5186203,0.1639446,-9.782125,0.029387486,0.046310714,0.070705814,0.072497906,0,-2.96,-1.152,120.892
01:15.8,18,1.12,15.3719742,75.12727736,623.918,0.055720232,251.37236,10.292,19.192,0.494,0.006889838,-0.011485915,-0.00029246,-0.51317845,0.1886157,-9.77952,0.02543148,0.04909727,0.0755429,0.08191746,0,-2.96,-1.15,120.89
01:15.8,18,1.12,15.3719742,75.12727724,623.897,0.055593743,251.43784,10.288,19.188,0.521,0.006732065,-0.01167643,-0.000506204,-0.5077366,0.2132868,-9.776915,0.01243317,0.04912811,0.07612198,0.081643498,0,-2.96,-1.146,120.89
01:15.8,18,1.12,15.3719742,75.12727712,623.876,0.055467254,251.50332,10.284,19.184,0.548,0.00691623,-0.01162817,-0.00053995,-0.4968063,0.17995335,-9.778613,-0.00056514,0.04915895,0.07670106,0.081369536,0,-2.96,-1.142,120.89
01:15.8,18,1.12,15.3719742,75.127277,623.855,0.055340765,251.5688,10.28,19.18,0.575,0.007100394,-0.01157991,-0.000573697,-0.485876,0.1466199,-9.780311,-0.01356345,0.04918979,0.07728014,0.081095574,0,-2.96,-1.138,120.89
01:15.8,18,1.12,15.3719742,75.12727688,623.834,0.055214276,251.63428,10.276,19.176,0.602,0.003987297,-0.006010344,0.001482851,-0.59120755,0.17697685,-9.740299,-0.02656176,0.04922063,0.07785922,0.080821612,0,-2.96,-1.134,120.89
01:15.9,18,1.12,15.3719742,75.12727676,623.813,0.055087787,251.69976,10.272,19.172,0.629,0.0008742,-0.000440778,0.003539398,-0.6965391,0.2073338,-9.700287,-0.03956007,0.04925147,0.0784383,0.08054765,0,-2.96,-1.13,120.89
01:15.9,18,1.12,15.3719742,75.12727664,623.792,0.054961298,251.76524,10.268,19.168,0.656,0.000451809,-0.001056222,0.002383472,-0.6991863,0.15061443,-9.727742,-0.055384096,0.042568152,0.079282728,0.077483384,0,-2.96,-1.128,120.892
01:15.9,18,1.12,15.3719742,75.12727652,623.771,0.054834809,251.83072,10.264,19.164,0.683,2.94E-05,-0.001671666,0.001227545,-0.7018335,0.09389506,-9.755197,-0.071208122,0.035884834,0.080127156,0.074419118,0,-2.96,-1.126,120.894
01:15.9,18,1.12,15.3719742,75.1272764,623.75,0.05470832,251.8962,10.26,19.16,0.71,0.003177162,-0.006913673,0.003060654,-0.60967545,0.14404883,-9.801961,-0.087032148,0.029201516,0.080971584,0.071354852,0,-2.96,-1.124,120.896
01:15.9,18.1,1.115,15.37197419,75.12727633,623.727,0.054120111,259.20738,10.254,19.153,0.678,0.006324905,-0.01215568,0.004893763,-0.5175174,0.1942026,-9.848725,-0.102856174,0.022518198,0.081816012,0.068290586,0,-2.96,-1.122,120.898
01:16.0,18.2,1.11,15.37197418,75.12727626,623.704,0.053531902,266.51856,10.248,19.146,0.646,0.00632304,-0.01212884,0.004028432,-0.5063573,0.198763,-9.790297,-0.1186802,0.01583488,0.08266044,0.06522632,0,-2.96,-1.12,120.9
01:16.0,18.3,1.105,15.37197417,75.12727619,623.681,0.052943693,273.82974,10.242,19.139,0.614,0.006321175,-0.012102,0.003163101,-0.4951972,0.2033234,-9.731869,-0.108507614,0.017645954,0.079439362,0.063006218,0,-2.962,-1.118,120.902
01:16.0,18.4,1.1,15.37197416,75.12727612,623.658,0.052355484,281.14092,10.236,19.132,0.582,0.006592601,-0.01216917,0.002554922,-0.4740129,0.25347245,-9.7315795,-0.098335028,0.019457028,0.076218284,0.060786116,0,-2.964,-1.116,120.904
01:16.0,18.5,1.095,15.37197415,75.12727605,623.635,0.051767275,288.4521,10.23,19.125,0.55,0.006864026,-0.01223634,0.001946743,-0.4528286,0.3036215,-9.73129,-0.088162442,0.021268102,0.072997206,0.058566014,0,-2.966,-1.114,120.906
01:16.0,18.6,1.09,15.37197414,75.12727598,623.612,0.051179066,295.76328,10.224,19.118,0.518,0.006989086,-0.011683305,0.001404629,-0.46634215,0.25582055,-9.7718565,-0.077989856,0.023079176,0.069776128,0.056345912,0,-2.968,-1.112,120.908
01:16.1,18.7,1.085,15.37197413,75.12727591,623.589,0.050590857,303.07446,10.218,19.111,0.486,0.007114145,-0.01113027,0.000862516,-0.4798557,0.2080196,-9.812423,-0.06781727,0.02489025,0.06655505,0.05412581,0,-2.97,-1.11,120.91
01:16.1,18.8,1.08,15.37197412,75.12727584,623.566,0.050002648,310.38564,10.212,19.104,0.454,0.003488379,-0.00540335,0.001469227,-0.59849625,0.22505635,-9.789881,-0.085901876,0.024344282,0.062587264,0.050785268,0,-2.97,-1.108,120.912
01:16.1,18.9,1.075,15.37197411,75.12727577,623.543,0.049414439,317.69682,10.206,19.097,0.422,-0.000137388,0.000323571,0.002075938,-0.7171368,0.2420931,-9.767339,-0.103986482,0.023798314,0.058619478,0.047444726,0,-2.97,-1.106,120.914
01:16.1,19,1.07,15.3719741,75.1272757,623.52,0.04882623,325.008,10.2,19.09,0.39,0.003468427,-0.00551488,0.001477349,-0.62747155,0.18581055,-9.7635255,-0.122071088,0.023252346,0.054651692,0.044104184,0,-2.97,-1.104,120.916
01:16.1,19,1.07,15.37197411,75.12727566,623.503,0.05126754,298.007997,10.197,19.085,0.405,0.007074242,-0.01135333,0.000878759,-0.5378063,0.129528,-9.759712,-0.140155694,0.022706378,0.050683906,0.040763642,0,-2.97,-1.102,120.918
01:16.2,19,1.07,15.37197412,75.12727562,623.486,0.05370885,271.007994,10.194,19.08,0.42,0.006578556,-0.011442705,0.000677453,-0.55185215,0.15579455,-9.7699205,-0.1582403,0.02216041,0.04671612,0.0374231,0,-2.97,-1.1,120.92
01:16.2,19,1.07,15.37197413,75.12727558,623.469,0.05615016,244.007991,10.191,19.075,0.435,0.00608287,-0.01153208,0.000476148,-0.565898,0.1820611,-9.780129,-0.118680226,0.021514396,0.043163134,0.034855254,0,-2.97,-1.098,120.922
01:16.2,19,1.07,15.37197414,75.12727554,623.452,0.05859147,217.007988,10.188,19.07,0.45,0.006286934,-0.01156549,0.000888821,-0.5657953,0.16886585,-9.7871505,-0.079120152,0.020868382,0.039610148,0.032287408,0,-2.97,-1.096,120.924
01:16.2,19,1.07,15.37197415,75.1272755,623.435,0.06103278,190.007985,10.185,19.065,0.465,0.006490998,-0.0115989,0.001301494,-0.5656926,0.1556706,-9.794172,-0.039560078,0.020222368,0.036057162,0.029719562,0,-2.97,-1.094,120.926
01:16.2,19,1.07,15.37197416,75.12727546,623.418,0.06347409,163.007982,10.182,19.06,0.48,0.002688649,-0.00733391,0.002419937,-0.6462005,0.20212825,-9.7778015,-4.00E-09,0.019576354,0.032504176,0.027151716,0,-2.97,-1.092,120.928
01:16.3,19,1.07,15.37197417,75.12727542,623.401,0.0659154,136.007979,10.179,19.055,0.495,-0.001113701,-0.00306892,0.003538379,-0.7267084,0.2485859,-9.761431,0.03956007,0.01893034,0.02895119,0.02458387,0,-2.97,-1.09,120.93
01:16.3,19,1.07,15.37197418,75.12727538,623.384,0.06835671,109.007976,10.176,19.05,0.51,-0.000481119,-0.002336839,0.003406033,-0.69191115,0.23513465,-9.757271,0.063296116,0.020750526,0.02717119,0.023660334,0,-2.972,-1.088,120.93
01:16.3,19,1.07,15.37197419,75.12727534,623.367,0.07079802,82.007973,10.173,19.045,0.525,0.000151464,-0.001604758,0.003273687,-0.6571139,0.2216834,-9.753111,0.087032162,0.022570712,0.02539119,0.022736798,0,-2.974,-1.086,120.93
01:16.3,19,1.07,15.3719742,75.1272753,623.35,0.07323933,55.00797,10.17,19.04,0.54,0.003729196,-0.006111729,0.0021537,-0.562901,0.21543965,-9.7645625,0.110768208,0.024390898,0.02361119,0.021813262,0,-2.976,-1.084,120.93
01:16.3,19,1.07,15.37197418,75.12727535,623.353,0.069093447,66.234733,10.166,19.034,0.55,0.007306928,-0.0106187,0.001033713,-0.4686881,0.2091959,-9.776014,0.134504254,0.026211084,0.02183119,0.020889726,0,-2.978,-1.082,120.93
01:16.4,19,1.07,15.37197416,75.1272754,623.356,0.064947564,77.461496,10.162,19.028,0.56,0.006809032,-0.011281705,0.00090451,-0.4824193,0.2109328,-9.784154,0.1582403,0.02803127,0.02005119,0.01996619,0,-2.98,-1.08,120.93
01:16.4,19,1.07,15.37197414,75.12727545,623.359,0.060801681,88.688259,10.158,19.022,0.57,0.006311136,-0.01194471,0.000775307,-0.4961505,0.2126697,-9.792294,0.15202372,0.028120864,0.019389514,0.019627574,0,-2.98,-1.078,120.932
01:16.4,19,1.07,15.37197412,75.1272755,623.362,0.056655798,99.915022,10.154,19.016,0.58,0.006487854,-0.011723225,0.000744381,-0.53382335,0.21870625,-9.7861435,0.14580714,0.028210458,0.018727838,0.019288958,0,-2.98,-1.076,120.934
01:16.4,19,1.07,15.3719741,75.12727555,623.365,0.052509915,111.141785,10.15,19.01,0.59,0.006664572,-0.01150174,0.000713454,-0.5714962,0.2247428,-9.779993,0.13959056,0.028300052,0.018066162,0.018950342,0,-2.98,-1.074,120.936
01:16.4,19,1.07,15.37197408,75.1272756,623.368,0.048364032,122.368548,10.146,19.004,0.6,0.006581054,-0.011479865,0.000783618,-0.5460256,0.2127711,-9.78001,0.13337398,0.028389646,0.017404486,0.018611726,0,-2.98,-1.072,120.938
01:16.5,19,1.07,15.37197406,75.12727565,623.371,0.044218149,133.595311,10.142,18.998,0.61,0.006497536,-0.01145799,0.000853783,-0.520555,0.2007994,-9.780027,0.1271574,0.02847924,0.01674281,0.01827311,0,-2.98,-1.07,120.94
01:16.5,19,1.07,15.37197404,75.1272757,623.374,0.040072266,144.822074,10.138,18.992,0.62,0.002985646,-0.005975822,2.42E-05,-0.64751105,0.21464415,-9.7673405,0.118680238,0.032626888,0.02733475,0.029343352,0,-2.98,-1.068,120.936
01:16.5,19,1.07,15.37197402,75.12727575,623.377,0.035926383,156.048837,10.134,18.986,0.63,-0.000526244,-0.000493654,-0.000805323,-0.7744671,0.2284889,-9.754654,0.110203076,0.036774536,0.03792669,0.040413594,0,-2.98,-1.066,120.932
01:16.5,19,1.07,15.371974,75.1272758,623.38,0.0317805,167.2756,10.13,18.98,0.64,0.003033307,-0.006184182,-0.002810148,-0.69861465,0.24326525,-9.766895,0.101725914,0.040922184,0.04851863,0.051483836,0,-2.98,-1.064,120.928
01:16.5,19.1,1.07,15.37197398,75.12727583,623.37,0.04305582,162.39959,10.127,18.973,0.626,0.006592857,-0.01187471,-0.004814972,-0.6227622,0.2580416,-9.779136,0.093248752,0.045069832,0.05911057,0.062554078,0,-2.98,-1.062,120.924
01:16.6,19.2,1.07,15.37197396,75.12727586,623.36,0.05433114,157.52358,10.124,18.966,0.612,0.006970617,-0.011924385,-0.004760379,-0.54299595,0.2103573,-9.7848495,0.08477159,0.04921748,0.06970251,0.07362432,0,-2.98,-1.06,120.92
01:16.6,19.3,1.07,15.37197394,75.12727589,623.35,0.06560646,152.64757,10.121,18.959,0.598,0.007348376,-0.01197406,-0.004705786,-0.4632297,0.162673,-9.790563,0.091553312,0.05118782,0.070920428,0.073314526,0,-2.98,-1.058,120.92
01:16.6,19.4,1.07,15.37197392,75.12727592,623.34,0.07688178,147.77156,10.118,18.952,0.584,0.006942499,-0.012005655,-0.001779009,-0.44326595,0.13095349,-9.779734,0.098335034,0.05315816,0.072138346,0.073004732,0,-2.98,-1.056,120.92
01:16.6,19.5,1.07,15.3719739,75.12727595,623.33,0.0881571,142.89555,10.115,18.945,0.57,0.006536621,-0.01203725,0.001147768,-0.4233022,0.09923398,-9.768905,0.105116756,0.0551285,0.073356264,0.072694938,0,-2.98,-1.054,120.92
01:16.6,19.6,1.07,15.37197388,75.12727598,623.32,0.09943242,138.01954,10.112,18.938,0.556,0.002448654,-0.005841422,0.001761959,-0.5276168,0.12283679,-9.7649285,0.111898478,0.05709884,0.074574182,0.072385144,0,-2.98,-1.052,120.92
01:16.7,19.7,1.07,15.37197386,75.12727601,623.31,0.11070774,133.14353,10.109,18.931,0.542,-0.001639314,0.000354406,0.002376149,-0.6319314,0.1464396,-9.760952,0.1186802,0.05906918,0.0757921,0.07207535,0,-2.98,-1.05,120.92
01:16.7,19.8,1.07,15.37197384,75.12727604,623.3,0.12198306,128.26752,10.106,18.924,0.528,0.002349466,-0.005849427,0.002134372,-0.5472824,0.15165085,-9.769961,0.091553296,0.05807627,0.066289074,0.060651892,0,-2.982,-1.048,120.922
01:16.7,19.9,1.07,15.37197382,75.12727607,623.29,0.13325838,123.39151,10.103,18.917,0.514,0.006338247,-0.01205326,0.001892594,-0.4626334,0.1568621,-9.77897,0.064426392,0.05708336,0.056786048,0.049228434,0,-2.984,-1.046,120.924
01:16.7,20,1.07,15.3719738,75.1272761,623.28,0.1445337,118.5155,10.1,18.91,0.5,0.005931912,-0.01212271,0.002135662,-0.51748135,0.17670835,-9.779396,0.037299488,0.05609045,0.047283022,0.037804976,0,-2.986,-1.044,120.926
01:16.7,20,1.07,15.37197377,75.12727608,623.265,0.140021155,133.14451,10.095,18.903,0.502,0.005525577,-0.01219216,0.00237873,-0.5723293,0.1965546,-9.779822,0.010172584,0.05509754,0.037779996,0.026381518,0,-2.988,-1.042,120.928
01:16.8,20,1.07,15.37197374,75.12727606,623.25,0.13550861,147.77352,10.09,18.896,0.504,0.005971609,-0.0122855,0.003353772,-0.58281475,0.19678705,-9.775986,-0.01695432,0.05410463,0.02827697,0.01495806,0,-2.99,-1.04,120.93
01:16.8,20,1.07,15.37197371,75.12727604,623.235,0.130996065,162.40253,10.085,18.889,0.506,0.006417641,-0.01237884,0.004328813,-0.5933002,0.1970195,-9.77215,0.022605764,0.050308136,0.028639064,0.014551132,0,-2.99,-1.038,120.934
01:16.8,20,1.07,15.37197368,75.12727602,623.22,0.12648352,177.03154,10.08,18.882,0.508,0.00644306,-0.01223835,0.004783734,-0.55223155,0.17850565,-9.7747705,0.062165848,0.046511642,0.029001158,0.014144204,0,-2.99,-1.036,120.938
01:16.8,20,1.07,15.37197365,75.127276,623.205,0.121970975,191.66055,10.075,18.875,0.51,0.006468479,-0.01209786,0.005238654,-0.5111629,0.1599918,-9.777391,0.101725932,0.042715148,0.029363252,0.013737276,0,-2.99,-1.034,120.942
01:16.8,20,1.07,15.37197362,75.12727598,623.19,0.11745843,206.28956,10.07,18.868,0.512,0.006475411,-0.01203256,0.003732603,-0.51606295,0.1998063,-9.7751795,0.141286016,0.038918654,0.029725346,0.013330348,0,-2.99,-1.032,120.946
01:16.9,20,1.07,15.37197359,75.12727596,623.175,0.112945885,220.91857,10.065,18.861,0.514,0.006482343,-0.01196726,0.002226552,-0.520963,0.2396208,-9.772968,0.1808461,0.03512216,0.03008744,0.01292342,0,-2.99,-1.03,120.95
01:16.9,20,1.07,15.37197356,75.12727594,623.16,0.10843334,235.54758,10.06,18.854,0.516,0.006759681,-0.011585435,0.000860449,-0.4935607,0.22790205,-9.772512,0.151458608,0.033072598,0.028554074,0.013722616,0,-2.992,-1.03,120.95
01:16.9,20,1.07,15.37197353,75.12727592,623.145,0.103920795,250.17659,10.055,18.847,0.518,0.007037019,-0.01120361,-0.000505655,-0.4661584,0.2161833,-9.772056,0.122071116,0.031023036,0.027020708,0.014521812,0,-2.994,-1.03,120.95
01:16.9,20,1.07,15.3719735,75.1272759,623.13,0.09940825,264.8056,10.05,18.84,0.52,0.006641262,-0.01210443,4.94E-05,-0.4637167,0.21899405,-9.7822535,0.092683624,0.028973474,0.025487342,0.015321008,0,-2.996,-1.03,120.95
01:16.9,20,1.07,15.37197349,75.12727585,623.118,0.102077345,265.09779,10.047,18.835,0.525,0.006245505,-0.01300525,0.000604384,-0.461275,0.2218048,-9.792451,0.063296132,0.026923912,0.023953976,0.016120204,0,-2.998,-1.03,120.95
01:17.0,20,1.07,15.37197348,75.1272758,623.106,0.10474644,265.38998,10.044,18.83,0.53,0.006529479,-0.01246272,0.001908987,-0.47695425,0.2025153,-9.7834615,0.03390864,0.02487435,0.02242061,0.0169194,0,-3,-1.03,120.95
01:17.0,20,1.07,15.37197347,75.12727575,623.094,0.107415535,265.68217,10.041,18.825,0.535,0.006813453,-0.01192019,0.00321359,-0.4926335,0.1832258,-9.774472,0.02260576,0.025920436,0.025701646,0.016714212,0,-3,-1.028,120.952
01:17.0,20,1.07,15.37197346,75.1272757,623.082,0.11008463,265.97436,10.038,18.82,0.54,0.003765463,-0.006008346,0.001633613,-0.6069592,0.200864,-9.764395,0.01130288,0.026966522,0.028982682,0.016509024,0,-3,-1.026,120.954
01:17.0,20,1.07,15.37197345,75.12727565,623.07,0.112753725,266.26655,10.035,18.815,0.545,0.000717473,-9.65E-05,5.36E-05,-0.7212849,0.2185022,-9.754318,6.94E-18,0.028012608,0.032263718,0.016303836,0,-3,-1.024,120.956
01:17.0,20,1.07,15.37197344,75.1272756,623.058,0.11542282,266.55874,10.032,18.81,0.55,0.00351876,-0.005760806,0.000927099,-0.57890095,0.15319837,-9.767794,-0.01130288,0.029058694,0.035544754,0.016098648,0,-3,-1.022,120.958
01:17.1,20,1.07,15.37197343,75.12727555,623.046,0.118091915,266.85093,10.029,18.805,0.555,0.006320047,-0.01142511,0.001800562,-0.436517,0.08789454,-9.78127,-0.02260576,0.03010478,0.03882579,0.01589346,0,-3,-1.02,120.96
01:17.1,20,1.07,15.37197342,75.1272755,623.034,0.12076101,267.14312,10.026,18.8,0.56,0.006421429,-0.011998745,0.004861562,-0.4587956,0.073628435,-9.780186,-0.013563456,0.03274959,0.04089629,0.016346088,0,-3.002,-1.018,120.966
01:17.1,20,1.07,15.37197341,75.12727545,623.022,0.123430105,267.43531,10.023,18.795,0.565,0.006522811,-0.01257238,0.007922563,-0.4810742,0.05936233,-9.779102,-0.004521152,0.0353944,0.04296679,0.016798716,0,-3.004,-1.016,120.972
01:17.1,20,1.07,15.3719734,75.1272754,623.01,0.1260992,267.7275,10.02,18.79,0.57,0.006201332,-0.01222585,0.007148237,-0.54130165,0.130223765,-9.769744,0.004521152,0.03803921,0.04503729,0.017251344,0,-3.006,-1.014,120.978
01:17.1,20,1.07,15.37197338,75.12727541,623.004,0.118141162,256.40841,10.016,18.785,0.563,0.005879852,-0.01187932,0.00637391,-0.6015291,0.2010852,-9.760386,0.013563456,0.04068402,0.04710779,0.017703972,0,-3.008,-1.012,120.984
01:17.2,20,1.07,15.37197336,75.12727542,622.998,0.110183124,245.08932,10.012,18.78,0.556,0.002605277,-0.008046263,0.006561587,-0.6571567,0.1984896,-9.7524705,0.02260576,0.04332883,0.04917829,0.0181566,0,-3.01,-1.01,120.99
01:17.2,20,1.07,15.37197334,75.12727543,622.992,0.102225086,233.77023,10.008,18.775,0.549,-0.000669298,-0.004213205,0.006749263,-0.7127843,0.195894,-9.744555,0.018084608,0.04079457,0.048415788,0.017901872,0,-3.01,-1.008,120.998
01:17.2,20,1.07,15.37197332,75.12727544,622.986,0.094267048,222.45114,10.004,18.77,0.542,-0.001089392,-0.001749679,0.005568409,-0.7177692,0.25380275,-9.7606165,0.013563456,0.03826031,0.047653286,0.017647144,0,-3.01,-1.006,121.006
01:17.2,20,1.07,15.3719733,75.12727545,622.98,0.08630901,211.13205,10,18.765,0.535,-0.001509487,0.000713846,0.004387555,-0.7227541,0.3117115,-9.776678,0.009042304,0.03572605,0.046890784,0.017392416,0,-3.01,-1.004,121.014
01:17.2,20,1.07,15.37197328,75.12727546,622.974,0.078350972,199.81296,9.996,18.76,0.528,0.002272493,-0.005847207,0.005039703,-0.60258835,0.2939382,-9.776615,0.004521152,0.03319179,0.046128282,0.017137688,0,-3.01,-1.002,121.022
01:17.3,20,1.07,15.37197326,75.12727547,622.968,0.070392934,188.49387,9.992,18.755,0.521,0.006054472,-0.01240826,0.005691851,-0.4824226,0.2761649,-9.776552,0,0.03065753,0.04536578,0.01688296,0,-3.01,-1,121.03
01:17.3,20,1.07,15.37197324,75.12727548,622.962,0.062434896,177.17478,9.988,18.75,0.514,0.006005678,-0.012063035,0.003655824,-0.49744955,0.31538015,-9.7836515,0.0333435,0.028923,0.043769338,0.016648716,0,-3.012,-1,121.028
01:17.3,20,1.07,15.37197322,75.12727549,622.956,0.054476858,165.85569,9.984,18.745,0.507,0.005956884,-0.01171781,0.001619797,-0.5124765,0.3545954,-9.790751,0.066687,0.02718847,0.042172896,0.016414472,0,-3.014,-1,121.026
01:17.3,20,1.07,15.3719732,75.1272755,622.95,0.04651882,154.5366,9.98,18.74,0.5,0.006335265,-0.011822805,-0.001171634,-0.52752555,0.3427394,-9.7877365,0.1000305,0.02545394,0.040576454,0.016180228,0,-3.016,-1,121.024
01:17.3,19.9,1.07,15.3719732,75.12727547,622.938,0.045266938,141.890189,9.978,18.736,0.516,0.006713647,-0.0119278,-0.003963065,-0.5425746,0.3308834,-9.784722,0.133374,0.02371941,0.038980012,0.015945984,0,-3.018,-1,121.022
01:17.4,19.8,1.07,15.3719732,75.12727544,622.926,0.044015056,129.243778,9.976,18.732,0.532,0.006761991,-0.012076825,-0.004526321,-0.512992,0.2715342,-9.778201,0.1667175,0.02198488,0.03738357,0.01571174,0,-3.02,-1,121.02
01:17.4,19.7,1.07,15.3719732,75.12727541,622.914,0.042763174,116.597367,9.974,18.728,0.548,0.006810335,-0.01222585,-0.005089577,-0.4834094,0.212185,-9.77168,0.122071122,0.027795306,0.050897016,0.028301012,0,-3.02,-0.998,121.018
01:17.4,19.6,1.07,15.3719732,75.12727538,622.902,0.041511292,103.950956,9.972,18.724,0.564,0.003547507,-0.007733369,-0.002206979,-0.60674195,0.12192878,-9.7676995,0.077424744,0.033605732,0.064410462,0.040890284,0,-3.02,-0.996,121.016
01:17.4,19.5,1.07,15.3719732,75.12727535,622.89,0.04025941,91.304545,9.97,18.72,0.58,0.000284678,-0.003240888,0.000675619,-0.7300745,0.03167256,-9.763719,0.032778366,0.039416158,0.077923908,0.053479556,0,-3.02,-0.994,121.014
01:17.4,19.4,1.07,15.3719732,75.12727532,622.878,0.039007528,78.658134,9.968,18.716,0.596,0.003146468,-0.007727189,0.000913206,-0.63200055,0.03996259,-9.77137,-0.011868012,0.045226584,0.091437354,0.066068828,0,-3.02,-0.992,121.012
01:17.5,19.3,1.07,15.3719732,75.12727529,622.866,0.037755646,66.011723,9.966,18.712,0.612,0.006008257,-0.01221349,0.001150793,-0.5339266,0.04825262,-9.779021,-0.05651439,0.05103701,0.1049508,0.0786581,0,-3.02,-0.99,121.01
01:17.5,19.2,1.07,15.3719732,75.12727526,622.854,0.036503764,53.365312,9.964,18.708,0.628,0.006197419,-0.011827385,0.001233439,-0.5243677,0.07813421,-9.7761465,-0.045211512,0.044857388,0.097672196,0.06525883,0,-3.02,-0.988,121.012
01:17.5,19.1,1.07,15.3719732,75.12727523,622.842,0.035251882,40.718901,9.962,18.704,0.644,0.00638658,-0.01144128,0.001316085,-0.5148088,0.1080158,-9.773272,-0.033908634,0.038677766,0.090393592,0.05185956,0,-3.02,-0.986,121.014
01:17.5,19,1.07,15.3719732,75.1272752,622.83,0.034,28.07249,9.96,18.7,0.66,0.006272691,-0.011804665,0.002749233,-0.49120265,0.1760607,-9.774305,-0.022605756,0.032498144,0.083114988,0.03846029,0,-3.02,-0.984,121.016
01:17.5,19.1,1.07,15.37197321,75.12727518,622.829,0.04175706,53.718691,9.957,18.698,0.64,0.006158801,-0.01216805,0.004182381,-0.4675965,0.2441056,-9.775338,-0.011302878,0.026318522,0.075836384,0.02506102,0,-3.02,-0.982,121.018
01:17.6,19.2,1.07,15.37197322,75.12727516,622.828,0.04951412,79.364892,9.954,18.696,0.62,0.006435559,-0.01202118,0.003874123,-0.4987602,0.2737376,-9.7823385,0,0.0201389,0.06855778,0.01166175,0,-3.02,-0.98,121.02
01:17.6,19.3,1.07,15.37197323,75.12727514,622.827,0.05727118,105.011093,9.951,18.694,0.6,0.006712316,-0.01187431,0.003565864,-0.5299239,0.3033696,-9.789339,0.0271269,0.020416092,0.066205506,0.011699862,0,-3.02,-0.98,121.018
01:17.6,19.4,1.07,15.37197324,75.12727512,622.826,0.06502824,130.657294,9.948,18.692,0.58,0.00362589,-0.006121094,0.000277268,-0.6230939,0.3251263,-9.7841585,0.0542538,0.020693284,0.063853232,0.011737974,0,-3.02,-0.98,121.016
01:17.6,19.5,1.07,15.37197325,75.1272751,622.825,0.0727853,156.303495,9.945,18.69,0.56,0.000539464,-0.000367879,-0.003011328,-0.7162639,0.346883,-9.778978,0.0813807,0.020970476,0.061500958,0.011776086,0,-3.02,-0.98,121.014
01:17.6,19.6,1.07,15.37197326,75.12727508,622.824,0.08054236,181.949696,9.942,18.688,0.54,0.003573924,-0.005771134,-0.003255338,-0.62838785,0.2650841,-9.7772985,0.1085076,0.021247668,0.059148684,0.011814198,0,-3.02,-0.98,121.012
01:17.7,19.7,1.07,15.37197327,75.12727506,622.823,0.08829942,207.595897,9.939,18.686,0.52,0.006608383,-0.01117439,-0.003499347,-0.5405118,0.1832852,-9.775619,0.1356345,0.02152486,0.05679641,0.01185231,0,-3.02,-0.98,121.01
01:17.7,19.8,1.07,15.37197328,75.12727504,622.822,0.09605648,233.242098,9.936,18.684,0.5,0.006940473,-0.011412165,-0.002497196,-0.5164662,0.17527455,-9.777072,0.120940766,0.023176982,0.05728669,0.01214427,0,-3.02,-0.978,121.008
01:17.7,19.9,1.07,15.37197329,75.12727502,622.821,0.10381354,258.888299,9.933,18.682,0.48,0.007272563,-0.01164994,-0.001495045,-0.4924206,0.1672639,-9.778525,0.106247032,0.024829104,0.05777697,0.01243623,0,-3.02,-0.976,121.006
01:17.7,20,1.07,15.3719733,75.127275,622.82,0.1115706,284.5345,9.93,18.68,0.46,0.007238284,-0.01158651,-0.001203305,-0.51100645,0.1437068,-9.7708345,0.091553298,0.026481226,0.05826725,0.01272819,0,-3.02,-0.974,121.004
01:17.7,20,1.07,15.3719733,75.12727495,622.809,0.104721672,276.26119,9.927,18.676,0.47,0.007204005,-0.01152308,-0.000911566,-0.5295923,0.1201497,-9.763144,0.076859564,0.028133348,0.05875753,0.01302015,0,-3.02,-0.972,121.002
01:17.8,20,1.07,15.3719733,75.1272749,622.798,0.097872744,267.98788,9.924,18.672,0.48,0.007014476,-0.01207309,0.000383419,-0.5104062,0.11902695,-9.7773675,0.06216583,0.02978547,0.05924781,0.01331211,0,-3.02,-0.97,121
01:17.8,20,1.07,15.3719733,75.12727485,622.787,0.091023816,259.71457,9.921,18.668,0.49,0.006824947,-0.0126231,0.001678403,-0.4912201,0.1179042,-9.791591,0.047472088,0.034794712,0.063572984,0.015095194,0,-3.02,-0.97,121.002
01:17.8,20,1.07,15.3719733,75.1272748,622.776,0.084174888,251.44126,9.918,18.664,0.5,0.003387875,-0.007717647,-0.00090851,-0.6144959,0.1887371,-9.781207,0.032778346,0.039803954,0.067898158,0.016878278,0,-3.02,-0.97,121.004
01:17.8,20,1.07,15.3719733,75.12727475,622.765,0.07732596,243.16795,9.915,18.66,0.51,-4.92E-05,-0.002812194,-0.003495422,-0.7377717,0.25957,-9.770823,0.018084604,0.044813196,0.072223332,0.018661362,0,-3.02,-0.97,121.006
01:17.8,20,1.07,15.3719733,75.1272747,622.754,0.070477032,234.89464,9.912,18.656,0.52,0.003539476,-0.007624287,-0.000108512,-0.58050695,0.1941295,-9.775915,0.003390862,0.049822438,0.076548506,0.020444446,0,-3.02,-0.97,121.008
01:17.9,20,1.07,15.3719733,75.12727465,622.743,0.063628104,226.62133,9.909,18.652,0.53,0.007128149,-0.01243638,0.003278398,-0.4232422,0.128689,-9.781007,-0.01130288,0.05483168,0.08087368,0.02222753,0,-3.02,-0.97,121.01
01:17.9,20,1.07,15.3719733,75.1272746,622.732,0.056779176,218.34802,9.906,18.648,0.54,0.006702055,-0.01203024,0.001684088,-0.47226465,0.2258878,-9.785638,0.021475476,0.054461322,0.082828708,0.020890384,0,-3.02,-0.968,121.01
01:17.9,20,1.07,15.3719733,75.12727455,622.721,0.049930248,210.07471,9.903,18.644,0.55,0.00627596,-0.0116241,8.98E-05,-0.5212871,0.3230866,-9.790269,0.054253832,0.054090964,0.084783736,0.019553238,0,-3.02,-0.966,121.01
01:17.9,20,1.07,15.3719733,75.1272745,622.71,0.04308132,201.8014,9.9,18.64,0.56,0.006505492,-0.01159388,0.000605207,-0.48120835,0.21753745,-9.7838485,0.087032188,0.053720606,0.086738764,0.018216092,0,-3.02,-0.964,121.01
01:17.9,19.9,1.07,15.37197331,75.12727445,622.694,0.04414906,182.5850138,9.897,18.636,0.567,0.006735023,-0.01156366,0.001120637,-0.4411296,0.1119883,-9.777428,0.119810544,0.053350248,0.088693792,0.016878946,0,-3.02,-0.962,121.01
01:18.0,19.8,1.07,15.37197332,75.1272744,622.678,0.0452168,163.3686276,9.894,18.632,0.574,0.006558579,-0.01166067,-2.76E-05,-0.50261245,0.18952405,-9.773478,0.1525889,0.05297989,0.09064882,0.0155418,0,-3.02,-0.96,121.01
01:18.0,19.7,1.07,15.37197333,75.12727435,622.662,0.04628454,144.1522414,9.891,18.628,0.581,0.006382134,-0.01175768,-0.001175759,-0.5640953,0.2670598,-9.769528,0.15202374,0.050487662,0.088273484,0.015082928,0,-3.022,-0.96,121.01
01:18.0,19.6,1.07,15.37197334,75.1272743,622.646,0.04735228,124.9358552,9.888,18.624,0.588,0.006292833,-0.01182619,0.000104696,-0.51747585,0.16255232,-9.7744345,0.15145858,0.047995434,0.085898148,0.014624056,0,-3.024,-0.96,121.01
01:18.0,19.5,1.07,15.37197335,75.12727425,622.63,0.04842002,105.719469,9.885,18.62,0.595,0.006203531,-0.0118947,0.001385151,-0.4708564,0.05804484,-9.779341,0.15089342,0.045503206,0.083522812,0.014165184,0,-3.026,-0.96,121.01
01:18.0,19.4,1.07,15.37197336,75.1272742,622.614,0.04948776,86.5030828,9.882,18.616,0.602,0.006158763,-0.012007675,0.001785821,-0.51322735,0.15987282,-9.77855,0.15032826,0.043010978,0.081147476,0.013706312,0,-3.028,-0.96,121.01
01:18.1,19.3,1.07,15.37197337,75.12727415,622.598,0.0505555,67.2866966,9.879,18.612,0.609,0.006113994,-0.01212065,0.00218649,-0.5555983,0.2617008,-9.777759,0.1497631,0.04051875,0.07877214,0.01324744,0,-3.03,-0.96,121.01
01:18.1,19.2,1.07,15.37197338,75.1272741,622.582,0.05162324,48.0703104,9.876,18.608,0.616,0.006107969,-0.01187416,0.000999852,-0.53590205,0.20298265,-9.777812,0.115289328,0.042131502,0.08001543,0.025227282,0,-3.03,-0.96,121.01
01:18.1,19.1,1.07,15.37197339,75.12727405,622.566,0.05269098,28.8539242,9.873,18.604,0.623,0.006101943,-0.01162767,-0.000186787,-0.5162058,0.1442645,-9.777865,0.080815556,0.043744254,0.08125872,0.037207124,0,-3.03,-0.96,121.01
01:18.1,19,1.07,15.3719734,75.127274,622.55,0.05375872,9.637538,9.87,18.6,0.63,0.006022207,-0.01200064,0.000364199,-0.51418585,0.19060475,-9.7725115,0.046341784,0.045357006,0.08250201,0.049186966,0,-3.03,-0.96,121.01
01:18.1,19.1,1.07,15.3719734,75.127274,622.552,0.059339128,33.5324842,9.866,18.595,0.622,0.005942471,-0.01237361,0.000915186,-0.5121659,0.236945,-9.767158,0.011868012,0.046969758,0.0837453,0.061166808,0,-3.03,-0.96,121.01
01:18.2,19.2,1.07,15.3719734,75.127274,622.554,0.064919536,57.4274304,9.862,18.59,0.614,0.006433149,-0.012114485,0.000180076,-0.51756965,0.21914675,-9.7675505,-0.02260576,0.04858251,0.08498859,0.07314665,0,-3.03,-0.96,121.01
01:18.2,19.3,1.07,15.3719734,75.127274,622.556,0.070499944,81.3223766,9.858,18.585,0.606,0.006923826,-0.01185536,-0.000555034,-0.5229734,0.2013485,-9.767943,0.018084612,0.048241798,0.081930474,0.072853076,0,-3.03,-0.958,121.008
01:18.2,19.4,1.07,15.3719734,75.127274,622.558,0.076080352,105.2173228,9.854,18.58,0.598,0.003071233,-0.005325056,-0.000605098,-0.61031215,0.2235291,-9.757992,0.058774984,0.047901086,0.078872358,0.072559502,0,-3.03,-0.956,121.006
01:18.2,19.5,1.07,15.3719734,75.127274,622.56,0.08166076,129.112269,9.85,18.575,0.59,-0.00078136,0.001205249,-0.000655162,-0.6976509,0.2457097,-9.748041,0.099465356,0.047560374,0.075814242,0.072265928,0,-3.03,-0.954,121.004
01:18.2,19.6,1.07,15.3719734,75.127274,622.562,0.087241168,153.0072152,9.846,18.57,0.582,0.002725766,-0.005384876,-0.000865667,-0.6046536,0.22498475,-9.765583,0.140155728,0.047219662,0.072756126,0.071972354,0,-3.03,-0.952,121.002
01:18.3,19.7,1.07,15.3719734,75.127274,622.564,0.092821576,176.9021614,9.842,18.565,0.574,0.006232892,-0.011975,-0.001076173,-0.5116563,0.2042598,-9.783125,0.1808461,0.04687895,0.06969801,0.07167878,0,-3.03,-0.95,121
01:18.3,19.8,1.07,15.3719734,75.127274,622.566,0.098401984,200.7971076,9.838,18.56,0.566,0.006382121,-0.01177569,-0.000655072,-0.50608655,0.1779641,-9.7812015,0.153719182,0.0403516,0.061372652,0.061032596,0,-3.03,-0.95,121
01:18.3,19.9,1.07,15.3719734,75.127274,622.568,0.103982392,224.6920538,9.834,18.555,0.558,0.00653135,-0.01157638,-0.000233972,-0.5005168,0.1516684,-9.779278,0.126592264,0.03382425,0.053047294,0.050386412,0,-3.03,-0.95,121
01:18.3,20,1.07,15.3719734,75.127274,622.57,0.1095628,248.587,9.83,18.55,0.55,0.006737943,-0.011665,0.000100209,-0.50297315,0.16225665,-9.7689675,0.099465346,0.0272969,0.044721936,0.039740228,0,-3.03,-0.95,121
01:18.3,20,1.07,15.3719734,75.12727398,622.566,0.11100854,256.51307,9.826,18.543,0.546,0.006944536,-0.01175362,0.00043439,-0.5054295,0.1728449,-9.758657,0.072338428,0.02076955,0.036396578,0.029094044,0,-3.03,-0.95,121
01:18.4,20,1.07,15.3719734,75.12727396,622.562,0.11245428,264.43914,9.822,18.536,0.542,0.006585089,-0.01185766,0.000811943,-0.511604,0.15856085,-9.769481,0.04521151,0.0142422,0.02807122,0.01844786,0,-3.03,-0.95,121
01:18.4,20,1.07,15.3719734,75.12727394,622.558,0.11390002,272.36521,9.818,18.529,0.538,0.006225642,-0.0119617,0.001189496,-0.5177785,0.1442768,-9.780305,0.054818958,0.013668588,0.02632875,0.01828592,0,-3.032,-0.95,121.002
01:18.4,20,1.07,15.3719734,75.12727392,622.554,0.11534576,280.29128,9.814,18.522,0.534,0.002812501,-0.008367067,0.002097474,-0.60778685,0.17781745,-9.7824205,0.064426406,0.013094976,0.02458628,0.01812398,0,-3.034,-0.95,121.004
01:18.4,20,1.07,15.3719734,75.1272739,622.55,0.1167915,288.21735,9.81,18.515,0.53,-0.00060064,-0.004772434,0.003005451,-0.6977952,0.2113581,-9.784536,0.074033854,0.012521364,0.02284381,0.01796204,0,-3.036,-0.95,121.006
01:18.4,20,1.07,15.3719734,75.12727388,622.546,0.11823724,296.14342,9.806,18.508,0.526,0.002929588,-0.008001272,0.002155139,-0.60319895,0.20302275,-9.776706,0.083641302,0.011947752,0.02110134,0.0178001,0,-3.038,-0.95,121.008
01:18.5,20,1.07,15.3719734,75.12727386,622.542,0.11968298,304.06949,9.802,18.501,0.522,0.006459817,-0.01123011,0.001304827,-0.5086027,0.1946874,-9.768876,0.09324875,0.01137414,0.01935887,0.01763816,0,-3.04,-0.95,121.01
01:18.5,20,1.07,15.3719734,75.12727384,622.538,0.12112872,311.99556,9.798,18.494,0.518,0.006394704,-0.011739925,0.001817664,-0.50945425,0.1898513,-9.764275,0.089857886,0.01127371,0.018455446,0.018465676,0,-3.04,-0.948,121.012
01:18.5,20,1.07,15.3719734,75.12727382,622.534,0.12257446,319.92163,9.794,18.487,0.514,0.00632959,-0.01224974,0.0023305,-0.5103058,0.1850152,-9.759674,0.086467022,0.01117328,0.017552022,0.019293192,0,-3.04,-0.946,121.014
01:18.5,20,1.07,15.3719734,75.1272738,622.53,0.1240202,327.8477,9.79,18.48,0.51,0.006705974,-0.01181359,0.002056797,-0.5159263,0.1960886,-9.774732,0.083076158,0.01107285,0.016648598,0.020120708,0,-3.04,-0.944,121.016
01:18.5,20,1.07,15.37197341,75.12727379,622.524,0.115258235,302.46839,9.785,18.473,0.506,0.007082358,-0.01137744,0.001783093,-0.5215468,0.207162,-9.78979,0.079685294,0.01097242,0.015745174,0.020948224,0,-3.04,-0.942,121.018
01:18.6,20,1.07,15.37197342,75.12727378,622.518,0.10649627,277.08908,9.78,18.466,0.502,0.006846552,-0.01162562,0.001465433,-0.5224794,0.20298095,-9.779625,0.07629443,0.01087199,0.01484175,0.02177574,0,-3.04,-0.94,121.02
01:18.6,20,1.07,15.37197343,75.12727377,622.512,0.097734305,251.70977,9.775,18.459,0.498,0.006610746,-0.0118738,0.001147773,-0.523412,0.1987999,-9.76946,0.086467024,0.011688174,0.014507376,0.023567292,0,-3.04,-0.94,121.02
01:18.6,20,1.07,15.37197344,75.12727376,622.506,0.08897234,226.33046,9.77,18.452,0.494,0.00201076,-0.006780265,0.000810726,-0.6025078,0.2302797,-9.761131,0.096639618,0.012504358,0.014173002,0.025358844,0,-3.04,-0.94,121.02
01:18.6,20,1.07,15.37197345,75.12727375,622.5,0.080210375,200.95115,9.765,18.445,0.49,-0.002589226,-0.001686729,0.000473678,-0.6816036,0.2617595,-9.752802,0.106812212,0.013320542,0.013838628,0.027150396,0,-3.04,-0.94,121.02
01:18.6,20,1.07,15.37197346,75.12727374,622.494,0.07144841,175.57184,9.76,18.438,0.486,0.002017922,-0.007171005,0.001024882,-0.59094945,0.22363165,-9.759627,0.116984806,0.014136726,0.013504254,0.028941948,0,-3.04,-0.94,121.02
01:18.7,20,1.07,15.37197347,75.12727373,622.488,0.062686445,150.19253,9.755,18.431,0.482,0.00662507,-0.01265528,0.001576086,-0.5002953,0.1855038,-9.766452,0.1271574,0.01495291,0.01316988,0.0307335,0,-3.04,-0.94,121.02
01:18.7,20,1.07,15.37197348,75.12727372,622.482,0.05392448,124.81322,9.75,18.424,0.478,0.006459025,-0.012415675,0.001220401,-0.49841045,0.18461665,-9.7932975,0.12546196,0.015261236,0.012931484,0.03270542,0,-3.04,-0.94,121.02
01:18.7,20,1.07,15.37197349,75.12727371,622.476,0.045162515,99.43391,9.745,18.417,0.474,0.00629298,-0.01217607,0.000864716,-0.4965256,0.1837295,-9.820143,0.12376652,0.015569562,0.012693088,0.03467734,0,-3.04,-0.94,121.02
01:18.7,20,1.07,15.3719735,75.1272737,622.47,0.03640055,74.0546,9.74,18.41,0.47,0.006443757,-0.011853075,0.000830153,-0.5053434,0.1783378,-9.7938505,0.12207108,0.015877888,0.012454692,0.03664926,0,-3.04,-0.94,121.02
01:18.7,20,1.07,15.3719735,75.12727366,622.458,0.036432007,69.584915,9.734,18.404,0.467,0.006594534,-0.01153008,0.000795591,-0.5141612,0.1729461,-9.767558,0.12037564,0.016186214,0.012216296,0.03862118,0,-3.04,-0.94,121.02
01:18.8,20,1.07,15.3719735,75.12727362,622.446,0.036463464,65.11523,9.728,18.398,0.464,0.006604019,-0.01190432,0.001105195,-0.5222698,0.17359115,-9.754668,0.1186802,0.01649454,0.0119779,0.0405931,0,-3.04,-0.94,121.02
01:18.8,20,1.07,15.3719735,75.12727358,622.434,0.036494921,60.645545,9.722,18.392,0.461,0.006613504,-0.01227856,0.001414799,-0.5303784,0.1742362,-9.741778,0.104551606,0.016362666,0.013238842,0.03887322,0,-3.04,-0.938,121.022
01:18.8,20,1.07,15.3719735,75.12727354,622.422,0.036526378,56.17586,9.716,18.386,0.458,0.002183468,-0.007054055,0.002971734,-0.6159435,0.19342085,-9.7636855,0.090423012,0.016230792,0.014499784,0.03715334,0,-3.04,-0.936,121.024
01:18.8,20,1.07,15.3719735,75.1272735,622.41,0.036557835,51.706175,9.71,18.38,0.455,-0.002246568,-0.001829549,0.004528669,-0.7015086,0.2126055,-9.785593,0.076294418,0.016098918,0.015760726,0.03543346,0,-3.04,-0.934,121.026
01:18.8,20,1.07,15.3719735,75.12727346,622.398,0.036589292,47.23649,9.704,18.374,0.452,0.002176495,-0.00683478,0.003116478,-0.6045569,0.21341315,-9.7896565,0.062165824,0.015967044,0.017021668,0.03371358,0,-3.04,-0.932,121.028
01:18.9,20,1.07,15.3719735,75.12727342,622.386,0.036620749,42.766805,9.698,18.368,0.449,0.006599557,-0.01184001,0.001704286,-0.5076052,0.2142208,-9.79372,0.04803723,0.01583517,0.01828261,0.0319937,0,-3.04,-0.93,121.03
01:18.9,20,1.07,15.3719735,75.12727338,622.374,0.036652206,38.29712,9.692,18.362,0.446,0.00662428,-0.011993795,0.000532716,-0.4929615,0.22789085,-9.7823965,0.094379024,0.01719118,0.019462188,0.030449396,0,-3.04,-0.932,121.03
01:18.9,20,1.07,15.3719735,75.12727334,622.362,0.036683663,33.827435,9.686,18.356,0.443,0.006649003,-0.01214758,-0.000638853,-0.4783178,0.2415609,-9.771073,0.140720818,0.01854719,0.020641766,0.028905092,0,-3.04,-0.934,121.03
01:18.9,20,1.07,15.3719735,75.1272733,622.35,0.03671512,29.35775,9.68,18.35,0.44,0.006301303,-0.01276221,-0.000845107,-0.48877465,0.24145595,-9.7775705,0.187062612,0.0199032,0.021821344,0.027360788,0,-3.04,-0.936,121.03
01:18.9,20,1.07,15.37197349,75.12727334,622.35,0.035326151,50.540895,9.675,18.345,0.434,0.005953603,-0.01337684,-0.00105136,-0.4992315,0.241351,-9.784068,0.233404406,0.02125921,0.023000922,0.025816484,0,-3.04,-0.938,121.03
01:19.0,20,1.07,15.37197348,75.12727338,622.35,0.033937182,71.72404,9.67,18.34,0.428,0.006017877,-0.01284579,-0.001387999,-0.4789032,0.23316555,-9.786919,0.2797462,0.02261522,0.0241805,0.02427218,0,-3.04,-0.94,121.03
01:19.0,20,1.07,15.37197347,75.12727342,622.35,0.032548213,92.907185,9.665,18.335,0.422,0.00608215,-0.01231474,-0.001724638,-0.4585749,0.2249801,-9.78977,0.232274118,0.028513236,0.03340865,0.03572587,0,-3.04,-0.938,121.024
01:19.0,20,1.07,15.37197346,75.12727346,622.35,0.031159244,114.09033,9.66,18.33,0.416,0.003388302,-0.00628796,-0.002660571,-0.6031035,0.2425133,-9.763738,0.184802036,0.034411252,0.0426368,0.04717956,0,-3.04,-0.936,121.018
01:19.0,20,1.07,15.37197345,75.1272735,622.35,0.029770275,135.273475,9.655,18.325,0.41,0.000694454,-0.000261181,-0.003596504,-0.7476321,0.2600465,-9.737706,0.137329954,0.040309268,0.05186495,0.05863325,0,-3.04,-0.934,121.012
01:19.0,20,1.07,15.37197344,75.12727354,622.35,0.028381306,156.45662,9.65,18.32,0.404,0.003959245,-0.00561476,-0.003381189,-0.6394069,0.1965428,-9.7505565,0.089857872,0.046207284,0.0610931,0.07008694,0,-3.04,-0.932,121.006
01:19.1,20,1.07,15.37197343,75.12727358,622.35,0.026992337,177.639765,9.645,18.315,0.398,0.007224037,-0.01096834,-0.003165874,-0.5311817,0.1330391,-9.763407,0.04238579,0.0521053,0.07032125,0.08154063,0,-3.04,-0.93,121
01:19.1,20,1.07,15.37197342,75.12727362,622.35,0.025603368,198.82291,9.64,18.31,0.392,0.00743012,-0.010560845,-0.002500717,-0.5490136,0.13971955,-9.775474,0.079685292,0.046939978,0.062493762,0.06960307,0,-3.04,-0.93,121
01:19.1,20,1.07,15.37197341,75.12727366,622.35,0.024214399,220.006055,9.635,18.305,0.386,0.007636202,-0.01015335,-0.001835559,-0.5668455,0.1464,-9.787541,0.116984794,0.041774656,0.054666274,0.05766551,0,-3.04,-0.93,121
01:19.1,20,1.07,15.3719734,75.1272737,622.35,0.02282543,241.1892,9.63,18.3,0.38,0.007206898,-0.010846755,-0.000571957,-0.53413,0.12446715,-9.784693,0.154284296,0.036609334,0.046838786,0.04572795,0,-3.04,-0.93,121
01:19.1,19.9,1.07,15.3719734,75.12727367,622.346,0.023544553,226.261194,9.626,18.297,0.388,0.006777594,-0.01154016,0.000691645,-0.5014145,0.1025343,-9.781845,0.191583798,0.031444012,0.039011298,0.03379039,0,-3.04,-0.93,121
01:19.2,19.8,1.07,15.3719734,75.12727364,622.342,0.024263676,211.333188,9.622,18.294,0.396,0.006790093,-0.0114472,0.000910452,-0.4897829,0.13336845,-9.7754645,0.2288833,0.02627869,0.03118381,0.02185283,0,-3.04,-0.93,121
01:19.2,19.7,1.07,15.3719734,75.12727361,622.338,0.024982799,196.405182,9.618,18.291,0.404,0.006802592,-0.01135424,0.001129259,-0.4781513,0.1642026,-9.769084,0.23114388,0.02665673,0.030673658,0.021371702,0,-3.04,-0.93,121.002
01:19.2,19.6,1.07,15.3719734,75.12727358,622.334,0.025701922,181.477176,9.614,18.288,0.412,0.006624527,-0.012114075,0.001369167,-0.46516965,0.16692065,-9.7749045,0.23340446,0.02703477,0.030163506,0.020890574,0,-3.04,-0.93,121.004
01:19.2,19.5,1.07,15.3719734,75.12727355,622.33,0.026421045,166.54917,9.61,18.285,0.42,0.006446462,-0.01287391,0.001609074,-0.452188,0.1696387,-9.780725,0.23566504,0.02741281,0.029653354,0.020409446,0,-3.04,-0.93,121.006
01:19.2,19.4,1.07,15.3719734,75.12727352,622.326,0.027140168,151.621164,9.606,18.282,0.428,0.006103263,-0.012681615,0.002031026,-0.4770563,0.19129035,-9.786759,0.23792562,0.02779085,0.029143202,0.019928318,0,-3.04,-0.93,121.008
01:19.3,19.3,1.07,15.3719734,75.12727349,622.322,0.027859291,136.693158,9.602,18.279,0.436,0.005760063,-0.01248932,0.002452978,-0.5019246,0.212942,-9.792793,0.2401862,0.02816889,0.02863305,0.01944719,0,-3.04,-0.93,121.01
01:19.3,19.2,1.07,15.3719734,75.12727346,622.318,0.028578414,121.765152,9.598,18.276,0.444,0.005891508,-0.01241779,0.002464242,-0.52983605,0.2026034,-9.7761645,0.21871072,0.028199424,0.02659692,0.019755162,0,-3.042,-0.928,121.01
01:19.3,19.1,1.07,15.3719734,75.12727343,622.314,0.029297537,106.837146,9.594,18.273,0.452,0.006022953,-0.01234626,0.002475505,-0.5577475,0.1922648,-9.759536,0.19723524,0.028229958,0.02456079,0.020063134,0,-3.044,-0.926,121.01
01:19.3,19,1.07,15.3719734,75.1272734,622.31,0.03001666,91.90914,9.59,18.27,0.46,0.006281188,-0.012136435,0.00211556,-0.5658271,0.1899764,-9.7617755,0.17575976,0.028260492,0.02252466,0.020371106,0,-3.046,-0.924,121.01
01:19.3,19,1.07,15.37197339,75.1272734,622.309,0.031034944,101.289286,9.585,18.266,0.473,0.006539423,-0.01192661,0.001755615,-0.5739067,0.187688,-9.764015,0.15428428,0.028291026,0.02048853,0.020679078,0,-3.048,-0.922,121.01
01:19.4,19,1.07,15.37197338,75.1272734,622.308,0.032053228,110.669432,9.58,18.262,0.486,0.003180233,-0.00642975,0.000616961,-0.6459767,0.24015225,-9.766358,0.1328088,0.02832156,0.0184524,0.02098705,0,-3.05,-0.92,121.01
01:19.4,19,1.07,15.37197337,75.1272734,622.307,0.033071512,120.049578,9.575,18.258,0.499,-0.000178958,-0.00093289,-0.000521692,-0.7180467,0.2926165,-9.768701,0.11641963,0.028301396,0.021337726,0.020218082,0,-3.05,-0.92,121.012
01:19.4,19,1.07,15.37197336,75.1272734,622.306,0.034089796,129.429724,9.57,18.254,0.512,0.002954756,-0.00698294,0.000166631,-0.5945474,0.2262945,-9.774682,0.10003046,0.028281232,0.024223052,0.019449114,0,-3.05,-0.92,121.014
01:19.4,19,1.07,15.37197335,75.1272734,622.305,0.03510808,138.80987,9.565,18.25,0.525,0.006088469,-0.01303299,0.000854954,-0.4710481,0.1599725,-9.780663,0.08364129,0.028261068,0.027108378,0.018680146,0,-3.05,-0.92,121.016
01:19.4,19,1.07,15.37197334,75.1272734,622.304,0.036126364,148.190016,9.56,18.246,0.538,0.00689182,-0.012317545,0.00260415,-0.4769507,0.1852029,-9.7761855,0.06725212,0.028240904,0.029993704,0.017911178,0,-3.05,-0.92,121.018
01:19.5,19,1.07,15.37197333,75.1272734,622.303,0.037144648,157.570162,9.555,18.242,0.551,0.00769517,-0.0116021,0.004353346,-0.4828533,0.2104333,-9.771708,0.05086295,0.02822074,0.03287903,0.01714221,0,-3.05,-0.92,121.02
01:19.5,19,1.07,15.37197332,75.1272734,622.302,0.038162932,166.950308,9.55,18.238,0.564,0.007409221,-0.011754125,0.002000592,-0.47803005,0.20187385,-9.7712345,0.074599,0.027723056,0.035017136,0.01743391,0,-3.048,-0.92,121.022
01:19.5,19,1.07,15.37197331,75.1272734,622.301,0.039181216,176.330454,9.545,18.234,0.577,0.007123272,-0.01190615,-0.000352161,-0.4732068,0.1933144,-9.770761,0.09833505,0.027225372,0.037155242,0.01772561,0,-3.046,-0.92,121.024
01:19.5,19,1.07,15.3719733,75.1272734,622.3,0.0401995,185.7106,9.54,18.23,0.59,0.002995746,-0.007664414,0.001408024,-0.5859148,0.20828295,-9.781313,0.1220711,0.026727688,0.039293348,0.01801731,0,-3.044,-0.92,121.026
01:19.5,18.9,1.07,15.37197329,75.12727338,622.299,0.042994974,168.583944,9.536,18.225,0.574,-0.001131781,-0.003422678,0.003168209,-0.6986228,0.2232515,-9.791865,0.14580715,0.026230004,0.041431454,0.01830901,0,-3.042,-0.92,121.028
01:19.6,18.8,1.07,15.37197328,75.12727336,622.298,0.045790448,151.457288,9.532,18.22,0.558,-0.000405025,-0.002113004,0.002173349,-0.72025615,0.220284,-9.7794055,0.1695432,0.02573232,0.04356956,0.01860071,0,-3.04,-0.92,121.03
01:19.6,18.7,1.07,15.37197327,75.12727334,622.297,0.048585922,134.330632,9.528,18.215,0.542,0.000321731,-0.00080333,0.001178488,-0.7418895,0.2173165,-9.766946,0.15315402,0.025154182,0.041177412,0.018727002,0,-3.042,-0.92,121.03
01:19.6,18.6,1.07,15.37197326,75.12727332,622.296,0.051381396,117.203976,9.524,18.21,0.526,0.003588051,-0.00621662,0.001590102,-0.63104415,0.21175955,-9.765745,0.13676484,0.024576044,0.038785264,0.018853294,0,-3.044,-0.92,121.03
01:19.6,18.5,1.07,15.37197325,75.1272733,622.295,0.05417687,100.07732,9.52,18.205,0.51,0.006854371,-0.01162991,0.002001716,-0.5201988,0.2062026,-9.764544,0.12037566,0.023997906,0.036393116,0.018979586,0,-3.046,-0.92,121.03
01:19.6,18.4,1.07,15.37197324,75.12727328,622.294,0.056972344,82.950664,9.516,18.2,0.494,0.006908756,-0.011235685,0.001798022,-0.51617295,0.19346225,-9.765622,0.10398648,0.023419768,0.034000968,0.019105878,0,-3.048,-0.92,121.03
01:19.7,18.3,1.07,15.37197323,75.12727326,622.293,0.059767818,65.824008,9.512,18.195,0.478,0.00696314,-0.01084146,0.001594328,-0.5121471,0.1807219,-9.7667,0.0875973,0.02284163,0.03160882,0.01923217,0,-3.05,-0.92,121.03
01:19.7,18.2,1.07,15.37197322,75.12727324,622.292,0.062563292,48.697352,9.508,18.19,0.462,0.00690586,-0.011439885,0.002152789,-0.49780675,0.1882464,-9.7812325,0.1017259,0.028480968,0.039782252,0.030745114,0,-3.05,-0.918,121.032
01:19.7,18.1,1.07,15.37197321,75.12727322,622.291,0.065358766,31.570696,9.504,18.185,0.446,0.006848579,-0.01203831,0.00271125,-0.4834664,0.1957709,-9.795765,0.1158545,0.034120306,0.047955684,0.042258058,0,-3.05,-0.916,121.034
01:19.7,18,1.07,15.3719732,75.1272732,622.29,0.06815424,14.44404,9.5,18.18,0.43,0.00642552,-0.011994965,0.002162256,-0.4805137,0.16516295,-9.7700475,0.1299831,0.039759644,0.056129116,0.053771002,0,-3.05,-0.914,121.036
01:19.7,18.1,1.07,15.3719732,75.12727317,622.284,0.064022098,33.656136,9.495,18.17,0.442,0.00600246,-0.01195162,0.001613261,-0.477561,0.134555,-9.74433,0.1441117,0.045398982,0.064302548,0.065283946,0,-3.05,-0.912,121.038
01:19.8,18.2,1.07,15.3719732,75.12727314,622.278,0.059889956,52.868232,9.49,18.16,0.454,0.005319051,-0.012940005,0.000523306,-0.49814585,0.20524055,-9.7586275,0.1582403,0.05103832,0.07247598,0.07679689,0,-3.05,-0.91,121.04
01:19.8,18.3,1.07,15.3719732,75.12727311,622.272,0.055757814,72.080328,9.485,18.15,0.466,0.004635642,-0.01392839,-0.000566648,-0.5187307,0.2759261,-9.772925,0.135069398,0.050295264,0.067398094,0.07416036,0,-3.05,-0.91,121.042
01:19.8,18.4,1.07,15.3719732,75.12727308,622.266,0.051625672,91.292424,9.48,18.14,0.478,0.001067958,-0.007284328,0.000857165,-0.6147826,0.22586415,-9.781992,0.111898496,0.049552208,0.062320208,0.07152383,0,-3.05,-0.91,121.044
01:19.8,18.5,1.07,15.3719732,75.12727305,622.26,0.04749353,110.50452,9.475,18.13,0.49,-0.002499725,-0.000640266,0.002280978,-0.7108345,0.1758022,-9.791059,0.088727594,0.048809152,0.057242322,0.0688873,0,-3.05,-0.91,121.046
01:19.8,18.6,1.07,15.3719732,75.12727302,622.254,0.043361388,129.716616,9.47,18.12,0.502,0.002205356,-0.004966988,0.003515646,-0.6051219,0.17922615,-9.798647,0.065556692,0.048066096,0.052164436,0.06625077,0,-3.05,-0.91,121.048
01:19.9,18.7,1.07,15.3719732,75.12727299,622.248,0.039229246,148.928712,9.465,18.11,0.514,0.006910438,-0.00929371,0.004750313,-0.4994093,0.1826501,-9.806235,0.04238579,0.04732304,0.04708655,0.06361424,0,-3.05,-0.91,121.05
01:19.9,18.8,1.07,15.3719732,75.12727296,622.242,0.035097104,168.140808,9.46,18.1,0.526,0.008340614,-0.01204932,0.002152157,-0.49870095,0.2001467,-9.797126,0.062165832,0.051223094,0.05337149,0.07088153,0,-3.048,-0.91,121.052
01:19.9,18.9,1.07,15.3719732,75.12727293,622.236,0.030964962,187.352904,9.455,18.09,0.538,0.00977079,-0.01480493,-0.000445999,-0.4979926,0.2176433,-9.788017,0.081945874,0.055123148,0.05965643,0.07814882,0,-3.046,-0.91,121.054
01:19.9,19,1.07,15.3719732,75.1272729,622.23,0.02683282,206.565,9.45,18.08,0.55,0.008324451,-0.013542875,0.002115275,-0.50226845,0.1794952,-9.7674435,0.101725916,0.059023202,0.06594137,0.08541611,0,-3.044,-0.91,121.056
01:19.9,19,1.07,15.3719732,75.12727285,622.222,0.030213365,220.57363,9.446,18.072,0.535,0.006878111,-0.01228082,0.004676549,-0.5065443,0.1413471,-9.74687,0.121505958,0.062923256,0.07222631,0.0926834,0,-3.042,-0.91,121.058
01:20.0,19,1.07,15.3719732,75.1272728,622.214,0.03359391,234.58226,9.442,18.064,0.52,0.003182605,-0.012892225,0.003722224,-0.5610544,0.1789048,-9.749889,0.141286,0.06682331,0.07851125,0.09995069,0,-3.04,-0.91,121.06
01:20.0,19,1.07,15.3719732,75.12727275,622.206,0.036974455,248.59089,9.438,18.056,0.505,-0.000512901,-0.01350363,0.002767899,-0.6155645,0.2164625,-9.752908,0.13450426,0.075192408,0.08956286,0.146919852,0,-3.036,-0.904,121.064
01:20.0,19,1.07,15.3719732,75.1272727,622.198,0.040355,262.59952,9.434,18.048,0.49,0.002688779,-0.01247153,0.001197051,-0.56268465,0.1926785,-9.7290175,0.12772252,0.083561506,0.10061447,0.193889014,0,-3.032,-0.898,121.068
01:20.0,19,1.07,15.3719732,75.12727265,622.19,0.043735545,276.60815,9.43,18.04,0.475,0.005890458,-0.01143943,-0.000373797,-0.5098048,0.1688945,-9.705127,0.12094078,0.091930604,0.11166608,0.240858176,0,-3.028,-0.892,121.072
01:20.0,19,1.07,15.3719732,75.1272726,622.182,0.04711609,290.61678,9.426,18.032,0.46,0.008899769,-0.006843812,0.005318096,-0.42181025,0.094990115,-9.7021095,0.11415904,0.100299702,0.12271769,0.287827338,0,-3.024,-0.886,121.076
01:20.1,19,1.07,15.3719732,75.12727255,622.174,0.050496635,304.62541,9.422,18.024,0.445,0.01190908,-0.002248194,0.01100999,-0.3338157,0.02108573,-9.699092,0.1073773,0.1086688,0.1337693,0.3347965,0,-3.02,-0.88,121.08
01:20.1,19,1.07,15.3719732,75.1272725,622.166,0.05387718,318.63404,9.418,18.016,0.43,0.010832239,-0.009807827,0.00444901,-0.56388135,0.106117065,-9.4002585,0.11811504,0.12732094,0.14738828,0.363856,0,-3.022,-0.884,121.08
01:20.1,19,1.07,15.3719732,75.12727245,622.158,0.057257725,332.64267,9.414,18.008,0.415,0.009755398,-0.01736746,-0.002111971,-0.793947,0.1911484,-9.101425,0.12885278,0.14597308,0.16100726,0.3929155,0,-3.024,-0.888,121.08
01:20.1,19,1.07,15.3719732,75.1272724,622.15,0.06063827,346.6513,9.41,18,0.4,0.00728283,-0.013798705,0.000950663,-0.5989501,0.2288889,-9.6395175,0.13959052,0.16462522,0.17462624,0.421975,0,-3.026,-0.892,121.08
01:20.1,19,1.07,15.3719732,75.12727235,622.144,0.057434513,333.63309,9.406,17.99,0.421,0.004810261,-0.01022995,0.004013296,-0.4039532,0.2666294,-10.17761,0.15032826,0.18327736,0.18824522,0.4510345,0,-3.028,-0.896,121.08
01:20.2,19,1.07,15.3719732,75.1272723,622.138,0.054230756,320.61488,9.402,17.98,0.442,0.001162349,-0.006132179,-0.000614533,-0.5108425,0.21587135,-9.9786735,0.161066,0.2019295,0.2018642,0.480094,0,-3.03,-0.9,121.08
01:20.2,19,1.07,15.3719732,75.12727225,622.132,0.051026999,307.59667,9.398,17.97,0.463,-0.002485563,-0.002034408,-0.005242362,-0.6177318,0.1651133,-9.779737,0.1288528,0.19390748,0.19419392,0.44337706,0,-3.03,-0.902,121.078
01:20.2,19,1.07,15.3719732,75.1272722,622.126,0.047823242,294.57846,9.394,17.96,0.484,0.000257224,-0.007713174,0.001174497,-0.53476745,0.1512938,-9.752982,0.0966396,0.18588546,0.18652364,0.40666012,0,-3.03,-0.904,121.076
01:20.2,19,1.07,15.3719732,75.12727215,622.12,0.044619485,281.56025,9.39,17.95,0.505,0.00300001,-0.01339194,0.007591357,-0.4518031,0.1374743,-9.726227,0.0644264,0.17786344,0.17885336,0.36994318,0,-3.03,-0.906,121.074
01:20.2,19,1.07,15.3719732,75.1272721,622.114,0.041415728,268.54204,9.386,17.94,0.526,0.005415975,-0.01326596,0.002516025,-0.4703632,0.16858625,-9.670639,0.0322132,0.16984142,0.17118308,0.33322624,0,-3.03,-0.908,121.072
01:20.3,19,1.07,15.3719732,75.12727205,622.108,0.038211971,255.52383,9.382,17.93,0.547,0.007831939,-0.01313998,-0.002559306,-0.4889233,0.1996982,-9.615051,0,0.1618194,0.1635128,0.2965093,0,-3.03,-0.91,121.07
01:20.3,19,1.07,15.3719732,75.127272,622.102,0.035008214,242.50562,9.378,17.92,0.568,0.007820254,-0.01212187,-0.002679911,-0.4863591,0.19323315,-9.698758,0.03956008,0.15185806,0.15511132,0.27254096,0,-3.03,-0.91,121.07
01:20.3,19,1.07,15.3719732,75.12727195,622.096,0.031804457,229.48741,9.374,17.91,0.589,0.007808569,-0.01110376,-0.002800515,-0.4837949,0.1867681,-9.782465,0.07912016,0.14189672,0.14670984,0.24857262,0,-3.03,-0.91,121.07
01:20.3,19,1.07,15.3719732,75.1272719,622.09,0.0286007,216.4692,9.37,17.9,0.61,0.00247779,-0.006954099,-0.000143336,-0.5956237,0.140842885,-9.818972,0.11868024,0.13193538,0.13830836,0.22460428,0,-3.03,-0.91,121.07
01:20.3,19,1.07,15.3719732,75.12727188,622.088,0.030068447,198.85369,9.365,17.891,0.593,-0.00285299,-0.002804438,0.002513843,-0.7074525,0.09491767,-9.855479,0.15824032,0.12197404,0.12990688,0.20063594,0,-3.03,-0.91,121.07
01:20.4,19,1.07,15.3719732,75.12727186,622.086,0.031536194,181.23818,9.36,17.882,0.576,-0.002045383,-0.003281041,0.002727891,-0.7196122,0.204673035,-9.8121005,0.1978004,0.1120127,0.1215054,0.1766676,0,-3.03,-0.91,121.07
01:20.4,19,1.07,15.3719732,75.12727184,622.084,0.033003941,163.62267,9.355,17.873,0.559,-0.001237775,-0.003757644,0.002941939,-0.7317719,0.3144284,-9.768722,0.152588882,0.11573806,0.13068254,0.17526928,0,-3.032,-0.912,121.072
01:20.4,19,1.07,15.3719732,75.12727182,622.082,0.034471688,146.00716,9.35,17.864,0.542,0.001036678,-0.008759742,0.000820458,-0.6189539,0.24019925,-9.735232,0.107377364,0.11946342,0.13985968,0.17387096,0,-3.034,-0.914,121.074
01:20.4,19,1.07,15.3719732,75.1272718,622.08,0.035939435,128.39165,9.345,17.855,0.525,0.003311131,-0.01376184,-0.001301023,-0.5061359,0.1659701,-9.701742,0.062165846,0.12318878,0.14903682,0.17247264,0,-3.036,-0.916,121.076
01:20.4,19,1.07,15.3719732,75.12727178,622.078,0.037407182,110.77614,9.34,17.846,0.508,0.004302148,-0.013483795,-0.000203211,-0.51473375,0.1963902,-9.709929,0.016954328,0.12691414,0.15821396,0.17107432,0,-3.038,-0.918,121.078
01:20.5,19,1.07,15.3719732,75.12727176,622.076,0.038874929,93.16063,9.335,17.837,0.491,0.005293164,-0.01320575,0.000894601,-0.5233316,0.2268103,-9.718116,-0.02825719,0.1306395,0.1673911,0.169676,0,-3.04,-0.92,121.08
01:20.5,19,1.07,15.3719732,75.12727174,622.074,0.040342676,75.54512,9.33,17.828,0.474,0.005572609,-0.010533903,0.000801908,-0.50888975,0.2149645,-9.775868,0.014693748,0.119552596,0.145441528,0.15665428,0,-3.04,-0.918,121.08
01:20.5,19,1.07,15.3719732,75.12727172,622.072,0.041810423,57.92961,9.325,17.819,0.457,0.005852053,-0.007862056,0.000709214,-0.4944479,0.2031187,-9.83362,0.057644686,0.108465692,0.123491956,0.14363256,0,-3.04,-0.916,121.08
01:20.5,19,1.07,15.3719732,75.1272717,622.07,0.04327817,40.3141,9.32,17.81,0.44,0.007755531,-0.010571708,0.001426944,-0.51382945,0.1879504,-9.845041,0.100595624,0.097378788,0.101542384,0.13061084,0,-3.04,-0.914,121.08
01:20.5,19.1,1.07,15.3719732,75.1272717,622.07,0.042003221,42.121939,9.316,17.802,0.45,0.009659009,-0.01328136,0.002144674,-0.533211,0.1727821,-9.856462,0.143546562,0.086291884,0.079592812,0.11758912,0,-3.04,-0.912,121.08
01:20.6,19.2,1.07,15.3719732,75.1272717,622.07,0.040728272,43.929778,9.312,17.794,0.46,0.005157302,-0.005019908,0.001798062,-0.6145749,0.1993741,-9.8104985,0.1864975,0.07520498,0.05764324,0.1045674,0,-3.04,-0.91,121.08
01:20.6,19.3,1.07,15.3719732,75.1272717,622.07,0.039453323,45.737617,9.308,17.786,0.47,0.000655596,0.003241545,0.00145145,-0.6959388,0.2259661,-9.764535,0.1763249,0.070066734,0.055046798,0.09883137,0,-3.04,-0.912,121.08
01:20.6,19.4,1.07,15.3719732,75.1272717,622.07,0.038178374,47.545456,9.304,17.778,0.48,0.003389485,-0.005250277,0.000172885,-0.60160895,0.23148395,-9.765825,0.1661523,0.064928488,0.052450356,0.09309534,0,-3.04,-0.914,121.08
01:20.6,19.5,1.07,15.3719732,75.1272717,622.07,0.036903425,49.353295,9.3,17.77,0.49,0.006123374,-0.0137421,-0.001105679,-0.5072791,0.2370018,-9.767115,0.1559797,0.059790242,0.049853914,0.08735931,0,-3.04,-0.916,121.08
01:20.6,19.6,1.07,15.3719732,75.1272717,622.07,0.035628476,51.161134,9.296,17.762,0.5,0.006645673,-0.01376274,-0.000336666,-0.48962725,0.1906211,-9.7949165,0.1458071,0.054651996,0.047257472,0.08162328,0,-3.04,-0.918,121.08
01:20.7,19.7,1.07,15.3719732,75.1272717,622.07,0.034353527,52.968973,9.292,17.754,0.51,0.007167971,-0.01378338,0.000432348,-0.4719754,0.1442404,-9.822718,0.1356345,0.04951375,0.04466103,0.07588725,0,-3.04,-0.92,121.08
01:20.7,19.8,1.07,15.3719732,75.1272717,622.07,0.033078578,54.776812,9.288,17.746,0.52,0.006562474,-0.01299919,0.000587753,-0.49769085,0.1870867,-9.7849435,0.1548494,0.046803444,0.045288368,0.076157628,0,-3.04,-0.92,121.08
01:20.7,19.9,1.07,15.3719732,75.1272717,622.07,0.031803629,56.584651,9.284,17.738,0.53,0.005956977,-0.012215,0.000743158,-0.5234063,0.229933,-9.747169,0.1740643,0.044093138,0.045915706,0.076428006,0,-3.04,-0.92,121.08
01:20.7,20,1.07,15.3719732,75.1272717,622.07,0.03052868,58.39249,9.28,17.73,0.54,0.005017896,-0.01274226,-0.000762795,-0.49841265,0.2347251,-9.8098275,0.1932792,0.041382832,0.046543044,0.076698384,0,-3.04,-0.92,121.08
01:20.7,20,1.07,15.37197319,75.12727167,622.066,0.033695941,75.903101,9.275,17.721,0.543,0.004078815,-0.01326952,-0.002268747,-0.473419,0.2395172,-9.872486,0.2124941,0.038672526,0.047170382,0.076968762,0,-3.04,-0.92,121.08
01:20.8,20,1.07,15.37197318,75.12727164,622.062,0.036863202,93.413712,9.27,17.712,0.546,0.002060121,-0.00874908,-0.00023383,-0.5940266,0.16882068,-9.8100885,0.231709,0.03596222,0.04779772,0.07723914,0,-3.04,-0.92,121.08
01:20.8,20,1.07,15.37197317,75.12727161,622.058,0.040030463,110.924323,9.265,17.703,0.549,4.14E-05,-0.004228639,0.001801088,-0.7146342,0.09812416,-9.747691,0.202321518,0.035001424,0.051943106,0.074128966,0,-3.04,-0.918,121.082
01:20.8,20,1.07,15.37197316,75.12727158,622.054,0.043197724,128.434934,9.26,17.694,0.552,0.003570096,-0.007817295,0.001796151,-0.60761955,0.17160588,-9.742991,0.172934036,0.034040628,0.056088492,0.071018792,0,-3.04,-0.916,121.084
01:20.8,20,1.07,15.37197315,75.12727155,622.05,0.046364985,145.945545,9.255,17.685,0.555,0.007098765,-0.01140595,0.001791213,-0.5006049,0.2450876,-9.738291,0.143546554,0.033079832,0.060233878,0.067908618,0,-3.04,-0.914,121.086
01:20.8,20,1.07,15.37197314,75.12727152,622.046,0.049532246,163.456156,9.25,17.676,0.558,0.007075774,-0.010610935,0.002159937,-0.52019925,0.171256615,-9.7844815,0.114159072,0.032119036,0.064379264,0.064798444,0,-3.04,-0.912,121.088
01:20.9,20,1.07,15.37197313,75.12727149,622.042,0.052699507,180.966767,9.245,17.667,0.561,0.007052782,-0.00981592,0.002528661,-0.5397936,0.09742563,-9.830672,0.08477159,0.03115824,0.06852465,0.06168827,0,-3.04,-0.91,121.09
01:20.9,20,1.07,15.37197312,75.12727146,622.038,0.055866768,198.477378,9.24,17.658,0.564,0.006281937,-0.01239919,0.001436221,-0.51193595,0.194382865,-9.831836,0.106247052,0.036556138,0.067888228,0.062340956,0,-3.04,-0.912,121.09
01:20.9,20,1.07,15.37197311,75.12727143,622.034,0.059034029,215.987989,9.235,17.649,0.567,0.005511091,-0.01498246,0.000343782,-0.4840783,0.2913401,-9.833,0.127722514,0.041954036,0.067251806,0.062993642,0,-3.04,-0.914,121.09
01:20.9,20,1.07,15.3719731,75.1272714,622.03,0.06220129,233.4986,9.23,17.64,0.57,0.006041361,-0.013932345,0.001162017,-0.4986821,0.2066458,-9.7862865,0.149197976,0.047351934,0.066615384,0.063646328,0,-3.04,-0.916,121.09
01:20.9,20,1.07,15.37197309,75.12727137,622.022,0.059250718,221.49161,9.224,17.628,0.561,0.006571631,-0.01288223,0.001980253,-0.5132859,0.1219515,-9.739573,0.170673438,0.052749832,0.065978962,0.064299014,0,-3.04,-0.918,121.09
01:21.0,20,1.07,15.37197308,75.12727134,622.014,0.056300146,209.48462,9.218,17.616,0.552,0.002478734,-0.005614484,-0.000719075,-0.5989823,0.23090245,-9.736988,0.1921489,0.05814773,0.06534254,0.0649517,0,-3.04,-0.92,121.09
01:21.0,20,1.07,15.37197307,75.12727131,622.006,0.053349574,197.47763,9.212,17.604,0.543,-0.001614164,0.001653263,-0.003418403,-0.6846787,0.3398534,-9.734403,0.18367174,0.054707738,0.064069132,0.061281592,0,-3.04,-0.918,121.09
01:21.0,20,1.07,15.37197306,75.12727128,621.998,0.050399002,185.47064,9.206,17.592,0.534,0.002757518,-0.004589683,-0.0011553,-0.6120036,0.22257425,-9.771777,0.17519458,0.051267746,0.062795724,0.057611484,0,-3.04,-0.916,121.09
01:21.0,20,1.07,15.37197305,75.12727125,621.99,0.04744843,173.46365,9.2,17.58,0.525,0.007129201,-0.01083263,0.001107803,-0.5393285,0.1052951,-9.809151,0.16671742,0.047827754,0.061522316,0.053941376,0,-3.04,-0.914,121.09
01:21.0,20,1.07,15.37197304,75.12727122,621.982,0.044497858,161.45666,9.194,17.568,0.516,0.006839388,-0.011418395,0.000722489,-0.5279469,0.17279365,-9.7984825,0.15824026,0.044387762,0.060248908,0.050271268,0,-3.04,-0.912,121.09
01:21.1,20,1.07,15.37197303,75.12727119,621.974,0.041547286,149.44967,9.188,17.556,0.507,0.006549574,-0.01200416,0.000337175,-0.5165653,0.2402922,-9.787814,0.1497631,0.04094777,0.0589755,0.04660116,0,-3.04,-0.91,121.09
01:21.1,20,1.07,15.37197302,75.12727116,621.966,0.038596714,137.44268,9.182,17.544,0.498,0.006794043,-0.012485965,-7.27E-05,-0.52210125,0.1921431,-9.782054,0.15202368,0.038162634,0.056063652,0.042675334,0,-3.04,-0.91,121.09
01:21.1,20,1.07,15.37197301,75.12727113,621.958,0.035646142,125.43569,9.176,17.532,0.489,0.007038513,-0.01296777,-0.000482599,-0.5276372,0.143994,-9.776294,0.15428426,0.035377498,0.053151804,0.038749508,0,-3.04,-0.91,121.09
01:21.1,20,1.07,15.371973,75.1272711,621.95,0.03269557,113.4287,9.17,17.52,0.48,0.007041798,-0.01162188,-2.43E-05,-0.5318478,0.1813681,-9.777295,0.15654484,0.032592362,0.050239956,0.034823682,0,-3.04,-0.91,121.09
01:21.1,20,1.07,15.37197299,75.12727106,621.94,0.03695529,114.11695,9.167,17.513,0.468,0.007045082,-0.01027599,0.000434082,-0.5360584,0.2187422,-9.778296,0.15880542,0.029807226,0.047328108,0.030897856,0,-3.04,-0.91,121.09
01:21.2,20,1.07,15.37197298,75.12727102,621.93,0.04121501,114.8052,9.164,17.506,0.456,0.006919119,-0.01068839,0.000757407,-0.49902015,0.19837235,-9.7849015,0.161066,0.02702209,0.04441626,0.02697203,0,-3.04,-0.91,121.09
01:21.2,20,1.07,15.37197297,75.12727098,621.92,0.04547473,115.49345,9.161,17.499,0.444,0.006793156,-0.01110079,0.001080733,-0.4619819,0.1780025,-9.791507,0.148632836,0.032241522,0.051367264,0.037168638,0,-3.038,-0.91,121.092
01:21.2,20,1.07,15.37197296,75.12727094,621.91,0.04973445,116.1817,9.158,17.492,0.432,0.00693514,-0.01138958,0.002207168,-0.49216105,0.15413415,-9.7825225,0.136199672,0.037460954,0.058318268,0.047365246,0,-3.036,-0.91,121.094
01:21.2,20,1.07,15.37197295,75.1272709,621.9,0.05399417,116.86995,9.155,17.485,0.42,0.007077123,-0.01167837,0.003333603,-0.5223402,0.1302658,-9.773538,0.123766508,0.042680386,0.065269272,0.057561854,0,-3.034,-0.91,121.096
01:21.2,20,1.07,15.37197294,75.12727086,621.89,0.05825389,117.5582,9.152,17.478,0.408,0.007180601,-0.011830195,0.003791044,-0.4919543,0.1432435,-9.776545,0.111333344,0.047899818,0.072220276,0.067758462,0,-3.032,-0.91,121.098
01:21.3,20,1.07,15.37197293,75.12727082,621.88,0.06251361,118.24645,9.149,17.471,0.396,0.007284079,-0.01198202,0.004248485,-0.4615684,0.1562212,-9.779552,0.09890018,0.05311925,0.07917128,0.07795507,0,-3.03,-0.91,121.1
01:21.3,20,1.07,15.37197292,75.12727078,621.87,0.06677333,118.9347,9.146,17.464,0.384,0.006977796,-0.011633235,0.003751317,-0.48491025,0.16351445,-9.801167,0.097769894,0.05346998,0.073745806,0.07819763,0,-3.03,-0.908,121.102
01:21.3,20,1.07,15.37197291,75.12727074,621.86,0.07103305,119.62295,9.143,17.457,0.372,0.006671513,-0.01128445,0.003254149,-0.5082521,0.1708077,-9.822782,0.096639608,0.05382071,0.068320332,0.07844019,0,-3.03,-0.906,121.104
01:21.3,20,1.07,15.3719729,75.1272707,621.85,0.07529277,120.3112,9.14,17.45,0.36,0.007176896,-0.009945204,0.003902821,-0.5483486,0.2004442,-9.76611,0.095509322,0.05417144,0.062894858,0.07868275,0,-3.03,-0.904,121.106
01:21.3,20,1.07,15.3719729,75.12727068,621.844,0.070778456,143.70902,9.136,17.442,0.374,0.007682278,-0.008605958,0.004551493,-0.5884451,0.2300807,-9.709438,0.094379036,0.05452217,0.057469384,0.07892531,0,-3.03,-0.902,121.108
01:21.4,20,1.07,15.3719729,75.12727066,621.838,0.066264142,167.10684,9.132,17.434,0.388,0.005494905,-0.007896035,0.00196667,-0.6387563,0.2512223,-9.7138645,0.09324875,0.0548729,0.05204391,0.07916787,0,-3.03,-0.9,121.11
01:21.4,20,1.07,15.3719729,75.12727064,621.832,0.061749828,190.50466,9.128,17.426,0.402,0.003307532,-0.007186111,-0.000618153,-0.6890675,0.2723639,-9.718291,0.09720476,0.05577342,0.054950514,0.085327236,0,-3.032,-0.902,121.112
01:21.4,20,1.07,15.3719729,75.12727062,621.826,0.057235514,213.90248,9.124,17.418,0.416,0.003561453,-0.011857801,-0.001607417,-0.58476605,0.27707175,-9.752344,0.10116077,0.05667394,0.057857118,0.091486602,0,-3.034,-0.904,121.114
01:21.4,20,1.07,15.3719729,75.1272706,621.82,0.0527212,237.3003,9.12,17.41,0.43,0.003815374,-0.01652949,-0.002596681,-0.4804646,0.2817796,-9.786397,0.10511678,0.05757446,0.060763722,0.097645968,0,-3.036,-0.906,121.116
01:21.4,20,1.07,15.3719729,75.12727058,621.814,0.048206886,260.69812,9.116,17.402,0.444,0.004745779,-0.01487238,0.000414914,-0.49984275,0.18179689,-9.8148295,0.10907279,0.05847498,0.063670326,0.103805334,0,-3.038,-0.908,121.118
01:21.5,20,1.07,15.3719729,75.12727056,621.808,0.043692572,284.09594,9.112,17.394,0.458,0.005676183,-0.01321527,0.00342651,-0.5192209,0.08181418,-9.843262,0.1130288,0.0593755,0.06657693,0.1099647,0,-3.04,-0.91,121.12
01:21.5,20,1.07,15.3719729,75.12727054,621.802,0.039178258,307.49376,9.108,17.386,0.472,0.005272457,-0.01324984,0.002149787,-0.5005336,0.15875189,-9.7836,0.092683616,0.055057876,0.067557008,0.101738126,0,-3.04,-0.91,121.12
01:21.5,20,1.07,15.3719729,75.12727052,621.796,0.034663944,330.89158,9.104,17.378,0.486,0.00486873,-0.01328441,0.000873065,-0.4818463,0.2356896,-9.723938,0.072338432,0.050740252,0.068537086,0.093511552,0,-3.04,-0.91,121.12
01:21.5,20,1.07,15.3719729,75.1272705,621.79,0.03014963,354.2894,9.1,17.37,0.5,0.006484839,-0.012640995,0.000512751,-0.4999324,0.17385625,-9.7495525,0.051993248,0.046422628,0.069517164,0.085284978,0,-3.04,-0.91,121.12
01:21.5,20,1.07,15.37197289,75.1272705,621.787,0.032035688,327.743546,9.096,17.362,0.495,0.008100948,-0.01199758,0.000152437,-0.5180185,0.1120229,-9.775167,0.031648064,0.042105004,0.070497242,0.077058404,0,-3.04,-0.91,121.12
01:21.6,20,1.07,15.37197288,75.1272705,621.784,0.033921746,301.197692,9.092,17.354,0.49,0.003581448,-0.0064402,0.001815883,-0.61701915,0.1779532,-9.7723285,0.01130288,0.03778738,0.07147732,0.06883183,0,-3.04,-0.91,121.12
01:21.6,20,1.07,15.37197287,75.1272705,621.781,0.035807804,274.651838,9.088,17.346,0.485,-0.000938051,-0.000882821,0.00347933,-0.7160198,0.2438835,-9.76949,0.02147547,0.035209296,0.067347586,0.065794336,0,-3.042,-0.91,121.122
01:21.6,20,1.07,15.37197286,75.1272705,621.778,0.037693862,248.105984,9.084,17.338,0.48,0.002514851,-0.005922455,0.00377064,-0.61154295,0.23278325,-9.7729605,0.03164806,0.032631212,0.063217852,0.062756842,0,-3.044,-0.91,121.124
01:21.6,20,1.07,15.37197285,75.1272705,621.775,0.03957992,221.56013,9.08,17.33,0.475,0.005967754,-0.01096209,0.004061949,-0.5070661,0.221683,-9.776431,0.04182065,0.030053128,0.059088118,0.059719348,0,-3.046,-0.91,121.126
01:21.6,20,1.07,15.37197284,75.1272705,621.772,0.041465978,195.014276,9.076,17.322,0.47,0.005632231,-0.011007035,0.00276397,-0.51157645,0.20633995,-9.789877,0.05199324,0.027475044,0.054958384,0.056681854,0,-3.048,-0.91,121.128
01:21.7,20,1.07,15.37197283,75.1272705,621.769,0.043352036,168.468422,9.072,17.314,0.465,0.005296708,-0.01105198,0.001465991,-0.5160868,0.1909969,-9.803323,0.06216583,0.02489696,0.05082865,0.05364436,0,-3.05,-0.91,121.13
01:21.7,20,1.07,15.37197282,75.1272705,621.766,0.045238094,141.922568,9.068,17.306,0.46,0.005287128,-0.012768615,0.000484562,-0.4916898,0.22440395,-9.780581,0.057079534,0.039953828,0.057469902,0.083352288,0,-3.048,-0.906,121.132
01:21.7,20,1.07,15.37197281,75.1272705,621.763,0.047124152,115.376714,9.064,17.298,0.455,0.005277547,-0.01448525,-0.000496868,-0.4672928,0.257811,-9.757839,0.051993238,0.055010696,0.064111154,0.113060216,0,-3.046,-0.902,121.134
01:21.7,20,1.07,15.3719728,75.1272705,621.76,0.04901021,88.83086,9.06,17.29,0.45,0.009728978,-0.011585904,0.001088496,-0.49369755,0.16242884,-9.6701145,0.046906942,0.070067564,0.070752406,0.142768144,0,-3.044,-0.898,121.136
01:21.7,20,1.07,15.3719728,75.12727047,621.753,0.048959963,105.515504,9.056,17.282,0.461,0.01418041,-0.008686557,0.002673859,-0.5201023,0.06704668,-9.58239,0.041820646,0.085124432,0.077393658,0.172476072,0,-3.042,-0.894,121.138
01:21.8,20,1.07,15.3719728,75.12727044,621.746,0.048909716,122.200148,9.052,17.274,0.472,0.012342395,0.010692497,0.000566025,-0.59107625,0.22071119,-9.7743835,0.03673435,0.1001813,0.08403491,0.202184,0,-3.04,-0.89,121.14
01:21.8,20,1.07,15.3719728,75.12727041,621.739,0.048859469,138.884792,9.048,17.266,0.483,0.01050438,0.03007155,-0.001541809,-0.6620502,0.3743757,-9.966377,0.048602372,0.11331236,0.107524728,0.20729932,0,-3.04,-0.886,121.146
01:21.8,20,1.07,15.3719728,75.12727038,621.732,0.048809222,155.569436,9.044,17.258,0.494,0.007155561,0.007812505,0.001873096,-0.50318475,0.19084314,-9.943713,0.060470394,0.12644342,0.131014546,0.21241464,0,-3.04,-0.882,121.152
01:21.8,20,1.07,15.3719728,75.12727035,621.725,0.048758975,172.25408,9.04,17.25,0.505,0.003806741,-0.01444654,0.005288002,-0.3443193,0.007310581,-9.921049,0.072338416,0.13957448,0.154504364,0.21752996,0,-3.04,-0.878,121.158
01:21.8,20,1.07,15.3719728,75.12727032,621.718,0.048708728,188.938724,9.036,17.242,0.516,0.005891989,-0.011904935,0.006404454,-0.5515124,0.217787341,-9.867218,0.084206438,0.15270554,0.177994182,0.22264528,0,-3.04,-0.874,121.164
01:21.9,20,1.07,15.3719728,75.12727029,621.711,0.048658481,205.623368,9.032,17.234,0.527,0.007977236,-0.009363329,0.007520905,-0.7587055,0.4282641,-9.813387,0.09607446,0.1658366,0.201484,0.2277606,0,-3.04,-0.87,121.17
01:21.9,20,1.07,15.3719728,75.12727026,621.704,0.048608234,222.308012,9.028,17.226,0.538,0.006088454,-0.00891598,0.004338695,-0.54497875,0.32825985,-9.7990115,0.105681908,0.17246994,0.22315336,0.2282923,0,-3.04,-0.872,121.166
01:21.9,20,1.07,15.3719728,75.12727023,621.697,0.048557987,238.992656,9.024,17.218,0.549,0.004199672,-0.008468631,0.001156484,-0.331252,0.2282556,-9.784636,0.115289356,0.17910328,0.24482272,0.228824,0,-3.04,-0.874,121.162
01:21.9,20,1.07,15.3719728,75.1272702,621.69,0.04850774,255.6773,9.02,17.21,0.56,0.00561804,-0.011861826,-0.004928533,-0.4684168,0.23027025,-9.7903255,0.124896804,0.18573662,0.26649208,0.2293557,0,-3.04,-0.876,121.158
01:21.9,19.9,1.07,15.3719728,75.1272702,621.686,0.050393434,230.7060187,9.017,17.202,0.56,0.007036408,-0.01525502,-0.01101355,-0.6055816,0.2322849,-9.796015,0.134504252,0.19236996,0.28816144,0.2298874,0,-3.04,-0.878,121.154
01:22.0,19.8,1.07,15.3719728,75.1272702,621.682,0.052279128,205.7347374,9.014,17.194,0.56,0.003108088,-0.01547955,-0.002036651,-0.60890725,0.150126935,-9.8006195,0.1441117,0.1990033,0.3098308,0.2304191,0,-3.04,-0.88,121.15
01:22.0,19.7,1.07,15.3719728,75.1272702,621.678,0.054164822,180.7634561,9.011,17.186,0.56,-0.000820231,-0.01570408,0.006940248,-0.6122329,0.06796897,-9.805224,0.113028784,0.19992946,0.29279614,0.23533738,0,-3.038,-0.878,121.152
01:22.0,19.6,1.07,15.3719728,75.1272702,621.674,0.056050516,155.7921748,9.008,17.178,0.56,0.00153919,-0.01066094,0.007559808,-0.585367,0.135867985,-9.804706,0.081945868,0.20085562,0.27576148,0.24025566,0,-3.036,-0.876,121.154
01:22.0,19.5,1.07,15.3719728,75.1272702,621.67,0.05793621,130.8208935,9.005,17.17,0.56,0.003898611,-0.005617799,0.008179368,-0.5585011,0.203767,-9.804188,0.050862952,0.20178178,0.25872682,0.24517394,0,-3.034,-0.874,121.156
01:22.0,19.4,1.07,15.3719728,75.1272702,621.666,0.059821904,105.8496122,9.002,17.162,0.56,0.007486576,-0.00928444,0.000229679,-0.4953125,0.22375695,-9.776488,0.019780036,0.20270794,0.24169216,0.25009222,0,-3.032,-0.872,121.158
01:22.1,19.3,1.07,15.3719728,75.1272702,621.662,0.061707598,80.8783309,8.999,17.154,0.56,0.01107454,-0.01295108,-0.007720009,-0.4321239,0.2437469,-9.748788,-0.01130288,0.2036341,0.2246575,0.2550105,0,-3.03,-0.87,121.16
01:22.1,19.2,1.07,15.3719728,75.1272702,621.658,0.063593292,55.9070496,8.996,17.146,0.56,0.011464815,-0.013764215,-0.002783562,-0.49995265,0.134998595,-9.6909175,0.007912014,0.21000202,0.20497996,0.26319426,0,-3.032,-0.876,121.16
01:22.1,19.1,1.07,15.3719728,75.1272702,621.654,0.065478986,30.9357683,8.993,17.138,0.56,0.01185509,-0.01457735,0.002152885,-0.5677814,0.02625029,-9.633047,0.027126908,0.21636994,0.18530242,0.27137802,0,-3.034,-0.882,121.16
01:22.1,19,1.07,15.3719728,75.1272702,621.65,0.06736468,5.964487,8.99,17.13,0.56,0.008097925,-0.014075045,-0.001679217,-0.5299818,0.181940995,-9.7084585,0.046341802,0.22273786,0.16562488,0.27956178,0,-3.036,-0.888,121.16
01:22.1,19,1.07,15.3719728,75.12727018,621.641,0.064677904,7.3905243,8.987,17.122,0.549,0.00434076,-0.01357274,-0.005511319,-0.4921822,0.3376317,-9.78387,0.065556696,0.22910578,0.14594734,0.28774554,0,-3.038,-0.894,121.16
01:22.2,19,1.07,15.3719728,75.12727016,621.632,0.061991128,8.8165616,8.984,17.114,0.538,0.004829749,-0.004341389,-0.003264914,-0.5381262,0.30043555,-9.5972335,0.08477159,0.2354737,0.1262698,0.2959293,0,-3.04,-0.9,121.16
01:22.2,19,1.07,15.3719728,75.12727014,621.623,0.059304352,10.2425989,8.981,17.106,0.527,0.005318738,0.004889963,-0.001018508,-0.5840702,0.2632394,-9.410597,0.079685294,0.23079724,0.12308924,0.29875622,0,-3.042,-0.9,121.158
01:22.2,19,1.07,15.3719728,75.12727012,621.614,0.056617576,11.6686362,8.978,17.098,0.516,0.00550092,-0.004655459,0.002002183,-0.55178635,0.18419155,-9.7912035,0.074598998,0.22612078,0.11990868,0.30158314,0,-3.044,-0.9,121.156
01:22.2,19,1.07,15.3719728,75.1272701,621.605,0.0539308,13.0946735,8.975,17.09,0.505,0.005683102,-0.01420088,0.005022874,-0.5195025,0.1051437,-10.17181,0.069512702,0.22144432,0.11672812,0.30441006,0,-3.046,-0.9,121.154
01:22.2,19,1.07,15.3719728,75.12727008,621.596,0.051244024,14.5207108,8.972,17.082,0.494,0.004019526,-0.016441395,0.000593373,-0.4931081,0.20145515,-9.982592,0.064426406,0.21676786,0.11354756,0.30723698,0,-3.048,-0.9,121.152
01:22.3,19,1.07,15.3719728,75.12727006,621.587,0.048557248,15.9467481,8.969,17.074,0.483,0.00235595,-0.01868191,-0.003836128,-0.4667137,0.2977666,-9.793374,0.05934011,0.2120914,0.110367,0.3100639,0,-3.05,-0.9,121.15
01:22.3,19,1.07,15.3719728,75.12727004,621.578,0.045870472,17.3727854,8.966,17.066,0.472,0.004953014,-0.016802635,-0.000983058,-0.49772475,0.151113822,-9.7387325,0.066121838,0.2096412,0.11744236,0.30659348,0,-3.048,-0.902,121.152
01:22.3,19,1.07,15.3719728,75.12727002,621.569,0.043183696,18.7988227,8.963,17.058,0.461,0.007550078,-0.01492336,0.001870012,-0.5287358,0.004461043,-9.684091,0.072903566,0.207191,0.12451772,0.30312306,0,-3.046,-0.904,121.154
01:22.3,19,1.07,15.3719728,75.12727,621.56,0.04049692,20.22486,8.96,17.05,0.45,0.007616889,-0.015774525,0.004092478,-0.49647345,0.131299421,-9.722647,0.079685294,0.2047408,0.13159308,0.29965264,0,-3.044,-0.906,121.156
01:22.3,18.9,1.07,15.3719728,75.12727001,621.556,0.046471698,26.801956,8.957,17.045,0.459,0.007683699,-0.01662569,0.006314943,-0.4642111,0.2581378,-9.761203,0.086467022,0.2022906,0.13866844,0.29618222,0,-3.042,-0.908,121.158
01:22.4,18.8,1.07,15.3719728,75.12727002,621.552,0.052446476,33.379052,8.954,17.04,0.468,0.005807746,-0.013263822,0.004587886,-0.53894255,0.20620545,-9.767554,0.09324875,0.1998404,0.1457438,0.2927118,0,-3.04,-0.91,121.16
01:22.4,18.7,1.07,15.3719728,75.12727003,621.548,0.058421254,39.956148,8.951,17.035,0.477,0.003931793,-0.009901954,0.002860828,-0.613674,0.1542731,-9.773905,0.11133336,0.18540978,0.134603646,0.26729842,0,-3.042,-0.912,121.162
01:22.4,18.6,1.07,15.3719728,75.12727004,621.544,0.064396032,46.533244,8.948,17.03,0.486,0.005892187,-0.011480907,0.000735474,-0.52914955,0.21040515,-9.743854,0.12941797,0.17097916,0.123463492,0.24188504,0,-3.044,-0.914,121.164
01:22.4,18.5,1.07,15.3719728,75.12727005,621.54,0.07037081,53.11034,8.945,17.025,0.495,0.007852581,-0.01305986,-0.00138988,-0.4446251,0.2665372,-9.713803,0.14750258,0.15654854,0.112323338,0.21647166,0,-3.046,-0.916,121.166
01:22.4,18.4,1.07,15.3719728,75.12727006,621.536,0.076345588,59.687436,8.942,17.02,0.504,0.00722124,-0.012433335,0.000977216,-0.5054109,0.2203388,-9.7683955,0.16558719,0.14211792,0.101183184,0.19105828,0,-3.048,-0.918,121.168
01:22.5,18.3,1.07,15.3719728,75.12727007,621.532,0.082320366,66.264532,8.939,17.015,0.513,0.006589899,-0.01180681,0.003344311,-0.5661967,0.1741404,-9.822988,0.1836718,0.1276873,0.09004303,0.1656449,0,-3.05,-0.92,121.17
01:22.5,18.2,1.07,15.3719728,75.12727008,621.528,0.088295144,72.841628,8.936,17.01,0.522,0.007644967,-0.010588888,0.003212997,-0.51159415,0.19077035,-9.8209205,0.161066038,0.118109916,0.087658976,0.15628754,0,-3.048,-0.918,121.172
01:22.5,18.1,1.07,15.3719728,75.12727009,621.524,0.094269922,79.418724,8.933,17.005,0.531,0.008700035,-0.009370966,0.003081682,-0.4569916,0.2074003,-9.818853,0.138460276,0.108532532,0.085274922,0.14693018,0,-3.046,-0.916,121.174
01:22.5,18,1.07,15.3719728,75.1272701,621.52,0.1002447,85.99582,8.93,17,0.54,0.00560063,-0.006167028,0.001878755,-0.5991815,0.1871907,-9.817134,0.115854514,0.098955148,0.082890868,0.13757282,0,-3.044,-0.914,121.176
01:22.5,18.1,1.07,15.3719728,75.12727011,621.517,0.095934248,110.110668,8.926,16.993,0.52,0.002501225,-0.002963089,0.000675828,-0.7413714,0.1669811,-9.815415,0.093248752,0.089377764,0.080506814,0.12821546,0,-3.042,-0.912,121.178
01:22.6,18.2,1.07,15.3719728,75.12727012,621.514,0.091623796,134.225516,8.922,16.986,0.5,0.004337166,-0.006714625,-0.000479392,-0.65077355,0.17400275,-9.779385,0.07064299,0.07980038,0.07812276,0.1188581,0,-3.04,-0.91,121.18
01:22.6,18.3,1.07,15.3719728,75.12727013,621.511,0.087313344,158.340364,8.918,16.979,0.48,0.006173107,-0.01046616,-0.001634612,-0.5601757,0.1810244,-9.743355,0.048602378,0.073809506,0.07714142,0.110957664,0,-3.04,-0.91,121.18
01:22.6,18.4,1.07,15.3719728,75.12727014,621.508,0.083002892,182.455212,8.914,16.972,0.46,0.006712729,-0.01208127,0.0011231,-0.5590694,0.1845643,-9.74041,0.026561766,0.067818632,0.07616008,0.103057228,0,-3.04,-0.91,121.18
01:22.6,18.5,1.07,15.3719728,75.12727015,621.505,0.07869244,206.57006,8.91,16.965,0.44,0.00725235,-0.01369638,0.003880811,-0.5579631,0.1881042,-9.737465,0.004521154,0.061827758,0.07517874,0.095156792,0,-3.04,-0.91,121.18
01:22.6,18.6,1.07,15.3719728,75.12727016,621.502,0.074381988,230.684908,8.906,16.958,0.42,0.007000225,-0.01202452,0.002745615,-0.52599695,0.19400105,-9.760474,-0.017519458,0.055836884,0.0741974,0.087256356,0,-3.04,-0.91,121.18
01:22.7,18.7,1.07,15.3719728,75.12727017,621.499,0.070071536,254.799756,8.902,16.951,0.4,0.006748099,-0.01035266,0.001610418,-0.4940308,0.1998979,-9.783483,-0.03956007,0.04984601,0.07321606,0.07935592,0,-3.04,-0.91,121.18
01:22.7,18.8,1.07,15.3719728,75.12727018,621.496,0.065761084,278.914604,8.898,16.944,0.38,0.001983062,-0.005164036,0.002545647,-0.56604725,0.21386005,-9.7818135,-0.019780034,0.048142414,0.072428832,0.075969504,0,-3.042,-0.908,121.184
01:22.7,18.9,1.07,15.3719728,75.12727019,621.493,0.061450632,303.029452,8.894,16.937,0.36,-0.002781975,2.46E-05,0.003480875,-0.6380637,0.2278222,-9.780144,2.00E-09,0.046438818,0.071641604,0.072583088,0,-3.044,-0.906,121.188
01:22.7,19,1.07,15.3719728,75.1272702,621.49,0.05714018,327.1443,8.89,16.93,0.34,-0.003858983,-0.000479921,0.004427774,-0.6459398,0.18266675,-9.772743,0.019780038,0.044735222,0.070854376,0.069196672,0,-3.046,-0.904,121.192
01:22.7,19,1.07,15.3719728,75.12727015,621.482,0.058261366,323.48548,8.887,16.923,0.354,-0.004935991,-0.00098443,0.005374673,-0.6538159,0.1375113,-9.765342,0.039560074,0.043031626,0.070067148,0.065810256,0,-3.048,-0.902,121.196
01:22.8,19,1.07,15.3719728,75.1272701,621.474,0.059382552,319.82666,8.884,16.916,0.368,0.001270837,-0.006032225,0.005060723,-0.55222735,0.1697742,-9.75925,0.05934011,0.04132803,0.06927992,0.06242384,0,-3.05,-0.9,121.2
01:22.8,19,1.07,15.3719728,75.12727005,621.466,0.060503738,316.16784,8.881,16.909,0.382,0.007477665,-0.01108002,0.004746773,-0.4506388,0.2020371,-9.753158,0.071773268,0.049250088,0.080427376,0.073907452,0,-3.05,-0.902,121.204
01:22.8,19,1.07,15.3719728,75.12727,621.458,0.061624924,312.50902,8.878,16.902,0.396,0.00757775,-0.011479,0.003473667,-0.5388014,0.1889472,-9.7732035,0.084206426,0.057172146,0.091574832,0.085391064,0,-3.05,-0.904,121.208
01:22.8,19,1.07,15.3719728,75.12726995,621.45,0.06274611,308.8502,8.875,16.895,0.41,0.007677834,-0.01187798,0.002200561,-0.626964,0.1758573,-9.793249,0.096639584,0.065094204,0.102722288,0.096874676,0,-3.05,-0.906,121.212
01:22.8,19,1.07,15.3719728,75.1272699,621.442,0.063867296,305.19138,8.872,16.888,0.424,0.006556293,-0.012735415,0.003002391,-0.59683105,0.2062081,-9.7934205,0.109072742,0.073016262,0.113869744,0.108358288,0,-3.05,-0.908,121.216
01:22.9,19,1.07,15.3719728,75.12726985,621.434,0.064988482,301.53256,8.869,16.881,0.438,0.005434752,-0.01359285,0.003804221,-0.5666981,0.2365589,-9.793592,0.1215059,0.08093832,0.1250172,0.1198419,0,-3.05,-0.91,121.22
01:22.9,19,1.07,15.3719728,75.1272698,621.426,0.066109668,297.87374,8.866,16.874,0.452,0.006458184,-0.01312426,0.001935709,-0.5833165,0.2398725,-9.809872,0.113593894,0.07861148,0.109463456,0.11001651,0,-3.05,-0.912,121.22
01:22.9,19,1.07,15.3719728,75.12726975,621.418,0.067230854,294.21492,8.863,16.867,0.466,0.007481616,-0.01265567,6.72E-05,-0.5999349,0.2431861,-9.826152,0.105681888,0.07628464,0.093909712,0.10019112,0,-3.05,-0.914,121.22
01:22.9,19,1.07,15.3719728,75.1272697,621.41,0.06835204,290.5561,8.86,16.86,0.48,0.003309255,-0.006953299,0.001100058,-0.6140087,0.23867025,-9.786712,0.097769882,0.0739578,0.078355968,0.09036573,0,-3.05,-0.916,121.22
01:22.9,19,1.07,15.37197279,75.12726969,621.407,0.06423713,283.10323,8.857,16.853,0.494,-0.000863106,-0.001250928,0.00213292,-0.6280825,0.2341544,-9.747272,0.089857876,0.07163096,0.062802224,0.08054034,0,-3.05,-0.918,121.22
01:23.0,19,1.07,15.37197278,75.12726968,621.404,0.06012222,275.65036,8.854,16.846,0.508,-0.001047075,-0.004420758,0.002796414,-0.63653095,0.2139555,-9.744534,0.08194587,0.06930412,0.04724848,0.07071495,0,-3.05,-0.92,121.22
01:23.0,19,1.07,15.37197277,75.12726967,621.401,0.05600731,268.19749,8.851,16.839,0.522,-0.001231043,-0.007590587,0.003459907,-0.6449794,0.1937566,-9.741796,0.102856196,0.065900236,0.04686586,0.069880682,0,-3.05,-0.918,121.222
01:23.0,19,1.07,15.37197276,75.12726966,621.398,0.0518924,260.74462,8.848,16.832,0.536,0.002996804,-0.009084179,0.001831758,-0.5570818,0.2202737,-9.75857,0.123766522,0.062496352,0.04648324,0.069046414,0,-3.05,-0.916,121.224
01:23.0,19,1.07,15.37197275,75.12726965,621.395,0.04777749,253.29175,8.845,16.825,0.55,0.007224651,-0.01057777,0.000203608,-0.4691842,0.2467908,-9.775344,0.144676848,0.059092468,0.04610062,0.068212146,0,-3.05,-0.914,121.226
01:23.0,19,1.07,15.37197274,75.12726964,621.392,0.04366258,245.83888,8.842,16.818,0.564,0.00714804,-0.00966812,0.000579708,-0.49955935,0.1990066,-9.7912585,0.165587174,0.055688584,0.045718,0.067377878,0,-3.05,-0.912,121.228
01:23.1,19,1.07,15.37197273,75.12726963,621.389,0.03954767,238.38601,8.839,16.811,0.578,0.007071428,-0.00875847,0.000955809,-0.5299345,0.1512224,-9.807173,0.1864975,0.0522847,0.04533538,0.06654361,0,-3.05,-0.91,121.23
01:23.1,19,1.07,15.37197272,75.12726962,621.386,0.03543276,230.93314,8.836,16.804,0.592,0.006947604,-0.009655485,0.002030481,-0.57020235,0.20793805,-9.7902745,0.17462948,0.053812874,0.045045132,0.068611558,0,-3.05,-0.91,121.23
01:23.1,19,1.07,15.37197271,75.12726961,621.383,0.03131785,223.48027,8.833,16.797,0.606,0.00682378,-0.0105525,0.003105153,-0.6104702,0.2646537,-9.773376,0.16276146,0.055341048,0.044754884,0.070679506,0,-3.05,-0.91,121.23
01:23.1,19,1.07,15.3719727,75.1272696,621.38,0.02720294,216.0274,8.83,16.79,0.62,0.00734437,-0.011965725,0.001259738,-0.5612575,0.24493545,-9.7922365,0.15089344,0.056869222,0.044464636,0.072747454,0,-3.05,-0.91,121.23
01:23.1,19,1.07,15.37197269,75.12726963,621.383,0.025797941,211.55004,8.825,16.783,0.618,0.00786496,-0.01337895,-0.000585678,-0.5120448,0.2252172,-9.811097,0.13902542,0.058397396,0.044174388,0.074815402,0,-3.05,-0.91,121.23
01:23.2,19,1.07,15.37197268,75.12726966,621.386,0.024392942,207.07268,8.82,16.776,0.616,0.007074337,-0.01268928,-0.000343026,-0.5465662,0.20505735,-9.8164795,0.1271574,0.05992557,0.04388414,0.07688335,0,-3.05,-0.91,121.23
01:23.2,19,1.07,15.37197267,75.12726969,621.389,0.022987943,202.59532,8.815,16.769,0.614,0.006283713,-0.01199961,-0.000100374,-0.5810876,0.1848975,-9.821862,0.12828768,0.059676928,0.04221908,0.075578558,0,-3.05,-0.912,121.224
01:23.2,19,1.07,15.37197266,75.12726972,621.392,0.021582944,198.11796,8.81,16.762,0.612,0.006391841,-0.012537105,-0.002790229,-0.5221755,0.217042,-9.773139,0.12941796,0.059428286,0.04055402,0.074273766,0,-3.05,-0.914,121.218
01:23.2,19,1.07,15.37197265,75.12726975,621.395,0.020177945,193.6406,8.805,16.755,0.61,0.006499968,-0.0130746,-0.005480084,-0.4632634,0.2491865,-9.724416,0.13054824,0.059179644,0.03888896,0.072968974,0,-3.05,-0.916,121.212
01:23.2,19,1.07,15.37197264,75.12726978,621.398,0.018772946,189.16324,8.8,16.748,0.608,0.006659798,-0.01247837,-0.006997012,-0.53947695,0.23734935,-9.730721,0.13167852,0.058931002,0.0372239,0.071664182,0,-3.05,-0.918,121.206
01:23.3,19,1.07,15.37197263,75.12726981,621.401,0.017367947,184.68588,8.795,16.741,0.606,0.006819628,-0.01188214,-0.00851394,-0.6156905,0.2255122,-9.737026,0.1328088,0.05868236,0.03555884,0.07035939,0,-3.05,-0.92,121.2
01:23.3,19,1.07,15.37197262,75.12726984,621.404,0.015962948,180.20852,8.79,16.734,0.604,0.006511971,-0.012503975,-0.007940641,-0.5429651,0.19711735,-9.767767,0.08590186,0.059705652,0.048073608,0.073896318,0,-3.05,-0.92,121.198
01:23.3,19,1.07,15.37197261,75.12726987,621.407,0.014557949,175.73116,8.785,16.727,0.602,0.006204314,-0.01312581,-0.007367342,-0.4702397,0.1687225,-9.798508,0.03899492,0.060728944,0.060588376,0.077433246,0,-3.05,-0.92,121.196
01:23.3,19,1.07,15.3719726,75.1272699,621.41,0.01315295,171.2538,8.78,16.72,0.6,0.004627254,-0.006268564,-0.000930076,-0.54038305,0.070481225,-9.788295,-0.00791202,0.061752236,0.073103144,0.080970174,0,-3.05,-0.92,121.194
01:23.3,19,1.07,15.3719726,75.12726985,621.399,0.013054207,164.074652,8.778,16.713,0.599,0.003050193,0.000588682,0.005507189,-0.6105264,-0.02776005,-9.778082,-0.05481896,0.062775528,0.085617912,0.084507102,0,-3.05,-0.92,121.192
01:23.4,19,1.07,15.3719726,75.1272698,621.388,0.012955464,156.895504,8.776,16.706,0.598,0.005215741,-0.004909154,0.004403591,-0.5124482,0.076480125,-9.7574975,-0.1017259,0.06379882,0.09813268,0.08804403,0,-3.05,-0.92,121.19
01:23.4,19,1.07,15.3719726,75.12726975,621.377,0.012856721,149.716356,8.774,16.699,0.597,0.007381288,-0.01040699,0.003299992,-0.41437,0.1807203,-9.736913,-0.083641296,0.069027398,0.094817284,0.134317164,0,-3.05,-0.918,121.192
01:23.4,19,1.07,15.3719726,75.1272697,621.366,0.012757978,142.537208,8.772,16.692,0.596,0.007007081,-0.011069295,0.002491458,-0.4341994,0.1824361,-9.788165,-0.065556692,0.074255976,0.091501888,0.180590298,0,-3.05,-0.916,121.194
01:23.4,19,1.07,15.3719726,75.12726965,621.355,0.012659235,135.35806,8.77,16.685,0.595,0.006632874,-0.0117316,0.001682924,-0.4540288,0.1841519,-9.839417,-0.047472088,0.079484554,0.088186492,0.226863432,0,-3.05,-0.914,121.196
01:23.4,19,1.07,15.3719726,75.1272696,621.344,0.012560492,128.178912,8.768,16.678,0.594,0.002792121,-0.01406132,0.002277934,-0.4360607,0.22075715,-9.9370985,-0.029387484,0.084713132,0.084871096,0.273136566,0,-3.05,-0.912,121.198
01:23.5,19,1.07,15.3719726,75.12726955,621.333,0.012461749,120.999764,8.766,16.671,0.593,-0.001048633,-0.01639104,0.002872944,-0.4180926,0.2573624,-10.03478,-0.01130288,0.08994171,0.0815557,0.3194097,0,-3.05,-0.91,121.2
01:23.5,19,1.07,15.3719726,75.1272695,621.322,0.012363006,113.820616,8.764,16.664,0.592,-0.000859395,-0.012650391,0.003640805,-0.5971233,0.32008015,-9.7399965,0.001130286,0.093024768,0.082373036,0.31027266,0,-3.052,-0.912,121.2
01:23.5,19,1.07,15.3719726,75.12726945,621.311,0.012264263,106.641468,8.762,16.657,0.591,-0.000670157,-0.008909741,0.004408665,-0.776154,0.3827979,-9.445213,0.013563452,0.096107826,0.083190372,0.30113562,0,-3.054,-0.914,121.2
01:23.5,19,1.07,15.3719726,75.1272694,621.3,0.01216552,99.46232,8.76,16.65,0.59,-0.00263275,-0.006363062,-0.001628419,-0.76378935,0.28786075,-9.5653675,0.025996618,0.099190884,0.084007708,0.29199858,0,-3.056,-0.916,121.2
01:23.5,19,1.07,15.37197259,75.12726936,621.289,0.017318427,96.302538,8.757,16.645,0.57,-0.004595344,-0.003816383,-0.007665504,-0.7514247,0.1929236,-9.685522,0.038429784,0.102273942,0.084825044,0.28286154,0,-3.058,-0.918,121.2
01:23.6,19,1.07,15.37197258,75.12726932,621.278,0.022471334,93.142756,8.754,16.64,0.55,0.004135563,-0.00592793,-0.005491624,-0.6210989,0.1719729,-9.7571165,0.05086295,0.105357,0.08564238,0.2737245,0,-3.06,-0.92,121.2
01:23.6,19,1.07,15.37197257,75.12726928,621.267,0.027624241,89.982974,8.751,16.635,0.53,0.01286647,-0.008039478,-0.003317743,-0.4907731,0.1510222,-9.828711,0.027126906,0.13129552,0.128513084,0.28149532,0,-3.058,-0.918,121.2
01:23.6,19,1.07,15.37197256,75.12726924,621.256,0.032777148,86.823192,8.748,16.63,0.51,0.009698313,-0.009466194,-0.000798269,-0.4700913,0.12344126,-9.8206525,0.003390862,0.15723404,0.171383788,0.28926614,0,-3.056,-0.916,121.2
01:23.6,19,1.07,15.37197255,75.1272692,621.245,0.037930055,83.66341,8.745,16.625,0.49,0.006530155,-0.01089291,0.001721206,-0.4494095,0.09586032,-9.812594,-0.020345182,0.18317256,0.214254492,0.29703696,0,-3.054,-0.914,121.2
01:23.6,19,1.07,15.37197254,75.12726916,621.234,0.043082962,80.503628,8.742,16.62,0.47,0.007239928,-0.01086003,0.003234158,-0.4486752,0.13932836,-9.7600565,-0.044081226,0.20911108,0.257125196,0.30480778,0,-3.052,-0.912,121.2
01:23.7,19,1.07,15.37197253,75.12726912,621.223,0.048235869,77.343846,8.739,16.615,0.45,0.007949701,-0.01082715,0.004747109,-0.4479409,0.1827964,-9.707519,-0.06781727,0.2350496,0.2999959,0.3125786,0,-3.05,-0.91,121.2
01:23.7,19,1.07,15.37197252,75.12726908,621.212,0.053388776,74.184064,8.736,16.61,0.43,0.006817129,-0.011084375,0.002380175,-0.48543455,0.2118616,-9.7424585,-0.018084596,0.202222408,0.24945393,0.27399696,0,-3.05,-0.91,121.2
01:23.7,19,1.07,15.37197251,75.12726904,621.201,0.058541683,71.024282,8.733,16.605,0.41,0.005684556,-0.0113416,1.32E-05,-0.5229282,0.2409268,-9.777398,0.031648078,0.169395216,0.19891196,0.23541532,0,-3.05,-0.91,121.2
01:23.7,19,1.07,15.3719725,75.127269,621.19,0.06369459,67.8645,8.73,16.6,0.39,0.003839462,-0.006077445,0.000597311,-0.61067655,0.2449147,-9.79064,0.081380752,0.136568024,0.14836999,0.19683368,0,-3.05,-0.91,121.2
01:23.7,19.1,1.07,15.37197251,75.12726899,621.186,0.066828815,96.23094,8.728,16.593,0.405,0.001994367,-0.000813291,0.001181381,-0.6984249,0.2489026,-9.803882,0.131113426,0.103740832,0.09782802,0.15825204,0,-3.05,-0.91,121.2
01:23.8,19.2,1.07,15.37197252,75.12726898,621.182,0.06996304,124.59738,8.726,16.586,0.42,0.004309049,-0.00596563,0.001612649,-0.63629505,0.2222108,-9.791259,0.1808461,0.07091364,0.04728605,0.1196704,0,-3.05,-0.91,121.2
01:23.8,19.3,1.07,15.37197253,75.12726897,621.178,0.073097265,152.96382,8.724,16.579,0.435,0.00662373,-0.01111797,0.002043917,-0.5741652,0.195519,-9.778636,0.148632888,0.066122752,0.043827076,0.110127076,0,-3.05,-0.91,121.2
01:23.8,19.4,1.07,15.37197254,75.12726896,621.174,0.07623149,181.33026,8.722,16.572,0.45,0.006747263,-0.011436845,0.001358478,-0.5363902,0.1815971,-9.7686095,0.116419676,0.061331864,0.040368102,0.100583752,0,-3.05,-0.91,121.2
01:23.8,19.5,1.07,15.37197255,75.12726895,621.17,0.079365715,209.6967,8.72,16.565,0.465,0.006870796,-0.01175572,0.000673038,-0.4986152,0.1676752,-9.758583,0.084206464,0.056540976,0.036909128,0.091040428,0,-3.05,-0.91,121.2
01:23.8,19.6,1.07,15.37197256,75.12726894,621.166,0.08249994,238.06314,8.718,16.558,0.48,0.006504093,-0.012062145,-6.11E-06,-0.50267075,0.1686245,-9.75674,0.051993252,0.051750088,0.033450154,0.081497104,0,-3.05,-0.91,121.2
01:23.9,19.7,1.07,15.37197257,75.12726893,621.162,0.085634165,266.42958,8.716,16.551,0.495,0.00613739,-0.01236857,-0.000685265,-0.5067263,0.1695738,-9.754897,0.01978004,0.0469592,0.02999118,0.07195378,0,-3.05,-0.91,121.2
01:23.9,19.8,1.07,15.37197258,75.12726892,621.158,0.08876839,294.79602,8.714,16.544,0.51,0.006644964,-0.01191329,0.000394613,-0.46425115,0.1669501,-9.752973,-0.009042308,0.046056948,0.028602044,0.067403328,0,-3.05,-0.91,121.202
01:23.9,19.9,1.07,15.37197259,75.12726891,621.154,0.091902615,323.16246,8.712,16.537,0.525,0.007152537,-0.01145801,0.001474491,-0.421776,0.1643264,-9.751049,-0.037864656,0.045154696,0.027212908,0.062852876,0,-3.05,-0.91,121.204
01:23.9,20,1.07,15.3719726,75.1272689,621.15,0.09503684,351.5289,8.71,16.53,0.54,0.003475182,-0.007700736,0.00209931,-0.5667611,0.19917945,-9.7729935,-0.066687004,0.044252444,0.025823772,0.058302424,0,-3.05,-0.91,121.206
01:23.9,20,1.07,15.3719726,75.12726889,621.146,0.093061768,339.41494,8.706,16.519,0.535,-0.000202174,-0.003943462,0.002724129,-0.7117462,0.2340325,-9.794938,-0.095509352,0.043350192,0.024434636,0.053751972,0,-3.05,-0.91,121.208
01:24.0,20,1.07,15.3719726,75.12726888,621.142,0.091086696,327.30098,8.702,16.508,0.53,0.003500178,-0.007983226,0.00262539,-0.6189842,0.21366025,-9.774131,-0.1243317,0.04244794,0.0230455,0.04920152,0,-3.05,-0.91,121.21
01:24.0,20,1.07,15.3719726,75.12726887,621.138,0.089111624,315.18702,8.698,16.497,0.525,0.00720253,-0.01202299,0.002526652,-0.5262222,0.193288,-9.753324,-0.05199328,0.059057952,0.029296698,0.080012756,0,-3.048,-0.908,121.21
01:24.0,20,1.07,15.3719726,75.12726886,621.134,0.087136552,303.07306,8.694,16.486,0.52,0.007134207,-0.01116228,0.001486963,-0.55258865,0.19407675,-9.784526,0.02034514,0.075667964,0.035547896,0.110823992,0,-3.046,-0.906,121.21
01:24.0,20,1.07,15.3719726,75.12726885,621.13,0.08516148,290.9591,8.69,16.475,0.515,0.007065883,-0.01030157,0.000447273,-0.5789551,0.1948655,-9.815728,0.09268356,0.092277976,0.041799094,0.141635228,0,-3.044,-0.904,121.21
01:24.0,20,1.07,15.3719726,75.12726884,621.126,0.083186408,278.84514,8.686,16.464,0.51,0.008783277,-0.008219632,6.52E-05,-0.49422075,0.1704257,-9.6981665,0.16502198,0.108887988,0.048050292,0.172446464,0,-3.042,-0.902,121.21
01:24.1,20,1.07,15.3719726,75.12726883,621.122,0.081211336,266.73118,8.682,16.453,0.505,0.01050067,-0.006137694,-0.000316895,-0.4094864,0.1459859,-9.580605,0.2373604,0.125498,0.05430149,0.2032577,0,-3.04,-0.9,121.21
01:24.1,20,1.07,15.3719726,75.12726882,621.118,0.079236264,254.61722,8.678,16.442,0.5,0.008703605,-0.010151487,0.001478459,-0.52288265,0.1647657,-9.619228,0.194974616,0.12103006,0.053327748,0.20192212,0,-3.04,-0.898,121.212
01:24.1,20,1.07,15.3719726,75.12726881,621.114,0.077261192,242.50326,8.674,16.431,0.495,0.006906539,-0.01416528,0.003273812,-0.6362789,0.1835455,-9.657851,0.152588832,0.11656212,0.052354006,0.20058654,0,-3.04,-0.896,121.214
01:24.1,20,1.07,15.3719726,75.1272688,621.11,0.07528612,230.3893,8.67,16.42,0.49,0.002910214,-0.007377006,0.001760123,-0.61666345,0.2033071,-9.7520935,0.110203048,0.11209418,0.051380264,0.19925096,0,-3.04,-0.894,121.216
01:24.1,20,1.07,15.37197258,75.12726876,621.103,0.077988838,224.90191,8.667,16.413,0.49,-0.001086111,-0.000588733,0.000246434,-0.597048,0.2230687,-9.846336,0.067817264,0.10762624,0.050406522,0.19791538,0,-3.04,-0.892,121.218
01:24.2,20,1.07,15.37197256,75.12726872,621.096,0.080691556,219.41452,8.664,16.406,0.49,-2.97E-05,-0.008843306,0.00137328,-0.5802986,0.25887865,-9.972273,0.02543148,0.1031583,0.04943278,0.1965798,0,-3.04,-0.89,121.22
01:24.2,20,1.07,15.37197254,75.12726868,621.089,0.083394274,213.92713,8.661,16.399,0.49,0.001026674,-0.01709788,0.002500125,-0.5635492,0.2946886,-10.09821,0.033908638,0.102404092,0.054571576,0.21569434,0,-3.042,-0.892,121.22
01:24.2,20,1.07,15.37197252,75.12726864,621.082,0.086096992,208.43974,8.658,16.392,0.49,0.004637989,-0.012940347,0.002547564,-0.4755983,0.18691576,-9.8818335,0.042385796,0.101649884,0.059710372,0.23480888,0,-3.044,-0.894,121.22
01:24.2,20,1.07,15.3719725,75.1272686,621.075,0.08879971,202.95235,8.655,16.385,0.49,0.008249303,-0.008782813,0.002595003,-0.3876474,0.07914292,-9.665457,0.050862954,0.100895676,0.064849168,0.25392342,0,-3.046,-0.896,121.22
01:24.2,20,1.07,15.37197248,75.12726856,621.068,0.091502428,197.46496,8.652,16.378,0.49,0.005707298,-0.011788452,0.001518848,-0.5064472,0.15381191,-9.594863,0.059340112,0.100141468,0.069987964,0.27303796,0,-3.048,-0.898,121.22
01:24.3,20,1.07,15.37197246,75.12726852,621.061,0.094205146,191.97757,8.649,16.371,0.49,0.003165293,-0.01479409,0.000442692,-0.625247,0.2284809,-9.524269,0.06781727,0.09938726,0.07512676,0.2921525,0,-3.05,-0.9,121.22
01:24.3,20,1.07,15.37197244,75.12726848,621.054,0.096907864,186.49018,8.646,16.364,0.49,0.005757842,-0.01338666,-0.00089599,-0.54791835,0.17804135,-9.623363,0.081945876,0.100365988,0.074112114,0.28118362,0,-3.048,-0.898,121.222
01:24.3,20,1.07,15.37197242,75.12726844,621.047,0.099610582,181.00279,8.643,16.357,0.49,0.008350391,-0.01197923,-0.002234673,-0.4705897,0.1276018,-9.722457,0.096074482,0.101344716,0.073097468,0.27021474,0,-3.046,-0.896,121.224
01:24.3,20,1.07,15.3719724,75.1272684,621.04,0.1023133,175.5154,8.64,16.35,0.49,0.009435206,-0.009649544,0.000802086,-0.5148093,0.16663425,-9.8061975,0.110203088,0.102323444,0.072082822,0.25924586,0,-3.044,-0.894,121.226
01:24.3,20,1.07,15.37197239,75.12726839,621.038,0.094961206,173.93154,8.638,16.342,0.49,0.01052002,-0.007319857,0.003838844,-0.5590289,0.2056667,-9.889938,0.124331694,0.103302172,0.071068176,0.24827698,0,-3.042,-0.892,121.228
01:24.4,20,1.07,15.37197238,75.12726838,621.036,0.087609112,172.34768,8.636,16.334,0.49,0.009184742,-0.009142724,0.004082357,-0.4885295,0.16962895,-9.779925,0.1384603,0.1042809,0.07005353,0.2373081,0,-3.04,-0.89,121.23
01:24.4,20,1.07,15.37197237,75.12726837,621.034,0.080257018,170.76382,8.634,16.326,0.49,0.007849463,-0.01096559,0.004325869,-0.4180301,0.1335912,-9.669912,0.13619972,0.102964736,0.082260224,0.22541666,0,-3.042,-0.89,121.232
01:24.4,20,1.07,15.37197236,75.12726836,621.032,0.072904924,169.17996,8.632,16.318,0.49,0.006712825,-0.012173875,0.004430585,-0.50791585,0.19360685,-9.7010485,0.13393914,0.101648572,0.094466918,0.21352522,0,-3.044,-0.89,121.234
01:24.4,20,1.07,15.37197235,75.12726835,621.03,0.06555283,167.5961,8.63,16.31,0.49,0.005576186,-0.01338216,0.004535301,-0.5978016,0.2536225,-9.732185,0.13167856,0.100332408,0.106673612,0.20163378,0,-3.046,-0.89,121.236
01:24.4,20,1.07,15.37197234,75.12726834,621.028,0.058200736,166.01224,8.628,16.302,0.49,0.005798723,-0.012930825,0.003196708,-0.50910015,0.210578,-9.7968045,0.12941798,0.099016244,0.118880306,0.18974234,0,-3.048,-0.89,121.238
01:24.5,20,1.07,15.37197233,75.12726833,621.026,0.050848642,164.42838,8.626,16.294,0.49,0.006021259,-0.01247949,0.001858115,-0.4203987,0.1675335,-9.861424,0.1271574,0.09770008,0.131087,0.1778509,0,-3.05,-0.89,121.24
01:24.5,20,1.07,15.37197232,75.12726832,621.024,0.043496548,162.84452,8.624,16.286,0.49,0.006590892,-0.012458615,0.002821361,-0.4903949,0.17202975,-9.793704,0.08025046,0.104903584,0.12054648,0.2113633,0,-3.048,-0.89,121.244
01:24.5,20,1.07,15.37197231,75.12726831,621.022,0.036144454,161.26066,8.622,16.278,0.49,0.007160525,-0.01243774,0.003784606,-0.5603911,0.176526,-9.725984,0.03334352,0.112107088,0.11000596,0.2448757,0,-3.046,-0.89,121.248
01:24.5,20,1.07,15.3719723,75.1272683,621.02,0.02879236,159.6768,8.62,16.27,0.49,0.007802195,-0.003728585,0.004620014,-0.6022835,0.2132007,-9.609281,-0.01356342,0.119310592,0.09946544,0.2783881,0,-3.044,-0.89,121.252
01:24.5,20,1.07,15.3719723,75.12726827,621.015,0.031800399,172.7989,8.618,16.266,0.507,0.008443865,0.00498057,0.005455422,-0.6441759,0.2498754,-9.492578,-0.06047036,0.126514096,0.08892492,0.3119005,0,-3.042,-0.89,121.256
01:24.6,20,1.07,15.3719723,75.12726824,621.01,0.034808438,185.921,8.616,16.262,0.524,0.007152356,-0.004413955,0.003673132,-0.5937964,0.20327575,-9.588867,-0.1073773,0.1337176,0.0783844,0.3454129,0,-3.04,-0.89,121.26
01:24.6,20,1.07,15.3719723,75.12726821,621.005,0.037816477,199.0431,8.614,16.258,0.541,0.005860846,-0.01380848,0.001890842,-0.5434169,0.1566761,-9.685156,-0.085336696,0.12698742,0.075653266,0.3233998,0,-3.04,-0.89,121.26
01:24.6,20,1.07,15.3719723,75.12726818,621,0.040824516,212.1652,8.612,16.254,0.558,0.005934033,-0.01199414,0.000259154,-0.46326115,0.17421915,-9.800282,-0.063296092,0.12025724,0.072922132,0.3013867,0,-3.04,-0.89,121.26
01:24.6,20,1.07,15.3719723,75.12726815,620.995,0.043832555,225.2873,8.61,16.25,0.575,0.00600722,-0.0101798,-0.001372534,-0.3831054,0.1917622,-9.915408,-0.041255488,0.11352706,0.070190998,0.2793736,0,-3.04,-0.89,121.26
01:24.6,20,1.07,15.3719723,75.12726812,620.99,0.046840594,238.4094,8.608,16.246,0.592,0.0070898,-0.01112809,-0.001161111,-0.4453908,0.19681015,-9.803103,-0.019214884,0.10679688,0.067459864,0.2573605,0,-3.04,-0.89,121.26
01:24.7,20,1.07,15.3719723,75.12726809,620.985,0.049848633,251.5315,8.606,16.242,0.609,0.008172379,-0.01207638,-0.000949688,-0.5076762,0.2018581,-9.690798,0.00282572,0.1000667,0.06472873,0.2353474,0,-3.04,-0.89,121.26
01:24.7,20,1.07,15.3719723,75.12726806,620.98,0.052856672,264.6536,8.604,16.238,0.626,0.006564697,-0.01321512,0.000157886,-0.49057385,0.1596541,-9.7727695,0.030517776,0.09454822,0.064145856,0.21594468,0,-3.042,-0.89,121.258
01:24.7,20,1.07,15.3719723,75.12726803,620.975,0.055864711,277.7757,8.602,16.234,0.643,0.004957015,-0.01435386,0.001265461,-0.4734715,0.1174501,-9.854741,0.058209832,0.08902974,0.063562982,0.19654196,0,-3.044,-0.89,121.256
01:24.7,20,1.07,15.3719723,75.127268,620.97,0.05887275,290.8978,8.6,16.23,0.66,0.000545426,-0.00920873,0.000271408,-0.6204002,0.2197943,-9.7652495,0.085901888,0.08351126,0.062980108,0.17713924,0,-3.046,-0.89,121.254
01:24.7,19.9,1.07,15.3719723,75.12726797,620.964,0.054906412,292.674,8.597,16.224,0.649,-0.003866164,-0.004063599,-0.000722644,-0.7673289,0.3221385,-9.675758,0.113593944,0.07799278,0.062397234,0.15773652,0,-3.048,-0.89,121.252
01:24.8,19.8,1.07,15.3719723,75.12726794,620.958,0.050940074,294.4502,8.594,16.218,0.638,0.001704747,-0.008230305,-0.000379143,-0.6325248,0.23219255,-9.7281975,0.141286,0.0724743,0.06181436,0.1383338,0,-3.05,-0.89,121.25
01:24.8,19.7,1.07,15.3719723,75.12726791,620.952,0.046973736,296.2264,8.591,16.212,0.627,0.007275658,-0.01239701,-3.56E-05,-0.4977207,0.1422466,-9.780637,0.132243692,0.069091828,0.059915358,0.13380812,0,-3.05,-0.892,121.248
01:24.8,19.6,1.07,15.3719723,75.12726788,620.946,0.043007398,298.0026,8.588,16.206,0.616,0.006769022,-0.01237088,-0.000880321,-0.49802625,0.18455395,-9.745372,0.123201384,0.065709356,0.058016356,0.12928244,0,-3.05,-0.894,121.246
01:24.8,19.5,1.07,15.3719723,75.12726785,620.94,0.03904106,299.7788,8.585,16.2,0.605,0.006262386,-0.01234475,-0.001725,-0.4983318,0.2268613,-9.710107,0.114159076,0.062326884,0.056117354,0.12475676,0,-3.05,-0.896,121.244
01:24.8,19.4,1.07,15.3719723,75.12726782,620.934,0.035074722,301.555,8.582,16.194,0.594,0.006362175,-0.013112795,-0.001897567,-0.48925015,0.19157175,-9.763462,0.105116768,0.058944412,0.054218352,0.12023108,0,-3.05,-0.898,121.242
01:24.9,19.3,1.07,15.3719723,75.12726779,620.928,0.031108384,303.3312,8.579,16.188,0.583,0.006461964,-0.01388084,-0.002070133,-0.4801685,0.1562822,-9.816817,0.09607446,0.05556194,0.05231935,0.1157054,0,-3.05,-0.9,121.24
01:24.9,19.2,1.07,15.3719723,75.12726776,620.922,0.027142046,305.1074,8.576,16.182,0.572,0.007268089,-0.01270625,-0.001268095,-0.4565957,0.1621704,-9.8222005,0.067817266,0.054974572,0.049623682,0.110029786,0,-3.05,-0.9,121.24
01:24.9,19.1,1.07,15.3719723,75.12726773,620.916,0.023175708,306.8836,8.573,16.176,0.561,0.008074213,-0.01153166,-0.000466056,-0.4330229,0.1680586,-9.827584,0.039560072,0.054387204,0.046928014,0.104354172,0,-3.05,-0.9,121.24
01:24.9,19,1.07,15.3719723,75.1272677,620.91,0.01920937,308.6598,8.57,16.17,0.55,0.003419286,-0.007018561,-0.000402151,-0.59124985,0.1731229,-9.7898595,0.011302878,0.053799836,0.044232346,0.098678558,0,-3.05,-0.9,121.24
01:24.9,19.1,1.07,15.3719723,75.12726771,620.911,0.025422928,282.144386,8.569,16.166,0.535,-0.001235641,-0.002505463,-0.000338247,-0.7494768,0.1781872,-9.752135,-0.016954316,0.053212468,0.041536678,0.093002944,0,-3.05,-0.9,121.24
01:25.0,19.2,1.07,15.3719723,75.12726772,620.912,0.031636486,255.628972,8.568,16.162,0.52,0.001428427,-0.008667847,-0.000135768,-0.60230785,0.18780765,-9.782858,-0.04521151,0.0526251,0.03884101,0.08732733,0,-3.05,-0.9,121.24
01:25.0,19.3,1.07,15.3719723,75.12726773,620.913,0.037850044,229.113558,8.567,16.158,0.505,0.004092494,-0.01483023,6.67E-05,-0.4551389,0.1974281,-9.813581,-0.006781728,0.055967508,0.039664508,0.085493142,0,-3.05,-0.902,121.24
01:25.0,19.4,1.07,15.3719723,75.12726774,620.914,0.044063602,202.598144,8.566,16.154,0.49,0.005325266,-0.0140572,0.000854515,-0.52201955,0.1719519,-9.7753485,0.031648054,0.059309916,0.040488006,0.083658954,0,-3.05,-0.904,121.24
01:25.0,19.5,1.07,15.3719723,75.12726775,620.915,0.05027716,176.08273,8.565,16.15,0.475,0.006558037,-0.01328417,0.001642319,-0.5889002,0.1464757,-9.737116,0.070077836,0.062652324,0.041311504,0.081824766,0,-3.05,-0.906,121.24
01:25.0,19.6,1.07,15.3719723,75.12726776,620.916,0.056490718,149.567316,8.564,16.146,0.46,0.005433387,-0.01257441,0.003779605,-0.59305175,0.15864875,-9.7826885,0.108507618,0.065994732,0.042135002,0.079990578,0,-3.05,-0.908,121.24
01:25.1,19.7,1.07,15.3719723,75.12726777,620.917,0.062704276,123.051902,8.563,16.142,0.445,0.004308737,-0.01186465,0.00591689,-0.5972033,0.1708218,-9.828261,0.1469374,0.06933714,0.0429585,0.07815639,0,-3.05,-0.91,121.24
01:25.1,19.8,1.07,15.3719723,75.12726778,620.918,0.068917834,96.536488,8.562,16.138,0.43,0.005409407,-0.008106814,0.0059752,-0.49910555,0.18578145,-9.7676575,0.129417942,0.073028666,0.053964878,0.088635012,0,-3.05,-0.906,121.244
01:25.1,19.9,1.07,15.3719723,75.12726779,620.919,0.075131392,70.021074,8.561,16.134,0.415,0.006510076,-0.004348977,0.006033509,-0.4010078,0.2007411,-9.707054,0.111898484,0.076720192,0.064971256,0.099113634,0,-3.05,-0.902,121.248
01:25.1,20,1.07,15.3719723,75.1272678,620.92,0.08134495,43.50566,8.56,16.13,0.4,0.004481968,-0.002497155,0.002767255,-0.5623016,0.2169925,-9.688406,0.094379026,0.080411718,0.075977634,0.109592256,0,-3.05,-0.898,121.252
01:25.1,20,1.07,15.3719723,75.12726777,620.916,0.073720357,67.286084,8.558,16.125,0.427,0.00245386,-0.000645332,-0.000499,-0.7235954,0.2332439,-9.669758,0.076859568,0.084103244,0.086984012,0.120070878,0,-3.05,-0.894,121.256
01:25.2,20,1.07,15.3719723,75.12726774,620.912,0.066095764,91.066508,8.556,16.12,0.454,0.005643557,-0.005399326,0.000852421,-0.59697465,0.22463865,-9.760778,0.05934011,0.08779477,0.09799039,0.1305495,0,-3.05,-0.89,121.26
01:25.2,20,1.07,15.3719723,75.12726771,620.908,0.058471171,114.846932,8.554,16.115,0.481,0.008833254,-0.01015332,0.002203841,-0.4703539,0.2160334,-9.851798,0.083641308,0.0856554,0.088117602,0.13675086,0,-3.048,-0.888,121.266
01:25.2,20,1.07,15.3719723,75.12726768,620.904,0.050846578,138.627356,8.552,16.11,0.508,0.00923863,-0.008872305,0.005947717,-0.53936635,0.22433255,-9.8691375,0.107942506,0.08351603,0.078244814,0.14295222,0,-3.046,-0.886,121.272
01:25.2,20,1.07,15.3719723,75.12726765,620.9,0.043221985,162.40778,8.55,16.105,0.535,0.009644005,-0.00759129,0.009691592,-0.6083788,0.2326317,-9.886477,0.132243704,0.08137666,0.068372026,0.14915358,0,-3.044,-0.884,121.278
01:25.2,20,1.07,15.3719723,75.12726762,620.896,0.035597392,186.188204,8.548,16.1,0.562,0.010035383,-0.0088624,0.006619778,-0.54966975,0.25507495,-9.734652,0.156544902,0.07923729,0.058499238,0.15535494,0,-3.042,-0.882,121.284
01:25.3,20,1.07,15.3719723,75.12726759,620.892,0.027972799,209.968628,8.546,16.095,0.589,0.01042676,-0.01013351,0.003547963,-0.4909607,0.2775182,-9.582827,0.1808461,0.07709792,0.04862645,0.1615563,0,-3.04,-0.88,121.29
01:25.3,20,1.07,15.3719723,75.12726756,620.888,0.020348206,233.749052,8.544,16.09,0.616,0.009683291,-0.01212956,0.003308646,-0.49553055,0.169541015,-9.680592,0.142416304,0.089121076,0.06398238,0.20572246,0,-3.04,-0.882,121.29
01:25.3,20,1.07,15.3719723,75.12726753,620.884,0.012723613,257.529476,8.542,16.085,0.643,0.008939821,-0.01412561,0.003069328,-0.5001004,0.06156383,-9.778357,0.103986508,0.101144232,0.07933831,0.24988862,0,-3.04,-0.884,121.29
01:25.3,20,1.07,15.3719723,75.1272675,620.88,0.00509902,281.3099,8.54,16.08,0.67,0.000421741,-0.011167466,3.58E-05,-0.564944,0.160429815,-9.8404325,0.065556712,0.113167388,0.09469424,0.29405478,0,-3.04,-0.886,121.29
01:25.3,20,1.07,15.37197229,75.12726748,620.877,0.013075578,269.03638,8.537,16.072,0.653,-0.00809634,-0.008209321,-0.002997806,-0.6297876,0.2592958,-9.902508,0.027126916,0.125190544,0.11005017,0.33822094,0,-3.04,-0.888,121.29
01:25.4,20,1.07,15.37197228,75.12726746,620.874,0.021052136,256.76286,8.534,16.064,0.636,0.000446566,-0.007281242,-0.00583538,-0.53165635,0.19852795,-10.116244,-0.01130288,0.1372137,0.1254061,0.3823871,0,-3.04,-0.89,121.29
01:25.4,20,1.07,15.37197227,75.12726744,620.871,0.029028694,244.48934,8.531,16.056,0.619,0.008989472,-0.006353163,-0.008672955,-0.4335251,0.1377601,-10.32998,-0.009042304,0.127458096,0.13127864,0.3679831,0,-3.044,-0.892,121.288
01:25.4,20,1.07,15.37197226,75.12726742,620.868,0.037005252,232.21582,8.528,16.048,0.602,0.005698283,-0.013804982,-0.00200766,-0.4799498,0.1421028,-9.9388885,-0.006781728,0.117702492,0.13715118,0.3535791,0,-3.048,-0.894,121.286
01:25.4,20,1.07,15.37197225,75.1272674,620.865,0.04498181,219.9423,8.525,16.04,0.585,0.002407094,-0.0212568,0.004657635,-0.5263745,0.1464455,-9.547797,-0.004521152,0.107946888,0.14302372,0.3391751,0,-3.052,-0.896,121.284
01:25.4,20,1.07,15.37197224,75.12726738,620.862,0.052958368,207.66878,8.522,16.032,0.568,0.004340733,-0.017335845,0.002591525,-0.4966559,0.1678501,-9.6233375,-0.002260576,0.098191284,0.14889626,0.3247711,0,-3.056,-0.898,121.282
01:25.5,20,1.07,15.37197223,75.12726736,620.859,0.060934926,195.39526,8.519,16.024,0.551,0.006274372,-0.01341489,0.000525415,-0.4669373,0.1892547,-9.698878,0,0.08843568,0.1547688,0.3103671,0,-3.06,-0.9,121.28
01:25.5,20,1.07,15.37197222,75.12726734,620.856,0.068911484,183.12174,8.516,16.016,0.534,0.006484801,-0.012712825,0.000780993,-0.50616525,0.22365845,-9.7791745,0.05086296,0.090685602,0.14573586,0.29266264,0,-3.06,-0.9,121.282
01:25.5,20,1.07,15.37197221,75.12726732,620.853,0.076888042,170.84822,8.513,16.008,0.517,0.00669523,-0.01201076,0.001036571,-0.5453932,0.2580622,-9.859471,0.10172592,0.092935524,0.13670292,0.27495818,0,-3.06,-0.9,121.284
01:25.5,20,1.07,15.3719722,75.1272673,620.85,0.0848646,158.5747,8.51,16,0.5,0.006903988,-0.011464255,0.001752722,-0.5494673,0.18673875,-9.8290715,0.15258888,0.095185446,0.12766998,0.25725372,0,-3.06,-0.9,121.286
01:25.5,20,1.07,15.37197219,75.12726729,620.8463636,0.086322445,154.1308182,8.507272727,15.99545455,0.505454545,0.007112745,-0.01091775,0.002468872,-0.5535414,0.1154153,-9.798672,0.20345184,0.097435368,0.11863704,0.23954926,0,-3.06,-0.9,121.288
01:25.6,20,1.07,15.37197218,75.12726728,620.8427273,0.087780291,149.6869364,8.504545455,15.99090909,0.510909091,0.007751786,-0.011097105,0.00193602,-0.5138985,0.18536075,-9.739114,0.2543148,0.09968529,0.1096041,0.2218448,0,-3.06,-0.9,121.29
01:25.6,20,1.07,15.37197217,75.12726727,620.8390909,0.089238136,145.2430545,8.501818182,15.98636364,0.516363636,0.008390827,-0.01127646,0.001403169,-0.4742556,0.2553062,-9.679556,0.205712416,0.095291482,0.103494102,0.2093373,0,-3.058,-0.9,121.29
01:25.6,20,1.07,15.37197216,75.12726726,620.8354545,0.090695982,140.7991727,8.499090909,15.98181818,0.521818182,0.00880686,-0.010059952,0.000421108,-0.51636095,0.19679685,-9.7444375,0.157110032,0.090897674,0.097384104,0.1968298,0,-3.056,-0.9,121.29
01:25.6,20,1.07,15.37197215,75.12726725,620.8318182,0.092153827,136.3552909,8.496363636,15.97727273,0.527272727,0.009222892,-0.008843443,-0.000560952,-0.5584663,0.1382875,-9.809319,0.108507648,0.086503866,0.091274106,0.1843223,0,-3.054,-0.9,121.29
01:25.6,20,1.07,15.37197215,75.12726725,620.8281818,0.093611673,131.9114091,8.493636364,15.97272727,0.532727273,0.007990383,-0.010455916,-0.000738568,-0.52728045,0.1869438,-9.846688,0.059905264,0.082110058,0.085164108,0.1718148,0,-3.052,-0.9,121.29
01:25.7,20,1.07,15.37197214,75.12726724,620.8245455,0.095069518,127.4675273,8.490909091,15.96818182,0.538181818,0.006757873,-0.01206839,-0.000916183,-0.4960946,0.2356001,-9.884057,0.01130288,0.07771625,0.07905411,0.1593073,0,-3.05,-0.9,121.29
01:25.7,20,1.07,15.37197213,75.12726723,620.8209091,0.096527364,123.0236455,8.488181818,15.96363636,0.543636364,0.001681127,-0.007629936,0.000196953,-0.57874605,0.2210761,-9.843443,0.016954318,0.073498766,0.075338564,0.1517549,0,-3.052,-0.902,121.29
01:25.7,20,1.07,15.37197212,75.12726722,620.8172727,0.097985209,118.5797636,8.485454545,15.95909091,0.549090909,-0.003395619,-0.003191482,0.00131009,-0.6613975,0.2065521,-9.802829,0.022605756,0.069281282,0.071623018,0.1442025,0,-3.054,-0.904,121.29
01:25.7,20,1.07,15.37197211,75.12726721,620.8136364,0.099443055,114.1358818,8.482727273,15.95454545,0.554545455,0.00257487,-0.008061376,0.001358914,-0.5970518,0.22677425,-9.7434405,0.028257194,0.065063798,0.067907472,0.1366501,0,-3.056,-0.906,121.29
01:25.7,20,1.07,15.3719721,75.1272672,620.81,0.1009009,109.692,8.48,15.95,0.56,0.008545359,-0.01293127,0.001407737,-0.5327061,0.2469964,-9.684052,0.033908632,0.060846314,0.064191926,0.1290977,0,-3.058,-0.908,121.29
01:25.8,19.77777778,1.07,15.37197209,75.12726713,620.7977778,0.093135926,105.1959711,8.476666667,15.94222222,0.568888889,0.007677252,-0.01161454,0.001165729,-0.49323015,0.1532425,-9.708459,0.03956007,0.05662883,0.06047638,0.1215453,0,-3.06,-0.91,121.29
01:25.8,19.55555556,1.07,15.37197208,75.12726707,620.7855556,0.085370951,100.6999422,8.473333333,15.93444444,0.577777778,0.006809144,-0.01029781,0.000923721,-0.4537542,0.0594886,-9.732866,0.02938748,0.054517722,0.061484478,0.12091106,0,-3.062,-0.912,121.29
01:25.8,19.33333333,1.07,15.37197207,75.127267,620.7733333,0.077605977,96.20391333,8.47,15.92666667,0.586666667,0.006314542,-0.0121326,0.000441224,-0.49691715,0.1619449,-9.6905735,0.01921489,0.052406614,0.062492576,0.12027682,0,-3.064,-0.914,121.29
01:25.8,19.11111111,1.07,15.37197206,75.12726693,620.7611111,0.069841002,91.70788444,8.466666667,15.91888889,0.595555556,0.005819939,-0.01396739,-4.13E-05,-0.5400801,0.2644012,-9.648281,0.0090423,0.050295506,0.063500674,0.11964258,0,-3.066,-0.916,121.29
01:25.8,18.88888889,1.07,15.37197204,75.12726687,620.7488889,0.062076028,87.21185556,8.463333333,15.91111111,0.604444444,9.66E-05,-0.009521691,0.00130634,-0.63014125,0.2122811,-9.752036,-0.00113029,0.048184398,0.064508772,0.11900834,0,-3.068,-0.918,121.29
01:25.9,18.66666667,1.07,15.37197203,75.1272668,620.7366667,0.054311053,82.71582667,8.46,15.90333333,0.613333333,-0.005626708,-0.005075992,0.002653953,-0.7202024,0.160161,-9.855791,-0.01130288,0.04607329,0.06551687,0.1183741,0,-3.07,-0.92,121.29
01:25.9,18.44444444,1.07,15.37197202,75.12726673,620.7244444,0.046546079,78.21979778,8.456666667,15.89555556,0.622222222,-0.002612808,-0.004182561,0.00134019,-0.6938664,0.2621721,-9.8239945,-0.014693742,0.044058264,0.064832088,0.113340446,0,-3.07,-0.92,121.29
01:25.9,18.22222222,1.07,15.37197201,75.12726667,620.7122222,0.038781104,73.72376889,8.453333333,15.88777778,0.631111111,0.000401092,-0.003289131,2.64E-05,-0.6675304,0.3641832,-9.792198,-0.018084604,0.042043238,0.064147306,0.108306792,0,-3.07,-0.92,121.29
01:25.9,18,1.07,15.371972,75.1272666,620.7,0.03101613,69.22774,8.45,15.88,0.64,0.003505558,-0.008340206,2.09E-05,-0.58392515,0.2432512,-9.747147,-0.021475466,0.040028212,0.063462524,0.103273138,0,-3.07,-0.92,121.29
01:25.9,18,1.07,15.37197201,75.1272666,620.699,0.034599576,67.840871,8.448,15.874,0.618,0.006610023,-0.01339128,1.53E-05,-0.5003199,0.1223192,-9.702096,-0.024866328,0.038013186,0.062777742,0.098239484,0,-3.07,-0.92,121.29
01:26.0,18,1.07,15.37197202,75.1272666,620.698,0.038183022,66.454002,8.446,15.868,0.596,0.006569282,-0.012651815,7.79E-05,-0.4943237,0.1706439,-9.739786,-0.02825719,0.03599816,0.06209296,0.09320583,0,-3.07,-0.92,121.29
01:26.0,18,1.07,15.37197203,75.1272666,620.697,0.041766468,65.067133,8.444,15.862,0.574,0.006528541,-0.01191235,0.000140457,-0.4883275,0.2189686,-9.777476,0.001130288,0.035406212,0.061107108,0.088624064,0,-3.068,-0.918,121.29
01:26.0,18,1.07,15.37197204,75.1272666,620.696,0.045349914,63.680264,8.442,15.856,0.552,0.007942521,-0.011114915,0.000477391,-0.527914,0.1890668,-9.7980945,0.030517766,0.034814264,0.060121256,0.084042298,0,-3.066,-0.916,121.29
01:26.0,18,1.07,15.37197205,75.1272666,620.695,0.04893336,62.293395,8.44,15.85,0.53,0.009356502,-0.01031748,0.000814325,-0.5675005,0.159165,-9.818713,0.059905244,0.034222316,0.059135404,0.079460532,0,-3.064,-0.914,121.29
01:26.0,18,1.07,15.37197206,75.1272666,620.694,0.052516806,60.906526,8.438,15.844,0.508,0.007441257,-0.009355176,0.000681071,-0.54056585,0.15141085,-9.815835,0.089292722,0.033630368,0.058149552,0.074878766,0,-3.062,-0.912,121.29
01:26.1,18,1.07,15.37197207,75.1272666,620.693,0.056100252,59.519657,8.436,15.838,0.486,0.005526012,-0.008392871,0.000547817,-0.5136312,0.1436567,-9.812957,0.1186802,0.03303842,0.0571637,0.070297,0,-3.06,-0.91,121.29
01:26.1,18,1.07,15.37197208,75.1272666,620.692,0.059683698,58.132788,8.434,15.832,0.464,0.005463769,-0.010836071,0.001822457,-0.5254342,0.1771617,-9.7892815,0.1186802,0.03303842,0.0571637,0.070297,0,-3.06,-0.91,121.29
01:26.1,18,1.07,15.37197209,75.1272666,620.691,0.063267144,56.745919,8.432,15.826,0.442,0.005401526,-0.01327927,0.003097097,-0.5372372,0.2106667,-9.765606,0.1186802,0.03303842,0.0571637,0.070297,0,-3.06,-0.91,121.29
01:26.1,18,1.07,15.3719721,75.1272666,620.69,0.06685059,55.35905,8.43,15.82,0.42,0.006576655,-0.013491455,0.00234918,-0.50638595,0.18028395,-9.7483835,0.1186802,0.03303842,0.0571637,0.070297,0,-3.06,-0.91,121.29
01:26.1,18,1.07,15.3719721,75.1272666,620.69,0.06685059,55.35905,8.43,15.82,0.42,0.007751783,-0.01370364,0.001601263,-0.4755347,0.1499012,-9.731161,0.1186802,0.03303842,0.0571637,0.070297,0,-3.06,-0.91,121.29
