Time_s,GPS_NSats,GPS_HDop,GPS_Lat,GPS_Lng,GPS_Alt,GPS_Spd,GPS_GCrs,GPA_HAcc,GPA_VAcc,GPA_SAcc,IMU_GyrX,IMU_GyrY,IMU_GyrZ,IMU_AccX,IMU_AccY,IMU_AccZ,BARO_Alt,VIBE_VibeX,VIBE_VibeY,VIBE_VibeZ,VIBE_Clip,ATT_Roll,ATT_Pitch,ATT_Yaw
00:22.0,0,100,0,0,0,0,0,0,0,0,0.005745433,-0.01280342,0.001855117,-0.1817927,0.002747034,-9.800992,0.1125292,0.009294828,0.008856597,0.01131265,0,0.23,-1.81,274.57
00:22.0,0,100,0,0,0,0,0,0,0,0,0.005503037,-0.011654485,0.001867525,-0.18349505,0.003190194,-9.8036975,0.109715966,0.009222452,0.009014446,0.01181463,0,0.23,-1.812,274.572
00:22.1,0,100,0,0,0,0,0,0,0,0,0.005260641,-0.01050555,0.001879932,-0.1851974,0.003633353,-9.806403,0.106902732,0.009150077,0.009172295,0.01231661,0,0.23,-1.814,274.574
00:22.1,0,100,0,0,0,0,0,0,0,0,0.005707882,-0.009932943,0.001550651,-0.1842643,0.002839121,-9.8087755,0.104089498,0.009077701,0.009330144,0.01281859,0,0.23,-1.816,274.576
00:22.1,0,100,0,0,0,0,0,0,0,0,0.006155123,-0.009360335,0.001221371,-0.1833312,0.002044889,-9.811148,0.101276264,0.009005326,0.009487993,0.01332057,0,0.23,-1.818,274.578
00:22.1,0,100,0,0,0,0,0,0,0,0,0.005119796,-0.008309285,0.001119382,-0.184546,0.001855508,-9.8119585,0.09846303,0.00893295,0.009645842,0.01382255,0,0.23,-1.82,274.58
00:22.1,0,100,0,0,0,0,0,0,0,0,0.004084468,-0.007258235,0.001017393,-0.1857608,0.001666128,-9.812769,0.108028004,0.008969567,0.00965079,0.013816332,0,0.232,-1.822,274.58
00:22.2,0,100,0,0,0,0,0,0,0,0,0.005008447,-0.009096223,0.002010468,-0.1838858,0.003958025,-9.8138375,0.117592978,0.009006183,0.009655738,0.013810114,0,0.234,-1.824,274.58
00:22.2,0,100,0,0,0,0,0,0,0,0,0.005932426,-0.01093421,0.003003543,-0.1820108,0.006249921,-9.814906,0.127157952,0.0090428,0.009660685,0.013803896,0,0.236,-1.826,274.58
00:22.2,0,100,0,0,0,0,0,0,0,0,0.006367579,-0.01136373,0.002517689,-0.1823076,0.0047996,-9.8154095,0.136722926,0.009079416,0.009665633,0.013797678,0,0.238,-1.828,274.58
00:22.2,0,100,0,0,0,0,0,0,0,0,0.006802732,-0.01179325,0.002031834,-0.1826044,0.003349279,-9.815913,0.1462879,0.009116033,0.009670581,0.01379146,0,0.24,-1.83,274.58
00:22.2,0,100,0,0,0,0,0,0,0,0,0.006655491,-0.01138159,0.002110022,-0.18315215,0.003767163,-9.8147055,0.127157946,0.009206596,0.009711938,0.01331016,0,0.24,-1.83,274.582
00:22.3,0,100,0,0,0,0,0,0,0,0,0.006508251,-0.01096993,0.00218821,-0.1836999,0.004185046,-9.813498,0.108027992,0.009297159,0.009753296,0.01282886,0,0.24,-1.83,274.584
00:22.3,0,100,0,0,0,0,0,0,0,0,0.001977308,-0.006161847,0.002521408,-0.18082215,0.026816288,-9.8084735,0.088898038,0.009387721,0.009794653,0.01234756,0,0.24,-1.83,274.586
00:22.3,0,100,0,0,0,0,0,0,0,0,-0.002553636,-0.001353763,0.002854605,-0.1779444,0.04944753,-9.803449,0.069768084,0.009478284,0.009836011,0.01186626,0,0.24,-1.83,274.588
00:22.3,0,100,0,0,0,0,0,0,0,0,0.001922652,-0.006007592,0.002231572,-0.1796476,0.028037164,-9.8096135,0.05063813,0.009568847,0.009877368,0.01138496,0,0.24,-1.83,274.59
00:22.3,0,100,0,0,0,0,0,0,0,0,0.006398939,-0.01066142,0.001608539,-0.1813508,0.006626798,-9.815778,0.070330744,0.009413539,0.009696008,0.011030253,0,0.24,-1.832,274.592
00:22.4,0,100,0,0,0,0,0,0,0,0,0.006626273,-0.00969631,0.001547539,-0.1823775,0.004387798,-9.817343,0.090023358,0.009258231,0.009514649,0.010675546,0,0.24,-1.834,274.594
00:22.4,0,100,0,0,0,0,0,0,0,0,0.006853607,-0.0087312,0.001486539,-0.1834042,0.002148798,-9.818908,0.109715972,0.009102923,0.009333289,0.010320838,0,0.24,-1.836,274.596
00:22.4,0,100,0,0,0,0,0,0,0,0,0.006032418,-0.009333656,0.001365672,-0.1846712,0.001234199,-9.8190465,0.129408586,0.008947615,0.00915193,0.009966131,0,0.24,-1.838,274.598
00:22.4,0,100,0,0,0,0,0,0,0,0,0.005211228,-0.009936112,0.001244805,-0.1859382,0.0003196,-9.819185,0.1491012,0.008792307,0.00897057,0.009611424,0,0.24,-1.84,274.6
00:22.4,0,100,0,0,0,0,0,0,0,0,0.001600007,-0.00636273,0.001659424,-0.1800211,0.02227754,-9.802626,0.13953622,0.008700964,0.008913628,0.009422807,0,0.24,-1.84,274.6
00:22.5,0,100,0,0,0,0,0,0,0,0,-0.002011215,-0.002789348,0.002074043,-0.174104,0.04423548,-9.786067,0.12997124,0.008609621,0.008856685,0.00923419,0,0.24,-1.84,274.6
00:22.5,0,100,0,0,0,0,0,0,0,0,0.001960682,-0.006644044,0.001586727,-0.17938105,0.024468962,-9.8055665,0.12040626,0.008518277,0.008799743,0.009045573,0,0.24,-1.84,274.6
00:22.5,0,100,0,0,0,0,0,0,0,0,0.005932578,-0.01049874,0.001099411,-0.1846581,0.004702443,-9.825066,0.11084128,0.008426934,0.0087428,0.008856956,0,0.24,-1.84,274.6
00:22.5,0,100,0,0,0,0,0,0,0,0,0.005871513,-0.008626271,0.000848472,-0.18380815,0.005158227,-9.8254585,0.1012763,0.008335591,0.008685858,0.008668339,0,0.24,-1.84,274.6
00:22.5,0,100,0,0,0,0,0,0,0,0,0.005810448,-0.006753802,0.000597533,-0.1829582,0.005614012,-9.825851,0.10915334,0.017373199,0.019156778,0.020957031,0,0.24,-1.84,274.602
00:22.6,0,100,0,0,0,0,0,0,0,0,0.005565515,-0.008263046,0.000984605,-0.18350745,0.00548368,-9.826193,0.11703038,0.026410807,0.029627699,0.033245723,0,0.24,-1.84,274.604
00:22.6,0,100,0,0,0,0,0,0,0,0,0.005320581,-0.00977229,0.001371676,-0.1840567,0.005353347,-9.826535,0.12490742,0.035448414,0.040098619,0.045534416,0,0.24,-1.84,274.606
00:22.6,0,100,0,0,0,0,0,0,0,0,0.005290318,-0.008090081,0.001473616,-0.18417295,0.004017893,-9.825883,0.13278446,0.044486022,0.05056954,0.057823108,0,0.24,-1.84,274.608
00:22.6,0,100,0,0,0,0,0,0,0,0,0.005260054,-0.006407873,0.001575556,-0.1842892,0.002682439,-9.825231,0.1406615,0.05352363,0.06104046,0.0701118,0,0.24,-1.84,274.61
00:22.6,0,100,0,0,0,0,0,0,0,0,0.001968335,-0.004468376,0.00139987,-0.18067235,0.01311915,-9.806713,0.13841092,0.044459941,0.050577509,0.058495504,0,0.24,-1.84,274.61
00:22.7,0,100,0,0,0,0,0,0,0,0,-0.001323385,-0.002528879,0.001224184,-0.1770555,0.02355586,-9.788195,0.13616034,0.035396253,0.040114558,0.046879208,0,0.24,-1.84,274.61
00:22.7,0,100,0,0,0,0,0,0,0,0,0.001861102,-0.006537235,0.00135021,-0.1813695,0.01388673,-9.8131195,0.13390976,0.026332564,0.029651608,0.035262912,0,0.24,-1.84,274.61
00:22.7,0,100,0,0,0,0,0,0,0,0,0.005045589,-0.01054559,0.001476237,-0.1856835,0.004217599,-9.838044,0.13165918,0.017268876,0.019188657,0.023646616,0,0.24,-1.84,274.61
00:22.7,0,100,0,0,0,0,0,0,0,0,0.005009464,-0.01030959,0.001724607,-0.1842315,0.004357576,-9.8358525,0.1294086,0.008205187,0.008725706,0.01203032,0,0.24,-1.84,274.61
00:22.7,0,100,0,0,0,0,0,0,0,0,0.004973338,-0.01007359,0.001972976,-0.1827795,0.004497552,-9.833661,0.154165,0.008518411,0.008960496,0.012239386,0,0.24,-1.84,274.612
00:22.8,0,100,0,0,0,0,0,0,0,0,0.005632381,-0.01046222,0.00187135,-0.18138975,0.006300256,-9.832241,0.1789214,0.008831634,0.009195286,0.012448452,0,0.24,-1.84,274.614
00:22.8,0,100,0,0,0,0,0,0,0,0,0.006291423,-0.01085085,0.001769724,-0.18,0.008102959,-9.830821,0.2036778,0.009144858,0.009430077,0.012657518,0,0.24,-1.84,274.616
00:22.8,0,100,0,0,0,0,0,0,0,0,0.005957959,-0.009235092,0.001865481,-0.18248405,0.007840053,-9.834522,0.2284342,0.009458081,0.009664867,0.012866584,0,0.24,-1.84,274.618
00:22.8,0,100,0,0,0,0,0,0,0,0,0.005624494,-0.007619333,0.001961238,-0.1849681,0.007577147,-9.838223,0.2531906,0.009771305,0.009899657,0.01307565,0,0.24,-1.84,274.62
00:22.8,0,100,0,0,0,0,0,0,0,0,0.005907137,-0.007317336,0.001828101,-0.18212315,0.007151051,-9.837203,0.23574858,0.009526898,0.010045662,0.013053606,0,0.24,-1.84,274.622
00:22.9,0,100,0,0,0,0,0,0,0,0,0.006189779,-0.007015338,0.001694964,-0.1792782,0.006724954,-9.836183,0.21830656,0.009282492,0.010191666,0.013031562,0,0.24,-1.84,274.624
00:22.9,0,100,0,0,0,0,0,0,0,0,0.006252357,-0.008735539,0.00141784,-0.18138625,0.005156955,-9.8384215,0.20086454,0.009038085,0.010337671,0.013009518,0,0.24,-1.84,274.626
00:22.9,0,100,0,0,0,0,0,0,0,0,0.006314934,-0.01045574,0.001140715,-0.1834943,0.003588955,-9.84066,0.18342252,0.008793679,0.010483675,0.012987474,0,0.24,-1.84,274.628
00:22.9,0,100,0,0,0,0,0,0,0,0,0.005732004,-0.009010693,0.000849659,-0.1826885,0.004618488,-9.841603,0.1659805,0.008549272,0.01062968,0.01296543,0,0.24,-1.84,274.63
00:22.9,0,100,0,0,0,0,0,0,0,0,0.005149074,-0.007565646,0.000558602,-0.1818827,0.00564802,-9.842546,0.16991902,0.008582732,0.010460191,0.013359752,0,0.24,-1.84,274.63
00:23.0,0,100,0,0,0,0,0,0,0,0,0.001896787,-0.004171257,0.00197976,-0.18017405,0.02192055,-9.8158355,0.17385754,0.008616192,0.010290703,0.013754074,0,0.24,-1.84,274.63
00:23.0,0,100,0,0,0,0,0,0,0,0,-0.0013555,-0.000776869,0.003400917,-0.1784654,0.03819308,-9.789125,0.17779606,0.008649653,0.010121214,0.014148396,0,0.24,-1.84,274.63
00:23.0,0,100,0,0,0,0,0,0,0,0,0.001745496,-0.005535144,0.001997206,-0.1824159,0.022164947,-9.8190325,0.18173458,0.008683113,0.009951726,0.014542718,0,0.24,-1.84,274.63
00:23.0,0,100,0,0,0,0,0,0,0,0,0.004846492,-0.01029342,0.000593494,-0.1863664,0.006136814,-9.84894,0.1856731,0.008716573,0.009782237,0.01493704,0,0.24,-1.84,274.63
00:23.0,0,100,0,0,0,0,0,0,0,0,0.005382194,-0.00986633,0.00106263,-0.18297525,0.007029925,-9.8466435,0.1721696,0.008767834,0.009624433,0.015341566,0,0.242,-1.84,274.63
00:23.1,0,100,0,0,0,0,0,0,0,0,0.005917895,-0.00943924,0.001531765,-0.1795841,0.007923036,-9.844347,0.1586661,0.008819095,0.009466629,0.015746092,0,0.244,-1.84,274.63
00:23.1,0,100,0,0,0,0,0,0,0,0,0.006837764,-0.00938025,0.001932034,-0.1814973,0.008060437,-9.842654,0.1451626,0.008870357,0.009308826,0.016150618,0,0.246,-1.84,274.63
00:23.1,0,100,0,0,0,0,0,0,0,0,0.007757633,-0.00932126,0.002332302,-0.1834105,0.008197837,-9.840961,0.1316591,0.008921618,0.009151022,0.016555144,0,0.248,-1.84,274.63
00:23.1,0,100,0,0,0,0,0,0,0,0,0.00600481,-0.00897113,0.001920151,-0.1830681,0.008407406,-9.848624,0.1181556,0.008972879,0.008993218,0.01695967,0,0.25,-1.84,274.63
00:23.1,0,100,0,0,0,0,0,0,0,0,0.004251987,-0.008620999,0.001508,-0.1827257,0.008616976,-9.856287,0.1597914,0.017784187,0.019237258,0.027679456,0,0.25,-1.84,274.632
00:23.2,0,100,0,0,0,0,0,0,0,0,0.005319812,-0.009516285,0.001902703,-0.18318675,0.008683401,-9.850238,0.2014272,0.026595495,0.029481299,0.038399242,0,0.25,-1.84,274.634
00:23.2,0,100,0,0,0,0,0,0,0,0,0.006387637,-0.01041157,0.002297405,-0.1836478,0.008749825,-9.844189,0.243063,0.035406804,0.039725339,0.049119028,0,0.25,-1.84,274.636
00:23.2,0,100,0,0,0,0,0,0,0,0,0.006480325,-0.011666205,0.001552207,-0.183117,0.00861759,-9.842989,0.2846988,0.044218112,0.04996938,0.059838814,0,0.25,-1.84,274.638
00:23.2,0,100,0,0,0,0,0,0,0,0,0.006573013,-0.01292084,0.000807009,-0.1825862,0.008485355,-9.841789,0.3263346,0.05302942,0.06021342,0.0705586,0,0.25,-1.84,274.64
00:23.2,0,100,0,0,0,0,0,0,0,0,0.006535434,-0.01156047,0.001037434,-0.1817878,0.007137894,-9.845496,0.30270348,0.054266286,0.060997142,0.071209038,0,0.25,-1.84,274.64
00:23.3,0,100,0,0,0,0,0,0,0,0,0.006497856,-0.0102001,0.001267858,-0.1809894,0.005790433,-9.849203,0.27907236,0.055503152,0.061780864,0.071859476,0,0.25,-1.84,274.64
00:23.3,0,100,0,0,0,0,0,0,0,0,0.001125112,-0.006815686,0.00128442,-0.1833177,0.020680136,-9.819356,0.25544124,0.056740018,0.062564586,0.072509914,0,0.25,-1.84,274.64
00:23.3,0,100,0,0,0,0,0,0,0,0,-0.004247632,-0.003431272,0.001300983,-0.185646,0.03556984,-9.789509,0.23181012,0.057976884,0.063348308,0.073160352,0,0.25,-1.84,274.64
00:23.3,0,100,0,0,0,0,0,0,0,0,-0.002091405,-0.002000543,0.000213489,-0.1837377,0.03483013,-9.78248,0.208179,0.05921375,0.06413203,0.07381079,0,0.25,-1.84,274.64
00:23.3,0,100,0,0,0,0,0,0,0,0,6.48E-05,-0.000569814,-0.000874004,-0.1818294,0.03409042,-9.775451,0.20649106,0.049165452,0.053081235,0.061753734,0,0.25,-1.84,274.642
00:23.4,0,100,0,0,0,0,0,0,0,0,0.0025109,-0.0042893,0.000312008,-0.18132295,0.018774071,-9.815535,0.20480312,0.039117154,0.042030439,0.049696678,0,0.25,-1.84,274.644
00:23.4,0,100,0,0,0,0,0,0,0,0,0.004956979,-0.008008787,0.001498021,-0.1808165,0.003457721,-9.855619,0.20311518,0.029068857,0.030979644,0.037639622,0,0.25,-1.84,274.646
00:23.4,0,100,0,0,0,0,0,0,0,0,0.00550349,-0.009154704,0.001817166,-0.18146925,0.006161692,-9.851179,0.20142724,0.019020559,0.019928848,0.025582566,0,0.25,-1.84,274.648
00:23.4,0,100,0,0,0,0,0,0,0,0,0.00605,-0.01030062,0.002136311,-0.182122,0.008865662,-9.846739,0.1997393,0.008972261,0.008878053,0.01352551,0,0.25,-1.84,274.65
00:23.4,0,100,0,0,0,0,0,0,0,0,0.005963533,-0.008361649,0.00167629,-0.1820164,0.009293775,-9.8490615,0.18848638,0.008948173,0.008858903,0.01313731,0,0.25,-1.84,274.65
00:23.5,0,100,0,0,0,0,0,0,0,0,0.005877065,-0.006422678,0.001216269,-0.1819108,0.009721888,-9.851384,0.17723346,0.008924085,0.008839752,0.01274911,0,0.25,-1.84,274.65
00:23.5,0,100,0,0,0,0,0,0,0,0,0.00635937,-0.007873302,0.001068658,-0.1816013,0.008446443,-9.848942,0.16598054,0.008899996,0.008820602,0.01236091,0,0.25,-1.84,274.65
00:23.5,0,100,0,0,0,0,0,0,0,0,0.006841674,-0.009323925,0.000921047,-0.1812918,0.007170997,-9.8465,0.15472762,0.008875908,0.008801451,0.01197271,0,0.25,-1.84,274.65
00:23.5,0,100,0,0,0,0,0,0,0,0,0.004141327,-0.002934312,-1.69E-05,-0.1848874,0.021365899,-9.822517,0.1434747,0.00885182,0.008782301,0.01158451,0,0.25,-1.84,274.65
00:23.5,0,100,0,0,0,0,0,0,0,0,0.001440979,0.003455301,-0.000954789,-0.188483,0.0355608,-9.798534,0.16598054,0.009284262,0.008638859,0.01253543,0,0.25,-1.84,274.65
00:23.6,0,100,0,0,0,0,0,0,0,0,0.003431699,-0.002781308,-5.91E-05,-0.18543905,0.020940551,-9.827961,0.18848638,0.009716704,0.008495417,0.01348635,0,0.25,-1.84,274.65
00:23.6,0,100,0,0,0,0,0,0,0,0,0.005422419,-0.009017917,0.000836521,-0.1823951,0.006320302,-9.857388,0.21099222,0.010149146,0.008351976,0.01443727,0,0.25,-1.84,274.65
00:23.6,0,100,0,0,0,0,0,0,0,0,0.006334731,-0.009907949,0.001011527,-0.18273885,0.007374951,-9.8526295,0.23349806,0.010581588,0.008208534,0.01538819,0,0.25,-1.84,274.65
00:23.6,0,100,0,0,0,0,0,0,0,0,0.007247043,-0.01079798,0.001186533,-0.1830826,0.0084296,-9.847871,0.2560039,0.01101403,0.008065092,0.01633911,0,0.25,-1.84,274.65
00:23.6,0,100,0,0,0,0,0,0,0,0,0.006363948,-0.00938108,0.001401899,-0.1837613,0.00954358,-9.852323,0.24418834,0.010715288,0.007997326,0.015621892,0,0.25,-1.84,274.652
00:23.7,0,100,0,0,0,0,0,0,0,0,0.005480852,-0.007964179,0.001617264,-0.18444,0.01065756,-9.856775,0.23237278,0.010416546,0.007929561,0.014904674,0,0.25,-1.84,274.654
00:23.7,0,100,0,0,0,0,0,0,0,0,0.001715359,-0.004764314,0.002303957,-0.18173395,0.02226217,-9.8175465,0.22055722,0.010117803,0.007861795,0.014187456,0,0.25,-1.84,274.656
00:23.7,0,100,0,0,0,0,0,0,0,0,-0.002050134,-0.001564449,0.002990649,-0.1790279,0.03386678,-9.778318,0.20874166,0.009819061,0.00779403,0.013470238,0,0.25,-1.84,274.658
00:23.7,0,100,0,0,0,0,0,0,0,0,0.002067863,-0.005172907,0.002380564,-0.1798349,0.023738475,-9.8169225,0.1969261,0.009520319,0.007726264,0.01275302,0,0.25,-1.84,274.66
00:23.7,0,100,0,0,0,0,0,0,0,0,0.006185859,-0.008781365,0.001770479,-0.1806419,0.01361017,-9.855527,0.18060936,0.00936187,0.007770023,0.01246973,0,0.25,-1.84,274.662
00:23.8,0,100,0,0,0,0,0,0,0,0,0.006192178,-0.009774677,0.001312186,-0.1810636,0.01255,-9.8559285,0.16429262,0.009203421,0.007813782,0.01218644,0,0.25,-1.84,274.664
00:23.8,0,100,0,0,0,0,0,0,0,0,0.006198496,-0.01076799,0.000853893,-0.1814853,0.01148983,-9.85633,0.14797588,0.009044973,0.007857542,0.01190315,0,0.25,-1.84,274.666
00:23.8,0,100,0,0,0,0,0,0,0,0,0.005511663,-0.010353187,0.000952936,-0.18293355,0.010333378,-9.858803,0.13165914,0.008886524,0.007901301,0.01161986,0,0.25,-1.84,274.668
00:23.8,0,100,0,0,0,0,0,0,0,0,0.004824829,-0.009938383,0.00105198,-0.1843818,0.009176925,-9.861276,0.1153424,0.008728075,0.00794506,0.01133657,0,0.25,-1.84,274.67
00:23.8,0,100,0,0,0,0,0,0,0,0,0.005541034,-0.010486546,0.001535823,-0.1846079,0.008817893,-9.858884,0.11252918,0.008777408,0.008350651,0.011834088,0,0.25,-1.838,274.67
00:23.9,0,100,0,0,0,0,0,0,0,0,0.006257239,-0.01103471,0.002019665,-0.184834,0.008458861,-9.856492,0.10971596,0.008826741,0.008756243,0.012331606,0,0.25,-1.836,274.67
00:23.9,0,100,0,0,0,0,0,0,0,0,0.006748883,-0.01064057,0.001414948,-0.18527525,0.010928766,-9.858179,0.10690274,0.008876073,0.009161834,0.012829124,0,0.25,-1.834,274.67
00:23.9,0,100,0,0,0,0,0,0,0,0,0.007240526,-0.01024643,0.000810232,-0.1857165,0.01339867,-9.859866,0.10408952,0.008925406,0.009567426,0.013326642,0,0.25,-1.832,274.67
00:23.9,0,100,0,0,0,0,0,0,0,0,0.006800361,-0.01037482,0.000704192,-0.1840414,0.01194235,-9.8587065,0.1012763,0.008974739,0.009973017,0.01382416,0,0.25,-1.83,274.67
00:23.9,0,100,0,0,0,0,0,0,0,0,0.006360196,-0.01050321,0.000598152,-0.1823663,0.01048603,-9.857547,0.11928096,0.018241765,0.021558342,0.024881536,0,0.25,-1.83,274.672
00:24.0,0,100,0,0,0,0,0,0,0,0,0.006618475,-0.01037533,0.000674764,-0.18251075,0.009866075,-9.85944,0.13728562,0.027508791,0.033143666,0.035938912,0,0.25,-1.83,274.674
00:24.0,0,100,0,0,0,0,0,0,0,0,0.006876753,-0.01024745,0.000751376,-0.1826552,0.00924612,-9.861333,0.15529028,0.036775818,0.044728991,0.046996288,0,0.25,-1.83,274.676
00:24.0,0,100,0,0,0,0,0,0,0,0,0.004694959,-0.004275625,0.000294658,-0.18664,0.023044995,-9.8321205,0.17329494,0.046042844,0.056314315,0.058053664,0,0.25,-1.83,274.678
00:24.0,0,100,0,0,0,0,0,0,0,0,0.002513165,0.0016962,-0.00016206,-0.1906248,0.03684387,-9.802908,0.1912996,0.05530987,0.06789964,0.06911104,0,0.25,-1.83,274.68
00:24.0,0,100,0,0,0,0,0,0,0,0,0.00367036,-0.003677559,0.000735653,-0.18411825,0.023617925,-9.831608,0.18285992,0.046025032,0.056290116,0.057600096,0,0.248,-1.83,274.68
00:24.1,0,100,0,0,0,0,0,0,0,0,0.004827554,-0.009051318,0.001633366,-0.1776117,0.01039198,-9.860308,0.17442024,0.036740194,0.044680592,0.046089152,0,0.246,-1.83,274.68
00:24.1,0,100,0,0,0,0,0,0,0,0,0.00549518,-0.009438664,0.001503948,-0.1801485,0.010525385,-9.8607525,0.16598056,0.027455355,0.033071068,0.034578208,0,0.244,-1.83,274.68
00:24.1,0,100,0,0,0,0,0,0,0,0,0.006162805,-0.009826009,0.001374529,-0.1826853,0.01065879,-9.861197,0.15754088,0.018170517,0.021461544,0.023067264,0,0.242,-1.83,274.68
00:24.1,0,100,0,0,0,0,0,0,0,0,0.006105897,-0.00832177,0.001868988,-0.1804925,0.008827341,-9.860003,0.1491012,0.008885679,0.00985202,0.01155632,0,0.24,-1.83,274.68
00:24.1,0,100,0,0,0,0,0,0,0,0,0.006048988,-0.006817531,0.002363447,-0.1782997,0.006995892,-9.858809,0.130533878,0.008988999,0.009812218,0.01274093,0,0.24,-1.828,274.682
00:24.2,0,100,0,0,0,0,0,0,0,0,0.005618866,-0.00745748,0.001670107,-0.17979395,0.00802102,-9.861942,0.111966556,0.009092319,0.009772416,0.01392554,0,0.24,-1.826,274.684
00:24.2,0,100,0,0,0,0,0,0,0,0,0.005188743,-0.008097429,0.000976767,-0.1812882,0.009046148,-9.865075,0.093399234,0.00919564,0.009732613,0.01511015,0,0.24,-1.824,274.686
00:24.2,0,100,0,0,0,0,0,0,0,0,0.005851534,-0.010693985,0.000894004,-0.1817913,0.010896399,-9.8579575,0.074831912,0.00929896,0.009692811,0.01629476,0,0.24,-1.822,274.688
00:24.2,0,100,0,0,0,0,0,0,0,0,0.006514324,-0.01329054,0.000811242,-0.1822944,0.01274665,-9.85084,0.05626459,0.00940228,0.009653009,0.01747937,0,0.24,-1.82,274.69
00:24.2,0,100,0,0,0,0,0,0,0,0,0.005533838,-0.011022742,0.0006763,-0.184132,0.011181618,-9.859791,0.110278592,0.009776394,0.009720609,0.017465614,0,0.24,-1.818,274.69
00:24.3,0,100,0,0,0,0,0,0,0,0,0.004553352,-0.008754944,0.000541359,-0.1859696,0.009616585,-9.868742,0.164292594,0.010150508,0.009788209,0.017451858,0,0.24,-1.816,274.69
00:24.3,0,100,0,0,0,0,0,0,0,0,0.00530239,-0.008296635,0.001321305,-0.18241755,0.010995738,-9.864303,0.218306596,0.010524622,0.009855808,0.017438102,0,0.24,-1.814,274.69
00:24.3,0,100,0,0,0,0,0,0,0,0,0.006051428,-0.007838325,0.002101251,-0.1788655,0.01237489,-9.859864,0.272320598,0.010898736,0.009923408,0.017424346,0,0.24,-1.812,274.69
00:24.3,0,100,0,0,0,0,0,0,0,0,0.004629316,-0.004421494,0.000313656,-0.1777928,0.01971764,-9.819736,0.3263346,0.01127285,0.009991008,0.01741059,0,0.24,-1.81,274.69
00:24.3,0,100,0,0,0,0,0,0,0,0,0.003207203,-0.001004664,-0.001473939,-0.1767201,0.02706039,-9.779608,0.271757952,0.010968044,0.00988075,0.016976196,0,0.24,-1.81,274.692
00:24.4,0,100,0,0,0,0,0,0,0,0,0.004524965,-0.005602827,-0.000233986,-0.180654,0.01860099,-9.819206,0.217181304,0.010663238,0.009770492,0.016541802,0,0.24,-1.81,274.694
00:24.4,0,100,0,0,0,0,0,0,0,0,0.005842726,-0.01020099,0.001005968,-0.1845879,0.01014159,-9.858804,0.162604656,0.010358433,0.009660235,0.016107408,0,0.24,-1.81,274.696
00:24.4,0,100,0,0,0,0,0,0,0,0,0.006065268,-0.009638147,0.001202078,-0.1817193,0.010527625,-9.85657,0.108028008,0.010053627,0.009549977,0.015673014,0,0.24,-1.81,274.698
00:24.4,0,100,0,0,0,0,0,0,0,0,0.00628781,-0.009075303,0.001398187,-0.1788507,0.01091366,-9.854336,0.05345136,0.009748821,0.009439719,0.01523862,0,0.24,-1.81,274.7
00:24.4,0,100,0,0,0,0,0,0,0,0,0.005952141,-0.010608412,0.001173911,-0.17902715,0.011781835,-9.8534685,0.077645128,0.009717457,0.009762183,0.015328544,0,0.24,-1.808,274.7
00:24.5,0,100,0,0,0,0,0,0,0,0,0.005616472,-0.01214152,0.000949635,-0.1792036,0.01265001,-9.852601,0.101838896,0.009686093,0.010084647,0.015418468,0,0.24,-1.806,274.7
00:24.5,0,100,0,0,0,0,0,0,0,0,0.001730725,-0.007114631,-0.000292783,-0.17802245,0.01531856,-9.825331,0.126032664,0.009654728,0.010407112,0.015508392,0,0.24,-1.804,274.7
00:24.5,0,100,0,0,0,0,0,0,0,0,-0.002155022,-0.002087743,-0.001535201,-0.1768413,0.01798711,-9.798061,0.150226432,0.009623364,0.010729576,0.015598316,0,0.24,-1.802,274.7
00:24.5,0,100,0,0,0,0,0,0,0,0,0.001790358,-0.006666962,-9.47E-05,-0.178483,0.01700807,-9.822925,0.1744202,0.009592,0.01105204,0.01568824,0,0.24,-1.8,274.7
00:24.5,0,100,0,0,0,0,0,0,0,0,0.005735737,-0.01124618,0.001345775,-0.1801247,0.01602903,-9.847789,0.1963634,0.019216244,0.021814092,0.026781324,0,0.24,-1.8,274.702
00:24.6,0,100,0,0,0,0,0,0,0,0,0.005916392,-0.0105583,0.001646449,-0.1794243,0.013510815,-9.8536395,0.2183066,0.028840488,0.032576144,0.037874408,0,0.24,-1.8,274.704
00:24.6,0,100,0,0,0,0,0,0,0,0,0.006097046,-0.00987042,0.001947123,-0.1787239,0.0109926,-9.85949,0.2402498,0.038464732,0.043338196,0.048967492,0,0.24,-1.8,274.706
00:24.6,0,100,0,0,0,0,0,0,0,0,0.00655942,-0.009370671,0.001678514,-0.1800607,0.01080169,-9.857932,0.262193,0.048088976,0.054100248,0.060060576,0,0.24,-1.8,274.708
00:24.6,0,100,0,0,0,0,0,0,0,0,0.007021793,-0.008870921,0.001409904,-0.1813975,0.01061078,-9.856374,0.2841362,0.05771322,0.0648623,0.07115366,0,0.24,-1.8,274.71
00:24.6,0,100,0,0,0,0,0,0,0,0,0.007438872,-0.009146344,0.00195205,-0.1806092,0.01154196,-9.8530515,0.3027035,0.048162689,0.05415996,0.060054516,0,0.24,-1.8,274.71
00:24.7,0,100,0,0,0,0,0,0,0,0,0.007855951,-0.009421767,0.002494195,-0.1798209,0.01247314,-9.849729,0.3212708,0.038612159,0.04345762,0.048955372,0,0.24,-1.8,274.71
00:24.7,0,100,0,0,0,0,0,0,0,0,0.003966433,-0.002799494,0.003003945,-0.18375535,0.019639885,-9.830889,0.3398381,0.029061628,0.03275528,0.037856228,0,0.24,-1.8,274.71
00:24.7,0,100,0,0,0,0,0,0,0,0,7.69E-05,0.00382278,0.003513694,-0.1876898,0.02680663,-9.812049,0.3584054,0.019511098,0.02205294,0.026757084,0,0.24,-1.8,274.71
00:24.7,0,100,0,0,0,0,0,0,0,0,0.003448316,-0.002751934,0.002376823,-0.18410335,0.01977388,-9.8305395,0.3769727,0.009960567,0.0113506,0.01565794,0,0.24,-1.8,274.71
00:24.7,0,100,0,0,0,0,0,0,0,0,0.006819717,-0.009326648,0.001239952,-0.1805169,0.01274113,-9.84903,0.316769598,0.009924122,0.010871094,0.015143116,0,0.238,-1.798,274.712
00:24.8,0,100,0,0,0,0,0,0,0,0,0.006267483,-0.009262052,0.001438234,-0.18073525,0.012359915,-9.8503235,0.256566496,0.009887678,0.010391589,0.014628292,0,0.236,-1.796,274.714
00:24.8,0,100,0,0,0,0,0,0,0,0,0.005715249,-0.009197456,0.001636516,-0.1809536,0.0119787,-9.851617,0.196363394,0.009851233,0.009912083,0.014113468,0,0.234,-1.794,274.716
00:24.8,0,100,0,0,0,0,0,0,0,0,0.005334451,-0.008957686,0.001343098,-0.18263975,0.011143675,-9.851875,0.136160292,0.009814789,0.009432578,0.013598644,0,0.232,-1.792,274.718
00:24.8,0,100,0,0,0,0,0,0,0,0,0.004953652,-0.008717916,0.00104968,-0.1843259,0.01030865,-9.852133,0.07595719,0.009778344,0.008953072,0.01308382,0,0.23,-1.79,274.72
00:24.8,0,100,0,0,0,0,0,0,0,0,0.005890385,-0.009534208,0.001406992,-0.1838429,0.01213801,-9.849986,0.095087152,0.009478093,0.008645201,0.012618442,0,0.23,-1.79,274.72
00:24.9,0,100,0,0,0,0,0,0,0,0,0.006827118,-0.0103505,0.001764303,-0.1833599,0.01396737,-9.847839,0.114217114,0.009177841,0.00833733,0.012153064,0,0.23,-1.79,274.72
00:24.9,0,100,0,0,0,0,0,0,0,0,0.00646024,-0.01024996,0.001533695,-0.1830651,0.01380741,-9.8472105,0.133347076,0.00887759,0.008029459,0.011687686,0,0.23,-1.79,274.72
00:24.9,0,100,0,0,0,0,0,0,0,0,0.006093362,-0.01014942,0.001303086,-0.1827703,0.01364745,-9.846582,0.152477038,0.008577338,0.007721588,0.011222308,0,0.23,-1.79,274.72
00:24.9,0,100,0,0,0,0,0,0,0,0,0.006131067,-0.010214475,0.00139158,-0.1823986,0.01285287,-9.8484795,0.171607,0.008277087,0.007413717,0.01075693,0,0.23,-1.79,274.72
00:24.9,0,100,0,0,0,0,0,0,0,0,0.006168772,-0.01027953,0.001480074,-0.1820269,0.01205829,-9.850377,0.1851105,0.00828355,0.007864507,0.010883826,0,0.23,-1.788,274.722
00:25.0,0,100,0,0,0,0,0,0,0,0,0.006885924,-0.010031704,0.00169267,-0.18265685,0.010672813,-9.847584,0.198614,0.008290013,0.008315297,0.011010722,0,0.23,-1.786,274.724
00:25.0,0,100,0,0,0,0,0,0,0,0,0.007603076,-0.009783878,0.001905266,-0.1832868,0.009287336,-9.844791,0.2121175,0.008296476,0.008766086,0.011137618,0,0.23,-1.784,274.726
00:25.0,0,100,0,0,0,0,0,0,0,0,0.003784616,-0.006158406,0.001330752,-0.1812721,0.021209073,-9.818905,0.225621,0.008302939,0.009216876,0.011264514,0,0.23,-1.782,274.728
00:25.0,0,100,0,0,0,0,0,0,0,0,-3.38E-05,-0.002532934,0.000756238,-0.1792574,0.03313081,-9.793019,0.2391245,0.008309402,0.009667666,0.01139141,0,0.23,-1.78,274.73
00:25.0,0,100,0,0,0,0,0,0,0,0,0.002674413,-0.005113826,0.000788057,-0.18240225,0.02073034,-9.8205775,0.187923724,0.008362985,0.009765291,0.011471592,0,0.23,-1.78,274.73
00:25.1,0,100,0,0,0,0,0,0,0,0,0.005382669,-0.007694718,0.000819877,-0.1855471,0.00832987,-9.848136,0.136722948,0.008416568,0.009862916,0.011551774,0,0.23,-1.78,274.73
00:25.1,0,100,0,0,0,0,0,0,0,0,0.005709551,-0.008878774,0.001206045,-0.1847516,0.01103621,-9.8474345,0.085522172,0.00847015,0.00996054,0.011631956,0,0.23,-1.78,274.73
00:25.1,0,100,0,0,0,0,0,0,0,0,0.006036432,-0.01006283,0.001592214,-0.1839561,0.01374255,-9.846733,0.034321396,0.008523733,0.010058165,0.011712138,0,0.23,-1.78,274.73
00:25.1,0,100,0,0,0,0,0,0,0,0,0.005469181,-0.010569105,0.001945964,-0.18228935,0.013162955,-9.84454,-0.01687938,0.008577316,0.01015579,0.01179232,0,0.23,-1.78,274.73
00:25.1,0,100,0,0,0,0,0,0,0,0,0.004901929,-0.01107538,0.002299713,-0.1806226,0.01258336,-9.842347,0.006189102,0.018390973,0.021356794,0.023397966,0,0.23,-1.778,274.73
00:25.2,0,100,0,0,0,0,0,0,0,0,0.002336668,-0.006262782,0.001477794,-0.18603945,0.020693205,-9.822241,0.029257584,0.02820463,0.032557798,0.035003612,0,0.23,-1.776,274.73
00:25.2,0,100,0,0,0,0,0,0,0,0,-0.000228593,-0.001450185,0.000655876,-0.1914563,0.02880305,-9.802135,0.052326066,0.038018286,0.043758802,0.046609258,0,0.23,-1.774,274.73
00:25.2,0,100,0,0,0,0,0,0,0,0,0.003466416,-0.005555835,0.001300107,-0.18580355,0.019871825,-9.823192,0.075394548,0.047831943,0.054959806,0.058214904,0,0.23,-1.772,274.73
00:25.2,0,100,0,0,0,0,0,0,0,0,0.007161424,-0.009661485,0.001944338,-0.1801508,0.0109406,-9.844249,0.09846303,0.0576456,0.06616081,0.06982055,0,0.23,-1.77,274.73
00:25.2,0,100,0,0,0,0,0,0,0,0,0.005880385,-0.009192356,0.001818377,-0.1812784,0.01108252,-9.846972,0.111966524,0.047861568,0.054637736,0.05807932,0,0.23,-1.77,274.73
00:25.3,0,100,0,0,0,0,0,0,0,0,0.004599346,-0.008723228,0.001692416,-0.182406,0.01122444,-9.849695,0.125470018,0.038077535,0.043114663,0.04633809,0,0.23,-1.77,274.73
00:25.3,0,100,0,0,0,0,0,0,0,0,0.005292938,-0.009906049,0.001422077,-0.1828534,0.010523552,-9.8459165,0.138973512,0.028293503,0.031591589,0.03459686,0,0.23,-1.77,274.73
00:25.3,0,100,0,0,0,0,0,0,0,0,0.00598653,-0.01108887,0.001151738,-0.1833008,0.009822664,-9.842138,0.152477006,0.01850947,0.020068516,0.02285563,0,0.23,-1.77,274.73
00:25.3,0,100,0,0,0,0,0,0,0,0,0.003616956,-0.006538971,-0.000853492,-0.18515585,0.027230602,-9.8233575,0.1659805,0.008725438,0.008545442,0.0111144,0,0.23,-1.77,274.73
00:25.3,0,100,0,0,0,0,0,0,0,0,0.001247381,-0.001989072,-0.002858721,-0.1870109,0.04463854,-9.804577,0.15866612,0.008708826,0.008701444,0.011495198,0,0.228,-1.768,274.732
00:25.4,0,100,0,0,0,0,0,0,0,0,-0.000259407,0.000143538,-0.003364011,-0.1917302,0.04543603,-9.799057,0.15135174,0.008692214,0.008857446,0.011875996,0,0.226,-1.766,274.734
00:25.4,0,100,0,0,0,0,0,0,0,0,-0.001766196,0.002276147,-0.0038693,-0.1964495,0.04623352,-9.793537,0.14403736,0.008675601,0.009013448,0.012256794,0,0.224,-1.764,274.736
00:25.4,0,100,0,0,0,0,0,0,0,0,0.00205438,-0.003843279,-0.00163311,-0.1885233,0.030704395,-9.8181335,0.13672298,0.008658989,0.00916945,0.012637592,0,0.222,-1.762,274.738
00:25.4,0,100,0,0,0,0,0,0,0,0,0.005874955,-0.009962705,0.00060308,-0.1805971,0.01517527,-9.84273,0.1294086,0.008642377,0.009325452,0.01301839,0,0.22,-1.76,274.74
00:25.4,0,100,0,0,0,0,0,0,0,0,0.005988316,-0.010251913,0.001209342,-0.1818091,0.01446178,-9.8422715,0.116467736,0.008688617,0.009377562,0.01287031,0,0.22,-1.758,274.74
00:25.5,0,100,0,0,0,0,0,0,0,0,0.006101677,-0.01054112,0.001815605,-0.1830211,0.01374829,-9.841813,0.103526872,0.008734857,0.009429673,0.01272223,0,0.22,-1.756,274.74
00:25.5,0,100,0,0,0,0,0,0,0,0,0.005661297,-0.010126632,0.001532492,-0.18240595,0.012555165,-9.838283,0.090586008,0.008781096,0.009481783,0.01257415,0,0.22,-1.754,274.74
00:25.5,0,100,0,0,0,0,0,0,0,0,0.005220917,-0.009712144,0.001249379,-0.1817908,0.01136204,-9.834753,0.077645144,0.008827336,0.009533894,0.01242607,0,0.22,-1.752,274.74
00:25.5,0,100,0,0,0,0,0,0,0,0,0.005883243,-0.010110082,0.001348446,-0.1810086,0.01125464,-9.8352835,0.06470428,0.008873576,0.009586004,0.01227799,0,0.22,-1.75,274.74
00:25.5,0,100,0,0,0,0,0,0,0,0,0.006545568,-0.01050802,0.001447512,-0.1802264,0.01114724,-9.835814,0.110278584,0.009021723,0.009505715,0.012012208,0,0.22,-1.748,274.742
00:25.6,0,100,0,0,0,0,0,0,0,0,0.004143639,-0.004192596,0.001176834,-0.1854834,0.02239094,-9.8130785,0.155852888,0.00916987,0.009425426,0.011746426,0,0.22,-1.746,274.744
00:25.6,0,100,0,0,0,0,0,0,0,0,0.001741709,0.002122828,0.000906156,-0.1907404,0.03363464,-9.790343,0.201427192,0.009318016,0.009345136,0.011480644,0,0.22,-1.744,274.746
00:25.6,0,100,0,0,0,0,0,0,0,0,0.004532977,-0.003453772,0.001299519,-0.18498875,0.022575995,-9.810652,0.247001496,0.009466163,0.009264847,0.011214862,0,0.22,-1.742,274.748
00:25.6,0,100,0,0,0,0,0,0,0,0,0.007324245,-0.009030371,0.001692883,-0.1792371,0.01151735,-9.830961,0.2925758,0.00961431,0.009184558,0.01094908,0,0.22,-1.74,274.75
00:25.6,0,100,0,0,0,0,0,0,0,0,0.006407391,-0.009750796,0.001857722,-0.1825736,0.01252246,-9.835119,0.241375036,0.009547756,0.009435306,0.011395048,0,0.22,-1.74,274.75
00:25.7,0,100,0,0,0,0,0,0,0,0,0.005490536,-0.01047122,0.002022561,-0.1859101,0.01352757,-9.839277,0.190174272,0.009481201,0.009686055,0.011841016,0,0.22,-1.74,274.75
00:25.7,0,100,0,0,0,0,0,0,0,0,0.006266283,-0.010641875,0.001789299,-0.18328035,0.01336429,-9.837739,0.138973508,0.009414647,0.009936803,0.012286984,0,0.22,-1.74,274.75
00:25.7,0,100,0,0,0,0,0,0,0,0,0.00704203,-0.01081253,0.001556037,-0.1806506,0.01320101,-9.836201,0.087772744,0.009348092,0.010187552,0.012732952,0,0.22,-1.74,274.75
00:25.7,0,100,0,0,0,0,0,0,0,0,0.003369806,-0.007490024,-0.00064895,-0.18584215,0.02540916,-9.8128055,0.03657198,0.009281538,0.0104383,0.01317892,0,0.22,-1.74,274.75
00:25.7,0,100,0,0,0,0,0,0,0,0,-0.000302418,-0.004167518,-0.002853936,-0.1910337,0.03761731,-9.78941,0.038822564,0.009527602,0.010333041,0.013427472,0,0.22,-1.738,274.752
00:25.8,0,100,0,0,0,0,0,0,0,0,0.003614991,-0.006220091,-0.000437124,-0.186039,0.024825855,-9.806628,0.041073148,0.009773667,0.010227782,0.013676024,0,0.22,-1.736,274.754
00:25.8,0,100,0,0,0,0,0,0,0,0,0.007532399,-0.008272664,0.001979688,-0.1810443,0.0120344,-9.823846,0.043323732,0.010019731,0.010122524,0.013924576,0,0.22,-1.734,274.756
00:25.8,0,100,0,0,0,0,0,0,0,0,0.00640369,-0.008893436,0.001913201,-0.1826119,0.0114303,-9.8274215,0.045574316,0.010265796,0.010017265,0.014173128,0,0.22,-1.732,274.758
00:25.8,0,100,0,0,0,0,0,0,0,0,0.00527498,-0.009514207,0.001846714,-0.1841795,0.0108262,-9.830997,0.0478249,0.01051186,0.009912006,0.01442168,0,0.22,-1.73,274.76
00:25.8,0,100,0,0,0,0,0,0,0,0,0.006122149,-0.010431053,0.001776464,-0.18370225,0.010547435,-9.829506,0.07426926,0.019567012,0.021471917,0.026538348,0,0.218,-1.728,274.76
00:25.9,0,100,0,0,0,0,0,0,0,0,0.006969317,-0.0113479,0.001706214,-0.183225,0.01026867,-9.828015,0.10071362,0.028622164,0.033031828,0.038655016,0,0.216,-1.726,274.76
00:25.9,0,100,0,0,0,0,0,0,0,0,0.00601999,-0.009230799,0.00163076,-0.1835807,0.01178513,-9.8277565,0.12715798,0.037677316,0.044591738,0.050771684,0,0.214,-1.724,274.76
00:25.9,0,100,0,0,0,0,0,0,0,0,0.005070662,-0.007113698,0.001555306,-0.1839364,0.01330159,-9.827498,0.15360234,0.046732468,0.056151649,0.062888352,0,0.212,-1.722,274.76
00:25.9,0,100,0,0,0,0,0,0,0,0,0.005657406,-0.007828265,0.001381206,-0.1844339,0.011986715,-9.8296065,0.1800467,0.05578762,0.06771156,0.07500502,0,0.21,-1.72,274.76
00:25.9,0,100,0,0,0,0,0,0,0,0,0.006244149,-0.008542832,0.001207106,-0.1849314,0.01067184,-9.831715,0.17554552,0.046689304,0.056141588,0.062589278,0,0.21,-1.72,274.762
00:26.0,0,100,0,0,0,0,0,0,0,0,0.006061292,-0.010229641,0.000787326,-0.18390895,0.01188301,-9.826767,0.17104434,0.037590988,0.044571615,0.050173536,0,0.21,-1.72,274.764
00:26.0,0,100,0,0,0,0,0,0,0,0,0.005878434,-0.01191645,0.000367546,-0.1828865,0.01309418,-9.821819,0.16654316,0.028492672,0.033001643,0.037757794,0,0.21,-1.72,274.766
00:26.0,0,100,0,0,0,0,0,0,0,0,0.006655418,-0.01123523,0.000712154,-0.1835967,0.014185555,-9.824001,0.16204198,0.019394356,0.02143167,0.025342052,0,0.21,-1.72,274.768
00:26.0,0,100,0,0,0,0,0,0,0,0,0.007432403,-0.01055401,0.001056762,-0.1843069,0.01527693,-9.826183,0.1575408,0.01029604,0.009861698,0.01292631,0,0.21,-1.72,274.77
00:26.0,0,100,0,0,0,0,0,0,0,0,0.003306448,-0.006520227,0.00125848,-0.18185835,0.027390745,-9.8043335,0.17723342,0.010187729,0.009677009,0.01260782,0,0.21,-1.718,274.77
00:26.1,0,100,0,0,0,0,0,0,0,0,-0.000819506,-0.002486444,0.001460198,-0.1794098,0.03950456,-9.782484,0.19692604,0.010079418,0.009492319,0.01228933,0,0.21,-1.716,274.77
00:26.1,0,100,0,0,0,0,0,0,0,0,0.002348878,-0.006362007,0.002020507,-0.18121655,0.02591198,-9.803554,0.21661866,0.009971107,0.00930763,0.01197084,0,0.21,-1.714,274.77
00:26.1,0,100,0,0,0,0,0,0,0,0,0.005517262,-0.01023757,0.002580816,-0.1830233,0.0123194,-9.824624,0.23631128,0.009862796,0.00912294,0.01165235,0,0.21,-1.712,274.77
00:26.1,0,100,0,0,0,0,0,0,0,0,0.005387018,-0.01071571,0.001968039,-0.1838709,0.010345437,-9.8256835,0.2560039,0.009754485,0.008938251,0.01133386,0,0.21,-1.71,274.77
00:26.1,0,100,0,0,0,0,0,0,0,0,0.005256773,-0.01119385,0.001355261,-0.1847185,0.008371474,-9.826743,0.235186,0.009629194,0.008908843,0.011559254,0,0.21,-1.708,274.77
00:26.2,0,100,0,0,0,0,0,0,0,0,0.005557747,-0.010944505,0.001549245,-0.18269965,0.011579472,-9.8224275,0.2143681,0.009503904,0.008879435,0.011784648,0,0.21,-1.706,274.77
00:26.2,0,100,0,0,0,0,0,0,0,0,0.00585872,-0.01069516,0.001743229,-0.1806808,0.01478747,-9.818112,0.1935502,0.009378613,0.008850026,0.012010042,0,0.21,-1.704,274.77
00:26.2,0,100,0,0,0,0,0,0,0,0,0.005639496,-0.009760994,0.00147234,-0.1809509,0.014340035,-9.8226985,0.1727323,0.009253323,0.008820618,0.012235436,0,0.21,-1.702,274.77
00:26.2,0,100,0,0,0,0,0,0,0,0,0.005420271,-0.008826828,0.001201451,-0.181221,0.0138926,-9.827285,0.1519144,0.009128032,0.00879121,0.01246083,0,0.21,-1.7,274.77
00:26.2,0,100,0,0,0,0,0,0,0,0,0.005716078,-0.010327299,0.001091571,-0.18218375,0.01399003,-9.8225535,0.15416498,0.009265961,0.008980454,0.012674348,0,0.208,-1.7,274.77
00:26.3,0,100,0,0,0,0,0,0,0,0,0.006011884,-0.01182777,0.00098169,-0.1831465,0.01408746,-9.817822,0.15641556,0.009403891,0.009169699,0.012887866,0,0.206,-1.7,274.77
00:26.3,0,100,0,0,0,0,0,0,0,0,0.006399779,-0.010062167,0.000823101,-0.1840964,0.015153665,-9.8175485,0.15866614,0.00954182,0.009358943,0.013101384,0,0.204,-1.7,274.77
00:26.3,0,100,0,0,0,0,0,0,0,0,0.006787673,-0.008296563,0.000664512,-0.1850463,0.01621987,-9.817275,0.16091672,0.00967975,0.009548188,0.013314902,0,0.202,-1.7,274.77
00:26.3,0,100,0,0,0,0,0,0,0,0,0.007111279,-0.009192017,0.000815498,-0.1849566,0.01421575,-9.8202075,0.1631673,0.009817679,0.009737432,0.01352842,0,0.2,-1.7,274.77
00:26.3,0,100,0,0,0,0,0,0,0,0,0.007434884,-0.01008747,0.000966485,-0.1848669,0.01221163,-9.82314,0.17892138,0.009689209,0.010493512,0.0143459,0,0.2,-1.698,274.77
00:26.4,0,100,0,0,0,0,0,0,0,0,0.000766086,-0.005259105,-8.83E-05,-0.1878064,0.02583742,-9.815186,0.19467546,0.009560739,0.011249591,0.01516338,0,0.2,-1.696,274.77
00:26.4,0,100,0,0,0,0,0,0,0,0,-0.005902711,-0.00043074,-0.001143178,-0.1907459,0.03946321,-9.807232,0.21042954,0.009432269,0.012005671,0.01598086,0,0.2,-1.694,274.77
00:26.4,0,100,0,0,0,0,0,0,0,0,0.000459874,-0.00460959,-0.000252616,-0.18457265,0.02766463,-9.8105195,0.22618362,0.009303799,0.01276175,0.01679834,0,0.2,-1.692,274.77
00:26.4,0,100,0,0,0,0,0,0,0,0,0.006822458,-0.00878844,0.000637946,-0.1783994,0.01586605,-9.813807,0.2419377,0.009175329,0.01351783,0.01761582,0,0.2,-1.69,274.77
00:26.4,0,100,0,0,0,0,0,0,0,0,0.00590695,-0.00946251,0.001293597,-0.1787931,0.0167869,-9.8124425,0.23293538,0.018690181,0.02390658,0.029067664,0,0.2,-1.69,274.77
00:26.5,0,100,0,0,0,0,0,0,0,0,0.004991441,-0.01013658,0.001949248,-0.1791868,0.01770775,-9.811078,0.22393306,0.028205033,0.03429533,0.040519508,0,0.2,-1.69,274.77
00:26.5,0,100,0,0,0,0,0,0,0,0,0.005711081,-0.01065977,0.001822496,-0.18211135,0.014681375,-9.813839,0.21493074,0.037719886,0.04468408,0.051971352,0,0.2,-1.69,274.77
00:26.5,0,100,0,0,0,0,0,0,0,0,0.006430721,-0.01118296,0.001695744,-0.1850359,0.011655,-9.8166,0.20592842,0.047234738,0.05507283,0.063423196,0,0.2,-1.69,274.77
00:26.5,0,100,0,0,0,0,0,0,0,0,0.005973816,-0.00952536,0.001734363,-0.1843369,0.01359397,-9.816379,0.1969261,0.05674959,0.06546158,0.07487504,0,0.2,-1.69,274.77
00:26.5,0,100,0,0,0,0,0,0,0,0,0.00551691,-0.00786776,0.001772983,-0.1836379,0.01553294,-9.816158,0.19636344,0.05653401,0.065511226,0.074091644,0,0.2,-1.688,274.772
00:26.6,0,100,0,0,0,0,0,0,0,0,0.006452075,-0.008782402,0.001628585,-0.1824124,0.01543606,-9.8136445,0.19580078,0.05631843,0.065560872,0.073308248,0,0.2,-1.686,274.774
00:26.6,0,100,0,0,0,0,0,0,0,0,0.007387239,-0.009697043,0.001484187,-0.1811869,0.01533918,-9.811131,0.19523812,0.05610285,0.065610518,0.072524852,0,0.2,-1.684,274.776
00:26.6,0,100,0,0,0,0,0,0,0,0,0.006994032,-0.009022429,0.001153926,-0.18247125,0.016209035,-9.8127385,0.19467546,0.05588727,0.065660164,0.071741456,0,0.2,-1.682,274.778
00:26.6,0,100,0,0,0,0,0,0,0,0,0.006600824,-0.008347815,0.000823665,-0.1837556,0.01707889,-9.814346,0.1941128,0.05567169,0.06570981,0.07095806,0,0.2,-1.68,274.78
00:26.6,0,100,0,0,0,0,0,0,0,0,0.006313141,-0.008404589,0.000942435,-0.18244775,0.013877985,-9.8167285,0.20311514,0.046607862,0.054784916,0.059867494,0,0.198,-1.678,274.78
00:26.7,0,100,0,0,0,0,0,0,0,0,0.006025458,-0.008461362,0.001061206,-0.1811399,0.01067708,-9.819111,0.21211748,0.037544034,0.043860022,0.048776928,0,0.196,-1.676,274.78
00:26.7,0,100,0,0,0,0,0,0,0,0,0.002008132,-0.004319309,0.001154347,-0.18420845,0.02815305,-9.802354,0.22111982,0.028480206,0.032935128,0.037686362,0,0.194,-1.674,274.78
00:26.7,0,100,0,0,0,0,0,0,0,0,-0.002009195,-0.000177256,0.001247488,-0.187277,0.04562902,-9.785597,0.23012216,0.019416378,0.022010234,0.026595796,0,0.192,-1.672,274.78
00:26.7,0,100,0,0,0,0,0,0,0,0,0.001941811,-0.004757637,0.001460127,-0.185757,0.03039985,-9.797678,0.2391245,0.01035255,0.01108534,0.01550523,0,0.19,-1.67,274.78
00:26.7,0,100,0,0,0,0,0,0,0,0,0.005892818,-0.009338018,0.001672765,-0.184237,0.01517068,-9.809759,0.22730894,0.010243295,0.010789554,0.015039292,0,0.19,-1.67,274.78
00:26.8,0,100,0,0,0,0,0,0,0,0,0.00585862,-0.009560332,0.001436616,-0.1833659,0.01422926,-9.8085295,0.21549338,0.01013404,0.010493768,0.014573354,0,0.19,-1.67,274.78
00:26.8,0,100,0,0,0,0,0,0,0,0,0.005824422,-0.009782645,0.001200466,-0.1824948,0.01328784,-9.8073,0.20367782,0.010024784,0.010197983,0.014107416,0,0.19,-1.67,274.78
00:26.8,0,100,0,0,0,0,0,0,0,0,0.005202868,-0.009365064,0.001071594,-0.18393305,0.012287125,-9.808574,0.19186226,0.009915529,0.009902197,0.013641478,0,0.19,-1.67,274.78
00:26.8,0,100,0,0,0,0,0,0,0,0,0.004581314,-0.008947484,0.000942722,-0.1853713,0.01128641,-9.809848,0.1800467,0.009806274,0.009606411,0.01317554,0,0.19,-1.67,274.78
00:26.8,0,100,0,0,0,0,0,0,0,0,0.005112231,-0.009472209,0.001252743,-0.18280095,0.01220649,-9.8094125,0.1873611,0.009763843,0.009502947,0.013066994,0,0.19,-1.668,274.78
00:26.9,0,100,0,0,0,0,0,0,0,0,0.005643148,-0.009996934,0.001562764,-0.1802306,0.01312657,-9.808977,0.1946755,0.009721412,0.009399482,0.012958448,0,0.19,-1.666,274.78
00:26.9,0,100,0,0,0,0,0,0,0,0,0.006155058,-0.009522415,0.002054217,-0.1825949,0.012705505,-9.807861,0.2019899,0.009678981,0.009296018,0.012849902,0,0.19,-1.664,274.78
00:26.9,0,100,0,0,0,0,0,0,0,0,0.006666969,-0.009047896,0.002545669,-0.1849592,0.01228444,-9.806745,0.2093043,0.00963655,0.009192553,0.012741356,0,0.19,-1.662,274.78
00:26.9,0,100,0,0,0,0,0,0,0,0,0.006702696,-0.008600386,0.00215866,-0.1849994,0.010235633,-9.8050205,0.2166187,0.009594119,0.009089089,0.01263281,0,0.19,-1.66,274.78
00:26.9,0,100,0,0,0,0,0,0,0,0,0.006738422,-0.008152875,0.001771651,-0.1850396,0.008186825,-9.803296,0.21380546,0.009501847,0.008872,0.01238999,0,0.188,-1.658,274.78
00:27.0,0,100,0,0,0,0,0,0,0,0,0.006437986,-0.009556813,0.001993613,-0.18441025,0.009525108,-9.801869,0.21099222,0.009409574,0.008654912,0.01214717,0,0.186,-1.656,274.78
00:27.0,0,100,0,0,0,0,0,0,0,0,0.006137551,-0.01096075,0.002215576,-0.1837809,0.01086339,-9.800442,0.20817898,0.009317302,0.008437823,0.01190435,0,0.184,-1.654,274.78
00:27.0,0,100,0,0,0,0,0,0,0,0,0.002750125,-0.008781971,0.000141723,-0.18602965,0.03175959,-9.7907695,0.20536574,0.009225029,0.008220735,0.01166153,0,0.182,-1.652,274.78
00:27.0,0,100,0,0,0,0,0,0,0,0,-0.000637301,-0.006603192,-0.001932131,-0.1882784,0.05265579,-9.781097,0.2025525,0.009132757,0.008003646,0.01141871,0,0.18,-1.65,274.78
00:27.0,0,100,0,0,0,0,0,0,0,0,0.002326786,-0.007387522,-0.000546967,-0.18370665,0.033961505,-9.7925465,0.20198986,0.009204904,0.00805489,0.011702952,0,0.18,-1.65,274.78
00:27.1,0,100,0,0,0,0,0,0,0,0,0.005290872,-0.008171852,0.000838198,-0.1791349,0.01526722,-9.803996,0.20142722,0.009277051,0.008106135,0.011987194,0,0.18,-1.65,274.78
00:27.1,0,100,0,0,0,0,0,0,0,0,0.005583982,-0.008798147,0.000881928,-0.1793776,0.01528864,-9.8005125,0.20086458,0.009349199,0.008157379,0.012271436,0,0.18,-1.65,274.78
00:27.1,0,100,0,0,0,0,0,0,0,0,0.005877092,-0.009424443,0.000925658,-0.1796203,0.01531006,-9.797029,0.20030194,0.009421346,0.008208624,0.012555678,0,0.18,-1.65,274.78
00:27.1,0,100,0,0,0,0,0,0,0,0,0.005181503,-0.009323976,0.000890373,-0.1828575,0.013583565,-9.79835,0.1997393,0.009493493,0.008259868,0.01283992,0,0.18,-1.65,274.78
00:27.1,0,100,0,0,0,0,0,0,0,0,0.004485914,-0.009223508,0.000855087,-0.1860947,0.01185707,-9.799671,0.18904902,0.009506864,0.008198062,0.012467838,0,0.18,-1.648,274.78
00:27.2,0,100,0,0,0,0,0,0,0,0,0.004952072,-0.009204861,0.001246236,-0.1852535,0.01188768,-9.7976225,0.17835874,0.009520235,0.008136256,0.012095756,0,0.18,-1.646,274.78
00:27.2,0,100,0,0,0,0,0,0,0,0,0.005418229,-0.009186213,0.001637384,-0.1844123,0.01191829,-9.795574,0.16766846,0.009533605,0.008074451,0.011723674,0,0.18,-1.644,274.78
00:27.2,0,100,0,0,0,0,0,0,0,0,0.006068229,-0.008796674,0.001379063,-0.18280695,0.010029649,-9.7939575,0.15697818,0.009546976,0.008012645,0.011351592,0,0.18,-1.642,274.78
00:27.2,0,100,0,0,0,0,0,0,0,0,0.006718228,-0.008407135,0.001120742,-0.1812016,0.008141008,-9.792341,0.1462879,0.009560347,0.007950839,0.01097951,0,0.18,-1.64,274.78
00:27.2,0,100,0,0,0,0,0,0,0,0,0.006368197,-0.008864018,0.001259834,-0.18128915,0.008925728,-9.794194,0.14572526,0.019228708,0.019691083,0.022455054,0,0.178,-1.638,274.78
00:27.3,0,100,0,0,0,0,0,0,0,0,0.006018166,-0.009320901,0.001398925,-0.1813767,0.009710448,-9.796047,0.14516262,0.028897068,0.031431327,0.033930598,0,0.176,-1.636,274.78
00:27.3,0,100,0,0,0,0,0,0,0,0,0.005416175,-0.009092789,0.001548595,-0.18111605,0.011128969,-9.795378,0.14459998,0.038565429,0.043171572,0.045406142,0,0.174,-1.634,274.78
00:27.3,0,100,0,0,0,0,0,0,0,0,0.004814183,-0.008864676,0.001698264,-0.1808554,0.01254749,-9.794709,0.14403734,0.048233789,0.054911816,0.056881686,0,0.172,-1.632,274.78
00:27.3,0,100,0,0,0,0,0,0,0,0,0.005511568,-0.009105453,0.00152312,-0.18376955,0.013009505,-9.7948845,0.1434747,0.05790215,0.06665206,0.06835723,0,0.17,-1.63,274.78
00:27.3,0,100,0,0,0,0,0,0,0,0,0.006208953,-0.009346229,0.001347975,-0.1866837,0.01347152,-9.79506,0.14910116,0.048092595,0.05492427,0.056306352,0,0.17,-1.63,274.778
00:27.4,0,100,0,0,0,0,0,0,0,0,0.003080887,-0.005900272,0.001195554,-0.1846702,0.032492705,-9.7954705,0.15472762,0.03828304,0.04319648,0.044255473,0,0.17,-1.63,274.776
00:27.4,0,100,0,0,0,0,0,0,0,0,-4.72E-05,-0.002454316,0.001043134,-0.1826567,0.05151389,-9.795881,0.16035408,0.028473486,0.03146869,0.032204595,0,0.17,-1.63,274.774
00:27.4,0,100,0,0,0,0,0,0,0,0,-0.000833133,-0.00222538,0.00383178,-0.1837722,0.051257645,-9.792166,0.16598054,0.018663931,0.0197409,0.020153716,0,0.17,-1.63,274.772
00:27.4,0,100,0,0,0,0,0,0,0,0,-0.001619088,-0.001996445,0.006620427,-0.1848877,0.0510014,-9.788451,0.171607,0.008854376,0.00801311,0.008102838,0,0.17,-1.63,274.77
00:27.4,0,100,0,0,0,0,0,0,0,0,0.001528264,-0.005400876,0.004079174,-0.18319355,0.030909225,-9.790517,0.171607,0.008808763,0.008401004,0.0082395,0,0.17,-1.628,274.772
00:27.5,0,100,0,0,0,0,0,0,0,0,0.004675616,-0.008805306,0.001537922,-0.1814994,0.01081705,-9.792583,0.171607,0.008763149,0.008788897,0.008376161,0,0.17,-1.626,274.774
00:27.5,0,100,0,0,0,0,0,0,0,0,0.005289604,-0.008923325,0.001565312,-0.18125175,0.0114861,-9.7911925,0.171607,0.008717536,0.009176791,0.008512823,0,0.17,-1.624,274.776
00:27.5,0,100,0,0,0,0,0,0,0,0,0.005903592,-0.009041344,0.001592701,-0.1810041,0.01215515,-9.789802,0.171607,0.008671922,0.009564684,0.008649484,0,0.17,-1.622,274.778
00:27.5,0,100,0,0,0,0,0,0,0,0,0.006185178,-0.009803942,0.001397156,-0.1826664,0.01288585,-9.789397,0.171607,0.008626309,0.009952578,0.008786146,0,0.17,-1.62,274.78
00:27.5,0,100,0,0,0,0,0,0,0,0,0.006466764,-0.01056654,0.00120161,-0.1843287,0.01361655,-9.788992,0.18848638,0.008582295,0.009485583,0.008874269,0,0.168,-1.618,274.78
00:27.6,0,100,0,0,0,0,0,0,0,0,0.005944432,-0.010721045,0.001411254,-0.1841883,0.014013535,-9.7894675,0.20536576,0.00853828,0.009018587,0.008962392,0,0.166,-1.616,274.78
00:27.6,0,100,0,0,0,0,0,0,0,0,0.005422099,-0.01087555,0.001620898,-0.1840479,0.01441052,-9.789943,0.22224514,0.008494266,0.008551592,0.009050516,0,0.164,-1.614,274.78
00:27.6,0,100,0,0,0,0,0,0,0,0,0.001390756,-0.00507433,0.000938037,-0.19119205,0.028151215,-9.787293,0.23912452,0.008450251,0.008084596,0.009138639,0,0.162,-1.612,274.78
00:27.6,0,100,0,0,0,0,0,0,0,0,-0.002640587,0.00072689,0.000255176,-0.1983362,0.04189191,-9.784643,0.2560039,0.008406237,0.007617601,0.009226762,0,0.16,-1.61,274.78
00:27.6,0,100,0,0,0,0,0,0,0,0,0.001639722,-0.00331494,0.000858507,-0.19255715,0.0284699,-9.7880885,0.27063268,0.008522588,0.00787342,0.009291493,0,0.16,-1.61,274.78
00:27.7,0,100,0,0,0,0,0,0,0,0,0.00592003,-0.007356771,0.001461838,-0.1867781,0.01504789,-9.791534,0.28526146,0.008638939,0.008129239,0.009356224,0,0.16,-1.61,274.78
00:27.7,0,100,0,0,0,0,0,0,0,0,0.005879078,-0.008734111,0.001812995,-0.18506315,0.011869025,-9.7892875,0.29989024,0.008755291,0.008385058,0.009420954,0,0.16,-1.61,274.78
00:27.7,0,100,0,0,0,0,0,0,0,0,0.005838125,-0.01011145,0.002164151,-0.1833482,0.00869016,-9.787041,0.31451902,0.008871642,0.008640877,0.009485685,0,0.16,-1.61,274.78
00:27.7,0,100,0,0,0,0,0,0,0,0,0.00601262,-0.009992065,0.001735583,-0.1854691,0.00955612,-9.786104,0.3291478,0.008987993,0.008896696,0.009550416,0,0.16,-1.61,274.78
00:27.7,0,100,0,0,0,0,0,0,0,0,0.006187115,-0.009872679,0.001307015,-0.18759,0.01042208,-9.785167,0.33308632,0.00885048,0.008853558,0.009814847,0,0.16,-1.61,274.78
00:27.8,0,100,0,0,0,0,0,0,0,0,0.00261724,-0.00563192,0.000906287,-0.18520065,0.026927015,-9.7939575,0.33702484,0.008712966,0.008810421,0.010079278,0,0.16,-1.61,274.78
00:27.8,0,100,0,0,0,0,0,0,0,0,-0.000952635,-0.001391161,0.00050556,-0.1828113,0.04343195,-9.802748,0.34096336,0.008575453,0.008767283,0.010343708,0,0.16,-1.61,274.78
00:27.8,0,100,0,0,0,0,0,0,0,0,0.0027751,-0.005975591,0.000648512,-0.1816215,0.028034855,-9.7906085,0.34490188,0.008437939,0.008724146,0.010608139,0,0.16,-1.61,274.78
00:27.8,0,100,0,0,0,0,0,0,0,0,0.006502834,-0.01056002,0.000791465,-0.1804317,0.01263776,-9.778469,0.3488404,0.008300426,0.008681008,0.01087257,0,0.16,-1.61,274.78
00:27.8,0,100,0,0,0,0,0,0,0,0,0.006162232,-0.011136675,0.00088815,-0.180421,0.011262846,-9.781121,0.3291478,0.017830313,0.01994212,0.023358054,0,0.16,-1.608,274.78
00:27.9,0,100,0,0,0,0,0,0,0,0,0.00582163,-0.01171333,0.000984834,-0.1804103,0.009887931,-9.783773,0.3094552,0.0273602,0.031203233,0.035843538,0,0.16,-1.606,274.78
00:27.9,0,100,0,0,0,0,0,0,0,0,0.005590028,-0.011619125,0.001403252,-0.18046725,0.010740176,-9.7832685,0.2897626,0.036890086,0.042464345,0.048329022,0,0.16,-1.604,274.78
00:27.9,0,100,0,0,0,0,0,0,0,0,0.005358425,-0.01152492,0.00182167,-0.1805242,0.01159242,-9.782764,0.27007,0.046419973,0.053725458,0.060814506,0,0.16,-1.602,274.78
00:27.9,0,100,0,0,0,0,0,0,0,0,0.005641309,-0.01093566,0.001463313,-0.18251275,0.0133989,-9.7833515,0.2503774,0.05594986,0.06498657,0.07329999,0,0.16,-1.6,274.78
00:27.9,0,100,0,0,0,0,0,0,0,0,0.005924192,-0.0103464,0.001104956,-0.1845013,0.01520538,-9.783939,0.22787156,0.046574984,0.053486136,0.060474236,0,0.158,-1.6,274.78
00:28.0,0,100,0,0,0,0,0,0,0,0,0.005877904,-0.009990071,0.001106373,-0.18504685,0.013924615,-9.782497,0.20536572,0.037200108,0.041985703,0.047648483,0,0.156,-1.6,274.78
00:28.0,0,100,0,0,0,0,0,0,0,0,0.005831616,-0.009633741,0.001107789,-0.1855924,0.01264385,-9.781055,0.18285988,0.027825232,0.030485269,0.034822729,0,0.154,-1.6,274.78
00:28.0,0,100,0,0,0,0,0,0,0,0,0.005857288,-0.010336841,0.001182952,-0.18328205,0.01285238,-9.7810425,0.16035404,0.018450356,0.018984836,0.021996976,0,0.152,-1.6,274.78
00:28.0,0,100,0,0,0,0,0,0,0,0,0.005882959,-0.01103994,0.001258115,-0.1809717,0.01306091,-9.78103,0.1378482,0.00907548,0.007484402,0.009171222,0,0.15,-1.6,274.78
00:28.0,0,100,0,0,0,0,0,0,0,0,0.00567679,-0.01028787,0.001568094,-0.1822469,0.01340451,-9.781522,0.16035404,0.009120054,0.007565868,0.009589978,0,0.15,-1.6,274.78
00:28.1,0,100,0,0,0,0,0,0,0,0,0.005470621,-0.0095358,0.001878072,-0.1835221,0.01374811,-9.782014,0.18285988,0.009164628,0.007647334,0.010008733,0,0.15,-1.6,274.78
00:28.1,0,100,0,0,0,0,0,0,0,0,0.0029675,-0.008012187,0.004415683,-0.1865415,0.035823015,-9.7844265,0.20536572,0.009209203,0.007728801,0.010427489,0,0.15,-1.6,274.78
00:28.1,0,100,0,0,0,0,0,0,0,0,0.000464378,-0.006488573,0.006953293,-0.1895609,0.05789792,-9.786839,0.22787156,0.009253777,0.007810267,0.010846244,0,0.15,-1.6,274.78
00:28.1,0,100,0,0,0,0,0,0,0,0,0.002842238,-0.007944847,0.004106024,-0.1881251,0.03467584,-9.7826555,0.2503774,0.009298351,0.007891733,0.011265,0,0.15,-1.6,274.78
00:28.1,0,100,0,0,0,0,0,0,0,0,0.005220097,-0.00940112,0.001258754,-0.1866893,0.01145376,-9.778472,0.24756418,0.009164309,0.008187855,0.011141532,0,0.15,-1.598,274.78
00:28.2,0,100,0,0,0,0,0,0,0,0,0.0053524,-0.01024694,0.001414648,-0.1868384,0.01082201,-9.7796175,0.24475096,0.009030267,0.008483977,0.011018064,0,0.15,-1.596,274.78
00:28.2,0,100,0,0,0,0,0,0,0,0,0.005484703,-0.01109276,0.001570543,-0.1869875,0.01019026,-9.780763,0.24193774,0.008896224,0.0087801,0.010894596,0,0.15,-1.594,274.78
00:28.2,0,100,0,0,0,0,0,0,0,0,0.005883646,-0.010442104,0.001568142,-0.18587095,0.012220975,-9.7797015,0.23912452,0.008762182,0.009076222,0.010771128,0,0.15,-1.592,274.78
00:28.2,0,100,0,0,0,0,0,0,0,0,0.006282589,-0.009791448,0.00156574,-0.1847544,0.01425169,-9.77864,0.2363113,0.00862814,0.009372344,0.01064766,0,0.15,-1.59,274.78
00:28.2,0,100,0,0,0,0,0,0,0,0,0.006102744,-0.010251694,0.001675179,-0.1837363,0.011786187,-9.778076,0.24531362,0.008595406,0.009626839,0.01096589,0,0.148,-1.59,274.782
00:28.3,0,100,0,0,0,0,0,0,0,0,0.005922899,-0.01071194,0.001784618,-0.1827182,0.009320683,-9.777512,0.25431594,0.008562671,0.009881334,0.01128412,0,0.146,-1.59,274.784
00:28.3,0,100,0,0,0,0,0,0,0,0,0.005387247,-0.009954376,0.001273112,-0.1835065,0.011074382,-9.780068,0.26331826,0.008529937,0.01013583,0.01160235,0,0.144,-1.59,274.786
00:28.3,0,100,0,0,0,0,0,0,0,0,0.004851595,-0.009196811,0.000761605,-0.1842948,0.01282808,-9.782624,0.27232058,0.008497202,0.010390325,0.01192058,0,0.142,-1.59,274.788
00:28.3,0,100,0,0,0,0,0,0,0,0,0.005692586,-0.009358909,0.001059731,-0.1847161,0.012018335,-9.778895,0.2813229,0.008464468,0.01064482,0.01223881,0,0.14,-1.59,274.79
00:28.3,0,100,0,0,0,0,0,0,0,0,0.006533576,-0.009521007,0.001357856,-0.1851374,0.01120859,-9.775166,0.27175792,0.008510417,0.010509671,0.01199446,0,0.14,-1.59,274.79
00:28.4,0,100,0,0,0,0,0,0,0,0,0.006462644,-0.010613768,0.001445342,-0.18524015,0.012477355,-9.7763315,0.26219294,0.008556365,0.010374521,0.01175011,0,0.14,-1.59,274.79
00:28.4,0,100,0,0,0,0,0,0,0,0,0.006391712,-0.01170653,0.001532828,-0.1853429,0.01374612,-9.777497,0.25262796,0.008602314,0.010239372,0.01150576,0,0.14,-1.59,274.79
00:28.4,0,100,0,0,0,0,0,0,0,0,0.002824492,-0.007685206,0.001419723,-0.1853756,0.033977635,-9.784489,0.24306298,0.008648262,0.010104222,0.01126141,0,0.14,-1.59,274.79
00:28.4,0,100,0,0,0,0,0,0,0,0,-0.000742729,-0.003663882,0.001306618,-0.1854083,0.05420915,-9.791481,0.233498,0.008694211,0.009969073,0.01101706,0,0.14,-1.59,274.79
00:28.4,0,100,0,0,0,0,0,0,0,0,0.003055125,-0.007817876,0.001264666,-0.18410855,0.032413245,-9.7834365,0.23912446,0.008794459,0.009669813,0.010687864,0,0.14,-1.59,274.79
00:28.5,0,100,0,0,0,0,0,0,0,0,0.006852979,-0.01197187,0.001222714,-0.1828088,0.01061734,-9.775392,0.24475092,0.008894706,0.009370554,0.010358669,0,0.14,-1.59,274.79
00:28.5,0,100,0,0,0,0,0,0,0,0,0.0061935,-0.010753106,0.001356051,-0.18407855,0.009423659,-9.777399,0.25037738,0.008994954,0.009071294,0.010029473,0,0.14,-1.59,274.79
00:28.5,0,100,0,0,0,0,0,0,0,0,0.00553402,-0.009534341,0.001489388,-0.1853483,0.008229977,-9.779406,0.25600384,0.009095201,0.008772035,0.009700278,0,0.14,-1.59,274.79
00:28.5,0,100,0,0,0,0,0,0,0,0,0.005229815,-0.009019016,0.001543727,-0.183783,0.009085383,-9.780344,0.2616303,0.009195449,0.008472775,0.009371082,0,0.14,-1.59,274.79
00:28.5,0,100,0,0,0,0,0,0,0,0,0.00492561,-0.008503691,0.001598065,-0.1822177,0.009940789,-9.781282,0.228434198,0.019060415,0.019206928,0.021446226,0,0.138,-1.588,274.79
00:28.6,0,100,0,0,0,0,0,0,0,0,0.002651097,-0.005376321,-6.40E-05,-0.1867913,0.02824571,-9.7868835,0.195238096,0.028925381,0.029941081,0.033521369,0,0.136,-1.586,274.79
00:28.6,0,100,0,0,0,0,0,0,0,0,0.000376583,-0.00224895,-0.001726141,-0.1913649,0.04655063,-9.792485,0.162041994,0.038790348,0.040675234,0.045596513,0,0.134,-1.584,274.79
00:28.6,0,100,0,0,0,0,0,0,0,0,0.003373253,-0.005951678,2.93E-05,-0.1877127,0.030929145,-9.7870065,0.128845892,0.048655314,0.051409387,0.057671656,0,0.132,-1.582,274.79
00:28.6,0,100,0,0,0,0,0,0,0,0,0.006369922,-0.009654405,0.001784799,-0.1840605,0.01530766,-9.781528,0.09564979,0.05852028,0.06214354,0.0697468,0,0.13,-1.58,274.79
00:28.6,0,100,0,0,0,0,0,0,0,0,0.005834129,-0.010734718,0.001606702,-0.18294685,0.01438578,-9.7785245,0.09564979,0.048485482,0.051109228,0.057820616,0,0.13,-1.58,274.79
00:28.7,0,100,0,0,0,0,0,0,0,0,0.005298336,-0.01181503,0.001428605,-0.1818332,0.0134639,-9.775521,0.09564979,0.038450684,0.040074915,0.045894432,0,0.13,-1.58,274.79
00:28.7,0,100,0,0,0,0,0,0,0,0,0.005540645,-0.01128349,0.000770659,-0.18323315,0.01203226,-9.776176,0.09564979,0.028415887,0.029040603,0.033968248,0,0.13,-1.58,274.79
00:28.7,0,100,0,0,0,0,0,0,0,0,0.005782953,-0.01075195,0.000112713,-0.1846331,0.01060062,-9.776831,0.09564979,0.018381089,0.01800629,0.022042064,0,0.13,-1.58,274.79
00:28.7,0,100,0,0,0,0,0,0,0,0,0.006408921,-0.010976635,0.000941974,-0.1814353,0.012385415,-9.778162,0.09564979,0.008346291,0.006971978,0.01011588,0,0.13,-1.58,274.79
00:28.7,0,100,0,0,0,0,0,0,0,0,0.007034888,-0.01120132,0.001771234,-0.1782375,0.01417021,-9.779493,0.117592972,0.008836079,0.007304726,0.010095104,0,0.13,-1.58,274.79
00:28.8,0,100,0,0,0,0,0,0,0,0,0.001900991,-0.009840971,0.00422235,-0.18806925,0.02974186,-9.7838155,0.139536154,0.009325867,0.007637474,0.010074328,0,0.13,-1.58,274.79
00:28.8,0,100,0,0,0,0,0,0,0,0,-0.003232907,-0.008480622,0.006673465,-0.197901,0.04531351,-9.788138,0.161479336,0.009815654,0.007970221,0.010053552,0,0.13,-1.58,274.79
00:28.8,0,100,0,0,0,0,0,0,0,0,0.001120632,-0.009720926,0.003968607,-0.1898442,0.027323342,-9.7837315,0.183422518,0.010305442,0.008302969,0.010032776,0,0.13,-1.58,274.79
00:28.8,0,100,0,0,0,0,0,0,0,0,0.00547417,-0.01096123,0.001263749,-0.1817874,0.009333174,-9.779325,0.2053657,0.01079523,0.008635717,0.010012,0,0.13,-1.58,274.79
00:28.8,0,100,0,0,0,0,0,0,0,0,0.006201909,-0.01099409,0.001395972,-0.18334355,0.010795502,-9.780808,0.21324274,0.010456051,0.008623883,0.010067552,0,0.128,-1.58,274.79
00:28.9,0,100,0,0,0,0,0,0,0,0,0.006929647,-0.01102695,0.001528194,-0.1848997,0.01225783,-9.782291,0.22111978,0.010116873,0.00861205,0.010123104,0,0.126,-1.58,274.79
00:28.9,0,100,0,0,0,0,0,0,0,0,0.006335634,-0.010907155,0.001870891,-0.18409745,0.009925037,-9.783158,0.22899682,0.009777694,0.008600216,0.010178656,0,0.124,-1.58,274.79
00:28.9,0,100,0,0,0,0,0,0,0,0,0.005741622,-0.01078736,0.002213588,-0.1832952,0.007592243,-9.784025,0.23687386,0.009438516,0.008588383,0.010234208,0,0.122,-1.58,274.79
00:28.9,0,100,0,0,0,0,0,0,0,0,0.00631933,-0.009536393,0.001649867,-0.18557905,0.009776832,-9.7795905,0.2447509,0.009099337,0.008576549,0.01028976,0,0.12,-1.58,274.79
00:28.9,0,100,0,0,0,0,0,0,0,0,0.006897039,-0.008285426,0.001086145,-0.1878629,0.01196142,-9.775156,0.24981472,0.009145314,0.008736661,0.010190232,0,0.12,-1.578,274.79
00:29.0,0,100,0,0,0,0,0,0,0,0,0.006179061,-0.009012803,0.001127761,-0.185198,0.012817975,-9.777311,0.25487854,0.009191291,0.008896772,0.010090704,0,0.12,-1.576,274.79
00:29.0,0,100,0,0,0,0,0,0,0,0,0.005461083,-0.00974018,0.001169376,-0.1825331,0.01367453,-9.779466,0.25994236,0.009237269,0.009056884,0.009991176,0,0.12,-1.574,274.79
00:29.0,0,100,0,0,0,0,0,0,0,0,0.005528799,-0.010104855,0.001183218,-0.18085455,0.012037415,-9.780639,0.26500618,0.009283246,0.009216995,0.009891648,0,0.12,-1.572,274.79
00:29.0,0,100,0,0,0,0,0,0,0,0,0.005596514,-0.01046953,0.00119706,-0.179176,0.0104003,-9.781812,0.27007,0.009329223,0.009377107,0.00979212,0,0.12,-1.57,274.79
00:29.0,0,100,0,0,0,0,0,0,0,0,0.00572767,-0.010156932,0.001429819,-0.18258685,0.01060859,-9.782398,0.26219296,0.009212955,0.009134223,0.009604577,0,0.12,-1.57,274.79
00:29.1,0,100,0,0,0,0,0,0,0,0,0.005858826,-0.009844334,0.001662578,-0.1859977,0.01081688,-9.782984,0.25431592,0.009096687,0.008891339,0.009417034,0,0.12,-1.57,274.79
00:29.1,0,100,0,0,0,0,0,0,0,0,0.002199668,-0.003071443,0.001275293,-0.18391355,0.038002575,-9.7890615,0.24643888,0.008980419,0.008648456,0.009229492,0,0.12,-1.57,274.79
00:29.1,0,100,0,0,0,0,0,0,0,0,-0.001459491,0.003701448,0.000888009,-0.1818294,0.06518827,-9.795139,0.23856184,0.008864151,0.008405572,0.009041949,0,0.12,-1.57,274.79
00:29.1,0,100,0,0,0,0,0,0,0,0,0.002594236,-0.003371091,0.00113527,-0.1824995,0.03835184,-9.7886845,0.2306848,0.008747883,0.008162688,0.008854406,0,0.12,-1.57,274.79
00:29.1,0,100,0,0,0,0,0,0,0,0,0.006647963,-0.01044363,0.001382532,-0.1831696,0.01151541,-9.78223,0.23574862,0.018290868,0.018809268,0.021328319,0,0.12,-1.57,274.79
00:29.2,0,100,0,0,0,0,0,0,0,0,0.006274675,-0.009808235,0.001586639,-0.1844308,0.01121024,-9.781618,0.24081244,0.027833854,0.029455849,0.033802232,0,0.12,-1.57,274.79
00:29.2,0,100,0,0,0,0,0,0,0,0,0.005901386,-0.00917284,0.001790745,-0.185692,0.01090507,-9.781006,0.24587626,0.037376839,0.040102429,0.046276144,0,0.12,-1.57,274.79
00:29.2,0,100,0,0,0,0,0,0,0,0,0.005879971,-0.009336303,0.001221455,-0.18388945,0.011233935,-9.7806435,0.25094008,0.046919825,0.05074901,0.058750057,0,0.12,-1.57,274.79
00:29.2,0,100,0,0,0,0,0,0,0,0,0.005858555,-0.009499765,0.000652164,-0.1820869,0.0115628,-9.780281,0.2560039,0.05646281,0.06139559,0.07122397,0,0.12,-1.57,274.79
00:29.2,0,100,0,0,0,0,0,0,0,0,0.003700658,-0.006929087,0.000793495,-0.1855952,0.03421357,-9.792732,0.218869266,0.056345224,0.062647466,0.071378768,0,0.118,-1.57,274.79
00:29.3,0,100,0,0,0,0,0,0,0,0,0.001542761,-0.004358409,0.000934826,-0.1891035,0.05686434,-9.805183,0.181734632,0.056227638,0.063899342,0.071533566,0,0.116,-1.57,274.79
00:29.3,0,100,0,0,0,0,0,0,0,0,0.003878123,-0.0075529,0.000923443,-0.1864015,0.03470243,-9.79523,0.144599998,0.056110052,0.065151218,0.071688364,0,0.114,-1.57,274.79
00:29.3,0,100,0,0,0,0,0,0,0,0,0.006213486,-0.01074739,0.000912061,-0.1836995,0.01254052,-9.785277,0.107465364,0.055992466,0.066403094,0.071843162,0,0.112,-1.57,274.79
00:29.3,0,100,0,0,0,0,0,0,0,0,0.00645759,-0.010226154,0.000783946,-0.1821476,0.01304589,-9.783988,0.07033073,0.05587488,0.06765497,0.07199796,0,0.11,-1.57,274.79
00:29.3,0,100,0,0,0,0,0,0,0,0,0.006701694,-0.009704917,0.000655832,-0.1805957,0.01355126,-9.782699,0.099588324,0.046319244,0.055496399,0.059259547,0,0.11,-1.568,274.79
00:29.4,0,100,0,0,0,0,0,0,0,0,0.006235074,-0.010337399,0.000891844,-0.18167415,0.013982455,-9.782492,0.128845918,0.036763608,0.043337828,0.046521133,0,0.11,-1.566,274.79
00:29.4,0,100,0,0,0,0,0,0,0,0,0.005768453,-0.01096988,0.001127856,-0.1827526,0.01441365,-9.782285,0.158103512,0.027207973,0.031179257,0.03378272,0,0.11,-1.564,274.79
00:29.4,0,100,0,0,0,0,0,0,0,0,0.003157495,-0.00590466,0.001427573,-0.18872255,0.030468725,-9.786528,0.187361106,0.017652337,0.019020686,0.021044306,0,0.11,-1.562,274.79
00:29.4,0,100,0,0,0,0,0,0,0,0,0.000546536,-0.00083944,0.001727291,-0.1946925,0.0465238,-9.790771,0.2166187,0.008096701,0.006862115,0.008305893,0,0.11,-1.56,274.79
00:29.4,0,100,0,0,0,0,0,0,0,0,-0.001040948,-0.002451278,0.000177958,-0.18948755,0.04468057,-9.791691,0.18679846,0.0079726,0.006976053,0.008547762,0,0.11,-1.56,274.79
00:29.5,0,100,0,0,0,0,0,0,0,0,-0.002628431,-0.004063117,-0.001371374,-0.1842826,0.04283734,-9.792611,0.15697822,0.007848498,0.007089991,0.008789631,0,0.11,-1.56,274.79
00:29.5,0,100,0,0,0,0,0,0,0,0,0.001843156,-0.008300854,-0.000377657,-0.1838744,0.02820283,-9.7899705,0.12715798,0.007724397,0.007203929,0.009031501,0,0.11,-1.56,274.79
00:29.5,0,100,0,0,0,0,0,0,0,0,0.006314743,-0.01253859,0.000616061,-0.1834662,0.01356832,-9.78733,0.09733774,0.007600295,0.007317867,0.00927337,0,0.11,-1.56,274.79
00:29.5,0,100,0,0,0,0,0,0,0,0,0.005984455,-0.0117994,0.001102435,-0.18322135,0.01324431,-9.7880725,0.0675175,0.007476194,0.007431805,0.009515239,0,0.11,-1.56,274.79
00:29.5,0,100,0,0,0,0,0,0,0,0,0.005654167,-0.01106021,0.001588809,-0.1829765,0.0129203,-9.788815,0.08158364,0.007576587,0.007436489,0.009578588,0,0.11,-1.56,274.79
00:29.6,0,100,0,0,0,0,0,0,0,0,0.005821781,-0.010239302,0.001211173,-0.18258045,0.012525745,-9.787044,0.09564978,0.007676981,0.007441173,0.009641937,0,0.11,-1.56,274.79
00:29.6,0,100,0,0,0,0,0,0,0,0,0.005989394,-0.009418395,0.000833538,-0.1821844,0.01213119,-9.785273,0.10971592,0.007777374,0.007445858,0.009705287,0,0.11,-1.56,274.79
00:29.6,0,100,0,0,0,0,0,0,0,0,0.00594485,-0.010381053,0.001646133,-0.1835456,0.012837565,-9.786754,0.12378206,0.007877768,0.007450542,0.009768636,0,0.11,-1.56,274.79
00:29.6,0,100,0,0,0,0,0,0,0,0,0.005900306,-0.01134371,0.002458728,-0.1849068,0.01354394,-9.788235,0.1378482,0.007978161,0.007455226,0.009831985,0,0.11,-1.56,274.79
00:29.6,0,100,0,0,0,0,0,0,0,0,0.006204531,-0.01116831,0.002008077,-0.18207345,0.01385568,-9.7872305,0.11027856,0.008312197,0.007619723,0.009681282,0,0.108,-1.56,274.79
00:29.7,0,100,0,0,0,0,0,0,0,0,0.006508756,-0.01099291,0.001557425,-0.1792401,0.01416742,-9.786226,0.08270892,0.008646234,0.007784221,0.009530578,0,0.106,-1.56,274.79
00:29.7,0,100,0,0,0,0,0,0,0,0,0.006356705,-0.009883871,0.001723312,-0.18119745,0.012170645,-9.7870365,0.05513928,0.00898027,0.007948718,0.009379875,0,0.104,-1.56,274.79
00:29.7,0,100,0,0,0,0,0,0,0,0,0.006204654,-0.008774833,0.001889199,-0.1831548,0.01017387,-9.787847,0.02756964,0.009314307,0.008113216,0.009229171,0,0.102,-1.56,274.79
00:29.7,0,100,0,0,0,0,0,0,0,0,0.005530352,-0.009292158,0.001738826,-0.1830982,0.010349965,-9.789184,0,0.009648343,0.008277713,0.009078468,0,0.1,-1.56,274.79
00:29.7,0,100,0,0,0,0,0,0,0,0,0.004856049,-0.009809483,0.001588452,-0.1830416,0.01052606,-9.790521,0.027007,0.009585422,0.008217366,0.008918407,0,0.1,-1.56,274.79
00:29.8,0,100,0,0,0,0,0,0,0,0,0.00203295,-0.004696398,0.001688748,-0.1875389,0.029714485,-9.793502,0.054014,0.009522501,0.008157019,0.008758346,0,0.1,-1.56,274.79
00:29.8,0,100,0,0,0,0,0,0,0,0,-0.000790149,0.000416686,0.001789043,-0.1920362,0.04890291,-9.796483,0.081021,0.009459579,0.008096673,0.008598284,0,0.1,-1.56,274.79
00:29.8,0,100,0,0,0,0,0,0,0,0,0.002615726,-0.004049822,0.001347241,-0.18806795,0.03042264,-9.7945905,0.108028,0.009396658,0.008036326,0.008438223,0,0.1,-1.56,274.79
00:29.8,0,100,0,0,0,0,0,0,0,0,0.006021602,-0.00851633,0.000905438,-0.1840997,0.01194237,-9.792698,0.135035,0.009333737,0.007975979,0.008278162,0,0.1,-1.56,274.79
00:29.8,0,100,0,0,0,0,0,0,0,0,0.006063073,-0.009771125,0.000967862,-0.1843419,0.013350745,-9.791866,0.16260464,0.018791564,0.019588127,0.021475198,0,0.1,-1.56,274.79
00:29.9,0,100,0,0,0,0,0,0,0,0,0.006104544,-0.01102592,0.001030285,-0.1845841,0.01475912,-9.791034,0.19017428,0.02824939,0.031200275,0.034672233,0,0.1,-1.56,274.79
00:29.9,0,100,0,0,0,0,0,0,0,0,0.006347943,-0.010869805,0.000564172,-0.1835292,0.01370355,-9.7888125,0.21774392,0.037707217,0.042812424,0.047869269,0,0.1,-1.56,274.79
00:29.9,0,100,0,0,0,0,0,0,0,0,0.006591342,-0.01071369,9.81E-05,-0.1824743,0.01264798,-9.786591,0.24531356,0.047165043,0.054424572,0.061066304,0,0.1,-1.56,274.79
00:29.9,0,100,0,0,0,0,0,0,0,0,0.006480743,-0.00968551,0.000482075,-0.1819707,0.012021895,-9.786486,0.2728832,0.05662287,0.06603672,0.07426334,0,0.1,-1.56,274.79
00:29.9,0,100,0,0,0,0,0,0,0,0,0.006370143,-0.00865733,0.000866092,-0.1814671,0.01139581,-9.786381,0.236873874,0.057501476,0.065440668,0.074421076,0,0.098,-1.56,274.788
00:30.0,0,100,0,0,0,0,0,0,0,0,0.005930039,-0.009384445,0.001000053,-0.1839788,0.011923845,-9.787279,0.200864548,0.058380082,0.064844616,0.074578812,0,0.096,-1.56,274.786
00:30.0,0,100,0,0,0,0,0,0,0,0,0.005489936,-0.01011156,0.001134014,-0.1864905,0.01245188,-9.788177,0.164855222,0.059258688,0.064248564,0.074736548,0,0.094,-1.56,274.784
00:30.0,0,100,0,0,0,0,0,0,0,0,0.00586907,-0.010056215,0.001232097,-0.18647505,0.013204585,-9.788497,0.128845896,0.060137294,0.063652512,0.074894284,0,0.092,-1.56,274.782
00:30.0,0,100,0,0,0,0,0,0,0,0,0.006248204,-0.01000087,0.001330181,-0.1864596,0.01395729,-9.788817,0.09283657,0.0610159,0.06305646,0.07505202,0,0.09,-1.56,274.78
00:30.0,0,100,0,0,0,0,0,0,0,0,0.006461211,-0.009660081,0.001378139,-0.1843485,0.013307405,-9.78968,0.128283256,0.050470844,0.051967129,0.061730218,0,0.09,-1.56,274.78
00:30.1,0,100,0,0,0,0,0,0,0,0,0.006674218,-0.009319292,0.001426097,-0.1822374,0.01265752,-9.790543,0.163729942,0.039925788,0.040877799,0.048408416,0,0.09,-1.56,274.78
00:30.1,0,100,0,0,0,0,0,0,0,0,0.003313045,-0.006663324,0.001204355,-0.18572565,0.026162255,-9.788691,0.199176628,0.029380733,0.029788468,0.035086615,0,0.09,-1.56,274.78
00:30.1,0,100,0,0,0,0,0,0,0,0,-4.81E-05,-0.004007355,0.000982612,-0.1892139,0.03966699,-9.786839,0.234623314,0.018835677,0.018699138,0.021764813,0,0.09,-1.56,274.78
00:30.1,0,100,0,0,0,0,0,0,0,0,-0.00157917,-0.004569249,-0.000146377,-0.1858447,0.046634225,-9.789376,0.27007,0.008290621,0.007609807,0.008443011,0,0.09,-1.56,274.78
00:30.1,0,100,0,0,0,0,0,0,0,0,-0.003110213,-0.005131143,-0.001275366,-0.1824755,0.05360146,-9.791913,0.2368739,0.008361637,0.007613844,0.008686817,0,0.09,-1.56,274.78
00:30.2,0,100,0,0,0,0,0,0,0,0,0.001699083,-0.007392945,-0.00010375,-0.18383995,0.032930385,-9.7920795,0.2036778,0.008432654,0.007617881,0.008930623,0,0.09,-1.56,274.78
00:30.2,0,100,0,0,0,0,0,0,0,0,0.006508379,-0.009654747,0.001067865,-0.1852044,0.01225931,-9.792246,0.1704817,0.00850367,0.007621919,0.00917443,0,0.09,-1.56,274.78
00:30.2,0,100,0,0,0,0,0,0,0,0,0.006280704,-0.010542679,0.000967541,-0.18341775,0.013019245,-9.791655,0.1372856,0.008574687,0.007625956,0.009418236,0,0.09,-1.56,274.78
00:30.2,0,100,0,0,0,0,0,0,0,0,0.00605303,-0.01143061,0.000867216,-0.1816311,0.01377918,-9.791064,0.1040895,0.008645703,0.007629993,0.009662042,0,0.09,-1.56,274.78
00:30.2,0,100,0,0,0,0,0,0,0,0,0.00624107,-0.01168968,0.001032626,-0.1817711,0.014704375,-9.7923665,0.12547004,0.008646377,0.007702614,0.009951964,0,0.09,-1.56,274.778
00:30.3,0,100,0,0,0,0,0,0,0,0,0.00642911,-0.01194875,0.001198036,-0.1819111,0.01562957,-9.793669,0.14685058,0.00864705,0.007775236,0.010241885,0,0.09,-1.56,274.776
00:30.3,0,100,0,0,0,0,0,0,0,0,0.006121688,-0.010607553,0.001373306,-0.1835312,0.014376515,-9.7957475,0.16823112,0.008647724,0.007847857,0.010531807,0,0.09,-1.56,274.774
00:30.3,0,100,0,0,0,0,0,0,0,0,0.005814265,-0.009266356,0.001548575,-0.1851513,0.01312346,-9.797826,0.18961166,0.008648397,0.007920479,0.010821728,0,0.09,-1.56,274.772
00:30.3,0,100,0,0,0,0,0,0,0,0,0.006210355,-0.010463673,0.001317626,-0.18276835,0.01485986,-9.794942,0.2109922,0.008649071,0.0079931,0.01111165,0,0.09,-1.56,274.77
00:30.3,0,100,0,0,0,0,0,0,0,0,0.006606444,-0.01166099,0.001086678,-0.1803854,0.01659626,-9.792058,0.20198986,0.008712688,0.007938135,0.010818375,0,0.09,-1.56,274.77
00:30.4,0,100,0,0,0,0,0,0,0,0,0.006253193,-0.011427455,0.00140842,-0.18160765,0.01441205,-9.794435,0.19298752,0.008776305,0.00788317,0.0105251,0,0.09,-1.56,274.77
00:30.4,0,100,0,0,0,0,0,0,0,0,0.005899941,-0.01119392,0.001730162,-0.1828299,0.01222784,-9.796812,0.18398518,0.008839922,0.007828205,0.010231825,0,0.09,-1.56,274.77
00:30.4,0,100,0,0,0,0,0,0,0,0,0.006014473,-0.010182541,0.001270282,-0.18346055,0.01140595,-9.79581,0.17498284,0.008903539,0.00777324,0.00993855,0,0.09,-1.56,274.77
00:30.4,0,100,0,0,0,0,0,0,0,0,0.006129005,-0.009171162,0.000810402,-0.1840912,0.01058406,-9.794808,0.1659805,0.008967156,0.007718275,0.009645275,0,0.09,-1.56,274.77
00:30.4,0,100,0,0,0,0,0,0,0,0,0.002842887,-0.004005722,0.000655887,-0.1895319,0.03047188,-9.800901,0.1867984,0.009042752,0.007689749,0.009687121,0,0.09,-1.56,274.768
00:30.5,0,100,0,0,0,0,0,0,0,0,-0.000443232,0.001159719,0.000501371,-0.1949726,0.0503597,-9.806994,0.2076163,0.009118348,0.007661224,0.009728967,0,0.09,-1.56,274.766
00:30.5,0,100,0,0,0,0,0,0,0,0,0.003160563,-0.004769936,0.000847291,-0.19019535,0.03054491,-9.8018265,0.2284342,0.009193945,0.007632698,0.009770814,0,0.09,-1.56,274.764
00:30.5,0,100,0,0,0,0,0,0,0,0,0.006764357,-0.01069959,0.00119321,-0.1854181,0.01073012,-9.796659,0.2492521,0.009269541,0.007604173,0.00981266,0,0.09,-1.56,274.762
00:30.5,0,100,0,0,0,0,0,0,0,0,0.006254763,-0.009791,0.0009332,-0.18394375,0.01323293,-9.7951505,0.27007,0.009345137,0.007575647,0.009854506,0,0.09,-1.56,274.76
00:30.5,0,100,0,0,0,0,0,0,0,0,0.005745168,-0.008882409,0.00067319,-0.1824694,0.01573574,-9.793642,0.24531358,0.019259438,0.018345784,0.022377619,0,0.09,-1.56,274.76
00:30.6,0,100,0,0,0,0,0,0,0,0,0.006146576,-0.00928874,0.001327254,-0.1815297,0.014312095,-9.7926475,0.22055716,0.029173738,0.02911592,0.034900732,0,0.09,-1.56,274.76
00:30.6,0,100,0,0,0,0,0,0,0,0,0.006547984,-0.009695071,0.001981318,-0.18059,0.01288845,-9.791653,0.19580074,0.039088039,0.039886057,0.047423844,0,0.09,-1.56,274.76
00:30.6,0,100,0,0,0,0,0,0,0,0,0.004359789,-0.00340071,-0.001092603,-0.18579465,0.02588163,-9.793651,0.17104432,0.049002339,0.050656193,0.059946957,0,0.09,-1.56,274.76
00:30.6,0,100,0,0,0,0,0,0,0,0,0.002171593,0.00289365,-0.004166524,-0.1909993,0.03887481,-9.795649,0.1462879,0.05891664,0.06142633,0.07247007,0,0.09,-1.56,274.76
00:30.6,0,100,0,0,0,0,0,0,0,0,0.003597439,-0.003678335,-0.001486882,-0.1879701,0.025859935,-9.7964335,0.12940853,0.048754874,0.050929023,0.060015294,0,0.09,-1.56,274.76
00:30.7,0,100,0,0,0,0,0,0,0,0,0.005023286,-0.01025032,0.00119276,-0.1849409,0.01284506,-9.797218,0.11252916,0.038593107,0.040431716,0.047560518,0,0.09,-1.56,274.76
00:30.7,0,100,0,0,0,0,0,0,0,0,0.005848594,-0.011369,0.001754037,-0.18559885,0.013139145,-9.798703,0.09564979,0.028431341,0.02993441,0.035105742,0,0.09,-1.56,274.76
00:30.7,0,100,0,0,0,0,0,0,0,0,0.006673901,-0.01248768,0.002315314,-0.1862568,0.01343323,-9.800188,0.07877042,0.018269574,0.019437103,0.022650966,0,0.09,-1.56,274.76
00:30.7,0,100,0,0,0,0,0,0,0,0,0.005757753,-0.010638434,0.001534334,-0.1846582,0.013735265,-9.7991495,0.06189105,0.008107808,0.008939796,0.01019619,0,0.09,-1.56,274.76
00:30.7,0,100,0,0,0,0,0,0,0,0,0.004841605,-0.008789188,0.000753354,-0.1830596,0.0140373,-9.798111,0.0967751,0.008433615,0.00860453,0.010466212,0,0.088,-1.558,274.758
00:30.8,0,100,0,0,0,0,0,0,0,0,0.005671486,-0.010182784,0.00106858,-0.1836317,0.013644085,-9.7964195,0.13165915,0.008759423,0.008269264,0.010736234,0,0.086,-1.556,274.756
00:30.8,0,100,0,0,0,0,0,0,0,0,0.006501367,-0.01157638,0.001383806,-0.1842038,0.01325087,-9.794728,0.1665432,0.00908523,0.007933998,0.011006256,0,0.084,-1.554,274.754
00:30.8,0,100,0,0,0,0,0,0,0,0,0.004623292,-0.007512425,0.001891238,-0.18378675,0.02578022,-9.7895485,0.20142725,0.009411038,0.007598732,0.011276278,0,0.082,-1.552,274.752
00:30.8,0,100,0,0,0,0,0,0,0,0,0.002745217,-0.00344847,0.00239867,-0.1833697,0.03830957,-9.784369,0.2363113,0.009736845,0.007263466,0.0115463,0,0.08,-1.55,274.75
00:30.8,0,100,0,0,0,0,0,0,0,0,0.004564608,-0.00738633,0.001962646,-0.18351355,0.02514895,-9.7935135,0.21886928,0.009542772,0.007476324,0.011626128,0,0.08,-1.55,274.75
00:30.9,0,100,0,0,0,0,0,0,0,0,0.006383999,-0.01132419,0.001526622,-0.1836574,0.01198833,-9.802658,0.20142726,0.009348699,0.007689181,0.011705956,0,0.08,-1.55,274.75
00:30.9,0,100,0,0,0,0,0,0,0,0,0.006297968,-0.010724365,0.001591723,-0.18298245,0.01129196,-9.801141,0.18398524,0.009154625,0.007902039,0.011785784,0,0.08,-1.55,274.75
00:30.9,0,100,0,0,0,0,0,0,0,0,0.006211937,-0.01012454,0.001656824,-0.1823075,0.01059559,-9.799624,0.16654322,0.008960552,0.008114896,0.011865612,0,0.08,-1.55,274.75
00:30.9,0,100,0,0,0,0,0,0,0,0,0.005922311,-0.01088929,0.001162666,-0.18302735,0.012240605,-9.800654,0.1491012,0.008766479,0.008327754,0.01194544,0,0.08,-1.55,274.75
00:30.9,0,100,0,0,0,0,0,0,0,0,0.005632684,-0.01165404,0.000668508,-0.1837472,0.01388562,-9.801684,0.15360236,0.008974796,0.008620692,0.01181944,0,0.08,-1.55,274.748
00:31.0,0,100,0,0,0,0,0,0,0,0,0.005847737,-0.01113245,0.001390358,-0.1837521,0.01365838,-9.7999985,0.15810352,0.009183113,0.00891363,0.01169344,0,0.08,-1.55,274.746
00:31.0,0,100,0,0,0,0,0,0,0,0,0.00606279,-0.01061086,0.002112208,-0.183757,0.01343114,-9.798313,0.16260468,0.00939143,0.009206568,0.01156744,0,0.08,-1.55,274.744
00:31.0,0,100,0,0,0,0,0,0,0,0,0.006284783,-0.010740345,0.00166228,-0.1835428,0.01562593,-9.8000755,0.16710584,0.009599747,0.009499506,0.01144144,0,0.08,-1.55,274.742
00:31.0,0,100,0,0,0,0,0,0,0,0,0.006506775,-0.01086983,0.001212351,-0.1833286,0.01782072,-9.801838,0.171607,0.009808064,0.009792444,0.01131544,0,0.08,-1.55,274.74
00:31.0,0,100,0,0,0,0,0,0,0,0,0.006449648,-0.010751475,0.001487959,-0.1841164,0.01607491,-9.8026645,0.16316732,0.00948379,0.009751429,0.011176084,0,0.08,-1.55,274.74
00:31.1,0,100,0,0,0,0,0,0,0,0,0.00639252,-0.01063312,0.001763566,-0.1849042,0.0143291,-9.803491,0.15472764,0.009159516,0.009710414,0.011036728,0,0.08,-1.55,274.74
00:31.1,0,100,0,0,0,0,0,0,0,0,0.005915657,-0.010292664,0.001870728,-0.1840391,0.013426655,-9.802701,0.14628796,0.008835241,0.0096694,0.010897372,0,0.08,-1.55,274.74
00:31.1,0,100,0,0,0,0,0,0,0,0,0.005438794,-0.009952207,0.001977889,-0.183174,0.01252421,-9.801911,0.13784828,0.008510967,0.009628385,0.010758016,0,0.08,-1.55,274.74
00:31.1,0,100,0,0,0,0,0,0,0,0,0.003342698,-0.005715771,0.002807947,-0.1893431,0.02824693,-9.8060485,0.1294086,0.008186693,0.00958737,0.01061866,0,0.08,-1.55,274.74
00:31.1,0,100,0,0,0,0,0,0,0,0,0.001246601,-0.001479336,0.003638004,-0.1955122,0.04396965,-9.810186,0.1355977,0.008039834,0.00939301,0.010368202,0,0.08,-1.55,274.74
00:31.2,0,100,0,0,0,0,0,0,0,0,0.00378729,-0.00569541,0.002724123,-0.19026795,0.02832767,-9.806538,0.1417868,0.007892975,0.009198651,0.010117744,0,0.08,-1.55,274.74
00:31.2,0,100,0,0,0,0,0,0,0,0,0.006327978,-0.009911484,0.001810241,-0.1850237,0.01268569,-9.80289,0.1479759,0.007746116,0.009004291,0.009867286,0,0.08,-1.55,274.74
00:31.2,0,100,0,0,0,0,0,0,0,0,0.006486974,-0.009979677,0.001574647,-0.1820245,0.012920295,-9.801558,0.154165,0.007599257,0.008809932,0.009616828,0,0.08,-1.55,274.74
00:31.2,0,100,0,0,0,0,0,0,0,0,0.00664597,-0.01004787,0.001339053,-0.1790253,0.0131549,-9.800226,0.1603541,0.007452398,0.008615572,0.00936637,0,0.08,-1.55,274.74
00:31.2,0,100,0,0,0,0,0,0,0,0,0.00651599,-0.0097984,0.001564158,-0.18033945,0.014934825,-9.801897,0.1665432,0.016661836,0.019079908,0.021512368,0,0.08,-1.55,274.74
00:31.3,0,100,0,0,0,0,0,0,0,0,0.00638601,-0.00954893,0.001789262,-0.1816536,0.01671475,-9.803568,0.1727323,0.025871275,0.029544243,0.033658366,0,0.08,-1.55,274.74
00:31.3,0,100,0,0,0,0,0,0,0,0,0.005963695,-0.01028808,0.001897287,-0.18182195,0.013583135,-9.804263,0.1789214,0.035080713,0.040008579,0.045804364,0,0.08,-1.55,274.74
00:31.3,0,100,0,0,0,0,0,0,0,0,0.005541379,-0.01102723,0.002005312,-0.1819903,0.01045152,-9.804958,0.1851105,0.044290152,0.050472914,0.057950362,0,0.08,-1.55,274.74
00:31.3,0,100,0,0,0,0,0,0,0,0,0.005480537,-0.01112914,0.001781053,-0.18207995,0.009272409,-9.806851,0.1912996,0.05349959,0.06093725,0.07009636,0,0.08,-1.55,274.74
00:31.3,0,100,0,0,0,0,0,0,0,0,0.005419694,-0.01123105,0.001556794,-0.1821696,0.008093298,-9.808744,0.18229726,0.044352015,0.050482393,0.058169298,0,0.078,-1.55,274.738
00:31.4,0,100,0,0,0,0,0,0,0,0,0.006044193,-0.01171533,0.00178753,-0.18197225,0.010926059,-9.80614,0.17329492,0.03520444,0.040027536,0.046242236,0,0.076,-1.55,274.736
00:31.4,0,100,0,0,0,0,0,0,0,0,0.006668691,-0.01219961,0.002018266,-0.1817749,0.01375882,-9.803536,0.16429258,0.026056866,0.029572679,0.034315174,0,0.074,-1.55,274.734
00:31.4,0,100,0,0,0,0,0,0,0,0,0.006247797,-0.010728084,0.001787952,-0.1821772,0.01404914,-9.8078465,0.15529024,0.016909291,0.019117822,0.022388112,0,0.072,-1.55,274.732
00:31.4,0,100,0,0,0,0,0,0,0,0,0.005826902,-0.009256559,0.001557637,-0.1825795,0.01433946,-9.812157,0.1462879,0.007761716,0.008662965,0.01046105,0,0.07,-1.55,274.73
00:31.4,0,100,0,0,0,0,0,0,0,0,0.001779846,-0.005178596,0.000279688,-0.18275395,0.02943158,-9.8010935,0.13728558,0.007902989,0.008993956,0.010882728,0,0.07,-1.55,274.73
00:31.5,0,100,0,0,0,0,0,0,0,0,-0.002267211,-0.001100633,-0.000998261,-0.1829284,0.0445237,-9.79003,0.12828326,0.008044262,0.009324947,0.011304406,0,0.07,-1.55,274.73
00:31.5,0,100,0,0,0,0,0,0,0,0,0.000719645,-0.000346589,0.000632061,-0.19107745,0.04089131,-9.791603,0.11928094,0.008185535,0.009655938,0.011726084,0,0.07,-1.55,274.73
00:31.5,0,100,0,0,0,0,0,0,0,0,0.003706501,0.000407455,0.002262382,-0.1992265,0.03725892,-9.793176,0.11027862,0.008326808,0.009986929,0.012147762,0,0.07,-1.55,274.73
00:31.5,0,100,0,0,0,0,0,0,0,0,0.004639216,-0.005656602,0.001779297,-0.1912942,0.02521993,-9.799565,0.1012763,0.008468081,0.01031792,0.01256944,0,0.07,-1.55,274.73
00:31.5,0,100,0,0,0,0,0,0,0,0,0.00557193,-0.01172066,0.001296212,-0.1833619,0.01318094,-9.805954,0.13109652,0.008609703,0.010221789,0.012888568,0,0.07,-1.548,274.73
00:31.6,0,100,0,0,0,0,0,0,0,0,0.005678577,-0.0108543,0.001103922,-0.1810714,0.014068775,-9.803724,0.16091674,0.008751325,0.010125658,0.013207696,0,0.07,-1.546,274.73
00:31.6,0,100,0,0,0,0,0,0,0,0,0.005785224,-0.009987939,0.000911631,-0.1787809,0.01495661,-9.801494,0.19073696,0.008892946,0.010029527,0.013526824,0,0.07,-1.544,274.73
00:31.6,0,100,0,0,0,0,0,0,0,0,0.006293994,-0.010142445,0.001488277,-0.1801355,0.01484652,-9.806352,0.22055718,0.009034568,0.009933396,0.013845952,0,0.07,-1.542,274.73
00:31.6,0,100,0,0,0,0,0,0,0,0,0.006802764,-0.01029695,0.002064922,-0.1814901,0.01473643,-9.81121,0.2503774,0.00917619,0.009837265,0.01416508,0,0.07,-1.54,274.73
00:31.6,0,100,0,0,0,0,0,0,0,0,0.006720917,-0.010347225,0.001761574,-0.1836736,0.01482464,-9.8081245,0.216056004,0.00900947,0.009684458,0.013659284,0,0.07,-1.54,274.73
00:31.7,0,100,0,0,0,0,0,0,0,0,0.006639069,-0.0103975,0.001458227,-0.1858571,0.01491285,-9.805039,0.181734608,0.008842751,0.009531651,0.013153488,0,0.07,-1.54,274.73
00:31.7,0,100,0,0,0,0,0,0,0,0,0.003679528,-0.00438011,0.002050194,-0.18626395,0.02880198,-9.7979155,0.147413212,0.008676031,0.009378845,0.012647692,0,0.07,-1.54,274.73
00:31.7,0,100,0,0,0,0,0,0,0,0,0.000719986,0.001637281,0.002642161,-0.1866708,0.04269111,-9.790792,0.113091816,0.008509312,0.009226038,0.012141896,0,0.07,-1.54,274.73
00:31.7,0,100,0,0,0,0,0,0,0,0,0.00288013,-0.004370574,0.001988028,-0.1820114,0.02735986,-9.800402,0.07877042,0.008342592,0.009073231,0.0116361,0,0.07,-1.54,274.73
00:31.7,0,100,0,0,0,0,0,0,0,0,0.005040274,-0.01037843,0.001333894,-0.177352,0.01202861,-9.810012,0.073706608,0.008336835,0.008978825,0.011417916,0,0.07,-1.54,274.73
00:31.8,0,100,0,0,0,0,0,0,0,0,0.005907671,-0.010878145,0.001606656,-0.17966635,0.01183794,-9.8104365,0.068642796,0.008331078,0.008884419,0.011199732,0,0.07,-1.54,274.73
00:31.8,0,100,0,0,0,0,0,0,0,0,0.006775068,-0.01137786,0.001879418,-0.1819807,0.01164727,-9.810861,0.063578984,0.00832532,0.008790012,0.010981548,0,0.07,-1.54,274.73
00:31.8,0,100,0,0,0,0,0,0,0,0,0.005847612,-0.011495065,0.001443522,-0.18137815,0.012934775,-9.80847,0.058515172,0.008319563,0.008695606,0.010763364,0,0.07,-1.54,274.73
00:31.8,0,100,0,0,0,0,0,0,0,0,0.004920155,-0.01161227,0.001007625,-0.1807756,0.01422228,-9.806079,0.05345136,0.008313806,0.0086012,0.01054518,0,0.07,-1.54,274.73
00:31.8,0,100,0,0,0,0,0,0,0,0,0.003031145,-0.008865441,0.001479579,-0.1878759,0.03166729,-9.8005565,0.056827234,0.017874725,0.019918188,0.021448138,0,0.07,-1.54,274.73
00:31.9,0,100,0,0,0,0,0,0,0,0,0.001142135,-0.006118611,0.001951532,-0.1949762,0.0491123,-9.795034,0.060203108,0.027435644,0.031235176,0.032351096,0,0.07,-1.54,274.73
00:31.9,0,100,0,0,0,0,0,0,0,0,0.003491395,-0.007875767,0.001249527,-0.1893064,0.031311445,-9.800461,0.063578982,0.036996562,0.042552164,0.043254054,0,0.07,-1.54,274.73
00:31.9,0,100,0,0,0,0,0,0,0,0,0.005840655,-0.009632923,0.000547523,-0.1836366,0.01351059,-9.805888,0.066954856,0.046557481,0.053869152,0.054157012,0,0.07,-1.54,274.73
00:31.9,0,100,0,0,0,0,0,0,0,0,0.006126795,-0.010154871,0.001307425,-0.18310545,0.01228977,-9.8047075,0.07033073,0.0561184,0.06518614,0.06505997,0,0.07,-1.54,274.73
00:31.9,0,100,0,0,0,0,0,0,0,0,0.006412934,-0.01067682,0.002067327,-0.1825743,0.01106895,-9.803527,0.082146304,0.055974754,0.065800076,0.06555181,0,0.07,-1.54,274.73
00:32.0,0,100,0,0,0,0,0,0,0,0,0.006719696,-0.011057835,0.001165497,-0.18607685,0.01156559,-9.805747,0.093961878,0.055831108,0.066414012,0.06604365,0,0.07,-1.54,274.73
00:32.0,0,100,0,0,0,0,0,0,0,0,0.007026457,-0.01143885,0.000263667,-0.1895794,0.01206223,-9.807967,0.105777452,0.055687462,0.067027948,0.06653549,0,0.07,-1.54,274.73
00:32.0,0,100,0,0,0,0,0,0,0,0,0.005965341,-0.011513625,0.000806709,-0.1860416,0.01253603,-9.8069265,0.117593026,0.055543816,0.067641884,0.06702733,0,0.07,-1.54,274.73
00:32.0,0,100,0,0,0,0,0,0,0,0,0.004904225,-0.0115884,0.001349752,-0.1825038,0.01300983,-9.805886,0.1294086,0.05540017,0.06825582,0.06751917,0,0.07,-1.54,274.73
00:32.0,0,100,0,0,0,0,0,0,0,0,0.005597139,-0.01140977,0.001269904,-0.18324155,0.01305172,-9.8058695,0.15078914,0.045910615,0.056226118,0.055833055,0,0.07,-1.54,274.728
00:32.1,0,100,0,0,0,0,0,0,0,0,0.006290053,-0.01123114,0.001190056,-0.1839793,0.01309361,-9.805853,0.17216968,0.03642106,0.044196416,0.04414694,0,0.07,-1.54,274.726
00:32.1,0,100,0,0,0,0,0,0,0,0,0.006067365,-0.01151385,0.001247731,-0.1842681,0.01361972,-9.805961,0.19355022,0.026931506,0.032166713,0.032460826,0,0.07,-1.54,274.724
00:32.1,0,100,0,0,0,0,0,0,0,0,0.005844677,-0.01179656,0.001305405,-0.1845569,0.01414583,-9.806069,0.21493076,0.017441951,0.020137011,0.020774711,0,0.07,-1.54,274.722
00:32.1,0,100,0,0,0,0,0,0,0,0,0.006311797,-0.011736315,0.001414921,-0.1839175,0.0155669,-9.8059235,0.2363113,0.007952396,0.008107309,0.009088596,0,0.07,-1.54,274.72
00:32.1,0,100,0,0,0,0,0,0,0,0,0.006778916,-0.01167607,0.001524436,-0.1832781,0.01698797,-9.805778,0.22111986,0.007994928,0.008073322,0.009245398,0,0.07,-1.54,274.72
00:32.2,0,100,0,0,0,0,0,0,0,0,0.003959284,-0.006491102,0.002483803,-0.1898816,0.030916925,-9.7992295,0.20592842,0.00803746,0.008039335,0.009402201,0,0.07,-1.54,274.72
00:32.2,0,100,0,0,0,0,0,0,0,0,0.001139652,-0.001306133,0.00344317,-0.1964851,0.04484588,-9.792681,0.19073698,0.008079991,0.008005349,0.009559003,0,0.07,-1.54,274.72
00:32.2,0,100,0,0,0,0,0,0,0,0,0.004167548,-0.005684892,0.002287248,-0.1906072,0.02907345,-9.7996125,0.17554554,0.008122523,0.007971362,0.009715806,0,0.07,-1.54,274.72
00:32.2,0,100,0,0,0,0,0,0,0,0,0.007195443,-0.01006365,0.001131326,-0.1847293,0.01330102,-9.806544,0.1603541,0.008165055,0.007937375,0.009872608,0,0.07,-1.54,274.72
00:32.2,0,100,0,0,0,0,0,0,0,0,0.006864202,-0.009683069,0.001255858,-0.18319195,0.011837375,-9.8073235,0.1676685,0.008352651,0.00810745,0.009621339,0,0.07,-1.54,274.72
00:32.3,0,100,0,0,0,0,0,0,0,0,0.006532962,-0.009302488,0.001380389,-0.1816546,0.01037373,-9.808103,0.1749829,0.008540247,0.008277525,0.009370071,0,0.07,-1.54,274.72
00:32.3,0,100,0,0,0,0,0,0,0,0,0.006074734,-0.009533774,0.001309152,-0.18281175,0.010500025,-9.808178,0.1822973,0.008727844,0.008447599,0.009118802,0,0.07,-1.54,274.72
00:32.3,0,100,0,0,0,0,0,0,0,0,0.005616505,-0.00976506,0.001237915,-0.1839689,0.01062632,-9.808253,0.1896117,0.00891544,0.008617674,0.008867534,0,0.07,-1.54,274.72
00:32.3,0,100,0,0,0,0,0,0,0,0,0.006080725,-0.01060389,0.001103987,-0.18131615,0.011529605,-9.8058915,0.1969261,0.009103036,0.008787749,0.008616265,0,0.07,-1.54,274.72
00:32.3,0,100,0,0,0,0,0,0,0,0,0.006544944,-0.01144272,0.000970059,-0.1786634,0.01243289,-9.80353,0.19748874,0.008898203,0.008716012,0.008706206,0,0.068,-1.54,274.72
00:32.4,0,100,0,0,0,0,0,0,0,0,0.006364138,-0.011131335,0.001143953,-0.18153415,0.01294127,-9.8068925,0.19805138,0.008693371,0.008644275,0.008796147,0,0.066,-1.54,274.72
00:32.4,0,100,0,0,0,0,0,0,0,0,0.006183331,-0.01081995,0.001317846,-0.1844049,0.01344965,-9.810255,0.19861402,0.008488538,0.008572537,0.008886087,0,0.064,-1.54,274.72
00:32.4,0,100,0,0,0,0,0,0,0,0,0.005789068,-0.01047411,0.001060472,-0.18301445,0.013968505,-9.8071155,0.19917666,0.008283706,0.0085008,0.008976028,0,0.062,-1.54,274.72
00:32.4,0,100,0,0,0,0,0,0,0,0,0.005394804,-0.01012827,0.000803097,-0.181624,0.01448736,-9.803976,0.1997393,0.008078873,0.008429063,0.009065969,0,0.06,-1.54,274.72
00:32.4,0,100,0,0,0,0,0,0,0,0,0.006354568,-0.010034307,0.000712066,-0.17979015,0.01387632,-9.803495,0.18342256,0.008292784,0.008245083,0.009034298,0,0.06,-1.54,274.718
00:32.5,0,100,0,0,0,0,0,0,0,0,0.007314331,-0.009940343,0.000621034,-0.1779563,0.01326528,-9.803014,0.16710582,0.008506695,0.008061102,0.009002627,0,0.06,-1.54,274.716
00:32.5,0,100,0,0,0,0,0,0,0,0,0.003623672,-0.006339449,-0.000266269,-0.1905457,0.03299668,-9.8023165,0.15078908,0.008720607,0.007877122,0.008970956,0,0.06,-1.54,274.714
00:32.5,0,100,0,0,0,0,0,0,0,0,-6.70E-05,-0.002738555,-0.001153573,-0.2031351,0.05272808,-9.801619,0.13447234,0.008934518,0.007693141,0.008939285,0,0.06,-1.54,274.712
00:32.5,0,100,0,0,0,0,0,0,0,0,0.003424322,-0.006518978,-0.000178526,-0.1918393,0.0327921,-9.802485,0.1181556,0.009148429,0.007509161,0.008907614,0,0.06,-1.54,274.71
00:32.5,0,100,0,0,0,0,0,0,0,0,0.006915632,-0.0102994,0.000796521,-0.1805435,0.01285612,-9.803351,0.13503498,0.009026053,0.007345144,0.008852179,0,0.06,-1.54,274.71
00:32.6,0,100,0,0,0,0,0,0,0,0,0.006220154,-0.010052987,0.001180958,-0.1814012,0.01320042,-9.8054105,0.15191436,0.008903677,0.007181127,0.008796744,0,0.06,-1.54,274.71
00:32.6,0,100,0,0,0,0,0,0,0,0,0.005524676,-0.009806575,0.001565394,-0.1822589,0.01354472,-9.80747,0.16879374,0.0087813,0.00701711,0.008741309,0,0.06,-1.54,274.71
00:32.6,0,100,0,0,0,0,0,0,0,0,0.005776466,-0.010247223,0.002171907,-0.18357255,0.01407196,-9.805712,0.18567312,0.008658924,0.006853093,0.008685874,0,0.06,-1.54,274.71
00:32.6,0,100,0,0,0,0,0,0,0,0,0.006028256,-0.01068787,0.002778419,-0.1848862,0.0145992,-9.803954,0.2025525,0.008536548,0.006689076,0.008630439,0,0.06,-1.54,274.71
00:32.6,0,100,0,0,0,0,0,0,0,0,0.003304773,-0.007479925,0.002034739,-0.18697985,0.02658871,-9.797942,0.20086456,0.008521816,0.007140247,0.008523597,0,0.06,-1.54,274.71
00:32.7,0,100,0,0,0,0,0,0,0,0,0.00058129,-0.00427198,0.001291059,-0.1890735,0.03857822,-9.79193,0.19917662,0.008507085,0.007591418,0.008416755,0,0.06,-1.54,274.71
00:32.7,0,100,0,0,0,0,0,0,0,0,0.003478843,-0.006767214,0.00150412,-0.1842126,0.02646092,-9.800038,0.19748868,0.008492353,0.008042589,0.008309914,0,0.06,-1.54,274.71
00:32.7,0,100,0,0,0,0,0,0,0,0,0.006376396,-0.009262448,0.001717181,-0.1793517,0.01434362,-9.808146,0.19580074,0.008477622,0.00849376,0.008203072,0,0.06,-1.54,274.71
00:32.7,0,100,0,0,0,0,0,0,0,0,0.00706607,-0.009194572,0.001730048,-0.18161815,0.013059005,-9.8068025,0.1941128,0.00846289,0.008944931,0.00809623,0,0.06,-1.54,274.71
00:32.7,0,100,0,0,0,0,0,0,0,0,0.007755744,-0.009126696,0.001742916,-0.1838846,0.01177439,-9.805459,0.19355016,0.018409308,0.019579905,0.02083206,0,0.06,-1.54,274.71
00:32.8,0,100,0,0,0,0,0,0,0,0,0.006419764,-0.009656838,0.000988737,-0.18439775,0.013008235,-9.8060085,0.19298752,0.028355726,0.030214879,0.03356789,0,0.06,-1.54,274.71
00:32.8,0,100,0,0,0,0,0,0,0,0,0.005083783,-0.01018698,0.000234558,-0.1849109,0.01424208,-9.806558,0.19242488,0.038302144,0.040849852,0.04630372,0,0.06,-1.54,274.71
00:32.8,0,100,0,0,0,0,0,0,0,0,0.005735574,-0.010734135,0.000324444,-0.1840937,0.01582253,-9.807746,0.19186224,0.048248562,0.051484826,0.05903955,0,0.06,-1.54,274.71
00:32.8,0,100,0,0,0,0,0,0,0,0,0.006387364,-0.01128129,0.000414329,-0.1832765,0.01740298,-9.808934,0.1912996,0.05819498,0.0621198,0.07177538,0,0.06,-1.54,274.71
00:32.8,0,100,0,0,0,0,0,0,0,0,0.002167047,-0.007030439,0.001567926,-0.19216365,0.032291635,-9.8062465,0.19973928,0.048170231,0.051435789,0.059410884,0,0.06,-1.54,274.71
00:32.9,0,100,0,0,0,0,0,0,0,0,-0.002053271,-0.002779588,0.002721522,-0.2010508,0.04718029,-9.803559,0.20817896,0.038145482,0.040751778,0.047046388,0,0.06,-1.54,274.71
00:32.9,0,100,0,0,0,0,0,0,0,0,0.002063129,-0.006925889,0.002076481,-0.1926135,0.02997303,-9.8036,0.21661864,0.028120732,0.030067766,0.034681893,0,0.06,-1.54,274.71
00:32.9,0,100,0,0,0,0,0,0,0,0,0.006179529,-0.01107219,0.00143144,-0.1841762,0.01276577,-9.803641,0.22505832,0.018095983,0.019383755,0.022317397,0,0.06,-1.54,274.71
00:32.9,0,100,0,0,0,0,0,0,0,0,0.005965864,-0.01108402,0.001564227,-0.1842139,0.01478526,-9.805515,0.233498,0.008071234,0.008699744,0.009952901,0,0.06,-1.54,274.71
00:32.9,0,100,0,0,0,0,0,0,0,0,0.0057522,-0.01109585,0.001697014,-0.1842516,0.01680475,-9.807389,0.21661864,0.007958604,0.008718533,0.009934406,0,0.06,-1.54,274.71
00:33.0,0,100,0,0,0,0,0,0,0,0,0.005986558,-0.010777985,0.001604286,-0.18410695,0.013753295,-9.8061865,0.19973928,0.007845973,0.008737322,0.00991591,0,0.06,-1.54,274.71
00:33.0,0,100,0,0,0,0,0,0,0,0,0.006220916,-0.01046012,0.001511558,-0.1839623,0.01070184,-9.804984,0.18285992,0.007733343,0.00875611,0.009897415,0,0.06,-1.54,274.71
00:33.0,0,100,0,0,0,0,0,0,0,0,0.005971526,-0.009788413,0.001600876,-0.18313755,0.0138195,-9.8074375,0.16598056,0.007620712,0.008774899,0.009878919,0,0.06,-1.54,274.71
00:33.0,0,100,0,0,0,0,0,0,0,0,0.005722136,-0.009116706,0.001690194,-0.1823128,0.01693716,-9.809891,0.1491012,0.007508082,0.008793688,0.009860424,0,0.06,-1.54,274.71
00:33.0,0,100,0,0,0,0,0,0,0,0,0.006063919,-0.009521453,0.001305541,-0.1834197,0.0174409,-9.8082015,0.134472398,0.007700272,0.008818512,0.009885175,0,0.06,-1.54,274.708
00:33.1,0,100,0,0,0,0,0,0,0,0,0.006405702,-0.009926199,0.000920889,-0.1845266,0.01794464,-9.806512,0.119843596,0.007892462,0.008843336,0.009909926,0,0.06,-1.54,274.706
00:33.1,0,100,0,0,0,0,0,0,0,0,0.005929941,-0.010946,0.000706022,-0.18423255,0.017152165,-9.806972,0.105214794,0.008084652,0.008868159,0.009934676,0,0.06,-1.54,274.704
00:33.1,0,100,0,0,0,0,0,0,0,0,0.00545418,-0.0119658,0.000491155,-0.1839385,0.01635969,-9.807432,0.090585992,0.008276842,0.008892983,0.009959427,0,0.06,-1.54,274.702
00:33.1,0,100,0,0,0,0,0,0,0,0,0.005638258,-0.01116054,0.000776852,-0.18425065,0.01527678,-9.80727,0.07595719,0.008469032,0.008917807,0.009984178,0,0.06,-1.54,274.7
00:33.1,0,100,0,0,0,0,0,0,0,0,0.005822336,-0.01035528,0.001062548,-0.1845628,0.01419387,-9.807108,0.092273912,0.008225157,0.008797777,0.00975228,0,0.06,-1.538,274.7
00:33.2,0,100,0,0,0,0,0,0,0,0,0.003464926,-0.006341023,0.000396227,-0.1916,0.031173505,-9.80119,0.108590634,0.007981283,0.008677748,0.009520382,0,0.06,-1.536,274.7
00:33.2,0,100,0,0,0,0,0,0,0,0,0.001107516,-0.002326766,-0.000270094,-0.1986372,0.04815314,-9.795272,0.124907356,0.007737408,0.008557718,0.009288484,0,0.06,-1.534,274.7
00:33.2,0,100,0,0,0,0,0,0,0,0,0.003525548,-0.006471928,0.000555296,-0.1899638,0.0303514,-9.7990345,0.141224078,0.007493534,0.008437689,0.009056586,0,0.06,-1.532,274.7
00:33.2,0,100,0,0,0,0,0,0,0,0,0.005943581,-0.01061709,0.001380687,-0.1812904,0.01254966,-9.802797,0.1575408,0.007249659,0.008317659,0.008824688,0,0.06,-1.53,274.7
00:33.2,0,100,0,0,0,0,0,0,0,0,0.00573278,-0.0107671,0.001584179,-0.18267075,0.0149799,-9.802776,0.20142718,0.007402147,0.00823949,0.009163178,0,0.06,-1.53,274.7
00:33.3,0,100,0,0,0,0,0,0,0,0,0.005521978,-0.01091711,0.00178767,-0.1840511,0.01741014,-9.802755,0.24531356,0.007554635,0.00816132,0.009501669,0,0.06,-1.53,274.7
00:33.3,0,100,0,0,0,0,0,0,0,0,0.005356493,-0.010530905,0.001847547,-0.1830244,0.016874185,-9.8036515,0.28919994,0.007707122,0.008083151,0.009840159,0,0.06,-1.53,274.7
00:33.3,0,100,0,0,0,0,0,0,0,0,0.005191008,-0.0101447,0.001907423,-0.1819977,0.01633823,-9.804548,0.33308632,0.00785961,0.008004981,0.01017865,0,0.06,-1.53,274.7
00:33.3,0,100,0,0,0,0,0,0,0,0,0.001776748,-0.004943149,0.000193984,-0.187489,0.028660495,-9.7927885,0.3769727,0.008012098,0.007926812,0.01051714,0,0.06,-1.53,274.7
00:33.3,0,100,0,0,0,0,0,0,0,0,-0.001637513,0.000258401,-0.001519455,-0.1929803,0.04098276,-9.781029,0.33364898,0.01751087,0.019729986,0.022812456,0,0.06,-1.53,274.7
00:33.4,0,100,0,0,0,0,0,0,0,0,0.002625486,-0.004252279,-4.16E-05,-0.1881955,0.027312095,-9.793164,0.29032526,0.027009643,0.031533159,0.035107772,0,0.06,-1.53,274.7
00:33.4,0,100,0,0,0,0,0,0,0,0,0.006888485,-0.008762959,0.001436301,-0.1834107,0.01364143,-9.805299,0.24700154,0.036508415,0.043336333,0.047403088,0,0.06,-1.53,274.7
00:33.4,0,100,0,0,0,0,0,0,0,0,0.006349103,-0.009431885,0.001313994,-0.1841912,0.012297225,-9.8038775,0.20367782,0.046007188,0.055139506,0.059698404,0,0.06,-1.53,274.7
00:33.4,0,100,0,0,0,0,0,0,0,0,0.005809721,-0.01010081,0.001191687,-0.1849717,0.01095302,-9.802456,0.1603541,0.05550596,0.06694268,0.07199372,0,0.06,-1.53,274.7
00:33.4,0,100,0,0,0,0,0,0,0,0,0.005941977,-0.00992617,0.001751917,-0.18414805,0.01222758,-9.8015655,0.15697822,0.046139343,0.055138909,0.059640494,0,0.06,-1.53,274.7
00:33.5,0,100,0,0,0,0,0,0,0,0,0.006074232,-0.00975153,0.002312147,-0.1833244,0.01350214,-9.800675,0.15360234,0.036772727,0.043335138,0.047287268,0,0.06,-1.53,274.7
00:33.5,0,100,0,0,0,0,0,0,0,0,0.001917606,-0.007509788,0.000731569,-0.18389715,0.02968722,-9.796796,0.15022646,0.02740611,0.031531367,0.034934042,0,0.06,-1.53,274.7
00:33.5,0,100,0,0,0,0,0,0,0,0,-0.002239021,-0.005268045,-0.000849009,-0.1844699,0.0458723,-9.792917,0.14685058,0.018039494,0.019727596,0.022580816,0,0.06,-1.53,274.7
00:33.5,0,100,0,0,0,0,0,0,0,0,-0.000817069,-0.002967555,-0.000194565,-0.1902266,0.04661348,-9.8007175,0.1434747,0.008672877,0.007923825,0.01022759,0,0.06,-1.53,274.7
00:33.5,0,100,0,0,0,0,0,0,0,0,0.000604882,-0.000667066,0.00045988,-0.1959833,0.04735466,-9.808518,0.131659136,0.008651831,0.008053481,0.010073505,0,0.06,-1.53,274.7
00:33.6,0,100,0,0,0,0,0,0,0,0,0.003096921,-0.005975033,0.00111017,-0.18989055,0.031656145,-9.8029535,0.119843572,0.008630785,0.008183137,0.009919419,0,0.06,-1.53,274.7
00:33.6,0,100,0,0,0,0,0,0,0,0,0.005588959,-0.011283,0.00176046,-0.1837978,0.01595763,-9.797389,0.108028008,0.008609738,0.008312794,0.009765334,0,0.06,-1.53,274.7
00:33.6,0,100,0,0,0,0,0,0,0,0,0.005886224,-0.010643315,0.001371928,-0.183075,0.01465725,-9.798013,0.096212444,0.008588692,0.00844245,0.009611248,0,0.06,-1.53,274.7
00:33.6,0,100,0,0,0,0,0,0,0,0,0.006183489,-0.01000363,0.000983395,-0.1823522,0.01335687,-9.798637,0.08439688,0.008567646,0.008572106,0.009457163,0,0.06,-1.53,274.7
00:33.6,0,100,0,0,0,0,0,0,0,0,0.005904023,-0.009961053,0.001185473,-0.183463,0.01324969,-9.798201,0.075394546,0.008392926,0.008481481,0.009432469,0,0.06,-1.53,274.7
00:33.7,0,100,0,0,0,0,0,0,0,0,0.005624557,-0.009918476,0.00138755,-0.1845738,0.01314251,-9.797765,0.066392212,0.008218207,0.008390857,0.009407775,0,0.06,-1.53,274.7
00:33.7,0,100,0,0,0,0,0,0,0,0,0.005444632,-0.010891373,0.001911314,-0.184493,0.01328719,-9.7994595,0.057389878,0.008043487,0.008300232,0.009383082,0,0.06,-1.53,274.7
00:33.7,0,100,0,0,0,0,0,0,0,0,0.005264706,-0.01186427,0.002435078,-0.1844122,0.01343187,-9.801154,0.048387544,0.007868768,0.008209608,0.009358388,0,0.06,-1.53,274.7
00:33.7,0,100,0,0,0,0,0,0,0,0,0.003824637,-0.008673569,0.002480708,-0.18670485,0.03291002,-9.795884,0.03938521,0.007694048,0.008118983,0.009333694,0,0.06,-1.53,274.7
00:33.7,0,100,0,0,0,0,0,0,0,0,0.002384567,-0.005482869,0.002526339,-0.1889975,0.05238817,-9.790614,0.048387544,0.007646306,0.008031147,0.009543861,0,0.06,-1.53,274.7
00:33.8,0,100,0,0,0,0,0,0,0,0,0.004138889,-0.00921427,0.002171578,-0.1855749,0.033074485,-9.7945615,0.057389878,0.007598564,0.00794331,0.009754028,0,0.06,-1.53,274.7
00:33.8,0,100,0,0,0,0,0,0,0,0,0.00589321,-0.01294567,0.001816816,-0.1821523,0.0137608,-9.798509,0.066392212,0.007550821,0.007855474,0.009964196,0,0.06,-1.53,274.7
00:33.8,0,100,0,0,0,0,0,0,0,0,0.00564571,-0.01163055,0.001818075,-0.1838341,0.01491952,-9.801295,0.075394546,0.007503079,0.007767637,0.010174363,0,0.06,-1.53,274.7
00:33.8,0,100,0,0,0,0,0,0,0,0,0.00539821,-0.01031543,0.001819334,-0.1855159,0.01607824,-9.804081,0.08439688,0.007455337,0.007679801,0.01038453,0,0.06,-1.53,274.7
00:33.8,0,100,0,0,0,0,0,0,0,0,0.005928848,-0.010117838,0.001429715,-0.18583515,0.01539668,-9.799641,0.07089338,0.007644542,0.007684012,0.010228064,0,0.06,-1.53,274.7
00:33.9,0,100,0,0,0,0,0,0,0,0,0.006459485,-0.009920245,0.001040095,-0.1861544,0.01471512,-9.795201,0.05738988,0.007833747,0.007688222,0.010071598,0,0.06,-1.53,274.7
00:33.9,0,100,0,0,0,0,0,0,0,0,0.003645421,-0.005997254,0.000453718,-0.18145155,0.03158164,-9.788622,0.04388638,0.008022951,0.007692433,0.009915131,0,0.06,-1.53,274.7
00:33.9,0,100,0,0,0,0,0,0,0,0,0.000831357,-0.002074263,-0.000132659,-0.1767487,0.04844816,-9.782043,0.03038288,0.008212156,0.007696643,0.009758665,0,0.06,-1.53,274.7
00:33.9,0,100,0,0,0,0,0,0,0,0,0.003726968,-0.006898171,0.000693283,-0.1813485,0.03219083,-9.789493,0.01687938,0.008401361,0.007700854,0.009602199,0,0.06,-1.53,274.7
00:33.9,0,100,0,0,0,0,0,0,0,0,0.006622579,-0.01172208,0.001519225,-0.1859483,0.0159335,-9.796943,0.045574324,0.00822234,0.007571671,0.009485265,0,0.06,-1.53,274.7
00:34.0,0,100,0,0,0,0,0,0,0,0,0.006577092,-0.011255725,0.001542763,-0.1849297,0.01609454,-9.796347,0.074269268,0.00804332,0.007442488,0.009368332,0,0.06,-1.53,274.7
00:34.0,0,100,0,0,0,0,0,0,0,0,0.006531604,-0.01078937,0.001566301,-0.1839111,0.01625558,-9.795751,0.102964212,0.007864299,0.007313304,0.009251398,0,0.06,-1.53,274.7
00:34.0,0,100,0,0,0,0,0,0,0,0,0.006378898,-0.010038436,0.001692107,-0.18384265,0.015126845,-9.7981225,0.131659156,0.007685279,0.007184121,0.009134465,0,0.06,-1.53,274.7
00:34.0,0,100,0,0,0,0,0,0,0,0,0.006226192,-0.009287501,0.001817913,-0.1837742,0.01399811,-9.800494,0.1603541,0.007506258,0.007054938,0.009017531,0,0.06,-1.53,274.7
00:34.0,0,100,0,0,0,0,0,0,0,0,0.006284172,-0.010199251,0.001251817,-0.184485,0.01374759,-9.7997325,0.17498288,0.01722484,0.018338302,0.021331267,0,0.06,-1.53,274.7
00:34.1,0,100,0,0,0,0,0,0,0,0,0.006342152,-0.011111,0.000685721,-0.1851958,0.01349707,-9.798971,0.18961166,0.026943423,0.029621667,0.033645003,0,0.06,-1.53,274.7
00:34.1,0,100,0,0,0,0,0,0,0,0,0.006234384,-0.011918055,0.001148477,-0.18294675,0.014511155,-9.7973555,0.20424044,0.036662005,0.040905031,0.045958738,0,0.06,-1.53,274.7
00:34.1,0,100,0,0,0,0,0,0,0,0,0.006126615,-0.01272511,0.001611233,-0.1806977,0.01552524,-9.79574,0.21886922,0.046380588,0.052188396,0.058272474,0,0.06,-1.53,274.7
00:34.1,0,100,0,0,0,0,0,0,0,0,0.006071708,-0.011290285,0.001492071,-0.1828629,0.015384835,-9.7956705,0.233498,0.05609917,0.06347176,0.07058621,0,0.06,-1.53,274.7
00:34.1,0,100,0,0,0,0,0,0,0,0,0.006016801,-0.00985546,0.001372909,-0.1850281,0.01524443,-9.795601,0.206491006,0.046408678,0.052332321,0.058347319,0,0.06,-1.53,274.7
00:34.2,0,100,0,0,0,0,0,0,0,0,0.006940792,-0.01005498,0.001241904,-0.1843806,0.015939135,-9.793603,0.179484012,0.036718185,0.041192882,0.046108428,0,0.06,-1.53,274.7
00:34.2,0,100,0,0,0,0,0,0,0,0,0.007864783,-0.0102545,0.001110899,-0.1837331,0.01663384,-9.791605,0.152477018,0.027027693,0.030053444,0.033869538,0,0.06,-1.53,274.7
00:34.2,0,100,0,0,0,0,0,0,0,0,0.00392671,-0.008310473,0.001742094,-0.19213365,0.029599805,-9.7936655,0.125470024,0.0173372,0.018914005,0.021630647,0,0.06,-1.53,274.7
00:34.2,0,100,0,0,0,0,0,0,0,0,-1.14E-05,-0.006366446,0.002373289,-0.2005342,0.04256577,-9.795726,0.09846303,0.007646708,0.007774566,0.009391756,0,0.06,-1.53,274.7
00:34.2,0,100,0,0,0,0,0,0,0,0,0.003024362,-0.007786923,0.001999226,-0.1914659,0.028083625,-9.795981,0.090023342,0.007673991,0.007886737,0.00913066,0,0.06,-1.53,274.7
00:34.3,0,100,0,0,0,0,0,0,0,0,0.006060087,-0.0092074,0.001625162,-0.1823976,0.01360148,-9.796236,0.081583654,0.007701274,0.007998908,0.008869563,0,0.06,-1.53,274.7
00:34.3,0,100,0,0,0,0,0,0,0,0,0.006552419,-0.00992674,0.001592187,-0.18308605,0.01452525,-9.795854,0.073143966,0.007728556,0.00811108,0.008608467,0,0.06,-1.53,274.7
00:34.3,0,100,0,0,0,0,0,0,0,0,0.007044751,-0.01064608,0.001559211,-0.1837745,0.01544902,-9.795472,0.064704278,0.007755839,0.008223251,0.00834737,0,0.06,-1.53,274.7
00:34.3,0,100,0,0,0,0,0,0,0,0,0.00648468,-0.01123445,0.001288376,-0.18273745,0.0148725,-9.795432,0.05626459,0.007783122,0.008335422,0.008086274,0,0.06,-1.53,274.7
00:34.3,0,100,0,0,0,0,0,0,0,0,0.005924609,-0.01182282,0.001017541,-0.1817004,0.01429598,-9.795392,0.087210112,0.007881559,0.008258857,0.008010466,0,0.06,-1.53,274.7
00:34.4,0,100,0,0,0,0,0,0,0,0,0.006126723,-0.010728259,0.001585052,-0.1828803,0.01406188,-9.795817,0.118155634,0.007979996,0.008182292,0.007934658,0,0.06,-1.53,274.7
00:34.4,0,100,0,0,0,0,0,0,0,0,0.006328836,-0.009633697,0.002152563,-0.1840602,0.01382778,-9.796242,0.149101156,0.008078432,0.008105727,0.007858849,0,0.06,-1.53,274.7
00:34.4,0,100,0,0,0,0,0,0,0,0,0.00585713,-0.009693726,0.001732739,-0.18155255,0.01588684,-9.7979605,0.180046678,0.008176869,0.008029162,0.007783041,0,0.06,-1.53,274.7
00:34.4,0,100,0,0,0,0,0,0,0,0,0.005385424,-0.009753755,0.001312914,-0.1790449,0.0179459,-9.799679,0.2109922,0.008275306,0.007952597,0.007707233,0,0.06,-1.53,274.7
00:34.4,0,100,0,0,0,0,0,0,0,0,0.005644534,-0.010194273,0.001964563,-0.1792283,0.01568406,-9.798462,0.19973928,0.008072308,0.008076769,0.007840156,0,0.06,-1.528,274.7
00:34.5,0,100,0,0,0,0,0,0,0,0,0.005903643,-0.01063479,0.002616212,-0.1794117,0.01342222,-9.797245,0.18848636,0.00786931,0.008200941,0.007973079,0,0.06,-1.526,274.7
00:34.5,0,100,0,0,0,0,0,0,0,0,0.006000153,-0.010395285,0.001715353,-0.179424,0.01279501,-9.797981,0.17723344,0.007666313,0.008325112,0.008106002,0,0.06,-1.524,274.7
00:34.5,0,100,0,0,0,0,0,0,0,0,0.006096662,-0.01015578,0.000814494,-0.1794363,0.0121678,-9.798717,0.16598052,0.007463315,0.008449284,0.008238925,0,0.06,-1.522,274.7
00:34.5,0,100,0,0,0,0,0,0,0,0,0.004159518,-0.006375375,0.000963423,-0.1817037,0.030485415,-9.803156,0.1547276,0.007260317,0.008573456,0.008371848,0,0.06,-1.52,274.7
00:34.5,0,100,0,0,0,0,0,0,0,0,0.002222374,-0.00259497,0.001112351,-0.1839711,0.04880303,-9.807595,0.109153288,0.007361218,0.008655196,0.008408061,0,0.06,-1.52,274.7
00:34.6,0,100,0,0,0,0,0,0,0,0,0.004053603,-0.00633112,0.001176097,-0.18081065,0.032255765,-9.8012625,0.063578976,0.007462118,0.008736936,0.008444274,0,0.06,-1.52,274.7
00:34.6,0,100,0,0,0,0,0,0,0,0,0.005884832,-0.01006727,0.001239842,-0.1776502,0.0157085,-9.79493,0.018004664,0.007563019,0.008818675,0.008480487,0,0.06,-1.52,274.7
00:34.6,0,100,0,0,0,0,0,0,0,0,0.005460533,-0.01020095,0.00182298,-0.1801958,0.01530827,-9.797267,-0.027569648,0.007663919,0.008900415,0.0085167,0,0.06,-1.52,274.7
00:34.6,0,100,0,0,0,0,0,0,0,0,0.005036234,-0.01033463,0.002406119,-0.1827414,0.01490804,-9.799604,-0.07314396,0.00776482,0.008982155,0.008552913,0,0.06,-1.52,274.7
00:34.6,0,100,0,0,0,0,0,0,0,0,0.005493878,-0.009901048,0.001264502,-0.1819451,0.013119885,-9.797108,-0.044449022,0.017688056,0.020521512,0.021678134,0,0.06,-1.52,274.7
00:34.7,0,100,0,0,0,0,0,0,0,0,0.005951522,-0.009467466,0.000122886,-0.1811488,0.01133173,-9.794612,-0.015754084,0.027611292,0.032060869,0.034803356,0,0.06,-1.52,274.7
00:34.7,0,100,0,0,0,0,0,0,0,0,0.001496404,-0.004388608,0.001481914,-0.187627,0.0216778,-9.7951425,0.012940854,0.037534528,0.043600226,0.047928577,0,0.06,-1.52,274.7
00:34.7,0,100,0,0,0,0,0,0,0,0,-0.002958714,0.00069025,0.002840942,-0.1941052,0.03202387,-9.795673,0.041635792,0.047457764,0.055139583,0.061053799,0,0.06,-1.52,274.7
00:34.7,0,100,0,0,0,0,0,0,0,0,0.001306956,-0.005310975,0.002540156,-0.1857988,0.023543775,-9.7965955,0.07033073,0.057381,0.06667894,0.07417902,0,0.06,-1.52,274.7
00:34.7,0,100,0,0,0,0,0,0,0,0,0.005572625,-0.0113122,0.002239371,-0.1774924,0.01506368,-9.797518,0.051763418,0.05726271,0.065881726,0.074124082,0,0.06,-1.52,274.7
00:34.8,0,100,0,0,0,0,0,0,0,0,0.006021818,-0.01161342,0.001801388,-0.1774993,0.014904585,-9.794695,0.033196106,0.05714442,0.065084512,0.074069144,0,0.06,-1.52,274.7
00:34.8,0,100,0,0,0,0,0,0,0,0,0.00647101,-0.01191464,0.001363405,-0.1775062,0.01474549,-9.791872,0.014628794,0.05702613,0.064287298,0.074014206,0,0.06,-1.52,274.7
00:34.8,0,100,0,0,0,0,0,0,0,0,0.006139279,-0.01158746,0.001256564,-0.1779099,0.012326215,-9.7940695,-0.003938518,0.05690784,0.063490084,0.073959268,0,0.06,-1.52,274.7
00:34.8,0,100,0,0,0,0,0,0,0,0,0.005807548,-0.01126028,0.001149722,-0.1783136,0.00990694,-9.796267,-0.02250583,0.05678955,0.06269287,0.07390433,0,0.06,-1.52,274.7
00:34.8,0,100,0,0,0,0,0,0,0,0,0.00640334,-0.011400605,0.001343461,-0.1781949,0.009681815,-9.795456,0.026444356,0.047276458,0.051706417,0.060990351,0,0.06,-1.52,274.7
00:34.9,0,100,0,0,0,0,0,0,0,0,0.006999132,-0.01154093,0.001537199,-0.1780762,0.009456689,-9.794645,0.075394542,0.037763366,0.040719964,0.048076371,0,0.06,-1.52,274.7
00:34.9,0,100,0,0,0,0,0,0,0,0,0.004021941,-0.006294115,0.000224547,-0.18564795,0.030110415,-9.7941475,0.124344728,0.028250274,0.02973351,0.035162392,0,0.06,-1.52,274.7
00:34.9,0,100,0,0,0,0,0,0,0,0,0.001044749,-0.0010473,-0.001088105,-0.1932197,0.05076414,-9.79365,0.173294914,0.018737182,0.018747057,0.022248412,0,0.06,-1.52,274.7
00:34.9,0,100,0,0,0,0,0,0,0,0,0.003520946,-0.0061451,7.81E-05,-0.18606765,0.03272234,-9.7961465,0.2222451,0.00922409,0.007760604,0.009334433,0,0.06,-1.52,274.7
00:34.9,0,100,0,0,0,0,0,0,0,0,0.005997142,-0.0112429,0.001244395,-0.1789156,0.01468054,-9.798643,0.2014272,0.009245431,0.007853369,0.009271134,0,0.058,-1.52,274.7
00:35.0,0,100,0,0,0,0,0,0,0,0,0.006137485,-0.011332095,0.001344316,-0.18049055,0.0149703,-9.797616,0.1806093,0.009266772,0.007946134,0.009207835,0,0.056,-1.52,274.7
00:35.0,0,100,0,0,0,0,0,0,0,0,0.006277829,-0.01142129,0.001444237,-0.1820655,0.01526006,-9.796589,0.1597914,0.009288112,0.0080389,0.009144535,0,0.054,-1.52,274.7
00:35.0,0,100,0,0,0,0,0,0,0,0,0.0060884,-0.010498759,0.0006065,-0.18117665,0.01754647,-9.795975,0.1389735,0.009309453,0.008131665,0.009081236,0,0.052,-1.52,274.7
00:35.0,0,100,0,0,0,0,0,0,0,0,0.00589897,-0.009576228,-0.000231236,-0.1802878,0.01983288,-9.795361,0.1181556,0.009330794,0.00822443,0.009017937,0,0.05,-1.52,274.7
00:35.0,0,100,0,0,0,0,0,0,0,0,0.006532227,-0.009604984,0.000628557,-0.180459,0.016499225,-9.7988775,0.13672292,0.009018219,0.008146326,0.008974634,0,0.052,-1.52,274.7
00:35.1,0,100,0,0,0,0,0,0,0,0,0.007165485,-0.009633739,0.001488351,-0.1806302,0.01316557,-9.802394,0.15529024,0.008705644,0.008068223,0.008931332,0,0.054,-1.52,274.7
00:35.1,0,100,0,0,0,0,0,0,0,0,0.007226164,-0.009805762,0.001756653,-0.1809491,0.013909605,-9.8025,0.17385756,0.008393068,0.007990119,0.008888029,0,0.056,-1.52,274.7
00:35.1,0,100,0,0,0,0,0,0,0,0,0.007286843,-0.009977785,0.002024955,-0.181268,0.01465364,-9.802606,0.19242488,0.008080493,0.007912016,0.008844727,0,0.058,-1.52,274.7
00:35.1,0,100,0,0,0,0,0,0,0,0,0.006529091,-0.010551697,0.001853566,-0.180768,0.01337665,-9.8014605,0.2109922,0.007767918,0.007833912,0.008801424,0,0.06,-1.52,274.7
00:35.1,0,100,0,0,0,0,0,0,0,0,0.005771339,-0.01112561,0.001682176,-0.180268,0.01209966,-9.800315,0.2171813,0.007810877,0.008025233,0.008636888,0,0.06,-1.52,274.7
00:35.2,0,100,0,0,0,0,0,0,0,0,0.005795694,-0.010739395,0.001461154,-0.17969385,0.014071185,-9.798682,0.2233704,0.007853836,0.008216554,0.008472353,0,0.06,-1.52,274.7
00:35.2,0,100,0,0,0,0,0,0,0,0,0.005820048,-0.01035318,0.001240131,-0.1791197,0.01604271,-9.797049,0.2295595,0.007896795,0.008407876,0.008307817,0,0.06,-1.52,274.7
00:35.2,0,100,0,0,0,0,0,0,0,0,0.003898839,-0.004198876,6.36E-05,-0.1781744,0.023191765,-9.791183,0.2357486,0.007939754,0.008599197,0.008143282,0,0.06,-1.52,274.7
00:35.2,0,100,0,0,0,0,0,0,0,0,0.001977629,0.001955428,-0.001112929,-0.1772291,0.03034082,-9.785317,0.2419377,0.007982713,0.008790518,0.007978746,0,0.06,-1.52,274.7
00:35.2,0,100,0,0,0,0,0,0,0,0,0.003701801,-0.004234631,-0.000146455,-0.17649725,0.022746215,-9.793499,0.243063,0.00807862,0.008863598,0.008062512,0,0.058,-1.52,274.7
00:35.3,0,100,0,0,0,0,0,0,0,0,0.005425973,-0.01042469,0.00082002,-0.1757654,0.01515161,-9.801681,0.2441883,0.008174527,0.008936679,0.008146277,0,0.056,-1.52,274.7
00:35.3,0,100,0,0,0,0,0,0,0,0,0.005849246,-0.010452005,0.000870779,-0.17800565,0.013627375,-9.803279,0.2453136,0.008270435,0.009009759,0.008230043,0,0.054,-1.52,274.7
00:35.3,0,100,0,0,0,0,0,0,0,0,0.006272519,-0.01047932,0.000921539,-0.1802459,0.01210314,-9.804877,0.2464389,0.008366342,0.00908284,0.008313808,0,0.052,-1.52,274.7
00:35.3,0,100,0,0,0,0,0,0,0,0,0.006704158,-0.011233025,0.000833247,-0.1804558,0.01409849,-9.8030325,0.2475642,0.008462249,0.00915592,0.008397574,0,0.05,-1.52,274.7
00:35.3,0,100,0,0,0,0,0,0,0,0,0.007135797,-0.01198673,0.000744955,-0.1806657,0.01609384,-9.801188,0.21436809,0.018082033,0.020518514,0.020816295,0,0.05,-1.52,274.7
00:35.4,0,100,0,0,0,0,0,0,0,0,0.006729425,-0.010621236,0.001068433,-0.18132205,0.01505935,-9.8027695,0.18117198,0.027701817,0.031881108,0.033235016,0,0.05,-1.52,274.7
00:35.4,0,100,0,0,0,0,0,0,0,0,0.006323052,-0.009255743,0.001391911,-0.1819784,0.01402486,-9.804351,0.14797587,0.037321602,0.043243702,0.045653738,0,0.05,-1.52,274.7
00:35.4,0,100,0,0,0,0,0,0,0,0,0.006597014,-0.009210333,0.001216294,-0.18026085,0.01460144,-9.8053355,0.11477976,0.046941386,0.054606296,0.058072459,0,0.05,-1.52,274.7
00:35.4,0,100,0,0,0,0,0,0,0,0,0.006870975,-0.009164922,0.001040677,-0.1785433,0.01517802,-9.80632,0.08158365,0.05656117,0.06596889,0.07049118,0,0.05,-1.52,274.7
00:35.4,0,100,0,0,0,0,0,0,0,0,0.00597933,-0.009288397,0.000838441,-0.1793306,0.01433007,-9.803588,0.11928092,0.056279176,0.066054154,0.070386988,0,0.05,-1.52,274.7
00:35.5,0,100,0,0,0,0,0,0,0,0,0.005087685,-0.009411871,0.000636205,-0.1801179,0.01348212,-9.800856,0.15697819,0.055997182,0.066139418,0.070282796,0,0.05,-1.52,274.7
00:35.5,0,100,0,0,0,0,0,0,0,0,0.005052003,-0.010776846,0.00151307,-0.18011175,0.01425008,-9.801927,0.19467546,0.055715188,0.066224682,0.070178604,0,0.05,-1.52,274.7
00:35.5,0,100,0,0,0,0,0,0,0,0,0.00501632,-0.01214182,0.002389936,-0.1801056,0.01501804,-9.802998,0.23237273,0.055433194,0.066309946,0.070074412,0,0.05,-1.52,274.7
00:35.5,0,100,0,0,0,0,0,0,0,0,0.002809304,-0.007421571,0.000736384,-0.18569465,0.020164975,-9.8026735,0.27007,0.0551512,0.06639521,0.06997022,0,0.05,-1.52,274.7
00:35.5,0,100,0,0,0,0,0,0,0,0,0.000602288,-0.002701322,-0.000917169,-0.1912837,0.02531191,-9.802349,0.228996856,0.045912335,0.055025703,0.058775262,0,0.05,-1.52,274.7
00:35.6,0,100,0,0,0,0,0,0,0,0,0.002366192,-0.002028339,-0.000165262,-0.18986035,0.02624022,-9.797718,0.187923712,0.03667347,0.043656196,0.047580304,0,0.05,-1.52,274.7
00:35.6,0,100,0,0,0,0,0,0,0,0,0.004130095,-0.001355356,0.000586645,-0.188437,0.02716853,-9.793087,0.146850568,0.027434606,0.032286689,0.036385346,0,0.05,-1.52,274.7
00:35.6,0,100,0,0,0,0,0,0,0,0,0.004742151,-0.005923478,0.001288984,-0.1863488,0.018850685,-9.8008715,0.105777424,0.018195741,0.020917182,0.025190388,0,0.05,-1.52,274.7
00:35.6,0,100,0,0,0,0,0,0,0,0,0.005354207,-0.0104916,0.001991324,-0.1842606,0.01053284,-9.808656,0.06470428,0.008956876,0.009547675,0.01399543,0,0.05,-1.52,274.7
00:35.6,0,100,0,0,0,0,0,0,0,0,0.006083094,-0.009950481,0.001699535,-0.18237995,0.012741735,-9.806651,0.100150964,0.008949309,0.009531703,0.013587122,0,0.05,-1.518,274.7
00:35.7,0,100,0,0,0,0,0,0,0,0,0.006811981,-0.009409362,0.001407746,-0.1804993,0.01495063,-9.804646,0.135597648,0.008941742,0.009515731,0.013178814,0,0.05,-1.516,274.7
00:35.7,0,100,0,0,0,0,0,0,0,0,0.006811757,-0.009946511,0.001644769,-0.18111495,0.016167685,-9.806242,0.171044332,0.008934174,0.009499759,0.012770506,0,0.05,-1.514,274.7
00:35.7,0,100,0,0,0,0,0,0,0,0,0.006811533,-0.01048366,0.001881791,-0.1817306,0.01738474,-9.807838,0.206491016,0.008926607,0.009483787,0.012362198,0,0.05,-1.512,274.7
00:35.7,0,100,0,0,0,0,0,0,0,0,0.005630913,-0.010786105,0.001907197,-0.1822405,0.016092715,-9.8082225,0.2419377,0.00891904,0.009467815,0.01195389,0,0.05,-1.51,274.7
00:35.7,0,100,0,0,0,0,0,0,0,0,0.004450292,-0.01108855,0.001932602,-0.1827504,0.01480069,-9.808607,0.201989848,0.009069348,0.009326321,0.011925618,0,0.05,-1.51,274.7
00:35.8,0,100,0,0,0,0,0,0,0,0,0.003050758,-0.006394227,0.001709991,-0.19150185,0.030952145,-9.805287,0.162041996,0.009219656,0.009184827,0.011897346,0,0.05,-1.51,274.7
00:35.8,0,100,0,0,0,0,0,0,0,0,0.001651224,-0.001699904,0.001487379,-0.2002533,0.0471036,-9.801967,0.122094144,0.009369963,0.009043334,0.011869074,0,0.05,-1.51,274.7
00:35.8,0,100,0,0,0,0,0,0,0,0,0.003678235,-0.005367941,0.001348924,-0.190387,0.029959915,-9.8050795,0.082146292,0.009520271,0.00890184,0.011840802,0,0.05,-1.51,274.7
00:35.8,0,100,0,0,0,0,0,0,0,0,0.005705246,-0.009035978,0.001210469,-0.1805207,0.01281623,-9.808192,0.04219844,0.009670579,0.008760346,0.01181253,0,0.05,-1.51,274.7
00:35.8,0,100,0,0,0,0,0,0,0,0,0.006371755,-0.010929729,0.001128914,-0.1806548,0.01288861,-9.80683,0.069768092,0.009938519,0.008999026,0.012192354,0,0.05,-1.51,274.7
00:35.9,0,100,0,0,0,0,0,0,0,0,0.007038265,-0.01282348,0.001047359,-0.1807889,0.01296099,-9.805468,0.097337744,0.010206459,0.009237706,0.012572178,0,0.05,-1.51,274.7
00:35.9,0,100,0,0,0,0,0,0,0,0,0.006767535,-0.01173941,0.001011783,-0.18070255,0.01390493,-9.807539,0.124907396,0.0104744,0.009476386,0.012952002,0,0.05,-1.51,274.7
00:35.9,0,100,0,0,0,0,0,0,0,0,0.006496805,-0.01065534,0.000976207,-0.1806162,0.01484887,-9.80961,0.152477048,0.01074234,0.009715066,0.013331826,0,0.05,-1.51,274.7
00:35.9,0,100,0,0,0,0,0,0,0,0,0.003394981,-0.003030047,0.000557894,-0.18912335,0.02747728,-9.808456,0.1800467,0.01101028,0.009953746,0.01371165,0,0.05,-1.51,274.7
00:35.9,0,100,0,0,0,0,0,0,0,0,0.000293157,0.004595246,0.00013958,-0.1976305,0.04010569,-9.807302,0.1862358,0.010800085,0.009763483,0.013654956,0,0.05,-1.51,274.7
00:36.0,0,100,0,0,0,0,0,0,0,0,0.003512022,-0.002947597,0.001257884,-0.1876951,0.02915621,-9.807119,0.1924249,0.010589891,0.00957322,0.013598262,0,0.05,-1.51,274.7
00:36.0,0,100,0,0,0,0,0,0,0,0,0.006730887,-0.01049044,0.002376188,-0.1777597,0.01820673,-9.806936,0.198614,0.010379696,0.009382957,0.013541568,0,0.05,-1.51,274.7
00:36.0,0,100,0,0,0,0,0,0,0,0,0.006968346,-0.011096405,0.001972356,-0.1798071,0.01546811,-9.809082,0.2048031,0.010169502,0.009192694,0.013484874,0,0.05,-1.51,274.7
00:36.0,0,100,0,0,0,0,0,0,0,0,0.007205805,-0.01170237,0.001568523,-0.1818545,0.01272949,-9.811228,0.2109922,0.009959307,0.009002431,0.01342818,0,0.05,-1.51,274.7
00:36.0,0,100,0,0,0,0,0,0,0,0,0.006582843,-0.01159133,0.001448657,-0.1819134,0.01357665,-9.8104695,0.179484032,0.009824629,0.008994584,0.012875988,0,0.05,-1.51,274.698
00:36.1,0,100,0,0,0,0,0,0,0,0,0.00595988,-0.01148029,0.00132879,-0.1819723,0.01442381,-9.809711,0.147975864,0.009689951,0.008986737,0.012323796,0,0.05,-1.51,274.696
00:36.1,0,100,0,0,0,0,0,0,0,0,0.005304244,-0.011623895,0.001303814,-0.1804103,0.015381565,-9.808784,0.116467696,0.009555272,0.00897889,0.011771604,0,0.05,-1.51,274.694
00:36.1,0,100,0,0,0,0,0,0,0,0,0.004648608,-0.0117675,0.001278837,-0.1788483,0.01633932,-9.807857,0.084959528,0.009420594,0.008971043,0.011219412,0,0.05,-1.51,274.692
00:36.1,0,100,0,0,0,0,0,0,0,0,0.005631842,-0.0116717,0.001154866,-0.1795257,0.01398995,-9.8057295,0.05345136,0.009285916,0.008963196,0.01066722,0,0.05,-1.51,274.69
00:36.1,0,100,0,0,0,0,0,0,0,0,0.006615077,-0.0115759,0.001030895,-0.1802031,0.01164058,-9.803602,0.089460688,0.019802823,0.019148381,0.022346654,0,0.05,-1.51,274.69
00:36.2,0,100,0,0,0,0,0,0,0,0,0.006746422,-0.011064225,0.001438603,-0.1801501,0.012289425,-9.80501,0.125470016,0.03031973,0.029333566,0.034026088,0,0.05,-1.51,274.69
00:36.2,0,100,0,0,0,0,0,0,0,0,0.006877766,-0.01055255,0.00184631,-0.1800971,0.01293827,-9.806418,0.161479344,0.040836636,0.03951875,0.045705522,0,0.05,-1.51,274.69
00:36.2,0,100,0,0,0,0,0,0,0,0,0.006758852,-0.010697525,0.001745984,-0.17889015,0.013561085,-9.8071095,0.197488672,0.051353543,0.049703935,0.057384956,0,0.05,-1.51,274.69
00:36.2,0,100,0,0,0,0,0,0,0,0,0.006639938,-0.0108425,0.001645658,-0.1776832,0.0141839,-9.807801,0.233498,0.06187045,0.05988912,0.06906439,0,0.05,-1.51,274.69
00:36.2,0,100,0,0,0,0,0,0,0,0,0.003404829,-0.004241001,0.001249197,-0.1852526,0.032489555,-9.8003785,0.23574858,0.05132762,0.049687703,0.057479486,0,0.05,-1.51,274.69
00:36.3,0,100,0,0,0,0,0,0,0,0,0.000169721,0.002360499,0.000852736,-0.192822,0.05079521,-9.792956,0.23799916,0.040784791,0.039486286,0.045894582,0,0.05,-1.51,274.69
00:36.3,0,100,0,0,0,0,0,0,0,0,0.003985554,-0.004656616,0.000755144,-0.1862675,0.033091955,-9.8003865,0.24024974,0.030241961,0.029284868,0.034309678,0,0.05,-1.51,274.69
00:36.3,0,100,0,0,0,0,0,0,0,0,0.007801388,-0.01167373,0.000657553,-0.179713,0.0153887,-9.807817,0.24250032,0.019699132,0.019083451,0.022724774,0,0.05,-1.51,274.69
00:36.3,0,100,0,0,0,0,0,0,0,0,0.006972364,-0.011024095,0.000587434,-0.1798788,0.01548446,-9.809389,0.2447509,0.009156302,0.008882034,0.01113987,0,0.05,-1.51,274.69
00:36.3,0,100,0,0,0,0,0,0,0,0,0.006143339,-0.01037446,0.000517315,-0.1800446,0.01558022,-9.810961,0.24024974,0.009181211,0.008981801,0.011874566,0,0.05,-1.508,274.688
00:36.4,0,100,0,0,0,0,0,0,0,0,0.006615364,-0.01029571,0.000726357,-0.17821105,0.015531935,-9.8087165,0.23574858,0.009206121,0.009081569,0.012609262,0,0.05,-1.506,274.686
00:36.4,0,100,0,0,0,0,0,0,0,0,0.007087389,-0.01021696,0.0009354,-0.1763775,0.01548365,-9.806472,0.23124742,0.00923103,0.009181336,0.013343958,0,0.05,-1.504,274.684
00:36.4,0,100,0,0,0,0,0,0,0,0,0.006753667,-0.009936517,0.001090469,-0.1786977,0.015514835,-9.809946,0.22674626,0.00925594,0.009281104,0.014078654,0,0.05,-1.502,274.682
00:36.4,0,100,0,0,0,0,0,0,0,0,0.006419944,-0.009656074,0.001245538,-0.1810179,0.01554602,-9.81342,0.2222451,0.009280849,0.009380871,0.01481335,0,0.05,-1.5,274.68
00:36.4,0,100,0,0,0,0,0,0,0,0,0.006582644,-0.009317352,0.001737522,-0.18128545,0.0158593,-9.8096135,0.190736936,0.009083132,0.009328367,0.014722614,0,0.05,-1.5,274.68
00:36.5,0,100,0,0,0,0,0,0,0,0,0.006745344,-0.008978629,0.002229505,-0.181553,0.01617258,-9.805807,0.159228772,0.008885414,0.009275862,0.014631878,0,0.05,-1.5,274.68
00:36.5,0,100,0,0,0,0,0,0,0,0,0.006471434,-0.01057554,0.001906776,-0.18083425,0.01482231,-9.805661,0.127720608,0.008687697,0.009223358,0.014541142,0,0.05,-1.5,274.68
00:36.5,0,100,0,0,0,0,0,0,0,0,0.006197524,-0.01217245,0.001584047,-0.1801155,0.01347204,-9.805515,0.096212444,0.008489979,0.009170853,0.014450406,0,0.05,-1.5,274.68
00:36.5,0,100,0,0,0,0,0,0,0,0,0.00662576,-0.011621565,0.001513406,-0.179117,0.01418729,-9.8040365,0.06470428,0.008292262,0.009118349,0.01435967,0,0.05,-1.5,274.68
00:36.5,0,100,0,0,0,0,0,0,0,0,0.007053996,-0.01107068,0.001442764,-0.1781185,0.01490254,-9.802558,0.105777424,0.008464432,0.009230452,0.014391182,0,0.05,-1.5,274.68
00:36.6,0,100,0,0,0,0,0,0,0,0,0.005712618,-0.004972533,0.001301592,-0.17927475,0.02964614,-9.798538,0.146850568,0.008636601,0.009342554,0.014422694,0,0.05,-1.5,274.68
00:36.6,0,100,0,0,0,0,0,0,0,0,0.00437124,0.001125614,0.00116042,-0.180431,0.04438974,-9.794518,0.187923712,0.008808771,0.009454657,0.014454206,0,0.05,-1.5,274.68
00:36.6,0,100,0,0,0,0,0,0,0,0,0.005728571,-0.004247432,0.001177879,-0.1782935,0.030458055,-9.8028415,0.228996856,0.00898094,0.009566759,0.014485718,0,0.05,-1.5,274.68
00:36.6,0,100,0,0,0,0,0,0,0,0,0.007085901,-0.009620477,0.001195337,-0.176156,0.01652637,-9.811165,0.27007,0.00915311,0.009678862,0.01451723,0,0.05,-1.5,274.68
00:36.6,0,100,0,0,0,0,0,0,0,0,0.006266878,-0.009299724,0.001051435,-0.1793679,0.015882905,-9.8108495,0.24643888,0.009394452,0.010094892,0.014234436,0,0.05,-1.5,274.68
00:36.7,0,100,0,0,0,0,0,0,0,0,0.005447855,-0.008978971,0.000907533,-0.1825798,0.01523944,-9.810534,0.22280776,0.009635794,0.010510921,0.013951642,0,0.05,-1.5,274.68
00:36.7,0,100,0,0,0,0,0,0,0,0,0.006028408,-0.009456933,0.001527119,-0.18059905,0.016489905,-9.8066965,0.19917664,0.009877136,0.010926951,0.013668848,0,0.05,-1.5,274.68
00:36.7,0,100,0,0,0,0,0,0,0,0,0.006608961,-0.009934894,0.002146705,-0.1786183,0.01774037,-9.802859,0.17554552,0.010118478,0.01134298,0.013386054,0,0.05,-1.5,274.68
00:36.7,0,100,0,0,0,0,0,0,0,0,0.003028159,-0.006071976,0.001657073,-0.182999,0.02656231,-9.80161,0.1519144,0.01035982,0.01175901,0.01310326,0,0.05,-1.5,274.68
00:36.7,0,100,0,0,0,0,0,0,0,0,-0.000552642,-0.002209059,0.00116744,-0.1873797,0.03538425,-9.800361,0.15754086,0.020014436,0.022505228,0.025186986,0,0.05,-1.5,274.68
00:36.8,0,100,0,0,0,0,0,0,0,0,0.002468272,-0.00710694,0.001474631,-0.1848875,0.02551993,-9.8034425,0.16316732,0.029669052,0.033251446,0.037270712,0,0.05,-1.5,274.68
00:36.8,0,100,0,0,0,0,0,0,0,0,0.005489187,-0.01200482,0.001781821,-0.1823953,0.01565561,-9.806524,0.16879378,0.039323668,0.043997664,0.049354438,0,0.05,-1.5,274.68
00:36.8,0,100,0,0,0,0,0,0,0,0,0.00664277,-0.01213729,0.001536123,-0.1825107,0.015363115,-9.803602,0.17442024,0.048978284,0.054743882,0.061438164,0,0.05,-1.5,274.68
00:36.8,0,100,0,0,0,0,0,0,0,0,0.007796353,-0.01226976,0.001290424,-0.1826261,0.01507062,-9.80068,0.1800467,0.0586329,0.0654901,0.07352189,0,0.05,-1.5,274.68
00:36.8,0,100,0,0,0,0,0,0,0,0,0.006676765,-0.010699119,0.001233754,-0.1833451,0.013994115,-9.8042925,0.20424046,0.058581244,0.065590942,0.073345038,0,0.05,-1.5,274.68
00:36.9,0,100,0,0,0,0,0,0,0,0,0.005557177,-0.009128478,0.001177083,-0.1840641,0.01291761,-9.807905,0.22843422,0.058529588,0.065691784,0.073168186,0,0.05,-1.5,274.68
00:36.9,0,100,0,0,0,0,0,0,0,0,0.005664884,-0.010621104,0.001318481,-0.181121,0.01333428,-9.8090295,0.25262798,0.058477932,0.065792626,0.072991334,0,0.05,-1.5,274.68
00:36.9,0,100,0,0,0,0,0,0,0,0,0.00577259,-0.01211373,0.001459879,-0.1781779,0.01375095,-9.810154,0.27682174,0.058426276,0.065893468,0.072814482,0,0.05,-1.5,274.68
00:36.9,0,100,0,0,0,0,0,0,0,0,0.002526047,-0.007895618,0.002119783,-0.1903007,0.031918495,-9.7990945,0.3010155,0.05837462,0.06599431,0.07263763,0,0.05,-1.5,274.68
00:36.9,0,100,0,0,0,0,0,0,0,0,-0.000720497,-0.003677505,0.002779687,-0.2024235,0.05008604,-9.788035,0.29538904,0.048468664,0.054773137,0.060990706,0,0.05,-1.5,274.68
00:37.0,0,100,0,0,0,0,0,0,0,0,0.002601186,-0.007659803,0.001937018,-0.18874705,0.03282125,-9.797507,0.28976258,0.038562709,0.043551964,0.049343782,0,0.05,-1.5,274.68
00:37.0,0,100,0,0,0,0,0,0,0,0,0.005922868,-0.0116421,0.001094349,-0.1750706,0.01555646,-9.806979,0.28413612,0.028656753,0.03233079,0.037696858,0,0.05,-1.5,274.68
00:37.0,0,100,0,0,0,0,0,0,0,0,0.005905883,-0.01147887,0.001107477,-0.1757098,0.016865085,-9.8072345,0.27850966,0.018750798,0.021109617,0.026049934,0,0.05,-1.5,274.68
00:37.0,0,100,0,0,0,0,0,0,0,0,0.005888897,-0.01131564,0.001120604,-0.176349,0.01817371,-9.80749,0.2728832,0.008844842,0.009888444,0.01440301,0,0.05,-1.5,274.68
00:37.0,0,100,0,0,0,0,0,0,0,0,0.006283661,-0.010593928,0.001104163,-0.177362,0.017690785,-9.8073535,0.25600384,0.008782734,0.00974099,0.01411232,0,0.05,-1.498,274.68
00:37.1,0,100,0,0,0,0,0,0,0,0,0.006678425,-0.009872216,0.001087722,-0.178375,0.01720786,-9.807217,0.23912448,0.008720626,0.009593536,0.01382163,0,0.05,-1.496,274.68
00:37.1,0,100,0,0,0,0,0,0,0,0,0.006280226,-0.010785343,0.001152105,-0.1796919,0.01445331,-9.8072165,0.22224512,0.008658519,0.009446081,0.01353094,0,0.05,-1.494,274.68
00:37.1,0,100,0,0,0,0,0,0,0,0,0.005882026,-0.01169847,0.001216488,-0.1810088,0.01169876,-9.807216,0.20536576,0.008596411,0.009298627,0.01324025,0,0.05,-1.492,274.68
00:37.1,0,100,0,0,0,0,0,0,0,0,0.006024674,-0.01145455,0.001182081,-0.1814176,0.012872355,-9.804641,0.1884864,0.008534303,0.009151173,0.01294956,0,0.05,-1.49,274.68
00:37.1,0,100,0,0,0,0,0,0,0,0,0.006167321,-0.01121063,0.001147673,-0.1818264,0.01404595,-9.802066,0.17160702,0.008465578,0.008949184,0.012626506,0,0.05,-1.49,274.68
00:37.2,0,100,0,0,0,0,0,0,0,0,0.006335734,-0.01036567,0.001291419,-0.18105765,0.01433127,-9.804366,0.15472764,0.008396853,0.008747195,0.012303452,0,0.05,-1.49,274.68
00:37.2,0,100,0,0,0,0,0,0,0,0,0.006504147,-0.00952071,0.001435164,-0.1802889,0.01461659,-9.806666,0.13784826,0.008328128,0.008545206,0.011980398,0,0.05,-1.49,274.68
00:37.2,0,100,0,0,0,0,0,0,0,0,0.005671922,-0.009671002,0.00141091,-0.18026185,0.01424074,-9.805378,0.12096888,0.008259403,0.008343217,0.011657344,0,0.05,-1.49,274.68
00:37.2,0,100,0,0,0,0,0,0,0,0,0.004839696,-0.009821293,0.001386655,-0.1802348,0.01386489,-9.80409,0.1040895,0.008190678,0.008141228,0.01133429,0,0.05,-1.49,274.68
00:37.2,0,100,0,0,0,0,0,0,0,0,0.00239021,-0.005469307,0.002180601,-0.18578725,0.02735161,-9.79855,0.10079106,0.008209183,0.008164984,0.011462784,0,0.05,-1.49,274.678
00:37.3,0,100,0,0,0,0,0,0,0,0,-5.93E-05,-0.001117321,0.002974547,-0.1913397,0.04083833,-9.79301,0.09749262,0.008227688,0.00818874,0.011591278,0,0.05,-1.49,274.676
00:37.3,0,100,0,0,0,0,0,0,0,0,0.002690561,-0.005199558,0.002140678,-0.18734265,0.027936855,-9.801301,0.09419418,0.008246194,0.008212495,0.011719772,0,0.05,-1.49,274.674
00:37.3,0,100,0,0,0,0,0,0,0,0,0.005440397,-0.009281794,0.001306808,-0.1833456,0.01503538,-9.809592,0.09089574,0.008264699,0.008236251,0.011848266,0,0.05,-1.49,274.672
00:37.3,0,100,0,0,0,0,0,0,0,0,0.005455429,-0.009130764,0.001521576,-0.18168945,0.0154793,-9.808756,0.0875973,0.008283204,0.008260007,0.01197676,0,0.05,-1.49,274.67
00:37.3,0,100,0,0,0,0,0,0,0,0,0.00547046,-0.008979734,0.001736343,-0.1800333,0.01592322,-9.80792,0.089857876,0.00823952,0.008287971,0.011933364,0,0.048,-1.49,274.67
00:37.4,0,100,0,0,0,0,0,0,0,0,0.0062155,-0.009629052,0.001980593,-0.1792596,0.015587945,-9.8068155,0.092118452,0.008195836,0.008315935,0.011889968,0,0.046,-1.49,274.67
00:37.4,0,100,0,0,0,0,0,0,0,0,0.00696054,-0.01027837,0.002224843,-0.1784859,0.01525267,-9.805711,0.094379028,0.008152151,0.008343899,0.011846572,0,0.044,-1.49,274.67
00:37.4,0,100,0,0,0,0,0,0,0,0,0.002635851,-0.005349401,0.002658043,-0.18223465,0.02349193,-9.8019355,0.096639604,0.008108467,0.008371863,0.011803176,0,0.042,-1.49,274.67
00:37.4,0,100,0,0,0,0,0,0,0,0,-0.001688838,-0.000420432,0.003091243,-0.1859834,0.03173119,-9.79816,0.09890018,0.008064783,0.008399827,0.01175978,0,0.04,-1.49,274.67
00:37.4,0,100,0,0,0,0,0,0,0,0,0.002523053,-0.006392061,0.003018188,-0.18190445,0.02335123,-9.8015365,0.061035538,0.008111768,0.008388008,0.011335548,0,0.042,-1.49,274.67
00:37.5,0,100,0,0,0,0,0,0,0,0,0.006734943,-0.01236369,0.002945133,-0.1778255,0.01497127,-9.804913,0.023170896,0.008158753,0.00837619,0.010911316,0,0.044,-1.49,274.67
00:37.5,0,100,0,0,0,0,0,0,0,0,0.006464887,-0.01115122,0.002231393,-0.17956305,0.01474789,-9.8055485,-0.014693746,0.008205738,0.008364371,0.010487083,0,0.046,-1.49,274.67
00:37.5,0,100,0,0,0,0,0,0,0,0,0.00619483,-0.009938749,0.001517652,-0.1813006,0.01452451,-9.806184,-0.052558388,0.008252723,0.008352553,0.010062851,0,0.048,-1.49,274.67
00:37.5,0,100,0,0,0,0,0,0,0,0,0.006135486,-0.00966367,0.001520028,-0.180895,0.014226235,-9.8073265,-0.09042303,0.008299708,0.008340734,0.009638619,0,0.05,-1.49,274.67
00:37.5,0,100,0,0,0,0,0,0,0,0,0.006076142,-0.00938859,0.001522404,-0.1804894,0.01392796,-9.808469,-0.048602384,0.017878338,0.019023385,0.021957233,0,0.05,-1.49,274.67
00:37.6,0,100,0,0,0,0,0,0,0,0,0.001788258,-0.004755867,0.002030215,-0.18983975,0.02910095,-9.8021,-0.006781738,0.027456969,0.029706036,0.034275847,0,0.05,-1.49,274.67
00:37.6,0,100,0,0,0,0,0,0,0,0,-0.002499626,-0.000123145,0.002538025,-0.1991901,0.04427394,-9.795731,0.035038908,0.037035599,0.040388688,0.046594462,0,0.05,-1.49,274.67
00:37.6,0,100,0,0,0,0,0,0,0,0,-0.000939672,0.000600683,0.003274262,-0.1966834,0.03957568,-9.7960445,0.076859554,0.04661423,0.051071339,0.058913076,0,0.05,-1.49,274.67
00:37.6,0,100,0,0,0,0,0,0,0,0,0.000620282,0.001324511,0.004010499,-0.1941767,0.03487742,-9.796358,0.1186802,0.05619286,0.06175399,0.07123169,0,0.05,-1.49,274.67
00:37.6,0,100,0,0,0,0,0,0,0,0,0.003770265,-0.00450766,0.002148813,-0.18916535,0.0245557,-9.800056,0.13167852,0.046438959,0.051266996,0.059463336,0,0.05,-1.492,274.67
00:37.7,0,100,0,0,0,0,0,0,0,0,0.006920248,-0.01033983,0.000287127,-0.184154,0.01423398,-9.803754,0.14467684,0.036685058,0.040780002,0.047694982,0,0.05,-1.494,274.67
00:37.7,0,100,0,0,0,0,0,0,0,0,0.006885553,-0.01061545,0.000460149,-0.1817971,0.01725474,-9.8007715,0.15767516,0.026931157,0.030293009,0.035926628,0,0.05,-1.496,274.67
00:37.7,0,100,0,0,0,0,0,0,0,0,0.006850858,-0.01089107,0.000633171,-0.1794402,0.0202755,-9.797789,0.17067348,0.017177256,0.019806015,0.024158274,0,0.05,-1.498,274.67
00:37.7,0,100,0,0,0,0,0,0,0,0,0.006560747,-0.011076015,0.001104239,-0.1804923,0.016650505,-9.8000245,0.1836718,0.007423355,0.009319021,0.01238992,0,0.05,-1.5,274.67
00:37.7,0,100,0,0,0,0,0,0,0,0,0.006270635,-0.01126096,0.001575307,-0.1815444,0.01302551,-9.80226,0.19045352,0.007485971,0.009335747,0.012336594,0,0.05,-1.502,274.67
00:37.8,0,100,0,0,0,0,0,0,0,0,0.006275317,-0.010016773,0.001544063,-0.1812616,0.01426294,-9.801158,0.19723524,0.007548587,0.009352473,0.012283268,0,0.05,-1.504,274.67
00:37.8,0,100,0,0,0,0,0,0,0,0,0.006279998,-0.008772585,0.001512819,-0.1809788,0.01550037,-9.800056,0.20401696,0.007611202,0.0093692,0.012229942,0,0.05,-1.506,274.67
00:37.8,0,100,0,0,0,0,0,0,0,0,0.006441646,-0.009641408,0.001708404,-0.1810576,0.014889605,-9.799367,0.21079868,0.007673818,0.009385926,0.012176616,0,0.05,-1.508,274.67
00:37.8,0,100,0,0,0,0,0,0,0,0,0.006603294,-0.01051023,0.001903989,-0.1811364,0.01427884,-9.798678,0.2175804,0.007736434,0.009402652,0.01212329,0,0.05,-1.51,274.67
00:37.8,0,100,0,0,0,0,0,0,0,0,0.006703296,-0.01107206,0.001474173,-0.18122325,0.015490205,-9.800508,0.21192896,0.007809419,0.009429973,0.01221126,0,0.05,-1.51,274.67
00:37.9,0,100,0,0,0,0,0,0,0,0,0.006803298,-0.01163389,0.001044357,-0.1813101,0.01670157,-9.802338,0.20627752,0.007882404,0.009457295,0.01229923,0,0.05,-1.51,274.67
00:37.9,0,100,0,0,0,0,0,0,0,0,0.006632876,-0.011428665,0.001172316,-0.18100775,0.014606805,-9.8016955,0.20062608,0.007955388,0.009484616,0.0123872,0,0.05,-1.51,274.67
00:37.9,0,100,0,0,0,0,0,0,0,0,0.006462454,-0.01122344,0.001300275,-0.1807054,0.01251204,-9.801053,0.19497464,0.008028373,0.009511938,0.01247517,0,0.05,-1.51,274.67
00:37.9,0,100,0,0,0,0,0,0,0,0,0.002554583,-0.007456022,0.002098391,-0.18235655,0.02543838,-9.8011635,0.1893232,0.008101358,0.009539259,0.01256314,0,0.05,-1.51,274.67
00:37.9,0,100,0,0,0,0,0,0,0,0,-0.001353287,-0.003688605,0.002896506,-0.1840077,0.03836472,-9.801274,0.168412878,0.007984435,0.009390671,0.012476606,0,0.052,-1.514,274.67
00:38.0,0,100,0,0,0,0,0,0,0,0,0.002173404,-0.007368863,0.001862474,-0.181759,0.02697006,-9.8023775,0.147502556,0.007867512,0.009242082,0.012390072,0,0.054,-1.518,274.67
00:38.0,0,100,0,0,0,0,0,0,0,0,0.005700094,-0.01104912,0.000828442,-0.1795103,0.0155754,-9.803481,0.126592234,0.007750588,0.009093494,0.012303538,0,0.056,-1.522,274.67
00:38.0,0,100,0,0,0,0,0,0,0,0,0.005978388,-0.01088281,0.001308594,-0.17770225,0.014047545,-9.800269,0.105681912,0.007633665,0.008944905,0.012217004,0,0.058,-1.526,274.67
00:38.0,0,100,0,0,0,0,0,0,0,0,0.006256682,-0.0107165,0.001788745,-0.1758942,0.01251969,-9.797057,0.08477159,0.007516742,0.008796317,0.01213047,0,0.06,-1.53,274.67
00:38.0,0,100,0,0,0,0,0,0,0,0,0.006640819,-0.010777425,0.001629409,-0.1762784,0.012737765,-9.7997955,0.094379032,0.007721788,0.008748809,0.012432286,0,0.06,-1.53,274.67
00:38.1,0,100,0,0,0,0,0,0,0,0,0.007024955,-0.01083835,0.001470072,-0.1766626,0.01295584,-9.802534,0.103986474,0.007926834,0.008701301,0.012734102,0,0.06,-1.53,274.67
00:38.1,0,100,0,0,0,0,0,0,0,0,0.006493246,-0.009824934,0.001579321,-0.1802164,0.01283329,-9.803486,0.113593916,0.008131881,0.008653792,0.013035918,0,0.06,-1.53,274.67
00:38.1,0,100,0,0,0,0,0,0,0,0,0.005961537,-0.008811518,0.00168857,-0.1837702,0.01271074,-9.804438,0.123201358,0.008336927,0.008606284,0.013337734,0,0.06,-1.53,274.67
00:38.1,0,100,0,0,0,0,0,0,0,0,0.006800881,-0.009921064,0.001876969,-0.18216915,0.012197755,-9.799869,0.1328088,0.008541973,0.008558776,0.01363955,0,0.06,-1.53,274.67
00:38.1,0,100,0,0,0,0,0,0,0,0,0.007640224,-0.01103061,0.002065368,-0.1805681,0.01168477,-9.7953,0.12998308,0.018872074,0.019964195,0.024892946,0,0.06,-1.532,274.67
00:38.2,0,100,0,0,0,0,0,0,0,0,0.006632283,-0.010683925,0.001400142,-0.1823169,0.011815145,-9.799869,0.12715736,0.029202176,0.031369614,0.036146342,0,0.06,-1.534,274.67
00:38.2,0,100,0,0,0,0,0,0,0,0,0.005624342,-0.01033724,0.000734916,-0.1840657,0.01194552,-9.804438,0.12433164,0.039532277,0.042775032,0.047399738,0,0.06,-1.536,274.67
00:38.2,0,100,0,0,0,0,0,0,0,0,0.006199791,-0.01028969,0.000892848,-0.1813798,0.01233195,-9.8020485,0.12150592,0.049862379,0.054180451,0.058653134,0,0.06,-1.538,274.67
00:38.2,0,100,0,0,0,0,0,0,0,0,0.006775239,-0.01024214,0.00105078,-0.1786939,0.01271838,-9.799659,0.1186802,0.06019248,0.06558587,0.06990653,0,0.06,-1.54,274.67
00:38.2,0,100,0,0,0,0,0,0,0,0,0.001972127,-0.005851641,0.002396293,-0.1792904,0.03045941,-9.8012365,0.100595598,0.049955452,0.054395095,0.058256968,0,0.06,-1.542,274.668
00:38.3,0,100,0,0,0,0,0,0,0,0,-0.002830986,-0.001461142,0.003741806,-0.1798869,0.04820044,-9.802814,0.082510996,0.039718424,0.043204319,0.046607406,0,0.06,-1.544,274.666
00:38.3,0,100,0,0,0,0,0,0,0,0,-0.001566751,-0.000957268,0.002844657,-0.18215165,0.043173445,-9.799776,0.064426394,0.029481397,0.032013544,0.034957844,0,0.06,-1.546,274.664
00:38.3,0,100,0,0,0,0,0,0,0,0,-0.000302515,-0.000453395,0.001947507,-0.1844164,0.03814645,-9.796738,0.046341792,0.019244369,0.020822768,0.023308282,0,0.06,-1.548,274.662
00:38.3,0,100,0,0,0,0,0,0,0,0,0.002673333,-0.005740577,0.001991061,-0.1809341,0.028366975,-9.799505,0.02825719,0.009007341,0.009631993,0.01165872,0,0.06,-1.55,274.66
00:38.3,0,100,0,0,0,0,0,0,0,0,0.005649182,-0.01102776,0.002034615,-0.1774518,0.0185875,-9.802272,0.004521146,0.009005411,0.009332586,0.011914086,0,0.062,-1.552,274.66
00:38.4,0,100,0,0,0,0,0,0,0,0,0.006343381,-0.01136567,0.00154994,-0.17819845,0.017218275,-9.800523,-0.019214898,0.00900348,0.009033178,0.012169452,0,0.064,-1.554,274.66
00:38.4,0,100,0,0,0,0,0,0,0,0,0.00703758,-0.01170358,0.001065264,-0.1789451,0.01584905,-9.798774,-0.042950942,0.00900155,0.008733771,0.012424818,0,0.066,-1.556,274.66
00:38.4,0,100,0,0,0,0,0,0,0,0,0.006505445,-0.010296402,0.001437291,-0.17984835,0.015262335,-9.803969,-0.066686986,0.008999619,0.008434363,0.012680184,0,0.068,-1.558,274.66
00:38.4,0,100,0,0,0,0,0,0,0,0,0.00597331,-0.008889223,0.001809317,-0.1807516,0.01467562,-9.809164,-0.09042303,0.008997689,0.008134956,0.01293555,0,0.07,-1.56,274.66
00:38.4,0,100,0,0,0,0,0,0,0,0,0.006987173,-0.009996342,0.001327092,-0.1784534,0.015159145,-9.8044385,-0.038994924,0.008835394,0.008243561,0.013018832,0,0.07,-1.562,274.66
00:38.5,0,100,0,0,0,0,0,0,0,0,0.008001036,-0.01110346,0.000844868,-0.1761552,0.01564267,-9.799713,0.012433182,0.008673099,0.008352165,0.013102114,0,0.07,-1.564,274.66
00:38.5,0,100,0,0,0,0,0,0,0,0,0.007245284,-0.01111102,0.000971692,-0.1784579,0.016356205,-9.7994455,0.063861288,0.008510803,0.00846077,0.013185396,0,0.07,-1.566,274.66
00:38.5,0,100,0,0,0,0,0,0,0,0,0.006489533,-0.01111858,0.001098517,-0.1807606,0.01706974,-9.799178,0.115289394,0.008348508,0.008569374,0.013268678,0,0.07,-1.568,274.66
00:38.5,0,100,0,0,0,0,0,0,0,0,0.006290456,-0.01044417,0.001158296,-0.18102475,0.016701065,-9.7999725,0.1667175,0.008186213,0.008677979,0.01335196,0,0.07,-1.57,274.66
00:38.5,0,100,0,0,0,0,0,0,0,0,0.006091378,-0.009769759,0.001218075,-0.1812889,0.01633239,-9.800767,0.132243712,0.008136933,0.008659371,0.012893874,0,0.07,-1.57,274.66
00:38.6,0,100,0,0,0,0,0,0,0,0,0.006839808,-0.010739485,0.001410692,-0.1820398,0.015620575,-9.79787,0.097769924,0.008087654,0.008640763,0.012435788,0,0.07,-1.57,274.66
00:38.6,0,100,0,0,0,0,0,0,0,0,0.007588238,-0.01170921,0.001603308,-0.1827907,0.01490876,-9.794973,0.063296137,0.008038374,0.008622156,0.011977702,0,0.07,-1.57,274.66
00:38.6,0,100,0,0,0,0,0,0,0,0,0.004921539,-0.00547337,0.00106463,-0.18055885,0.02515873,-9.792997,0.028822349,0.007989095,0.008603548,0.011519616,0,0.07,-1.57,274.66
00:38.6,0,100,0,0,0,0,0,0,0,0,0.00225484,0.00076247,0.000525952,-0.178327,0.0354087,-9.791021,-0.005651439,0.007939815,0.00858494,0.01106153,0,0.07,-1.57,274.66
00:38.6,0,100,0,0,0,0,0,0,0,0,0.003987757,-0.00478941,0.000518944,-0.17878605,0.027716925,-9.796025,0.025996629,0.008170664,0.008853576,0.011222192,0,0.07,-1.572,274.66
00:38.7,0,100,0,0,0,0,0,0,0,0,0.005720674,-0.01034129,0.000511936,-0.1792451,0.02002515,-9.801029,0.057644697,0.008401512,0.009122213,0.011382854,0,0.07,-1.574,274.66
00:38.7,0,100,0,0,0,0,0,0,0,0,0.006392713,-0.010203095,0.000626883,-0.1780051,0.02099697,-9.7984945,0.089292764,0.008632361,0.009390849,0.011543516,0,0.07,-1.576,274.66
00:38.7,0,100,0,0,0,0,0,0,0,0,0.007064751,-0.0100649,0.00074183,-0.1767651,0.02196879,-9.79596,0.120940832,0.008863209,0.009659486,0.011704178,0,0.07,-1.578,274.66
00:38.7,0,100,0,0,0,0,0,0,0,0,0.006897719,-0.009859482,0.000721749,-0.17773045,0.019841095,-9.7979235,0.1525889,0.009094058,0.009928122,0.01186484,0,0.07,-1.58,274.66
00:38.7,0,100,0,0,0,0,0,0,0,0,0.006730686,-0.009654063,0.000701669,-0.1786958,0.0177134,-9.799887,0.131113422,0.00916272,0.00961412,0.01189353,0,0.072,-1.582,274.66
00:38.8,0,100,0,0,0,0,0,0,0,0,0.006013639,-0.010852962,0.000973205,-0.1798055,0.019180195,-9.799846,0.109637944,0.009231381,0.009300118,0.01192222,0,0.074,-1.584,274.66
00:38.8,0,100,0,0,0,0,0,0,0,0,0.005296592,-0.01205186,0.001244741,-0.1809152,0.02064699,-9.799805,0.088162466,0.009300043,0.008986117,0.01195091,0,0.076,-1.586,274.66
00:38.8,0,100,0,0,0,0,0,0,0,0,0.006267769,-0.01139549,0.000836776,-0.1786948,0.01892394,-9.7966675,0.066686988,0.009368704,0.008672115,0.0119796,0,0.078,-1.588,274.66
00:38.8,0,100,0,0,0,0,0,0,0,0,0.007238945,-0.01073912,0.00042881,-0.1764744,0.01720089,-9.79353,0.04521151,0.009437366,0.008358113,0.01200829,0,0.08,-1.59,274.66
00:38.8,0,100,0,0,0,0,0,0,0,0,0.006385457,-0.00995559,0.001226123,-0.17592435,0.01668859,-9.795567,0.070077848,0.018649107,0.019771306,0.023724616,0,0.08,-1.592,274.66
00:38.9,0,100,0,0,0,0,0,0,0,0,0.005531969,-0.009172059,0.002023436,-0.1753743,0.01617629,-9.797604,0.094944186,0.027860848,0.0311845,0.035440942,0,0.08,-1.594,274.66
00:38.9,0,100,0,0,0,0,0,0,0,0,0.00618697,-0.009783845,0.001765705,-0.1792275,0.01742082,-9.7971745,0.119810524,0.037072588,0.042597693,0.047157268,0,0.08,-1.596,274.66
00:38.9,0,100,0,0,0,0,0,0,0,0,0.00684197,-0.01039563,0.001507974,-0.1830807,0.01866535,-9.796745,0.144676862,0.046284329,0.054010887,0.058873594,0,0.08,-1.598,274.66
00:38.9,0,100,0,0,0,0,0,0,0,0,0.003177175,-0.005053211,0.00074924,-0.18473385,0.031051205,-9.801075,0.1695432,0.05549607,0.06542408,0.07058992,0,0.08,-1.6,274.66
00:38.9,0,100,0,0,0,0,0,0,0,0,-0.000487621,0.000289207,-9.49E-06,-0.186387,0.04343706,-9.805405,0.1644569,0.046198342,0.054556738,0.058901152,0,0.08,-1.602,274.658
00:39.0,0,100,0,0,0,0,0,0,0,0,0.002536258,-0.005100656,0.000163693,-0.183504,0.03020453,-9.79912,0.1593706,0.036900615,0.043689396,0.047212384,0,0.08,-1.604,274.656
00:39.0,0,100,0,0,0,0,0,0,0,0,0.005560137,-0.01049052,0.00033688,-0.180621,0.016972,-9.792835,0.1542843,0.027602887,0.032822054,0.035523616,0,0.08,-1.606,274.654
00:39.0,0,100,0,0,0,0,0,0,0,0,0.005591016,-0.01055094,0.000714521,-0.17930645,0.01429073,-9.7947265,0.149198,0.01830516,0.021954712,0.023834848,0,0.08,-1.608,274.652
00:39.0,0,100,0,0,0,0,0,0,0,0,0.005621895,-0.01061136,0.001092162,-0.1779919,0.01160946,-9.796618,0.1441117,0.009007432,0.01108737,0.01214608,0,0.08,-1.61,274.65
00:39.0,0,100,0,0,0,0,0,0,0,0,0.006689181,-0.0110983,0.001075688,-0.17839695,0.013217845,-9.7961625,0.107377346,0.008877952,0.010801212,0.01187727,0,0.08,-1.61,274.65
00:39.1,0,100,0,0,0,0,0,0,0,0,0.007756467,-0.01158524,0.001059214,-0.178802,0.01482623,-9.795707,0.070642992,0.008748472,0.010515054,0.01160846,0,0.08,-1.61,274.65
00:39.1,0,100,0,0,0,0,0,0,0,0,0.005985013,-0.01123189,0.001404286,-0.1792484,0.0147503,-9.796892,0.033908638,0.008618992,0.010228897,0.01133965,0,0.08,-1.61,274.65
00:39.1,0,100,0,0,0,0,0,0,0,0,0.004213559,-0.01087854,0.001749357,-0.1796948,0.01467437,-9.798077,-0.002825716,0.008489512,0.009942739,0.01107084,0,0.08,-1.61,274.65
00:39.1,0,100,0,0,0,0,0,0,0,0,0.005429485,-0.010641955,0.001128291,-0.1797326,0.01409738,-9.7940775,-0.03956007,0.008360032,0.009656581,0.01080203,0,0.08,-1.61,274.65
00:39.1,0,100,0,0,0,0,0,0,0,0,0.006645411,-0.01040537,0.000507225,-0.1797704,0.01352039,-9.790078,-0.033908632,0.008541039,0.010130445,0.011509738,0,0.082,-1.612,274.65
00:39.2,0,100,0,0,0,0,0,0,0,0,0.006133349,-0.01111556,0.000802969,-0.18004225,0.015813515,-9.7938635,-0.028257194,0.008722045,0.010604309,0.012217446,0,0.084,-1.614,274.65
00:39.2,0,100,0,0,0,0,0,0,0,0,0.005621287,-0.01182575,0.001098713,-0.1803141,0.01810664,-9.797649,-0.022605756,0.008903052,0.011078172,0.012925154,0,0.086,-1.616,274.65
00:39.2,0,100,0,0,0,0,0,0,0,0,0.005428661,-0.011319405,0.001285648,-0.18109575,0.01726991,-9.7953745,-0.016954318,0.009084058,0.011552036,0.013632862,0,0.088,-1.618,274.65
00:39.2,0,100,0,0,0,0,0,0,0,0,0.005236034,-0.01081306,0.001472583,-0.1818774,0.01643318,-9.7931,-0.01130288,0.009265065,0.0120259,0.01434057,0,0.09,-1.62,274.65
00:39.2,0,100,0,0,0,0,0,0,0,0,0.002937808,-0.008428507,0.002503289,-0.1903555,0.02511714,-9.7907555,0.002260574,0.009343699,0.011446683,0.014043862,0,0.09,-1.622,274.65
00:39.3,0,100,0,0,0,0,0,0,0,0,0.000639582,-0.006043954,0.003533994,-0.1988336,0.0338011,-9.788411,0.015824028,0.009422333,0.010867466,0.013747154,0,0.09,-1.624,274.65
00:39.3,0,100,0,0,0,0,0,0,0,0,0.003194947,-0.007480031,0.002315487,-0.1919164,0.024003055,-9.7926755,0.029387482,0.009500966,0.01028825,0.013450446,0,0.09,-1.626,274.65
00:39.3,0,100,0,0,0,0,0,0,0,0,0.005750313,-0.008916108,0.00109698,-0.1849992,0.01420501,-9.79694,0.042950936,0.0095796,0.009709033,0.013153738,0,0.09,-1.628,274.65
00:39.3,0,100,0,0,0,0,0,0,0,0,0.005937717,-0.010085444,0.001409554,-0.1824687,0.014887825,-9.7953815,0.05651439,0.009658234,0.009129816,0.01285703,0,0.09,-1.63,274.65
00:39.3,0,100,0,0,0,0,0,0,0,0,0.00612512,-0.01125478,0.001722127,-0.1799382,0.01557064,-9.793823,0.068382412,0.011181427,0.010898905,0.015546,0,0.09,-1.632,274.65
00:39.4,0,100,0,0,0,0,0,0,0,0,0.006540837,-0.011156145,0.001674069,-0.17869925,0.01722972,-9.7922455,0.080250434,0.01270462,0.012667994,0.01823497,0,0.09,-1.634,274.65
00:39.4,0,100,0,0,0,0,0,0,0,0,0.006956553,-0.01105751,0.001626011,-0.1774603,0.0188888,-9.790668,0.092118456,0.014227814,0.014437082,0.02092394,0,0.09,-1.636,274.65
00:39.4,0,100,0,0,0,0,0,0,0,0,0.006521222,-0.011208255,0.002323916,-0.1799493,0.019256635,-9.7939925,0.103986478,0.015751007,0.016206171,0.02361291,0,0.09,-1.638,274.65
00:39.4,0,100,0,0,0,0,0,0,0,0,0.006085891,-0.011359,0.00302182,-0.1824383,0.01962447,-9.797317,0.1158545,0.0172742,0.01797526,0.02630188,0,0.09,-1.64,274.65
00:39.4,0,100,0,0,0,0,0,0,0,0,0.004895644,-0.010394323,0.001297541,-0.1825208,0.01850199,-9.7961055,0.09550932,0.06303166,0.079882208,0.077173684,0,0.092,-1.642,274.65
00:39.5,0,100,0,0,0,0,0,0,0,0,0.003705397,-0.009429645,-0.000426739,-0.1826033,0.01737951,-9.794894,0.07516414,0.10878912,0.141789156,0.128045488,0,0.094,-1.644,274.65
00:39.5,0,100,0,0,0,0,0,0,0,0,0.006608751,-0.012559883,0.010423631,-0.18350525,0.02848279,-9.7917735,0.05481896,0.15454658,0.203696104,0.178917292,0,0.096,-1.646,274.65
00:39.5,0,100,0,0,0,0,0,0,0,0,0.009512104,-0.01569012,0.021274,-0.1844072,0.03958607,-9.788653,0.03447378,0.20030404,0.265603052,0.229789096,0,0.098,-1.648,274.65
00:39.5,0,100,0,0,0,0,0,0,0,0,-0.007271908,-0.00129082,0.02513807,-0.1825073,0.04025574,-9.7979855,0.0141286,0.2460615,0.32751,0.2806609,0,0.1,-1.65,274.65
00:39.5,0,100,0,0,0,0,0,0,0,0,-0.02405592,0.01310848,0.02900214,-0.1806074,0.04092541,-9.807318,0.01864975,0.31068478,0.41615942,0.37057222,0,0.104,-1.654,274.646
00:39.6,0,100,0,0,0,0,0,0,0,0,-0.010296448,0.011762135,0.03652355,-0.2151207,0.03957271,-9.801596,0.0231709,0.37530806,0.50480884,0.46048354,0,0.108,-1.658,274.642
00:39.6,0,100,0,0,0,0,0,0,0,0,0.003463025,0.01041579,0.04404496,-0.249634,0.03822001,-9.795874,0.02769205,0.43993134,0.59345826,0.55039486,0,0.112,-1.662,274.638
00:39.6,0,100,0,0,0,0,0,0,0,0,0.015772877,-0.00231099,0.01540122,-0.117743325,0.064510775,-9.7936755,0.0322132,0.50455462,0.68210768,0.64030618,0,0.116,-1.666,274.634
00:39.6,0,100,0,0,0,0,0,0,0,0,0.02808273,-0.01503777,-0.01324252,0.01414735,0.09080154,-9.791477,0.03673435,0.5691779,0.7707571,0.7302175,0,0.12,-1.67,274.63
00:39.6,0,100,0,0,0,0,0,0,0,0,0.018853697,-0.014404905,-0.019673135,-0.130563275,-0.01296928,-9.7963185,0.0514281,0.51501646,0.70478574,0.68184832,0,0.116,-1.668,274.63
00:39.7,0,100,0,0,0,0,0,0,0,0,0.009624663,-0.01377204,-0.02610375,-0.2752739,-0.1167401,-9.80116,0.06612185,0.46085502,0.63881438,0.63347914,0,0.112,-1.666,274.63
00:39.7,0,100,0,0,0,0,0,0,0,0,0.001748755,-0.01321334,-0.015073808,-0.181928625,-0.010595685,-9.8181365,0.0808156,0.40669358,0.57284302,0.58510996,0,0.108,-1.664,274.63
00:39.7,0,100,0,0,0,0,0,0,0,0,-0.006127152,-0.01265464,-0.004043865,-0.08858335,0.09554873,-9.835113,0.09550935,0.35253214,0.50687166,0.53674078,0,0.104,-1.662,274.63
00:39.7,0,100,0,0,0,0,0,0,0,0,-0.011637381,0.00473623,0.005359258,-0.158121725,0.041216045,-9.8181785,0.1102031,0.2983707,0.4409003,0.4883716,0,0.1,-1.66,274.63
00:39.7,0,100,0,0,0,0,0,0,0,0,-0.01714761,0.0221271,0.01476238,-0.2276601,-0.01311664,-9.801244,0.082511042,0.34080006,0.46649232,0.56645274,0,0.1,-1.662,274.63
00:39.8,0,100,0,0,0,0,0,0,0,0,0.003822695,0.00185373,0.013132765,-0.20322015,0.007609205,-9.762223,0.054818984,0.38322942,0.49208434,0.64453388,0,0.1,-1.664,274.63
00:39.8,0,100,0,0,0,0,0,0,0,0,0.024793,-0.01841964,0.01150315,-0.1787802,0.02833505,-9.723202,0.027126926,0.42565878,0.51767636,0.72261502,0,0.1,-1.666,274.63
00:39.8,0,100,0,0,0,0,0,0,0,0,-0.000902775,-0.009679786,-0.00103721,-0.18203195,0.02030228,-9.7750385,-0.000565132,0.46808814,0.54326838,0.80069616,0,0.1,-1.668,274.63
00:39.8,0,100,0,0,0,0,0,0,0,0,-0.02659855,-0.000939933,-0.01357757,-0.1852837,0.01226951,-9.826875,-0.02825719,0.5105175,0.5688604,0.8787773,0,0.1,-1.67,274.63
00:39.8,0,100,0,0,0,0,0,0,0,0,-0.011336644,0.002774721,-0.006142352,-0.21223665,-0.00977381,-9.8154835,-0.006781724,0.52426488,0.61676276,0.98439524,0,0.11,-1.676,274.632
00:39.9,0,100,0,0,0,0,0,0,0,0,0.003925263,0.006489374,0.001292867,-0.2391896,-0.03181713,-9.804092,0.014693742,0.53801226,0.66466512,1.09001318,0,0.12,-1.682,274.634
00:39.9,0,100,0,0,0,0,0,0,0,0,0.006467589,0.00391825,-0.001937244,-0.1763661,0.01853743,-9.813015,0.036169208,0.55175964,0.71256748,1.19563112,0,0.13,-1.688,274.636
00:39.9,0,100,0,0,0,0,0,0,0,0,0.009009914,0.001347125,-0.005167355,-0.1135426,0.06889199,-9.821938,0.057644674,0.56550702,0.76046984,1.30124906,0,0.14,-1.694,274.638
00:39.9,0,100,0,0,0,0,0,0,0,0,0.073113507,-0.043124783,-0.016268357,-0.169234,0.024464495,-9.8295415,0.07912014,0.5792544,0.8083722,1.406867,0,0.15,-1.7,274.64
00:39.9,0,100,0,0,0,0,0,0,0,0,0.1372171,-0.08759669,-0.02736936,-0.2249254,-0.019963,-9.837145,0.110203052,0.61055692,0.85795356,1.5029164,0,0.146,-1.704,274.64
00:40.0,0,100,0,0,0,0,0,0,0,0,0.083500845,-0.072499455,-0.00617321,-0.14544232,0.0424104,-9.8637665,0.141285964,0.64185944,0.90753492,1.5989658,0,0.142,-1.708,274.64
00:40.0,0,100,0,0,0,0,0,0,0,0,0.02978459,-0.05740222,0.01502294,-0.06595924,0.1047838,-9.890388,0.172368876,0.67316196,0.95711628,1.6950152,0,0.138,-1.712,274.64
00:40.0,0,100,0,0,0,0,0,0,0,0,0.011397017,-0.03860348,-0.000976935,-0.12113572,0.06119794,-9.7740755,0.203451788,0.70446448,1.00669764,1.7910646,0,0.134,-1.716,274.64
00:40.0,0,100,0,0,0,0,0,0,0,0,-0.006990556,-0.01980474,-0.01697681,-0.1763122,0.01761208,-9.657763,0.2345347,0.735767,1.056279,1.887114,0,0.13,-1.72,274.64
00:40.0,0,100,0,0,0,0,0,0,0,0,0.036740157,-0.051452185,-0.005261288,-0.2091089,-0.015130415,-9.7591155,0.19045348,0.7215541,1.01055378,1.8104884,0,0.126,-1.714,274.64
00:40.1,0,100,0,0,0,0,0,0,0,0,0.08047087,-0.08309963,0.006454234,-0.2419056,-0.04787291,-9.860468,0.14637226,0.7073412,0.96482856,1.7338628,0,0.122,-1.708,274.64
00:40.1,0,100,0,0,0,0,0,0,0,0,0.00050209,-0.016430555,-0.000119757,-0.117339222,0.064059545,-9.848265,0.10229104,0.6931283,0.91910334,1.6572372,0,0.118,-1.702,274.64
00:40.1,0,100,0,0,0,0,0,0,0,0,-0.07946669,0.05023852,-0.006693748,0.007227157,0.175992,-9.836062,0.05820982,0.6789154,0.87337812,1.5806116,0,0.114,-1.696,274.64
00:40.1,0,100,0,0,0,0,0,0,0,0,-0.028285035,0.023224182,-0.001522746,-0.115640422,0.068393415,-9.7621225,0.0141286,0.6647025,0.8276529,1.503986,0,0.11,-1.69,274.64
00:40.1,0,100,0,0,0,0,0,0,0,0,0.02289662,-0.003790156,0.003648256,-0.238508,-0.03920517,-9.688183,0.026561766,0.6421822,0.81267548,1.4380214,0,0.116,-1.696,274.638
00:40.2,0,100,0,0,0,0,0,0,0,0,0.018770815,-0.002194836,0.007398693,-0.2177996,-0.009792105,-9.715172,0.038994932,0.6196619,0.79769806,1.3720568,0,0.122,-1.702,274.636
00:40.2,0,100,0,0,0,0,0,0,0,0,0.01464501,-0.000599516,0.01114913,-0.1970912,0.01962096,-9.742161,0.051428098,0.5971416,0.78272064,1.3060922,0,0.128,-1.708,274.634
00:40.2,0,100,0,0,0,0,0,0,0,0,0.044160535,-0.039564238,0.000911411,-0.16994035,0.0339599,-9.8046315,0.063861264,0.5746213,0.76774322,1.2401276,0,0.134,-1.714,274.632
00:40.2,0,100,0,0,0,0,0,0,0,0,0.07367606,-0.07852896,-0.009326309,-0.1427895,0.04829884,-9.867102,0.07629443,0.552101,0.7527658,1.174163,0,0.14,-1.72,274.63
00:40.2,0,100,0,0,0,0,0,0,0,0,0.00474515,-0.04571233,-0.010631655,-0.1425867,0.062656735,-9.9019155,0.085901884,0.5705938,0.79928112,1.1869994,0,0.138,-1.72,274.632
00:40.3,0,100,0,0,0,0,0,0,0,0,-0.06418576,-0.0128957,-0.011937,-0.1423839,0.07701463,-9.936729,0.095509338,0.5890866,0.84579644,1.1998358,0,0.136,-1.72,274.634
00:40.3,0,100,0,0,0,0,0,0,0,0,-0.027787527,-0.00297487,0.001112035,-0.13626265,0.06598976,-9.863606,0.105116792,0.6075794,0.89231176,1.2126722,0,0.134,-1.72,274.636
00:40.3,0,100,0,0,0,0,0,0,0,0,0.008610707,0.00694596,0.01416107,-0.1301414,0.05496489,-9.790483,0.114724246,0.6260722,0.93882708,1.2255086,0,0.132,-1.72,274.638
00:40.3,0,100,0,0,0,0,0,0,0,0,0.002335887,0.005392418,0.00044953,-0.15280245,0.03620548,-9.77178,0.1243317,0.644565,0.9853424,1.238345,0,0.13,-1.72,274.64
00:40.3,0,100,0,0,0,0,0,0,0,0,-0.003938934,0.003838876,-0.01326201,-0.1754635,0.01744607,-9.753077,0.090423058,0.61681018,0.9209607,1.18149914,0,0.128,-1.72,274.64
00:40.4,0,100,0,0,0,0,0,0,0,0,-0.000717263,0.005212611,-0.002960404,-0.17911205,0.011920064,-9.773508,0.056514416,0.58905536,0.856579,1.12465328,0,0.126,-1.72,274.64
00:40.4,0,100,0,0,0,0,0,0,0,0,0.002504407,0.006586345,0.007341201,-0.1827606,0.006394058,-9.793939,0.022605774,0.56130054,0.7921973,1.06780742,0,0.124,-1.72,274.64
00:40.4,0,100,0,0,0,0,0,0,0,0,0.020376689,-0.022057863,0.001062428,-0.189764,0.000895625,-9.801451,-0.011302868,0.53354572,0.7278156,1.01096156,0,0.122,-1.72,274.64
00:40.4,0,100,0,0,0,0,0,0,0,0,0.03824897,-0.05070207,-0.005216345,-0.1967674,-0.004602809,-9.808963,-0.04521151,0.5057909,0.6634339,0.9541157,0,0.12,-1.72,274.64
00:40.4,0,100,0,0,0,0,0,0,0,0,0.037432365,-0.04031876,0.003410687,-0.17456865,0.023596256,-9.784239,-0.031082912,0.51175108,0.67059186,1.00979516,0,0.126,-1.728,274.64
00:40.5,0,100,0,0,0,0,0,0,0,0,0.03661576,-0.02993545,0.01203772,-0.1523699,0.05179532,-9.759515,-0.016954314,0.51771126,0.67774982,1.06547462,0,0.132,-1.736,274.64
00:40.5,0,100,0,0,0,0,0,0,0,0,0.0437473,-0.044325875,0.000903095,-0.1797032,0.01812497,-9.7702785,-0.002825716,0.52367144,0.68490778,1.12115408,0,0.138,-1.744,274.64
00:40.5,0,100,0,0,0,0,0,0,0,0,0.05087884,-0.0587163,-0.01023153,-0.2070365,-0.01554538,-9.781042,0.011302882,0.52963162,0.69206574,1.17683354,0,0.144,-1.752,274.64
00:40.5,0,100,0,0,0,0,0,0,0,0,0.05447746,-0.03952322,-0.007908169,-0.1745662,0.01203999,-9.7349515,0.02543148,0.5355918,0.6992237,1.232513,0,0.15,-1.76,274.64
00:40.5,0,100,0,0,0,0,0,0,0,0,0.05807608,-0.02033014,-0.005584808,-0.1420959,0.03962536,-9.688861,0.004521156,0.53423118,0.70210118,1.228231,0,0.148,-1.758,274.642
00:40.6,0,100,0,0,0,0,0,0,0,0,0.036740025,-0.006838077,0.001739471,-0.1899109,0.009509295,-9.69731,-0.016389168,0.53287056,0.70497866,1.223949,0,0.146,-1.756,274.644
00:40.6,0,100,0,0,0,0,0,0,0,0,0.01540397,0.006653987,0.00906375,-0.2377259,-0.02060677,-9.705759,-0.037299492,0.53150994,0.70785614,1.219667,0,0.144,-1.754,274.646
00:40.6,0,100,0,0,0,0,0,0,0,0,0.040645575,-0.022957082,0.000580152,-0.145076625,0.070462915,-9.730943,-0.058209816,0.53014932,0.71073362,1.215385,0,0.142,-1.752,274.648
00:40.6,0,100,0,0,0,0,0,0,0,0,0.06588718,-0.05256815,-0.007903446,-0.05242735,0.1615326,-9.756127,-0.07912014,0.5287887,0.7136111,1.211103,0,0.14,-1.75,274.65
00:40.6,0,100,0,0,0,0,0,0,0,0,0.036906832,-0.025279872,2.38E-05,-0.143213525,0.06585046,-9.786413,-0.053123522,0.5210316,0.70447682,1.188846,0,0.138,-1.748,274.65
00:40.7,0,100,0,0,0,0,0,0,0,0,0.007926483,0.002008406,0.007950997,-0.2339997,-0.02983168,-9.816699,-0.027126904,0.5132745,0.69534254,1.166589,0,0.136,-1.746,274.65
00:40.7,0,100,0,0,0,0,0,0,0,0,0.005897909,-0.011300377,0.003721147,-0.195847,-0.001426415,-9.7948505,-0.001130286,0.5055174,0.68620826,1.144332,0,0.134,-1.744,274.65
00:40.7,0,100,0,0,0,0,0,0,0,0,0.003869336,-0.02460916,-0.000508704,-0.1576943,0.02697885,-9.773002,0.024866332,0.4977603,0.67707398,1.122075,0,0.132,-1.742,274.65
00:40.7,0,100,0,0,0,0,0,0,0,0,-0.007136132,-0.007543233,0.006851138,-0.1721543,0.02116589,-9.79243,0.05086295,0.4900032,0.6679397,1.099818,0,0.13,-1.74,274.65
00:40.7,0,100,0,0,0,0,0,0,0,0,-0.0181416,0.009522695,0.01421098,-0.1866143,0.01535293,-9.811858,0.046341798,0.49667904,0.69439598,1.1387192,0,0.132,-1.742,274.65
00:40.8,0,100,0,0,0,0,0,0,0,0,-0.014242475,0.002479541,0.004790062,-0.20591215,-0.00511672,-9.845686,0.041820646,0.50335488,0.72085226,1.1776204,0,0.134,-1.744,274.65
00:40.8,0,100,0,0,0,0,0,0,0,0,-0.01034335,-0.004563612,-0.004630856,-0.22521,-0.02558637,-9.879514,0.037299494,0.51003072,0.74730854,1.2165216,0,0.136,-1.746,274.65
00:40.8,0,100,0,0,0,0,0,0,0,0,0.00079092,-0.008549706,0.001535611,-0.17755945,0.02421486,-9.863323,0.032778342,0.51670656,0.77376482,1.2554228,0,0.138,-1.748,274.65
00:40.8,0,100,0,0,0,0,0,0,0,0,0.01192519,-0.0125358,0.007702079,-0.1299089,0.07401609,-9.847132,0.02825719,0.5233824,0.8002211,1.294324,0,0.14,-1.75,274.65
00:40.8,0,100,0,0,0,0,0,0,0,0,0.005100258,-0.02022963,0.01085106,-0.17296445,0.03296622,-9.806296,0.02825719,0.55528798,0.83086008,1.242819,0,0.138,-1.752,274.65
00:40.9,0,100,0,0,0,0,0,0,0,0,-0.001724674,-0.02792346,0.01400004,-0.21602,-0.008083651,-9.76546,0.02825719,0.58719356,0.86149906,1.191314,0,0.136,-1.754,274.65
00:40.9,0,100,0,0,0,0,0,0,0,0,-0.017232572,-0.00039039,0.005521238,-0.18723315,0.012014454,-9.797099,0.02825719,0.61909914,0.89213804,1.139809,0,0.134,-1.756,274.65
00:40.9,0,100,0,0,0,0,0,0,0,0,-0.03274047,0.02714268,-0.002957563,-0.1584463,0.03211256,-9.828738,0.02825719,0.65100472,0.92277702,1.088304,0,0.132,-1.758,274.65
00:40.9,0,100,0,0,0,0,0,0,0,0,-0.020091067,0.016356435,0.002153594,-0.1719234,0.016838014,-9.8278925,0.02825719,0.6829103,0.953416,1.036799,0,0.13,-1.76,274.65
00:40.9,0,100,0,0,0,0,0,0,0,0,-0.007441664,0.00557019,0.007264751,-0.1854005,0.001563469,-9.827047,0.058774972,0.63430966,0.87725738,0.98433828,0,0.13,-1.76,274.65
00:41.0,0,100,0,0,0,0,0,0,0,0,0.015776763,-0.009333735,0.002803547,-0.14990555,0.032155039,-9.817642,0.089292754,0.58570902,0.80109876,0.93187756,0,0.13,-1.76,274.65
00:41.0,0,100,0,0,0,0,0,0,0,0,0.03899519,-0.02423766,-0.001657658,-0.1144106,0.06274661,-9.808237,0.119810536,0.53710838,0.72494014,0.87941684,0,0.13,-1.76,274.65
00:41.0,0,100,0,0,0,0,0,0,0,0,0.014703186,-0.012787939,0.001495844,-0.13646705,0.047763375,-9.81059,0.150328318,0.48850774,0.64878152,0.82695612,0,0.13,-1.76,274.65
00:41.0,0,100,0,0,0,0,0,0,0,0,-0.009588819,-0.001338218,0.004649345,-0.1585235,0.03278014,-9.812943,0.1808461,0.4399071,0.5726229,0.7744954,0,0.13,-1.76,274.65
00:41.0,0,100,0,0,0,0,0,0,0,0,-0.022094055,0.018062396,5.51E-06,-0.1709904,0.018680131,-9.8141195,0.133374002,0.4543252,0.57549108,0.80976012,0,0.128,-1.762,274.65
00:41.1,0,100,0,0,0,0,0,0,0,0,-0.03459929,0.03746301,-0.004638326,-0.1834573,0.004580122,-9.815296,0.085901904,0.4687433,0.57835926,0.84502484,0,0.126,-1.764,274.65
00:41.1,0,100,0,0,0,0,0,0,0,0,-0.03153707,0.03458789,-0.006955502,-0.1973314,-0.006313529,-9.830939,0.038429806,0.4831614,0.58122744,0.88028956,0,0.124,-1.766,274.65
00:41.1,0,100,0,0,0,0,0,0,0,0,-0.02847485,0.03171277,-0.009272677,-0.2112055,-0.01720718,-9.846582,-0.009042292,0.4975795,0.58409562,0.91555428,0,0.122,-1.768,274.65
00:41.1,0,100,0,0,0,0,0,0,0,0,-0.009964972,0.017093501,-0.005222228,-0.1744052,0.020103065,-9.817975,-0.05651439,0.5119976,0.5869638,0.950819,0,0.12,-1.77,274.65
00:41.1,0,100,0,0,0,0,0,0,0,0,0.008544907,0.002474231,-0.001171778,-0.1376049,0.05741331,-9.789368,-0.055384102,0.50072058,0.5873892,0.92824676,0,0.12,-1.768,274.648
00:41.2,0,100,0,0,0,0,0,0,0,0,0.028666774,-0.02327425,-0.003212673,-0.16129985,0.030808047,-9.779847,-0.054253814,0.48944356,0.5878146,0.90567452,0,0.12,-1.766,274.646
00:41.2,0,100,0,0,0,0,0,0,0,0,0.04878864,-0.04902273,-0.005253568,-0.1849948,0.004202784,-9.770326,-0.053123526,0.47816654,0.58824,0.88310228,0,0.12,-1.764,274.644
00:41.2,0,100,0,0,0,0,0,0,0,0,0.009626425,-0.014670675,-0.002994877,-0.1892671,0.003330966,-9.8114735,-0.051993238,0.46688952,0.5886654,0.86053004,0,0.12,-1.762,274.642
00:41.2,0,100,0,0,0,0,0,0,0,0,-0.02953579,0.01968138,-0.000736186,-0.1935394,0.002459147,-9.852621,-0.05086295,0.4556125,0.5890908,0.8379578,0,0.12,-1.76,274.64
00:41.2,0,100,0,0,0,0,0,0,0,0,-0.045718905,0.01981061,-0.007273543,-0.18377605,0.007549954,-9.8576375,-0.054253814,0.46190134,0.60251034,0.85249962,0,0.124,-1.766,274.64
00:41.3,0,100,0,0,0,0,0,0,0,0,-0.06190202,0.01993984,-0.0138109,-0.1740127,0.01264076,-9.862654,-0.057644678,0.46819018,0.61592988,0.86704144,0,0.128,-1.772,274.64
00:41.3,0,100,0,0,0,0,0,0,0,0,-0.014006135,0.009447413,-0.002812728,-0.1546611,0.04208611,-9.807551,-0.061035542,0.47447902,0.62934942,0.88158326,0,0.132,-1.778,274.64
00:41.3,0,100,0,0,0,0,0,0,0,0,0.03388975,-0.001045014,0.008185444,-0.1353095,0.07153146,-9.752448,-0.064426406,0.48076786,0.64276896,0.89612508,0,0.136,-1.784,274.64
00:41.3,0,100,0,0,0,0,0,0,0,0,0.006123655,0.009292708,0.007485248,-0.1486419,0.050999855,-9.7778185,-0.06781727,0.4870567,0.6561885,0.9106669,0,0.14,-1.79,274.64
00:41.3,0,100,0,0,0,0,0,0,0,0,-0.02164244,0.01963043,0.006785051,-0.1619743,0.03046825,-9.803189,-0.077989856,0.48723558,0.67526406,0.95215592,0,0.14,-1.79,274.642
00:41.4,0,100,0,0,0,0,0,0,0,0,-0.009488308,0.014096165,0.010258611,-0.18093855,0.020514695,-9.8072545,-0.088162442,0.48741446,0.69433962,0.99364494,0,0.14,-1.79,274.644
00:41.4,0,100,0,0,0,0,0,0,0,0,0.002665824,0.008561899,0.01373217,-0.1999028,0.01056114,-9.81132,-0.098335028,0.48759334,0.71341518,1.03513396,0,0.14,-1.79,274.646
00:41.4,0,100,0,0,0,0,0,0,0,0,0.013049162,-0.0008941,0.016223065,-0.19730855,0.016060415,-9.8079535,-0.108507614,0.48777222,0.73249074,1.07662298,0,0.14,-1.79,274.648
00:41.4,0,100,0,0,0,0,0,0,0,0,0.0234325,-0.0103501,0.01871396,-0.1947143,0.02155969,-9.804587,-0.1186802,0.4879511,0.7515663,1.118112,0,0.14,-1.79,274.65
00:41.4,0,100,0,0,0,0,0,0,0,0,0.028532175,-0.009503052,0.00867719,-0.15220045,0.064014695,-9.7633855,-0.0582098,0.5154295,0.76010002,1.07414956,0,0.138,-1.788,274.65
00:41.5,0,100,0,0,0,0,0,0,0,0,0.03363185,-0.008656003,-0.00135958,-0.1096866,0.1064697,-9.722184,0.0022606,0.5429079,0.76863374,1.03018712,0,0.136,-1.786,274.65
00:41.5,0,100,0,0,0,0,0,0,0,0,0.020758337,-0.000492227,0.003872701,-0.15287875,0.06870533,-9.771727,0.062731,0.5703863,0.77716746,0.98622468,0,0.134,-1.784,274.65
00:41.5,0,100,0,0,0,0,0,0,0,0,0.007884824,0.007671549,0.009104981,-0.1960709,0.03094096,-9.82127,0.1232014,0.5978647,0.78570118,0.94226224,0,0.132,-1.782,274.65
00:41.5,0,100,0,0,0,0,0,0,0,0,0.026087912,-0.02888175,0.004288857,-0.16989305,0.042559615,-9.815974,0.1836718,0.6253431,0.7942349,0.8982998,0,0.13,-1.78,274.65
00:41.5,0,100,0,0,0,0,0,0,0,0,0.044291,-0.06543505,-0.000527268,-0.1437152,0.05417827,-9.810678,0.155414598,0.5936412,0.7654538,0.88790836,0,0.136,-1.788,274.648
00:41.6,0,100,0,0,0,0,0,0,0,0,0.030439535,-0.033989791,0.00349633,-0.1756499,0.031841879,-9.8172625,0.127157396,0.5619393,0.7366727,0.87751692,0,0.142,-1.796,274.646
00:41.6,0,100,0,0,0,0,0,0,0,0,0.01658807,-0.002544531,0.007519927,-0.2075846,0.009505488,-9.823847,0.098900194,0.5302374,0.7078916,0.86712548,0,0.148,-1.804,274.644
00:41.6,0,100,0,0,0,0,0,0,0,0,0.040339595,-0.023491881,0.003891432,-0.14633298,0.055488444,-9.823245,0.070642992,0.4985355,0.6791105,0.85673404,0,0.154,-1.812,274.642
00:41.6,0,100,0,0,0,0,0,0,0,0,0.06409112,-0.04443923,0.000262937,-0.08508136,0.1014714,-9.822643,0.04238579,0.4668336,0.6503294,0.8463426,0,0.16,-1.82,274.64
00:41.6,0,100,0,0,0,0,0,0,0,0,0.028156952,-0.00829017,0.007568889,-0.10766613,0.08938659,-9.7976365,0.021475466,0.46024994,0.63251494,0.82385368,0,0.156,-1.818,274.64
00:41.7,0,100,0,0,0,0,0,0,0,0,-0.007777216,0.02785889,0.01487484,-0.1302509,0.07730178,-9.77263,0.000565142,0.45366628,0.61470048,0.80136476,0,0.152,-1.816,274.64
00:41.7,0,100,0,0,0,0,0,0,0,0,-0.000732166,0.020188205,0.009426139,-0.15901005,0.047469475,-9.7835155,-0.020345182,0.44708262,0.59688602,0.77887584,0,0.148,-1.814,274.64
00:41.7,0,100,0,0,0,0,0,0,0,0,0.006312884,0.01251752,0.003977437,-0.1877692,0.01763717,-9.794401,-0.041255506,0.44049896,0.57907156,0.75638692,0,0.144,-1.812,274.64
00:41.7,0,100,0,0,0,0,0,0,0,0,0.020770057,-0.00480318,0.00387313,-0.18122395,0.026012655,-9.8024185,-0.06216583,0.4339153,0.5612571,0.733898,0,0.14,-1.81,274.64
00:41.7,0,100,0,0,0,0,0,0,0,0,0.03522723,-0.02212388,0.003768823,-0.1746787,0.03438814,-9.810436,-0.058774966,0.46105448,0.59315972,0.8411404,0,0.144,-1.812,274.642
00:41.8,0,100,0,0,0,0,0,0,0,0,-0.00378155,0.00323469,0.001013426,-0.1908684,0.019576548,-9.824589,-0.055384102,0.48819366,0.62506234,0.9483828,0,0.148,-1.814,274.644
00:41.8,0,100,0,0,0,0,0,0,0,0,-0.04279033,0.02859326,-0.001741971,-0.2070581,0.004764955,-9.838742,-0.051993238,0.51533284,0.65696496,1.0556252,0,0.152,-1.816,274.646
00:41.8,0,100,0,0,0,0,0,0,0,0,-0.03765249,0.039035755,0.00433425,-0.1983718,0.017590843,-9.8450325,-0.048602374,0.54247202,0.68886758,1.1628676,0,0.156,-1.818,274.648
00:41.8,0,100,0,0,0,0,0,0,0,0,-0.03251465,0.04947825,0.01041047,-0.1896855,0.03041673,-9.851323,-0.04521151,0.5696112,0.7207702,1.27011,0,0.16,-1.82,274.65
00:41.8,0,100,0,0,0,0,0,0,0,0,0.02591358,0.029354899,0.006948666,-0.17032055,0.05525637,-9.824932,-0.018084602,0.59232122,0.78680836,1.3411664,0,0.16,-1.82,274.65
00:41.9,0,100,0,0,0,0,0,0,0,0,0.08434181,0.009231548,0.003486862,-0.1509556,0.08009601,-9.798541,0.009042306,0.61503124,0.85284652,1.4122228,0,0.16,-1.82,274.65
00:41.9,0,100,0,0,0,0,0,0,0,0,0.112034155,-0.056135926,-0.008066309,-0.13116385,0.0869389,-9.7641775,0.036169214,0.63774126,0.91888468,1.4832792,0,0.16,-1.82,274.65
00:41.9,0,100,0,0,0,0,0,0,0,0,0.1397265,-0.1215034,-0.01961948,-0.1113721,0.09378179,-9.729814,0.063296122,0.66045128,0.98492284,1.5543356,0,0.16,-1.82,274.65
00:41.9,0,100,0,0,0,0,0,0,0,0,0.052229565,-0.07168455,-0.012675728,-0.1705163,0.03404009,-9.8255555,0.09042303,0.6831613,1.050961,1.625392,0,0.16,-1.82,274.65
00:41.9,0,100,0,0,0,0,0,0,0,0,-0.03526737,-0.0218657,-0.005731976,-0.2296605,-0.02570161,-9.921297,0.078555008,0.66926104,0.99998708,1.5553536,0,0.158,-1.822,274.65
00:42.0,0,100,0,0,0,0,0,0,0,0,-0.012713722,-0.007269267,0.000308182,-0.1905144,0.01751659,-9.887855,0.066686986,0.65536078,0.94901316,1.4853152,0,0.156,-1.824,274.65
00:42.0,0,100,0,0,0,0,0,0,0,0,0.009839926,0.007327167,0.00634834,-0.1513683,0.06073479,-9.854413,0.054818964,0.64146052,0.89803924,1.4152768,0,0.154,-1.826,274.65
00:42.0,0,100,0,0,0,0,0,0,0,0,0.016407188,0.011062914,0.00966263,-0.1428813,0.040967235,-9.7834315,0.042950942,0.62756026,0.84706532,1.3452384,0,0.152,-1.828,274.65
00:42.0,0,100,0,0,0,0,0,0,0,0,0.02297445,0.01479866,0.01297692,-0.1343943,0.02119968,-9.71245,0.03108292,0.61366,0.7960914,1.2752,0,0.15,-1.83,274.65
00:42.0,0,100,0,0,0,0,0,0,0,0,0.012200421,0.004993879,0.005539991,-0.14766265,0.03536033,-9.7583685,0.018084608,0.58629556,0.75034248,1.1979236,0,0.15,-1.828,274.65
00:42.1,0,100,0,0,0,0,0,0,0,0,0.001426392,-0.004810901,-0.001896938,-0.160931,0.04952098,-9.804287,0.005086296,0.55893112,0.70459356,1.1206472,0,0.15,-1.826,274.65
00:42.1,0,100,0,0,0,0,0,0,0,0,0.013864136,-0.016700326,-0.007111994,-0.17666135,0.027936432,-9.8374115,-0.007912016,0.53156668,0.65884464,1.0433708,0,0.15,-1.824,274.65
00:42.1,0,100,0,0,0,0,0,0,0,0,0.02630188,-0.02858975,-0.01232705,-0.1923917,0.006351883,-9.870536,-0.020910328,0.50420224,0.61309572,0.9660944,0,0.15,-1.822,274.65
00:42.1,0,100,0,0,0,0,0,0,0,0,0.021892155,-0.015482443,-0.006983473,-0.1880285,0.012040607,-9.8257555,-0.03390864,0.4768378,0.5673468,0.888818,0,0.15,-1.82,274.65
00:42.1,0,100,0,0,0,0,0,0,0,0,0.01748243,-0.002375135,-0.001639895,-0.1836653,0.01772933,-9.780975,-0.018649754,0.48336678,0.58093606,0.86314522,0,0.152,-1.822,274.65
00:42.2,0,100,0,0,0,0,0,0,0,0,0.01289932,0.002698259,0.000373827,-0.184285,0.020706215,-9.7745165,-0.003390868,0.48989576,0.59452532,0.83747244,0,0.154,-1.824,274.65
00:42.2,0,100,0,0,0,0,0,0,0,0,0.00831621,0.007771653,0.002387549,-0.1849047,0.0236831,-9.768058,0.011868018,0.49642474,0.60811458,0.81179966,0,0.156,-1.826,274.65
00:42.2,0,100,0,0,0,0,0,0,0,0,-0.001627005,0.016219907,0.003075252,-0.19110745,0.019473065,-9.811744,0.027126904,0.50295372,0.62170384,0.78612688,0,0.158,-1.828,274.65
00:42.2,0,100,0,0,0,0,0,0,0,0,-0.01157022,0.02466816,0.003762954,-0.1973102,0.01526303,-9.85543,0.04238579,0.5094827,0.6352931,0.7604541,0,0.16,-1.83,274.65
00:42.2,0,100,0,0,0,0,0,0,0,0,-0.031254555,0.031844545,-0.002293383,-0.19083065,0.013474585,-9.8464335,0.053123524,0.50772992,0.63888584,0.83891808,0,0.164,-1.834,274.648
00:42.3,0,100,0,0,0,0,0,0,0,0,-0.05093889,0.03902093,-0.008349719,-0.1843511,0.01168614,-9.837437,0.063861258,0.50597714,0.64247858,0.91738206,0,0.168,-1.838,274.646
00:42.3,0,100,0,0,0,0,0,0,0,0,-0.04827948,0.033196065,-0.01302339,-0.19662115,-0.001224935,-9.8408235,0.074598992,0.50422436,0.64607132,0.99584604,0,0.172,-1.842,274.644
00:42.3,0,100,0,0,0,0,0,0,0,0,-0.04562007,0.0273712,-0.01769706,-0.2088912,-0.01413601,-9.84421,0.085336726,0.50247158,0.64966406,1.07431002,0,0.176,-1.846,274.642
00:42.3,0,100,0,0,0,0,0,0,0,0,-0.063816095,0.038657545,-0.01908977,-0.1578731,0.014185935,-9.821497,0.09607446,0.5007188,0.6532568,1.152774,0,0.18,-1.85,274.64
00:42.3,0,100,0,0,0,0,0,0,0,0,-0.08201212,0.04994389,-0.02048248,-0.106855,0.04250788,-9.798784,0.090423022,0.52068314,0.66511692,1.1807638,0,0.176,-1.85,274.642
00:42.4,0,100,0,0,0,0,0,0,0,0,-0.043740936,0.040977675,-0.012649482,-0.12587445,0.047330645,-9.7978975,0.084771584,0.54064748,0.67697704,1.2087536,0,0.172,-1.85,274.644
00:42.4,0,100,0,0,0,0,0,0,0,0,-0.005469753,0.03201146,-0.004816484,-0.1448939,0.05215341,-9.797011,0.079120146,0.56061182,0.68883716,1.2367434,0,0.168,-1.85,274.646
00:42.4,0,100,0,0,0,0,0,0,0,0,-0.014098217,0.019743788,-0.001810395,-0.18813625,0.01363664,-9.7998045,0.073468708,0.58057616,0.70069728,1.2647332,0,0.164,-1.85,274.648
00:42.4,0,100,0,0,0,0,0,0,0,0,-0.02272668,0.007476116,0.001195694,-0.2313786,-0.02488013,-9.802598,0.06781727,0.6005405,0.7125574,1.292723,0,0.16,-1.85,274.65
00:42.4,0,100,0,0,0,0,0,0,0,0,-0.013439157,0.011968168,-0.002225492,-0.2188158,-0.004423905,-9.8337885,0.059905254,0.59091926,0.7163509,1.277475,0,0.16,-1.85,274.65
00:42.5,0,100,0,0,0,0,0,0,0,0,-0.004151634,0.01646022,-0.005646679,-0.206253,0.01603232,-9.864979,0.051993238,0.58129802,0.7201444,1.262227,0,0.16,-1.85,274.65
00:42.5,0,100,0,0,0,0,0,0,0,0,0.030477873,-0.04007199,-0.0103516,-0.18614715,0.028547935,-9.8374015,0.044081222,0.57167678,0.7239379,1.246979,0,0.16,-1.85,274.65
00:42.5,0,100,0,0,0,0,0,0,0,0,0.06510738,-0.0966042,-0.01505652,-0.1660413,0.04106355,-9.809824,0.036169206,0.56205554,0.7277314,1.231731,0,0.16,-1.85,274.65
00:42.5,0,100,0,0,0,0,0,0,0,0,0.068798725,-0.0854654,-0.01343042,-0.1592627,0.0456108,-9.7834475,0.02825719,0.5524343,0.7315249,1.216483,0,0.16,-1.85,274.65
00:42.5,0,100,0,0,0,0,0,0,0,0,0.07249007,-0.0743266,-0.01180432,-0.1524841,0.05015805,-9.757071,0.010172586,0.55280224,0.73201978,1.1942384,0,0.16,-1.85,274.65
00:42.6,0,100,0,0,0,0,0,0,0,0,0.015497875,-0.035713067,-0.0076631,-0.19975385,0.00300305,-9.8379785,-0.007912018,0.55317018,0.73251466,1.1719938,0,0.16,-1.85,274.65
00:42.6,0,100,0,0,0,0,0,0,0,0,-0.04149432,0.002900467,-0.00352188,-0.2470236,-0.04415195,-9.918886,-0.025996622,0.55353812,0.73300954,1.1497492,0,0.16,-1.85,274.65
00:42.6,0,100,0,0,0,0,0,0,0,0,-0.03124263,0.017849904,-0.003183287,-0.1974257,0.002240915,-9.8461565,-0.044081226,0.55390606,0.73350442,1.1275046,0,0.16,-1.85,274.65
00:42.6,0,100,0,0,0,0,0,0,0,0,-0.02099094,0.03279934,-0.002844694,-0.1478278,0.04863378,-9.773427,-0.06216583,0.554274,0.7339993,1.10526,0,0.16,-1.85,274.65
00:42.6,0,100,0,0,0,0,0,0,0,0,-0.0036868,0.02161236,0.006677173,-0.120093655,0.064548575,-9.760438,-0.05199324,0.55455162,0.72739822,1.1037734,0,0.162,-1.854,274.65
00:42.7,0,100,0,0,0,0,0,0,0,0,0.01361734,0.01042538,0.01619904,-0.09235951,0.08046337,-9.747449,-0.04182065,0.55482924,0.72079714,1.1022868,0,0.164,-1.858,274.65
00:42.7,0,100,0,0,0,0,0,0,0,0,0.02067537,-0.009820045,0.00915009,-0.128878355,0.050216595,-9.817426,-0.03164806,0.55510686,0.71419606,1.1008002,0,0.166,-1.862,274.65
00:42.7,0,100,0,0,0,0,0,0,0,0,0.0277334,-0.03006547,0.00210114,-0.1653972,0.01996982,-9.887403,-0.02147547,0.55538448,0.70759498,1.0993136,0,0.168,-1.866,274.65
00:42.7,0,100,0,0,0,0,0,0,0,0,-0.00337625,-0.011342161,-0.003260345,-0.16340315,0.014241257,-9.8817375,-0.01130288,0.5556621,0.7009939,1.097827,0,0.17,-1.87,274.65
00:42.7,0,100,0,0,0,0,0,0,0,0,-0.0344859,0.007381148,-0.008621831,-0.1614091,0.008512693,-9.876072,-0.010172592,0.58027832,0.73355188,1.06050026,0,0.166,-1.866,274.65
00:42.8,0,100,0,0,0,0,0,0,0,0,-0.025181605,0.010611569,0.00551244,-0.17728885,0.010190557,-9.8132825,-0.009042304,0.60489454,0.76610986,1.02317352,0,0.162,-1.862,274.65
00:42.8,0,100,0,0,0,0,0,0,0,0,-0.01587731,0.01384199,0.01964671,-0.1931686,0.01186842,-9.750493,-0.007912015,0.62951076,0.79866784,0.98584678,0,0.158,-1.858,274.65
00:42.8,0,100,0,0,0,0,0,0,0,0,-0.003372466,0.012073345,0.003868735,-0.18662815,0.02254696,-9.7718295,-0.006781727,0.65412698,0.83122582,0.94852004,0,0.154,-1.854,274.65
00:42.8,0,100,0,0,0,0,0,0,0,0,0.009132377,0.0103047,-0.01190924,-0.1800877,0.0332255,-9.793166,-0.005651439,0.6787432,0.8637838,0.9111933,0,0.15,-1.85,274.65
00:42.8,0,100,0,0,0,0,0,0,0,0,-0.013838867,0.008414873,0.000204285,-0.1976509,0.021109729,-9.837927,-0.029387491,1.04694176,1.29007644,1.27904364,0,0.142,-1.838,274.658
00:42.9,0,100,0,0,0,0,0,0,0,0,-0.03681011,0.006525046,0.01231781,-0.2152141,0.008993958,-9.882688,-0.053123543,1.41514032,1.71636908,1.64689398,0,0.134,-1.826,274.666
00:42.9,0,100,0,0,0,0,0,0,0,0,-0.004233885,-0.028987727,0.01407072,-0.17702675,0.011737049,-9.8307815,-0.076859596,1.78333888,2.14266172,2.01474432,0,0.126,-1.814,274.674
00:42.9,0,100,0,0,0,0,0,0,0,0,0.02834234,-0.0645005,0.01582363,-0.1388394,0.01448014,-9.778875,-0.100595648,2.15153744,2.56895436,2.38259466,0,0.118,-1.802,274.682
00:42.9,0,100,0,0,0,0,0,0,0,0,-0.05355223,-0.025653755,-0.050045885,-0.2224315,-0.04830558,-9.825237,-0.1243317,2.519736,2.995247,2.750445,0,0.11,-1.79,274.69
00:42.9,0,100,0,0,0,0,0,0,0,0,-0.1354468,0.01319299,-0.1159154,-0.3060236,-0.1110913,-9.871599,-0.103986512,2.6138358,3.2708562,3.3252748,0,0.112,-1.798,274.694
00:43.0,0,100,0,0,0,0,0,0,0,0,-0.12521615,0.074042845,-0.049069295,-0.111368685,0.04942515,-9.8105055,-0.083641324,2.7079356,3.5464654,3.9001046,0,0.114,-1.806,274.698
00:43.0,0,100,0,0,0,0,0,0,0,0,-0.1149855,0.1348927,0.01777681,0.08328623,0.2099416,-9.749412,-0.063296136,2.8020354,3.8220746,4.4749344,0,0.116,-1.814,274.702
00:43.0,0,100,0,0,0,0,0,0,0,0,0.06297375,-0.0636131,0.022605845,0.00534962,0.1671356,-9.678602,-0.042950948,2.8961352,4.0976838,5.0497642,0,0.118,-1.822,274.706
00:43.0,0,100,0,0,0,0,0,0,0,0,0.240933,-0.2621189,0.02743488,-0.07258699,0.1243296,-9.607792,-0.02260576,2.990235,4.373293,5.624594,0,0.12,-1.83,274.71
00:43.0,0,100,0,0,0,0,0,0,0,0,0.151963065,-0.0749544,0.02972459,-0.108785895,0.07638969,-9.7105285,-0.036169214,2.874019,4.093914,5.3686172,0,0.112,-1.82,274.71
00:43.1,0,100,0,0,0,0,0,0,0,0,0.06299313,0.1122101,0.0320143,-0.1449848,0.02844978,-9.813265,-0.049732668,2.757803,3.814535,5.1126404,0,0.104,-1.81,274.71
00:43.1,0,100,0,0,0,0,0,0,0,0,0.03583882,0.03211739,0.038939905,-0.18351985,0.058478435,-9.8094495,-0.063296122,2.641587,3.535156,4.8566636,0,0.096,-1.8,274.71
00:43.1,0,100,0,0,0,0,0,0,0,0,0.00868451,-0.04797532,0.04586551,-0.2220549,0.08850709,-9.805634,-0.076859576,2.525371,3.255777,4.6006868,0,0.088,-1.79,274.71
00:43.1,0,100,0,0,0,0,0,0,0,0,-0.046112045,-0.017686595,0.01399208,-0.19434335,0.07161808,-9.8384105,-0.09042303,2.409155,2.976398,4.34471,0,0.08,-1.78,274.71
00:43.1,0,100,0,0,0,0,0,0,0,0,-0.1009086,0.01260213,-0.01788135,-0.1666318,0.05472907,-9.871187,-0.077989862,2.451607,2.9500906,4.3974136,0,0.074,-1.772,274.72
00:43.2,0,100,0,0,0,0,0,0,0,0,-0.002513995,-0.0066232,0.00091392,-0.165817,0.014574185,-9.8204555,-0.065556694,2.494059,2.9237832,4.4501172,0,0.068,-1.764,274.73
00:43.2,0,100,0,0,0,0,0,0,0,0,0.09588061,-0.02584853,0.01970919,-0.1650022,-0.0255807,-9.769724,-0.053123526,2.536511,2.8974758,4.5028208,0,0.062,-1.756,274.74
00:43.2,0,100,0,0,0,0,0,0,0,0,-0.007073745,0.052915735,0.04284048,-0.1903189,-0.006705675,-9.7966795,-0.040690358,2.578963,2.8711684,4.5555244,0,0.056,-1.748,274.75
00:43.2,0,100,0,0,0,0,0,0,0,0,-0.1100281,0.13168,0.06597177,-0.2156356,0.01216935,-9.823635,-0.02825719,2.621415,2.844861,4.608228,0,0.05,-1.74,274.76
00:43.2,0,100,0,0,0,0,0,0,0,0,-0.04533645,0.057743,0.04615964,-0.16427115,0.058333175,-9.7678155,-0.017519456,2.5067108,2.7292314,4.4205114,0,0.056,-1.746,274.758
00:43.3,0,100,0,0,0,0,0,0,0,0,0.0193552,-0.016194,0.02634751,-0.1129067,0.104497,-9.711996,-0.006781722,2.3920066,2.6136018,4.2327948,0,0.062,-1.752,274.756
00:43.3,0,100,0,0,0,0,0,0,0,0,0.0205793,-0.003714605,0.017651344,-0.032542315,0.13322225,-9.749433,0.003956012,2.2773024,2.4979722,4.0450782,0,0.068,-1.758,274.754
00:43.3,0,100,0,0,0,0,0,0,0,0,0.0218034,0.008764789,0.008955178,0.04782207,0.1619475,-9.78687,0.014693746,2.1625982,2.3823426,3.8573616,0,0.074,-1.764,274.752
00:43.3,0,100,0,0,0,0,0,0,0,0,-0.03673055,0.039233424,0.004273198,-0.073671265,0.076349398,-9.8222245,0.02543148,2.047894,2.266713,3.669645,0,0.08,-1.77,274.75
00:43.3,0,100,0,0,0,0,0,0,0,0,-0.0952645,0.06970206,-0.000408782,-0.1951646,-0.009248704,-9.857579,0.033343494,1.9949872,2.3205652,3.6187494,0,0.076,-1.768,274.748
00:43.4,0,100,0,0,0,0,0,0,0,0,-0.049038104,0.035875733,0.013491589,-0.18367825,0.022856173,-9.833295,0.041255508,1.9420804,2.3744174,3.5678538,0,0.072,-1.766,274.746
00:43.4,0,100,0,0,0,0,0,0,0,0,-0.002811707,0.002049405,0.02739196,-0.1721919,0.05496105,-9.809011,0.049167522,1.8891736,2.4282696,3.5169582,0,0.068,-1.764,274.744
00:43.4,0,100,0,0,0,0,0,0,0,0,-0.001876841,0.016980727,0.02182403,-0.1615565,0.077436815,-9.8239425,0.057079536,1.8362668,2.4821218,3.4660626,0,0.064,-1.762,274.742
00:43.4,0,100,0,0,0,0,0,0,0,0,-0.000941975,0.03191205,0.0162561,-0.1509211,0.09991258,-9.838874,0.06499155,1.78336,2.535974,3.415167,0,0.06,-1.76,274.74
00:43.4,0,100,0,0,0,0,0,0,0,0,0.052119163,-0.046761425,0.008003342,-0.1789607,0.05695272,-9.798401,0.068947558,1.7913754,2.4342336,3.3716362,0,0.062,-1.766,274.734
00:43.5,0,100,0,0,0,0,0,0,0,0,0.1051803,-0.1254349,-0.000249416,-0.2070003,0.01399286,-9.757928,0.072903566,1.7993908,2.3324932,3.3281054,0,0.064,-1.772,274.728
00:43.5,0,100,0,0,0,0,0,0,0,0,0.04675003,-0.063433494,-0.005731213,-0.17015145,0.042598925,-9.784913,0.076859574,1.8074062,2.2307528,3.2845746,0,0.066,-1.778,274.722
00:43.5,0,100,0,0,0,0,0,0,0,0,-0.01168024,-0.001432087,-0.01121301,-0.1333026,0.07120499,-9.811898,0.080815582,1.8154216,2.1290124,3.2410438,0,0.068,-1.784,274.716
00:43.5,0,100,0,0,0,0,0,0,0,0,-0.048161965,0.013568761,-0.02231714,-0.1840058,0.031964712,-9.8630005,0.08477159,1.823437,2.027272,3.197513,0,0.07,-1.79,274.71
00:43.5,0,100,0,0,0,0,0,0,0,0,-0.08464369,0.02856961,-0.03342127,-0.234709,-0.007275567,-9.914103,0.093248752,2.0171104,2.4394106,3.4242316,0,0.07,-1.79,274.708
00:43.6,0,100,0,0,0,0,0,0,0,0,0.00329449,0.010930974,0.003530605,-0.1925389,0.033890187,-9.852605,0.101725914,2.2107838,2.8515492,3.6509502,0,0.07,-1.79,274.706
00:43.6,0,100,0,0,0,0,0,0,0,0,0.09123267,-0.006707663,0.04048248,-0.1503688,0.07505594,-9.791107,0.110203076,2.4044572,3.2636878,3.8776688,0,0.07,-1.79,274.704
00:43.6,0,100,0,0,0,0,0,0,0,0,0.085655105,-0.037990772,0.0303772,-0.1493784,0.077979925,-9.799884,0.118680238,2.5981306,3.6758264,4.1043874,0,0.07,-1.79,274.702
00:43.6,0,100,0,0,0,0,0,0,0,0,0.08007754,-0.06927388,0.02027192,-0.148388,0.08090391,-9.808661,0.1271574,2.791804,4.087965,4.331106,0,0.07,-1.79,274.7
00:43.6,0,100,0,0,0,0,0,0,0,0,0.09278537,-0.09201724,0.01138037,-0.1566338,0.036079753,-9.7764965,0.145242,2.7552362,3.9068948,4.2231622,0,0.068,-1.79,274.7
00:43.7,0,100,0,0,0,0,0,0,0,0,0.1054932,-0.1147606,0.002488821,-0.1648796,-0.008744404,-9.744332,0.1633266,2.7186684,3.7258246,4.1152184,0,0.066,-1.79,274.7
00:43.7,0,100,0,0,0,0,0,0,0,0,0.023087575,-0.04112706,-0.01330283,-0.09716515,0.094660448,-9.773692,0.1814112,2.6821006,3.5447544,4.0072746,0,0.064,-1.79,274.7
00:43.7,0,100,0,0,0,0,0,0,0,0,-0.05931805,0.03250648,-0.02909448,-0.0294507,0.1980653,-9.803052,0.1994958,2.6455328,3.3636842,3.8993308,0,0.062,-1.79,274.7
00:43.7,0,100,0,0,0,0,0,0,0,0,-0.058558485,0.009108445,-0.02819442,-0.02348397,0.192024,-9.83474,0.2175804,2.608965,3.182614,3.791387,0,0.06,-1.79,274.7
00:43.7,0,100,0,0,0,0,0,0,0,0,-0.05779892,-0.01428959,-0.02729436,-0.01751724,0.1859827,-9.866428,0.174629464,2.4961742,2.9240126,3.7382526,0,0.054,-1.78,274.698
00:43.8,0,100,0,0,0,0,0,0,0,0,-0.0176134,-0.01449953,-0.00085411,-0.08940582,0.125203645,-9.8247125,0.131678528,2.3833834,2.6654112,3.6851182,0,0.048,-1.77,274.696
00:43.8,0,100,0,0,0,0,0,0,0,0,0.02257212,-0.01470947,0.02558614,-0.1612944,0.06442459,-9.782997,0.088727592,2.2705926,2.4068098,3.6319838,0,0.042,-1.76,274.694
00:43.8,0,100,0,0,0,0,0,0,0,0,-0.03338578,0.036646355,0.015850146,-0.16938595,0.042827565,-9.827428,0.045776656,2.1578018,2.1482084,3.5788494,0,0.036,-1.75,274.692
00:43.8,0,100,0,0,0,0,0,0,0,0,-0.08934368,0.08800218,0.006114151,-0.1774775,0.02123054,-9.871859,0.00282572,2.045011,1.889607,3.525715,0,0.03,-1.74,274.69
00:43.8,0,100,0,0,0,0,0,0,0,0,-0.040913438,0.006693055,0.00878588,-0.1832098,0.01892096,-9.8094625,0.011302878,2.1906324,1.889868,3.6961496,0,0.032,-1.746,274.696
00:43.9,0,100,0,0,0,0,0,0,0,0,0.007516805,-0.07461607,0.01145761,-0.1889421,0.01661138,-9.747066,0.019780036,2.3362538,1.890129,3.8665842,0,0.034,-1.752,274.702
00:43.9,0,100,0,0,0,0,0,0,0,0,-0.032516518,0.016331315,0.016176205,-0.16622315,0.03679132,-9.8049935,0.028257194,2.4818752,1.89039,4.0370188,0,0.036,-1.758,274.708
00:43.9,0,100,0,0,0,0,0,0,0,0,-0.07254984,0.1072787,0.0208948,-0.1435042,0.05697126,-9.862921,0.036734352,2.6274966,1.890651,4.2074534,0,0.038,-1.764,274.714
00:43.9,0,100,0,0,0,0,0,0,0,0,-0.02548099,0.026099845,0.011860371,-0.102905945,0.08450438,-9.8123505,0.04521151,2.773118,1.890912,4.377888,0,0.04,-1.77,274.72
00:43.9,0,100,0,0,0,0,0,0,0,0,0.02158786,-0.05507901,0.002825942,-0.06230769,0.1120375,-9.76178,0.080250428,2.699894,1.908564,4.2469034,0,0.04,-1.77,274.728
00:44.0,0,100,0,0,0,0,0,0,0,0,0.022555535,-0.01331788,0.021506246,-0.098044395,0.10894735,-9.8097785,0.115289346,2.62667,1.926216,4.1159188,0,0.04,-1.77,274.736
00:44.0,0,100,0,0,0,0,0,0,0,0,0.02352321,0.02844325,0.04018655,-0.1337811,0.1058572,-9.857777,0.150328264,2.553446,1.943868,3.9849342,0,0.04,-1.77,274.744
00:44.0,0,100,0,0,0,0,0,0,0,0,-0.001931955,0.010544264,0.024092583,-0.15211775,0.06845102,-9.8415885,0.185367182,2.480222,1.96152,3.8539496,0,0.04,-1.77,274.752
00:44.0,0,100,0,0,0,0,0,0,0,0,-0.02738712,-0.007354722,0.007998615,-0.1704544,0.03104484,-9.8254,0.2204061,2.406998,1.979172,3.722965,0,0.04,-1.77,274.76
00:44.0,0,100,0,0,0,0,0,0,0,0,0.000589845,-0.010684666,0.012181583,-0.1387385,0.0607848,-9.789605,0.19497463,2.2526944,2.005946,3.5029082,0,0.036,-1.768,274.76
00:44.1,0,100,0,0,0,0,0,0,0,0,0.02856681,-0.01401461,0.01636455,-0.1070226,0.09052476,-9.75381,0.16954316,2.0983908,2.03272,3.2828514,0,0.032,-1.766,274.76
00:44.1,0,100,0,0,0,0,0,0,0,0,-0.01650777,0.03370204,-0.005055835,-0.05897245,0.08894358,-9.779548,0.14411169,1.9440872,2.059494,3.0627946,0,0.028,-1.764,274.76
00:44.1,0,100,0,0,0,0,0,0,0,0,-0.06158235,0.08141869,-0.02647622,-0.0109223,0.0873624,-9.805286,0.11868022,1.7897836,2.086268,2.8427378,0,0.024,-1.762,274.76
00:44.1,0,100,0,0,0,0,0,0,0,0,-0.043154425,0.052797,0.008942555,-0.052793205,0.081624575,-9.790354,0.09324875,1.63548,2.113042,2.622681,0,0.02,-1.76,274.76
00:44.1,0,100,0,0,0,0,0,0,0,0,-0.0247265,0.02417531,0.04436133,-0.09466411,0.07588675,-9.775422,0.071208136,1.7911816,2.3995494,2.9818788,0,0.01,-1.744,274.764
00:44.2,0,100,0,0,0,0,0,0,0,0,0.019466825,-0.018333615,0.04728185,-0.141190605,0.075541935,-9.8446025,0.049167522,1.9468832,2.6860568,3.3410766,0,0,-1.728,274.768
00:44.2,0,100,0,0,0,0,0,0,0,0,0.06366015,-0.06084254,0.05020237,-0.1877171,0.07519712,-9.913783,0.027126908,2.1025848,2.9725642,3.7002744,0,-0.01,-1.712,274.772
00:44.2,0,100,0,0,0,0,0,0,0,0,-0.028369225,0.06446558,0.020125368,-0.1964605,0.036584696,-9.8822775,0.005086294,2.2582864,3.2590716,4.0594722,0,-0.02,-1.696,274.776
00:44.2,0,100,0,0,0,0,0,0,0,0,-0.1203986,0.1897737,-0.009951634,-0.2052039,-0.002027728,-9.850772,-0.01695432,2.413988,3.545579,4.41867,0,-0.03,-1.68,274.78
00:44.2,0,100,0,0,0,0,0,0,0,0,-0.042986295,0.046296555,0.012123643,-0.1557252,0.047291516,-9.808461,0.000565142,2.6219174,3.6570818,4.7165194,0,-0.024,-1.696,274.816
00:44.3,0,100,0,0,0,0,0,0,0,0,0.03442601,-0.09718059,0.03419892,-0.1062465,0.09661076,-9.76615,0.018084604,2.8298468,3.7685846,5.0143688,0,-0.018,-1.712,274.852
00:44.3,0,100,0,0,0,0,0,0,0,0,0.072530055,-0.128330495,0.04653609,-0.16231275,0.072847525,-9.7426875,0.035604066,3.0377762,3.8800874,5.3122182,0,-0.012,-1.728,274.888
00:44.3,0,100,0,0,0,0,0,0,0,0,0.1106341,-0.1594804,0.05887326,-0.218379,0.04908429,-9.719225,0.053123528,3.2457056,3.9915902,5.6100676,0,-0.006,-1.744,274.924
00:44.3,0,100,0,0,0,0,0,0,0,0,-0.03519295,0.0952813,0.05846237,-0.2000497,-0.013118985,-9.829149,0.07064299,3.453635,4.103093,5.907917,0,0,-1.76,274.96
00:44.3,0,100,0,0,0,0,0,0,0,0,-0.18102,0.350043,0.05805148,-0.1817204,-0.07532226,-9.939073,0.147502572,3.59931,4.0983968,5.8032002,0,-0.02,-1.734,275.014
00:44.4,0,100,0,0,0,0,0,0,0,0,-0.0636858,0.07968045,0.05888558,-0.16955985,-0.03116148,-9.771402,0.224362154,3.744985,4.0937006,5.6984834,0,-0.04,-1.708,275.068
00:44.4,0,100,0,0,0,0,0,0,0,0,0.0536484,-0.1906821,0.05971968,-0.1573993,0.0129993,-9.603731,0.301221736,3.89066,4.0890044,5.5937666,0,-0.06,-1.682,275.122
00:44.4,0,100,0,0,0,0,0,0,0,0,0.011057635,-0.05893246,0.046033875,-0.105725075,0.07514975,-9.726073,0.378081318,4.036335,4.0843082,5.4890498,0,-0.08,-1.656,275.176
00:44.4,0,100,0,0,0,0,0,0,0,0,-0.03153313,0.07281718,0.03234807,-0.05405085,0.1373002,-9.848415,0.4549409,4.18201,4.079612,5.384333,0,-0.1,-1.63,275.23
00:44.4,0,100,0,0,0,0,0,0,0,0,-0.05284938,0.10819999,0.051441855,-0.05084582,0.0752811,-9.839208,0.45833176,4.1084484,3.8980374,5.609686,0,-0.094,-1.64,275.306
00:44.5,0,100,0,0,0,0,0,0,0,0,-0.07416563,0.1435828,0.07053564,-0.04764079,0.013262,-9.830001,0.46172262,4.0348868,3.7164628,5.835039,0,-0.088,-1.65,275.382
00:44.5,0,100,0,0,0,0,0,0,0,0,0.049997285,-0.0766555,0.04619159,-0.113423545,0.0459443,-9.6964535,0.46511348,3.9613252,3.5348882,6.060392,0,-0.082,-1.66,275.458
00:44.5,0,100,0,0,0,0,0,0,0,0,0.1741602,-0.2968938,0.02184754,-0.1792063,0.0786266,-9.562906,0.46850434,3.8877636,3.3533136,6.285745,0,-0.076,-1.67,275.534
00:44.5,0,100,0,0,0,0,0,0,0,0,0.10413737,-0.07057185,0.040067645,-0.21070965,0.040817702,-9.7587665,0.4718952,3.814202,3.171739,6.511098,0,-0.07,-1.68,275.61
00:44.5,0,100,0,0,0,0,0,0,0,0,0.03411454,0.1557501,0.05828775,-0.242213,0.003008804,-9.954627,0.46624376,3.7276874,3.1097298,6.3699774,0,-0.066,-1.682,275.72
00:44.6,0,100,0,0,0,0,0,0,0,0,0.004850815,0.0645942,0.087178625,-0.166532265,0.029001372,-9.843844,0.46059232,3.6411728,3.0477206,6.2288568,0,-0.062,-1.684,275.83
00:44.6,0,100,0,0,0,0,0,0,0,0,-0.02441291,-0.0265617,0.1160695,-0.09085153,0.05499394,-9.733061,0.45494088,3.5546582,2.9857114,6.0877362,0,-0.058,-1.686,275.94
00:44.6,0,100,0,0,0,0,0,0,0,0,0.050994895,-0.08591635,0.1353212,-0.153720265,0.065259845,-9.773183,0.44928944,3.4681436,2.9237022,5.9466156,0,-0.054,-1.688,276.05
00:44.6,0,100,0,0,0,0,0,0,0,0,0.1264027,-0.145271,0.1545729,-0.216589,0.07552575,-9.813305,0.443638,3.381629,2.861693,5.805495,0,-0.05,-1.69,276.16
00:44.6,0,100,0,0,0,0,0,0,0,0,0.01642738,0.01557775,0.1337951,-0.1967974,0.036802689,-9.855974,0.43968198,3.4223864,2.8448782,5.8555682,0,-0.062,-1.682,276.294
00:44.7,0,100,0,0,0,0,0,0,0,0,-0.09354794,0.1764265,0.1130173,-0.1770058,-0.001920372,-9.898643,0.43572596,3.4631438,2.8280634,5.9056414,0,-0.074,-1.674,276.428
00:44.7,0,100,0,0,0,0,0,0,0,0,-0.001537675,-0.05851815,0.10424944,-0.09839707,0.054935064,-9.7351635,0.43176994,3.5039012,2.8112486,5.9557146,0,-0.086,-1.666,276.562
00:44.7,0,100,0,0,0,0,0,0,0,0,0.09047259,-0.2934628,0.09548158,-0.01978834,0.1117905,-9.571684,0.42781392,3.5446586,2.7944338,6.0057878,0,-0.098,-1.658,276.696
00:44.7,0,100,0,0,0,0,0,0,0,0,0.09023798,-0.13006517,0.08528662,0.01677784,0.1442452,-9.750925,0.4238579,3.585416,2.777619,6.055861,0,-0.11,-1.65,276.83
00:44.7,0,100,0,0,0,0,0,0,0,0,0.09000337,0.03333246,0.07509166,0.05334402,0.1766999,-9.930166,0.41538074,3.5160642,2.7804744,5.9182022,0,-0.104,-1.668,276.958
00:44.8,0,100,0,0,0,0,0,0,0,0,-0.023517965,0.12276873,0.079502205,-0.06363119,0.08093013,-9.9327225,0.40690358,3.4467124,2.7833298,5.7805434,0,-0.098,-1.686,277.086
00:44.8,0,100,0,0,0,0,0,0,0,0,-0.1370393,0.212205,0.08391275,-0.1806064,-0.01483964,-9.935279,0.39842642,3.3773606,2.7861852,5.6428846,0,-0.092,-1.704,277.214
00:44.8,0,100,0,0,0,0,0,0,0,0,-0.07732467,0.0239254,0.135108675,-0.17897745,0.03175028,-9.792272,0.38994926,3.3080088,2.7890406,5.5052258,0,-0.086,-1.722,277.342
00:44.8,0,100,0,0,0,0,0,0,0,0,-0.01761004,-0.1643542,0.1863046,-0.1773485,0.0783402,-9.649265,0.3814721,3.238657,2.791896,5.367567,0,-0.08,-1.74,277.47
00:44.8,0,100,0,0,0,0,0,0,0,0,-0.00376147,-0.04398055,0.1754504,-0.2260281,0.02781913,-9.761913,0.38090696,3.1910058,2.7312802,5.2990616,0,-0.082,-1.726,277.662
00:44.9,0,100,0,0,0,0,0,0,0,0,0.0100871,0.0763931,0.1645962,-0.2747077,-0.02270194,-9.874561,0.38034182,3.1433546,2.6706644,5.2305562,0,-0.084,-1.712,277.854
00:44.9,0,100,0,0,0,0,0,0,0,0,0.012616315,0.07504662,0.1590607,-0.140701234,0.04917043,-9.797951,0.37977668,3.0957034,2.6100486,5.1620508,0,-0.086,-1.698,278.046
00:44.9,0,100,0,0,0,0,0,0,0,0,0.01514553,0.07370014,0.1535252,-0.006694767,0.1210428,-9.721341,0.37921154,3.0480522,2.5494328,5.0935454,0,-0.088,-1.684,278.238
00:44.9,0,100,0,0,0,0,0,0,0,0,0.04917474,-0.04602838,0.12730425,0.001885712,0.101395145,-9.7054345,0.3786464,3.000401,2.488817,5.02504,0,-0.09,-1.67,278.43
00:44.9,0,100,0,0,0,0,0,0,0,0,0.08320395,-0.1657569,0.1010833,0.01046619,0.08174749,-9.689528,0.31026399,3.0158764,2.540473,4.9976444,0,-0.1,-1.678,278.526
00:45.0,0,100,0,0,0,0,0,0,0,0,0.01820207,-0.057843175,0.050513103,-0.00792306,0.074532135,-9.891329,0.24188158,3.0313518,2.592129,4.9702488,0,-0.11,-1.686,278.622
00:45.0,0,100,0,0,0,0,0,0,0,0,-0.04679981,0.05007055,-5.71E-05,-0.02631231,0.06731678,-10.09313,0.17349917,3.0468272,2.643785,4.9428532,0,-0.12,-1.694,278.718
00:45.0,0,100,0,0,0,0,0,0,0,0,-0.0559552,0.0398817,0.039740208,-0.014477617,0.11555584,-9.919387,0.10511676,3.0623026,2.695441,4.9154576,0,-0.13,-1.702,278.814
00:45.0,0,100,0,0,0,0,0,0,0,0,-0.06511059,0.02969285,0.07953751,-0.002642924,0.1637949,-9.745644,0.03673435,3.077778,2.747097,4.888062,0,-0.14,-1.71,278.91
00:45.0,0,100,0,0,0,0,0,0,0,0,0.053277255,-0.115328025,0.061562385,-0.047291287,0.12208781,-9.6988875,0.06725212,3.320481,2.9477576,4.9717154,0,-0.128,-1.72,278.974
00:45.1,0,100,0,0,0,0,0,0,0,0,0.1716651,-0.2603489,0.04358726,-0.09193965,0.08038072,-9.652131,0.09776989,3.563184,3.1484182,5.0553688,0,-0.116,-1.73,279.038
00:45.1,0,100,0,0,0,0,0,0,0,0,0.039191105,-0.02612755,0.029390325,-0.01418571,0.08972424,-9.7525105,0.12828766,3.805887,3.3490788,5.1390222,0,-0.104,-1.74,279.102
00:45.1,0,100,0,0,0,0,0,0,0,0,-0.09328289,0.2080938,0.01519339,0.06356823,0.09906776,-9.85289,0.15880543,4.04859,3.5497394,5.2226756,0,-0.092,-1.75,279.166
00:45.1,0,100,0,0,0,0,0,0,0,0,-0.07145985,0.0957551,0.049370355,-0.000319335,0.11488343,-9.822373,0.1893232,4.291293,3.7504,5.306329,0,-0.08,-1.76,279.23
00:45.1,0,100,0,0,0,0,0,0,0,0,-0.04963681,-0.0165836,0.08354732,-0.0642069,0.1306991,-9.791856,0.21927584,4.002681,3.530607,5.2066984,0,-0.064,-1.782,279.25
00:45.2,0,100,0,0,0,0,0,0,0,0,-0.006851395,-0.05416354,0.031478545,-0.044058565,0.13819215,-9.8197015,0.24922848,3.714069,3.310814,5.1070678,0,-0.048,-1.804,279.27
00:45.2,0,100,0,0,0,0,0,0,0,0,0.03593402,-0.09174348,-0.02059023,-0.02391023,0.1456852,-9.847547,0.27918112,3.425457,3.091021,5.0074372,0,-0.032,-1.826,279.29
00:45.2,0,100,0,0,0,0,0,0,0,0,0.05282925,-0.10403634,-0.02063319,-0.009100256,0.1922098,-9.765719,0.30913376,3.136845,2.871228,4.9078066,0,-0.016,-1.848,279.31
00:45.2,0,100,0,0,0,0,0,0,0,0,0.06972448,-0.1163292,-0.02067615,0.005709718,0.2387344,-9.683891,0.3390864,2.848233,2.651435,4.808176,0,0,-1.87,279.33
00:45.2,0,100,0,0,0,0,0,0,0,0,0.069881815,-0.066791115,0.024519295,-0.096532591,0.13409856,-9.754128,0.24301192,2.6954968,2.6621004,4.6125532,0,0.008,-1.882,279.326
00:45.3,0,100,0,0,0,0,0,0,0,0,0.07003915,-0.01725303,0.06971474,-0.1987749,0.02946272,-9.824365,0.14693744,2.5427606,2.6727658,4.4169304,0,0.016,-1.894,279.322
00:45.3,0,100,0,0,0,0,0,0,0,0,-0.015439925,0.014735445,0.032314323,-0.18211355,0.029330025,-9.8689535,0.05086296,2.3900244,2.6834312,4.2213076,0,0.024,-1.906,279.318
00:45.3,0,100,0,0,0,0,0,0,0,0,-0.100919,0.04672392,-0.005086095,-0.1654522,0.02919733,-9.913542,-0.04521152,2.2372882,2.6940966,4.0256848,0,0.032,-1.918,279.314
00:45.3,0,100,0,0,0,0,0,0,0,0,-0.02126215,0.00888698,0.019107258,-0.1354026,0.05385805,-9.797045,-0.141286,2.084552,2.704762,3.830062,0,0.04,-1.93,279.31
00:45.3,0,100,0,0,0,0,0,0,0,0,0.0583947,-0.02894996,0.04330061,-0.105353,0.07851877,-9.680548,-0.116419664,2.0535102,2.7026628,3.7593422,0,0.046,-1.934,279.312
00:45.4,0,100,0,0,0,0,0,0,0,0,0.018844795,-0.028990105,0.005917795,-0.17635255,0.023552375,-9.8045055,-0.091553328,2.0224684,2.7005636,3.6886224,0,0.052,-1.938,279.314
00:45.4,0,100,0,0,0,0,0,0,0,0,-0.02070511,-0.02903025,-0.03146502,-0.2473521,-0.03141402,-9.928463,-0.066686992,1.9914266,2.6984644,3.6179026,0,0.058,-1.942,279.316
00:45.4,0,100,0,0,0,0,0,0,0,0,-0.022703515,0.017502745,-0.014960952,-0.12585665,0.08920034,-9.8181305,-0.041820656,1.9603848,2.6963652,3.5471828,0,0.064,-1.946,279.318
00:45.4,0,100,0,0,0,0,0,0,0,0,-0.02470192,0.06403574,0.001543116,-0.004361199,0.2098147,-9.707798,-0.01695432,1.929343,2.694266,3.476463,0,0.07,-1.95,279.32
00:45.4,0,100,0,0,0,0,0,0,0,0,-0.034293095,0.075123105,0.021685968,-0.096224899,0.07981329,-9.782186,0.007912004,1.910838,2.7545152,3.3897472,0,0.074,-1.954,279.324
00:45.5,0,100,0,0,0,0,0,0,0,0,-0.04388427,0.08621047,0.04182882,-0.1880886,-0.05018812,-9.856574,0.032778328,1.892333,2.8147644,3.3030314,0,0.078,-1.958,279.328
00:45.5,0,100,0,0,0,0,0,0,0,0,0.026386985,-0.008858615,0.047003525,-0.129577825,0.02797524,-9.786521,0.057644652,1.873828,2.8750136,3.2163156,0,0.082,-1.962,279.332
00:45.5,0,100,0,0,0,0,0,0,0,0,0.09665824,-0.1039277,0.05217823,-0.07106705,0.1061386,-9.716468,0.082510976,1.855323,2.9352628,3.1295998,0,0.086,-1.966,279.336
00:45.5,0,100,0,0,0,0,0,0,0,0,0.051264699,-0.084377385,0.03295788,-0.136471975,0.06319351,-9.7323655,0.1073773,1.836818,2.995512,3.042884,0,0.09,-1.97,279.34
00:45.5,0,100,0,0,0,0,0,0,0,0,0.005871158,-0.06482707,0.01373753,-0.2018769,0.02024842,-9.748263,0.099465294,1.7948394,3.0153602,2.9749498,0,0.092,-1.974,279.34
00:45.6,0,100,0,0,0,0,0,0,0,0,0.016910129,-0.0535,-0.005808195,-0.10933856,0.07486191,-9.8226145,0.091553288,1.7528608,3.0352084,2.9070156,0,0.094,-1.978,279.34
00:45.6,0,100,0,0,0,0,0,0,0,0,0.0279491,-0.04217293,-0.02535392,-0.01680022,0.1294754,-9.896966,0.083641282,1.7108822,3.0550566,2.8390814,0,0.096,-1.982,279.34
00:45.6,0,100,0,0,0,0,0,0,0,0,0.026486445,-0.029925175,-0.026554775,-0.10684921,0.060462402,-9.8254565,0.075729276,1.6689036,3.0749048,2.7711472,0,0.098,-1.986,279.34
00:45.6,0,100,0,0,0,0,0,0,0,0,0.02502379,-0.01767742,-0.02775563,-0.1968982,-0.008550596,-9.753947,0.06781727,1.626925,3.094753,2.703213,0,0.1,-1.99,279.34
00:45.6,0,100,0,0,0,0,0,0,0,0,0.061348775,0.015069815,-0.014897327,-0.1763527,0.023817332,-9.7934465,0.089857876,1.7396842,3.414625,2.7818692,0,0.094,-1.986,279.34
00:45.7,0,100,0,0,0,0,0,0,0,0,0.09767376,0.04781705,-0.002039024,-0.1558072,0.05618526,-9.832946,0.111898482,1.8524434,3.734497,2.8605254,0,0.088,-1.982,279.34
00:45.7,0,100,0,0,0,0,0,0,0,0,0.004926865,0.06259248,-0.007364037,-0.1806817,0.00779556,-9.83293,0.133939088,1.9652026,4.054369,2.9391816,0,0.082,-1.978,279.34
00:45.7,0,100,0,0,0,0,0,0,0,0,-0.08782003,0.07736791,-0.01268905,-0.2055562,-0.04059414,-9.832914,0.155979694,2.0779618,4.374241,3.0178378,0,0.076,-1.974,279.34
00:45.7,0,100,0,0,0,0,0,0,0,0,-0.027346885,0.03667116,0.011783205,-0.121051015,0.06497998,-9.813824,0.1780203,2.190721,4.694113,3.096494,0,0.07,-1.97,279.34
00:45.7,0,100,0,0,0,0,0,0,0,0,0.03312626,-0.004025591,0.03625546,-0.03654583,0.1705541,-9.794734,0.159370558,2.1517848,4.4900128,3.0284024,0,0.082,-1.982,279.336
00:45.8,0,100,0,0,0,0,0,0,0,0,-0.030037285,0.00601093,0.029946295,0.00623097,0.1762557,-9.7486245,0.140720816,2.1128486,4.2859126,2.9603108,0,0.094,-1.994,279.332
00:45.8,0,100,0,0,0,0,0,0,0,0,-0.09320083,0.01604745,0.02363713,0.04900777,0.1819573,-9.702515,0.122071074,2.0739124,4.0818124,2.8922192,0,0.106,-2.006,279.328
00:45.8,0,100,0,0,0,0,0,0,0,0,0.029611135,-0.071031125,0.022123095,-0.076928965,0.1231536,-9.748527,0.103421332,2.0349762,3.8777122,2.8241276,0,0.118,-2.018,279.324
00:45.8,0,100,0,0,0,0,0,0,0,0,0.1524231,-0.1581097,0.02060906,-0.2028657,0.0643499,-9.794539,0.08477159,1.99604,3.673612,2.756036,0,0.13,-2.03,279.32
00:45.8,0,100,0,0,0,0,0,0,0,0,0.0136323,-0.0772772,-0.006915675,-0.1903582,-0.00851075,-9.791771,0.065556696,1.8890244,3.66047,2.7157312,0,0.126,-2.032,279.312
00:45.9,0,100,0,0,0,0,0,0,0,0,-0.1251585,0.003555299,-0.03444041,-0.1778507,-0.0813714,-9.789003,0.046341802,1.7820088,3.647328,2.6754264,0,0.122,-2.034,279.304
00:45.9,0,100,0,0,0,0,0,0,0,0,-0.063130589,0.008845305,-0.021926467,-0.1611796,-0.020819705,-9.8060955,0.027126908,1.6749932,3.634186,2.6351216,0,0.118,-2.036,279.296
00:45.9,0,100,0,0,0,0,0,0,0,0,-0.001102677,0.01413531,-0.009412523,-0.1445085,0.03973199,-9.823188,0.007912014,1.5679776,3.621044,2.5948168,0,0.114,-2.038,279.288
00:45.9,0,100,0,0,0,0,0,0,0,0,-0.039475814,0.04575572,0.028087594,-0.13743135,0.053971165,-9.8233905,-0.01130288,1.460962,3.607902,2.554512,0,0.11,-2.04,279.28
00:45.9,0,100,0,0,0,0,0,0,0,0,-0.07784895,0.07737613,0.06558771,-0.1303542,0.06821034,-9.823593,-0.003956008,1.5736112,3.6560282,2.7264664,0,0.118,-2.042,279.286
00:46.0,0,100,0,0,0,0,0,0,0,0,0.022348075,-0.044463535,0.01914958,-0.13014255,0.05314531,-9.781683,0.003390864,1.6862604,3.7041544,2.8984208,0,0.126,-2.044,279.292
00:46.0,0,100,0,0,0,0,0,0,0,0,0.1225451,-0.1663032,-0.02728855,-0.1299309,0.03808028,-9.739773,0.010737736,1.7989096,3.7522806,3.0703752,0,0.134,-2.046,279.298
00:46.0,0,100,0,0,0,0,0,0,0,0,0.08135121,-0.05307989,0.008262215,-0.1565885,0.045556725,-9.8113535,0.018084608,1.9115588,3.8004068,3.2423296,0,0.142,-2.048,279.304
00:46.0,0,100,0,0,0,0,0,0,0,0,0.04015732,0.06014342,0.04381298,-0.1832461,0.05303317,-9.882934,0.02543148,2.024208,3.848533,3.414284,0,0.15,-2.05,279.31
00:46.0,0,100,0,0,0,0,0,0,0,0,0.12271846,-0.05821304,0.034565235,-0.185538,0.052543035,-9.8327765,0.067252124,2.033117,4.008475,3.5111574,0,0.146,-2.048,279.312
00:46.1,0,100,0,0,0,0,0,0,0,0,0.2052796,-0.1765695,0.02531749,-0.1878299,0.0520529,-9.782619,0.109072768,2.042026,4.168417,3.6080308,0,0.142,-2.046,279.314
00:46.1,0,100,0,0,0,0,0,0,0,0,0.206676,-0.14610815,0.046252335,-0.077408995,0.1205268,-9.7601035,0.150893412,2.050935,4.328359,3.7049042,0,0.138,-2.044,279.316
00:46.1,0,100,0,0,0,0,0,0,0,0,0.2080724,-0.1156468,0.06718718,0.03301191,0.1890007,-9.737588,0.192714056,2.059844,4.488301,3.8017776,0,0.134,-2.042,279.318
00:46.1,0,100,0,0,0,0,0,0,0,0,0.0620736,-0.026608695,0.017840265,-0.109286745,0.04753175,-9.7968675,0.2345347,2.068753,4.648243,3.898651,0,0.13,-2.04,279.32
00:46.1,0,100,0,0,0,0,0,0,0,0,-0.0839252,0.06242941,-0.03150665,-0.2515854,-0.0939372,-9.856147,0.26618276,2.0781872,4.5621418,3.8462482,0,0.138,-2.056,279.312
00:46.2,0,100,0,0,0,0,0,0,0,0,-0.054601195,0.05231106,0.015533975,-0.19251005,-0.005710675,-9.7940325,0.29783082,2.0876214,4.4760406,3.7938454,0,0.146,-2.072,279.304
00:46.2,0,100,0,0,0,0,0,0,0,0,-0.02527719,0.04219271,0.0625746,-0.1334347,0.08251585,-9.731918,0.32947888,2.0970556,4.3899394,3.7414426,0,0.154,-2.088,279.296
00:46.2,0,100,0,0,0,0,0,0,0,0,0.040135905,-0.057931795,0.01804586,-0.17622335,0.035357905,-9.740338,0.36112694,2.1064898,4.3038382,3.6890398,0,0.162,-2.104,279.288
00:46.2,0,100,0,0,0,0,0,0,0,0,0.105549,-0.1580563,-0.02648288,-0.219012,-0.01180004,-9.748758,0.392775,2.115924,4.217737,3.636637,0,0.17,-2.12,279.28
00:46.2,0,100,0,0,0,0,0,0,0,0,0.054742783,-0.097629415,-0.03882843,-0.18810005,-0.01476621,-9.800058,0.314785144,1.9971548,4.0337618,3.3915234,0,0.172,-2.122,279.282
00:46.3,0,100,0,0,0,0,0,0,0,0,0.003936566,-0.03720253,-0.05117398,-0.1571881,-0.01773238,-9.851358,0.236795288,1.8783856,3.8497866,3.1464098,0,0.174,-2.124,279.284
00:46.3,0,100,0,0,0,0,0,0,0,0,0.019401448,-0.056309765,-0.033577815,-0.15651845,-0.01520284,-9.7919355,0.158805432,1.7596164,3.6658114,2.9012962,0,0.176,-2.126,279.286
00:46.3,0,100,0,0,0,0,0,0,0,0,0.03486633,-0.075417,-0.01598165,-0.1558488,-0.0126733,-9.732513,0.080815576,1.6408472,3.4818362,2.6561826,0,0.178,-2.128,279.288
00:46.3,0,100,0,0,0,0,0,0,0,0,0.046278325,-0.063877065,0.012337295,-0.1696188,0.025909695,-9.7809715,0.00282572,1.522078,3.297861,2.411069,0,0.18,-2.13,279.29
00:46.3,0,100,0,0,0,0,0,0,0,0,0.05769032,-0.05233713,0.04065624,-0.1833888,0.06449269,-9.82943,0.022605756,1.5103128,3.1519788,2.2880844,0,0.182,-2.13,279.286
00:46.4,0,100,0,0,0,0,0,0,0,0,0.039310485,-0.048473365,0.028907935,-0.17918955,0.031618239,-9.8551565,0.042385792,1.4985476,3.0060966,2.1650998,0,0.184,-2.13,279.282
00:46.4,0,100,0,0,0,0,0,0,0,0,0.02093065,-0.0446096,0.01715963,-0.1749903,-0.001256212,-9.880883,0.062165828,1.4867824,2.8602144,2.0421152,0,0.186,-2.13,279.278
00:46.4,0,100,0,0,0,0,0,0,0,0,-0.00378456,0.00064611,-0.01714901,-0.112044685,0.038746114,-9.840226,0.081945864,1.4750172,2.7143322,1.9191306,0,0.188,-2.13,279.274
00:46.4,0,100,0,0,0,0,0,0,0,0,-0.02849977,0.04590182,-0.05145765,-0.04909907,0.07874844,-9.799569,0.1017259,1.463252,2.56845,1.796146,0,0.19,-2.13,279.27
00:46.4,0,100,0,0,0,0,0,0,0,0,0.00480553,-0.01549199,-0.007368865,-0.04782789,0.10406092,-9.762922,0.09890018,1.4198892,2.401791,1.7373434,0,0.194,-2.134,279.272
00:46.5,0,100,0,0,0,0,0,0,0,0,0.03811083,-0.0768858,0.03671992,-0.04655671,0.1293734,-9.726275,0.09607446,1.3765264,2.235132,1.6785408,0,0.198,-2.138,279.274
00:46.5,0,100,0,0,0,0,0,0,0,0,0.02541399,-0.030293935,0.00071412,-0.138134005,0.055910485,-9.784595,0.09324874,1.3331636,2.068473,1.6197382,0,0.202,-2.142,279.276
00:46.5,0,100,0,0,0,0,0,0,0,0,0.01271715,0.01629793,-0.03529168,-0.2297113,-0.01755243,-9.842915,0.09042302,1.2898008,1.901814,1.5609356,0,0.206,-2.146,279.278
00:46.5,0,100,0,0,0,0,0,0,0,0,0.006887769,-0.003361165,-0.013534279,-0.1888522,0.00495629,-9.816173,0.0875973,1.246438,1.735155,1.502133,0,0.21,-2.15,279.28
00:46.5,0,100,0,0,0,0,0,0,0,0,0.001058387,-0.02302026,0.008223123,-0.1479931,0.02746501,-9.789431,0.071773272,1.14973908,1.5994162,1.44416,0,0.208,-2.152,279.278
00:46.6,0,100,0,0,0,0,0,0,0,0,0.025065549,-0.044675995,0.006828288,-0.1717957,0.017636327,-9.7706775,0.055949244,1.05304016,1.4636774,1.386187,0,0.206,-2.154,279.276
00:46.6,0,100,0,0,0,0,0,0,0,0,0.04907271,-0.06633173,0.005433452,-0.1955983,0.007807644,-9.751924,0.040125215,0.95634124,1.3279386,1.328214,0,0.204,-2.156,279.274
00:46.6,0,100,0,0,0,0,0,0,0,0,0.0321461,-0.037159704,-0.009001909,-0.19253575,0.016626672,-9.7715975,0.024301187,0.85964232,1.1921998,1.270241,0,0.202,-2.158,279.272
00:46.6,0,100,0,0,0,0,0,0,0,0,0.01521949,-0.007987678,-0.02343727,-0.1894732,0.0254457,-9.791271,0.008477159,0.7629434,1.056461,1.212268,0,0.2,-2.16,279.27
00:46.6,0,100,0,0,0,0,0,0,0,0,-0.00553586,0.002770151,-0.008634082,-0.18580715,0.015153195,-9.810317,-0.012433165,0.73690644,1.00599704,1.1703786,0,0.202,-2.164,279.27
00:46.7,0,100,0,0,0,0,0,0,0,0,-0.02629121,0.01352798,0.006169106,-0.1821411,0.00486069,-9.829363,-0.033343489,0.71086948,0.95553308,1.1284892,0,0.204,-2.168,279.27
00:46.7,0,100,0,0,0,0,0,0,0,0,0.00335458,-0.00319148,0.002598045,-0.18293735,-0.000451115,-9.795113,-0.054253812,0.68483252,0.90506912,1.0865998,0,0.206,-2.172,279.27
00:46.7,0,100,0,0,0,0,0,0,0,0,0.03300037,-0.01991094,-0.000973017,-0.1837336,-0.00576292,-9.760863,-0.075164136,0.65879556,0.85460516,1.0447104,0,0.208,-2.176,279.27
00:46.7,0,100,0,0,0,0,0,0,0,0,0.020814422,-0.02766202,-0.000499288,-0.1737633,0.00583801,-9.783526,-0.09607446,0.6327586,0.8041412,1.002821,0,0.21,-2.18,279.27
00:46.7,0,100,0,0,0,0,0,0,0,0,0.008628473,-0.0354131,-2.56E-05,-0.163793,0.01743894,-9.806189,-0.08138072,0.61433796,0.7809322,0.99745342,0,0.214,-2.182,279.27
00:46.8,0,100,0,0,0,0,0,0,0,0,-0.013179729,-0.015128158,-0.008099295,-0.13292,0.04584228,-9.8129475,-0.06668698,0.59591732,0.7577232,0.99208584,0,0.218,-2.184,279.27
00:46.8,0,100,0,0,0,0,0,0,0,0,-0.03498793,0.005156784,-0.01617303,-0.102047,0.07424562,-9.819706,-0.05199324,0.57749668,0.7345142,0.98671826,0,0.222,-2.186,279.27
00:46.8,0,100,0,0,0,0,0,0,0,0,0.00827006,-0.005538113,-0.004507234,-0.16561535,0.019722765,-9.80981,-0.0372995,0.55907604,0.7113052,0.98135068,0,0.226,-2.188,279.27
00:46.8,0,100,0,0,0,0,0,0,0,0,0.05152805,-0.01623301,0.007158562,-0.2291837,-0.03480009,-9.799914,-0.02260576,0.5406554,0.6880962,0.9759831,0,0.23,-2.19,279.27
00:46.8,0,100,0,0,0,0,0,0,0,0,0.038493565,-0.005839565,0.008260128,-0.18847345,0.009228225,-9.7866365,-0.00226058,0.52594094,0.66670762,0.93505684,0,0.226,-2.19,279.27
00:46.9,0,100,0,0,0,0,0,0,0,0,0.02545908,0.004553881,0.009361694,-0.1477632,0.05325654,-9.773359,0.0180846,0.51122648,0.64531904,0.89413058,0,0.222,-2.19,279.27
00:46.9,0,100,0,0,0,0,0,0,0,0,0.022707675,-0.009871905,0.00647234,-0.18139465,0.016879105,-9.798422,0.03842978,0.49651202,0.62393046,0.85320432,0,0.218,-2.19,279.27
00:46.9,0,100,0,0,0,0,0,0,0,0,0.01995627,-0.02429769,0.003582985,-0.2150261,-0.01949833,-9.823485,0.05877496,0.48179756,0.60254188,0.81227806,0,0.214,-2.19,279.27
00:46.9,0,100,0,0,0,0,0,0,0,0,0.004974375,-0.016832715,0.003119465,-0.157197625,0.02049263,-9.808952,0.07912014,0.4670831,0.5811533,0.7713518,0,0.21,-2.19,279.27
00:46.9,0,100,0,0,0,0,0,0,0,0,-0.01000752,-0.00936774,0.002655945,-0.09936915,0.06048359,-9.794419,0.04408122,0.48063292,0.58744796,0.78808212,0,0.214,-2.194,279.27
00:47.0,0,100,0,0,0,0,0,0,0,0,0.003259445,-0.010666365,0.000528792,-0.136342525,0.032785914,-9.790378,0.0090423,0.49418274,0.59374262,0.80481244,0,0.218,-2.198,279.27
00:47.0,0,100,0,0,0,0,0,0,0,0,0.01652641,-0.01196499,-0.00159836,-0.1733159,0.005088237,-9.786337,-0.02599662,0.50773256,0.60003728,0.82154276,0,0.222,-2.202,279.27
00:47.0,0,100,0,0,0,0,0,0,0,0,0.018648285,-0.01585123,-0.00439384,-0.18833305,-0.006528736,-9.790214,-0.06103554,0.52128238,0.60633194,0.83827308,0,0.226,-2.206,279.27
00:47.0,0,100,0,0,0,0,0,0,0,0,0.02077016,-0.01973747,-0.007189319,-0.2033502,-0.01814571,-9.794091,-0.09607446,0.5348322,0.6126266,0.8550034,0,0.23,-2.21,279.27
00:47.0,0,100,0,0,0,0,0,0,0,0,-0.02004738,-0.005397025,-0.01332218,-0.18285915,-0.006816362,-9.802411,-0.082511006,0.5588501,0.63436508,0.89894792,0,0.23,-2.212,279.27
00:47.1,0,100,0,0,0,0,0,0,0,0,-0.06086492,0.008943421,-0.01945504,-0.1623681,0.004512987,-9.810731,-0.068947552,0.582868,0.65610356,0.94289244,0,0.23,-2.214,279.27
00:47.1,0,100,0,0,0,0,0,0,0,0,-0.045817935,0.016128806,0.000177345,-0.202957,-0.014243672,-9.8441805,-0.055384098,0.6068859,0.67784204,0.98683696,0,0.23,-2.216,279.27
00:47.1,0,100,0,0,0,0,0,0,0,0,-0.03077095,0.02331419,0.01980973,-0.2435459,-0.03300033,-9.87763,-0.041820644,0.6309038,0.69958052,1.03078148,0,0.23,-2.218,279.27
00:47.1,0,100,0,0,0,0,0,0,0,0,-0.03353784,0.01856882,0.010997241,-0.15497314,0.039806935,-9.821905,-0.02825719,0.6549217,0.721319,1.074726,0,0.23,-2.22,279.27
00:47.1,0,100,0,0,0,0,0,0,0,0,-0.03630473,0.01382345,0.002184752,-0.06640038,0.1126142,-9.76618,-0.040690358,0.66987592,0.75110042,1.03600934,0,0.232,-2.226,279.27
00:47.2,0,100,0,0,0,0,0,0,0,0,-0.016854505,-0.00665522,0.00373916,-0.12764204,0.056724274,-9.771026,-0.053123526,0.68483014,0.78088184,0.99729268,0,0.234,-2.232,279.27
00:47.2,0,100,0,0,0,0,0,0,0,0,0.00259572,-0.02713389,0.005293568,-0.1888837,0.000834348,-9.775872,-0.065556694,0.69978436,0.81066326,0.95857602,0,0.236,-2.238,279.27
00:47.2,0,100,0,0,0,0,0,0,0,0,0.0311864,-0.056391185,0.004463084,-0.1735389,0.015969339,-9.7871555,-0.077989862,0.71473858,0.84044468,0.91985936,0,0.238,-2.244,279.27
00:47.2,0,100,0,0,0,0,0,0,0,0,0.05977708,-0.08564848,0.0036326,-0.1581941,0.03110433,-9.798439,-0.09042303,0.7296928,0.8702261,0.8811427,0,0.24,-2.25,279.27
00:47.2,0,100,0,0,0,0,0,0,0,0,0.00823109,-0.035642865,0.006342322,-0.1689188,0.02221439,-9.8067065,-0.085901878,0.71011836,0.85268194,0.93337416,0,0.242,-2.25,279.272
00:47.3,0,100,0,0,0,0,0,0,0,0,-0.0433149,0.01436275,0.009052044,-0.1796435,0.01332445,-9.814974,-0.081380726,0.69054392,0.83513778,0.98560562,0,0.244,-2.25,279.274
00:47.3,0,100,0,0,0,0,0,0,0,0,-0.036963255,0.027548655,0.003430933,-0.21169205,-0.01120491,-9.7857115,-0.076859574,0.67096948,0.81759362,1.03783708,0,0.246,-2.25,279.276
00:47.3,0,100,0,0,0,0,0,0,0,0,-0.03061161,0.04073456,-0.002190179,-0.2437406,-0.03573427,-9.756449,-0.072338422,0.65139504,0.80004946,1.09006854,0,0.248,-2.25,279.278
00:47.3,0,100,0,0,0,0,0,0,0,0,0.015407285,-0.006097905,0.001717099,-0.1826571,0.017158675,-9.7456275,-0.06781727,0.6318206,0.7825053,1.1423,0,0.25,-2.25,279.28
00:47.3,0,100,0,0,0,0,0,0,0,0,0.06142618,-0.05293037,0.005624377,-0.1215736,0.07005162,-9.734806,-0.058774968,0.62796182,0.78728586,1.1518616,0,0.254,-2.254,279.278
00:47.4,0,100,0,0,0,0,0,0,0,0,0.027730784,-0.021229695,0.009087389,-0.1767843,0.024502395,-9.7722645,-0.049732666,0.62410304,0.79206642,1.1614232,0,0.258,-2.258,279.276
00:47.4,0,100,0,0,0,0,0,0,0,0,-0.005964613,0.01047098,0.0125504,-0.231995,-0.02104683,-9.809723,-0.040690364,0.62024426,0.79684698,1.1709848,0,0.262,-2.262,279.274
00:47.4,0,100,0,0,0,0,0,0,0,0,0.048329493,-0.043385015,0.014222245,-0.1693833,0.03730532,-9.786224,-0.031648062,0.61638548,0.80162754,1.1805464,0,0.266,-2.266,279.272
00:47.4,0,100,0,0,0,0,0,0,0,0,0.1026236,-0.09724101,0.01589409,-0.1067716,0.09565747,-9.762725,-0.02260576,0.6125267,0.8064081,1.190108,0,0.27,-2.27,279.27
00:47.4,0,100,0,0,0,0,0,0,0,0,0.065949405,-0.06236746,0.003093206,-0.13786325,0.052236035,-9.7806035,-0.01695432,0.5905623,0.77676102,1.15105554,0,0.264,-2.268,279.27
00:47.5,0,100,0,0,0,0,0,0,0,0,0.02927521,-0.02749391,-0.009707678,-0.1689549,0.008814599,-9.798482,-0.01130288,0.5685979,0.74711394,1.11200308,0,0.258,-2.266,279.27
00:47.5,0,100,0,0,0,0,0,0,0,0,0.023269595,-0.023734865,-0.007754339,-0.17201615,0.01184801,-9.788938,-0.005651441,0.5466335,0.71746686,1.07295062,0,0.252,-2.264,279.27
00:47.5,0,100,0,0,0,0,0,0,0,0,0.01726398,-0.01997582,-0.005800999,-0.1750774,0.01488142,-9.779394,-8.00E-10,0.5246691,0.68781978,1.03389816,0,0.246,-2.262,279.27
00:47.5,0,100,0,0,0,0,0,0,0,0,0.024102775,-0.01670009,0.002552075,-0.1671614,0.028159335,-9.7821735,0.005651439,0.5027047,0.6581727,0.9948457,0,0.24,-2.26,279.27
00:47.5,0,100,0,0,0,0,0,0,0,0,0.03094157,-0.01342436,0.01090515,-0.1592454,0.04143725,-9.784953,0.019780037,0.49350802,0.6571567,0.99948936,0,0.246,-2.264,279.268
00:47.6,0,100,0,0,0,0,0,0,0,0,0.021833345,-0.028995,-0.00281258,-0.1842873,0.00996934,-9.779725,0.033908635,0.48431134,0.6561407,1.00413302,0,0.252,-2.268,279.266
00:47.6,0,100,0,0,0,0,0,0,0,0,0.01272512,-0.04456564,-0.01653031,-0.2093292,-0.02149857,-9.774497,0.048037234,0.47511466,0.6551247,1.00877668,0,0.258,-2.272,279.264
00:47.6,0,100,0,0,0,0,0,0,0,0,0.03369646,-0.044211165,-0.01641856,-0.1816841,0.009647545,-9.777683,0.062165832,0.46591798,0.6541087,1.01342034,0,0.264,-2.276,279.262
00:47.6,0,100,0,0,0,0,0,0,0,0,0.0546678,-0.04385669,-0.01630681,-0.154039,0.04079366,-9.780869,0.07629443,0.4567213,0.6530927,1.018064,0,0.27,-2.28,279.26
00:47.6,0,100,0,0,0,0,0,0,0,0,0.040892745,-0.020773612,-0.01358463,-0.1977432,0.00015549,-9.792844,0.031648064,0.4581647,0.66733938,0.99375434,0,0.27,-2.28,279.26
00:47.7,0,100,0,0,0,0,0,0,0,0,0.02711769,0.002309466,-0.01086245,-0.2414474,-0.04048268,-9.804819,-0.012998302,0.4596081,0.68158606,0.96944468,0,0.27,-2.28,279.26
00:47.7,0,100,0,0,0,0,0,0,0,0,0.029642855,-0.006834677,-0.005987032,-0.187931,0.012522705,-9.7666125,-0.057644668,0.4610515,0.69583274,0.94513502,0,0.27,-2.28,279.26
00:47.7,0,100,0,0,0,0,0,0,0,0,0.03216802,-0.01597882,-0.001111613,-0.1344146,0.06552809,-9.728406,-0.102291034,0.4624949,0.71007942,0.92082536,0,0.27,-2.28,279.26
00:47.7,0,100,0,0,0,0,0,0,0,0,-0.00571883,-0.000290555,-0.002757416,-0.19390425,0.00840095,-9.8200165,-0.1469374,0.4639383,0.7243261,0.8965157,0,0.27,-2.28,279.26
00:47.7,0,100,0,0,0,0,0,0,0,0,-0.04360568,0.01539771,-0.004403219,-0.2533939,-0.04872619,-9.911627,-0.08985786,0.50216282,0.7467848,0.91303378,0,0.268,-2.282,279.26
00:47.8,0,100,0,0,0,0,0,0,0,0,-0.025531807,0.031044915,-0.006357758,-0.16676269,0.01402234,-9.9344155,-0.03277832,0.54038734,0.7692435,0.92955186,0,0.266,-2.284,279.26
00:47.8,0,100,0,0,0,0,0,0,0,0,-0.007457934,0.04669212,-0.008312296,-0.08013148,0.07677087,-9.957204,0.02430122,0.57861186,0.7917022,0.94606994,0,0.264,-2.286,279.26
00:47.8,0,100,0,0,0,0,0,0,0,0,0.008010158,0.017620325,-0.003269833,-0.09599504,0.07907315,-9.8389505,0.08138076,0.61683638,0.8141609,0.96258802,0,0.262,-2.288,279.26
00:47.8,0,100,0,0,0,0,0,0,0,0,0.02347825,-0.01145147,0.001772631,-0.1118586,0.08137543,-9.720697,0.1384603,0.6550609,0.8366196,0.9791061,0,0.26,-2.29,279.26
00:47.8,0,100,0,0,0,0,0,0,0,0,0.012085169,-0.012221205,-0.002859139,-0.1431924,0.04970209,-9.744873,0.124896838,0.67447576,0.852268,0.99326768,0,0.258,-2.29,279.26
00:47.9,0,100,0,0,0,0,0,0,0,0,0.000692087,-0.01299094,-0.007490909,-0.1745262,0.01802875,-9.769049,0.111333376,0.69389062,0.8679164,1.00742926,0,0.256,-2.29,279.26
00:47.9,0,100,0,0,0,0,0,0,0,0,-0.007207951,0.006032605,-0.010294335,-0.19329185,-0.00427342,-9.82009,0.097769914,0.71330548,0.8835648,1.02159084,0,0.254,-2.29,279.26
00:47.9,0,100,0,0,0,0,0,0,0,0,-0.01510799,0.02505615,-0.01309776,-0.2120575,-0.02657559,-9.871131,0.084206452,0.73272034,0.8992132,1.03575242,0,0.252,-2.29,279.26
00:47.9,0,100,0,0,0,0,0,0,0,0,-0.004654057,0.018080595,-0.009864061,-0.1933506,-0.010682896,-9.800483,0.07064299,0.7521352,0.9148616,1.049914,0,0.25,-2.29,279.26
00:47.9,0,100,0,0,0,0,0,0,0,0,0.005799876,0.01110504,-0.006630362,-0.1746437,0.005209798,-9.729835,0.040690364,0.71781346,0.86631632,1.0936736,0,0.25,-2.288,279.262
00:48.0,0,100,0,0,0,0,0,0,0,0,-0.002662272,0.007038958,-0.001087984,-0.20105575,-0.015731371,-9.7320475,0.010737738,0.68349172,0.81777104,1.1374332,0,0.25,-2.286,279.264
00:48.0,0,100,0,0,0,0,0,0,0,0,-0.01112442,0.002972876,0.004454394,-0.2274678,-0.03667254,-9.73426,-0.019214888,0.64916998,0.76922576,1.1811928,0,0.25,-2.284,279.266
00:48.0,0,100,0,0,0,0,0,0,0,0,-0.03736294,0.025362878,0.000832428,-0.1672481,0.02889438,-9.84305,-0.049167514,0.61484824,0.72068048,1.2249524,0,0.25,-2.282,279.268
00:48.0,0,100,0,0,0,0,0,0,0,0,-0.06360146,0.04775288,-0.002789538,-0.1070284,0.0944613,-9.95184,-0.07912014,0.5805265,0.6721352,1.268712,0,0.25,-2.28,279.27
00:48.0,0,100,0,0,0,0,0,0,0,0,-0.05412375,0.034284055,-0.000656854,-0.1536093,0.039262265,-9.943486,-0.053123522,0.5773076,0.68328886,1.2677254,0,0.254,-2.286,279.27
00:48.1,0,100,0,0,0,0,0,0,0,0,-0.04464604,0.02081523,0.00147583,-0.2001902,-0.01593677,-9.935132,-0.027126904,0.5740887,0.69444252,1.2667388,0,0.258,-2.292,279.27
00:48.1,0,100,0,0,0,0,0,0,0,0,0.01238632,-0.012895665,0.001516356,-0.16477925,0.024406785,-9.8284715,-0.001130286,0.5708698,0.70559618,1.2657522,0,0.262,-2.298,279.27
00:48.1,0,100,0,0,0,0,0,0,0,0,0.06941868,-0.04660656,0.001556882,-0.1293683,0.06475034,-9.721811,0.024866332,0.5676509,0.71674984,1.2647656,0,0.266,-2.304,279.27
00:48.1,0,100,0,0,0,0,0,0,0,0,0.06496211,-0.04680869,-0.008935849,-0.1784443,0.01304471,-9.771431,0.05086295,0.564432,0.7279035,1.263779,0,0.27,-2.31,279.27
00:48.1,0,100,0,0,0,0,0,0,0,0,0.06050554,-0.04701082,-0.01942858,-0.2275203,-0.03866092,-9.821051,0.0180846,0.55155194,0.72030408,1.2363724,0,0.268,-2.312,279.268
00:48.2,0,100,0,0,0,0,0,0,0,0,0.007163275,-0.03402405,-0.024986285,-0.15615273,0.023226785,-9.8336565,-0.01469375,0.53867188,0.71270466,1.2089658,0,0.266,-2.314,279.266
00:48.2,0,100,0,0,0,0,0,0,0,0,-0.04617899,-0.02103728,-0.03054399,-0.08478516,0.08511449,-9.846262,-0.0474721,0.52579182,0.70510524,1.1815592,0,0.264,-2.316,279.264
00:48.2,0,100,0,0,0,0,0,0,0,0,-0.031522025,-0.006364508,-0.018108016,-0.15418328,0.029616395,-9.79805,-0.08025045,0.51291176,0.69750582,1.1541526,0,0.262,-2.318,279.262
00:48.2,0,100,0,0,0,0,0,0,0,0,-0.01686506,0.008308263,-0.005672042,-0.2235814,-0.0258817,-9.749838,-0.1130288,0.5000317,0.6899064,1.126746,0,0.26,-2.32,279.26
00:48.2,0,100,0,0,0,0,0,0,0,0,0.00234505,-0.007812349,-0.00097178,-0.20186175,-0.003791355,-9.7393115,-0.05934012,0.48562366,0.6656908,1.08194752,0,0.262,-2.322,279.26
00:48.3,0,100,0,0,0,0,0,0,0,0,0.02155516,-0.02393296,0.003728483,-0.1801421,0.01829899,-9.728785,-0.00565144,0.47121562,0.6414752,1.03714904,0,0.264,-2.324,279.26
00:48.3,0,100,0,0,0,0,0,0,0,0,0.006067012,-0.02463291,4.65E-05,-0.19137215,0.0006747,-9.789388,0.04803724,0.45680758,0.6172596,0.99235056,0,0.266,-2.326,279.26
00:48.3,0,100,0,0,0,0,0,0,0,0,-0.009421136,-0.02533286,-0.00363558,-0.2026022,-0.01694959,-9.849991,0.10172592,0.44239954,0.593044,0.94755208,0,0.268,-2.328,279.26
00:48.3,0,100,0,0,0,0,0,0,0,0,-0.00582474,-0.012735704,-0.000278346,-0.1910771,-0.009337693,-9.8309655,0.1554146,0.4279915,0.5688284,0.9027536,0,0.27,-2.33,279.26
00:48.3,0,100,0,0,0,0,0,0,0,0,-0.002228344,-0.000138549,0.003078887,-0.179552,-0.001725796,-9.81194,0.119810528,0.43831558,0.6076805,0.91138594,0,0.272,-2.332,279.262
00:48.4,0,100,0,0,0,0,0,0,0,0,-0.012713227,0.002749704,-0.00124732,-0.17462135,0.001773376,-9.801942,0.084206456,0.44863966,0.6465326,0.92001828,0,0.274,-2.334,279.264
00:48.4,0,100,0,0,0,0,0,0,0,0,-0.02319811,0.005637957,-0.005573527,-0.1696907,0.005272549,-9.791944,0.048602384,0.45896374,0.6853847,0.92865062,0,0.276,-2.336,279.266
00:48.4,0,100,0,0,0,0,0,0,0,0,0.00743467,0.005352582,9.16E-06,-0.19587385,-0.015097986,-9.747322,0.012998312,0.46928782,0.7242368,0.93728296,0,0.278,-2.338,279.268
00:48.4,0,100,0,0,0,0,0,0,0,0,0.03806745,0.005067206,0.005591843,-0.222057,-0.03546852,-9.7027,-0.02260576,0.4796119,0.7630889,0.9459153,0,0.28,-2.34,279.27
00:48.4,0,100,0,0,0,0,0,0,0,0,0.014124718,0.011858818,0.007989097,-0.18804705,-0.00207578,-9.6933055,-0.036169214,0.47308044,0.7785446,0.93563916,0,0.278,-2.342,279.27
00:48.5,0,100,0,0,0,0,0,0,0,0,-0.009818015,0.01865043,0.01038635,-0.1540371,0.03131696,-9.683911,-0.049732668,0.46654898,0.7940003,0.92536302,0,0.276,-2.344,279.27
00:48.5,0,100,0,0,0,0,0,0,0,0,0.001964268,0.000939335,0.009261247,-0.1780999,0.02227013,-9.732788,-0.063296122,0.46001752,0.809456,0.91508688,0,0.274,-2.346,279.27
00:48.5,0,100,0,0,0,0,0,0,0,0,0.01374655,-0.01677176,0.008136144,-0.2021627,0.0132233,-9.781665,-0.076859576,0.45348606,0.8249117,0.90481074,0,0.272,-2.348,279.27
00:48.5,0,100,0,0,0,0,0,0,0,0,-0.01266639,-0.018893025,0.003353476,-0.15049551,0.037357485,-9.844163,-0.09042303,0.4469546,0.8403674,0.8945346,0,0.27,-2.35,279.27
00:48.5,0,100,0,0,0,0,0,0,0,0,-0.03907933,-0.02101429,-0.001429192,-0.09882832,0.06149167,-9.906661,-0.077989862,0.53082176,0.90048972,0.96102728,0,0.274,-2.356,279.268
00:48.6,0,100,0,0,0,0,0,0,0,0,-0.01005851,-0.039795715,-0.006536786,-0.15282831,0.01274551,-9.8662605,-0.065556694,0.61468892,0.96061204,1.02751996,0,0.278,-2.362,279.266
00:48.6,0,100,0,0,0,0,0,0,0,0,0.01896231,-0.05857714,-0.01164438,-0.2068283,-0.03600065,-9.82586,-0.053123526,0.69855608,1.02073436,1.09401264,0,0.282,-2.368,279.264
00:48.6,0,100,0,0,0,0,0,0,0,0,0.038455565,-0.08232307,-0.01137047,-0.19661315,-0.02825582,-9.864987,-0.040690358,0.78242324,1.08085668,1.16050532,0,0.286,-2.374,279.262
00:48.6,0,100,0,0,0,0,0,0,0,0,0.05794882,-0.106069,-0.01109656,-0.186398,-0.02051099,-9.904114,-0.02825719,0.8662904,1.140979,1.226998,0,0.29,-2.38,279.26
00:48.6,0,100,0,0,0,0,0,0,0,0,0.006490055,-0.069705905,-0.002285523,-0.169285,-0.001861315,-9.885816,-0.014693738,0.84451004,1.1332808,1.232283,0,0.288,-2.378,279.262
00:48.7,0,100,0,0,0,0,0,0,0,0,-0.04496871,-0.03334281,0.006525514,-0.152172,0.01678836,-9.867518,-0.001130286,0.82272968,1.1255826,1.237568,0,0.286,-2.376,279.264
00:48.7,0,100,0,0,0,0,0,0,0,0,-0.022404698,-0.013288265,0.022154472,-0.144032,0.035019475,-9.7983435,0.012433166,0.80094932,1.1178844,1.242853,0,0.284,-2.374,279.266
00:48.7,0,100,0,0,0,0,0,0,0,0,0.000159314,0.00676628,0.03778343,-0.135892,0.05325059,-9.729169,0.025996618,0.77916896,1.1101862,1.248138,0,0.282,-2.372,279.268
00:48.7,0,100,0,0,0,0,0,0,0,0,0.014195167,-0.03757279,0.023976,-0.19797795,-0.007543775,-9.7927275,0.03956007,0.7573886,1.102488,1.253423,0,0.28,-2.37,279.27
00:48.7,0,100,0,0,0,0,0,0,0,0,0.02823102,-0.08191186,0.01016857,-0.2600639,-0.06833814,-9.856286,0.03786464,0.7587132,1.07831782,1.2598366,0,0.286,-2.374,279.268
00:48.8,0,100,0,0,0,0,0,0,0,0,0.02291354,-0.031803805,0.011732185,-0.16669689,0.02047843,-9.811405,0.03616921,0.7600378,1.05414764,1.2662502,0,0.292,-2.378,279.266
00:48.8,0,100,0,0,0,0,0,0,0,0,0.01759606,0.01830425,0.0132958,-0.07332988,0.109295,-9.766524,0.03447378,0.7613624,1.02997746,1.2726638,0,0.298,-2.382,279.264
00:48.8,0,100,0,0,0,0,0,0,0,0,0.005828915,0.009342442,0.0097241,-0.10349109,0.062065515,-9.750145,0.03277835,0.762687,1.00580728,1.2790774,0,0.304,-2.386,279.262
00:48.8,0,100,0,0,0,0,0,0,0,0,-0.005938231,0.000380634,0.0061524,-0.1336523,0.01483603,-9.733766,0.03108292,0.7640116,0.9816371,1.285491,0,0.31,-2.39,279.26
00:48.8,0,100,0,0,0,0,0,0,0,0,-0.020725906,-0.016354023,-0.000923891,-0.15350095,0.009527292,-9.7560855,0.020345184,0.73706454,0.95711482,1.2728142,0,0.308,-2.392,279.26
00:48.9,0,100,0,0,0,0,0,0,0,0,-0.03551358,-0.03308868,-0.008000182,-0.1733496,0.004218553,-9.778405,0.009607448,0.71011748,0.93259254,1.2601374,0,0.306,-2.394,279.26
00:48.9,0,100,0,0,0,0,0,0,0,0,-0.019227466,-0.03034275,-0.005490972,-0.1589063,0.015675252,-9.835704,-0.001130288,0.68317042,0.90807026,1.2474606,0,0.304,-2.396,279.26
00:48.9,0,100,0,0,0,0,0,0,0,0,-0.002941351,-0.02759682,-0.002981762,-0.144463,0.02713195,-9.893003,-0.011868024,0.65622336,0.88354798,1.2347838,0,0.302,-2.398,279.26
00:48.9,0,100,0,0,0,0,0,0,0,0,-0.011953396,-0.02800358,-0.006534876,-0.1644065,0.00420859,-9.8886585,-0.02260576,0.6292763,0.8590257,1.222107,0,0.3,-2.4,279.26
00:48.9,0,100,0,0,0,0,0,0,0,0,-0.02096544,-0.02841034,-0.01008799,-0.18435,-0.01871477,-9.884314,-0.046341808,0.62431314,0.84822044,1.2373386,0,0.298,-2.4,279.262
00:49.0,0,100,0,0,0,0,0,0,0,0,0.006795425,-0.07033307,-0.009267075,-0.120338325,0.014521065,-9.8549535,-0.070077856,0.61934998,0.83741518,1.2525702,0,0.296,-2.4,279.264
00:49.0,0,100,0,0,0,0,0,0,0,0,0.03455629,-0.1122558,-0.00844616,-0.05632665,0.0477569,-9.825593,-0.093813904,0.61438682,0.82660992,1.2678018,0,0.294,-2.4,279.266
00:49.0,0,100,0,0,0,0,0,0,0,0,-0.01187578,-0.048263045,0.004897945,-0.126763825,0.0193967,-9.8810445,-0.117549952,0.60942366,0.81580466,1.2830334,0,0.292,-2.4,279.268
00:49.0,0,100,0,0,0,0,0,0,0,0,-0.05830785,0.01572971,0.01824205,-0.197201,-0.0089635,-9.936496,-0.141286,0.6044605,0.8049994,1.298265,0,0.29,-2.4,279.27
00:49.0,0,100,0,0,0,0,0,0,0,0,-0.04216085,0.025856625,0.016437515,-0.17584455,0.013277095,-9.8540435,-0.105116786,0.5981785,0.79046992,1.263881,0,0.288,-2.398,279.268
00:49.1,0,100,0,0,0,0,0,0,0,0,-0.02601385,0.03598354,0.01463298,-0.1544881,0.03551769,-9.771591,-0.068947572,0.5918965,0.77594044,1.229497,0,0.286,-2.396,279.266
00:49.1,0,100,0,0,0,0,0,0,0,0,0.00012298,-0.00730344,0.007866467,-0.1894927,-0.00214015,-9.7849495,-0.032778358,0.5856145,0.76141096,1.195113,0,0.284,-2.394,279.264
00:49.1,0,100,0,0,0,0,0,0,0,0,0.02625981,-0.05059042,0.001099954,-0.2244973,-0.03979799,-9.798308,0.003390856,0.5793325,0.74688148,1.160729,0,0.282,-2.392,279.262
00:49.1,0,100,0,0,0,0,0,0,0,0,0.011428366,-0.03082215,0.005489542,-0.1700917,0.010247685,-9.8124505,0.03956007,0.5730505,0.732352,1.126345,0,0.28,-2.39,279.26
00:49.1,0,100,0,0,0,0,0,0,0,0,-0.003403078,-0.01105388,0.009879129,-0.1156861,0.06029336,-9.826593,-0.005651444,0.58652822,0.75518084,1.1102986,0,0.282,-2.394,279.26
00:49.2,0,100,0,0,0,0,0,0,0,0,-0.010092454,-0.01139769,0.001742133,-0.11148925,0.053105815,-9.8183735,-0.050862958,0.60000594,0.77800968,1.0942522,0,0.284,-2.398,279.26
00:49.2,0,100,0,0,0,0,0,0,0,0,-0.01678183,-0.0117415,-0.006394863,-0.1072924,0.04591827,-9.810154,-0.096074472,0.61348366,0.80083852,1.0782058,0,0.286,-2.402,279.26
00:49.2,0,100,0,0,0,0,0,0,0,0,-0.008188107,-0.02638311,-0.00488337,-0.17274755,0.008533375,-9.788927,-0.141285986,0.62696138,0.82366736,1.0621594,0,0.288,-2.406,279.26
00:49.2,0,100,0,0,0,0,0,0,0,0,0.000405616,-0.04102472,-0.003371877,-0.2382027,-0.02885152,-9.7677,-0.1864975,0.6404391,0.8464962,1.046113,0,0.29,-2.41,279.26
00:49.2,0,100,0,0,0,0,0,0,0,0,-0.000217999,-0.04877285,-0.011316929,-0.1813836,0.015862425,-9.779723,-0.19327922,0.62638244,0.8114552,1.0725508,0,0.294,-2.416,279.258
00:49.3,0,100,0,0,0,0,0,0,0,0,-0.000841614,-0.05652098,-0.01926198,-0.1245645,0.06057637,-9.791746,-0.20006094,0.61232578,0.7764142,1.0989886,0,0.298,-2.422,279.256
00:49.3,0,100,0,0,0,0,0,0,0,0,-0.003017498,-0.022355095,-0.014338932,-0.18280535,0.008006175,-9.788822,-0.20684266,0.59826912,0.7413732,1.1254264,0,0.302,-2.428,279.254
00:49.3,0,100,0,0,0,0,0,0,0,0,-0.005193381,0.01181079,-0.009415884,-0.2410462,-0.04456402,-9.785898,-0.21362438,0.58421246,0.7063322,1.1518642,0,0.306,-2.434,279.252
00:49.3,0,100,0,0,0,0,0,0,0,0,-0.006038712,0.018861535,-0.011403157,-0.21571825,-0.01712624,-9.736342,-0.2204061,0.5701558,0.6712912,1.178302,0,0.31,-2.44,279.25
00:49.3,0,100,0,0,0,0,0,0,0,0,-0.006884043,0.02591228,-0.01339043,-0.1903903,0.01031154,-9.686786,-0.158240274,0.56315264,0.67127512,1.209207,0,0.316,-2.444,279.252
00:49.4,0,100,0,0,0,0,0,0,0,0,0.006510383,0.008465262,0.00326058,-0.19561455,0.01821099,-9.7543045,-0.096074448,0.55614948,0.67125904,1.240112,0,0.322,-2.448,279.254
00:49.4,0,100,0,0,0,0,0,0,0,0,0.01990481,-0.008981756,0.01991159,-0.2008388,0.02611044,-9.821823,-0.033908622,0.54914632,0.67124296,1.271017,0,0.328,-2.452,279.256
00:49.4,0,100,0,0,0,0,0,0,0,0,-0.00729528,0.003648482,0.02097557,-0.1840459,0.032190175,-9.854461,0.028257204,0.54214316,0.67122688,1.301922,0,0.334,-2.456,279.258
00:49.4,0,100,0,0,0,0,0,0,0,0,-0.03449537,0.01627872,0.02203955,-0.167253,0.03826991,-9.887099,0.09042303,0.53514,0.6712108,1.332827,0,0.34,-2.46,279.26
00:49.4,0,100,0,0,0,0,0,0,0,0,-0.026082025,0.015925535,0.005285645,-0.2492409,-0.040160845,-9.8219925,0.056514396,0.51421618,0.64445606,1.2647471,0,0.34,-2.458,279.26
00:49.5,0,100,0,0,0,0,0,0,0,0,-0.01766868,0.01557235,-0.01146826,-0.3312288,-0.1185916,-9.756886,0.022605762,0.49329236,0.61770132,1.1966672,0,0.34,-2.456,279.26
00:49.5,0,100,0,0,0,0,0,0,0,0,-0.002554075,0.003952704,-0.006549914,-0.149570495,0.0439733,-9.7741525,-0.011302872,0.47236854,0.59094658,1.1285873,0,0.34,-2.454,279.26
00:49.5,0,100,0,0,0,0,0,0,0,0,0.01256053,-0.007666943,-0.001631569,0.03208781,0.2065382,-9.791419,-0.045211506,0.45144472,0.56419184,1.0605074,0,0.34,-2.452,279.26
00:49.5,0,100,0,0,0,0,0,0,0,0,0.005352044,-0.006371278,-0.001626561,-0.136247845,0.054316465,-9.828835,-0.07912014,0.4305209,0.5374371,0.9924275,0,0.34,-2.45,279.26
00:49.5,0,100,0,0,0,0,0,0,0,0,-0.001856442,-0.005075613,-0.001621553,-0.3045835,-0.09790527,-9.866251,-0.050862946,0.4008767,0.5002139,0.92255918,0,0.338,-2.448,279.26
00:49.6,0,100,0,0,0,0,0,0,0,0,0.004080414,-0.004497753,0.000924273,-0.21509295,-0.011900095,-9.796098,-0.022605752,0.3712325,0.4629907,0.85269086,0,0.336,-2.446,279.26
00:49.6,0,100,0,0,0,0,0,0,0,0,0.01001727,-0.003919892,0.003470098,-0.1256024,0.07410508,-9.725945,0.005651442,0.3415883,0.4257675,0.78282254,0,0.334,-2.444,279.26
00:49.6,0,100,0,0,0,0,0,0,0,0,0.012180235,-0.009428976,0.003596445,-0.16744855,0.035745896,-9.7699155,0.033908636,0.3119441,0.3885443,0.71295422,0,0.332,-2.442,279.26
00:49.6,0,100,0,0,0,0,0,0,0,0,0.0143432,-0.01493806,0.003722791,-0.2092947,-0.002613289,-9.813886,0.06216583,0.2822999,0.3513211,0.6430859,0,0.33,-2.44,279.26
00:49.6,0,100,0,0,0,0,0,0,0,0,0.00064372,-0.003491058,-0.000680046,-0.17524525,0.017969615,-9.829868,0.056514392,0.26479476,0.32964194,0.59436184,0,0.33,-2.44,279.26
00:49.7,0,100,0,0,0,0,0,0,0,0,-0.01305576,0.007955943,-0.005082882,-0.1411958,0.03855252,-9.84585,0.050862954,0.24728962,0.30796278,0.54563778,0,0.33,-2.44,279.26
00:49.7,0,100,0,0,0,0,0,0,0,0,-0.003868037,-0.000522112,0.000805636,-0.1458929,0.043474735,-9.8123525,0.045211516,0.22978448,0.28628362,0.49691372,0,0.33,-2.44,279.26
00:49.7,0,100,0,0,0,0,0,0,0,0,0.005319686,-0.009000167,0.006694155,-0.15059,0.04839695,-9.778855,0.039560078,0.21227934,0.26460446,0.44818966,0,0.33,-2.44,279.26
00:49.7,0,100,0,0,0,0,0,0,0,0,0.003883789,-0.007640444,0.009506598,-0.20001485,0.0020287,-9.791273,0.03390864,0.1947742,0.2429253,0.3994656,0,0.33,-2.44,279.26
00:49.7,0,100,0,0,0,0,0,0,0,0,0.002447892,-0.006280721,0.01231904,-0.2494397,-0.04433955,-9.803691,0.067252132,0.22259222,0.28543946,0.3918361,0,0.33,-2.442,279.26
00:49.8,0,100,0,0,0,0,0,0,0,0,0.003141148,-0.009001806,0.009629473,-0.19783995,0.00237301,-9.802432,0.100595624,0.25041024,0.32795362,0.3842066,0,0.33,-2.444,279.26
00:49.8,0,100,0,0,0,0,0,0,0,0,0.003834404,-0.01172289,0.006939906,-0.1462402,0.04908557,-9.801173,0.133939116,0.27822826,0.37046778,0.3765771,0,0.33,-2.446,279.26
00:49.8,0,100,0,0,0,0,0,0,0,0,0.000877812,-0.003685931,1.36E-05,-0.16354835,0.022081702,-9.8105715,0.167282608,0.30604628,0.41298194,0.3689476,0,0.33,-2.448,279.26
00:49.8,0,100,0,0,0,0,0,0,0,0,-0.002078781,0.004351027,-0.006912757,-0.1808565,-0.004922167,-9.81997,0.2006261,0.3338643,0.4554961,0.3613181,0,0.33,-2.45,279.26
00:49.8,0,100,0,0,0,0,0,0,0,0,-0.000704389,0.001675097,-0.004711775,-0.15381975,0.023189277,-9.797042,0.18932322,0.2907898,0.39846458,0.33034684,0,0.33,-2.45,279.26
00:49.9,0,100,0,0,0,0,0,0,0,0,0.000670002,-0.001000833,-0.002510792,-0.126783,0.05130072,-9.774114,0.17802034,0.2477153,0.34143306,0.29937558,0,0.33,-2.45,279.26
00:49.9,0,100,0,0,0,0,0,0,0,0,0.003932944,-0.008735726,0.000769259,-0.1653966,0.018119445,-9.793517,0.16671746,0.2046408,0.28440154,0.26840432,0,0.33,-2.45,279.26
00:49.9,0,100,0,0,0,0,0,0,0,0,0.007195885,-0.01647062,0.00404931,-0.2040102,-0.01506183,-9.81292,0.15541458,0.1615663,0.22737002,0.23743306,0,0.33,-2.45,279.26
00:49.9,0,100,0,0,0,0,0,0,0,0,0.006334408,-0.01521276,0.00364803,-0.19081135,0.000531955,-9.808306,0.1441117,0.1184918,0.1703385,0.2064618,0,0.33,-2.45,279.26
00:49.9,0,100,0,0,0,0,0,0,0,0,0.005472932,-0.0139549,0.003246749,-0.1776125,0.01612574,-9.803692,0.120940798,0.112535656,0.16379188,0.20127194,0,0.33,-2.45,279.26
00:50.0,0,100,0,0,0,0,0,0,0,0,0.00576179,-0.010585147,0.004306474,-0.1847468,0.009485157,-9.807519,0.097769896,0.106579512,0.15724526,0.19608208,0,0.33,-2.45,279.26
00:50.0,0,100,0,0,0,0,0,0,0,0,0.006050648,-0.007215393,0.005366198,-0.1918811,0.002844574,-9.811346,0.074598994,0.100623368,0.15069864,0.19089222,0,0.33,-2.45,279.26
00:50.0,0,100,0,0,0,0,0,0,0,0,0.006718738,-0.007381264,0.003300255,-0.1971067,-0.005296283,-9.808671,0.051428092,0.094667224,0.14415202,0.18570236,0,0.33,-2.45,279.26
00:50.0,0,100,0,0,0,0,0,0,0,0,0.007386827,-0.007547135,0.001234311,-0.2023323,-0.01343714,-9.805996,0.02825719,0.08871108,0.1376054,0.1805125,0,0.33,-2.45,279.26
00:50.0,0,100,0,0,0,0,0,0,0,0,0.005077255,-0.003791345,-0.000653877,-0.15853085,0.01568883,-9.8014645,0.03956007,0.088369192,0.13554662,0.17483744,0,0.33,-2.448,279.26
00:50.1,0,100,0,0,0,0,0,0,0,0,0.002767683,-3.56E-05,-0.002542066,-0.1147294,0.0448148,-9.796933,0.05086295,0.088027304,0.13348784,0.16916238,0,0.33,-2.446,279.26
00:50.1,0,100,0,0,0,0,0,0,0,0,0.004448554,-0.005186778,-0.001072903,-0.157988,0.0137884,-9.804341,0.06216583,0.087685416,0.13142906,0.16348732,0,0.33,-2.444,279.26
00:50.1,0,100,0,0,0,0,0,0,0,0,0.006129425,-0.010338,0.00039626,-0.2012466,-0.017238,-9.811749,0.07346871,0.087343528,0.12937028,0.15781226,0,0.33,-2.442,279.26
00:50.1,0,100,0,0,0,0,0,0,0,0,0.012769808,-0.016071495,0.000943257,-0.18676195,-0.00186151,-9.8014795,0.08477159,0.08700164,0.1273115,0.1521372,0,0.33,-2.44,279.26
00:50.1,0,100,0,0,0,0,0,0,0,0,0.01941019,-0.02180499,0.001490253,-0.1722773,0.01351498,-9.79121,0.064426408,0.101597672,0.14560272,0.20308634,0,0.33,-2.44,279.262
00:50.2,0,100,0,0,0,0,0,0,0,0,0.020621315,-0.020424115,0.002354915,-0.1825249,0.006683755,-9.799134,0.044081226,0.116193704,0.16389394,0.25403548,0,0.33,-2.44,279.264
00:50.2,0,100,0,0,0,0,0,0,0,0,0.02183244,-0.01904324,0.003219577,-0.1927725,-0.000147469,-9.807058,0.023736044,0.130789736,0.18218516,0.30498462,0,0.33,-2.44,279.266
00:50.2,0,100,0,0,0,0,0,0,0,0,0.00522034,-0.006109234,0.002409708,-0.14475519,0.024033735,-9.801801,0.003390862,0.145385768,0.20047638,0.35593376,0,0.33,-2.44,279.268
00:50.2,0,100,0,0,0,0,0,0,0,0,-0.01139176,0.006824772,0.00159984,-0.09673788,0.04821494,-9.796544,-0.01695432,0.1599818,0.2187676,0.4068829,0,0.33,-2.44,279.27
00:50.2,0,100,0,0,0,0,0,0,0,0,-0.007841844,0.002631362,0.002814747,-0.14386499,0.024986018,-9.803236,0.010737724,0.18966972,0.24558158,0.46141652,0,0.328,-2.436,279.27
00:50.3,0,100,0,0,0,0,0,0,0,0,-0.004291928,-0.001562047,0.004029653,-0.1909921,0.001757096,-9.809928,0.038429768,0.21935764,0.27239556,0.51595014,0,0.326,-2.432,279.27
00:50.3,0,100,0,0,0,0,0,0,0,0,0.015187561,-0.016681263,0.001207903,-0.1964482,-0.002777932,-9.8106985,0.066121812,0.24904556,0.29920954,0.57048376,0,0.324,-2.428,279.27
00:50.3,0,100,0,0,0,0,0,0,0,0,0.03466705,-0.03180048,-0.001613847,-0.2019043,-0.007312961,-9.811469,0.093813856,0.27873348,0.32602352,0.62501738,0,0.322,-2.424,279.27
00:50.3,0,100,0,0,0,0,0,0,0,0,0.025638995,-0.027507215,0.000636738,-0.1881052,0.00610439,-9.800594,0.1215059,0.3084214,0.3528375,0.679551,0,0.32,-2.42,279.27
00:50.3,0,100,0,0,0,0,0,0,0,0,0.01661094,-0.02321395,0.002887322,-0.1743061,0.01952174,-9.789719,0.08703213,0.31143112,0.34574428,0.68322548,0,0.322,-2.418,279.27
00:50.4,0,100,0,0,0,0,0,0,0,0,0.009729216,-0.0173809,0.004062311,-0.18474515,0.009411069,-9.79258,0.05255836,0.31444084,0.33865106,0.68689996,0,0.324,-2.416,279.27
00:50.4,0,100,0,0,0,0,0,0,0,0,0.002847491,-0.01154785,0.0052373,-0.1951842,-0.000699603,-9.795441,0.01808459,0.31745056,0.33155784,0.69057444,0,0.326,-2.414,279.27
00:50.4,0,100,0,0,0,0,0,0,0,0,0.010888011,-0.018527305,0.002632796,-0.19268655,-2.11E-05,-9.797738,-0.01638918,0.32046028,0.32446462,0.69424892,0,0.328,-2.412,279.27
00:50.4,0,100,0,0,0,0,0,0,0,0,0.01892853,-0.02550676,2.83E-05,-0.1901889,0.000657425,-9.800035,-0.05086295,0.32347,0.3173714,0.6979234,0,0.33,-2.41,279.27
00:50.4,0,100,0,0,0,0,0,0,0,0,0.00314887,-0.010022218,0.000161447,-0.1864114,0.003614687,-9.807123,0.01695432,0.3482283,0.37296024,0.68490128,0,0.326,-2.402,279.27
00:50.5,0,100,0,0,0,0,0,0,0,0,-0.01263079,0.005462324,0.000294602,-0.1826339,0.006571949,-9.814211,0.08477159,0.3729866,0.42854908,0.67187916,0,0.322,-2.394,279.27
00:50.5,0,100,0,0,0,0,0,0,0,0,0.00422658,-0.005992033,0.004233282,-0.1879025,0.002401841,-9.8033145,0.15258886,0.3977449,0.48413792,0.65885704,0,0.318,-2.386,279.27
00:50.5,0,100,0,0,0,0,0,0,0,0,0.02108395,-0.01744639,0.008171961,-0.1931711,-0.001768267,-9.792418,0.22040613,0.4225032,0.53972676,0.64583492,0,0.314,-2.378,279.27
00:50.5,0,100,0,0,0,0,0,0,0,0,0.012994791,-0.008476095,0.006824459,-0.18523275,0.019537511,-9.796805,0.2882234,0.4472615,0.5953156,0.6328128,0,0.31,-2.37,279.27
00:50.5,0,100,0,0,0,0,0,0,0,0,0.004905632,0.0004942,0.005476956,-0.1772944,0.04084329,-9.801192,0.2690085,0.41047024,0.5427834,0.65019216,0,0.308,-2.362,279.272
00:50.6,0,100,0,0,0,0,0,0,0,0,0.012074606,-0.004762525,0.004406006,-0.1831475,0.022250768,-9.8044675,0.2497936,0.37367898,0.4902512,0.66757152,0,0.306,-2.354,279.274
00:50.6,0,100,0,0,0,0,0,0,0,0,0.01924358,-0.01001925,0.003335056,-0.1890006,0.003658247,-9.807743,0.2305787,0.33688772,0.437719,0.68495088,0,0.304,-2.346,279.276
00:50.6,0,100,0,0,0,0,0,0,0,0,-0.001859355,-0.001769757,0.002974995,-0.1937329,-0.003680882,-9.812182,0.2113638,0.30009646,0.3851868,0.70233024,0,0.302,-2.338,279.278
00:50.6,0,100,0,0,0,0,0,0,0,0,-0.02296229,0.006479736,0.002614934,-0.1984652,-0.01102001,-9.816621,0.1921489,0.2633052,0.3326546,0.7197096,0,0.3,-2.33,279.28
00:50.6,0,100,0,0,0,0,0,0,0,0,-0.0057687,-0.004659632,0.000201515,-0.1900013,0.001525725,-9.8013265,0.136764802,0.26757756,0.34207876,0.70413428,0,0.298,-2.322,279.28
00:50.7,0,100,0,0,0,0,0,0,0,0,0.01142489,-0.015799,-0.002211905,-0.1815374,0.01407146,-9.786032,0.081380704,0.27184992,0.35150292,0.68855896,0,0.296,-2.314,279.28
00:50.7,0,100,0,0,0,0,0,0,0,0,0.0203356,-0.02498093,-0.002796272,-0.1886024,0.003580524,-9.7947435,0.025996606,0.27612228,0.36092708,0.67298364,0,0.294,-2.306,279.28
00:50.7,0,100,0,0,0,0,0,0,0,0,0.02924631,-0.03416286,-0.003380639,-0.1956674,-0.006910413,-9.803455,-0.029387492,0.28039464,0.37035124,0.65740832,0,0.292,-2.298,279.28
00:50.7,0,100,0,0,0,0,0,0,0,0,0.017285628,-0.017163132,0.0043898,-0.1911992,0.004124383,-9.8013995,-0.08477159,0.284667,0.3797754,0.641833,0,0.29,-2.29,279.28
00:50.7,0,100,0,0,0,0,0,0,0,0,0.005324945,-0.000163404,0.01216024,-0.186731,0.01515918,-9.799344,-0.059905258,0.28265598,0.37786678,0.63802402,0,0.288,-2.28,279.28
00:50.8,0,100,0,0,0,0,0,0,0,0,0.002082606,-0.001088509,0.007393525,-0.19441505,0.002929946,-9.8030275,-0.035038926,0.28064496,0.37595816,0.63421504,0,0.286,-2.27,279.28
00:50.8,0,100,0,0,0,0,0,0,0,0,-0.001159733,-0.002013614,0.002626809,-0.2020991,-0.009299288,-9.806711,-0.010172594,0.27863394,0.37404954,0.63040606,0,0.284,-2.26,279.28
00:50.8,0,100,0,0,0,0,0,0,0,0,0.002538143,-0.006982062,0.005452741,-0.1961434,-0.000374741,-9.803794,0.014693738,0.27662292,0.37214092,0.62659708,0,0.282,-2.25,279.28
00:50.8,0,100,0,0,0,0,0,0,0,0,0.006236018,-0.01195051,0.008278672,-0.1901877,0.008549805,-9.800877,0.03956007,0.2746119,0.3702323,0.6227881,0,0.28,-2.24,279.28
00:50.8,0,100,0,0,0,0,0,0,0,0,-0.002441361,-0.011786645,-0.004940234,-0.16874155,0.002256541,-9.801259,0.062730976,0.29341484,0.38254336,0.6716456,0,0.276,-2.226,279.282
00:50.9,0,100,0,0,0,0,0,0,0,0,-0.01111874,-0.01162278,-0.01815914,-0.1472954,-0.004036723,-9.801641,0.085901882,0.31221778,0.39485442,0.7205031,0,0.272,-2.212,279.284
00:50.9,0,100,0,0,0,0,0,0,0,0,0.010603085,-0.02454836,-0.01422309,-0.1634297,-0.004727959,-9.7941965,0.109072788,0.33102072,0.40716548,0.7693606,0,0.268,-2.198,279.286
00:50.9,0,100,0,0,0,0,0,0,0,0,0.03232491,-0.03747394,-0.01028704,-0.179564,-0.005419194,-9.786752,0.132243694,0.34982366,0.41947654,0.8182181,0,0.264,-2.184,279.288
00:50.9,0,100,0,0,0,0,0,0,0,0,0.031417105,-0.035050025,-0.007059722,-0.180121,-0.005711012,-9.788902,0.1554146,0.3686266,0.4317876,0.8670756,0,0.26,-2.17,279.29
00:50.9,0,100,0,0,0,0,0,0,0,0,0.0305093,-0.03262611,-0.003832403,-0.180678,-0.00600283,-9.791052,0.139025422,0.34539584,0.4050545,0.81488016,0,0.258,-2.156,279.288
00:51.0,0,100,0,0,0,0,0,0,0,0,0.018363656,-0.026197655,0.006288173,-0.1859842,0.00646712,-9.7972795,0.122636244,0.32216508,0.3783214,0.76268472,0,0.256,-2.142,279.286
00:51.0,0,100,0,0,0,0,0,0,0,0,0.006218012,-0.0197692,0.01640875,-0.1912904,0.01893707,-9.803507,0.106247066,0.29893432,0.3515883,0.71048928,0,0.254,-2.128,279.284
00:51.0,0,100,0,0,0,0,0,0,0,0,-0.001658705,-0.007829442,0.007905018,-0.1936011,0.016697505,-9.7911185,0.089857888,0.27570356,0.3248552,0.65829384,0,0.252,-2.114,279.282
00:51.0,0,100,0,0,0,0,0,0,0,0,-0.009535423,0.004110317,-0.000598715,-0.1959118,0.01445794,-9.77873,0.07346871,0.2524728,0.2981221,0.6060984,0,0.25,-2.1,279.28
00:51.0,0,100,0,0,0,0,0,0,0,0,0.00022789,-0.001454371,-0.007492607,-0.18893035,0.003491328,-9.789852,0.018084608,0.24486974,0.2830511,0.57531932,0,0.246,-2.086,279.284
00:51.1,0,100,0,0,0,0,0,0,0,0,0.009991203,-0.007019058,-0.0143865,-0.1819489,-0.007475285,-9.800974,-0.037299494,0.23726668,0.2679801,0.54454024,0,0.242,-2.072,279.288
00:51.1,0,100,0,0,0,0,0,0,0,0,0.008847797,-0.008088545,-0.010773705,-0.18773465,-0.013082562,-9.80266,-0.092683596,0.22966362,0.2529091,0.51376116,0,0.238,-2.058,279.292
00:51.1,0,100,0,0,0,0,0,0,0,0,0.007704391,-0.009158031,-0.007160909,-0.1935204,-0.01868984,-9.804346,-0.148067698,0.22206056,0.2378381,0.48298208,0,0.234,-2.044,279.296
00:51.1,0,100,0,0,0,0,0,0,0,0,0.006735664,-0.00830091,-0.005472395,-0.18437245,-0.014325439,-9.8076495,-0.2034518,0.2144575,0.2227671,0.452203,0,0.23,-2.03,279.3
00:51.1,0,100,0,0,0,0,0,0,0,0,0.005766937,-0.007443789,-0.003783881,-0.1752245,-0.009961038,-9.810953,-0.171803742,0.20764378,0.21290866,0.44171274,0,0.226,-2.014,279.3
00:51.2,0,100,0,0,0,0,0,0,0,0,0.007319648,-0.009353455,-0.004767058,-0.18010135,-0.010564489,-9.807263,-0.140155684,0.20083006,0.20305022,0.43122248,0,0.222,-1.998,279.3
00:51.2,0,100,0,0,0,0,0,0,0,0,0.00887236,-0.01126312,-0.005750235,-0.1849782,-0.01116794,-9.803573,-0.108507626,0.19401634,0.19319178,0.42073222,0,0.218,-1.982,279.3
00:51.2,0,100,0,0,0,0,0,0,0,0,0.005647538,-0.006327466,-0.004221346,-0.1899696,-0.000184915,-9.7963185,-0.076859568,0.18720262,0.18333334,0.41024196,0,0.214,-1.966,279.3
00:51.2,0,100,0,0,0,0,0,0,0,0,0.002422717,-0.001391812,-0.002692456,-0.194961,0.01079811,-9.789064,-0.04521151,0.1803889,0.1734749,0.3997517,0,0.21,-1.95,279.3
00:51.2,0,100,0,0,0,0,0,0,0,0,0.002391494,-0.006151406,-0.000925177,-0.1899454,0.005831525,-9.7985315,-0.033908632,0.16545214,0.16459482,0.38517216,0,0.204,-1.932,279.302
00:51.3,0,100,0,0,0,0,0,0,0,0,0.00236027,-0.010911,0.000842102,-0.1849298,0.00086494,-9.807999,-0.022605754,0.15051538,0.15571474,0.37059262,0,0.198,-1.914,279.304
00:51.3,0,100,0,0,0,0,0,0,0,0,0.004902968,-0.011452315,0.000412616,-0.18614625,0.001636026,-9.802962,-0.011302876,0.13557862,0.14683466,0.35601308,0,0.192,-1.896,279.306
00:51.3,0,100,0,0,0,0,0,0,0,0,0.007445666,-0.01199363,-1.69E-05,-0.1873627,0.002407113,-9.797925,2.00E-09,0.12064186,0.13795458,0.34143354,0,0.186,-1.878,279.308
00:51.3,0,100,0,0,0,0,0,0,0,0,0.007075492,-0.01181014,7.68E-05,-0.1890026,0.002245147,-9.7998625,0.01130288,0.1057051,0.1290745,0.326854,0,0.18,-1.86,279.31
00:51.3,0,100,0,0,0,0,0,0,0,0,0.006705318,-0.01162665,0.00017046,-0.1906425,0.002083181,-9.8018,-0.012433156,0.096688034,0.122451632,0.3077124,0,0.176,-1.844,279.312
00:51.4,0,100,0,0,0,0,0,0,0,0,0.005142511,-0.011058045,0.000814574,-0.1901553,0.001057805,-9.803729,-0.036169192,0.087670968,0.115828764,0.2885708,0,0.172,-1.828,279.314
00:51.4,0,100,0,0,0,0,0,0,0,0,0.003579704,-0.01048944,0.001458688,-0.1896681,3.24E-05,-9.805658,-0.059905228,0.078653902,0.109205896,0.2694292,0,0.168,-1.812,279.316
00:51.4,0,100,0,0,0,0,0,0,0,0,0.004932314,-0.01060166,0.001789381,-0.1889866,0.00015782,-9.8036635,-0.083641264,0.069636836,0.102583028,0.2502876,0,0.164,-1.796,279.318
00:51.4,0,100,0,0,0,0,0,0,0,0,0.006284924,-0.01071388,0.002120073,-0.1883051,0.00028321,-9.801669,-0.1073773,0.06061977,0.09596016,0.231146,0,0.16,-1.78,279.32
00:51.4,0,100,0,0,0,0,0,0,0,0,0.006507835,-0.01125706,0.001724459,-0.18960335,0.002373386,-9.8040855,-0.094944142,0.057222578,0.087840258,0.21974424,0,0.156,-1.762,279.322
00:51.5,0,100,0,0,0,0,0,0,0,0,0.006730745,-0.01180024,0.001328845,-0.1909016,0.004463562,-9.806502,-0.082510984,0.053825386,0.079720356,0.20834248,0,0.152,-1.744,279.324
00:51.5,0,100,0,0,0,0,0,0,0,0,0.006329624,-0.011645135,0.001503599,-0.19033225,0.004463639,-9.8043045,-0.070077826,0.050428194,0.071600454,0.19694072,0,0.148,-1.726,279.326
00:51.5,0,100,0,0,0,0,0,0,0,0,0.005928502,-0.01149003,0.001678353,-0.1897629,0.004463715,-9.802107,-0.057644668,0.047031002,0.063480552,0.18553896,0,0.144,-1.708,279.328
00:51.5,0,100,0,0,0,0,0,0,0,0,0.002731591,-0.005082283,0.002251133,-0.19796155,0.011017083,-9.8032345,-0.04521151,0.04363381,0.05536065,0.1741372,0,0.14,-1.69,279.33
00:51.5,0,100,0,0,0,0,0,0,0,0,-0.00046532,0.001325465,0.002823913,-0.2061602,0.01757045,-9.804362,-0.027126906,0.043118476,0.052974578,0.1679297,0,0.136,-1.672,279.332
00:51.6,0,100,0,0,0,0,0,0,0,0,0.002685523,-0.004504402,0.002453541,-0.19876135,0.008700293,-9.807166,-0.009042302,0.042603142,0.050588506,0.1617222,0,0.132,-1.654,279.334
00:51.6,0,100,0,0,0,0,0,0,0,0,0.005836367,-0.01033427,0.002083168,-0.1913625,-0.000169863,-9.80997,0.009042302,0.042087808,0.048202434,0.1555147,0,0.128,-1.636,279.336
00:51.6,0,100,0,0,0,0,0,0,0,0,0.006291308,-0.010222565,0.001752741,-0.19081695,0.000375272,-9.8060815,0.027126906,0.041572474,0.045816362,0.1493072,0,0.124,-1.618,279.338
00:51.6,0,100,0,0,0,0,0,0,0,0,0.006746249,-0.01011086,0.001422314,-0.1902714,0.000920407,-9.802193,0.04521151,0.04105714,0.04343029,0.1430997,0,0.12,-1.6,279.34
00:51.6,0,100,0,0,0,0,0,0,0,0,0.006550034,-0.01121173,0.0012064,-0.1896733,0.001235903,-9.805654,0.056514388,0.038796112,0.043453934,0.13576926,0,0.116,-1.584,279.34
00:51.7,0,100,0,0,0,0,0,0,0,0,0.006353818,-0.0123126,0.000990487,-0.1890752,0.001551399,-9.809115,0.067817266,0.036535084,0.043477578,0.12843882,0,0.112,-1.568,279.34
00:51.7,0,100,0,0,0,0,0,0,0,0,0.006605234,-0.01160174,0.001624747,-0.1918599,0.001682502,-9.806423,0.079120144,0.034274056,0.043501222,0.12110838,0,0.108,-1.552,279.34
00:51.7,0,100,0,0,0,0,0,0,0,0,0.006856651,-0.01089088,0.002259007,-0.1946446,0.001813604,-9.803731,0.090423022,0.032013028,0.043524866,0.11377794,0,0.104,-1.536,279.34
00:51.7,0,100,0,0,0,0,0,0,0,0,0.006443275,-0.01151612,0.002032044,-0.19230955,0.001045548,-9.802651,0.1017259,0.029752,0.04354851,0.1064475,0,0.1,-1.52,279.34
00:51.7,0,100,0,0,0,0,0,0,0,0,0.006029899,-0.01214136,0.001805081,-0.1899745,0.000277491,-9.801571,0.077989856,0.027436328,0.041115772,0.099437444,0,0.096,-1.506,279.342
00:51.8,0,100,0,0,0,0,0,0,0,0,0.00567966,-0.011503895,0.001780447,-0.1892329,0.000817819,-9.802914,0.054253812,0.025120656,0.038683034,0.092427388,0,0.092,-1.492,279.344
00:51.8,0,100,0,0,0,0,0,0,0,0,0.00532942,-0.01086643,0.001755812,-0.1884913,0.001358146,-9.804257,0.030517768,0.022804984,0.036250296,0.085417332,0,0.088,-1.478,279.346
00:51.8,0,100,0,0,0,0,0,0,0,0,0.006494374,-0.010948935,0.001265948,-0.18985025,0.000888521,-9.803096,0.006781724,0.020489312,0.033817558,0.078407276,0,0.084,-1.464,279.348
00:51.8,0,100,0,0,0,0,0,0,0,0,0.007659328,-0.01103144,0.000776084,-0.1912092,0.000418895,-9.801935,-0.01695432,0.01817364,0.03138482,0.07139722,0,0.08,-1.45,279.35
00:51.8,0,100,0,0,0,0,0,0,0,0,0.003192266,-0.004467696,0.000801287,-0.19611045,0.020663553,-9.7972935,-0.002260578,0.026704462,0.037504388,0.074815774,0,0.076,-1.436,279.352
00:51.9,0,100,0,0,0,0,0,0,0,0,-0.001274795,0.002096048,0.000826491,-0.2010117,0.04090821,-9.792652,0.012433164,0.035235284,0.043623956,0.078234328,0,0.072,-1.422,279.354
00:51.9,0,100,0,0,0,0,0,0,0,0,-0.001881729,-0.000650338,0.00098186,-0.2028217,0.03200458,-9.800599,0.027126906,0.043766106,0.049743524,0.081652882,0,0.068,-1.408,279.356
00:51.9,0,100,0,0,0,0,0,0,0,0,-0.002488663,-0.003396723,0.00113723,-0.2046317,0.02310095,-9.808546,0.041820648,0.052296928,0.055863092,0.085071436,0,0.064,-1.394,279.358
00:51.9,0,100,0,0,0,0,0,0,0,0,0.002335213,-0.008077227,0.001384,-0.19813265,0.013946372,-9.803267,0.05651439,0.06082775,0.06198266,0.08848999,0,0.06,-1.38,279.36
00:51.9,0,100,0,0,0,0,0,0,0,0,0.007159089,-0.01275773,0.00163077,-0.1916336,0.004791795,-9.797988,0.057644678,0.051624866,0.053434,0.079768958,0,0.056,-1.366,279.362
00:52.0,0,100,0,0,0,0,0,0,0,0,0.006971043,-0.011016235,0.001477389,-0.19138735,0.003328786,-9.8030195,0.058774966,0.042421982,0.04488534,0.071047926,0,0.052,-1.352,279.364
00:52.0,0,100,0,0,0,0,0,0,0,0,0.006782996,-0.009274739,0.001324008,-0.1911411,0.001865777,-9.808051,0.059905254,0.033219098,0.03633668,0.062326894,0,0.048,-1.338,279.366
00:52.0,0,100,0,0,0,0,0,0,0,0,0.007338498,-0.009189527,0.001222867,-0.1919159,0.002465818,-9.8069055,0.061035542,0.024016214,0.02778802,0.053605862,0,0.044,-1.324,279.368
00:52.0,0,100,0,0,0,0,0,0,0,0,0.007894,-0.009104314,0.001121726,-0.1926907,0.003065859,-9.80576,0.06216583,0.01481333,0.01923936,0.04488483,0,0.04,-1.31,279.37
00:52.0,0,100,0,0,0,0,0,0,0,0,0.007138995,-0.010986727,0.001347153,-0.19049955,0.002419452,-9.80391,0.031648058,0.01434101,0.018527546,0.042224662,0,0.038,-1.298,279.37
00:52.1,0,100,0,0,0,0,0,0,0,0,0.00638399,-0.01286914,0.001572579,-0.1883084,0.001773044,-9.80206,0.001130286,0.01386869,0.017815732,0.039564494,0,0.036,-1.286,279.37
00:52.1,0,100,0,0,0,0,0,0,0,0,0.006455598,-0.01227796,0.001663144,-0.1898997,0.00208511,-9.8048985,-0.029387486,0.01339637,0.017103918,0.036904326,0,0.034,-1.274,279.37
00:52.1,0,100,0,0,0,0,0,0,0,0,0.006527205,-0.01168678,0.001753708,-0.191491,0.002397176,-9.807737,-0.059905258,0.01292405,0.016392104,0.034244158,0,0.032,-1.262,279.37
00:52.1,0,100,0,0,0,0,0,0,0,0,0.006616177,-0.011526945,0.001381561,-0.1894839,0.001546053,-9.8072675,-0.09042303,0.01245173,0.01568029,0.03158399,0,0.03,-1.25,279.37
00:52.1,0,100,0,0,0,0,0,0,0,0,0.006705149,-0.01136711,0.001009414,-0.1874768,0.00069493,-9.806798,-0.100595624,0.011897762,0.014966022,0.029872434,0,0.028,-1.24,279.372
00:52.2,0,100,0,0,0,0,0,0,0,0,0.007045449,-0.01081568,0.000972003,-0.18787905,0.001764919,-9.807224,-0.110768218,0.011343795,0.014251754,0.028160878,0,0.026,-1.23,279.374
00:52.2,0,100,0,0,0,0,0,0,0,0,0.007385748,-0.01026425,0.000934593,-0.1882813,0.002834909,-9.80765,-0.120940812,0.010789827,0.013537486,0.026449322,0,0.024,-1.22,279.376
00:52.2,0,100,0,0,0,0,0,0,0,0,0.004613448,-0.005296641,0.002205053,-0.19269895,0.015586055,-9.802377,-0.131113406,0.01023586,0.012823218,0.024737766,0,0.022,-1.21,279.378
00:52.2,0,100,0,0,0,0,0,0,0,0,0.001841148,-0.000329031,0.003475513,-0.1971166,0.0283372,-9.797104,-0.141286,0.009681892,0.01210895,0.02302621,0,0.02,-1.2,279.38
00:52.2,0,100,0,0,0,0,0,0,0,0,0.003799409,-0.005771695,0.002498328,-0.1931862,0.01560088,-9.801184,-0.120940814,0.00978385,0.011611708,0.022462302,0,0.016,-1.192,279.382
00:52.3,0,100,0,0,0,0,0,0,0,0,0.00575767,-0.01121436,0.001521143,-0.1892558,0.002864559,-9.805264,-0.100595628,0.009885807,0.011114465,0.021898394,0,0.012,-1.184,279.384
00:52.3,0,100,0,0,0,0,0,0,0,0,0.00577694,-0.01137262,0.001379742,-0.1918045,0.001889702,-9.808838,-0.080250442,0.009987765,0.010617223,0.021334486,0,0.008,-1.176,279.386
00:52.3,0,100,0,0,0,0,0,0,0,0,0.005796209,-0.01153088,0.00123834,-0.1943532,0.000914845,-9.812412,-0.059905256,0.010089722,0.01011998,0.020770578,0,0.004,-1.168,279.388
00:52.3,0,100,0,0,0,0,0,0,0,0,0.006059794,-0.011502825,0.000773754,-0.19550285,0.000824751,-9.8090585,-0.03956007,0.01019168,0.009622738,0.02020667,0,0,-1.16,279.39
00:52.3,0,100,0,0,0,0,0,0,0,0,0.006323379,-0.01147477,0.000309168,-0.1966525,0.000734657,-9.805705,-0.042950934,0.00986234,0.009565987,0.019366406,0,0,-1.152,279.39
00:52.4,0,100,0,0,0,0,0,0,0,0,0.00654094,-0.011051375,0.000888524,-0.1950584,-0.001524225,-9.8077,-0.046341798,0.009532999,0.009509235,0.018526142,0,0,-1.144,279.39
00:52.4,0,100,0,0,0,0,0,0,0,0,0.006758501,-0.01062798,0.00146788,-0.1934643,-0.003783107,-9.809695,-0.049732662,0.009203659,0.009452484,0.017685878,0,0,-1.136,279.39
00:52.4,0,100,0,0,0,0,0,0,0,0,0.006764064,-0.011056995,0.001684263,-0.1924739,-0.001398619,-9.80944,-0.053123526,0.008874318,0.009395732,0.016845614,0,0,-1.128,279.39
00:52.4,0,100,0,0,0,0,0,0,0,0,0.006769627,-0.01148601,0.001900646,-0.1914835,0.000985869,-9.809185,-0.05651439,0.008544978,0.009338981,0.01600535,0,0,-1.12,279.39
00:52.4,0,100,0,0,0,0,0,0,0,0,0.006570814,-0.010574248,0.001982461,-0.19096055,0.000617905,-9.8060755,-0.007346872,0.018440396,0.020488313,0.026431554,0,0,-1.112,279.392
00:52.5,0,100,0,0,0,0,0,0,0,0,0.006372001,-0.009662485,0.002064276,-0.1904376,0.000249941,-9.802966,0.041820646,0.028335815,0.031637645,0.036857758,0,0,-1.104,279.394
00:52.5,0,100,0,0,0,0,0,0,0,0,0.006223728,-0.010944473,0.001577071,-0.19059915,0.001946494,-9.8045355,0.090988164,0.038231233,0.042786976,0.047283962,0,0,-1.096,279.396
00:52.5,0,100,0,0,0,0,0,0,0,0,0.006075455,-0.01222646,0.001089865,-0.1907607,0.003643047,-9.806105,0.140155682,0.048126652,0.053936308,0.057710166,0,0,-1.088,279.398
00:52.5,0,100,0,0,0,0,0,0,0,0,0.004036938,-0.008171454,0.000329465,-0.1948682,0.010103449,-9.806195,0.1893232,0.05802207,0.06508564,0.06813637,0,0,-1.08,279.4
00:52.5,0,100,0,0,0,0,0,0,0,0,0.00199842,-0.004116448,-0.000430935,-0.1989757,0.01656385,-9.806285,0.10511676,0.048245687,0.053876815,0.056827938,0,-0.002,-1.074,279.4
00:52.6,0,100,0,0,0,0,0,0,0,0,0.003952194,-0.007223994,9.72E-05,-0.1941526,0.007639461,-9.807135,0.02091032,0.038469303,0.04266799,0.045519506,0,-0.004,-1.068,279.4
00:52.6,0,100,0,0,0,0,0,0,0,0,0.005905968,-0.01033154,0.000625261,-0.1893295,-0.001284928,-9.807985,-0.06329612,0.02869292,0.031459165,0.034211074,0,-0.006,-1.062,279.4
00:52.6,0,100,0,0,0,0,0,0,0,0,0.006142989,-0.01083657,0.000851079,-0.19014985,0.000225795,-9.808047,-0.14750256,0.018916536,0.02025034,0.022902642,0,-0.008,-1.056,279.4
00:52.6,0,100,0,0,0,0,0,0,0,0,0.006380009,-0.0113416,0.001076896,-0.1909702,0.001736518,-9.808109,-0.231709,0.009140153,0.009041515,0.01159421,0,-0.01,-1.05,279.4
00:52.6,0,100,0,0,0,0,0,0,0,0,0.006121823,-0.011645125,0.001137378,-0.19013215,0.000878493,-9.807898,-0.22605756,0.009040875,0.009028429,0.011311084,0,-0.012,-1.046,279.402
00:52.7,0,100,0,0,0,0,0,0,0,0,0.005863636,-0.01194865,0.001197861,-0.1892941,2.05E-05,-9.807687,-0.22040612,0.008941597,0.009015344,0.011027958,0,-0.014,-1.042,279.404
00:52.7,0,100,0,0,0,0,0,0,0,0,0.006088345,-0.01137137,0.001349883,-0.1896317,0.002076734,-9.806417,-0.21475468,0.00884232,0.009002258,0.010744832,0,-0.016,-1.038,279.406
00:52.7,0,100,0,0,0,0,0,0,0,0,0.006313054,-0.01079409,0.001501905,-0.1899693,0.004133001,-9.805147,-0.20910324,0.008743042,0.008989173,0.010461706,0,-0.018,-1.034,279.408
00:52.7,0,100,0,0,0,0,0,0,0,0,0.006342237,-0.01090487,0.001544747,-0.18979055,0.00328027,-9.806175,-0.2034518,0.008643764,0.008976087,0.01017858,0,-0.02,-1.03,279.41
00:52.7,0,100,0,0,0,0,0,0,0,0,0.00637142,-0.01101565,0.001587588,-0.1896118,0.002427539,-9.807203,-0.21023352,0.008628201,0.008982054,0.010325812,0,-0.02,-1.026,279.412
00:52.8,0,100,0,0,0,0,0,0,0,0,0.005850221,-0.01145821,0.001900265,-0.1925232,0.001653419,-9.8095215,-0.21701524,0.008612638,0.00898802,0.010473044,0,-0.02,-1.022,279.414
00:52.8,0,100,0,0,0,0,0,0,0,0,0.005329022,-0.01190077,0.002212941,-0.1954346,0.000879299,-9.81184,-0.22379696,0.008597074,0.008993987,0.010620276,0,-0.02,-1.018,279.416
00:52.8,0,100,0,0,0,0,0,0,0,0,0.006138526,-0.01176087,0.001661906,-0.19421165,0.001458848,-9.809808,-0.23057868,0.008581511,0.008999953,0.010767508,0,-0.02,-1.014,279.418
00:52.8,0,100,0,0,0,0,0,0,0,0,0.00694803,-0.01162097,0.001110871,-0.1929887,0.002038397,-9.807776,-0.2373604,0.008565948,0.00900592,0.01091474,0,-0.02,-1.01,279.42
00:52.8,0,100,0,0,0,0,0,0,0,0,0.002867812,-0.007459866,-0.000798301,-0.1986227,0.014413343,-9.8064565,-0.26448732,0.008736603,0.008850593,0.01079831,0,-0.02,-1.008,279.42
00:52.9,0,100,0,0,0,0,0,0,0,0,-0.001212405,-0.003298762,-0.002707472,-0.2042567,0.02678829,-9.805137,-0.29161424,0.008907257,0.008695266,0.01068188,0,-0.02,-1.006,279.42
00:52.9,0,100,0,0,0,0,0,0,0,0,0.002067989,-0.006819841,-0.000502394,-0.19764415,0.015588768,-9.80528,-0.31874116,0.009077912,0.008539938,0.01056545,0,-0.02,-1.004,279.42
00:52.9,0,100,0,0,0,0,0,0,0,0,0.005348383,-0.01034092,0.001702683,-0.1910316,0.004389246,-9.805423,-0.34586808,0.009248566,0.008384611,0.01044902,0,-0.02,-1.002,279.42
00:52.9,0,100,0,0,0,0,0,0,0,0,0.006589522,-0.010640685,0.001379289,-0.1905283,0.003505568,-9.8065685,-0.372995,0.009419221,0.008229284,0.01033259,0,-0.02,-1,279.42
00:52.9,0,100,0,0,0,0,0,0,0,0,0.00783066,-0.01094045,0.001055896,-0.190025,0.00262189,-9.807714,-0.34812866,0.009339834,0.008274552,0.010138069,0,-0.02,-1,279.422
00:53.0,0,100,0,0,0,0,0,0,0,0,0.006655519,-0.01096987,0.001232032,-0.1901071,0.001299312,-9.8067935,-0.32326232,0.009260447,0.00831982,0.009943548,0,-0.02,-1,279.424
00:53.0,0,100,0,0,0,0,0,0,0,0,0.005480378,-0.01099929,0.001408167,-0.1901892,-2.33E-05,-9.805873,-0.29839598,0.009181061,0.008365088,0.009749028,0,-0.02,-1,279.426
00:53.0,0,100,0,0,0,0,0,0,0,0,0.005640338,-0.0107354,0.001131518,-0.190645,0.000973213,-9.8043265,-0.27352964,0.009101674,0.008410356,0.009554507,0,-0.02,-1,279.428
00:53.0,0,100,0,0,0,0,0,0,0,0,0.005800297,-0.01047151,0.00085487,-0.1911008,0.001969693,-9.80278,-0.2486633,0.009022287,0.008455624,0.009359986,0,-0.02,-1,279.43
00:53.0,0,100,0,0,0,0,0,0,0,0,0.006483646,-0.01070685,0.00093733,-0.1904564,0.003155828,-9.8020175,-0.239621,0.018254534,0.019427083,0.022235055,0,-0.02,-1,279.43
00:53.1,0,100,0,0,0,0,0,0,0,0,0.007166995,-0.01094219,0.001019791,-0.189812,0.004341962,-9.801255,-0.2305787,0.02748678,0.030398542,0.035110124,0,-0.02,-1,279.43
00:53.1,0,100,0,0,0,0,0,0,0,0,0.006542279,-0.010331896,0.000777066,-0.1913057,0.003494579,-9.8029485,-0.2215364,0.036719027,0.041370002,0.047985192,0,-0.02,-1,279.43
00:53.1,0,100,0,0,0,0,0,0,0,0,0.005917563,-0.009721601,0.000534342,-0.1927994,0.002647196,-9.804642,-0.2124941,0.045951273,0.052341461,0.060860261,0,-0.02,-1,279.43
00:53.1,0,100,0,0,0,0,0,0,0,0,0.006143545,-0.010821431,0.000871097,-0.19199135,0.001965798,-9.803936,-0.2034518,0.05518352,0.06331292,0.07373533,0,-0.02,-1,279.43
00:53.1,0,100,0,0,0,0,0,0,0,0,0.006369527,-0.01192126,0.001207852,-0.1911833,0.0012844,-9.80323,-0.2124941,0.055597554,0.063756804,0.073322448,0,-0.02,-1.002,279.432
00:53.2,0,100,0,0,0,0,0,0,0,0,0.006587137,-0.01103504,0.001619131,-0.1912855,0.001154662,-9.80356,-0.2215364,0.056011588,0.064200688,0.072909566,0,-0.02,-1.004,279.434
00:53.2,0,100,0,0,0,0,0,0,0,0,0.006804747,-0.01014882,0.00203041,-0.1913877,0.001024923,-9.80389,-0.2305787,0.056425622,0.064644572,0.072496684,0,-0.02,-1.006,279.436
00:53.2,0,100,0,0,0,0,0,0,0,0,0.004355662,-0.00511237,-5.43E-05,-0.2004367,0.016889582,-9.8002135,-0.239621,0.056839656,0.065088456,0.072083802,0,-0.02,-1.008,279.438
00:53.2,0,100,0,0,0,0,0,0,0,0,0.001906577,-7.59E-05,-0.002139103,-0.2094857,0.03275424,-9.796537,-0.2486633,0.05725369,0.06553234,0.07167092,0,-0.02,-1.01,279.44
00:53.2,0,100,0,0,0,0,0,0,0,0,0.004484083,-0.00529936,-0.000357016,-0.19622645,0.017030656,-9.799307,-0.26109648,0.047448196,0.054192084,0.059183557,0,-0.02,-1.012,279.442
00:53.3,0,100,0,0,0,0,0,0,0,0,0.00706159,-0.0105228,0.00142507,-0.1829672,0.001307073,-9.802077,-0.27352966,0.037642703,0.042851828,0.046696194,0,-0.02,-1.014,279.444
00:53.3,0,100,0,0,0,0,0,0,0,0,0.006330282,-0.01062181,0.00149147,-0.1858281,0.001599997,-9.8017145,-0.28596284,0.027837209,0.031511571,0.034208831,0,-0.02,-1.016,279.446
00:53.3,0,100,0,0,0,0,0,0,0,0,0.005598973,-0.01072082,0.001557869,-0.188689,0.00189292,-9.801352,-0.29839602,0.018031716,0.020171315,0.021721468,0,-0.02,-1.018,279.448
00:53.3,0,100,0,0,0,0,0,0,0,0,0.005784858,-0.010977475,0.001671113,-0.1927794,0.002678713,-9.8013235,-0.3108292,0.008226222,0.008831059,0.009234105,0,-0.02,-1.02,279.45
00:53.3,0,100,0,0,0,0,0,0,0,0,0.005970742,-0.01123413,0.001784358,-0.1968698,0.003464506,-9.801295,-0.2723994,0.008311026,0.008976215,0.009341584,0,-0.02,-1.02,279.45
00:53.4,0,100,0,0,0,0,0,0,0,0,0.006413019,-0.011092565,0.001142094,-0.1932145,0.002332424,-9.8026745,-0.2339696,0.00839583,0.00912137,0.009449063,0,-0.02,-1.02,279.45
00:53.4,0,100,0,0,0,0,0,0,0,0,0.006855295,-0.010951,0.000499829,-0.1895592,0.001200342,-9.804054,-0.1955398,0.008480634,0.009266526,0.009556541,0,-0.02,-1.02,279.45
00:53.4,0,100,0,0,0,0,0,0,0,0,0.006338959,-0.0110839,0.001208443,-0.18957975,0.003351437,-9.804937,-0.15711,0.008565438,0.009411681,0.00966402,0,-0.02,-1.02,279.45
00:53.4,0,100,0,0,0,0,0,0,0,0,0.005822623,-0.0112168,0.001917057,-0.1896003,0.005502532,-9.80582,-0.1186802,0.008650242,0.009556837,0.009771499,0,-0.02,-1.02,279.45
00:53.4,0,100,0,0,0,0,0,0,0,0,0.005926386,-0.011026935,0.001865044,-0.18970345,0.003942643,-9.803963,-0.13224366,0.008696429,0.009685208,0.009707055,0,-0.02,-1.022,279.452
00:53.5,0,100,0,0,0,0,0,0,0,0,0.006030149,-0.01083707,0.00181303,-0.1898066,0.002382753,-9.802106,-0.14580712,0.008742616,0.009813578,0.009642611,0,-0.02,-1.024,279.454
00:53.5,0,100,0,0,0,0,0,0,0,0,0.006126868,-0.010339258,0.00143154,-0.18989405,0.002071919,-9.8037355,-0.15937058,0.008788802,0.009941949,0.009578166,0,-0.02,-1.026,279.456
00:53.5,0,100,0,0,0,0,0,0,0,0,0.006223586,-0.009841446,0.00105005,-0.1899815,0.001761085,-9.805365,-0.17293404,0.008834989,0.010070319,0.009513722,0,-0.02,-1.028,279.458
00:53.5,0,100,0,0,0,0,0,0,0,0,0.001901501,-0.005626407,-0.000113691,-0.19018045,0.011993167,-9.7974625,-0.1864975,0.008881176,0.01019869,0.009449278,0,-0.02,-1.03,279.46
00:53.5,0,100,0,0,0,0,0,0,0,0,-0.002420584,-0.001411367,-0.001277432,-0.1903794,0.02222525,-9.78956,-0.18988836,0.008769366,0.00989978,0.009756602,0,-0.02,-1.03,279.46
00:53.6,0,100,0,0,0,0,0,0,0,0,0.002381379,-0.006543844,0.00040346,-0.192361,0.011972521,-9.797211,-0.19327922,0.008657557,0.00960087,0.010063927,0,-0.02,-1.03,279.46
00:53.6,0,100,0,0,0,0,0,0,0,0,0.007183342,-0.01167632,0.002084351,-0.1943426,0.001719791,-9.804862,-0.19667008,0.008545747,0.009301959,0.010371251,0,-0.02,-1.03,279.46
00:53.6,0,100,0,0,0,0,0,0,0,0,0.006364972,-0.011411255,0.001891726,-0.1938348,0.003525093,-9.8072215,-0.20006094,0.008433938,0.009003049,0.010678576,0,-0.02,-1.03,279.46
00:53.6,0,100,0,0,0,0,0,0,0,0,0.005546601,-0.01114619,0.0016991,-0.193327,0.005330394,-9.809581,-0.2034518,0.008322128,0.008704139,0.0109859,0,-0.02,-1.03,279.46
00:53.6,0,100,0,0,0,0,0,0,0,0,0.00614219,-0.010115322,0.002092086,-0.1913792,0.005364137,-9.8053725,-0.18762778,0.008272825,0.008719166,0.011093842,0,-0.018,-1.032,279.462
00:53.7,0,100,0,0,0,0,0,0,0,0,0.006737778,-0.009084453,0.002485072,-0.1894314,0.00539788,-9.801164,-0.17180376,0.008223522,0.008734194,0.011201784,0,-0.016,-1.034,279.464
00:53.7,0,100,0,0,0,0,0,0,0,0,0.00375949,-0.006382078,0.003644021,-0.1898224,0.013832715,-9.7978275,-0.15597974,0.00817422,0.008749221,0.011309726,0,-0.014,-1.036,279.466
00:53.7,0,100,0,0,0,0,0,0,0,0,0.000781202,-0.003679703,0.00480297,-0.1902134,0.02226755,-9.794491,-0.14015572,0.008124917,0.008764249,0.011417668,0,-0.012,-1.038,279.468
00:53.7,0,100,0,0,0,0,0,0,0,0,0.003253295,-0.007525152,0.002597525,-0.19029895,0.011077172,-9.7999675,-0.1243317,0.008075614,0.008779276,0.01152561,0,-0.01,-1.04,279.47
00:53.7,0,100,0,0,0,0,0,0,0,0,0.005725387,-0.0113706,0.00039208,-0.1903845,-0.000113206,-9.805444,-0.15937062,0.017785541,0.019573059,0.02300766,0,-0.01,-1.04,279.47
00:53.8,0,100,0,0,0,0,0,0,0,0,0.006432358,-0.0113062,0.000872621,-0.18971975,0.000877837,-9.8028,-0.19440954,0.027495468,0.030366842,0.03448971,0,-0.01,-1.04,279.47
00:53.8,0,100,0,0,0,0,0,0,0,0,0.007139329,-0.0112418,0.001353162,-0.189055,0.001868879,-9.800156,-0.22944846,0.037205396,0.041160624,0.04597176,0,-0.01,-1.04,279.47
00:53.8,0,100,0,0,0,0,0,0,0,0,0.006729528,-0.0108837,0.001327913,-0.18843125,0.001320723,-9.80159,-0.26448738,0.046915323,0.051954407,0.05745381,0,-0.01,-1.04,279.47
00:53.8,0,100,0,0,0,0,0,0,0,0,0.006319727,-0.0105256,0.001302664,-0.1878075,0.000772566,-9.803024,-0.2995263,0.05662525,0.06274819,0.06893586,0,-0.01,-1.04,279.47
00:53.8,0,100,0,0,0,0,0,0,0,0,0.001813066,-0.005012423,0.003019171,-0.1943297,0.008148203,-9.8037535,-0.28709312,0.046916127,0.05179824,0.056968433,0,-0.01,-1.04,279.472
00:53.9,0,100,0,0,0,0,0,0,0,0,-0.002693595,0.000500754,0.004735678,-0.2008519,0.01552384,-9.804483,-0.27465994,0.037207004,0.04084829,0.045001006,0,-0.01,-1.04,279.474
00:53.9,0,100,0,0,0,0,0,0,0,0,0.001184104,-0.004661126,0.002463363,-0.204005,0.01790423,-9.8022705,-0.26222676,0.027497881,0.029898339,0.033033578,0,-0.01,-1.04,279.476
00:53.9,0,100,0,0,0,0,0,0,0,0,0.005061804,-0.009823006,0.000191049,-0.2071581,0.02028462,-9.800058,-0.24979358,0.017788758,0.018948389,0.021066151,0,-0.01,-1.04,279.478
00:53.9,0,100,0,0,0,0,0,0,0,0,0.005646172,-0.010811413,0.000678492,-0.1990514,0.011115888,-9.801073,-0.2373604,0.008079635,0.007998439,0.009098724,0,-0.01,-1.04,279.48
00:53.9,0,100,0,0,0,0,0,0,0,0,0.00623054,-0.01179982,0.001165935,-0.1909447,0.001947156,-9.802088,-0.201191198,0.008137926,0.007940892,0.009414233,0,-0.01,-1.042,279.482
00:54.0,0,100,0,0,0,0,0,0,0,0,0.006358599,-0.01218411,0.001765841,-0.19088645,0.002968831,-9.803858,-0.165021996,0.008196217,0.007883345,0.009729742,0,-0.01,-1.044,279.484
00:54.0,0,100,0,0,0,0,0,0,0,0,0.006486658,-0.0125684,0.002365746,-0.1908282,0.003990505,-9.805628,-0.128852794,0.008254509,0.007825798,0.010045252,0,-0.01,-1.046,279.486
00:54.0,0,100,0,0,0,0,0,0,0,0,0.006693121,-0.01214888,0.001472198,-0.18919785,0.004742577,-9.803729,-0.092683592,0.0083128,0.007768251,0.010360761,0,-0.01,-1.048,279.488
00:54.0,0,100,0,0,0,0,0,0,0,0,0.006899583,-0.01172936,0.00057865,-0.1875675,0.005494648,-9.80183,-0.05651439,0.008371091,0.007710704,0.01067627,0,-0.01,-1.05,279.49
00:54.0,0,100,0,0,0,0,0,0,0,0,0.006506431,-0.01126329,0.000778937,-0.1904211,0.004556259,-9.80331,-0.105116772,0.008358789,0.007849196,0.010565428,0,-0.01,-1.05,279.49
00:54.1,0,100,0,0,0,0,0,0,0,0,0.006113278,-0.01079722,0.000979225,-0.1932747,0.003617869,-9.80479,-0.153719154,0.008346488,0.007987688,0.010454586,0,-0.01,-1.05,279.49
00:54.1,0,100,0,0,0,0,0,0,0,0,0.006206491,-0.010577585,0.001086691,-0.1910471,0.002942773,-9.8048955,-0.202321536,0.008334186,0.00812618,0.010343744,0,-0.01,-1.05,279.49
00:54.1,0,100,0,0,0,0,0,0,0,0,0.006299704,-0.01035795,0.001194158,-0.1888195,0.002267676,-9.805001,-0.250923918,0.008321885,0.008264672,0.010232902,0,-0.01,-1.05,279.49
00:54.1,0,100,0,0,0,0,0,0,0,0,0.006539384,-0.010609455,0.001250603,-0.1884691,0.001976727,-9.8038885,-0.2995263,0.008309583,0.008403164,0.01012206,0,-0.01,-1.05,279.49
00:54.1,0,100,0,0,0,0,0,0,0,0,0.006779064,-0.01086096,0.001307047,-0.1881187,0.001685778,-9.802776,-0.27918112,0.008368805,0.008381386,0.01008519,0,-0.01,-1.05,279.492
00:54.2,0,100,0,0,0,0,0,0,0,0,0.006553992,-0.011337275,0.001352446,-0.1878378,0.001597587,-9.8039915,-0.25883594,0.008428027,0.008359608,0.010048321,0,-0.01,-1.05,279.494
00:54.2,0,100,0,0,0,0,0,0,0,0,0.006328919,-0.01181359,0.001397845,-0.1875569,0.001509397,-9.805207,-0.23849076,0.00848725,0.00833783,0.010011451,0,-0.01,-1.05,279.496
00:54.2,0,100,0,0,0,0,0,0,0,0,0.001412691,-0.006151212,-0.000298974,-0.19523225,0.016710469,-9.7986285,-0.21814558,0.008546472,0.008316052,0.009974582,0,-0.01,-1.05,279.498
00:54.2,0,100,0,0,0,0,0,0,0,0,-0.003503538,-0.000488833,-0.001995792,-0.2029076,0.03191154,-9.79205,-0.1978004,0.008605694,0.008294274,0.009937712,0,-0.01,-1.05,279.5
00:54.2,0,100,0,0,0,0,0,0,0,0,0.001057028,-0.006309137,-0.000309957,-0.19692015,0.015098429,-9.7985585,-0.18649752,0.008657921,0.008453781,0.01012942,0,-0.008,-1.052,279.5
00:54.3,0,100,0,0,0,0,0,0,0,0,0.005617594,-0.01212944,0.001375878,-0.1909327,-0.001714683,-9.805067,-0.17519464,0.008710148,0.008613289,0.010321127,0,-0.006,-1.054,279.5
00:54.3,0,100,0,0,0,0,0,0,0,0,0.00589038,-0.01109329,0.00116561,-0.19074815,0.001464874,-9.805404,-0.16389176,0.008762376,0.008772796,0.010512835,0,-0.004,-1.056,279.5
00:54.3,0,100,0,0,0,0,0,0,0,0,0.006163166,-0.01005714,0.000955342,-0.1905636,0.004644431,-9.805741,-0.15258888,0.008814603,0.008932304,0.010704542,0,-0.002,-1.058,279.5
00:54.3,0,100,0,0,0,0,0,0,0,0,0.006211918,-0.01019852,0.001213024,-0.19130235,0.002812565,-9.804925,-0.141286,0.00886683,0.009091811,0.01089625,0,0,-1.06,279.5
00:54.3,0,100,0,0,0,0,0,0,0,0,0.00626067,-0.0103399,0.001470706,-0.1920411,0.0009807,-9.804109,-0.1401557,0.008763884,0.008899882,0.010855302,0,0,-1.06,279.502
00:54.4,0,100,0,0,0,0,0,0,0,0,0.006199678,-0.010174185,0.001380291,-0.19012785,0.001711338,-9.8027215,-0.1390254,0.008660937,0.008707954,0.010814354,0,0,-1.06,279.504
00:54.4,0,100,0,0,0,0,0,0,0,0,0.006138685,-0.01000847,0.001289876,-0.1882146,0.002441976,-9.801334,-0.1378951,0.008557991,0.008516025,0.010773406,0,0,-1.06,279.506
00:54.4,0,100,0,0,0,0,0,0,0,0,0.006987767,-0.011227975,0.001633361,-0.1890073,0.003254376,-9.7997215,-0.1367648,0.008455044,0.008324097,0.010732458,0,0,-1.06,279.508
00:54.4,0,100,0,0,0,0,0,0,0,0,0.00783685,-0.01244748,0.001976845,-0.1898,0.004066776,-9.798109,-0.1356345,0.008352098,0.008132168,0.01069151,0,0,-1.06,279.51
00:54.4,0,100,0,0,0,0,0,0,0,0,0.006795328,-0.01127263,0.00179814,-0.190157,0.002048445,-9.800587,-0.18536716,0.018586264,0.018942182,0.02241379,0,0,-1.062,279.512
00:54.5,0,100,0,0,0,0,0,0,0,0,0.005753806,-0.01009778,0.001619435,-0.190514,3.01E-05,-9.803065,-0.23509982,0.028820431,0.029752197,0.03413607,0,0,-1.064,279.514
00:54.5,0,100,0,0,0,0,0,0,0,0,0.006744986,-0.0103533,0.001133957,-0.1890577,0.000500695,-9.8044625,-0.28483248,0.039054597,0.040562211,0.04585835,0,0,-1.066,279.516
00:54.5,0,100,0,0,0,0,0,0,0,0,0.007736166,-0.01060882,0.000648479,-0.1876014,0.000971276,-9.80586,-0.33456514,0.049288764,0.051372226,0.05758063,0,0,-1.068,279.518
00:54.5,0,100,0,0,0,0,0,0,0,0,0.006864835,-0.01070506,0.001220529,-0.1868325,0.000381808,-9.8060095,-0.3842978,0.05952293,0.06218224,0.06930291,0,0,-1.07,279.52
00:54.5,0,100,0,0,0,0,0,0,0,0,0.005993503,-0.0108013,0.001792578,-0.1860636,-0.000207661,-9.806159,-0.36508292,0.05878139,0.062689462,0.070004354,0,0,-1.07,279.52
00:54.6,0,100,0,0,0,0,0,0,0,0,0.003184116,-0.005654804,0.001677675,-0.18965315,0.01574618,-9.7979675,-0.34586804,0.05803985,0.063196684,0.070705798,0,0,-1.07,279.52
00:54.6,0,100,0,0,0,0,0,0,0,0,0.00037473,-0.000508307,0.001562772,-0.1932427,0.03170002,-9.789776,-0.32665316,0.05729831,0.063703906,0.071407242,0,0,-1.07,279.52
00:54.6,0,100,0,0,0,0,0,0,0,0,0.000458104,0.00012014,0.000879037,-0.1936187,0.02765612,-9.787809,-0.30743828,0.05655677,0.064211128,0.072108686,0,0,-1.07,279.52
00:54.6,0,100,0,0,0,0,0,0,0,0,0.000541478,0.000748588,0.000195302,-0.1939947,0.02361222,-9.785842,-0.2882234,0.05581523,0.06471835,0.07281013,0,0,-1.07,279.52
00:54.6,0,100,0,0,0,0,0,0,0,0,0.003535448,-0.005119776,0.000838803,-0.19204605,0.01132445,-9.7964125,-0.2870931,0.046987412,0.059730686,0.063506372,0,0,-1.07,279.522
00:54.7,0,100,0,0,0,0,0,0,0,0,0.006529419,-0.01098814,0.001482303,-0.1900974,-0.000963321,-9.806983,-0.2859628,0.038159594,0.054743022,0.054202614,0,0,-1.07,279.524
00:54.7,0,100,0,0,0,0,0,0,0,0,0.006362854,-0.011542885,0.001192169,-0.1900869,-0.000507456,-9.805818,-0.2848325,0.029331776,0.049755358,0.044898856,0,0,-1.07,279.526
00:54.7,0,100,0,0,0,0,0,0,0,0,0.006196288,-0.01209763,0.000902034,-0.1900764,-5.16E-05,-9.804653,-0.2837022,0.020503958,0.044767694,0.035595098,0,0,-1.07,279.528
00:54.7,0,100,0,0,0,0,0,0,0,0,0.007785453,-0.012364765,-0.004004695,-0.18817595,-0.00393644,-9.8040865,-0.2825719,0.01167614,0.03978003,0.02629134,0,0,-1.07,279.53
00:54.7,0,100,0,0,0,0,0,0,0,0,0.009374617,-0.0126319,-0.008911424,-0.1862755,-0.007821289,-9.80352,-0.25883586,0.042781412,0.075506204,0.077875452,0,0,-1.072,279.532
00:54.8,0,100,0,0,0,0,0,0,0,0,0.005196708,-0.010161017,-0.003401903,-0.18489075,-0.007978977,-9.803871,-0.23509982,0.073886684,0.111232378,0.129459564,0,0,-1.074,279.534
00:54.8,0,100,0,0,0,0,0,0,0,0,0.001018799,-0.007690134,0.002107618,-0.183506,-0.008136664,-9.804222,-0.21136378,0.104991956,0.146958552,0.181043676,0,0,-1.076,279.536
00:54.8,0,100,0,0,0,0,0,0,0,0,0.005103991,-0.012406847,0.001889322,-0.181075,-0.003757725,-9.8006675,-0.18762774,0.136097228,0.182684726,0.232627788,0,0,-1.078,279.538
00:54.8,0,100,0,0,0,0,0,0,0,0,0.009189182,-0.01712356,0.001671027,-0.178644,0.000621214,-9.797113,-0.1638917,0.1672025,0.2184109,0.2842119,0,0,-1.08,279.54
00:54.8,0,100,0,0,0,0,0,0,0,0,-0.017812689,-0.006339507,-0.0023586,-0.19360625,-0.010137328,-9.8115305,-0.17745516,0.18386392,0.26593896,0.3184712,0,-0.002,-1.078,279.54
00:54.9,0,100,0,0,0,0,0,0,0,0,-0.04481456,0.004444545,-0.006388226,-0.2085685,-0.02089587,-9.825948,-0.19101862,0.20052534,0.31346702,0.3527305,0,-0.004,-1.076,279.54
00:54.9,0,100,0,0,0,0,0,0,0,0,-0.030153895,0.007412637,0.000614852,-0.19768595,-0.01659849,-9.825025,-0.20458208,0.21718676,0.36099508,0.3869898,0,-0.006,-1.074,279.54
00:54.9,0,100,0,0,0,0,0,0,0,0,-0.01549323,0.01038073,0.00761793,-0.1868034,-0.01230111,-9.824102,-0.21814554,0.23384818,0.40852314,0.4212491,0,-0.008,-1.072,279.54
00:54.9,0,100,0,0,0,0,0,0,0,0,-0.00562436,-6.87E-05,0.008089261,-0.17268105,0.021767125,-9.7993825,-0.231709,0.2505096,0.4560512,0.4555084,0,-0.01,-1.07,279.54
00:54.9,0,100,0,0,0,0,0,0,0,0,0.004244511,-0.01051811,0.008560591,-0.1585587,0.05583536,-9.774663,-0.25544504,0.2545663,0.4337022,0.46772548,0,-0.012,-1.068,279.54
00:55.0,0,100,0,0,0,0,0,0,0,0,0.004835827,-0.006982229,0.001458163,-0.1843082,0.025174879,-9.7917665,-0.27918108,0.258623,0.4113532,0.47994256,0,-0.014,-1.066,279.54
00:55.0,0,100,0,0,0,0,0,0,0,0,0.005427142,-0.003446348,-0.005644265,-0.2100577,-0.005485603,-9.80887,-0.30291712,0.2626797,0.3890042,0.49215964,0,-0.016,-1.064,279.54
00:55.0,0,100,0,0,0,0,0,0,0,0,0.006860346,-0.012696224,-0.010046168,-0.19813805,0.009828948,-9.800006,-0.32665316,0.2667364,0.3666552,0.50437672,0,-0.018,-1.062,279.54
00:55.0,0,100,0,0,0,0,0,0,0,0,0.008293549,-0.0219461,-0.01444807,-0.1862184,0.0251435,-9.791142,-0.3503892,0.2707931,0.3443062,0.5165938,0,-0.02,-1.06,279.54
00:55.0,0,100,0,0,0,0,0,0,0,0,-0.004589455,-0.005553945,-0.007911044,-0.19571085,0.015830808,-9.786157,-0.33908632,0.3198879,0.39999454,0.59896944,0,-0.02,-1.06,279.54
00:55.1,0,100,0,0,0,0,0,0,0,0,-0.01747246,0.01083821,-0.001374017,-0.2052033,0.006518115,-9.781172,-0.32778344,0.3689827,0.45568288,0.68134508,0,-0.02,-1.06,279.54
00:55.1,0,100,0,0,0,0,0,0,0,0,-0.0189254,0.005975124,-0.005247366,-0.1844074,0.031151283,-9.803431,-0.31648056,0.4180775,0.51137122,0.76372072,0,-0.02,-1.06,279.54
00:55.1,0,100,0,0,0,0,0,0,0,0,-0.02037834,0.001112038,-0.009120714,-0.1636115,0.05578445,-9.82569,-0.30517768,0.4671723,0.56705956,0.84609636,0,-0.02,-1.06,279.54
00:55.1,0,100,0,0,0,0,0,0,0,0,-0.007244677,-0.013880196,-0.008620106,-0.17021025,0.04326201,-9.8033595,-0.2938748,0.5162671,0.6227479,0.928472,0,-0.02,-1.06,279.54
00:55.1,0,100,0,0,0,0,0,0,0,0,0.005888986,-0.02887243,-0.008119497,-0.176809,0.03073957,-9.781029,-0.30630798,0.53471952,0.68314098,1.0248556,0,-0.016,-1.066,279.54
00:55.2,0,100,0,0,0,0,0,0,0,0,0.006070385,-0.002939835,-0.009574649,-0.1834456,0.02866334,-9.7110175,-0.31874116,0.55317194,0.74353406,1.1212392,0,-0.012,-1.072,279.54
00:55.2,0,100,0,0,0,0,0,0,0,0,0.006251784,0.02299276,-0.0110298,-0.1900822,0.02658711,-9.641006,-0.33117434,0.57162436,0.80392714,1.2176228,0,-0.008,-1.078,279.54
00:55.2,0,100,0,0,0,0,0,0,0,0,0.001528933,0.02028893,-0.011195855,-0.2180754,-0.00407085,-9.5794015,-0.34360752,0.59007678,0.86432022,1.3140064,0,-0.004,-1.084,279.54
00:55.2,0,100,0,0,0,0,0,0,0,0,-0.003193919,0.0175851,-0.01136191,-0.2460686,-0.03472881,-9.517797,-0.3560407,0.6085292,0.9247133,1.41039,0,0,-1.09,279.54
00:55.2,0,100,0,0,0,0,0,0,0,0,0.02942791,-0.0044369,-0.006288313,-0.22828815,-0.023248775,-9.6091545,-0.36734356,0.6619757,1.00131824,1.431562,0,0.004,-1.092,279.54
00:55.3,0,100,0,0,0,0,0,0,0,0,0.06204974,-0.0264589,-0.001214715,-0.2105077,-0.01176874,-9.700512,-0.37864642,0.7154222,1.07792318,1.452734,0,0.008,-1.094,279.54
00:55.3,0,100,0,0,0,0,0,0,0,0,0.027570429,-0.010946406,-0.004644778,-0.081615405,0.08917673,-9.7680035,-0.38994928,0.7688687,1.15452812,1.473906,0,0.012,-1.096,279.54
00:55.3,0,100,0,0,0,0,0,0,0,0,-0.006908882,0.004566088,-0.008074841,0.04727689,0.1901222,-9.835495,-0.40125214,0.8223152,1.23113306,1.495078,0,0.016,-1.098,279.54
00:55.3,0,100,0,0,0,0,0,0,0,0,-0.029339401,0.012169969,0.000619415,-0.220343705,-0.03274655,-9.82404,-0.412555,0.8757617,1.307738,1.51625,0,0.02,-1.1,279.54
00:55.3,0,100,0,0,0,0,0,0,0,0,-0.05176992,0.01977385,0.00931367,-0.4879643,-0.2556153,-9.812585,-0.37073436,0.88255992,1.284093,1.5680722,0,0.022,-1.104,279.54
00:55.4,0,100,0,0,0,0,0,0,0,0,0.00950977,-0.042517325,-0.011942915,-0.200378165,-0.002838,-9.671611,-0.32891372,0.88935814,1.260448,1.6198944,0,0.024,-1.108,279.54
00:55.4,0,100,0,0,0,0,0,0,0,0,0.07078946,-0.1048085,-0.0331995,0.08720797,0.2499393,-9.530637,-0.28709308,0.89615636,1.236803,1.6717166,0,0.026,-1.112,279.54
00:55.4,0,100,0,0,0,0,0,0,0,0,0.045561505,-0.053901562,-0.021318419,-0.089836665,0.09456734,-9.6702345,-0.24527244,0.90295458,1.213158,1.7235388,0,0.028,-1.116,279.54
00:55.4,0,100,0,0,0,0,0,0,0,0,0.02033355,-0.002994624,-0.009437337,-0.2668813,-0.06080462,-9.809832,-0.2034518,0.9097528,1.189513,1.775361,0,0.03,-1.12,279.54
00:55.4,0,100,0,0,0,0,0,0,0,0,-0.01218523,0.010940203,-0.014368349,-0.27938425,-0.08340931,-9.858027,-0.181976332,0.88281738,1.1794518,1.7340284,0,0.028,-1.118,279.54
00:55.5,0,100,0,0,0,0,0,0,0,0,-0.04470401,0.02487503,-0.01929936,-0.2918872,-0.106014,-9.906222,-0.160500864,0.85588196,1.1693906,1.6926958,0,0.026,-1.116,279.54
00:55.5,0,100,0,0,0,0,0,0,0,0,0.000896055,-0.028213315,-0.02728529,-0.21429945,-0.039975135,-9.7841535,-0.139025396,0.82894654,1.1593294,1.6513632,0,0.024,-1.114,279.54
00:55.5,0,100,0,0,0,0,0,0,0,0,0.04649612,-0.08130166,-0.03527122,-0.1367117,0.02606373,-9.662085,-0.117549928,0.80201112,1.1492682,1.6100306,0,0.022,-1.112,279.54
00:55.5,0,100,0,0,0,0,0,0,0,0,0.01530173,-0.016773385,-0.02911612,-0.13297115,0.038540515,-9.711889,-0.09607446,0.7750757,1.139207,1.568698,0,0.02,-1.11,279.54
00:55.5,0,100,0,0,0,0,0,0,0,0,-0.01589266,0.04775489,-0.02296102,-0.1292306,0.0510173,-9.761693,-0.141285968,0.76954458,1.1252534,1.5360998,0,0.014,-1.102,279.54
00:55.6,0,100,0,0,0,0,0,0,0,0,-0.015157335,0.021128793,-0.01284482,-0.22893905,-0.042751,-9.77407,-0.186497476,0.76401346,1.1112998,1.5035016,0,0.008,-1.094,279.54
00:55.6,0,100,0,0,0,0,0,0,0,0,-0.01442201,-0.005497305,-0.002728619,-0.3286475,-0.1365193,-9.786447,-0.231708984,0.75848234,1.0973462,1.4709034,0,0.002,-1.086,279.54
00:55.6,0,100,0,0,0,0,0,0,0,0,-0.02848844,0.027481872,-0.01868632,-0.156029985,0.0233567,-9.7344565,-0.276920492,0.75295122,1.0833926,1.4383052,0,-0.004,-1.078,279.54
00:55.6,0,100,0,0,0,0,0,0,0,0,-0.04255487,0.06046105,-0.03464402,0.01658753,0.1832327,-9.682466,-0.322132,0.7474201,1.069439,1.405707,0,-0.01,-1.07,279.54
00:55.6,0,100,0,0,0,0,0,0,0,0,-0.008393095,0.032137999,-0.02476977,-0.125187035,0.058343215,-9.734019,-0.33343488,0.74560458,1.0655716,1.3955094,0,-0.012,-1.072,279.54
00:55.7,0,100,0,0,0,0,0,0,0,0,0.02576868,0.003814948,-0.01489552,-0.2669616,-0.06654627,-9.785572,-0.34473776,0.74378906,1.0617042,1.3853118,0,-0.014,-1.074,279.54
00:55.7,0,100,0,0,0,0,0,0,0,0,0.033092705,-0.009238506,-0.019850025,-0.2605067,-0.06301783,-9.84357,-0.35604064,0.74197354,1.0578368,1.3751142,0,-0.016,-1.076,279.54
00:55.7,0,100,0,0,0,0,0,0,0,0,0.04041673,-0.02229196,-0.02480453,-0.2540518,-0.05948939,-9.901568,-0.36734352,0.74015802,1.0539694,1.3649166,0,-0.018,-1.078,279.54
00:55.7,0,100,0,0,0,0,0,0,0,0,0.00157282,-0.0034174,-0.024692095,-0.155947905,0.030651355,-9.898886,-0.3786464,0.7383425,1.050102,1.354719,0,-0.02,-1.08,279.54
00:55.7,0,100,0,0,0,0,0,0,0,0,-0.03727109,0.01545716,-0.02457966,-0.05784401,0.1207921,-9.896204,-0.35378008,0.73492908,1.02211154,1.3637352,0,-0.016,-1.082,279.54
00:55.8,0,100,0,0,0,0,0,0,0,0,-0.033508635,0.011622599,-0.027722555,-0.206499855,-0.01670595,-9.865234,-0.32891376,0.73151566,0.99412108,1.3727514,0,-0.012,-1.084,279.54
00:55.8,0,100,0,0,0,0,0,0,0,0,-0.02974618,0.007788038,-0.03086545,-0.3551557,-0.154204,-9.834264,-0.30404744,0.72810224,0.96613062,1.3817676,0,-0.008,-1.086,279.54
00:55.8,0,100,0,0,0,0,0,0,0,0,0.03994151,-0.029344236,-0.020289293,-0.221561125,-0.0238348,-9.8345385,-0.27918112,0.72468882,0.93814016,1.3907838,0,-0.004,-1.088,279.54
00:55.8,0,100,0,0,0,0,0,0,0,0,0.1096292,-0.06647651,-0.009713136,-0.08796655,0.1065344,-9.834813,-0.2543148,0.7212754,0.9101497,1.3998,0,0,-1.09,279.54
00:55.8,0,100,0,0,0,0,0,0,0,0,0.073200785,-0.02660179,-0.013016738,-0.133200625,0.0632439,-9.8383475,-0.24527248,0.75412704,0.96421296,1.3939694,0,-0.004,-1.086,279.54
00:55.9,0,100,0,0,0,0,0,0,0,0,0.03677237,0.01327293,-0.01632034,-0.1784347,0.0199534,-9.841882,-0.23623016,0.78697868,1.01827622,1.3881388,0,-0.008,-1.082,279.54
00:55.9,0,100,0,0,0,0,0,0,0,0,0.045417815,-0.016195165,-0.023452575,-0.2229378,-0.021743645,-9.747558,-0.22718784,0.81983032,1.07233948,1.3823082,0,-0.012,-1.078,279.54
00:55.9,0,100,0,0,0,0,0,0,0,0,0.05406326,-0.04566326,-0.03058481,-0.2674409,-0.06344069,-9.653234,-0.21814552,0.85268196,1.12640274,1.3764776,0,-0.016,-1.074,279.54
00:55.9,0,100,0,0,0,0,0,0,0,0,0.07516604,-0.041399295,-0.015285433,-0.12097345,0.055056355,-9.68651,-0.2091032,0.8855336,1.180466,1.370647,0,-0.02,-1.07,279.54
00:55.9,0,100,0,0,0,0,0,0,0,0,0.09626882,-0.03713533,1.39E-05,0.025494,0.1735534,-9.719786,-0.23170896,0.86372024,1.1417384,1.3601606,0,-0.016,-1.074,279.542
00:56.0,0,100,0,0,0,0,0,0,0,0,0.03938358,-0.01042458,-0.005054008,-0.08001245,0.081334765,-9.835302,-0.25431472,0.84190688,1.1030108,1.3496742,0,-0.012,-1.078,279.544
00:56.0,0,100,0,0,0,0,0,0,0,0,-0.01750166,0.01628617,-0.01012196,-0.1855189,-0.01088387,-9.950818,-0.27692048,0.82009352,1.0642832,1.3391878,0,-0.008,-1.082,279.546
00:56.0,0,100,0,0,0,0,0,0,0,0,0.013849745,0.007475555,0.001417035,-0.1805885,0.000779075,-9.804779,-0.29952624,0.79828016,1.0255556,1.3287014,0,-0.004,-1.086,279.548
00:56.0,0,100,0,0,0,0,0,0,0,0,0.04520115,-0.00133506,0.01295603,-0.1756581,0.01244202,-9.65874,-0.322132,0.7764668,0.986828,1.318215,0,0,-1.09,279.55
00:56.0,0,100,0,0,0,0,0,0,0,0,0.023907693,0.006854505,0.00049479,-0.1851088,0.002123922,-9.6758065,-0.31421998,0.72086334,0.91886988,1.268408,0,0,-1.09,279.55
00:56.1,0,100,0,0,0,0,0,0,0,0,0.002614235,0.01504407,-0.01196645,-0.1945595,-0.008194176,-9.692873,-0.30630796,0.66525988,0.85091176,1.218601,0,0,-1.09,279.55
00:56.1,0,100,0,0,0,0,0,0,0,0,-0.011991658,0.02017865,-0.003599949,-0.219291,-0.031051633,-9.754184,-0.29839594,0.60965642,0.78295364,1.168794,0,0,-1.09,279.55
00:56.1,0,100,0,0,0,0,0,0,0,0,-0.02659755,0.02531323,0.004766551,-0.2440225,-0.05390909,-9.815495,-0.29048392,0.55405296,0.71499552,1.118987,0,0,-1.09,279.55
00:56.1,0,100,0,0,0,0,0,0,0,0,-0.03509028,0.024492755,0.005797708,-0.21037345,-0.02159948,-9.828025,-0.2825719,0.4984495,0.6470374,1.06918,0,0,-1.09,279.55
00:56.1,0,100,0,0,0,0,0,0,0,0,-0.04358301,0.02367228,0.006828864,-0.1767244,0.01071013,-9.840555,-0.26787816,0.503004,0.6517582,1.04237604,0,0,-1.09,279.55
00:56.2,0,100,0,0,0,0,0,0,0,0,-0.04769353,0.03529562,0.008892062,-0.1631088,0.026356985,-9.8313085,-0.25318442,0.5075585,0.656479,1.01557208,0,0,-1.09,279.55
00:56.2,0,100,0,0,0,0,0,0,0,0,-0.05180405,0.04691896,0.01095526,-0.1494932,0.04200384,-9.822062,-0.23849068,0.512113,0.6611998,0.98876812,0,0,-1.09,279.55
00:56.2,0,100,0,0,0,0,0,0,0,0,-0.01545238,0.025451584,0.014240185,-0.1606737,0.042292005,-9.7816475,-0.22379694,0.5166675,0.6659206,0.96196416,0,0,-1.09,279.55
00:56.2,0,100,0,0,0,0,0,0,0,0,0.02089929,0.003984208,0.01752511,-0.1718542,0.04258017,-9.741233,-0.2091032,0.521222,0.6706414,0.9351602,0,0,-1.09,279.55
00:56.2,0,100,0,0,0,0,0,0,0,0,0.007573477,0.007667284,0.01435636,-0.1890408,0.018456313,-9.757452,-0.23283926,0.51012858,0.6683605,0.90892158,0,0,-1.09,279.55
00:56.3,0,100,0,0,0,0,0,0,0,0,-0.005752337,0.01135036,0.01118761,-0.2062274,-0.005667544,-9.773671,-0.25657532,0.49903516,0.6660796,0.88268296,0,0,-1.09,279.55
00:56.3,0,100,0,0,0,0,0,0,0,0,-0.002449944,-0.00781611,0.007381452,-0.1924796,0.008615833,-9.788501,-0.28031138,0.48794174,0.6637987,0.85644434,0,0,-1.09,279.55
00:56.3,0,100,0,0,0,0,0,0,0,0,0.000852449,-0.02698258,0.003575293,-0.1787318,0.02289921,-9.803331,-0.30404744,0.47684832,0.6615178,0.83020572,0,0,-1.09,279.55
00:56.3,0,100,0,0,0,0,0,0,0,0,-0.014381246,-0.012903244,0.002069098,-0.1488756,0.03692249,-9.819425,-0.3277835,0.4657549,0.6592369,0.8039671,0,0,-1.09,279.55
00:56.3,0,100,0,0,0,0,0,0,0,0,-0.02961494,0.001176092,0.000562903,-0.1190194,0.05094577,-9.835519,-0.32439264,0.45087526,0.63395996,0.78603164,0,0,-1.092,279.55
00:56.4,0,100,0,0,0,0,0,0,0,0,-0.00676069,0.001458365,0.010076217,-0.14631155,0.03551546,-9.812089,-0.32100178,0.43599562,0.60868302,0.76809618,0,0,-1.094,279.55
00:56.4,0,100,0,0,0,0,0,0,0,0,0.01609356,0.001740638,0.01958953,-0.1736037,0.02008515,-9.788659,-0.31761092,0.42111598,0.58340608,0.75016072,0,0,-1.096,279.55
00:56.4,0,100,0,0,0,0,0,0,0,0,0.02520755,-0.005807526,0.02157192,-0.1653431,0.03149445,-9.765758,-0.31422006,0.40623634,0.55812914,0.73222526,0,0,-1.098,279.55
00:56.4,0,100,0,0,0,0,0,0,0,0,0.03432154,-0.01335569,0.02355431,-0.1570825,0.04290375,-9.742857,-0.3108292,0.3913567,0.5328522,0.7142898,0,0,-1.1,279.55
00:56.4,0,100,0,0,0,0,0,0,0,0,0.00310232,-0.024157545,0.007081589,-0.18078085,0.00981959,-9.8063395,-0.259966238,0.41026502,0.54806174,0.76043584,0,0,-1.1,279.55
00:56.5,0,100,0,0,0,0,0,0,0,0,-0.0281169,-0.0349594,-0.009391131,-0.2044792,-0.02326457,-9.869822,-0.209103276,0.42917334,0.56327128,0.80658188,0,0,-1.1,279.55
00:56.5,0,100,0,0,0,0,0,0,0,0,-0.026137595,-0.006161955,-0.006630225,-0.18373815,-0.00410805,-9.8715455,-0.158240314,0.44808166,0.57848082,0.85272792,0,0,-1.1,279.55
00:56.5,0,100,0,0,0,0,0,0,0,0,-0.02415829,0.02263549,-0.003869319,-0.1629971,0.01504847,-9.873269,-0.107377352,0.46698998,0.59369036,0.89887396,0,0,-1.1,279.55
00:56.5,0,100,0,0,0,0,0,0,0,0,-0.021768455,0.013936239,-0.00359166,-0.17544505,0.007406006,-9.8553135,-0.05651439,0.4858983,0.6088999,0.94502,0,0,-1.1,279.55
00:56.5,0,100,0,0,0,0,0,0,0,0,-0.01937862,0.005236987,-0.003314001,-0.187893,-0.000236458,-9.837358,-0.091553312,0.4798947,0.6138329,0.9624622,0,-0.002,-1.098,279.55
00:56.6,0,100,0,0,0,0,0,0,0,0,-0.024765865,0.013386273,0.003401815,-0.2044826,-0.009612009,-9.827224,-0.126592234,0.4738911,0.6187659,0.9799044,0,-0.004,-1.096,279.55
00:56.6,0,100,0,0,0,0,0,0,0,0,-0.03015311,0.02153556,0.01011763,-0.2210722,-0.01898756,-9.81709,-0.161631156,0.4678875,0.6236989,0.9973466,0,-0.006,-1.094,279.55
00:56.6,0,100,0,0,0,0,0,0,0,0,-0.03087502,0.01883682,0.008042811,-0.18867605,0.007452875,-9.8333605,-0.196670078,0.4618839,0.6286319,1.0147888,0,-0.008,-1.092,279.55
00:56.6,0,100,0,0,0,0,0,0,0,0,-0.03159693,0.01613808,0.005967992,-0.1562799,0.03389331,-9.849631,-0.231709,0.4558803,0.6335649,1.032231,0,-0.01,-1.09,279.55
00:56.6,0,100,0,0,0,0,0,0,0,0,-0.02501257,0.022844695,0.007518109,-0.15628335,0.03851881,-9.7975565,-0.26561764,0.49093098,0.66829634,1.0318514,0,-0.008,-1.094,279.55
00:56.7,0,100,0,0,0,0,0,0,0,0,-0.01842821,0.02955131,0.009068226,-0.1562868,0.04314431,-9.745482,-0.29952628,0.52598166,0.70302778,1.0314718,0,-0.006,-1.098,279.55
00:56.7,0,100,0,0,0,0,0,0,0,0,-0.004127055,-0.001416595,-0.000862317,-0.16765565,0.03499914,-9.7486235,-0.33343492,0.56103234,0.73775922,1.0310922,0,-0.004,-1.102,279.55
00:56.7,0,100,0,0,0,0,0,0,0,0,0.0101741,-0.0323845,-0.01079286,-0.1790245,0.02685397,-9.751765,-0.36734356,0.59608302,0.77249066,1.0307126,0,-0.002,-1.106,279.55
00:56.7,0,100,0,0,0,0,0,0,0,0,0.007664007,-0.016062681,-0.006005164,-0.18663345,0.01929474,-9.8189995,-0.4012522,0.6311337,0.8072221,1.030333,0,0,-1.11,279.55
00:56.7,0,100,0,0,0,0,0,0,0,0,0.005153913,0.000259137,-0.001217467,-0.1942424,0.01173551,-9.886234,-0.38655846,0.61570986,0.77932366,1.0532524,0,0,-1.108,279.55
00:56.8,0,100,0,0,0,0,0,0,0,0,0.022326811,-0.017695696,-0.001392654,-0.1837592,0.016197725,-9.854262,-0.37186472,0.60028602,0.75142522,1.0761718,0,0,-1.106,279.55
00:56.8,0,100,0,0,0,0,0,0,0,0,0.03949971,-0.03565053,-0.00156784,-0.173276,0.02065994,-9.82229,-0.35717098,0.58486218,0.72352678,1.0990912,0,0,-1.104,279.55
00:56.8,0,100,0,0,0,0,0,0,0,0,-0.00339482,0.0043446,-0.00735004,-0.18462765,0.019156925,-9.7863905,-0.34247724,0.56943834,0.69562834,1.1220106,0,0,-1.102,279.55
00:56.8,0,100,0,0,0,0,0,0,0,0,-0.04628935,0.04433973,-0.01313224,-0.1959793,0.01765391,-9.750491,-0.3277835,0.5540145,0.6677299,1.14493,0,0,-1.1,279.55
00:56.8,0,100,0,0,0,0,0,0,0,0,-0.03633311,0.029400345,-0.01640228,-0.21734045,-0.002878805,-9.7938385,-0.3447378,0.57735784,0.67885998,1.1817568,0,-0.002,-1.098,279.548
00:56.9,0,100,0,0,0,0,0,0,0,0,-0.02637687,0.01446096,-0.01967232,-0.2387016,-0.02341152,-9.837186,-0.3616921,0.60070118,0.68999006,1.2185836,0,-0.004,-1.096,279.546
00:56.9,0,100,0,0,0,0,0,0,0,0,-0.013115004,0.002267585,-0.023950045,-0.20832615,-0.002886255,-9.852063,-0.3786464,0.62404452,0.70112014,1.2554104,0,-0.006,-1.094,279.544
00:56.9,0,100,0,0,0,0,0,0,0,0,0.000146862,-0.00992579,-0.02822777,-0.1779507,0.01763901,-9.86694,-0.3956007,0.64738786,0.71225022,1.2922372,0,-0.008,-1.092,279.542
00:56.9,0,100,0,0,0,0,0,0,0,0,0.002328835,0.013097885,-0.014641083,-0.1924435,0.005407315,-9.829498,-0.412555,0.6707312,0.7233803,1.329064,0,-0.01,-1.09,279.54
00:56.9,0,100,0,0,0,0,0,0,0,0,0.004510809,0.03612156,-0.001054395,-0.2069363,-0.00682438,-9.792056,-0.3944704,0.6700998,0.7289577,1.3050796,0,-0.008,-1.092,279.542
00:57.0,0,100,0,0,0,0,0,0,0,0,0.006078594,0.015749647,-0.014482158,-0.1790165,0.01530764,-9.7782995,-0.3763858,0.6694684,0.7345351,1.2810952,0,-0.006,-1.094,279.544
00:57.0,0,100,0,0,0,0,0,0,0,0,0.007646379,-0.004622267,-0.02790992,-0.1510967,0.03743966,-9.764543,-0.3583012,0.668837,0.7401125,1.2571108,0,-0.004,-1.096,279.546
00:57.0,0,100,0,0,0,0,0,0,0,0,-0.015162841,0.009752147,-0.016810066,-0.1782593,0.01383862,-9.835381,-0.3402166,0.6682056,0.7456899,1.2331264,0,-0.002,-1.098,279.548
00:57.0,0,100,0,0,0,0,0,0,0,0,-0.03797206,0.02412656,-0.005710213,-0.2054219,-0.00976242,-9.906219,-0.322132,0.6675742,0.7512673,1.209142,0,0,-1.1,279.55
00:57.0,0,100,0,0,0,0,0,0,0,0,-0.024811335,0.02732881,0.000379008,-0.20584455,-0.005083217,-9.8703355,-0.28935366,0.66544364,0.74927092,1.2176824,0,0,-1.102,279.548
00:57.1,0,100,0,0,0,0,0,0,0,0,-0.01165061,0.03053106,0.006468229,-0.2062672,-0.000404014,-9.834452,-0.25657532,0.66331308,0.74727454,1.2262228,0,0,-1.104,279.546
00:57.1,0,100,0,0,0,0,0,0,0,0,-0.010421505,0.040879805,0.001911024,-0.21949655,-0.013793772,-9.790868,-0.22379698,0.66118252,0.74527816,1.2347632,0,0,-1.106,279.544
00:57.1,0,100,0,0,0,0,0,0,0,0,-0.009192399,0.05122855,-0.002646182,-0.2327259,-0.02718353,-9.747284,-0.19101864,0.65905196,0.74328178,1.2433036,0,0,-1.108,279.542
00:57.1,0,100,0,0,0,0,0,0,0,0,-0.007729258,0.037765675,-0.000883267,-0.1679265,0.00954801,-9.77661,-0.1582403,0.6569214,0.7412854,1.251844,0,0,-1.11,279.54
00:57.1,0,100,0,0,0,0,0,0,0,0,-0.006266116,0.0243028,0.000879649,-0.1031271,0.04627955,-9.805936,-0.131113392,0.64682162,0.7308438,1.2168394,0,0.004,-1.112,279.54
00:57.2,0,100,0,0,0,0,0,0,0,0,-0.019399178,0.03885611,-0.001517834,-0.17273905,0.001217115,-9.8139925,-0.103986484,0.63672184,0.7204022,1.1818348,0,0.008,-1.114,279.54
00:57.2,0,100,0,0,0,0,0,0,0,0,-0.03253224,0.05340942,-0.003915316,-0.242351,-0.04384532,-9.822049,-0.076859576,0.62662206,0.7099606,1.1468302,0,0.012,-1.116,279.54
00:57.2,0,100,0,0,0,0,0,0,0,0,0.009051595,0.01552723,-0.001204992,-0.18984675,0.00133866,-9.79928,-0.049732668,0.61652228,0.699519,1.1118256,0,0.016,-1.118,279.54
00:57.2,0,100,0,0,0,0,0,0,0,0,0.05063543,-0.02235496,0.001505333,-0.1373425,0.04652264,-9.776511,-0.02260576,0.6064225,0.6890774,1.076821,0,0.02,-1.12,279.54
00:57.2,0,100,0,0,0,0,0,0,0,0,0.03546871,-0.015226901,0.003457483,-0.18735685,0.005357315,-9.8323345,-0.055384108,0.64160292,0.71997432,1.0862944,0,0.016,-1.118,279.542
00:57.3,0,100,0,0,0,0,0,0,0,0,0.02030199,-0.008098842,0.005409632,-0.2373712,-0.03580801,-9.888158,-0.088162456,0.67678334,0.75087124,1.0957678,0,0.012,-1.116,279.544
00:57.3,0,100,0,0,0,0,0,0,0,0,-0.01109633,0.007371199,0.011336541,-0.20267205,-0.007523625,-9.886721,-0.120940804,0.71196376,0.78176816,1.1052412,0,0.008,-1.114,279.546
00:57.3,0,100,0,0,0,0,0,0,0,0,-0.04249465,0.02284124,0.01726345,-0.1679729,0.02076076,-9.885284,-0.153719152,0.74714418,0.81266508,1.1147146,0,0.004,-1.112,279.548
00:57.3,0,100,0,0,0,0,0,0,0,0,-0.016283053,0.019989895,0.013911765,-0.1414522,0.0194329,-9.847868,-0.1864975,0.7823246,0.843562,1.124188,0,0,-1.11,279.55
00:57.3,0,100,0,0,0,0,0,0,0,0,0.009928544,0.01713855,0.01056008,-0.1149315,0.01810504,-9.810452,-0.22605756,0.73335078,0.80146798,1.0997352,0,0,-1.11,279.55
00:57.4,0,100,0,0,0,0,0,0,0,0,-0.010054753,0.0334369,0.01239719,-0.1698779,-0.005312735,-9.803868,-0.26561762,0.68437696,0.75937396,1.0752824,0,0,-1.11,279.55
00:57.4,0,100,0,0,0,0,0,0,0,0,-0.03003805,0.04973525,0.0142343,-0.2248243,-0.02873051,-9.797284,-0.30517768,0.63540314,0.71727994,1.0508296,0,0,-1.11,279.55
00:57.4,0,100,0,0,0,0,0,0,0,0,-0.029115195,0.04131014,0.006740177,-0.18900735,-0.003665305,-9.783508,-0.34473774,0.58642932,0.67518592,1.0263768,0,0,-1.11,279.55
00:57.4,0,100,0,0,0,0,0,0,0,0,-0.02819234,0.03288503,-0.000753946,-0.1531904,0.0213999,-9.769732,-0.3842978,0.5374555,0.6330919,1.001924,0,0,-1.11,279.55
00:57.4,0,100,0,0,0,0,0,0,0,0,-0.03919576,0.038901115,0.003952133,-0.20435575,-0.02041588,-9.7856415,-0.35151946,0.55549654,0.64310766,1.0534322,0,0.004,-1.116,279.55
00:57.5,0,100,0,0,0,0,0,0,0,0,-0.05019918,0.0449172,0.008658212,-0.2555211,-0.06223166,-9.801551,-0.31874112,0.57353758,0.65312342,1.1049404,0,0.008,-1.122,279.55
00:57.5,0,100,0,0,0,0,0,0,0,0,-0.043341155,0.03611506,0.012973961,-0.2188873,-0.021937595,-9.8208745,-0.28596278,0.59157862,0.66313918,1.1564486,0,0.012,-1.128,279.55
00:57.5,0,100,0,0,0,0,0,0,0,0,-0.03648313,0.02731292,0.01728971,-0.1822535,0.01835647,-9.840198,-0.25318444,0.60961966,0.67315494,1.2079568,0,0.016,-1.134,279.55
00:57.5,0,100,0,0,0,0,0,0,0,0,-0.030867915,0.03488136,0.012896849,-0.2140493,-0.011824275,-9.862023,-0.2204061,0.6276607,0.6831707,1.259465,0,0.02,-1.14,279.55
00:57.5,0,100,0,0,0,0,0,0,0,0,-0.0252527,0.0424498,0.008503988,-0.2458451,-0.04200502,-9.883848,-0.21362438,0.61704916,0.67138328,1.2471306,0,0.016,-1.138,279.548
00:57.6,0,100,0,0,0,0,0,0,0,0,-0.02407509,0.02696666,0.012205889,-0.19794235,0.004513165,-9.8512635,-0.20684266,0.60643762,0.65959586,1.2347962,0,0.012,-1.136,279.546
00:57.6,0,100,0,0,0,0,0,0,0,0,-0.02289748,0.01148352,0.01590779,-0.1500396,0.05103135,-9.818679,-0.20006094,0.59582608,0.64780844,1.2224618,0,0.008,-1.134,279.544
00:57.6,0,100,0,0,0,0,0,0,0,0,-0.00325624,-0.008099795,0.014725465,-0.16776625,0.031011285,-9.8038915,-0.19327922,0.58521454,0.63602102,1.2101274,0,0.004,-1.132,279.542
00:57.6,0,100,0,0,0,0,0,0,0,0,0.016385,-0.02768311,0.01354314,-0.1854929,0.01099122,-9.789104,-0.1864975,0.574603,0.6242336,1.197793,0,0,-1.13,279.54
00:57.6,0,100,0,0,0,0,0,0,0,0,-0.01084129,-0.004396585,0.005468176,-0.15276545,0.023276925,-9.815519,-0.19780038,0.58408702,0.64717498,1.2123804,0,0,-1.128,279.542
00:57.7,0,100,0,0,0,0,0,0,0,0,-0.03806758,0.01888994,-0.002606789,-0.120038,0.03556263,-9.841934,-0.20910326,0.59357104,0.67011636,1.2269678,0,0,-1.126,279.544
00:57.7,0,100,0,0,0,0,0,0,0,0,-0.02708313,-0.00142045,-0.005069049,-0.13661865,0.02838997,-9.835831,-0.22040614,0.60305506,0.69305774,1.2415552,0,0,-1.124,279.546
00:57.7,0,100,0,0,0,0,0,0,0,0,-0.01609868,-0.02173084,-0.007531309,-0.1531993,0.02121731,-9.829728,-0.23170902,0.61253908,0.71599912,1.2561426,0,0,-1.122,279.548
00:57.7,0,100,0,0,0,0,0,0,0,0,0.01404925,-0.043033385,-0.003499687,-0.17406725,0.005916248,-9.784686,-0.2430119,0.6220231,0.7389405,1.27073,0,0,-1.12,279.55
00:57.7,0,100,0,0,0,0,0,0,0,0,0.04419718,-0.06433593,0.000531936,-0.1949352,-0.009384814,-9.739644,-0.24979362,0.62894896,0.72638446,1.3110034,0,0.002,-1.124,279.55
00:57.8,0,100,0,0,0,0,0,0,0,0,0.054056015,-0.067998105,-0.014470962,-0.16885155,0.015371333,-9.7458665,-0.25657534,0.63587482,0.71382842,1.3512768,0,0.004,-1.128,279.55
00:57.8,0,100,0,0,0,0,0,0,0,0,0.06391485,-0.07166028,-0.02947386,-0.1427679,0.04012748,-9.752089,-0.26335706,0.64280068,0.70127238,1.3915502,0,0.006,-1.132,279.55
00:57.8,0,100,0,0,0,0,0,0,0,0,0.028320124,-0.02538694,-0.02079267,-0.1287778,0.047248665,-9.7407895,-0.27013878,0.64972654,0.68871634,1.4318236,0,0.008,-1.136,279.55
00:57.8,0,100,0,0,0,0,0,0,0,0,-0.007274601,0.0208864,-0.01211148,-0.1147877,0.05436985,-9.72949,-0.2769205,0.6566524,0.6761603,1.472097,0,0.01,-1.14,279.55
00:57.8,0,100,0,0,0,0,0,0,0,0,-0.012030861,0.02629857,-0.005758432,-0.17661375,0.01635835,-9.709693,-0.27465992,0.67851484,0.72749028,1.440467,0,0.01,-1.14,279.548
00:57.9,0,100,0,0,0,0,0,0,0,0,-0.01678712,0.03171074,0.000594615,-0.2384398,-0.02165315,-9.689896,-0.27239934,0.70037728,0.77882026,1.408837,0,0.01,-1.14,279.546
00:57.9,0,100,0,0,0,0,0,0,0,0,0.036042595,-0.01906659,0.000894617,-0.157436315,0.049566625,-9.7407145,-0.27013876,0.72223972,0.83015024,1.377207,0,0.01,-1.14,279.544
00:57.9,0,100,0,0,0,0,0,0,0,0,0.08887231,-0.06984392,0.001194619,-0.07643283,0.1207864,-9.791533,-0.26787818,0.74410216,0.88148022,1.345577,0,0.01,-1.14,279.542
00:57.9,0,100,0,0,0,0,0,0,0,0,0.050573835,-0.036062853,0.00622881,-0.160561365,0.03906159,-9.8287745,-0.2656176,0.7659646,0.9328102,1.313947,0,0.01,-1.14,279.54
00:57.9,0,100,0,0,0,0,0,0,0,0,0.01227536,-0.002281786,0.011263,-0.2446899,-0.04266322,-9.866016,-0.24979358,0.70787994,0.86734874,1.3027654,0,0.01,-1.14,279.542
00:58.0,0,100,0,0,0,0,0,0,0,0,0.01141535,-0.004004575,0.009854022,-0.1275899,0.04253839,-9.8415535,-0.23396956,0.64979528,0.80188728,1.2915838,0,0.01,-1.14,279.544
00:58.0,0,100,0,0,0,0,0,0,0,0,0.01055534,-0.005727364,0.008445044,-0.0104899,0.12774,-9.817091,-0.21814554,0.59171062,0.73642582,1.2804022,0,0.01,-1.14,279.546
00:58.0,0,100,0,0,0,0,0,0,0,0,-0.00774453,0.009605108,0.005523246,-0.08781655,0.063131404,-9.8609625,-0.20232152,0.53362596,0.67096436,1.2692206,0,0.01,-1.14,279.548
00:58.0,0,100,0,0,0,0,0,0,0,0,-0.0260444,0.02493758,0.002601447,-0.1651432,-0.001477192,-9.904834,-0.1864975,0.4755413,0.6055029,1.258039,0,0.01,-1.14,279.55
00:58.0,0,100,0,0,0,0,0,0,0,0,0.000670895,-0.02568758,-0.010657547,-0.1387124,0.030584794,-9.833494,-0.19893066,0.492056,0.63036182,1.2456718,0,0.01,-1.142,279.548
00:58.1,0,100,0,0,0,0,0,0,0,0,0.02738619,-0.07631274,-0.02391654,-0.1122816,0.06264678,-9.762154,-0.21136382,0.5085707,0.65522074,1.2333046,0,0.01,-1.144,279.546
00:58.1,0,100,0,0,0,0,0,0,0,0,0.022017175,-0.05351018,-0.018756865,-0.1627607,0.024090805,-9.7740745,-0.22379698,0.5250854,0.68007966,1.2209374,0,0.01,-1.146,279.544
00:58.1,0,100,0,0,0,0,0,0,0,0,0.01664816,-0.03070762,-0.01359719,-0.2132398,-0.01446517,-9.785995,-0.23623014,0.5416001,0.70493858,1.2085702,0,0.01,-1.148,279.542
00:58.1,0,100,0,0,0,0,0,0,0,0,0.003477533,-0.016592125,-0.01812684,-0.1992253,-0.001934695,-9.822813,-0.2486633,0.5581148,0.7297975,1.196203,0,0.01,-1.15,279.54
00:58.1,0,100,0,0,0,0,0,0,0,0,-0.009693093,-0.00247663,-0.02265649,-0.1852108,0.01059578,-9.859631,-0.2305787,0.58903474,0.747914,1.2498934,0,0.012,-1.152,279.54
00:58.2,0,100,0,0,0,0,0,0,0,0,-0.007197955,0.011234015,-0.006922214,-0.1845683,0.01525185,-9.826335,-0.2124941,0.61995468,0.7660305,1.3035838,0,0.014,-1.154,279.54
00:58.2,0,100,0,0,0,0,0,0,0,0,-0.004702817,0.02494466,0.008812062,-0.1839258,0.01990792,-9.793039,-0.1944095,0.65087462,0.784147,1.3572742,0,0.016,-1.156,279.54
00:58.2,0,100,0,0,0,0,0,0,0,0,-0.010015759,0.027368025,0.013666711,-0.14400825,0.029959405,-9.759088,-0.1763249,0.68179456,0.8022635,1.4109646,0,0.018,-1.158,279.54
00:58.2,0,100,0,0,0,0,0,0,0,0,-0.0153287,0.02979139,0.01852136,-0.1040907,0.04001089,-9.725137,-0.1582403,0.7127145,0.82038,1.464655,0,0.02,-1.16,279.54
00:58.2,0,100,0,0,0,0,0,0,0,0,-0.004019718,0.03061271,0.01777828,-0.1586454,0.018105829,-9.72994,-0.18875808,0.69657884,0.8322185,1.4727994,0,0.016,-1.156,279.54
00:58.3,0,100,0,0,0,0,0,0,0,0,0.007289265,0.03143403,0.0170352,-0.2132001,-0.003799232,-9.734743,-0.21927586,0.68044318,0.844057,1.4809438,0,0.012,-1.152,279.54
00:58.3,0,100,0,0,0,0,0,0,0,0,-0.015512427,0.039059535,0.000905905,-0.21632975,-0.022077916,-9.7426795,-0.24979364,0.66430752,0.8558955,1.4890882,0,0.008,-1.148,279.54
00:58.3,0,100,0,0,0,0,0,0,0,0,-0.03831412,0.04668504,-0.01522339,-0.2194594,-0.0403566,-9.750616,-0.28031142,0.64817186,0.867734,1.4972326,0,0.004,-1.144,279.54
00:58.3,0,100,0,0,0,0,0,0,0,0,-0.039103775,0.04222048,-0.004341931,-0.2121682,-0.03112877,-9.766428,-0.3108292,0.6320362,0.8795725,1.505377,0,0,-1.14,279.54
00:58.3,0,100,0,0,0,0,0,0,0,0,-0.03989343,0.03775592,0.006539529,-0.204877,-0.02190094,-9.78224,-0.31308976,0.63389046,0.85179432,1.4632124,0,0.006,-1.144,279.54
00:58.4,0,100,0,0,0,0,0,0,0,0,-0.03598838,0.033502175,0.007608455,-0.133753385,0.02318504,-9.77203,-0.31535032,0.63574472,0.82401614,1.4210478,0,0.012,-1.148,279.54
00:58.4,0,100,0,0,0,0,0,0,0,0,-0.03208333,0.02924843,0.008677381,-0.06262977,0.06827102,-9.76182,-0.31761088,0.63759898,0.79623796,1.3788832,0,0.018,-1.152,279.54
00:58.4,0,100,0,0,0,0,0,0,0,0,0.015124975,-0.003425595,0.007497387,-0.149665935,0.015405155,-9.7322045,-0.31987144,0.63945324,0.76845978,1.3367186,0,0.024,-1.156,279.54
00:58.4,0,100,0,0,0,0,0,0,0,0,0.06233328,-0.03609962,0.006317394,-0.2367021,-0.03746071,-9.702589,-0.322132,0.6413075,0.7406816,1.294554,0,0.03,-1.16,279.54
00:58.4,0,100,0,0,0,0,0,0,0,0,0.041402125,-0.03595904,-0.004365918,-0.18409495,-0.001723585,-9.7521065,-0.33343488,0.61975582,0.72467792,1.2370178,0,0.024,-1.156,279.54
00:58.5,0,100,0,0,0,0,0,0,0,0,0.02047097,-0.03581846,-0.01504923,-0.1314878,0.03401354,-9.801624,-0.34473776,0.59820414,0.70867424,1.1794816,0,0.018,-1.152,279.54
00:58.5,0,100,0,0,0,0,0,0,0,0,0.007458184,-0.016561696,-0.00181803,-0.1782903,0.002561515,-9.8102035,-0.35604064,0.57665246,0.69267056,1.1219454,0,0.012,-1.148,279.54
00:58.5,0,100,0,0,0,0,0,0,0,0,-0.005554603,0.002695069,0.01141317,-0.2250928,-0.02889051,-9.818783,-0.36734352,0.55510078,0.67666688,1.0644092,0,0.006,-1.144,279.54
00:58.5,0,100,0,0,0,0,0,0,0,0,0.015845408,-0.017237026,0.006460529,-0.198671,-0.000639445,-9.7761165,-0.3786464,0.5335491,0.6606632,1.006873,0,0,-1.14,279.54
00:58.5,0,100,0,0,0,0,0,0,0,0,0.03724542,-0.03716912,0.001507888,-0.1722492,0.02761162,-9.73345,-0.39107958,0.57367118,0.70367938,0.99512474,0,0,-1.142,279.54
00:58.6,0,100,0,0,0,0,0,0,0,0,0.026187585,-0.043933515,0.004032529,-0.19195705,0.001942555,-9.7606875,-0.40351276,0.61379326,0.74669556,0.98337648,0,0,-1.144,279.54
00:58.6,0,100,0,0,0,0,0,0,0,0,0.01512975,-0.05069791,0.00655717,-0.2116649,-0.02372651,-9.787925,-0.41594594,0.65391534,0.78971174,0.97162822,0,0,-1.146,279.54
00:58.6,0,100,0,0,0,0,0,0,0,0,0.007861709,-0.04534382,0.001734509,-0.18820735,-0.014235623,-9.805316,-0.42837912,0.69403742,0.83272792,0.95987996,0,0,-1.148,279.54
00:58.6,0,100,0,0,0,0,0,0,0,0,0.000593667,-0.03998973,-0.003088152,-0.1647498,-0.004744736,-9.822707,-0.4408123,0.7341595,0.8757441,0.9481317,0,0,-1.15,279.54
00:58.6,0,100,0,0,0,0,0,0,0,0,-0.011237451,-0.013903105,-0.003586451,-0.17517705,-0.009301403,-9.803827,-0.39786136,0.71078444,0.84017222,0.96312176,0,0.006,-1.154,279.54
00:58.7,0,100,0,0,0,0,0,0,0,0,-0.02306857,0.01218352,-0.004084749,-0.1856043,-0.01385807,-9.784947,-0.35491042,0.68740938,0.80460034,0.97811182,0,0.012,-1.158,279.54
00:58.7,0,100,0,0,0,0,0,0,0,0,-0.03666977,0.025455545,0.001754877,-0.14694165,0.021781905,-9.7838625,-0.31195948,0.66403432,0.76902846,0.99310188,0,0.018,-1.162,279.54
00:58.7,0,100,0,0,0,0,0,0,0,0,-0.05027097,0.03872757,0.007594502,-0.108279,0.05742188,-9.782778,-0.26900854,0.64065926,0.73345658,1.00809194,0,0.024,-1.166,279.54
00:58.7,0,100,0,0,0,0,0,0,0,0,0.005502065,-0.011906305,0.00573769,-0.1160415,0.04894952,-9.7691235,-0.2260576,0.6172842,0.6978847,1.023082,0,0.03,-1.17,279.54
00:58.7,0,100,0,0,0,0,0,0,0,0,0.0612751,-0.06254018,0.003880877,-0.123804,0.04047716,-9.755469,-0.23283932,0.62262156,0.72806674,1.0627478,0,0.026,-1.168,279.542
00:58.8,0,100,0,0,0,0,0,0,0,0,0.050115635,-0.0580842,0.002923211,-0.16371045,0.00014847,-9.769833,-0.23962104,0.62795892,0.75824878,1.1024136,0,0.022,-1.166,279.544
00:58.8,0,100,0,0,0,0,0,0,0,0,0.03895617,-0.05362822,0.001965545,-0.2036169,-0.04018022,-9.784197,-0.24640276,0.63329628,0.78843082,1.1420794,0,0.018,-1.164,279.546
00:58.8,0,100,0,0,0,0,0,0,0,0,0.019949535,-0.034757705,0.020543108,-0.16458745,0.002403925,-9.759483,-0.25318448,0.63863364,0.81861286,1.1817452,0,0.014,-1.162,279.548
00:58.8,0,100,0,0,0,0,0,0,0,0,0.000942899,-0.01588719,0.03912067,-0.125558,0.04498807,-9.734769,-0.2599662,0.643971,0.8487949,1.221411,0,0.01,-1.16,279.55
00:58.8,0,100,0,0,0,0,0,0,0,0,-0.022873345,-0.003549199,0.02709262,-0.1929848,-0.013421225,-9.831578,-0.27239936,0.65616728,0.84167572,1.245465,0,0.01,-1.16,279.546
00:58.9,0,100,0,0,0,0,0,0,0,0,-0.04668959,0.008788792,0.01506457,-0.2604116,-0.07183052,-9.928387,-0.28483252,0.66836356,0.83455654,1.269519,0,0.01,-1.16,279.542
00:58.9,0,100,0,0,0,0,0,0,0,0,-0.013349495,-0.004856604,0.01754183,-0.1892515,-0.00358973,-9.891661,-0.29726568,0.68055984,0.82743736,1.293573,0,0.01,-1.16,279.538
00:58.9,0,100,0,0,0,0,0,0,0,0,0.0199906,-0.018502,0.02001909,-0.1180914,0.06465106,-9.854935,-0.30969884,0.69275612,0.82031818,1.317627,0,0.01,-1.16,279.534
00:58.9,0,100,0,0,0,0,0,0,0,0,-0.0076983,0.006800615,0.017160955,-0.1489136,0.032637974,-9.817381,-0.322132,0.7049524,0.813199,1.341681,0,0.01,-1.16,279.53
00:58.9,0,100,0,0,0,0,0,0,0,0,-0.0353872,0.03210323,0.01430282,-0.1797358,0.000624887,-9.779827,-0.2848325,0.6788101,0.80428488,1.307841,0,0.01,-1.158,279.532
00:59.0,0,100,0,0,0,0,0,0,0,0,-0.02985393,0.037545365,0.01663617,-0.2033051,-0.016176971,-9.7725315,-0.247533,0.6526678,0.79537076,1.274001,0,0.01,-1.156,279.534
00:59.0,0,100,0,0,0,0,0,0,0,0,-0.02432066,0.0429875,0.01896952,-0.2268744,-0.03297883,-9.765236,-0.2102335,0.6265255,0.78645664,1.240161,0,0.01,-1.154,279.536
00:59.0,0,100,0,0,0,0,0,0,0,0,-0.021228155,0.03066784,0.020743925,-0.148747905,0.044646685,-9.776575,-0.172934,0.6003832,0.77754252,1.206321,0,0.01,-1.152,279.538
00:59.0,0,100,0,0,0,0,0,0,0,0,-0.01813565,0.01834818,0.02251833,-0.07062141,0.1222722,-9.787914,-0.1356345,0.5742409,0.7686284,1.172481,0,0.01,-1.15,279.54
00:59.0,0,100,0,0,0,0,0,0,0,0,-0.01701872,0.00289447,0.01218905,-0.151881705,0.03692171,-9.80348,-0.11868019,0.5668465,0.74875088,1.1454262,0,0.012,-1.154,279.54
00:59.1,0,100,0,0,0,0,0,0,0,0,-0.01590179,-0.01255924,0.001859769,-0.233142,-0.04842878,-9.819046,-0.10172588,0.5594521,0.72887336,1.1183714,0,0.014,-1.158,279.54
00:59.1,0,100,0,0,0,0,0,0,0,0,-0.01825026,-0.019272575,-0.000169064,-0.18206215,-0.00064415,-9.7824845,-0.08477157,0.5520577,0.70899584,1.0913166,0,0.016,-1.162,279.54
00:59.1,0,100,0,0,0,0,0,0,0,0,-0.02059873,-0.02598591,-0.002197896,-0.1309823,0.04714048,-9.745923,-0.06781726,0.5446633,0.68911832,1.0642618,0,0.018,-1.166,279.54
00:59.1,0,100,0,0,0,0,0,0,0,0,-0.01793054,-0.00558174,0.009233077,-0.1676401,0.017099745,-9.786926,-0.05086295,0.5372689,0.6692408,1.037207,0,0.02,-1.17,279.54
00:59.1,0,100,0,0,0,0,0,0,0,0,-0.01526235,0.01482243,0.02066405,-0.2042979,-0.01294099,-9.827929,-0.08929274,0.59975634,0.74202944,1.1142294,0,0.018,-1.172,279.542
00:59.2,0,100,0,0,0,0,0,0,0,0,-0.01574558,0.01429563,0.018364565,-0.1744492,0.013048115,-9.790991,-0.12772253,0.66224378,0.81481808,1.1912518,0,0.016,-1.174,279.544
00:59.2,0,100,0,0,0,0,0,0,0,0,-0.01622881,0.01376883,0.01606508,-0.1446005,0.03903722,-9.754053,-0.16615232,0.72473122,0.88760672,1.2682742,0,0.014,-1.176,279.546
00:59.2,0,100,0,0,0,0,0,0,0,0,-0.04098014,0.006514404,0.01400981,-0.1714935,0.008858205,-9.7503375,-0.20458211,0.78721866,0.96039536,1.3452966,0,0.012,-1.178,279.548
00:59.2,0,100,0,0,0,0,0,0,0,0,-0.06573147,-0.000740021,0.01195454,-0.1983865,-0.02132081,-9.746622,-0.2430119,0.8497061,1.033184,1.422319,0,0.01,-1.18,279.55
00:59.2,0,100,0,0,0,0,0,0,0,0,-0.06181112,0.025759504,0.016125485,-0.22011815,-0.031571615,-9.737787,-0.23623016,0.82751952,1.00863116,1.3957846,0,0.014,-1.18,279.548
00:59.3,0,100,0,0,0,0,0,0,0,0,-0.05789077,0.05225903,0.02029643,-0.2418498,-0.04182242,-9.728952,-0.22944842,0.80533294,0.98407832,1.3692502,0,0.018,-1.18,279.546
00:59.3,0,100,0,0,0,0,0,0,0,0,-0.03482929,0.033891815,0.015781565,-0.1909167,-0.00501405,-9.794961,-0.22266668,0.78314636,0.95952548,1.3427158,0,0.022,-1.18,279.544
00:59.3,0,100,0,0,0,0,0,0,0,0,-0.01176781,0.0155246,0.0112667,-0.1399836,0.03179432,-9.86097,-0.21588494,0.76095978,0.93497264,1.3161814,0,0.026,-1.18,279.542
00:59.3,0,100,0,0,0,0,0,0,0,0,-0.028534875,0.016523875,0.01369494,-0.11818423,0.049226125,-9.84655,-0.2091032,0.7387732,0.9104198,1.289647,0,0.03,-1.18,279.54
00:59.3,0,100,0,0,0,0,0,0,0,0,-0.04530194,0.01752315,0.01612318,-0.09638486,0.06665793,-9.83213,-0.21249408,0.69175032,0.87407212,1.2955672,0,0.034,-1.186,279.54
00:59.4,0,100,0,0,0,0,0,0,0,0,-0.022369986,-0.008080555,0.01670337,-0.11223748,0.065210075,-9.7662545,-0.21588496,0.64472744,0.83772444,1.3014874,0,0.038,-1.192,279.54
00:59.4,0,100,0,0,0,0,0,0,0,0,0.000561969,-0.03368426,0.01728356,-0.1280901,0.06376222,-9.700379,-0.21927584,0.59770456,0.80137676,1.3074076,0,0.042,-1.198,279.54
00:59.4,0,100,0,0,0,0,0,0,0,0,-0.018656276,-0.015304086,0.006929971,-0.19554255,-0.000401155,-9.796895,-0.22266672,0.55068168,0.76502908,1.3133278,0,0.046,-1.204,279.54
00:59.4,0,100,0,0,0,0,0,0,0,0,-0.03787452,0.003076089,-0.003423618,-0.262995,-0.06456453,-9.893411,-0.2260576,0.5036588,0.7286814,1.319248,0,0.05,-1.21,279.54
00:59.4,0,100,0,0,0,0,0,0,0,0,0.01146191,-0.01543364,0.012454546,-0.22712355,-0.02461615,-9.7657715,-0.20232154,0.50835988,0.72456776,1.3331196,0,0.05,-1.208,279.54
00:59.5,0,100,0,0,0,0,0,0,0,0,0.06079834,-0.03394337,0.02833271,-0.1912521,0.01533223,-9.638132,-0.17858548,0.51306096,0.72045412,1.3469912,0,0.05,-1.206,279.54
00:59.5,0,100,0,0,0,0,0,0,0,0,0.027468853,-0.03929614,0.018728477,-0.131834465,0.058914015,-9.71734,-0.15484942,0.51776204,0.71634048,1.3608628,0,0.05,-1.204,279.54
00:59.5,0,100,0,0,0,0,0,0,0,0,-0.005860634,-0.04464891,0.009124244,-0.07241683,0.1024958,-9.796548,-0.13111336,0.52246312,0.71222684,1.3747344,0,0.05,-1.202,279.54
00:59.5,0,100,0,0,0,0,0,0,0,0,-0.007596366,-0.01564667,0.004094881,-0.218788465,-0.03239365,-9.819835,-0.1073773,0.5271642,0.7081132,1.388606,0,0.05,-1.2,279.54
00:59.5,0,100,0,0,0,0,0,0,0,0,-0.009332098,0.01335557,-0.000934482,-0.3651601,-0.1672831,-9.843122,-0.11076818,0.50791744,0.68572112,1.30418224,0,0.046,-1.196,279.54
00:59.6,0,100,0,0,0,0,0,0,0,0,-0.008092341,0.006264626,0.00091735,-0.206963115,-0.02376065,-9.7991855,-0.11415906,0.48867068,0.66332904,1.21975848,0,0.042,-1.192,279.54
00:59.6,0,100,0,0,0,0,0,0,0,0,-0.006852584,-0.000826317,0.002769181,-0.04876613,0.1197618,-9.755249,-0.11754994,0.46942392,0.64093696,1.13533472,0,0.038,-1.188,279.54
00:59.6,0,100,0,0,0,0,0,0,0,0,-0.005482314,-0.001618176,0.001927764,-0.154415565,0.026323275,-9.800138,-0.12094082,0.45017716,0.61854488,1.05091096,0,0.034,-1.184,279.54
00:59.6,0,100,0,0,0,0,0,0,0,0,-0.004112043,-0.002410034,0.001086346,-0.260065,-0.06711525,-9.845027,-0.1243317,0.4309304,0.5961528,0.9664872,0,0.03,-1.18,279.54
00:59.6,0,100,0,0,0,0,0,0,0,0,-0.020697381,0.014648773,-0.001188232,-0.17641257,0.023665275,-9.815892,-0.16389176,0.47058344,0.63883086,1.03410736,0,0.034,-1.184,279.54
00:59.7,0,100,0,0,0,0,0,0,0,0,-0.03728272,0.03170758,-0.003462809,-0.09276014,0.1144458,-9.786757,-0.20345182,0.51023648,0.68150892,1.10172752,0,0.038,-1.188,279.54
00:59.7,0,100,0,0,0,0,0,0,0,0,-0.05140815,0.02753508,-0.006417614,-0.15974372,0.039140505,-9.8912495,-0.24301188,0.54988952,0.72418698,1.16934768,0,0.042,-1.192,279.54
00:59.7,0,100,0,0,0,0,0,0,0,0,-0.06553358,0.02336258,-0.009372418,-0.2267273,-0.03616479,-9.995742,-0.28257194,0.58954256,0.76686504,1.23696784,0,0.046,-1.196,279.54
00:59.7,0,100,0,0,0,0,0,0,0,0,-0.04715182,0.013317953,-0.013870234,-0.2210165,-0.027844905,-9.9732655,-0.322132,0.6291956,0.8095431,1.304588,0,0.05,-1.2,279.54
00:59.7,0,100,0,0,0,0,0,0,0,0,-0.02877006,0.003273325,-0.01836805,-0.2153057,-0.01952502,-9.950789,-0.30743826,0.6091824,0.7679559,1.23744742,0,0.046,-1.196,279.54
00:59.8,0,100,0,0,0,0,0,0,0,0,-0.002304085,-0.019667913,-0.009998988,-0.18627945,0.01922858,-9.833241,-0.29274452,0.5891692,0.7263687,1.17030684,0,0.042,-1.192,279.54
00:59.8,0,100,0,0,0,0,0,0,0,0,0.02416189,-0.04260915,-0.001629926,-0.1572532,0.05798218,-9.715693,-0.27805078,0.569156,0.6847815,1.10316626,0,0.038,-1.188,279.54
00:59.8,0,100,0,0,0,0,0,0,0,0,0.012434739,-0.01269442,0.006604212,-0.2015425,0.01770681,-9.7671765,-0.26335704,0.5491428,0.6431943,1.03602568,0,0.034,-1.184,279.54
00:59.8,0,100,0,0,0,0,0,0,0,0,0.000707588,0.01722031,0.01483835,-0.2458318,-0.02256856,-9.81866,-0.2486633,0.5291296,0.6016071,0.9688851,0,0.03,-1.18,279.54
00:59.8,0,100,0,0,0,0,0,0,0,0,0.007615439,0.010773779,0.00840313,-0.20162375,0.010017285,-9.8422645,-0.22718784,0.53022644,0.61348768,0.98088228,0,0.028,-1.182,279.54
00:59.9,0,100,0,0,0,0,0,0,0,0,0.01452329,0.004327248,0.001967909,-0.1574157,0.04260313,-9.865869,-0.20571238,0.53132328,0.62536826,0.99287946,0,0.026,-1.184,279.54
00:59.9,0,100,0,0,0,0,0,0,0,0,0.006457396,0.020266514,0.001283832,-0.178874,0.022229491,-9.848113,-0.18423692,0.53242012,0.63724884,1.00487664,0,0.024,-1.186,279.54
00:59.9,0,100,0,0,0,0,0,0,0,0,-0.001608498,0.03620578,0.000599755,-0.2003323,0.001855852,-9.830357,-0.16276146,0.53351696,0.64912942,1.01687382,0,0.022,-1.188,279.54
00:59.9,0,100,0,0,0,0,0,0,0,0,0.006884331,0.022626471,0.011332557,-0.19732185,0.007550026,-9.858747,-0.141286,0.5346138,0.66101,1.028871,0,0.02,-1.19,279.54
00:59.9,0,100,0,0,0,0,0,0,0,0,0.01537716,0.009047162,0.02206536,-0.1943114,0.0132442,-9.887137,-0.18084608,0.59701064,0.7075821,1.0542256,0,0.024,-1.19,279.542
01:00.0,0,100,0,0,0,0,0,0,0,0,-0.00930796,0.025540071,0.013524336,-0.1964995,0.007642737,-9.9307175,-0.22040616,0.65940748,0.7541542,1.0795802,0,0.028,-1.19,279.544
01:00.0,0,100,0,0,0,0,0,0,0,0,-0.03399308,0.04203298,0.004983311,-0.1986876,0.002041274,-9.974298,-0.25996624,0.72180432,0.8007263,1.1049348,0,0.032,-1.19,279.546
01:00.0,0,100,0,0,0,0,0,0,0,0,-0.018928893,0.03806829,0.014675396,-0.12655049,0.044618792,-9.9015475,-0.29952632,0.78420116,0.8472984,1.1302894,0,0.036,-1.19,279.548
01:00.0,0,100,0,0,0,0,0,0,0,0,-0.003864706,0.0341036,0.02436748,-0.05441338,0.08719631,-9.828797,-0.3390864,0.846598,0.8938705,1.155644,0,0.04,-1.19,279.55
01:00.0,0,100,0,0,0,0,0,0,0,0,-0.013642518,0.016627337,0.011869381,-0.08212154,0.072416165,-9.874854,-0.32100178,0.8068175,0.84802566,1.1744588,0,0.038,-1.19,279.55
01:00.1,0,100,0,0,0,0,0,0,0,0,-0.02342033,-0.000848926,-0.000628718,-0.1098297,0.05763602,-9.920911,-0.30291716,0.767037,0.80218082,1.1932736,0,0.036,-1.19,279.55
01:00.1,0,100,0,0,0,0,0,0,0,0,-0.03315073,0.028474337,0.006224586,-0.1710511,0.017356955,-9.8919015,-0.28483254,0.7272565,0.75633598,1.2120884,0,0.034,-1.19,279.55
01:00.1,0,100,0,0,0,0,0,0,0,0,-0.04288113,0.0577976,0.01307789,-0.2322725,-0.02292211,-9.862892,-0.26674792,0.687476,0.71049114,1.2309032,0,0.032,-1.19,279.55
01:00.1,0,100,0,0,0,0,0,0,0,0,-0.001290425,0.029856069,0.003702439,-0.17782235,0.02052423,-9.7966905,-0.2486633,0.6476955,0.6646463,1.249718,0,0.03,-1.19,279.55
01:00.1,0,100,0,0,0,0,0,0,0,0,0.04030028,0.001914538,-0.005673012,-0.1233722,0.06397057,-9.730489,-0.23170898,0.61997658,0.66840452,1.219327,0,0.032,-1.194,279.548
01:00.2,0,100,0,0,0,0,0,0,0,0,0.048886285,-0.003511248,-0.001036195,-0.1906893,0.00415178,-9.761606,-0.21475466,0.59225766,0.67216274,1.188936,0,0.034,-1.198,279.546
01:00.2,0,100,0,0,0,0,0,0,0,0,0.05747229,-0.008937033,0.003600623,-0.2580064,-0.05566701,-9.792723,-0.19780034,0.56453874,0.67592096,1.158545,0,0.036,-1.202,279.544
01:00.2,0,100,0,0,0,0,0,0,0,0,0.029492397,-0.021213917,-0.007395254,-0.17679534,0.007571075,-9.81378,-0.18084602,0.53681982,0.67967918,1.128154,0,0.038,-1.206,279.542
01:00.2,0,100,0,0,0,0,0,0,0,0,0.001512503,-0.0334908,-0.01839113,-0.09558428,0.07080916,-9.834837,-0.1638917,0.5091009,0.6834374,1.097763,0,0.04,-1.21,279.54
01:00.2,0,100,0,0,0,0,0,0,0,0,-0.008693033,0.003043835,-0.010760004,-0.12817819,0.030415072,-9.7974725,-0.19893064,0.551864,0.75284032,1.2087116,0,0.046,-1.216,279.542
01:00.3,0,100,0,0,0,0,0,0,0,0,-0.01889857,0.03957847,-0.003128877,-0.1607721,-0.009979016,-9.760108,-0.23396958,0.5946271,0.82224324,1.3196602,0,0.052,-1.222,279.544
01:00.3,0,100,0,0,0,0,0,0,0,0,0.00272057,0.01104208,-0.006661304,-0.1615471,0.008546117,-9.7453665,-0.26900852,0.6373902,0.89164616,1.4306088,0,0.058,-1.228,279.546
01:00.3,0,100,0,0,0,0,0,0,0,0,0.02433971,-0.01749431,-0.01019373,-0.1623221,0.02707125,-9.730625,-0.30404746,0.6801533,0.96104908,1.5415574,0,0.064,-1.234,279.548
01:00.3,0,100,0,0,0,0,0,0,0,0,0.011520575,-0.011457376,-0.001157403,-0.14818015,0.03594423,-9.7924265,-0.3390864,0.7229164,1.030452,1.652506,0,0.07,-1.24,279.55
01:00.3,0,100,0,0,0,0,0,0,0,0,-0.00129856,-0.005420442,0.007878923,-0.1340382,0.04481721,-9.854228,-0.3289138,0.67934016,0.96750726,1.5486788,0,0.06,-1.23,279.55
01:00.4,0,100,0,0,0,0,0,0,0,0,-0.01624428,0.025109049,0.006661719,-0.26133465,-0.071647595,-9.822541,-0.3187412,0.63576392,0.90456252,1.4448516,0,0.05,-1.22,279.55
01:00.4,0,100,0,0,0,0,0,0,0,0,-0.03119,0.05563854,0.005444515,-0.3886311,-0.1881124,-9.790854,-0.3085686,0.59218768,0.84161778,1.3410244,0,0.04,-1.21,279.55
01:00.4,0,100,0,0,0,0,0,0,0,0,-0.00555431,0.01867532,0.006887699,-0.181815425,0.0160794,-9.7038135,-0.298396,0.54861144,0.77867304,1.2371972,0,0.03,-1.2,279.55
01:00.4,0,100,0,0,0,0,0,0,0,0,0.02008138,-0.0182879,0.008330883,0.02500025,0.2202712,-9.616773,-0.2882234,0.5050352,0.7157283,1.13337,0,0.02,-1.19,279.55
01:00.4,0,100,0,0,0,0,0,0,0,0,-0.003505405,-0.006657628,0.001529766,-0.102412475,0.08803032,-9.747144,-0.29161426,0.49915052,0.69897736,1.1196226,0,0.02,-1.19,279.55
01:00.5,0,100,0,0,0,0,0,0,0,0,-0.02709219,0.004972644,-0.00527135,-0.2298252,-0.04421056,-9.877515,-0.29500512,0.49326584,0.68222642,1.1058752,0,0.02,-1.19,279.55
01:00.5,0,100,0,0,0,0,0,0,0,0,-0.045042335,0.025705432,-0.000738089,-0.25537655,-0.067201775,-9.8896155,-0.29839598,0.48738116,0.66547548,1.0921278,0,0.02,-1.19,279.55
01:00.5,0,100,0,0,0,0,0,0,0,0,-0.06299248,0.04643822,0.003795173,-0.2809279,-0.09019299,-9.901716,-0.30178684,0.48149648,0.64872454,1.0783804,0,0.02,-1.19,279.55
01:00.5,0,100,0,0,0,0,0,0,0,0,-0.016987295,0.00298661,-0.003008757,-0.16042348,0.014400805,-9.8079815,-0.3051777,0.4756118,0.6319736,1.064633,0,0.02,-1.19,279.55
01:00.5,0,100,0,0,0,0,0,0,0,0,0.02901789,-0.040465,-0.009812687,-0.03991906,0.1189946,-9.714247,-0.28370224,0.51931984,0.6800187,1.0766088,0,0.022,-1.192,279.55
01:00.6,0,100,0,0,0,0,0,0,0,0,0.010608199,-0.016377087,0.002411757,-0.18036643,0.00313,-9.7702775,-0.26222678,0.56302788,0.7280638,1.0885846,0,0.024,-1.194,279.55
01:00.6,0,100,0,0,0,0,0,0,0,0,-0.007801492,0.007710827,0.0146362,-0.3208138,-0.1127346,-9.826308,-0.24075132,0.60673592,0.7761089,1.1005604,0,0.026,-1.196,279.55
01:00.6,0,100,0,0,0,0,0,0,0,0,-0.016086076,0.010894504,0.011956621,-0.208464865,-0.01191094,-9.822987,-0.21927586,0.65044396,0.824154,1.1125362,0,0.028,-1.198,279.55
01:00.6,0,100,0,0,0,0,0,0,0,0,-0.02437066,0.01407818,0.009277041,-0.09611593,0.08891272,-9.819666,-0.1978004,0.694152,0.8721991,1.124512,0,0.03,-1.2,279.55
01:00.6,0,100,0,0,0,0,0,0,0,0,-0.00312561,-0.013980615,-0.000850455,-0.148125315,0.03569051,-9.839172,-0.19101866,0.66733814,0.82932814,1.1191684,0,0.032,-1.204,279.548
01:00.7,0,100,0,0,0,0,0,0,0,0,0.01811944,-0.04203941,-0.01097795,-0.2001347,-0.0175317,-9.858678,-0.18423692,0.64052428,0.78645718,1.1138248,0,0.034,-1.208,279.546
01:00.7,0,100,0,0,0,0,0,0,0,0,0.00229118,-0.03137458,-0.010866805,-0.19941985,-0.019279745,-9.8450955,-0.17745518,0.61371042,0.74358622,1.1084812,0,0.036,-1.212,279.544
01:00.7,0,100,0,0,0,0,0,0,0,0,-0.01353708,-0.02070975,-0.01075566,-0.198705,-0.02102779,-9.831513,-0.17067344,0.58689656,0.70071526,1.1031376,0,0.038,-1.216,279.542
01:00.7,0,100,0,0,0,0,0,0,0,0,-0.006729971,-0.00146397,-0.003006764,-0.1278139,0.051053505,-9.810515,-0.1638917,0.5600827,0.6578443,1.097794,0,0.04,-1.22,279.54
01:00.7,0,100,0,0,0,0,0,0,0,0,7.71E-05,0.01778181,0.004742133,-0.0569228,0.1231348,-9.789517,-0.15258882,0.55758752,0.65961632,1.0845506,0,0.042,-1.22,279.54
01:00.8,0,100,0,0,0,0,0,0,0,0,0.009460774,0.009511355,0.009447676,-0.1494124,0.04104513,-9.8119665,-0.14128594,0.55509234,0.66138834,1.0713072,0,0.044,-1.22,279.54
01:00.8,0,100,0,0,0,0,0,0,0,0,0.01884441,0.001240899,0.01415322,-0.241902,-0.04104454,-9.834416,-0.12998306,0.55259716,0.66316036,1.0580638,0,0.046,-1.22,279.54
01:00.8,0,100,0,0,0,0,0,0,0,0,0.02465794,-0.012861636,0.008040476,-0.177617,0.01862273,-9.8048055,-0.11868018,0.55010198,0.66493238,1.0448204,0,0.048,-1.22,279.54
01:00.8,0,100,0,0,0,0,0,0,0,0,0.03047147,-0.02696417,0.001927732,-0.113332,0.07829,-9.775195,-0.1073773,0.5476068,0.6667044,1.031577,0,0.05,-1.22,279.54
01:00.8,0,100,0,0,0,0,0,0,0,0,0.015893242,-0.012071302,0.000372931,-0.1788267,0.018431875,-9.80856,-0.1367648,0.54084274,0.69172644,1.00246678,0,0.046,-1.22,279.54
01:00.9,0,100,0,0,0,0,0,0,0,0,0.001315013,0.002821567,-0.001181871,-0.2443214,-0.04142625,-9.841925,-0.1661523,0.53407868,0.71674848,0.97335656,0,0.042,-1.22,279.54
01:00.9,0,100,0,0,0,0,0,0,0,0,0.015749206,-0.003703427,0.004789689,-0.1913324,0.006728805,-9.804623,-0.1955398,0.52731462,0.74177052,0.94424634,0,0.038,-1.22,279.54
01:00.9,0,100,0,0,0,0,0,0,0,0,0.0301834,-0.01022842,0.01076125,-0.1383434,0.05488386,-9.767321,-0.2249273,0.52055056,0.76679256,0.91513612,0,0.034,-1.22,279.54
01:00.9,0,100,0,0,0,0,0,0,0,0,0.02043773,-0.006671434,0.01240556,-0.1764114,0.020400805,-9.7734665,-0.2543148,0.5137865,0.7918146,0.8860259,0,0.03,-1.22,279.54
01:00.9,0,100,0,0,0,0,0,0,0,0,0.01069206,-0.003114447,0.01404987,-0.2144794,-0.01408225,-9.779612,-0.27918112,0.52049966,0.75991722,0.88982804,0,0.032,-1.222,279.54
01:01.0,0,100,0,0,0,0,0,0,0,0,-0.00472048,0.011545702,0.010809305,-0.2172788,-0.01456884,-9.803724,-0.30404744,0.52721282,0.72801984,0.89363018,0,0.034,-1.224,279.54
01:01.0,0,100,0,0,0,0,0,0,0,0,-0.02013302,0.02620585,0.007568739,-0.2200782,-0.01505543,-9.827836,-0.32891376,0.53392598,0.69612246,0.89743232,0,0.036,-1.226,279.54
01:01.0,0,100,0,0,0,0,0,0,0,0,-0.00120146,0.00677092,-0.004710296,-0.1784796,0.015843205,-9.7947415,-0.35378008,0.54063914,0.66422508,0.90123446,0,0.038,-1.228,279.54
01:01.0,0,100,0,0,0,0,0,0,0,0,0.0177301,-0.01266401,-0.01698933,-0.136881,0.04674184,-9.761647,-0.3786464,0.5473523,0.6323277,0.9050366,0,0.04,-1.23,279.54
01:01.0,0,100,0,0,0,0,0,0,0,0,-0.00091571,-0.005181993,-0.00992317,-0.1433258,0.024056054,-9.795941,-0.3515195,0.54646726,0.6439669,0.94120508,0,0.042,-1.232,279.54
01:01.1,0,100,0,0,0,0,0,0,0,0,-0.01956152,0.002300024,-0.00285701,-0.1497706,0.001370267,-9.830235,-0.3243926,0.54558222,0.6556061,0.97737356,0,0.044,-1.234,279.54
01:01.1,0,100,0,0,0,0,0,0,0,0,-0.033926715,-0.000539737,-0.008975505,-0.1704697,0.002432599,-9.8729835,-0.2972657,0.54469718,0.6672453,1.01354204,0,0.046,-1.236,279.54
01:01.1,0,100,0,0,0,0,0,0,0,0,-0.04829191,-0.003379497,-0.015094,-0.1911688,0.00349493,-9.915732,-0.2701388,0.54381214,0.6788845,1.04971052,0,0.048,-1.238,279.54
01:01.1,0,100,0,0,0,0,0,0,0,0,-0.04722204,0.010784131,-0.012599955,-0.20282335,-0.004530865,-9.9087555,-0.2430119,0.5429271,0.6905237,1.085879,0,0.05,-1.24,279.54
01:01.1,0,100,0,0,0,0,0,0,0,0,-0.04615217,0.02494776,-0.01010591,-0.2144779,-0.01255666,-9.901779,-0.24866334,0.54894834,0.6924011,1.05847332,0,0.046,-1.234,279.54
01:01.2,0,100,0,0,0,0,0,0,0,0,-0.03889455,0.029235555,-0.009670086,-0.2037096,-0.004506018,-9.8525005,-0.25431478,0.55496958,0.6942785,1.03106764,0,0.042,-1.228,279.54
01:01.2,0,100,0,0,0,0,0,0,0,0,-0.03163693,0.03352335,-0.009234261,-0.1929413,0.003544625,-9.803222,-0.25996622,0.56099082,0.6961559,1.00366196,0,0.038,-1.222,279.54
01:01.2,0,100,0,0,0,0,0,0,0,0,-0.044353095,0.0406471,-0.009286772,-0.16295385,0.014954488,-9.8195575,-0.26561766,0.56701206,0.6980333,0.97625628,0,0.034,-1.216,279.54
01:01.2,0,100,0,0,0,0,0,0,0,0,-0.05706926,0.04777085,-0.009339283,-0.1329664,0.02636435,-9.835893,-0.2712691,0.5730333,0.6999107,0.9488506,0,0.03,-1.21,279.54
01:01.2,0,100,0,0,0,0,0,0,0,0,-0.04047327,0.01284742,0.005025578,-0.14877635,0.021868375,-9.843273,-0.29613542,0.66192744,0.76661296,0.98433988,0,0.028,-1.206,279.54
01:01.3,0,100,0,0,0,0,0,0,0,0,-0.02387728,-0.02207601,0.01939044,-0.1645863,0.0173724,-9.850653,-0.32100174,0.75082158,0.83331522,1.01982916,0,0.026,-1.202,279.54
01:01.3,0,100,0,0,0,0,0,0,0,0,-0.02520722,-0.004216785,-0.013592685,-0.1822397,0.003882577,-9.84075,-0.34586806,0.83971572,0.90001748,1.05531844,0,0.024,-1.198,279.54
01:01.3,0,100,0,0,0,0,0,0,0,0,-0.02653716,0.01364244,-0.04657581,-0.1998931,-0.009607246,-9.830847,-0.37073438,0.92860986,0.96671974,1.09080772,0,0.022,-1.194,279.54
01:01.3,0,100,0,0,0,0,0,0,0,0,-0.02995636,0.00154063,-0.00289474,-0.2123985,-0.003693965,-9.833607,-0.3956007,1.017504,1.033422,1.126297,0,0.02,-1.19,279.54
01:01.3,0,100,0,0,0,0,0,0,0,0,-0.03337556,-0.01056118,0.04078633,-0.2249039,0.002219316,-9.836367,-0.3503892,1.334979,1.6264676,1.838317,0,0,-1.162,279.544
01:01.4,0,100,0,0,0,0,0,0,0,0,0.10378332,-0.13866434,0.064027295,-0.2047,0.078456008,-9.773166,-0.3051777,1.652454,2.2195132,2.550337,0,-0.02,-1.134,279.548
01:01.4,0,100,0,0,0,0,0,0,0,0,0.2409422,-0.2667675,0.08726826,-0.1844961,0.1546927,-9.709965,-0.2599662,1.969929,2.8125588,3.262357,0,-0.04,-1.106,279.552
01:01.4,0,100,0,0,0,0,0,0,0,0,0.124649255,-0.06212025,0.08060728,-0.1515621,0.10811726,-9.7406535,-0.2147547,2.287404,3.4056044,3.974377,0,-0.06,-1.078,279.556
01:01.4,0,100,0,0,0,0,0,0,0,0,0.00835631,0.142527,0.0739463,-0.1186281,0.06154182,-9.771342,-0.1695432,2.604879,3.99865,4.686397,0,-0.08,-1.05,279.56
01:01.4,0,100,0,0,0,0,0,0,0,0,-0.002841385,0.06155307,0.07895437,-0.10825163,0.077519335,-9.6510125,-0.131678552,2.889241,3.9851836,5.1161298,0,-0.096,-1.05,279.614
01:01.5,0,100,0,0,0,0,0,0,0,0,-0.01403908,-0.01942086,0.08396244,-0.09787516,0.09349685,-9.530683,-0.093813904,3.173603,3.9717172,5.5458626,0,-0.112,-1.05,279.668
01:01.5,0,100,0,0,0,0,0,0,0,0,0.05678906,-0.07390743,0.07580579,-0.21372833,0.05804721,-9.755012,-0.055949256,3.457965,3.9582508,5.9755954,0,-0.128,-1.05,279.722
01:01.5,0,100,0,0,0,0,0,0,0,0,0.1276172,-0.128394,0.06764914,-0.3295815,0.02259757,-9.979341,-0.018084608,3.742327,3.9447844,6.4053282,0,-0.144,-1.05,279.776
01:01.5,0,100,0,0,0,0,0,0,0,0,-0.03125445,0.1121762,0.06281552,-0.25945555,-0.028983,-9.8917965,0.01978004,4.026689,3.931318,6.835061,0,-0.16,-1.05,279.83
01:01.5,0,100,0,0,0,0,0,0,0,0,-0.1901261,0.3527464,0.0579819,-0.1893296,-0.08056357,-9.804252,0.014693744,4.211855,3.9563392,7.22834,0,-0.17,-1.03,279.908
01:01.6,0,100,0,0,0,0,0,0,0,0,-0.10070749,0.132470115,0.07555565,-0.15113305,-0.099776935,-9.794583,0.009607448,4.397021,3.9813604,7.621619,0,-0.18,-1.01,279.986
01:01.6,0,100,0,0,0,0,0,0,0,0,-0.01128888,-0.08780617,0.0931294,-0.1129365,-0.1189903,-9.784914,0.004521153,4.582187,4.0063816,8.014898,0,-0.19,-0.99,280.064
01:01.6,0,100,0,0,0,0,0,0,0,0,0.05287411,-0.207432285,0.09914725,-0.2457167,-0.056440278,-9.646894,-0.000565143,4.767353,4.0314028,8.408177,0,-0.2,-0.97,280.142
01:01.6,0,100,0,0,0,0,0,0,0,0,0.1170371,-0.3270584,0.1051651,-0.3784969,0.006109744,-9.508874,-0.005651439,4.952519,4.056424,8.801456,0,-0.21,-0.95,280.22
01:01.6,0,100,0,0,0,0,0,0,0,0,0.02578773,0.10926905,0.1383486,-0.352893,-0.036468173,-9.916577,-0.006781727,5.0090136,4.035102,8.8438768,0,-0.25,-0.886,280.398
01:01.7,0,100,0,0,0,0,0,0,0,0,-0.06546164,0.5455965,0.1715321,-0.3272891,-0.07904609,-10.32428,-0.007912015,5.0655082,4.01378,8.8862976,0,-0.29,-0.822,280.576
01:01.7,0,100,0,0,0,0,0,0,0,0,-0.043059555,0.293563545,0.21297075,-0.2638557,-0.103943045,-10.1116205,-0.009042304,5.1220028,3.992458,8.9287184,0,-0.33,-0.758,280.754
01:01.7,0,100,0,0,0,0,0,0,0,0,-0.02065747,0.04153059,0.2544094,-0.2004223,-0.12884,-9.898961,-0.010172592,5.1784974,3.971136,8.9711392,0,-0.37,-0.694,280.932
01:01.7,0,100,0,0,0,0,0,0,0,0,0.032223805,-0.100571205,0.3072477,-0.1778099,-0.09258275,-9.927933,-0.01130288,5.234992,3.949814,9.01356,0,-0.41,-0.63,281.11
01:01.7,0,100,0,0,0,0,0,0,0,0,0.08510508,-0.242673,0.360086,-0.1551975,-0.0563255,-9.956905,-0.01130288,5.2557294,4.0498252,8.9222938,0,-0.396,-0.48,281.638
01:01.8,0,100,0,0,0,0,0,0,0,0,0.13776554,0.11557275,0.441165,-0.3098866,-0.11878905,-10.0548775,-0.01130288,5.2764668,4.1498364,8.8310276,0,-0.382,-0.33,282.166
01:01.8,0,100,0,0,0,0,0,0,0,0,0.190426,0.4738185,0.522244,-0.4645757,-0.1812526,-10.15285,-0.01130288,5.2972042,4.2498476,8.7397614,0,-0.368,-0.18,282.694
01:01.8,0,100,0,0,0,0,0,0,0,0,0.0188285,0.3365978,0.5687121,-0.2857863,-0.22664435,-10.10452,-0.01130288,5.3179416,4.3498588,8.6484952,0,-0.354,-0.03,283.222
01:01.8,0,100,0,0,0,0,0,0,0,0,-0.152769,0.1993771,0.6151802,-0.1069969,-0.2720361,-10.05619,-0.01130288,5.338679,4.44987,8.557229,0,-0.34,0.12,283.75
01:01.8,0,100,0,0,0,0,0,0,0,0,-0.068015445,-0.0201511,0.56720235,-0.24445235,-0.25155395,-10.058915,0.035604056,5.6542764,4.5403776,8.60494,0,-0.382,0.374,284.378
01:01.9,0,100,0,0,0,0,0,0,0,0,0.01673811,-0.2396793,0.5192245,-0.3819078,-0.2310718,-10.06164,0.082510992,5.9698738,4.6308852,8.652651,0,-0.424,0.628,285.006
01:01.9,0,100,0,0,0,0,0,0,0,0,0.04703076,0.146979,0.5556128,-0.1837104,-0.22428445,-9.9910975,0.129417928,6.2854712,4.7213928,8.700362,0,-0.466,0.882,285.634
01:01.9,0,100,0,0,0,0,0,0,0,0,0.07732341,0.5336373,0.5920011,0.014487,-0.2174971,-9.920555,0.176324864,6.6010686,4.8119004,8.748073,0,-0.508,1.136,286.262
01:01.9,0,100,0,0,0,0,0,0,0,0,0.014374655,0.51070935,0.5488207,-0.02432021,-0.2005646,-9.9273255,0.2232318,6.916666,4.902408,8.795784,0,-0.55,1.39,286.89
01:01.9,0,100,0,0,0,0,0,0,0,0,-0.0485741,0.4877814,0.5056403,-0.06312742,-0.1836321,-9.934096,0.27918106,6.9190644,4.7069556,8.750711,0,-0.484,1.73,287.456
01:02.0,0,100,0,0,0,0,0,0,0,0,0.0722596,0.1210519,0.5024316,-0.06071604,-0.135138755,-9.7059475,0.33513032,6.9214628,4.5115032,8.705638,0,-0.418,2.07,288.022
01:02.0,0,100,0,0,0,0,0,0,0,0,0.1930933,-0.2456776,0.4992229,-0.05830466,-0.08664541,-9.477799,0.39107958,6.9238612,4.3160508,8.660565,0,-0.352,2.41,288.588
01:02.0,0,100,0,0,0,0,0,0,0,0,0.074707635,0.0970052,0.4895389,-0.063732805,-0.188167805,-9.6569225,0.44702884,6.9262596,4.1205984,8.615492,0,-0.286,2.75,289.154
01:02.0,0,100,0,0,0,0,0,0,0,0,-0.04367803,0.439688,0.4798549,-0.06916095,-0.2896902,-9.836046,0.5029781,6.928658,3.925146,8.570419,0,-0.22,3.09,289.72
01:02.0,0,100,0,0,0,0,0,0,0,0,-0.077814915,0.268344195,0.4745159,0.155377925,-0.155621075,-9.3167105,0.57701194,6.3708074,3.5893228,8.1682646,0,-0.214,3.094,290.196
01:02.1,0,100,0,0,0,0,0,0,0,0,-0.1119518,0.09700039,0.4691769,0.3799168,-0.02155195,-8.797375,0.65104578,5.8129568,3.2534996,7.7661102,0,-0.208,3.098,290.672
01:02.1,0,100,0,0,0,0,0,0,0,0,-0.03359678,-0.049798805,0.4029635,0.34159495,0.059658275,-8.323798,0.72507962,5.2551062,2.9176764,7.3639558,0,-0.202,3.102,291.148
01:02.1,0,100,0,0,0,0,0,0,0,0,0.04475824,-0.196598,0.3367501,0.3032731,0.1408685,-7.850221,0.79911346,4.6972556,2.5818532,6.9618014,0,-0.196,3.106,291.624
01:02.1,0,100,0,0,0,0,0,0,0,0,0.00287128,-0.6354425,0.3078929,0.66144955,0.05789882,-7.6609185,0.8731473,4.139405,2.24603,6.559647,0,-0.19,3.11,292.1
01:02.1,0,100,0,0,0,0,0,0,0,0,-0.03901568,-1.074287,0.2790357,1.019626,-0.02507086,-7.471616,0.7623791,4.3817584,3.166264,7.9519356,0,-0.162,2.214,292.336
01:02.2,0,100,0,0,0,0,0,0,0,0,-0.061749005,-1.3555135,0.26834995,1.033027,0.08211257,-7.0164655,0.6516109,4.6241118,4.086498,9.3442242,0,-0.134,1.318,292.572
01:02.2,0,100,0,0,0,0,0,0,0,0,-0.08448233,-1.63674,0.2576642,1.046428,0.189296,-6.561315,0.5408427,4.8664652,5.006732,10.7365128,0,-0.106,0.422,292.808
01:02.2,0,100,0,0,0,0,0,0,0,0,-0.387287965,-0.92676445,-0.0443143,0.7822003,0.26916305,-14.8910125,0.4300745,5.1088186,5.926966,12.1288014,0,-0.078,-0.474,293.044
01:02.2,0,100,0,0,0,0,0,0,0,0,-0.6900936,-0.2167889,-0.3462928,0.5179726,0.3490301,-23.22071,0.3193063,5.351172,6.8472,13.52109,0,-0.05,-1.37,293.28
01:02.2,0,100,0,0,0,0,0,0,0,0,-0.25159145,0.0515782,-0.1764381,0.21673788,0.20099102,-14.5768135,0.272399358,5.0719726,6.5860178,12.966728,0,-0.03,-1.324,293.31
01:02.3,0,100,0,0,0,0,0,0,0,0,0.1869107,0.3199453,-0.0065834,-0.08449684,0.05295194,-5.932917,0.225492416,4.7927732,6.3248356,12.412366,0,-0.01,-1.278,293.34
01:02.3,0,100,0,0,0,0,0,0,0,0,-0.2065,0.54731465,-0.000334824,0.11923883,0.14197432,-8.7378635,0.178585474,4.5135738,6.0636534,11.858004,0,0.01,-1.232,293.37
01:02.3,0,100,0,0,0,0,0,0,0,0,-0.5999107,0.774684,0.005913751,0.3229745,0.2309967,-11.54281,0.131678532,4.2343744,5.8024712,11.303642,0,0.03,-1.186,293.4
01:02.3,0,100,0,0,0,0,0,0,0,0,-0.43986215,0.4383625,0.027313195,0.3453137,0.240168,-10.412996,0.08477159,3.955175,5.541289,10.74928,0,0.05,-1.14,293.43
01:02.3,0,100,0,0,0,0,0,0,0,0,-0.2798136,0.102041,0.04871264,0.3676529,0.2493393,-9.283182,0.071208136,3.6880592,5.1522706,10.0015112,0,0.04,-1.14,293.446
01:02.4,0,100,0,0,0,0,0,0,0,0,-0.06078155,-0.0038403,0.047586735,0.57162355,0.4803116,-9.6105995,0.057644682,3.4209434,4.7632522,9.2537424,0,0.03,-1.14,293.462
01:02.4,0,100,0,0,0,0,0,0,0,0,0.1582505,-0.1097216,0.04646083,0.7755942,0.7112839,-9.938017,0.044081228,3.1538276,4.3742338,8.5059736,0,0.02,-1.14,293.478
01:02.4,0,100,0,0,0,0,0,0,0,0,-0.001208,0.00973255,0.033829375,0.29681745,0.396469155,-9.968558,0.030517774,2.8867118,3.9852154,7.7582048,0,0.01,-1.14,293.494
01:02.4,0,100,0,0,0,0,0,0,0,0,-0.1606665,0.1291867,0.02119792,-0.1819593,0.08165441,-9.999099,0.01695432,2.619596,3.596197,7.010436,0,0,-1.14,293.51
01:02.4,0,100,0,0,0,0,0,0,0,0,-0.104218165,0.03856633,-0.037717005,-0.06816951,0.114882005,-9.8714715,-0.00452115,2.610993,3.7122964,6.7639042,0,-0.002,-1.144,293.504
01:02.5,0,100,0,0,0,0,0,0,0,0,-0.04776983,-0.05205404,-0.09663193,0.04562028,0.1481096,-9.743844,-0.02599662,2.60239,3.8283958,6.5173724,0,-0.004,-1.148,293.498
01:02.5,0,100,0,0,0,0,0,0,0,0,0.009984925,0.00567295,-0.00820226,-0.11576326,0.066626755,-9.708775,-0.04747209,2.593787,3.9444952,6.2708406,0,-0.006,-1.152,293.492
01:02.5,0,100,0,0,0,0,0,0,0,0,0.06773968,0.06339994,0.08022741,-0.2771468,-0.01485609,-9.673706,-0.06894756,2.585184,4.0605946,6.0243088,0,-0.008,-1.156,293.486
01:02.5,0,100,0,0,0,0,0,0,0,0,0.15324759,-0.08233533,0.043552623,-0.23688345,0.012385475,-9.704993,-0.09042303,2.576581,4.176694,5.777777,0,-0.01,-1.16,293.48
01:02.5,0,100,0,0,0,0,0,0,0,0,0.2387555,-0.2280706,0.006877836,-0.1966201,0.03962704,-9.73628,-0.093813884,2.6269824,4.2220632,5.4952806,0,-0.002,-1.17,293.476
01:02.6,0,100,0,0,0,0,0,0,0,0,0.06123255,-0.079667755,0.020188643,-0.1488185,0.05180441,-9.793697,-0.097204738,2.6773838,4.2674324,5.2127842,0,0.006,-1.18,293.472
01:02.6,0,100,0,0,0,0,0,0,0,0,-0.1162904,0.06873509,0.03349945,-0.1010169,0.06398178,-9.851114,-0.100595592,2.7277852,4.3128016,4.9302878,0,0.014,-1.19,293.468
01:02.6,0,100,0,0,0,0,0,0,0,0,-0.051395495,0.000553425,-0.028677645,-0.241574,-0.07062091,-9.879399,-0.103986446,2.7781866,4.3581708,4.6477914,0,0.022,-1.2,293.464
01:02.6,0,100,0,0,0,0,0,0,0,0,0.01349941,-0.06762824,-0.09085474,-0.3821311,-0.2052236,-9.907684,-0.1073773,2.828588,4.40354,4.365295,0,0.03,-1.21,293.46
01:02.6,0,100,0,0,0,0,0,0,0,0,-0.026582645,0.03208733,-0.033662825,-0.204677715,-0.0342509,-9.871708,-0.088162416,2.9104326,4.5434438,4.4064528,0,0.034,-1.212,293.464
01:02.7,0,100,0,0,0,0,0,0,0,0,-0.0666647,0.1318029,0.02352909,-0.02722433,0.1367218,-9.835732,-0.068947532,2.9922772,4.6833476,4.4476106,0,0.038,-1.214,293.468
01:02.7,0,100,0,0,0,0,0,0,0,0,0.07309085,-0.04622995,0.003083955,-0.176515315,0.02575393,-9.811399,-0.049732648,3.0741218,4.8232514,4.4887684,0,0.042,-1.216,293.472
01:02.7,0,100,0,0,0,0,0,0,0,0,0.2128464,-0.2242628,-0.01736118,-0.3258063,-0.08521394,-9.787066,-0.030517764,3.1559664,4.9631552,4.5299262,0,0.046,-1.218,293.476
01:02.7,0,100,0,0,0,0,0,0,0,0,0.05804069,-0.06488505,0.007330805,-0.12449088,0.03807823,-9.780602,-0.01130288,3.237811,5.103059,4.571084,0,0.05,-1.22,293.48
01:02.7,0,100,0,0,0,0,0,0,0,0,-0.09676502,0.0944927,0.03202279,0.07682454,0.1613704,-9.774138,-0.022605758,3.1608416,4.8070898,4.703197,0,0.04,-1.208,293.478
01:02.8,0,100,0,0,0,0,0,0,0,0,-0.026839625,0.012997225,0.015170475,0.00271407,0.11613428,-9.746305,-0.033908636,3.0838722,4.5111206,4.83531,0,0.03,-1.196,293.476
01:02.8,0,100,0,0,0,0,0,0,0,0,0.04308577,-0.06849825,-0.001681841,-0.0713964,0.07089816,-9.718472,-0.045211514,3.0069028,4.2151514,4.967423,0,0.02,-1.184,293.474
01:02.8,0,100,0,0,0,0,0,0,0,0,-0.087001015,0.088295875,-0.020826566,-0.19638855,-0.04418267,-9.8314665,-0.056514392,2.9299334,3.9191822,5.099536,0,0.01,-1.172,293.472
01:02.8,0,100,0,0,0,0,0,0,0,0,-0.2170878,0.24509,-0.03997129,-0.3213807,-0.1592635,-9.944461,-0.06781727,2.852964,3.623213,5.231649,0,0,-1.16,293.47
01:02.8,0,100,0,0,0,0,0,0,0,0,-0.01028495,0.0429804,-0.004547745,-0.21873635,-0.02887405,-9.8480145,-0.072338422,2.8001464,3.5410868,5.2341898,0,0.018,-1.18,293.47
01:02.9,0,100,0,0,0,0,0,0,0,0,0.1965179,-0.1591292,0.0308758,-0.116092,0.1015154,-9.751568,-0.076859574,2.7473288,3.4589606,5.2367306,0,0.036,-1.2,293.47
01:02.9,0,100,0,0,0,0,0,0,0,0,0.1353365,-0.11439905,-0.00340465,-0.1790009,0.012230325,-9.7795555,-0.081380726,2.6945112,3.3768344,5.2392714,0,0.054,-1.22,293.47
01:02.9,0,100,0,0,0,0,0,0,0,0,0.0741551,-0.0696689,-0.0376851,-0.2419098,-0.07705475,-9.807543,-0.085901878,2.6416936,3.2947082,5.2418122,0,0.072,-1.24,293.47
01:02.9,0,100,0,0,0,0,0,0,0,0,-0.02457995,0.00118823,-0.007028275,-0.1738304,-0.02818529,-9.8041595,-0.09042303,2.588876,3.212582,5.244353,0,0.09,-1.26,293.47
01:02.9,0,100,0,0,0,0,0,0,0,0,-0.123315,0.07204536,0.02362855,-0.105751,0.02068417,-9.800776,-0.122071084,2.491294,3.089666,4.972303,0,0.082,-1.258,293.468
01:03.0,0,100,0,0,0,0,0,0,0,0,0.01545355,-0.02191642,0.00511558,-0.19278515,-0.0169824,-9.8096585,-0.153719138,2.393712,2.96675,4.700253,0,0.074,-1.256,293.466
01:03.0,0,100,0,0,0,0,0,0,0,0,0.1542221,-0.1158782,-0.01339739,-0.2798193,-0.05464897,-9.818541,-0.185367192,2.29613,2.843834,4.428203,0,0.066,-1.254,293.464
01:03.0,0,100,0,0,0,0,0,0,0,0,0.05606017,-0.04916297,-0.003438587,-0.17842164,-0.00283309,-9.7929865,-0.217015246,2.198548,2.720918,4.156153,0,0.058,-1.252,293.462
01:03.0,0,100,0,0,0,0,0,0,0,0,-0.04210176,0.01755226,0.006520217,-0.07702398,0.04898279,-9.767432,-0.2486633,2.100966,2.598002,3.884103,0,0.05,-1.25,293.46
01:03.0,0,100,0,0,0,0,0,0,0,0,0.017226405,-0.04941687,-0.000839607,-0.16378464,-0.020591635,-9.79409,-0.26335704,2.0895914,2.669304,3.8101152,0,0.06,-1.256,293.46
01:03.1,0,100,0,0,0,0,0,0,0,0,0.07655457,-0.116386,-0.008199431,-0.2505453,-0.09016606,-9.820748,-0.27805078,2.0782168,2.740606,3.7361274,0,0.07,-1.262,293.46
01:03.1,0,100,0,0,0,0,0,0,0,0,0.01925877,-0.07068318,-0.027298986,-0.165534035,-0.007519785,-9.808694,-0.29274452,2.0668422,2.811908,3.6621396,0,0.08,-1.268,293.46
01:03.1,0,100,0,0,0,0,0,0,0,0,-0.03803703,-0.02498036,-0.04639854,-0.08052277,0.07512649,-9.79664,-0.30743826,2.0554676,2.88321,3.5881518,0,0.09,-1.274,293.46
01:03.1,0,100,0,0,0,0,0,0,0,0,-0.05088166,0.00135203,-0.048123885,-0.133673535,0.0006521,-9.8143515,-0.322132,2.044093,2.954512,3.514164,0,0.1,-1.28,293.46
01:03.1,0,100,0,0,0,0,0,0,0,0,-0.06372629,0.02768442,-0.04984923,-0.1868243,-0.07382229,-9.832063,-0.31082912,1.9113836,2.8786524,3.2558766,0,0.096,-1.282,293.454
01:03.2,0,100,0,0,0,0,0,0,0,0,-0.02184547,-0.01704323,-0.050142045,-0.2119237,-0.0750433,-9.811572,-0.29952624,1.7786742,2.8027928,2.9975892,0,0.092,-1.284,293.448
01:03.2,0,100,0,0,0,0,0,0,0,0,0.02003535,-0.06177088,-0.05043486,-0.2370231,-0.07626431,-9.791081,-0.28822336,1.6459648,2.7269332,2.7393018,0,0.088,-1.286,293.442
01:03.2,0,100,0,0,0,0,0,0,0,0,0.03064954,-0.05885564,-0.04502563,-0.20077665,-0.037502462,-9.777487,-0.27692048,1.5132554,2.6510736,2.4810144,0,0.084,-1.288,293.436
01:03.2,0,100,0,0,0,0,0,0,0,0,0.04126373,-0.0559404,-0.0396164,-0.1645302,0.001259386,-9.763893,-0.2656176,1.380546,2.575214,2.222727,0,0.08,-1.29,293.43
01:03.2,0,100,0,0,0,0,0,0,0,0,0.045245125,-0.05127816,-0.006314615,-0.099617105,0.046682053,-9.777622,-0.24301186,1.321809,2.4681904,2.1148326,0,0.082,-1.288,293.434
01:03.3,0,100,0,0,0,0,0,0,0,0,0.04922652,-0.04661592,0.02698717,-0.03470401,0.09210472,-9.791351,-0.22040612,1.263072,2.3611668,2.0069382,0,0.084,-1.286,293.438
01:03.3,0,100,0,0,0,0,0,0,0,0,0.00651975,-0.031949725,0.011358461,-0.136536655,-0.00280342,-9.837367,-0.19780038,1.204335,2.2541432,1.8990438,0,0.086,-1.284,293.442
01:03.3,0,100,0,0,0,0,0,0,0,0,-0.03618702,-0.01728353,-0.004270249,-0.2383693,-0.09771156,-9.883383,-0.17519464,1.145598,2.1471196,1.7911494,0,0.088,-1.282,293.446
01:03.3,0,100,0,0,0,0,0,0,0,0,-0.007544375,-0.01970526,-0.021237145,-0.1860794,-0.03716949,-9.8200375,-0.1525889,1.086861,2.040096,1.683255,0,0.09,-1.28,293.45
01:03.3,0,100,0,0,0,0,0,0,0,0,0.02109827,-0.02212699,-0.03820404,-0.1337895,0.02337258,-9.756692,-0.17293408,1.06351128,1.9697318,1.5919088,0,0.092,-1.284,293.446
01:03.4,0,100,0,0,0,0,0,0,0,0,-0.003165185,0.005286475,-0.01261187,-0.20051435,-0.03181201,-9.798293,-0.19327926,1.04016156,1.8993676,1.5005626,0,0.094,-1.288,293.442
01:03.4,0,100,0,0,0,0,0,0,0,0,-0.02742864,0.03269994,0.0129803,-0.2672392,-0.0869966,-9.839894,-0.21362444,1.01681184,1.8290034,1.4092164,0,0.096,-1.292,293.438
01:03.4,0,100,0,0,0,0,0,0,0,0,-0.006887905,0.007940435,0.00591491,-0.1914278,-0.025839035,-9.8114585,-0.23396962,0.99346212,1.7586392,1.3178702,0,0.098,-1.296,293.434
01:03.4,0,100,0,0,0,0,0,0,0,0,0.01365283,-0.01681907,-0.00115048,-0.1156164,0.03531853,-9.783023,-0.2543148,0.9701124,1.688275,1.226524,0,0.1,-1.3,293.43
01:03.4,0,100,0,0,0,0,0,0,0,0,0.006138554,-0.011390562,0.004661665,-0.16393835,0.003461955,-9.7996905,-0.26787824,0.87055688,1.51645726,1.1588891,0,0.1,-1.302,293.428
01:03.5,0,100,0,0,0,0,0,0,0,0,-0.001375722,-0.005962053,0.01047381,-0.2122603,-0.02839462,-9.816358,-0.28144168,0.77100136,1.34463952,1.0912542,0,0.1,-1.304,293.426
01:03.5,0,100,0,0,0,0,0,0,0,0,0.010494369,-0.010444287,0.01196937,-0.17928395,-0.01165656,-9.808835,-0.29500512,0.67144584,1.17282178,1.0236193,0,0.1,-1.306,293.424
01:03.5,0,100,0,0,0,0,0,0,0,0,0.02236446,-0.01492652,0.01346493,-0.1463076,0.0050815,-9.801312,-0.30856856,0.57189032,1.00100404,0.9559844,0,0.1,-1.308,293.422
01:03.5,0,100,0,0,0,0,0,0,0,0,0.01987095,-0.018735915,0.006844073,-0.16865615,-0.005539515,-9.809971,-0.322132,0.4723348,0.8291863,0.8883495,0,0.1,-1.31,293.42
01:03.5,0,100,0,0,0,0,0,0,0,0,0.01737744,-0.02254531,0.000223216,-0.1910047,-0.01616053,-9.81863,-0.271269054,0.46843108,0.80198448,0.85910058,0,0.102,-1.31,293.418
01:03.6,0,100,0,0,0,0,0,0,0,0,0.015810995,-0.03363828,-0.011099897,-0.20873535,-0.027464335,-9.852096,-0.220406108,0.46452736,0.77478266,0.82985166,0,0.104,-1.31,293.416
01:03.6,0,100,0,0,0,0,0,0,0,0,0.01424455,-0.04473125,-0.02242301,-0.226466,-0.03876814,-9.885562,-0.169543162,0.46062364,0.74758084,0.80060274,0,0.106,-1.31,293.414
01:03.6,0,100,0,0,0,0,0,0,0,0,0.01779183,-0.026714535,-0.008568741,-0.2026226,-0.012140365,-9.8308615,-0.118680216,0.45671992,0.72037902,0.77135382,0,0.108,-1.31,293.412
01:03.6,0,100,0,0,0,0,0,0,0,0,0.02133911,-0.008697819,0.005285529,-0.1787792,0.01448741,-9.776161,-0.06781727,0.4528162,0.6931772,0.7421049,0,0.11,-1.31,293.41
01:03.6,0,100,0,0,0,0,0,0,0,0,0.01929101,-0.007216232,0.005828937,-0.2005433,-0.014691985,-9.770665,-0.100595616,0.44004786,0.67966074,0.71975908,0,0.108,-1.312,293.41
01:03.7,0,100,0,0,0,0,0,0,0,0,0.01724291,-0.005734645,0.006372344,-0.2223074,-0.04387138,-9.765169,-0.133373962,0.42727952,0.66614428,0.69741326,0,0.106,-1.314,293.41
01:03.7,0,100,0,0,0,0,0,0,0,0,-0.001924325,-0.001647216,0.001049761,-0.2069307,-0.04356383,-9.8031325,-0.166152308,0.41451118,0.65262782,0.67506744,0,0.104,-1.316,293.41
01:03.7,0,100,0,0,0,0,0,0,0,0,-0.02109156,0.002440213,-0.004272821,-0.191554,-0.04325628,-9.841096,-0.198930654,0.40174284,0.63911136,0.65272162,0,0.102,-1.318,293.41
01:03.7,0,100,0,0,0,0,0,0,0,0,-0.009503943,-0.007417089,-0.003445803,-0.17564135,-0.025310233,-9.826376,-0.231709,0.3889745,0.6255949,0.6303758,0,0.1,-1.32,293.41
01:03.7,0,100,0,0,0,0,0,0,0,0,0.002083673,-0.01727439,-0.002618785,-0.1597287,-0.007364186,-9.811656,-0.24753304,0.38374566,0.6070579,0.6472834,0,0.1,-1.32,293.41
01:03.8,0,100,0,0,0,0,0,0,0,0,-0.018658404,-0.016121675,-0.001647167,-0.16283225,-0.018881383,-9.803819,-0.26335708,0.37851682,0.5885209,0.664191,0,0.1,-1.32,293.41
01:03.8,0,100,0,0,0,0,0,0,0,0,-0.03940048,-0.01496896,-0.000675548,-0.1659358,-0.03039858,-9.795982,-0.27918112,0.37328798,0.5699839,0.6810986,0,0.1,-1.32,293.41
01:03.8,0,100,0,0,0,0,0,0,0,0,-0.022234909,-0.005579638,0.005921111,-0.1720423,-0.019016634,-9.79121,-0.29500516,0.36805914,0.5514469,0.6980062,0,0.1,-1.32,293.41
01:03.8,0,100,0,0,0,0,0,0,0,0,-0.005069337,0.003809685,0.01251777,-0.1781488,-0.007634688,-9.786438,-0.3108292,0.3628303,0.5329099,0.7149138,0,0.1,-1.32,293.41
01:03.8,0,100,0,0,0,0,0,0,0,0,-0.003318914,-0.004342618,0.007974226,-0.19129665,-0.018890994,-9.807829,-0.27692056,0.3516295,0.53424316,0.6976699,0,0.104,-1.322,293.408
01:03.9,0,100,0,0,0,0,0,0,0,0,-0.001568491,-0.01249492,0.003430682,-0.2044445,-0.0301473,-9.82922,-0.24301192,0.3404287,0.53557642,0.680426,0,0.108,-1.324,293.406
01:03.9,0,100,0,0,0,0,0,0,0,0,0.005469455,-0.01350319,0.005130763,-0.20036505,-0.023910005,-9.816707,-0.20910328,0.3292279,0.53690968,0.6631821,0,0.112,-1.326,293.404
01:03.9,0,100,0,0,0,0,0,0,0,0,0.0125074,-0.01451146,0.006830843,-0.1962856,-0.01767271,-9.804194,-0.17519464,0.3180271,0.53824294,0.6459382,0,0.116,-1.328,293.402
01:04.1,4,11.77,15.4281265,75.0146138,279.97,2.430166,227.6851,655.35,655.35,65.23,-0.004743805,0.021155184,0.012148669,-0.1078138,0.05219104,-9.7804615,-0.2769205,0.4355057,0.7591562,0.7910371,0,0.11,-1.34,293.39
01:04.1,4,11.77,15.42813425,75.0146182,282.643,2.4100543,227.05283,655.35,655.35,63.254,0.01283105,0.003768827,0.01508464,-0.1273624,0.02924162,-9.772267,-0.2859628,0.4373618,0.74037058,0.7871945,0,0.112,-1.34,293.39
01:04.2,4,11.77,15.428142,75.0146226,285.316,2.3899426,226.42056,655.35,655.35,61.278,-0.001723525,0.014243569,0.01288394,-0.1725982,0.00029084,-9.796428,-0.2950051,0.4392179,0.72158496,0.7833519,0,0.114,-1.34,293.39
01:04.2,4,11.77,15.42814975,75.014627,287.989,2.3698309,225.78829,655.35,655.35,59.302,-0.0162781,0.02471831,0.01068324,-0.217834,-0.02865994,-9.820589,-0.3040474,0.441074,0.70279934,0.7795093,0,0.116,-1.34,293.39
01:04.2,4,11.77,15.4281575,75.0146314,290.662,2.3497192,225.15602,655.35,655.35,57.326,-0.003777754,0.00831885,0.006399694,-0.20824275,-0.02217634,-9.800083,-0.3130897,0.4429301,0.68401372,0.7756667,0,0.118,-1.34,293.39
01:04.2,4,11.77,15.42816525,75.0146358,293.335,2.3296075,224.52375,655.35,655.35,55.35,0.008722592,-0.008080609,0.002116147,-0.1986515,-0.01569274,-9.779577,-0.322132,0.4447862,0.6652281,0.7718241,0,0.12,-1.34,293.39
01:04.2,4,11.77,15.428173,75.0146402,296.008,2.3094958,223.89148,655.35,655.35,53.374,0.015267691,-0.014351995,0.00064887,-0.1901734,-0.01325139,-9.7776865,-0.29161424,0.44742972,0.6483579,0.77224952,0,0.12,-1.34,293.39
01:04.3,4,11.77,15.42818075,75.0146446,298.681,2.2893841,223.25921,655.35,655.35,51.398,0.02181279,-0.02062338,-0.000818408,-0.1816953,-0.01081004,-9.775796,-0.26109648,0.45007324,0.6314877,0.77267494,0,0.12,-1.34,293.39
01:04.3,4,11.77,15.4281885,75.014649,301.354,2.2692724,222.62694,655.35,655.35,49.422,0.02158044,-0.02830843,-0.004631894,-0.1905043,-0.0221756,-9.80316,-0.23057872,0.45271676,0.6146175,0.77310036,0,0.12,-1.34,293.39
01:04.3,4,11.77,15.42819625,75.0146534,304.027,2.2491607,221.99467,655.35,655.35,47.446,0.02134809,-0.03599348,-0.008445381,-0.1993133,-0.03354116,-9.830524,-0.20006096,0.45536028,0.5977473,0.77352578,0,0.12,-1.34,293.39
01:04.3,4,11.77,15.428204,75.0146578,306.7,2.229049,221.3624,655.35,655.35,45.47,0.022842625,-0.020036466,-0.000598308,-0.1510908,-0.00655878,-9.7997545,-0.1695432,0.4580038,0.5808771,0.7739512,0,0.12,-1.34,293.39
01:04.3,4,11.77,15.42820567,75.01466052,307.803,2.2476419,221.88388,655.35,655.35,44.528,0.02433716,-0.004079451,0.007248765,-0.1028683,0.0204236,-9.768985,-0.15824032,0.46599248,0.6179514,0.78746022,0,0.118,-1.34,293.386
01:04.4,4,11.77,15.42820734,75.01466324,308.906,2.2662348,222.40536,655.35,655.35,43.586,0.023363155,-0.016617351,-0.002689767,-0.15644585,-0.015812665,-9.782177,-0.14693744,0.47398116,0.6550257,0.80096924,0,0.116,-1.34,293.382
01:04.4,4,11.77,15.42820901,75.01466596,310.009,2.2848277,222.92684,655.35,655.35,42.644,0.02238915,-0.02915525,-0.0126283,-0.2100234,-0.05204893,-9.795369,-0.13563456,0.48196984,0.6921,0.81447826,0,0.114,-1.34,293.378
01:04.4,4,11.77,15.42821068,75.01466868,311.112,2.3034206,223.44832,655.35,655.35,41.702,-0.022577835,0.00765903,-0.018496165,-0.20350795,-0.04025959,-9.811668,-0.12433168,0.48995852,0.7291743,0.82798728,0,0.112,-1.34,293.374
01:04.4,4,11.77,15.42821235,75.0146714,312.215,2.3220135,223.9698,655.35,655.35,40.76,-0.06754482,0.04447331,-0.02436403,-0.1969925,-0.02847025,-9.827967,-0.1130288,0.4979472,0.7662486,0.8414963,0,0.11,-1.34,293.37
01:04.4,4,11.77,15.42821402,75.01467412,313.318,2.3406064,224.49128,655.35,655.35,39.818,-0.054752515,0.036703005,-0.022238185,-0.21852035,-0.04670117,-9.827694,-0.15145858,0.48387126,0.74043612,0.82695094,0,0.112,-1.342,293.368
01:04.5,4,11.77,15.42821569,75.01467684,314.421,2.3591993,225.01276,655.35,655.35,38.876,-0.04196021,0.0289327,-0.02011234,-0.2400482,-0.06493209,-9.827421,-0.18988836,0.46979532,0.71462364,0.81240558,0,0.114,-1.344,293.366
01:04.5,4,11.77,15.42821736,75.01467956,315.524,2.3777922,225.53424,655.35,655.35,37.934,-0.0300142,0.020163525,-0.010932773,-0.18684675,-0.01443132,-9.8159015,-0.22831814,0.45571938,0.68881116,0.79786022,0,0.116,-1.346,293.364
01:04.5,4,11.77,15.42821903,75.01468228,316.627,2.3963851,226.05572,655.35,655.35,36.992,-0.01806819,0.01139435,-0.001753206,-0.1336453,0.03606945,-9.804382,-0.26674792,0.44164344,0.66299868,0.78331486,0,0.118,-1.348,293.362
01:04.5,4,11.77,15.4282207,75.014685,317.73,2.414978,226.5772,655.35,655.35,36.05,0.003082565,-0.009712195,-0.005935703,-0.1601187,0.01079781,-9.80963,-0.3051777,0.4275675,0.6371862,0.7687695,0,0.12,-1.35,293.36
01:04.5,4,11.77,15.42822346,75.01468874,319.236,2.4221838,226.17505,655.35,655.35,35.536,0.02423332,-0.03081874,-0.0101182,-0.1865921,-0.01447383,-9.814878,-0.28370224,0.48046156,0.6782796,0.79179378,0,0.122,-1.35,293.36
01:04.6,4,11.77,15.42822622,75.01469248,320.742,2.4293896,225.7729,655.35,655.35,35.022,0.002983105,-0.012572165,-0.01307265,-0.21580305,-0.04813643,-9.81333,-0.26222678,0.53335562,0.719373,0.81481806,0,0.124,-1.35,293.36
01:04.6,4,11.77,15.42822898,75.01469622,322.248,2.4365954,225.37075,655.35,655.35,34.508,-0.01826711,0.005674411,-0.0160271,-0.245014,-0.08179903,-9.811782,-0.24075132,0.58624968,0.7604664,0.83784234,0,0.126,-1.35,293.36
01:04.6,4,11.77,15.42823174,75.01469996,323.754,2.4438012,224.9686,655.35,655.35,33.994,-0.00311584,0.010413696,-0.009783094,-0.20832915,-0.039174251,-9.7977735,-0.21927586,0.63914374,0.8015598,0.86086662,0,0.128,-1.35,293.36
01:04.6,4,11.77,15.4282345,75.0147037,325.26,2.451007,224.56645,655.35,655.35,33.48,0.01203543,0.01515298,-0.003539089,-0.1716443,0.003450529,-9.783765,-0.1978004,0.6920378,0.8426532,0.8838909,0,0.13,-1.35,293.36
01:04.6,4,11.77,15.42823726,75.01470744,326.766,2.4582128,224.1643,655.35,655.35,32.966,0.008198703,0.006863355,-0.006392357,-0.22396125,-0.044910205,-9.842452,-0.174064348,0.6480198,0.80218518,0.86687288,0,0.13,-1.352,293.358
01:04.7,4,11.77,15.42824002,75.01471118,328.272,2.4654186,223.76215,655.35,655.35,32.452,0.004361975,-0.001426269,-0.009245626,-0.2762782,-0.09327094,-9.901139,-0.150328296,0.6040018,0.76171716,0.84985486,0,0.13,-1.354,293.356
01:04.7,4,11.77,15.42824278,75.01471492,329.778,2.4726244,223.36,655.35,655.35,31.938,-0.006414223,0.005204161,-0.010260818,-0.2098988,-0.032729865,-9.8687,-0.126592244,0.5599838,0.72124914,0.83283684,0,0.13,-1.356,293.354
01:04.7,4,11.77,15.42824554,75.01471866,331.284,2.4798302,222.95785,655.35,655.35,31.424,-0.01719042,0.01183459,-0.01127601,-0.1435194,0.02781121,-9.836261,-0.102856192,0.5159658,0.68078112,0.81581882,0,0.13,-1.358,293.352
01:04.7,4,11.77,15.4282483,75.0147224,332.79,2.487036,222.5557,655.35,655.35,30.91,-0.008151772,0.01080051,-0.003182734,-0.19033775,-0.013260855,-9.792406,-0.07912014,0.4719478,0.6403131,0.7988008,0,0.13,-1.36,293.35
01:04.7,4.2,10.842,15.42830177,75.01480638,362.006,2.25671962,229.37032,609.958,655.35,28.253,0.000886877,0.00976643,0.004910541,-0.2371561,-0.05433292,-9.748551,-0.071208126,0.4549916,0.62678342,0.78651294,0,0.13,-1.36,293.348
01:04.8,4.4,9.914,15.42835524,75.01489036,391.222,2.02640324,236.18494,564.566,655.35,25.596,0.006213638,-0.00097513,0.001958338,-0.2268337,-0.046104515,-9.7477755,-0.063296112,0.4380354,0.61325374,0.77422508,0,0.13,-1.36,293.346
01:04.8,4.6,8.986,15.42840871,75.01497434,420.438,1.79608686,242.99956,519.174,655.35,22.939,0.0115404,-0.01171669,-0.000993864,-0.2165113,-0.03787611,-9.747,-0.055384098,0.4210792,0.59972406,0.76193722,0,0.13,-1.36,293.344
01:04.8,4.8,8.058,15.42846218,75.01505832,449.654,1.56577048,249.81418,473.782,655.35,20.282,-0.00246717,-0.005022313,0.006129978,-0.16997395,0.01052837,-9.789791,-0.047472084,0.404123,0.58619438,0.74964936,0,0.13,-1.36,293.342
01:04.8,5,7.13,15.42851565,75.0151423,478.87,1.3354541,256.6288,428.39,655.35,17.625,-0.01647474,0.001672065,0.01325382,-0.1234366,0.05893285,-9.832582,-0.03956007,0.3871668,0.5726647,0.7373615,0,0.13,-1.36,293.34
01:04.8,5.2,6.202,15.42856912,75.01522628,508.086,1.10513772,263.44342,382.998,655.35,14.968,-0.021718875,-0.000719486,0.013991105,-0.1662699,0.00443703,-9.830846,-0.068947556,0.3830808,0.56446674,0.70921196,0,0.13,-1.362,293.34
01:04.9,5.4,5.274,15.42862259,75.01531026,537.302,0.87482134,270.25804,337.606,655.35,12.311,-0.02696301,-0.003111037,0.01472839,-0.2091032,-0.05005879,-9.82911,-0.098335042,0.3789948,0.55626878,0.68106242,0,0.13,-1.364,293.34
01:04.9,5.6,4.346,15.42867606,75.01539424,566.518,0.64450496,277.07266,292.214,655.35,9.654,-0.010174536,-0.009952379,0.011230004,-0.2076226,-0.04653653,-9.800547,-0.127722528,0.3749088,0.54807082,0.65291288,0,0.13,-1.366,293.34
01:04.9,5.8,3.418,15.42872953,75.01547822,595.734,0.41418858,283.88728,246.822,655.35,6.997,0.006613938,-0.01679372,0.007731618,-0.206142,-0.04301427,-9.771984,-0.157110014,0.3708228,0.53987286,0.62476334,0,0.13,-1.368,293.34
01:04.9,6,2.49,15.428783,75.0155622,624.95,0.1838722,290.7019,201.43,655.35,4.34,-0.014358341,-0.003345085,0.005224243,-0.2029819,-0.035928225,-9.8004195,-0.1864975,0.3667368,0.5316749,0.5966138,0,0.13,-1.37,293.34
01:04.9,6.090909091,2.395454545,15.42878756,75.01557015,627.3809091,0.191760855,289.8858273,198.9136364,655.35,4.262727273,-0.03533062,0.01010355,0.002716867,-0.1998218,-0.02884218,-9.828855,-0.2136244,0.39227064,0.56152806,0.6408785,0,0.13,-1.37,293.338
01:05.0,6.181818182,2.300909091,15.42879213,75.01557811,629.8118182,0.199649509,289.0697545,196.3972727,655.35,4.185454545,-0.03077539,0.015102945,0.007167659,-0.210409,-0.03517416,-9.8035795,-0.2407513,0.41780448,0.59138122,0.6851432,0,0.13,-1.37,293.336
01:05.0,6.272727273,2.206363636,15.42879669,75.01558606,632.2427273,0.207538164,288.2536818,193.8809091,655.35,4.108181818,-0.02622016,0.02010234,0.01161845,-0.2209962,-0.04150614,-9.778304,-0.2678782,0.44333832,0.62123438,0.7294079,0,0.13,-1.37,293.334
01:05.0,6.363636364,2.111818182,15.42880125,75.01559402,634.6736364,0.215426818,287.4376091,191.3645455,655.35,4.030909091,-0.016811539,-0.00144602,0.009190149,-0.2162628,-0.03900548,-9.768972,-0.2950051,0.46887216,0.65108754,0.7736726,0,0.13,-1.37,293.332
01:05.0,6.454545455,2.017272727,15.42880582,75.01560197,637.1045455,0.223315473,286.6215364,188.8481818,655.35,3.953636364,-0.007402917,-0.02299438,0.006761848,-0.2115294,-0.03650482,-9.75964,-0.322132,0.494406,0.6809407,0.8179373,0,0.13,-1.37,293.33
01:05.0,6.545454545,1.922727273,15.42881038,75.01560993,639.5354545,0.231204127,285.8054636,186.3318182,655.35,3.876363636,-0.014851649,-0.021278455,0.010053474,-0.19551715,-0.030397445,-9.79507,-0.33569546,0.52727548,0.68308542,0.85843284,0,0.138,-1.378,293.33
01:05.1,6.636363636,1.828181818,15.42881495,75.01561788,641.9663636,0.239092782,284.9893909,183.8154545,655.35,3.799090909,-0.02230038,-0.01956253,0.0133451,-0.1795049,-0.02429007,-9.8305,-0.34925892,0.56014496,0.68523014,0.89892838,0,0.146,-1.386,293.33
01:05.1,6.727272727,1.733636364,15.42881951,75.01562584,644.3972727,0.246981436,284.1733182,181.2990909,655.35,3.721818182,-0.004374255,-0.012881412,0.023148595,-0.18138235,-0.02234133,-9.814252,-0.36282238,0.59301444,0.68737486,0.93942392,0,0.154,-1.394,293.33
01:05.1,6.818181818,1.639090909,15.42882407,75.01563379,646.8281818,0.254870091,283.3572455,178.7827273,655.35,3.644545455,0.01355187,-0.006200293,0.03295209,-0.1832598,-0.02039259,-9.798004,-0.37638584,0.62588392,0.68951958,0.97991946,0,0.162,-1.402,293.33
01:05.1,6.909090909,1.544545455,15.42882864,75.01564175,649.2590909,0.262758745,282.5411727,176.2663636,655.35,3.567272727,-0.013041305,0.014832794,0.018532292,-0.127699625,0.00223481,-9.7378565,-0.3899493,0.6587534,0.6916643,1.020415,0,0.17,-1.41,293.33
01:05.1,7,1.45,15.4288332,75.0156497,651.69,0.2706474,281.7251,173.75,655.35,3.49,-0.03963448,0.03586588,0.004112493,-0.07213945,0.02486221,-9.677709,-0.37864642,0.6592318,0.6832149,1.0431706,0,0.162,-1.406,293.326
01:05.2,7.333333333,1.423333333,15.42883948,75.0156614,655.1788889,0.299211089,283.0015222,168.7288889,610.7888889,3.382222222,0.000830625,-0.006930705,0.011740697,-0.163939975,-0.0254509,-9.721189,-0.36734354,0.6597102,0.6747655,1.0659262,0,0.154,-1.402,293.322
01:05.2,7.666666667,1.396666667,15.42884576,75.0156731,658.6677778,0.327774778,284.2779444,163.7077778,566.2277778,3.274444444,0.04129573,-0.04972729,0.0193689,-0.2557405,-0.07576401,-9.764669,-0.35604066,0.6601886,0.6663161,1.0886818,0,0.146,-1.398,293.318
01:05.2,8,1.37,15.42885203,75.0156848,662.1566667,0.356338467,285.5543667,158.6866667,521.6666667,3.166666667,0.02265133,-0.06489052,0.004123355,-0.16720634,-0.00900996,-9.80588,-0.34473778,0.660667,0.6578667,1.1114374,0,0.138,-1.394,293.314
01:05.2,8.333333333,1.343333333,15.42885831,75.0156965,665.6455556,0.384902156,286.8307889,153.6655556,477.1055556,3.058888889,0.00400693,-0.08005375,-0.01112219,-0.07867218,0.05774409,-9.847091,-0.3334349,0.6611454,0.6494173,1.134193,0,0.13,-1.39,293.31
01:05.2,8.666666667,1.316666667,15.42886459,75.0157082,669.1344444,0.413465844,288.1072111,148.6444444,432.5444444,2.951111111,0.036435865,-0.083676915,-0.004129123,-0.16518689,-0.006483245,-9.812683,-0.30856856,0.71645906,0.74323144,1.2122806,0,0.134,-1.392,293.31
01:05.3,9,1.29,15.42887087,75.0157199,672.6233333,0.442029533,289.3836333,143.6233333,387.9833333,2.843333333,0.0688648,-0.08730008,0.002863944,-0.2517016,-0.07071058,-9.778275,-0.28370222,0.77177272,0.83704558,1.2903682,0,0.138,-1.394,293.31
01:05.3,9.333333333,1.263333333,15.42887714,75.0157316,676.1122222,0.470593222,290.6600556,138.6022222,343.4222222,2.735555556,0.09573995,-0.13001344,-0.004560853,-0.17934735,-0.015808095,-9.7686495,-0.25883588,0.82708638,0.93085972,1.3684558,0,0.142,-1.396,293.31
01:05.3,9.666666667,1.236666667,15.42888342,75.0157433,679.6011111,0.499156911,291.9364778,133.5811111,298.8611111,2.627777778,0.1226151,-0.1727268,-0.01198565,-0.1069931,0.03909439,-9.759024,-0.23396954,0.88240004,1.02467386,1.4465434,0,0.146,-1.398,293.31
01:05.3,10,1.21,15.4288897,75.015755,683.09,0.5277206,293.2129,128.56,254.3,2.52,0.043640095,-0.095672845,-0.002434606,-0.1833568,-0.02207243,-9.8618835,-0.2091032,0.9377137,1.118488,1.524631,0,0.15,-1.4,293.31
01:05.3,10.1,1.209,15.42889092,75.01575773,683.871,0.53549687,291.85185,127,249.899,2.42,-0.03533491,-0.01861889,0.007116439,-0.2597205,-0.08323925,-9.964743,-0.23283926,0.8967544,1.08790704,1.460411,0,0.152,-1.4,293.31
01:05.4,10.2,1.208,15.42889214,75.01576046,684.652,0.54327314,290.4908,125.44,245.498,2.32,-0.021658953,-0.006539884,0.007769954,-0.1876125,-0.014079835,-9.857615,-0.25657532,0.8557951,1.05732608,1.396191,0,0.154,-1.4,293.31
01:05.4,10.3,1.207,15.42889336,75.01576319,685.433,0.55104941,289.12975,123.88,241.097,2.22,-0.007982997,0.005539122,0.008423469,-0.1155045,0.05507958,-9.750487,-0.28031138,0.8148358,1.02674512,1.331971,0,0.156,-1.4,293.31
01:05.4,10.4,1.206,15.42889458,75.01576592,686.214,0.55882568,287.7687,122.32,236.696,2.12,0.012194621,-0.001860171,0.013492134,-0.13510375,0.04844521,-9.712365,-0.30404744,0.7738765,0.99616416,1.267751,0,0.158,-1.4,293.31
01:05.4,10.5,1.205,15.4288958,75.01576865,686.995,0.56660195,286.40765,120.76,232.295,2.02,0.03237224,-0.009259464,0.0185608,-0.154703,0.04181084,-9.674243,-0.3277835,0.7329172,0.9655832,1.203531,0,0.16,-1.4,293.31
01:05.4,10.6,1.204,15.42889702,75.01577138,687.776,0.57437822,285.0466,119.2,227.894,1.92,0.011119795,-0.032062467,0.005376545,-0.14742965,0.022232625,-9.798564,-0.32326234,0.7022512,0.93805218,1.200865,0,0.156,-1.398,293.306
01:05.5,10.7,1.203,15.42889824,75.01577411,688.557,0.58215449,283.68555,117.64,223.493,1.82,-0.01013265,-0.05486547,-0.00780771,-0.1401563,0.00265441,-9.922885,-0.31874118,0.6715852,0.91052116,1.198199,0,0.152,-1.396,293.302
01:05.5,10.8,1.202,15.42889946,75.01577684,689.338,0.58993076,282.3245,116.08,219.092,1.72,0.00141567,-0.05184963,-0.006240663,-0.113922695,0.034487215,-9.8746975,-0.31422002,0.6409192,0.88299014,1.195533,0,0.148,-1.394,293.298
01:05.5,10.9,1.201,15.42890068,75.01577957,690.119,0.59770703,280.96345,114.52,214.691,1.62,0.01296399,-0.04883379,-0.004673615,-0.08768909,0.06632002,-9.82651,-0.30969886,0.6102532,0.85545912,1.192867,0,0.144,-1.392,293.294
01:05.5,11,1.2,15.4289019,75.0157823,690.9,0.6054833,279.6024,112.96,210.29,1.52,0.01450838,-0.028274855,0.002626783,-0.179109195,-0.002523625,-9.7936545,-0.3051777,0.5795872,0.8279281,1.190201,0,0.14,-1.39,293.29
01:05.5,11,1.2,15.42890225,75.01578335,691.2,0.58218923,280.00848,112.299,208.469,1.558,0.01605277,-0.007715919,0.009927181,-0.2705293,-0.07136727,-9.760799,-0.26674792,0.6023551,0.83228502,1.1976362,0,0.144,-1.392,293.288
01:05.6,11,1.2,15.4289026,75.0157844,691.5,0.55889516,280.41456,111.638,206.648,1.596,0.02323513,-0.002605247,0.008134254,-0.22772275,-0.035351121,-9.7517675,-0.22831814,0.625123,0.83664194,1.2050714,0,0.148,-1.394,293.286
01:05.6,11,1.2,15.42890295,75.01578545,691.8,0.53560109,280.82064,110.977,204.827,1.634,0.03041749,0.002505424,0.006341326,-0.1849162,0.000665029,-9.742736,-0.18988836,0.6478909,0.84099886,1.2125066,0,0.152,-1.396,293.284
01:05.6,11,1.2,15.4289033,75.0157865,692.1,0.51230702,281.22672,110.316,203.006,1.672,0.032012165,0.000271587,-0.005192332,-0.18464445,-0.008612241,-9.783116,-0.15145858,0.6706588,0.84535578,1.2199418,0,0.156,-1.398,293.282
01:05.6,11,1.2,15.42890365,75.01578755,692.4,0.48901295,281.6328,109.655,201.185,1.71,0.03360684,-0.001962249,-0.01672599,-0.1843727,-0.01788951,-9.823496,-0.1130288,0.6934267,0.8497127,1.227377,0,0.16,-1.4,293.28
01:05.6,11,1.2,15.428904,75.0157886,692.7,0.46571888,282.03888,108.994,199.364,1.748,0.025574495,-0.005278128,-0.01576256,-0.20223685,-0.03490547,-9.8246495,-0.13789512,0.65854412,0.80492544,1.16132552,0,0.158,-1.4,293.28
01:05.7,11,1.2,15.42890435,75.01578965,693,0.44242481,282.44496,108.333,197.543,1.786,0.01754215,-0.008594006,-0.01479913,-0.220101,-0.05192143,-9.825803,-0.16276144,0.62366154,0.76013818,1.09527404,0,0.156,-1.4,293.28
01:05.7,11,1.2,15.4289047,75.0157907,693.3,0.41913074,282.85104,107.672,195.722,1.824,0.008404931,-0.008213611,-0.010531946,-0.19370725,-0.027544725,-9.792762,-0.18762776,0.58877896,0.71535092,1.02922256,0,0.154,-1.4,293.28
01:05.7,11,1.2,15.42890505,75.01579175,693.6,0.39583667,283.25712,107.011,193.901,1.862,-0.000732289,-0.007833217,-0.006264762,-0.1673135,-0.003168019,-9.759721,-0.21249408,0.55389638,0.67056366,0.96317108,0,0.152,-1.4,293.28
01:05.7,11,1.2,15.4289054,75.0157928,693.9,0.3725426,283.6632,106.35,192.08,1.9,0.019043315,-0.009870949,-0.002762455,-0.1990822,-0.03533357,-9.7835165,-0.2373604,0.5190138,0.6257764,0.8971196,0,0.15,-1.4,293.28
01:05.7,11,1.2,15.42890597,75.01579401,694.23,0.3796996,282.16786,105.686,190.28,1.876,0.03881892,-0.01190868,0.000739852,-0.2308509,-0.06749912,-9.807312,-0.2577056,0.51449578,0.63502532,0.88294638,0,0.15,-1.4,293.276
01:05.8,11,1.2,15.42890654,75.01579522,694.56,0.3868566,280.67252,105.022,188.48,1.852,0.00407052,0.00359034,-0.00449014,-0.160402055,0.00428341,-9.8048435,-0.2780508,0.50997776,0.64427424,0.86877316,0,0.15,-1.4,293.272
01:05.8,11,1.2,15.42890711,75.01579643,694.89,0.3940136,279.17718,104.358,186.68,1.828,-0.03067788,0.01908936,-0.009720131,-0.08995321,0.07606594,-9.802375,-0.298396,0.50545974,0.65352316,0.85459994,0,0.15,-1.4,293.268
01:05.8,11,1.2,15.42890768,75.01579764,695.22,0.4011706,277.68184,103.694,184.88,1.804,-0.017266847,0.00996892,-0.003377369,-0.166108805,0.0029115,-9.7962375,-0.3187412,0.50094172,0.66277208,0.84042672,0,0.15,-1.4,293.264
01:05.8,11,1.2,15.42890825,75.01579885,695.55,0.4083276,276.1865,103.03,183.08,1.78,-0.003855813,0.00084848,0.002965394,-0.2422644,-0.07024294,-9.7901,-0.3390864,0.4964237,0.672021,0.8262535,0,0.15,-1.4,293.26
01:05.8,11,1.2,15.42890882,75.01580006,695.88,0.4154846,274.69116,102.366,181.28,1.756,0.005983219,-0.014297155,-0.000496549,-0.21133295,-0.04284321,-9.795982,-0.30630804,0.4709823,0.63938426,0.78308154,0,0.152,-1.4,293.26
01:05.9,11,1.2,15.42890939,75.01580127,696.21,0.4226416,273.19582,101.702,179.48,1.732,0.01582225,-0.02944279,-0.003958493,-0.1804015,-0.01544348,-9.801864,-0.27352968,0.4455409,0.60674752,0.73990958,0,0.154,-1.4,293.26
01:05.9,11,1.2,15.42890996,75.01580248,696.54,0.4297986,271.70048,101.038,177.68,1.708,0.014110225,-0.024127835,-0.002289471,-0.19268145,-0.024249945,-9.802933,-0.24075132,0.4200995,0.57411078,0.69673762,0,0.156,-1.4,293.26
01:05.9,11,1.2,15.42891053,75.01580369,696.87,0.4369556,270.20514,100.374,175.88,1.684,0.0123982,-0.01881288,-0.00062045,-0.2049614,-0.03305641,-9.804002,-0.20797296,0.3946581,0.54147404,0.65356566,0,0.158,-1.4,293.26
01:05.9,11,1.2,15.4289111,75.0158049,697.2,0.4441126,268.7098,99.71,174.08,1.66,0.009259169,-0.02419556,0.003932254,-0.2122508,-0.0380601,-9.7980435,-0.1751946,0.3692167,0.5088373,0.6103937,0,0.16,-1.4,293.26
01:05.9,11,1.2,15.42891152,75.01580584,697.43,0.440130764,269.6766091,99.31181818,173.0381818,1.651818182,0.006120137,-0.02957824,0.008484957,-0.2195402,-0.04306379,-9.792085,-0.22040612,0.39867168,0.52780354,0.60838362,0,0.158,-1.402,293.258
01:06.0,11,1.2,15.42891194,75.01580677,697.66,0.436148927,270.6434182,98.91363636,171.9963636,1.643636364,0.004804219,-0.02658686,0.008297079,-0.19841535,-0.02682682,-9.7975405,-0.26561764,0.42812666,0.54676978,0.60637354,0,0.156,-1.404,293.256
01:06.0,11,1.2,15.42891235,75.01580771,697.89,0.432167091,271.6102273,98.51545455,170.9545455,1.635454545,0.003488301,-0.02359548,0.008109201,-0.1772905,-0.01058985,-9.802996,-0.31082916,0.45758164,0.56573602,0.60436346,0,0.154,-1.406,293.254
01:06.0,11,1.2,15.42891277,75.01580865,698.12,0.428185255,272.5770364,98.11727273,169.9127273,1.627272727,0.004647294,-0.025765525,0.005841901,-0.19558595,-0.031326355,-9.809272,-0.35604068,0.48703662,0.58470226,0.60235338,0,0.152,-1.408,293.252
01:06.0,11,1.2,15.42891319,75.01580958,698.35,0.424203418,273.5438455,97.71909091,168.8709091,1.619090909,0.005806286,-0.02793557,0.003574601,-0.2138814,-0.05206286,-9.815548,-0.4012522,0.5164916,0.6036685,0.6003433,0,0.15,-1.41,293.25
01:06.0,11,1.2,15.42891361,75.01581052,698.58,0.420221582,274.5106545,97.32090909,167.8290909,1.610909091,0.009769493,-0.02897952,0.005065681,-0.1919623,-0.035442675,-9.800082,-0.36960414,0.48473886,0.5883571,0.59453474,0,0.152,-1.412,293.248
01:06.1,11,1.2,15.42891403,75.01581145,698.81,0.416239745,275.4774636,96.92272727,166.7872727,1.602727273,0.0137327,-0.03002347,0.00655676,-0.1700432,-0.01882249,-9.784616,-0.33795608,0.45298612,0.5730457,0.58872618,0,0.154,-1.414,293.246
01:06.1,11,1.2,15.42891445,75.01581239,699.04,0.412257909,276.4442727,96.52454545,165.7454545,1.594545455,-0.016118315,-0.0082914,0.006499163,-0.1552389,-0.019603775,-9.793012,-0.30630802,0.42123338,0.5577343,0.58291762,0,0.156,-1.416,293.244
01:06.1,11,1.2,15.42891486,75.01581333,699.27,0.408276073,277.4110818,96.12636364,164.7036364,1.586363636,-0.04596933,0.01344067,0.006441565,-0.1404346,-0.02038506,-9.801408,-0.27465996,0.38948064,0.5424229,0.57710906,0,0.158,-1.418,293.242
01:06.1,11,1.2,15.42891528,75.01581426,699.5,0.404294236,278.3778909,95.72818182,163.6618182,1.578181818,-0.028515725,0.002276517,0.010822743,-0.1553037,-0.022698495,-9.8006305,-0.2430119,0.3577279,0.5271115,0.5713005,0,0.16,-1.42,293.24
01:06.1,11,1.2,15.4289157,75.0158152,699.73,0.4003124,279.3447,95.33,162.62,1.57,-0.01106212,-0.008887636,0.01520392,-0.1701728,-0.02501193,-9.799853,-0.23849074,0.38350902,0.5620219,0.6322571,0,0.164,-1.422,293.242
01:06.2,11,1.2,15.4289162,75.01581604,699.9333333,0.403059133,277.1466778,94.94,161.66,1.562222222,0.02193108,-0.026201503,0.024182945,-0.16923785,-0.008495612,-9.794626,-0.23396958,0.40929014,0.5969323,0.6932137,0,0.168,-1.424,293.244
01:06.2,11,1.2,15.4289167,75.01581689,700.1366667,0.405805867,274.9486556,94.55,160.7,1.554444444,0.05492428,-0.04351537,0.03316197,-0.1683029,0.008020706,-9.789399,-0.22944842,0.43507126,0.6318427,0.7541703,0,0.172,-1.426,293.246
01:06.2,11,1.2,15.4289172,75.01581773,700.34,0.4085526,272.7506333,94.16,159.74,1.546666667,0.04724714,-0.04977165,0.035530795,-0.17432175,0.006138429,-9.793109,-0.22492726,0.46085238,0.6667531,0.8151269,0,0.176,-1.428,293.248
01:06.2,11,1.2,15.4289177,75.01581858,700.5433333,0.411299333,270.5526111,93.77,158.78,1.538888889,0.03957,-0.05602793,0.03789962,-0.1803406,0.004256152,-9.796819,-0.2204061,0.4866335,0.7016635,0.8760835,0,0.18,-1.43,293.25
01:06.2,11,1.2,15.4289182,75.01581942,700.7466667,0.414046067,268.3545889,93.38,157.82,1.531111111,0.010202315,-0.063099155,0.02256423,-0.19912365,-0.020938184,-9.888932,-0.22379696,0.53101578,0.71009596,0.970868,0,0.178,-1.43,293.246
01:06.3,11,1.2,15.4289187,75.01582027,700.95,0.4167928,266.1565667,92.99,156.86,1.523333333,-0.01916537,-0.07017038,0.007228839,-0.2179067,-0.04613252,-9.981045,-0.22718782,0.57539806,0.71852842,1.0656525,0,0.176,-1.43,293.242
01:06.3,11,1.2,15.4289192,75.01582111,701.1533333,0.419539533,263.9585444,92.6,155.9,1.515555556,0.021309425,-0.06861069,0.01615643,-0.1741872,0.00654491,-9.892734,-0.23057868,0.61978034,0.72696088,1.160437,0,0.174,-1.43,293.238
01:06.3,11,1.2,15.4289197,75.01582196,701.3566667,0.422286267,261.7605222,92.21,154.94,1.507777778,0.06178422,-0.067051,0.02508402,-0.1304677,0.05922234,-9.804423,-0.23396954,0.66416262,0.73539334,1.2552215,0,0.172,-1.43,293.234
01:06.3,11,1.2,15.4289202,75.0158228,701.56,0.425033,259.5625,91.82,153.98,1.5,0.01701703,-0.023522655,0.01992206,-0.17849075,0.007674345,-9.777222,-0.2373604,0.7085449,0.7438258,1.350006,0,0.17,-1.43,293.23
01:06.3,11.1,1.199,15.42892065,75.01582357,701.737,0.41414773,257.95785,91.476,153.059,1.499,-0.02775016,0.02000569,0.0147601,-0.2265138,-0.04387365,-9.750021,-0.22492724,0.67457772,0.73905848,1.3033762,0,0.17,-1.43,293.228
01:06.4,11.2,1.198,15.4289211,75.01582434,701.914,0.40326246,256.3532,91.132,152.138,1.498,-0.02540381,0.018479995,0.010633162,-0.2220539,-0.04053579,-9.773809,-0.21249408,0.64061054,0.73429116,1.2567464,0,0.17,-1.43,293.226
01:06.4,11.3,1.197,15.42892155,75.01582511,702.091,0.39237719,254.74855,90.788,151.217,1.497,-0.02305746,0.0169543,0.006506224,-0.217594,-0.03719793,-9.797597,-0.20006092,0.60664336,0.72952384,1.2101166,0,0.17,-1.43,293.224
01:06.4,11.4,1.196,15.428922,75.01582588,702.268,0.38149192,253.1439,90.444,150.296,1.496,-0.00278617,-0.00717619,0.012898602,-0.145580755,0.040097235,-9.815132,-0.18762776,0.57267618,0.72475652,1.1634868,0,0.17,-1.43,293.222
01:06.4,11.5,1.195,15.42892245,75.01582665,702.445,0.37060665,251.53925,90.1,149.375,1.495,0.01748512,-0.03130668,0.01929098,-0.07356751,0.1173924,-9.832667,-0.1751946,0.538709,0.7199892,1.116857,0,0.17,-1.43,293.22
01:06.4,11.6,1.194,15.4289229,75.01582742,702.622,0.35972138,249.9346,89.756,148.454,1.494,0.02512631,-0.033996775,0.023829605,-0.147431955,0.04034046,-9.7991855,-0.18649748,0.53933858,0.7327779,1.1529442,0,0.17,-1.43,293.22
01:06.5,11.7,1.193,15.42892335,75.01582819,702.799,0.34883611,248.32995,89.412,147.533,1.493,0.0327675,-0.03668687,0.02836823,-0.2212964,-0.03671148,-9.765704,-0.19780036,0.53996816,0.7455666,1.1890314,0,0.17,-1.43,293.22
01:06.5,11.8,1.192,15.4289238,75.01582896,702.976,0.33795084,246.7253,89.068,146.612,1.492,-0.005886035,-0.019204448,0.025215905,-0.1980352,-0.02252811,-9.759607,-0.20910324,0.54059774,0.7583553,1.2251186,0,0.17,-1.43,293.22
01:06.5,11.9,1.191,15.42892425,75.01582973,703.153,0.32706557,245.12065,88.724,145.691,1.491,-0.04453957,-0.001722026,0.02206358,-0.174774,-0.00834474,-9.75351,-0.22040612,0.54122732,0.771144,1.2612058,0,0.17,-1.43,293.22
01:06.5,12,1.19,15.4289247,75.0158305,703.33,0.3161803,243.516,88.38,144.77,1.49,-0.025462761,0.000169566,0.010939588,-0.2085138,-0.038108735,-9.7451115,-0.231709,0.5418569,0.7839327,1.297293,0,0.17,-1.43,293.22
01:06.5,12,1.19,15.42892564,75.01583147,703.511,0.32225113,245.34064,87.805,144.004,1.488,-0.006385951,0.002061158,-0.000184403,-0.2422536,-0.06787273,-9.736713,-0.23849072,0.50911318,0.73551442,1.20350348,0,0.168,-1.43,293.216
01:06.6,12,1.19,15.42892658,75.01583244,703.692,0.32832196,247.16528,87.23,143.238,1.486,0.003464025,-0.011789181,-0.001446406,-0.18643805,-0.019410835,-9.7918835,-0.24527244,0.47636946,0.68709614,1.10971396,0,0.166,-1.43,293.212
01:06.6,12,1.19,15.42892752,75.01583341,703.873,0.33439279,248.98992,86.655,142.472,1.484,0.013314,-0.02563952,-0.002708408,-0.1306225,0.02905106,-9.847054,-0.25205416,0.44362574,0.63867786,1.01592444,0,0.164,-1.43,293.208
01:06.6,12,1.19,15.42892846,75.01583438,704.054,0.34046362,250.81456,86.08,141.706,1.482,-0.006143115,-0.012454118,0.000679987,-0.1854173,-0.01593955,-9.8489615,-0.25883588,0.41088202,0.59025958,0.92213492,0,0.162,-1.43,293.204
01:06.6,12,1.19,15.4289294,75.01583535,704.235,0.34653445,252.6392,85.505,140.94,1.48,-0.02560023,0.000731284,0.004068382,-0.2402121,-0.06093016,-9.850869,-0.2656176,0.3781383,0.5418413,0.8283454,0,0.16,-1.43,293.2
01:06.6,12,1.19,15.42893034,75.01583632,704.416,0.35260528,254.46384,84.93,140.174,1.478,-0.016122991,-0.009477463,0.001603877,-0.20781805,-0.02432352,-9.801345,-0.26448732,0.43583488,0.59454842,0.89267552,0,0.164,-1.432,293.2
01:06.7,12,1.19,15.42893128,75.01583729,704.597,0.35867611,256.28848,84.355,139.408,1.476,-0.006645752,-0.01968621,-0.000860628,-0.175424,0.01228312,-9.751821,-0.26335704,0.49353146,0.64725554,0.95700564,0,0.168,-1.434,293.2
01:06.7,12,1.19,15.42893222,75.01583826,704.778,0.36474694,258.11312,83.78,138.642,1.474,-0.008390631,-0.009868351,0.006781896,-0.2208628,-0.029140795,-9.810331,-0.26222676,0.55122804,0.69996266,1.02133576,0,0.172,-1.436,293.2
01:06.7,12,1.19,15.42893316,75.01583923,704.959,0.37081777,259.93776,83.205,137.876,1.472,-0.01013551,-5.05E-05,0.01442442,-0.2663016,-0.07056471,-9.868841,-0.26109648,0.60892462,0.75266978,1.08566588,0,0.176,-1.438,293.2
01:06.7,12,1.19,15.4289341,75.0158402,705.14,0.3768886,261.7624,82.63,137.11,1.47,-0.011022665,0.015169054,0.016628675,-0.2414342,-0.04747061,-9.8706105,-0.2599662,0.6666212,0.8053769,1.149996,0,0.18,-1.44,293.2
01:06.7,12.2,1.183,15.42893612,75.01584047,705.431,0.38759117,262.07636,81.903,135.701,1.463,-0.01190982,0.0303886,0.01883293,-0.2165668,-0.02437651,-9.87238,-0.25883592,0.6202068,0.77062542,1.11565444,0,0.178,-1.438,293.198
01:06.8,12.4,1.176,15.42893814,75.01584074,705.722,0.39829374,262.39032,81.176,134.292,1.456,-0.015180515,0.02134366,0.005614513,-0.15256934,0.023318495,-9.806303,-0.25770564,0.5737924,0.73587394,1.08131288,0,0.176,-1.436,293.196
01:06.8,12.6,1.169,15.42894016,75.01584101,706.013,0.40899631,262.70428,80.449,132.883,1.449,-0.01845121,0.01229872,-0.007603905,-0.08857188,0.0710135,-9.740226,-0.25657536,0.527378,0.70112246,1.04697132,0,0.174,-1.434,293.194
01:06.8,12.8,1.162,15.42894218,75.01584128,706.304,0.41969888,263.01824,79.722,131.474,1.442,-0.012934859,0.01557572,0.000133007,-0.16193169,0.01016507,-9.794478,-0.25544508,0.4809636,0.66637098,1.01262976,0,0.172,-1.432,293.192
01:06.8,13,1.155,15.4289442,75.01584155,706.595,0.43040145,263.3322,78.995,130.065,1.435,-0.007418507,0.01885272,0.007869918,-0.2352915,-0.05068336,-9.84873,-0.2543148,0.4345492,0.6316195,0.9782882,0,0.17,-1.43,293.19
01:06.8,13.2,1.148,15.42894622,75.01584182,706.886,0.44110402,263.64616,78.268,128.656,1.428,0.009717997,-0.023523805,0.001152824,-0.20373965,-0.027543197,-9.8360475,-0.2249273,0.42964744,0.62636144,0.9422018,0,0.17,-1.432,293.188
01:06.9,13.4,1.141,15.42894824,75.01584209,707.177,0.45180659,263.96012,77.541,127.247,1.421,0.0268545,-0.06590033,-0.00556427,-0.1721878,-0.004403035,-9.823365,-0.1955398,0.42474568,0.62110338,0.9061154,0,0.17,-1.434,293.186
01:06.9,13.6,1.134,15.42895026,75.01584236,707.468,0.46250916,264.27408,76.814,125.838,1.414,0.006822525,-0.029723919,-0.004035253,-0.1937719,-0.025202403,-9.812225,-0.1661523,0.41984392,0.61584532,0.870029,0,0.17,-1.436,293.184
01:06.9,13.8,1.127,15.42895228,75.01584263,707.759,0.47321173,264.58804,76.087,124.429,1.407,-0.01320945,0.006452492,-0.002506236,-0.215356,-0.04600177,-9.801085,-0.1367648,0.41494216,0.61058726,0.8339426,0,0.17,-1.438,293.182
01:06.9,14,1.12,15.4289543,75.0158429,708.05,0.4839143,264.902,75.36,123.02,1.4,-0.004382569,-0.0015461,-0.004690488,-0.1994423,-0.033699295,-9.7910735,-0.1073773,0.4100404,0.6053292,0.7978562,0,0.17,-1.44,293.18
01:06.9,14,1.12,15.42895569,75.01584313,708.2045455,0.479488436,266.3161727,74.88,122.1145455,1.396363636,0.004444311,-0.009544692,-0.006874739,-0.1835286,-0.02139682,-9.781062,-0.14693738,0.40692494,0.58706942,0.77058098,0,0.168,-1.44,293.178
01:07.0,14,1.12,15.42895708,75.01584335,708.3590909,0.475062573,267.7303455,74.4,121.2090909,1.392727273,-0.005796155,-0.008250615,-0.007900746,-0.1986198,-0.035416795,-9.7995805,-0.18649746,0.40380948,0.56880964,0.74330576,0,0.166,-1.44,293.176
01:07.0,14,1.12,15.42895847,75.01584358,708.5136364,0.470636709,269.1445182,73.92,120.3036364,1.389090909,-0.01603662,-0.006956538,-0.008926752,-0.213711,-0.04943677,-9.818099,-0.22605754,0.40069402,0.55054986,0.71603054,0,0.164,-1.44,293.174
01:07.0,14,1.12,15.42895986,75.01584381,708.6681818,0.466210845,270.5586909,73.44,119.3981818,1.385454545,-0.020907285,-0.004199365,-0.007628623,-0.21009965,-0.042606815,-9.8133215,-0.26561762,0.39757856,0.53229008,0.68875532,0,0.162,-1.44,293.172
01:07.0,14,1.12,15.42896125,75.01584404,708.8227273,0.461784982,271.9728636,72.96,118.4927273,1.381818182,-0.02577795,-0.001442192,-0.006330493,-0.2064883,-0.03577686,-9.808544,-0.3051777,0.3944631,0.5140303,0.6614801,0,0.16,-1.44,293.17
01:07.0,14,1.12,15.42896265,75.01584426,708.9772727,0.457359118,273.3870364,72.48,117.5872727,1.378181818,-0.01211323,-0.008440521,-0.002666806,-0.19871015,-0.02956397,-9.803593,-0.2859628,0.3764959,0.50257796,0.6429854,0,0.162,-1.44,293.17
01:07.1,14,1.12,15.42896404,75.01584449,709.1318182,0.452933255,274.8012091,72,116.6818182,1.374545455,0.001551491,-0.01543885,0.000996881,-0.190932,-0.02335108,-9.798642,-0.2667479,0.3585287,0.49112562,0.6244907,0,0.164,-1.44,293.17
01:07.1,14,1.12,15.42896543,75.01584472,709.2863636,0.448507391,276.2153818,71.52,115.7763636,1.370909091,-0.01027557,-0.012201932,-0.001305859,-0.178619,-0.024855035,-9.821903,-0.247533,0.3405615,0.47967328,0.605996,0,0.166,-1.44,293.17
01:07.1,14,1.12,15.42896682,75.01584495,709.4409091,0.444081527,277.6295545,71.04,114.8709091,1.367272727,-0.02210263,-0.008965013,-0.003608599,-0.166306,-0.02635899,-9.845164,-0.2283181,0.3225943,0.46822094,0.5875013,0,0.168,-1.44,293.17
01:07.1,14,1.12,15.42896821,75.01584517,709.5954545,0.439655664,279.0437273,70.56,113.9654545,1.363636364,-0.010428971,-0.014475917,-0.004354376,-0.16684985,-0.01531584,-9.810944,-0.2091032,0.3046271,0.4567686,0.5690066,0,0.17,-1.44,293.17
01:07.1,14,1.12,15.4289696,75.0158454,709.75,0.4352298,280.4579,70.08,113.06,1.36,0.001244688,-0.01998682,-0.005100152,-0.1673937,-0.004272689,-9.776724,-0.179715726,0.3199396,0.45560056,0.57912844,0,0.17,-1.442,293.166
01:07.2,14.1,1.119,15.42897025,75.01584508,709.412,0.400438945,286.04917,69.662,110.967,1.369,-0.005073006,-0.01881443,-0.002442921,-0.1992839,-0.036398215,-9.7925715,-0.150328252,0.3352521,0.45443252,0.58925028,0,0.17,-1.444,293.162
01:07.2,14.2,1.118,15.4289709,75.01584476,709.074,0.36564809,291.64044,69.244,108.874,1.378,-0.0113907,-0.01764204,0.000214311,-0.2311741,-0.06852374,-9.808419,-0.120940778,0.3505646,0.45326448,0.59937212,0,0.17,-1.446,293.158
01:07.2,14.3,1.117,15.42897155,75.01584444,708.736,0.330857235,297.23171,68.826,106.781,1.387,-0.00876786,-0.01975888,-0.000734324,-0.20772855,-0.04315811,-9.8073425,-0.091553304,0.3658771,0.45209644,0.60949396,0,0.17,-1.448,293.154
01:07.2,14.4,1.116,15.4289722,75.01584412,708.398,0.29606638,302.82298,68.408,104.688,1.396,-0.00614502,-0.02187572,-0.001682958,-0.184283,-0.01779248,-9.806266,-0.06216583,0.3811896,0.4509284,0.6196158,0,0.17,-1.45,293.15
01:07.2,14.5,1.115,15.42897285,75.0158438,708.06,0.261275525,308.41425,67.99,102.595,1.405,-0.01251802,-0.019291525,-0.00073172,-0.1537006,-0.00208828,-9.807662,-0.06216583,0.405581,0.48679848,0.64931336,0,0.172,-1.452,293.15
01:07.3,14.6,1.114,15.4289735,75.01584348,707.722,0.22648467,314.00552,67.572,100.502,1.414,-0.01889102,-0.01670733,0.000219518,-0.1231182,0.01361592,-9.809058,-0.06216583,0.4299724,0.52266856,0.67901092,0,0.174,-1.454,293.15
01:07.3,14.7,1.113,15.42897415,75.01584316,707.384,0.191693815,319.59679,67.154,98.409,1.423,-0.012126764,-0.02105189,0.005149099,-0.16933945,-0.01499552,-9.7990705,-0.06216583,0.4543638,0.55853864,0.70870848,0,0.176,-1.456,293.15
01:07.3,14.8,1.112,15.4289748,75.01584284,707.046,0.15690296,325.18806,66.736,96.316,1.432,-0.005362507,-0.02539645,0.01007868,-0.2155607,-0.04360696,-9.789083,-0.06216583,0.4787552,0.59440872,0.73840604,0,0.178,-1.458,293.15
01:07.3,14.9,1.111,15.42897545,75.01584252,706.708,0.122112105,330.77933,66.318,94.223,1.441,-0.001717995,-0.02527878,0.005242284,-0.19800185,-0.029938605,-9.792373,-0.06216583,0.5031466,0.6302788,0.7681036,0,0.18,-1.46,293.15
01:07.3,15,1.11,15.4289761,75.0158422,706.37,0.08732125,336.3706,65.9,92.13,1.45,0.001926518,-0.02516111,0.000405888,-0.180443,-0.01627025,-9.795663,-0.122071084,0.51639192,0.64380556,0.75101178,0,0.18,-1.46,293.148
01:07.4,14.9,1.111,15.42897648,75.01584214,706.22,0.087861126,313.36203,65.661,91.209,1.436,0.008223914,-0.024085775,0.000509747,-0.19617295,-0.030292995,-9.8028975,-0.181976338,0.52963724,0.65733232,0.73391996,0,0.18,-1.46,293.146
01:07.4,14.8,1.112,15.42897686,75.01584208,706.07,0.088401002,290.35346,65.422,90.288,1.422,0.01452131,-0.02301044,0.000613606,-0.2119029,-0.04431574,-9.810132,-0.241881592,0.54288256,0.67085908,0.71682814,0,0.18,-1.46,293.144
01:07.4,14.7,1.113,15.42897724,75.01584202,705.92,0.088940878,267.34489,65.183,89.367,1.408,0.005342962,-0.02135461,0.006491473,-0.16332665,0.00212483,-9.805895,-0.301786846,0.55612788,0.68438584,0.69973632,0,0.18,-1.46,293.142
01:07.4,14.6,1.114,15.42897762,75.01584196,705.77,0.089480754,244.33632,64.944,88.446,1.394,-0.003835386,-0.01969878,0.01236934,-0.1147504,0.0485654,-9.801658,-0.3616921,0.5693732,0.6979126,0.6826445,0,0.18,-1.46,293.14
01:07.4,14.5,1.115,15.428978,75.0158419,705.62,0.09002063,221.32775,64.705,87.525,1.38,-0.001572356,-0.01982361,0.009296025,-0.13287115,0.020376746,-9.795494,-0.3345652,0.5258663,0.6280925,0.65956044,0,0.18,-1.46,293.138
01:07.5,14.4,1.116,15.42897838,75.01584184,705.47,0.090560506,198.31918,64.466,86.604,1.366,0.000690675,-0.01994844,0.00622271,-0.1509919,-0.007811909,-9.78933,-0.3074383,0.4823594,0.5582724,0.63647638,0,0.18,-1.46,293.136
01:07.5,14.3,1.117,15.42897876,75.01584178,705.32,0.091100382,175.31061,64.227,85.683,1.352,-0.000428997,-0.02051797,0.006039295,-0.172178,-0.012304309,-9.7957155,-0.2803114,0.4388525,0.4884523,0.61339232,0,0.18,-1.46,293.134
01:07.5,14.2,1.118,15.42897914,75.01584172,705.17,0.091640258,152.30204,63.988,84.762,1.338,-0.001548668,-0.0210875,0.005855879,-0.1933641,-0.01679671,-9.802101,-0.2531845,0.3953456,0.4186322,0.59030826,0,0.18,-1.46,293.132
01:07.5,14.1,1.119,15.42897952,75.01584166,705.02,0.092180134,129.29347,63.749,83.841,1.324,0.000317173,-0.022090785,0.003723517,-0.19634525,-0.01982297,-9.8031175,-0.2260576,0.3518387,0.3488121,0.5672242,0,0.18,-1.46,293.13
01:07.5,14,1.12,15.4289799,75.0158416,704.87,0.09272001,106.2849,63.51,82.92,1.31,0.002183013,-0.02309407,0.001591155,-0.1993264,-0.02284923,-9.804134,-0.23849076,0.3931875,0.41782452,0.67303036,0,0.182,-1.464,293.128
01:07.6,14,1.12,15.42898028,75.01584157,704.806,0.114763819,98.771612,63.337,82.366,1.299,0.014830396,-0.016091084,0.010394128,-0.19961035,-0.02239031,-9.798637,-0.25092392,0.4345363,0.48683694,0.77883652,0,0.184,-1.468,293.126
01:07.6,14,1.12,15.42898066,75.01584154,704.742,0.136807628,91.258324,63.164,81.812,1.288,0.02747778,-0.009088098,0.0191971,-0.1998943,-0.02193139,-9.79314,-0.26335708,0.4758851,0.55584936,0.88464268,0,0.186,-1.472,293.124
01:07.6,14,1.12,15.42898104,75.01584151,704.678,0.158851437,83.745036,62.991,81.258,1.277,0.03508587,-0.045089984,0.006484241,-0.175366,-0.008248322,-9.7877195,-0.27579024,0.5172339,0.62486178,0.99044884,0,0.188,-1.476,293.122
01:07.6,14,1.12,15.42898142,75.01584148,704.614,0.180895246,76.231748,62.818,80.704,1.266,0.04269396,-0.08109187,-0.006228618,-0.1508377,0.005434746,-9.782299,-0.2882234,0.5585827,0.6938742,1.096255,0,0.19,-1.48,293.12
01:07.6,14,1.12,15.4289818,75.01584145,704.55,0.202939055,68.71846,62.645,80.15,1.255,0.056730275,-0.08446359,0.000869593,-0.1895254,-0.025826287,-9.774192,-0.31761088,0.55988224,0.7190593,1.1062658,0,0.192,-1.48,293.118
01:07.7,14,1.12,15.42898218,75.01584142,704.486,0.224982864,61.205172,62.472,79.596,1.244,0.07076659,-0.08783531,0.007967803,-0.2282131,-0.05708732,-9.766085,-0.34699836,0.56118178,0.7442444,1.1162766,0,0.194,-1.48,293.116
01:07.7,14,1.12,15.42898256,75.01584139,704.422,0.247026673,53.691884,62.299,79.042,1.233,0.044480125,-0.05195291,-0.00014922,-0.19990325,-0.035903235,-9.783531,-0.37638584,0.56248132,0.7694295,1.1262874,0,0.196,-1.48,293.114
01:07.7,14,1.12,15.42898294,75.01584136,704.358,0.269070482,46.178596,62.126,78.488,1.222,0.01819366,-0.01607051,-0.008266242,-0.1715934,-0.01471915,-9.800977,-0.40577332,0.56378086,0.7946146,1.1362982,0,0.198,-1.48,293.112
01:07.7,14,1.12,15.42898332,75.01584133,704.294,0.291114291,38.665308,61.953,77.934,1.211,0.006079115,-0.008449898,-0.005343777,-0.19105785,-0.024591105,-9.806429,-0.4351608,0.5650804,0.8197997,1.146309,0,0.2,-1.48,293.11
01:07.7,14,1.12,15.4289837,75.0158413,704.23,0.3131581,31.15202,61.78,77.38,1.2,-0.006035431,-0.000829287,-0.002421311,-0.2105223,-0.03446306,-9.811881,-0.4069036,0.5310603,0.76230002,1.0933483,0,0.2,-1.48,293.11
01:07.8,14,1.157,15.42898395,75.01584115,704.15,0.29406195,52.926338,61.636,76.908,1.192,-0.010072656,-0.000649838,-0.005042435,-0.1830352,-0.030594865,-9.8122555,-0.3786464,0.4970402,0.70480034,1.0403876,0,0.2,-1.48,293.11
01:07.8,14,1.194,15.4289842,75.015841,704.07,0.2749658,74.700656,61.492,76.436,1.184,-0.01410988,-0.000470388,-0.007663558,-0.1555481,-0.02672667,-9.81263,-0.3503892,0.4630201,0.64730066,0.9874269,0,0.2,-1.48,293.11
01:07.8,14,1.231,15.42898445,75.01584085,703.99,0.25586965,96.474974,61.348,75.964,1.176,-0.011668598,-0.004104008,0.000889175,-0.17527675,-0.02499372,-9.796803,-0.322132,0.429,0.58980098,0.9344662,0,0.2,-1.48,293.11
01:07.8,14,1.268,15.4289847,75.0158407,703.91,0.2367735,118.249292,61.204,75.492,1.168,-0.009227316,-0.007737627,0.009441908,-0.1950054,-0.02326077,-9.780976,-0.2938748,0.3949799,0.5323013,0.8815055,0,0.2,-1.48,293.11
01:07.8,14,1.305,15.42898495,75.01584055,703.83,0.21767735,140.02361,61.06,75.02,1.16,-0.004029832,-0.019187309,0.006608539,-0.2080564,-0.025247715,-9.801481,-0.30517768,0.37933174,0.52112752,0.84719328,0,0.202,-1.482,293.108
01:07.9,14,1.342,15.4289852,75.0158404,703.75,0.1985812,161.797928,60.916,74.548,1.152,0.001167651,-0.03063699,0.00377517,-0.2211074,-0.02723466,-9.821986,-0.31648056,0.36368358,0.50995374,0.81288106,0,0.204,-1.484,293.106
01:07.9,14,1.379,15.42898545,75.01584025,703.67,0.17948505,183.572246,60.772,74.076,1.144,-0.004079884,-0.02081038,-0.003814715,-0.20823815,-0.014090109,-9.814685,-0.32778344,0.34803542,0.49877996,0.77856884,0,0.206,-1.486,293.104
01:07.9,14,1.416,15.4289857,75.0158401,703.59,0.1603889,205.346564,60.628,73.604,1.136,-0.009327418,-0.01098377,-0.0114046,-0.1953689,-0.000945558,-9.807384,-0.33908632,0.33238726,0.48760618,0.74425662,0,0.208,-1.488,293.102
01:07.9,14,1.453,15.42898595,75.01583995,703.51,0.14129275,227.120882,60.484,73.132,1.128,-0.001268542,-0.0158447,-0.008355867,-0.21336035,-0.015620329,-9.794027,-0.3503892,0.3167391,0.4764324,0.7099444,0,0.21,-1.49,293.1
01:07.9,14,1.49,15.4289862,75.0158398,703.43,0.1221966,248.8952,60.34,72.66,1.12,0.006790335,-0.02070563,-0.005307134,-0.2313518,-0.0302951,-9.78067,-0.31761086,0.29464098,0.44461034,0.66353318,0,0.21,-1.49,293.1
01:08.0,14.1,1.49,15.42898656,75.0158397,703.393,0.13147229,226.364039,60.198,72.416,1.125,0.008706273,-0.019146945,0.001990452,-0.21928925,-0.019376657,-9.7883965,-0.28483252,0.27254286,0.41278828,0.61712196,0,0.21,-1.49,293.1
01:08.0,14.2,1.49,15.42898692,75.0158396,703.356,0.14074798,203.832878,60.056,72.172,1.13,0.01062221,-0.01758826,0.009288037,-0.2072267,-0.008458213,-9.796123,-0.25205418,0.25044474,0.38096622,0.57071074,0,0.21,-1.49,293.1
01:08.0,14.3,1.49,15.42898728,75.0158395,703.319,0.15002367,181.301717,59.914,71.928,1.135,0.01283921,-0.01704351,0.012734889,-0.20390115,-0.011388267,-9.799959,-0.21927584,0.22834662,0.34914416,0.52429952,0,0.21,-1.49,293.1
01:08.0,14.4,1.49,15.42898764,75.0158394,703.282,0.15929936,158.770556,59.772,71.684,1.14,0.01505621,-0.01649876,0.01618174,-0.2005756,-0.01431832,-9.803795,-0.1864975,0.2062485,0.3173221,0.4778883,0,0.21,-1.49,293.1
01:08.0,14.5,1.49,15.428988,75.0158393,703.245,0.16857505,136.239395,59.63,71.44,1.145,0.012321086,-0.011178599,0.013037269,-0.2009781,-0.020302645,-9.8005815,-0.19893066,0.23021218,0.34672056,0.45219792,0,0.21,-1.492,293.098
01:08.1,14.6,1.49,15.42898836,75.0158392,703.208,0.17785074,113.708234,59.488,71.196,1.15,0.009585962,-0.005858437,0.009892798,-0.2013806,-0.02628697,-9.797368,-0.21136382,0.25417586,0.37611902,0.42650754,0,0.21,-1.494,293.096
01:08.1,14.7,1.49,15.42898872,75.0158391,703.171,0.18712643,91.177073,59.346,70.952,1.155,0.009773133,-0.008053774,0.004093843,-0.1999413,-0.029009395,-9.796658,-0.22379698,0.27813954,0.40551748,0.40081716,0,0.21,-1.496,293.094
01:08.1,14.8,1.49,15.42898908,75.015839,703.134,0.19640212,68.645912,59.204,70.708,1.16,0.009960304,-0.01024911,-0.001705111,-0.198502,-0.03173182,-9.795948,-0.23623014,0.30210322,0.43491594,0.37512678,0,0.21,-1.498,293.092
01:08.1,14.9,1.49,15.42898944,75.0158389,703.097,0.20567781,46.114751,59.062,70.464,1.165,0.005471947,-0.006932758,-0.00486124,-0.1836579,-0.016271211,-9.799031,-0.2486633,0.3260669,0.4643144,0.3494364,0,0.21,-1.5,293.09
01:08.1,15,1.49,15.4289898,75.0158388,703.06,0.2149535,23.58359,58.92,70.22,1.17,0.000983589,-0.003616406,-0.008017369,-0.1688138,-0.000810603,-9.802114,-0.23396956,0.280446348,0.40034798,0.32042122,0,0.21,-1.5,293.088
01:08.2,15,1.49,15.42899042,75.01583891,703.018,0.21890849,30.585672,58.688,69.918,1.178,0.003821817,-0.008301438,-0.00211119,-0.1868669,-0.014917886,-9.801459,-0.21927582,0.234825796,0.33638156,0.29140604,0,0.21,-1.5,293.086
01:08.2,15,1.49,15.42899104,75.01583902,702.976,0.22286348,37.587754,58.456,69.616,1.186,0.006660045,-0.01298647,0.003794989,-0.20492,-0.02902517,-9.800804,-0.20458208,0.189205244,0.27241514,0.26239086,0,0.21,-1.5,293.084
01:08.2,15,1.49,15.42899166,75.01583913,702.934,0.22681847,44.589836,58.224,69.314,1.194,0.007400716,-0.011872185,0.002934662,-0.2003838,-0.02709734,-9.8009445,-0.18988834,0.143584692,0.20844872,0.23337568,0,0.21,-1.5,293.082
01:08.2,15,1.49,15.42899228,75.01583924,702.892,0.23077346,51.591918,57.992,69.012,1.202,0.008141386,-0.0107579,0.002074335,-0.1958476,-0.02516951,-9.801085,-0.1751946,0.09796414,0.1444823,0.2043605,0,0.21,-1.5,293.08
01:08.2,15,1.49,15.4289929,75.01583935,702.85,0.23472845,58.594,57.76,68.71,1.21,0.008878205,-0.013825345,0.001561948,-0.20166885,-0.02728294,-9.8048945,-0.17858546,0.094842376,0.1429254,0.19525832,0,0.21,-1.5,293.078
01:08.3,15,1.49,15.42899352,75.01583946,702.808,0.23868344,65.596082,57.528,68.408,1.218,0.009615024,-0.01689279,0.001049561,-0.2074901,-0.02939637,-9.808704,-0.18197632,0.091720612,0.1413685,0.18615614,0,0.21,-1.5,293.076
01:08.3,15,1.49,15.42899414,75.01583957,702.766,0.24263843,72.598164,57.296,68.106,1.226,0.006207879,-0.012710986,0.003053913,-0.2055307,-0.026997485,-9.8050965,-0.18536718,0.088598848,0.1398116,0.17705396,0,0.21,-1.5,293.074
01:08.3,15,1.49,15.42899476,75.01583968,702.724,0.24659342,79.600246,57.064,67.804,1.234,0.002800734,-0.008529181,0.005058265,-0.2035713,-0.0245986,-9.801489,-0.18875804,0.085477084,0.1382547,0.16795178,0,0.21,-1.5,293.072
01:08.3,15,1.49,15.42899538,75.01583979,702.682,0.25054841,86.602328,56.832,67.502,1.242,0.005762744,-0.011635436,0.003215161,-0.20294415,-0.02423488,-9.80069,-0.1921489,0.08235532,0.1366978,0.1588496,0,0.21,-1.5,293.07
01:08.3,15,1.49,15.428996,75.0158399,702.64,0.2545034,93.60441,56.6,67.2,1.25,0.008724753,-0.01474169,0.001372057,-0.202317,-0.02387116,-9.799891,-0.18536718,0.085518368,0.13527464,0.16504692,0,0.21,-1.502,293.07
01:08.4,15,1.49,15.42899649,75.01583991,702.561,0.231660741,89.99685,56.36,66.843,1.248,0.007044293,-0.013326535,0.002085031,-0.20535445,-0.02888734,-9.802894,-0.17858546,0.088681416,0.13385148,0.17124424,0,0.21,-1.504,293.07
01:08.4,15,1.49,15.42899698,75.01583992,702.482,0.208818082,86.38929,56.12,66.486,1.246,0.005363833,-0.01191138,0.002798005,-0.2083919,-0.03390352,-9.805897,-0.17180374,0.091844464,0.13242832,0.17744156,0,0.21,-1.506,293.07
01:08.4,15,1.49,15.42899747,75.01583993,702.403,0.185975423,82.78173,55.88,66.129,1.244,0.005419685,-0.011546905,0.003193594,-0.2033642,-0.02914393,-9.803673,-0.16502202,0.095007512,0.13100516,0.18363888,0,0.21,-1.508,293.07
01:08.4,15,1.49,15.42899796,75.01583994,702.324,0.163132764,79.17417,55.64,65.772,1.242,0.005475536,-0.01118243,0.003589183,-0.1983365,-0.02438434,-9.801449,-0.1582403,0.09817056,0.129582,0.1898362,0,0.21,-1.51,293.07
01:08.4,15,1.49,15.42899845,75.01583995,702.245,0.140290105,75.56661,55.4,65.415,1.24,0.006593017,-0.009192771,0.001167304,-0.1705784,-0.00227419,-9.8021685,-0.15032828,0.103787848,0.14188952,0.2171563,0,0.212,-1.51,293.068
01:08.5,15,1.49,15.42899894,75.01583996,702.166,0.117447446,71.95905,55.16,65.058,1.238,0.007710497,-0.007203111,-0.001254576,-0.1428203,0.01983596,-9.802888,-0.14241626,0.109405136,0.15419704,0.2444764,0,0.214,-1.51,293.066
01:08.5,15,1.49,15.42899943,75.01583997,702.087,0.094604787,68.35149,54.92,64.701,1.236,-0.00062715,-0.0032916,0.001214389,-0.1768519,-0.00844817,-9.8016275,-0.13450424,0.115022424,0.16650456,0.2717965,0,0.216,-1.51,293.064
01:08.5,15,1.49,15.42899992,75.01583998,702.008,0.071762128,64.74393,54.68,64.344,1.234,-0.008964797,0.000619911,0.003683354,-0.2108835,-0.0367323,-9.800367,-0.12659222,0.120639712,0.17881208,0.2991166,0,0.218,-1.51,293.062
01:08.5,15,1.49,15.42900041,75.01583999,701.929,0.048919469,61.13637,54.44,63.987,1.232,-0.000718098,-0.003574874,0.004030064,-0.2021168,-0.02802671,-9.7964705,-0.1186802,0.126257,0.1911196,0.3264367,0,0.22,-1.51,293.06
01:08.5,15,1.49,15.4290009,75.01584,701.85,0.02607681,57.52881,54.2,63.63,1.23,0.007528601,-0.00776966,0.004376773,-0.1933501,-0.01932112,-9.792574,-0.097204736,0.17911946,0.23128792,0.44978822,0,0.22,-1.512,293.06
01:08.6,15,1.49,15.42900115,75.01583991,701.803,0.039455379,83.428009,54.056,63.413,1.19,-0.004277295,0.003850405,0.004846855,-0.20557925,-0.029204775,-9.804728,-0.075729272,0.23198192,0.27145624,0.57313974,0,0.22,-1.514,293.06
01:08.6,15,1.49,15.4290014,75.01583982,701.756,0.052833948,109.327208,53.912,63.196,1.15,-0.01608319,0.01547047,0.005316936,-0.2178084,-0.03908843,-9.816882,-0.054253808,0.28484438,0.31162456,0.69649126,0,0.22,-1.516,293.06
01:08.6,15,1.49,15.42900165,75.01583973,701.709,0.066212517,135.226407,53.768,62.979,1.11,-0.00153682,-0.01142682,-0.000120636,-0.1724481,-0.015541989,-9.8296315,-0.032778344,0.33770684,0.35179288,0.81984278,0,0.22,-1.518,293.06
01:08.6,15,1.49,15.4290019,75.01583964,701.662,0.079591086,161.125606,53.624,62.762,1.07,0.01300955,-0.03832411,-0.005558209,-0.1270878,0.008004453,-9.842381,-0.01130288,0.3905693,0.3919612,0.9431943,0,0.22,-1.52,293.06
01:08.6,15,1.49,15.42900215,75.01583955,701.615,0.092969655,187.024805,53.48,62.545,1.03,0.012061645,-0.027101205,-0.001016491,-0.166835,-0.013897299,-9.8223685,-0.029387484,0.42232428,0.44095584,0.91933458,0,0.222,-1.52,293.06
01:08.7,15,1.49,15.4290024,75.01583946,701.568,0.106348224,212.924004,53.336,62.328,0.99,0.01111374,-0.0158783,0.003525227,-0.2065822,-0.03579905,-9.802356,-0.047472088,0.45407926,0.48995048,0.89547486,0,0.224,-1.52,293.06
01:08.7,15,1.49,15.42900265,75.01583937,701.521,0.119726793,238.823203,53.192,62.111,0.95,0.020021425,-0.02054538,0.002590101,-0.20264155,-0.02746342,-9.7872185,-0.065556692,0.48583424,0.53894512,0.87161514,0,0.226,-1.52,293.06
01:08.7,15,1.49,15.4290029,75.01583928,701.474,0.133105362,264.722402,53.048,61.894,0.91,0.02892911,-0.02521246,0.001654975,-0.1987009,-0.01912779,-9.772081,-0.083641296,0.51758922,0.58793976,0.84775542,0,0.228,-1.52,293.06
01:08.7,15,1.49,15.42900315,75.01583919,701.427,0.146483931,290.621601,52.904,61.677,0.87,0.010773538,-0.013719001,-0.000443391,-0.20669515,-0.0303619,-9.7950735,-0.1017259,0.5493442,0.6369344,0.8238957,0,0.23,-1.52,293.06
01:08.7,15,1.49,15.4290034,75.0158391,701.38,0.1598625,316.5208,52.76,61.46,0.83,-0.007382034,-0.002225542,-0.002541758,-0.2146894,-0.04159601,-9.818066,-0.12207108,0.49298674,0.58521028,0.77266194,0,0.23,-1.518,293.058
01:08.8,15,1.49,15.4290036,75.01583915,701.368,0.150636428,287.790644,52.563,61.24,0.856,-0.000501093,-0.004797919,0.000579381,-0.1871161,-0.001851105,-9.8029485,-0.14241626,0.43662928,0.53348616,0.72142818,0,0.23,-1.516,293.056
01:08.8,15,1.49,15.4290038,75.0158392,701.356,0.141410356,259.060488,52.366,61.02,0.882,0.006379849,-0.007370296,0.003700519,-0.1595428,0.0378938,-9.787831,-0.16276144,0.38027182,0.48176204,0.67019442,0,0.23,-1.514,293.054
01:08.8,15,1.49,15.429004,75.01583925,701.344,0.132184284,230.330332,52.169,60.8,0.908,0.006947595,-0.002419788,0.003670577,-0.1799322,0.020252928,-9.7912795,-0.18310662,0.32391436,0.43003792,0.61896066,0,0.23,-1.512,293.052
01:08.8,15,1.49,15.4290042,75.0158393,701.332,0.122958212,201.600176,51.972,60.58,0.934,0.007515341,0.002530721,0.003640635,-0.2003216,0.002612055,-9.794728,-0.2034518,0.2675569,0.3783138,0.5677269,0,0.23,-1.51,293.05
01:08.8,15,1.49,15.4290044,75.01583935,701.32,0.11373214,172.87002,51.775,60.36,0.96,0.004361762,-0.004240905,0.00411656,-0.20381125,-0.013727478,-9.801049,-0.20119122,0.2662295,0.36340024,0.59169316,0,0.23,-1.51,293.05
01:08.9,15,1.49,15.4290046,75.0158394,701.308,0.104506068,144.139864,51.578,60.14,0.986,0.001208182,-0.01101253,0.004592485,-0.2073009,-0.03006701,-9.80737,-0.19893064,0.2649021,0.34848668,0.61565942,0,0.23,-1.51,293.05
01:08.9,15,1.49,15.4290048,75.01583945,701.296,0.095279996,115.409708,51.381,59.92,1.012,-0.008732439,-0.01056221,0.000130611,-0.2045279,-0.03163083,-9.810243,-0.19667006,0.2635747,0.33357312,0.63962568,0,0.23,-1.51,293.05
01:08.9,15,1.49,15.429005,75.0158395,701.284,0.086053924,86.679552,51.184,59.7,1.038,-0.01867306,-0.01011189,-0.004331263,-0.2017549,-0.03319465,-9.813116,-0.19440948,0.2622473,0.31865956,0.66359194,0,0.23,-1.51,293.05
01:08.9,15,1.49,15.4290052,75.01583955,701.272,0.076827852,57.949396,50.987,59.48,1.064,-0.001409135,-0.013146015,-0.000765857,-0.20674735,-0.03170572,-9.806726,-0.1921489,0.2609199,0.303746,0.6875582,0,0.23,-1.51,293.05
01:08.9,15,1.49,15.4290054,75.0158396,701.26,0.06760178,29.21924,50.79,59.26,1.09,0.01585479,-0.01618014,0.00279955,-0.2117398,-0.03021679,-9.800336,-0.18988834,0.2520337,0.30389048,0.67299612,0,0.228,-1.51,293.048
01:09.0,15,1.49,15.42900565,75.01583975,701.2654545,0.068896283,37.93107273,50.63363636,59.08545455,1.081818182,0.023658165,-0.017242555,0.00686873,-0.2008718,-0.020976245,-9.793541,-0.18762778,0.2431475,0.30403496,0.65843404,0,0.226,-1.51,293.046
01:09.0,15,1.49,15.42900591,75.01583991,701.2709091,0.070190785,46.64290545,50.47727273,58.91090909,1.073636364,0.03146154,-0.01830497,0.01093791,-0.1900038,-0.0117357,-9.786746,-0.18536722,0.2342613,0.30417944,0.64387196,0,0.224,-1.51,293.044
01:09.0,15,1.49,15.42900616,75.01584006,701.2763636,0.071485288,55.35473818,50.32090909,58.73636364,1.065454545,0.013967766,-0.008639095,0.004102669,-0.2082664,-0.008759132,-9.8004265,-0.18310666,0.2253751,0.30432392,0.62930988,0,0.222,-1.51,293.042
01:09.0,15,1.49,15.42900642,75.01584022,701.2818182,0.072779791,64.06657091,50.16454545,58.56181818,1.057272727,-0.003526008,0.00102678,-0.002732572,-0.226529,-0.005782565,-9.814107,-0.1808461,0.2164889,0.3044684,0.6147478,0,0.22,-1.51,293.04
01:09.0,15,1.49,15.42900667,75.01584037,701.2872727,0.074074294,72.77840364,50.00818182,58.38727273,1.049090909,-0.009889999,0.000201141,-4.31E-05,-0.21019215,-0.012763623,-9.8135775,-0.20006098,0.22356414,0.31509162,0.60964894,0,0.22,-1.508,293.04
01:09.1,15,1.49,15.42900693,75.01584053,701.2927273,0.075368796,81.49023636,49.85181818,58.21272727,1.040909091,-0.01625399,-0.000624498,0.002646273,-0.1938553,-0.01974468,-9.813048,-0.21927586,0.23063938,0.32571484,0.60455008,0,0.22,-1.506,293.04
01:09.1,15,1.49,15.42900718,75.01584068,701.2981818,0.076663299,90.20206909,49.69545455,58.03818182,1.032727273,0.00356356,-0.011450054,-0.000782295,-0.2020027,-0.031040695,-9.802934,-0.23849074,0.23771462,0.33633806,0.59945122,0,0.22,-1.504,293.04
01:09.1,15,1.49,15.42900744,75.01584084,701.3036364,0.077957802,98.91390182,49.53909091,57.86363636,1.024545455,0.02338111,-0.02227561,-0.004210862,-0.2101501,-0.04233671,-9.79282,-0.25770562,0.24478986,0.34696128,0.59435236,0,0.22,-1.502,293.04
01:09.1,15,1.49,15.42900769,75.01584099,701.3090909,0.079252305,107.6257345,49.38272727,57.68909091,1.016363636,0.010950752,-0.005256015,0.001541522,-0.20427605,-0.033498855,-9.797743,-0.2769205,0.2518651,0.3575845,0.5892535,0,0.22,-1.5,293.04
01:09.1,15,1.49,15.42900795,75.01584115,701.3145455,0.080546807,116.3375673,49.22636364,57.51454545,1.008181818,-0.001479607,0.01176358,0.007293906,-0.198402,-0.024661,-9.802666,-0.25318446,0.27581756,0.3855973,0.62518492,0,0.22,-1.5,293.038
01:09.2,15,1.49,15.4290082,75.0158413,701.32,0.08184131,125.0494,49.07,57.34,1,-0.006746873,0.011334775,0.005812681,-0.1819568,-0.006904675,-9.7776455,-0.22944842,0.29977002,0.4136101,0.66111634,0,0.22,-1.5,293.036
01:09.2,15,1.447777778,15.42900853,75.01584151,701.3233333,0.082642337,121.3695311,48.92555556,57.17666667,0.995555556,-0.01201414,0.01090597,0.004331456,-0.1655116,0.01085165,-9.752625,-0.20571238,0.32372248,0.4416229,0.69704776,0,0.22,-1.5,293.034
01:09.2,15,1.405555556,15.42900887,75.01584172,701.3266667,0.083443363,117.6896622,48.78111111,57.01333333,0.991111111,-0.012151105,-0.000910865,-0.001109293,-0.1899761,-0.01222793,-9.772207,-0.18197634,0.34767494,0.4696357,0.73297918,0,0.22,-1.5,293.032
01:09.2,15,1.363333333,15.4290092,75.01584193,701.33,0.08424439,114.0097933,48.63666667,56.85,0.986666667,-0.01228807,-0.0127277,-0.006550041,-0.2144406,-0.03530751,-9.791789,-0.1582403,0.3716274,0.4976485,0.7689106,0,0.22,-1.5,293.03
01:09.2,15,1.321111111,15.42900953,75.01584214,701.3333333,0.085045417,110.3299244,48.49222222,56.68666667,0.982222222,-0.00094429,-0.019309435,-0.003990109,-0.1950105,-0.022449743,-9.7970005,-0.17406432,0.34567644,0.46439176,0.70444792,0,0.22,-1.498,293.03
01:09.3,15,1.278888889,15.42900987,75.01584236,701.3366667,0.085846443,106.6500556,48.34777778,56.52333333,0.977777778,0.01039949,-0.02589117,-0.001430177,-0.1755804,-0.009591976,-9.802212,-0.18988834,0.31972548,0.43113502,0.63998524,0,0.22,-1.496,293.03
01:09.3,15,1.236666667,15.4290102,75.01584257,701.34,0.08664747,102.9701867,48.20333333,56.36,0.973333333,0.009746415,-0.01705599,-0.003472598,-0.20098715,-0.027968008,-9.8067395,-0.20571236,0.29377452,0.39787828,0.57552256,0,0.22,-1.494,293.03
01:09.3,15,1.194444444,15.42901053,75.01584278,701.3433333,0.087448497,99.29031778,48.05888889,56.19666667,0.968888889,0.009093339,-0.008220809,-0.00551502,-0.2263939,-0.04634404,-9.811267,-0.22153638,0.26782356,0.36462154,0.51105988,0,0.22,-1.492,293.03
01:09.3,15,1.152222222,15.42901087,75.01584299,701.3466667,0.088249523,95.61044889,47.91444444,56.03333333,0.964444444,0.010559335,-0.008329648,-0.003076302,-0.21070415,-0.033547465,-9.8053495,-0.2373604,0.2418726,0.3313648,0.4465972,0,0.22,-1.49,293.03
01:09.3,15,1.11,15.4290112,75.0158432,701.35,0.08905055,91.93058,47.77,55.87,0.96,0.01202533,-0.008438486,-0.000637585,-0.1950144,-0.02075089,-9.799432,-0.23623012,0.22382464,0.30969384,0.41488582,0,0.22,-1.488,293.03
01:09.4,15,1.11,15.42901151,75.01584331,701.351,0.086578224,92.903452,47.653,55.752,0.961,0.00921644,-0.010485783,0.009872608,-0.20354085,-0.01697543,-9.8034565,-0.23509984,0.20577668,0.28802288,0.38317444,0,0.22,-1.486,293.03
01:09.4,15,1.11,15.42901182,75.01584342,701.352,0.084105898,93.876324,47.536,55.634,0.962,0.006407549,-0.01253308,0.0203828,-0.2120673,-0.01319997,-9.807481,-0.23396956,0.18772872,0.26635192,0.35146306,0,0.22,-1.484,293.03
01:09.4,15,1.11,15.42901213,75.01584353,701.353,0.081633572,94.849196,47.419,55.516,0.963,0.004603991,-0.01325403,0.02181724,-0.21311405,-0.006646532,-9.8040275,-0.23283928,0.16968076,0.24468096,0.31975168,0,0.22,-1.482,293.03
01:09.4,15,1.11,15.42901244,75.01584364,701.354,0.079161246,95.822068,47.302,55.398,0.964,0.002800432,-0.01397498,0.02325168,-0.2141608,-9.31E-05,-9.800574,-0.231709,0.1516328,0.22301,0.2880403,0,0.22,-1.48,293.03
01:09.4,15,1.11,15.42901275,75.01584375,701.355,0.07668892,96.79494,47.185,55.28,0.965,0.004281416,-0.013282265,0.015465737,-0.212479,-0.009797717,-9.803577,-0.2509239,0.136759442,0.20125324,0.26775748,0,0.22,-1.478,293.026
01:09.5,15,1.11,15.42901306,75.01584386,701.356,0.074216594,97.767812,47.068,55.162,0.966,0.0057624,-0.01258955,0.007679793,-0.2107972,-0.01950234,-9.80658,-0.2701388,0.121886084,0.17949648,0.24747466,0,0.22,-1.476,293.022
01:09.5,15,1.11,15.42901337,75.01584397,701.357,0.071744268,98.740684,46.951,55.044,0.967,0.003676293,-0.005848363,0.003452534,-0.21000805,-0.01686164,-9.8024555,-0.2893537,0.107012726,0.15773972,0.22719184,0,0.22,-1.474,293.018
01:09.5,15,1.11,15.42901368,75.01584408,701.358,0.069271942,99.713556,46.834,54.926,0.968,0.001590185,0.000892824,-0.000774725,-0.2092189,-0.01422094,-9.798331,-0.3085686,0.092139368,0.13598296,0.20690902,0,0.22,-1.472,293.014
01:09.5,15,1.11,15.42901399,75.01584419,701.359,0.066799616,100.686428,46.717,54.808,0.969,0.004327932,-0.004675118,0.002208947,-0.20351925,-0.02188797,-9.800243,-0.3277835,0.07726601,0.1142262,0.1866262,0,0.22,-1.47,293.01
01:09.5,15,1.11,15.4290143,75.0158443,701.36,0.06432729,101.6593,46.6,54.69,0.97,0.007065679,-0.01024306,0.005192618,-0.1978196,-0.029555,-9.802155,-0.31195946,0.076477682,0.1072068,0.17910872,0,0.22,-1.468,293.01
01:09.6,15,1.11,15.42901461,75.01584434,701.36,0.059424267,110.62436,46.474,54.561,0.969,0.006832649,-0.010903125,0.002711489,-0.2019796,-0.027343395,-9.804889,-0.29613542,0.075689354,0.1001874,0.17159124,0,0.22,-1.466,293.01
01:09.6,15,1.11,15.42901492,75.01584438,701.36,0.054521244,119.58942,46.348,54.432,0.968,0.006599619,-0.01156319,0.00023036,-0.2061396,-0.02513179,-9.807623,-0.28031138,0.074901026,0.093168,0.16407376,0,0.22,-1.464,293.01
01:09.6,15,1.11,15.42901523,75.01584442,701.36,0.049618221,128.55448,46.222,54.303,0.967,0.005834677,-0.010310711,0.000292446,-0.20321045,-0.0244328,-9.8041995,-0.26448734,0.074112698,0.0861486,0.15655628,0,0.22,-1.462,293.01
01:09.6,15,1.11,15.42901554,75.01584446,701.36,0.044715198,137.51954,46.096,54.174,0.966,0.005069734,-0.009058231,0.000354533,-0.2002813,-0.02373381,-9.800776,-0.2486633,0.07332437,0.0791292,0.1490388,0,0.22,-1.46,293.01
01:09.6,15,1.11,15.42901585,75.0158445,701.36,0.039812175,146.4846,45.97,54.045,0.965,0.034974857,0.009733075,-0.008099049,-0.15728755,-0.007569601,-9.7633675,-0.25205416,0.210906796,0.2493824,0.33205904,0,0.222,-1.462,293.012
01:09.7,15,1.11,15.42901616,75.01584454,701.36,0.034909152,155.44966,45.844,53.916,0.964,0.06487998,0.02852438,-0.01655263,-0.1142938,0.008594608,-9.725959,-0.25544502,0.348489222,0.4196356,0.51507928,0,0.224,-1.464,293.014
01:09.7,15,1.11,15.42901647,75.01584458,701.36,0.030006129,164.41472,45.718,53.787,0.963,0.056151725,-0.01340743,0.04106962,-0.32350115,0.001576278,-9.8383565,-0.25883588,0.486071648,0.5898888,0.69809952,0,0.226,-1.466,293.016
01:09.7,15,1.11,15.42901678,75.01584462,701.36,0.025103106,173.37978,45.592,53.658,0.962,0.04742347,-0.05533924,0.09869187,-0.5327085,-0.005442053,-9.950754,-0.26222674,0.623654074,0.760142,0.88111976,0,0.228,-1.468,293.018
01:09.7,15,1.11,15.42901709,75.01584466,701.36,0.020200083,182.34484,45.466,53.529,0.961,0.00989056,-0.055737125,0.178187135,-0.94175625,0.032186704,-9.863185,-0.2656176,0.7612365,0.9303952,1.06414,0,0.23,-1.47,293.02
01:09.7,15,1.11,15.4290174,75.0158447,701.36,0.01529706,191.3099,45.34,53.4,0.96,-0.02764235,-0.05613501,0.2576824,-1.350804,0.06981546,-9.775616,-0.24979358,0.8634968,1.01358536,1.0920842,0,0.222,-1.47,293.332
01:09.8,15,1.11,15.42901779,75.01584482,701.362,0.044984814,182.91212,45.216,53.305,0.952,-0.00643831,-0.03849811,0.2941008,-1.9675665,1.11710573,-9.703573,-0.23396956,0.9657571,1.09677552,1.1200284,0,0.214,-1.47,293.644
01:09.8,15,1.11,15.42901818,75.01584494,701.364,0.074672568,174.51434,45.092,53.21,0.944,0.01476573,-0.02086121,0.3305192,-2.584329,2.164396,-9.63153,-0.21814554,1.0680174,1.17996568,1.1479726,0,0.206,-1.47,293.956
01:09.8,15,1.11,15.42901857,75.01584506,701.366,0.104360322,166.11656,44.968,53.115,0.936,0.01409185,-0.027228,0.30171685,-3.443424,2.8953015,-9.7067355,-0.20232152,1.1702777,1.26315584,1.1759168,0,0.198,-1.47,294.268
01:09.8,15,1.11,15.42901896,75.01584518,701.368,0.134048076,157.71878,44.844,53.02,0.928,0.01341797,-0.03359479,0.2729145,-4.302519,3.626207,-9.781941,-0.1864975,1.272538,1.346346,1.203861,0,0.19,-1.47,294.58
01:09.8,15,1.11,15.42901935,75.0158453,701.37,0.16373583,149.321,44.72,52.925,0.92,0.032306535,0.02182127,0.087027765,-3.3410385,2.509607,-9.8485175,-0.22040614,1.2571978,1.4383452,1.2307044,0,0.18,-1.462,294.52
01:09.9,15,1.11,15.42901974,75.01584542,701.372,0.193423584,140.92322,44.596,52.83,0.912,0.0511951,0.07723733,-0.09885897,-2.379558,1.393007,-9.915094,-0.25431478,1.2418576,1.5303444,1.2575478,0,0.17,-1.454,294.46
01:09.9,15,1.11,15.42902013,75.01584554,701.374,0.223111338,132.52544,44.472,52.735,0.904,0.01156398,0.015440215,-0.08827744,-2.2927145,0.92079775,-9.8562955,-0.28822342,1.2265174,1.6223436,1.2843912,0,0.16,-1.446,294.4
01:09.9,15,1.11,15.42902052,75.01584566,701.376,0.252799092,124.12766,44.348,52.64,0.896,-0.02806714,-0.0463569,-0.07769591,-2.205871,0.4485885,-9.797497,-0.32213206,1.2111772,1.7143428,1.3112346,0,0.15,-1.438,294.34
01:09.9,15,1.11,15.42902091,75.01584578,701.378,0.282486846,115.72988,44.224,52.545,0.888,-0.022670255,-0.04135155,-0.138681955,-2.461307,0.82208325,-9.75878,-0.3560407,1.195837,1.806342,1.338078,0,0.14,-1.43,294.28
01:09.9,15,1.11,15.4290213,75.0158459,701.38,0.3121746,107.3321,44.1,52.45,0.88,-0.01727337,-0.0363462,-0.199668,-2.716743,1.195578,-9.720063,-0.32100178,1.341001,2.0635398,1.5547052,0,0.152,-1.43,293.952
01:10.0,15,1.11,15.42902193,75.01584649,701.423,0.38106444,108.04802,43.894,52.311,0.887,0.02166199,-0.02826638,-0.22784585,-2.7925865,1.2949775,-9.849067,-0.28596286,1.486165,2.3207376,1.7713324,0,0.164,-1.43,293.624
01:10.0,15,1.11,15.42902256,75.01584708,701.466,0.44995428,108.76394,43.688,52.172,0.894,0.06059735,-0.02018656,-0.2560237,-2.86843,1.394377,-9.978071,-0.25092394,1.631329,2.5779354,1.9879596,0,0.176,-1.43,293.296
01:10.0,15,1.11,15.42902319,75.01584767,701.509,0.51884412,109.47986,43.482,52.033,0.901,0.041866435,-0.02599701,-0.384953,-2.5703485,1.1794845,-9.8313995,-0.21588502,1.776493,2.8351332,2.2045868,0,0.188,-1.43,292.968
01:10.0,15,1.11,15.42902382,75.01584826,701.552,0.58773396,110.19578,43.276,51.894,0.908,0.02313552,-0.03180746,-0.5138823,-2.272267,0.964592,-9.684728,-0.1808461,1.921657,3.092331,2.421214,0,0.2,-1.43,292.64
01:10.0,15,1.11,15.42902445,75.01584885,701.595,0.6566238,110.9117,43.07,51.755,0.915,0.00218346,-0.05353995,-0.7143942,-1.7382265,0.60401285,-9.756138,-0.18423696,1.8019934,3.0087274,2.3230996,0,0.218,-1.448,291.538
01:10.1,15,1.11,15.42902508,75.01584944,701.638,0.72551364,111.62762,42.864,51.616,0.922,-0.0187686,-0.07527244,-0.9149061,-1.204186,0.2434337,-9.827548,-0.18762782,1.6823298,2.9251238,2.2249852,0,0.236,-1.466,290.436
01:10.1,15,1.11,15.42902571,75.01585003,701.681,0.79440348,112.34354,42.658,51.477,0.929,-0.026208595,-0.028456275,-1.01289055,-1.3693005,0.42350895,-9.8051785,-0.19101868,1.5626662,2.8415202,2.1268708,0,0.254,-1.484,289.334
01:10.1,15,1.11,15.42902634,75.01585062,701.724,0.86329332,113.05946,42.452,51.338,0.936,-0.03364859,0.01835989,-1.110875,-1.534415,0.6035842,-9.782809,-0.19440954,1.4430026,2.7579166,2.0287564,0,0.272,-1.502,288.232
01:10.1,15,1.11,15.42902697,75.01585121,701.767,0.93218316,113.77538,42.246,51.199,0.943,0.009821635,0.006833308,-1.1412615,-1.3827675,0.6279458,-9.8491295,-0.1978004,1.323339,2.674313,1.930642,0,0.29,-1.52,287.13
01:10.1,15,1.11,15.4290276,75.0158518,701.81,1.001073,114.4913,42.04,51.06,0.95,0.05329186,-0.004693273,-1.171648,-1.23112,0.6523074,-9.91545,-0.22718788,1.3113878,2.5814552,1.9354218,0,0.31,-1.518,285.75
01:10.2,15,1.11,15.42902847,75.01585225,701.841,0.94224645,113.004374,41.651,50.764,0.948,0.07697893,-0.009695217,-1.1918245,-0.7096806,0.32075799,-9.774234,-0.25657536,1.2994366,2.4885974,1.9402016,0,0.33,-1.516,284.37
01:10.2,15,1.11,15.42902934,75.0158527,701.872,0.8834199,111.517448,41.262,50.468,0.946,0.100666,-0.01469716,-1.212001,-0.1882412,-0.01079142,-9.633018,-0.28596284,1.2874854,2.3957396,1.9449814,0,0.35,-1.514,282.99
01:10.2,15,1.11,15.42903021,75.01585315,701.903,0.82459335,110.030522,40.873,50.172,0.944,0.090209715,-0.02587127,-1.211887,0.3647588,-0.13823821,-9.7638535,-0.31535032,1.2755342,2.3028818,1.9497612,0,0.37,-1.512,281.61
01:10.2,15,1.11,15.42903108,75.0158536,701.934,0.7657668,108.543596,40.484,49.876,0.942,0.07975343,-0.03704538,-1.211773,0.9177588,-0.265685,-9.894689,-0.3447378,1.263583,2.210024,1.954541,0,0.39,-1.51,280.23
01:10.2,15,1.11,15.42903195,75.01585405,701.965,0.70694025,107.05667,40.095,49.58,0.94,0.040117891,-0.017202569,-1.172527,0.95515455,-0.2223125,-9.9181605,-0.33230462,1.2722372,2.160083,2.0178898,0,0.352,-1.472,279.032
01:10.3,15,1.11,15.42903282,75.0158545,701.996,0.6481137,105.569744,39.706,49.284,0.938,0.000482353,0.002640243,-1.133281,0.9925503,-0.17894,-9.941632,-0.31987144,1.2808914,2.110142,2.0812386,0,0.314,-1.434,277.834
01:10.3,15,1.11,15.42903369,75.01585495,702.027,0.58928715,104.082818,39.317,48.988,0.936,-0.091112424,0.058234222,-1.0015338,1.18008565,-0.4610455,-9.946473,-0.30743826,1.2895456,2.060201,2.1445874,0,0.276,-1.396,276.636
01:10.3,15,1.11,15.42903456,75.0158554,702.058,0.5304606,102.595892,38.928,48.692,0.934,-0.1827072,0.1138282,-0.8697866,1.367621,-0.743151,-9.951314,-0.29500508,1.2981998,2.01026,2.2079362,0,0.238,-1.358,275.438
01:10.3,15,1.11,15.42903543,75.01585585,702.089,0.47163405,101.108966,38.539,48.396,0.932,-0.08616252,0.04917923,-0.8024528,1.7555485,-0.67474065,-9.6449765,-0.2825719,1.306854,1.960319,2.271285,0,0.2,-1.32,274.24
01:10.3,15,1.11,15.4290363,75.0158563,702.12,0.4128075,99.62204,38.15,48.1,0.93,0.01038216,-0.01546974,-0.735119,2.143476,-0.6063303,-9.338639,-0.29500508,1.2893552,1.9950032,2.2328134,0,0.218,-1.318,273.394
01:10.4,15,1.11,15.42903659,75.01585651,702.135,0.41262687,103.534686,38.055,48.005,0.93,0.01984189,0.03549303,-0.7177928,2.1399405,-0.69936385,-9.6952645,-0.30743826,1.2718564,2.0296874,2.1943418,0,0.236,-1.316,272.548
01:10.4,15,1.11,15.42903688,75.01585672,702.15,0.41244624,107.447332,37.96,47.91,0.93,0.02930162,0.0864558,-0.7004666,2.136405,-0.7923974,-10.05189,-0.31987144,1.2543576,2.0643716,2.1558702,0,0.254,-1.314,271.702
01:10.4,15,1.11,15.42903717,75.01585693,702.165,0.41226561,111.359978,37.865,47.815,0.93,0.050015885,0.00669663,-0.70964475,2.1345545,-0.7669452,-9.900733,-0.33230462,1.2368588,2.0990558,2.1173986,0,0.272,-1.312,270.856
01:10.4,15,1.11,15.42903746,75.01585714,702.18,0.41208498,115.272624,37.77,47.72,0.93,0.07073015,-0.07306254,-0.7188229,2.132704,-0.741493,-9.749576,-0.3447378,1.21936,2.13374,2.078927,0,0.29,-1.31,270.01
01:10.4,15,1.11,15.42903775,75.01585735,702.195,0.41190435,119.18527,37.675,47.625,0.93,0.07735622,-0.059027255,-0.68390805,2.204786,-0.54262335,-9.7976965,-0.31987146,1.514783,2.2086164,2.1442564,0,0.29,-1.286,268.99
01:10.5,15,1.11,15.42903804,75.01585756,702.21,0.41172372,123.097916,37.58,47.53,0.93,0.08398229,-0.04499197,-0.6489932,2.276868,-0.3437537,-9.845817,-0.29500512,1.810206,2.2834928,2.2095858,0,0.29,-1.262,267.97
01:10.5,15,1.11,15.42903833,75.01585777,702.225,0.41154309,127.010562,37.485,47.435,0.93,-0.037409955,0.048264865,-0.74071735,2.7002405,-0.5716845,-10.0561835,-0.27013878,2.105629,2.3583692,2.2749152,0,0.29,-1.238,266.95
01:10.5,15,1.11,15.42903862,75.01585798,702.24,0.41136246,130.923208,37.39,47.34,0.93,-0.1588022,0.1415217,-0.8324415,3.123613,-0.7996153,-10.26655,-0.24527244,2.401052,2.4332456,2.3402446,0,0.29,-1.214,265.93
01:10.5,15,1.11,15.42903891,75.01585819,702.255,0.41118183,134.835854,37.295,47.245,0.93,-0.01424185,0.047963375,-1.05856525,3.3057115,-0.91486965,-9.444431,-0.2204061,2.696475,2.508122,2.405574,0,0.29,-1.19,264.91
01:10.5,15,1.11,15.4290392,75.0158584,702.27,0.4110012,138.7485,37.2,47.15,0.93,0.1303185,-0.04559495,-1.284689,3.48781,-1.030124,-8.622312,-0.24301186,2.5627112,2.497334,2.5220808,0,0.31,-1.2,263.934
01:10.6,15,1.11,15.42903943,75.01585858,702.285,0.39822933,133.000571,37.139,47.089,0.962,0.0038933,0.030105825,-0.95520345,2.2958275,-0.4299222,-9.924436,-0.26561762,2.4289474,2.486546,2.6385876,0,0.33,-1.21,262.958
01:10.6,15,1.11,15.42903966,75.01585876,702.3,0.38545746,127.252642,37.078,47.028,0.994,-0.1225319,0.1058066,-0.6257179,1.103845,0.1702796,-11.22656,-0.28822338,2.2951836,2.475758,2.7550944,0,0.35,-1.22,261.982
01:10.6,15,1.11,15.42903989,75.01585894,702.315,0.37268559,121.504713,37.017,46.967,1.026,-0.018703495,0.020203855,-0.50718305,1.077065,0.57888755,-10.2150425,-0.31082914,2.1614198,2.46497,2.8716012,0,0.37,-1.23,261.006
01:10.6,15,1.11,15.42904012,75.01585912,702.33,0.35991372,115.756784,36.956,46.906,1.058,0.08512491,-0.06539889,-0.3886482,1.050285,0.9874955,-9.203525,-0.3334349,2.027656,2.454182,2.988108,0,0.39,-1.24,260.03
01:10.6,15,1.11,15.42904035,75.0158593,702.345,0.34714185,110.008855,36.895,46.845,1.09,-0.004097155,0.004314015,-0.26945,1.071471,1.39816875,-9.6845875,-0.33117432,2.2100038,2.5796554,3.1586564,0,0.41,-1.27,259.886
01:10.7,15,1.11,15.42904058,75.01585948,702.36,0.33436998,104.260926,36.834,46.784,1.122,-0.09331922,0.07402692,-0.1502518,1.092657,1.808842,-10.16565,-0.32891374,2.3923516,2.7051288,3.3292048,0,0.43,-1.3,259.742
01:10.7,15,1.11,15.42904081,75.01585966,702.375,0.32159811,98.512997,36.773,46.723,1.154,-0.01854713,0.020187915,-0.08613271,0.88670605,1.34022845,-9.894072,-0.32665316,2.5746994,2.8306022,3.4997532,0,0.45,-1.33,259.598
01:10.7,15,1.11,15.42904104,75.01585984,702.39,0.30882624,92.765068,36.712,46.662,1.186,0.05622496,-0.03365109,-0.02201362,0.6807551,0.8716149,-9.622494,-0.32439258,2.7570472,2.9560756,3.6703016,0,0.47,-1.36,259.454
01:10.7,15,1.11,15.42904127,75.01586002,702.405,0.29605437,87.017139,36.651,46.601,1.218,0.05315434,-0.068061545,-0.007349154,0.08087495,0.27727285,-9.7650505,-0.322132,2.939395,3.081549,3.84085,0,0.49,-1.39,259.31
01:10.7,15,1.11,15.4290415,75.0158602,702.42,0.2832825,81.26921,36.59,46.54,1.25,0.05008372,-0.102472,0.007315313,-0.5190052,-0.3170692,-9.907607,-0.32778344,2.6767454,2.8209814,3.4988892,0,0.476,-1.38,259.304
01:10.8,15,1.11,15.42904167,75.01586034,702.428,0.29107585,78.50923,36.555,46.499,1.269,0.023200397,-0.025580175,0.001522938,-0.3295045,-0.14296911,-9.8881695,-0.33343488,2.4140958,2.5604138,3.1569284,0,0.462,-1.37,259.298
01:10.8,15,1.11,15.42904184,75.01586048,702.436,0.2988692,75.74925,36.52,46.458,1.288,-0.003682926,0.05131165,-0.004269437,-0.1400038,0.03113098,-9.868732,-0.33908632,2.1514462,2.2998462,2.8149676,0,0.448,-1.36,259.292
01:10.8,15,1.11,15.42904201,75.01586062,702.444,0.30666255,72.98927,36.485,46.417,1.307,-0.008522623,0.028097222,0.004279732,-0.3624214,-0.17172886,-9.92927,-0.34473776,1.8887966,2.0392786,2.4730068,0,0.434,-1.35,259.286
01:10.8,15,1.11,15.42904218,75.01586076,702.452,0.3144559,70.22929,36.45,46.376,1.326,-0.01336232,0.004882793,0.0128289,-0.584839,-0.3745887,-9.989808,-0.3503892,1.626147,1.778711,2.131046,0,0.42,-1.34,259.28
01:10.8,15,1.11,15.42904235,75.0158609,702.46,0.32224925,67.46931,36.415,46.335,1.345,0.01100907,-0.009784614,0.007108437,-0.08316895,0.08942395,-9.8181195,-0.33117432,1.4258837,1.56322558,1.85765966,0,0.418,-1.354,259.274
01:10.9,15,1.11,15.42904252,75.01586104,702.468,0.3300426,64.70933,36.38,46.294,1.364,0.03538046,-0.02445202,0.001387974,0.4185011,0.5534366,-9.646431,-0.31195944,1.2256204,1.34774016,1.58427332,0,0.416,-1.368,259.268
01:10.9,15,1.11,15.42904269,75.01586118,702.476,0.33783595,61.94935,36.345,46.253,1.383,0.007758665,-0.00749318,-0.002071139,-0.09390725,0.08247495,-9.77495,-0.29274456,1.0253571,1.13225474,1.31088698,0,0.414,-1.382,259.262
01:10.9,15,1.11,15.42904286,75.01586132,702.484,0.3456293,59.18937,36.31,46.212,1.402,-0.01986313,0.00946566,-0.005530251,-0.6063156,-0.3884867,-9.903469,-0.27352968,0.8250938,0.91676932,1.03750064,0,0.412,-1.396,259.256
01:10.9,15,1.11,15.42904303,75.01586146,702.492,0.35342265,56.42939,36.275,46.171,1.421,0.00633273,-0.00554185,-0.003111885,-0.253933485,-0.07015735,-9.796337,-0.2543148,0.6248305,0.7012839,0.7641143,0,0.41,-1.41,259.25
01:10.9,15,1.11,15.4290432,75.0158616,702.5,0.361216,53.66941,36.24,46.13,1.44,0.03252859,-0.02054936,-0.000693519,0.09844863,0.248172,-9.689205,-0.24527248,0.57697148,0.6447936,0.70779352,0,0.414,-1.418,259.244
01:11.0,15,1.11,15.42904343,75.0158618,702.507,0.36650768,56.399452,36.2,46.103,1.431,0.021371275,-0.032806595,-0.005614334,-0.095990785,0.06886075,-9.788232,-0.23623016,0.52911246,0.5883033,0.65147274,0,0.418,-1.426,259.238
01:11.0,15,1.11,15.42904366,75.015862,702.514,0.37179936,59.129494,36.16,46.076,1.422,0.01021396,-0.04506383,-0.01053515,-0.2904302,-0.1104505,-9.887259,-0.22718784,0.48125344,0.531813,0.59515196,0,0.422,-1.434,259.232
01:11.0,15,1.11,15.42904389,75.0158622,702.521,0.37709104,61.859536,36.12,46.049,1.413,-0.016435675,-0.006521325,-0.00603631,-0.264932,-0.08825592,-9.875555,-0.21814552,0.43339442,0.4753227,0.53883118,0,0.426,-1.442,259.226
01:11.0,15,1.11,15.42904412,75.0158624,702.528,0.38238272,64.589578,36.08,46.022,1.404,-0.04308531,0.03202118,-0.00153747,-0.2394338,-0.06606134,-9.863851,-0.2091032,0.3855354,0.4188324,0.4825104,0,0.43,-1.45,259.22
01:11.0,15,1.11,15.42904435,75.0158626,702.535,0.3876744,67.31962,36.04,45.995,1.395,-0.02908705,-0.02688223,0.002060636,-0.16411257,0.002746385,-9.7666675,-0.18762774,0.363021,0.39580676,0.48029534,0,0.436,-1.46,259.212
01:11.1,15,1.11,15.42904458,75.0158628,702.542,0.39296608,70.049662,36,45.968,1.386,-0.01508879,-0.08578564,0.005658742,-0.08879134,0.07155411,-9.669484,-0.16615228,0.3405066,0.37278112,0.47808028,0,0.442,-1.47,259.204
01:11.1,15,1.11,15.42904481,75.015863,702.549,0.39825776,72.779704,35.96,45.941,1.377,-0.010147744,-0.049470345,0.007394168,-0.15808947,0.012118325,-9.7495245,-0.14467682,0.3179922,0.34975548,0.47586522,0,0.448,-1.48,259.196
01:11.1,15,1.11,15.42904504,75.0158632,702.556,0.40354944,75.509746,35.92,45.914,1.368,-0.005206698,-0.01315505,0.009129593,-0.2273876,-0.04731746,-9.829565,-0.12320136,0.2954778,0.32672984,0.47365016,0,0.454,-1.49,259.188
01:11.1,15,1.11,15.42904527,75.0158634,702.563,0.40884112,78.239788,35.88,45.887,1.359,-0.006426774,0.001491455,0.011069052,-0.1805365,-0.010300975,-9.849457,-0.1017259,0.2729634,0.3037042,0.4714351,0,0.46,-1.5,259.18
01:11.1,15,1.11,15.4290455,75.0158636,702.57,0.4141328,80.96983,35.84,45.86,1.35,-0.007646851,0.01613796,0.01300851,-0.1336854,0.02671551,-9.869349,-0.14467684,0.2705056,0.28986634,0.45919258,0,0.474,-1.512,259.174
01:11.2,15,1.11,15.42904575,75.01586374,702.573,0.4172394,108.085317,35.801,45.834,1.349,-0.008423129,-0.013022335,0.011219997,-0.20333615,-0.011558305,-9.770416,-0.18762778,0.2680478,0.27602848,0.44695006,0,0.488,-1.524,259.168
01:11.2,15,1.11,15.429046,75.01586388,702.576,0.420346,135.200804,35.762,45.808,1.348,-0.009199407,-0.04218263,0.009431484,-0.2729869,-0.04983212,-9.671483,-0.23057872,0.26559,0.26219062,0.43470754,0,0.502,-1.536,259.162
01:11.2,15,1.11,15.42904625,75.01586402,702.579,0.4234526,162.316291,35.723,45.782,1.347,-0.007949212,-0.023449508,0.004611911,-0.16862334,0.006923345,-9.8512215,-0.27352966,0.2631322,0.24835276,0.42246502,0,0.516,-1.548,259.156
01:11.2,15,1.11,15.4290465,75.01586416,702.582,0.4265592,189.431778,35.684,45.756,1.346,-0.006699017,-0.004716385,-0.000207662,-0.06425978,0.06367881,-10.03096,-0.3164806,0.2606744,0.2345149,0.4102225,0,0.53,-1.56,259.15
01:11.2,15,1.11,15.42904675,75.0158643,702.585,0.4296658,216.547265,35.645,45.73,1.345,-0.016750869,-0.003571877,-0.000747846,-0.29716144,-0.120672545,-9.9734835,-0.3074383,0.28306172,0.26541602,0.3989982,0,0.52,-1.55,259.146
01:11.3,15,1.11,15.429047,75.01586444,702.588,0.4327724,243.662752,35.606,45.704,1.344,-0.02680272,-0.002427368,-0.00128803,-0.5300631,-0.3050239,-9.916007,-0.298396,0.30544904,0.29631714,0.3877739,0,0.51,-1.54,259.142
01:11.3,15,1.11,15.42904725,75.01586458,702.591,0.435879,270.778239,35.567,45.678,1.343,0.00492664,-0.019683124,0.002156409,-0.16191455,0.02269795,-9.798026,-0.2893537,0.32783636,0.32721826,0.3765496,0,0.5,-1.53,259.138
01:11.3,15,1.11,15.4290475,75.01586472,702.594,0.4389856,297.893726,35.528,45.652,1.342,0.036656,-0.03693888,0.005600848,0.206234,0.3504198,-9.680045,-0.2803114,0.35022368,0.35811938,0.3653253,0,0.49,-1.52,259.134
01:11.3,15,1.11,15.42904775,75.01586486,702.597,0.4420922,325.009213,35.489,45.626,1.341,0.03666663,-0.04244199,0.003780238,-0.05381435,0.1135209,-9.741773,-0.2712691,0.372611,0.3890205,0.354101,0,0.48,-1.51,259.13
01:11.3,15,1.11,15.429048,75.015865,702.6,0.4451988,352.1247,35.45,45.6,1.34,0.03667726,-0.0479451,0.001959627,-0.3138627,-0.123378,-9.803501,-0.27692054,0.3508718,0.36543802,0.33252758,0,0.508,-1.548,259.124
01:11.4,15,1.11,15.4290482,75.01586514,702.613,0.409788257,327.63637,35.414,45.578,1.312,0.02661218,-0.0399374,-0.000173179,-0.2324257,-0.04918279,-9.818571,-0.28257198,0.3291326,0.34185554,0.31095416,0,0.536,-1.586,259.118
01:11.4,15,1.11,15.4290484,75.01586528,702.626,0.374377714,303.14804,35.378,45.556,1.284,0.0165471,-0.0319297,-0.002305984,-0.1509887,0.02501242,-9.833641,-0.28822342,0.3073934,0.31827306,0.28938074,0,0.564,-1.624,259.112
01:11.4,15,1.11,15.4290486,75.01586542,702.639,0.338967171,278.65971,35.342,45.534,1.256,0.027723645,-0.03342709,-0.001969366,-0.218717,-0.04585334,-9.7969985,-0.29387486,0.2856542,0.29469058,0.26780732,0,0.592,-1.662,259.106
01:11.4,15,1.11,15.4290488,75.01586556,702.652,0.303556628,254.17138,35.306,45.512,1.228,0.03890019,-0.03492448,-0.001632748,-0.2864453,-0.1167191,-9.760356,-0.2995263,0.263915,0.2711081,0.2462339,0,0.62,-1.7,259.1
01:11.4,15,1.11,15.429049,75.0158657,702.665,0.268146085,229.68305,35.27,45.49,1.2,0.03254361,-0.031063025,-0.003678788,-0.19394845,-0.034236395,-9.7882735,-0.27805082,0.25656564,0.27113878,0.2514176,0,0.628,-1.716,259.094
01:11.5,15,1.11,15.4290492,75.01586584,702.678,0.232735542,205.19472,35.234,45.468,1.172,0.02618703,-0.02720157,-0.005724827,-0.1014516,0.04824631,-9.816191,-0.25657534,0.24921628,0.27116946,0.2566013,0,0.636,-1.732,259.088
01:11.5,15,1.11,15.4290494,75.01586598,702.691,0.197324999,180.70639,35.198,45.446,1.144,0.009564809,-0.009247089,-0.002123285,-0.2497753,-0.088415845,-9.808774,-0.23509986,0.24186692,0.27120014,0.261785,0,0.644,-1.748,259.082
01:11.5,15,1.11,15.4290496,75.01586612,702.704,0.161914456,156.21806,35.162,45.424,1.116,-0.007057413,0.008707393,0.001478257,-0.398099,-0.225078,-9.801357,-0.21362438,0.23451756,0.27123082,0.2669687,0,0.652,-1.764,259.076
01:11.5,15,1.11,15.4290498,75.01586626,702.717,0.126503913,131.72973,35.126,45.402,1.088,-0.006687187,-0.004446058,0.00209766,-0.2749003,-0.07755624,-9.7782775,-0.1921489,0.2271682,0.2712615,0.2721524,0,0.66,-1.78,259.07
01:11.5,15,1.11,15.42905,75.0158664,702.73,0.09109337,107.2414,35.09,45.38,1.06,-0.006316961,-0.01759951,0.002717062,-0.1517016,0.06996552,-9.755198,-0.18649746,0.22080456,0.2712374,0.27474012,0,0.652,-1.794,259.066
01:11.6,15,1.11,15.42905005,75.01586649,702.741,0.101946003,107.94265,35.075,45.371,1.059,-0.013914241,-0.011639328,-0.000153174,-0.2217986,0.025346525,-9.75388,-0.18084602,0.21444092,0.2712133,0.27732784,0,0.644,-1.808,259.062
01:11.6,15,1.11,15.4290501,75.01586658,702.752,0.112798636,108.6439,35.06,45.362,1.058,-0.02151152,-0.005679147,-0.003023409,-0.2918956,-0.01927247,-9.752562,-0.17519458,0.20807728,0.2711892,0.27991556,0,0.636,-1.822,259.058
01:11.6,15,1.11,15.42905015,75.01586667,702.763,0.123651269,109.34515,35.045,45.353,1.057,-0.007864599,-0.013576159,-0.002506487,-0.22241095,-0.048658855,-9.845784,-0.16954314,0.20171364,0.2711651,0.28250328,0,0.628,-1.836,259.054
01:11.6,15,1.11,15.4290502,75.01586676,702.774,0.134503902,110.0464,35.03,45.344,1.056,0.005782322,-0.02147317,-0.001989565,-0.1529263,-0.07804524,-9.939006,-0.1638917,0.19535,0.271141,0.285091,0,0.62,-1.85,259.05
01:11.6,15,1.11,15.42905025,75.01586685,702.785,0.145356535,110.74765,35.015,45.335,1.055,0.005805311,-0.01830847,-0.004615548,-0.22584865,-0.07624182,-9.879868,-0.16276142,0.18968306,0.250578,0.2705081,0,0.616,-1.862,259.04
01:11.7,15,1.11,15.4290503,75.01586694,702.796,0.156209168,111.4489,35,45.326,1.054,0.0058283,-0.01514377,-0.007241531,-0.298771,-0.0744384,-9.82073,-0.16163114,0.18401612,0.230015,0.2559252,0,0.612,-1.874,259.03
01:11.7,15,1.11,15.42905035,75.01586703,702.807,0.167061801,112.15015,34.985,45.317,1.053,0.001974658,-0.02169175,-0.004517122,-0.2694604,-0.057495,-9.8159115,-0.16050086,0.17834918,0.209452,0.2413423,0,0.608,-1.886,259.02
01:11.7,15,1.11,15.4290504,75.01586712,702.818,0.177914434,112.8514,34.97,45.308,1.052,-0.001878985,-0.02823973,-0.001792712,-0.2401498,-0.0405516,-9.811093,-0.15937058,0.17268224,0.188889,0.2267594,0,0.604,-1.898,259.01
01:11.7,15,1.11,15.42905045,75.01586721,702.829,0.188767067,113.55265,34.955,45.299,1.051,0.006308173,-0.019474625,0.004118249,-0.093467035,0.010330455,-9.8411545,-0.1582403,0.1670153,0.168326,0.2121765,0,0.6,-1.91,259
01:11.7,15,1.11,15.4290505,75.0158673,702.84,0.1996197,114.2539,34.94,45.29,1.05,0.01449533,-0.01070952,0.01002921,0.05321573,0.06121251,-9.871216,-0.1853672,0.235785,0.18613796,0.23514332,0,0.602,-1.934,259.004
01:11.8,15,1.11,15.42905068,75.01586744,702.849,0.22712246,106.764245,34.914,45.274,1.11,0.011182099,-0.01237192,-0.009637655,-0.212380535,-0.052246295,-9.7871705,-0.2124941,0.3045547,0.20394992,0.25811014,0,0.604,-1.958,259.008
01:11.8,15,1.11,15.42905086,75.01586758,702.858,0.25462522,99.27459,34.888,45.258,1.17,0.007868867,-0.01403432,-0.02930452,-0.4779768,-0.1657051,-9.703125,-0.239621,0.3733244,0.22176188,0.28107696,0,0.606,-1.982,259.012
01:11.8,15,1.11,15.42905104,75.01586772,702.867,0.28212798,91.784935,34.862,45.242,1.23,0.020924413,-0.01756762,-0.001381645,-0.3391158,-0.093339925,-9.7529045,-0.2667479,0.4420941,0.23957384,0.30404378,0,0.608,-2.006,259.016
01:11.8,15,1.11,15.42905122,75.01586786,702.876,0.30963074,84.29528,34.836,45.226,1.29,0.03397996,-0.02110092,0.02654123,-0.2002548,-0.02097475,-9.802684,-0.2938748,0.5108638,0.2573858,0.3270106,0,0.61,-2.03,259.02
01:11.8,15,1.11,15.4290514,75.015868,702.885,0.3371335,76.805625,34.81,45.21,1.35,0.026283425,-0.015369262,0.020046565,-0.2874282,-0.041849195,-9.7620445,-0.31761084,0.47408984,0.25022304,0.32204016,0,0.594,-2.014,259.018
01:11.9,15,1.11,15.42905158,75.01586814,702.894,0.36463626,69.31597,34.784,45.194,1.41,0.01858689,-0.009637604,0.0135519,-0.3746016,-0.06272364,-9.721405,-0.34134688,0.43731588,0.24306028,0.31706972,0,0.578,-1.998,259.016
01:11.9,15,1.11,15.42905176,75.01586828,702.903,0.39213902,61.826315,34.758,45.178,1.47,0.010314597,-0.001698889,0.004303348,-0.24541155,-0.063274735,-9.818871,-0.36508292,0.40054192,0.23589752,0.31209928,0,0.562,-1.982,259.014
01:11.9,15,1.11,15.42905194,75.01586842,702.912,0.41964178,54.33666,34.732,45.162,1.53,0.002042304,0.006239826,-0.004945204,-0.1162215,-0.06382583,-9.916337,-0.38881896,0.36376796,0.22873476,0.30712884,0,0.546,-1.966,259.012
01:11.9,15,1.11,15.42905212,75.01586856,702.921,0.44714454,46.847005,34.706,45.146,1.59,0.005099657,-0.000294418,-0.003675825,-0.1768188,-0.049581075,-9.865536,-0.412555,0.326994,0.221572,0.3021584,0,0.53,-1.95,259.01
01:11.9,15,1.11,15.4290523,75.0158687,702.93,0.4746473,39.35735,34.68,45.13,1.65,0.00815701,-0.006828662,-0.002406446,-0.2374161,-0.03533632,-9.814735,-0.35264976,0.29948614,0.2024803,0.27726084,0,0.528,-1.946,259.002
01:12.0,15,1.11,15.42905254,75.01586892,702.945,0.45071978,41.961102,34.641,45.105,1.633,0.005659673,-0.010199366,-0.004452298,-0.24913755,-0.03238261,-9.79635,-0.29274452,0.27197828,0.1833886,0.25236328,0,0.526,-1.942,258.994
01:12.0,15,1.11,15.42905278,75.01586914,702.96,0.42679226,44.564854,34.602,45.08,1.616,0.003162336,-0.01357007,-0.006498149,-0.260859,-0.0294289,-9.777965,-0.23283928,0.24447042,0.1642969,0.22746572,0,0.524,-1.938,258.986
01:12.0,15,1.11,15.42905302,75.01586936,702.975,0.40286474,47.168606,34.563,45.055,1.599,0.007560728,-0.009083547,-0.001512705,-0.2094545,-0.00823499,-9.808581,-0.17293404,0.21696256,0.1452052,0.20256816,0,0.522,-1.934,258.978
01:12.0,15,1.11,15.42905326,75.01586958,702.99,0.37893722,49.772358,34.524,45.03,1.582,0.01195912,-0.004597024,0.003472739,-0.15805,0.01295892,-9.839197,-0.1130288,0.1894547,0.1261135,0.1776706,0,0.52,-1.93,258.97
01:12.0,15,1.11,15.4290535,75.0158698,703.005,0.3550097,52.37611,34.485,45.005,1.565,0.00924856,-0.00536043,0.005662398,-0.24798175,-0.04452924,-9.8137735,-0.14467686,0.18574402,0.1301145,0.16779084,0,0.514,-1.924,258.964
01:12.1,15,1.11,15.42905374,75.01587002,703.02,0.33108218,54.979862,34.446,44.98,1.548,0.006537999,-0.006123836,0.007852057,-0.3379135,-0.1020174,-9.78835,-0.17632492,0.18203334,0.1341155,0.15791108,0,0.508,-1.918,258.958
01:12.1,15,1.11,15.42905398,75.01587024,703.035,0.30715466,57.583614,34.407,44.955,1.531,0.003717694,-0.010011298,0.00350018,-0.3288226,-0.080923385,-9.8053135,-0.20797298,0.17832266,0.1381165,0.14803132,0,0.502,-1.912,258.952
01:12.1,15,1.11,15.42905422,75.01587046,703.05,0.28322714,60.187366,34.368,44.93,1.514,0.000897389,-0.01389876,-0.000851697,-0.3197317,-0.05982937,-9.822277,-0.23962104,0.17461198,0.1421175,0.13815156,0,0.496,-1.906,258.946
01:12.1,15,1.11,15.42905446,75.01587068,703.065,0.25929962,62.791118,34.329,44.905,1.497,0.006399654,-0.0132335,0.002239525,-0.20322057,0.00945324,-9.812528,-0.2712691,0.1709013,0.1461185,0.1282718,0,0.49,-1.9,258.94
01:12.1,15,1.11,15.4290547,75.0158709,703.08,0.2353721,65.39487,34.29,44.88,1.48,0.01190192,-0.01256824,0.005330748,-0.08670944,0.07873585,-9.802779,-0.25092392,0.16260352,0.14377508,0.124818,0,0.49,-1.892,258.936
01:12.2,15,1.11,15.42905491,75.01587107,703.076,0.29925875,63.889091,34.269,44.868,1.518,0.006052557,-0.005437968,0.005516302,-0.20801847,-0.012302975,-9.802465,-0.23057874,0.15430574,0.14143166,0.1213642,0,0.49,-1.884,258.932
01:12.2,15,1.11,15.42905512,75.01587124,703.072,0.3631454,62.383312,34.248,44.856,1.556,0.000203193,0.001692303,0.005701856,-0.3293275,-0.1033418,-9.802151,-0.21023356,0.14600796,0.13908824,0.1179104,0,0.49,-1.876,258.928
01:12.2,15,1.11,15.42905533,75.01587141,703.068,0.42703205,60.877533,34.227,44.844,1.594,-0.002202335,-0.001106597,0.002319194,-0.2961804,-0.06117949,-9.813041,-0.18988838,0.13771018,0.13674482,0.1144566,0,0.49,-1.868,258.924
01:12.2,15,1.11,15.42905554,75.01587158,703.064,0.4909187,59.371754,34.206,44.832,1.632,-0.004607864,-0.003905497,-0.001063469,-0.2630333,-0.01901718,-9.823931,-0.1695432,0.1294124,0.1344014,0.1110028,0,0.49,-1.86,258.92
01:12.2,15,1.11,15.42905575,75.01587175,703.06,0.55480535,57.865975,34.185,44.82,1.67,-0.000706279,-0.002895303,0.001819527,-0.242138,-0.02719139,-9.8080495,-0.1774552,0.12152919,0.12863392,0.106006918,0,0.49,-1.852,258.914
01:12.3,15,1.11,15.42905596,75.01587192,703.056,0.618692,56.360196,34.164,44.808,1.708,0.003195307,-0.001885109,0.004702524,-0.2212427,-0.0353656,-9.792168,-0.1853672,0.11364598,0.12286644,0.101011036,0,0.49,-1.844,258.908
01:12.3,15,1.11,15.42905617,75.01587209,703.052,0.68257865,54.854417,34.143,44.796,1.746,0.006145938,-0.005341853,-0.002179237,-0.24803045,-0.054857565,-9.8075435,-0.1932792,0.10576277,0.11709896,0.096015154,0,0.49,-1.836,258.902
01:12.3,15,1.11,15.42905638,75.01587226,703.048,0.7464653,53.348638,34.122,44.784,1.784,0.009096568,-0.008798596,-0.009060997,-0.2748182,-0.07434953,-9.822919,-0.2011912,0.09787956,0.11133148,0.091019272,0,0.49,-1.828,258.896
01:12.3,15,1.11,15.42905659,75.01587243,703.044,0.81035195,51.842859,34.101,44.772,1.822,0.011496189,-0.022564258,-0.003776519,-0.186542245,0.029272785,-9.7954015,-0.2091032,0.08999635,0.105564,0.08602339,0,0.49,-1.82,258.89
01:12.3,15,1.11,15.4290568,75.0158726,703.04,0.8742386,50.33708,34.08,44.76,1.86,0.01389581,-0.03632992,0.001507958,-0.09826629,0.1328951,-9.767884,-0.21362436,0.12640846,0.15485058,0.130205372,0,0.48,-1.824,258.886
01:12.4,15,1.11,15.42905714,75.01587296,703.054,0.83522972,52.486073,34.024,44.725,1.85,0.006223227,-0.02592161,0.003550742,-0.234512445,-0.00319755,-9.7804215,-0.21814552,0.16282057,0.20413716,0.174387354,0,0.47,-1.828,258.882
01:12.4,15,1.11,15.42905748,75.01587332,703.068,0.79622084,54.635066,33.968,44.69,1.84,-0.001449357,-0.0155133,0.005593526,-0.3707586,-0.1392902,-9.792959,-0.22266668,0.19923268,0.25342374,0.218569336,0,0.46,-1.832,258.878
01:12.4,15,1.11,15.42905782,75.01587368,703.082,0.75721196,56.784059,33.912,44.655,1.83,-0.004559141,-0.004326434,0.011373728,-0.38515215,-0.12528205,-9.792041,-0.22718784,0.23564479,0.30271032,0.262751318,0,0.45,-1.836,258.874
01:12.4,15,1.11,15.42905816,75.01587404,703.096,0.71820308,58.933052,33.856,44.62,1.82,-0.007668925,0.006860432,0.01715393,-0.3995457,-0.1112739,-9.791123,-0.231709,0.2720569,0.3519969,0.3069333,0,0.44,-1.84,258.87
01:12.4,15,1.11,15.4290585,75.0158744,703.11,0.6791942,61.082045,33.8,44.585,1.81,0.005122583,-0.006792534,0.00300545,-0.214022535,-0.018916475,-9.869337,-0.202321518,0.2561687,0.33421548,0.29755818,0,0.46,-1.828,258.864
01:12.5,15,1.11,15.42905884,75.01587476,703.124,0.64018532,63.231038,33.744,44.55,1.8,0.01791409,-0.0204455,-0.01114303,-0.02849937,0.07344095,-9.947551,-0.172934036,0.2402805,0.31643406,0.28818306,0,0.48,-1.816,258.858
01:12.5,15,1.11,15.42905918,75.01587512,703.138,0.60117644,65.380031,33.688,44.515,1.79,0.026942065,-0.009424262,-0.009890497,-0.142151185,0.0692088,-9.9637715,-0.143546554,0.2243923,0.29865264,0.27880794,0,0.5,-1.804,258.852
01:12.5,15,1.11,15.42905952,75.01587548,703.152,0.56216756,67.529024,33.632,44.48,1.78,0.03597004,0.001596977,-0.008637964,-0.255803,0.06497665,-9.979992,-0.114159072,0.2085041,0.28087122,0.26943282,0,0.52,-1.792,258.846
01:12.5,15,1.11,15.42905986,75.01587584,703.166,0.52315868,69.678017,33.576,44.445,1.77,0.025943305,-0.007494791,-0.003562876,-0.2561215,0.015332005,-9.772942,-0.08477159,0.1926159,0.2630898,0.2600577,0,0.54,-1.78,258.84
01:12.5,15,1.11,15.4290602,75.0158762,703.18,0.4841498,71.82701,33.52,44.41,1.76,0.01591657,-0.01658656,0.001512213,-0.25644,-0.03431264,-9.565892,-0.113028792,0.19289428,0.2552697,0.27187156,0,0.534,-1.756,258.834
01:12.6,14.9,1.119,15.42906022,75.01587636,703.206,0.46284091,81.430399,33.496,44.393,1.741,0.004604327,0.003336935,0.001904448,-0.32018535,-0.10986652,-9.682596,-0.141285994,0.19317266,0.2474496,0.28368542,0,0.528,-1.732,258.828
01:12.6,14.8,1.128,15.42906024,75.01587652,703.232,0.44153202,91.033788,33.472,44.376,1.722,-0.006707917,0.02326043,0.002296683,-0.3839307,-0.1854204,-9.7993,-0.169543196,0.19345104,0.2396295,0.29549928,0,0.522,-1.708,258.822
01:12.6,14.7,1.137,15.42906026,75.01587668,703.258,0.42022313,100.637177,33.448,44.359,1.703,-0.006110662,0.014258018,0.001390257,-0.2562812,-0.061631315,-9.779224,-0.197800398,0.19372942,0.2318094,0.30731314,0,0.516,-1.684,258.816
01:12.6,14.6,1.146,15.42906028,75.01587684,703.284,0.39891424,110.240566,33.424,44.342,1.684,-0.005513407,0.005255606,0.000483832,-0.1286317,0.06215777,-9.759148,-0.2260576,0.1940078,0.2239893,0.319127,0,0.51,-1.66,258.81
01:12.6,14.5,1.155,15.4290603,75.015877,703.31,0.37760535,119.843955,33.4,44.325,1.665,0.003497261,-0.007053047,-0.000251501,-0.1821584,0.01332864,-9.766508,-0.22379702,0.18568734,0.2081207,0.3075727,0,0.522,-1.666,258.804
01:12.7,14.4,1.164,15.42906032,75.01587716,703.336,0.35629646,129.447344,33.376,44.308,1.646,0.01250793,-0.0193617,-0.000986835,-0.2356851,-0.03550049,-9.773868,-0.22153644,0.17736688,0.1922521,0.2960184,0,0.534,-1.672,258.798
01:12.7,14.3,1.173,15.42906034,75.01587732,703.362,0.33498757,139.050733,33.352,44.291,1.627,0.01602385,-0.016301075,0.001205883,-0.20867385,0.001712275,-9.773811,-0.21927586,0.16904642,0.1763835,0.2844641,0,0.546,-1.678,258.792
01:12.7,14.2,1.182,15.42906036,75.01587748,703.388,0.31367868,148.654122,33.328,44.274,1.608,0.01953977,-0.01324045,0.0033986,-0.1816626,0.03892504,-9.773754,-0.21701528,0.16072596,0.1605149,0.2729098,0,0.558,-1.684,258.786
01:12.7,14.1,1.191,15.42906038,75.01587764,703.414,0.29236979,158.257511,33.304,44.257,1.589,0.00427809,0.00017332,0.003574214,-0.2260192,-0.02925507,-9.8064665,-0.2147547,0.1524055,0.1446463,0.2613555,0,0.57,-1.69,258.78
01:12.7,14,1.2,15.4290604,75.0158778,703.44,0.2710609,167.8609,33.28,44.24,1.57,-0.01098359,0.01358709,0.003749827,-0.2703758,-0.09743518,-9.839179,-0.21136384,0.14556242,0.14197418,0.26136642,0,0.568,-1.686,258.774
01:12.8,14.1,1.175,15.42906041,75.01587796,703.457,0.29499647,160.829081,33.264,44.229,1.538,-0.002504154,0.004775232,0.00197195,-0.2549238,-0.08862147,-9.8396825,-0.20797298,0.13871934,0.13930206,0.26137734,0,0.566,-1.682,258.768
01:12.8,14.2,1.15,15.42906042,75.01587812,703.474,0.31893204,153.797262,33.248,44.218,1.506,0.005975281,-0.004036626,0.000194073,-0.2394718,-0.07980776,-9.840186,-0.20458212,0.13187626,0.13662994,0.26138826,0,0.564,-1.678,258.762
01:12.8,14.3,1.125,15.42906043,75.01587828,703.491,0.34286761,146.765443,33.232,44.207,1.474,0.007409836,-0.010627378,0.000278459,-0.20378305,-0.045201085,-9.83552,-0.20119126,0.12503318,0.13395782,0.26139918,0,0.562,-1.674,258.756
01:12.8,14.4,1.1,15.42906044,75.01587844,703.508,0.36680318,139.733624,33.216,44.196,1.442,0.008844391,-0.01721813,0.000362846,-0.1680943,-0.01059441,-9.830854,-0.1978004,0.1181901,0.1312857,0.2614101,0,0.56,-1.67,258.75
01:12.8,14.5,1.075,15.42906045,75.0158786,703.525,0.39073875,132.701805,33.2,44.185,1.41,0.008724812,-0.012230355,0.001482047,-0.218814,-0.053925285,-9.8137255,-0.19893068,0.113440748,0.12868118,0.24147524,0,0.558,-1.668,258.744
01:12.9,14.6,1.05,15.42906046,75.01587876,703.542,0.41467432,125.669986,33.184,44.174,1.378,0.008605232,-0.007242579,0.002601248,-0.2695337,-0.09725616,-9.796597,-0.20006096,0.108691396,0.12607666,0.22154038,0,0.556,-1.666,258.738
01:12.9,14.7,1.025,15.42906047,75.01587892,703.559,0.43860989,118.638167,33.168,44.163,1.346,0.005954308,-0.004715913,0.001814595,-0.23865255,-0.048437894,-9.7925425,-0.20119124,0.103942044,0.12347214,0.20160552,0,0.554,-1.664,258.732
01:12.9,14.8,1,15.42906048,75.01587908,703.576,0.46254546,111.606348,33.152,44.152,1.314,0.003303383,-0.002189246,0.001027941,-0.2077714,0.000380372,-9.788488,-0.20232152,0.099192692,0.12086762,0.18167066,0,0.552,-1.662,258.726
01:12.9,14.9,0.975,15.42906049,75.01587924,703.593,0.48648103,104.574529,33.136,44.141,1.282,0.005361438,-0.007136823,0.001037082,-0.22270955,-0.030515369,-9.7936655,-0.2034518,0.09444334,0.1182631,0.1617358,0,0.55,-1.66,258.72
01:12.9,15,0.95,15.4290605,75.0158794,703.61,0.5104166,97.54271,33.12,44.13,1.25,0.007419494,-0.0120844,0.001046223,-0.2376477,-0.06141111,-9.798843,-0.20684266,0.208917392,0.31663248,0.39500104,0,0.516,-1.62,258.718
01:13.0,15,0.95,15.4290605,75.01587944,703.6109091,0.543890882,109.7051909,33.09363636,44.11181818,1.302727273,-0.074740153,-0.03134068,0.048615032,-0.27160125,-0.144247055,-9.719849,-0.21023352,0.323391444,0.51500186,0.62826628,0,0.482,-1.58,258.716
01:13.0,15,0.95,15.4290605,75.01587947,703.6118182,0.577365164,121.8676718,33.06727273,44.09363636,1.355454545,-0.1568998,-0.05059696,0.09618384,-0.3055548,-0.227083,-9.640855,-0.21362438,0.437865496,0.71337124,0.86153152,0,0.448,-1.54,258.714
01:13.0,15,0.95,15.4290605,75.01587951,703.6127273,0.610839445,134.0301527,33.04090909,44.07545455,1.408181818,-0.115582425,0.017476905,0.06875973,-0.2519385,-0.15650831,-9.6552975,-0.21701524,0.552339548,0.91174062,1.09479676,0,0.414,-1.5,258.712
01:13.0,15,0.95,15.4290605,75.01587955,703.6136364,0.644313727,146.1926336,33.01454545,44.05727273,1.460909091,-0.07426505,0.08555077,0.04133562,-0.1983222,-0.08593362,-9.66974,-0.2204061,0.6668136,1.11011,1.328062,0,0.38,-1.46,258.71
01:13.0,15,0.95,15.4290605,75.01587958,703.6145455,0.677788009,158.3551145,32.98818182,44.03909091,1.513636364,-0.021320405,0.040235574,0.027836455,-0.13295157,0.00047247,-9.6343725,-0.24527244,0.63528988,1.03038744,1.268944,0,0.404,-1.468,258.702
01:13.1,15,0.95,15.4290605,75.01587962,703.6154545,0.711262291,170.5175955,32.96181818,44.02090909,1.566363636,0.03162424,-0.005079621,0.01433729,-0.06758094,0.08687856,-9.599005,-0.27013878,0.60376616,0.95066488,1.209826,0,0.428,-1.476,258.694
01:13.1,15,0.95,15.4290605,75.01587965,703.6163636,0.744736573,182.6800764,32.93545455,44.00272727,1.619090909,0.037736895,-0.03851148,-0.00850086,-0.08941347,0.053168535,-9.742107,-0.29500512,0.57224244,0.87094232,1.150708,0,0.452,-1.484,258.686
01:13.1,15,0.95,15.4290605,75.01587969,703.6172727,0.778210855,194.8425573,32.90909091,43.98454545,1.671818182,0.04384955,-0.07194334,-0.03133901,-0.111246,0.01945851,-9.885209,-0.31987146,0.54071872,0.79121976,1.09159,0,0.476,-1.492,258.678
01:13.1,15,0.95,15.4290605,75.01587973,703.6181818,0.811685136,207.0050382,32.88272727,43.96636364,1.724545455,0.039746265,-0.04129341,-0.040873465,0.1925092,-0.016310475,-9.423414,-0.3447378,0.509195,0.7114972,1.032472,0,0.5,-1.5,258.67
01:13.1,15,0.95,15.4290605,75.01587976,703.6190909,0.845159418,219.1675191,32.85636364,43.94818182,1.777272727,0.03564298,-0.01064348,-0.05040792,0.4962644,-0.05207946,-8.961619,-0.3526498,0.6268062,0.75722402,1.1186228,0,0.508,-1.482,258.704
01:13.2,15,0.95,15.4290605,75.0158798,703.62,0.8786337,231.33,32.83,43.93,1.83,0.00829879,0.00132394,-0.04686641,0.39498695,-0.35525423,-9.8212595,-0.3605618,0.7444174,0.80295084,1.2047736,0,0.516,-1.464,258.738
01:13.2,15,0.95,15.42906065,75.01588005,703.6675,0.838054488,205.4799425,32.7775,43.89125,1.82625,-0.0190454,0.01329136,-0.0433249,0.2937095,-0.658429,-10.6809,-0.3684738,0.8620286,0.84867766,1.2909244,0,0.524,-1.446,258.772
01:13.2,15,0.95,15.4290608,75.0158803,703.715,0.797475275,179.629885,32.725,43.8525,1.8225,-0.05492518,-0.0141879,0.05475275,1.53820225,-0.6873385,-10.37735,-0.3763858,0.9796398,0.89440448,1.3770752,0,0.532,-1.428,258.806
01:13.2,15,0.95,15.42906095,75.01588055,703.7625,0.756896063,153.7798275,32.6725,43.81375,1.81875,-0.09080496,-0.04166716,0.1528304,2.782695,-0.716248,-10.0738,-0.3842978,1.097251,0.9401313,1.463226,0,0.54,-1.41,258.84
01:13.2,15,0.95,15.4290611,75.0158808,703.81,0.71631685,127.92977,32.62,43.775,1.815,-0.082832805,-0.0326184,0.34924025,2.656643,-0.42603065,-10.0129915,-0.34360746,1.0190838,0.92664304,1.4082658,0,0.516,-1.454,259.446
01:13.3,15,0.95,15.42906125,75.01588105,703.8575,0.675737638,102.0797125,32.5675,43.73625,1.81125,-0.07486065,-0.02356964,0.5456501,2.530591,-0.1358133,-9.952183,-0.30291712,0.9409166,0.91315478,1.3533056,0,0.492,-1.498,260.052
01:13.3,15,0.95,15.4290614,75.0158813,703.905,0.635158425,76.229655,32.515,43.6975,1.8075,-0.010690985,-0.04877295,0.59411335,2.7095865,0.55126885,-9.87195,-0.26222678,0.8627494,0.89966652,1.2983454,0,0.468,-1.542,260.658
01:13.3,15,0.95,15.42906155,75.01588155,703.9525,0.594579213,50.3795975,32.4625,43.65875,1.80375,0.05347868,-0.07397626,0.6425766,2.888582,1.238351,-9.791717,-0.22153644,0.7845822,0.88617826,1.2433852,0,0.444,-1.586,261.264
01:13.3,15,0.95,15.4290617,75.0158818,704,0.554,24.52954,32.41,43.62,1.8,0.13918499,-0.11273948,0.71303415,2.871825,1.00351455,-9.2759285,-0.1808461,0.706415,0.87269,1.188425,0,0.42,-1.63,261.87
01:13.3,15,0.95,15.42906183,75.01588196,704.031,0.54113293,25.004289,32.383,43.601,1.787,0.2248913,-0.1515027,0.7834917,2.855068,0.7686781,-8.76014,-0.17293408,0.7764604,1.0305934,1.3234278,0,0.442,-1.642,262.63
01:13.4,15,0.95,15.42906196,75.01588212,704.062,0.52826586,25.479038,32.356,43.582,1.774,0.12238093,-0.05991323,0.72307665,3.1115575,0.383154828,-9.323748,-0.16502206,0.8465058,1.1884968,1.4584306,0,0.464,-1.654,263.39
01:13.4,15,0.95,15.42906209,75.01588228,704.093,0.51539879,25.953787,32.329,43.563,1.761,0.01987056,0.03167624,0.6626616,3.368047,-0.002368445,-9.887356,-0.15711004,0.9165512,1.3464002,1.5934334,0,0.486,-1.666,264.15
01:13.4,15,0.95,15.42906222,75.01588244,704.124,0.50253172,26.428536,32.302,43.544,1.748,0.009420803,-0.006525385,0.58725875,3.2227465,0.144019028,-10.105833,-0.14919802,0.9865966,1.5043036,1.7284362,0,0.508,-1.678,264.91
01:13.4,15,0.95,15.42906235,75.0158826,704.155,0.48966465,26.903285,32.275,43.525,1.735,-0.001028954,-0.04472701,0.5118559,3.077446,0.2904065,-10.32431,-0.141286,1.056642,1.662207,1.863439,0,0.53,-1.69,265.67
01:13.4,15,0.95,15.42906248,75.01588276,704.186,0.47679758,27.378034,32.248,43.506,1.722,0.028756173,-0.034627,0.47106445,2.669609,0.4643436,-10.0854485,-0.14467686,1.3032056,2.0723694,2.1722932,0,0.514,-1.672,266.164
01:13.5,15,0.95,15.42906261,75.01588292,704.217,0.46393051,27.852783,32.221,43.487,1.709,0.0585413,-0.02452699,0.430273,2.261772,0.6382807,-9.846587,-0.14806772,1.5497692,2.4825318,2.4811474,0,0.498,-1.654,266.658
01:13.5,15,0.95,15.42906274,75.01588308,704.248,0.45106344,28.327532,32.194,43.468,1.696,0.015371055,0.033882185,0.43068155,1.8736775,0.60545945,-9.5693315,-0.15145858,1.7963328,2.8926942,2.7900016,0,0.482,-1.636,267.152
01:13.5,15,0.95,15.42906287,75.01588324,704.279,0.43819637,28.802281,32.167,43.449,1.683,-0.02779919,0.09229136,0.4310901,1.485583,0.5726382,-9.292076,-0.15484944,2.0428964,3.3028566,3.0988558,0,0.466,-1.618,267.646
01:13.5,15,0.95,15.429063,75.0158834,704.31,0.4253293,29.27703,32.14,43.43,1.67,-0.02725897,0.05520447,0.39507475,1.73166,0.281855698,-9.749528,-0.1582403,2.28946,3.713019,3.40771,0,0.45,-1.6,268.14
01:13.5,15.1,0.946,15.42906308,75.01588351,704.339,0.39888177,60.798827,32.118,43.414,1.608,-0.02671875,0.01811758,0.3590594,1.977737,-0.008926804,-10.20698,-0.142416268,2.0475248,3.283537,3.0116926,0,0.438,-1.596,268.556
01:13.6,15.2,0.942,15.42906316,75.01588362,704.368,0.37243424,92.320624,32.096,43.398,1.546,-0.03870807,-0.00306594,0.35402785,1.847409,-0.232685202,-10.026838,-0.126592236,1.8055896,2.854055,2.6156752,0,0.426,-1.592,268.972
01:13.6,15.3,0.938,15.42906324,75.01588373,704.397,0.34598671,123.842421,32.074,43.382,1.484,-0.05069739,-0.02424946,0.3489963,1.717081,-0.4564436,-9.846696,-0.110768204,1.5636544,2.424573,2.2196578,0,0.414,-1.588,269.388
01:13.6,15.4,0.934,15.42906332,75.01588384,704.426,0.31953918,155.364218,32.052,43.366,1.422,-0.03572724,0.0014696,0.3560499,0.8069139,-0.0342561,-9.767016,-0.094944172,1.3217192,1.995091,1.8236404,0,0.402,-1.584,269.804
01:13.6,15.5,0.93,15.4290634,75.01588395,704.455,0.29309165,186.886015,32.03,43.35,1.36,-0.02075709,0.02718866,0.3631035,-0.1032532,0.3879314,-9.687336,-0.07912014,1.079784,1.565609,1.427623,0,0.39,-1.58,270.22
01:13.6,15.6,0.926,15.42906348,75.01588406,704.484,0.26664412,218.407812,32.008,43.334,1.298,0.01538928,-0.010695755,0.34779625,-0.24047895,0.4650524,-9.776786,-0.105116752,1.06352316,1.5209644,1.415577,0,0.396,-1.57,270.622
01:13.7,15.7,0.922,15.42906356,75.01588417,704.513,0.24019659,249.929609,31.986,43.318,1.236,0.05153565,-0.04858017,0.332489,-0.3777047,0.5421734,-9.866236,-0.131113364,1.04726232,1.4763198,1.403531,0,0.402,-1.56,271.024
01:13.7,15.8,0.918,15.42906364,75.01588428,704.542,0.21374906,281.451406,31.964,43.302,1.174,0.016579775,-0.017435935,0.3465471,-0.76345335,0.5772092,-9.7297485,-0.157109976,1.03100148,1.4316752,1.391485,0,0.408,-1.55,271.426
01:13.7,15.9,0.914,15.42906372,75.01588439,704.571,0.18730153,312.973203,31.942,43.286,1.112,-0.0183761,0.0137083,0.3606052,-1.149202,0.612245,-9.593261,-0.183106588,1.01474064,1.3870306,1.379439,0,0.414,-1.54,271.828
01:13.7,16,0.91,15.4290638,75.0158845,704.6,0.160854,344.495,31.92,43.27,1.05,-0.04185925,0.004398802,0.2936731,-1.5989315,0.51499015,-9.685704,-0.2091032,0.9984798,1.342386,1.367393,0,0.42,-1.53,272.23
01:13.7,16,0.91,15.42906387,75.01588453,704.615,0.18154794,339.52084,31.906,43.26,1.061,-0.0653424,-0.004910696,0.226741,-2.048661,0.4177353,-9.778147,-0.18762774,1.03480844,1.42262,1.4335452,0,0.412,-1.52,272.43
01:13.8,16,0.91,15.42906394,75.01588456,704.63,0.20224188,334.54668,31.892,43.25,1.072,-0.013197645,-0.009596368,0.1908844,-2.4775505,0.236945805,-9.8226775,-0.16615228,1.07113708,1.502854,1.4996974,0,0.404,-1.51,272.63
01:13.8,16,0.91,15.42906401,75.01588459,704.645,0.22293582,329.57252,31.878,43.24,1.083,0.03894711,-0.01428204,0.1550278,-2.90644,0.05615631,-9.867208,-0.14467682,1.10746572,1.583088,1.5658496,0,0.396,-1.5,272.83
01:13.8,16,0.91,15.42906408,75.01588462,704.66,0.24362976,324.59836,31.864,43.23,1.094,-0.001002225,-0.002301747,0.137761,-2.816845,0.002418515,-9.7494725,-0.12320136,1.14379436,1.663322,1.6320018,0,0.388,-1.49,273.03
01:13.8,16,0.91,15.42906415,75.01588465,704.675,0.2643237,319.6242,31.85,43.22,1.105,-0.04095156,0.009678546,0.1204942,-2.72725,-0.05131928,-9.631737,-0.1017259,1.180123,1.743556,1.698154,0,0.38,-1.48,273.23
01:13.8,16,0.91,15.42906422,75.01588468,704.69,0.28501764,314.65004,31.836,43.21,1.116,-0.020928244,0.004432256,0.1146255,-2.709782,-0.004294925,-9.7921285,-0.11302878,1.12230248,1.7058728,1.6480314,0,0.362,-1.466,273.338
01:13.9,16,0.91,15.42906429,75.01588471,704.705,0.30571158,309.67588,31.822,43.2,1.127,-0.000904927,-0.000814034,0.1087568,-2.692314,0.04272943,-9.95252,-0.12433166,1.06448196,1.6681896,1.5979088,0,0.344,-1.452,273.446
01:13.9,16,0.91,15.42906436,75.01588474,704.72,0.32640552,304.70172,31.808,43.19,1.138,-0.048916824,-0.003242282,0.098716185,-2.666206,0.070561905,-9.855448,-0.13563454,1.00666144,1.6305064,1.5477862,0,0.326,-1.438,273.554
01:13.9,16,0.91,15.42906443,75.01588477,704.735,0.34709946,299.72756,31.794,43.18,1.149,-0.09692872,-0.00567053,0.08867557,-2.640098,0.09839438,-9.758376,-0.14693742,0.94884092,1.5928232,1.4976636,0,0.308,-1.424,273.662
01:13.9,16,0.91,15.4290645,75.0158848,704.75,0.3677934,294.7534,31.78,43.17,1.16,-0.045704032,-0.004783335,0.08781436,-2.726218,0.092712755,-9.725901,-0.1582403,0.8910204,1.55514,1.447541,0,0.29,-1.41,273.77
01:13.9,16,0.91,15.42906454,75.01588482,704.7709091,0.356909691,293.1768636,31.76363636,43.15818182,1.164545455,0.005520657,-0.00389614,0.08695315,-2.812338,0.08703113,-9.693426,-0.16615232,0.86548158,1.5173666,1.4180794,0,0.284,-1.394,273.824
01:14.0,16,0.91,15.42906457,75.01588484,704.7918182,0.346025982,291.6003273,31.74727273,43.14636364,1.169090909,-0.028585812,-0.038576385,0.053239575,-2.8403925,0.0694978,-9.8122865,-0.17406434,0.83994276,1.4795932,1.3886178,0,0.278,-1.378,273.878
01:14.0,16,0.91,15.42906461,75.01588485,704.8127273,0.335142273,290.0237909,31.73090909,43.13454545,1.173636364,-0.06269228,-0.07325663,0.019526,-2.868447,0.05196447,-9.931147,-0.18197636,0.81440394,1.4418198,1.3591562,0,0.272,-1.362,273.932
01:14.0,16,0.91,15.42906465,75.01588487,704.8336364,0.324258564,288.4472545,31.71454545,43.12272727,1.178181818,-0.020385215,-0.037929709,0.018883225,-2.769288,0.04883028,-9.7770555,-0.18988838,0.78886512,1.4040464,1.3296946,0,0.266,-1.346,273.986
01:14.0,16,0.91,15.42906468,75.01588489,704.8545455,0.313374855,286.8707182,31.69818182,43.11090909,1.182727273,0.02192185,-0.002602788,0.01824045,-2.670129,0.04569609,-9.622964,-0.1978004,0.7633263,1.366273,1.300233,0,0.26,-1.33,274.04
01:14.0,16,0.91,15.42906472,75.01588491,704.8754545,0.302491145,285.2941818,31.68181818,43.09909091,1.187272727,0.009804711,-0.009963314,0.000605045,-2.589939,0.04518802,-9.8025805,-0.18536722,0.82176464,1.3866232,1.3027314,0,0.262,-1.33,274.022
01:14.1,16,0.91,15.42906475,75.01588493,704.8963636,0.291607436,283.7176455,31.66545455,43.08727273,1.191818182,-0.002312429,-0.01732384,-0.01703036,-2.509749,0.04467995,-9.982197,-0.17293404,0.88020298,1.4069734,1.3052298,0,0.264,-1.33,274.004
01:14.1,16,0.91,15.42906479,75.01588495,704.9172727,0.280723727,282.1411091,31.64909091,43.07545455,1.196363636,0.023406886,0.01553898,-0.005731367,-2.5497005,0.04314747,-9.7939505,-0.16050086,0.93864132,1.4273236,1.3077282,0,0.266,-1.33,273.986
01:14.1,16,0.91,15.42906483,75.01588496,704.9381818,0.269840018,280.5645727,31.63272727,43.06363636,1.200909091,0.0491262,0.0484018,0.005567627,-2.589652,0.04161499,-9.605704,-0.14806768,0.99707966,1.4476738,1.3102266,0,0.268,-1.33,273.968
01:14.1,16,0.91,15.42906486,75.01588498,704.9590909,0.258956309,278.9880364,31.61636364,43.05181818,1.205454545,0.03492863,-0.00880245,-0.025867777,-2.457892,0.05061295,-9.7751825,-0.1356345,1.055518,1.468024,1.312725,0,0.27,-1.33,273.95
01:14.1,16,0.91,15.4290649,75.015885,704.98,0.2480726,277.4115,31.6,43.04,1.21,0.02073106,-0.0660067,-0.05730318,-2.326132,0.05961091,-9.944661,-0.15824026,1.0043651,1.31982042,1.262845,0,0.244,-1.3,273.942
01:14.2,16,0.91,15.42906495,75.01588502,705.002,0.25987368,276.0588,31.575,43.02,1.207,-0.018790115,-0.00456206,-0.04999953,-1.37233755,-0.056966645,-9.8327165,-0.18084602,0.9532122,1.17161684,1.212965,0,0.218,-1.27,273.934
01:14.2,16,0.91,15.429065,75.01588504,705.024,0.27167476,274.7061,31.55,43,1.204,-0.05831129,0.05688258,-0.04269588,-0.4185431,-0.1735442,-9.720772,-0.20345178,0.9020593,1.02341326,1.163085,0,0.192,-1.24,273.926
01:14.2,16,0.91,15.42906505,75.01588506,705.046,0.28347584,273.3534,31.525,42.98,1.201,-0.022245475,0.00635723,-0.022686747,-0.1458615,0.04551155,-9.5877565,-0.22605754,0.8509064,0.87520968,1.113205,0,0.166,-1.21,273.918
01:14.2,16,0.91,15.4290651,75.01588508,705.068,0.29527692,272.0007,31.5,42.96,1.198,0.01382034,-0.04416812,-0.002677613,0.1268201,0.2645673,-9.454741,-0.2486633,0.7997535,0.7270061,1.063325,0,0.14,-1.18,273.91
01:14.2,16,0.91,15.42906515,75.0158851,705.09,0.307078,270.648,31.475,42.94,1.195,0.021725245,-0.062953425,0.012467098,-0.01141995,0.17797747,-9.6603805,-0.22718784,0.74162014,0.6808397,1.0043674,0,0.16,-1.192,273.906
01:14.3,16,0.91,15.4290652,75.01588512,705.112,0.31887908,269.2953,31.45,42.92,1.192,0.02963015,-0.08173873,0.02761181,-0.14966,0.09138764,-9.86602,-0.20571238,0.68348678,0.6346733,0.9454098,0,0.18,-1.204,273.902
01:14.3,16,0.91,15.42906525,75.01588514,705.134,0.33068016,267.9426,31.425,42.9,1.189,0.01153989,-0.040384329,0.017116559,-0.3156745,-0.09020958,-9.8220355,-0.18423692,0.62535342,0.5885069,0.8864522,0,0.2,-1.216,273.898
01:14.3,16,0.91,15.4290653,75.01588516,705.156,0.34248124,266.5899,31.4,42.88,1.186,-0.006550371,0.000970071,0.006621307,-0.481689,-0.2718068,-9.778051,-0.16276146,0.56722006,0.5423405,0.8274946,0,0.22,-1.228,273.894
01:14.3,16,0.91,15.42906535,75.01588518,705.178,0.35428232,265.2372,31.375,42.86,1.183,-0.009390346,0.008379951,-0.000189885,-0.258893515,-0.07817495,-9.7665505,-0.141286,0.5090867,0.4961741,0.768537,0,0.24,-1.24,273.89
01:14.3,16,0.91,15.4290654,75.0158852,705.2,0.3660834,263.8845,31.35,42.84,1.18,-0.01223032,0.01578983,-0.007001077,-0.03609803,0.1154569,-9.75505,-0.16502204,0.467652,0.4560252,0.7111888,0,0.244,-1.238,273.89
01:14.4,16,0.91,15.4290654,75.01588517,705.214,0.338873465,266.55166,31.313,42.815,1.172,0.00911194,-0.00802082,-0.007903279,-0.150587865,0.013020805,-9.7592705,-0.18875808,0.4262173,0.4158763,0.6538406,0,0.248,-1.236,273.89
01:14.4,16,0.91,15.4290654,75.01588514,705.228,0.31166353,269.21882,31.276,42.79,1.164,0.0304542,-0.03183147,-0.008805482,-0.2650777,-0.08941529,-9.763491,-0.21249412,0.3847826,0.3757274,0.5964924,0,0.252,-1.234,273.89
01:14.4,16,0.91,15.4290654,75.01588511,705.242,0.284453595,271.88598,31.239,42.765,1.156,0.022556835,-0.030053715,-0.004309562,-0.17202405,-0.00434964,-9.8096745,-0.23623016,0.3433479,0.3355785,0.5391442,0,0.256,-1.232,273.89
01:14.4,16,0.91,15.4290654,75.01588508,705.256,0.25724366,274.55314,31.202,42.74,1.148,0.01465947,-0.02827596,0.000186358,-0.0789704,0.08071601,-9.855858,-0.2599662,0.3019132,0.2954296,0.481796,0,0.26,-1.23,273.89
01:14.4,16,0.91,15.4290654,75.01588505,705.27,0.230033725,277.2203,31.165,42.715,1.14,0.007832978,-0.014593273,0.003320866,-0.22046445,-0.047576695,-9.8146155,-0.26787822,0.2815261,0.27556062,0.45728468,0,0.254,-1.216,273.888
01:14.5,16,0.91,15.4290654,75.01588502,705.284,0.20282379,279.88746,31.128,42.69,1.132,0.001006485,-0.000910586,0.006455374,-0.3619585,-0.1758694,-9.773373,-0.27579024,0.261139,0.25569164,0.43277336,0,0.248,-1.202,273.886
01:14.5,16,0.91,15.4290654,75.01588499,705.298,0.175613855,282.55462,31.091,42.665,1.124,-0.006026578,-0.002913332,0.006959539,-0.2472981,-0.06674936,-9.8026865,-0.28370226,0.2407519,0.23582266,0.40826204,0,0.242,-1.188,273.884
01:14.5,16,0.91,15.4290654,75.01588496,705.312,0.14840392,285.22178,31.054,42.64,1.116,-0.01305964,-0.004916079,0.007463703,-0.1326377,0.04237068,-9.832,-0.29161428,0.2203648,0.21595368,0.38375072,0,0.236,-1.174,273.882
01:14.5,16,0.91,15.4290654,75.01588493,705.326,0.121193985,287.88894,31.017,42.615,1.108,0.001626085,-0.01451245,0.0049231,-0.1700892,0.01397412,-9.817538,-0.2995263,0.1999777,0.1960847,0.3592394,0,0.23,-1.16,273.88
01:14.5,16,0.91,15.4290654,75.0158849,705.34,0.09398405,290.5561,30.98,42.59,1.1,0.01631181,-0.02410882,0.002382496,-0.2075407,-0.01442244,-9.803076,-0.32326234,0.18763116,0.18648254,0.33687408,0,0.236,-1.162,273.88
01:14.6,16,0.91,15.42906541,75.01588487,705.346,0.100334935,283.53694,30.958,42.573,1.088,0.004186977,-0.015456758,-0.000699262,-0.1945654,-0.015975955,-9.8171065,-0.34699838,0.17528462,0.17688038,0.31450876,0,0.242,-1.164,273.88
01:14.6,16,0.91,15.42906542,75.01588484,705.352,0.10668582,276.51778,30.936,42.556,1.076,-0.007937856,-0.006804696,-0.00378102,-0.1815901,-0.01752947,-9.831137,-0.37073442,0.16293808,0.16727822,0.29214344,0,0.248,-1.166,273.88
01:14.6,16,0.91,15.42906543,75.01588481,705.358,0.113036705,269.49862,30.914,42.539,1.064,-0.002889251,-0.00560011,-0.003469368,-0.2276475,-0.057771325,-9.8146265,-0.39447046,0.15059154,0.15767606,0.26977812,0,0.254,-1.168,273.88
01:14.6,16,0.91,15.42906544,75.01588478,705.364,0.11938759,262.47946,30.892,42.522,1.052,0.002159355,-0.004395524,-0.003157715,-0.2737049,-0.09801318,-9.798116,-0.4182065,0.138245,0.1480739,0.2474128,0,0.26,-1.17,273.88
01:14.6,16,0.91,15.42906545,75.01588475,705.37,0.125738475,255.4603,30.87,42.505,1.04,0.005864473,-0.009811182,-0.001148867,-0.21143535,-0.03944403,-9.804693,-0.37977672,0.128273674,0.136695762,0.23243498,0,0.26,-1.164,273.88
01:14.7,16,0.91,15.42906546,75.01588472,705.376,0.13208936,248.44114,30.848,42.488,1.028,0.00956959,-0.01522684,0.000859981,-0.1491658,0.01912512,-9.81127,-0.34134694,0.118302348,0.125317624,0.21745716,0,0.26,-1.158,273.88
01:14.7,16,0.91,15.42906547,75.01588469,705.382,0.138440245,241.42198,30.826,42.471,1.016,0.008071841,-0.011679937,0.002340971,-0.19432625,-0.02241921,-9.801362,-0.30291716,0.108331022,0.113939486,0.20247934,0,0.26,-1.152,273.88
01:14.7,16,0.91,15.42906548,75.01588466,705.388,0.14479113,234.40282,30.804,42.454,1.004,0.006574092,-0.008133034,0.003821961,-0.2394867,-0.06396354,-9.791454,-0.26448738,0.098359696,0.102561348,0.18750152,0,0.26,-1.146,273.88
01:14.7,16,0.91,15.42906549,75.01588463,705.394,0.151142015,227.38366,30.782,42.437,0.992,0.008927266,-0.013169232,0.003612026,-0.21343425,-0.038957355,-9.7968035,-0.2260576,0.08838837,0.09118321,0.1725237,0,0.26,-1.14,273.88
01:14.7,16,0.91,15.4290655,75.0158846,705.4,0.1574929,220.3645,30.76,42.42,0.98,0.01128044,-0.01820543,0.003402092,-0.1873818,-0.01395117,-9.802153,-0.2622268,0.086858196,0.093432668,0.16322096,0,0.26,-1.136,273.88
01:14.8,16,0.91,15.42906554,75.01588461,705.409,0.16193693,204.392274,30.733,42.398,0.978,0.008319136,-0.0142623,0.002380186,-0.20000815,-0.027409055,-9.8037665,-0.298396,0.085328022,0.095682126,0.15391822,0,0.26,-1.132,273.88
01:14.8,16,0.91,15.42906558,75.01588462,705.418,0.16638096,188.420048,30.706,42.376,0.976,0.005357832,-0.01031917,0.00135828,-0.2126345,-0.04086694,-9.80538,-0.3345652,0.083797848,0.097931584,0.14461548,0,0.26,-1.128,273.88
01:14.8,16,0.91,15.42906562,75.01588463,705.427,0.17082499,172.447822,30.679,42.354,0.974,0.005634149,-0.009697341,0.000930225,-0.2087538,-0.03801986,-9.8032935,-0.3707344,0.082267674,0.100181042,0.13531274,0,0.26,-1.124,273.88
01:14.8,16,0.91,15.42906566,75.01588464,705.436,0.17526902,156.475596,30.652,42.332,0.972,0.005910465,-0.009075511,0.000502171,-0.2048731,-0.03517278,-9.801207,-0.4069036,0.0807375,0.1024305,0.12601,0,0.26,-1.12,273.88
01:14.8,16,0.91,15.4290657,75.01588465,705.445,0.17971305,140.50337,30.625,42.31,0.97,0.006523835,-0.009851071,0.001023038,-0.2039173,-0.03557107,-9.804251,-0.38655842,0.070965388,0.088575208,0.113452998,0,0.262,-1.116,273.88
01:14.9,16,0.91,15.42906574,75.01588466,705.454,0.18415708,124.531144,30.598,42.288,0.968,0.007137205,-0.01062663,0.001543905,-0.2029615,-0.03596936,-9.807295,-0.36621324,0.061193276,0.074719916,0.100895996,0,0.264,-1.112,273.88
01:14.9,16,0.91,15.42906578,75.01588467,705.463,0.18860111,108.558918,30.571,42.266,0.966,0.003229795,-0.007147248,0.002261306,-0.21057505,-0.03509208,-9.804933,-0.34586806,0.051421164,0.060864624,0.088338994,0,0.266,-1.108,273.88
01:14.9,16,0.91,15.42906582,75.01588468,705.472,0.19304514,92.586692,30.544,42.244,0.964,-0.000677614,-0.003667866,0.002978707,-0.2181886,-0.0342148,-9.802571,-0.32552288,0.041649052,0.047009332,0.075781992,0,0.268,-1.104,273.88
01:14.9,16,0.91,15.42906586,75.01588469,705.481,0.19748917,76.614466,30.517,42.222,0.962,0.003093072,-0.006696925,0.001689993,-0.20970705,-0.033245495,-9.802521,-0.3051777,0.03187694,0.03315404,0.06322499,0,0.27,-1.1,273.88
01:14.9,16,0.91,15.4290659,75.0158847,705.49,0.2019332,60.64224,30.49,42.2,0.96,0.006863758,-0.009725984,0.000401279,-0.2012255,-0.03227619,-9.802471,-0.27239936,0.029307716,0.030448858,0.057989206,0,0.27,-1.098,273.878
01:15.0,16,0.91,15.42906592,75.01588471,705.4881818,0.2004967,64.26795455,30.47545455,42.18818182,0.943636364,0.007249163,-0.011702272,0.000812355,-0.20215545,-0.03360324,-9.805851,-0.23962102,0.026738492,0.027743676,0.052753422,0,0.27,-1.096,273.876
01:15.0,16,0.91,15.42906594,75.01588472,705.4863636,0.1990602,67.89366909,30.46090909,42.17636364,0.927272727,0.007634568,-0.01367856,0.00122343,-0.2030854,-0.03493029,-9.809231,-0.20684268,0.024169268,0.025038494,0.047517638,0,0.27,-1.094,273.874
01:15.0,16,0.91,15.42906595,75.01588473,705.4845455,0.1976237,71.51938364,30.44636364,42.16454545,0.910909091,0.006925998,-0.0122178,0.001268664,-0.20403495,-0.034418265,-9.805966,-0.17406434,0.021600044,0.022333312,0.042281854,0,0.27,-1.092,273.872
01:15.0,16,0.91,15.42906597,75.01588474,705.4827273,0.1961872,75.14509818,30.43181818,42.15272727,0.894545455,0.006217428,-0.01075704,0.001313897,-0.2049845,-0.03390624,-9.802701,-0.141286,0.01903082,0.01962813,0.03704607,0,0.27,-1.09,273.87
01:15.0,16,0.91,15.42906599,75.01588475,705.4809091,0.1947507,78.77081273,30.41727273,42.14090909,0.878181818,0.006647742,-0.010680395,0.00167439,-0.20346565,-0.03385607,-9.8019765,-0.16163118,0.017674492,0.018365212,0.03406969,0,0.27,-1.086,273.872
01:15.1,16,0.91,15.42906601,75.01588475,705.4790909,0.1933142,82.39652727,30.40272727,42.12909091,0.861818182,0.007078056,-0.01060375,0.002034882,-0.2019468,-0.0338059,-9.801252,-0.18197636,0.016318164,0.017102294,0.03109331,0,0.27,-1.082,273.874
01:15.1,16,0.91,15.42906603,75.01588476,705.4772727,0.1918777,86.02224182,30.38818182,42.11727273,0.845454545,0.006720258,-0.010103058,0.001483495,-0.20302405,-0.0353633,-9.8028015,-0.20232154,0.014961836,0.015839376,0.02811693,0,0.27,-1.078,273.876
01:15.1,16,0.91,15.42906605,75.01588477,705.4754545,0.1904412,89.64795636,30.37363636,42.10545455,0.829090909,0.006362461,-0.009602365,0.000932107,-0.2041013,-0.0369207,-9.804351,-0.22266672,0.013605508,0.014576458,0.02514055,0,0.27,-1.074,273.878
01:15.1,16,0.91,15.42906606,75.01588478,705.4736364,0.1890047,93.27367091,30.35909091,42.09363636,0.812727273,0.006525646,-0.010642713,0.001393371,-0.20343055,-0.037076645,-9.8049415,-0.2430119,0.01224918,0.01331354,0.02216417,0,0.27,-1.07,273.88
01:15.1,16,0.91,15.42906608,75.01588479,705.4718182,0.1875682,96.89938545,30.34454545,42.08181818,0.796363636,0.00668883,-0.01168306,0.001854635,-0.2027598,-0.03723259,-9.805532,-0.2622268,0.011690748,0.012576641,0.02075536,0,0.27,-1.068,273.878
01:15.2,16,0.91,15.4290661,75.0158848,705.47,0.1861317,100.5251,30.33,42.07,0.78,0.006638845,-0.011006375,0.002341523,-0.20324585,-0.035328655,-9.8049885,-0.2814417,0.011132316,0.011839742,0.01934655,0,0.27,-1.066,273.876
01:15.2,16,0.91,15.4290661,75.01588486,705.4877778,0.185644522,102.0252556,30.31222222,42.05333333,0.776666667,0.00658886,-0.01032969,0.002828411,-0.2037319,-0.03342472,-9.804445,-0.3006566,0.010573883,0.011102843,0.01793774,0,0.27,-1.064,273.874
01:15.2,16,0.91,15.4290661,75.01588491,705.5055556,0.185157344,103.5254111,30.29444444,42.03666667,0.773333333,0.001866058,-0.008256463,0.004422347,-0.21050235,-0.03141591,-9.8035,-0.3198715,0.010015451,0.010365944,0.01652893,0,0.27,-1.062,273.872
01:15.2,16,0.91,15.4290661,75.01588497,705.5233333,0.184670167,105.0255667,30.27666667,42.02,0.77,-0.002856745,-0.006183236,0.006016282,-0.2172728,-0.0294071,-9.802555,-0.3390864,0.009457019,0.009629045,0.01512012,0,0.27,-1.06,273.87
01:15.2,16,0.91,15.4290661,75.01588502,705.5411111,0.184182989,106.5257222,30.25888889,42.00333333,0.766666667,0.001389654,-0.009202643,0.004127148,-0.21139085,-0.032005185,-9.8037265,-0.33569552,0.009303393,0.009257193,0.014481772,0,0.27,-1.058,273.87
01:15.3,16,0.91,15.4290661,75.01588508,705.5588889,0.183695811,108.0258778,30.24111111,41.98666667,0.763333333,0.005636054,-0.01222205,0.002238013,-0.2055089,-0.03460327,-9.804898,-0.33230464,0.009149767,0.008885341,0.013843424,0,0.27,-1.056,273.87
01:15.3,16,0.91,15.4290661,75.01588513,705.5766667,0.183208633,109.5260333,30.22333333,41.97,0.76,0.005949755,-0.012217335,0.002039828,-0.2045265,-0.03452525,-9.8033845,-0.32891376,0.008996141,0.008513489,0.013205076,0,0.27,-1.054,273.87
01:15.3,16,0.91,15.4290661,75.01588519,705.5944444,0.182721456,111.0261889,30.20555556,41.95333333,0.756666667,0.006263456,-0.01221262,0.001841643,-0.2035441,-0.03444723,-9.801871,-0.32552288,0.008842515,0.008141637,0.012566728,0,0.27,-1.052,273.87
01:15.3,16,0.91,15.4290661,75.01588524,705.6122222,0.182234278,112.5263444,30.18777778,41.93666667,0.753333333,0.006956969,-0.01256058,0.001730721,-0.20582825,-0.03417467,-9.8040935,-0.322132,0.008688889,0.007769785,0.01192838,0,0.27,-1.05,273.87
01:15.3,16,0.91,15.4290661,75.0158853,705.63,0.1817471,114.0265,30.17,41.92,0.75,0.007650481,-0.01290854,0.001619799,-0.2081124,-0.03390211,-9.806316,-0.2950051,0.018451075,0.019818646,0.02388525,0,0.27,-1.048,273.87
01:15.4,16,0.91,15.42906605,75.01588534,705.652,0.19511363,118.94696,30.151,41.904,0.771,0.001887936,-0.006468475,0.003150245,-0.211504,-0.03534011,-9.799265,-0.2678782,0.028213261,0.031867507,0.03584212,0,0.27,-1.046,273.87
01:15.4,16,0.91,15.429066,75.01588538,705.674,0.20848016,123.86742,30.132,41.888,0.792,-0.00387461,-2.84E-05,0.004680691,-0.2148956,-0.03677811,-9.792214,-0.2407513,0.037975448,0.043916368,0.04779899,0,0.27,-1.044,273.87
01:15.4,16,0.91,15.42906595,75.01588542,705.696,0.22184669,128.78788,30.113,41.872,0.813,0.001798169,-0.005020545,0.003509264,-0.2095128,-0.03506816,-9.7985235,-0.2136244,0.047737634,0.055965229,0.05975586,0,0.27,-1.042,273.87
01:15.4,16,0.91,15.4290659,75.01588546,705.718,0.23521322,133.70834,30.094,41.856,0.834,0.007470947,-0.01001268,0.002337836,-0.20413,-0.03335821,-9.804833,-0.1864975,0.05749982,0.06801409,0.07171273,0,0.27,-1.04,273.87
01:15.4,16,0.91,15.42906585,75.0158855,705.74,0.24857975,138.6288,30.075,41.84,0.855,0.006877199,-0.01071671,0.001651478,-0.2052813,-0.033756885,-9.8042215,-0.19780038,0.057248074,0.067905304,0.07095816,0,0.27,-1.038,273.87
01:15.5,16,0.91,15.4290658,75.01588554,705.762,0.26194628,143.54926,30.056,41.824,0.876,0.006283451,-0.01142074,0.000965121,-0.2064326,-0.03415556,-9.80361,-0.20910326,0.056996328,0.067796518,0.07020359,0,0.27,-1.036,273.87
01:15.5,16,0.91,15.42906575,75.01588558,705.784,0.27531281,148.46972,30.037,41.808,0.897,0.006014054,-0.0121042,0.001681589,-0.2064103,-0.03425825,-9.8036405,-0.22040614,0.056744582,0.067687732,0.06944902,0,0.27,-1.034,273.87
01:15.5,16,0.91,15.4290657,75.01588562,705.806,0.28867934,153.39018,30.018,41.792,0.918,0.005744658,-0.01278766,0.002398057,-0.206388,-0.03436094,-9.803671,-0.23170902,0.056492836,0.067578946,0.06869445,0,0.27,-1.032,273.87
01:15.5,16,0.91,15.42906565,75.01588566,705.828,0.30204587,158.31064,29.999,41.776,0.939,0.003645786,-0.008451716,0.001151267,-0.2148139,-0.030064235,-9.802553,-0.2430119,0.05624109,0.06747016,0.06793988,0,0.27,-1.03,273.87
01:15.5,16,0.91,15.4290656,75.0158857,705.85,0.3154124,163.2311,29.98,41.76,0.96,0.001546914,-0.004115772,-9.55E-05,-0.2232398,-0.02576753,-9.801435,-0.2418816,0.04658441,0.055649726,0.05628814,0,0.27,-1.028,273.87
01:15.6,16,0.91,15.42906556,75.01588569,705.854,0.31855949,163.94546,29.957,41.737,0.957,-0.000320128,-0.006425777,0.001687606,-0.21981185,-0.025108855,-9.8018555,-0.2407513,0.03692773,0.043829292,0.044636401,0,0.27,-1.026,273.87
01:15.6,16,0.91,15.42906552,75.01588568,705.858,0.32170658,164.65982,29.934,41.714,0.954,-0.00218717,-0.008735782,0.003470735,-0.2163839,-0.02445018,-9.802276,-0.239621,0.027271051,0.032008859,0.032984661,0,0.27,-1.024,273.87
01:15.6,16,0.91,15.42906548,75.01588567,705.862,0.32485367,165.37418,29.911,41.691,0.951,0.002446333,-0.010161196,0.002515588,-0.210519,-0.027836385,-9.8039675,-0.2384907,0.017614371,0.020188425,0.021332922,0,0.27,-1.022,273.87
01:15.6,16,0.91,15.42906544,75.01588566,705.866,0.32800076,166.08854,29.888,41.668,0.948,0.007079836,-0.01158661,0.001560442,-0.2046541,-0.03122259,-9.805659,-0.2373604,0.007957691,0.008367991,0.009681182,0,0.27,-1.02,273.87
01:15.6,16,0.91,15.4290654,75.01588565,705.87,0.33114785,166.8029,29.865,41.645,0.945,0.007005128,-0.01211702,0.001808739,-0.20599115,-0.031445515,-9.8040705,-0.2294484,0.007901864,0.008623875,0.009435788,0,0.27,-1.02,273.87
01:15.7,16,0.91,15.42906536,75.01588564,705.874,0.33429494,167.51726,29.842,41.622,0.942,0.00693042,-0.01264743,0.002057036,-0.2073282,-0.03166844,-9.802482,-0.2215364,0.007846036,0.008879758,0.009190395,0,0.27,-1.02,273.87
01:15.7,16,0.91,15.42906532,75.01588563,705.878,0.33744203,168.23162,29.819,41.599,0.939,0.006647785,-0.01326937,0.001564151,-0.20688775,-0.034440415,-9.8063,-0.2136244,0.007790209,0.009135642,0.008945001,0,0.27,-1.02,273.87
01:15.7,16,0.91,15.42906528,75.01588562,705.882,0.34058912,168.94598,29.796,41.576,0.936,0.00636515,-0.01389131,0.001071265,-0.2064473,-0.03721239,-9.810118,-0.2057124,0.007734381,0.009391525,0.008699608,0,0.27,-1.02,273.87
01:15.7,16,0.91,15.42906524,75.01588561,705.886,0.34373621,169.66034,29.773,41.553,0.933,0.007156531,-0.012983515,0.000902095,-0.20604695,-0.03770223,-9.808054,-0.1978004,0.007678554,0.009647409,0.008454214,0,0.27,-1.02,273.87
01:15.7,16,0.91,15.4290652,75.0158856,705.89,0.3468833,170.3747,29.75,41.53,0.93,0.007947912,-0.01207572,0.000732924,-0.2056466,-0.03819207,-9.80599,-0.21814558,0.007800102,0.009594842,0.008729765,0,0.27,-1.018,273.87
01:15.8,16,0.91,15.42906516,75.01588559,705.9,0.34571467,168.46663,29.723,41.504,0.922,0.00691732,-0.011402545,0.001017224,-0.2031191,-0.0371477,-9.806199,-0.23849076,0.00792165,0.009542276,0.009005317,0,0.27,-1.016,273.87
01:15.8,16,0.91,15.42906512,75.01588558,705.91,0.34454604,166.55856,29.696,41.478,0.914,0.005886728,-0.01072937,0.001301524,-0.2005916,-0.03610333,-9.806408,-0.25883594,0.008043197,0.009489709,0.009280868,0,0.27,-1.014,273.87
01:15.8,16,0.91,15.42906508,75.01588557,705.92,0.34337741,164.65049,29.669,41.452,0.906,0.006579739,-0.010784375,0.001433385,-0.2014878,-0.035073365,-9.804759,-0.27918112,0.008164745,0.009437143,0.00955642,0,0.27,-1.012,273.87
01:15.8,16,0.91,15.42906504,75.01588556,705.93,0.34220878,162.74242,29.642,41.426,0.898,0.007272749,-0.01083938,0.001565245,-0.202384,-0.0340434,-9.80311,-0.2995263,0.008286293,0.009384576,0.009831971,0,0.27,-1.01,273.87
01:15.8,16,0.91,15.429065,75.01588555,705.94,0.34104015,160.83435,29.615,41.4,0.89,0.00736918,-0.011671605,0.001372446,-0.2037743,-0.03486726,-9.803906,-0.2893537,0.008473336,0.009240807,0.010028065,0,0.27,-1.01,273.87
01:15.9,16,0.91,15.42906496,75.01588554,705.95,0.33987152,158.92628,29.588,41.374,0.882,0.00746561,-0.01250383,0.001179646,-0.2051646,-0.03569112,-9.804702,-0.2791811,0.008660379,0.009097037,0.010224159,0,0.27,-1.01,273.87
01:15.9,16,0.91,15.42906492,75.01588553,705.96,0.33870289,157.01821,29.561,41.348,0.874,0.001400457,-0.010162592,0.000530307,-0.21255245,-0.03054549,-9.806636,-0.2690085,0.008847421,0.008953268,0.010420252,0,0.27,-1.01,273.87
01:15.9,16,0.91,15.42906488,75.01588552,705.97,0.33753426,155.11014,29.534,41.322,0.866,-0.004664695,-0.007821354,-0.000119033,-0.2199403,-0.02539986,-9.80857,-0.2588359,0.009034464,0.008809498,0.010616346,0,0.27,-1.01,273.87
01:15.9,16,0.91,15.42906484,75.01588551,705.98,0.33636563,153.20207,29.507,41.296,0.858,8.91E-05,-0.008685651,0.000747295,-0.2122342,-0.03010622,-9.80625,-0.2486633,0.009221507,0.008665729,0.01081244,0,0.27,-1.01,273.87
01:15.9,16,0.91,15.4290648,75.0158855,705.99,0.335197,151.294,29.48,41.27,0.85,0.004842798,-0.009549947,0.001613623,-0.2045281,-0.03481258,-9.80393,-0.26561762,0.009076026,0.008905972,0.010805074,0,0.268,-1.008,273.87
01:16.0,16,0.91,15.4290648,75.0158855,705.985,0.33305914,150.41553,29.457,41.25,0.847,0.005394683,-0.010922039,0.001834326,-0.2057224,-0.03633561,-9.8022445,-0.28257194,0.008930544,0.009146216,0.010797708,0,0.266,-1.006,273.87
01:16.0,16,0.91,15.4290648,75.0158855,705.98,0.33092128,149.53706,29.434,41.23,0.844,0.005946568,-0.01229413,0.002055028,-0.2069167,-0.03785864,-9.800559,-0.29952626,0.008785063,0.009386459,0.010790342,0,0.264,-1.004,273.87
01:16.0,16,0.91,15.4290648,75.0158855,705.975,0.32878342,148.65859,29.411,41.21,0.841,0.006857009,-0.01275978,0.001603839,-0.2037531,-0.036355085,-9.802539,-0.31648058,0.008639581,0.009626703,0.010782976,0,0.262,-1.002,273.87
01:16.0,16,0.91,15.4290648,75.0158855,705.97,0.32664556,147.78012,29.388,41.19,0.838,0.00776745,-0.01322543,0.00115265,-0.2005895,-0.03485153,-9.804519,-0.3334349,0.0084941,0.009866946,0.01077561,0,0.26,-1,273.87
01:16.0,16,0.91,15.4290648,75.0158855,705.965,0.3245077,146.90165,29.365,41.17,0.835,0.006412114,-0.012312345,0.001265523,-0.201979,-0.036626125,-9.804409,-0.34021662,0.008473758,0.010274457,0.010574427,0,0.26,-1,273.87
01:16.1,16,0.91,15.4290648,75.0158855,705.96,0.32236984,146.02318,29.342,41.15,0.832,0.005056778,-0.01139926,0.001378395,-0.2033685,-0.03840072,-9.804299,-0.34699834,0.008453416,0.010681968,0.010373244,0,0.26,-1,273.87
01:16.1,16,0.91,15.4290648,75.0158855,705.955,0.32023198,145.14471,29.319,41.13,0.829,0.005926749,-0.01173496,0.001837843,-0.20351865,-0.037284885,-9.8035745,-0.35378006,0.008433075,0.011089478,0.010172062,0,0.26,-1,273.87
01:16.1,16,0.91,15.4290648,75.0158855,705.95,0.31809412,144.26624,29.296,41.11,0.826,0.006796719,-0.01207066,0.002297291,-0.2036688,-0.03616905,-9.80285,-0.36056178,0.008412733,0.011496989,0.009970879,0,0.26,-1,273.87
01:16.1,16,0.91,15.4290648,75.0158855,705.945,0.31595626,143.38777,29.273,41.09,0.823,0.00654643,-0.012045235,0.001817471,-0.20358495,-0.035804275,-9.802589,-0.3673435,0.008392391,0.0119045,0.009769696,0,0.26,-1,273.87
01:16.1,16,0.91,15.4290648,75.0158855,705.94,0.3138184,142.5093,29.25,41.07,0.82,0.00629614,-0.01201981,0.00133765,-0.2035011,-0.0354395,-9.802328,-0.33230458,0.018962413,0.02314016,0.021413841,0,0.26,-1,273.87
01:16.2,16,0.91,15.42906477,75.01588551,705.955,0.31387937,146.97087,29.231,41.052,0.836,0.006292042,-0.011117135,0.001409016,-0.2042261,-0.03532145,-9.803277,-0.29726566,0.029532435,0.03437582,0.033057986,0,0.26,-1,273.87
01:16.2,16,0.91,15.42906474,75.01588552,705.97,0.31394034,151.43244,29.212,41.034,0.852,0.006287943,-0.01021446,0.001480382,-0.2049511,-0.0352034,-9.804226,-0.26222674,0.040102456,0.04561148,0.04470213,0,0.26,-1,273.87
01:16.2,16,0.91,15.42906471,75.01588553,705.985,0.31400131,155.89401,29.193,41.016,0.868,0.006557137,-0.0113339,0.001359348,-0.20352845,-0.033032195,-9.8043465,-0.22718782,0.050672478,0.05684714,0.056346275,0,0.26,-1,273.87
01:16.2,16,0.91,15.42906468,75.01588554,706,0.31406228,160.35558,29.174,40.998,0.884,0.00682633,-0.01245334,0.001238313,-0.2021058,-0.03086099,-9.804467,-0.1921489,0.0612425,0.0680828,0.06799042,0,0.26,-1,273.87
01:16.2,16,0.91,15.42906465,75.01588555,706.015,0.31412325,164.81715,29.155,40.98,0.9,0.00682867,-0.012115905,0.001196186,-0.2043439,-0.03161475,-9.8038225,-0.18988834,0.050652477,0.056153232,0.056394438,0,0.26,-1,273.87
01:16.3,16,0.91,15.42906462,75.01588556,706.03,0.31418422,169.27872,29.136,40.962,0.916,0.00683101,-0.01177847,0.001154058,-0.206582,-0.03236851,-9.803178,-0.18762778,0.040062455,0.044223665,0.044798456,0,0.26,-1,273.87
01:16.3,16,0.91,15.42906459,75.01588557,706.045,0.31424519,173.74029,29.117,40.944,0.932,0.004786795,-0.006728132,0.001143165,-0.21081425,-0.024213455,-9.7985545,-0.18536722,0.029472432,0.032294097,0.033202474,0,0.26,-1,273.87
01:16.3,16,0.91,15.42906456,75.01588558,706.06,0.31430616,178.20186,29.098,40.926,0.948,0.002742579,-0.001677794,0.001132271,-0.2150465,-0.0160584,-9.793931,-0.18310666,0.01888241,0.02036453,0.021606492,0,0.26,-1,273.87
01:16.3,16,0.91,15.42906453,75.01588559,706.075,0.31436713,182.66343,29.079,40.908,0.964,0.004611458,-0.007627812,0.001099351,-0.21105415,-0.025489635,-9.8006585,-0.1808461,0.008292387,0.008434962,0.01001051,0,0.26,-1,273.87
01:16.3,16,0.91,15.4290645,75.0158856,706.09,0.3144281,187.125,29.06,40.89,0.98,0.006480336,-0.01357783,0.001066432,-0.2070618,-0.03492087,-9.807386,-0.20571242,0.008311953,0.008576758,0.009922511,0,0.26,-1,273.87
01:16.4,16,0.91,15.42906458,75.01588565,706.106,0.29328723,177.523739,29.023,40.807,0.957,0.006479279,-0.011953215,0.001330531,-0.20606885,-0.035318855,-9.806479,-0.23057874,0.00833152,0.008718553,0.009834513,0,0.26,-1,273.87
01:16.4,16,0.91,15.42906466,75.0158857,706.122,0.27214636,167.922478,28.986,40.724,0.934,0.006478222,-0.0103286,0.00159463,-0.2050759,-0.03571684,-9.805572,-0.25544506,0.008351086,0.008860349,0.009746514,0,0.26,-1,273.87
01:16.4,16,0.91,15.42906474,75.01588575,706.138,0.25100549,158.321217,28.949,40.641,0.911,0.006916202,-0.0107249,0.00123271,-0.2043678,-0.035440665,-9.8027655,-0.28031138,0.008370653,0.009002144,0.009658516,0,0.26,-1,273.87
01:16.4,16,0.91,15.42906482,75.0158858,706.154,0.22986462,148.719956,28.912,40.558,0.888,0.007354183,-0.0111212,0.000870791,-0.2036597,-0.03516449,-9.799959,-0.3051777,0.008390219,0.00914394,0.009570517,0,0.26,-1,273.87
01:16.4,16,0.91,15.4290649,75.01588585,706.17,0.20872375,139.118695,28.875,40.475,0.865,0.007087464,-0.012041655,0.000729029,-0.20387525,-0.035443015,-9.8021505,-0.255445038,0.008467447,0.008964926,0.00932172,0,0.26,-1,273.87
01:16.5,16,0.91,15.42906498,75.0158859,706.186,0.18758288,129.517434,28.838,40.392,0.842,0.006820745,-0.01296211,0.000587267,-0.2040908,-0.03572154,-9.804342,-0.205712376,0.008544676,0.008785912,0.009072923,0,0.26,-1,273.87
01:16.5,16,0.91,15.42906506,75.01588595,706.202,0.16644201,119.916173,28.801,40.309,0.819,0.006357233,-0.01244886,0.000989215,-0.2060078,-0.036241725,-9.8043885,-0.155979714,0.008621904,0.008606899,0.008824126,0,0.26,-1,273.87
01:16.5,16,0.91,15.42906514,75.015886,706.218,0.14530114,110.314912,28.764,40.226,0.796,0.005893721,-0.01193561,0.001391164,-0.2079248,-0.03676191,-9.804435,-0.106247052,0.008699133,0.008427885,0.008575329,0,0.26,-1,273.87
01:16.5,16,0.91,15.42906522,75.01588605,706.234,0.12416027,100.713651,28.727,40.143,0.773,0.006297496,-0.011306255,0.001213264,-0.2076465,-0.03493146,-9.8027765,-0.05651439,0.008776361,0.008248871,0.008326532,0,0.26,-1,273.87
01:16.5,16,0.91,15.4290653,75.0158861,706.25,0.1030194,91.11239,28.69,40.06,0.75,0.00670127,-0.0106769,0.001035363,-0.2073682,-0.03310101,-9.801118,-0.082511012,0.008626018,0.008408249,0.008628663,0,0.26,-1,273.87
01:16.6,16,0.91,15.42906537,75.01588609,706.258,0.12446916,99.440861,28.658,39.988,0.767,0.006985968,-0.011312635,0.001934061,-0.20642755,-0.034077695,-9.800266,-0.108507634,0.008475675,0.008567626,0.008930794,0,0.26,-1,273.87
01:16.6,16,0.91,15.42906544,75.01588608,706.266,0.14591892,107.769332,28.626,39.916,0.784,0.007270666,-0.01194837,0.002832759,-0.2054869,-0.03505438,-9.799414,-0.134504256,0.008325332,0.008727004,0.009232925,0,0.26,-1,273.87
01:16.6,16,0.91,15.42906551,75.01588607,706.274,0.16736868,116.097803,28.594,39.844,0.801,0.003250275,-0.006603448,0.003224681,-0.20441805,-0.028620525,-9.799752,-0.160500878,0.008174989,0.008886381,0.009535056,0,0.26,-1,273.87
01:16.6,16,0.91,15.42906558,75.01588606,706.282,0.18881844,124.426274,28.562,39.772,0.818,-0.000770115,-0.001258526,0.003616602,-0.2033492,-0.02218667,-9.80009,-0.1864975,0.008024646,0.009045759,0.009837187,0,0.26,-1,273.87
01:16.6,16,0.91,15.42906565,75.01588605,706.29,0.2102682,132.754745,28.53,39.7,0.835,0.002819987,-0.006910378,0.002558289,-0.2034889,-0.028028555,-9.8013885,-0.1774552,0.008307535,0.008987148,0.010213352,0,0.258,-1,273.872
01:16.7,16,0.91,15.42906572,75.01588604,706.298,0.23171796,141.083216,28.498,39.628,0.852,0.006410089,-0.01256223,0.001499975,-0.2036286,-0.03387044,-9.802687,-0.1684129,0.008590423,0.008928537,0.010589516,0,0.256,-1,273.874
01:16.7,16,0.91,15.42906579,75.01588603,706.306,0.25316772,149.411687,28.466,39.556,0.869,0.005930077,-0.0121137,0.001814846,-0.2049434,-0.034995505,-9.8039755,-0.1593706,0.008873312,0.008869925,0.010965681,0,0.254,-1,273.876
01:16.7,16,0.91,15.42906586,75.01588602,706.314,0.27461748,157.740158,28.434,39.484,0.886,0.005450064,-0.01166517,0.002129717,-0.2062582,-0.03612057,-9.805264,-0.1503283,0.0091562,0.008811314,0.011341845,0,0.252,-1,273.878
01:16.7,16,0.91,15.42906593,75.01588601,706.322,0.29606724,166.068629,28.402,39.412,0.903,0.005869913,-0.01161715,0.001661603,-0.20572355,-0.03568321,-9.8032295,-0.141286,0.009439089,0.008752703,0.01171801,0,0.25,-1,273.88
01:16.7,16,0.91,15.429066,75.015886,706.33,0.317517,174.3971,28.37,39.34,0.92,0.006289762,-0.01156913,0.001193488,-0.2051889,-0.03524585,-9.801195,-0.15484944,0.018945731,0.020438158,0.024598046,0,0.25,-1,273.88
01:16.8,16,0.91,15.42906606,75.01588599,706.331,0.3096056,171.93521,28.334,39.264,0.908,0.003928266,-0.004159833,0.000587108,-0.2088266,-0.02752329,-9.803118,-0.16841288,0.028452373,0.032123614,0.037478082,0,0.25,-1,273.88
01:16.8,16,0.91,15.42906612,75.01588598,706.332,0.3016942,169.47332,28.298,39.188,0.896,0.00156677,0.003249464,-1.93E-05,-0.2124643,-0.01980073,-9.805041,-0.18197632,0.037959016,0.043809069,0.050358118,0,0.25,-1,273.88
01:16.8,16,0.91,15.42906618,75.01588597,706.333,0.2937828,167.01143,28.262,39.112,0.884,0.003457394,-0.004397643,0.000593795,-0.2092713,-0.02796854,-9.805747,-0.19553976,0.047465658,0.055494525,0.063238154,0,0.25,-1,273.88
01:16.8,16,0.91,15.42906624,75.01588596,706.334,0.2858714,164.54954,28.226,39.036,0.872,0.005348017,-0.01204475,0.001206863,-0.2060783,-0.03613635,-9.806453,-0.2091032,0.0569723,0.06717998,0.07611819,0,0.25,-1,273.88
01:16.8,16,0.91,15.4290663,75.01588595,706.335,0.27796,162.08765,28.19,38.96,0.86,0.006200187,-0.011860605,0.001421003,-0.2054165,-0.034980175,-9.806064,-0.19553976,0.047400392,0.055634223,0.063114894,0,0.25,-1,273.88
01:16.9,16,0.91,15.42906636,75.01588594,706.336,0.2700486,159.62576,28.154,38.884,0.848,0.007052356,-0.01167646,0.001635142,-0.2047547,-0.033824,-9.805675,-0.18197632,0.037828484,0.044088466,0.050111598,0,0.25,-1,273.88
01:16.9,16,0.91,15.42906642,75.01588593,706.337,0.2621372,157.16387,28.118,38.808,0.836,0.006904928,-0.01197313,0.00118843,-0.2055132,-0.03422508,-9.805665,-0.16841288,0.028256577,0.03254271,0.037108302,0,0.25,-1,273.88
01:16.9,16,0.91,15.42906648,75.01588592,706.338,0.2542258,154.70198,28.082,38.732,0.824,0.0067575,-0.0122698,0.000741718,-0.2062717,-0.03462616,-9.805655,-0.15484944,0.018684669,0.020996953,0.024105006,0,0.25,-1,273.88
01:16.9,16,0.91,15.42906654,75.01588591,706.339,0.2463144,152.24009,28.046,38.656,0.812,0.002973998,-0.006773678,0.001614352,-0.2120799,-0.03024665,-9.799706,-0.141286,0.009112761,0.009451196,0.01110171,0,0.25,-1,273.88
01:16.9,16,0.91,15.4290666,75.0158859,706.34,0.238403,149.7782,28.01,38.58,0.8,-0.000809503,-0.001277555,0.002486985,-0.2178881,-0.02586714,-9.793757,-0.13337398,0.009033905,0.009498411,0.010790445,0,0.25,-1,273.88
01:17.0,16,0.91,15.42906669,75.01588591,706.3545455,0.226464073,141.1866364,27.98363636,38.52363636,0.797272727,0.00044053,-0.001950816,0.002693907,-0.21356965,-0.021125605,-9.7926695,-0.12546196,0.00895505,0.009545625,0.01047918,0,0.25,-1,273.88
01:17.0,16,0.91,15.42906678,75.01588592,706.3690909,0.214525145,132.5950727,27.95727273,38.46727273,0.794545455,0.001690564,-0.002624077,0.002900828,-0.2092512,-0.01638407,-9.791582,-0.11754994,0.008876194,0.00959284,0.010167915,0,0.25,-1,273.88
01:17.0,16,0.91,15.42906687,75.01588593,706.3836364,0.202586218,124.0035091,27.93090909,38.41090909,0.791818182,0.003685687,-0.007338983,0.001940153,-0.20820825,-0.026274145,-9.79666,-0.10963792,0.008797339,0.009640054,0.00985665,0,0.25,-1,273.88
01:17.0,16,0.91,15.42906696,75.01588594,706.3981818,0.190647291,115.4119455,27.90454545,38.35454545,0.789090909,0.005680809,-0.01205389,0.000979478,-0.2071653,-0.03616422,-9.801738,-0.1017259,0.008718483,0.009687269,0.009545385,0,0.25,-1,273.88
01:17.0,16,0.91,15.42906705,75.01588595,706.4127273,0.178708364,106.8203818,27.87818182,38.29818182,0.786363636,0.005991219,-0.01167849,0.001330807,-0.2050967,-0.03747353,-9.80148,-0.1017259,0.008560668,0.009574831,0.009862582,0,0.25,-1.002,273.88
01:17.1,16,0.91,15.42906715,75.01588595,706.4272727,0.166769436,98.22881818,27.85181818,38.24181818,0.783636364,0.006301629,-0.01130309,0.001682137,-0.2030281,-0.03878284,-9.801222,-0.1017259,0.008402852,0.009462393,0.010179779,0,0.25,-1.004,273.88
01:17.1,16,0.91,15.42906724,75.01588596,706.4418182,0.154830509,89.63725455,27.82545455,38.18545455,0.780909091,0.006279262,-0.01171625,0.001389535,-0.2037402,-0.03709818,-9.801239,-0.1017259,0.008245037,0.009349956,0.010496976,0,0.25,-1.006,273.88
01:17.1,16,0.91,15.42906733,75.01588597,706.4563636,0.142891582,81.04569091,27.79909091,38.12909091,0.778181818,0.006256894,-0.01212941,0.001096932,-0.2044523,-0.03541352,-9.801256,-0.1017259,0.008087221,0.009237518,0.010814173,0,0.25,-1.008,273.88
01:17.1,16,0.91,15.42906742,75.01588598,706.4709091,0.130952655,72.45412727,27.77272727,38.07272727,0.775454545,0.006144557,-0.01247021,0.00137883,-0.2058813,-0.03435021,-9.802573,-0.1017259,0.007929406,0.00912508,0.01113137,0,0.25,-1.01,273.88
01:17.1,16,0.91,15.42906751,75.01588599,706.4854545,0.119013727,63.86256364,27.74636364,38.01636364,0.772727273,0.00603222,-0.01281101,0.001660727,-0.2073103,-0.0332869,-9.80389,-0.11302878,0.007894737,0.009170762,0.010913636,0,0.25,-1.01,273.88
01:17.2,16,0.91,15.4290676,75.015886,706.5,0.1070748,55.271,27.72,37.96,0.77,0.002744725,-0.007888613,0.001793391,-0.20702595,-0.033304405,-9.8021415,-0.12433166,0.007860068,0.009216444,0.010695902,0,0.25,-1.01,273.88
01:17.2,16,0.91,15.42906762,75.015886,706.5133333,0.138535,69.34191111,27.68888889,37.89555556,0.802222222,-0.000542769,-0.002966215,0.001926054,-0.2067416,-0.03332191,-9.800393,-0.13563454,0.007825398,0.009262126,0.010478168,0,0.25,-1.01,273.88
01:17.2,16,0.91,15.42906764,75.015886,706.5266667,0.1699952,83.41282222,27.65777778,37.83111111,0.834444444,0.003133725,-0.007445003,0.00178782,-0.2040496,-0.033315785,-9.8021515,-0.14693742,0.007790729,0.009307808,0.010260434,0,0.25,-1.01,273.88
01:17.2,16,0.91,15.42906767,75.015886,706.54,0.2014554,97.48373333,27.62666667,37.76666667,0.866666667,0.006810219,-0.01192379,0.001649586,-0.2013576,-0.03330966,-9.80391,-0.1582403,0.00775606,0.00935349,0.0100427,0,0.25,-1.01,273.88
01:17.2,16,0.91,15.42906769,75.015886,706.5533333,0.2329156,111.5546444,27.59555556,37.70222222,0.898888889,0.006409747,-0.01204429,0.001213091,-0.201842,-0.03403381,-9.803562,-0.16276146,0.007912659,0.009823924,0.010320562,0,0.248,-1.012,273.88
01:17.3,16,0.91,15.42906771,75.015886,706.5666667,0.2643758,125.6255556,27.56444444,37.63777778,0.931111111,0.006009274,-0.01216479,0.000776596,-0.2023264,-0.03475796,-9.803214,-0.16728262,0.008069258,0.010294358,0.010598424,0,0.246,-1.014,273.88
01:17.3,16,0.91,15.42906773,75.015886,706.58,0.295836,139.6964667,27.53333333,37.57333333,0.963333333,0.006895109,-0.01201343,0.001379617,-0.20313045,-0.03342965,-9.8015345,-0.17180378,0.008225857,0.010764792,0.010876286,0,0.244,-1.016,273.88
01:17.3,16,0.91,15.42906776,75.015886,706.5933333,0.3272962,153.7673778,27.50222222,37.50888889,0.995555556,0.007780944,-0.01186207,0.001982637,-0.2039345,-0.03210134,-9.799855,-0.17632494,0.008382456,0.011235226,0.011154148,0,0.242,-1.018,273.88
01:17.3,16,0.91,15.42906778,75.015886,706.6066667,0.3587564,167.8382889,27.47111111,37.44444444,1.027777778,0.004109879,-0.006466066,0.001525536,-0.2101875,-0.026736375,-9.7948985,-0.1808461,0.008539055,0.01170566,0.01143201,0,0.24,-1.02,273.88
01:17.3,16,0.91,15.4290678,75.015886,706.62,0.3902166,181.9092,27.44,37.38,1.06,0.000438814,-0.001070061,0.001068434,-0.2164405,-0.02137141,-9.789942,-0.17180378,0.008641502,0.0113078,0.011395006,0,0.24,-1.02,273.88
01:17.4,16,0.91,15.4290678,75.01588603,706.645,0.38545337,182.05296,27.405,37.31,1.058,0.003083346,-0.00662723,0.001277461,-0.21037665,-0.028211165,-9.795804,-0.16276146,0.00874395,0.01090994,0.011358002,0,0.24,-1.02,273.88
01:17.4,16,0.91,15.4290678,75.01588606,706.67,0.38069014,182.19672,27.37,37.24,1.056,0.005727878,-0.0121844,0.001486488,-0.2043128,-0.03505092,-9.801666,-0.15371914,0.008846397,0.010512079,0.011320998,0,0.24,-1.02,273.88
01:17.4,16,0.91,15.4290678,75.01588609,706.695,0.37592691,182.34048,27.335,37.17,1.054,0.006172055,-0.012088135,0.001358108,-0.2033847,-0.034962585,-9.8013485,-0.14467682,0.008948845,0.010114219,0.011283994,0,0.24,-1.02,273.88
01:17.4,16,0.91,15.4290678,75.01588612,706.72,0.37116368,182.48424,27.3,37.1,1.052,0.006616232,-0.01199187,0.001229728,-0.2024566,-0.03487425,-9.801031,-0.1356345,0.009051292,0.009716359,0.01124699,0,0.24,-1.02,273.88
01:17.4,16,0.91,15.4290678,75.01588615,706.745,0.36640045,182.628,27.265,37.03,1.05,0.006846037,-0.01106657,0.001718541,-0.2047956,-0.03509608,-9.8027355,-0.16050084,0.01849128,0.020402841,0.02329928,0,0.24,-1.022,273.88
01:17.5,16,0.91,15.4290678,75.01588618,706.77,0.36163722,182.77176,27.23,36.96,1.048,0.007075842,-0.01014127,0.002207355,-0.2071346,-0.03531791,-9.80444,-0.18536718,0.027931267,0.031089323,0.03535157,0,0.24,-1.024,273.88
01:17.5,16,0.91,15.4290678,75.01588621,706.795,0.35687399,182.91552,27.195,36.89,1.046,0.0068053,-0.0110268,0.001646105,-0.2061611,-0.034523635,-9.803023,-0.21023352,0.037371255,0.041775806,0.04740386,0,0.24,-1.026,273.88
01:17.5,16,0.91,15.4290678,75.01588624,706.82,0.35211076,183.05928,27.16,36.82,1.044,0.006534757,-0.01191233,0.001084856,-0.2051876,-0.03372936,-9.801606,-0.23509986,0.046811242,0.052462288,0.05945615,0,0.24,-1.028,273.88
01:17.5,16,0.91,15.4290678,75.01588627,706.845,0.34734753,183.20304,27.125,36.75,1.042,0.006704355,-0.01173414,0.001577509,-0.2044771,-0.03500784,-9.8011305,-0.2599662,0.05625123,0.06314877,0.07150844,0,0.24,-1.03,273.88
01:17.5,16,0.91,15.4290678,75.0158863,706.87,0.3425843,183.3468,27.09,36.68,1.04,0.006873952,-0.01155595,0.002070162,-0.2037666,-0.03628632,-9.800655,-0.25770562,0.046676173,0.052177527,0.059383076,0,0.24,-1.03,273.88
01:17.6,16,0.91,15.42906777,75.0158863,706.887,0.36812797,183.06003,27.059,36.618,1.046,0.006576802,-0.01239076,0.00202803,-0.20472645,-0.035296345,-9.8018305,-0.25544504,0.037101116,0.041206284,0.047257712,0,0.24,-1.03,273.88
01:17.6,16,0.91,15.42906774,75.0158863,706.904,0.39367164,182.77326,27.028,36.556,1.052,0.006279652,-0.01322557,0.001985897,-0.2056863,-0.03430637,-9.803006,-0.25318446,0.02752606,0.03023504,0.035132348,0,0.24,-1.03,273.88
01:17.6,16,0.91,15.42906771,75.0158863,706.921,0.41921531,182.48649,26.997,36.494,1.058,0.005990047,-0.01246078,0.001838425,-0.20499605,-0.033710715,-9.801149,-0.25092388,0.017951003,0.019263797,0.023006984,0,0.24,-1.03,273.88
01:17.6,16,0.91,15.42906768,75.0158863,706.938,0.44475898,182.19972,26.966,36.432,1.064,0.005700442,-0.01169599,0.001690952,-0.2043058,-0.03311506,-9.799292,-0.2486633,0.008375946,0.008292554,0.01088162,0,0.24,-1.03,273.88
01:17.6,16,0.91,15.42906765,75.0158863,706.955,0.47030265,181.91295,26.935,36.37,1.07,0.000503459,-0.005572531,0.000565863,-0.20696605,-0.026061955,-9.796794,-0.22492726,0.008437726,0.008465839,0.011070996,0,0.24,-1.03,273.88
01:17.7,16,0.91,15.42906762,75.0158863,706.972,0.49584632,181.62618,26.904,36.308,1.076,-0.004693524,0.000550929,-0.000559225,-0.2096263,-0.01900885,-9.794296,-0.20119122,0.008499506,0.008639124,0.011260372,0,0.24,-1.03,273.88
01:17.7,16,0.91,15.42906759,75.0158863,706.989,0.52138999,181.33941,26.873,36.246,1.082,0.001864256,-0.004734011,0.000590744,-0.2064351,-0.02737065,-9.797406,-0.17745518,0.008561287,0.00881241,0.011449748,0,0.24,-1.03,273.88
01:17.7,16,0.91,15.42906756,75.0158863,707.006,0.54693366,181.05264,26.842,36.184,1.088,0.008422036,-0.01001895,0.001740713,-0.2032439,-0.03573245,-9.800516,-0.15371914,0.008623067,0.008985695,0.011639124,0,0.24,-1.03,273.88
01:17.7,16,0.91,15.42906753,75.0158863,707.023,0.57247733,180.76587,26.811,36.122,1.094,0.007211836,-0.01093835,0.001695934,-0.20392995,-0.03522569,-9.8021035,-0.1299831,0.008684847,0.00915898,0.0118285,0,0.24,-1.03,273.88
01:17.7,16,0.91,15.4290675,75.0158863,707.04,0.598021,180.4791,26.78,36.06,1.1,0.006001636,-0.01185775,0.001651155,-0.204616,-0.03471893,-9.803691,-0.17067346,0.008913441,0.008910341,0.012045222,0,0.24,-1.032,273.88
01:17.8,16,0.91,15.42906755,75.0158863,707.057,0.55712128,180.34025,26.736,35.978,1.076,0.00668509,-0.011679165,0.001789518,-0.20440115,-0.033857845,-9.8028145,-0.21136382,0.009142035,0.008661701,0.012261944,0,0.24,-1.034,273.88
01:17.8,16,0.91,15.4290676,75.0158863,707.074,0.51622156,180.2014,26.692,35.896,1.052,0.007368544,-0.01150058,0.00192788,-0.2041863,-0.03299676,-9.801938,-0.25205418,0.00937063,0.008413062,0.012478666,0,0.24,-1.036,273.88
01:17.8,16,0.91,15.42906765,75.0158863,707.091,0.47532184,180.06255,26.648,35.814,1.028,0.006425658,-0.01212831,0.002506233,-0.20356155,-0.03419938,-9.803231,-0.29274454,0.009599224,0.008164422,0.012695388,0,0.24,-1.038,273.88
01:17.8,16,0.91,15.4290677,75.0158863,707.108,0.43442212,179.9237,26.604,35.732,1.004,0.005482771,-0.01275604,0.003084586,-0.2029368,-0.035402,-9.804524,-0.3334349,0.009827818,0.007915783,0.01291211,0,0.24,-1.04,273.88
01:17.8,16,0.91,15.42906775,75.0158863,707.125,0.3935224,179.78485,26.56,35.65,0.98,0.006170577,-0.01217026,0.002624841,-0.2055128,-0.036688715,-9.8031085,-0.34021662,0.009554664,0.008073751,0.01270128,0,0.24,-1.042,273.88
01:17.9,16,0.91,15.4290678,75.0158863,707.142,0.35262268,179.646,26.516,35.568,0.956,0.006858382,-0.01158448,0.002165095,-0.2080888,-0.03797543,-9.801693,-0.34699834,0.00928151,0.008231719,0.01249045,0,0.24,-1.044,273.88
01:17.9,16,0.91,15.42906785,75.0158863,707.159,0.31172296,179.50715,26.472,35.486,0.932,0.006921789,-0.01110918,0.002122879,-0.20633355,-0.037128665,-9.802901,-0.35378006,0.009008355,0.008389687,0.01227962,0,0.24,-1.046,273.88
01:17.9,16,0.91,15.4290679,75.0158863,707.176,0.27082324,179.3683,26.428,35.404,0.908,0.006985195,-0.01063388,0.002080663,-0.2045783,-0.0362819,-9.804109,-0.36056178,0.008735201,0.008547655,0.01206879,0,0.24,-1.048,273.88
01:17.9,16,0.91,15.42906795,75.0158863,707.193,0.22992352,179.22945,26.384,35.322,0.884,0.006316021,-0.0107505,0.002141435,-0.20496995,-0.03663288,-9.802813,-0.3673435,0.008462047,0.008705623,0.01185796,0,0.24,-1.05,273.88
01:17.9,16,0.91,15.429068,75.0158863,707.21,0.1890238,179.0906,26.34,35.24,0.86,0.005646846,-0.01086712,0.002202206,-0.2053616,-0.03698386,-9.801517,-0.25487988,0.008802146,0.008698396,0.011770176,0,0.24,-1.05,273.882
01:18.0,16,0.91,15.42906802,75.01588629,707.227,0.20460301,176.47302,26.311,35.187,0.865,0.001943154,-0.007531243,0.00304957,-0.21975565,-0.035569505,-9.7987225,-0.14241626,0.009142244,0.008691169,0.011682392,0,0.24,-1.05,273.884
01:18.0,16,0.91,15.42906804,75.01588628,707.244,0.22018222,173.85544,26.282,35.134,0.87,-0.001760537,-0.004195365,0.003896934,-0.2341497,-0.03415515,-9.795928,-0.02995264,0.009482343,0.008683942,0.011594608,0,0.24,-1.05,273.886
01:18.0,16,0.91,15.42906806,75.01588627,707.261,0.23576143,171.23786,26.253,35.081,0.875,0.002089666,-0.008025668,0.003291171,-0.2191543,-0.032875615,-9.7980545,0.08251098,0.009822441,0.008676715,0.011506824,0,0.24,-1.05,273.888
01:18.0,16,0.91,15.42906808,75.01588626,707.278,0.25134064,168.62028,26.224,35.028,0.88,0.00593987,-0.01185597,0.002685407,-0.2041589,-0.03159608,-9.800181,0.1949746,0.01016254,0.008669488,0.01141904,0,0.24,-1.05,273.89
01:18.0,16,0.91,15.4290681,75.01588625,707.295,0.26691985,166.0027,26.195,34.975,0.885,0.0061696,-0.01122471,0.002186477,-0.20515035,-0.03351242,-9.801821,0.17915058,0.020418506,0.019604572,0.02277573,0,0.24,-1.052,273.89
01:18.1,16,0.91,15.42906812,75.01588624,707.312,0.28249906,163.38512,26.166,34.922,0.89,0.00639933,-0.01059345,0.001687547,-0.2061418,-0.03542876,-9.803461,0.16332656,0.030674472,0.030539657,0.03413242,0,0.24,-1.054,273.89
01:18.1,16,0.91,15.42906814,75.01588623,707.329,0.29807827,160.76754,26.137,34.869,0.895,0.006510693,-0.01073714,0.001597995,-0.20603895,-0.03577482,-9.801393,0.14750254,0.040930438,0.041474741,0.04548911,0,0.24,-1.056,273.89
01:18.1,16,0.91,15.42906816,75.01588622,707.346,0.31365748,158.14996,26.108,34.816,0.9,0.006622056,-0.01088083,0.001508443,-0.2059361,-0.03612088,-9.799325,0.13167852,0.051186404,0.052409826,0.0568458,0,0.24,-1.058,273.89
01:18.1,16,0.91,15.42906818,75.01588621,707.363,0.32923669,155.53238,26.079,34.763,0.905,0.004138914,-0.007684745,0.002145047,-0.20915855,-0.028917785,-9.8074225,0.1158545,0.06144237,0.06334491,0.06820249,0,0.24,-1.06,273.89
01:18.1,16,0.91,15.4290682,75.0158862,707.38,0.3448159,152.9148,26.05,34.71,0.91,0.001655771,-0.004488661,0.00278165,-0.212381,-0.02171469,-9.81552,0.10285619,0.06146775,0.062998646,0.068833228,0,0.238,-1.06,273.89
01:18.2,16,0.91,15.4290682,75.01588619,707.384,0.34975842,153.4027,26.025,34.658,0.917,0.004177089,-0.008425871,0.002288729,-0.2077175,-0.02864937,-9.8092795,0.08985788,0.06149313,0.062652382,0.069463966,0,0.236,-1.06,273.89
01:18.2,16,0.91,15.4290682,75.01588618,707.388,0.35470094,153.8906,26,34.606,0.924,0.006698407,-0.01236308,0.001795808,-0.203054,-0.03558405,-9.803039,0.07685957,0.06151851,0.062306118,0.070094704,0,0.234,-1.06,273.89
01:18.2,16,0.91,15.4290682,75.01588617,707.392,0.35964346,154.3785,25.975,34.554,0.931,0.00629875,-0.011656495,0.001615989,-0.20364365,-0.035747635,-9.803608,0.06386126,0.06154389,0.061959854,0.070725442,0,0.232,-1.06,273.89
01:18.2,16,0.91,15.4290682,75.01588616,707.396,0.36458598,154.8664,25.95,34.502,0.938,0.005899092,-0.01094991,0.00143617,-0.2042333,-0.03591122,-9.804177,0.05086295,0.06156927,0.06161359,0.07135618,0,0.23,-1.06,273.89
01:18.2,16,0.91,15.4290682,75.01588615,707.4,0.3695285,155.3543,25.925,34.45,0.945,0.006208052,-0.01128186,0.001579076,-0.20201545,-0.034153625,-9.8048245,0.035038922,0.050965659,0.050985238,0.05896116,0,0.23,-1.062,273.89
01:18.3,16,0.91,15.4290682,75.01588614,707.404,0.37447102,155.8422,25.9,34.398,0.952,0.006517011,-0.01161381,0.001721981,-0.1997976,-0.03239603,-9.805472,0.019214894,0.040362048,0.040356885,0.046566141,0,0.23,-1.064,273.89
01:18.3,16,0.91,15.4290682,75.01588613,707.408,0.37941354,156.3301,25.875,34.346,0.959,0.006446245,-0.01151896,0.001267717,-0.20311845,-0.034430325,-9.805265,0.003390866,0.029758436,0.029728533,0.034171121,0,0.23,-1.066,273.89
01:18.3,16,0.91,15.4290682,75.01588612,707.412,0.38435606,156.818,25.85,34.294,0.966,0.006375478,-0.01142411,0.000813452,-0.2064393,-0.03646462,-9.805058,-0.012433162,0.019154825,0.01910018,0.021776102,0,0.23,-1.068,273.89
01:18.3,16,0.91,15.4290682,75.01588611,707.416,0.38929858,157.3059,25.825,34.242,0.973,0.003225239,-0.007334635,0.001776782,-0.20703675,-0.0267274,-9.807779,-0.02825719,0.008551214,0.008471828,0.009381082,0,0.23,-1.07,273.89
01:18.3,16,0.91,15.4290682,75.0158861,707.42,0.3942411,157.7938,25.8,34.19,0.98,7.50E-05,-0.00324516,0.002740112,-0.2076342,-0.01699018,-9.8105,0.019780048,0.008537867,0.008460791,0.009401708,0,0.23,-1.07,273.89
01:18.4,16,0.93,15.42906825,75.01588611,707.427,0.37784958,157.30229,25.774,34.138,0.959,0.003531359,-0.00758061,0.001975351,-0.20605105,-0.026693315,-9.806837,0.067817286,0.008524521,0.008449755,0.009422334,0,0.23,-1.07,273.89
01:18.4,16,0.95,15.4290683,75.01588612,707.434,0.36145806,156.81078,25.748,34.086,0.938,0.006987717,-0.01191606,0.00121059,-0.2044679,-0.03639645,-9.803174,0.115854524,0.008511174,0.008438718,0.009442959,0,0.23,-1.07,273.89
01:18.4,16,0.97,15.42906835,75.01588613,707.441,0.34506654,156.31927,25.722,34.034,0.917,0.006847587,-0.01098908,0.001609759,-0.2055082,-0.034725825,-9.8010155,0.163891762,0.008497828,0.008427682,0.009463585,0,0.23,-1.07,273.89
01:18.4,16,0.99,15.4290684,75.01588614,707.448,0.32867502,155.82776,25.696,33.982,0.896,0.006707457,-0.0100621,0.002008927,-0.2065485,-0.0330552,-9.798857,0.211929,0.008484481,0.008416645,0.009484211,0,0.23,-1.07,273.89
01:18.4,16,1.01,15.42906845,75.01588615,707.455,0.3122835,155.33625,25.67,33.93,0.875,0.006256765,-0.011043745,0.001718125,-0.20588325,-0.031297655,-9.8009315,0.2017564,0.008523414,0.008322443,0.009716299,0,0.23,-1.07,273.89
01:18.5,16,1.03,15.4290685,75.01588616,707.462,0.29589198,154.84474,25.644,33.878,0.854,0.005806073,-0.01202539,0.001427323,-0.205218,-0.02954011,-9.803006,0.1915838,0.008562347,0.00822824,0.009948387,0,0.23,-1.07,273.89
01:18.5,16,1.05,15.42906855,75.01588617,707.469,0.27950046,154.35323,25.618,33.826,0.833,0.006260566,-0.011016195,0.001441837,-0.2045974,-0.031503265,-9.80419,0.1814112,0.008601281,0.008134038,0.010180474,0,0.23,-1.07,273.89
01:18.5,16,1.07,15.4290686,75.01588618,707.476,0.26310894,153.86172,25.592,33.774,0.812,0.006715059,-0.010007,0.001456351,-0.2039768,-0.03346642,-9.805374,0.1712386,0.008640214,0.008039835,0.010412562,0,0.23,-1.07,273.89
01:18.5,16,1.09,15.42906865,75.01588619,707.483,0.24671742,153.37021,25.566,33.722,0.791,0.007127447,-0.010728835,0.00128097,-0.20249265,-0.03335766,-9.8062475,0.161066,0.008679147,0.007945633,0.01064465,0,0.23,-1.07,273.89
01:18.5,16,1.11,15.4290687,75.0158862,707.49,0.2303259,152.8787,25.54,33.67,0.77,0.007539834,-0.01145067,0.001105589,-0.2010085,-0.0332489,-9.807121,0.15654486,0.00861086,0.007823577,0.01062378,0,0.232,-1.07,273.89
01:18.6,16,1.11,15.42906885,75.01588617,707.486,0.215371057,145.083981,25.508,33.609,0.768,0.006892884,-0.011647135,0.001598788,-0.20412035,-0.03468331,-9.808032,0.15202372,0.008542573,0.007701522,0.01060291,0,0.234,-1.07,273.89
01:18.6,16,1.11,15.429069,75.01588614,707.482,0.200416214,137.289262,25.476,33.548,0.766,0.006245933,-0.0118436,0.002091986,-0.2072322,-0.03611772,-9.808943,0.14750258,0.008474285,0.007579466,0.01058204,0,0.236,-1.07,273.89
01:18.6,16,1.11,15.42906915,75.01588611,707.478,0.185461371,129.494543,25.444,33.487,0.764,0.005720731,-0.01177257,0.001957983,-0.20733955,-0.03494212,-9.8088295,0.14298144,0.008405998,0.007457411,0.01056117,0,0.238,-1.07,273.89
01:18.6,16,1.11,15.4290693,75.01588608,707.474,0.170506528,121.699824,25.412,33.426,0.762,0.005195528,-0.01170154,0.00182398,-0.2074469,-0.03376652,-9.808716,0.1384603,0.008337711,0.007335355,0.0105403,0,0.24,-1.07,273.89
01:18.6,16,1.11,15.42906945,75.01588605,707.47,0.155551685,113.905105,25.38,33.365,0.76,0.002214869,-0.007113558,0.001891799,-0.20902365,-0.027658725,-9.7972905,0.13167856,0.008425437,0.007762731,0.010578602,0,0.238,-1.072,273.89
01:18.7,16,1.11,15.4290696,75.01588602,707.466,0.140596842,106.110386,25.348,33.304,0.758,-0.00076579,-0.002525575,0.001959618,-0.2106004,-0.02155093,-9.785865,0.12489682,0.008513163,0.008190107,0.010616904,0,0.236,-1.074,273.89
01:18.7,16,1.11,15.42906975,75.01588599,707.462,0.125641999,98.315667,25.316,33.243,0.756,0.002983419,-0.007505803,0.001423904,-0.20725825,-0.027697475,-9.7943375,0.11811508,0.00860089,0.008617484,0.010655206,0,0.234,-1.076,273.89
01:18.7,16,1.11,15.4290699,75.01588596,707.458,0.110687156,90.520948,25.284,33.182,0.754,0.006732629,-0.01248603,0.00088819,-0.2039161,-0.03384402,-9.80281,0.11133334,0.008688616,0.00904486,0.010693508,0,0.232,-1.078,273.89
01:18.7,16,1.11,15.42907005,75.01588593,707.454,0.095732313,82.726229,25.252,33.121,0.752,0.00585674,-0.011863195,0.001346384,-0.2042662,-0.034390755,-9.8051125,0.1045516,0.008776342,0.009472236,0.01073181,0,0.23,-1.08,273.89
01:18.7,16,1.11,15.4290702,75.0158859,707.45,0.08077747,74.93151,25.22,33.06,0.75,0.00498085,-0.01124036,0.001804577,-0.2046163,-0.03493749,-9.807415,0.11698478,0.018889984,0.021613923,0.023019846,0,0.232,-1.08,273.89
01:18.8,16,1.11,15.42907029,75.01588593,707.458,0.089019043,83.506039,25.195,33.014,0.755,0.005458565,-0.01123396,0.00122966,-0.20298275,-0.0346091,-9.8081025,0.12941796,0.029003625,0.03375561,0.035307882,0,0.234,-1.08,273.89
01:18.8,16,1.11,15.42907038,75.01588596,707.466,0.097260616,92.080568,25.17,32.968,0.76,0.005936279,-0.01122756,0.000654743,-0.2013492,-0.03428071,-9.80879,0.14185114,0.039117267,0.045897296,0.047595918,0,0.236,-1.08,273.89
01:18.8,16,1.11,15.42907047,75.01588599,707.474,0.105502189,100.655097,25.145,32.922,0.765,0.006649759,-0.010872415,0.000836347,-0.20309415,-0.031897045,-9.8098845,0.15428432,0.049230908,0.058038983,0.059883954,0,0.238,-1.08,273.89
01:18.8,16,1.11,15.42907056,75.01588602,707.482,0.113743762,109.229626,25.12,32.876,0.77,0.007363239,-0.01051727,0.001017952,-0.2048391,-0.02951338,-9.810979,0.1667175,0.05934455,0.07018067,0.07217199,0,0.24,-1.08,273.89
01:18.8,16,1.11,15.42907065,75.01588605,707.49,0.121985335,117.804155,25.095,32.83,0.775,0.007225058,-0.011340715,0.001539334,-0.203808,-0.033184825,-9.8098425,0.134504288,0.05997586,0.069162936,0.071581168,0,0.24,-1.08,273.89
01:18.9,16,1.11,15.42907074,75.01588608,707.498,0.130226908,126.378684,25.07,32.784,0.78,0.007086877,-0.01216416,0.002060716,-0.2027769,-0.03685627,-9.808706,0.102291076,0.06060717,0.068145202,0.070990346,0,0.24,-1.08,273.89
01:18.9,16,1.11,15.42907083,75.01588611,707.506,0.138468481,134.953213,25.045,32.738,0.785,0.00704648,-0.01225075,0.002115097,-0.20324675,-0.036518725,-9.809527,0.070077863,0.06123848,0.067127468,0.070399524,0,0.24,-1.08,273.89
01:18.9,16,1.11,15.42907092,75.01588614,707.514,0.146710054,143.527742,25.02,32.692,0.79,0.007006083,-0.01233734,0.002169478,-0.2037166,-0.03618118,-9.810348,0.037864651,0.06186979,0.066109734,0.069808702,0,0.24,-1.08,273.89
01:18.9,16,1.11,15.42907101,75.01588617,707.522,0.154951627,152.102271,24.995,32.646,0.795,0.006492158,-0.01174957,0.001524794,-0.2057836,-0.035668205,-9.8102095,0.005651439,0.0625011,0.065092,0.06921788,0,0.24,-1.08,273.89
01:18.9,16,1.11,15.4290711,75.0158862,707.53,0.1631932,160.6768,24.97,32.6,0.8,0.005978233,-0.0111618,0.00088011,-0.2078506,-0.03515523,-9.810071,0.003390863,0.051791118,0.054077564,0.057901036,0,0.24,-1.082,273.89
01:19.0,15.90909091,1.11,15.42907117,75.01588622,707.5327273,0.173489173,160.1364273,24.94909091,32.56181818,0.812727273,0.001766442,-0.005658446,-0.00095909,-0.2141124,-0.036060615,-9.8050275,0.001130288,0.041081135,0.043063128,0.046584192,0,0.24,-1.084,273.89
01:19.0,15.81818182,1.11,15.42907125,75.01588624,707.5354545,0.183785145,159.5960545,24.92818182,32.52363636,0.825454545,-0.00244535,-0.000155092,-0.00279829,-0.2203742,-0.036966,-9.799984,-0.001130288,0.030371153,0.032048692,0.035267348,0,0.24,-1.086,273.89
01:19.0,15.72727273,1.11,15.42907132,75.01588625,707.5381818,0.194081118,159.0556818,24.90727273,32.48545455,0.838181818,-0.002062241,0.001390386,-0.000370772,-0.21662215,-0.034339115,-9.7995555,-0.003390863,0.01966117,0.021034256,0.023950504,0,0.24,-1.088,273.89
01:19.0,15.63636364,1.11,15.42907139,75.01588627,707.5409091,0.204377091,158.5153091,24.88636364,32.44727273,0.850909091,-0.001679131,0.002935863,0.002056745,-0.2128701,-0.03171223,-9.799127,-0.005651439,0.008951188,0.01001982,0.01263366,0,0.24,-1.09,273.89
01:19.0,15.54545455,1.11,15.42907146,75.01588629,707.5436364,0.214673064,157.9749364,24.86545455,32.40909091,0.863636364,0.00237205,-0.003997089,0.001701604,-0.2084801,-0.03239984,-9.803924,0.031648069,0.008987984,0.009977037,0.012281132,0,0.24,-1.09,273.89
01:19.1,15.45454545,1.11,15.42907154,75.01588631,707.5463636,0.224969036,157.4345636,24.84454545,32.37090909,0.876363636,0.006423231,-0.01093004,0.001346463,-0.2040901,-0.03308745,-9.808721,0.068947577,0.009024781,0.009934255,0.011928604,0,0.24,-1.09,273.89
01:19.1,15.36363636,1.11,15.42907161,75.01588633,707.5490909,0.235265009,156.8941909,24.82363636,32.33272727,0.889090909,0.006214353,-0.010991915,0.000854725,-0.20268425,-0.034121155,-9.8085375,0.106247084,0.009061577,0.009891472,0.011576076,0,0.24,-1.09,273.89
01:19.1,15.27272727,1.11,15.42907168,75.01588635,707.5518182,0.245560982,156.3538182,24.80272727,32.29454545,0.901818182,0.006005475,-0.01105379,0.000362987,-0.2012784,-0.03515486,-9.808354,0.143546592,0.009098374,0.00984869,0.011223548,0,0.24,-1.09,273.89
01:19.1,15.18181818,1.11,15.42907175,75.01588636,707.5545455,0.255856955,155.8134455,24.78181818,32.25636364,0.914545455,0.005514134,-0.01254093,0.000928296,-0.2030738,-0.03462026,-9.810521,0.1808461,0.00913517,0.009805907,0.01087102,0,0.24,-1.09,273.89
01:19.1,15.09090909,1.11,15.42907183,75.01588638,707.5572727,0.266152927,155.2730727,24.76090909,32.21818182,0.927272727,0.005022793,-0.01402807,0.001493606,-0.2048692,-0.03408566,-9.812688,0.155414614,0.009331628,0.009826427,0.011513886,0,0.24,-1.09,273.89
01:19.2,15,1.11,15.4290719,75.0158864,707.56,0.2764489,154.7327,24.74,32.18,0.94,0.005915138,-0.01251145,0.001617634,-0.2052144,-0.034399345,-9.809715,0.129983128,0.009528086,0.009846946,0.012156752,0,0.24,-1.09,273.89
01:19.2,15,1.11,15.42907197,75.01588643,707.5611111,0.265954889,145.2152322,24.71777778,32.14,0.92,0.006807483,-0.01099483,0.001741661,-0.2055596,-0.03471303,-9.806742,0.104551642,0.009724544,0.009867466,0.012799618,0,0.24,-1.09,273.89
01:19.2,15,1.11,15.42907203,75.01588647,707.5622222,0.255460878,135.6977644,24.69555556,32.1,0.9,0.005044244,-0.00665482,0.001413232,-0.20910865,-0.02260402,-9.805853,0.079120156,0.009921002,0.009887985,0.013442484,0,0.24,-1.09,273.89
01:19.2,15,1.11,15.4290721,75.0158865,707.5633333,0.244966867,126.1802967,24.67333333,32.06,0.88,0.003281005,-0.002314809,0.001084802,-0.2126577,-0.01049501,-9.804964,0.05368867,0.01011746,0.009908505,0.01408535,0,0.24,-1.09,273.89
01:19.2,15,1.11,15.42907217,75.01588653,707.5644444,0.234472856,116.6628289,24.65111111,32.02,0.86,0.004858681,-0.00651508,0.001188026,-0.2093758,-0.022480395,-9.806129,0.045211512,0.0099301,0.009642855,0.013758648,0,0.24,-1.092,273.888
01:19.3,15,1.11,15.42907223,75.01588657,707.5655556,0.223978844,107.1453611,24.62888889,31.98,0.84,0.006436357,-0.01071535,0.00129125,-0.2060939,-0.03446578,-9.807294,0.036734354,0.009742739,0.009377204,0.013431946,0,0.24,-1.094,273.886
01:19.3,15,1.11,15.4290723,75.0158866,707.5666667,0.213484833,97.62789333,24.60666667,31.94,0.82,0.005736072,-0.01114053,0.001117692,-0.20727895,-0.03460543,-9.8079795,0.028257196,0.009555379,0.009111554,0.013105244,0,0.24,-1.096,273.884
01:19.3,15,1.11,15.42907237,75.01588663,707.5677778,0.202990822,88.11042556,24.58444444,31.9,0.8,0.005035786,-0.01156571,0.000944133,-0.208464,-0.03474508,-9.808665,0.019780038,0.009368018,0.008845903,0.012778542,0,0.24,-1.098,273.882
01:19.3,15,1.11,15.42907243,75.01588667,707.5688889,0.192496811,78.59295778,24.56222222,31.86,0.78,0.006269586,-0.010750007,0.001836876,-0.2068688,-0.03471226,-9.808571,0.01130288,0.009180658,0.008580253,0.01245184,0,0.24,-1.1,273.88
01:19.3,15,1.11,15.4290725,75.0158867,707.57,0.1820028,69.07549,24.54,31.82,0.76,0.007503386,-0.009934305,0.002729619,-0.2052736,-0.03467944,-9.808477,-0.023736036,0.00942277,0.008536696,0.01214081,0,0.24,-1.1,273.882
01:19.4,15,1.11,15.42907255,75.01588673,707.576,0.17912473,72.14491,24.522,31.79,0.755,0.001350837,-0.006292683,0.002742974,-0.20863985,-0.031322085,-9.803582,-0.058774952,0.009664883,0.008493138,0.01182978,0,0.24,-1.1,273.884
01:19.4,15,1.11,15.4290726,75.01588676,707.582,0.17624666,75.21433,24.504,31.76,0.75,-0.004801712,-0.002651061,0.002756328,-0.2120061,-0.02796473,-9.798687,-0.093813868,0.009906995,0.008449581,0.01151875,0,0.24,-1.1,273.886
01:19.4,15,1.11,15.42907265,75.01588679,707.588,0.17336859,78.28375,24.486,31.73,0.745,0.0009756,-0.007044851,0.00291629,-0.2077488,-0.03238982,-9.8036155,-0.128852784,0.010149108,0.008406023,0.01120772,0,0.24,-1.1,273.888
01:19.4,15,1.11,15.4290727,75.01588682,707.594,0.17049052,81.35317,24.468,31.7,0.74,0.006752911,-0.01143864,0.003076251,-0.2034915,-0.03681491,-9.808544,-0.1638917,0.01039122,0.008362466,0.01089669,0,0.24,-1.1,273.89
01:19.4,15,1.11,15.42907275,75.01588685,707.6,0.16761245,84.42259,24.45,31.67,0.735,0.00667737,-0.0114,0.002506167,-0.204081,-0.036420675,-9.808211,-0.09833502,0.010035743,0.008336763,0.011953394,0,0.24,-1.1,273.89
01:19.5,15,1.11,15.4290728,75.01588688,707.606,0.16473438,87.49201,24.432,31.64,0.73,0.006601829,-0.01136136,0.001936082,-0.2046705,-0.03602644,-9.807878,-0.03277834,0.009680266,0.008311059,0.013010098,0,0.24,-1.1,273.89
01:19.5,15,1.11,15.42907285,75.01588691,707.612,0.16185631,90.56143,24.414,31.61,0.725,0.006643622,-0.01120808,0.002020662,-0.20380315,-0.034084285,-9.807104,0.03277834,0.009324788,0.008285356,0.014066802,0,0.24,-1.1,273.89
01:19.5,15,1.11,15.4290729,75.01588694,707.618,0.15897824,93.63085,24.396,31.58,0.72,0.006685415,-0.0110548,0.002105242,-0.2029358,-0.03214213,-9.80633,0.09833502,0.008969311,0.008259652,0.015123506,0,0.24,-1.1,273.89
01:19.5,15,1.11,15.42907295,75.01588697,707.624,0.15610017,96.70027,24.378,31.55,0.715,0.006140522,-0.011627075,0.001910561,-0.20540185,-0.033791405,-9.8088185,0.1638917,0.008613834,0.008233949,0.01618021,0,0.24,-1.1,273.89
01:19.5,15,1.11,15.429073,75.015887,707.63,0.1532221,99.76969,24.36,31.52,0.71,0.005595628,-0.01219935,0.00171588,-0.2078679,-0.03544068,-9.811307,0.150893396,0.018752327,0.019935179,0.027815804,0,0.24,-1.102,273.89
01:19.6,15.1,1.094,15.42907305,75.01588702,707.636,0.15368913,102.675701,24.339,31.495,0.712,0.006327546,-0.011461875,0.002007635,-0.20641905,-0.03544553,-9.810706,0.137895092,0.02889082,0.031636409,0.039451398,0,0.24,-1.104,273.89
01:19.6,15.2,1.078,15.4290731,75.01588704,707.642,0.15415616,105.581712,24.318,31.47,0.714,0.007059464,-0.0107244,0.002299389,-0.2049702,-0.03545038,-9.810105,0.124896788,0.039029314,0.04333764,0.051086992,0,0.24,-1.106,273.89
01:19.6,15.3,1.062,15.42907315,75.01588706,707.648,0.15462319,108.487723,24.297,31.445,0.716,0.006545093,-0.01138634,0.001937846,-0.2044401,-0.033352505,-9.809854,0.111898484,0.049167807,0.05503887,0.062722586,0,0.24,-1.108,273.89
01:19.6,15.4,1.046,15.4290732,75.01588708,707.654,0.15509022,111.393734,24.276,31.42,0.718,0.006030721,-0.01204828,0.001576302,-0.20391,-0.03125463,-9.809603,0.09890018,0.0593063,0.0667401,0.07435818,0,0.24,-1.11,273.89
01:19.6,15.5,1.03,15.42907325,75.0158871,707.66,0.15555725,114.299745,24.255,31.395,0.72,0.006661772,-0.01206408,0.001449622,-0.2026881,-0.03079866,-9.809099,0.086467014,0.048948242,0.055033627,0.061838464,0,0.24,-1.11,273.89
01:19.7,15.6,1.014,15.4290733,75.01588712,707.666,0.15602428,117.205756,24.234,31.37,0.722,0.007292822,-0.01207988,0.001322942,-0.2014662,-0.03034269,-9.808595,0.074033848,0.038590184,0.043327154,0.049318748,0,0.24,-1.11,273.89
01:19.7,15.7,0.998,15.42907335,75.01588714,707.672,0.15649131,120.111767,24.213,31.345,0.724,0.004749206,-0.005830935,0.002673564,-0.2105642,-0.025683755,-9.8038165,0.061600682,0.028232125,0.03162068,0.036799032,0,0.24,-1.11,273.89
01:19.7,15.8,0.982,15.4290734,75.01588716,707.678,0.15695834,123.017778,24.192,31.32,0.726,0.002205589,0.000418011,0.004024186,-0.2196622,-0.02102482,-9.799038,0.049167516,0.017874067,0.019914207,0.024279316,0,0.24,-1.11,273.89
01:19.7,15.9,0.966,15.42907345,75.01588718,707.684,0.15742537,125.923789,24.171,31.295,0.728,0.004873448,-0.00546594,0.002596144,-0.2116898,-0.02823439,-9.8031935,0.03673435,0.007516009,0.008207734,0.0117596,0,0.24,-1.11,273.89
01:19.7,16,0.95,15.4290735,75.0158872,707.69,0.1578924,128.8298,24.15,31.27,0.73,0.007541307,-0.01134989,0.001168101,-0.2037174,-0.03544396,-9.807349,0.04238579,0.007567694,0.008168922,0.011209768,0,0.24,-1.11,273.89
01:19.8,15.9,0.966,15.42907353,75.01588722,707.695,0.18671672,133.80554,24.128,31.241,0.775,0.00717579,-0.01201019,0.001250969,-0.2022022,-0.03573764,-9.810083,0.04803723,0.007619379,0.00813011,0.010659936,0,0.24,-1.11,273.89
01:19.8,15.8,0.982,15.42907356,75.01588724,707.7,0.21554104,138.78128,24.106,31.212,0.82,0.006810272,-0.01267049,0.001333836,-0.200687,-0.03603132,-9.812817,0.05368867,0.007671064,0.008091298,0.010110104,0,0.24,-1.11,273.89
01:19.8,15.7,0.998,15.42907359,75.01588726,707.705,0.24436536,143.75702,24.084,31.183,0.865,0.006766926,-0.01177992,0.001074633,-0.2031471,-0.036477205,-9.8124925,0.05934011,0.007722749,0.008052486,0.009560272,0,0.24,-1.11,273.89
01:19.8,15.6,1.014,15.42907362,75.01588728,707.71,0.27318968,148.73276,24.062,31.154,0.91,0.006723579,-0.01088935,0.000815431,-0.2056072,-0.03692309,-9.812168,0.06499155,0.007774434,0.008013674,0.00901044,0,0.24,-1.11,273.89
01:19.8,15.5,1.03,15.42907365,75.0158873,707.715,0.302014,153.7085,24.04,31.125,0.955,0.006805936,-0.012317155,0.00150387,-0.2046283,-0.037467545,-9.8110135,0.066686982,0.007753911,0.008033977,0.009382518,0,0.24,-1.11,273.89
01:19.9,15.4,1.046,15.42907368,75.01588732,707.72,0.33083832,158.68424,24.018,31.096,1,0.006888293,-0.01374496,0.00219231,-0.2036494,-0.038012,-9.809859,0.068382414,0.007733387,0.008054279,0.009754596,0,0.24,-1.11,273.89
01:19.9,15.3,1.062,15.42907371,75.01588734,707.725,0.35966264,163.65998,23.996,31.067,1.045,0.00692776,-0.013071085,0.00210663,-0.20335655,-0.038258395,-9.810981,0.070077846,0.007712864,0.008074582,0.010126674,0,0.24,-1.11,273.89
01:19.9,15.2,1.078,15.42907374,75.01588736,707.73,0.38848696,168.63572,23.974,31.038,1.09,0.006967228,-0.01239721,0.002020951,-0.2030637,-0.03850479,-9.812103,0.071773278,0.00769234,0.008094884,0.010498752,0,0.24,-1.11,273.89
01:19.9,15.1,1.094,15.42907377,75.01588738,707.735,0.41731128,173.61146,23.952,31.009,1.135,0.006746734,-0.011881995,0.001668977,-0.2033628,-0.035479095,-9.811688,0.07346871,0.007671817,0.008115187,0.01087083,0,0.24,-1.11,273.89
01:19.9,15,1.11,15.4290738,75.0158874,707.74,0.4461356,178.5872,23.93,30.98,1.18,0.00652624,-0.01136678,0.001317002,-0.2036619,-0.0324534,-9.811273,0.086467028,0.007895664,0.008365976,0.010857642,0,0.24,-1.11,273.89
01:20.0,15,1.11,15.42907386,75.01588739,707.738,0.41648633,177.65005,23.908,30.951,1.144,0.006566356,-0.01108643,0.001200943,-0.2035338,-0.03507484,-9.8107395,0.099465346,0.008119511,0.008616766,0.010844454,0,0.24,-1.11,273.89
01:20.0,15,1.11,15.42907392,75.01588738,707.736,0.38683706,176.7129,23.886,30.922,1.108,0.006606471,-0.01080608,0.001084884,-0.2034057,-0.03769628,-9.810206,0.112463664,0.008343359,0.008867555,0.010831266,0,0.24,-1.11,273.89
01:20.0,15,1.11,15.42907398,75.01588737,707.734,0.35718779,175.77575,23.864,30.893,1.072,0.003827251,-0.006092583,0.000327698,-0.20679395,-0.0288831,-9.807388,0.125461982,0.008567206,0.009118345,0.010818078,0,0.24,-1.11,273.89
01:20.0,15,1.11,15.42907404,75.01588736,707.732,0.32753852,174.8386,23.842,30.864,1.036,0.00104803,-0.001379087,-0.000429488,-0.2101822,-0.02006992,-9.80457,0.1384603,0.008791053,0.009369134,0.01080489,0,0.24,-1.11,273.89
01:20.0,15,1.11,15.4290741,75.01588735,707.73,0.29788925,173.90145,23.82,30.835,1,0.003885925,-0.006644979,0.000960533,-0.20822765,-0.026431955,-9.8074295,0.1322437,0.013104128,0.013478501,0.01753549,0,0.24,-1.11,273.89
01:20.1,15,1.11,15.42907416,75.01588734,707.728,0.26823998,172.9643,23.798,30.806,0.964,0.00672382,-0.01191087,0.002350554,-0.2062731,-0.03279399,-9.810289,0.1260271,0.017417204,0.017587868,0.02426609,0,0.24,-1.11,273.89
01:20.1,15,1.11,15.42907422,75.01588733,707.726,0.23859071,172.02715,23.776,30.777,0.928,0.006483351,-0.012047805,0.002339529,-0.20671395,-0.03302634,-9.811544,0.1198105,0.021730279,0.021697236,0.03099669,0,0.24,-1.11,273.89
01:20.1,15,1.11,15.42907428,75.01588732,707.724,0.20894144,171.09,23.754,30.748,0.892,0.006242881,-0.01218474,0.002328503,-0.2071548,-0.03325869,-9.812799,0.1135939,0.026043355,0.025806603,0.03772729,0,0.24,-1.11,273.89
01:20.1,15,1.11,15.42907434,75.01588731,707.722,0.17929217,170.15285,23.732,30.719,0.856,0.008249281,-0.012416435,-2.24E-05,-0.20532905,-0.03508095,-9.8125985,0.1073773,0.03035643,0.02991597,0.04445789,0,0.24,-1.11,273.89
01:20.1,15,1.11,15.4290744,75.0158873,707.72,0.1496429,169.2157,23.71,30.69,0.82,0.01025568,-0.01264813,-0.002373229,-0.2035033,-0.03690321,-9.812398,0.097204718,0.085758084,0.103218496,0.120673512,0,0.238,-1.11,273.894
01:20.2,15,1.11,15.42907445,75.0158873,707.723,0.15750864,171.84386,23.694,30.668,0.83,0.00415537,-0.008889725,-0.004982189,-0.20612755,-0.034030235,-9.804221,0.087032136,0.141159738,0.176521022,0.196889134,0,0.236,-1.11,273.898
01:20.2,15,1.11,15.4290745,75.0158873,707.726,0.16537438,174.47202,23.678,30.646,0.84,-0.001944941,-0.005131319,-0.00759115,-0.2087518,-0.03115726,-9.796044,0.076859554,0.196561392,0.249823548,0.273104756,0,0.234,-1.11,273.902
01:20.2,15,1.11,15.42907455,75.0158873,707.729,0.17324012,177.10018,23.662,30.624,0.85,-0.00630651,-0.012898324,0.00834377,-0.21085345,-0.030414085,-9.8042415,0.066686972,0.251963046,0.323126074,0.349320378,0,0.232,-1.11,273.906
01:20.2,15,1.11,15.4290746,75.0158873,707.732,0.18110586,179.72834,23.646,30.602,0.86,-0.01066808,-0.02066533,0.02427869,-0.2129551,-0.02967091,-9.812439,0.05651439,0.3073647,0.3964286,0.425536,0,0.23,-1.11,273.91
01:20.2,15,1.11,15.42907465,75.0158873,707.735,0.1889716,182.3565,23.63,30.58,0.87,-0.003950522,-0.015097941,0.020300895,-0.1950448,-0.011133878,-9.8076985,0.062730972,0.32684444,0.41669006,0.46626308,0,0.232,-1.112,273.908
01:20.3,15,1.11,15.4290747,75.0158873,707.738,0.19683734,184.98466,23.614,30.558,0.88,0.002767036,-0.009530552,0.0163231,-0.1771345,0.007403154,-9.802958,0.068947554,0.34632418,0.43695152,0.50699016,0,0.234,-1.114,273.906
01:20.3,15,1.11,15.42907475,75.0158873,707.741,0.20470308,187.61282,23.598,30.536,0.89,0.005748805,-0.017252076,0.00335769,-0.2055431,-0.025125023,-9.820702,0.075164136,0.36580392,0.45721298,0.54771724,0,0.236,-1.116,273.904
01:20.3,15,1.11,15.4290748,75.0158873,707.744,0.21256882,190.24098,23.582,30.514,0.9,0.008730574,-0.0249736,-0.009607719,-0.2339517,-0.0576532,-9.838446,0.081380718,0.38528366,0.47747444,0.58844432,0,0.238,-1.118,273.902
01:20.3,15,1.11,15.42907485,75.0158873,707.747,0.22043456,192.86914,23.566,30.492,0.91,-0.004584098,-0.00742542,-0.01802642,-0.22313775,-0.058541325,-9.839593,0.0875973,0.4047634,0.4977359,0.6291714,0,0.24,-1.12,273.9
01:20.3,15,1.11,15.4290749,75.0158873,707.75,0.2283003,195.4973,23.55,30.47,0.92,-0.01789877,0.01012276,-0.02644512,-0.2123238,-0.05942945,-9.84074,0.079685286,0.37108804,0.455414,0.60849246,0,0.216,-1.094,273.9
01:20.4,15,1.11,15.42907508,75.0158873,707.744,0.2749674,176.966994,23.532,30.444,0.957,-0.02108299,0.02132416,-0.015921539,-0.2152954,-0.06004197,-9.810201,0.071773272,0.33741268,0.4130921,0.58781352,0,0.192,-1.068,273.9
01:20.4,15,1.11,15.42907526,75.0158873,707.738,0.3216345,158.436688,23.514,30.418,0.994,-0.02426721,0.03252556,-0.005397958,-0.218267,-0.06065449,-9.779662,0.063861258,0.30373732,0.3707702,0.56713458,0,0.168,-1.042,273.9
01:20.4,15,1.11,15.42907544,75.0158873,707.732,0.3683016,139.906382,23.496,30.392,1.031,-0.014118514,0.013075759,0.004050601,-0.18101055,-0.011235105,-9.811515,0.055949244,0.27006196,0.3284483,0.54645564,0,0.144,-1.016,273.9
01:20.4,15,1.11,15.42907562,75.0158873,707.726,0.4149687,121.376076,23.478,30.366,1.068,-0.003969817,-0.006374041,0.01349916,-0.1437541,0.03818428,-9.843368,0.04803723,0.2363866,0.2861264,0.5257767,0,0.12,-0.99,273.9
01:20.4,15,1.11,15.4290758,75.0158873,707.72,0.4616358,102.84577,23.46,30.34,1.105,0.006918867,-0.005424922,0.013877575,-0.105534215,0.06531481,-9.8461775,0.045776654,0.26606446,0.29674862,0.5520571,0,0.136,-1.01,273.898
01:20.5,15,1.11,15.42907598,75.0158873,707.714,0.5083029,84.315464,23.442,30.314,1.142,0.01780755,-0.004475802,0.01425599,-0.06731433,0.09244534,-9.848987,0.043516078,0.29574232,0.30737084,0.5783375,0,0.152,-1.03,273.896
01:20.5,15,1.11,15.42907616,75.0158873,707.708,0.55497,65.785158,23.424,30.288,1.179,0.02079019,-0.018623876,0.014305085,-0.154765315,0.014417115,-9.8359235,0.041255502,0.32542018,0.31799306,0.6046179,0,0.168,-1.05,273.894
01:20.5,15,1.11,15.42907634,75.0158873,707.702,0.6016371,47.254852,23.406,30.262,1.216,0.02377283,-0.03277195,0.01435418,-0.2422163,-0.06361111,-9.82286,0.038994926,0.35509804,0.32861528,0.6308983,0,0.184,-1.07,273.892
01:20.5,15,1.11,15.42907652,75.0158873,707.696,0.6483042,28.724546,23.388,30.236,1.253,0.02520078,-0.032313325,0.011510501,-0.205608,-0.032583636,-9.806575,0.03673435,0.3847759,0.3392375,0.6571787,0,0.2,-1.09,273.89
01:20.5,15,1.11,15.4290767,75.0158873,707.69,0.6949713,10.19424,23.37,30.21,1.29,0.02662873,-0.0318547,0.008666821,-0.1689997,-0.001556161,-9.79029,0.0502978,0.38652672,0.35680846,0.64978058,0,0.208,-1.098,273.89
01:20.6,15,1.11,15.42907687,75.01588733,707.692,0.6437982,25.558796,23.343,30.169,1.251,0.030680675,-0.03479892,0.007106923,-0.1988394,-0.026461356,-9.781162,0.06386125,0.38827754,0.37437942,0.64238246,0,0.216,-1.106,273.89
01:20.6,15,1.11,15.42907704,75.01588736,707.694,0.5926251,40.923352,23.316,30.128,1.212,0.03473262,-0.03774314,0.005547024,-0.2286791,-0.05136655,-9.772034,0.0774247,0.39002836,0.39195038,0.63498434,0,0.224,-1.114,273.89
01:20.6,15,1.11,15.42907721,75.01588739,707.696,0.541452,56.287908,23.289,30.087,1.173,0.0303299,-0.035105395,0.007274332,-0.2162763,-0.04115541,-9.7887435,0.09098815,0.39177918,0.40952134,0.62758622,0,0.232,-1.122,273.89
01:20.6,15,1.11,15.42907738,75.01588742,707.698,0.4902789,71.652464,23.262,30.046,1.134,0.02592718,-0.03246765,0.00900164,-0.2038735,-0.03094427,-9.805453,0.1045516,0.39353,0.4270923,0.6201881,0,0.24,-1.13,273.89
01:20.6,15,1.11,15.42907755,75.01588745,707.7,0.4391058,87.01702,23.235,30.005,1.095,0.019376335,-0.02695327,0.0126757,-0.2012486,-0.02924072,-9.808037,0.10737732,0.4325662,0.45876764,0.68587642,0,0.224,-1.112,273.89
01:20.7,15,1.11,15.42907772,75.01588748,707.702,0.3879327,102.381576,23.208,29.964,1.056,0.01282549,-0.02143889,0.01634976,-0.1986237,-0.02753717,-9.810621,0.11020304,0.4716024,0.49044298,0.75156474,0,0.208,-1.094,273.89
01:20.7,15,1.11,15.42907789,75.01588751,707.704,0.3367596,117.746132,23.181,29.923,1.017,0.00016642,-0.003126095,0.01800535,-0.16578365,-0.022659885,-9.797232,0.11302876,0.5106386,0.52211832,0.81725306,0,0.192,-1.076,273.89
01:20.7,15,1.11,15.42907806,75.01588754,707.706,0.2855865,133.110688,23.154,29.882,0.978,-0.01249265,0.0151867,0.01966094,-0.1329436,-0.0177826,-9.783843,0.11585448,0.5496748,0.55379366,0.88294138,0,0.176,-1.058,273.89
01:20.7,15,1.11,15.42907823,75.01588757,707.708,0.2344134,148.475244,23.127,29.841,0.939,0.027149955,-0.008216935,0.024104795,-0.1330647,0.010350445,-9.7985125,0.1186802,0.588711,0.585469,0.9486297,0,0.16,-1.04,273.89
01:20.7,15,1.11,15.4290784,75.0158876,707.71,0.1832403,163.8398,23.1,29.8,0.9,0.06679256,-0.03162057,0.02854865,-0.1331858,0.03848349,-9.813182,0.085901858,0.61390778,0.63456872,1.04277956,0,0.164,-1.044,273.892
01:20.8,15,1.11,15.42907847,75.01588764,707.719,0.18017831,160.4508,23.085,29.778,0.886,0.02802819,-0.03617811,0.027844525,-0.085399095,0.06918017,-9.7921405,0.053123516,0.63910456,0.68366844,1.13692942,0,0.168,-1.048,273.894
01:20.8,15,1.11,15.42907854,75.01588768,707.728,0.17711632,157.0618,23.07,29.756,0.872,-0.01073618,-0.04073565,0.0271404,-0.03761239,0.09987685,-9.771099,0.020345174,0.66430134,0.73276816,1.23107928,0,0.172,-1.052,273.896
01:20.8,15,1.11,15.42907861,75.01588772,707.737,0.17405433,153.6728,23.055,29.734,0.858,-0.005462139,-0.022986286,0.02430705,-0.170575345,-0.012828925,-9.789376,-0.012433168,0.68949812,0.78186788,1.32522914,0,0.176,-1.056,273.898
01:20.8,15,1.11,15.42907868,75.01588776,707.746,0.17099234,150.2838,23.04,29.712,0.844,-0.000188098,-0.005236923,0.0214737,-0.3035383,-0.1255347,-9.807653,-0.04521151,0.7146949,0.8309676,1.419379,0,0.18,-1.06,273.9
01:20.8,15,1.11,15.42907875,75.0158878,707.755,0.16793035,146.8948,23.025,29.69,0.83,-0.020003284,0.006649829,0.022120855,-0.176857695,-0.034251285,-9.789979,-0.038429784,0.72022284,0.8242332,1.4408758,0,0.174,-1.054,273.9
01:20.9,15,1.11,15.42907882,75.01588784,707.764,0.16486836,143.5058,23.01,29.668,0.816,-0.03981847,0.01853658,0.02276801,-0.05017709,0.05703213,-9.772305,-0.031648058,0.72575078,0.8174988,1.4623726,0,0.168,-1.048,273.9
01:20.9,15,1.11,15.42907889,75.01588788,707.773,0.16180637,140.1168,22.995,29.646,0.802,-0.020959641,0.003177435,0.02007223,-0.099715145,0.04391906,-9.799675,-0.024866332,0.73127872,0.8107644,1.4838694,0,0.162,-1.042,273.9
01:20.9,15,1.11,15.42907896,75.01588792,707.782,0.15874438,136.7278,22.98,29.624,0.788,-0.002100811,-0.01218171,0.01737645,-0.1492532,0.03080599,-9.827045,-0.018084606,0.73680666,0.80403,1.5053662,0,0.156,-1.036,273.9
01:20.9,15,1.11,15.42907903,75.01588796,707.791,0.15568239,133.3388,22.965,29.602,0.774,0.014275294,-0.004186506,0.01875166,-0.1603501,0.017648975,-9.763536,-0.01130288,0.7423346,0.7972956,1.526863,0,0.15,-1.03,273.9
01:20.9,15,1.11,15.4290791,75.015888,707.8,0.1526204,129.9498,22.95,29.58,0.76,0.0306514,0.003808698,0.02012687,-0.171447,0.00449196,-9.700027,0.003956006,0.74928914,0.84211268,1.4742122,0,0.152,-1.032,273.9
01:21.0,15,1.11,15.42907919,75.01588805,707.8118182,0.149692718,125.8849409,22.93454545,29.55636364,0.760909091,0.007845425,-0.001398721,0.01731185,-0.20400775,-0.02421497,-9.749126,0.019214892,0.75624368,0.88692976,1.4215614,0,0.154,-1.034,273.9
01:21.0,15,1.11,15.42907928,75.01588811,707.8236364,0.146765036,121.8200818,22.91909091,29.53272727,0.761818182,-0.01496055,-0.00660614,0.01449683,-0.2365685,-0.0529219,-9.798225,0.034473778,0.76319822,0.93174684,1.3689106,0,0.156,-1.036,273.9
01:21.0,15,1.11,15.42907937,75.01588816,707.8354545,0.143837355,117.7552227,22.90363636,29.50909091,0.762727273,0.03653677,-0.028911135,0.006929066,-0.144399915,0.04596455,-9.794024,0.049732664,0.77015276,0.97656392,1.3162598,0,0.158,-1.038,273.9
01:21.0,15,1.11,15.42907946,75.01588822,707.8472727,0.140909673,113.6903636,22.88818182,29.48545455,0.763636364,0.08803409,-0.05121613,-0.000638697,-0.05223133,0.144851,-9.789823,0.06499155,0.7771073,1.021381,1.263609,0,0.16,-1.04,273.9
01:21.0,15,1.11,15.42907955,75.01588827,707.8590909,0.137981991,109.6255045,22.87272727,29.46181818,0.764545455,0.05350284,-0.03703989,0.006947831,-0.076926615,0.097562035,-9.799872,0.061600686,0.71271836,0.92902556,1.1967634,0,0.158,-1.04,273.9
01:21.1,15,1.11,15.42907965,75.01588833,707.8709091,0.135054309,105.5606455,22.85727273,29.43818182,0.765454545,0.01897159,-0.02286365,0.01453436,-0.1016219,0.05027307,-9.809921,0.058209822,0.64832942,0.83667012,1.1299178,0,0.156,-1.04,273.9
01:21.1,15,1.11,15.42907974,75.01588838,707.8827273,0.132126627,101.4957864,22.84181818,29.41454545,0.766363636,0.018117905,-0.013451797,0.01246561,-0.15804865,0.00843901,-9.804981,0.054818958,0.58394048,0.74431468,1.0630722,0,0.154,-1.04,273.9
01:21.1,15,1.11,15.42907983,75.01588844,707.8945455,0.129198945,97.43092727,22.82636364,29.39090909,0.767272727,0.01726422,-0.004039944,0.01039686,-0.2144754,-0.03339505,-9.800041,0.051428094,0.51955154,0.65195924,0.9962266,0,0.152,-1.04,273.9
01:21.1,15,1.11,15.42907992,75.01588849,707.9063636,0.126271264,93.36606818,22.81090909,29.36727273,0.768181818,0.015501735,-0.008364452,0.01026988,-0.2046923,-0.025599205,-9.798888,0.04803723,0.4551626,0.5596038,0.929381,0,0.15,-1.04,273.9
01:21.1,15,1.11,15.42908001,75.01588855,707.9181818,0.123343582,89.30120909,22.79545455,29.34363636,0.769090909,0.01373925,-0.01268896,0.0101429,-0.1949092,-0.01780336,-9.797735,0.007912004,0.45326082,0.55077442,0.91909774,0,0.152,-1.042,273.9
01:21.2,15,1.11,15.4290801,75.0158886,707.93,0.1204159,85.23635,22.78,29.32,0.77,0.010953658,-0.011687105,0.0083383,-0.1701303,0.0080213,-9.809422,-0.032213222,0.45135904,0.54194504,0.90881448,0,0.154,-1.044,273.9
01:21.2,15,1.11,15.42908014,75.01588867,707.9444444,0.139706233,91.92021111,22.76444444,29.29666667,0.782222222,0.008168066,-0.01068525,0.0065337,-0.1453514,0.03384596,-9.821109,-0.072338448,0.44945726,0.53311566,0.89853122,0,0.156,-1.046,273.9
01:21.2,15,1.11,15.42908019,75.01588873,707.9588889,0.158996567,98.60407222,22.74888889,29.27333333,0.794444444,0.022741783,-0.01042351,0.004292206,-0.16265585,0.018362507,-9.811159,-0.112463674,0.44755548,0.52428628,0.88824796,0,0.158,-1.048,273.9
01:21.2,15,1.11,15.42908023,75.0158888,707.9733333,0.1782869,105.2879333,22.73333333,29.25,0.806666667,0.0373155,-0.01016177,0.002050712,-0.1799603,0.002879053,-9.801209,-0.1525889,0.4456537,0.5154569,0.8779647,0,0.16,-1.05,273.9
01:21.2,15,1.11,15.42908028,75.01588887,707.9877778,0.197577233,111.9717944,22.71777778,29.22666667,0.818888889,0.02103163,-0.010171815,0.002729291,-0.2028136,-0.020370534,-9.8016385,-0.16276148,0.44116322,0.50277412,0.87432118,0,0.156,-1.048,273.9
01:21.3,15,1.11,15.42908032,75.01588893,708.0022222,0.216867567,118.6556556,22.70222222,29.20333333,0.831111111,0.004747759,-0.01018186,0.003407869,-0.2256669,-0.04362012,-9.802068,-0.17293406,0.43667274,0.49009134,0.87067766,0,0.152,-1.046,273.9
01:21.3,15,1.11,15.42908037,75.015889,708.0166667,0.2361579,125.3395167,22.68666667,29.18,0.843333333,0.00938798,-0.004030787,-0.00061998,-0.21618535,-0.03771166,-9.798302,-0.18310664,0.43218226,0.47740856,0.86703414,0,0.148,-1.044,273.9
01:21.3,15,1.11,15.42908041,75.01588907,708.0311111,0.255448233,132.0233778,22.67111111,29.15666667,0.855555556,0.0140282,0.002120286,-0.004647828,-0.2067038,-0.0318032,-9.794536,-0.19327922,0.42769178,0.46472578,0.86339062,0,0.144,-1.042,273.9
01:21.3,15,1.11,15.42908046,75.01588913,708.0455556,0.274738567,138.7072389,22.65555556,29.13333333,0.867777778,0.014476915,0.001723865,-0.007850874,-0.18341715,-0.013327424,-9.7863665,-0.2034518,0.4232013,0.452043,0.8597471,0,0.14,-1.04,273.9
01:21.3,15,1.11,15.4290805,75.0158892,708.06,0.2940289,145.3911,22.64,29.11,0.88,0.01492563,0.001327444,-0.01105392,-0.1601305,0.005148352,-9.778197,-0.160500864,0.40520294,0.4626756,0.82726576,0,0.15,-1.05,273.902
01:21.4,15,1.11,15.42908055,75.01588923,708.066,0.27508211,149.84327,22.626,29.088,0.878,0.017298765,-0.005667788,-0.01330123,-0.14291705,0.026444526,-9.7958305,-0.117549928,0.38720458,0.4733082,0.79478442,0,0.16,-1.06,273.904
01:21.4,15,1.11,15.4290806,75.01588926,708.072,0.25613532,154.29544,22.612,29.066,0.876,0.0196719,-0.01266302,-0.01554854,-0.1257036,0.0477407,-9.813464,-0.074598992,0.36920622,0.4839408,0.76230308,0,0.17,-1.07,273.906
01:21.4,15,1.11,15.42908065,75.01588929,708.078,0.23718853,158.74761,22.598,29.044,0.874,0.02369981,-0.013980915,-0.012555151,-0.1711425,0.001938985,-9.7933325,-0.031648056,0.35120786,0.4945734,0.72982174,0,0.18,-1.08,273.908
01:21.4,15,1.11,15.4290807,75.01588932,708.084,0.21824174,163.19978,22.584,29.022,0.872,0.02772772,-0.01529881,-0.009561761,-0.2165814,-0.04386273,-9.773201,0.01130288,0.3332095,0.505206,0.6973404,0,0.19,-1.09,273.91
01:21.4,15,1.11,15.42908075,75.01588935,708.09,0.19929495,167.65195,22.57,29,0.87,0.02878851,-0.020478685,-0.008494347,-0.19665965,-0.02796379,-9.787752,-0.00452115,0.34069414,0.49685294,0.6998471,0,0.208,-1.11,273.91
01:21.5,15,1.11,15.4290808,75.01588938,708.096,0.18034816,172.10412,22.556,28.978,0.868,0.0298493,-0.02565856,-0.007426932,-0.1767379,-0.01206485,-9.802303,-0.02034518,0.34817878,0.48849988,0.7023538,0,0.226,-1.13,273.91
01:21.5,15,1.11,15.42908085,75.01588941,708.102,0.16140137,176.55629,22.542,28.956,0.866,0.02277874,-0.01979994,-0.00843127,-0.18825935,-0.02375041,-9.8347295,-0.03616921,0.35566342,0.48014682,0.7048605,0,0.244,-1.15,273.91
01:21.5,15,1.11,15.4290809,75.01588944,708.108,0.14245458,181.00846,22.528,28.934,0.864,0.01570818,-0.01394132,-0.009435608,-0.1997808,-0.03543597,-9.867156,-0.05199324,0.36314806,0.47179376,0.7073672,0,0.262,-1.17,273.91
01:21.5,15,1.11,15.42908095,75.01588947,708.114,0.12350779,185.46063,22.514,28.912,0.862,0.002303995,-0.008057745,-0.012660874,-0.26233245,-0.098480385,-9.8537605,-0.06781727,0.3706327,0.4634407,0.7098739,0,0.28,-1.19,273.91
01:21.5,15,1.11,15.429081,75.0158895,708.12,0.104561,189.9128,22.5,28.89,0.86,-0.01110019,-0.002174169,-0.01588614,-0.3248841,-0.1615248,-9.840365,-0.071208134,0.37802126,0.4765282,0.68813252,0,0.272,-1.182,273.91
01:21.6,15,1.11,15.42908106,75.0158895,708.126,0.11343622,191.14019,22.486,28.868,0.868,-0.01069764,0.005946936,-0.016643025,-0.2292656,-0.074813525,-9.824885,-0.074598998,0.38540982,0.4896157,0.66639114,0,0.264,-1.174,273.91
01:21.6,15,1.11,15.42908112,75.0158895,708.132,0.12231144,192.36758,22.472,28.846,0.876,-0.01029509,0.01406804,-0.01739991,-0.1336471,0.01189775,-9.809405,-0.077989862,0.39279838,0.5027032,0.64464976,0,0.256,-1.166,273.91
01:21.6,15,1.11,15.42908118,75.0158895,708.138,0.13118666,193.59497,22.458,28.824,0.884,-0.006394825,0.00175364,-0.013671739,-0.19038875,-0.0373805,-9.8040875,-0.081380726,0.40018694,0.5157907,0.62290838,0,0.248,-1.158,273.91
01:21.6,15,1.11,15.42908124,75.0158895,708.144,0.14006188,194.82236,22.444,28.802,0.892,-0.002494559,-0.01056076,-0.009943568,-0.2471304,-0.08665875,-9.79877,-0.08477159,0.4075755,0.5288782,0.601167,0,0.24,-1.15,273.91
01:21.6,15,1.11,15.4290813,75.0158895,708.15,0.1489371,196.04975,22.43,28.78,0.9,-0.009465335,-0.005779494,-0.004775911,-0.2023937,-0.03783325,-9.8108565,-0.096074472,0.39399698,0.51995886,0.6020376,0,0.23,-1.14,273.91
01:21.7,15,1.11,15.42908136,75.0158895,708.156,0.15781232,197.27714,22.416,28.758,0.908,-0.01643611,-0.000998229,0.000391747,-0.157657,0.01099225,-9.822943,-0.107377354,0.38041846,0.51103952,0.6029082,0,0.22,-1.13,273.91
01:21.7,15,1.11,15.42908142,75.0158895,708.162,0.16668754,198.50453,22.402,28.736,0.916,-0.02006353,0.010044021,0.000750743,-0.1739108,-0.003868095,-9.817918,-0.118680236,0.36683994,0.50212018,0.6037788,0,0.21,-1.12,273.91
01:21.7,15,1.11,15.42908148,75.0158895,708.168,0.17556276,199.73192,22.388,28.714,0.924,-0.02369095,0.02108627,0.00110974,-0.1901646,-0.01872844,-9.812893,-0.129983118,0.35326142,0.49320084,0.6046494,0,0.2,-1.11,273.91
01:21.7,15,1.11,15.42908154,75.0158895,708.174,0.18443798,200.95931,22.374,28.692,0.932,-0.02447303,0.031299055,0.005035886,-0.1854072,-0.009908427,-9.8219875,-0.141286,0.3396829,0.4842815,0.60552,0,0.19,-1.1,273.91
01:21.7,15,1.11,15.4290816,75.0158895,708.18,0.1933132,202.1867,22.36,28.67,0.94,-0.02525511,0.04151184,0.008962031,-0.1806498,-0.001088415,-9.831082,-0.12320139,0.46159506,0.7513444,0.822132,0,0.168,-1.08,273.91
01:21.8,15,1.11,15.42908165,75.01588949,708.184,0.19081637,202.35046,22.347,28.649,0.938,-0.01679356,0.009562635,0.005742603,-0.16822545,0.005807388,-9.795199,-0.10511678,0.58350722,1.0184073,1.038744,0,0.146,-1.06,273.91
01:21.8,15,1.11,15.4290817,75.01588948,708.188,0.18831954,202.51422,22.334,28.628,0.936,-0.00833201,-0.02238657,0.002523175,-0.1558011,0.01270319,-9.759316,-0.08703217,0.70541938,1.2854702,1.255356,0,0.124,-1.04,273.91
01:21.8,15,1.11,15.42908175,75.01588947,708.192,0.18582271,202.67798,22.321,28.607,0.934,-0.002911464,-0.03777646,0.000660289,-0.1476167,0.03366287,-9.7854325,-0.06894756,0.82733154,1.5525331,1.471968,0,0.102,-1.02,273.91
01:21.8,15,1.11,15.4290818,75.01588946,708.196,0.18332588,202.84174,22.308,28.586,0.932,0.002509082,-0.05316635,-0.001202597,-0.1394323,0.05462255,-9.811549,-0.05086295,0.9492437,1.819596,1.68858,0,0.08,-1,273.91
01:21.8,15,1.11,15.42908185,75.01588945,708.2,0.18082905,203.0055,22.295,28.565,0.93,-0.000942238,-0.059889265,-0.013964459,-0.21091895,-0.018431095,-9.802866,-0.01356346,1.31228116,2.321012,2.3892738,0,0.088,-1.006,273.91
01:21.9,15,1.11,15.4290819,75.01588944,708.204,0.17833222,203.16926,22.282,28.544,0.928,-0.004393559,-0.06661218,-0.02672632,-0.2824056,-0.09148474,-9.794183,0.02373603,1.67531862,2.822428,3.0899676,0,0.096,-1.012,273.91
01:21.9,15,1.11,15.42908195,75.01588943,708.208,0.17583539,203.33302,22.269,28.523,0.926,-0.12275103,0.07509811,-0.055412205,-0.22174235,-0.07244814,-9.848604,0.06103552,2.03835608,3.323844,3.7906614,0,0.104,-1.018,273.91
01:21.9,15,1.11,15.429082,75.01588942,708.212,0.17333856,203.49678,22.256,28.502,0.924,-0.2411085,0.2168084,-0.08409809,-0.1610791,-0.05341154,-9.903025,0.09833501,2.40139354,3.82526,4.4913552,0,0.112,-1.024,273.91
01:21.9,15,1.11,15.42908205,75.01588941,708.216,0.17084173,203.66054,22.243,28.481,0.922,-0.111457965,0.125019895,-0.02332542,-0.1659637,-0.024623215,-9.808724,0.1356345,2.764431,4.326676,5.192049,0,0.12,-1.03,273.91
01:21.9,15,1.11,15.4290821,75.0158894,708.22,0.1683449,203.8243,22.23,28.46,0.92,0.01819257,0.03323139,0.03744725,-0.1708483,0.004165111,-9.714423,0.127722492,2.8161856,4.1716328,5.3145214,0,0.106,-1.014,273.914
01:22.0,15,1.11,15.42908217,75.01588939,708.221,0.16763493,205.84136,22.216,28.439,0.92,0.013786716,-0.037336905,0.01257613,-0.20428135,-0.00507068,-9.7155775,0.119810484,2.8679402,4.0165896,5.4369938,0,0.092,-0.998,273.918
01:22.0,15,1.11,15.42908224,75.01588938,708.222,0.16692496,207.85842,22.202,28.418,0.92,0.009380861,-0.1079052,-0.01229499,-0.2377144,-0.01430647,-9.716732,0.111898476,2.9196948,3.8615464,5.5594662,0,0.078,-0.982,273.922
01:22.0,15,1.11,15.42908231,75.01588937,708.223,0.16621499,209.87548,22.188,28.397,0.92,-0.024685139,-0.002969,-0.012670715,-0.17169515,-0.013336915,-9.814519,0.103986468,2.9714494,3.7065032,5.6819386,0,0.064,-0.966,273.926
01:22.0,15,1.11,15.42908238,75.01588936,708.224,0.16550502,211.89254,22.174,28.376,0.92,-0.05875114,0.1019672,-0.01304644,-0.1056759,-0.01236736,-9.912306,0.09607446,3.023204,3.55146,5.804411,0,0.05,-0.95,273.93
01:22.0,15,1.11,15.42908245,75.01588935,708.225,0.16479505,213.9096,22.16,28.355,0.92,-0.005447145,-0.0230495,-0.02883791,-0.06141318,0.07484127,-9.8456755,0.09607446,2.8316614,3.4467336,5.419203,0,0.054,-0.952,273.932
01:22.1,15,1.11,15.42908252,75.01588934,708.226,0.16408508,215.92666,22.146,28.334,0.92,0.04785685,-0.1480662,-0.04462938,-0.01715046,0.1620499,-9.779045,0.09607446,2.6401188,3.3420072,5.033995,0,0.058,-0.954,273.934
01:22.1,15,1.11,15.42908259,75.01588933,708.227,0.16337511,217.94372,22.132,28.313,0.92,0.04483857,-0.088945605,-0.010316635,-0.11375288,0.05511676,-9.883495,0.09607446,2.4485762,3.2372808,4.648787,0,0.062,-0.956,273.936
01:22.1,15,1.11,15.42908266,75.01588932,708.228,0.16266514,219.96078,22.118,28.292,0.92,0.04182029,-0.02982501,0.02399611,-0.2103553,-0.05181638,-9.987945,0.09607446,2.2570336,3.1325544,4.263579,0,0.066,-0.958,273.938
01:22.1,15,1.11,15.42908273,75.01588931,708.229,0.16195517,221.97784,22.104,28.271,0.92,-0.006061255,0.009584955,0.014425847,-0.18176435,-0.000305125,-9.887215,0.09607446,2.065491,3.027828,3.878371,0,0.07,-0.96,273.94
01:22.1,15,1.11,15.4290828,75.0158893,708.23,0.1612452,223.9949,22.09,28.25,0.92,-0.0539428,0.04899492,0.004855583,-0.1531734,0.05120613,-9.786485,0.062165826,2.0050266,2.8907634,3.8173364,0,0.056,-0.95,273.946
01:22.2,15,1.11,15.42908283,75.0158893,708.238,0.16341713,218.00947,22.077,28.23,0.918,0.013801155,-0.00485069,0.014514502,-0.1562629,0.02231197,-9.7809855,0.028257192,1.9445622,2.7536988,3.7563018,0,0.042,-0.94,273.952
01:22.2,15,1.11,15.42908286,75.0158893,708.246,0.16558906,212.02404,22.064,28.21,0.916,0.08154511,-0.0586963,0.02417342,-0.1593524,-0.00658219,-9.775486,-0.005651442,1.8840978,2.6166342,3.6952672,0,0.028,-0.93,273.958
01:22.2,15,1.11,15.42908289,75.0158893,708.254,0.16776099,206.03861,22.051,28.19,0.914,-0.00537651,-0.008185975,0.011632955,-0.19450635,-0.00844978,-9.8364625,-0.039560076,1.8236334,2.4795696,3.6342326,0,0.014,-0.92,273.964
01:22.2,15,1.11,15.42908292,75.0158893,708.262,0.16993292,200.05318,22.038,28.17,0.912,-0.09229813,0.04232435,-0.00090751,-0.2296603,-0.01031737,-9.897439,-0.07346871,1.763169,2.342505,3.573198,0,0,-0.91,273.97
01:22.2,15,1.11,15.42908295,75.0158893,708.27,0.17210485,194.06775,22.025,28.15,0.91,-0.119898165,0.03285206,-0.03477899,-0.182572,-0.032510515,-9.8588205,-0.050862954,2.013003,2.5531782,3.7624654,0,-0.004,-0.902,273.972
01:22.3,15,1.11,15.42908298,75.0158893,708.278,0.17427678,188.08232,22.012,28.13,0.908,-0.1474982,0.02337977,-0.06865047,-0.1354837,-0.05470366,-9.820202,-0.028257198,2.262837,2.7638514,3.9517328,0,-0.008,-0.894,273.974
01:22.3,15,1.11,15.42908301,75.0158893,708.286,0.17644871,182.09689,21.999,28.11,0.906,-0.17339995,0.109758635,-0.02495457,-0.15936385,-0.04312405,-9.8932385,-0.005651442,2.512671,2.9745246,4.1410002,0,-0.012,-0.886,273.976
01:22.3,15,1.11,15.42908304,75.0158893,708.294,0.17862064,176.11146,21.986,28.09,0.904,-0.1993017,0.1961375,0.01874133,-0.183244,-0.03154444,-9.966275,0.016954314,2.762505,3.1851978,4.3302676,0,-0.016,-0.878,273.978
01:22.3,15,1.11,15.42908307,75.0158893,708.302,0.18079257,170.12603,21.973,28.07,0.902,-0.094200805,0.053493925,0.02628837,-0.2020337,-0.02787062,-9.8647265,0.03956007,3.012339,3.395871,4.519535,0,-0.02,-0.87,273.98
01:22.3,15,1.11,15.4290831,75.0158893,708.31,0.1829645,164.1406,21.96,28.05,0.9,0.01090009,-0.08914965,0.03383541,-0.2208234,-0.0241968,-9.763178,0.04238579,2.8703754,3.3305296,4.5019444,0,-0.034,-0.858,273.996
01:22.4,15,1.11,15.42908309,75.01588933,708.318,0.20517386,164.38467,21.949,28.032,0.915,0.055949745,-0.0830492,0.018077,-0.129287045,0.02313431,-9.7589385,0.04521151,2.7284118,3.2651882,4.4843538,0,-0.048,-0.846,274.012
01:22.4,15,1.11,15.42908308,75.01588936,708.326,0.22738322,164.62874,21.938,28.014,0.93,0.1009994,-0.07694875,0.00231859,-0.03775069,0.07046542,-9.754699,0.04803723,2.5864482,3.1998468,4.4667632,0,-0.062,-0.834,274.028
01:22.4,15,1.11,15.42908307,75.01588939,708.334,0.24959258,164.87281,21.927,27.996,0.945,-0.02627345,0.030116425,-0.00288978,-0.076323395,0.0582151,-9.869426,0.05086295,2.4444846,3.1345054,4.4491726,0,-0.076,-0.822,274.044
01:22.4,15,1.11,15.42908306,75.01588942,708.342,0.27180194,165.11688,21.916,27.978,0.96,-0.1535463,0.1371816,-0.00809815,-0.1148961,0.04596478,-9.984153,0.05368867,2.302521,3.069164,4.431582,0,-0.09,-0.81,274.06
01:22.4,15,1.11,15.42908305,75.01588945,708.35,0.2940113,165.36095,21.905,27.96,0.975,-0.12846855,0.15056235,0.004969395,-0.1297321,-0.0131193,-9.8980875,0.073468716,2.4691926,2.8780966,4.5999304,0,-0.086,-0.812,274.076
01:22.5,15,1.11,15.42908304,75.01588948,708.358,0.31622066,165.60502,21.894,27.942,0.99,-0.1033908,0.1639431,0.01803694,-0.1445681,-0.07220338,-9.812022,0.093248762,2.6358642,2.6870292,4.7682788,0,-0.082,-0.814,274.092
01:22.5,15,1.11,15.42908303,75.01588951,708.366,0.33843002,165.84909,21.883,27.924,1.005,-0.0001664,-0.05816825,0.001481205,-0.1647729,-0.035970537,-9.7481905,0.113028808,2.8025358,2.4959618,4.9366272,0,-0.078,-0.816,274.108
01:22.5,15,1.11,15.42908302,75.01588954,708.374,0.36063938,166.09316,21.872,27.906,1.02,0.103058,-0.2802796,-0.01507453,-0.1849777,0.000262305,-9.684359,0.132808854,2.9692074,2.3048944,5.1049756,0,-0.074,-0.818,274.124
01:22.5,15,1.11,15.42908301,75.01588957,708.382,0.38284874,166.33723,21.861,27.888,1.035,0.04041748,-0.08742095,0.01874502,-0.16089125,0.036702768,-9.816596,0.1525889,3.135879,2.113827,5.273324,0,-0.07,-0.82,274.14
01:22.5,15,1.11,15.429083,75.0158896,708.39,0.4050581,166.5813,21.85,27.87,1.05,-0.02222304,0.1054377,0.05256457,-0.1368048,0.07314323,-9.948833,0.132808854,2.9250682,2.0720442,4.9316678,0,-0.074,-0.818,274.162
01:22.6,15,1.11,15.42908301,75.01588962,708.394,0.40893483,167.27632,21.834,27.848,1.054,-0.011048053,0.041732745,0.04044577,-0.1258982,0.076225795,-9.8218255,0.113028808,2.7142574,2.0302614,4.5900116,0,-0.078,-0.816,274.184
01:22.6,15,1.11,15.42908302,75.01588964,708.398,0.41281156,167.97134,21.818,27.826,1.058,0.000126934,-0.02197221,0.02832697,-0.1149916,0.07930836,-9.694818,0.093248762,2.5034466,1.9884786,4.2483554,0,-0.082,-0.814,274.206
01:22.6,15,1.11,15.42908303,75.01588966,708.402,0.41668829,168.66636,21.802,27.804,1.062,-0.014879343,0.00764661,0.03680226,-0.12841155,0.045875145,-9.8012205,0.073468716,2.2926358,1.9466958,3.9066992,0,-0.086,-0.812,274.228
01:22.6,15,1.11,15.42908304,75.01588968,708.406,0.42056502,169.36138,21.786,27.782,1.066,-0.02988562,0.03726543,0.04527755,-0.1418315,0.01244193,-9.907623,0.05368867,2.081825,1.904913,3.565043,0,-0.09,-0.81,274.25
01:22.6,15,1.11,15.42908305,75.0158897,708.41,0.42444175,170.0564,21.77,27.76,1.07,0.00195904,-0.041267835,0.01615836,-0.1378112,0.007113253,-9.7929305,0.080815576,2.2334334,1.8711612,3.7456696,0,-0.09,-0.82,274.266
01:22.7,15,1.11,15.42908306,75.01588972,708.414,0.42831848,170.75142,21.754,27.738,1.074,0.0338037,-0.1198011,-0.01296083,-0.1337909,0.001784575,-9.678238,0.107942482,2.3850418,1.8374094,3.9262962,0,-0.09,-0.83,274.282
01:22.7,15,1.11,15.42908307,75.01588974,708.418,0.43219521,171.44644,21.738,27.716,1.078,-0.014730955,0.0163511,-0.005103291,-0.092797335,0.059908937,-9.763199,0.135069388,2.5366502,1.8036576,4.1069228,0,-0.09,-0.84,274.298
01:22.7,15,1.11,15.42908308,75.01588976,708.422,0.43607194,172.14146,21.722,27.694,1.082,-0.06326561,0.1525033,0.002754247,-0.05180377,0.1180333,-9.84816,0.162196294,2.6882586,1.7699058,4.2875494,0,-0.09,-0.85,274.314
01:22.7,15,1.11,15.42908309,75.01588978,708.426,0.43994867,172.83648,21.706,27.672,1.086,-0.008739455,0.124383635,0.049934654,-0.116165435,0.06619783,-9.844316,0.1893232,2.839867,1.736154,4.468176,0,-0.09,-0.86,274.33
01:22.7,15,1.11,15.4290831,75.0158898,708.43,0.4438254,173.5315,21.69,27.65,1.09,0.0457867,0.09626397,0.09711506,-0.1805271,0.01436236,-9.840472,0.17745518,2.822054,1.7492024,4.474883,0,-0.09,-0.844,274.372
01:22.8,15,1.11,15.42908309,75.01588982,708.428,0.46058704,172.80654,21.675,27.627,1.104,0.006405245,0.00352223,0.048273759,-0.14805105,0.011190207,-9.819228,0.16558716,2.804241,1.7622508,4.48159,0,-0.09,-0.828,274.414
01:22.8,15,1.11,15.42908308,75.01588984,708.426,0.47734868,172.08158,21.66,27.604,1.118,-0.03297621,-0.08921951,-0.000567542,-0.115575,0.008018053,-9.797984,0.15371914,2.786428,1.7752992,4.488297,0,-0.09,-0.812,274.456
01:22.8,15,1.11,15.42908307,75.01588986,708.424,0.49411032,171.35662,21.645,27.581,1.132,-0.020348078,0.011036595,0.034237324,-0.10475889,0.033767397,-9.859517,0.14185112,2.768615,1.7883476,4.495004,0,-0.09,-0.796,274.498
01:22.8,15,1.11,15.42908306,75.01588988,708.422,0.51087196,170.63166,21.63,27.558,1.146,-0.007719946,0.1112927,0.06904219,-0.09394278,0.05951674,-9.92105,0.1299831,2.750802,1.801396,4.501711,0,-0.09,-0.78,274.54
01:22.8,15,1.11,15.42908305,75.0158899,708.42,0.5276336,169.9067,21.615,27.535,1.16,0.020734572,0.025467345,0.042218655,-0.10127399,0.05429833,-9.843358,0.12885282,2.658024,1.894989,4.2227106,0,-0.09,-0.778,274.568
01:22.9,15,1.11,15.42908304,75.01588992,708.418,0.54439524,169.18174,21.6,27.512,1.174,0.04918909,-0.06035801,0.01539512,-0.1086052,0.04907992,-9.765666,0.12772254,2.565246,1.988582,3.9437102,0,-0.09,-0.776,274.596
01:22.9,15,1.11,15.42908303,75.01588994,708.416,0.56115688,168.45678,21.585,27.489,1.188,0.011932535,-0.041797745,-0.00516697,-0.1171222,0.04103596,-9.7744345,0.12659226,2.472468,2.082175,3.6647098,0,-0.09,-0.774,274.624
01:22.9,15,1.11,15.42908302,75.01588996,708.414,0.57791852,167.73182,21.57,27.466,1.202,-0.02532402,-0.02323748,-0.02572906,-0.1256392,0.032992,-9.783203,0.12546198,2.37969,2.175768,3.3857094,0,-0.09,-0.772,274.652
01:22.9,15,1.11,15.42908301,75.01588998,708.412,0.59468016,167.00686,21.555,27.443,1.216,-0.059241975,-0.032183045,-0.00701133,-0.15968895,0.010370725,-9.841647,0.1243317,2.286912,2.269361,3.106709,0,-0.09,-0.77,274.68
01:22.9,15,1.11,15.429083,75.01589,708.41,0.6114418,166.2819,21.54,27.42,1.23,-0.09315993,-0.04112861,0.0117064,-0.1937387,-0.01225055,-9.900091,0.13846028,2.330513,2.3189758,3.1395144,0,-0.096,-0.776,274.714
01:23.0,15,1.11,15.429083,75.01589003,708.412,0.58806163,165.70466,21.523,27.397,1.219,-0.017025055,0.00311423,0.03482127,-0.13145392,0.011544805,-9.765577,0.15258886,2.374114,2.3685906,3.1723198,0,-0.102,-0.782,274.748
01:23.0,15,1.11,15.429083,75.01589006,708.414,0.56468146,165.12742,21.506,27.374,1.208,0.05910982,0.04735707,0.05793614,-0.06916914,0.03534016,-9.631063,0.16671744,2.417715,2.4182054,3.2051252,0,-0.108,-0.788,274.782
01:23.0,15,1.11,15.429083,75.01589009,708.416,0.54130129,164.55018,21.489,27.351,1.197,0.030444592,-0.028803565,0.042117985,-0.10973257,-0.005654115,-9.7400605,0.18084602,2.461316,2.4678202,3.2379306,0,-0.114,-0.794,274.816
01:23.0,15,1.11,15.429083,75.01589012,708.418,0.51792112,163.97294,21.472,27.328,1.186,0.001779364,-0.1049642,0.02629983,-0.150296,-0.04664839,-9.849058,0.1949746,2.504917,2.517435,3.270736,0,-0.12,-0.8,274.85
01:23.0,15,1.11,15.429083,75.01589015,708.42,0.49454095,163.3957,21.455,27.305,1.175,-0.024679813,0.0092635,0.046047,-0.042086555,0.055119005,-9.796284,0.23792554,2.4550176,2.4263678,3.2931488,0,-0.124,-0.788,274.91
01:23.1,15,1.11,15.429083,75.01589018,708.422,0.47116078,162.81846,21.438,27.282,1.164,-0.05113899,0.1234912,0.06579417,0.06612289,0.1568864,-9.74351,0.28087648,2.4051182,2.3353006,3.3155616,0,-0.128,-0.776,274.97
01:23.1,15,1.11,15.429083,75.01589021,708.424,0.44778061,162.24122,21.421,27.259,1.153,-0.05678863,0.03612855,0.07066638,-0.063004705,0.086043765,-9.7579515,0.32382742,2.3552188,2.2442334,3.3379744,0,-0.132,-0.764,275.03
01:23.1,15,1.11,15.429083,75.01589024,708.426,0.42440044,161.66398,21.404,27.236,1.142,-0.06243827,-0.0512341,0.07553859,-0.1921323,0.01520113,-9.772393,0.36677836,2.3053194,2.1531662,3.3603872,0,-0.136,-0.752,275.09
01:23.1,15,1.11,15.429083,75.01589027,708.428,0.40102027,161.08674,21.387,27.213,1.131,-0.04181074,-0.01729707,0.070620405,-0.16717925,0.021997195,-9.8051655,0.4097293,2.25542,2.062099,3.3828,0,-0.14,-0.74,275.15
01:23.1,15,1.11,15.429083,75.0158903,708.43,0.3776401,160.5095,21.37,27.19,1.12,-0.02118321,0.01663996,0.06570222,-0.1422262,0.02879326,-9.837938,0.45324538,2.1480304,2.1170438,3.2781616,0,-0.152,-0.732,275.29
01:23.2,15,1.11,15.42908303,75.01589033,708.433,0.35712167,154.426629,21.359,27.173,1.079,-0.006534078,0.0045869,0.08720031,-0.1467481,0.032303795,-9.8785505,0.49676146,2.0406408,2.1719886,3.1735232,0,-0.164,-0.724,275.43
01:23.2,15,1.11,15.42908306,75.01589036,708.436,0.33660324,148.343758,21.348,27.156,1.038,0.008115055,-0.00746616,0.1086984,-0.15127,0.03581433,-9.919163,0.54027754,1.9332512,2.2269334,3.0688848,0,-0.176,-0.716,275.57
01:23.2,15,1.11,15.42908309,75.01589039,708.439,0.31608481,142.260887,21.337,27.139,0.997,0.002763338,0.002251535,0.1308974,-0.19075695,-0.03015385,-9.8246935,0.58379362,1.8258616,2.2818782,2.9642464,0,-0.188,-0.708,275.71
01:23.2,15,1.11,15.42908312,75.01589042,708.442,0.29556638,136.178016,21.326,27.122,0.956,-0.002588378,0.01196923,0.1530964,-0.2302439,-0.09612203,-9.730224,0.6273097,1.718472,2.336823,2.859608,0,-0.2,-0.7,275.85
01:23.2,15,1.11,15.42908315,75.01589045,708.445,0.27504795,130.095145,21.315,27.105,0.915,-0.035401374,0.01099409,0.1661827,-0.23543735,-0.114186915,-9.802011,0.59057536,1.884719,2.3832868,3.2429996,0,-0.198,-0.696,276.1
01:23.3,15,1.11,15.42908318,75.01589048,708.448,0.25452952,124.012274,21.304,27.088,0.874,-0.06821437,0.01001895,0.179269,-0.2406308,-0.1322518,-9.873798,0.55384102,2.050966,2.4297506,3.6263912,0,-0.196,-0.692,276.35
01:23.3,15,1.11,15.42908321,75.01589051,708.451,0.23401109,117.929403,21.293,27.071,0.833,-0.031048636,-0.107771875,0.21571315,-0.22069535,-0.10074315,-9.7447495,0.51710668,2.217213,2.4762144,4.0097828,0,-0.194,-0.688,276.6
01:23.3,15,1.11,15.42908324,75.01589054,708.454,0.21349266,111.846532,21.282,27.054,0.792,0.006117097,-0.2255627,0.2521573,-0.2007599,-0.0692345,-9.615701,0.48037234,2.38346,2.5226782,4.3931744,0,-0.192,-0.684,276.85
01:23.3,15,1.11,15.42908327,75.01589057,708.457,0.19297423,105.763661,21.271,27.037,0.751,0.033707514,-0.13801822,0.25811385,-0.20561965,-0.03248439,-9.6829275,0.443638,2.549707,2.569142,4.776566,0,-0.19,-0.68,277.1
01:23.3,15,1.11,15.4290833,75.0158906,708.46,0.1724558,99.68079,21.26,27.02,0.71,0.06129793,-0.05047374,0.2640704,-0.2104794,0.004265721,-9.750154,0.45437572,2.5654052,2.6170652,4.6790902,0,-0.196,-0.678,277.384
01:23.4,15,1.11,15.42908334,75.01589063,708.461,0.17814709,104.350631,21.248,27.005,0.729,0.00752847,-0.012007805,0.2757848,-0.12449453,0.047537406,-9.8486415,0.46511344,2.5811034,2.6649884,4.5816144,0,-0.202,-0.676,277.668
01:23.4,15,1.11,15.42908338,75.01589066,708.462,0.18383838,109.020472,21.236,26.99,0.748,-0.04624099,0.02645813,0.2874992,-0.03850966,0.09080909,-9.947129,0.47585116,2.5968016,2.7129116,4.4841386,0,-0.208,-0.674,277.952
01:23.4,15,1.11,15.42908342,75.01589069,708.463,0.18952967,113.690313,21.224,26.975,0.767,-0.01407465,0.03949892,0.25950725,-0.08966913,0.01499342,-9.7976985,0.48658888,2.6124998,2.7608348,4.3866628,0,-0.214,-0.672,278.236
01:23.4,15,1.11,15.42908346,75.01589072,708.464,0.19522096,118.360154,21.212,26.96,0.786,0.01809169,0.05253971,0.2315153,-0.1408286,-0.06082225,-9.648268,0.4973266,2.628198,2.808758,4.289187,0,-0.22,-0.67,278.52
01:23.4,15,1.11,15.4290835,75.01589075,708.465,0.20091225,123.029995,21.2,26.945,0.805,0.019683005,0.00990982,0.27045725,-0.1159174,-0.01385088,-9.807668,0.46963456,2.5705086,2.8065684,4.3103592,0,-0.22,-0.674,278.882
01:23.5,15,1.11,15.42908354,75.01589078,708.466,0.20660354,127.699836,21.188,26.93,0.824,0.02127432,-0.03272007,0.3093992,-0.0910062,0.03312049,-9.967068,0.44194252,2.5128192,2.8043788,4.3315314,0,-0.22,-0.678,279.244
01:23.5,15,1.11,15.42908358,75.01589081,708.467,0.21229483,132.369677,21.176,26.915,0.843,0.07353891,-0.110156635,0.33635095,-0.098178,0.070378745,-9.7551955,0.41425048,2.4551298,2.8021892,4.3527036,0,-0.22,-0.682,279.606
01:23.5,15,1.11,15.42908362,75.01589084,708.468,0.21798612,137.039518,21.164,26.9,0.862,0.1258035,-0.1875932,0.3633027,-0.1053498,0.107637,-9.543323,0.38655844,2.3974404,2.7999996,4.3738758,0,-0.22,-0.686,279.968
01:23.5,15,1.11,15.42908366,75.01589087,708.469,0.22367741,141.709359,21.152,26.885,0.881,0.057108165,-0.14064542,0.36437695,-0.097221585,0.0666895,-9.8550465,0.3588664,2.339751,2.79781,4.395048,0,-0.22,-0.69,280.33
01:23.5,15,1.11,15.4290837,75.0158909,708.47,0.2293687,146.3792,21.14,26.87,0.9,-0.01158717,-0.09369764,0.3654512,-0.08909337,0.025742,-10.16677,0.3537801,2.3747226,2.871995,4.4333354,0,-0.22,-0.684,280.774
01:23.6,15.11111111,1.11,15.42908376,75.01589091,708.4711111,0.21275132,135.9065122,21.13111111,26.85666667,0.888888889,0.089844465,-0.03503785,0.38466945,-0.144474635,0.00591358,-9.8909505,0.3486938,2.4096942,2.94618,4.4716228,0,-0.22,-0.678,281.218
01:23.6,15.22222222,1.11,15.42908381,75.01589092,708.4722222,0.19613394,125.4338244,21.12222222,26.84333333,0.877777778,0.1912761,0.02362194,0.4038877,-0.1998559,-0.01391484,-9.615131,0.3436075,2.4446658,3.020365,4.5099102,0,-0.22,-0.672,281.662
01:23.6,15.33333333,1.11,15.42908387,75.01589093,708.4733333,0.17951656,114.9611367,21.11333333,26.83,0.866666667,0.09898007,0.12011777,0.40032635,-0.2124046,-0.01815064,-9.8133855,0.3385212,2.4796374,3.09455,4.5481976,0,-0.22,-0.666,282.106
01:23.6,15.44444444,1.11,15.42908392,75.01589094,708.4744444,0.16289918,104.4884489,21.10444444,26.81666667,0.855555556,0.006684039,0.2166136,0.396765,-0.2249533,-0.02238644,-10.01164,0.3334349,2.514609,3.168735,4.586485,0,-0.22,-0.66,282.55
01:23.6,15.55555556,1.11,15.42908398,75.01589096,708.4755556,0.1462818,94.01576111,21.09555556,26.80333333,0.844444444,-0.006319741,0.08380472,0.3930312,-0.17832175,0.0030336,-9.8142135,0.34191206,2.7358236,3.3199988,4.6801742,0,-0.234,-0.66,282.982
01:23.7,15.66666667,1.11,15.42908403,75.01589097,708.4766667,0.12966442,83.54307333,21.08666667,26.79,0.833333333,-0.01932352,-0.04900416,0.3892974,-0.1316902,0.02845364,-9.616787,0.35038922,2.9570382,3.4712626,4.7738634,0,-0.248,-0.66,283.414
01:23.7,15.77777778,1.11,15.42908409,75.01589098,708.4777778,0.11304704,73.07038556,21.07777778,26.77666667,0.822222222,-0.058031195,-0.07682038,0.4028289,-0.10798746,0.055812805,-9.8539035,0.35886638,3.1782528,3.6225264,4.8675526,0,-0.262,-0.66,283.846
01:23.7,15.88888889,1.11,15.42908414,75.01589099,708.4788889,0.09642966,62.59769778,21.06888889,26.76333333,0.811111111,-0.09673887,-0.1046366,0.4163604,-0.08428472,0.08317197,-10.09102,0.36734354,3.3994674,3.7737902,4.9612418,0,-0.276,-0.66,284.278
01:23.7,16,1.11,15.4290842,75.015891,708.48,0.07981228,52.12501,21.06,26.75,0.8,-0.047703239,-0.10328,0.45869335,-0.0139425,0.095327185,-9.760342,0.3758207,3.620682,3.925054,5.054931,0,-0.29,-0.66,284.71
01:23.7,16,1.11,15.42908424,75.01589105,708.4863636,0.102722145,57.71631818,21.05,26.73545455,0.790909091,0.001332393,-0.1019234,0.5010263,0.05639972,0.1074824,-9.429664,0.34925894,3.3556962,3.7580762,4.8527834,0,-0.298,-0.648,285.274
01:23.8,16,1.11,15.42908427,75.01589109,708.4927273,0.125632011,63.30762636,21.04,26.72090909,0.781818182,-0.008039004,0.01416635,0.50115945,-0.08245284,0.06413664,-9.707486,0.32269718,3.0907104,3.5910984,4.6506358,0,-0.306,-0.636,285.838
01:23.8,16,1.11,15.42908431,75.01589114,708.4990909,0.148541876,68.89893455,21.03,26.70636364,0.772727273,-0.0174104,0.1302561,0.5012926,-0.2213054,0.02079088,-9.985308,0.29613542,2.8257246,3.4241206,4.4484882,0,-0.314,-0.624,286.402
01:23.8,16,1.11,15.42908435,75.01589118,708.5054545,0.171451742,74.49024273,21.02,26.69181818,0.763636364,0.0554387,0.13203345,0.54454465,-0.2109246,0.02722837,-9.7871345,0.26957366,2.5607388,3.2571428,4.2463406,0,-0.322,-0.612,286.966
01:23.8,16,1.11,15.42908438,75.01589123,708.5118182,0.194361607,80.08155091,21.01,26.67727273,0.754545455,0.1282878,0.1338108,0.5877967,-0.2005438,0.03366586,-9.588961,0.2430119,2.295753,3.090165,4.044193,0,-0.33,-0.6,287.53
01:23.8,16,1.11,15.42908442,75.01589127,708.5181818,0.217271473,85.67285909,21,26.66272727,0.745454545,0.071234565,0.10650906,0.5930259,-0.1953887,0.06799458,-9.7124395,0.27692052,2.2630396,3.018292,4.0183298,0,-0.33,-0.598,288.252
01:23.9,16,1.11,15.42908445,75.01589132,708.5245455,0.240181338,91.26416727,20.99,26.64818182,0.736363636,0.01418133,0.07920732,0.5982551,-0.1902336,0.1023233,-9.835918,0.31082914,2.2303262,2.946419,3.9924666,0,-0.33,-0.596,288.974
01:23.9,16,1.11,15.42908449,75.01589136,708.5309091,0.263091204,96.85547545,20.98,26.63363636,0.727272727,-0.026573325,-0.00249511,0.64456985,-0.2120196,0.1053945,-9.8330485,0.34473776,2.1976128,2.874546,3.9666034,0,-0.33,-0.594,289.696
01:23.9,16,1.11,15.42908453,75.01589141,708.5372727,0.286001069,102.4467836,20.97,26.61909091,0.718181818,-0.06732798,-0.08419754,0.6908846,-0.2338056,0.1084657,-9.830179,0.37864638,2.1648994,2.802673,3.9407402,0,-0.33,-0.592,290.418
01:23.9,16,1.11,15.42908456,75.01589145,708.5436364,0.308910935,108.0380918,20.96,26.60454545,0.709090909,-0.073955885,-0.050699025,0.81411955,-0.26236015,0.14262715,-9.7927995,0.412555,2.132186,2.7308,3.914877,0,-0.33,-0.59,291.14
01:23.9,16,1.11,15.4290846,75.0158915,708.55,0.3318208,113.6294,20.95,26.59,0.7,-0.08058379,-0.01720051,0.9373545,-0.2909147,0.1767886,-9.75542,0.44702878,2.1991708,3.0837066,4.0746174,0,-0.328,-0.542,292.298
01:24.0,16,1.11,15.42908462,75.01589155,708.558,0.31994881,117.34533,20.938,26.572,0.714,-0.06673889,0.084168095,0.98202625,-0.3241799,0.079755615,-9.8520575,0.48150256,2.2661556,3.4366132,4.2343578,0,-0.326,-0.494,293.456
01:24.0,16,1.11,15.42908464,75.0158916,708.566,0.30807682,121.06126,20.926,26.554,0.728,-0.05289399,0.1855367,1.026698,-0.3574451,-0.01727737,-9.948695,0.51597634,2.3331404,3.7895198,4.3940982,0,-0.324,-0.446,294.614
01:24.0,16,1.11,15.42908466,75.01589165,708.574,0.29620483,124.77719,20.914,26.536,0.742,-0.02013353,0.1874282,1.123533,-0.3633584,0.00653771,-10.0736825,0.55045012,2.4001252,4.1424264,4.5538386,0,-0.322,-0.398,295.772
01:24.0,16,1.11,15.42908468,75.0158917,708.582,0.28433284,128.49312,20.902,26.518,0.756,0.01262693,0.1893197,1.220368,-0.3692717,0.03035279,-10.19867,0.5849239,2.46711,4.495333,4.713579,0,-0.32,-0.35,296.93
01:24.0,16,1.11,15.4290847,75.01589175,708.59,0.27246085,132.20905,20.89,26.5,0.77,-0.124132385,0.073062545,1.3059555,-0.27256585,0.05912599,-10.075323,0.53293068,2.4961918,4.6210018,4.7576192,0,-0.4,-0.314,298.552
01:24.1,16,1.11,15.42908472,75.0158918,708.598,0.26058886,135.92498,20.878,26.482,0.784,-0.2608917,-0.04319461,1.391543,-0.17586,0.08789919,-9.951976,0.48093746,2.5252736,4.7466706,4.8016594,0,-0.48,-0.278,300.174
01:24.1,16,1.11,15.42908474,75.01589185,708.606,0.24871687,139.64091,20.866,26.464,0.798,-0.16399676,-0.110116605,1.4439105,-0.22035945,0.06972768,-9.846157,0.42894424,2.5543554,4.8723394,4.8456996,0,-0.56,-0.242,301.796
01:24.1,16,1.11,15.42908476,75.0158919,708.614,0.23684488,143.35684,20.854,26.446,0.812,-0.06710182,-0.1770386,1.496278,-0.2648589,0.05155617,-9.740338,0.37695102,2.5834372,4.9980082,4.8897398,0,-0.64,-0.206,303.418
01:24.1,16,1.11,15.42908478,75.01589195,708.622,0.22497289,147.07277,20.842,26.428,0.826,-0.07413439,-0.06655352,1.5788365,-0.36120145,0.023822773,-9.690394,0.3249578,2.612519,5.123677,4.93378,0,-0.72,-0.17,305.04
01:24.1,16,1.11,15.4290848,75.015892,708.63,0.2131009,150.7887,20.83,26.41,0.84,-0.08116696,0.04393156,1.661395,-0.457544,-0.003910624,-9.64045,0.36564814,2.689865,5.1271638,5.1103488,0,-0.696,-0.086,307.024
01:24.2,16,1.11,15.42908481,75.01589202,708.631,0.21393805,151.2269,20.82,26.395,0.837,-0.00471421,0.10713023,1.6904575,-0.32888825,0.029681203,-9.401073,0.40633848,2.767211,5.1306506,5.2869176,0,-0.672,-0.002,309.008
01:24.2,16,1.11,15.42908482,75.01589204,708.632,0.2147752,151.6651,20.81,26.38,0.834,0.07173854,0.1703289,1.71952,-0.2002325,0.06327303,-9.161696,0.44702882,2.844557,5.1341374,5.4634864,0,-0.648,0.082,310.992
01:24.2,16,1.11,15.42908483,75.01589206,708.633,0.21561235,152.1033,20.8,26.365,0.831,0.000216725,0.066908955,1.7655115,-0.090007995,0.081840065,-9.17508,0.48771916,2.921903,5.1376242,5.6400552,0,-0.624,0.166,312.976
01:24.2,16,1.11,15.42908484,75.01589208,708.634,0.2164495,152.5415,20.79,26.35,0.828,-0.07130509,-0.03651099,1.811503,0.02021651,0.1004071,-9.188464,0.5284095,2.999249,5.141111,5.816624,0,-0.6,0.25,314.96
01:24.2,16,1.11,15.42908485,75.0158921,708.635,0.21728665,152.9797,20.78,26.335,0.825,-0.06779995,-0.293516795,1.815365,0.027844645,0.024169425,-9.3552905,0.54592898,3.1721066,5.0461904,5.8166996,0,-0.554,0.078,316.816
01:24.3,16,1.11,15.42908486,75.01589212,708.636,0.2181238,153.4179,20.77,26.32,0.822,-0.06429481,-0.5505226,1.819227,0.03547278,-0.05206825,-9.522117,0.56344846,3.3449642,4.9512698,5.8167752,0,-0.508,-0.094,318.672
01:24.3,16,1.11,15.42908487,75.01589214,708.637,0.21896095,153.8561,20.76,26.305,0.819,0.01366292,-0.46649705,1.656817,-0.11020386,-0.108803925,-10.1338085,0.58096794,3.5178218,4.8563492,5.8168508,0,-0.462,-0.266,320.528
01:24.3,16,1.11,15.42908488,75.01589216,708.638,0.2197981,154.2943,20.75,26.29,0.816,0.09162065,-0.3824715,1.494407,-0.2558805,-0.1655396,-10.7455,0.59848742,3.6906794,4.7614286,5.8169264,0,-0.416,-0.438,322.384
01:24.3,16,1.11,15.42908489,75.01589218,708.639,0.22063525,154.7325,20.74,26.275,0.813,0.060033815,-0.178901385,1.3568335,-0.240327,-0.3193164,-10.68586,0.6160069,3.863537,4.666508,5.817002,0,-0.37,-0.61,324.24
01:24.3,16,1.11,15.4290849,75.0158922,708.64,0.2214724,155.1707,20.73,26.26,0.81,0.02844698,0.02466873,1.21926,-0.2247735,-0.4730932,-10.62622,0.66178354,3.5433102,4.3060152,5.532629,0,-0.358,-0.636,325.484
01:24.4,16.1,1.094,15.42908497,75.0158922,708.629,0.21244956,149.93019,20.721,26.246,0.798,0.15380529,0.070667815,1.17632,-0.11514438,-0.221668865,-9.647858,0.70756018,3.2230834,3.9455224,5.248256,0,-0.346,-0.662,326.728
01:24.4,16.2,1.078,15.42908504,75.0158922,708.618,0.20342672,144.68968,20.712,26.232,0.786,0.2791636,0.1166669,1.13338,-0.005515261,0.02975547,-8.669496,0.75333682,2.9028566,3.5850296,4.963883,0,-0.334,-0.688,327.972
01:24.4,16.3,1.062,15.42908511,75.0158922,708.607,0.19440388,139.44917,20.703,26.218,0.774,0.146726985,0.03724352,0.94121235,0.13697192,-0.288022265,-9.743158,0.79911346,2.5826298,3.2245368,4.67951,0,-0.322,-0.714,329.216
01:24.4,16.4,1.046,15.42908518,75.0158922,708.596,0.18538104,134.20866,20.694,26.204,0.762,0.01429037,-0.04217986,0.7490447,0.2794591,-0.6058,-10.81682,0.8448901,2.262403,2.864044,4.395137,0,-0.31,-0.74,330.46
01:24.4,16.5,1.03,15.42908525,75.0158922,708.585,0.1763582,128.96815,20.685,26.19,0.75,0.051539815,-0.067461545,0.6229742,0.28701085,-0.52131865,-10.1919025,0.83528266,2.133234,2.7382294,4.1662236,0,-0.348,-0.698,331.044
01:24.5,16.6,1.014,15.42908532,75.0158922,708.574,0.16733536,123.72764,20.676,26.176,0.738,0.08878926,-0.09274323,0.4969037,0.2945626,-0.4368373,-9.566985,0.82567522,2.004065,2.6124148,3.9373102,0,-0.386,-0.656,331.628
01:24.5,16.7,0.998,15.42908539,75.0158922,708.563,0.15831252,118.48713,20.667,26.162,0.726,0.06886448,-0.02061134,0.4561013,0.3347115,-0.2931808,-9.9101575,0.81606778,1.874896,2.4866002,3.7083968,0,-0.424,-0.614,332.212
01:24.5,16.8,0.982,15.42908546,75.0158922,708.552,0.14928968,113.24662,20.658,26.148,0.714,0.0489397,0.05152055,0.4152989,0.3748604,-0.1495243,-10.25333,0.80646034,1.745727,2.3607856,3.4794834,0,-0.462,-0.572,332.796
01:24.5,16.9,0.966,15.42908553,75.0158922,708.541,0.14026684,108.00611,20.649,26.134,0.702,0.04143036,0.01545325,0.3887805,0.33188645,0.01488265,-9.9475755,0.7968529,1.616558,2.234971,3.25057,0,-0.5,-0.53,333.38
01:24.5,17,0.95,15.4290856,75.0158922,708.53,0.131244,102.7656,20.64,26.12,0.69,0.03392102,-0.02061405,0.3622621,0.2889125,0.1792896,-9.641821,0.7917666,1.7867636,2.2619898,3.4209632,0,-0.512,-0.514,333.822
01:24.6,17,0.966,15.42908567,75.0158922,708.524,0.120998836,108.45672,20.632,26.108,0.698,0.07220311,-0.012053103,0.37568425,0.142331458,0.073602245,-9.801063,0.7866803,1.9569692,2.2890086,3.5913564,0,-0.524,-0.498,334.264
01:24.6,17,0.982,15.42908574,75.0158922,708.518,0.110753672,114.14784,20.624,26.096,0.706,0.1104852,-0.003492157,0.3891064,-0.004249584,-0.03208511,-9.960305,0.781594,2.1271748,2.3160274,3.7617496,0,-0.536,-0.482,334.706
01:24.6,17,0.998,15.42908581,75.0158922,708.512,0.100508508,119.83896,20.616,26.084,0.714,0.057229496,-0.050006199,0.3994643,-0.092233692,0.023092515,-9.8278435,0.7765077,2.2973804,2.3430462,3.9321428,0,-0.548,-0.466,335.148
01:24.6,17,1.014,15.42908588,75.0158922,708.506,0.090263344,125.53008,20.608,26.072,0.722,0.003973792,-0.09652024,0.4098222,-0.1802178,0.07827014,-9.695382,0.7714214,2.467586,2.370065,4.102536,0,-0.56,-0.45,335.59
01:24.6,17,1.03,15.42908595,75.0158922,708.5,0.08001818,131.2212,20.6,26.06,0.73,0.043886791,0.00213813,0.44750315,-0.22631725,0.083513065,-9.7698135,0.7996786,2.5277542,2.3991592,4.3226348,0,-0.578,-0.438,336.142
01:24.7,17,1.046,15.42908602,75.0158922,708.494,0.069773016,136.91232,20.592,26.048,0.738,0.08379979,0.1007965,0.4851841,-0.2724167,0.08875599,-9.844245,0.8279358,2.5879224,2.4282534,4.5427336,0,-0.596,-0.426,336.694
01:24.7,17,1.062,15.42908609,75.0158922,708.488,0.059527852,142.60344,20.584,26.036,0.746,0.058880075,0.18418705,0.5258008,-0.2239968,0.063098555,-9.7920765,0.856193,2.6480906,2.4573476,4.7628324,0,-0.614,-0.414,337.246
01:24.7,17,1.078,15.42908616,75.0158922,708.482,0.049282688,148.29456,20.576,26.024,0.754,0.03396036,0.2675776,0.5664175,-0.1755769,0.03744112,-9.739908,0.8844502,2.7082588,2.4864418,4.9829312,0,-0.632,-0.402,337.798
01:24.7,17,1.094,15.42908623,75.0158922,708.476,0.039037524,153.98568,20.568,26.012,0.762,-0.04846692,0.11984483,0.5785636,-0.03295185,0.13663671,-9.711771,0.9127074,2.768427,2.515536,5.20303,0,-0.65,-0.39,338.35
01:24.7,17,1.11,15.4290863,75.0158922,708.47,0.02879236,159.6768,20.56,26,0.77,-0.1308942,-0.02788794,0.5907097,0.1096732,0.2358323,-9.683634,0.96809152,2.8250378,2.6603138,5.202394,0,-0.68,-0.36,339.078
01:24.8,17,1.11,15.42908637,75.01589222,708.468,0.043273134,158.02873,20.548,25.982,0.764,-0.18732115,-0.043954285,0.63805665,-0.06047155,0.146415845,-9.863692,1.02347564,2.8816486,2.8050916,5.201758,0,-0.71,-0.33,339.806
01:24.8,17,1.11,15.42908644,75.01589224,708.466,0.057753908,156.38066,20.536,25.964,0.758,-0.2437481,-0.06002063,0.6854036,-0.2306163,0.05699939,-10.04375,1.07885976,2.9382594,2.9498694,5.201122,0,-0.74,-0.3,340.534
01:24.8,17,1.11,15.42908651,75.01589226,708.464,0.072234682,154.73259,20.524,25.946,0.752,-0.1929277,-0.0409842,0.72556005,-0.28081425,0.06837561,-9.838631,1.13424388,2.9948702,3.0946472,5.200486,0,-0.77,-0.27,341.262
01:24.8,17,1.11,15.42908658,75.01589228,708.462,0.086715456,153.08452,20.512,25.928,0.746,-0.1421073,-0.02194777,0.7657165,-0.3310122,0.07975183,-9.633512,1.189628,3.051481,3.239425,5.19985,0,-0.8,-0.24,341.99
01:24.8,17,1.11,15.42908665,75.0158923,708.46,0.10119623,151.43645,20.5,25.91,0.74,-0.1252804,0.015240155,0.84894685,-0.2446202,0.126748465,-9.4827,1.2071474,3.086682,3.5374378,5.1075806,0,-0.784,-0.234,342.992
01:24.9,17,1.11,15.42908672,75.01589232,708.458,0.115677004,149.78838,20.488,25.892,0.734,-0.1084535,0.05242808,0.9321772,-0.1582282,0.1737451,-9.331888,1.2246668,3.121883,3.8354506,5.0153112,0,-0.768,-0.228,343.994
01:24.9,17,1.11,15.42908679,75.01589234,708.456,0.130157778,148.14031,20.476,25.874,0.728,-0.1194712,0.21436219,0.9116679,-0.118480675,0.05707343,-9.809224,1.2421862,3.157084,4.1334634,4.9230418,0,-0.752,-0.222,344.996
01:24.9,17,1.11,15.42908686,75.01589236,708.454,0.144638552,146.49224,20.464,25.856,0.722,-0.1304889,0.3762963,0.8911586,-0.07873315,-0.05959824,-10.28656,1.2597056,3.192285,4.4314762,4.8307724,0,-0.736,-0.216,345.998
01:24.9,17,1.11,15.42908693,75.01589238,708.452,0.159119326,144.84417,20.452,25.838,0.716,-0.055901665,0.16485995,0.9640923,-0.120062675,-0.01380031,-9.838068,1.277225,3.227486,4.729489,4.738503,0,-0.72,-0.21,347
01:24.9,17,1.11,15.429087,75.0158924,708.45,0.1736001,143.1961,20.44,25.82,0.71,0.01868557,-0.0465764,1.037026,-0.1613922,0.03199762,-9.389576,1.2681828,3.1854696,4.557113,4.8904354,0,-0.716,-0.196,348.218
01:25.0,17.1,1.094,15.42908702,75.01589245,708.458,0.17621532,141.78727,20.43,25.805,0.706,0.059755935,-0.08577535,1.0639925,-0.2173309,-0.01304257,-9.6786175,1.2591406,3.1434532,4.384737,5.0423678,0,-0.712,-0.182,349.436
01:25.0,17.2,1.078,15.42908704,75.0158925,708.466,0.17883054,140.37844,20.42,25.79,0.702,0.1008263,-0.1249743,1.090959,-0.2732696,-0.05808276,-9.967659,1.2500984,3.1014368,4.212361,5.1943002,0,-0.708,-0.168,350.654
01:25.0,17.3,1.062,15.42908706,75.01589255,708.474,0.18144576,138.96961,20.41,25.775,0.698,0.1141344,-0.05138417,1.1073285,-0.26331665,0.007657865,-9.764971,1.2410562,3.0594204,4.039985,5.3462326,0,-0.704,-0.154,351.872
01:25.0,17.4,1.046,15.42908708,75.0158926,708.482,0.18406098,137.56078,20.4,25.76,0.694,0.1274425,0.02220596,1.123698,-0.2533637,0.07339849,-9.562283,1.232014,3.017404,3.867609,5.498165,0,-0.7,-0.14,353.09
01:25.0,17.5,1.03,15.4290871,75.01589265,708.49,0.1866762,136.15195,20.39,25.745,0.69,0.14400465,0.08956128,1.1552325,-0.133790925,0.036038798,-9.701852,1.1941494,3.0143068,3.7711744,5.4326208,0,-0.69,-0.134,354.362
01:25.1,17.6,1.014,15.42908712,75.0158927,708.498,0.18929142,134.74312,20.38,25.73,0.686,0.1605668,0.1569166,1.186767,-0.01421815,-0.001320894,-9.841421,1.1562848,3.0112096,3.6747398,5.3670766,0,-0.68,-0.128,355.634
01:25.1,17.7,0.998,15.42908714,75.01589275,708.506,0.19190664,133.33429,20.37,25.715,0.682,0.21252035,0.13884785,1.1315585,-0.02993849,0.047489978,-9.7649495,1.1184202,3.0081124,3.5783052,5.3015324,0,-0.67,-0.122,356.906
01:25.1,17.8,0.982,15.42908716,75.0158928,708.514,0.19452186,131.92546,20.36,25.7,0.678,0.2644739,0.1207791,1.07635,-0.04565883,0.09630085,-9.688478,1.0805556,3.0050152,3.4818706,5.2359882,0,-0.66,-0.116,358.178
01:25.1,17.9,0.966,15.42908718,75.01589285,708.522,0.19713708,130.51663,20.35,25.685,0.674,0.24565055,-0.01947955,1.060726,-0.076047415,0.01850357,-9.6048595,1.042691,3.001918,3.385436,5.170444,0,-0.65,-0.11,359.45
01:25.1,18,0.95,15.4290872,75.0158929,708.53,0.1997523,129.1078,20.34,25.67,0.67,0.2268272,-0.1597382,1.045102,-0.106436,-0.05929371,-9.521241,1.03195316,2.9470708,3.366565,5.1471458,0,-0.65,-0.098,288.62
01:25.2,18,0.95,15.42908721,75.01589292,708.53,0.21106493,135.64062,20.332,25.657,0.693,0.1845097,-0.1702611,1.0058044,-0.15173675,-0.125806155,-9.7652105,1.02121532,2.8922236,3.347694,5.1238476,0,-0.65,-0.086,217.79
01:25.2,18,0.95,15.42908722,75.01589294,708.53,0.22237756,142.17344,20.324,25.644,0.716,0.1421922,-0.180784,0.9665068,-0.1970375,-0.1923186,-10.00918,1.01047748,2.8373764,3.328823,5.1005494,0,-0.65,-0.074,146.96
01:25.2,18,0.95,15.42908723,75.01589296,708.53,0.23369019,148.70626,20.316,25.631,0.739,0.15398255,-0.063078175,0.93733325,-0.1912443,-0.13588375,-9.962007,0.99973964,2.7825292,3.309952,5.0772512,0,-0.65,-0.062,76.13
01:25.2,18,0.95,15.42908724,75.01589298,708.53,0.24500282,155.23908,20.308,25.618,0.762,0.1657729,0.05462765,0.9081597,-0.1854511,-0.0794489,-9.914834,0.9890018,2.727682,3.291081,5.053953,0,-0.65,-0.05,5.3
01:25.2,18,0.95,15.42908725,75.015893,708.53,0.25631545,161.7719,20.3,25.605,0.785,0.11241099,0.091569375,0.96225035,-0.112829415,-0.038701012,-9.9148765,1.04325564,2.7400326,3.3141072,5.0460762,0,-0.648,-0.042,6.442
01:25.3,18,0.95,15.42908726,75.01589302,708.53,0.26762808,168.30472,20.292,25.592,0.808,0.05904908,0.1285111,1.016341,-0.04020773,0.002046877,-9.914919,1.09750948,2.7523832,3.3371334,5.0381994,0,-0.646,-0.034,7.584
01:25.3,18,0.95,15.42908727,75.01589304,708.53,0.27894071,174.83754,20.284,25.579,0.831,0.024827834,0.06818869,1.0229635,0.043784885,0.057499739,-9.7938635,1.15176332,2.7647338,3.3601596,5.0303226,0,-0.644,-0.026,8.726
01:25.3,18,0.95,15.42908728,75.01589306,708.53,0.29025334,181.37036,20.276,25.566,0.854,-0.009393412,0.00786628,1.029586,0.1277775,0.1129526,-9.672808,1.20601716,2.7770844,3.3831858,5.0224458,0,-0.642,-0.018,9.868
01:25.3,18,0.95,15.42908729,75.01589308,708.53,0.30156597,187.90318,20.268,25.553,0.877,0.027788359,-0.013811845,1.046778,-0.04934875,-0.0211521,-9.813109,1.260271,2.789435,3.406212,5.014569,0,-0.64,-0.01,11.01
01:25.3,18,0.95,15.4290873,75.0158931,708.53,0.3128786,194.436,20.26,25.54,0.9,0.06497013,-0.03548997,1.06397,-0.226475,-0.1552568,-9.95341,1.2619664,2.7923104,3.552545,4.9760234,0,-0.652,0.02,12.27
01:25.4,18,0.95,15.42908735,75.01589311,708.529,0.288212673,187.81784,20.248,25.525,0.88,0.126390515,-0.06540796,1.0901795,-0.1867796,-0.04007254,-9.6511405,1.2636618,2.7951858,3.698878,4.9374778,0,-0.664,0.05,13.53
01:25.4,18,0.95,15.4290874,75.01589312,708.528,0.263546746,181.19968,20.236,25.51,0.86,0.1878109,-0.09532595,1.116389,-0.1470842,0.07511172,-9.348871,1.2653572,2.7980612,3.845211,4.8989322,0,-0.676,0.08,14.79
01:25.4,18,0.95,15.42908745,75.01589313,708.527,0.238880819,174.58152,20.224,25.495,0.84,0.14869895,0.046992375,1.1033645,-0.2366031,-0.03696919,-9.8458255,1.2670526,2.8009366,3.991544,4.8603866,0,-0.688,0.11,16.05
01:25.4,18,0.95,15.4290875,75.01589314,708.526,0.214214892,167.96336,20.212,25.48,0.82,0.109587,0.1893107,1.09034,-0.326122,-0.1490501,-10.34278,1.268748,2.803812,4.137877,4.821841,0,-0.7,0.14,17.31
01:25.4,18,0.95,15.42908755,75.01589315,708.525,0.189548965,161.3452,20.2,25.465,0.8,0.13222175,0.14431669,1.09679,-0.13301432,0.00184985,-10.0048895,1.2913538,2.7956598,4.1271198,4.8331342,0,-0.702,0.136,18.584
01:25.5,18,0.95,15.4290876,75.01589316,708.524,0.164883038,154.72704,20.188,25.45,0.78,0.1548565,0.09932268,1.10324,0.06009336,0.1527498,-9.666999,1.3139596,2.7875076,4.1163626,4.8444274,0,-0.704,0.132,19.858
01:25.5,18,0.95,15.42908765,75.01589317,708.523,0.140217111,148.10888,20.176,25.435,0.76,0.05856568,-0.04933166,1.136559,-0.02871227,0.096099275,-9.6746455,1.3365654,2.7793554,4.1056054,4.8557206,0,-0.706,0.128,21.132
01:25.5,18,0.95,15.4290877,75.01589318,708.522,0.115551184,141.49072,20.164,25.42,0.74,-0.03772514,-0.197986,1.169878,-0.1175179,0.03944875,-9.682292,1.3591712,2.7712032,4.0948482,4.8670138,0,-0.708,0.124,22.406
01:25.5,18,0.95,15.42908775,75.01589319,708.521,0.090885257,134.87256,20.152,25.405,0.72,-0.15183492,-0.18493245,1.18288,-0.1128745,0.06956639,-9.7387755,1.381777,2.763051,4.084091,4.878307,0,-0.71,0.12,23.68
01:25.5,18,0.95,15.4290878,75.0158932,708.52,0.06621933,128.2544,20.14,25.39,0.7,-0.2659447,-0.1718789,1.195882,-0.1082311,0.09968403,-9.795259,1.30435226,2.834547,4.1074448,4.7907678,0,-0.7,0.142,25.05
01:25.6,17.9,0.966,15.42908785,75.01589321,708.521,0.06926642,143.50185,20.132,25.377,0.709,-0.110039245,-0.105779925,1.18104,-0.1753339,0.02810117,-9.7960845,1.22692752,2.906043,4.1307986,4.7032286,0,-0.69,0.164,26.42
01:25.6,17.8,0.982,15.4290879,75.01589322,708.522,0.07231351,158.7493,20.124,25.364,0.718,0.04586621,-0.03968095,1.166198,-0.2424367,-0.04348169,-9.79691,1.14950278,2.977539,4.1541524,4.6156894,0,-0.68,0.186,27.79
01:25.6,17.7,0.998,15.42908795,75.01589323,708.523,0.0753606,173.99675,20.116,25.351,0.727,0.05067729,0.074996075,1.197261,-0.22532675,-0.013048465,-9.852837,1.07207804,3.049035,4.1775062,4.5281502,0,-0.67,0.208,29.16
01:25.6,17.6,1.014,15.429088,75.01589324,708.524,0.07840769,189.2442,20.108,25.338,0.736,0.05548837,0.1896731,1.228324,-0.2082168,0.01738476,-9.908764,0.9946533,3.120531,4.20086,4.440611,0,-0.66,0.23,30.53
01:25.6,17.5,1.03,15.42908805,75.01589325,708.525,0.08145478,204.49165,20.1,25.325,0.745,0.01288767,0.07152855,1.2445895,-0.152892205,-0.02514535,-9.860839,1.06190544,3.120921,3.9570604,4.650901,0,-0.644,0.234,31.98
01:25.7,17.4,1.046,15.4290881,75.01589326,708.526,0.08450187,219.7391,20.092,25.312,0.754,-0.02971303,-0.046616,1.260855,-0.09756761,-0.06767546,-9.812914,1.12915758,3.121311,3.7132608,4.861191,0,-0.628,0.238,33.43
01:25.7,17.3,1.062,15.42908815,75.01589327,708.527,0.08754896,234.98655,20.084,25.299,0.763,-0.082127815,-0.1508368,1.2676925,-0.086204645,-0.01661825,-9.7991045,1.19640972,3.121701,3.4694612,5.071481,0,-0.612,0.242,34.88
01:25.7,17.2,1.078,15.4290882,75.01589328,708.528,0.09059605,250.234,20.076,25.286,0.772,-0.1345426,-0.2550576,1.27453,-0.07484168,0.03443896,-9.785295,1.26366186,3.122091,3.2256616,5.281771,0,-0.596,0.246,36.33
01:25.7,17.1,1.094,15.42908825,75.01589329,708.529,0.09364314,265.48145,20.068,25.273,0.781,-0.049863575,-0.1868955,1.239724,-0.12831374,-0.003016705,-9.719289,1.330914,3.122481,2.981862,5.492061,0,-0.58,0.25,37.78
01:25.7,17,1.11,15.4290883,75.0158933,708.53,0.09669023,280.7289,20.06,25.26,0.79,0.03481545,-0.1187334,1.204918,-0.1817858,-0.04047237,-9.653283,1.3173506,3.3605628,2.9070394,5.8237342,0,-0.564,0.27,39.212
01:25.8,17,1.11,15.42908835,75.01589331,708.534,0.097521687,268.70898,20.052,25.248,0.784,0.038825555,0.0083884,1.228235,-0.095843035,0.067239265,-9.8251885,1.3037872,3.5986446,2.8322168,6.1554074,0,-0.548,0.29,40.644
01:25.8,17,1.11,15.4290884,75.01589332,708.538,0.098353144,256.68906,20.044,25.236,0.778,0.04283566,0.1355102,1.251552,-0.00990027,0.1749509,-9.997094,1.2902238,3.8367264,2.7573942,6.4870806,0,-0.532,0.31,42.076
01:25.8,17,1.11,15.42908845,75.01589333,708.542,0.099184601,244.66914,20.036,25.224,0.772,0.06220088,0.2774666,1.273867,-0.104138685,0.0316102,-10.022397,1.2766604,4.0748082,2.6825716,6.8187538,0,-0.516,0.33,43.508
01:25.8,17,1.11,15.4290885,75.01589334,708.546,0.100016058,232.64922,20.028,25.212,0.766,0.0815661,0.419423,1.296182,-0.1983771,-0.1117305,-10.0477,1.263097,4.31289,2.607749,7.150427,0,-0.5,0.35,44.94
01:25.8,17,1.11,15.42908855,75.01589335,708.55,0.100847515,220.6293,20.02,25.2,0.76,0.036809586,0.251658625,1.3164625,-0.18793595,-0.102603585,-10.0128905,1.2291882,4.4467618,2.6013908,7.3224348,0,-0.5,0.41,46.438
01:25.9,17,1.11,15.4290886,75.01589336,708.554,0.101678972,208.60938,20.012,25.188,0.754,-0.007946929,0.08389425,1.336743,-0.1774948,-0.09347667,-9.978081,1.1952794,4.5806336,2.5950326,7.4944426,0,-0.5,0.47,47.936
01:25.9,17,1.11,15.42908865,75.01589337,708.558,0.102510429,196.58946,20.004,25.176,0.748,0.026453466,-0.151678175,1.3287185,-0.129877345,0.012018515,-9.8030765,1.1613706,4.7145054,2.5886744,7.6664504,0,-0.5,0.53,49.434
01:25.9,17,1.11,15.4290887,75.01589338,708.562,0.103341886,184.56954,19.996,25.164,0.742,0.06085386,-0.3872506,1.320694,-0.08225989,0.1175137,-9.628072,1.1274618,4.8483772,2.5823162,7.8384582,0,-0.5,0.59,50.932
01:25.9,17,1.11,15.42908875,75.01589339,708.566,0.104173343,172.54962,19.988,25.152,0.736,0.09616653,-0.33152625,1.3120915,-0.184050595,0.10757554,-10.003376,1.093553,4.982249,2.575958,8.010466,0,-0.5,0.65,52.43
01:25.9,17,1.11,15.4290888,75.0158934,708.57,0.1050048,160.5297,19.98,25.14,0.73,0.1314792,-0.2758019,1.303489,-0.2858413,0.09763738,-10.37868,1.092988,5.1796952,2.5771574,8.4170888,0,-0.468,0.506,53.986
01:26.0,17,1.11,15.42908884,75.0158934,708.57,0.097927769,170.80575,19.971,25.128,0.729,0.072755755,0.00569415,1.306443,-0.2788258,0.074523935,-10.584915,1.092423,5.3771414,2.5783568,8.8237116,0,-0.436,0.362,55.542
01:26.0,17,1.11,15.42908888,75.0158934,708.57,0.090850738,181.0818,19.962,25.116,0.728,0.01403231,0.2871902,1.309397,-0.2718103,0.05141049,-10.79115,1.091858,5.5745876,2.5795562,9.2303344,0,-0.404,0.218,57.098
01:26.0,17,1.11,15.42908892,75.0158934,708.57,0.083773707,191.35785,19.953,25.104,0.727,-0.075140645,0.18382567,1.345829,-0.18590665,0.045604215,-10.74152,1.091293,5.7720338,2.5807556,9.6369572,0,-0.372,0.074,58.654
01:26.0,17,1.11,15.42908896,75.0158934,708.57,0.076696676,201.6339,19.944,25.092,0.726,-0.1643136,0.08046114,1.382261,-0.100003,0.03979794,-10.69189,1.090728,5.96948,2.581955,10.04358,0,-0.34,-0.07,60.21
01:26.0,17,1.11,15.429089,75.0158934,708.57,0.069619645,211.90995,19.935,25.08,0.725,-0.18809945,-0.23772708,1.335887,-0.1035981,-0.021592365,-10.36618,1.0489073,5.9734732,2.4606536,10.0330194,0,-0.414,-0.244,61.616
01:26.1,17,1.11,15.42908904,75.0158934,708.57,0.062542614,222.186,19.926,25.068,0.724,-0.2118853,-0.5559153,1.289513,-0.1071932,-0.08298267,-10.04047,1.0070866,5.9774664,2.3393522,10.0224588,0,-0.488,-0.418,63.022
01:26.1,17,1.11,15.42908908,75.0158934,708.57,0.055465583,232.46205,19.917,25.056,0.723,-0.0408379,-0.49156155,1.2068665,-0.29034945,0.079380615,-10.316125,0.9652659,5.9814596,2.2180508,10.0118982,0,-0.562,-0.592,64.428
01:26.1,17,1.11,15.42908912,75.0158934,708.57,0.048388552,242.7381,19.908,25.044,0.722,0.1302095,-0.4272078,1.12422,-0.4735057,0.2417439,-10.59178,0.9234452,5.9854528,2.0967494,10.0013376,0,-0.636,-0.766,65.834
01:26.1,17,1.11,15.42908916,75.0158934,708.57,0.041311521,253.01415,19.899,25.032,0.721,0.07538469,-0.15227805,1.0727625,-0.38881985,0.0618088,-10.3835,0.8816245,5.989446,1.975448,9.990777,0,-0.71,-0.94,67.24
01:26.1,17,1.11,15.4290892,75.0158934,708.57,0.03423449,263.2902,19.89,25.02,0.72,0.02055988,0.1226517,1.021305,-0.304134,-0.1181263,-10.17522,0.8341524,6.0048302,2.1025086,9.6592432,0,-0.75,-0.868,68.44
01:26.2,17,1.094,15.42908924,75.01589344,708.584,0.036814374,269.96302,19.877,25.002,0.718,-0.023879205,0.26118775,1.0569635,-0.24863325,-0.0762334,-10.34465,0.7866803,6.0202144,2.2295692,9.3277094,0,-0.79,-0.796,69.64
01:26.2,17,1.078,15.42908928,75.01589348,708.598,0.039394258,276.63584,19.864,24.984,0.716,-0.06831829,0.3997238,1.092622,-0.1931325,-0.0343405,-10.51408,0.7392082,6.0355986,2.3566298,8.9961756,0,-0.83,-0.724,70.84
01:26.2,17,1.062,15.42908932,75.01589352,708.612,0.041974142,283.30866,19.851,24.966,0.714,-0.031517231,0.2867343,1.047594,-0.13381436,0.0673202,-10.315645,0.6917361,6.0509828,2.4836904,8.6646418,0,-0.87,-0.652,72.04
01:26.2,17,1.046,15.42908936,75.01589356,708.626,0.044554026,289.98148,19.838,24.948,0.712,0.005283829,0.1737448,1.002566,-0.07449622,0.1689809,-10.11721,0.644264,6.066367,2.610751,8.333108,0,-0.91,-0.58,73.24
01:26.2,17,1.03,15.4290894,75.0158936,708.64,0.04713391,296.6543,19.825,24.93,0.71,0.055594864,-0.0043484,0.96092265,0.01401129,0.06378371,-9.3668735,0.61035538,5.6403144,2.5655494,7.9003478,0,-0.792,-0.548,74.248
01:26.3,17,1.014,15.42908944,75.01589364,708.654,0.049713794,303.32712,19.812,24.912,0.708,0.1059059,-0.1824416,0.9192793,0.1025188,-0.04141348,-8.616537,0.57644676,5.2142618,2.5203478,7.4675876,0,-0.674,-0.516,75.256
01:26.3,17,0.998,15.42908948,75.01589368,708.668,0.052293678,309.99994,19.799,24.894,0.706,0.12583775,-0.090726741,0.8815177,0.1101452,0.02389906,-7.7786765,0.54253814,4.7882092,2.4751462,7.0348274,0,-0.556,-0.484,76.264
01:26.3,17,0.982,15.42908952,75.01589372,708.682,0.054873562,316.67276,19.786,24.876,0.704,0.1457696,0.000988118,0.8437561,0.1177716,0.0892116,-6.940816,0.50862952,4.3621566,2.4299446,6.6020672,0,-0.438,-0.452,77.272
01:26.3,17,0.966,15.42908956,75.01589376,708.696,0.057453446,323.34558,19.773,24.858,0.702,0.1957644,-0.101340891,0.8149027,0.079965365,0.08908857,-6.2555975,0.4747209,3.936104,2.384743,6.169307,0,-0.32,-0.42,78.28
01:26.3,17,0.95,15.4290896,75.0158938,708.71,0.06003333,330.0184,19.76,24.84,0.7,0.2457592,-0.2036699,0.7860493,0.04215913,0.08896554,-5.570379,0.42668366,3.5654202,2.1512712,5.744502,0,-0.2,-0.74,79.124
01:26.4,17,0.95,15.42908967,75.01589384,708.712,0.064216267,301.357446,19.744,24.821,0.721,0.1967881,-0.29338665,0.7572606,0.029631555,0.026845415,-5.168675,0.37864642,3.1947364,1.9177994,5.319697,0,-0.08,-1.06,79.968
01:26.4,17,0.95,15.42908974,75.01589388,708.714,0.068399204,272.696492,19.728,24.802,0.742,0.147817,-0.3831034,0.7284719,0.01710398,-0.03527471,-4.766971,0.33060918,2.8240526,1.6843276,4.894892,0,0.04,-1.38,80.812
01:26.4,17,0.95,15.42908981,75.01589392,708.716,0.072582141,244.035538,19.712,24.783,0.763,0.13478655,-0.36162395,0.696988,0.038988585,0.022793545,-4.535088,0.28257194,2.4533688,1.4508558,4.470087,0,0.16,-1.7,81.656
01:26.4,17,0.95,15.42908988,75.01589396,708.718,0.076765078,215.374584,19.696,24.764,0.784,0.1217561,-0.3401445,0.6655041,0.06087319,0.0808618,-4.303205,0.2345347,2.082685,1.217384,4.045282,0,0.28,-2.02,82.5
01:26.4,17,0.95,15.42908995,75.015894,708.72,0.080948015,186.71363,19.68,24.745,0.805,-0.16228945,2.84209275,0.47688585,-2.505174405,-0.1379452,-10.5906975,0.21079866,4.218722,3.7869632,8.0914836,0,0.29,-1.618,82.954
01:26.5,17,0.95,15.42909002,75.01589404,708.722,0.085130952,158.052676,19.664,24.726,0.826,-0.446335,6.02433,0.2882676,-5.071222,-0.3567522,-16.87819,0.18706262,6.354759,6.3565424,12.1376852,0,0.3,-1.216,83.408
01:26.5,17,0.95,15.42909009,75.01589408,708.724,0.089313889,129.391722,19.648,24.707,0.847,-0.1097944,3.6654255,-0.04130145,-2.530404225,-0.39921425,-18.239705,0.16332658,8.490796,8.9261216,16.1838868,0,0.31,-0.814,83.862
01:26.5,17,0.95,15.42909016,75.01589412,708.726,0.093496826,100.730768,19.632,24.688,0.868,0.2267462,1.306521,-0.3708705,0.01041355,-0.4416763,-19.60122,0.13959054,10.626833,11.4957008,20.2300884,0,0.32,-0.412,84.316
01:26.5,17,0.95,15.42909023,75.01589416,708.728,0.097679763,72.069814,19.616,24.669,0.889,0.13045901,0.5488117,-0.05746765,0.061109025,-0.066269,-11.7384705,0.1158545,12.76287,14.06528,24.27629,0,0.33,-0.01,84.77
01:26.5,17,0.95,15.4290903,75.0158942,708.73,0.1018627,43.40886,19.6,24.65,0.91,0.03417182,-0.2088976,0.2559352,0.1118045,0.3091383,-3.875721,0.12715738,11.7835524,13.0740116,22.547628,0,0.268,0.034,84.9
01:26.6,17,0.966,15.42909034,75.01589424,708.73,0.11129275,46.40924,19.594,24.639,0.888,-0.44268309,0.7080317,0.09500876,-0.21465735,-0.35359435,-7.6798405,0.13846026,10.8042348,12.0827432,20.818966,0,0.206,0.078,85.03
01:26.6,17,0.982,15.42909038,75.01589428,708.73,0.1207228,49.40962,19.588,24.628,0.866,-0.919538,1.624961,-0.06591768,-0.5411192,-1.016327,-11.48396,0.14976314,9.8249172,11.0914748,19.090304,0,0.144,0.122,85.16
01:26.6,17,0.998,15.42909042,75.01589432,708.73,0.13015285,52.41,19.582,24.617,0.844,-0.39863065,0.89150435,0.02192576,0.0517902,-0.512126481,-11.34332,0.16106602,8.8455996,10.1002064,17.361642,0,0.082,0.166,85.29
01:26.6,17,1.014,15.42909046,75.01589436,708.73,0.1395829,55.41038,19.576,24.606,0.822,0.1222767,0.1580477,0.1097692,0.6446996,-0.007925961,-11.20268,0.1723689,7.866282,9.108938,15.63298,0,0.02,0.21,85.42
01:26.6,17,1.03,15.4290905,75.0158944,708.73,0.14901295,58.41076,19.57,24.595,0.8,0.103401905,-0.15042765,0.04033387,0.79734325,0.23601927,-9.894275,0.18254148,7.1855974,8.303404,14.3004378,0,0.016,0.202,85.496
01:26.7,17,1.046,15.42909054,75.01589444,708.73,0.158443,61.41114,19.564,24.584,0.778,0.08452711,-0.458903,-0.02910146,0.9499869,0.4799645,-8.58587,0.19271406,6.5049128,7.49787,12.9678956,0,0.012,0.194,85.572
01:26.7,17,1.062,15.42909058,75.01589448,708.73,0.16787305,64.41152,19.558,24.573,0.756,-0.00667512,-0.183296105,0.03929482,0.5696787,0.38101205,-9.495885,0.20288664,5.8242282,6.692336,11.6353534,0,0.008,0.186,85.648
01:26.7,17,1.078,15.42909062,75.01589452,708.73,0.1773031,67.4119,19.552,24.562,0.734,-0.09787735,0.09231079,0.1076911,0.1893705,0.2820596,-10.4059,0.21305922,5.1435436,5.886802,10.3028112,0,0.004,0.178,85.724
01:26.7,17,1.094,15.42909066,75.01589456,708.73,0.18673315,70.41228,19.546,24.551,0.712,-0.06300168,0.049146315,0.066910815,0.02661935,0.15775958,-10.07035,0.2232318,4.462859,5.081268,8.970269,0,0,0.17,85.8
01:26.7,17,1.11,15.4290907,75.0158946,708.73,0.1961632,73.41266,19.54,24.54,0.69,-0.02812601,0.005981839,0.02613053,-0.1361318,0.03345956,-9.7348,0.24866328,4.0949382,4.6411832,8.260601,0,-0.012,0.198,85.836
01:26.8,17,1.11,15.42909076,75.01589465,708.731,0.18831123,82.289504,19.526,24.517,0.695,-0.02287586,0.016810115,0.03962655,-0.1347755,0.03715181,-9.7742105,0.27409476,3.7270174,4.2010984,7.550933,0,-0.024,0.226,85.872
01:26.8,17,1.11,15.42909082,75.0158947,708.732,0.18045926,91.166348,19.512,24.494,0.7,-0.01762571,0.02763839,0.05312257,-0.1334192,0.04084406,-9.813621,0.29952624,3.3590966,3.7610136,6.841265,0,-0.036,0.254,85.908
01:26.8,17,1.11,15.42909088,75.01589475,708.733,0.17260729,100.043192,19.498,24.471,0.705,-0.007335017,0.015964219,0.01265529,-0.031048355,0.09744978,-9.784198,0.32495772,2.9911758,3.3209288,6.131597,0,-0.048,0.282,85.944
01:26.8,17,1.11,15.42909094,75.0158948,708.734,0.16475532,108.920036,19.484,24.448,0.71,0.002955675,0.004290047,-0.02781199,0.07132249,0.1540555,-9.754775,0.3503892,2.623255,2.880844,5.421929,0,-0.06,0.31,85.98
01:26.8,17,1.11,15.429091,75.01589485,708.735,0.15690335,117.79688,19.47,24.425,0.715,-0.001466046,0.003928954,-0.017010168,-0.067211505,0.06998313,-9.8046575,0.38825384,2.4848192,2.7322678,5.0956698,0,-0.066,0.308,85.99
01:26.9,17,1.11,15.42909106,75.0158949,708.736,0.14905138,126.673724,19.456,24.402,0.72,-0.005887767,0.00356786,-0.006208345,-0.2057455,-0.01408924,-9.85454,0.42611848,2.3463834,2.5836916,4.7694106,0,-0.072,0.306,86
01:26.9,17,1.11,15.42909112,75.01589495,708.737,0.14119941,135.550568,19.442,24.379,0.725,-0.020068984,0.02848674,-0.008604598,-0.1846729,0.04010729,-9.9164645,0.46398312,2.2079476,2.4351154,4.4431514,0,-0.078,0.304,86.01
01:26.9,17,1.11,15.42909118,75.015895,708.738,0.13334744,144.427412,19.428,24.356,0.73,-0.0342502,0.05340562,-0.01100085,-0.1636003,0.09430382,-9.978389,0.50184776,2.0695118,2.2865392,4.1168922,0,-0.084,0.302,86.02
01:26.9,17,1.11,15.42909124,75.01589505,708.739,0.12549547,153.304256,19.414,24.333,0.735,-0.007623675,0.04312204,0.029902765,-0.06903775,0.12733356,-9.7946815,0.5397124,1.931076,2.137963,3.790633,0,-0.09,0.3,86.03
01:26.9,17,1.11,15.4290913,75.0158951,708.74,0.1176435,162.1811,19.4,24.31,0.74,0.01900285,0.03283846,0.07080638,0.0255248,0.1603633,-9.610974,0.5165415,2.0604684,2.1667648,3.8328132,0,-0.088,0.32,86.084
01:27.0,17,1.11,15.42909135,75.01589513,708.741,0.11851758,153.449407,19.39,24.29,0.735,0.022255135,-0.014223485,0.036322553,-0.07366975,0.079083231,-9.783794,0.4933706,2.1898608,2.1955666,3.8749934,0,-0.086,0.34,86.138
01:27.0,17,1.11,15.4290914,75.01589516,708.742,0.11939166,144.717714,19.38,24.27,0.73,0.02550742,-0.06128543,0.001838726,-0.1728643,-0.002196837,-9.956614,0.4701997,2.3192532,2.2243684,3.9171736,0,-0.084,0.36,86.192
01:27.0,17,1.11,15.42909145,75.01589519,708.743,0.12026574,135.986021,19.37,24.25,0.725,0.06441821,0.023010935,0.051936663,-0.17491105,0.082259632,-9.872514,0.4470288,2.4486456,2.2531702,3.9593538,0,-0.082,0.38,86.246
01:27.0,17,1.11,15.4290915,75.01589522,708.744,0.12113982,127.254328,19.36,24.23,0.72,0.103329,0.1073073,0.1020346,-0.1769578,0.1667161,-9.788414,0.4238579,2.578038,2.281972,4.001534,0,-0.08,0.4,86.3
01:27.0,17,1.11,15.42909155,75.01589525,708.745,0.1220139,118.522635,19.35,24.21,0.715,0.025781105,0.034901875,0.07703193,-0.06234147,0.126680915,-9.7302915,0.45098482,2.6199178,2.2706506,3.9832636,0,-0.09,0.404,86.392
01:27.1,17,1.11,15.4290916,75.01589528,708.746,0.12288798,109.790942,19.34,24.19,0.71,-0.05176679,-0.03750355,0.05202926,0.05227486,0.08664573,-9.672169,0.47811174,2.6617976,2.2593292,3.9649932,0,-0.1,0.408,86.484
01:27.1,17,1.11,15.42909165,75.01589531,708.747,0.12376206,101.059249,19.33,24.17,0.705,-0.024375756,-0.05562266,0.075879475,-0.02413422,0.127535465,-9.812746,0.50523866,2.7036774,2.2480078,3.9467228,0,-0.11,0.412,86.576
01:27.1,17,1.11,15.4290917,75.01589534,708.748,0.12463614,92.327556,19.32,24.15,0.7,0.003015278,-0.07374177,0.09972969,-0.1005433,0.1684252,-9.953323,0.53236558,2.7455572,2.2366864,3.9284524,0,-0.12,0.416,86.668
01:27.1,17,1.11,15.42909175,75.01589537,708.749,0.12551022,83.595863,19.31,24.13,0.695,0.021943279,-0.07129571,0.158880745,-0.1282614,0.16843175,-9.792348,0.5594925,2.787437,2.225365,3.910182,0,-0.13,0.42,86.76
01:27.1,17,1.11,15.4290918,75.0158954,708.75,0.1263843,74.86417,19.3,24.11,0.69,0.04087128,-0.06884965,0.2180318,-0.1559795,0.1684383,-9.631373,0.60809488,2.7051806,2.3462276,3.8854242,0,-0.15,0.434,87.052
01:27.2,17,1.11,15.42909184,75.01589545,708.752,0.13170694,77.145649,19.293,24.096,0.687,0.001385515,-0.04520904,0.23062415,-0.05870362,0.211872,-9.7296465,0.65669726,2.6229242,2.4670902,3.8606664,0,-0.17,0.448,87.344
01:27.2,17,1.11,15.42909188,75.0158955,708.754,0.13702958,79.427128,19.286,24.082,0.684,-0.03810025,-0.02156843,0.2432165,0.03857226,0.2553057,-9.82792,0.70529964,2.5406678,2.5879528,3.8359086,0,-0.19,0.462,87.636
01:27.2,17,1.11,15.42909192,75.01589555,708.756,0.14235222,81.708607,19.279,24.068,0.681,-0.075195925,0.046033385,0.2929274,-0.02579516,0.171383005,-9.94733,0.75390202,2.4584114,2.7088154,3.8111508,0,-0.21,0.476,87.928
01:27.2,17,1.11,15.42909196,75.0158956,708.758,0.14767486,83.990086,19.272,24.054,0.678,-0.1122916,0.1136352,0.3426383,-0.09016258,0.08746031,-10.06674,0.8025044,2.376155,2.829678,3.786393,0,-0.23,0.49,88.22
01:27.2,17,1.11,15.429092,75.01589565,708.76,0.1529975,86.271565,19.265,24.04,0.675,-0.12807325,0.14120045,0.3852422,-0.09285633,0.116535305,-9.881712,0.82680558,2.4264278,2.9520616,3.8948232,0,-0.22,0.498,88.682
01:27.3,17,1.11,15.42909204,75.0158957,708.762,0.15832014,88.553044,19.258,24.026,0.672,-0.1438549,0.1687657,0.4278461,-0.09555008,0.1456103,-9.696684,0.85110676,2.4767006,3.0744452,4.0032534,0,-0.21,0.506,89.144
01:27.3,17,1.11,15.42909208,75.01589575,708.764,0.16364278,90.834523,19.251,24.012,0.669,-0.06273255,-0.01210095,0.43811915,-0.10212054,0.16641075,-9.7025055,0.87540794,2.5269734,3.1968288,4.1116836,0,-0.2,0.514,89.606
01:27.3,17,1.11,15.42909212,75.0158958,708.766,0.16896542,93.116002,19.244,23.998,0.666,0.0183898,-0.1929676,0.4483922,-0.108691,0.1872112,-9.708327,0.89970912,2.5772462,3.3192124,4.2201138,0,-0.19,0.522,90.068
01:27.3,17,1.11,15.42909216,75.01589585,708.768,0.17428806,95.397481,19.237,23.984,0.663,-0.00205582,-0.16755255,0.4719433,-0.088665715,0.1818086,-9.746169,0.9240103,2.627519,3.441596,4.328544,0,-0.18,0.53,90.53
01:27.3,17,1.11,15.4290922,75.0158959,708.77,0.1796107,97.67896,19.23,23.97,0.66,-0.02250144,-0.1421375,0.4954944,-0.06864043,0.176406,-9.784011,0.90705598,2.5817012,3.3651206,4.28764,0,-0.18,0.544,91.242
01:27.4,16.9,1.11,15.42909227,75.01589589,708.766,0.18526869,92.479679,19.214,23.951,0.675,0.08507693,-0.07158189,0.5968489,-0.086622415,0.2354618,-9.8674045,0.89010166,2.5358834,3.2886452,4.246736,0,-0.18,0.558,91.954
01:27.4,16.8,1.11,15.42909234,75.01589588,708.762,0.19092668,87.280398,19.198,23.932,0.69,0.1926553,-0.00102628,0.6982034,-0.1046044,0.2945176,-9.950798,0.87314734,2.4900656,3.2121698,4.205832,0,-0.18,0.572,92.666
01:27.4,16.7,1.11,15.42909241,75.01589587,708.758,0.19658467,82.081117,19.182,23.913,0.705,0.12850972,0.09672781,0.75826655,-0.09026285,0.2945057,-9.832494,0.85619302,2.4442478,3.1356944,4.164928,0,-0.18,0.586,93.378
01:27.4,16.6,1.11,15.42909248,75.01589586,708.754,0.20224266,76.881836,19.166,23.894,0.72,0.06436414,0.1944819,0.8183297,-0.0759213,0.2944938,-9.71419,0.8392387,2.39843,3.059219,4.124024,0,-0.18,0.6,94.09
01:27.4,16.5,1.11,15.42909255,75.01589585,708.75,0.20790065,71.682555,19.15,23.875,0.735,-0.06261698,0.09404352,0.8709416,-0.0187823,0.25199495,-9.7809775,0.85562786,2.3784328,3.324373,4.1328634,0,-0.174,0.592,95.192
01:27.5,16.4,1.11,15.42909262,75.01589584,708.746,0.21355864,66.483274,19.134,23.856,0.75,-0.1895981,-0.006394861,0.9235535,0.0383567,0.2094961,-9.847765,0.87201702,2.3584356,3.589527,4.1417028,0,-0.168,0.584,96.294
01:27.5,16.3,1.11,15.42909269,75.01589583,708.742,0.21921663,61.283993,19.118,23.837,0.765,-0.1558052,-0.043648991,0.97752225,0.03582686,0.2452532,-9.786916,0.88840618,2.3384384,3.854681,4.1505422,0,-0.162,0.576,97.396
01:27.5,16.2,1.11,15.42909276,75.01589582,708.738,0.22487462,56.084712,19.102,23.818,0.78,-0.1220123,-0.08090312,1.031491,0.03329702,0.2810103,-9.726067,0.90479534,2.3184412,4.119835,4.1593816,0,-0.156,0.568,98.498
01:27.5,16.1,1.11,15.42909283,75.01589581,708.734,0.23053261,50.885431,19.086,23.799,0.795,-0.13116445,-0.07427491,1.134304,-0.09813729,0.2376672,-9.7572525,0.9211845,2.298444,4.384989,4.168221,0,-0.15,0.56,99.6
01:27.5,16,1.11,15.4290929,75.0158958,708.73,0.2361906,45.68615,19.07,23.78,0.81,-0.1403166,-0.0676467,1.237117,-0.2295716,0.1943241,-9.788438,0.84432494,2.3611954,4.285711,4.2816072,0,-0.17,0.558,101.136
01:27.6,16,1.11,15.42909299,75.01589579,708.727,0.24500147,47.579555,19.053,23.756,0.815,-0.13402135,-0.00721737,1.3022355,-0.1941364,0.19618165,-9.8766885,0.76746538,2.4239468,4.186433,4.3949934,0,-0.19,0.556,102.672
01:27.6,16,1.11,15.42909308,75.01589578,708.724,0.25381234,49.47296,19.036,23.732,0.82,-0.1277261,0.05321196,1.367354,-0.1587012,0.1980392,-9.964939,0.69060582,2.4866982,4.087155,4.5083796,0,-0.21,0.554,104.208
01:27.6,16,1.11,15.42909317,75.01589577,708.721,0.26262321,51.366365,19.019,23.708,0.825,-0.098926195,0.04286261,1.463297,-0.120011395,0.2010786,-9.92265,0.61374626,2.5494496,3.987877,4.6217658,0,-0.23,0.552,105.744
01:27.6,16,1.11,15.42909326,75.01589576,708.718,0.27143408,53.25977,19.002,23.684,0.83,-0.07012629,0.03251326,1.55924,-0.08132159,0.204118,-9.880361,0.5368867,2.612201,3.888599,4.735152,0,-0.25,0.55,107.28
01:27.6,16,1.11,15.42909335,75.01589575,708.715,0.28024495,55.153175,18.985,23.66,0.835,-0.011413725,0.000924615,1.557301,-0.039280826,0.25273205,-9.8798165,0.59905254,2.8022588,4.1208842,4.8399158,0,-0.26,0.574,109.176
01:27.7,16,1.11,15.42909344,75.01589574,708.712,0.28905582,57.04658,18.968,23.636,0.84,0.04729884,-0.03066403,1.555362,0.002759938,0.3013461,-9.879272,0.66121838,2.9923166,4.3531694,4.9446796,0,-0.27,0.598,111.072
01:27.7,16,1.11,15.42909353,75.01589573,708.709,0.29786669,58.939985,18.951,23.612,0.845,0.08167047,-0.105307815,1.5869835,-0.138185931,0.161070395,-9.741401,0.72338422,3.1823744,4.5854546,5.0494434,0,-0.28,0.622,112.968
01:27.7,16,1.11,15.42909362,75.01589572,708.706,0.30667756,60.83339,18.934,23.588,0.85,0.1160421,-0.1799516,1.618605,-0.2791318,0.02079469,-9.60353,0.78555006,3.3724322,4.8177398,5.1542072,0,-0.29,0.646,114.864
01:27.7,16,1.11,15.42909371,75.01589571,708.703,0.31548843,62.726795,18.917,23.564,0.855,0.050497535,-0.11219551,1.667453,-0.2534535,-0.007888925,-9.6120065,0.8477159,3.56249,5.050025,5.258971,0,-0.3,0.67,116.76
01:27.7,16,1.11,15.4290938,75.0158957,708.7,0.3242993,64.6202,18.9,23.54,0.86,-0.01504703,-0.04443942,1.716301,-0.2277752,-0.03657254,-9.620483,0.89518792,3.5401114,4.7647404,5.3605944,0,-0.234,0.584,118.68
01:27.8,16,1.094,15.42909387,75.01589571,708.696,0.31866284,64.616443,18.883,23.516,0.856,-0.058584015,-0.01050346,1.6756865,-0.126587875,0.00544138,-9.5302635,0.94265994,3.5177328,4.4794558,5.4622178,0,-0.168,0.498,120.6
01:27.8,16,1.078,15.42909394,75.01589572,708.692,0.31302638,64.612686,18.866,23.492,0.852,-0.102121,0.0234325,1.635072,-0.02540055,0.0474553,-9.440044,0.99013196,3.4953542,4.1941712,5.5638412,0,-0.102,0.412,122.52
01:27.8,16,1.062,15.42909401,75.01589573,708.688,0.30738992,64.608929,18.849,23.468,0.848,0.05652845,-0.11676875,1.6652555,-0.01776905,0.2399743,-9.338237,1.03760398,3.4729756,3.9088866,5.6654646,0,-0.036,0.326,124.44
01:27.8,16,1.046,15.42909408,75.01589574,708.684,0.30175346,64.605172,18.832,23.444,0.844,0.2151779,-0.25697,1.695439,-0.01013755,0.4324933,-9.23643,1.085076,3.450597,3.623602,5.767088,0,0.03,0.24,126.36
01:27.8,16,1.03,15.42909415,75.01589575,708.68,0.296117,64.601415,18.815,23.42,0.84,0.0762402,-0.5102877,1.579791,-0.068766775,0.238198515,-9.4976835,1.03703882,3.5284772,3.507736,5.8789584,0,0.07,0.21,127.92
01:27.9,16,1.014,15.42909422,75.01589576,708.676,0.29048054,64.597658,18.798,23.396,0.836,-0.0626975,-0.7636054,1.464143,-0.127396,0.04390373,-9.758937,0.98900164,3.6063574,3.39187,5.9908288,0,0.11,0.18,129.48
01:27.9,16,0.998,15.42909429,75.01589577,708.672,0.28484408,64.593901,18.781,23.372,0.832,-0.1035695,-0.41192628,1.3232795,-0.25888525,-0.264095735,-10.5067785,0.94096446,3.6842376,3.276004,6.1026992,0,0.15,0.15,131.04
01:27.9,16,0.982,15.42909436,75.01589578,708.668,0.27920762,64.590144,18.764,23.348,0.828,-0.1444415,-0.06024716,1.182416,-0.3903745,-0.5720952,-11.25462,0.89292728,3.7621178,3.160138,6.2145696,0,0.19,0.12,132.6
01:27.9,16,0.966,15.42909443,75.01589579,708.664,0.27357116,64.586387,18.747,23.324,0.824,0.0456228,0.12907947,1.2296125,-0.31101555,-0.17518475,-10.4380775,0.8448901,3.839998,3.044272,6.32644,0,0.23,0.09,134.16
01:27.9,16,0.95,15.4290945,75.0158958,708.66,0.2679347,64.58263,18.73,23.3,0.82,0.2356871,0.3184061,1.276809,-0.2316566,0.2217257,-9.621535,0.82793578,3.7808208,2.9603356,6.1607058,0,0.236,0.102,135.532
01:28.0,16,0.95,15.42909457,75.01589583,708.66,0.28051445,61.66291,18.715,23.277,0.841,0.080408075,0.23917055,1.227004,-0.09883148,0.20270775,-9.5572135,0.81098146,3.7216436,2.8763992,5.9949716,0,0.242,0.114,136.904
01:28.0,16,0.95,15.42909464,75.01589586,708.66,0.2930942,58.74319,18.7,23.254,0.862,-0.07487095,0.159935,1.177199,0.03399364,0.1836898,-9.492892,0.79402714,3.6624664,2.7924628,5.8292374,0,0.248,0.126,138.276
01:28.0,16,0.95,15.42909471,75.01589589,708.66,0.30567395,55.82347,18.685,23.231,0.883,0.032409275,-0.08199735,1.1679735,-0.0074674,0.16669575,-9.391618,0.77707282,3.6032892,2.7085264,5.6635032,0,0.254,0.138,139.648
01:28.0,16,0.95,15.42909478,75.01589592,708.66,0.3182537,52.90375,18.67,23.208,0.904,0.1396895,-0.3239297,1.158748,-0.04892844,0.1497017,-9.290344,0.7601185,3.544112,2.62459,5.497769,0,0.26,0.15,141.02
01:28.0,16,0.95,15.42909485,75.01589595,708.66,0.33083345,49.98403,18.655,23.185,0.925,0.14428075,-0.2358273,1.125725,-0.048899395,0.053356105,-9.716047,0.75446708,3.5126694,2.5607296,5.4555384,0,0.284,0.164,142.182
01:28.1,16,0.95,15.42909492,75.01589598,708.66,0.3434132,47.06431,18.64,23.162,0.946,0.148872,-0.1477249,1.092702,-0.04887035,-0.04298949,-10.14175,0.74881566,3.4812268,2.4968692,5.4133078,0,0.308,0.178,143.344
01:28.1,16,0.95,15.42909499,75.01589601,708.66,0.35599295,44.14459,18.625,23.139,0.967,0.0105516,0.0177965,0.99966795,-0.167183325,-0.237503695,-10.33869,0.74316424,3.4497842,2.4330088,5.3710772,0,0.332,0.192,144.506
01:28.1,16,0.95,15.42909506,75.01589604,708.66,0.3685727,41.22487,18.61,23.116,0.988,-0.1277688,0.1833179,0.9066339,-0.2854963,-0.4320179,-10.53563,0.73751282,3.4183416,2.3691484,5.3288466,0,0.356,0.206,145.668
01:28.1,16,0.95,15.42909513,75.01589607,708.66,0.38115245,38.30515,18.595,23.093,1.009,-0.09682815,0.08638575,0.92113975,-0.0326277,-0.16608799,-9.797027,0.7318614,3.386899,2.305288,5.286616,0,0.38,0.22,146.83
01:28.1,16,0.95,15.4290952,75.0158961,708.66,0.3937322,35.38543,18.58,23.07,1.03,-0.0658875,-0.0105464,0.9356456,0.2202409,0.09984192,-9.058424,0.6906059,3.6047148,2.3398288,5.6364548,0,0.392,0.19,147.9
01:28.2,16,0.95,15.42909524,75.01589608,708.655,0.37883448,44.027577,18.562,23.043,0.992,-0.1530646,-0.08112045,0.95341805,0.065333585,0.020663265,-9.322228,0.6493504,3.8225306,2.3743696,5.9862936,0,0.404,0.16,148.97
01:28.2,16,0.95,15.42909528,75.01589606,708.65,0.36393676,52.669724,18.544,23.016,0.954,-0.2402417,-0.1516945,0.9711905,-0.08957373,-0.05851539,-9.586032,0.6080949,4.0403464,2.4089104,6.3361324,0,0.416,0.13,150.04
01:28.2,16,0.95,15.42909532,75.01589604,708.645,0.34903904,61.311871,18.526,22.989,0.916,-0.10980586,-0.2274752,0.9575801,0.013401385,-0.085171995,-9.77725,0.5668394,4.2581622,2.4434512,6.6859712,0,0.428,0.1,151.11
01:28.2,16,0.95,15.42909536,75.01589602,708.64,0.33414132,69.954018,18.508,22.962,0.878,0.02062998,-0.3032559,0.9439697,0.1163765,-0.1118286,-9.968468,0.5255839,4.475978,2.477992,7.03581,0,0.44,0.07,152.18
01:28.2,16,0.95,15.4290954,75.015896,708.635,0.3192436,78.596165,18.49,22.935,0.84,-0.07683941,0.00809465,0.94880555,0.018938395,-0.1653559,-10.118409,0.49393582,4.5329722,2.476366,7.049394,0,0.38,0.044,153.284
01:28.3,16,0.95,15.42909544,75.01589598,708.63,0.30434588,87.238312,18.472,22.908,0.802,-0.1743088,0.3194452,0.9536414,-0.07849971,-0.2188832,-10.26835,0.46228774,4.5899664,2.47474,7.062978,0,0.32,0.018,154.388
01:28.3,16,0.95,15.42909548,75.01589596,708.625,0.28944816,95.880459,18.454,22.881,0.764,-0.04785922,0.20144622,1.0076272,0.068213495,-0.07915867,-10.0839115,0.43063966,4.6469606,2.473114,7.076562,0,0.26,-0.008,155.492
01:28.3,16,0.95,15.42909552,75.01589594,708.62,0.27455044,104.522606,18.436,22.854,0.726,0.07859036,0.08344724,1.061613,0.2149267,0.06056586,-9.899473,0.39899158,4.7039548,2.471488,7.090146,0,0.2,-0.034,156.596
01:28.3,16,0.95,15.42909556,75.01589592,708.615,0.25965272,113.164753,18.418,22.827,0.688,-0.05750642,-0.09907363,1.0184936,0.129051625,-0.04495932,-9.7746535,0.3673435,4.760949,2.469862,7.10373,0,0.14,-0.06,157.7
01:28.3,16,0.95,15.4290956,75.0158959,708.61,0.244755,121.8069,18.4,22.8,0.65,-0.1936032,-0.2815945,0.9753742,0.04317655,-0.1504845,-9.649834,0.37977668,5.0656094,2.5663528,7.3043516,0,0.192,-0.138,158.776
01:28.4,16,0.95,15.42909565,75.01589591,708.605,0.2502675,116.637693,18.384,22.777,0.663,0.0803471,-0.28391855,0.9026247,-0.047527675,-0.071754609,-9.5047895,0.39220986,5.3702698,2.6628436,7.5049732,0,0.244,-0.216,159.852
01:28.4,16,0.95,15.4290957,75.01589592,708.6,0.25578,111.468486,18.368,22.754,0.676,0.3542974,-0.2862426,0.8298752,-0.1382319,0.006975283,-9.359745,0.40464304,5.6749302,2.7593344,7.7055948,0,0.296,-0.294,160.928
01:28.4,16,0.95,15.42909575,75.01589593,708.595,0.2612925,106.299279,18.352,22.731,0.689,0.19351046,-0.01617545,0.8895787,-0.2112596,-0.142847859,-9.7184625,0.41707622,5.9795906,2.8558252,7.9062164,0,0.348,-0.372,162.004
01:28.4,16,0.95,15.4290958,75.01589594,708.59,0.266805,101.130072,18.336,22.708,0.702,0.03272352,0.2538917,0.9492822,-0.2842873,-0.292671,-10.07718,0.4295094,6.284251,2.952316,8.106838,0,0.4,-0.45,163.08
01:28.4,16,0.95,15.42909585,75.01589595,708.585,0.2723175,95.960865,18.32,22.685,0.715,-0.11567399,0.27520055,0.9392167,-0.142183847,-0.30172265,-10.025636,0.51484612,6.232406,2.7592622,8.2968302,0,0.308,-0.428,164.078
01:28.5,16,0.95,15.4290959,75.01589596,708.58,0.27783,90.791658,18.304,22.662,0.728,-0.2640715,0.2965094,0.9291512,-8.04E-05,-0.3107743,-9.974092,0.60018284,6.180561,2.5662084,8.4868224,0,0.216,-0.406,165.076
01:28.5,16,0.95,15.42909595,75.01589597,708.575,0.2833425,85.622451,18.288,22.639,0.741,-0.17353624,0.02567905,0.86799335,0.032319998,-0.156670895,-9.9419295,0.68551956,6.128716,2.3731546,8.6768146,0,0.124,-0.384,166.074
01:28.5,16,0.95,15.429096,75.01589598,708.57,0.288855,80.453244,18.272,22.616,0.754,-0.08300098,-0.2451513,0.8068355,0.06472039,-0.00256749,-9.909767,0.77085628,6.076871,2.1801008,8.8668068,0,0.032,-0.362,167.072
01:28.5,16,0.95,15.42909605,75.01589599,708.565,0.2943675,75.284037,18.256,22.593,0.767,0.12042026,-0.21657455,0.77720815,0.067525875,0.039661615,-9.939869,0.856193,6.025026,1.987047,9.056799,0,-0.06,-0.34,168.07
01:28.5,16,0.95,15.4290961,75.015896,708.56,0.29988,70.11483,18.24,22.57,0.78,0.3238415,-0.1879978,0.7475808,0.07033136,0.08189072,-9.969971,0.9104468,6.0385446,1.9086072,9.0606812,0,-0.154,-0.362,168.984
01:28.6,16.1,0.95,15.42909615,75.01589599,708.555,0.29327255,70.717553,18.225,22.549,0.773,0.13230684,0.0235988,0.76577545,-0.06764602,-0.12334914,-9.9798795,0.9647006,6.0520632,1.8301674,9.0645634,0,-0.248,-0.384,169.898
01:28.6,16.2,0.95,15.4290962,75.01589598,708.55,0.2866651,71.320276,18.21,22.528,0.766,-0.05922782,0.2351954,0.7839701,-0.2056234,-0.328589,-9.989788,1.0189544,6.0655818,1.7517276,9.0684456,0,-0.342,-0.406,170.812
01:28.6,16.3,0.95,15.42909625,75.01589597,708.545,0.28005765,71.922999,18.195,22.507,0.759,-0.07643915,0.20366465,0.8096418,-0.04239225,-0.178031545,-9.718306,1.0732082,6.0791004,1.6732878,9.0723278,0,-0.436,-0.428,171.726
01:28.6,16.4,0.95,15.4290963,75.01589596,708.54,0.2734502,72.525722,18.18,22.486,0.752,-0.09365048,0.1721339,0.8353135,0.1208389,-0.02747409,-9.446824,1.127462,6.092619,1.594848,9.07621,0,-0.53,-0.45,172.64
01:28.6,16.5,0.95,15.42909635,75.01589595,708.535,0.26684275,73.128445,18.165,22.465,0.745,-0.043524354,-0.03618555,0.77852775,0.085808475,0.007145655,-9.500626,1.04664644,6.0825748,1.6045118,9.0182402,0,-0.466,-0.45,173.494
01:28.7,16.6,0.95,15.4290964,75.01589594,708.53,0.2602353,73.731168,18.15,22.444,0.738,0.006601771,-0.244505,0.721742,0.05077805,0.0417654,-9.554428,0.96583088,6.0725306,1.6141756,8.9602704,0,-0.402,-0.45,174.348
01:28.7,16.7,0.95,15.42909645,75.01589593,708.525,0.25362785,74.333891,18.135,22.423,0.731,0.022595811,-0.2315865,0.72040145,-0.00529312,-0.20940275,-9.653049,0.88501532,6.0624864,1.6238394,8.9023006,0,-0.338,-0.45,175.202
01:28.7,16.8,0.95,15.4290965,75.01589592,708.52,0.2470204,74.936614,18.12,22.402,0.724,0.03858985,-0.218668,0.7190609,-0.06136429,-0.4605709,-9.75167,0.80419976,6.0524422,1.6335032,8.8443308,0,-0.274,-0.45,176.056
01:28.7,16.9,0.95,15.42909655,75.01589591,708.515,0.24041295,75.539337,18.105,22.381,0.717,0.072583025,0.00100135,0.7506686,-0.032798175,-0.258089735,-9.759237,0.7233842,6.042398,1.643167,8.786361,0,-0.21,-0.45,176.91
01:28.7,17,0.95,15.4290966,75.0158959,708.51,0.2338055,76.14206,18.09,22.36,0.71,0.1065762,0.2206707,0.7822763,-0.004232059,-0.05560857,-9.766804,0.71547218,6.0371686,1.7677836,8.83233,0,-0.194,-0.456,177.724
01:28.8,17,0.95,15.42909662,75.01589594,708.511,0.23858059,79.938564,18.076,22.34,0.7,-0.06074945,0.19673895,0.7931858,-0.08091783,-0.06775566,-9.946677,0.70756016,6.0319392,1.8924002,8.878299,0,-0.178,-0.462,178.538
01:28.8,17,0.95,15.42909664,75.01589598,708.512,0.24335568,83.735068,18.062,22.32,0.69,-0.2280751,0.1728072,0.8040953,-0.1576036,-0.07990275,-10.12655,0.69964814,6.0267098,2.0170168,8.924268,0,-0.162,-0.468,179.352
01:28.8,17,0.95,15.42909666,75.01589602,708.513,0.24813077,87.531572,18.048,22.3,0.68,-0.068515225,0.012016,0.76259185,-0.1329629,-0.02031889,-9.9209625,0.69173612,6.0214804,2.1416334,8.970237,0,-0.146,-0.474,180.166
01:28.8,17,0.95,15.42909668,75.01589606,708.514,0.25290586,91.328076,18.034,22.28,0.67,0.09104465,-0.1487752,0.7210884,-0.1083222,0.03926497,-9.715375,0.6838241,6.016251,2.26625,9.016206,0,-0.13,-0.48,180.98
01:28.8,17,0.95,15.4290967,75.0158961,708.515,0.25768095,95.12458,18.02,22.26,0.66,0.126529825,-0.25712205,0.70952545,0.01362955,-0.02687457,-9.838024,0.72677504,6.0489914,2.2570706,9.0034012,0,-0.072,-0.562,181.854
01:28.9,17,0.95,15.42909672,75.01589614,708.516,0.26245604,98.921084,18.006,22.24,0.65,0.162015,-0.3654689,0.6979625,0.1355813,-0.09301411,-9.960673,0.76972598,6.0817318,2.2478912,8.9905964,0,-0.014,-0.644,182.728
01:28.9,17,0.95,15.42909674,75.01589618,708.517,0.26723113,102.717588,17.992,22.22,0.64,0.14355865,-0.06286865,0.7236971,0.022807385,-0.146735505,-9.906372,0.81267692,6.1144722,2.2387118,8.9777916,0,0.044,-0.726,183.602
01:28.9,17,0.95,15.42909676,75.01589622,708.518,0.27200622,106.514092,17.978,22.2,0.63,0.1251023,0.2397316,0.7494317,-0.08996653,-0.2004569,-9.852071,0.85562786,6.1472126,2.2295324,8.9649868,0,0.102,-0.808,184.476
01:28.9,17,0.95,15.42909678,75.01589626,708.519,0.27678131,110.310596,17.964,22.18,0.62,-0.00815125,0.28971235,0.79873455,-0.0823307,-0.20925215,-9.8255365,0.8985788,6.179953,2.220353,8.952182,0,0.16,-0.89,185.35
01:28.9,17,0.95,15.4290968,75.0158963,708.52,0.2815564,114.1071,17.95,22.16,0.61,-0.1414048,0.3396931,0.8480374,-0.07469487,-0.2180474,-9.799002,0.8895365,6.3975578,2.3939394,8.8481108,0,0.082,-0.954,186.224
01:29.0,17,0.966,15.42909682,75.01589634,708.518,0.28703006,113.37284,17.934,22.14,0.611,-0.21248435,0.0047602,0.78128285,-0.013514425,-0.25028405,-9.5708125,0.8804942,6.6151626,2.5675258,8.7440396,0,0.004,-1.018,187.098
01:29.0,17,0.982,15.42909684,75.01589638,708.516,0.29250372,112.63858,17.918,22.12,0.612,-0.2835639,-0.3301727,0.7145283,0.04766602,-0.2825207,-9.342623,0.8714519,6.8327674,2.7411122,8.6399684,0,-0.074,-1.082,187.972
01:29.0,17,0.998,15.42909686,75.01589642,708.514,0.29797738,111.90432,17.902,22.1,0.613,-0.092442965,-0.3899954,0.7016626,-0.06525344,-0.09981059,-9.6019575,0.8624096,7.0503722,2.9146986,8.5358972,0,-0.152,-1.146,188.846
01:29.0,17,1.014,15.42909688,75.01589646,708.512,0.30345104,111.17006,17.886,22.08,0.614,0.09867797,-0.4498181,0.6887969,-0.1781729,0.08289952,-9.861292,0.8533673,7.267977,3.088285,8.431826,0,-0.23,-1.21,189.72
01:29.0,17,1.03,15.4290969,75.0158965,708.51,0.3089247,110.4358,17.87,22.06,0.615,0.127484685,-0.17956858,0.70619765,-0.16519415,0.031306545,-9.847016,0.88331984,7.1556734,3.0760986,8.2842204,0,-0.164,-1.336,190.584
01:29.1,17,1.046,15.42909692,75.01589654,708.508,0.31439836,109.70154,17.854,22.04,0.616,0.1562914,0.09068094,0.7235984,-0.1522154,-0.02028643,-9.83274,0.91327238,7.0433698,3.0639122,8.1366148,0,-0.098,-1.462,191.448
01:29.1,17,1.062,15.42909694,75.01589658,708.506,0.31987202,108.96728,17.838,22.02,0.617,0.09152147,0.10359157,0.7847068,-0.103409085,-0.0397108,-9.7519595,0.94322492,6.9310662,3.0517258,7.9890092,0,-0.032,-1.588,192.312
01:29.1,17,1.078,15.42909696,75.01589662,708.504,0.32534568,108.23302,17.822,22,0.618,0.02675154,0.1165022,0.8458152,-0.05460277,-0.05913517,-9.671179,0.97317746,6.8187626,3.0395394,7.8414036,0,0.034,-1.714,193.176
01:29.1,17,1.094,15.42909698,75.01589666,708.502,0.33081934,107.49876,17.806,21.98,0.619,-0.006359365,-0.0560102,0.7891525,-0.219154685,-0.060126535,-9.502907,1.00313,6.706459,3.027353,7.693798,0,0.1,-1.84,194.04
01:29.1,17,1.11,15.429097,75.0158967,708.5,0.336293,106.7645,17.79,21.96,0.62,-0.03947027,-0.2285226,0.7324898,-0.3837066,-0.0611179,-9.334635,0.92457508,6.3010656,3.1277674,7.6869738,0,0.238,-1.614,194.868
01:29.2,17,1.11,15.42909703,75.01589673,708.498,0.32985727,107.40514,17.775,21.945,0.622,0.015405585,0.0589315,0.69997625,-0.4863429,-0.0244398,-9.1175455,0.84602016,5.8956722,3.2281818,7.6801496,0,0.376,-1.388,195.696
01:29.2,17,1.11,15.42909706,75.01589676,708.496,0.32342154,108.04578,17.76,21.93,0.624,0.07028144,0.3463856,0.6674627,-0.5889792,0.0122383,-8.900456,0.76746524,5.4902788,3.3285962,7.6733254,0,0.514,-1.162,196.524
01:29.2,17,1.11,15.42909709,75.01589679,708.494,0.31698581,108.68642,17.745,21.915,0.626,0.39409787,-0.3772112,0.64122965,0.0849545,0.4753458,-9.581373,0.68891032,5.0848854,3.4290106,7.6665012,0,0.652,-0.936,197.352
01:29.2,17,1.11,15.42909712,75.01589682,708.492,0.31055008,109.32706,17.73,21.9,0.628,0.7179143,-1.100808,0.6149966,0.7588882,0.9384533,-10.26229,0.6103554,4.679492,3.529425,7.659677,0,0.79,-0.71,198.18
01:29.2,17,1.11,15.42909715,75.01589685,708.49,0.30411435,109.9677,17.715,21.885,0.63,0.41484005,-0.7022325,0.63691055,0.395150215,0.92764135,-11.14865,0.52445354,4.3642064,3.4106452,7.3346548,0,0.75,-0.658,198.846
01:29.3,17,1.11,15.42909718,75.01589688,708.488,0.29767862,110.60834,17.7,21.87,0.632,0.1117658,-0.303657,0.6588245,0.03141223,0.9168294,-12.03501,0.43855168,4.0489208,3.2918654,7.0096326,0,0.71,-0.606,199.512
01:29.3,17,1.11,15.42909721,75.01589691,708.486,0.29124289,111.24898,17.685,21.855,0.634,-0.04936105,-0.02504205,0.59973385,-0.348764985,0.48742667,-10.782108,0.35264982,3.7336352,3.1730856,6.6846104,0,0.67,-0.554,200.178
01:29.3,17,1.11,15.42909724,75.01589694,708.484,0.28480716,111.88962,17.67,21.84,0.636,-0.2104879,0.2535729,0.5406432,-0.7289422,0.05802394,-9.529206,0.26674796,3.4183496,3.0543058,6.3595882,0,0.63,-0.502,200.844
01:29.3,17,1.11,15.42909727,75.01589697,708.482,0.27837143,112.53026,17.655,21.825,0.638,-0.06174914,0.21944785,0.4934706,-0.26856375,0.57922447,-9.874388,0.1808461,3.103064,2.935526,6.034566,0,0.59,-0.45,201.51
01:29.3,17,1.11,15.4290973,75.015897,708.48,0.2719357,113.1709,17.64,21.81,0.64,0.08698962,0.1853228,0.446298,0.1918147,1.100425,-10.21957,0.16502206,2.955056,2.8066788,5.7584738,0,0.618,-0.494,201.922
01:29.4,17,1.11,15.42909731,75.01589703,708.484,0.257704,114.44355,17.63,21.799,0.642,0.060106085,0.045643255,0.38577575,0.39641555,0.95645575,-9.83583,0.14919802,2.807048,2.6778316,5.4823816,0,0.646,-0.538,202.334
01:29.4,17,1.11,15.42909732,75.01589706,708.488,0.2434723,115.7162,17.62,21.788,0.644,0.03322255,-0.09403629,0.3252535,0.6010164,0.8124865,-9.45209,0.13337398,2.65904,2.5489844,5.2062894,0,0.674,-0.582,202.746
01:29.4,17,1.11,15.42909733,75.01589709,708.492,0.2292406,116.98885,17.61,21.777,0.646,0.03544238,-0.065950735,0.2614144,0.5031426,0.5167294,-9.787865,0.11754994,2.511032,2.4201372,4.9301972,0,0.702,-0.626,203.158
01:29.4,17,1.11,15.42909734,75.01589712,708.496,0.2150089,118.2615,17.6,21.766,0.648,0.03766221,-0.03786518,0.1975753,0.4052688,0.2209723,-10.12364,0.1017259,2.363024,2.29129,4.654105,0,0.73,-0.67,203.57
01:29.4,17,1.11,15.42909735,75.01589715,708.5,0.2007772,119.53415,17.59,21.755,0.65,-0.02752347,-0.021004117,0.141232295,0.3273871,0.3446596,-10.005879,0.1299831,2.2757972,2.2598304,4.4897972,0,0.708,-0.65,203.65
01:29.5,17,1.11,15.42909736,75.01589718,708.504,0.1865455,120.8068,17.58,21.744,0.652,-0.09270915,-0.004143054,0.08488929,0.2495054,0.4683469,-9.888118,0.1582403,2.1885704,2.2283708,4.3254894,0,0.686,-0.63,203.73
01:29.5,17,1.11,15.42909737,75.01589721,708.508,0.1723138,122.07945,17.57,21.733,0.654,-0.047206354,0.013191463,0.042726502,0.3045246,0.4302671,-9.854402,0.1864975,2.1013436,2.1969112,4.1611816,0,0.664,-0.61,203.81
01:29.5,17,1.11,15.42909738,75.01589724,708.512,0.1580821,123.3521,17.56,21.722,0.656,-0.001703558,0.03052598,0.000563714,0.3595438,0.3921873,-9.820686,0.2147547,2.0141168,2.1654516,3.9968738,0,0.642,-0.59,203.89
01:29.5,17,1.11,15.42909739,75.01589727,708.516,0.1438504,124.62475,17.55,21.711,0.658,0.033818896,-0.012841575,0.012796497,0.29696515,0.33031155,-9.8106635,0.2430119,1.92689,2.133992,3.832566,0,0.62,-0.57,203.97
01:29.5,17,1.11,15.4290974,75.0158973,708.52,0.1296187,125.8974,17.54,21.7,0.66,0.06934135,-0.05620913,0.02502928,0.2343865,0.2684358,-9.800641,0.22605758,1.88133,2.1907046,3.7923058,0,0.622,-0.57,203.972
01:29.6,17,1.11,15.42909741,75.01589733,708.524,0.13596952,125.32263,17.528,21.689,0.659,0.102557325,-0.088090815,0.04130156,0.00408265,0.09536356,-9.7871255,0.20910326,1.83577,2.2474172,3.7520456,0,0.624,-0.57,203.974
01:29.6,17,1.11,15.42909742,75.01589736,708.528,0.14232034,124.74786,17.516,21.678,0.658,0.1357733,-0.1199725,0.05757384,-0.2262212,-0.07770868,-9.77361,0.19214894,1.79021,2.3041298,3.7117854,0,0.626,-0.57,203.976
01:29.6,17,1.11,15.42909743,75.01589739,708.532,0.14867116,124.17309,17.504,21.667,0.657,0.067452106,-0.05142604,0.0393639,-0.21834555,-0.09064024,-9.8044695,0.17519462,1.74465,2.3608424,3.6715252,0,0.628,-0.57,203.978
01:29.6,17,1.11,15.42909744,75.01589742,708.536,0.15502198,123.59832,17.492,21.656,0.656,-0.000869088,0.01712042,0.02115396,-0.2104699,-0.1035718,-9.835329,0.1582403,1.69909,2.417555,3.631265,0,0.63,-0.57,203.98
01:29.6,17,1.11,15.42909745,75.01589745,708.54,0.1613728,123.02355,17.48,21.645,0.655,-0.045979619,0.07848436,0.004793255,-0.12078177,-0.04338272,-9.8268855,0.17689004,1.995226,2.5604932,3.8020626,0,0.608,-0.544,203.99
01:29.7,17,1.11,15.42909746,75.01589748,708.544,0.16772362,122.44878,17.468,21.634,0.654,-0.09109015,0.1398483,-0.01156745,-0.03109364,0.01680636,-9.818442,0.19553978,2.291362,2.7034314,3.9728602,0,0.586,-0.518,204
01:29.7,17,1.11,15.42909747,75.01589751,708.548,0.17407444,121.87401,17.456,21.623,0.653,-0.067595375,0.07528062,-3.20E-05,-0.08142267,-0.05846807,-9.8375105,0.21418952,2.587498,2.8463696,4.1436578,0,0.564,-0.492,204.01
01:29.7,17,1.11,15.42909748,75.01589754,708.552,0.18042526,121.29924,17.444,21.612,0.652,-0.0441006,0.01071294,0.01150351,-0.1317517,-0.1337425,-9.856579,0.23283926,2.883634,2.9893078,4.3144554,0,0.542,-0.466,204.02
01:29.7,17,1.11,15.42909749,75.01589757,708.556,0.18677608,120.72447,17.432,21.601,0.651,-0.007702695,-0.10498068,0.01918143,-0.1355871,-0.047240725,-9.7576355,0.251489,3.17977,3.132246,4.485253,0,0.52,-0.44,204.03
01:29.7,17,1.11,15.4290975,75.0158976,708.56,0.1931269,120.1497,17.42,21.59,0.65,0.02869521,-0.2206743,0.02685935,-0.1394225,0.03926105,-9.658692,0.28765822,3.427782,3.1497136,4.5721466,0,0.506,-0.426,204.098
01:29.8,17,1.11,15.42909752,75.01589763,708.56,0.20362377,118.47309,17.41,21.579,0.652,0.089921005,-0.12244401,0.03864012,-0.1457992,0.011328605,-9.803723,0.32382744,3.675794,3.1671812,4.6590402,0,0.492,-0.412,204.166
01:29.8,17,1.11,15.42909754,75.01589766,708.56,0.21412064,116.79648,17.4,21.568,0.654,0.1511468,-0.02421372,0.05042089,-0.1521759,-0.01660384,-9.948754,0.35999666,3.923806,3.1846488,4.7459338,0,0.478,-0.398,204.234
01:29.8,17,1.11,15.42909756,75.01589769,708.56,0.22461751,115.11987,17.39,21.557,0.656,0.06867115,0.11989734,0.087264145,-0.12512257,-0.04465622,-9.9205835,0.39616588,4.171818,3.2021164,4.8328274,0,0.464,-0.384,204.302
01:29.8,17,1.11,15.42909758,75.01589772,708.56,0.23511438,113.44326,17.38,21.546,0.658,-0.0138045,0.2640084,0.1241074,-0.09806924,-0.0727086,-9.892413,0.4323351,4.41983,3.219584,4.919721,0,0.45,-0.37,204.37
01:29.8,17,1.11,15.4290976,75.01589775,708.56,0.24561125,111.76665,17.37,21.535,0.66,-0.07032885,0.09951939,0.14551635,-0.072346595,0.04705235,-9.8595165,0.45720142,4.313538,3.1071484,5.0076486,0,0.426,-0.372,204.578
01:29.9,17,1.11,15.42909762,75.01589778,708.56,0.25610812,110.09004,17.36,21.524,0.662,-0.1268532,-0.06496962,0.1669253,-0.04662395,0.1668133,-9.82662,0.48206774,4.207246,2.9947128,5.0955762,0,0.402,-0.374,204.786
01:29.9,17,1.11,15.42909764,75.01589781,708.56,0.26660499,108.41343,17.35,21.513,0.664,-0.01275125,-0.13343131,0.192165,-0.121771225,0.1677808,-9.8545255,0.50693406,4.100954,2.8822772,5.1835038,0,0.378,-0.376,204.994
01:29.9,17,1.11,15.42909766,75.01589784,708.56,0.27710186,106.73682,17.34,21.502,0.666,0.1013507,-0.201893,0.2174047,-0.1969185,0.1687483,-9.882431,0.53180038,3.994662,2.7698416,5.2714314,0,0.354,-0.378,205.202
01:29.9,17,1.11,15.42909768,75.01589787,708.56,0.28759873,105.06021,17.33,21.491,0.668,0.06386285,-0.01796565,0.2911537,-0.2265138,0.140485,-9.9418455,0.5566667,3.88837,2.657406,5.359359,0,0.33,-0.38,205.41
01:29.9,17,1.11,15.4290977,75.0158979,708.56,0.2980956,103.3836,17.32,21.48,0.67,0.026375,0.1659617,0.3649027,-0.2561091,0.1122217,-10.00126,0.57927248,3.7964578,2.7844612,5.268459,0,0.324,-0.372,205.888
01:30.0,17,1.094,15.42909771,75.0158979,708.558,0.28599395,112.55089,17.308,21.469,0.683,0.041104355,0.1729258,0.4218778,-0.2024434,0.098442575,-9.851126,0.60187826,3.7045456,2.9115164,5.177559,0,0.318,-0.364,206.366
01:30.0,17,1.078,15.42909772,75.0158979,708.556,0.2738923,121.71818,17.296,21.458,0.696,0.05583371,0.1798899,0.4788529,-0.1487777,0.08466345,-9.700992,0.62448404,3.6126334,3.0385716,5.086659,0,0.312,-0.356,206.844
01:30.0,17,1.062,15.42909773,75.0158979,708.554,0.26179065,130.88547,17.284,21.447,0.709,0.054813565,0.13603563,0.508713,-0.15924445,0.0223443,-9.938536,0.64708982,3.5207212,3.1656268,4.995759,0,0.306,-0.348,207.322
01:30.0,17,1.046,15.42909774,75.0158979,708.552,0.249689,140.05276,17.272,21.436,0.722,0.05379342,0.09218136,0.5385731,-0.1697112,-0.03997485,-10.17608,0.6696956,3.428809,3.292682,4.904859,0,0.3,-0.34,207.8
01:30.0,17,1.03,15.42909775,75.0158979,708.55,0.23758735,149.22005,17.26,21.425,0.735,0.059037155,-0.08580342,0.611905,-0.1861789,0.02558661,-9.9313835,0.82511008,3.4784694,3.4583522,4.923017,0,0.264,-0.332,208.712
01:30.1,17,1.014,15.42909776,75.0158979,708.548,0.2254857,158.38734,17.248,21.414,0.748,0.06428089,-0.2637882,0.6852369,-0.2026466,0.09114807,-9.686687,0.98052456,3.5281298,3.6240224,4.941175,0,0.228,-0.324,209.624
01:30.1,17,0.998,15.42909777,75.0158979,708.546,0.21338405,167.55463,17.236,21.403,0.761,0.06482268,-0.103119375,0.80849435,-0.16535745,0.143299085,-9.7078925,1.13593904,3.5777902,3.7896926,4.959333,0,0.192,-0.316,210.536
01:30.1,17,0.982,15.42909778,75.0158979,708.544,0.2012824,176.72192,17.224,21.392,0.774,0.06536447,0.05754945,0.9317518,-0.1280683,0.1954501,-9.729098,1.29135352,3.6274506,3.9553628,4.977491,0,0.156,-0.308,211.448
01:30.1,17,0.966,15.42909779,75.0158979,708.542,0.18918075,185.88921,17.212,21.381,0.787,0.028552055,0.203974875,1.0130109,-0.18280415,0.10465021,-9.887214,1.446768,3.677111,4.121033,4.995649,0,0.12,-0.3,212.36
01:30.1,17,0.95,15.4290978,75.0158979,708.54,0.1770791,195.0565,17.2,21.37,0.8,-0.00826036,0.3504003,1.09427,-0.23754,0.01385032,-10.04533,1.4371606,3.880819,4.1686216,5.416554,0,0.02,-0.3,213.692
01:30.2,17,0.966,15.42909784,75.01589788,708.537,0.18792885,182.986625,17.188,21.358,0.796,-0.08165203,0.1129632,1.147334,-0.13302069,-0.027066235,-10.04371,1.4275532,4.084527,4.2162102,5.837459,0,-0.08,-0.3,215.024
01:30.2,17,0.982,15.42909788,75.01589786,708.534,0.1987786,170.91675,17.176,21.346,0.792,-0.1550437,-0.1244739,1.200398,-0.02850138,-0.06798279,-10.04209,1.4179458,4.288235,4.2637988,6.258364,0,-0.18,-0.3,216.356
01:30.2,17,0.998,15.42909792,75.01589784,708.531,0.20962835,158.846875,17.164,21.334,0.788,-0.12885275,-0.25268655,1.2599245,-0.14838589,-0.009951455,-10.21047,1.4083384,4.491943,4.3113874,6.679269,0,-0.28,-0.3,217.688
01:30.2,17,1.014,15.42909796,75.01589782,708.528,0.2204781,146.777,17.152,21.322,0.784,-0.1026618,-0.3808992,1.319451,-0.2682704,0.04807988,-10.37885,1.398731,4.695651,4.358976,7.100174,0,-0.38,-0.3,219.02
01:30.2,17,1.03,15.429098,75.0158978,708.525,0.23132785,134.707125,17.14,21.31,0.78,0.07634205,-0.168034425,1.343681,-0.1949487,0.20266559,-10.771805,1.3795162,4.9356042,4.2714516,7.2930294,0,-0.41,-0.202,220.606
01:30.3,17,1.046,15.42909804,75.01589778,708.522,0.2421776,122.63725,17.128,21.298,0.776,0.2553459,0.04483035,1.367911,-0.121627,0.3572513,-11.16476,1.3603014,5.1755574,4.1839272,7.4858848,0,-0.44,-0.104,222.192
01:30.3,17,1.062,15.42909808,75.01589776,708.519,0.25302735,110.567375,17.116,21.286,0.772,0.10015949,0.285484025,1.444143,-0.15284535,0.08712235,-11.04048,1.3410866,5.4155106,4.0964028,7.6787402,0,-0.47,-0.006,223.778
01:30.3,17,1.078,15.42909812,75.01589774,708.516,0.2638771,98.4975,17.104,21.274,0.768,-0.05502692,0.5261377,1.520375,-0.1840637,-0.1830066,-10.9162,1.3218718,5.6554638,4.0088784,7.8715956,0,-0.5,0.092,225.364
01:30.3,17,1.094,15.42909816,75.01589772,708.513,0.27472685,86.427625,17.092,21.262,0.764,-0.16198741,0.257143325,1.491211,-0.0174668,-0.2202614,-10.595345,1.302657,5.895417,3.921354,8.064451,0,-0.53,0.19,226.95
01:30.3,17,1.11,15.4290982,75.0158977,708.51,0.2855766,74.35775,17.08,21.25,0.76,-0.2689479,-0.01185105,1.462047,0.1491301,-0.2575162,-10.27449,1.2998312,6.2056384,3.9454036,8.1038638,0,-0.522,0.198,228.614
01:30.4,17,1.11,15.42909824,75.01589774,708.52,0.2694869,79.010465,17.069,21.24,0.752,-0.143576525,-0.192907375,1.416218,-0.05665475,-0.1882008,-10.322865,1.2970054,6.5158598,3.9694532,8.1432766,0,-0.514,0.206,230.278
01:30.4,17,1.11,15.42909828,75.01589778,708.53,0.2533972,83.66318,17.058,21.23,0.744,-0.01820515,-0.3739637,1.370389,-0.2624396,-0.1188854,-10.37124,1.2941796,6.8260812,3.9935028,8.1826894,0,-0.506,0.214,231.942
01:30.4,17,1.11,15.42909832,75.01589782,708.54,0.2373075,88.315895,17.047,21.22,0.736,0.043010925,-0.2085487,1.405701,-0.353316,-0.1468232,-10.50122,1.2913538,7.1363026,4.0175524,8.2221022,0,-0.498,0.222,233.606
01:30.4,17,1.11,15.42909836,75.01589786,708.55,0.2212178,92.96861,17.036,21.21,0.728,0.104227,-0.0431337,1.441013,-0.4441924,-0.174761,-10.6312,1.288528,7.446524,4.041602,8.261515,0,-0.49,0.23,235.27
01:30.4,17,1.11,15.4290984,75.0158979,708.56,0.2051281,97.621325,17.025,21.2,0.72,0.1464173,0.3473413,1.4441085,-0.39904815,-0.16903775,-10.60083,1.13706946,7.416397,3.7768476,8.630134,0,-0.492,0.53,236.822
01:30.5,17,1.11,15.42909844,75.01589794,708.57,0.1890384,102.27404,17.014,21.19,0.712,0.1886076,0.7378163,1.447204,-0.3539039,-0.1633145,-10.57046,0.98561092,7.38627,3.5120932,8.998753,0,-0.494,0.83,238.374
01:30.5,17,1.11,15.42909848,75.01589798,708.58,0.1729487,106.926755,17.003,21.18,0.704,-0.01103665,0.5406603,1.42623,-0.148199585,-0.3118594,-10.44315,0.83415238,7.356143,3.2473388,9.367372,0,-0.496,1.13,239.926
01:30.5,17,1.11,15.42909852,75.01589802,708.59,0.156859,111.57947,16.992,21.17,0.696,-0.2106809,0.3435043,1.405256,0.05750473,-0.4604043,-10.31584,0.68269384,7.326016,2.9825844,9.735991,0,-0.498,1.43,241.478
01:30.5,17,1.11,15.42909856,75.01589806,708.6,0.1407693,116.232185,16.981,21.16,0.688,-0.1643626,0.05034215,1.268481,-0.063426785,-0.41622295,-10.221615,0.5312353,7.295889,2.71783,10.10461,0,-0.5,1.73,243.03
01:30.5,17,1.11,15.4290986,75.0158981,708.61,0.1246796,120.8849,16.97,21.15,0.68,-0.1180443,-0.24282,1.131706,-0.1843583,-0.3720416,-10.12739,0.61035544,7.1003202,2.6229438,9.8986338,0,-0.54,1.984,244.28
01:30.6,17,1.11,15.42909863,75.01589813,708.624,0.12511939,115.51735,16.956,21.138,0.684,-0.029444605,-0.00860915,1.0769465,-0.13583643,-0.2968771,-10.229365,0.68947558,6.9047514,2.5280576,9.6926576,0,-0.58,2.238,245.53
01:30.6,17,1.11,15.42909866,75.01589816,708.638,0.12555918,110.1498,16.942,21.126,0.688,0.05915509,0.2256017,1.022187,-0.08731456,-0.2217126,-10.33134,0.76859572,6.7091826,2.4331714,9.4866814,0,-0.62,2.492,246.78
01:30.6,17,1.11,15.42909869,75.01589819,708.652,0.12599897,104.78225,16.928,21.114,0.692,-0.040506055,0.3143725,1.0193795,-0.11513008,-0.2749042,-9.7950055,0.84771586,6.5136138,2.3382852,9.2807052,0,-0.66,2.746,248.03
01:30.6,17,1.11,15.42909872,75.01589822,708.666,0.12643876,99.4147,16.914,21.102,0.696,-0.1401672,0.4031433,1.016572,-0.1429456,-0.3280958,-9.258671,0.926836,6.318045,2.243399,9.074729,0,-0.7,3,249.28
01:30.6,17,1.11,15.42909875,75.01589825,708.68,0.12687855,94.04715,16.9,21.09,0.7,-0.084620185,0.1327482,0.9190679,-0.037854275,-0.2833548,-8.5564805,0.86806104,5.827821,2.1166304,8.4439624,0,-0.604,3.108,250.14
01:30.7,17,1.11,15.42909878,75.01589828,708.694,0.12731834,88.6796,16.886,21.078,0.704,-0.02907317,-0.1376469,0.8215638,0.06723705,-0.2386138,-7.85429,0.80928608,5.337597,1.9898618,7.8131958,0,-0.508,3.216,251
01:30.7,17,1.11,15.42909881,75.01589831,708.708,0.12775813,83.31205,16.872,21.066,0.708,0.081909215,-0.01071575,0.7512638,-0.036878275,-0.1772193,-7.4690875,0.75051112,4.847373,1.8630932,7.1824292,0,-0.412,3.324,251.86
01:30.7,17,1.11,15.42909884,75.01589834,708.722,0.12819792,77.9445,16.858,21.054,0.712,0.1928916,0.1162154,0.6809638,-0.1409936,-0.1158248,-7.083885,0.69173616,4.357149,1.7363246,6.5516626,0,-0.316,3.432,252.72
01:30.7,17,1.11,15.42909887,75.01589837,708.736,0.12863771,72.57695,16.844,21.042,0.716,0.1593834,0.046155835,0.6436515,-0.10226394,-0.1188044,-6.661818,0.6329612,3.866925,1.609556,5.920896,0,-0.22,3.54,253.58
01:30.7,17,1.11,15.4290989,75.0158984,708.75,0.1290775,67.2094,16.83,21.03,0.72,0.1258752,-0.02390373,0.6063392,-0.06353428,-0.121784,-6.239751,0.57136052,3.5719154,1.5744754,5.5403512,0,-0.1,3.48,254.22
01:30.8,16.9,1.09,15.42909892,75.01589846,708.753,0.19455253,72.39676,16.815,21.017,0.733,0.05565432,-0.069071015,0.5867569,-0.079986205,-0.16996665,-5.862594,0.50975984,3.2769058,1.5393948,5.1598064,0,0.02,3.42,254.86
01:30.8,16.8,1.07,15.42909894,75.01589852,708.756,0.26002756,77.58412,16.8,21.004,0.746,-0.01456656,-0.1142383,0.5671746,-0.09643813,-0.2181493,-5.485437,0.44815916,2.9818962,1.5043142,4.7792616,0,0.14,3.36,255.5
01:30.8,16.7,1.05,15.42909896,75.01589858,708.759,0.32550259,82.77148,16.785,20.991,0.759,0.02276478,-0.1234361,0.53464595,-0.099798315,-0.1850939,-5.196914,0.38655848,2.6868866,1.4692336,4.3987168,0,0.26,3.3,256.14
01:30.8,16.6,1.03,15.42909898,75.01589864,708.762,0.39097762,87.95884,16.77,20.978,0.772,0.06009612,-0.1326339,0.5021173,-0.1031585,-0.1520385,-4.908391,0.3249578,2.391877,1.434153,4.018172,0,0.38,3.24,256.78
01:30.8,16.5,1.01,15.429099,75.0158987,708.765,0.45645265,93.1462,16.755,20.965,0.785,0.04039174,-0.1457285,0.4953957,-0.071043965,-0.106881025,-4.7282065,0.3469984,2.7033822,1.9232026,4.0585644,0,0.504,3.082,257.306
01:30.9,16.4,0.99,15.42909902,75.01589876,708.768,0.52192768,98.33356,16.74,20.952,0.798,0.02068736,-0.1588231,0.4886741,-0.03892943,-0.06172355,-4.548022,0.369039,3.0148874,2.4122522,4.0989568,0,0.628,2.924,257.832
01:30.9,16.3,0.97,15.42909904,75.01589882,708.771,0.58740271,103.52092,16.725,20.939,0.811,0.10757988,-0.13898585,0.4573871,-0.01445587,0.073750175,-4.486721,0.3910796,3.3263926,2.9013018,4.1393492,0,0.752,2.766,258.358
01:30.9,16.2,0.95,15.42909906,75.01589888,708.774,0.65287774,108.70828,16.71,20.926,0.824,0.1944724,-0.1191486,0.4261001,0.01001769,0.2092239,-4.42542,0.4131202,3.6378978,3.3903514,4.1797416,0,0.876,2.608,258.884
01:30.9,16.1,0.93,15.42909908,75.01589894,708.777,0.71835277,113.89564,16.695,20.913,0.837,1.2105622,-0.38187975,-0.00762495,2.371516845,0.4914383,-11.95388,0.4351608,3.949403,3.879401,4.220134,0,1,2.45,259.41
01:30.9,16,0.91,15.4290991,75.015899,708.78,0.7838278,119.083,16.68,20.9,0.85,2.226652,-0.6446109,-0.44135,4.733016,0.7736527,-19.48234,0.38599328,5.8668304,6.1160088,10.4905892,0.8,0.912,1.86,259.414
01:31.0,16,0.91,15.42909907,75.01589908,708.779,0.73588513,119.08382,16.671,20.891,0.839,1.6835245,0.69486105,-0.14881975,2.344607275,0.41553497,-20.76777,0.33682576,7.7842578,8.3526166,16.7610444,1.6,0.824,1.27,259.418
01:31.0,16,0.91,15.42909904,75.01589916,708.778,0.68794246,119.08464,16.662,20.882,0.828,1.140397,2.034333,0.1437105,-0.04380145,0.05741724,-22.0532,0.28765824,9.7016852,10.5892244,23.0314996,2.4,0.736,0.68,259.422
01:31.0,16,0.91,15.42909901,75.01589924,708.777,0.63999979,119.08546,16.653,20.873,0.817,0.3918118,1.14411025,0.10876431,-0.206372375,-0.04698108,-12.277922,0.23849072,11.6191126,12.8258322,29.3019548,3.2,0.648,0.09,259.426
01:31.0,16,0.91,15.42909898,75.01589932,708.776,0.59205712,119.08628,16.644,20.864,0.806,-0.3567734,0.2538875,0.07381812,-0.3689433,-0.1513794,-2.502644,0.1893232,13.53654,15.06244,35.57241,4,0.56,-0.5,259.43
01:31.0,16,0.91,15.42909895,75.0158994,708.775,0.54411445,119.0871,16.635,20.855,0.795,-0.4407479,0.04943505,-0.06557499,0.29497525,-0.39448235,-3.469368,0.24301188,12.735169,14.068302,32.668844,4.8,0.47,-0.538,259.074
01:31.1,16,0.91,15.42909892,75.01589948,708.774,0.49617178,119.08792,16.626,20.846,0.784,-0.5247224,-0.1550174,-0.2049681,0.9588938,-0.6375853,-4.436092,0.29670056,11.933798,13.074164,29.765278,5.6,0.38,-0.576,258.718
01:31.1,16,0.91,15.42909889,75.01589956,708.773,0.44822911,119.08874,16.617,20.837,0.773,-0.34645425,-0.2174488,-0.51549455,1.0379624,-0.17120445,-11.044761,0.35038924,11.132427,12.080026,26.861712,6.4,0.29,-0.614,258.362
01:31.1,16,0.91,15.42909886,75.01589964,708.772,0.40028644,119.08956,16.608,20.828,0.762,-0.1681861,-0.2798802,-0.826021,1.117031,0.2951764,-17.65343,0.40407792,10.331056,11.085888,23.958146,7.2,0.2,-0.652,258.006
01:31.1,16,0.91,15.42909883,75.01589972,708.771,0.35234377,119.09038,16.599,20.819,0.751,0.0588363,-0.0393601,-0.6675469,0.84360695,0.37421525,-12.280632,0.4577666,9.529685,10.09175,21.05458,8,0.11,-0.69,257.65
01:31.1,16,0.91,15.4290988,75.0158998,708.77,0.3044011,119.0912,16.59,20.81,0.74,0.2858587,0.20116,-0.5090728,0.5701829,0.4532541,-6.907834,0.39164476,8.6159888,9.193495,19.376914,7.2,0.154,-0.724,257.378
01:31.2,16,0.91,15.42909883,75.01589982,708.772,0.30274032,110.070137,16.587,20.806,0.748,0.12480379,0.096923958,-0.37766555,0.49590995,0.77195355,-9.284677,0.32552292,7.7022926,8.29524,17.699248,6.4,0.198,-0.758,257.106
01:31.2,16,0.91,15.42909886,75.01589984,708.774,0.30107954,101.049074,16.584,20.802,0.756,-0.03625112,-0.007312084,-0.2462583,0.421637,1.090653,-11.66152,0.25940108,6.7885964,7.396985,16.021582,5.6,0.242,-0.792,256.834
01:31.2,16,0.91,15.42909889,75.01589986,708.776,0.29941876,92.028011,16.581,20.798,0.764,0.06105914,0.057743008,-0.114542205,0.35018555,0.7956944,-10.3282745,0.19327924,5.8749002,6.49873,14.343916,4.8,0.286,-0.826,256.562
01:31.2,16,0.91,15.42909892,75.01589988,708.778,0.29775798,83.006948,16.578,20.794,0.772,0.1583694,0.1227981,0.01717389,0.2787341,0.5007358,-8.995029,0.1271574,4.961204,5.600475,12.66625,4,0.33,-0.86,256.29
01:31.2,16,0.91,15.42909895,75.0158999,708.78,0.2960972,73.985885,16.575,20.79,0.78,0.07392695,0.03609108,0.02291585,0.3509135,0.51302555,-9.3314595,0.109637934,4.5729578,5.2242392,11.674914,4,0.332,-0.872,256.284
01:31.3,16,0.91,15.42909898,75.01589992,708.782,0.29443642,64.964822,16.572,20.786,0.788,-0.0105155,-0.05061594,0.02865781,0.4230929,0.5253153,-9.66789,0.092118468,4.1847116,4.8480034,10.683578,4,0.334,-0.884,256.278
01:31.3,16,0.91,15.42909901,75.01589994,708.784,0.29277564,55.943759,16.569,20.782,0.796,-0.001355821,-0.031500635,0.02058817,0.1022825,0.24790245,-9.770512,0.074599002,3.7964654,4.4717676,9.692242,4,0.336,-0.896,256.272
01:31.3,16,0.91,15.42909904,75.01589996,708.786,0.29111486,46.922696,16.566,20.778,0.804,0.007803858,-0.01238533,0.01251853,-0.2185279,-0.0295104,-9.873134,0.057079536,3.4082192,4.0955318,8.700906,4,0.338,-0.908,256.266
01:31.3,16,0.91,15.42909907,75.01589998,708.788,0.28945408,37.901633,16.563,20.774,0.812,-0.062934621,0.057150635,0.01212163,-0.2509189,-0.0999947,-9.8909,0.03956007,3.019973,3.719296,7.70957,4,0.34,-0.92,256.26
01:31.3,16,0.91,15.4290991,75.0159,708.79,0.2877933,28.88057,16.56,20.77,0.82,-0.1336731,0.1266866,0.01172473,-0.2833099,-0.170479,-9.908666,0.080815576,2.835983,3.502109,7.1439634,4,0.336,-0.924,256.256
01:31.4,16,0.91,15.4290991,75.01590005,708.807,0.28150953,40.708283,16.554,20.764,0.819,-0.10384145,0.058155155,-0.024190975,-0.20586125,-0.12154557,-9.8885995,0.122071082,2.651993,3.284922,6.5783568,4,0.332,-0.928,256.252
01:31.4,16,0.91,15.4290991,75.0159001,708.824,0.27522576,52.535996,16.548,20.758,0.818,-0.0740098,-0.01037629,-0.06010668,-0.1284126,-0.07261214,-9.868533,0.163326588,2.468003,3.067735,6.0127502,4,0.328,-0.932,256.248
01:31.4,16,0.91,15.4290991,75.01590015,708.841,0.26894199,64.363709,16.542,20.752,0.817,-0.0454497,-0.030056105,-0.038797015,-0.1085921,-0.0475359,-9.826831,0.204582094,2.284013,2.850548,5.4471436,4,0.324,-0.936,256.244
01:31.4,16,0.91,15.4290991,75.0159002,708.858,0.26265822,76.191422,16.536,20.746,0.816,-0.0168896,-0.04973592,-0.01748735,-0.0887716,-0.02245966,-9.785129,0.2458376,2.100023,2.633361,4.881537,4,0.32,-0.94,256.24
01:31.4,16,0.91,15.4290991,75.01590025,708.875,0.25637445,88.019135,16.53,20.74,0.815,-0.006052342,0.01404762,-0.016107885,-0.12276815,-0.019945745,-9.8351185,0.29274454,2.0057052,2.5178628,4.5554012,4,0.32,-0.94,256.236
01:31.5,16,0.91,15.4290991,75.0159003,708.892,0.25009068,99.846848,16.524,20.734,0.814,0.004784917,0.07783116,-0.01472842,-0.1567647,-0.01743183,-9.885108,0.33965148,1.9113874,2.4023646,4.2292654,4,0.32,-0.94,256.232
01:31.5,16,0.91,15.4290991,75.01590035,708.909,0.24380691,111.674561,16.518,20.728,0.813,0.000212165,0.027138245,-0.00012871,-0.17340095,-0.034496735,-9.8315885,0.38655842,1.8170696,2.2868664,3.9031296,4,0.32,-0.94,256.228
01:31.5,16,0.91,15.4290991,75.0159004,708.926,0.23752314,123.502274,16.512,20.722,0.812,-0.004360587,-0.02355467,0.014471,-0.1900372,-0.05156164,-9.778069,0.43346536,1.7227518,2.1713682,3.5769938,4,0.32,-0.94,256.224
01:31.5,16,0.91,15.4290991,75.01590045,708.943,0.23123937,135.329987,16.506,20.716,0.811,-0.010149624,-0.004851765,0.02699055,-0.1328516,0.002675655,-9.7750115,0.4803723,1.628434,2.05587,3.250858,4,0.32,-0.94,256.22
01:31.5,16,0.91,15.4290991,75.0159005,708.96,0.2249556,147.1577,16.5,20.71,0.81,-0.01593866,0.01385114,0.0395101,-0.075666,0.05691295,-9.771954,0.46341798,1.588337,2.0710084,3.1410068,4,0.326,-0.942,256.22
01:31.6,16.1,0.91,15.42909906,75.01590052,708.969,0.23576845,149.54377,16.495,20.704,0.822,0.016933155,-0.01248654,0.020687736,-0.06494775,0.078741875,-9.775059,0.44646366,1.54824,2.0861468,3.0311556,4,0.332,-0.944,256.22
01:31.6,16.2,0.91,15.42909902,75.01590054,708.978,0.2465813,151.92984,16.49,20.698,0.834,0.04980497,-0.03882422,0.001865371,-0.0542295,0.1005708,-9.778164,0.42950934,1.508143,2.1012852,2.9213044,4,0.338,-0.946,256.22
01:31.6,16.3,0.91,15.42909898,75.01590056,708.987,0.25739415,154.31591,16.485,20.692,0.846,0.03237025,-0.033272435,0.011850811,-0.07856295,0.050426492,-9.774468,0.41255502,1.468046,2.1164236,2.8114532,4,0.344,-0.948,256.22
01:31.6,16.4,0.91,15.42909894,75.01590058,708.996,0.268207,156.70198,16.48,20.686,0.858,0.01493553,-0.02772065,0.02183625,-0.1028964,0.000282185,-9.770772,0.3956007,1.427949,2.131562,2.701602,4,0.35,-0.95,256.22
01:31.6,16.5,0.91,15.4290989,75.0159006,709.005,0.27901985,159.08805,16.475,20.68,0.87,0.043564705,-0.02255898,0.012588221,-0.11928645,0.000658071,-9.7636275,0.35999664,1.4723152,2.2833736,2.6164394,4.8,0.346,-0.946,256.216
01:31.7,16.6,0.91,15.42909886,75.01590062,709.014,0.2898327,161.47412,16.47,20.674,0.882,0.07219388,-0.01739731,0.003340192,-0.1356765,0.001033957,-9.756483,0.32439258,1.5166814,2.4351852,2.5312768,5.6,0.342,-0.942,256.212
01:31.7,16.7,0.91,15.42909882,75.01590064,709.023,0.30064555,163.86019,16.465,20.668,0.894,0.05775651,-0.036602525,0.011217766,-0.1488543,-0.024424912,-9.7470785,0.28878852,1.5610476,2.5869968,2.4461142,6.4,0.338,-0.938,256.208
01:31.7,16.8,0.91,15.42909878,75.01590066,709.032,0.3114584,166.24626,16.46,20.662,0.906,0.04331914,-0.05580774,0.01909534,-0.1620321,-0.04988378,-9.737674,0.25318446,1.6054138,2.7388084,2.3609516,7.2,0.334,-0.934,256.204
01:31.7,16.9,0.91,15.42909874,75.01590068,709.041,0.32227125,168.63233,16.455,20.656,0.918,0.029730775,-0.00779476,0.042574605,-0.04612828,0.06633991,-9.7373575,0.2175804,1.64978,2.89062,2.275789,8,0.33,-0.93,256.2
01:31.7,17,0.91,15.4290987,75.0159007,709.05,0.3330841,171.0184,16.45,20.65,0.93,0.01614241,0.04021822,0.06605387,0.06977554,0.1825636,-9.737041,0.20684266,1.6628988,2.9222476,2.3260928,8,0.334,-0.936,256.198
01:31.8,17,0.91,15.42909866,75.01590068,709.051,0.33529273,172.09404,16.446,20.646,0.932,0.00162454,0.03029573,0.034029868,-0.09358728,0.0235277,-9.792288,0.19610492,1.6760176,2.9538752,2.3763966,8,0.338,-0.942,256.196
01:31.8,17,0.91,15.42909862,75.01590066,709.052,0.33750136,173.16968,16.442,20.642,0.934,-0.01289333,0.02037324,0.002005865,-0.2569501,-0.1355082,-9.847535,0.18536718,1.6891364,2.9855028,2.4267004,8,0.342,-0.948,256.194
01:31.8,17,0.91,15.42909858,75.01590064,709.053,0.33970999,174.24532,16.438,20.638,0.936,-0.022208285,0.004832705,0.001185485,-0.14324776,-0.051359275,-9.826203,0.17462944,1.7022552,3.0171304,2.4770042,8,0.346,-0.954,256.192
01:31.8,17,0.91,15.42909854,75.01590062,709.054,0.34191862,175.32096,16.434,20.634,0.938,-0.03152324,-0.01070783,0.000365105,-0.02954542,0.03278965,-9.804871,0.1638917,1.715374,3.048758,2.527308,8,0.35,-0.96,256.19
01:31.8,17,0.91,15.4290985,75.0159006,709.055,0.34412725,176.3966,16.43,20.63,0.94,-0.022099525,0.005073095,-0.009685228,-0.10754076,-0.014186365,-9.8257815,0.17858544,1.6694326,2.9327654,2.6421134,7.2,0.352,-0.958,256.188
01:31.9,17,0.91,15.42909846,75.01590058,709.056,0.34633588,177.47224,16.426,20.626,0.942,-0.01267581,0.02085402,-0.01973556,-0.1855361,-0.06116238,-9.846692,0.19327918,1.6234912,2.8167728,2.7569188,6.4,0.354,-0.956,256.186
01:31.9,17,0.91,15.42909842,75.01590056,709.057,0.34854451,178.54788,16.422,20.622,0.944,0.011323235,0.000845415,8.96E-05,-0.092967452,0.02814961,-9.7799735,0.20797292,1.5775498,2.7007802,2.8717242,5.6,0.356,-0.954,256.184
01:31.9,17,0.91,15.42909838,75.01590054,709.058,0.35075314,179.62352,16.418,20.618,0.946,0.03532228,-0.01916319,0.01991471,-0.000398804,0.1174616,-9.713255,0.22266666,1.5316084,2.5847876,2.9865296,4.8,0.358,-0.952,256.182
01:31.9,17,0.91,15.42909834,75.01590052,709.059,0.35296177,180.69916,16.414,20.614,0.948,-0.009625495,0.017356925,0.02107001,-0.018893497,0.09117337,-9.734046,0.2373604,1.485667,2.468795,3.101335,4,0.36,-0.95,256.18
01:31.9,17,0.91,15.4290983,75.0159005,709.06,0.3551704,181.7748,16.41,20.61,0.95,-0.05457327,0.05387704,0.02222531,-0.03738819,0.06488514,-9.754837,0.22718782,1.5174932,2.4242588,3.147978,4,0.358,-0.95,256.18
01:32.0,17,0.91,15.42909828,75.01590049,709.066,0.33164878,184.48886,16.406,20.605,0.938,0.00924701,-0.019995165,0.01074069,-0.05618302,0.052659495,-9.7358545,0.21701524,1.5493194,2.3797226,3.194621,4,0.356,-0.95,256.18
01:32.0,17,0.91,15.42909826,75.01590048,709.072,0.30812716,187.20292,16.402,20.6,0.926,0.07306729,-0.09386737,-0.00074393,-0.07497785,0.04043385,-9.716872,0.20684266,1.5811456,2.3351864,3.241264,4,0.354,-0.95,256.18
01:32.0,17,0.91,15.42909824,75.01590047,709.078,0.28460554,189.91698,16.398,20.595,0.914,0.002326735,-0.009205865,0.03162207,-0.122591125,0.00937625,-9.7731565,0.19667008,1.6129718,2.2906502,3.287907,4,0.352,-0.95,256.18
01:32.0,17,0.91,15.42909822,75.01590046,709.084,0.26108392,192.63104,16.394,20.59,0.902,-0.06841382,0.07545564,0.06398807,-0.1702044,-0.02168135,-9.829441,0.1864975,1.644798,2.246114,3.33455,4,0.35,-0.95,256.18
01:32.0,17,0.91,15.4290982,75.01590045,709.09,0.2375623,195.3451,16.39,20.585,0.89,-0.045943325,0.050187015,0.00281267,-0.1704487,-0.045532195,-9.847669,0.21758042,1.6656598,2.2622812,3.3586766,4,0.352,-0.95,256.178
01:32.1,17,0.91,15.42909818,75.01590044,709.096,0.21404068,198.05916,16.386,20.58,0.878,-0.02347283,0.02491839,-0.05836273,-0.170693,-0.06938304,-9.865897,0.24866334,1.6865216,2.2784484,3.3828032,4,0.354,-0.95,256.176
01:32.1,17,0.91,15.42909816,75.01590043,709.102,0.19051906,200.77322,16.382,20.575,0.866,-0.05624924,0.02598981,-0.0399169,-0.1386715,-0.06259567,-9.8526395,0.27974626,1.7073834,2.2946156,3.4069298,4,0.356,-0.95,256.174
01:32.1,17,0.91,15.42909814,75.01590042,709.108,0.16699744,203.48728,16.378,20.57,0.854,-0.08902565,0.02706123,-0.02147107,-0.10665,-0.0558083,-9.839382,0.31082918,1.7282452,2.3107828,3.4310564,4,0.358,-0.95,256.172
01:32.1,17,0.91,15.42909812,75.01590041,709.114,0.14347582,206.20134,16.374,20.565,0.842,-0.106945825,0.071830865,-0.02584449,-0.1485744,-0.062078845,-9.875492,0.3419121,1.749107,2.32695,3.455183,4,0.36,-0.95,256.17
01:32.1,17,0.91,15.4290981,75.0159004,709.12,0.1199542,208.9154,16.37,20.56,0.83,-0.124866,0.1166005,-0.03021791,-0.1904988,-0.06834939,-9.911602,0.3096989,1.8195498,2.3839516,3.6158026,4,0.35,-0.942,256.164
01:32.2,16.9,0.93,15.42909809,75.01590039,709.126,0.12780242,205.1251,16.364,20.555,0.831,-0.11046138,0.08033767,-0.017852176,-0.1783308,-0.081493495,-9.8502665,0.2774857,1.8899926,2.4409532,3.7764222,4,0.34,-0.934,256.158
01:32.2,16.8,0.95,15.42909808,75.01590038,709.132,0.13565064,201.3348,16.358,20.55,0.832,-0.09605676,0.04407484,-0.005486441,-0.1661628,-0.0946376,-9.788931,0.2452725,1.9604354,2.4979548,3.9370418,4,0.33,-0.926,256.152
01:32.2,16.7,0.97,15.42909807,75.01590037,709.138,0.14349886,197.5445,16.352,20.545,0.833,-0.14096528,0.10276247,0.003505015,-0.151798,-0.059336795,-9.8289135,0.2130593,2.0308782,2.5549564,4.0976614,4,0.32,-0.918,256.146
01:32.2,16.6,0.99,15.42909806,75.01590036,709.144,0.15134708,193.7542,16.346,20.54,0.834,-0.1858738,0.1614501,0.01249647,-0.1374332,-0.02403599,-9.868896,0.1808461,2.101321,2.611958,4.258281,4,0.31,-0.91,256.14
01:32.2,16.5,1.01,15.42909805,75.01590035,709.15,0.1591953,189.9639,16.34,20.535,0.835,-0.119227435,0.070375485,-0.02346342,-0.109076045,-0.019465115,-9.830898,0.17010836,2.0661658,2.5338262,4.1525238,4,0.326,-0.92,256.134
01:32.3,16.4,1.03,15.42909804,75.01590034,709.156,0.16704352,186.1736,16.334,20.53,0.836,-0.05258107,-0.02069913,-0.05942331,-0.08071889,-0.01489424,-9.7929,0.15937062,2.0310106,2.4556944,4.0467666,4,0.342,-0.93,256.128
01:32.3,16.3,1.05,15.42909803,75.01590033,709.162,0.17489174,182.3833,16.328,20.525,0.837,-0.083534185,0.055821285,-0.04480118,-0.129569295,-0.041522925,-9.8385735,0.14863288,1.9958554,2.3775626,3.9410094,4,0.358,-0.94,256.122
01:32.3,16.2,1.07,15.42909802,75.01590032,709.168,0.18273996,178.593,16.322,20.52,0.838,-0.1144873,0.1323417,-0.03017905,-0.1784197,-0.06815161,-9.884247,0.13789514,1.9607002,2.2994308,3.8352522,4,0.374,-0.95,256.116
01:32.3,16.1,1.09,15.42909801,75.01590031,709.174,0.19058818,174.8027,16.316,20.515,0.839,-0.027629705,-0.0030911,-0.008921265,-0.1375663,-0.015601965,-9.8087395,0.1271574,1.925545,2.221299,3.729495,4,0.39,-0.96,256.11
01:32.3,16,1.11,15.429098,75.0159003,709.18,0.1984364,171.0124,16.31,20.51,0.84,0.05922789,-0.1385239,0.01233652,-0.0967129,0.03694768,-9.733232,0.113593942,1.8420382,2.2053236,3.4876244,4,0.392,-0.966,256.11
01:32.4,16,1.11,15.42909798,75.01590032,709.186,0.20954046,169.22154,16.306,20.505,0.844,0.103637645,-0.1284984,0.007882769,-0.1277206,0.029861755,-9.7457275,0.100030484,1.7585314,2.1893482,3.2457538,4,0.394,-0.972,256.11
01:32.4,16,1.11,15.42909796,75.01590034,709.192,0.22064452,167.43068,16.302,20.5,0.848,0.1480474,-0.1184729,0.003429018,-0.1587283,0.02277583,-9.758223,0.086467026,1.6750246,2.1733728,3.0038832,4,0.396,-0.978,256.11
01:32.4,16,1.11,15.42909794,75.01590036,709.198,0.23174858,165.63982,16.298,20.495,0.852,0.08480701,-0.05964223,0.005714359,-0.14021505,0.016923575,-9.7932145,0.072903568,1.5915178,2.1573974,2.7620126,4,0.398,-0.984,256.11
01:32.4,16,1.11,15.42909792,75.01590038,709.204,0.24285264,163.84896,16.294,20.49,0.856,0.02156662,-0.000811559,0.0079997,-0.1217018,0.01107132,-9.828206,0.05934011,1.508011,2.141422,2.520142,4,0.4,-0.99,256.11
01:32.4,16,1.11,15.4290979,75.0159004,709.21,0.2539567,162.0581,16.29,20.485,0.86,-0.01921504,0.024355315,0.004996286,-0.17631325,-0.01515821,-9.828742,0.03051777,1.5440112,2.1961578,2.3343526,4.8,0.406,-0.994,256.11
01:32.5,16,1.11,15.42909788,75.01590042,709.216,0.26506076,160.26724,16.286,20.48,0.864,-0.0599967,0.04952219,0.001992871,-0.2309247,-0.04138774,-9.829278,0.00169543,1.5800114,2.2508936,2.1485632,5.6,0.412,-0.998,256.11
01:32.5,16,1.11,15.42909786,75.01590044,709.222,0.27616482,158.47638,16.282,20.475,0.868,-0.028472111,-0.003944245,0.008997676,-0.1705036,-0.03861865,-9.827655,-0.02712691,1.6160116,2.3056294,1.9627738,6.4,0.418,-1.002,256.11
01:32.5,16,1.11,15.42909784,75.01590046,709.228,0.28726888,156.68552,16.278,20.47,0.872,0.003052479,-0.05741068,0.01600248,-0.1100825,-0.03584956,-9.826032,-0.05594925,1.6520118,2.3603652,1.7769844,7.2,0.424,-1.006,256.11
01:32.5,16,1.11,15.42909782,75.01590048,709.234,0.29837294,154.89466,16.274,20.465,0.876,-0.005538525,-0.01613538,-0.012635195,-0.1408949,-0.047563635,-9.823691,-0.08477159,1.688012,2.415101,1.591195,8,0.43,-1.01,256.11
01:32.5,16,1.11,15.4290978,75.0159005,709.24,0.309477,153.1038,16.27,20.46,0.88,-0.01412953,0.02513992,-0.04127287,-0.1717073,-0.05927771,-9.82135,-0.075729286,1.5535594,2.2277884,1.5774678,7.2,0.426,-1.006,256.106
01:32.6,16,1.11,15.42909775,75.01590051,709.25,0.31979914,156.12681,16.266,20.455,0.898,-0.001246635,0.00593708,0.00786482,-0.091777445,0.037566895,-9.788187,-0.066686982,1.4191068,2.0404758,1.5637406,6.4,0.422,-1.002,256.102
01:32.6,16,1.11,15.4290977,75.01590052,709.26,0.33012128,159.14982,16.262,20.45,0.916,0.01163626,-0.01326576,0.05700251,-0.01184759,0.1344115,-9.755024,-0.057644678,1.2846542,1.8531632,1.5500134,5.6,0.418,-0.998,256.098
01:32.6,16,1.11,15.42909765,75.01590053,709.27,0.34044342,162.17283,16.258,20.445,0.934,0.008203181,-0.001098115,0.027932425,-0.032406895,0.08014405,-9.779271,-0.048602374,1.1502016,1.6658506,1.5362862,4.8,0.414,-0.994,256.094
01:32.6,16,1.11,15.4290976,75.01590054,709.28,0.35076556,165.19584,16.254,20.44,0.952,0.004770102,0.01106953,-0.001137661,-0.0529662,0.0258766,-9.803518,-0.03956007,1.015749,1.478538,1.522559,4,0.41,-0.99,256.09
01:32.6,16,1.11,15.42909755,75.01590055,709.29,0.3610877,168.21885,16.25,20.435,0.97,-0.010687189,0.019443425,-0.004089513,-0.10384565,-0.00806125,-9.808621,-0.001695436,0.94248154,1.36751348,1.4181578,4,0.412,-0.994,256.088
01:32.7,16,1.11,15.4290975,75.01590056,709.3,0.37140984,171.24186,16.246,20.43,0.988,-0.02614448,0.02781732,-0.007041364,-0.1547251,-0.0419991,-9.813724,0.036169198,0.86921408,1.25648896,1.3137566,4,0.414,-0.998,256.086
01:32.7,16,1.11,15.42909745,75.01590057,709.31,0.38173198,174.26487,16.242,20.425,1.006,-0.01540018,0.009999754,0.009782483,-0.16033675,-0.036566015,-9.8135535,0.074033832,0.79594662,1.14546444,1.2093554,4,0.416,-1.002,256.084
01:32.7,16,1.11,15.4290974,75.01590058,709.32,0.39205412,177.28788,16.238,20.42,1.024,-0.00465588,-0.007817812,0.02660633,-0.1659484,-0.03113293,-9.813383,0.111898466,0.72267916,1.03443992,1.1049542,4,0.418,-1.006,256.082
01:32.7,16,1.11,15.42909735,75.01590059,709.33,0.40237626,180.31089,16.234,20.415,1.042,-0.001222383,-0.014146051,0.02025796,-0.16082005,-0.030504195,-9.8002625,0.1497631,0.6494117,0.9234154,1.000553,4,0.42,-1.01,256.08
01:32.7,16,1.11,15.4290973,75.0159006,709.34,0.4126984,183.3339,16.23,20.41,1.06,0.002211115,-0.02047429,0.01390959,-0.1556917,-0.02987546,-9.787142,0.108507602,0.62103768,0.89416168,0.94119194,4,0.42,-1.008,256.078
01:32.8,16,1.11,15.42909727,75.0159006,709.341,0.39005381,176.17494,16.225,20.405,1.03,0.008684703,-0.02083316,0.002942059,-0.1697392,-0.046763595,-9.805183,0.067252104,0.59266366,0.86490796,0.88183088,4,0.42,-1.006,256.076
01:32.8,16,1.11,15.42909724,75.0159006,709.342,0.36740922,169.01598,16.22,20.4,1,0.01515829,-0.02119203,-0.008025472,-0.1837867,-0.06365173,-9.823224,0.025996606,0.56428964,0.83565424,0.82246982,4,0.42,-1.004,256.074
01:32.8,16,1.11,15.42909721,75.0159006,709.343,0.34476463,161.85702,16.215,20.395,0.97,0.007316322,-0.00327383,-0.005182551,-0.1525602,-0.027420767,-9.8173085,-0.015258892,0.53591562,0.80640052,0.76310876,4,0.42,-1.002,256.072
01:32.8,16,1.11,15.42909718,75.0159006,709.344,0.32212004,154.69806,16.21,20.39,0.94,-0.000525646,0.01464437,-0.00233963,-0.1213337,0.008810196,-9.811393,-0.05651439,0.5075416,0.7771468,0.7037477,4,0.42,-1,256.07
01:32.8,16,1.11,15.42909715,75.0159006,709.345,0.29947545,147.5391,16.205,20.385,0.91,0.013615772,-0.00658834,-0.002394038,-0.1411327,-0.015120487,-9.7922645,-0.053123526,0.50454488,0.79110132,0.70549544,4,0.418,-1,256.066
01:32.9,16,1.11,15.42909712,75.0159006,709.346,0.27683086,140.38014,16.2,20.38,0.88,0.02775719,-0.02782105,-0.002448446,-0.1609317,-0.03905117,-9.773136,-0.049732662,0.50154816,0.80505584,0.70724318,4,0.416,-1,256.062
01:32.9,16,1.11,15.42909709,75.0159006,709.347,0.25418627,133.22118,16.195,20.375,0.85,0.023190345,-0.016517508,-0.002811652,-0.1668451,-0.04561009,-9.8021115,-0.046341798,0.49855144,0.81901036,0.70899092,4,0.414,-1,256.058
01:32.9,16,1.11,15.42909706,75.0159006,709.348,0.23154168,126.06222,16.19,20.37,0.82,0.0186235,-0.005213965,-0.003174858,-0.1727585,-0.05216901,-9.831087,-0.042950934,0.49555472,0.83296488,0.71073866,4,0.412,-1,256.054
01:32.9,16,1.11,15.42909703,75.0159006,709.349,0.20889709,118.90326,16.185,20.365,0.79,-0.008060255,0.003442138,-0.009940699,-0.10549023,0.01212166,-9.8267785,-0.03956007,0.492558,0.8469194,0.7124864,4,0.41,-1,256.05
01:32.9,16,1.11,15.429097,75.0159006,709.35,0.1862525,111.7443,16.18,20.36,0.76,-0.03474401,0.01209824,-0.01670654,-0.03822196,0.07641233,-9.82247,-0.021475466,0.51974106,0.84435414,0.76113176,4,0.416,-1.004,256.048
01:33.0,16,1.11,15.42909699,75.01590064,709.355,0.19239517,111.55237,16.177,20.355,0.76,-0.016949195,0.00016083,-0.007759333,-0.11642228,-0.00356337,-9.802298,-0.003390862,0.54692412,0.84178888,0.80977712,4,0.422,-1.008,256.046
01:33.0,16,1.11,15.42909698,75.01590068,709.36,0.19853784,111.36044,16.174,20.35,0.76,0.000845619,-0.01177658,0.001187874,-0.1946226,-0.08353907,-9.782126,0.014693742,0.57410718,0.83922362,0.85842248,4,0.428,-1.012,256.044
01:33.0,16,1.11,15.42909697,75.01590072,709.365,0.20468051,111.16851,16.171,20.345,0.76,-0.00657884,-0.007777293,0.003370649,-0.18002785,-0.07636491,-9.8110705,0.032778346,0.60129024,0.83665836,0.90706784,4,0.434,-1.016,256.042
01:33.0,16,1.11,15.42909696,75.01590076,709.37,0.21082318,110.97658,16.168,20.34,0.76,-0.0140033,-0.003778006,0.005553424,-0.1654331,-0.06919075,-9.840015,0.05086295,0.6284733,0.8340931,0.9557132,4,0.44,-1.02,256.04
01:33.0,16,1.11,15.42909695,75.0159008,709.375,0.21696585,110.78465,16.165,20.335,0.76,-0.013663945,-0.004628561,0.008367497,-0.1610077,-0.061728515,-9.816124,0.04351608,0.6209062,0.81494026,0.93660216,4.8,0.442,-1.022,256.04
01:33.1,16,1.11,15.42909694,75.01590084,709.38,0.22310852,110.59272,16.162,20.33,0.76,-0.01332459,-0.005479115,0.01118157,-0.1565823,-0.05426628,-9.792233,0.03616921,0.6133391,0.79578742,0.91749112,5.6,0.444,-1.024,256.04
01:33.1,16,1.11,15.42909693,75.01590088,709.385,0.22925119,110.40079,16.159,20.325,0.76,0.00700173,-0.015438208,0.00876545,-0.10879044,-0.005520635,-9.764519,0.02882234,0.605772,0.77663458,0.89838008,6.4,0.446,-1.026,256.04
01:33.1,16,1.11,15.42909692,75.01590092,709.39,0.23539386,110.20886,16.156,20.32,0.76,0.02732805,-0.0253973,0.00634933,-0.06099858,0.04322501,-9.736805,0.02147547,0.5982049,0.75748174,0.87926904,7.2,0.448,-1.028,256.04
01:33.1,16,1.11,15.42909691,75.01590096,709.395,0.24153653,110.01693,16.153,20.315,0.76,0.020015785,-0.02991823,0.01240023,-0.12110189,-0.00452584,-9.7839415,0.0141286,0.5906378,0.7383289,0.860158,8,0.45,-1.03,256.04
01:33.1,16,1.11,15.4290969,75.015901,709.4,0.2476792,109.825,16.15,20.31,0.76,0.01270352,-0.03443916,0.01845113,-0.1812052,-0.05227669,-9.831078,0.02147547,0.54217208,0.6923757,0.80854444,7.2,0.448,-1.026,256.036
01:33.2,16,1.11,15.42909687,75.01590101,709.407,0.24239923,117.63888,16.146,20.304,0.769,0.007323293,-0.016071331,0.0137604,-0.17593205,-0.04882054,-9.8199355,0.02882234,0.49370636,0.6464225,0.75693088,6.4,0.446,-1.022,256.032
01:33.2,16,1.11,15.42909684,75.01590102,709.414,0.23711926,125.45276,16.142,20.298,0.778,0.001943067,0.002296498,0.00906967,-0.1706589,-0.04536439,-9.808793,0.03616921,0.44524064,0.6004693,0.70531732,5.6,0.444,-1.018,256.028
01:33.2,16,1.11,15.42909681,75.01590103,709.421,0.23183929,133.26664,16.138,20.292,0.787,0.011495459,-0.008534756,0.002368312,-0.1473856,-0.019701433,-9.7923865,0.04351608,0.39677492,0.5545161,0.65370376,4.8,0.442,-1.014,256.024
01:33.2,16,1.11,15.42909678,75.01590104,709.428,0.22655932,141.08052,16.134,20.286,0.796,0.02104785,-0.01936601,-0.004333046,-0.1241123,0.005961524,-9.77598,0.05086295,0.3483092,0.5085629,0.6020902,4,0.44,-1.01,256.02
01:33.2,16,1.11,15.42909675,75.01590105,709.435,0.22127935,148.8944,16.13,20.28,0.805,0.02393721,-0.021548505,-0.005202504,-0.14854505,-0.021009893,-9.7815945,0.04069036,0.3546527,0.52204516,0.5870089,4,0.444,-1.012,256.02
01:33.3,16,1.11,15.42909672,75.01590106,709.442,0.21599938,156.70828,16.126,20.274,0.814,0.02682657,-0.023731,-0.006071962,-0.1729778,-0.04798131,-9.787209,0.03051777,0.3609962,0.53552742,0.5719276,4,0.448,-1.014,256.02
01:33.3,16,1.11,15.42909669,75.01590107,709.449,0.21071941,164.52216,16.122,20.268,0.823,0.01891091,-0.01758026,-0.007120195,-0.130941465,-0.01679981,-9.7853065,0.02034518,0.3673397,0.54900968,0.5568463,4,0.452,-1.016,256.02
01:33.3,16,1.11,15.42909666,75.01590108,709.456,0.20543944,172.33604,16.118,20.262,0.832,0.01099525,-0.01142952,-0.008168428,-0.08890513,0.01438169,-9.783404,0.01017259,0.3736832,0.56249194,0.541765,4,0.456,-1.018,256.02
01:33.3,16,1.11,15.42909663,75.01590109,709.463,0.20015947,180.14992,16.114,20.256,0.841,0.009910236,-0.010947725,-0.009839094,-0.132459865,-0.02545002,-9.7875975,0,0.3800267,0.5759742,0.5266837,4,0.46,-1.02,256.02
01:33.3,16,1.11,15.4290966,75.0159011,709.47,0.1948795,187.9638,16.11,20.25,0.85,0.008825222,-0.01046593,-0.01150976,-0.1760146,-0.06528173,-9.791791,0.02260576,0.37408618,0.55725756,0.53166702,4,0.458,-1.018,256.018
01:33.4,16,1.11,15.42909656,75.01590106,709.462,0.21245366,185.34348,16.107,20.244,0.856,0.005883568,-0.01126305,-0.01825742,-0.16480915,-0.056560565,-9.7789165,0.04521152,0.36814566,0.53854092,0.53665034,4,0.456,-1.016,256.016
01:33.4,16,1.11,15.42909652,75.01590102,709.454,0.23002782,182.72316,16.104,20.238,0.862,0.002941913,-0.01206017,-0.02500508,-0.1536037,-0.0478394,-9.766042,0.06781728,0.36220514,0.51982428,0.54163366,4,0.454,-1.014,256.014
01:33.4,16,1.11,15.42909648,75.01590098,709.446,0.24760198,180.10284,16.101,20.232,0.868,0.006869242,-0.010335341,-0.015820152,-0.13971305,-0.03368225,-9.7872585,0.09042304,0.35626462,0.50110764,0.54661698,4,0.452,-1.012,256.012
01:33.4,16,1.11,15.42909644,75.01590094,709.438,0.26517614,177.48252,16.098,20.226,0.874,0.01079657,-0.008610512,-0.006635224,-0.1258224,-0.0195251,-9.808475,0.1130288,0.3503241,0.482391,0.5516003,4,0.45,-1.01,256.01
01:33.4,16,1.11,15.4290964,75.0159009,709.43,0.2827503,174.8622,16.095,20.22,0.88,0.006297481,-0.003782,-0.000560365,-0.16529355,-0.05566115,-9.809379,0.092118472,0.33795638,0.48264888,0.56420854,4,0.452,-1.014,256.006
01:33.5,16,1.11,15.42909636,75.01590086,709.422,0.30032446,172.24188,16.092,20.214,0.886,0.001798391,0.001046513,0.005514494,-0.2047647,-0.0917972,-9.810283,0.071208144,0.32558866,0.48290676,0.57681678,4,0.454,-1.018,256.002
01:33.5,16,1.11,15.42909632,75.01590082,709.414,0.31789862,169.62156,16.089,20.208,0.892,0.014032431,-0.028104669,0.001741864,-0.14776238,-0.043773396,-9.789782,0.050297815,0.31322094,0.48316464,0.58942502,4,0.456,-1.022,255.998
01:33.5,16,1.11,15.42909628,75.01590078,709.406,0.33547278,167.00124,16.086,20.202,0.898,0.02626647,-0.05725585,-0.002030766,-0.09076006,0.004250408,-9.769281,0.029387487,0.30085322,0.48342252,0.60203326,4,0.458,-1.026,255.994
01:33.5,16,1.11,15.42909624,75.01590074,709.398,0.35304694,164.38092,16.083,20.196,0.904,0.016856873,-0.03317958,0.002029695,-0.14719253,-0.039804441,-9.794124,0.008477159,0.2884855,0.4836804,0.6146415,4,0.46,-1.03,255.99
01:33.5,16,1.11,15.4290962,75.0159007,709.39,0.3706211,161.7606,16.08,20.19,0.91,0.007447276,-0.009103309,0.006090155,-0.203625,-0.08385929,-9.818967,-0.019214893,0.30873774,0.48235694,0.64239406,4,0.46,-1.028,255.99
01:33.6,16.1,1.094,15.42909615,75.0159007,709.392,0.36715244,162.96936,16.075,20.182,0.909,0.001696077,-0.01038559,0.011809343,-0.1812606,-0.059707105,-9.8229155,-0.046906945,0.32898998,0.48103348,0.67014662,4,0.46,-1.026,255.99
01:33.6,16.2,1.078,15.4290961,75.0159007,709.394,0.36368378,164.17812,16.07,20.174,0.908,-0.004055121,-0.01166787,0.01752853,-0.1588962,-0.03555492,-9.826864,-0.074598996,0.34924222,0.47971002,0.69789918,4,0.46,-1.024,255.99
01:33.6,16.3,1.062,15.42909605,75.0159007,709.396,0.36021512,165.38688,16.065,20.166,0.907,0.0058031,-0.01190126,0.02568251,-0.098689085,0.003532545,-9.792793,-0.102291048,0.36949446,0.47838656,0.72565174,4,0.46,-1.022,255.99
01:33.6,16.4,1.046,15.429096,75.0159007,709.398,0.35674646,166.59564,16.06,20.158,0.906,0.01566132,-0.01213465,0.03383649,-0.03848197,0.04262001,-9.758722,-0.1299831,0.3897467,0.4770631,0.7534043,4,0.46,-1.02,255.99
01:33.6,16.5,1.03,15.42909595,75.0159007,709.4,0.3532778,167.8044,16.055,20.15,0.905,0.001028955,-0.008712026,0.024087625,-0.143920385,-0.038694145,-9.787661,-0.101725904,0.37715156,0.47254746,0.72553172,4,0.462,-1.022,255.988
01:33.7,16.6,1.014,15.4290959,75.0159007,709.402,0.34980914,169.01316,16.05,20.142,0.904,-0.01360341,-0.005289402,0.01433876,-0.2493588,-0.1200083,-9.8166,-0.073468708,0.36455642,0.46803182,0.69765914,4,0.464,-1.024,255.986
01:33.7,16.7,0.998,15.42909585,75.0159007,709.404,0.34634048,170.22192,16.045,20.134,0.903,-0.002174109,-0.010937446,0.009985801,-0.15916091,-0.04252355,-9.800987,-0.045211512,0.35196128,0.46351618,0.66978656,4,0.466,-1.026,255.984
01:33.7,16.8,0.982,15.4290958,75.0159007,709.406,0.34287182,171.43068,16.04,20.126,0.902,0.009255193,-0.01658549,0.005632841,-0.06896302,0.0349612,-9.785374,-0.016954316,0.33936614,0.45900054,0.64191398,4,0.468,-1.028,255.982
01:33.7,16.9,0.966,15.42909575,75.0159007,709.408,0.33940316,172.63944,16.035,20.118,0.901,0.012971927,-0.02040096,0.012868296,-0.12502356,-0.0076635,-9.7905225,0.01130288,0.326771,0.4544849,0.6140414,4,0.47,-1.03,255.98
01:33.7,17,0.95,15.4290957,75.0159007,709.41,0.3359345,173.8482,16.03,20.11,0.9,0.01668866,-0.02421643,0.02010375,-0.1810841,-0.0502882,-9.795671,0.019780038,0.38134228,0.54677542,0.66029262,4.8,0.47,-1.03,255.976
01:33.8,17,0.95,15.42909563,75.0159007,709.415,0.3435789,172.56716,16.027,20.103,0.901,0.019072895,-0.017048827,0.015536215,-0.180276,-0.05111146,-9.803996,0.028257196,0.43591356,0.63906594,0.70654384,5.6,0.47,-1.03,255.972
01:33.8,17,0.95,15.42909556,75.0159007,709.42,0.3512233,171.28612,16.024,20.096,0.902,0.02145713,-0.009881224,0.01096868,-0.1794679,-0.05193472,-9.812321,0.036734354,0.49048484,0.73135646,0.75279506,6.4,0.47,-1.03,255.968
01:33.8,17,0.95,15.42909549,75.0159007,709.425,0.3588677,170.00508,16.021,20.089,0.903,0.012778176,-0.013020957,0.00105681,-0.134273765,-0.01695894,-9.8000435,0.045211512,0.54505612,0.82364698,0.79904628,7.2,0.47,-1.03,255.964
01:33.8,17,0.95,15.42909542,75.0159007,709.43,0.3665121,168.72404,16.018,20.082,0.904,0.004099221,-0.01616069,-0.008855059,-0.08907963,0.01801684,-9.787766,0.05368867,0.5996274,0.9159375,0.8452975,8,0.47,-1.03,255.96
01:33.8,17,0.95,15.42909535,75.0159007,709.435,0.3741565,167.443,16.015,20.075,0.905,0.010315326,-0.010273086,-0.001597547,-0.148692065,-0.03155204,-9.800491,0.04351608,0.55637934,0.85590734,0.80316824,7.2,0.466,-1.026,255.96
01:33.9,17,0.95,15.42909528,75.0159007,709.44,0.3818009,166.16196,16.012,20.068,0.906,0.01653143,-0.004385483,0.005659965,-0.2083045,-0.08112092,-9.813216,0.03334349,0.51313128,0.79587718,0.76103898,6.4,0.462,-1.022,255.96
01:33.9,17,0.95,15.42909521,75.0159007,709.445,0.3894453,164.88092,16.009,20.061,0.907,0.01484482,-0.005951384,0.003245021,-0.1731938,-0.047284915,-9.8157875,0.0231709,0.46988322,0.73584702,0.71890972,5.6,0.458,-1.018,255.96
01:33.9,17,0.95,15.42909514,75.0159007,709.45,0.3970897,163.59988,16.006,20.054,0.908,0.01315821,-0.007517284,0.000830078,-0.1380831,-0.01344891,-9.818359,0.01299831,0.42663516,0.67581686,0.67678046,4.8,0.454,-1.014,255.96
01:33.9,17,0.95,15.42909507,75.0159007,709.455,0.4047341,162.31884,16.003,20.047,0.909,0.022695245,-0.019910667,-0.003165832,-0.1036287,0.014829945,-9.789005,0.00282572,0.3833871,0.6157867,0.6346512,4,0.45,-1.01,255.96
01:33.9,17,0.95,15.429095,75.0159007,709.46,0.4123785,161.0378,16,20.04,0.91,0.03223228,-0.03230405,-0.007161742,-0.0691743,0.0431088,-9.759651,-0.011302878,0.40819816,0.58549262,0.65780272,4,0.45,-1.008,255.956
01:34.0,17,0.95,15.42909484,75.01590069,709.473,0.48165915,164.23076,15.996,20.032,0.94,0.023203375,-0.018973984,-0.010054521,-0.11430415,-0.02069467,-9.7852865,-0.025431476,0.43300922,0.55519854,0.68095424,4,0.45,-1.006,255.952
01:34.0,17,0.95,15.42909468,75.01590068,709.486,0.5509398,167.42372,15.992,20.024,0.97,0.01417447,-0.005643917,-0.0129473,-0.159434,-0.08449814,-9.810922,-0.039560074,0.45782028,0.52490446,0.70410576,4,0.45,-1.004,255.948
01:34.0,17,0.95,15.42909452,75.01590067,709.499,0.62022045,170.61668,15.988,20.016,1,0.003548527,0.00118694,-0.011386217,-0.1560476,-0.056451845,-9.818696,-0.053688672,0.48263134,0.49461038,0.72725728,4,0.45,-1.002,255.944
01:34.0,17,0.95,15.42909436,75.01590066,709.512,0.6895011,173.80964,15.984,20.008,1.03,-0.007077416,0.008017798,-0.009825134,-0.1526612,-0.02840555,-9.82647,-0.06781727,0.5074424,0.4643163,0.7504088,4,0.45,-1,255.94
01:34.0,17,0.95,15.4290942,75.01590065,709.525,0.75878175,177.0026,15.98,20,1.06,0.031412977,-0.032905836,-0.017735692,-0.10661492,0.001621175,-9.7899335,-0.035604066,0.48757982,0.48773676,0.76729272,4,0.452,-1,255.94
01:34.1,17,0.95,15.42909404,75.01590064,709.538,0.8280624,180.19556,15.976,19.992,1.09,0.06990337,-0.07382947,-0.02564625,-0.06056864,0.0316479,-9.753397,-0.003390862,0.46771724,0.51115722,0.78417664,4,0.454,-1,255.94
01:34.1,17,0.95,15.42909388,75.01590063,709.551,0.89734305,183.38852,15.972,19.984,1.12,0.03479528,-0.039925468,-0.006684085,-0.14432972,-0.04207685,-9.8091595,0.028822342,0.44785466,0.53457768,0.80106056,4,0.456,-1,255.94
01:34.1,17,0.95,15.42909372,75.01590062,709.564,0.9666237,186.58148,15.968,19.976,1.15,-0.00031281,-0.006021466,0.01227808,-0.2280908,-0.1158016,-9.864922,0.061035546,0.42799208,0.55799814,0.81794448,4,0.458,-1,255.94
01:34.1,17,0.95,15.42909356,75.01590061,709.577,1.03590435,189.77444,15.964,19.968,1.18,-0.011130905,0.002961127,0.015391335,-0.1668719,-0.05105434,-9.8590785,0.09324875,0.4081295,0.5814186,0.8348284,4,0.46,-1,255.94
01:34.1,17,0.95,15.4290934,75.0159006,709.59,1.105185,192.9674,15.96,19.96,1.21,-0.021949,0.01194372,0.01850459,-0.105653,0.01369292,-9.853235,0.12433166,0.38820792,0.5447023,0.80049694,4,0.466,-1,255.936
01:34.2,17,0.942,15.42909323,75.01590058,709.603,1.05584558,192.30882,15.953,19.943,1.205,-0.007244628,-0.00204705,0.011215902,-0.1267661,-0.007750065,-9.834425,0.15541457,0.36828634,0.507986,0.76616548,4,0.472,-1,255.932
01:34.2,17,0.934,15.42909306,75.01590056,709.616,1.00650616,191.65024,15.946,19.926,1.2,0.007459745,-0.01603782,0.003927214,-0.1478792,-0.02919305,-9.815615,0.18649748,0.34836476,0.4712697,0.73183402,4,0.478,-1,255.928
01:34.2,17,0.926,15.42909289,75.01590054,709.629,0.95716674,190.99166,15.939,19.909,1.195,-0.006837217,-0.007634606,0.00081829,-0.1752146,-0.049329285,-9.8220235,0.21758039,0.32844318,0.4345534,0.69750256,4,0.484,-1,255.924
01:34.2,17,0.918,15.42909272,75.01590052,709.642,0.90782732,190.33308,15.932,19.892,1.19,-0.02113418,0.000768609,-0.002290633,-0.20255,-0.06946552,-9.828432,0.2486633,0.3085216,0.3978371,0.6631711,4,0.49,-1,255.92
01:34.2,17,0.91,15.42909255,75.0159005,709.655,0.8584879,189.6745,15.925,19.875,1.185,-0.007851596,-0.009085281,0.001051981,-0.17784025,-0.052537235,-9.7891205,0.196670064,0.29242724,0.38200446,0.64924498,4,0.492,-0.998,255.918
01:34.3,17,0.902,15.42909238,75.01590048,709.668,0.80914848,189.01592,15.918,19.858,1.18,0.005430987,-0.01893917,0.004394595,-0.1531305,-0.03560895,-9.749809,0.144676828,0.27633288,0.36617182,0.63531886,4,0.494,-0.996,255.916
01:34.3,17,0.894,15.42909221,75.01590046,709.681,0.75980906,188.35734,15.911,19.841,1.175,0.007310568,-0.013648685,0.001261602,-0.1428856,-0.03306436,-9.7845145,0.092683592,0.26023852,0.35033918,0.62139274,4,0.496,-0.994,255.914
01:34.3,17,0.886,15.42909204,75.01590044,709.694,0.71046964,187.69876,15.904,19.824,1.17,0.009190149,-0.008358199,-0.001871392,-0.1326407,-0.03051977,-9.81922,0.040690356,0.24414416,0.33450654,0.60746662,4,0.498,-0.992,255.912
01:34.3,17,0.878,15.42909187,75.01590042,709.707,0.66113022,187.04018,15.897,19.807,1.165,0.009293189,-0.001937195,7.00E-05,-0.1606787,-0.041077595,-9.8242945,-0.01130288,0.2280498,0.3186739,0.5935405,4,0.5,-0.99,255.91
01:34.3,17,0.87,15.4290917,75.0159004,709.72,0.6117908,186.3816,15.89,19.79,1.16,0.009396228,0.004483809,0.002011352,-0.1887167,-0.05163542,-9.829369,0.024866336,0.23730326,0.33335732,0.55928726,4.8,0.502,-0.986,255.908
01:34.4,17,0.87,15.42909159,75.01590038,709.728,0.59238492,186.84754,15.886,19.781,1.155,0.006066342,0.003461928,0.002151236,-0.1676884,-0.05962857,-9.8276115,0.061035552,0.24655672,0.34804074,0.52503402,5.6,0.504,-0.982,255.906
01:34.4,17,0.87,15.42909148,75.01590036,709.736,0.57297904,187.31348,15.882,19.772,1.15,0.002736456,0.002440047,0.00229112,-0.1466601,-0.06762172,-9.825854,0.097204768,0.25581018,0.36272416,0.49078078,6.4,0.506,-0.978,255.904
01:34.4,17,0.87,15.42909137,75.01590034,709.744,0.55357316,187.77942,15.878,19.763,1.145,0.004132945,-0.004188231,-0.001284666,-0.14757595,-0.06155129,-9.8177775,0.133373984,0.26506364,0.37740758,0.45652754,7.2,0.508,-0.974,255.902
01:34.4,17,0.87,15.42909126,75.01590032,709.752,0.53416728,188.24536,15.874,19.754,1.14,0.005529433,-0.01081651,-0.004860452,-0.1484918,-0.05548086,-9.809701,0.1695432,0.2743171,0.392091,0.4222743,8,0.51,-0.97,255.9
01:34.4,17,0.87,15.42909115,75.0159003,709.76,0.5147614,188.7113,15.87,19.745,1.135,0.003765283,-0.013293615,-0.011453771,-0.1569362,-0.05741843,-9.81835,0.133373984,0.2878195,0.38711444,0.4029397,8,0.51,-0.968,255.896
01:34.5,17,0.87,15.42909104,75.01590028,709.768,0.49535552,189.17724,15.866,19.736,1.13,0.002001133,-0.01577072,-0.01804709,-0.1653806,-0.059356,-9.826999,0.097204768,0.3013219,0.38213788,0.3836051,8,0.51,-0.966,255.892
01:34.5,17,0.87,15.42909093,75.01590026,709.776,0.47594964,189.64318,15.862,19.727,1.125,0.001396418,-0.010287396,-0.010859115,-0.16415585,-0.046544865,-9.819178,0.061035552,0.3148243,0.37716132,0.3642705,8,0.51,-0.964,255.888
01:34.5,17,0.87,15.42909082,75.01590024,709.784,0.45654376,190.10912,15.858,19.718,1.12,0.000791703,-0.004804073,-0.00367114,-0.1629311,-0.03373373,-9.811357,0.024866336,0.3283267,0.37218476,0.3449359,8,0.51,-0.962,255.884
01:34.5,17,0.87,15.42909071,75.01590022,709.792,0.43713788,190.57506,15.854,19.709,1.115,0.005604122,-0.011810432,0.00471282,-0.16285035,-0.032228375,-9.79232,-0.01130288,0.3418291,0.3672082,0.3256013,8,0.51,-0.96,255.88
01:34.5,17,0.87,15.4290906,75.0159002,709.8,0.417732,191.041,15.85,19.7,1.11,0.01041654,-0.01881679,0.01309678,-0.1627696,-0.03072302,-9.773283,-0.035038924,0.292460388,0.31978962,0.29737382,7.2,0.51,-0.958,255.88
01:34.6,17,0.878,15.42909051,75.01590019,709.81,0.42308162,190.35066,15.846,19.693,1.111,0.00782146,-0.014672145,0.011980035,-0.16616015,-0.0338534,-9.7818195,-0.058774968,0.243091676,0.27237104,0.26914634,6.4,0.51,-0.956,255.88
01:34.6,17,0.886,15.42909042,75.01590018,709.82,0.42843124,189.66032,15.842,19.686,1.112,0.00522638,-0.0105275,0.01086329,-0.1695507,-0.03698378,-9.790356,-0.082511012,0.193722964,0.22495246,0.24091886,5.6,0.51,-0.954,255.88
01:34.6,17,0.894,15.42909033,75.01590017,709.83,0.43378086,188.96998,15.838,19.679,1.113,0.005077268,-0.010506885,0.005400472,-0.163311,-0.03981794,-9.794797,-0.106247056,0.144354252,0.17753388,0.21269138,4.8,0.51,-0.952,255.88
01:34.6,17,0.902,15.42909024,75.01590016,709.84,0.43913048,188.27964,15.834,19.672,1.114,0.004928156,-0.01048627,-6.23E-05,-0.1570713,-0.0426521,-9.799238,-0.1299831,0.09498554,0.1301153,0.1844639,4,0.51,-0.95,255.88
01:34.6,17,0.91,15.42909015,75.01590015,709.85,0.4444801,187.5893,15.83,19.665,1.115,0.002097425,-0.003902505,-0.006496308,-0.1590272,-0.044025845,-9.7922465,-0.107377344,0.094747906,0.13077284,0.17549008,4,0.512,-0.952,255.878
01:34.7,17,0.918,15.42909006,75.01590014,709.86,0.44982972,186.89896,15.826,19.658,1.116,-0.000733306,0.00268126,-0.01293027,-0.1609831,-0.04539959,-9.785255,-0.084771588,0.094510272,0.13143038,0.16651626,4,0.514,-0.954,255.876
01:34.7,17,0.926,15.42908997,75.01590013,709.87,0.45517934,186.20862,15.822,19.651,1.117,0.004121672,-0.0044885,-0.007383814,-0.1620397,-0.04738736,-9.789429,-0.062165832,0.094272638,0.13208792,0.15754244,4,0.516,-0.956,255.874
01:34.7,17,0.934,15.42908988,75.01590012,709.88,0.46052896,185.51828,15.818,19.644,1.118,0.00897665,-0.01165826,-0.001837358,-0.1630963,-0.04937513,-9.793603,-0.039560076,0.094035004,0.13274546,0.14856862,4,0.518,-0.958,255.872
01:34.7,17,0.942,15.42908979,75.01590011,709.89,0.46587858,184.82794,15.814,19.637,1.119,0.005540342,-0.011609,0.001798048,-0.15585685,-0.040595035,-9.801602,-0.01695432,0.09379737,0.133403,0.1395948,4,0.52,-0.96,255.87
01:34.7,17,0.95,15.4290897,75.0159001,709.9,0.4712282,184.1376,15.81,19.63,1.12,0.002104033,-0.01155974,0.005433453,-0.1486174,-0.03181494,-9.809601,-0.049732676,0.094463362,0.13956196,0.13941396,4,0.52,-0.958,255.868
01:34.8,17.1,0.95,15.42908961,75.01590008,709.905,0.46561309,183.83428,15.806,19.622,1.102,0.004386794,-0.012994565,0.00585345,-0.1605157,-0.04345088,-9.8056975,-0.082511032,0.095129354,0.14572092,0.13923312,4,0.52,-0.956,255.866
01:34.8,17.2,0.95,15.42908952,75.01590006,709.91,0.45999798,183.53096,15.802,19.614,1.084,0.006669555,-0.01442939,0.006273447,-0.172414,-0.05508682,-9.801794,-0.115289388,0.095795346,0.15187988,0.13905228,4,0.52,-0.954,255.864
01:34.8,17.3,0.95,15.42908943,75.01590004,709.915,0.45438287,183.22764,15.798,19.606,1.066,0.003628134,-0.010165087,0.00504156,-0.16769855,-0.049823855,-9.8055055,-0.148067744,0.096461338,0.15803884,0.13887144,4,0.52,-0.952,255.862
01:34.8,17.4,0.95,15.42908934,75.01590002,709.92,0.44876776,182.92432,15.794,19.598,1.048,0.000586714,-0.005900784,0.003809673,-0.1629831,-0.04456089,-9.809217,-0.1808461,0.09712733,0.1641978,0.1386906,4,0.52,-0.95,255.86
01:34.8,17.5,0.95,15.42908925,75.0159,709.925,0.44315265,182.621,15.79,19.59,1.03,0.002407595,-0.009378922,0.002924998,-0.1601317,-0.040674615,-9.8067085,-0.155979758,0.102038924,0.17545874,0.17154628,4,0.52,-0.95,255.858
01:34.9,17.6,0.95,15.42908916,75.01589998,709.93,0.43753754,182.31768,15.786,19.582,1.012,0.004228476,-0.01285706,0.002040323,-0.1572803,-0.03678834,-9.8042,-0.131113416,0.106950518,0.18671968,0.20440196,4,0.52,-0.95,255.856
01:34.9,17.7,0.95,15.42908907,75.01589996,709.935,0.43192243,182.01436,15.782,19.574,0.994,0.002820292,-0.011352022,-0.001927699,-0.16348235,-0.048882205,-9.809966,-0.106247074,0.111862112,0.19798062,0.23725764,4,0.52,-0.95,255.854
01:34.9,17.8,0.95,15.42908898,75.01589994,709.94,0.42630732,181.71104,15.778,19.566,0.976,0.001412108,-0.009846983,-0.005895721,-0.1696844,-0.06097607,-9.815732,-0.081380732,0.116773706,0.20924156,0.27011332,4,0.52,-0.95,255.852
01:34.9,17.9,0.95,15.42908889,75.01589992,709.945,0.42069221,181.40772,15.774,19.558,0.958,0.000820965,-0.008334977,-0.001521623,-0.161743,-0.04675463,-9.806053,-0.05651439,0.1216853,0.2205025,0.302969,4,0.52,-0.95,255.85
01:34.9,18,0.95,15.4290888,75.0158999,709.95,0.4150771,181.1044,15.77,19.55,0.94,0.000229822,-0.006822971,0.002852476,-0.1538016,-0.03253319,-9.796374,-0.020910332,0.12997482,0.21760604,0.31486534,4,0.52,-0.95,255.85
01:35.0,17.9,0.95,15.42908873,75.01589987,709.95,0.4201141,180.11654,15.766,19.542,0.938,3.53E-05,-0.006824983,0.004741451,-0.1508668,-0.026011335,-9.791601,0.014693726,0.13826434,0.21470958,0.32676168,4,0.52,-0.95,255.85
01:35.0,17.8,0.95,15.42908866,75.01589984,709.95,0.4251511,179.12868,15.762,19.534,0.936,-0.000159174,-0.006826994,0.006630425,-0.147932,-0.01948948,-9.786828,0.050297784,0.14655386,0.21181312,0.33865802,4,0.52,-0.95,255.85
01:35.0,17.7,0.95,15.42908859,75.01589981,709.95,0.4301881,178.14082,15.758,19.526,0.934,-0.000402375,-0.008002795,0.004970375,-0.1639881,-0.03414182,-9.800042,0.085901842,0.15484338,0.20891666,0.35055436,4,0.52,-0.95,255.85
01:35.0,17.6,0.95,15.42908852,75.01589978,709.95,0.4352251,177.15296,15.754,19.518,0.932,-0.000645575,-0.009178596,0.003310325,-0.1800442,-0.04879416,-9.813256,0.1215059,0.1631329,0.2060202,0.3624507,4,0.52,-0.95,255.85
01:35.0,17.5,0.95,15.42908845,75.01589975,709.95,0.4402621,176.1651,15.75,19.51,0.93,0.002914872,-0.007633379,0.00168075,-0.1652434,-0.04214864,-9.811631,0.1226362,0.22364002,0.2588842,0.39032966,4.8,0.522,-0.952,255.848
01:35.1,17.4,0.95,15.42908838,75.01589972,709.95,0.4452991,175.17724,15.746,19.502,0.928,0.006475319,-0.006088162,5.12E-05,-0.1504426,-0.03550312,-9.810006,0.1237665,0.28414714,0.3117482,0.41820862,5.6,0.524,-0.954,255.846
01:35.1,17.3,0.95,15.42908831,75.01589969,709.95,0.4503361,174.18938,15.742,19.494,0.926,0.006130185,-0.006396411,0.002760866,-0.1532707,-0.04203512,-9.8081815,0.1248968,0.34465426,0.3646122,0.44608758,6.4,0.526,-0.956,255.844
01:35.1,17.2,0.95,15.42908824,75.01589966,709.95,0.4553731,173.20152,15.738,19.486,0.924,0.005785051,-0.00670466,0.005470557,-0.1560988,-0.04856712,-9.806357,0.1260271,0.40516138,0.4174762,0.47396654,7.2,0.528,-0.958,255.842
01:35.1,17.1,0.95,15.42908817,75.01589963,709.95,0.4604101,172.21366,15.734,19.478,0.922,0.002401956,0.004062745,0.003237995,-0.151425,-0.047382575,-9.797504,0.1271574,0.4656685,0.4703402,0.5018455,8,0.53,-0.96,255.84
01:35.1,17,0.95,15.4290881,75.0158996,709.95,0.4654471,171.2258,15.73,19.47,0.92,-0.00098114,0.01483015,0.001005433,-0.1467512,-0.04619803,-9.788651,0.13054826,0.45202694,0.47720908,0.49194764,8,0.532,-0.96,255.838
01:35.2,17,0.95,15.42908802,75.01589959,709.948,0.47038987,171.76919,15.727,19.463,0.93,0.011771935,-0.004270185,0.000251861,-0.14375645,-0.037284075,-9.7857305,0.13393912,0.43838538,0.48407796,0.48204978,8,0.534,-0.96,255.836
01:35.2,17,0.95,15.42908794,75.01589958,709.946,0.47533264,172.31258,15.724,19.456,0.94,0.02452501,-0.02337052,-0.00050171,-0.1407617,-0.02837012,-9.78281,0.13732998,0.42474382,0.49094684,0.47215192,8,0.536,-0.96,255.834
01:35.2,17,0.95,15.42908786,75.01589957,709.944,0.48027541,172.85597,15.721,19.449,0.95,0.011177348,-0.015774609,-0.00165771,-0.15197995,-0.040529655,-9.7975075,0.14072084,0.41110226,0.49781572,0.46225406,8,0.538,-0.96,255.832
01:35.2,17,0.95,15.42908778,75.01589956,709.942,0.48521818,173.39936,15.718,19.442,0.96,-0.002170315,-0.008178698,-0.002813709,-0.1631982,-0.05268919,-9.812205,0.1441117,0.3974607,0.5046846,0.4523562,8,0.54,-0.96,255.83
01:35.2,17,0.95,15.4290877,75.01589955,709.94,0.49016095,173.94275,15.715,19.435,0.97,2.47E-05,-0.013387429,-0.003251179,-0.16185765,-0.049063235,-9.8039885,0.099465332,0.35162378,0.4780084,0.45411104,7.2,0.546,-0.966,255.828
01:35.3,17,0.95,15.42908762,75.01589954,709.938,0.49510372,174.48614,15.712,19.428,0.98,0.002219765,-0.01859616,-0.003688648,-0.1605171,-0.04543728,-9.795772,0.054818964,0.30578686,0.4513322,0.45586588,6.4,0.552,-0.972,255.826
01:35.3,17,0.95,15.42908754,75.01589953,709.936,0.50004649,175.02953,15.709,19.421,0.99,0.004100395,-0.01831418,0.002379416,-0.1653023,-0.048446095,-9.8049365,0.010172596,0.25994994,0.424656,0.45762072,5.6,0.558,-0.978,255.824
01:35.3,17,0.95,15.42908746,75.01589952,709.934,0.50498926,175.57292,15.706,19.414,1,0.005981024,-0.0180322,0.008447481,-0.1700875,-0.05145491,-9.814101,-0.034473772,0.21411302,0.3979798,0.45937556,4.8,0.564,-0.984,255.822
01:35.3,17,0.95,15.42908738,75.01589951,709.932,0.50993203,176.11631,15.703,19.407,1.01,0.006268357,-0.011127092,0.002563888,-0.1756147,-0.03492063,-9.8050205,-0.07912014,0.1682761,0.3713036,0.4611304,4,0.57,-0.99,255.82
01:35.3,17,0.95,15.4290873,75.0158995,709.93,0.5148748,176.6597,15.7,19.4,1.02,0.00655569,-0.004221984,-0.003319705,-0.1811419,-0.01838635,-9.79594,-0.035604052,0.17405152,0.37558918,0.49422892,4,0.576,-0.992,255.818
01:35.4,17,0.95,15.42908729,75.01589945,709.915,0.463610927,170.65023,15.696,19.394,0.996,0.00822119,-0.011927127,-0.001599653,-0.17483895,-0.03709097,-9.798428,0.007912036,0.17982694,0.37987476,0.52732744,4,0.582,-0.994,255.816
01:35.4,17,0.95,15.42908728,75.0158994,709.9,0.412347054,164.64076,15.692,19.388,0.972,0.009886689,-0.01963227,0.000120399,-0.168536,-0.05579559,-9.800916,0.051428124,0.18560236,0.38416034,0.56042596,4,0.588,-0.996,255.814
01:35.4,17,0.95,15.42908727,75.01589935,709.885,0.36108318,158.63129,15.688,19.382,0.948,0.008716329,-0.015405445,-0.001088329,-0.16556235,-0.05061998,-9.8046415,0.094944212,0.19137778,0.38844592,0.59352448,4,0.594,-0.998,255.812
01:35.4,17,0.95,15.42908726,75.0158993,709.87,0.309819307,152.62182,15.684,19.376,0.924,0.007545968,-0.01117862,-0.002297057,-0.1625887,-0.04544437,-9.808367,0.1384603,0.1971532,0.3927315,0.626623,4,0.6,-1,255.81
01:35.4,17,0.95,15.42908725,75.01589925,709.855,0.258555434,146.61235,15.68,19.37,0.9,0.011198574,-0.015595405,0.000396192,-0.16694325,-0.048790395,-9.8041115,0.13733,0.20361002,0.406776,0.65435868,4,0.61,-1.012,255.808
01:35.5,17,0.95,15.42908724,75.0158992,709.84,0.207291561,140.60288,15.676,19.364,0.876,0.01485118,-0.02001219,0.003089442,-0.1712978,-0.05213642,-9.799856,0.1361997,0.21006684,0.4208205,0.68209436,4,0.62,-1.024,255.806
01:35.5,17,0.95,15.42908723,75.01589915,709.825,0.156027688,134.59341,15.672,19.358,0.852,0.016020785,-0.021758735,0.002846515,-0.17289455,-0.055197435,-9.8001395,0.1350694,0.21652366,0.434865,0.70983004,4,0.63,-1.036,255.804
01:35.5,17,0.95,15.42908722,75.0158991,709.81,0.104763814,128.58394,15.668,19.352,0.828,0.01719039,-0.02350528,0.002603589,-0.1744913,-0.05825845,-9.800423,0.1339391,0.22298048,0.4489095,0.73756572,4,0.64,-1.048,255.802
01:35.5,17,0.95,15.42908721,75.01589905,709.795,0.053499941,122.57447,15.664,19.346,0.804,0.016717475,-0.02469301,0.000343094,-0.17473795,-0.05795408,-9.801958,0.1328088,0.2294373,0.462954,0.7653014,4,0.65,-1.06,255.8
01:35.5,17,0.95,15.4290872,75.015899,709.78,0.002236068,116.565,15.66,19.34,0.78,0.01624456,-0.02588074,-0.001917401,-0.1749846,-0.05764971,-9.803493,0.098335026,0.2518809,0.48736798,0.81317832,4,0.666,-1.076,255.796
01:35.6,17,0.95,15.4290872,75.01589893,709.762,0.037716241,125.39274,15.659,19.336,0.804,0.0198176,-0.02492215,-0.000696904,-0.17853845,-0.05860826,-9.807096,0.063861252,0.2743245,0.51178196,0.86105524,4,0.682,-1.092,255.792
01:35.6,17,0.95,15.4290872,75.01589886,709.744,0.073196414,134.22048,15.658,19.332,0.828,0.02339064,-0.02396356,0.000523593,-0.1820923,-0.05956681,-9.810699,0.029387478,0.2967681,0.53619594,0.90893216,4,0.698,-1.108,255.788
01:35.6,17,0.95,15.4290872,75.01589879,709.726,0.108676588,143.04822,15.657,19.328,0.852,0.02096609,-0.02965534,-0.005965233,-0.18256125,-0.07100896,-9.8033425,-0.005086296,0.3192117,0.56060992,0.95680908,4,0.714,-1.124,255.784
01:35.6,17,0.95,15.4290872,75.01589872,709.708,0.144156761,151.87596,15.656,19.324,0.876,0.01854154,-0.03534712,-0.01245406,-0.1830302,-0.08245111,-9.795986,-0.03956007,0.3416553,0.5850239,1.004686,4,0.73,-1.14,255.78
01:35.6,17,0.95,15.4290872,75.01589865,709.69,0.179636934,160.7037,15.655,19.32,0.9,0.014836205,-0.025699985,-0.005833659,-0.1882988,-0.095558255,-9.782315,-0.022605754,0.34166118,0.55979846,0.98822398,4,0.726,-1.132,255.78
01:35.7,17,0.95,15.4290872,75.01589858,709.672,0.215117107,169.53144,15.654,19.316,0.924,0.01113087,-0.01605285,0.000786741,-0.1935674,-0.1086654,-9.768644,-0.005651438,0.34166706,0.53457302,0.97176196,4,0.722,-1.124,255.78
01:35.7,17,0.95,15.4290872,75.01589851,709.654,0.25059728,178.35918,15.653,19.312,0.948,0.00874998,-0.007809259,-0.000957449,-0.1923929,-0.096337,-9.777707,0.011302878,0.34167294,0.50934758,0.95529994,4,0.718,-1.116,255.78
01:35.7,17,0.95,15.4290872,75.01589844,709.636,0.286077454,187.18692,15.652,19.308,0.972,0.00636909,0.000434332,-0.002701639,-0.1912184,-0.0840086,-9.78677,0.028257194,0.34167882,0.48412214,0.93883792,4,0.714,-1.108,255.78
01:35.7,17,0.95,15.4290872,75.01589837,709.618,0.321557627,196.01466,15.651,19.304,0.996,0.002186565,-0.004679215,-0.001259526,-0.1907305,-0.07958705,-9.7998495,0.04521151,0.3416847,0.4588967,0.9223759,4,0.71,-1.1,255.78
01:35.7,17,0.95,15.4290872,75.0158983,709.6,0.3570378,204.8424,15.65,19.3,1.02,-0.00199596,-0.009792762,0.000182587,-0.1902426,-0.0751655,-9.812929,0.039560072,0.32919406,0.44982712,0.87532566,4.8,0.708,-1.094,255.776
01:35.8,17,0.95,15.42908713,75.01589829,709.608,0.3583605,202.57485,15.647,19.296,1.012,-0.00018841,-0.008305188,-0.000776096,-0.1845546,-0.0681437,-9.805423,0.033908634,0.31670342,0.44075754,0.82827542,5.6,0.706,-1.088,255.772
01:35.8,17,0.95,15.42908706,75.01589828,709.616,0.3596832,200.3073,15.644,19.292,1.004,0.001619141,-0.006817613,-0.001734778,-0.1788666,-0.0611219,-9.797917,0.028257196,0.30421278,0.43168796,0.78122518,6.4,0.704,-1.082,255.768
01:35.8,17,0.95,15.42908699,75.01589827,709.624,0.3610059,198.03975,15.641,19.288,0.996,0.000156086,-0.00200822,-0.000991501,-0.19442155,-0.065188985,-9.801638,0.022605758,0.29172214,0.42261838,0.73417494,7.2,0.702,-1.076,255.764
01:35.8,17,0.95,15.42908692,75.01589826,709.632,0.3623286,195.7722,15.638,19.284,0.988,-0.001306969,0.002801173,-0.000248225,-0.2099765,-0.06925607,-9.805359,0.01695432,0.2792315,0.4135488,0.6871247,8,0.7,-1.07,255.76
01:35.8,17,0.95,15.42908685,75.01589825,709.64,0.3636513,193.50465,15.635,19.28,0.98,0.004993046,-0.002989504,-0.003689728,-0.1903268,-0.06574941,-9.8054045,-0.003390862,0.25068986,0.38522722,0.64013762,7.2,0.702,-1.072,255.76
01:35.9,17,0.95,15.42908678,75.01589824,709.648,0.364974,191.2371,15.632,19.276,0.972,0.01129306,-0.00878018,-0.007131231,-0.1706771,-0.06224275,-9.80545,-0.023736044,0.22214822,0.35690564,0.59315054,6.4,0.704,-1.074,255.76
01:35.9,17,0.95,15.42908671,75.01589823,709.656,0.3662967,188.96955,15.629,19.272,0.964,0.010523663,-0.013995065,-0.002919717,-0.18087405,-0.0680097,-9.800364,-0.044081226,0.19360658,0.32858406,0.54616346,5.6,0.706,-1.076,255.76
01:35.9,17,0.95,15.42908664,75.01589822,709.664,0.3676194,186.702,15.626,19.268,0.956,0.009754265,-0.01920995,0.001291798,-0.191071,-0.07377665,-9.795278,-0.064426408,0.16506494,0.30026248,0.49917638,4.8,0.708,-1.078,255.76
01:35.9,17,0.95,15.42908657,75.01589821,709.672,0.3689421,184.43445,15.623,19.264,0.948,0.010921743,-0.01795768,0.002664082,-0.1783991,-0.059661875,-9.7948705,-0.08477159,0.1365233,0.2719409,0.4521893,4,0.71,-1.08,255.76
01:35.9,17,0.95,15.4290865,75.0158982,709.68,0.3702648,182.1669,15.62,19.26,0.94,0.01208922,-0.01670541,0.004036365,-0.1657272,-0.0455471,-9.794463,-0.050297812,0.13121772,0.25500832,0.43130188,4,0.718,-1.086,255.758
01:36.0,17,0.95,15.42908644,75.01589818,709.682,0.36498938,181.62522,15.617,19.254,0.938,0.01299841,-0.02096716,0.003801745,-0.1920956,-0.0558229,-9.7905775,-0.015824034,0.12591214,0.23807574,0.41041446,4,0.726,-1.092,255.756
01:36.0,17,0.95,15.42908638,75.01589816,709.684,0.35971396,181.08354,15.614,19.248,0.936,0.0139076,-0.02522891,0.003567125,-0.218464,-0.0660987,-9.786692,0.018649744,0.12060656,0.22114316,0.38952704,4,0.734,-1.098,255.754
01:36.0,17,0.95,15.42908632,75.01589814,709.686,0.35443854,180.54186,15.611,19.242,0.934,0.008659024,-0.013487348,0.001284404,-0.2316193,-0.087162,-9.785829,0.053123522,0.11530098,0.20421058,0.36863962,4,0.742,-1.104,255.752
01:36.0,17,0.95,15.42908626,75.01589812,709.688,0.34916312,180.00018,15.608,19.236,0.932,0.003410447,-0.001745785,-0.000998317,-0.2447746,-0.1082253,-9.784966,0.0875973,0.1099954,0.187278,0.3477522,4,0.75,-1.11,255.75
01:36.0,17,0.95,15.4290862,75.0158981,709.69,0.3438877,179.4585,15.605,19.23,0.93,0.002433796,-0.006573142,0.001445811,-0.2213792,-0.094612375,-9.7949525,0.11924536,0.105996664,0.17579858,0.32780632,4,0.75,-1.108,255.748
01:36.1,17,0.95,15.42908614,75.01589808,709.692,0.33861228,178.91682,15.602,19.224,0.928,0.001457144,-0.0114005,0.003889938,-0.1979838,-0.08099945,-9.804939,0.15089342,0.101997928,0.16431916,0.30786044,4,0.75,-1.106,255.746
01:36.1,17,0.95,15.42908608,75.01589806,709.694,0.33333686,178.37514,15.599,19.218,0.926,0.006697377,-0.013736685,0.001765153,-0.1897302,-0.07193922,-9.7943295,0.18254148,0.097999192,0.15283974,0.28791456,4,0.75,-1.104,255.744
01:36.1,17,0.95,15.42908602,75.01589804,709.696,0.32806144,177.83346,15.596,19.212,0.924,0.01193761,-0.01607287,-0.000359633,-0.1814766,-0.06287899,-9.78372,0.21418954,0.094000456,0.14136032,0.26796868,4,0.75,-1.102,255.742
01:36.1,17,0.95,15.42908596,75.01589802,709.698,0.32278602,177.29178,15.593,19.206,0.922,0.005380802,-0.010540308,-0.000772096,-0.1883234,-0.069516655,-9.796637,0.2458376,0.09000172,0.1298809,0.2480228,4,0.75,-1.1,255.74
01:36.1,17,0.95,15.4290859,75.015898,709.7,0.3175106,176.7501,15.59,19.2,0.92,-0.001176006,-0.005007745,-0.001184559,-0.1951702,-0.07615432,-9.809554,0.21418954,0.08437165,0.121340364,0.2309074,4,0.75,-1.096,255.738
01:36.2,17,0.95,15.42908587,75.01589799,709.699,0.30921524,174.9766,15.587,19.195,0.91,0.004254544,-0.009826532,0.000675056,-0.20120315,-0.081655295,-9.8111355,0.18254148,0.07874158,0.112799828,0.213792,4,0.75,-1.092,255.736
01:36.2,17,0.95,15.42908584,75.01589798,709.698,0.30091988,173.2031,15.584,19.19,0.9,0.009685094,-0.01464532,0.002534671,-0.2072361,-0.08715627,-9.812717,0.15089342,0.07311151,0.104259292,0.1966766,4,0.75,-1.088,255.734
01:36.2,17,0.95,15.42908581,75.01589797,709.697,0.29262452,171.4296,15.581,19.185,0.89,0.004736664,-0.006371449,0.002985037,-0.2032844,-0.0811029,-9.8025325,0.11924536,0.06748144,0.095718756,0.1795612,4,0.75,-1.084,255.732
01:36.2,17,0.95,15.42908578,75.01589796,709.696,0.28432916,169.6561,15.578,19.18,0.88,-0.000211765,0.001902423,0.003435403,-0.1993327,-0.07504953,-9.792348,0.0875973,0.06185137,0.08717822,0.1624458,4,0.75,-1.08,255.73
01:36.2,17,0.95,15.42908575,75.01589795,709.695,0.2760338,167.8826,15.575,19.175,0.87,0.002583443,-0.004725764,0.002276348,-0.1967509,-0.076641225,-9.801644,0.11698478,0.057070528,0.080858906,0.149815402,4,0.75,-1.08,255.728
01:36.3,17,0.95,15.42908572,75.01589794,709.694,0.26773844,166.1091,15.572,19.17,0.86,0.005378651,-0.01135395,0.001117293,-0.1941691,-0.07823292,-9.81094,0.14637226,0.052289686,0.074539592,0.137185004,4,0.75,-1.08,255.726
01:36.3,17,0.95,15.42908569,75.01589793,709.693,0.25944308,164.3356,15.569,19.165,0.85,0.005362021,-0.0117954,0.000856169,-0.19903175,-0.07997129,-9.811375,0.17575974,0.047508844,0.068220278,0.124554606,4,0.75,-1.08,255.724
01:36.3,17,0.95,15.42908566,75.01589792,709.692,0.25114772,162.5621,15.566,19.16,0.84,0.005345391,-0.01223685,0.000595044,-0.2038944,-0.08170966,-9.81181,0.20514722,0.042728002,0.061900964,0.111924208,4,0.75,-1.08,255.722
01:36.3,17,0.95,15.42908563,75.01589791,709.691,0.24285236,160.7886,15.563,19.155,0.83,0.006606293,-0.01162634,0.000748977,-0.1966949,-0.079462905,-9.8069825,0.2345347,0.03794716,0.05558165,0.09929381,4,0.75,-1.08,255.72
01:36.3,17,0.95,15.4290856,75.0158979,709.69,0.234557,159.0151,15.56,19.15,0.82,0.007867195,-0.01101583,0.000902909,-0.1894954,-0.07721615,-9.802155,0.2113638,0.035946126,0.051707826,0.094416986,4,0.748,-1.078,255.72
01:36.4,17,0.95,15.42908556,75.01589789,709.691,0.22999707,162.42896,15.558,19.144,0.82,0.003640994,-0.007436153,0.000618404,-0.2007643,-0.07835172,-9.7995645,0.1881929,0.033945092,0.047834002,0.089540162,4,0.746,-1.076,255.72
01:36.4,17,0.95,15.42908552,75.01589788,709.692,0.22543714,165.84282,15.556,19.138,0.82,-0.000585207,-0.003856476,0.000333899,-0.2120332,-0.07948729,-9.796974,0.165022,0.031944058,0.043960178,0.084663338,4,0.744,-1.074,255.72
01:36.4,17,0.95,15.42908548,75.01589787,709.693,0.22087721,169.25668,15.554,19.132,0.82,0.003212671,-0.009083248,0.001627042,-0.20159205,-0.07757698,-9.805802,0.1418511,0.029943024,0.040086354,0.079786514,4,0.742,-1.072,255.72
01:36.4,17,0.95,15.42908544,75.01589786,709.694,0.21631728,172.67054,15.552,19.126,0.82,0.00701055,-0.01431002,0.002920185,-0.1911509,-0.07566667,-9.81463,0.1186802,0.02794199,0.03621253,0.07490969,4,0.74,-1.07,255.72
01:36.4,17,0.95,15.4290854,75.01589785,709.695,0.21175735,176.0844,15.55,19.12,0.82,0.006935976,-0.0129267,0.001546666,-0.1943237,-0.07780866,-9.809811,0.16728258,0.034896062,0.04429084,0.078880174,4.8,0.74,-1.066,255.718
01:36.5,17,0.95,15.42908536,75.01589784,709.696,0.20719742,179.49826,15.548,19.114,0.82,0.006861402,-0.01154338,0.000173147,-0.1974965,-0.07995065,-9.804992,0.21588496,0.041850134,0.05236915,0.082850658,5.6,0.74,-1.062,255.716
01:36.5,17,0.95,15.42908532,75.01589783,709.697,0.20263749,182.91212,15.546,19.108,0.82,0.006394834,-0.01163761,0.000902572,-0.197221,-0.07875963,-9.804974,0.26448734,0.048804206,0.06044746,0.086821142,6.4,0.74,-1.058,255.714
01:36.5,17,0.95,15.42908528,75.01589782,709.698,0.19807756,186.32598,15.544,19.102,0.82,0.005928265,-0.01173184,0.001631998,-0.1969455,-0.07756861,-9.804956,0.31308972,0.055758278,0.06852577,0.090791626,7.2,0.74,-1.054,255.712
01:36.5,17,0.95,15.42908524,75.01589781,709.699,0.19351763,189.73984,15.542,19.096,0.82,0.005564144,-0.011648335,0.001427166,-0.1971452,-0.080140465,-9.8081855,0.3616921,0.06271235,0.07660408,0.09476211,8,0.74,-1.05,255.71
01:36.5,17,0.95,15.4290852,75.0158978,709.7,0.1889577,193.1537,15.54,19.09,0.82,0.005200023,-0.01156483,0.001222335,-0.1973449,-0.08271232,-9.811415,0.32156688,0.053046648,0.065970936,0.083246002,7.2,0.74,-1.048,255.71
01:36.6,17.1,0.95,15.4290852,75.01589778,709.697,0.179588734,187.93478,15.537,19.084,0.814,0.005538491,-0.01168977,0.001543131,-0.1979684,-0.081611945,-9.808833,0.28144166,0.043380946,0.055337792,0.071729894,6.4,0.74,-1.046,255.71
01:36.6,17.2,0.95,15.4290852,75.01589776,709.694,0.170219768,182.71586,15.534,19.078,0.808,0.005876959,-0.01181471,0.001863926,-0.1985919,-0.08051157,-9.806251,0.24131644,0.033715244,0.044704648,0.060213786,5.6,0.74,-1.044,255.71
01:36.6,17.3,0.95,15.4290852,75.01589774,709.691,0.160850802,177.49694,15.531,19.072,0.802,0.006169021,-0.012243655,0.00222624,-0.19521715,-0.07948258,-9.8064865,0.20119122,0.024049542,0.034071504,0.048697678,4.8,0.74,-1.042,255.71
01:36.6,17.4,0.95,15.4290852,75.01589772,709.688,0.151481836,172.27802,15.528,19.066,0.796,0.006461082,-0.0126726,0.002588554,-0.1918424,-0.07845359,-9.806722,0.161066,0.01438384,0.02343836,0.03718157,4,0.74,-1.04,255.71
01:36.6,17.5,0.95,15.4290852,75.0158977,709.685,0.14211287,167.0591,15.525,19.06,0.79,0.006692937,-0.01207829,0.002107755,-0.19391295,-0.07796193,-9.8067805,0.15032826,0.013983626,0.02222536,0.035043636,4,0.738,-1.038,255.708
01:36.7,17.6,0.95,15.4290852,75.01589768,709.682,0.132743904,161.84018,15.522,19.054,0.784,0.006924792,-0.01148398,0.001626955,-0.1959835,-0.07747027,-9.806839,0.13959052,0.013583412,0.02101236,0.032905702,4,0.736,-1.036,255.706
01:36.7,17.7,0.95,15.4290852,75.01589766,709.679,0.123374938,156.62126,15.519,19.048,0.778,0.003261768,-0.005697619,0.000998592,-0.1971693,-0.076739725,-9.8092035,0.12885278,0.013183198,0.01979936,0.030767768,4,0.734,-1.034,255.704
01:36.7,17.8,0.95,15.4290852,75.01589764,709.676,0.114005972,151.40234,15.516,19.042,0.772,-0.000401256,8.87E-05,0.000370228,-0.1983551,-0.07600918,-9.811568,0.11811504,0.012782984,0.01858636,0.028629834,4,0.732,-1.032,255.702
01:36.7,17.9,0.95,15.4290852,75.01589762,709.673,0.104637006,146.18342,15.513,19.036,0.766,0.003694529,-0.005723364,0.000880276,-0.1954674,-0.0778891,-9.809326,0.1073773,0.01238277,0.01737336,0.0264919,4,0.73,-1.03,255.7
01:36.7,18,0.95,15.4290852,75.0158976,709.67,0.09526804,140.9645,15.51,19.03,0.76,0.007790314,-0.01153547,0.001390323,-0.1925797,-0.07976902,-9.807084,0.090988136,0.012331288,0.016803496,0.025940064,4,0.73,-1.028,255.698
01:36.8,18,0.95,15.42908518,75.0158976,709.671,0.107576986,142.02376,15.508,19.027,0.765,0.006853462,-0.011784285,0.000825509,-0.1937067,-0.079848665,-9.805515,0.074598972,0.012279806,0.016233632,0.025388228,4,0.73,-1.026,255.696
01:36.8,18,0.95,15.42908516,75.0158976,709.672,0.119885932,143.08302,15.506,19.024,0.77,0.00591661,-0.0120331,0.000260695,-0.1948337,-0.07992831,-9.803946,0.058209808,0.012228324,0.015663768,0.024836392,4,0.73,-1.024,255.694
01:36.8,18,0.95,15.42908514,75.0158976,709.673,0.132194878,144.14228,15.504,19.021,0.775,0.006186697,-0.01137013,0.001045952,-0.1954031,-0.07795133,-9.805499,0.041820644,0.012176842,0.015093904,0.024284556,4,0.73,-1.022,255.692
01:36.8,18,0.95,15.42908512,75.0158976,709.674,0.144503824,145.20154,15.502,19.018,0.78,0.006456784,-0.01070716,0.00183121,-0.1959725,-0.07597435,-9.807052,0.02543148,0.01212536,0.01452404,0.02373272,4,0.73,-1.02,255.69
01:36.8,18,0.95,15.4290851,75.0158976,709.675,0.15681277,146.2608,15.5,19.015,0.785,0.005728164,-0.011617335,0.001757047,-0.1943004,-0.077913975,-9.805736,0.042950944,0.011800708,0.014439994,0.02290195,4,0.728,-1.02,255.69
01:36.9,18,0.95,15.42908508,75.0158976,709.676,0.169121716,147.32006,15.498,19.012,0.79,0.004999544,-0.01252751,0.001682883,-0.1926283,-0.0798536,-9.80442,0.060470408,0.011476056,0.014355948,0.02207118,4,0.726,-1.02,255.69
01:36.9,18,0.95,15.42908506,75.0158976,709.677,0.181430662,148.37932,15.496,19.009,0.795,0.006198841,-0.012167695,0.001862347,-0.19447435,-0.079019995,-9.8049085,0.077989872,0.011151404,0.014271902,0.02124041,4,0.724,-1.02,255.69
01:36.9,18,0.95,15.42908504,75.0158976,709.678,0.193739608,149.43858,15.494,19.006,0.8,0.007398138,-0.01180788,0.002041811,-0.1963204,-0.07818639,-9.805397,0.095509336,0.010826752,0.014187856,0.02040964,4,0.722,-1.02,255.69
01:36.9,18,0.95,15.42908502,75.0158976,709.679,0.206048554,150.49784,15.492,19.003,0.805,0.007005101,-0.01246453,0.001843214,-0.19665335,-0.07750825,-9.8062995,0.1130288,0.0105021,0.01410381,0.01957887,4,0.72,-1.02,255.69
01:36.9,18,0.95,15.429085,75.0158976,709.68,0.2183575,151.5571,15.49,19,0.81,0.006612063,-0.01312118,0.001644617,-0.1969863,-0.07683011,-9.807202,0.109637932,0.0102428,0.013765794,0.018651518,4,0.72,-1.018,255.688
01:37.0,18,0.95,15.42908497,75.01589759,709.684,0.203594232,150.01597,15.488,18.996,0.805,0.005871023,-0.012538225,0.001637376,-0.19569465,-0.07933213,-9.8073045,0.106247064,0.0099835,0.013427778,0.017724166,4,0.72,-1.016,255.686
01:37.0,18,0.95,15.42908494,75.01589758,709.688,0.188830964,148.47484,15.486,18.992,0.8,0.005129984,-0.01195527,0.001630134,-0.194403,-0.08183415,-9.807407,0.102856196,0.0097242,0.013089762,0.016796814,4,0.72,-1.014,255.684
01:37.0,18,0.95,15.42908491,75.01589757,709.692,0.174067696,146.93371,15.484,18.988,0.795,0.002297402,-0.007009402,-0.000520182,-0.1990157,-0.08347538,-9.809627,0.099465328,0.0094649,0.012751746,0.015869462,4,0.72,-1.012,255.682
01:37.0,18,0.95,15.42908488,75.01589756,709.696,0.159304428,145.39258,15.482,18.984,0.79,-0.000535179,-0.002063534,-0.002670499,-0.2036284,-0.08511661,-9.811847,0.09607446,0.0092056,0.01241373,0.01494211,4,0.72,-1.01,255.68
01:37.0,18,0.95,15.42908485,75.01589755,709.7,0.14454116,143.85145,15.48,18.98,0.785,0.002594356,-0.007350792,-0.00068721,-0.1974021,-0.082539655,-9.807711,0.101725908,0.018876294,0.023312798,0.027320894,4.8,0.718,-1.008,255.678
01:37.1,18,0.95,15.42908482,75.01589754,709.704,0.129777892,142.31032,15.478,18.976,0.78,0.005723891,-0.01263805,0.001296079,-0.1911758,-0.0799627,-9.803575,0.107377356,0.028546988,0.034211866,0.039699678,5.6,0.716,-1.006,255.676
01:37.1,18,0.95,15.42908479,75.01589753,709.708,0.115014624,140.76919,15.476,18.972,0.775,0.005725824,-0.01171878,0.001505958,-0.1919125,-0.080053015,-9.8064645,0.113028804,0.038217682,0.045110934,0.052078462,6.4,0.714,-1.004,255.674
01:37.1,18,0.95,15.42908476,75.01589752,709.712,0.100251356,139.22806,15.474,18.968,0.77,0.005727757,-0.01079951,0.001715837,-0.1926492,-0.08014333,-9.809354,0.118680252,0.047888376,0.056010002,0.064457246,7.2,0.712,-1.002,255.672
01:37.1,18,0.95,15.42908473,75.01589751,709.716,0.085488088,137.68693,15.472,18.964,0.765,0.006409207,-0.011389525,0.001452759,-0.1921323,-0.078222875,-9.807523,0.1243317,0.05755907,0.06690907,0.07683603,8,0.71,-1,255.67
01:37.1,18,0.95,15.4290847,75.0158975,709.72,0.07072482,136.1458,15.47,18.96,0.76,0.007090657,-0.01197954,0.001189681,-0.1916154,-0.07630242,-9.805692,0.101725936,0.058283674,0.066547788,0.076170588,8,0.708,-0.998,255.67
01:37.2,18,0.95,15.42908468,75.0158975,709.723,0.086536828,137.57226,15.467,18.954,0.764,0.006819441,-0.01153352,0.000729093,-0.1926286,-0.07692713,-9.8045515,0.079120172,0.059008278,0.066186506,0.075505146,8,0.706,-0.996,255.67
01:37.2,18,0.95,15.42908466,75.0158975,709.726,0.102348836,138.99872,15.464,18.948,0.768,0.006548225,-0.0110875,0.000268506,-0.1936418,-0.07755184,-9.803411,0.056514408,0.059732882,0.065825224,0.074839704,8,0.704,-0.994,255.67
01:37.2,18,0.95,15.42908464,75.0158975,709.729,0.118160844,140.42518,15.461,18.942,0.772,0.006935334,-0.011200475,0.000514416,-0.19384465,-0.07642544,-9.804387,0.033908644,0.060457486,0.065463942,0.074174262,8,0.702,-0.992,255.67
01:37.2,18,0.95,15.42908462,75.0158975,709.732,0.133972852,141.85164,15.458,18.936,0.776,0.007322443,-0.01131345,0.000760327,-0.1940475,-0.07529904,-9.805363,0.01130288,0.06118209,0.06510266,0.07350882,8,0.7,-0.99,255.67
01:37.2,18,0.95,15.4290846,75.0158975,709.735,0.14978486,143.2781,15.455,18.93,0.78,0.007009989,-0.0121049,0.001252857,-0.196551,-0.078552275,-9.8036,0.019214894,0.050759516,0.054224176,0.060920232,7.2,0.7,-0.988,255.668
01:37.3,18,0.95,15.42908458,75.0158975,709.738,0.165596868,144.70456,15.452,18.924,0.784,0.006697535,-0.01289635,0.001745387,-0.1990545,-0.08180551,-9.801837,0.027126908,0.040336942,0.043345692,0.048331644,6.4,0.7,-0.986,255.666
01:37.3,18,0.95,15.42908456,75.0158975,709.741,0.181408876,146.13102,15.449,18.918,0.788,0.00652991,-0.012757885,0.002033458,-0.1972578,-0.078638795,-9.8033335,0.035038922,0.029914367,0.032467208,0.035743056,5.6,0.7,-0.984,255.664
01:37.3,18,0.95,15.42908454,75.0158975,709.744,0.197220884,147.55748,15.446,18.912,0.792,0.006362285,-0.01261942,0.002321529,-0.1954611,-0.07547208,-9.80483,0.042950936,0.019491793,0.021588724,0.023154468,4.8,0.7,-0.982,255.662
01:37.3,18,0.95,15.42908452,75.0158975,709.747,0.213032892,148.98394,15.443,18.906,0.796,0.004294969,-0.007959394,0.002116003,-0.2022963,-0.077520535,-9.802082,0.05086295,0.009069219,0.01071024,0.01056588,4,0.7,-0.98,255.66
01:37.3,18,0.95,15.4290845,75.0158975,709.75,0.2288449,150.4104,15.44,18.9,0.8,0.002227653,-0.003299368,0.001910477,-0.2091315,-0.07956899,-9.799334,0.07064298,0.008826654,0.010481633,0.010502026,4,0.698,-0.978,255.658
01:37.4,18,0.95,15.42908446,75.01589748,709.761,0.22126564,151.8931,15.436,18.894,0.8,0.004530586,-0.007897664,0.001604585,-0.20117575,-0.07775884,-9.80101,0.09042301,0.00858409,0.010253026,0.010438172,4,0.696,-0.976,255.656
01:37.4,18,0.95,15.42908442,75.01589746,709.772,0.21368638,153.3758,15.432,18.888,0.8,0.006833518,-0.01249596,0.001298693,-0.19322,-0.07594869,-9.802686,0.11020304,0.008341525,0.010024419,0.010374318,4,0.694,-0.974,255.654
01:37.4,18,0.95,15.42908438,75.01589744,709.783,0.20610712,154.8585,15.428,18.882,0.8,0.006363395,-0.01191983,0.00162667,-0.19404215,-0.07569778,-9.804421,0.12998307,0.008098961,0.009795812,0.010310464,4,0.692,-0.972,255.652
01:37.4,18,0.95,15.42908434,75.01589742,709.794,0.19852786,156.3412,15.424,18.876,0.8,0.005893272,-0.0113437,0.001954646,-0.1948643,-0.07544687,-9.806156,0.1497631,0.007856396,0.009567205,0.01024661,4,0.69,-0.97,255.65
01:37.4,18,0.95,15.4290843,75.0158974,709.805,0.1909486,157.8239,15.42,18.87,0.8,0.006334365,-0.012008295,0.00208018,-0.19526225,-0.07650423,-9.8042385,0.125461918,0.008029761,0.009260217,0.01011799,4,0.688,-0.97,255.65
01:37.5,18,0.95,15.42908426,75.01589738,709.816,0.18336934,159.3066,15.416,18.864,0.8,0.006775458,-0.01267289,0.002205714,-0.1956602,-0.07756159,-9.802321,0.101160736,0.008203126,0.008953229,0.00998937,4,0.686,-0.97,255.65
01:37.5,18,0.95,15.42908422,75.01589736,709.827,0.17579008,160.7893,15.412,18.858,0.8,0.006647899,-0.011425935,0.002587769,-0.19406515,-0.07773194,-9.8045635,0.076859554,0.00837649,0.00864624,0.009860749,4,0.684,-0.97,255.65
01:37.5,18,0.95,15.42908418,75.01589734,709.838,0.16821082,162.272,15.408,18.852,0.8,0.006520339,-0.01017898,0.002969823,-0.1924701,-0.07790229,-9.806806,0.052558372,0.008549855,0.008339252,0.009732129,4,0.682,-0.97,255.65
01:37.5,18,0.95,15.42908414,75.01589732,709.849,0.16063156,163.7547,15.404,18.846,0.8,0.0067752,-0.01126776,0.002076519,-0.19336035,-0.076722945,-9.8069415,0.02825719,0.00872322,0.008032264,0.009603509,4,0.68,-0.97,255.65
01:37.5,18,0.95,15.4290841,75.0158973,709.86,0.1530523,165.2374,15.4,18.84,0.8,0.007030061,-0.01235654,0.001183214,-0.1942506,-0.0755436,-9.807077,0.021475464,0.008759138,0.008165692,0.009610254,4,0.678,-0.968,255.648
01:37.6,18,0.95,15.42908409,75.01589725,709.856,0.15990491,167.12775,15.396,18.833,0.804,0.006707822,-0.011368705,0.000987181,-0.1958202,-0.076027365,-9.8072015,0.014693738,0.008795056,0.00829912,0.009616999,4,0.676,-0.966,255.646
01:37.6,18,0.95,15.42908408,75.0158972,709.852,0.16675752,169.0181,15.392,18.826,0.808,0.006385582,-0.01038087,0.000791147,-0.1973898,-0.07651113,-9.807326,0.007912013,0.008830975,0.008432548,0.009623744,4,0.674,-0.964,255.644
01:37.6,18,0.95,15.42908407,75.01589715,709.848,0.17361013,170.90845,15.388,18.819,0.812,0.005886068,-0.010772565,0.001057322,-0.19461685,-0.076896705,-9.805844,0.001130287,0.008866893,0.008565976,0.009630489,4,0.672,-0.962,255.642
01:37.6,18,0.95,15.42908406,75.0158971,709.844,0.18046274,172.7988,15.384,18.812,0.816,0.005386553,-0.01116426,0.001323496,-0.1918439,-0.07728228,-9.804362,-0.005651439,0.008902811,0.008699404,0.009637234,4,0.67,-0.96,255.64
01:37.6,18,0.95,15.42908405,75.01589705,709.84,0.18731535,174.68915,15.38,18.805,0.82,0.002542593,-0.008365822,0.000387916,-0.20049415,-0.072498435,-9.7969375,0.015824029,0.008929175,0.008662256,0.009639831,4,0.67,-0.958,255.64
01:37.7,18,0.95,15.42908404,75.015897,709.836,0.19416796,176.5795,15.376,18.798,0.824,-0.000301367,-0.005567383,-0.000547664,-0.2091444,-0.06771459,-9.789513,0.037299497,0.008955539,0.008625108,0.009642427,4,0.67,-0.956,255.64
01:37.7,18,0.95,15.42908403,75.01589695,709.832,0.20102057,178.46985,15.372,18.791,0.828,0.002936365,-0.008394772,0.000348295,-0.2009018,-0.0743669,-9.796285,0.058774964,0.008981904,0.008587959,0.009645024,4,0.67,-0.954,255.64
01:37.7,18,0.95,15.42908402,75.0158969,709.828,0.20787318,180.3602,15.368,18.784,0.832,0.006174097,-0.01122216,0.001244253,-0.1926592,-0.08101921,-9.803057,0.080250432,0.009008268,0.008550811,0.00964762,4,0.67,-0.952,255.64
01:37.7,18,0.95,15.42908401,75.01589685,709.824,0.21472579,182.25055,15.364,18.777,0.836,0.006464057,-0.011354855,0.001062009,-0.19344685,-0.07818128,-9.804713,0.1017259,0.009034632,0.008513663,0.009650217,4,0.67,-0.95,255.64
01:37.7,18,0.95,15.429084,75.0158968,709.82,0.2215784,184.1409,15.36,18.77,0.84,0.006754017,-0.01148755,0.000879765,-0.1942345,-0.07534335,-9.806369,0.11698478,0.008966487,0.00866199,0.009583432,4,0.668,-0.95,255.638
01:37.8,18,0.95,15.42908399,75.01589675,709.818,0.22914059,178.40609,15.356,18.763,0.831,0.006637748,-0.01176019,0.001248865,-0.1953165,-0.07715656,-9.804553,0.13224366,0.008898342,0.008810316,0.009516647,4,0.666,-0.95,255.636
01:37.8,18,0.95,15.42908398,75.0158967,709.816,0.23670278,172.67128,15.352,18.756,0.822,0.006521478,-0.01203283,0.001617965,-0.1963985,-0.07896977,-9.802737,0.14750254,0.008830196,0.008958643,0.009449861,4,0.664,-0.95,255.634
01:37.8,18,0.95,15.42908397,75.01589665,709.814,0.24426497,166.93647,15.348,18.749,0.813,0.006581856,-0.01150688,0.001473419,-0.1944235,-0.079865525,-9.802333,0.16276142,0.008762051,0.009106969,0.009383076,4,0.662,-0.95,255.632
01:37.8,18,0.95,15.42908396,75.0158966,709.812,0.25182716,161.20166,15.344,18.742,0.804,0.006642233,-0.01098093,0.001328872,-0.1924485,-0.08076128,-9.801929,0.1780203,0.008693906,0.009255296,0.009316291,4,0.66,-0.95,255.63
01:37.8,18,0.95,15.42908395,75.01589655,709.81,0.25938935,155.46685,15.34,18.735,0.795,0.006893312,-0.010976055,0.001618989,-0.19174425,-0.079241555,-9.802428,0.17236886,0.017528923,0.020532245,0.022559317,4.8,0.658,-0.948,255.63
01:37.9,18,0.95,15.42908394,75.0158965,709.808,0.26695154,149.73204,15.336,18.728,0.786,0.007144391,-0.01097118,0.001909105,-0.19104,-0.07772183,-9.802927,0.16671742,0.02636394,0.031809194,0.035802343,5.6,0.656,-0.946,255.63
01:37.9,18,0.95,15.42908393,75.01589645,709.806,0.27451373,143.99723,15.332,18.721,0.777,0.006593839,-0.011407985,0.001768692,-0.1920405,-0.07893362,-9.802783,0.16106598,0.035198956,0.043086142,0.049045368,6.4,0.654,-0.944,255.63
01:37.9,18,0.95,15.42908392,75.0158964,709.804,0.28207592,138.26242,15.328,18.714,0.768,0.006043286,-0.01184479,0.001628278,-0.193041,-0.08014541,-9.802639,0.15541454,0.044033973,0.054363091,0.062288394,7.2,0.652,-0.942,255.63
01:37.9,18,0.95,15.42908391,75.01589635,709.802,0.28963811,132.52761,15.324,18.707,0.759,0.006487825,-0.011814235,0.001354172,-0.1924478,-0.08000381,-9.8053215,0.1497631,0.05286899,0.06564004,0.07553142,8,0.65,-0.94,255.63
01:37.9,18,0.95,15.4290839,75.0158963,709.8,0.2972003,126.7928,15.32,18.7,0.75,0.006932364,-0.01178368,0.001080066,-0.1918546,-0.07986221,-9.808004,0.137895086,0.053646174,0.065899592,0.075363802,8,0.648,-0.94,255.628
01:38.0,18,0.95,15.4290839,75.01589626,709.797,0.28117479,131.14665,15.316,18.693,0.754,0.007133106,-0.011705825,0.001120447,-0.1932688,-0.07990865,-9.8060295,0.126027072,0.054423358,0.066159144,0.075196184,8,0.646,-0.94,255.626
01:38.0,18,0.95,15.4290839,75.01589622,709.794,0.26514928,135.5005,15.312,18.686,0.758,0.007333847,-0.01162797,0.001160827,-0.194683,-0.07995509,-9.804055,0.114159058,0.055200542,0.066418696,0.075028566,8,0.644,-0.94,255.624
01:38.0,18,0.95,15.4290839,75.01589618,709.791,0.24912377,139.85435,15.308,18.679,0.762,0.003766057,-0.00491838,-4.52E-05,-0.1997627,-0.078924815,-9.802517,0.102291044,0.055977726,0.066678248,0.074860948,8,0.642,-0.94,255.622
01:38.0,18,0.95,15.4290839,75.01589614,709.788,0.23309826,144.2082,15.304,18.672,0.766,0.000198268,0.00179121,-0.001251136,-0.2048424,-0.07789454,-9.800979,0.09042303,0.05675491,0.0669378,0.07469333,8,0.64,-0.94,255.62
01:38.0,18,0.95,15.4290839,75.0158961,709.785,0.21707275,148.56205,15.3,18.665,0.77,-0.000714407,-0.000307132,0.001302635,-0.20471115,-0.08431135,-9.79702,0.081380726,0.046884357,0.055236882,0.061639454,7.2,0.64,-0.94,255.618
01:38.1,18,0.95,15.4290839,75.01589606,709.782,0.20104724,152.9159,15.296,18.658,0.774,-0.001627081,-0.002405474,0.003856406,-0.2045799,-0.09072816,-9.793061,0.072338422,0.037013804,0.043535964,0.048585579,6.4,0.64,-0.94,255.616
01:38.1,18,0.95,15.4290839,75.01589602,709.779,0.18502173,157.26975,15.292,18.651,0.778,0.002633783,-0.007884082,0.002755473,-0.1996275,-0.084554075,-9.7969935,0.063296118,0.027143251,0.031835045,0.035531703,5.6,0.64,-0.94,255.614
01:38.1,18,0.95,15.4290839,75.01589598,709.776,0.16899622,161.6236,15.288,18.644,0.782,0.006894646,-0.01336269,0.00165454,-0.1946751,-0.07837999,-9.800926,0.054253814,0.017272698,0.020134127,0.022477828,4.8,0.64,-0.94,255.612
01:38.1,18,0.95,15.4290839,75.01589594,709.773,0.15297071,165.97745,15.284,18.637,0.786,0.006635563,-0.012291095,0.001729984,-0.19553695,-0.079652825,-9.8022825,0.04521151,0.007402145,0.008433209,0.009423952,4,0.64,-0.94,255.61
01:38.1,18,0.95,15.4290839,75.0158959,709.77,0.1369452,170.3313,15.28,18.63,0.79,0.00637648,-0.0112195,0.001805427,-0.1963988,-0.08092566,-9.803639,0.031648056,0.007662132,0.008724748,0.009520526,4,0.638,-0.938,255.61
01:38.2,17.9,0.95,15.42908386,75.01589588,709.768,0.17112312,169.10247,15.277,18.625,0.804,0.006150639,-0.01191814,0.001977094,-0.1935199,-0.07782287,-9.804299,0.018084602,0.00792212,0.009016287,0.0096171,4,0.636,-0.936,255.61
01:38.2,17.8,0.95,15.42908382,75.01589586,709.766,0.20530104,167.87364,15.274,18.62,0.818,0.005924797,-0.01261678,0.002148761,-0.190641,-0.07472008,-9.804959,0.004521148,0.008182107,0.009307826,0.009713674,4,0.634,-0.934,255.61
01:38.2,17.7,0.95,15.42908378,75.01589584,709.764,0.23947896,166.64481,15.271,18.615,0.832,0.005745936,-0.011430655,0.001795716,-0.1938752,-0.076841125,-9.806825,-0.009042306,0.008442095,0.009599365,0.009810248,4,0.632,-0.932,255.61
01:38.2,17.6,0.95,15.42908374,75.01589582,709.762,0.27365688,165.41598,15.268,18.61,0.846,0.005567074,-0.01024453,0.001442672,-0.1971094,-0.07896217,-9.808691,-0.02260576,0.008702082,0.009890904,0.009906822,4,0.63,-0.93,255.61
01:38.2,17.5,0.95,15.4290837,75.0158958,709.76,0.3078348,164.18715,15.265,18.605,0.86,0.006076551,-0.01217315,0.001684763,-0.19622885,-0.079592215,-9.8079305,-0.005086298,0.008677654,0.009734681,0.009886811,4,0.628,-0.93,255.608
01:38.3,17.4,0.95,15.42908366,75.01589578,709.758,0.34201272,162.95832,15.262,18.6,0.874,0.006586028,-0.01410177,0.001926854,-0.1953483,-0.08022226,-9.80717,0.012433164,0.008653225,0.009578458,0.009866801,4,0.626,-0.93,255.606
01:38.3,17.3,0.95,15.42908362,75.01589576,709.756,0.37619064,161.72949,15.259,18.595,0.888,0.006684734,-0.013035115,0.001842597,-0.1945392,-0.07873188,-9.8074095,0.029952626,0.008628797,0.009422236,0.00984679,4,0.624,-0.93,255.604
01:38.3,17.2,0.95,15.42908358,75.01589574,709.754,0.41036856,160.50066,15.256,18.59,0.902,0.00678344,-0.01196846,0.00175834,-0.1937301,-0.0772415,-9.807649,0.047472088,0.008604368,0.009266013,0.00982678,4,0.622,-0.93,255.602
01:38.3,17.1,0.95,15.42908354,75.01589572,709.752,0.44454648,159.27183,15.253,18.585,0.916,0.006281587,-0.01183552,0.002030133,-0.19552595,-0.078069185,-9.807769,0.06499155,0.00857994,0.00910979,0.009806769,4,0.62,-0.93,255.6
01:38.3,17,0.95,15.4290835,75.0158957,709.75,0.4787244,158.043,15.25,18.58,0.93,0.005779734,-0.01170258,0.002301926,-0.1973218,-0.07889687,-9.807889,0.058774968,0.008488179,0.009121562,0.009674171,4,0.618,-0.93,255.6
01:38.4,17,0.95,15.42908342,75.01589567,709.751,0.48169535,160.99593,15.245,18.572,0.941,0.004646707,-0.006381938,0.00144232,-0.20419925,-0.082250655,-9.799986,0.052558386,0.008396417,0.009133334,0.009541574,4,0.616,-0.93,255.6
01:38.4,17,0.95,15.42908334,75.01589564,709.752,0.4846663,163.94886,15.24,18.564,0.952,0.00351368,-0.001061296,0.000582715,-0.2110767,-0.08560444,-9.792083,0.046341804,0.008304656,0.009145107,0.009408976,4,0.614,-0.93,255.6
01:38.4,17,0.95,15.42908326,75.01589561,709.753,0.48763725,166.90179,15.235,18.556,0.963,0.005723658,-0.006458343,0.000999716,-0.2022501,-0.080945225,-9.7996345,0.040125222,0.008212894,0.009156879,0.009276379,4,0.612,-0.93,255.6
01:38.4,17,0.95,15.42908318,75.01589558,709.754,0.4906082,169.85472,15.23,18.548,0.974,0.007933636,-0.01185539,0.001416717,-0.1934235,-0.07628601,-9.807186,0.03390864,0.008121133,0.009168651,0.009143781,4,0.61,-0.93,255.6
01:38.4,17,0.95,15.4290831,75.01589555,709.755,0.49357915,172.80765,15.225,18.54,0.985,0.007267481,-0.01232128,0.001835244,-0.1924869,-0.07792988,-9.8068485,0.013563458,0.008194929,0.008898707,0.009110135,4,0.608,-0.93,255.598
01:38.5,17,0.95,15.42908302,75.01589552,709.756,0.4965501,175.76058,15.22,18.532,0.996,0.006601325,-0.01278717,0.00225377,-0.1915503,-0.07957375,-9.806511,-0.006781724,0.008268725,0.008628763,0.00907649,4,0.606,-0.93,255.596
01:38.5,17,0.95,15.42908294,75.01589549,709.757,0.49952105,178.71351,15.215,18.524,1.007,0.00615661,-0.012037265,0.001523548,-0.1939474,-0.078453,-9.806562,-0.027126906,0.00834252,0.00835882,0.009042844,4,0.604,-0.93,255.594
01:38.5,17,0.95,15.42908286,75.01589546,709.758,0.502492,181.66644,15.21,18.516,1.018,0.005711895,-0.01128736,0.000793326,-0.1963445,-0.07733225,-9.806613,-0.047472088,0.008416316,0.008088876,0.009009199,4,0.602,-0.93,255.592
01:38.5,17,0.95,15.42908278,75.01589543,709.759,0.50546295,184.61937,15.205,18.508,1.029,0.00591424,-0.01157754,0.000995638,-0.19584665,-0.07899071,-9.8077835,-0.06781727,0.008490112,0.007818932,0.008975553,4,0.6,-0.93,255.59
01:38.5,17,0.95,15.4290827,75.0158954,709.76,0.5084339,187.5723,15.2,18.5,1.04,0.006116585,-0.01186772,0.00119795,-0.1953488,-0.08064917,-9.808954,-0.037299498,0.01825815,0.01962583,0.021999326,4.8,0.598,-0.93,255.588
01:38.6,17,0.95,15.42908268,75.01589534,709.755,0.465810607,183.15596,15.195,18.492,1.011,0.006174775,-0.01235178,0.001414375,-0.19370805,-0.079081085,-9.810854,-0.006781726,0.028026187,0.031432727,0.0350231,5.6,0.596,-0.93,255.586
01:38.6,17,0.95,15.42908266,75.01589528,709.75,0.423187314,178.73962,15.19,18.484,0.982,0.006232964,-0.01283584,0.001630799,-0.1920673,-0.077513,-9.812754,0.023736046,0.037794225,0.043239625,0.048046873,6.4,0.594,-0.93,255.584
01:38.6,17,0.95,15.42908264,75.01589522,709.745,0.380564021,174.32328,15.185,18.476,0.953,0.006440724,-0.0116538,0.000919949,-0.1910436,-0.07740748,-9.8114865,0.054253818,0.047562262,0.055046522,0.061070647,7.2,0.592,-0.93,255.582
01:38.6,17,0.95,15.42908262,75.01589516,709.74,0.337940728,169.90694,15.18,18.468,0.924,0.006648483,-0.01047176,0.000209099,-0.1900199,-0.07730196,-9.810219,0.08477159,0.0573303,0.06685342,0.07409442,8,0.59,-0.93,255.58
01:38.6,17,0.95,15.4290826,75.0158951,709.735,0.295317435,165.4906,15.175,18.46,0.895,0.007129326,-0.01125498,0.001135449,-0.19227415,-0.07831004,-9.8121305,0.08194587,0.047599402,0.055149089,0.061242887,7.2,0.59,-0.93,255.58
01:38.7,17,0.95,15.42908258,75.01589504,709.73,0.252694142,161.07426,15.17,18.452,0.866,0.007610169,-0.0120382,0.002061799,-0.1945284,-0.07931812,-9.814042,0.07912015,0.037868505,0.043444758,0.048391355,6.4,0.59,-0.93,255.58
01:38.7,17,0.95,15.42908256,75.01589498,709.725,0.210070849,156.65792,15.165,18.444,0.837,0.003963284,-0.011282555,0.001670808,-0.19691505,-0.07717547,-9.801475,0.07629443,0.028137607,0.031740427,0.035539822,5.6,0.59,-0.93,255.58
01:38.7,17,0.95,15.42908254,75.01589492,709.72,0.167447556,152.24158,15.16,18.436,0.808,0.000316399,-0.01052691,0.001279817,-0.1993017,-0.07503282,-9.788908,0.07346871,0.01840671,0.020036096,0.02268829,4.8,0.59,-0.93,255.58
01:38.7,17,0.95,15.42908252,75.01589486,709.715,0.124824263,147.82524,15.155,18.428,0.779,0.003587878,-0.011358855,0.00152801,-0.19668985,-0.07564463,-9.798748,0.07064299,0.008675812,0.008331765,0.009836757,4,0.59,-0.93,255.58
01:38.7,17,0.95,15.4290825,75.0158948,709.71,0.08220097,143.4089,15.15,18.42,0.75,0.006859356,-0.0121908,0.001776203,-0.194078,-0.07625644,-9.808588,0.080250432,0.008504279,0.008446694,0.009807117,4,0.588,-0.93,255.578
01:38.8,17,0.95,15.4290825,75.01589478,709.711,0.091317543,145.93702,15.148,18.416,0.757,0.00634198,-0.0119865,0.001414293,-0.19366325,-0.077390705,-9.8102345,0.089857874,0.008332745,0.008561623,0.009777476,4,0.586,-0.93,255.576
01:38.8,17,0.95,15.4290825,75.01589476,709.712,0.100434116,148.46514,15.146,18.412,0.764,0.005824603,-0.0117822,0.001052383,-0.1932485,-0.07852497,-9.811881,0.099465316,0.008161212,0.008676553,0.009747836,4,0.584,-0.93,255.574
01:38.8,17,0.95,15.4290825,75.01589474,709.713,0.109550689,150.99326,15.144,18.408,0.771,0.006022186,-0.011204235,0.001369327,-0.1933923,-0.07780983,-9.8099945,0.109072758,0.007989678,0.008791482,0.009718195,4,0.582,-0.93,255.572
01:38.8,17,0.95,15.4290825,75.01589472,709.714,0.118667262,153.52138,15.142,18.404,0.778,0.006219768,-0.01062627,0.001686271,-0.1935361,-0.07709469,-9.808108,0.1186802,0.007818145,0.008906411,0.009688555,4,0.58,-0.93,255.57
01:38.8,17,0.95,15.4290825,75.0158947,709.715,0.127783835,156.0495,15.14,18.4,0.785,0.006316555,-0.01108957,0.002067082,-0.1928303,-0.07758412,-9.8082955,0.110768188,0.008111592,0.00893284,0.009612432,4,0.578,-0.93,255.57
01:38.9,17,0.95,15.4290825,75.01589468,709.716,0.136900408,158.57762,15.138,18.396,0.792,0.006413342,-0.01155287,0.002447892,-0.1921245,-0.07807355,-9.808483,0.102856176,0.008405039,0.008959269,0.009536309,4,0.576,-0.93,255.57
01:38.9,17,0.95,15.4290825,75.01589466,709.717,0.146016981,161.10574,15.136,18.392,0.799,0.006759126,-0.01135676,0.002031271,-0.19331415,-0.078024625,-9.8082165,0.094944164,0.008698487,0.008985697,0.009460187,4,0.574,-0.93,255.57
01:38.9,17,0.95,15.4290825,75.01589464,709.718,0.155133554,163.63386,15.134,18.388,0.806,0.007104909,-0.01116065,0.001614649,-0.1945038,-0.0779757,-9.80795,0.087032152,0.008991934,0.009012126,0.009384064,4,0.572,-0.93,255.57
01:38.9,17,0.95,15.4290825,75.01589462,709.719,0.164250127,166.16198,15.132,18.384,0.813,0.007015741,-0.011523685,0.00144006,-0.19612175,-0.078891375,-9.808119,0.07912014,0.009285381,0.009038555,0.009307941,4,0.57,-0.93,255.57
01:38.9,17,0.95,15.4290825,75.0158946,709.72,0.1733667,168.6901,15.13,18.38,0.82,0.006926573,-0.01188672,0.001265471,-0.1977397,-0.07980705,-9.808288,0.064991544,0.009133782,0.009116028,0.009586235,4,0.568,-0.93,255.568
01:39.0,17,0.95,15.42908247,75.01589458,709.724,0.17678238,166.78153,15.126,18.375,0.819,0.006769079,-0.011475775,0.000831302,-0.1959068,-0.0798684,-9.8078285,0.050862948,0.008982183,0.0091935,0.009864529,4,0.566,-0.93,255.566
01:39.0,17,0.95,15.42908244,75.01589456,709.728,0.18019806,164.87296,15.122,18.37,0.818,0.006611584,-0.01106483,0.000397134,-0.1940739,-0.07992975,-9.807369,0.036734351,0.008830583,0.009270973,0.010142822,4,0.564,-0.93,255.564
01:39.0,17,0.95,15.42908241,75.01589454,709.732,0.18361374,162.96439,15.118,18.365,0.817,0.004507966,-0.004475969,0.001082267,-0.1965322,-0.08516292,-9.80907,0.022605755,0.008678984,0.009348445,0.010421116,4,0.562,-0.93,255.562
01:39.0,17,0.95,15.42908238,75.01589452,709.736,0.18702942,161.05582,15.114,18.36,0.816,0.002404348,0.002112892,0.0017674,-0.1989905,-0.09039609,-9.810771,0.008477159,0.008527385,0.009425918,0.01069941,4,0.56,-0.93,255.56
01:39.0,17,0.95,15.42908235,75.0158945,709.74,0.1904451,159.14725,15.11,18.355,0.815,0.004434527,-0.005373409,0.001544373,-0.1969955,-0.08456053,-9.809448,0.015258885,0.008479047,0.00909697,0.010377005,4,0.558,-0.93,255.56
01:39.1,17,0.95,15.42908232,75.01589448,709.744,0.19386078,157.23868,15.106,18.35,0.814,0.006464705,-0.01285971,0.001321345,-0.1950005,-0.07872497,-9.808125,0.022040611,0.008430709,0.008768023,0.010054599,4,0.556,-0.93,255.56
01:39.1,17,0.95,15.42908229,75.01589446,709.748,0.19727646,155.33011,15.102,18.345,0.813,0.006541456,-0.01206011,0.00153453,-0.1956402,-0.079547205,-9.8068365,0.028822338,0.008382371,0.008439075,0.009732194,4,0.554,-0.93,255.56
01:39.1,17,0.95,15.42908226,75.01589444,709.752,0.20069214,153.42154,15.098,18.34,0.812,0.006618206,-0.01126051,0.001747714,-0.1962799,-0.08036944,-9.805548,0.035604064,0.008334033,0.008110128,0.009409788,4,0.552,-0.93,255.56
01:39.1,17,0.95,15.42908223,75.01589442,709.756,0.20410782,151.51297,15.094,18.335,0.811,0.006569463,-0.01122713,0.001603978,-0.1932545,-0.078515765,-9.8050025,0.04238579,0.008285695,0.00778118,0.009087383,4,0.55,-0.93,255.56
01:39.1,17,0.95,15.4290822,75.0158944,709.76,0.2075235,149.6044,15.09,18.33,0.81,0.00652072,-0.01119375,0.001460241,-0.1902291,-0.07666209,-9.804457,0.040125216,0.008486625,0.008097951,0.009365668,4,0.55,-0.93,255.558
01:39.2,17.1,0.95,15.42908216,75.01589437,709.76,0.23141922,153.24822,15.087,18.325,0.831,0.006645159,-0.01203528,0.001377939,-0.19344865,-0.07726609,-9.805517,0.037864642,0.008687556,0.008414723,0.009643954,4,0.55,-0.93,255.556
01:39.2,17.2,0.95,15.42908212,75.01589434,709.76,0.25531494,156.89204,15.084,18.32,0.852,0.006769598,-0.01287681,0.001295636,-0.1966682,-0.07787009,-9.806577,0.035604068,0.008888486,0.008731494,0.009922239,4,0.55,-0.93,255.554
01:39.2,17.3,0.95,15.42908208,75.01589431,709.76,0.27921066,160.53586,15.081,18.315,0.873,0.007319155,-0.012686975,0.001101244,-0.19460805,-0.077767495,-9.8069535,0.033343494,0.009089417,0.009048266,0.010200525,4,0.55,-0.93,255.552
01:39.2,17.4,0.95,15.42908204,75.01589428,709.76,0.30310638,164.17968,15.078,18.31,0.894,0.007868711,-0.01249714,0.000906852,-0.1925479,-0.0776649,-9.80733,0.03108292,0.009290347,0.009365037,0.01047881,4,0.55,-0.93,255.55
01:39.2,17.5,0.95,15.429082,75.01589425,709.76,0.3270021,167.8235,15.075,18.305,0.915,0.007815085,-0.01214041,0.001311632,-0.1928452,-0.07821802,-9.8069165,0.029952632,0.01959849,0.02066382,0.023520066,4.8,0.548,-0.93,255.55
01:39.3,17.6,0.95,15.42908196,75.01589422,709.76,0.35089782,171.46732,15.072,18.3,0.936,0.007761458,-0.01178368,0.001716412,-0.1931425,-0.07877114,-9.806503,0.028822344,0.029906632,0.031962602,0.036561322,5.6,0.546,-0.93,255.55
01:39.3,17.7,0.95,15.42908192,75.01589419,709.76,0.37479354,175.11114,15.069,18.295,0.957,0.007198084,-0.0119344,0.001681853,-0.19219605,-0.07796048,-9.80764,0.027692056,0.040214775,0.043261385,0.049602578,6.4,0.544,-0.93,255.55
01:39.3,17.8,0.95,15.42908188,75.01589416,709.76,0.39868926,178.75496,15.066,18.29,0.978,0.00663471,-0.01208512,0.001647293,-0.1912496,-0.07714982,-9.808777,0.026561768,0.050522917,0.054560167,0.062643834,7.2,0.542,-0.93,255.55
01:39.3,17.9,0.95,15.42908184,75.01589413,709.76,0.42258498,182.39878,15.063,18.285,0.999,0.007371511,-0.010946364,0.00087389,-0.19510085,-0.077364065,-9.80563,0.02543148,0.06083106,0.06585895,0.07568509,8,0.54,-0.93,255.55
01:39.3,18,0.95,15.4290818,75.0158941,709.76,0.4464807,186.0426,15.06,18.28,1.02,0.008108311,-0.009807607,0.000100487,-0.1989521,-0.07757831,-9.802483,0.018084608,0.050532871,0.055305496,0.067233974,7.2,0.538,-0.932,255.548
01:39.4,17.9,0.95,15.42908175,75.01589405,709.766,0.42997957,186.66914,15.056,18.273,1.008,0.002573535,-0.006574042,0.001475556,-0.19889955,-0.083559585,-9.8026655,0.010737736,0.040234683,0.044752042,0.058782858,6.4,0.536,-0.934,255.546
01:39.4,17.8,0.95,15.4290817,75.015894,709.772,0.41347844,187.29568,15.052,18.266,0.996,-0.002961242,-0.003340477,0.002850625,-0.198847,-0.08954086,-9.802848,0.003390864,0.029936494,0.034198588,0.050331742,5.6,0.534,-0.936,255.544
01:39.4,17.7,0.95,15.42908165,75.01589395,709.778,0.39697731,187.92222,15.048,18.259,0.984,0.001685113,-0.007254334,0.001513564,-0.1972868,-0.08476345,-9.8055725,-0.003956008,0.019638306,0.023645134,0.041880626,4.8,0.532,-0.938,255.542
01:39.4,17.6,0.95,15.4290816,75.0158939,709.784,0.38047618,188.54876,15.044,18.252,0.972,0.006331468,-0.01116819,0.000176504,-0.1957266,-0.07998604,-9.808297,-0.01130288,0.009340117,0.01309168,0.03342951,4,0.53,-0.94,255.54
01:39.4,17.5,0.95,15.42908155,75.01589385,709.79,0.36397505,189.1753,15.04,18.245,0.96,0.006980406,-0.01148737,0.00070149,-0.1937574,-0.078113185,-9.8069225,0.014128596,0.009231505,0.012750116,0.031253058,4,0.53,-0.94,255.538
01:39.5,17.4,0.95,15.4290815,75.0158938,709.796,0.34747392,189.80184,15.036,18.238,0.948,0.007629343,-0.01180655,0.001226477,-0.1917882,-0.07624033,-9.805548,0.039560072,0.009122893,0.012408552,0.029076606,4,0.53,-0.94,255.536
01:39.5,17.3,0.95,15.42908145,75.01589375,709.802,0.33097279,190.42838,15.032,18.231,0.936,0.007478819,-0.01185901,0.001134152,-0.1934168,-0.077840335,-9.804889,0.064991548,0.009014281,0.012066988,0.026900154,4,0.53,-0.94,255.534
01:39.5,17.2,0.95,15.4290814,75.0158937,709.808,0.31447166,191.05492,15.028,18.224,0.924,0.007328294,-0.01191147,0.001041827,-0.1950454,-0.07944034,-9.80423,0.090423024,0.008905669,0.011725424,0.024723702,4,0.53,-0.94,255.532
01:39.5,17.1,0.95,15.42908135,75.01589365,709.814,0.29797053,191.68146,15.024,18.217,0.912,0.007092446,-0.011108965,0.001419852,-0.19480065,-0.080667955,-9.804566,0.1158545,0.008797057,0.01138386,0.02254725,4,0.53,-0.94,255.53
01:39.5,17,0.95,15.4290813,75.0158936,709.82,0.2814694,192.308,15.02,18.21,0.9,0.006856597,-0.01030646,0.001797877,-0.1945559,-0.08189557,-9.804902,0.084771586,0.008868423,0.011006841,0.021353748,4,0.528,-0.94,255.53
01:39.6,17,0.95,15.42908133,75.01589375,709.839,0.28893735,192.22712,15.003,18.189,0.908,0.007103387,-0.010916195,0.002145627,-0.19560925,-0.080288585,-9.805085,0.053688672,0.008939789,0.010629822,0.020160246,4,0.526,-0.94,255.53
01:39.6,17,0.95,15.42908136,75.0158939,709.858,0.2964053,192.14624,14.986,18.168,0.916,0.007350177,-0.01152593,0.002493377,-0.1966626,-0.0786816,-9.805268,0.022605758,0.009011156,0.010252804,0.018966744,4,0.524,-0.94,255.53
01:39.6,17,0.95,15.42908139,75.01589405,709.877,0.30387325,192.06536,14.969,18.147,0.924,0.007746779,-0.01148523,0.002452248,-0.19421455,-0.07891604,-9.805034,-0.008477156,0.009082522,0.009875785,0.017773242,4,0.522,-0.94,255.53
01:39.6,17,0.95,15.42908142,75.0158942,709.896,0.3113412,191.98448,14.952,18.126,0.932,0.008143381,-0.01144453,0.002411118,-0.1917665,-0.07915048,-9.8048,-0.03956007,0.009153888,0.009498766,0.01657974,4,0.52,-0.94,255.53
01:39.6,17,0.95,15.42908145,75.01589435,709.915,0.31880915,191.9036,14.935,18.105,0.94,0.007275525,-0.01141144,0.002043499,-0.1930183,-0.08080766,-9.8077465,-0.000565136,0.009023512,0.009604579,0.015815368,4,0.518,-0.942,255.53
01:39.7,17,0.95,15.42908148,75.0158945,709.934,0.3262771,191.82272,14.918,18.084,0.948,0.006407669,-0.01137835,0.001675879,-0.1942701,-0.08246484,-9.810693,0.038429798,0.008893136,0.009710392,0.015050996,4,0.516,-0.944,255.53
01:39.7,17,0.95,15.42908151,75.01589465,709.953,0.33374505,191.74184,14.901,18.063,0.956,0.001658567,-0.005689745,0.000294849,-0.1966352,-0.08924437,-9.7977265,0.077424732,0.00876276,0.009816204,0.014286624,4,0.514,-0.946,255.53
01:39.7,17,0.95,15.42908154,75.0158948,709.972,0.341213,191.66096,14.884,18.042,0.964,-0.003090536,-1.14E-06,-0.001086181,-0.1990003,-0.0960239,-9.78476,0.116419666,0.008632384,0.009922017,0.013522252,4,0.512,-0.948,255.53
01:39.7,17,0.95,15.42908157,75.01589495,709.991,0.34868095,191.58008,14.867,18.021,0.972,0.001397047,-0.005666695,0.000246906,-0.19652745,-0.088386575,-9.7964965,0.1554146,0.008502008,0.01002783,0.01275788,4,0.51,-0.95,255.53
01:39.7,17,0.95,15.4290816,75.0158951,710.01,0.3561489,191.4992,14.85,18,0.98,0.00588463,-0.01133225,0.001579993,-0.1940546,-0.08074925,-9.808233,0.123201392,0.008348366,0.01033267,0.012362226,4,0.51,-0.952,255.528
01:39.8,17.1,0.942,15.42908158,75.01589524,710.046,0.35377044,193.44566,14.835,17.981,0.984,0.005928355,-0.011364635,0.001462127,-0.19459775,-0.078903045,-9.8073815,0.090988184,0.008194724,0.01063751,0.011966572,4,0.51,-0.954,255.526
01:39.8,17.2,0.934,15.42908156,75.01589538,710.082,0.35139198,195.39212,14.82,17.962,0.988,0.00597208,-0.01139702,0.00134426,-0.1951409,-0.07705684,-9.80653,0.058774977,0.008041083,0.01094235,0.011570918,4,0.51,-0.956,255.524
01:39.8,17.3,0.926,15.42908154,75.01589552,710.118,0.34901352,197.33858,14.805,17.943,0.992,0.005821654,-0.011726335,0.001523959,-0.1944985,-0.07508208,-9.806769,0.026561769,0.007887441,0.01124719,0.011175264,4,0.51,-0.958,255.522
01:39.8,17.4,0.918,15.42908152,75.01589566,710.154,0.34663506,199.28504,14.79,17.924,0.996,0.005671227,-0.01205565,0.001703658,-0.1938561,-0.07310732,-9.807008,-0.005651439,0.007733799,0.01155203,0.01077961,4,0.51,-0.96,255.52
01:39.8,17.5,0.91,15.4290815,75.0158958,710.19,0.3442566,201.2315,14.775,17.905,1,0.00454945,-0.005719877,0.001584202,-0.1995879,-0.0736715,-9.8047975,-0.031648051,0.018141569,0.022404464,0.022802308,4.8,0.508,-0.96,255.518
01:39.9,17.6,0.902,15.42908148,75.01589594,710.226,0.34187814,203.17796,14.76,17.886,1.004,0.003427673,0.000615896,0.001464745,-0.2053197,-0.07423568,-9.802587,-0.057644663,0.028549339,0.033256898,0.034825006,5.6,0.506,-0.96,255.516
01:39.9,17.7,0.894,15.42908146,75.01589608,710.262,0.33949968,205.12442,14.745,17.867,1.008,0.004795559,-0.005030197,0.001562748,-0.1990422,-0.077083005,-9.8042135,-0.083641276,0.03895711,0.044109332,0.046847704,6.4,0.504,-0.96,255.514
01:39.9,17.8,0.886,15.42908144,75.01589622,710.298,0.33712122,207.07088,14.73,17.848,1.012,0.006163445,-0.01067629,0.001660751,-0.1927647,-0.07993033,-9.80584,-0.109637888,0.04936488,0.054961766,0.058870402,7.2,0.502,-0.96,255.512
01:39.9,17.9,0.878,15.42908142,75.01589636,710.334,0.33474276,209.01734,14.715,17.829,1.016,0.006159326,-0.010614235,0.001571741,-0.19413955,-0.078916785,-9.805703,-0.1356345,0.05977265,0.0658142,0.0708931,8,0.5,-0.96,255.51
01:39.9,18,0.87,15.4290814,75.0158965,710.37,0.3323643,210.9638,14.7,17.81,1.02,0.006155206,-0.01055218,0.001482731,-0.1955144,-0.07790324,-9.805566,-0.115289328,0.059727406,0.065613598,0.070751212,8,0.5,-0.96,255.51
01:40.0,18,0.87,15.42908133,75.01589659,710.397,0.3879545,209.06293,14.686,17.795,1.04,0.006454336,-0.01137351,0.001103009,-0.1940117,-0.07912863,-9.805432,-0.094944156,0.059682162,0.065412996,0.070609324,8,0.5,-0.96,255.51
01:40.0,18,0.87,15.42908126,75.01589668,710.424,0.4435447,207.16206,14.672,17.78,1.06,0.006753467,-0.01219484,0.000723287,-0.192509,-0.08035402,-9.805298,-0.074598984,0.059636918,0.065212394,0.070467436,8,0.5,-0.96,255.51
01:40.0,18,0.87,15.42908119,75.01589677,710.451,0.4991349,205.26119,14.658,17.765,1.08,0.002228295,-0.004326631,-9.24E-05,-0.1929716,-0.073083955,-9.795842,-0.054253812,0.059591674,0.065011792,0.070325548,8,0.5,-0.96,255.51
01:40.0,18,0.87,15.42908112,75.01589686,710.478,0.5547251,203.36032,14.644,17.75,1.1,-0.002296878,0.003541578,-0.000908162,-0.1934342,-0.06581389,-9.786386,-0.03390864,0.05954643,0.06481119,0.07018366,8,0.5,-0.96,255.51
01:40.0,18,0.87,15.42908105,75.01589695,710.505,0.6103153,201.45945,14.63,17.735,1.12,-0.000724287,0.002573341,0.000480176,-0.19756495,-0.07320119,-9.788428,-0.037299502,0.04926418,0.053680606,0.058172378,7.2,0.498,-0.962,255.508
01:40.1,18,0.87,15.42908098,75.01589704,710.532,0.6659055,199.55858,14.616,17.72,1.14,0.000848304,0.001605104,0.001868514,-0.2016957,-0.08058849,-9.79047,-0.040690364,0.038981931,0.042550022,0.046161096,6.4,0.496,-0.964,255.506
01:40.1,18,0.87,15.42908091,75.01589713,710.559,0.7214957,197.65771,14.602,17.705,1.16,0.003420151,-0.004592658,0.001799612,-0.1974793,-0.08102585,-9.797746,-0.044081226,0.028699681,0.031419437,0.034149814,5.6,0.494,-0.966,255.504
01:40.1,18,0.87,15.42908084,75.01589722,710.586,0.7770859,195.75684,14.588,17.69,1.18,0.005991998,-0.01079042,0.001730709,-0.1932629,-0.08146321,-9.805022,-0.047472088,0.018417432,0.020288853,0.022138532,4.8,0.492,-0.968,255.502
01:40.1,18,0.87,15.42908077,75.01589731,710.613,0.8326761,193.85597,14.574,17.675,1.2,0.006192796,-0.012400525,0.001324666,-0.19261355,-0.078979905,-9.806411,-0.05086295,0.008135182,0.009158269,0.01012725,4,0.49,-0.97,255.5
01:40.1,18,0.87,15.4290807,75.0158974,710.64,0.8882663,191.9551,14.56,17.66,1.22,0.006393594,-0.01401063,0.000918622,-0.1919642,-0.0764966,-9.8078,-0.028257194,0.008240104,0.009116703,0.010109966,4,0.49,-0.972,255.5
01:40.2,18,0.87,15.4290807,75.01589757,710.671,0.81762015,189.58533,14.54,17.636,1.188,0.006539265,-0.0127303,0.001059099,-0.19433375,-0.078335525,-9.806933,-0.005651438,0.008345025,0.009075136,0.010092682,4,0.49,-0.974,255.5
01:40.2,18,0.87,15.4290807,75.01589774,710.702,0.746974,187.21556,14.52,17.612,1.156,0.006684935,-0.01144997,0.001199576,-0.1967033,-0.08017445,-9.806066,0.016954318,0.008449947,0.00903357,0.010075398,4,0.49,-0.976,255.5
01:40.2,18,0.87,15.4290807,75.01589791,710.733,0.67632785,184.84579,14.5,17.588,1.124,0.007100364,-0.0116379,0.001412499,-0.19434155,-0.080336895,-9.8062425,0.039560074,0.008554868,0.008992003,0.010058114,4,0.49,-0.978,255.5
01:40.2,18,0.87,15.4290807,75.01589808,710.764,0.6056817,182.47602,14.48,17.564,1.092,0.007515793,-0.01182583,0.001625422,-0.1919798,-0.08049934,-9.806419,0.06216583,0.00865979,0.008950437,0.01004083,4,0.49,-0.98,255.5
01:40.2,18,0.87,15.4290807,75.01589825,710.795,0.53503555,180.10625,14.46,17.54,1.06,0.007157789,-0.01149231,0.001389932,-0.19476145,-0.07907249,-9.806848,0.031648058,0.008720772,0.008738197,0.0099293,4,0.49,-0.98,255.498
01:40.3,18,0.87,15.4290807,75.01589842,710.826,0.4643894,177.73648,14.44,17.516,1.028,0.006799785,-0.01115879,0.001154441,-0.1975431,-0.07764564,-9.807277,0.001130286,0.008781754,0.008525957,0.00981777,4,0.49,-0.98,255.496
01:40.3,18,0.87,15.4290807,75.01589859,710.857,0.39374325,175.36671,14.42,17.492,0.996,0.00675293,-0.011611815,0.001380177,-0.19532365,-0.079000395,-9.80692,-0.029387486,0.008842736,0.008313717,0.00970624,4,0.49,-0.98,255.494
01:40.3,18,0.87,15.4290807,75.01589876,710.888,0.3230971,172.99694,14.4,17.468,0.964,0.006706074,-0.01206484,0.001605912,-0.1931042,-0.08035515,-9.806563,-0.059905258,0.008903718,0.008101477,0.00959471,4,0.49,-0.98,255.492
01:40.3,18,0.87,15.4290807,75.01589893,710.919,0.25245095,170.62717,14.38,17.444,0.932,0.006628614,-0.011792485,0.002077464,-0.19398765,-0.08032057,-9.807015,-0.09042303,0.0089647,0.007889237,0.00948318,4,0.49,-0.98,255.49
01:40.3,18,0.87,15.4290807,75.0158991,710.95,0.1818048,168.2574,14.36,17.42,0.9,0.006551153,-0.01152013,0.002549015,-0.1948711,-0.08028599,-9.807467,-0.094944184,0.016198542,0.022215404,0.020945512,4,0.484,-0.976,255.488
01:40.4,17.9,0.87,15.4290807,75.01589917,710.97,0.18691917,173.63587,14.35,17.41,0.905,0.002543302,-0.003580047,0.008749903,-0.1925448,-0.066441675,-9.796197,-0.099465338,0.023432384,0.03654157,0.032407844,4,0.478,-0.972,255.486
01:40.4,17.8,0.87,15.4290807,75.01589924,710.99,0.19203354,179.01434,14.34,17.4,0.91,-0.001464549,0.004360035,0.01495079,-0.1902185,-0.05259736,-9.784927,-0.103986492,0.030666226,0.050867737,0.043870176,4,0.472,-0.968,255.484
01:40.4,17.7,0.87,15.4290807,75.01589931,711.01,0.19714791,184.39281,14.33,17.39,0.915,0.001319077,-0.003138323,0.011023153,-0.2229625,-0.09133093,-9.804449,-0.108507646,0.037900068,0.065193903,0.055332508,4,0.466,-0.964,255.482
01:40.4,17.6,0.87,15.4290807,75.01589938,711.03,0.20226228,189.77128,14.32,17.38,0.92,0.004102703,-0.01063668,0.007095515,-0.2557065,-0.1300645,-9.823971,-0.1130288,0.04513391,0.07952007,0.06679484,4,0.46,-0.96,255.48
01:40.4,17.5,0.87,15.4290807,75.01589945,711.05,0.20737665,195.14975,14.31,17.37,0.925,0.000993033,-0.006997691,-0.002768288,-0.18704955,-0.073214155,-9.827919,-0.094944192,0.080738988,0.127162996,0.158503912,4,0.474,-0.978,255.48
01:40.5,17.4,0.87,15.4290807,75.01589952,711.07,0.21249102,200.52822,14.3,17.36,0.93,-0.002116638,-0.003358702,-0.01263209,-0.1183926,-0.01636381,-9.831867,-0.076859584,0.116344066,0.174805922,0.250212984,4,0.488,-0.996,255.48
01:40.5,17.3,0.87,15.4290807,75.01589959,711.09,0.21760539,205.90669,14.29,17.35,0.935,0.022618266,-0.015942506,-0.004394894,-0.1124365,-0.005661307,-9.840991,-0.058774976,0.151949144,0.222448848,0.341922056,4,0.502,-1.014,255.48
01:40.5,17.2,0.87,15.4290807,75.01589966,711.11,0.22271976,211.28516,14.28,17.34,0.94,0.04735317,-0.02852631,0.003842303,-0.1064804,0.005041196,-9.850115,-0.040690368,0.187554222,0.270091774,0.433631128,4,0.516,-1.032,255.48
01:40.5,17.1,0.87,15.4290807,75.01589973,711.13,0.22783413,216.66363,14.27,17.33,0.945,0.01750985,-0.008072135,0.012666737,-0.2345679,-0.122969652,-9.829922,-0.02260576,0.2231593,0.3177347,0.5253402,4,0.53,-1.05,255.48
01:40.5,17,0.87,15.4290807,75.0158998,711.15,0.2329485,222.0421,14.26,17.32,0.95,-0.01233347,0.01238204,0.02149117,-0.3626554,-0.2509805,-9.809729,-0.033908636,0.2278235,0.34352436,0.52317976,4,0.538,-1.06,255.478
01:40.6,16.9,0.87,15.42908073,75.01589985,711.171,0.23567288,226.61763,14.25,17.309,0.955,-0.00370419,0.01147116,0.006028031,-0.234732,-0.118583745,-9.770327,-0.045211512,0.2324877,0.36931402,0.52101932,4,0.546,-1.07,255.476
01:40.6,16.8,0.87,15.42908076,75.0158999,711.192,0.23839726,231.19316,14.24,17.298,0.96,0.004925091,0.01056028,-0.009435109,-0.1068086,0.01381301,-9.730925,-0.056514388,0.2371519,0.39510368,0.51885888,4,0.554,-1.08,255.474
01:40.6,16.7,0.87,15.42908079,75.01589995,711.213,0.24112164,235.76869,14.23,17.287,0.965,0.016042706,-0.02170481,-0.01314281,-0.17295555,-0.04264992,-9.7974125,-0.067817264,0.2418161,0.42089334,0.51669844,4,0.562,-1.09,255.472
01:40.6,16.6,0.87,15.42908082,75.0159,711.234,0.24384602,240.34422,14.22,17.276,0.97,0.02716032,-0.0539699,-0.01685051,-0.2391025,-0.09911285,-9.8639,-0.07912014,0.2464803,0.446683,0.514538,4,0.57,-1.1,255.47
01:40.6,16.5,0.87,15.42908085,75.01590005,711.255,0.2465704,244.91975,14.21,17.265,0.975,0.06008929,-0.059052415,-0.02514953,-0.22420965,-0.114331475,-9.8228555,-0.075729278,0.54871844,0.7931814,1.1182516,4.8,0.514,-1.042,255.474
01:40.7,16.4,0.87,15.42908088,75.0159001,711.276,0.24929478,249.49528,14.2,17.254,0.98,0.09301826,-0.06413493,-0.03344855,-0.2093168,-0.1295501,-9.781811,-0.072338416,0.85095658,1.1396798,1.7219652,5.6,0.458,-0.984,255.478
01:40.7,16.3,0.87,15.42908091,75.01590015,711.297,0.25201916,254.07081,14.19,17.243,0.985,-0.05228802,0.01232869,-0.031100025,-0.3157786,-0.23015865,-9.9947305,-0.068947554,1.15319472,1.4861782,2.3256788,6.4,0.402,-0.926,255.482
01:40.7,16.2,0.87,15.42908094,75.0159002,711.318,0.25474354,258.64634,14.18,17.232,0.99,-0.1975943,0.08879231,-0.0287515,-0.4222404,-0.3307672,-10.20765,-0.065556692,1.45543286,1.8326766,2.9293924,7.2,0.346,-0.868,255.486
01:40.7,16.1,0.87,15.42908097,75.01590025,711.339,0.25746792,263.22187,14.17,17.221,0.995,-0.17140285,0.06076295,-0.007754005,0.00342645,0.0903919,-10.0000565,-0.06216583,1.757671,2.179175,3.533106,8,0.29,-0.81,255.49
01:40.7,16,0.87,15.429081,75.0159003,711.36,0.2601923,267.7974,14.16,17.21,1,-0.1452114,0.03273359,0.01324349,0.4290933,0.511551,-9.792463,-0.063296118,1.6388792,2.05394,3.4202256,7.2,0.326,-0.848,255.486
01:40.8,16,0.878,15.42908099,75.01590024,711.366,0.26267605,261.48535,14.158,17.208,0.996,-0.01397505,-0.014284005,0.008027984,0.05266355,0.18697845,-9.689602,-0.064426406,1.5200874,1.928705,3.3073452,6.4,0.362,-0.886,255.482
01:40.8,16,0.886,15.42908098,75.01590018,711.372,0.2651598,255.1733,14.156,17.206,0.992,0.1172613,-0.0613016,0.002812477,-0.3237662,-0.1375941,-9.586741,-0.065556694,1.4012956,1.80347,3.1944648,5.6,0.398,-0.924,255.478
01:40.8,16,0.894,15.42908097,75.01590012,711.378,0.26764355,248.86125,14.154,17.204,0.988,0.08064179,-0.038107505,0.010670124,-0.2823369,-0.1241513,-9.6173335,-0.066686982,1.2825038,1.678235,3.0815844,4.8,0.434,-0.962,255.474
01:40.8,16,0.902,15.42908096,75.01590006,711.384,0.2701273,242.5492,14.152,17.202,0.984,0.04402228,-0.01491341,0.01852777,-0.2409076,-0.1107085,-9.647926,-0.06781727,1.163712,1.553,2.968704,4,0.47,-1,255.47
01:40.8,16,0.91,15.42908095,75.0159,711.39,0.27261105,236.23715,14.15,17.2,0.98,0.020418128,-0.01513924,0.013123774,-0.24410335,-0.107549,-9.696778,-0.083641296,1.08373282,1.4448256,2.7647578,4,0.46,-0.994,255.47
01:40.9,16,0.918,15.42908094,75.01589994,711.396,0.2750948,229.9251,14.148,17.198,0.976,-0.003186024,-0.01536507,0.007719778,-0.2472991,-0.1043895,-9.74563,-0.099465322,1.00375364,1.3366512,2.5608116,4,0.45,-0.988,255.47
01:40.9,16,0.926,15.42908093,75.01589988,711.402,0.27757855,223.61305,14.146,17.196,0.972,0.005703823,-0.006028667,-0.00102464,-0.19568125,-0.06735053,-9.7704035,-0.115289348,0.92377446,1.2284768,2.3568654,4,0.44,-0.982,255.47
01:40.9,16,0.934,15.42908092,75.01589982,711.408,0.2800623,217.301,14.144,17.194,0.968,0.01459367,0.003307735,-0.009769058,-0.1440634,-0.03031156,-9.795177,-0.131113374,0.84379528,1.1203024,2.1529192,4,0.43,-0.976,255.47
01:40.9,16,0.942,15.42908091,75.01589976,711.414,0.28254605,210.98895,14.142,17.192,0.964,0.01308776,-0.011342808,-0.007339275,-0.1636399,-0.054704065,-9.818854,-0.1469374,0.7638161,1.012128,1.948973,4,0.42,-0.97,255.47
01:40.9,16,0.95,15.4290809,75.0158997,711.42,0.2850298,204.6769,14.14,17.19,0.96,0.01158185,-0.02599335,-0.004909491,-0.1832164,-0.07909657,-9.842531,-0.115854488,0.70368624,0.94161866,1.825078,4,0.426,-0.978,255.468
01:41.0,16,0.95,15.42908088,75.01589965,711.427,0.27707749,203.10502,14.137,17.187,0.952,0.01356458,-0.02600833,-0.000926306,-0.184581,-0.07528953,-9.8464665,-0.084771576,0.64355638,0.87110932,1.701183,4,0.432,-0.986,255.466
01:41.0,16,0.95,15.42908086,75.0158996,711.434,0.26912518,201.53314,14.134,17.184,0.944,0.01554731,-0.02602331,0.003056878,-0.1859456,-0.07148249,-9.850402,-0.053688665,0.58342652,0.80059998,1.577288,4,0.438,-0.994,255.464
01:41.0,16,0.95,15.42908084,75.01589955,711.441,0.26117287,199.96126,14.131,17.181,0.936,0.00082783,-0.010878726,0.005497394,-0.1958958,-0.07749075,-9.8532445,-0.022605753,0.52329666,0.73009064,1.453393,4,0.444,-1.002,255.462
01:41.0,16,0.95,15.42908082,75.0158995,711.448,0.25322056,198.38938,14.128,17.178,0.928,-0.01389165,0.004265858,0.00793791,-0.205846,-0.08349901,-9.856087,0.008477159,0.4631668,0.6595813,1.329498,4,0.45,-1.01,255.46
01:41.0,16,0.95,15.4290808,75.01589945,711.455,0.24526825,196.8175,14.125,17.175,0.92,-0.003712903,-0.001462898,0.003511647,-0.20883535,-0.07928428,-9.83996,-0.044081233,0.43165878,0.61513068,1.23426414,4,0.45,-1.012,255.46
01:41.1,16,0.95,15.42908078,75.0158994,711.462,0.23731594,195.24562,14.122,17.172,0.912,0.006465843,-0.007191653,-0.000914615,-0.2118247,-0.07506955,-9.823833,-0.096639625,0.40015076,0.57068006,1.13903028,4,0.45,-1.014,255.46
01:41.1,16,0.95,15.42908076,75.01589935,711.469,0.22936363,193.67374,14.119,17.169,0.904,0.004163128,-0.011327057,0.000293471,-0.18568065,-0.06153392,-9.8178545,-0.149198016,0.36864274,0.52622944,1.04379642,4,0.45,-1.016,255.46
01:41.1,16,0.95,15.42908074,75.0158993,711.476,0.22141132,192.10186,14.116,17.166,0.896,0.001860412,-0.01546246,0.001501557,-0.1595366,-0.04799829,-9.811876,-0.201756408,0.33713472,0.48177882,0.94856256,4,0.45,-1.018,255.46
01:41.1,16,0.95,15.42908072,75.01589925,711.483,0.21345901,190.52998,14.113,17.163,0.888,0.005508651,-0.011969824,0.001710485,-0.18348275,-0.070246465,-9.814721,-0.2543148,0.3056267,0.4373282,0.8533287,4,0.45,-1.02,255.46
01:41.1,16,0.95,15.4290807,75.0158992,711.49,0.2055067,188.9581,14.11,17.16,0.88,0.009156889,-0.008477188,0.001919412,-0.2074289,-0.09249464,-9.817566,-0.202886696,0.28294488,0.4100011,0.80108074,4,0.448,-1.022,255.458
01:41.2,16.2,0.95,15.4290807,75.01589917,711.49,0.20640015,184.26307,14.107,17.158,0.873,0.007285377,-0.012904969,0.001026424,-0.20840205,-0.091997435,-9.8159875,-0.151458592,0.26026306,0.382674,0.74883278,4,0.446,-1.024,255.456
01:41.2,16.4,0.95,15.4290807,75.01589914,711.49,0.2072936,179.56804,14.104,17.156,0.866,0.005413865,-0.01733275,0.000133435,-0.2093752,-0.09150023,-9.814409,-0.100030488,0.23758124,0.3553469,0.69658482,4,0.444,-1.026,255.454
01:41.2,16.6,0.95,15.4290807,75.01589911,711.49,0.20818705,174.87301,14.101,17.154,0.859,0.003384517,-0.011840594,0.000779833,-0.19240615,-0.061922125,-9.8080225,-0.048602384,0.21489942,0.3280198,0.64433686,4,0.442,-1.028,255.452
01:41.2,16.8,0.95,15.4290807,75.01589908,711.49,0.2090805,170.17798,14.098,17.152,0.852,0.001355168,-0.006348438,0.001426231,-0.1754371,-0.03234402,-9.801636,0.00282572,0.1922176,0.3006927,0.5920889,4,0.44,-1.03,255.45
01:41.2,17,0.95,15.4290807,75.01589905,711.49,0.20997395,165.48295,14.095,17.15,0.845,0.004213254,-0.007106432,0.002563811,-0.1991479,-0.0659788,-9.7994155,-0.013563452,0.18352944,0.28970104,0.55403396,4.8,0.44,-1.03,255.45
01:41.3,17.2,0.95,15.4290807,75.01589902,711.49,0.2108674,160.78792,14.092,17.148,0.838,0.007071341,-0.007864425,0.00370139,-0.2228587,-0.09961358,-9.797195,-0.029952624,0.17484128,0.27870938,0.51597902,5.6,0.44,-1.03,255.45
01:41.3,17.4,0.95,15.4290807,75.01589899,711.49,0.21176085,156.09289,14.089,17.146,0.831,0.004708516,-0.009504748,0.003242504,-0.2077211,-0.086884415,-9.8076065,-0.046341796,0.16615312,0.26771772,0.47792408,6.4,0.44,-1.03,255.45
01:41.3,17.6,0.95,15.4290807,75.01589896,711.49,0.2126543,151.39786,14.086,17.144,0.824,0.00234569,-0.01114507,0.002783617,-0.1925835,-0.07415525,-9.818018,-0.062730968,0.15746496,0.25672606,0.43986914,7.2,0.44,-1.03,255.45
01:41.3,17.8,0.95,15.4290807,75.01589893,711.49,0.21354775,146.70283,14.083,17.142,0.817,0.00623102,-0.013844745,0.00172633,-0.1850009,-0.069405705,-9.805836,-0.07912014,0.1487768,0.2457344,0.4018142,8,0.44,-1.03,255.45
01:41.3,18,0.95,15.4290807,75.0158989,711.49,0.2144412,142.0078,14.08,17.14,0.81,0.01011635,-0.01654442,0.000669043,-0.1774183,-0.06465616,-9.793654,-0.044646362,0.134079136,0.22498668,0.3758878,7.2,0.44,-1.032,255.448
01:41.4,18,0.95,15.42908072,75.01589889,711.4888889,0.211127567,138.7796111,14.07666667,17.13777778,0.807777778,0.00593481,-0.006830549,0.000889222,-0.19112075,-0.08124867,-9.790962,-0.010172584,0.119381472,0.20423896,0.3499614,6.4,0.44,-1.034,255.446
01:41.4,18,0.95,15.42908074,75.01589888,711.4877778,0.207813933,135.5514222,14.07333333,17.13555556,0.805555556,0.00175327,0.002883323,0.001109401,-0.2048232,-0.09784118,-9.78827,0.024301194,0.104683808,0.18349124,0.324035,5.6,0.44,-1.036,255.444
01:41.4,18,0.95,15.42908077,75.01589887,711.4866667,0.2045003,132.3232333,14.07,17.13333333,0.803333333,0.001720249,0.002286724,4.83E-05,-0.19912455,-0.079180455,-9.796907,0.058774972,0.089986144,0.16274352,0.2981086,4.8,0.44,-1.038,255.442
01:41.4,18,0.95,15.42908079,75.01589886,711.4855556,0.201186667,129.0950444,14.06666667,17.13111111,0.801111111,0.001687228,0.001690124,-0.00101277,-0.1934259,-0.06051973,-9.805544,0.09324875,0.07528848,0.1419958,0.2721822,4,0.44,-1.04,255.44
01:41.4,18,0.95,15.42908081,75.01589884,711.4844444,0.197873033,125.8668556,14.06333333,17.12888889,0.798888889,0.003398348,-0.005112023,8.38E-05,-0.19619265,-0.070324335,-9.807907,0.062165834,0.069551996,0.1340122,0.25717228,4,0.44,-1.042,255.44
01:41.5,18,0.95,15.42908083,75.01589883,711.4833333,0.1945594,122.6386667,14.06,17.12666667,0.796666667,0.005109467,-0.01191417,0.001180448,-0.1989594,-0.08012894,-9.81027,0.031082918,0.063815512,0.1260286,0.24216236,4,0.44,-1.044,255.44
01:41.5,18,0.95,15.42908086,75.01589882,711.4822222,0.191245767,119.4104778,14.05666667,17.12444444,0.794444444,0.005681575,-0.010922664,0.001763826,-0.19608065,-0.07679655,-9.8055505,2.00E-09,0.058079028,0.118045,0.22715244,4,0.44,-1.046,255.44
01:41.5,18,0.95,15.42908088,75.01589881,711.4811111,0.187932133,116.1822889,14.05333333,17.12222222,0.792222222,0.006253682,-0.009931158,0.002347204,-0.1932019,-0.07346416,-9.800831,-0.031082914,0.052342544,0.1100614,0.21214252,4,0.44,-1.048,255.44
01:41.5,18,0.95,15.4290809,75.0158988,711.48,0.1846185,112.9541,14.05,17.12,0.79,0.006979611,-0.011506604,0.001963857,-0.19191535,-0.07327252,-9.8027215,-0.06216583,0.04660606,0.1020778,0.1971326,4,0.44,-1.05,255.44
01:41.5,18,0.95,15.42908091,75.01589879,711.4818182,0.181617545,111.8349,14.04818182,17.11818182,0.789090909,0.007705539,-0.01308205,0.00158051,-0.1906288,-0.07308088,-9.804612,-0.065556692,0.043508788,0.096909888,0.186957,4,0.44,-1.05,255.438
01:41.6,18,0.95,15.42908092,75.01589878,711.4836364,0.178616591,110.7157,14.04636364,17.11636364,0.788181818,0.006797214,-0.01250269,0.002057215,-0.19435485,-0.07721683,-9.8074815,-0.068947554,0.040411516,0.091741976,0.1767814,4,0.44,-1.05,255.436
01:41.6,18,0.95,15.42908093,75.01589877,711.4854545,0.175615636,109.5965,14.04454545,17.11454545,0.787272727,0.005888889,-0.01192333,0.00253392,-0.1980809,-0.08135278,-9.810351,-0.072338416,0.037314244,0.086574064,0.1666058,4,0.44,-1.05,255.434
01:41.6,18,0.95,15.42908094,75.01589876,711.4872727,0.172614682,108.4773,14.04272727,17.11272727,0.786363636,0.003592449,-0.007505633,0.004207428,-0.1984032,-0.075707345,-9.8047555,-0.075729278,0.034216972,0.081406152,0.1564302,4,0.44,-1.05,255.432
01:41.6,18,0.95,15.42908095,75.01589875,711.4890909,0.169613727,107.3581,14.04090909,17.11090909,0.785454545,0.001296009,-0.003087937,0.005880935,-0.1987255,-0.07006191,-9.79916,-0.07912014,0.0311197,0.07623824,0.1462546,4,0.44,-1.05,255.43
01:41.6,18,0.95,15.42908095,75.01589875,711.4909091,0.166612773,106.2389,14.03909091,17.10909091,0.784545455,0.003959173,-0.007455684,0.003563428,-0.19875535,-0.074773255,-9.803834,-0.066686976,0.029175432,0.07248742,0.13874204,4,0.44,-1.052,255.43
01:41.7,18,0.95,15.42908096,75.01589874,711.4927273,0.163611818,105.1197,14.03727273,17.10727273,0.783636364,0.006622336,-0.01182343,0.00124592,-0.1987852,-0.0794846,-9.808508,-0.054253812,0.027231164,0.0687366,0.13122948,4,0.44,-1.054,255.43
01:41.7,18,0.95,15.42908097,75.01589873,711.4945455,0.160610864,104.0005,14.03545455,17.10545455,0.782727273,0.006980641,-0.012215775,0.00143371,-0.1967062,-0.07758926,-9.8086,-0.041820648,0.025286896,0.06498578,0.12371692,4,0.44,-1.056,255.43
01:41.7,18,0.95,15.42908098,75.01589872,711.4963636,0.157609909,102.8813,14.03363636,17.10363636,0.781818182,0.007338946,-0.01260812,0.001621499,-0.1946272,-0.07569392,-9.808692,-0.029387484,0.023342628,0.06123496,0.11620436,4,0.44,-1.058,255.43
01:41.7,18,0.95,15.42908099,75.01589871,711.4981818,0.154608955,101.7621,14.03181818,17.10181818,0.780909091,0.007131846,-0.011226453,0.001255564,-0.19430345,-0.076635535,-9.8076585,-0.01695432,0.02139836,0.05748414,0.1086918,4,0.44,-1.06,255.43
01:41.7,18,0.95,15.429081,75.0158987,711.5,0.151608,100.6429,14.03,17.1,0.78,0.006924746,-0.009844786,0.000889629,-0.1939797,-0.07757715,-9.806625,0.00169543,0.020184568,0.055020694,0.103257804,4,0.438,-1.06,255.428
01:41.8,18,0.95,15.42908102,75.0158987,711.502,0.14849793,103.67484,14.027,17.097,0.78,0.004780252,-0.004817571,0.000980896,-0.19738505,-0.07440328,-9.795859,0.02034518,0.018970776,0.052557248,0.097823808,4,0.436,-1.06,255.426
01:41.8,18,0.95,15.42908104,75.0158987,711.504,0.14538786,106.70678,14.024,17.094,0.78,0.002635757,0.000209645,0.001072163,-0.2007904,-0.07122941,-9.785093,0.03899493,0.017756984,0.050093802,0.092389812,4,0.434,-1.06,255.424
01:41.8,18,0.95,15.42908106,75.0158987,711.506,0.14227779,109.73872,14.021,17.091,0.78,0.004382209,-0.006549303,0.001113699,-0.19791275,-0.07392782,-9.796249,0.05764468,0.016543192,0.047630356,0.086955816,4,0.432,-1.06,255.422
01:41.8,18,0.95,15.42908108,75.0158987,711.508,0.13916772,112.77066,14.018,17.088,0.78,0.006128662,-0.01330825,0.001155235,-0.1950351,-0.07662623,-9.807405,0.07629443,0.0153294,0.04516691,0.08152182,4,0.43,-1.06,255.42
01:41.8,18,0.95,15.4290811,75.0158987,711.51,0.13605765,115.8026,14.015,17.085,0.78,0.00626774,-0.012543445,0.001536982,-0.196162,-0.07722935,-9.806794,0.041820652,0.023904432,0.052465868,0.083200668,4.8,0.43,-1.062,255.418
01:41.9,18,0.95,15.42908112,75.0158987,711.512,0.13294758,118.83454,14.012,17.082,0.78,0.006406817,-0.01177864,0.001918728,-0.1972889,-0.07783247,-9.806183,0.007346874,0.032479464,0.059764826,0.084879516,5.6,0.43,-1.064,255.416
01:41.9,18,0.95,15.42908114,75.0158987,711.514,0.12983751,121.86648,14.009,17.079,0.78,0.006850058,-0.011929165,0.001588799,-0.1949955,-0.077217025,-9.8060575,-0.027126904,0.041054496,0.067063784,0.086558364,6.4,0.43,-1.066,255.414
01:41.9,18,0.95,15.42908116,75.0158987,711.516,0.12672744,124.89842,14.006,17.076,0.78,0.007293298,-0.01207969,0.001258869,-0.1927021,-0.07660158,-9.805932,-0.061600682,0.049629528,0.074362742,0.088237212,7.2,0.43,-1.068,255.412
01:41.9,18,0.95,15.42908118,75.0158987,711.518,0.12361737,127.93036,14.003,17.073,0.78,0.006621532,-0.012678155,0.001288834,-0.19374465,-0.0753098,-9.8072415,-0.09607446,0.05820456,0.0816617,0.08991606,8,0.43,-1.07,255.41
01:41.9,18,0.95,15.4290812,75.0158987,711.52,0.1205073,130.9623,14,17.07,0.78,0.005949765,-0.01327662,0.001318799,-0.1947872,-0.07401802,-9.808551,-0.051428088,0.058424254,0.080857764,0.088983766,8,0.43,-1.07,255.41
01:42.0,18,0.95,15.42908121,75.01589869,711.525,0.110958569,127.09513,13.997,17.068,0.779,0.006199661,-0.012641035,0.001871001,-0.19549615,-0.07647356,-9.808458,-0.006781716,0.058643948,0.080053828,0.088051472,8,0.43,-1.07,255.41
01:42.0,18,0.95,15.42908122,75.01589868,711.53,0.101409838,123.22796,13.994,17.066,0.778,0.006449556,-0.01200545,0.002423203,-0.1962051,-0.0789291,-9.808365,0.037864656,0.058863642,0.079249892,0.087119178,8,0.43,-1.07,255.41
01:42.0,18,0.95,15.42908123,75.01589867,711.535,0.091861107,119.36079,13.991,17.064,0.777,0.006781479,-0.011620825,0.00186919,-0.1951871,-0.07741076,-9.808511,0.082511028,0.059083336,0.078445956,0.086186884,8,0.43,-1.07,255.41
01:42.0,18,0.95,15.42908124,75.01589866,711.54,0.082312376,115.49362,13.988,17.062,0.776,0.007113401,-0.0112362,0.001315176,-0.1941691,-0.07589242,-9.808657,0.1271574,0.05930303,0.07764202,0.08525459,8,0.43,-1.07,255.41
01:42.0,18,0.95,15.42908125,75.01589865,711.545,0.072763645,111.62645,13.985,17.06,0.775,0.006345188,-0.01062484,0.00143127,-0.1937191,-0.07650787,-9.808973,0.07912016,0.049319009,0.06606724,0.074920536,7.2,0.43,-1.072,255.408
01:42.1,18,0.95,15.42908126,75.01589864,711.55,0.063214914,107.75928,13.982,17.058,0.774,0.005576974,-0.01001348,0.001547365,-0.1932691,-0.07712332,-9.809289,0.03108292,0.039334989,0.05449246,0.064586482,6.4,0.43,-1.074,255.406
01:42.1,18,0.95,15.42908127,75.01589863,711.555,0.053666183,103.89211,13.979,17.056,0.773,0.002779649,-0.006547443,-0.000321058,-0.20035,-0.073083765,-9.802976,-0.01695432,0.029350968,0.04291768,0.054252428,5.6,0.43,-1.076,255.404
01:42.1,18,0.95,15.42908128,75.01589862,711.56,0.044117452,100.02494,13.976,17.054,0.772,-1.77E-05,-0.003081406,-0.00218948,-0.2074309,-0.06904421,-9.796663,-0.06499156,0.019366948,0.0313429,0.043918374,4.8,0.43,-1.078,255.402
01:42.1,18,0.95,15.42908129,75.01589861,711.565,0.034568721,96.15777,13.973,17.052,0.771,0.003115253,-0.007830843,-0.000325901,-0.20021855,-0.072991705,-9.801579,-0.1130288,0.009382927,0.01976812,0.03358432,4,0.43,-1.08,255.4
01:42.1,18,0.95,15.4290813,75.0158986,711.57,0.02501999,92.2906,13.97,17.05,0.77,0.006248182,-0.01258028,0.001537678,-0.1930062,-0.0769392,-9.806495,-0.079685306,0.009364325,0.018864934,0.031989636,4,0.43,-1.082,255.4
01:42.2,17.8,0.95,15.42908131,75.01589859,711.566,0.050476001,95.37939,13.968,17.048,0.77,0.005726835,-0.011374835,0.001196474,-0.1920482,-0.07647519,-9.807152,-0.046341812,0.009345723,0.017961748,0.030394952,4,0.43,-1.084,255.4
01:42.2,17.6,0.95,15.42908132,75.01589858,711.562,0.075932012,98.46818,13.966,17.046,0.77,0.005205489,-0.01016939,0.000855269,-0.1910902,-0.07601118,-9.807809,-0.012998318,0.009327122,0.017058562,0.028800268,4,0.43,-1.086,255.4
01:42.2,17.4,0.95,15.42908133,75.01589857,711.558,0.101388023,101.55697,13.964,17.044,0.77,0.005576796,-0.01094393,0.001241704,-0.1918194,-0.07692014,-9.8047435,0.020345176,0.00930852,0.016155376,0.027205584,4,0.43,-1.088,255.4
01:42.2,17.2,0.95,15.42908134,75.01589856,711.554,0.126844034,104.64576,13.962,17.042,0.77,0.005948102,-0.01171847,0.001628138,-0.1925486,-0.0778291,-9.801678,0.05368867,0.009289918,0.01525219,0.0256109,4,0.43,-1.09,255.4
01:42.2,17,0.95,15.42908135,75.01589855,711.55,0.152300045,107.73455,13.96,17.04,0.77,0.005419279,-0.01108692,0.002074365,-0.1947496,-0.077364815,-9.8060735,0.025996618,0.009430545,0.014662036,0.025976962,4,0.43,-1.09,255.398
01:42.3,16.8,0.95,15.42908136,75.01589854,711.546,0.177756056,110.82334,13.958,17.038,0.77,0.004890455,-0.01045537,0.002520593,-0.1969506,-0.07690053,-9.810469,-0.001695434,0.009571172,0.014071882,0.026343024,4,0.43,-1.09,255.396
01:42.3,16.6,0.95,15.42908137,75.01589853,711.542,0.203212067,113.91213,13.956,17.036,0.77,0.005827064,-0.011722895,0.001911769,-0.19588765,-0.07763203,-9.8093475,-0.029387486,0.009711798,0.013481728,0.026709086,4,0.43,-1.09,255.394
01:42.3,16.4,0.95,15.42908138,75.01589852,711.538,0.228668078,117.00092,13.954,17.034,0.77,0.006763672,-0.01299042,0.001302945,-0.1948247,-0.07836353,-9.808226,-0.057079538,0.009852425,0.012891574,0.027075148,4,0.43,-1.09,255.392
01:42.3,16.2,0.95,15.42908139,75.01589851,711.534,0.254124089,120.08971,13.952,17.032,0.77,0.006674602,-0.01231665,0.000949779,-0.1948646,-0.078399745,-9.805195,-0.08477159,0.009993052,0.01230142,0.02744121,4,0.43,-1.09,255.39
01:42.3,16,0.95,15.4290814,75.0158985,711.53,0.2795801,123.1785,13.95,17.03,0.77,0.006585532,-0.01164288,0.000596614,-0.1949045,-0.07843596,-9.802164,-0.092683612,0.009707374,0.012172768,0.025836048,4,0.43,-1.092,255.39
01:42.4,15.9,0.952,15.42908134,75.0158985,711.535,0.31184451,127.97229,13.947,17.027,0.803,0.006935112,-0.012232845,0.001105599,-0.195292,-0.077780105,-9.806179,-0.100595634,0.009421696,0.012044116,0.024230886,4,0.43,-1.094,255.39
01:42.4,15.8,0.954,15.42908128,75.0158985,711.54,0.34410892,132.76608,13.944,17.024,0.836,0.007284692,-0.01282281,0.001614583,-0.1956795,-0.07712425,-9.810194,-0.108507656,0.009136019,0.011915464,0.022625724,4,0.43,-1.096,255.39
01:42.4,15.7,0.956,15.42908122,75.0158985,711.545,0.37637333,137.55987,13.941,17.021,0.869,0.00298451,-0.006303178,-0.001546568,-0.2006703,-0.076606265,-9.7947285,-0.116419678,0.008850341,0.011786812,0.021020562,4,0.43,-1.098,255.39
01:42.4,15.6,0.958,15.42908116,75.0158985,711.55,0.40863774,142.35366,13.938,17.018,0.902,-0.001315672,0.000216455,-0.004707719,-0.2056611,-0.07608828,-9.779263,-0.1243317,0.008564663,0.01165816,0.0194154,4,0.43,-1.1,255.39
01:42.4,15.5,0.96,15.4290811,75.0158985,711.555,0.44090215,147.14745,13.935,17.015,0.935,0.002617577,-0.005799668,-0.001488004,-0.200504,-0.076279255,-9.7923545,-0.12094082,0.008437853,0.011334278,0.018351016,4,0.428,-1.1,255.388
01:42.5,15.4,0.962,15.42908104,75.0158985,711.56,0.47316656,151.94124,13.932,17.012,0.968,0.006550825,-0.01181579,0.001731712,-0.1953469,-0.07647023,-9.805446,-0.11754994,0.008311043,0.011010396,0.017286632,4,0.426,-1.1,255.386
01:42.5,15.3,0.964,15.42908098,75.0158985,711.565,0.50543097,156.73503,13.929,17.009,1.001,0.006692387,-0.01187134,0.001719487,-0.19465045,-0.077070835,-9.8064,-0.11415906,0.008184232,0.010686514,0.016222248,4,0.424,-1.1,255.384
01:42.5,15.2,0.966,15.42908092,75.0158985,711.57,0.53769538,161.52882,13.926,17.006,1.034,0.006833949,-0.01192689,0.001707261,-0.193954,-0.07767144,-9.807354,-0.11076818,0.008057422,0.010362632,0.015157864,4,0.422,-1.1,255.382
01:42.5,15.1,0.968,15.42908086,75.0158985,711.575,0.56995979,166.32261,13.923,17.003,1.067,0.006572727,-0.011322635,0.0016009,-0.1952427,-0.07783708,-9.806777,-0.1073773,0.007930612,0.01003875,0.01409348,4,0.42,-1.1,255.38
01:42.5,15,0.97,15.4290808,75.0158985,711.58,0.6022242,171.1164,13.92,17,1.1,0.006311505,-0.01071838,0.001494539,-0.1965314,-0.07800272,-9.8062,-0.09607443,0.01748628,0.020842526,0.02595629,4.8,0.42,-1.102,255.378
01:42.6,15,0.97,15.42908077,75.01589848,711.583,0.56180304,172.58446,13.917,16.997,1.076,0.006307347,-0.011117205,0.001428469,-0.1972065,-0.07769007,-9.8056365,-0.08477156,0.027041947,0.031646302,0.0378191,5.6,0.42,-1.104,255.376
01:42.6,15,0.97,15.42908074,75.01589846,711.586,0.52138188,174.05252,13.914,16.994,1.052,0.006303189,-0.01151603,0.001362399,-0.1978816,-0.07737742,-9.805073,-0.07346869,0.036597615,0.042450078,0.04968191,6.4,0.42,-1.106,255.374
01:42.6,15,0.97,15.42908071,75.01589844,711.589,0.48096072,175.52058,13.911,16.991,1.028,0.006330287,-0.011768605,0.00138574,-0.19644625,-0.07778565,-9.8051995,-0.06216582,0.046153282,0.053253854,0.06154472,7.2,0.42,-1.108,255.372
01:42.6,15,0.97,15.42908068,75.01589842,711.592,0.44053956,176.98864,13.908,16.988,1.004,0.006357384,-0.01202118,0.001409081,-0.1950109,-0.07819388,-9.805326,-0.05086295,0.05570895,0.06405763,0.07340753,8,0.42,-1.11,255.37
01:42.6,15,0.97,15.42908065,75.0158984,711.595,0.4001184,178.4567,13.905,16.985,0.98,0.00688211,-0.012034045,0.000976876,-0.194937,-0.07753258,-9.8056225,-0.044081224,0.046254767,0.052974695,0.060641314,7.2,0.42,-1.112,255.37
01:42.7,15,0.97,15.42908062,75.01589838,711.598,0.35969724,179.92476,13.902,16.982,0.956,0.007406835,-0.01204691,0.00054467,-0.1948631,-0.07687128,-9.805919,-0.037299498,0.036800585,0.041891761,0.047875099,6.4,0.42,-1.114,255.37
01:42.7,15,0.97,15.42908059,75.01589836,711.601,0.31927608,181.39282,13.899,16.979,0.932,0.00693462,-0.01278365,0.00138202,-0.19518395,-0.077415515,-9.8066205,-0.030517772,0.027346402,0.030808826,0.035108883,5.6,0.42,-1.116,255.37
01:42.7,15,0.97,15.42908056,75.01589834,711.604,0.27885492,182.86088,13.896,16.976,0.908,0.006462405,-0.01352039,0.002219369,-0.1955048,-0.07795975,-9.807322,-0.023736046,0.01789222,0.019725892,0.022342668,4.8,0.42,-1.118,255.37
01:42.7,15,0.97,15.42908053,75.01589832,711.607,0.23843376,184.32894,13.893,16.973,0.884,0.001723474,-0.009906158,0.001418677,-0.20312385,-0.08610553,-9.797003,-0.01695432,0.008438037,0.008642957,0.009576452,4,0.42,-1.12,255.37
01:42.7,15,0.97,15.4290805,75.0158983,711.61,0.1980126,185.797,13.89,16.97,0.86,-0.003015456,-0.006291925,0.000617984,-0.2107429,-0.09425131,-9.786684,-0.031648062,0.00886014,0.008947544,0.014143524,4,0.42,-1.12,255.368
01:42.8,15.2,0.962,15.42908051,75.01589824,711.606,0.20421615,190.42014,13.887,16.968,0.86,0.002935937,-0.008960088,0.000763425,-0.20251685,-0.08434874,-9.795162,-0.046341804,0.009282242,0.00925213,0.018710595,4,0.42,-1.12,255.366
01:42.8,15.4,0.954,15.42908052,75.01589818,711.602,0.2104197,195.04328,13.884,16.966,0.86,0.00888733,-0.01162825,0.000908865,-0.1942908,-0.07444617,-9.80364,-0.061035546,0.009704345,0.009556717,0.023277667,4,0.42,-1.12,255.364
01:42.8,15.6,0.946,15.42908053,75.01589812,711.598,0.21662325,199.66642,13.881,16.964,0.86,0.006677536,-0.011029295,0.002102937,-0.19381945,-0.07526906,-9.8079975,-0.075729288,0.010126447,0.009861303,0.027844738,4,0.42,-1.12,255.362
01:42.8,15.8,0.938,15.42908054,75.01589806,711.594,0.2228268,204.28956,13.878,16.962,0.86,0.004467742,-0.01043034,0.003297009,-0.1933481,-0.07609195,-9.812355,-0.09042303,0.01054855,0.01016589,0.03241181,4,0.42,-1.12,255.36
01:42.8,16,0.93,15.42908055,75.015898,711.59,0.22903035,208.9127,13.875,16.96,0.86,0.005387739,-0.010577185,0.001813955,-0.19489615,-0.07602137,-9.8121465,-0.065556696,0.01039522,0.010151828,0.030475802,4,0.42,-1.122,255.36
01:42.9,16.2,0.922,15.42908056,75.01589794,711.586,0.2352339,213.53584,13.872,16.958,0.86,0.006307736,-0.01072403,0.000330901,-0.1964442,-0.07595079,-9.811938,-0.040690362,0.01024189,0.010137766,0.028539794,4,0.42,-1.124,255.36
01:42.9,16.4,0.914,15.42908057,75.01589788,711.582,0.24143745,218.15898,13.869,16.956,0.86,0.007136884,-0.012044245,0.00062827,-0.19587275,-0.07611684,-9.8082665,-0.015824028,0.010088561,0.010123704,0.026603786,4,0.42,-1.126,255.36
01:42.9,16.6,0.906,15.42908058,75.01589782,711.578,0.247641,222.78212,13.866,16.954,0.86,0.007966031,-0.01336446,0.000925639,-0.1953013,-0.07628289,-9.804595,0.009042306,0.009935231,0.010109642,0.024667778,4,0.42,-1.128,255.36
01:42.9,16.8,0.898,15.42908059,75.01589776,711.574,0.25384455,227.40526,13.863,16.952,0.86,0.007523271,-0.013544145,0.001401756,-0.195162,-0.07712465,-9.8029165,0.03390864,0.009781901,0.01009558,0.02273177,4,0.42,-1.13,255.36
01:42.9,17,0.89,15.4290806,75.0158977,711.57,0.2600481,232.0284,13.86,16.95,0.86,0.00708051,-0.01372383,0.001877873,-0.1950227,-0.07796641,-9.801238,0.01243317,0.00955501,0.009978696,0.021112398,4,0.42,-1.13,255.358
01:43.0,16.9,0.892,15.42908063,75.01589764,711.562,0.2479033,225.19127,13.856,16.947,0.856,0.006228305,-0.013090895,0.001746101,-0.19546155,-0.077411185,-9.8027505,-0.0090423,0.009328119,0.009861811,0.019493026,4,0.42,-1.13,255.356
01:43.0,16.8,0.894,15.42908066,75.01589758,711.554,0.2357585,218.35414,13.852,16.944,0.852,0.0053761,-0.01245796,0.001614328,-0.1959004,-0.07685596,-9.804263,-0.03051777,0.009101229,0.009744927,0.017873654,4,0.42,-1.13,255.354
01:43.0,16.7,0.896,15.42908069,75.01589752,711.546,0.2236137,211.51701,13.848,16.941,0.848,0.005822306,-0.01223728,0.001428868,-0.19485485,-0.07730348,-9.8054055,-0.05199324,0.008874338,0.009628042,0.016254282,4,0.42,-1.13,255.352
01:43.0,16.6,0.898,15.42908072,75.01589746,711.538,0.2114689,204.67988,13.844,16.938,0.844,0.006268512,-0.0120166,0.001243407,-0.1938093,-0.077751,-9.806548,-0.07346871,0.008647447,0.009511158,0.01463491,4,0.42,-1.13,255.35
01:43.0,16.5,0.9,15.42908075,75.0158974,711.53,0.1993241,197.84275,13.84,16.935,0.84,0.003955414,-0.008212307,0.000378593,-0.19987435,-0.073574,-9.802218,-0.048037234,0.134644718,0.171629186,0.269498528,4,0.392,-1.092,255.356
01:43.1,16.4,0.902,15.42908078,75.01589734,711.522,0.1871793,191.00562,13.836,16.932,0.836,0.001642316,-0.004408013,-0.00048622,-0.2059394,-0.069397,-9.797888,-0.022605758,0.260641988,0.333747215,0.524362146,4,0.364,-1.054,255.362
01:43.1,16.3,0.904,15.42908081,75.01589728,711.514,0.1750345,184.16849,13.832,16.929,0.832,-0.034319727,0.035842134,0.021354435,-0.21132085,-0.083658985,-9.770035,0.002825718,0.386639259,0.495865243,0.779225764,4,0.336,-1.016,255.368
01:43.1,16.2,0.906,15.42908084,75.01589722,711.506,0.1628897,177.33136,13.828,16.926,0.828,-0.07028177,0.07609228,0.04319509,-0.2167023,-0.09792097,-9.742182,0.028257194,0.512636529,0.657983272,1.034089382,4,0.308,-0.978,255.374
01:43.1,16.1,0.908,15.42908087,75.01589716,711.498,0.1507449,170.49423,13.824,16.923,0.824,-0.01500081,0.01951266,-0.01196298,-0.28952165,-0.200810635,-9.7699725,0.05368867,0.6386338,0.8201013,1.288953,4,0.28,-0.94,255.38
01:43.1,16,0.91,15.4290809,75.0158971,711.49,0.1386001,163.6571,13.82,16.92,0.82,0.04028015,-0.03706696,-0.06712105,-0.362341,-0.3037003,-9.797763,0.050297806,0.65936054,0.85607798,1.3646182,4,0.282,-0.948,255.382
01:43.2,16,0.91,15.42908089,75.01589708,711.494,0.14689094,164.9031,13.818,16.918,0.829,-0.00303728,-0.012655245,-0.037099135,-0.0634834,-0.01616295,-9.808739,0.046906942,0.68008728,0.89205466,1.4402834,4,0.284,-0.956,255.384
01:43.2,16,0.91,15.42908088,75.01589706,711.498,0.15518178,166.1491,13.816,16.916,0.838,-0.04635471,0.01175647,-0.007077219,0.2353742,0.2713744,-9.819715,0.043516078,0.70081402,0.92803134,1.5159486,4,0.286,-0.964,255.386
01:43.2,16,0.91,15.42908087,75.01589704,711.502,0.16347262,167.3951,13.814,16.914,0.847,-0.04244404,0.02124314,0.00217604,-0.12211925,-0.04718265,-9.8529115,0.040125214,0.72154076,0.96400802,1.5916138,4,0.288,-0.972,255.388
01:43.2,16,0.91,15.42908086,75.01589702,711.506,0.17176346,168.6411,13.812,16.912,0.856,-0.03853337,0.03072981,0.0114293,-0.4796127,-0.3657397,-9.886108,0.03673435,0.7422675,0.9999847,1.667279,4,0.29,-0.98,255.39
01:43.2,16,0.91,15.42908085,75.015897,711.51,0.1800543,169.8871,13.81,16.91,0.865,-0.025494045,0.02387609,0.01169051,-0.222803805,-0.1292232,-9.79971,0.05255838,0.72568622,0.96204024,1.5728444,4.8,0.28,-0.978,255.382
01:43.3,16,0.91,15.42908084,75.01589698,711.514,0.18834514,171.1331,13.808,16.908,0.874,-0.01245472,0.01702237,0.01195172,0.03400509,0.1072933,-9.713312,0.06838241,0.70910494,0.92409578,1.4784098,5.6,0.27,-0.976,255.374
01:43.3,16,0.91,15.42908083,75.01589696,711.518,0.19663598,172.3791,13.806,16.906,0.883,0.006362825,0.01410125,0.004757608,-0.124341755,-0.0324354,-9.78261,0.08420644,0.69252366,0.88615132,1.3839752,6.4,0.26,-0.974,255.366
01:43.3,16,0.91,15.42908082,75.01589694,711.522,0.20492682,173.6251,13.804,16.904,0.892,0.02518037,0.01118013,-0.002436504,-0.2826886,-0.1721641,-9.851908,0.10003047,0.67594238,0.84820686,1.2895406,7.2,0.25,-0.972,255.358
01:43.3,16,0.91,15.42908081,75.01589692,711.526,0.21321766,174.8711,13.802,16.902,0.901,0.02451895,-0.001813225,-0.030760787,-0.31470155,-0.23009175,-9.8386345,0.1158545,0.6593611,0.8102624,1.195106,8,0.24,-0.97,255.35
01:43.3,16,0.91,15.4290808,75.0158969,711.53,0.2215085,176.1171,13.8,16.9,0.91,0.02385753,-0.01480658,-0.05908507,-0.3467145,-0.2880194,-9.825361,0.07233842,0.72897808,0.83839986,1.3003034,8,0.288,-1.02,255.038
01:43.4,16.1,0.91,15.42908081,75.01589687,711.526,0.2104342,177.1794,13.798,16.898,0.9,0.060097825,-0.06818994,-0.184586335,-0.5524027,-0.51961825,-9.842275,0.02882234,0.79859506,0.86653732,1.4055008,8,0.336,-1.07,254.726
01:43.4,16.2,0.91,15.42908082,75.01589684,711.522,0.1993599,178.2417,13.796,16.896,0.89,0.09633812,-0.1215733,-0.3100876,-0.7580909,-0.7512171,-9.859189,-0.01469374,0.86821204,0.89467478,1.5106982,8,0.384,-1.12,254.414
01:43.4,16.3,0.91,15.42908083,75.01589681,711.518,0.1882856,179.304,13.794,16.894,0.88,0.04011859,-0.091346855,-0.4290911,-0.66146675,-0.85601255,-9.909685,-0.05820982,0.93782902,0.92281224,1.6158956,8,0.432,-1.17,254.102
01:43.4,16.4,0.91,15.42908084,75.01589678,711.514,0.1772113,180.3663,13.792,16.892,0.87,-0.01610094,-0.06112041,-0.5480946,-0.5648426,-0.960808,-9.960181,-0.1017259,1.007446,0.9509497,1.721093,8,0.48,-1.22,253.79
01:43.4,16.5,0.91,15.42908085,75.01589675,711.51,0.166137,181.4286,13.79,16.89,0.86,0.024983695,-0.081996605,-0.8083173,-0.69510435,-0.8609915,-9.8370585,-0.04464636,0.95262276,0.90470638,1.656129,7.2,0.512,-1.246,252.362
01:43.5,16.6,0.91,15.42908086,75.01589672,711.506,0.1550627,182.4909,13.788,16.888,0.85,0.06606833,-0.1028728,-1.06854,-0.8253661,-0.761175,-9.713936,0.01243318,0.89779952,0.85846306,1.591165,6.4,0.544,-1.272,250.934
01:43.5,16.7,0.91,15.42908087,75.01589669,711.502,0.1439884,183.5532,13.786,16.886,0.84,0.024004285,-0.068332375,-1.3598785,-1.11019255,-0.997093,-9.713022,0.06951272,0.84297628,0.81221974,1.526201,5.6,0.576,-1.298,249.506
01:43.5,16.8,0.91,15.42908088,75.01589666,711.498,0.1329141,184.6155,13.784,16.884,0.83,-0.01805976,-0.03379195,-1.651217,-1.395019,-1.233011,-9.712108,0.12659226,0.78815304,0.76597642,1.461237,4.8,0.608,-1.324,248.078
01:43.5,16.9,0.91,15.42908089,75.01589663,711.494,0.1218398,185.6778,13.782,16.882,0.82,-0.01411753,-0.04062375,-1.778738,-1.02875655,-0.9136139,-9.78832,0.1836718,0.7333298,0.7197331,1.396273,4,0.64,-1.35,246.65
01:43.5,17,0.91,15.4290809,75.0158966,711.49,0.1107655,186.7401,13.78,16.88,0.81,-0.0101753,-0.04745555,-1.906259,-0.6624941,-0.5942168,-9.864532,0.12433168,0.76187792,0.78463148,1.3890144,4,0.654,-1.352,244.54
01:43.6,17,0.91,15.42908088,75.01589662,711.495,0.15573197,181.34916,13.777,16.877,0.813,-0.025823385,-0.02737381,-1.915271,-0.72230995,-0.4401325,-9.751774,0.06499156,0.79042604,0.84952986,1.3817558,4,0.668,-1.354,242.43
01:43.6,17,0.91,15.42908086,75.01589664,711.5,0.20069844,175.95822,13.774,16.874,0.816,-0.04147147,-0.007292071,-1.924283,-0.7821258,-0.2860482,-9.639016,0.00565144,0.81897416,0.91442824,1.3744972,4,0.682,-1.356,240.32
01:43.6,17,0.91,15.42908084,75.01589666,711.505,0.24566491,170.56728,13.771,16.871,0.819,-0.010149845,-0.037438866,-1.6927765,-1.0668904,-0.36598255,-9.690026,-0.05368868,0.84752228,0.97932662,1.3672386,4,0.696,-1.358,238.21
01:43.6,17,0.91,15.42908082,75.01589668,711.51,0.29063138,165.17634,13.768,16.868,0.822,0.02117178,-0.06758566,-1.46127,-1.351655,-0.4459169,-9.741036,-0.1130288,0.8760704,1.044225,1.35998,4,0.71,-1.36,236.1
01:43.6,17,0.91,15.4290808,75.0158967,711.515,0.33559785,159.7854,13.765,16.865,0.825,-0.039408405,-0.02564745,-1.2470795,-1.2234705,-0.17690106,-9.7472615,-0.10059563,0.90266472,1.044132,1.4088432,4,0.698,-1.33,234.974
01:43.7,17,0.91,15.42908078,75.01589672,711.52,0.38056432,154.39446,13.762,16.862,0.828,-0.09998859,0.01629076,-1.032889,-1.095286,0.09211478,-9.753487,-0.08816246,0.92925904,1.044039,1.4577064,4,0.686,-1.3,233.848
01:43.7,17,0.91,15.42908076,75.01589674,711.525,0.42553079,149.00352,13.759,16.859,0.831,-0.05882735,-0.02762075,-0.9265137,-0.4183364,0.42074544,-9.865593,-0.07572929,0.95585336,1.043946,1.5065696,4,0.674,-1.27,232.722
01:43.7,17,0.91,15.42908074,75.01589676,711.53,0.47049726,143.61258,13.756,16.856,0.834,-0.01766611,-0.07153226,-0.8201384,0.2586132,0.7493761,-9.977699,-0.06329612,0.98244768,1.043853,1.5554328,4,0.662,-1.24,231.596
01:43.7,17,0.91,15.42908072,75.01589678,711.535,0.51546373,138.22164,13.753,16.853,0.837,-0.006965104,-0.0500475,-0.6307234,0.48304725,0.76229535,-9.921444,-0.05086295,1.009042,1.04376,1.604296,4,0.65,-1.21,230.47
01:43.7,17,0.91,15.4290807,75.0158968,711.54,0.5604302,132.8307,13.75,16.85,0.84,0.003735903,-0.02856274,-0.4413084,0.7074813,0.7752146,-9.865189,-0.07120814,0.95705894,1.01385,1.533329,4,0.65,-1.204,230.448
01:43.8,17,0.91,15.42908069,75.01589684,711.545,0.54424116,129.311844,13.747,16.848,0.835,-0.038296559,-0.00425474,-0.18883656,0.75839285,0.7111786,-9.784766,-0.09155333,0.90507588,0.98394,1.462362,4,0.65,-1.198,230.426
01:43.8,17,0.91,15.42908068,75.01589688,711.55,0.52805212,125.792988,13.744,16.846,0.83,-0.08032902,0.02005326,0.06363528,0.8093044,0.6471426,-9.704343,-0.11189852,0.85309282,0.95403,1.391395,4,0.65,-1.192,230.404
01:43.8,17,0.91,15.42908067,75.01589692,711.555,0.51186308,122.274132,13.741,16.844,0.825,-0.048332665,0.023134645,0.27505329,0.69566055,0.6442091,-9.746035,-0.13224371,0.80110976,0.92412,1.320428,4,0.65,-1.186,230.382
01:43.8,17,0.91,15.42908066,75.01589696,711.56,0.49567404,118.755276,13.738,16.842,0.82,-0.01633631,0.02621603,0.4864713,0.5820167,0.6412756,-9.787727,-0.1525889,0.7491267,0.89421,1.249461,4,0.65,-1.18,230.36
01:43.8,17,0.91,15.42908065,75.015897,711.565,0.479485,115.23642,13.735,16.84,0.815,-0.00072246,0.013192646,0.4984234,0.4277033,0.45581335,-9.8301535,-0.121505976,0.69141422,0.83055154,1.1499771,4,0.644,-1.176,230.908
01:43.9,17,0.91,15.42908064,75.01589704,711.57,0.46329596,111.717564,13.732,16.838,0.81,0.01489139,0.000169262,0.5103755,0.2733899,0.2703511,-9.87258,-0.090423052,0.63370174,0.76689308,1.0504932,4,0.638,-1.172,231.456
01:43.9,17,0.91,15.42908063,75.01589708,711.575,0.44710692,108.198708,13.729,16.836,0.805,0.021719635,-0.013109489,0.4819469,0.3227041,0.2178153,-9.8431755,-0.059340128,0.57598926,0.70323462,0.9510093,4,0.632,-1.168,232.004
01:43.9,17,0.91,15.42908062,75.01589712,711.58,0.43091788,104.679852,13.726,16.834,0.8,0.02854788,-0.02638824,0.4535183,0.3720183,0.1652795,-9.813771,-0.028257204,0.51827678,0.63957616,0.8515254,4,0.626,-1.164,232.552
01:43.9,17,0.91,15.42908061,75.01589716,711.585,0.41472884,101.160996,13.723,16.832,0.795,0.031077705,-0.025617615,0.36578725,0.5601065,0.47611385,-9.7998785,0.00282572,0.4605643,0.5759177,0.7520415,4,0.62,-1.16,233.1
01:43.9,17,0.91,15.4290806,75.0158972,711.59,0.3985398,97.64214,13.72,16.83,0.79,0.03360753,-0.02484699,0.2780562,0.7481947,0.7869482,-9.785986,0.028822336,0.4704421,0.5984783,0.6979064,4,0.628,-1.174,233.278
01:44.0,17,0.91,15.42908062,75.01589723,711.592,0.38101159,95.050662,13.717,16.828,0.791,0.034250875,-0.027186205,0.16825123,0.6659255,1.1588531,-9.8002535,0.054818952,0.4803199,0.6210389,0.6437713,4,0.636,-1.188,233.456
01:44.0,17,0.91,15.42908064,75.01589726,711.594,0.36348338,92.459184,13.714,16.826,0.792,0.03489422,-0.02952542,0.05844626,0.5836563,1.530758,-9.814521,0.080815568,0.4901977,0.6435995,0.5896362,4,0.644,-1.202,233.634
01:44.0,17,0.91,15.42908066,75.01589729,711.596,0.34595517,89.867706,13.711,16.824,0.793,0.011625605,-0.0077441,0.08272418,0.0580093,0.80107866,-9.807151,0.106812184,0.5000755,0.6661601,0.5355011,4,0.652,-1.216,233.812
01:44.0,17,0.91,15.42908068,75.01589732,711.598,0.32842696,87.276228,13.708,16.822,0.794,-0.01164301,0.01403722,0.1070021,-0.4676377,0.07139932,-9.799781,0.1328088,0.5099533,0.6887207,0.481366,4,0.66,-1.23,233.99
01:44.0,17,0.91,15.4290807,75.01589735,711.6,0.31089875,84.68475,13.705,16.82,0.795,-0.01514107,0.008586648,0.07596895,-0.70322115,-0.11029024,-9.77534,0.103986464,0.5192864,0.66157852,0.48493,4.8,0.642,-1.216,234.016
01:44.1,17,0.91,15.42908072,75.01589738,711.602,0.29337054,82.093272,13.702,16.818,0.796,-0.01863913,0.003136076,0.0449358,-0.9388046,-0.2919798,-9.750899,0.075164128,0.5286195,0.63443634,0.488494,5.6,0.624,-1.202,234.042
01:44.1,17,0.91,15.42908074,75.01589741,711.604,0.27584233,79.501794,13.699,16.816,0.797,-0.011492054,0.008981998,0.023530883,-0.6526257,-0.228071,-9.7954305,0.046341792,0.5379526,0.60729416,0.492058,6.4,0.606,-1.188,234.068
01:44.1,17,0.91,15.42908076,75.01589744,711.606,0.25831412,76.910316,13.696,16.814,0.798,-0.004344977,0.01482792,0.002125965,-0.3664468,-0.1641622,-9.839962,0.017519456,0.5472857,0.58015198,0.495622,7.2,0.588,-1.174,234.094
01:44.1,17,0.91,15.42908078,75.01589747,711.608,0.24078591,74.318838,13.693,16.812,0.799,-0.00352088,0.009069341,0.001417999,-0.22614692,-0.09031431,-9.854409,-0.01130288,0.5566188,0.5530098,0.499186,8,0.57,-1.16,234.12
01:44.1,17,0.91,15.4290808,75.0158975,711.61,0.2232577,71.72736,13.69,16.81,0.8,-0.002696782,0.003310761,0.000710034,-0.08584704,-0.01646642,-9.868856,0.001130286,0.4885721,0.48822718,0.43687878,7.2,0.568,-1.158,234.114
01:44.2,17.1,0.91,15.42908083,75.01589753,711.609,0.2354625,74.053035,13.689,16.809,0.805,0.002257625,0.004375052,-0.00274385,-0.10864927,-0.02645721,-9.826733,0.013563452,0.4205254,0.42344456,0.37457156,6.4,0.566,-1.156,234.108
01:44.2,17.2,0.91,15.42908086,75.01589756,711.608,0.2476673,76.37871,13.688,16.808,0.81,0.007212032,0.005439342,-0.006197733,-0.1314515,-0.036448,-9.78461,0.025996618,0.3524787,0.35866194,0.31226434,5.6,0.564,-1.154,234.102
01:44.2,17.3,0.91,15.42908089,75.01589759,711.607,0.2598721,78.704385,13.687,16.807,0.815,0.007356849,-0.004481069,-0.005459527,-0.15347685,-0.0509183,-9.801311,0.038429784,0.284432,0.29387932,0.24995712,4.8,0.562,-1.152,234.096
01:44.2,17.4,0.91,15.42908092,75.01589762,711.606,0.2720769,81.03006,13.686,16.806,0.82,0.007501665,-0.01440148,-0.004721321,-0.1755022,-0.0653886,-9.818012,0.05086295,0.2163853,0.2290967,0.1876499,4,0.56,-1.15,234.09
01:44.2,17.5,0.91,15.42908095,75.01589765,711.605,0.2842817,83.355735,13.685,16.805,0.825,-0.000880419,0.00381219,0.010709445,-0.2291746,-0.12044035,-9.8272525,0.028257194,0.25508852,0.284587,0.25549786,4,0.546,-1.134,234.094
01:44.3,17.6,0.91,15.42908098,75.01589768,711.604,0.2964865,85.68141,13.684,16.804,0.83,-0.009262503,0.02202586,0.02614021,-0.282847,-0.1754921,-9.836493,0.005651438,0.29379174,0.3400773,0.32334582,4,0.532,-1.118,234.098
01:44.3,17.7,0.91,15.42908101,75.01589771,711.603,0.3086913,88.007085,13.683,16.803,0.835,-0.027094902,0.039010805,0.021699825,-0.19936305,-0.11502222,-9.8301575,-0.016954318,0.33249496,0.3955676,0.39119378,4,0.518,-1.102,234.102
01:44.3,17.8,0.91,15.42908104,75.01589774,711.602,0.3208961,90.33276,13.682,16.802,0.84,-0.0449273,0.05599575,0.01725944,-0.1158791,-0.05455234,-9.823822,-0.039560074,0.37119818,0.4510579,0.45904174,4,0.504,-1.086,234.106
01:44.3,17.9,0.91,15.42908107,75.01589777,711.601,0.3331009,92.658435,13.681,16.801,0.845,-0.026022452,0.026708629,0.006499615,-0.079574125,0.006567285,-9.8000285,-0.06216583,0.4099014,0.5065482,0.5268897,4,0.49,-1.07,234.11
01:44.3,18,0.91,15.4290811,75.0158978,711.6,0.3453057,94.98411,13.68,16.8,0.85,-0.007117603,-0.002578492,-0.004260211,-0.04326915,0.06768691,-9.776235,-0.070077844,0.39798778,0.48050114,0.5055022,4,0.494,-1.074,234.108
01:44.4,18,0.91,15.42908109,75.01589786,711.603,0.35740613,97.554679,13.679,16.8,0.847,0.002277498,-0.006533871,-0.001571993,-0.184106075,-0.057735595,-9.8068685,-0.077989858,0.38607416,0.45445408,0.4841147,4,0.498,-1.078,234.106
01:44.4,18,0.91,15.42908108,75.01589792,711.606,0.36950656,100.125248,13.678,16.8,0.844,0.0116726,-0.01048925,0.001116225,-0.324943,-0.1831581,-9.837502,-0.085901872,0.37416054,0.42840702,0.4627272,4,0.502,-1.082,234.104
01:44.4,18,0.91,15.42908107,75.01589798,711.609,0.38160699,102.695817,13.677,16.8,0.841,0.019383435,-0.02156715,0.004484213,-0.164680707,-0.045786105,-9.8235515,-0.093813886,0.36224692,0.40235996,0.4413397,4,0.506,-1.086,234.102
01:44.4,18,0.91,15.42908106,75.01589804,711.612,0.39370742,105.266386,13.676,16.8,0.838,0.02709427,-0.03264505,0.007852201,-0.004418413,0.09158589,-9.809601,-0.1017259,0.3503333,0.3763129,0.4199522,4,0.51,-1.09,234.1
01:44.4,18,0.91,15.42908105,75.0158981,711.615,0.40580785,107.836955,13.675,16.8,0.835,0.013443172,-0.01743349,0.001179464,-0.128549357,-0.025194305,-9.822956,-0.04577666,0.3321359,0.35544796,0.43454518,4,0.53,-1.11,234.096
01:44.5,18,0.91,15.42908104,75.01589816,711.618,0.41790828,110.407524,13.674,16.8,0.832,-0.000207926,-0.002221929,-0.005493273,-0.2526803,-0.1419745,-9.836311,0.01017258,0.3139385,0.33458302,0.44913816,4,0.55,-1.13,234.092
01:44.5,18,0.91,15.42908103,75.01589822,711.621,0.43000871,112.978093,13.673,16.8,0.829,0.017787662,-0.02129329,-0.014056232,-0.16303251,-0.048376485,-9.7957465,0.06612182,0.2957411,0.31371808,0.46373114,4,0.57,-1.15,234.088
01:44.5,18,0.91,15.42908102,75.01589828,711.624,0.44210914,115.548662,13.672,16.8,0.826,0.03578325,-0.04036465,-0.02261919,-0.07338472,0.04522153,-9.755182,0.12207106,0.2775437,0.29285314,0.47832412,4,0.59,-1.17,234.084
01:44.5,18,0.91,15.42908101,75.01589834,711.627,0.45420957,118.119231,13.671,16.8,0.823,0.06149083,-0.05691385,-0.013800654,-0.11205366,-0.039743035,-9.861355,0.1780203,0.2593463,0.2719882,0.4929171,4,0.61,-1.19,234.08
01:44.5,18,0.91,15.429081,75.0158984,711.63,0.46631,120.6898,13.67,16.8,0.82,0.08719841,-0.07346305,-0.004982117,-0.1507226,-0.1247076,-9.967528,0.129983074,0.24998168,0.26847732,0.47375816,4,0.652,-1.24,234.09
01:44.6,17.9,0.91,15.42908096,75.01589848,711.635,0.47375025,120.33893,13.669,16.801,0.824,0.06508599,-0.06718402,0.013159741,-0.16975625,-0.1295644,-9.890376,0.081945848,0.24061706,0.26496644,0.45459922,4,0.694,-1.29,234.1
01:44.6,17.8,0.91,15.42908092,75.01589856,711.64,0.4811905,119.98806,13.668,16.802,0.828,0.04297357,-0.06090499,0.0313016,-0.1887899,-0.1344212,-9.813224,0.033908622,0.23125244,0.26145556,0.43544028,4,0.736,-1.34,234.11
01:44.6,17.7,0.91,15.42908088,75.01589864,711.645,0.48863075,119.63719,13.667,16.803,0.832,0.03150874,-0.037753095,0.016690178,-0.2598804,-0.102422655,-9.7319685,-0.014128604,0.22188782,0.25794468,0.41628134,4,0.778,-1.39,234.12
01:44.6,17.6,0.91,15.42908084,75.01589872,711.65,0.496071,119.28632,13.666,16.804,0.836,0.02004391,-0.0146012,0.002078755,-0.3309709,-0.07042411,-9.650713,-0.06216583,0.2125232,0.2544338,0.3971224,4,0.82,-1.44,234.13
01:44.6,17.5,0.91,15.4290808,75.0158988,711.655,0.50351125,118.93545,13.665,16.805,0.84,0.023473745,-0.02594601,0.001974243,-0.26403455,-0.093208505,-9.7488025,-0.054253816,0.2070527,0.24956644,0.37132008,4.8,0.834,-1.454,234.13
01:44.7,17.4,0.91,15.42908076,75.01589888,711.66,0.5109515,118.58458,13.664,16.806,0.844,0.02690358,-0.03729082,0.001869731,-0.1970982,-0.1159929,-9.846892,-0.046341802,0.2015822,0.24469908,0.34551776,5.6,0.848,-1.468,234.13
01:44.7,17.3,0.91,15.42908072,75.01589896,711.665,0.51839175,118.23371,13.663,16.807,0.848,0.0231641,-0.03203513,0.002333007,-0.21511605,-0.1164636,-9.8202035,-0.038429788,0.1961117,0.23983172,0.31971544,6.4,0.862,-1.482,234.13
01:44.7,17.2,0.91,15.42908068,75.01589904,711.67,0.525832,117.88284,13.662,16.808,0.852,0.01942462,-0.02677944,0.002796282,-0.2331339,-0.1169343,-9.793515,-0.030517774,0.1906412,0.23496436,0.29391312,7.2,0.876,-1.496,234.13
01:44.7,17.1,0.91,15.42908064,75.01589912,711.675,0.53327225,117.53197,13.661,16.809,0.856,0.005349156,-0.009795006,0.005327321,-0.2468433,-0.1229362,-9.764739,-0.02260576,0.1851707,0.230097,0.2681108,8,0.89,-1.51,234.13
01:44.7,17,0.91,15.4290806,75.0158992,711.68,0.5407125,117.1811,13.66,16.81,0.86,-0.008726309,0.007189429,0.007858359,-0.2605527,-0.1289381,-9.735963,-0.025996622,0.17934124,0.2223364,0.25683408,8,0.85,-1.468,234.138
01:44.8,17,0.91,15.42908055,75.01589933,711.699,0.55171736,115.80469,13.66,16.809,0.874,-0.019516375,0.01711152,0.00689953,-0.24049965,-0.14259855,-9.7128815,-0.029387484,0.17351178,0.2145758,0.24555736,8,0.81,-1.426,234.146
01:44.8,17,0.91,15.4290805,75.01589946,711.718,0.56272222,114.42828,13.66,16.808,0.888,-0.03030644,0.02703361,0.005940701,-0.2204466,-0.156259,-9.6898,-0.032778346,0.16768232,0.2068152,0.23428064,8,0.77,-1.384,234.154
01:44.8,17,0.91,15.42908045,75.01589959,711.737,0.57372708,113.05187,13.66,16.807,0.902,-0.039719945,0.040815305,0.011087256,-0.1883927,-0.1616352,-9.7305705,-0.036169208,0.16185286,0.1990546,0.22300392,8,0.73,-1.342,234.162
01:44.8,17,0.91,15.4290804,75.01589972,711.756,0.58473194,111.67546,13.66,16.806,0.916,-0.04913345,0.054597,0.01623381,-0.1563388,-0.1670114,-9.771341,-0.03956007,0.1560234,0.191294,0.2117272,8,0.69,-1.3,234.17
01:44.8,17,0.91,15.42908035,75.01589985,711.775,0.5957368,110.29905,13.66,16.805,0.93,-0.01686424,0.012952645,0.007029871,-0.18602405,-0.047133545,-9.8956555,-0.064426396,0.1453689,0.17975338,0.20680778,7.2,0.694,-1.306,234.166
01:44.9,17,0.91,15.4290803,75.01589998,711.794,0.60674166,108.92264,13.66,16.804,0.944,0.01540497,-0.02869171,-0.002174068,-0.2157093,0.07274431,-10.01997,-0.089292722,0.1347144,0.16821276,0.20188836,6.4,0.698,-1.312,234.162
01:44.9,17,0.91,15.42908025,75.01590011,711.813,0.61774652,107.54623,13.66,16.803,0.958,0.024051795,-0.032284575,-0.005605915,-0.19443195,0.008018265,-9.9288165,-0.114159048,0.1240599,0.15667214,0.19696894,5.6,0.702,-1.318,234.158
01:44.9,17,0.91,15.4290802,75.01590024,711.832,0.62875138,106.16982,13.66,16.802,0.972,0.03269862,-0.03587744,-0.009037761,-0.1731546,-0.05670778,-9.837663,-0.139025374,0.1134054,0.14513152,0.19204952,4.8,0.706,-1.324,234.154
01:44.9,17,0.91,15.42908015,75.01590037,711.851,0.63975624,104.79341,13.66,16.801,0.986,0.014183481,-0.017904425,-0.003558053,-0.1785072,-0.08124534,-9.791336,-0.1638917,0.1027509,0.1335909,0.1871301,4,0.71,-1.33,234.15
01:44.9,17,0.91,15.4290801,75.0159005,711.87,0.6507611,103.417,13.66,16.8,1,-0.004331658,6.86E-05,0.001921655,-0.1838598,-0.1057829,-9.745009,-0.123201346,0.097505666,0.125112086,0.1740853,4,0.694,-1.314,234.15
01:45.0,17,0.91,15.42908009,75.01590068,711.885,0.67382198,101.574102,13.659,16.8,1.017,-0.006192869,0.002982468,0.00146865,-0.19323,-0.098201605,-9.77045,-0.082510992,0.092260432,0.116633272,0.1610405,4,0.678,-1.298,234.15
01:45.0,17,0.91,15.42908008,75.01590086,711.9,0.69688286,99.731204,13.658,16.8,1.034,-0.008054079,0.005896347,0.001015645,-0.2026002,-0.09062031,-9.795891,-0.041820638,0.087015198,0.108154458,0.1479957,4,0.662,-1.282,234.15
01:45.0,17,0.91,15.42908007,75.01590104,711.915,0.71994374,97.888306,13.657,16.8,1.051,-0.014903755,0.011045744,0.001153924,-0.20088965,-0.08478524,-9.792692,-0.001130284,0.081769964,0.099675644,0.1349509,4,0.646,-1.266,234.15
01:45.0,17,0.91,15.42908006,75.01590122,711.93,0.74300462,96.045408,13.656,16.8,1.068,-0.02175343,0.01619514,0.001292203,-0.1991791,-0.07895017,-9.789493,0.03956007,0.07652473,0.09119683,0.1219061,4,0.63,-1.25,234.15
01:45.0,17,0.91,15.42908005,75.0159014,711.945,0.7660655,94.20251,13.655,16.8,1.085,-0.02648953,0.02228599,0.008227607,-0.1603511,-0.103207985,-9.767261,0.020345178,0.096035024,0.120267164,0.1755454,4,0.606,-1.222,234.154
01:45.1,17,0.91,15.42908004,75.01590158,711.96,0.78912638,92.359612,13.654,16.8,1.102,-0.03122563,0.02837684,0.01516301,-0.1215231,-0.1274658,-9.745029,0.001130286,0.115545318,0.149337498,0.2291847,4,0.582,-1.194,234.158
01:45.1,17,0.91,15.42908003,75.01590176,711.975,0.81218726,90.516714,13.653,16.8,1.119,-0.021932665,0.015202121,0.00977922,-0.189312,-0.089276465,-9.8808195,-0.018084606,0.135055612,0.178407832,0.282824,4,0.558,-1.166,234.162
01:45.1,17,0.91,15.42908002,75.01590194,711.99,0.83524814,88.673816,13.652,16.8,1.136,-0.0126397,0.002027402,0.004395429,-0.2571009,-0.05108713,-10.01661,-0.037299498,0.154565906,0.207478166,0.3364633,4,0.534,-1.138,234.166
01:45.1,17,0.91,15.42908001,75.01590212,712.005,0.85830902,86.830918,13.651,16.8,1.153,-0.00587683,-0.005689504,-0.000247438,-0.1677183,-0.000536625,-9.9167075,-0.05651439,0.1740762,0.2365485,0.3901026,4,0.51,-1.11,234.17
01:45.1,17,0.91,15.42908,75.0159023,712.02,0.8813699,84.98802,13.65,16.8,1.17,0.000886039,-0.01340641,-0.004890304,-0.0783357,0.05001388,-9.816805,-0.040125216,0.17351952,0.22617312,0.39212012,4,0.518,-1.122,234.166
01:45.2,17,0.91,15.42908,75.01590244,712.031,0.8493828,85.907957,13.648,16.8,1.143,0.000433862,-0.006697392,-0.004275757,-0.1158832,0.00358138,-9.805921,-0.023736042,0.17296284,0.21579774,0.39413764,4,0.526,-1.134,234.162
01:45.2,17,0.91,15.42908,75.01590258,712.042,0.8173957,86.827894,13.646,16.8,1.116,-1.83E-05,1.16E-05,-0.003661211,-0.1534307,-0.04285112,-9.795037,-0.007346868,0.17240616,0.20542236,0.39615516,4,0.534,-1.146,234.158
01:45.2,17,0.91,15.42908,75.01590272,712.053,0.7854086,87.747831,13.644,16.8,1.089,-0.006308073,-0.005419742,0.00516861,-0.21552085,-0.09291131,-9.838325,0.009042306,0.17184948,0.19504698,0.39817268,4,0.542,-1.158,234.154
01:45.2,17,0.91,15.42908,75.01590286,712.064,0.7534215,88.667768,13.642,16.8,1.062,-0.01259783,-0.01085111,0.01399843,-0.277611,-0.1429715,-9.881613,0.02543148,0.1712928,0.1846716,0.4001902,4,0.55,-1.17,234.15
01:45.2,17,0.91,15.42908,75.015903,712.075,0.7214344,89.587705,13.64,16.8,1.035,0.00148337,-0.01611824,0.005320155,-0.1584185,-0.04872273,-9.8424705,0.019214896,0.16755486,0.18062628,0.37809746,4,0.554,-1.174,234.148
01:45.3,17,0.91,15.42908,75.01590314,712.086,0.6894473,90.507642,13.638,16.8,1.008,0.01556457,-0.02138537,-0.00335812,-0.039226,0.04552604,-9.803328,0.012998312,0.16381692,0.17658096,0.35600472,4,0.558,-1.178,234.146
01:45.3,17,0.91,15.42908,75.01590328,712.097,0.6574602,91.427579,13.636,16.8,0.981,0.005132136,-0.005402765,-0.003625301,-0.16153775,-0.05814068,-9.7856545,0.006781729,0.16007898,0.17253564,0.33391198,4,0.562,-1.182,234.144
01:45.3,17,0.91,15.42908,75.01590342,712.108,0.6254731,92.347516,13.634,16.8,0.954,-0.005300298,0.01057984,-0.003892481,-0.2838495,-0.1618074,-9.767981,0.000565145,0.15634104,0.16849032,0.31181924,4,0.566,-1.186,234.142
01:45.3,17,0.91,15.42908,75.01590356,712.119,0.593486,93.267453,13.632,16.8,0.927,0.000906579,-0.004458365,-0.002277887,-0.19411145,-0.080541304,-9.7969525,-0.005651439,0.1526031,0.164445,0.2897265,4,0.57,-1.19,234.14
01:45.3,17,0.91,15.42908,75.0159037,712.13,0.5614989,94.18739,13.63,16.8,0.9,0.007113456,-0.01949657,-0.000663294,-0.1043734,0.000724792,-9.825924,-0.013563453,0.14490372,0.15460096,0.26988694,4,0.572,-1.192,234.138
01:45.4,17,0.91,15.42908,75.01590373,712.129,0.53400036,99.349721,13.629,16.8,0.91,0.00360669,-0.010955116,0.002372521,-0.1666783,-0.057506954,-9.8104845,-0.021475467,0.13720434,0.14475692,0.25004738,4,0.574,-1.194,234.136
01:45.4,17,0.91,15.42908,75.01590376,712.128,0.50650182,104.512052,13.628,16.8,0.92,9.99E-05,-0.002413661,0.005408336,-0.2289832,-0.1157387,-9.795045,-0.029387482,0.12950496,0.13491288,0.23020782,4,0.576,-1.196,234.134
01:45.4,17,0.91,15.42908,75.01590379,712.127,0.47900328,109.674383,13.627,16.8,0.93,0.008866592,-0.013726301,0.00433875,-0.1716258,-0.06380605,-9.81025,-0.037299496,0.12180558,0.12506884,0.21036826,4,0.578,-1.198,234.132
01:45.4,17,0.91,15.42908,75.01590382,712.126,0.45150474,114.836714,13.626,16.8,0.94,0.01763326,-0.02503894,0.003269164,-0.1142684,-0.0118734,-9.825455,-0.04521151,0.1141062,0.1152248,0.1905287,4,0.58,-1.2,234.13
01:45.4,17,0.91,15.42908,75.01590385,712.125,0.4240062,119.999045,13.625,16.8,0.95,0.008527508,-0.01114255,0.040675612,-0.062902515,0.0469102,-9.7867785,-0.018084602,0.13586256,0.14582812,0.20282092,4.8,0.578,-1.204,234.214
01:45.5,17,0.91,15.42908,75.01590388,712.124,0.39650766,125.161376,13.624,16.8,0.96,-0.000578245,0.002753841,0.07808206,-0.01153663,0.1056938,-9.748102,0.009042306,0.15761892,0.17643144,0.21511314,5.6,0.576,-1.208,234.298
01:45.5,17,0.91,15.42908,75.01590391,712.123,0.36900912,130.323707,13.623,16.8,0.97,0.003291589,-0.00929505,0.08021688,0.03688133,0.21432175,-9.805411,0.036169214,0.17937528,0.20703476,0.22740536,6.4,0.574,-1.212,234.382
01:45.5,17,0.91,15.42908,75.01590394,712.122,0.34151058,135.486038,13.622,16.8,0.98,0.007161423,-0.02134394,0.0823517,0.08529929,0.3229497,-9.86272,0.063296122,0.20113164,0.23763808,0.23969758,7.2,0.572,-1.216,234.466
01:45.5,17,0.91,15.42908,75.01590397,712.121,0.31401204,140.648369,13.621,16.8,0.99,0.014481372,-0.02390564,0.11943495,-0.004450755,0.17523894,-9.8210605,0.09042303,0.222888,0.2682414,0.2519898,8,0.57,-1.22,234.55
01:45.5,17,0.91,15.42908,75.015904,712.12,0.2865135,145.8107,13.62,16.8,1,0.02180132,-0.02646734,0.1565182,-0.0942008,0.02752818,-9.779401,0.06442641,0.2179973,0.26935472,0.26489402,7.2,0.568,-1.22,234.71
01:45.6,17,0.91,15.42907995,75.01590399,712.116,0.30533425,147.6152,13.619,16.8,1.019,0.02177124,-0.023780135,0.15703085,-0.11331555,0.018636018,-9.7751925,0.03842979,0.2131066,0.27046804,0.27779824,6.4,0.566,-1.22,234.87
01:45.6,17,0.91,15.4290799,75.01590398,712.112,0.324155,149.4197,13.618,16.8,1.038,0.02174116,-0.02109293,0.1575435,-0.1324303,0.009743856,-9.770984,0.01243317,0.2082159,0.27158136,0.29070246,5.6,0.564,-1.22,235.03
01:45.6,17,0.91,15.42907985,75.01590397,712.108,0.34297575,151.2242,13.617,16.8,1.057,0.015757381,-0.019441015,0.13400295,-0.2123635,-0.108998772,-9.7858955,-0.01356345,0.2033252,0.27269468,0.30360668,4.8,0.562,-1.22,235.19
01:45.6,17,0.91,15.4290798,75.01590396,712.104,0.3617965,153.0287,13.616,16.8,1.076,0.009773602,-0.0177891,0.1104624,-0.2922967,-0.2277414,-9.800807,-0.03956007,0.1984345,0.273808,0.3165109,4,0.56,-1.22,235.35
01:45.6,17,0.91,15.42907975,75.01590395,712.1,0.38061725,154.8332,13.615,16.8,1.095,0.001647912,-0.012669634,0.0004921,-0.23486655,-0.23728815,-9.757904,-0.051993236,0.21519704,0.2866296,0.34581702,4,0.552,-1.212,235.256
01:45.7,17,0.91,15.4290797,75.01590394,712.096,0.399438,156.6377,13.614,16.8,1.114,-0.006477778,-0.007550167,-0.1094782,-0.1774364,-0.2468349,-9.715001,-0.064426402,0.23195958,0.2994512,0.37512314,4,0.544,-1.204,235.162
01:45.7,17,0.91,15.42907965,75.01590393,712.092,0.41825875,158.4422,13.613,16.8,1.133,0.004207431,-0.013109794,-0.11462785,-0.15014225,-0.18309005,-9.794953,-0.076859568,0.24872212,0.3122728,0.40442926,4,0.536,-1.196,235.068
01:45.7,17,0.91,15.4290796,75.01590392,712.088,0.4370795,160.2467,13.612,16.8,1.152,0.01489264,-0.01866942,-0.1197775,-0.1228481,-0.1193452,-9.874905,-0.089292734,0.26548466,0.3250944,0.43373538,4,0.528,-1.188,234.974
01:45.7,17,0.91,15.42907955,75.01590391,712.084,0.45590025,162.0512,13.611,16.8,1.171,0.010973011,-0.01844319,-0.12297745,-0.21675015,-0.13843695,-9.835288,-0.1017259,0.2822472,0.337916,0.4630415,4,0.52,-1.18,234.88
01:45.7,17,0.91,15.4290795,75.0159039,712.08,0.474721,163.8557,13.61,16.8,1.19,0.007053382,-0.01821696,-0.1261774,-0.3106522,-0.1575287,-9.795671,-0.10285618,0.27569496,0.32334118,0.4437024,4,0.518,-1.182,234.78
01:45.8,16.9,0.91,15.42907946,75.01590388,712.085,0.45507874,167.37873,13.61,16.8,1.188,0.00046794,-0.012582038,-0.078303885,-0.29202565,-0.095331905,-9.7862575,-0.10398646,0.26914272,0.30876636,0.4243633,4,0.516,-1.184,234.68
01:45.8,16.8,0.91,15.42907942,75.01590386,712.09,0.43543648,170.90176,13.61,16.8,1.186,-0.006117503,-0.006947116,-0.03043037,-0.2733991,-0.03313511,-9.776844,-0.10511674,0.26259048,0.29419154,0.4050242,4,0.514,-1.186,234.58
01:45.8,16.7,0.91,15.42907938,75.01590384,712.095,0.41579422,174.42479,13.61,16.8,1.184,0.009891163,-0.019069988,-0.066138685,-0.17876841,-0.010863725,-9.759072,-0.10624702,0.25603824,0.27961672,0.3856851,4,0.512,-1.188,234.48
01:45.8,16.6,0.91,15.42907934,75.01590382,712.1,0.39615196,177.94782,13.61,16.8,1.182,0.02589983,-0.03119286,-0.101847,-0.08413772,0.01140766,-9.7413,-0.1073773,0.249486,0.2650419,0.366346,4,0.51,-1.19,234.38
01:45.8,16.5,0.91,15.4290793,75.0159038,712.105,0.3765097,181.47085,13.61,16.8,1.18,0.014841582,-0.02162398,-0.10814325,-0.10435716,-0.015430825,-9.768211,-0.080815544,0.24079936,0.2525906,0.34283438,4,0.506,-1.19,234.312
01:45.9,16.4,0.91,15.42907926,75.01590378,712.11,0.35686744,184.99388,13.61,16.8,1.178,0.003783333,-0.0120551,-0.1144395,-0.1245766,-0.04226931,-9.795122,-0.054253788,0.23211272,0.2401393,0.31932276,4,0.502,-1.19,234.244
01:45.9,16.3,0.91,15.42907922,75.01590376,712.115,0.33722518,188.51691,13.61,16.8,1.176,0.001079051,-0.007354237,-0.06723826,-0.24899415,-0.137525305,-9.824864,-0.027692032,0.22342608,0.227688,0.29581114,4,0.498,-1.19,234.176
01:45.9,16.2,0.91,15.42907918,75.01590374,712.12,0.31758292,192.03994,13.61,16.8,1.174,-0.001625231,-0.002653374,-0.02003702,-0.3734117,-0.2327813,-9.854606,-0.001130276,0.21473944,0.2152367,0.27229952,4,0.494,-1.19,234.108
01:45.9,16.1,0.91,15.42907914,75.01590372,712.125,0.29794066,195.56297,13.61,16.8,1.172,0.004393075,-0.004969084,-0.014320447,-0.30464135,-0.165230275,-9.8227785,0.02543148,0.2060528,0.2027854,0.2487879,4,0.49,-1.19,234.04
01:45.9,16,0.91,15.4290791,75.0159037,712.13,0.2782984,199.086,13.61,16.8,1.17,0.01041138,-0.007284793,-0.008603873,-0.235871,-0.09767925,-9.790951,0.050297804,0.19195122,0.1893261,0.23694764,4,0.492,-1.188,234.036
01:46.0,16.2,0.908,15.42907912,75.01590368,712.132,0.26067297,197.00893,13.608,16.8,1.153,0.006019479,-0.006576207,-0.003882474,-0.23152135,-0.09778467,-9.8103775,0.075164128,0.17784964,0.1758668,0.22510738,4,0.494,-1.186,234.032
01:46.0,16.4,0.906,15.42907914,75.01590366,712.134,0.24304754,194.93186,13.606,16.8,1.136,0.001627577,-0.00586762,0.000838924,-0.2271717,-0.09789009,-9.829804,0.100030452,0.16374806,0.1624075,0.21326712,4,0.496,-1.184,234.028
01:46.0,16.6,0.904,15.42907916,75.01590364,712.136,0.22542211,192.85479,13.604,16.8,1.119,0.004936786,-0.005182272,0.00220655,-0.19145875,-0.069283535,-9.8266565,0.124896776,0.14964648,0.1489482,0.20142686,4,0.498,-1.182,234.024
01:46.0,16.8,0.902,15.42907918,75.01590362,712.138,0.20779668,190.77772,13.602,16.8,1.102,0.008245995,-0.004496924,0.003574175,-0.1557458,-0.04067698,-9.823509,0.1497631,0.1355449,0.1354889,0.1895866,4,0.5,-1.18,234.02
01:46.0,17,0.9,15.4290792,75.0159036,712.14,0.19017125,188.70065,13.6,16.8,1.085,0.010827488,-0.011772682,0.003275414,-0.17538875,-0.05488164,-9.8227785,0.124896776,0.1411759,0.15687746,0.19735266,4.8,0.504,-1.18,234.026
01:46.1,17.2,0.898,15.42907922,75.01590358,712.142,0.17254582,186.62358,13.598,16.8,1.068,0.01340898,-0.01904844,0.002976652,-0.1950317,-0.0690863,-9.822048,0.100030452,0.1468069,0.17826602,0.20511872,5.6,0.508,-1.18,234.032
01:46.1,17.4,0.896,15.42907924,75.01590356,712.144,0.15492039,184.54651,13.596,16.8,1.051,0.00565518,-0.000552555,0.007685831,-0.21722065,-0.1207001,-9.793578,0.075164128,0.1524379,0.19965458,0.21288478,6.4,0.512,-1.18,234.038
01:46.1,17.6,0.894,15.42907926,75.01590354,712.146,0.13729496,182.46944,13.594,16.8,1.034,-0.00209862,0.01794333,0.01239501,-0.2394096,-0.1723139,-9.765108,0.050297804,0.1580689,0.22104314,0.22065084,7.2,0.516,-1.18,234.044
01:46.1,17.8,0.892,15.42907928,75.01590352,712.148,0.11966953,180.39237,13.592,16.8,1.017,0.002639945,0.005911866,0.008360451,-0.16651516,-0.071954505,-9.7676515,0.02543148,0.1636999,0.2424317,0.2284169,8,0.52,-1.18,234.05
01:46.1,18,0.89,15.4290793,75.0159035,712.15,0.1020441,178.3153,13.59,16.8,1,0.007378509,-0.006119598,0.004325892,-0.09362072,0.02840489,-9.770195,0.037864644,0.15267074,0.21902922,0.21545556,7.2,0.52,-1.176,234.052
01:46.2,18,0.896,15.42907933,75.01590353,712.159,0.12089498,170.076412,13.588,16.799,0.986,0.004250345,-0.000828657,0.009218461,-0.12640251,-0.008712475,-9.7792385,0.050297808,0.14164158,0.19562674,0.20249422,6.4,0.52,-1.172,234.054
01:46.2,18,0.902,15.42907936,75.01590356,712.168,0.13974586,161.837524,13.586,16.798,0.972,0.00112218,0.004462283,0.01411103,-0.1591843,-0.04582984,-9.788282,0.062730972,0.13061242,0.17222426,0.18953288,5.6,0.52,-1.168,234.056
01:46.2,18,0.908,15.42907939,75.01590359,712.177,0.15859674,153.598636,13.584,16.797,0.958,0.005548032,-0.001561836,0.011246285,-0.120283465,-0.01394554,-9.7998865,0.075164136,0.11958326,0.14882178,0.17657154,4.8,0.52,-1.164,234.058
01:46.2,18,0.914,15.42907942,75.01590362,712.186,0.17744762,145.359748,13.582,16.796,0.944,0.009973885,-0.007585956,0.008381539,-0.08138263,0.01793876,-9.811491,0.0875973,0.1085541,0.1254193,0.1636102,4,0.52,-1.16,234.06
01:46.2,18,0.92,15.42907945,75.01590365,712.195,0.1962985,137.12086,13.58,16.795,0.93,0.004716139,-0.010145758,0.005648174,-0.156602365,-0.04811712,-9.827214,0.089857876,0.102593242,0.12103466,0.16304946,4,0.52,-1.16,234.058
01:46.3,18,0.926,15.42907948,75.01590368,712.204,0.21514938,128.881972,13.578,16.794,0.916,-0.000541606,-0.01270556,0.002914809,-0.2318221,-0.114173,-9.842937,0.092118452,0.096632384,0.11665002,0.16248872,4,0.52,-1.16,234.056
01:46.3,18,0.932,15.42907951,75.01590371,712.213,0.23400026,120.643084,13.576,16.793,0.902,0.003988749,-0.01213762,0.001305192,-0.19276765,-0.08106803,-9.823463,0.094379028,0.090671526,0.11226538,0.16192798,4,0.52,-1.16,234.054
01:46.3,18,0.938,15.42907954,75.01590374,712.222,0.25285114,112.404196,13.574,16.792,0.888,0.008519105,-0.01156968,-0.000304426,-0.1537132,-0.04796306,-9.803989,0.096639604,0.084710668,0.10788074,0.16136724,4,0.52,-1.16,234.052
01:46.3,18,0.944,15.42907957,75.01590377,712.231,0.27170202,104.165308,13.572,16.791,0.874,0.005127088,-0.010971295,-0.003130223,-0.16661935,-0.05288262,-9.8121535,0.09890018,0.07874981,0.1034961,0.1608065,4,0.52,-1.16,234.05
01:46.3,18,0.95,15.4290796,75.0159038,712.24,0.2905529,95.92642,13.57,16.79,0.86,0.00173507,-0.01037291,-0.005956021,-0.1795255,-0.05780218,-9.820318,0.046341804,0.079195652,0.099246286,0.15106754,4,0.52,-1.16,234.048
01:46.4,18,0.95,15.4290796,75.01590386,712.252,0.29576363,97.855668,13.568,16.79,0.86,0.001332011,-0.011420965,-0.006234874,-0.16346845,-0.04495251,-9.809874,-0.006216572,0.079641494,0.094996472,0.14132858,4,0.52,-1.16,234.046
01:46.4,18,0.95,15.4290796,75.01590392,712.264,0.30097436,99.784916,13.566,16.79,0.86,0.000928953,-0.01246902,-0.006513728,-0.1474114,-0.03210284,-9.79943,-0.058774948,0.080087336,0.090746658,0.13158962,4,0.52,-1.16,234.044
01:46.4,18,0.95,15.4290796,75.01590398,712.276,0.30618509,101.714164,13.564,16.79,0.86,0.004970781,-0.01367697,-0.003940901,-0.14702785,-0.04696532,-9.805206,-0.111333324,0.080533178,0.086496844,0.12185066,4,0.52,-1.16,234.042
01:46.4,18,0.95,15.4290796,75.01590404,712.288,0.31139582,103.643412,13.562,16.79,0.86,0.009012609,-0.01488492,-0.001368073,-0.1466443,-0.0618278,-9.810982,-0.1638917,0.08097902,0.08224703,0.1121117,4,0.52,-1.16,234.04
01:46.4,18,0.95,15.4290796,75.0159041,712.3,0.31660655,105.57266,13.56,16.79,0.86,0.010308755,-0.015632145,0.000367083,-0.14277765,-0.052236415,-9.8261165,-0.11246361,0.084244764,0.089154164,0.12138004,4,0.518,-1.162,234.038
01:46.5,18,0.95,15.4290796,75.01590416,712.312,0.32181728,107.501908,13.558,16.79,0.86,0.0116049,-0.01637937,0.002102239,-0.138911,-0.04264503,-9.841251,-0.06103552,0.087510508,0.096061298,0.13064838,4,0.516,-1.164,234.036
01:46.5,18,0.95,15.4290796,75.01590422,712.324,0.32702801,109.431156,13.556,16.79,0.86,0.002723468,-0.010087243,-0.000381506,-0.15369885,-0.043688425,-9.801747,-0.00960743,0.090776252,0.102968432,0.13991672,4,0.514,-1.166,234.034
01:46.5,18,0.95,15.4290796,75.01590428,712.336,0.33223874,111.360404,13.554,16.79,0.86,-0.006157963,-0.003795115,-0.00286525,-0.1684867,-0.04473182,-9.762243,0.04182066,0.094041996,0.109875566,0.14918506,4,0.512,-1.168,234.032
01:46.5,18,0.95,15.4290796,75.01590434,712.348,0.33744947,113.289652,13.552,16.79,0.86,-0.005773905,-0.008727248,-0.003609977,-0.19604275,-0.03823731,-9.8096375,0.09324875,0.09730774,0.1167827,0.1584534,4,0.51,-1.17,234.03
01:46.5,18,0.95,15.4290796,75.0159044,712.36,0.3426602,115.2189,13.55,16.79,0.86,-0.005389846,-0.01365938,-0.004354704,-0.2235988,-0.0317428,-9.857032,0.067817272,0.094760122,0.11818324,0.15429294,4,0.508,-1.17,234.026
01:46.6,17.9,0.95,15.42907964,75.01590443,712.362,0.33228246,110.663863,13.549,16.79,0.86,0.002714607,-0.01420351,-0.004059405,-0.17652695,-0.050782215,-9.822095,0.042385794,0.092212504,0.11958378,0.15013248,4,0.506,-1.17,234.022
01:46.6,17.8,0.95,15.42907968,75.01590446,712.364,0.32190472,106.108826,13.548,16.79,0.86,0.01081906,-0.01474764,-0.003764105,-0.1294551,-0.06982163,-9.787158,0.016954316,0.089664886,0.12098432,0.14597202,4,0.504,-1.17,234.018
01:46.6,17.7,0.95,15.42907972,75.01590449,712.366,0.31152698,101.553789,13.547,16.79,0.86,0.00835856,-0.011803465,-0.001396593,-0.1673937,-0.081852745,-9.7915125,-0.008477162,0.087117268,0.12238486,0.14181156,4,0.502,-1.17,234.014
01:46.6,17.6,0.95,15.42907976,75.01590452,712.368,0.30114924,96.998752,13.546,16.79,0.86,0.005898059,-0.00885929,0.00097092,-0.2053323,-0.09388386,-9.795867,-0.03390864,0.08456965,0.1237854,0.1376511,4,0.5,-1.17,234.01
01:46.6,17.5,0.95,15.4290798,75.01590455,712.37,0.2907715,92.443715,13.545,16.79,0.86,0.0035477,-0.009795595,0.000522366,-0.1990091,-0.08120326,-9.810661,-0.059905252,0.12269502,0.17054596,0.1688261,4.8,0.5,-1.168,233.996
01:46.7,17.4,0.95,15.42907984,75.01590458,712.372,0.28039376,87.888678,13.544,16.79,0.86,0.001197341,-0.0107319,7.38E-05,-0.1926859,-0.06852266,-9.825455,-0.085901864,0.16082039,0.21730652,0.2000011,5.6,0.5,-1.166,233.982
01:46.7,17.3,0.95,15.42907988,75.01590461,712.374,0.27001602,83.333641,13.543,16.79,0.86,0.006333376,-0.016177665,-0.001744471,-0.18511635,-0.05753804,-9.8256505,-0.111898476,0.19894576,0.26406708,0.2311761,6.4,0.5,-1.164,233.968
01:46.7,17.2,0.95,15.42907992,75.01590464,712.376,0.25963828,78.778604,13.542,16.79,0.86,0.01146941,-0.02162343,-0.003562753,-0.1775468,-0.04655342,-9.825846,-0.137895088,0.23707113,0.31082764,0.2623511,7.2,0.5,-1.162,233.954
01:46.7,17.1,0.95,15.42907996,75.01590467,712.378,0.24926054,74.223567,13.541,16.79,0.86,0.001671291,-0.012620301,-0.024959286,-0.081394675,0.07363584,-9.8233925,-0.1638917,0.2751965,0.3575882,0.2935261,8,0.5,-1.16,233.94
01:46.7,17,0.95,15.42908,75.0159047,712.38,0.2388828,69.66853,13.54,16.79,0.86,-0.008126828,-0.003617172,-0.04635582,0.01475745,0.1938251,-9.820939,-0.09155328,0.26748764,0.34087956,0.29016398,7.2,0.5,-1.16,233.846
01:46.8,17.1,0.944,15.42908011,75.01590475,712.381,0.28842477,65.637452,13.538,16.79,0.916,0.001697406,-0.017759496,-0.07476876,0.061117525,0.1825203,-9.8042115,-0.01921486,0.25977878,0.32417092,0.28680186,6.4,0.5,-1.16,233.752
01:46.8,17.2,0.938,15.42908022,75.0159048,712.382,0.33796674,61.606374,13.536,16.79,0.972,0.01152164,-0.03190182,-0.1031817,0.1074776,0.1712155,-9.787484,0.05312356,0.25206992,0.30746228,0.28343974,5.6,0.5,-1.16,233.658
01:46.8,17.3,0.932,15.42908033,75.01590485,712.383,0.38750871,57.575296,13.534,16.79,1.028,0.005901678,-0.015384843,-0.096861545,-0.0948013,-0.03147505,-9.8164185,0.12546198,0.24436106,0.29075364,0.28007762,4.8,0.5,-1.16,233.564
01:46.8,17.4,0.926,15.42908044,75.0159049,712.384,0.43705068,53.544218,13.532,16.79,1.084,0.000281715,0.001132133,-0.09054139,-0.2970802,-0.2341656,-9.845353,0.1978004,0.2366522,0.274045,0.2767155,4,0.5,-1.16,233.47
01:46.8,17.5,0.92,15.42908055,75.01590495,712.385,0.48659265,49.51314,13.53,16.79,1.14,-0.004269699,-0.000996536,-0.06039721,-0.2594817,-0.21385465,-9.788677,0.171803774,0.23686444,0.26190888,0.27912842,4,0.498,-1.16,233.42
01:46.9,17.6,0.914,15.42908066,75.015905,712.386,0.53613462,45.482062,13.528,16.79,1.196,-0.008821112,-0.003125205,-0.03025303,-0.2218832,-0.1935437,-9.732001,0.145807148,0.23707668,0.24977276,0.28154134,4,0.496,-1.16,233.37
01:46.9,17.7,0.908,15.42908077,75.01590505,712.387,0.58567659,41.450984,13.526,16.79,1.252,-0.009744636,-0.003827786,-0.001203115,-0.33287255,-0.219583,-9.779547,0.119810522,0.23728892,0.23763664,0.28395426,4,0.494,-1.16,233.32
01:46.9,17.8,0.902,15.42908088,75.0159051,712.388,0.63521856,37.419906,13.524,16.79,1.308,-0.01066816,-0.004530366,0.0278468,-0.4438619,-0.2456223,-9.827093,0.093813896,0.23750116,0.22550052,0.28636718,4,0.492,-1.16,233.27
01:46.9,17.9,0.896,15.42908099,75.01590515,712.389,0.68476053,33.388828,13.522,16.79,1.364,-0.003227262,-0.009221898,0.016833126,-0.30379735,-0.138698345,-9.8136995,0.06781727,0.2377134,0.2133644,0.2887801,4,0.49,-1.16,233.22
01:46.9,18,0.89,15.4290811,75.0159052,712.39,0.7343025,29.35775,13.52,16.79,1.42,0.004213636,-0.01391343,0.005819452,-0.1637328,-0.03177439,-9.800306,0.053123528,0.22787384,0.20530228,0.28158664,4,0.486,-1.16,233.218
01:47.0,17.9,0.89,15.4290812,75.01590521,712.389,0.68462115,28.288358,13.518,16.79,1.395,0.005648838,-0.022035275,0.004249073,-0.18519165,-0.05643108,-9.830857,0.038429786,0.21803428,0.19724016,0.27439318,4,0.482,-1.16,233.216
01:47.0,17.8,0.89,15.4290813,75.01590522,712.388,0.6349398,27.218966,13.516,16.79,1.37,0.007084041,-0.03015712,0.002678693,-0.2066505,-0.08108777,-9.861408,0.023736045,0.20819472,0.18917804,0.26719972,4,0.478,-1.16,233.214
01:47.0,17.7,0.89,15.4290814,75.01590523,712.387,0.58525845,26.149574,13.514,16.79,1.345,0.004974443,-0.021380455,-0.003087879,-0.1722883,-0.049007375,-9.813792,0.009042303,0.19835516,0.18111592,0.26000626,4,0.474,-1.16,233.212
01:47.0,17.6,0.89,15.4290815,75.01590524,712.386,0.5355771,25.080182,13.512,16.79,1.32,0.002864844,-0.01260379,-0.008854451,-0.1379261,-0.01692698,-9.766176,-0.005651439,0.1885156,0.1730538,0.2528128,4,0.47,-1.16,233.21
01:47.0,17.5,0.89,15.4290816,75.01590525,712.385,0.48589575,24.01079,13.51,16.79,1.295,0.007387977,-0.012928555,-0.003351621,-0.1567261,-0.046305155,-9.7974295,0.001130287,0.24954874,0.23079584,0.25476656,4,0.464,-1.162,233.214
01:47.1,17.4,0.89,15.4290817,75.01590526,712.384,0.4362144,22.941398,13.508,16.79,1.27,0.01191111,-0.01325332,0.002151208,-0.1755261,-0.07568333,-9.828683,0.007912013,0.31058188,0.28853788,0.25672032,4,0.458,-1.164,233.218
01:47.1,17.3,0.89,15.4290818,75.01590527,712.383,0.38653305,21.872006,13.506,16.79,1.245,0.005214192,-0.00781604,0.001899769,-0.3667156,-0.230305165,-9.8232205,0.014693738,0.37161502,0.34627992,0.25867408,4,0.452,-1.166,233.222
01:47.1,17.2,0.89,15.4290819,75.01590528,712.382,0.3368517,20.802614,13.504,16.79,1.22,-0.001482726,-0.002378759,0.001648329,-0.5579051,-0.384927,-9.817758,0.021475464,0.43264816,0.40402196,0.26062784,4,0.446,-1.168,233.226
01:47.1,17.1,0.89,15.429082,75.01590529,712.381,0.28717035,19.733222,13.502,16.79,1.195,0.020305642,-0.001965993,0.014532095,0.09286895,0.15254915,-9.7112535,0.02825719,0.4936813,0.461764,0.2625816,4,0.44,-1.17,233.23
01:47.1,17,0.89,15.4290821,75.0159053,712.38,0.237489,18.66383,13.5,16.79,1.17,0.04209401,-0.001553226,0.02741586,0.743643,0.6900253,-9.604749,0.037299494,0.50024942,0.46985752,0.2771801,4,0.45,-1.17,233.24
01:47.2,17.1,0.89,15.42908207,75.0159053,712.387,0.26666429,34.970687,13.5,16.791,1.193,0.036858035,-0.004772295,0.02493847,0.1055048,0.1284419,-9.752911,0.046341798,0.50681754,0.47795104,0.2917786,4,0.46,-1.17,233.25
01:47.2,17.2,0.89,15.42908204,75.0159053,712.394,0.29583958,51.277544,13.5,16.792,1.216,0.03162206,-0.007991364,0.02246108,-0.5326334,-0.4331415,-9.901073,0.055384102,0.51338566,0.48604456,0.3063771,4,0.47,-1.17,233.26
01:47.2,17.3,0.89,15.42908201,75.0159053,712.401,0.32501487,67.584401,13.5,16.793,1.239,0.026552685,-0.010624327,0.012287658,-0.316341,-0.216252328,-9.863519,0.064426406,0.51995378,0.49413808,0.3209756,4,0.48,-1.17,233.27
01:47.2,17.4,0.89,15.42908198,75.0159053,712.408,0.35419016,83.891258,13.5,16.794,1.262,0.02148331,-0.01325729,0.002114235,-0.1000486,0.000636843,-9.825965,0.07346871,0.5265219,0.5022316,0.3355741,4,0.49,-1.17,233.28
01:47.2,17.5,0.89,15.42908195,75.0159053,712.415,0.38336545,100.198115,13.5,16.795,1.285,0.034991025,-0.025452285,0.009649113,-0.095782095,0.031833687,-9.8322135,0.083641308,0.49356904,0.46627228,0.31939642,4,0.496,-1.174,233.332
01:47.3,17.6,0.89,15.42908192,75.0159053,712.422,0.41254074,116.504972,13.5,16.796,1.308,0.04849874,-0.03764728,0.01718399,-0.09151559,0.06303053,-9.838462,0.093813906,0.46061618,0.43031296,0.30321874,4,0.502,-1.178,233.384
01:47.3,17.7,0.89,15.42908189,75.0159053,712.429,0.44171603,132.811829,13.5,16.797,1.331,0.0222495,-0.020816529,0.058428415,-0.03343487,0.120775515,-9.7859875,0.103986504,0.42766332,0.39435364,0.28704106,4,0.508,-1.182,233.436
01:47.3,17.8,0.89,15.42908186,75.0159053,712.436,0.47089132,149.118686,13.5,16.798,1.354,-0.003999741,-0.003985778,0.09967284,0.02464585,0.1785205,-9.733513,0.114159102,0.39471046,0.35839432,0.27086338,4,0.514,-1.186,233.488
01:47.3,17.9,0.89,15.42908183,75.0159053,712.443,0.50006661,165.425543,13.5,16.799,1.377,0.003398259,-0.010282564,0.14207832,0.188759175,0.32234585,-9.761642,0.1243317,0.3617576,0.322435,0.2546857,4,0.52,-1.19,233.54
01:47.3,18,0.89,15.4290818,75.0159053,712.45,0.5292419,181.7324,13.5,16.8,1.4,0.01079626,-0.01657935,0.1844838,0.3528725,0.4661712,-9.789771,0.11246367,0.36952704,0.36484486,0.29535994,4.8,0.522,-1.192,234.002
01:47.4,17.8,0.894,15.42908176,75.01590527,712.455,0.50727914,184.04185,13.499,16.8,1.395,0.018973495,-0.01369279,0.31289595,0.44933265,0.7604866,-9.77786,0.10059564,0.37729648,0.40725472,0.33603418,5.6,0.524,-1.194,234.464
01:47.4,17.6,0.898,15.42908172,75.01590524,712.46,0.48531638,186.3513,13.498,16.8,1.39,0.02715073,-0.01080623,0.4413081,0.5457928,1.054802,-9.765949,0.08872761,0.38506592,0.44966458,0.37670842,6.4,0.526,-1.196,234.926
01:47.4,17.4,0.902,15.42908168,75.01590521,712.465,0.46335362,188.66075,13.497,16.8,1.385,0.038449255,-0.017061335,0.5650225,0.5958737,1.045933,-9.875071,0.07685958,0.39283536,0.49207444,0.41738266,7.2,0.528,-1.198,235.388
01:47.4,17.2,0.906,15.42908164,75.01590518,712.47,0.44139086,190.9702,13.496,16.8,1.38,0.04974778,-0.02331644,0.6887369,0.6459546,1.037064,-9.984193,0.06499155,0.4006048,0.5344843,0.4580569,8,0.53,-1.2,235.85
01:47.4,17,0.91,15.4290816,75.01590515,712.475,0.4194281,193.27965,13.495,16.8,1.375,0.042215245,-0.021059475,0.85638495,0.4828887,0.83016895,-9.90862,0.046341802,0.40695374,0.56539758,0.49585366,7.2,0.54,-1.214,237.094
01:47.5,16.8,0.914,15.42908156,75.01590512,712.48,0.39746534,195.5891,13.494,16.8,1.37,0.03468271,-0.01880251,1.024033,0.3198228,0.6232739,-9.833047,0.027692054,0.41330268,0.59631086,0.53365042,6.4,0.55,-1.228,238.338
01:47.5,16.6,0.918,15.42908152,75.01590509,712.485,0.37550258,197.89855,13.493,16.8,1.365,0.02734317,0.01838428,1.1477625,0.2702302,0.291796355,-9.777172,0.009042306,0.41965162,0.62722414,0.57144718,5.6,0.56,-1.242,239.582
01:47.5,16.4,0.922,15.42908148,75.01590506,712.49,0.35353982,200.208,13.492,16.8,1.36,0.02000363,0.05557107,1.271492,0.2206376,-0.03968119,-9.721297,-0.009607442,0.42600056,0.65813742,0.60924394,4.8,0.57,-1.256,240.826
01:47.5,16.2,0.926,15.42908144,75.01590503,712.495,0.33157706,202.51745,13.491,16.8,1.355,0.04587624,0.00417952,1.3724025,-0.05373,-0.237193195,-9.804108,-0.02825719,0.4323495,0.6890507,0.6470407,4,0.58,-1.27,242.07
01:47.5,16,0.93,15.4290814,75.015905,712.5,0.3096143,204.8269,13.49,16.8,1.35,0.07174885,-0.04721203,1.473313,-0.3280976,-0.4347052,-9.886919,-0.055384092,0.49053036,0.70908612,0.69537948,4,0.572,-1.278,243.902
01:47.6,16,0.93,15.42908144,75.01590502,712.51,0.3085553,183.2418011,13.48888889,16.8,1.343333333,0.06734524,-0.016697415,1.540853,-0.7883953,-0.5895973,-9.8438975,-0.082510994,0.54871122,0.72912154,0.74371826,4,0.564,-1.286,245.734
01:47.6,16,0.93,15.42908149,75.01590504,712.52,0.3074963,161.6567022,13.48777778,16.8,1.336666667,0.06294163,0.0138172,1.608393,-1.248693,-0.7444894,-9.800876,-0.109637896,0.60689208,0.74915696,0.79205704,4,0.556,-1.294,247.566
01:47.6,16,0.93,15.42908153,75.01590507,712.53,0.3064373,140.0716033,13.48666667,16.8,1.33,0.032621517,0.011082504,1.7172175,-1.4440945,-0.67937385,-9.7114205,-0.136764798,0.66507294,0.76919238,0.84039582,4,0.548,-1.302,249.398
01:47.6,16,0.93,15.42908158,75.01590509,712.54,0.3053783,118.4865044,13.48555556,16.8,1.323333333,0.002301404,0.008347807,1.826042,-1.639496,-0.6142583,-9.621965,-0.1638917,0.7232538,0.7892278,0.8887346,4,0.54,-1.31,251.23
01:47.6,16,0.93,15.42908162,75.01590511,712.55,0.3043193,96.90140556,13.48444444,16.8,1.316666667,0.014551277,0.011302934,1.912491,-1.4512535,-0.23127905,-9.7819095,-0.124896776,0.81949804,0.92796424,0.95696708,4,0.51,-1.304,253.474
01:47.7,16,0.93,15.42908167,75.01590513,712.56,0.3032603,75.31630667,13.48333333,16.8,1.31,0.02680115,0.01425806,1.99894,-1.263011,0.1517002,-9.941854,-0.085901852,0.91574228,1.06670068,1.02519956,4,0.48,-1.298,255.718
01:47.7,16,0.93,15.42908171,75.01590516,712.57,0.3022013,53.73120778,13.48222222,16.8,1.303333333,0.04159616,0.028679225,1.9790925,-1.07532085,0.38891265,-9.8852295,-0.046906928,1.01198652,1.20543712,1.09343204,4,0.45,-1.292,257.962
01:47.7,16,0.93,15.42908176,75.01590518,712.58,0.3011423,32.14610889,13.48111111,16.8,1.296666667,0.05639117,0.04310039,1.959245,-0.8876307,0.6261251,-9.828605,-0.007912004,1.10823076,1.34417356,1.16166452,4,0.42,-1.286,260.206
01:47.7,16,0.93,15.4290818,75.0159052,712.59,0.3000833,10.56101,13.48,16.8,1.29,0.025764399,0.032957895,1.8868865,-0.8933791,0.86057405,-9.8086085,0.03108292,1.204475,1.48291,1.229897,4,0.39,-1.28,262.45
01:47.7,16.09090909,0.93,15.42908182,75.01590524,712.6,0.293432155,18.75239091,13.48,16.80090909,1.253636364,-0.004862372,0.0228154,1.814528,-0.8991275,1.095023,-9.788612,0.026561768,1.2205672,1.5682694,1.2357038,4,0.39,-1.28,264.52
01:47.8,16.18181818,0.93,15.42908184,75.01590527,712.61,0.286781009,26.94377182,13.48,16.80181818,1.217272727,0.024322044,0.03563001,1.814782,-0.7719764,1.061257,-9.8301225,0.022040616,1.2366594,1.6536288,1.2415106,4,0.39,-1.28,266.59
01:47.8,16.27272727,0.93,15.42908185,75.01590531,712.62,0.280129864,35.13515273,13.48,16.80272727,1.180909091,0.05350646,0.04844462,1.815036,-0.6448253,1.027491,-9.871633,0.017519463,1.2527516,1.7389882,1.2473174,4,0.39,-1.28,268.66
01:47.8,16.36363636,0.93,15.42908187,75.01590535,712.63,0.273478718,43.32653364,13.48,16.80363636,1.144545455,0.10139283,0.00290783,1.7989085,-0.36270202,0.9419417,-9.927486,0.012998311,1.2688438,1.8243476,1.2531242,4,0.39,-1.28,270.73
01:47.8,16.45454545,0.93,15.42908189,75.01590538,712.64,0.266827573,51.51791455,13.48,16.80454545,1.108181818,0.1492792,-0.04262896,1.782781,-0.08057874,0.8563924,-9.983339,0.008477159,1.284936,1.909707,1.258931,4,0.39,-1.28,272.8
01:47.8,16.54545455,0.93,15.42908191,75.01590542,712.65,0.260176427,59.70929545,13.48,16.80545455,1.071818182,0.09079402,-0.021735776,1.784968,0.02782933,0.54260285,-9.8759765,-0.014693733,1.22771698,1.8856964,1.2324332,4,0.378,-1.26,274.772
01:47.9,16.63636364,0.93,15.42908193,75.01590545,712.66,0.253525282,67.90067636,13.48,16.80636364,1.035454545,0.03230884,-0.000842592,1.787155,0.1362374,0.2288133,-9.768614,-0.037864625,1.17049796,1.8616858,1.2059354,4,0.366,-1.24,276.744
01:47.9,16.72727273,0.93,15.42908195,75.01590549,712.67,0.246874136,76.09205727,13.48,16.80727273,0.999090909,0.022017565,-0.00279459,1.754199,0.132091,-0.28685285,-9.6386225,-0.061035516,1.11327894,1.8376752,1.1794376,4,0.354,-1.22,278.716
01:47.9,16.81818182,0.93,15.42908196,75.01590553,712.68,0.240222991,84.28343818,13.48,16.80818182,0.962727273,0.01172629,-0.004746588,1.721243,0.1279446,-0.802519,-9.508631,-0.084206408,1.05605992,1.8136646,1.1529398,4,0.342,-1.2,280.688
01:47.9,16.90909091,0.93,15.42908198,75.01590556,712.69,0.233571845,92.47481909,13.48,16.80909091,0.926363636,0.02276782,0.001816215,1.54467,0.30041225,-1.077227,-9.7918755,-0.1073773,0.9988409,1.789654,1.126442,4,0.33,-1.18,282.66
01:47.9,17,0.93,15.429082,75.0159056,712.7,0.2269207,100.6662,13.48,16.81,0.89,0.03380935,0.008379017,1.368097,0.4728799,-1.351935,-10.07512,-0.105116732,1.19448672,2.021975,1.305588,4.8,0.316,-1.158,283.94
01:48.0,17,0.93,15.42908202,75.01590561,712.702,0.21734694,101.98252,13.479,16.811,0.892,0.029581195,0.016190489,1.2397825,0.44869405,-1.5098755,-9.9080875,-0.102856164,1.39013254,2.254296,1.484734,5.6,0.302,-1.136,285.22
01:48.0,17,0.93,15.42908204,75.01590562,712.704,0.20777318,103.29884,13.478,16.812,0.894,0.02535304,0.02400196,1.111468,0.4245082,-1.667816,-9.741055,-0.100595596,1.58577836,2.486617,1.66388,6.4,0.288,-1.114,286.5
01:48.0,17,0.93,15.42908206,75.01590563,712.706,0.19819942,104.61516,13.477,16.813,0.896,-0.006716135,0.041422635,0.92890105,-0.0580679,-1.692655,-9.6632975,-0.098335028,1.78142418,2.718938,1.843026,7.2,0.274,-1.092,287.78
01:48.0,17,0.93,15.42908208,75.01590564,712.708,0.18862566,105.93148,13.476,16.814,0.898,-0.03878531,0.05884331,0.7463341,-0.540644,-1.717494,-9.58554,-0.09607446,1.97707,2.951259,2.022172,8,0.26,-1.07,289.06
01:48.0,17,0.93,15.4290821,75.01590565,712.71,0.1790519,107.2478,13.475,16.815,0.9,-0.00601431,0.021089695,0.46359695,-0.896388,-1.2159128,-9.7893225,-0.052558388,1.8491108,2.7542278,1.8857216,8,0.25,-1.06,289.248
01:48.1,17,0.93,15.42908212,75.01590566,712.712,0.16947814,108.56412,13.474,16.816,0.902,0.02675669,-0.01666392,0.1808598,-1.252132,-0.7143316,-9.993105,-0.009042316,1.7211516,2.5571966,1.7492712,8,0.24,-1.05,289.436
01:48.1,17,0.93,15.42908214,75.01590567,712.714,0.15990438,109.88044,13.473,16.817,0.904,0.03515465,-0.022814145,0.079031985,-1.554861,-0.20590675,-9.892761,0.034473756,1.5931924,2.3601654,1.6128208,8,0.23,-1.04,289.624
01:48.1,17,0.93,15.42908216,75.01590568,712.716,0.15033062,111.19676,13.472,16.818,0.906,0.04355261,-0.02896437,-0.02279583,-1.85759,0.3025181,-9.792417,0.077989828,1.4652332,2.1631342,1.4763704,8,0.22,-1.03,289.812
01:48.1,17,0.93,15.42908218,75.01590569,712.718,0.14075686,112.51308,13.471,16.819,0.908,0.00410385,-0.00365334,-0.017413795,-1.07458445,0.10811374,-9.788934,0.1215059,1.337274,1.966103,1.33992,8,0.21,-1.02,290
01:48.1,17,0.93,15.4290822,75.0159057,712.72,0.1311831,113.8294,13.47,16.82,0.91,-0.03534491,0.02165769,-0.01203176,-0.2915789,-0.08629062,-9.785451,0.082510978,1.17960766,1.70208308,1.17424488,7.2,0.186,-0.992,289.998
01:48.2,17.2,0.926,15.42908222,75.01590572,712.727,0.13638664,107.678161,13.47,16.819,0.909,-0.033506075,0.020885615,-0.004261604,-0.19035285,-0.0524346,-9.7761725,0.043516056,1.02194132,1.43806316,1.00856976,6.4,0.162,-0.964,289.996
01:48.2,17.4,0.922,15.42908224,75.01590574,712.734,0.14159018,101.526922,13.47,16.818,0.908,-0.03166724,0.02011354,0.003508552,-0.0891268,-0.01857858,-9.766894,0.004521134,0.86427498,1.17404324,0.84289464,5.6,0.138,-0.936,289.994
01:48.2,17.6,0.918,15.42908226,75.01590576,712.741,0.14679372,95.375683,13.47,16.817,0.907,-0.01592554,0.002888955,0.007332926,-0.1259605,-0.002398295,-9.771988,-0.034473788,0.70660864,0.91002332,0.67721952,4.8,0.114,-0.908,289.992
01:48.2,17.8,0.914,15.42908228,75.01590578,712.748,0.15199726,89.224444,13.47,16.816,0.906,-0.00018384,-0.01433563,0.0111573,-0.1627942,0.01378199,-9.777082,-0.07346871,0.5489423,0.6460034,0.5115444,4,0.09,-0.88,289.99
01:48.2,18,0.91,15.4290823,75.0159058,712.755,0.1572008,83.073205,13.47,16.815,0.905,0.013427585,-0.030660155,0.009331776,-0.1867656,-0.01233321,-9.7785105,-0.033343488,0.51155186,0.59684728,0.47918574,4,0.116,-0.906,289.988
01:48.3,18.2,0.906,15.42908232,75.01590582,712.762,0.16240434,76.921966,13.47,16.814,0.904,0.02703901,-0.04698468,0.007506252,-0.210737,-0.03844841,-9.779939,0.006781734,0.47416142,0.54769116,0.44682708,4,0.142,-0.932,289.986
01:48.3,18.4,0.902,15.42908234,75.01590584,712.769,0.16760788,70.770727,13.47,16.813,0.903,0.032192285,-0.04981737,-0.00036363,-0.1612099,-0.003471535,-9.784267,0.046906956,0.43677098,0.49853504,0.41446842,4,0.168,-0.958,289.984
01:48.3,18.6,0.898,15.42908236,75.01590586,712.776,0.17281142,64.619488,13.47,16.812,0.902,0.03734556,-0.05265006,-0.008233513,-0.1116828,0.03150534,-9.788595,0.087032178,0.39938054,0.44937892,0.38210976,4,0.194,-0.984,289.982
01:48.3,18.8,0.894,15.42908238,75.01590588,712.783,0.17801496,58.468249,13.47,16.811,0.901,0.020438407,-0.034880855,-0.008261986,-0.26118315,-0.10603103,-9.786648,0.1271574,0.3619901,0.4002228,0.3497511,4,0.22,-1.01,289.98
01:48.3,19,0.89,15.4290824,75.0159059,712.79,0.1832185,52.31701,13.47,16.81,0.9,0.003531253,-0.01711165,-0.00829046,-0.4106835,-0.2435674,-9.784701,0.0655567,0.33825288,0.37052186,0.33701024,4,0.21,-0.998,289.98
01:48.4,19,0.89,15.42908241,75.01590592,712.799,0.18721279,62.451769,13.468,16.808,0.91,-0.008748359,-0.007185601,-0.003612262,-0.30726695,-0.14709446,-9.817739,0.003956,0.31451566,0.34082092,0.32426938,4,0.2,-0.986,289.98
01:48.4,19,0.89,15.42908242,75.01590594,712.808,0.19120708,72.586528,13.466,16.806,0.92,-0.02102797,0.002740447,0.001065937,-0.2038504,-0.05062152,-9.850777,-0.0576447,0.29077844,0.31111998,0.31152852,4,0.19,-0.974,289.98
01:48.4,19,0.89,15.42908243,75.01590596,712.817,0.19520137,82.721287,13.464,16.804,0.93,-0.000780735,-0.010739792,0.002234908,-0.19836285,-0.049013395,-9.807527,-0.1192454,0.26704122,0.28141904,0.29878766,4,0.18,-0.962,289.98
01:48.4,19,0.89,15.42908244,75.01590598,712.826,0.19919566,92.856046,13.462,16.802,0.94,0.0194665,-0.02422003,0.003403879,-0.1928753,-0.04740527,-9.764277,-0.1808461,0.243304,0.2517181,0.2860468,4,0.17,-0.95,289.98
01:48.4,19,0.89,15.42908245,75.015906,712.835,0.20318995,102.990805,13.46,16.8,0.95,0.02223151,-0.02870088,0.004257659,-0.15891685,-0.021894173,-9.778337,-0.163891772,0.2279918,0.23809782,0.2746239,4,0.178,-0.96,289.978
01:48.5,19,0.89,15.42908246,75.01590602,712.844,0.20718424,113.125564,13.458,16.798,0.96,0.02499652,-0.03318173,0.005111439,-0.1249584,0.003616924,-9.792397,-0.146937444,0.2126796,0.22447754,0.263201,4,0.186,-0.97,289.976
01:48.5,19,0.89,15.42908247,75.01590604,712.853,0.21117853,123.260323,13.456,16.796,0.97,0.013748324,-0.013891258,0.003346188,-0.23971125,-0.106206288,-9.804843,-0.129983116,0.1973674,0.21085726,0.2517781,4,0.194,-0.98,289.974
01:48.5,19,0.89,15.42908248,75.01590606,712.862,0.21517282,133.395082,13.454,16.794,0.98,0.002500128,0.005399215,0.001580937,-0.3544641,-0.2160295,-9.817289,-0.113028788,0.1820552,0.19723698,0.2403552,4,0.202,-0.99,289.972
01:48.5,19,0.89,15.42908249,75.01590608,712.871,0.21916711,143.529841,13.452,16.792,0.99,0.002934424,0.00032512,0.003871352,-0.2745291,-0.15110441,-9.8193765,-0.09607446,0.166743,0.1836167,0.2289323,4,0.21,-1,289.97
01:48.5,19,0.89,15.4290825,75.0159061,712.88,0.2231614,153.6646,13.45,16.79,1,0.00336872,-0.004748974,0.006161767,-0.1945941,-0.08617932,-9.821464,-0.077989856,0.18601646,0.19258092,0.2592763,4,0.21,-1.002,289.97
01:48.6,19,0.89,15.4290825,75.01590607,712.873,0.22989023,155.18649,13.448,16.788,1.003,0.003763608,-0.005967869,0.000174948,-0.17180185,-0.064857605,-9.8226435,-0.059905252,0.20528992,0.20154514,0.2896203,4,0.21,-1.004,289.97
01:48.6,19,0.89,15.4290825,75.01590604,712.866,0.23661906,156.70838,13.446,16.786,1.006,0.004158496,-0.007186764,-0.005811871,-0.1490096,-0.04353589,-9.823823,-0.041820647,0.22456338,0.21050936,0.3199643,4,0.21,-1.006,289.97
01:48.6,19,0.89,15.4290825,75.01590601,712.859,0.24334789,158.23027,13.444,16.784,1.009,0.007907618,-0.008736712,0.001669813,-0.23662795,-0.125877495,-9.826257,-0.023736043,0.24383684,0.21947358,0.3503083,4,0.21,-1.008,289.97
01:48.6,19,0.89,15.4290825,75.01590598,712.852,0.25007672,159.75216,13.442,16.782,1.012,0.01165674,-0.01028666,0.009151496,-0.3242463,-0.2082191,-9.828691,-0.005651439,0.2631103,0.2284378,0.3806523,4,0.21,-1.01,289.97
01:48.6,19,0.89,15.4290825,75.01590595,712.845,0.25680555,161.27405,13.44,16.78,1.015,-0.00267545,0.000435885,0.017153093,-0.3059535,-0.16566465,-9.845076,0.003390863,0.27324168,0.28850026,0.42250148,4,0.166,-0.964,290.006
01:48.7,19,0.89,15.4290825,75.01590592,712.838,0.26353438,162.79594,13.438,16.778,1.018,-0.01700764,0.01115843,0.02515469,-0.2876607,-0.1231102,-9.861461,0.012433165,0.28337306,0.34856272,0.46435066,4,0.122,-0.918,290.042
01:48.7,19,0.89,15.4290825,75.01590589,712.831,0.27026321,164.31783,13.436,16.776,1.021,-0.03032196,0.028818145,0.05504669,-0.4453886,-0.14953905,-9.738095,0.021475466,0.29350444,0.40862518,0.50619984,4,0.078,-0.872,290.078
01:48.7,19,0.89,15.4290825,75.01590586,712.824,0.27699204,165.83972,13.434,16.774,1.024,-0.04363628,0.04647786,0.08493869,-0.6031165,-0.1759679,-9.614729,0.030517768,0.30363582,0.46868764,0.54804902,4,0.034,-0.826,290.114
01:48.7,19,0.89,15.4290825,75.01590583,712.817,0.28372087,167.36161,13.432,16.772,1.027,-0.04831489,0.045285815,0.087424375,-0.5946322,-0.11094389,-9.9236395,0.03956007,0.3137672,0.5287501,0.5898982,4,-0.01,-0.78,290.15
01:48.7,19,0.89,15.4290825,75.0159058,712.81,0.2904497,168.8835,13.43,16.77,1.03,-0.0529935,0.04409377,0.08991006,-0.5861479,-0.04591988,-10.23255,0.04521151,0.31971084,0.52671456,0.60268114,4,-0.014,-0.772,290.252
01:48.8,19,0.89,15.4290825,75.0159058,712.81,0.2904497,168.8835,13.43,16.77,1.03,-0.00711981,0.003099165,0.10820708,-0.292102764,-0.01637435,-9.8351045,0.05086295,0.32565448,0.52467902,0.61546408,4,-0.018,-0.764,290.354
01:48.8,19,0.89,15.4290825,75.0159058,712.81,0.2904497,168.8835,13.43,16.77,1.03,0.03875388,-0.03789544,0.1265041,0.001942373,0.01317118,-9.437659,0.05651439,0.33159812,0.52264348,0.62824702,4,-0.022,-0.756,290.456
01:48.8,19,0.89,15.4290825,75.0159058,712.81,0.2904497,168.8835,13.43,16.77,1.03,0.007926275,-0.013561125,0.09431901,0.063819987,-0.06386311,-9.7671245,0.06216583,0.33754176,0.52060794,0.64102996,4,-0.026,-0.748,290.558
01:48.8,19,0.89,15.4290825,75.0159058,712.81,0.2904497,168.8835,13.43,16.77,1.03,-0.02290133,0.01077319,0.06213392,0.1256976,-0.1408974,-10.09659,0.06781727,0.3434854,0.5185724,0.6538129,4,-0.03,-0.74,290.66
01:48.8,19,0.89,15.4290825,75.0159058,712.81,0.2904497,168.8835,13.43,16.77,1.03,0.007530945,-0.007656805,0.10696391,-0.02200485,-0.1115511,-9.820246,0.063296118,0.3434854,0.5185724,0.6538129,4,0.006,-0.782,290.914
01:48.9,19,0.89,15.4290825,75.0159058,712.81,0.2904497,168.8835,13.43,16.77,1.03,0.03796322,-0.0260868,0.1517939,-0.1697073,-0.0822048,-9.543902,0.058774966,0.3434854,0.5185724,0.6538129,4,0.042,-0.824,291.168
01:48.9,19,0.89,15.4290825,75.0159058,712.81,0.2904497,168.8835,13.43,16.77,1.03,0.03915499,-0.04229918,0.2485552,-0.5742865,-0.38926155,-9.734867,0.054253814,0.3434854,0.5185724,0.6538129,4,0.078,-0.866,291.422
01:48.9,19,0.89,15.4290825,75.0159058,712.81,0.2904497,168.8835,13.43,16.77,1.03,0.04034676,-0.05851156,0.3453165,-0.9788657,-0.6963183,-9.925832,0.049732662,0.3434854,0.5185724,0.6538129,4,0.114,-0.908,291.676
01:48.9,19,0.89,15.4290825,75.0159058,712.81,0.2904497,168.8835,13.43,16.77,1.03,0.04034676,-0.05851156,0.3453165,-0.9788657,-0.6963183,-9.925832,0.04521151,0.3434854,0.5185724,0.6538129,4,0.15,-0.95,291.93
