Time_s,GPS_NSats,GPS_HDop,GPS_Lat,GPS_Lng,GPS_Alt,GPS_Spd,GPS_GCrs,GPA_HAcc,GPA_VAcc,GPA_SAcc,IMU_GyrX,IMU_GyrY,IMU_GyrZ,IMU_AccX,IMU_AccY,IMU_AccZ,BARO_Alt,VIBE_VibeX,VIBE_VibeY,VIBE_VibeZ,VIBE_Clip,ATT_Roll,ATT_Pitch,ATT_Yaw
00:42.8,0,100,0,0,0,0,0,0,0,0,0.004222747,-0.01044969,0.001422615,-0.2662027,0.2844198,-9.722325,-0.01130288,0.008342466,0.009455549,0.008952687,0,-1.58,-1.77,137.89
00:42.8,0,100,0,0,0,0,0,0,0,0,0.004222747,-0.01044969,0.001422615,-0.2662027,0.2844198,-9.722325,-0.01130288,0.008399199,0.009389408,0.009082381,0,-1.58,-1.77,137.89
00:42.8,0,100,0,0,0,0,0,0,0,0,0.004296274,-0.010123338,0.001494677,-0.26588275,0.28710925,-9.7215415,-0.01130288,0.008455933,0.009323266,0.009212074,0,-1.58,-1.77,137.89
00:42.8,0,100,0,0,0,0,0,0,0,0,0.004369801,-0.009796986,0.001566739,-0.2655628,0.2897987,-9.720758,-0.01130288,0.008512666,0.009257125,0.009341768,0,-1.58,-1.77,137.89
00:42.9,0,100,0,0,0,0,0,0,0,0,0.003923326,-0.010352063,0.001221382,-0.2656652,0.2860818,-9.7192375,-0.01130288,0.0085694,0.009190983,0.009471461,0,-1.58,-1.77,137.89
00:42.9,0,100,0,0,0,0,0,0,0,0,0.003476851,-0.01090714,0.000876024,-0.2657676,0.2823649,-9.717717,-0.01130288,0.008626133,0.009124842,0.009601155,0,-1.58,-1.77,137.89
00:42.9,0,100,0,0,0,0,0,0,0,0,0.003340665,-0.010575545,0.001020303,-0.2652075,0.2838901,-9.7202045,-0.013563456,0.00861041,0.009289232,0.009558748,0,-1.58,-1.77,137.89
00:42.9,0,100,0,0,0,0,0,0,0,0,0.003204478,-0.01024395,0.001164582,-0.2646474,0.2854153,-9.722692,-0.015824032,0.008594687,0.009453621,0.00951634,0,-1.58,-1.77,137.89
00:42.9,0,100,0,0,0,0,0,0,0,0,0.003508808,-0.010785825,0.000801171,-0.26614065,0.28446115,-9.7212315,-0.018084608,0.008578964,0.009618011,0.009473933,0,-1.58,-1.77,137.89
00:43.0,0,100,0,0,0,0,0,0,0,0,0.003813138,-0.0113277,0.000437761,-0.2676339,0.283507,-9.719771,-0.020345184,0.008563241,0.0097824,0.009431525,0,-1.58,-1.77,137.89
00:43.0,0,100,0,0,0,0,0,0,0,0,0.000904002,-0.007713186,0.000653239,-0.2706715,0.2681174,-9.7684255,-0.02260576,0.008547518,0.00994679,0.009389118,0,-1.58,-1.77,137.89
00:43.0,0,100,0,0,0,0,0,0,0,0,-0.002005134,-0.004098671,0.000868717,-0.2737091,0.2527278,-9.81708,-0.015258888,0.00849232,0.009756344,0.009330973,0,-1.58,-1.772,137.89
00:43.0,0,100,0,0,0,0,0,0,0,0,0.001292897,-0.007502966,0.00121619,-0.27040635,0.26884465,-9.768809,-0.007912016,0.008437122,0.009565899,0.009272828,0,-1.58,-1.774,137.89
00:43.0,0,100,0,0,0,0,0,0,0,0,0.004590928,-0.01090726,0.001563662,-0.2671036,0.2849615,-9.720538,-0.000565144,0.008381925,0.009375453,0.009214683,0,-1.58,-1.776,137.89
00:43.1,0,100,0,0,0,0,0,0,0,0,0.004020201,-0.010286627,0.001811934,-0.2675313,0.2857228,-9.7196505,0.006781728,0.008326727,0.009185008,0.009156538,0,-1.58,-1.778,137.89
00:43.1,0,100,0,0,0,0,0,0,0,0,0.003449474,-0.009665994,0.002060205,-0.267959,0.2864841,-9.718763,0.0141286,0.008271529,0.008994562,0.009098393,0,-1.58,-1.78,137.89
00:43.1,0,100,0,0,0,0,0,0,0,0,0.003684579,-0.009515777,0.001461324,-0.2669111,0.28385095,-9.7183105,-0.004521148,0.018303495,0.019592242,0.022679996,0,-1.578,-1.78,137.89
00:43.1,0,100,0,0,0,0,0,0,0,0,0.003919684,-0.00936556,0.000862444,-0.2658632,0.2812178,-9.717858,-0.023170896,0.028335461,0.030189921,0.0362616,0,-1.576,-1.78,137.89
00:43.1,0,100,0,0,0,0,0,0,0,0,0.004210072,-0.01012885,0.001010277,-0.26544235,0.2822402,-9.719981,-0.041820644,0.038367428,0.040787601,0.049843203,0,-1.574,-1.78,137.89
00:43.2,0,100,0,0,0,0,0,0,0,0,0.004500459,-0.01089214,0.001158111,-0.2650215,0.2832626,-9.722104,-0.060470392,0.048399394,0.05138528,0.063424807,0,-1.572,-1.78,137.89
00:43.2,0,100,0,0,0,0,0,0,0,0,0.001626473,-0.006181749,0.001864676,-0.26659935,0.26468575,-9.7681,-0.07912014,0.05843136,0.06198296,0.07700641,0,-1.57,-1.78,137.89
00:43.2,0,100,0,0,0,0,0,0,0,0,-0.001247513,-0.001471357,0.002571241,-0.2681772,0.2461089,-9.814096,-0.097204752,0.048468144,0.051596848,0.063475125,0,-1.57,-1.78,137.888
00:43.2,0,100,0,0,0,0,0,0,0,0,0.001749783,-0.005746589,0.001597795,-0.2677736,0.26375805,-9.7659025,-0.115289364,0.038504927,0.041210736,0.04994384,0,-1.57,-1.78,137.886
00:43.2,0,100,0,0,0,0,0,0,0,0,0.004747079,-0.01002182,0.000624349,-0.26737,0.2814072,-9.717709,-0.133373976,0.028541711,0.030824624,0.036412556,0,-1.57,-1.78,137.884
00:43.3,0,100,0,0,0,0,0,0,0,0,0.00379725,-0.009787495,0.000433277,-0.267553,0.2795218,-9.7191865,-0.151458588,0.018578494,0.020438512,0.022881271,0,-1.57,-1.78,137.882
00:43.3,0,100,0,0,0,0,0,0,0,0,0.00284742,-0.00955317,0.000242206,-0.267736,0.2776364,-9.720664,-0.1695432,0.008615278,0.0100524,0.009349986,0,-1.57,-1.78,137.88
00:43.3,0,100,0,0,0,0,0,0,0,0,0.003375079,-0.009993565,0.00055721,-0.26698895,0.28028645,-9.7193005,-0.149198014,0.008826008,0.010503034,0.010045787,0,-1.57,-1.782,137.88
00:43.3,0,100,0,0,0,0,0,0,0,0,0.003902737,-0.01043396,0.000872213,-0.2662419,0.2829365,-9.717937,-0.128852828,0.009036738,0.010953668,0.010741588,0,-1.57,-1.784,137.88
00:43.3,0,100,0,0,0,0,0,0,0,0,0.004105912,-0.01050486,0.000806081,-0.26757655,0.28497895,-9.7183455,-0.108507642,0.009247469,0.011404302,0.011437388,0,-1.57,-1.786,137.88
00:43.4,0,100,0,0,0,0,0,0,0,0,0.004309088,-0.01057576,0.000739949,-0.2689112,0.2870214,-9.718754,-0.088162456,0.009458199,0.011854936,0.012133189,0,-1.57,-1.788,137.88
00:43.4,0,100,0,0,0,0,0,0,0,0,0.001808231,-0.008765423,-0.000906679,-0.2676123,0.2617251,-9.7625655,-0.06781727,0.009668929,0.01230557,0.01282899,0,-1.57,-1.79,137.88
00:43.4,0,100,0,0,0,0,0,0,0,0,-0.000692626,-0.006955085,-0.002553307,-0.2663134,0.2364288,-9.806377,-0.099465336,0.009918137,0.012444176,0.012972562,0,-1.57,-1.79,137.88
00:43.4,0,100,0,0,0,0,0,0,0,0,0.001865397,-0.008538048,-0.000689706,-0.26936195,0.2617915,-9.763034,-0.131113402,0.010167345,0.012582782,0.013116134,0,-1.57,-1.79,137.88
00:43.4,0,100,0,0,0,0,0,0,0,0,0.00442342,-0.01012101,0.001173895,-0.2724105,0.2871542,-9.719691,-0.162761468,0.010416554,0.012721388,0.013259706,0,-1.57,-1.79,137.88
00:43.5,0,100,0,0,0,0,0,0,0,0,0.004714725,-0.009916077,0.001282791,-0.2693444,0.284858,-9.720874,-0.194409534,0.010665762,0.012859994,0.013403278,0,-1.57,-1.79,137.88
00:43.5,0,100,0,0,0,0,0,0,0,0,0.005006029,-0.009711144,0.001391686,-0.2662783,0.2825618,-9.722057,-0.2260576,0.01091497,0.0129986,0.01354685,0,-1.57,-1.79,137.88
00:43.5,0,100,0,0,0,0,0,0,0,0,0.00448031,-0.009899127,0.001187082,-0.2658144,0.28383185,-9.7194185,-0.1503283,0.020753042,0.0226489,0.02734322,0,-1.57,-1.792,137.88
00:43.5,0,100,0,0,0,0,0,0,0,0,0.003954591,-0.01008711,0.000982478,-0.2653505,0.2851019,-9.71678,-0.074599,0.030591114,0.0322992,0.04113959,0,-1.57,-1.794,137.88
00:43.5,0,100,0,0,0,0,0,0,0,0,0.002886847,-0.001035102,0.001263635,-0.2729281,0.2590544,-9.7640605,0.0011303,0.040429186,0.0419495,0.05493596,0,-1.57,-1.796,137.88
00:43.6,0,100,0,0,0,0,0,0,0,0,0.001819102,0.008016906,0.001544792,-0.2805057,0.2330069,-9.811341,0.0768596,0.050267258,0.0515998,0.06873233,0,-1.57,-1.798,137.88
00:43.6,0,100,0,0,0,0,0,0,0,0,0.00075888,0.005085182,0.000505542,-0.2791218,0.2361032,-9.8070585,0.1525889,0.06010533,0.0612501,0.0825287,0,-1.57,-1.8,137.88
00:43.6,0,100,0,0,0,0,0,0,0,0,-0.000301342,0.002153458,-0.000533707,-0.2777379,0.2391995,-9.802776,0.12207112,0.049879225,0.051838238,0.068616628,0,-1.57,-1.8,137.88
00:43.6,0,100,0,0,0,0,0,0,0,0,0.002217562,-0.005358111,0.000480613,-0.2718563,0.26250495,-9.762991,0.09155334,0.03965312,0.042426376,0.054704556,0,-1.57,-1.8,137.88
00:43.6,0,100,0,0,0,0,0,0,0,0,0.004736467,-0.01286968,0.001494933,-0.2659747,0.2858104,-9.723206,0.06103556,0.029427015,0.033014514,0.040792484,0,-1.57,-1.8,137.88
00:43.7,0,100,0,0,0,0,0,0,0,0,0.004278643,-0.01180293,0.001429016,-0.26695615,0.284177,-9.720124,0.03051778,0.01920091,0.023602652,0.026880412,0,-1.57,-1.8,137.88
00:43.7,0,100,0,0,0,0,0,0,0,0,0.003820819,-0.01073618,0.001363099,-0.2679376,0.2825436,-9.717042,0,0.008974805,0.01419079,0.01296834,0,-1.57,-1.8,137.88
00:43.7,0,100,0,0,0,0,0,0,0,0,0.003960122,-0.01017942,0.001119897,-0.26693775,0.28184475,-9.7179705,0.000565144,0.009076494,0.014134258,0.012926086,0,-1.568,-1.802,137.88
00:43.7,0,100,0,0,0,0,0,0,0,0,0.004099424,-0.00962266,0.000876694,-0.2659379,0.2811459,-9.718899,0.001130288,0.009178183,0.014077726,0.012883832,0,-1.566,-1.804,137.88
00:43.7,0,100,0,0,0,0,0,0,0,0,0.004195283,-0.00995467,0.001047408,-0.2658699,0.2829881,-9.718871,0.001695432,0.009279872,0.014021194,0.012841578,0,-1.564,-1.806,137.88
00:43.8,0,100,0,0,0,0,0,0,0,0,0.004291142,-0.01028668,0.001218122,-0.2658019,0.2848303,-9.718843,0.002260576,0.009381561,0.013964662,0.012799324,0,-1.562,-1.808,137.88
00:43.8,0,100,0,0,0,0,0,0,0,0,0.001640482,-0.002807875,-0.000915001,-0.2676839,0.25852985,-9.7674545,0.00282572,0.00948325,0.01390813,0.01275707,0,-1.56,-1.81,137.88
00:43.8,0,100,0,0,0,0,0,0,0,0,-0.001010178,0.004670931,-0.003048123,-0.2695659,0.2322294,-9.816066,0.003956008,0.009765886,0.013910168,0.012584442,0,-1.56,-1.81,137.878
00:43.8,0,100,0,0,0,0,0,0,0,0,0.0015203,-0.002733275,-0.001118435,-0.268676,0.2591654,-9.7686175,0.005086296,0.010048522,0.013912206,0.012411814,0,-1.56,-1.81,137.876
00:43.8,0,100,0,0,0,0,0,0,0,0,0.004050777,-0.01013748,0.000811253,-0.2677861,0.2861014,-9.721169,0.006216583,0.010331158,0.013914244,0.012239186,0,-1.56,-1.81,137.874
00:43.9,0,100,0,0,0,0,0,0,0,0,0.004163305,-0.011129555,0.00112828,-0.2677287,0.28287265,-9.720428,0.007346871,0.010613794,0.013916282,0.012066558,0,-1.56,-1.81,137.872
00:43.9,0,100,0,0,0,0,0,0,0,0,0.004275833,-0.01212163,0.001445307,-0.2676713,0.2796439,-9.719687,0.008477159,0.01089643,0.01391832,0.01189393,0,-1.56,-1.81,137.87
00:43.9,0,100,0,0,0,0,0,0,0,0,0.004306874,-0.01118785,0.001256146,-0.2666045,0.28148805,-9.7205665,0.030517767,0.010654576,0.013578104,0.011904218,0,-1.56,-1.812,137.87
00:43.9,0,100,0,0,0,0,0,0,0,0,0.004337915,-0.01025407,0.001066985,-0.2655377,0.2833322,-9.721446,0.052558375,0.010412721,0.013237888,0.011914506,0,-1.56,-1.814,137.87
00:43.9,0,100,0,0,0,0,0,0,0,0,0.003705284,-0.010779965,0.000756184,-0.2678609,0.2832769,-9.7216715,0.074598984,0.010170867,0.012897672,0.011924794,0,-1.56,-1.816,137.87
00:44.0,0,100,0,0,0,0,0,0,0,0,0.003072652,-0.01130586,0.000445384,-0.2701841,0.2832216,-9.721897,0.096639592,0.009929012,0.012557456,0.011935082,0,-1.56,-1.818,137.87
00:44.0,0,100,0,0,0,0,0,0,0,0,0.001693913,-0.007837322,0.000968177,-0.26488155,0.2654593,-9.766026,0.1186802,0.009687158,0.01221724,0.01194537,0,-1.56,-1.82,137.87
00:44.0,0,100,0,0,0,0,0,0,0,0,0.000315174,-0.004368783,0.001490971,-0.259579,0.247697,-9.810155,0.087032146,0.00980904,0.011821076,0.011836016,0,-1.56,-1.822,137.87
00:44.0,0,100,0,0,0,0,0,0,0,0,0.002407067,-0.007913152,0.000804439,-0.2643431,0.2639623,-9.7665545,0.055384092,0.009930923,0.011424912,0.011726662,0,-1.56,-1.824,137.87
00:44.0,0,100,0,0,0,0,0,0,0,0,0.004498959,-0.01145752,0.000117907,-0.2691072,0.2802276,-9.722954,0.023736038,0.010052805,0.011028748,0.011617308,0,-1.56,-1.826,137.87
00:44.1,0,100,0,0,0,0,0,0,0,0,0.004321287,-0.01124735,0.000174502,-0.2676587,0.2811236,-9.721922,-0.007912016,0.010174688,0.010632584,0.011507954,0,-1.56,-1.828,137.87
00:44.1,0,100,0,0,0,0,0,0,0,0,0.004143614,-0.01103718,0.000231098,-0.2662102,0.2820196,-9.72089,-0.03956007,0.01029657,0.01023642,0.0113986,0,-1.56,-1.83,137.87
00:44.1,0,100,0,0,0,0,0,0,0,0,0.004250047,-0.01124364,0.000349728,-0.26881095,0.28231785,-9.7210685,-0.028257192,0.01027362,0.01059145,0.011556814,0,-1.56,-1.83,137.87
00:44.1,0,100,0,0,0,0,0,0,0,0,0.00435648,-0.0114501,0.000468358,-0.2714117,0.2826161,-9.721247,-0.016954314,0.01025067,0.01094648,0.011715028,0,-1.56,-1.83,137.87
00:44.1,0,100,0,0,0,0,0,0,0,0,0.001365366,-0.006382046,0.00209773,-0.2645323,0.2684393,-9.7628985,-0.005651436,0.01022772,0.01130151,0.011873242,0,-1.56,-1.83,137.87
00:44.2,0,100,0,0,0,0,0,0,0,0,-0.001625748,-0.001313992,0.003727103,-0.2576529,0.2542625,-9.80455,0.005651442,0.01020477,0.01165654,0.012031456,0,-1.56,-1.83,137.87
00:44.2,0,100,0,0,0,0,0,0,0,0,-0.002577802,-0.002434613,0.002950504,-0.26839595,0.2463745,-9.79878,0.01695432,0.01018182,0.01201157,0.01218967,0,-1.56,-1.83,137.87
00:44.2,0,100,0,0,0,0,0,0,0,0,-0.003529856,-0.003555233,0.002173905,-0.279139,0.2384865,-9.79301,0.034473776,0.010002318,0.011808118,0.012414088,0,-1.56,-1.83,137.87
00:44.2,0,100,0,0,0,0,0,0,0,0,0.000189011,-0.007252832,0.001738184,-0.27132625,0.26242015,-9.7567705,0.051993232,0.009822815,0.011604666,0.012638506,0,-1.56,-1.83,137.87
00:44.2,0,100,0,0,0,0,0,0,0,0,0.003907878,-0.01095043,0.001302463,-0.2635135,0.2863538,-9.720531,0.069512688,0.009643313,0.011401214,0.012862924,0,-1.56,-1.83,137.87
00:44.3,0,100,0,0,0,0,0,0,0,0,0.00360963,-0.01074972,0.001077076,-0.2660953,0.2835593,-9.7193655,0.087032144,0.00946381,0.011197762,0.013087342,0,-1.56,-1.83,137.87
00:44.3,0,100,0,0,0,0,0,0,0,0,0.003311382,-0.01054901,0.000851688,-0.2686771,0.2807648,-9.7182,0.1045516,0.009284308,0.01099431,0.01331176,0,-1.56,-1.83,137.87
00:44.3,0,100,0,0,0,0,0,0,0,0,0.003569689,-0.010670025,0.001013088,-0.26754455,0.2834414,-9.7188405,0.070077826,0.018614504,0.021690102,0.025504598,0,-1.56,-1.832,137.87
00:44.3,0,100,0,0,0,0,0,0,0,0,0.003827996,-0.01079104,0.001174487,-0.266412,0.286118,-9.719481,0.035604052,0.027944701,0.032385894,0.037697436,0,-1.56,-1.834,137.87
00:44.3,0,100,0,0,0,0,0,0,0,0,0.00141952,-0.005342431,0.002143692,-0.26402905,0.26183675,-9.7605995,0.001130278,0.037274897,0.043081686,0.049890274,0,-1.56,-1.836,137.87
00:44.4,0,100,0,0,0,0,0,0,0,0,-0.000988957,0.000106177,0.003112898,-0.2616461,0.2375555,-9.801718,-0.033343496,0.046605094,0.053777478,0.062083112,0,-1.56,-1.838,137.87
00:44.4,0,100,0,0,0,0,0,0,0,0,-0.002183319,-0.000405319,0.002641771,-0.26497045,0.2461142,-9.8087095,-0.06781727,0.05593529,0.06447327,0.07427595,0,-1.56,-1.84,137.87
00:44.4,0,100,0,0,0,0,0,0,0,0,-0.003377681,-0.000916815,0.002170644,-0.2682948,0.2546729,-9.815701,-0.061035544,0.046506395,0.053667744,0.061625712,0,-1.56,-1.84,137.87
00:44.4,0,100,0,0,0,0,0,0,0,0,0.000599209,-0.005578658,0.001462644,-0.26805565,0.26922105,-9.767356,-0.054253818,0.0370775,0.042862218,0.048975474,0,-1.56,-1.84,137.87
00:44.4,0,100,0,0,0,0,0,0,0,0,0.004576099,-0.0102405,0.000754644,-0.2678165,0.2837692,-9.719011,-0.047472092,0.027648606,0.032056692,0.036325236,0,-1.56,-1.84,137.87
00:44.5,0,100,0,0,0,0,0,0,0,0,0.004240321,-0.009828258,0.000477634,-0.2682575,0.2857794,-9.719929,-0.040690366,0.018219711,0.021251166,0.023674998,0,-1.56,-1.84,137.87
00:44.5,0,100,0,0,0,0,0,0,0,0,0.003904543,-0.009416015,0.000200624,-0.2686985,0.2877896,-9.720847,-0.03390864,0.008790816,0.01044564,0.01102476,0,-1.56,-1.84,137.87
00:44.5,0,100,0,0,0,0,0,0,0,0,0.003924766,-0.009755403,0.000429276,-0.2676944,0.2856185,-9.7210905,-0.047472092,0.008863882,0.01063141,0.010883948,0,-1.56,-1.842,137.868
00:44.5,0,100,0,0,0,0,0,0,0,0,0.003944988,-0.01009479,0.000657929,-0.2666903,0.2834474,-9.721334,-0.061035544,0.008936948,0.01081718,0.010743136,0,-1.56,-1.844,137.866
00:44.5,0,100,0,0,0,0,0,0,0,0,0.003982511,-0.01021837,0.000794262,-0.26642375,0.2839086,-9.719633,-0.074598996,0.009010013,0.01100295,0.010602324,0,-1.56,-1.846,137.864
00:44.6,0,100,0,0,0,0,0,0,0,0,0.004020033,-0.01034195,0.000930596,-0.2661572,0.2843698,-9.717932,-0.088162448,0.009083079,0.01118872,0.010461512,0,-1.56,-1.848,137.862
00:44.6,0,100,0,0,0,0,0,0,0,0,0.001470894,-0.008324979,-0.001049399,-0.2704179,0.26221695,-9.762991,-0.1017259,0.009156145,0.01137449,0.0103207,0,-1.56,-1.85,137.86
00:44.6,0,100,0,0,0,0,0,0,0,0,-0.001078245,-0.006308008,-0.003029394,-0.2746786,0.2400641,-9.80805,-0.05877496,0.009222066,0.010942134,0.01024073,0,-1.558,-1.85,137.86
00:44.6,0,100,0,0,0,0,0,0,0,0,0.002114492,-0.008986234,-0.00138637,-0.26954195,0.2623245,-9.7649275,-0.01582402,0.009287988,0.010509778,0.01016076,0,-1.556,-1.85,137.86
00:44.6,0,100,0,0,0,0,0,0,0,0,0.00530723,-0.01166446,0.000256655,-0.2644053,0.2845849,-9.721805,0.02712692,0.009353909,0.010077422,0.010080791,0,-1.554,-1.85,137.86
00:44.7,0,100,0,0,0,0,0,0,0,0,0.004638447,-0.010549545,0.000329303,-0.2650287,0.28539145,-9.7197495,0.07007786,0.009419831,0.009645066,0.010000821,0,-1.552,-1.85,137.86
00:44.7,0,100,0,0,0,0,0,0,0,0,0.003969664,-0.009434629,0.000401951,-0.2656521,0.286198,-9.717694,0.1130288,0.009485752,0.00921271,0.009920851,0,-1.55,-1.85,137.86
00:44.7,0,100,0,0,0,0,0,0,0,0,0.004361902,-0.00992352,0.000512449,-0.26676625,0.28544955,-9.7169495,0.089292752,0.009325009,0.009119079,0.010019105,0,-1.55,-1.852,137.86
00:44.7,0,100,0,0,0,0,0,0,0,0,0.004754139,-0.01041241,0.000622947,-0.2678804,0.2847011,-9.716205,0.065556704,0.009164266,0.009025447,0.010117359,0,-1.55,-1.854,137.86
00:44.7,0,100,0,0,0,0,0,0,0,0,0.002107626,-0.006896793,-0.001018309,-0.26745635,0.26008195,-9.7545185,0.041820657,0.009003522,0.008931816,0.010215612,0,-1.55,-1.856,137.86
00:44.8,0,100,0,0,0,0,0,0,0,0,-0.000538887,-0.003381175,-0.002659564,-0.2670323,0.2354628,-9.792832,0.018084609,0.008842779,0.008838184,0.010313866,0,-1.55,-1.858,137.86
00:44.8,0,100,0,0,0,0,0,0,0,0,-0.000351298,-0.000565841,0.001111947,-0.26624575,0.2348685,-9.7930115,-0.005651439,0.008682036,0.008744553,0.01041212,0,-1.55,-1.86,137.86
00:44.8,0,100,0,0,0,0,0,0,0,0,-0.000163709,0.002249492,0.004883459,-0.2654592,0.2342742,-9.793191,-0.012433165,0.013223597,0.018774702,0.02011521,0,-1.55,-1.86,137.86
00:44.8,0,100,0,0,0,0,0,0,0,0,0.001711118,-0.00317158,0.003019297,-0.26626305,0.25871665,-9.7564035,-0.019214891,0.017765158,0.028804852,0.0298183,0,-1.55,-1.86,137.86
00:44.8,0,100,0,0,0,0,0,0,0,0,0.003585945,-0.008592651,0.001155134,-0.2670669,0.2831591,-9.719616,-0.025996618,0.022306718,0.038835001,0.03952139,0,-1.55,-1.86,137.86
00:44.9,0,100,0,0,0,0,0,0,0,0,0.005261264,-0.009839331,0.002055854,-0.26864175,0.2845418,-9.719616,-0.032778344,0.026848279,0.048865151,0.04922448,0,-1.55,-1.86,137.86
00:44.9,0,100,0,0,0,0,0,0,0,0,0.006936582,-0.01108601,0.002956573,-0.2702166,0.2859245,-9.719616,-0.03956007,0.03138984,0.0588953,0.05892757,0,-1.55,-1.86,137.86
00:44.9,0,100,0,0,0,0,0,0,0,0,0.006062211,-0.010223568,0.005491683,-0.2686142,0.2864939,-9.7191285,0.005651444,0.081267052,0.17558724,0.153776836,0,-1.55,-1.86,137.854
00:44.9,0,100,0,0,0,0,0,0,0,0,0.00518784,-0.009361126,0.008026793,-0.2670118,0.2870633,-9.718641,0.050862958,0.131144264,0.29227918,0.248626102,0,-1.55,-1.86,137.848
00:44.9,0,100,0,0,0,0,0,0,0,0,0.001610383,-0.005172899,0.000540557,-0.2651208,0.28350625,-9.71985,0.096074472,0.181021476,0.40897112,0.343475368,0,-1.55,-1.86,137.842
00:45.0,0,100,0,0,0,0,0,0,0,0,-0.001967075,-0.000984673,-0.006945679,-0.2632298,0.2799492,-9.721059,0.141285986,0.230898688,0.52566306,0.438324634,0,-1.55,-1.86,137.836
00:45.0,0,100,0,0,0,0,0,0,0,0,-0.013320068,-0.00261967,0.015689281,-0.25405345,0.2820914,-9.7609915,0.1864975,0.2807759,0.642355,0.5331739,0,-1.55,-1.86,137.83
00:45.0,0,100,0,0,0,0,0,0,0,0,-0.02467306,-0.004254667,0.03832424,-0.2448771,0.2842336,-9.800924,0.11754994,0.28310644,0.65171136,0.5456283,0,-1.55,-1.862,137.83
00:45.0,0,100,0,0,0,0,0,0,0,0,-0.016222854,-0.014887039,0.05793054,-0.2806512,0.30308095,-9.7510055,0.04860238,0.28543698,0.66106772,0.5580827,0,-1.55,-1.864,137.83
00:45.0,0,100,0,0,0,0,0,0,0,0,-0.007772647,-0.02551941,0.07753684,-0.3164253,0.3219283,-9.701087,-0.02034518,0.28776752,0.67042408,0.5705371,0,-1.55,-1.866,137.83
00:45.1,0,100,0,0,0,0,0,0,0,0,0.000963582,-0.015468388,0.02059311,-0.27868515,0.2748814,-9.707555,-0.08929274,0.29009806,0.67978044,0.5829915,0,-1.55,-1.868,137.83
00:45.1,0,100,0,0,0,0,0,0,0,0,0.009699812,-0.005417365,-0.03635062,-0.240945,0.2278345,-9.714023,-0.1582403,0.2924286,0.6891368,0.5954459,0,-1.55,-1.87,137.83
00:45.1,0,100,0,0,0,0,0,0,0,0,0.003502768,-0.015914613,-0.03760274,-0.2507104,0.2437968,-9.7067745,-0.126027096,0.32721818,0.73783122,0.641756,0,-1.55,-1.87,137.838
00:45.1,0,100,0,0,0,0,0,0,0,0,-0.002694276,-0.02641186,-0.03885486,-0.2604758,0.2597591,-9.699526,-0.093813892,0.36200776,0.78652564,0.6880661,0,-1.55,-1.87,137.846
00:45.1,0,100,0,0,0,0,0,0,0,0,0.002202301,-0.023716735,0.013337675,-0.27199225,0.3049542,-9.712365,-0.061600688,0.39679734,0.83522006,0.7343762,0,-1.55,-1.87,137.854
00:45.2,0,100,0,0,0,0,0,0,0,0,0.007098878,-0.02102161,0.06553021,-0.2835087,0.3501493,-9.725204,-0.029387484,0.43158692,0.88391448,0.7806863,0,-1.55,-1.87,137.862
00:45.2,0,100,0,0,0,0,0,0,0,0,-0.008368176,0.02035755,0.037112865,-0.2755278,0.2979122,-9.7780925,0.00282572,0.4663765,0.9326089,0.8269964,0,-1.55,-1.87,137.87
00:45.2,0,100,0,0,0,0,0,0,0,0,-0.02383523,0.06173671,0.00869552,-0.2675469,0.2456751,-9.830981,-0.006781726,0.4812882,0.9345289,0.82328012,0,-1.546,-1.872,137.874
00:45.2,0,100,0,0,0,0,0,0,0,0,0.012763235,0.033269653,-0.007905235,-0.25009,0.2779907,-9.783552,-0.016389172,0.4961999,0.9364489,0.81956384,0,-1.542,-1.874,137.878
00:45.2,0,100,0,0,0,0,0,0,0,0,0.0493617,0.004802597,-0.02450599,-0.2326331,0.3103063,-9.736123,-0.025996618,0.5111116,0.9383689,0.81584756,0,-1.538,-1.876,137.882
00:45.3,0,100,0,0,0,0,0,0,0,0,0.04310137,-0.005305902,-0.001200465,-0.2538804,0.3196556,-9.7341415,-0.035604064,0.5260233,0.9402889,0.81213128,0,-1.534,-1.878,137.886
00:45.3,0,100,0,0,0,0,0,0,0,0,0.03684104,-0.0154144,0.02210506,-0.2751277,0.3290049,-9.73216,-0.04521151,0.540935,0.9422089,0.808415,0,-1.53,-1.88,137.89
00:45.3,0,100,0,0,0,0,0,0,0,0,0.030505875,-0.034170025,0.017120555,-0.23901235,0.3246565,-9.7154665,-0.058774968,0.606998,1.00684052,0.8544744,0,-1.532,-1.882,137.89
00:45.3,0,100,0,0,0,0,0,0,0,0,0.02417071,-0.05292565,0.01213605,-0.202897,0.3203081,-9.698773,-0.072338426,0.673061,1.07147214,0.9005338,0,-1.534,-1.884,137.89
00:45.3,0,100,0,0,0,0,0,0,0,0,0.020248915,-0.0574875,-0.001756485,-0.2184976,0.2973683,-9.6909145,-0.085901884,0.739124,1.13610376,0.9465932,0,-1.536,-1.886,137.89
00:45.4,0,100,0,0,0,0,0,0,0,0,0.01632712,-0.06204935,-0.01564902,-0.2340982,0.2744285,-9.683056,-0.099465342,0.805187,1.20073538,0.9926526,0,-1.538,-1.888,137.89
00:45.4,0,100,0,0,0,0,0,0,0,0,0.007779795,-0.05697391,-0.009362991,-0.156203855,0.2915399,-9.734098,-0.1130288,0.87125,1.265367,1.038712,0,-1.54,-1.89,137.89
00:45.4,0,100,0,0,0,0,0,0,0,0,-0.000767531,-0.05189847,-0.003076962,-0.07830951,0.3086513,-9.78514,-0.097204768,0.9149722,1.3020168,1.0531384,0,-1.54,-1.892,137.892
00:45.4,0,100,0,0,0,0,0,0,0,0,-0.00545487,-0.053270535,0.004469489,-0.161208255,0.2899257,-9.7424605,-0.081380736,0.9586944,1.3386666,1.0675648,0,-1.54,-1.894,137.894
00:45.4,0,100,0,0,0,0,0,0,0,0,-0.01014221,-0.0546426,0.01201594,-0.244107,0.2712001,-9.699781,-0.065556704,1.0024166,1.3753164,1.0819912,0,-1.54,-1.896,137.896
00:45.5,0,100,0,0,0,0,0,0,0,0,-0.01431011,-0.05216349,0.007931706,-0.2320877,0.26351035,-9.691611,-0.049732672,1.0461388,1.4119662,1.0964176,0,-1.54,-1.898,137.898
00:45.5,0,100,0,0,0,0,0,0,0,0,-0.01847801,-0.04968438,0.003847472,-0.2200684,0.2558206,-9.683441,-0.03390864,1.089861,1.448616,1.110844,0,-1.54,-1.9,137.9
00:45.5,0,100,0,0,0,0,0,0,0,0,-0.018786225,-0.050229245,0.010557371,-0.23815925,0.2652213,-9.689441,-0.059905252,1.0443214,1.4638168,1.1031564,0,-1.54,-1.9,137.9
00:45.5,0,100,0,0,0,0,0,0,0,0,-0.01909444,-0.05077411,0.01726727,-0.2562501,0.274622,-9.695441,-0.085901864,0.9987818,1.4790176,1.0954688,0,-1.54,-1.9,137.9
00:45.5,0,100,0,0,0,0,0,0,0,0,-0.016561745,-0.041389215,0.02260776,-0.25703825,0.28669315,-9.6972915,-0.111898476,0.9532422,1.4942184,1.0877812,0,-1.54,-1.9,137.9
00:45.6,0,100,0,0,0,0,0,0,0,0,-0.01402905,-0.03200432,0.02794825,-0.2578264,0.2987643,-9.699142,-0.137895088,0.9077026,1.5094192,1.0800936,0,-1.54,-1.9,137.9
00:45.6,0,100,0,0,0,0,0,0,0,0,-0.018617945,-0.024327535,0.02316545,-0.22516995,0.28667855,-9.735112,-0.1638917,0.862163,1.52462,1.072406,0,-1.54,-1.9,137.9
00:45.6,0,100,0,0,0,0,0,0,0,0,-0.02320684,-0.01665075,0.01838265,-0.1925135,0.2745928,-9.771082,-0.09324872,0.83891386,1.4771488,1.03308114,0,-1.54,-1.9,137.902
00:45.6,0,100,0,0,0,0,0,0,0,0,-0.019015125,-0.009808635,0.013246097,-0.2303912,0.27845055,-9.7452595,-0.02260574,0.81566472,1.4296776,0.99375628,0,-1.54,-1.9,137.904
00:45.6,0,100,0,0,0,0,0,0,0,0,-0.01482341,-0.00296652,0.008109544,-0.2682689,0.2823083,-9.719437,0.04803724,0.79241558,1.3822064,0.95443142,0,-1.54,-1.9,137.906
00:45.7,0,100,0,0,0,0,0,0,0,0,-0.010580274,0.001872105,0.005964808,-0.28030205,0.28197235,-9.7258255,0.11868022,0.76916644,1.3347352,0.91510656,0,-1.54,-1.9,137.908
00:45.7,0,100,0,0,0,0,0,0,0,0,-0.006337137,0.00671073,0.003820072,-0.2923352,0.2816364,-9.732214,0.1893232,0.7459173,1.287264,0.8757817,0,-1.54,-1.9,137.91
00:45.7,0,100,0,0,0,0,0,0,0,0,-0.000558672,0.01193311,-0.000495735,-0.28592195,0.28526695,-9.7369155,0.134504242,0.74667614,1.2797778,0.85289954,0,-1.54,-1.898,137.908
00:45.7,0,100,0,0,0,0,0,0,0,0,0.005219792,0.01715549,-0.004811541,-0.2795087,0.2888975,-9.741617,0.079685284,0.74743498,1.2722916,0.83001738,0,-1.54,-1.896,137.906
00:45.7,0,100,0,0,0,0,0,0,0,0,0.014962551,0.01905478,-0.00962635,-0.28835625,0.29332655,-9.737863,0.024866326,0.74819382,1.2648054,0.80713522,0,-1.54,-1.894,137.904
00:45.8,0,100,0,0,0,0,0,0,0,0,0.02470531,0.02095407,-0.01444116,-0.2972038,0.2977556,-9.734109,-0.029952632,0.74895266,1.2573192,0.78425306,0,-1.54,-1.892,137.902
00:45.8,0,100,0,0,0,0,0,0,0,0,0.02393025,0.02348559,-0.01418353,-0.2642878,0.2892017,-9.7885975,-0.08477159,0.7497115,1.249833,0.7613709,0,-1.54,-1.89,137.9
00:45.8,0,100,0,0,0,0,0,0,0,0,0.02315519,0.02601711,-0.0139259,-0.2313718,0.2806478,-9.843086,-0.049732666,0.76331174,1.3237142,0.86174412,0,-1.538,-1.89,137.9
00:45.8,0,100,0,0,0,0,0,0,0,0,0.02994015,0.020112285,-0.01357446,-0.26128875,0.29322235,-9.7901335,-0.014693742,0.77691198,1.3975954,0.96211734,0,-1.536,-1.89,137.9
00:45.8,0,100,0,0,0,0,0,0,0,0,0.03672511,0.01420746,-0.01322302,-0.2912057,0.3057969,-9.737181,0.020345182,0.79051222,1.4714766,1.06249056,0,-1.534,-1.89,137.9
00:45.9,0,100,0,0,0,0,0,0,0,0,0.038710375,0.012969265,-0.01560109,-0.2941424,0.3049304,-9.7375175,0.055384106,0.80411246,1.5453578,1.16286378,0,-1.532,-1.89,137.9
00:45.9,0,100,0,0,0,0,0,0,0,0,0.04069564,0.01173107,-0.01797916,-0.2970791,0.3040639,-9.737854,0.09042303,0.8177127,1.619239,1.263237,0,-1.53,-1.89,137.9
00:45.9,0,100,0,0,0,0,0,0,0,0,0.03489397,0.00996118,-0.02030374,-0.2798719,0.29934295,-9.7330975,0.115289364,0.80492194,1.5662582,1.20409962,0,-1.528,-1.892,137.9
00:45.9,0,100,0,0,0,0,0,0,0,0,0.0290923,0.008191289,-0.02262832,-0.2626647,0.294622,-9.728341,0.140155698,0.79213118,1.5132774,1.14496224,0,-1.526,-1.894,137.9
00:45.9,0,100,0,0,0,0,0,0,0,0,0.02269093,0.003778764,-0.02218869,-0.269365,0.2896821,-9.727574,0.165022032,0.77934042,1.4602966,1.08582486,0,-1.524,-1.896,137.9
00:46.0,0,100,0,0,0,0,0,0,0,0,0.01628956,-0.00063376,-0.02174906,-0.2760653,0.2847422,-9.726807,0.189888366,0.76654966,1.4073158,1.02668748,0,-1.522,-1.898,137.9
00:46.0,0,100,0,0,0,0,0,0,0,0,0.016783795,-0.00610306,-0.020705075,-0.261447,0.2805519,-9.728812,0.2147547,0.7537589,1.354335,0.9675501,0,-1.52,-1.9,137.9
00:46.0,0,100,0,0,0,0,0,0,0,0,0.01727803,-0.01157236,-0.01966109,-0.2468287,0.2763616,-9.730817,0.14128598,0.7271333,1.3210666,0.93079838,0,-1.522,-1.904,137.902
00:46.0,0,100,0,0,0,0,0,0,0,0,0.008035856,-0.010713049,-0.01916953,-0.2279772,0.25822545,-9.7787625,0.06781726,0.7005077,1.2877982,0.89404666,0,-1.524,-1.908,137.904
00:46.0,0,100,0,0,0,0,0,0,0,0,-0.001206319,-0.009853738,-0.01867797,-0.2091257,0.2400893,-9.826708,-0.00565146,0.6738821,1.2545298,0.85729494,0,-1.526,-1.912,137.906
00:46.1,0,100,0,0,0,0,0,0,0,0,0.003522883,-0.021319314,-0.017873235,-0.2197266,0.25894145,-9.76637,-0.07912018,0.6472565,1.2212614,0.82054322,0,-1.528,-1.916,137.908
00:46.1,0,100,0,0,0,0,0,0,0,0,0.008252085,-0.03278489,-0.0170685,-0.2303275,0.2777936,-9.706032,-0.1525889,0.6206309,1.187993,0.7837915,0,-1.53,-1.92,137.91
00:46.1,0,100,0,0,0,0,0,0,0,0,0.003086491,-0.035528295,-0.018036065,-0.2369818,0.27676655,-9.702484,-0.129983134,0.66553462,1.2477194,0.828508,0,-1.53,-1.922,137.91
00:46.1,0,100,0,0,0,0,0,0,0,0,-0.002079103,-0.0382717,-0.01900363,-0.2436361,0.2757395,-9.698936,-0.107377368,0.71043834,1.3074458,0.8732245,0,-1.53,-1.924,137.91
00:46.1,0,100,0,0,0,0,0,0,0,0,-0.005157817,-0.03837832,-0.016722395,-0.24018555,0.26713255,-9.700099,-0.084771602,0.75534206,1.3671722,0.917941,0,-1.53,-1.926,137.91
00:46.2,0,100,0,0,0,0,0,0,0,0,-0.008236531,-0.03848494,-0.01444116,-0.236735,0.2585256,-9.701262,-0.062165836,0.80024578,1.4268986,0.9626575,0,-1.53,-1.928,137.91
00:46.2,0,100,0,0,0,0,0,0,0,0,-0.01721142,-0.03454212,-0.009537683,-0.2369499,0.2618926,-9.708646,-0.03956007,0.8451495,1.486625,1.007374,0,-1.53,-1.93,137.91
00:46.2,0,100,0,0,0,0,0,0,0,0,-0.02618631,-0.0305993,-0.004634205,-0.2371648,0.2652596,-9.71603,-0.044081222,0.8895408,1.4240296,0.99732958,0,-1.53,-1.93,137.91
00:46.2,0,100,0,0,0,0,0,0,0,0,-0.030560815,-0.0319306,-0.00232549,-0.1628223,0.25087065,-9.7373755,-0.048602374,0.9339321,1.3614342,0.98728516,0,-1.53,-1.93,137.91
00:46.2,0,100,0,0,0,0,0,0,0,0,-0.03493532,-0.0332619,-1.68E-05,-0.0884798,0.2364817,-9.758721,-0.053123526,0.9783234,1.2988388,0.97724074,0,-1.53,-1.93,137.91
00:46.3,0,100,0,0,0,0,0,0,0,0,-0.038083755,-0.031277275,0.005695617,-0.17088625,0.25011715,-9.732036,-0.057644678,1.0227147,1.2362434,0.96719632,0,-1.53,-1.93,137.91
00:46.3,0,100,0,0,0,0,0,0,0,0,-0.04123219,-0.02929265,0.01140801,-0.2532927,0.2637526,-9.705351,-0.06216583,1.067106,1.173648,0.9571519,0,-1.53,-1.93,137.91
00:46.3,0,100,0,0,0,0,0,0,0,0,-0.04120352,-0.02824186,0.01397227,-0.2608554,0.2612227,-9.705812,-0.057644678,1.0655358,1.2206262,1.06119992,0,-1.532,-1.93,137.91
00:46.3,0,100,0,0,0,0,0,0,0,0,-0.04117485,-0.02719107,0.01653653,-0.2684181,0.2586928,-9.706273,-0.053123526,1.0639656,1.2676044,1.16524794,0,-1.534,-1.93,137.91
00:46.3,0,100,0,0,0,0,0,0,0,0,-0.037882785,-0.022348515,0.01527607,-0.2730603,0.2698622,-9.7060885,-0.048602374,1.0623954,1.3145826,1.26929596,0,-1.536,-1.93,137.91
00:46.4,0,100,0,0,0,0,0,0,0,0,-0.03459072,-0.01750596,0.01401561,-0.2777025,0.2810316,-9.705904,-0.044081222,1.0608252,1.3615608,1.37334398,0,-1.538,-1.93,137.91
00:46.4,0,100,0,0,0,0,0,0,0,0,-0.03181346,-0.016012735,0.01424019,-0.2824367,0.27853995,-9.70923,-0.03956007,1.059255,1.408539,1.477392,0,-1.54,-1.93,137.91
00:46.4,0,100,0,0,0,0,0,0,0,0,-0.0290362,-0.01451951,0.01446477,-0.2871709,0.2760483,-9.712556,-0.01356345,1.02525208,1.3893842,1.4533868,0,-1.538,-1.93,137.91
00:46.4,0,100,0,0,0,0,0,0,0,0,-0.0323664,-0.013244035,0.010922278,-0.2295657,0.27092965,-9.7542405,0.01243317,0.99124916,1.3702294,1.4293816,0,-1.536,-1.93,137.91
00:46.4,0,100,0,0,0,0,0,0,0,0,-0.0356966,-0.01196856,0.007379785,-0.1719605,0.265811,-9.795925,0.03842979,0.95724624,1.3510746,1.4053764,0,-1.534,-1.93,137.91
00:46.5,0,100,0,0,0,0,0,0,0,0,-0.02892469,-0.009618632,0.004693456,-0.23314275,0.26728615,-9.7598125,0.06442641,0.92324332,1.3319198,1.3813712,0,-1.532,-1.93,137.91
00:46.5,0,100,0,0,0,0,0,0,0,0,-0.02215278,-0.007268704,0.002007126,-0.294325,0.2687613,-9.7237,0.09042303,0.8892404,1.312765,1.357366,0,-1.53,-1.93,137.91
00:46.5,0,100,0,0,0,0,0,0,0,0,-0.019708965,-0.005511141,0.001654413,-0.28868425,0.27721185,-9.726817,0.053123532,0.85430842,1.2966062,1.290675,0,-1.53,-1.93,137.91
00:46.5,0,100,0,0,0,0,0,0,0,0,-0.01726515,-0.003753577,0.0013017,-0.2830435,0.2856624,-9.729934,0.015824034,0.81937644,1.2804474,1.223984,0,-1.53,-1.93,137.91
00:46.5,0,100,0,0,0,0,0,0,0,0,-0.011784693,-0.004804572,-0.00349337,-0.29229935,0.28188295,-9.725285,-0.021475464,0.78444446,1.2642886,1.157293,0,-1.53,-1.93,137.91
00:46.6,0,100,0,0,0,0,0,0,0,0,-0.006304236,-0.005855566,-0.008288441,-0.3015552,0.2781035,-9.720636,-0.058774962,0.74951248,1.2481298,1.090602,0,-1.53,-1.93,137.91
00:46.6,0,100,0,0,0,0,0,0,0,0,0.000190557,-0.009955348,-0.008506366,-0.2938035,0.290772,-9.7242545,-0.09607446,0.7145805,1.231971,1.023911,0,-1.53,-1.93,137.91
00:46.6,0,100,0,0,0,0,0,0,0,0,0.006685349,-0.01405513,-0.00872429,-0.2860518,0.3034405,-9.727873,-0.08590187,0.68650678,1.2358664,1.0096084,0,-1.528,-1.93,137.91
00:46.6,0,100,0,0,0,0,0,0,0,0,0.010631499,-0.00982195,-0.01112991,-0.25504325,0.2759749,-9.7744975,-0.07572928,0.65843306,1.2397618,0.9953058,0,-1.526,-1.93,137.91
00:46.6,0,100,0,0,0,0,0,0,0,0,0.01457765,-0.00558877,-0.01353553,-0.2240347,0.2485093,-9.821122,-0.06555669,0.63035934,1.2436572,0.9810032,0,-1.524,-1.93,137.91
00:46.7,0,100,0,0,0,0,0,0,0,0,0.01616138,-0.014955565,-0.01581644,-0.24750715,0.27285695,-9.771335,-0.0553841,0.60228562,1.2475526,0.9667006,0,-1.522,-1.93,137.91
00:46.7,0,100,0,0,0,0,0,0,0,0,0.01774511,-0.02432236,-0.01809735,-0.2709796,0.2972046,-9.721548,-0.04521151,0.5742119,1.251448,0.952398,0,-1.52,-1.93,137.91
00:46.7,0,100,0,0,0,0,0,0,0,0,0.01642133,-0.030071605,-0.01480311,-0.26998405,0.296679,-9.7150975,-0.041820646,0.57822074,1.2305818,0.9147445,0,-1.52,-1.932,137.91
00:46.7,0,100,0,0,0,0,0,0,0,0,0.01509755,-0.03582085,-0.01150887,-0.2689885,0.2961534,-9.708647,-0.038429782,0.58222958,1.2097156,0.877091,0,-1.52,-1.934,137.91
00:46.7,0,100,0,0,0,0,0,0,0,0,0.01142883,-0.041596225,-0.01373278,-0.25559985,0.2961131,-9.7085525,-0.035038918,0.58623842,1.1888494,0.8394375,0,-1.52,-1.936,137.91
00:46.8,0,100,0,0,0,0,0,0,0,0,0.00776011,-0.0473716,-0.01595669,-0.2422112,0.2960728,-9.708458,-0.031648054,0.59024726,1.1679832,0.801784,0,-1.52,-1.938,137.91
00:46.8,0,100,0,0,0,0,0,0,0,0,0.007316392,-0.046089945,-0.01743505,-0.2472403,0.28530575,-9.7142465,-0.02825719,0.5942561,1.147117,0.7641305,0,-1.52,-1.94,137.91
00:46.8,0,100,0,0,0,0,0,0,0,0,0.006872674,-0.04480829,-0.01891341,-0.2522694,0.2745387,-9.720035,-0.006216578,0.59513208,1.1226272,0.73907634,0,-1.518,-1.942,137.912
00:46.8,0,100,0,0,0,0,0,0,0,0,0.008073737,-0.034815625,-0.01479109,-0.22403745,0.27940135,-9.772294,0.015824034,0.59600806,1.0981374,0.71402218,0,-1.516,-1.944,137.914
00:46.8,0,100,0,0,0,0,0,0,0,0,0.009274801,-0.02482296,-0.01066877,-0.1958055,0.284264,-9.824553,0.037864646,0.59688404,1.0736476,0.68896802,0,-1.514,-1.946,137.916
00:46.9,0,100,0,0,0,0,0,0,0,0,0.024585461,-0.03353056,0.001276725,-0.2307388,0.30263945,-9.767984,0.059905258,0.59776002,1.0491578,0.66391386,0,-1.512,-1.948,137.918
00:46.9,0,100,0,0,0,0,0,0,0,0,0.03989612,-0.04223816,0.01322222,-0.2656721,0.3210149,-9.711415,0.08194587,0.598636,1.024668,0.6388597,0,-1.51,-1.95,137.92
00:46.9,0,100,0,0,0,0,0,0,0,0,0.025042455,-0.0286241,0.008843316,-0.27403325,0.28050035,-9.725155,0.068382416,0.7812168,1.4670424,0.74089316,0,-1.522,-1.94,137.914
00:46.9,0,100,0,0,0,0,0,0,0,0,0.01018879,-0.01501004,0.004464411,-0.2823944,0.2399858,-9.738895,0.054818962,0.9637976,1.9094168,0.84292662,0,-1.534,-1.93,137.908
00:46.9,0,100,0,0,0,0,0,0,0,0,0.037089705,-0.04198426,0.024320806,-0.2597182,0.3154094,-9.716323,0.041255508,1.1463784,2.3517912,0.94496008,0,-1.546,-1.92,137.902
00:47.0,0,100,0,0,0,0,0,0,0,0,0.06399062,-0.06895848,0.0441772,-0.237042,0.390833,-9.693751,0.027692054,1.3289592,2.7941656,1.04699354,0,-1.558,-1.91,137.896
00:47.0,0,100,0,0,0,0,0,0,0,0,-0.08280889,-0.01946468,-0.022686675,-0.2353874,0.3147861,-9.6545775,0.0141286,1.51154,3.23654,1.149027,0,-1.57,-1.9,137.89
00:47.0,0,100,0,0,0,0,0,0,0,0,-0.2296084,0.03002912,-0.08955055,-0.2337328,0.2387392,-9.615404,0.02147547,2.0073736,4.4856434,2.2928266,0,-1.56,-1.892,137.89
00:47.0,0,100,0,0,0,0,0,0,0,0,-0.2506837,-0.02061391,-0.083048745,-0.10527012,0.3145167,-9.643247,0.02882234,2.5032072,5.7347468,3.4366262,0,-1.55,-1.884,137.89
00:47.0,0,100,0,0,0,0,0,0,0,0,-0.271759,-0.07125694,-0.07654694,0.02319256,0.3902942,-9.67109,0.03616921,2.9990408,6.9838502,4.5804258,0,-1.54,-1.876,137.89
00:47.1,0,100,0,0,0,0,0,0,0,0,-0.06033675,0.02179783,0.05951638,-0.16459742,0.4562379,-9.7607165,0.04351608,3.4948744,8.2329536,5.7242254,0,-1.53,-1.868,137.89
00:47.1,0,100,0,0,0,0,0,0,0,0,0.1510855,0.1148526,0.1955797,-0.3523874,0.5221816,-9.850343,0.05086295,3.990708,9.482057,6.868025,0,-1.52,-1.86,137.89
00:47.1,0,100,0,0,0,0,0,0,0,0,0.0126286,0.024484015,0.058631615,-0.3172347,0.44043965,-9.74543,0.042385792,3.9469886,9.2937506,6.8831092,0,-1.516,-1.882,137.89
00:47.1,0,100,0,0,0,0,0,0,0,0,-0.1258283,-0.06588457,-0.07831647,-0.282082,0.3586977,-9.640517,0.033908634,3.9032692,9.1054442,6.8981934,0,-1.512,-1.904,137.89
00:47.1,0,100,0,0,0,0,0,0,0,0,-0.057453815,-0.035725639,-0.06258598,-0.26306725,0.29628155,-9.6414885,0.025431475,3.8595498,8.9171378,6.9132776,0,-1.508,-1.926,137.89
00:47.2,0,100,0,0,0,0,0,0,0,0,0.01092067,-0.005566707,-0.04685549,-0.2440525,0.2338654,-9.64246,0.016954317,3.8158304,8.7288314,6.9283618,0,-1.504,-1.948,137.89
00:47.2,0,100,0,0,0,0,0,0,0,0,0.007664013,0.058563797,-0.03113947,-0.26841835,0.159973285,-9.7530195,0.008477159,3.772111,8.540525,6.943446,0,-1.5,-1.97,137.89
00:47.2,0,100,0,0,0,0,0,0,0,0,0.004407355,0.1226943,-0.01542345,-0.2927842,0.08608117,-9.863579,0.030517767,3.7181902,8.3137744,6.81569,0,-1.5,-1.956,137.896
00:47.2,0,100,0,0,0,0,0,0,0,0,0.016350978,0.03474009,0.01094167,-0.23664095,0.215892735,-9.854455,0.052558375,3.6642694,8.0870238,6.687934,0,-1.5,-1.942,137.902
00:47.2,0,100,0,0,0,0,0,0,0,0,0.0282946,-0.05321412,0.03730679,-0.1804977,0.3457043,-9.845331,0.074598984,3.6103486,7.8602732,6.560178,0,-1.5,-1.928,137.908
00:47.3,0,100,0,0,0,0,0,0,0,0,-0.008291515,-0.04611561,0.030928595,-0.22040025,0.36788835,-9.7605905,0.096639592,3.5564278,7.6335226,6.432422,0,-1.5,-1.914,137.914
00:47.3,0,100,0,0,0,0,0,0,0,0,-0.04487763,-0.0390171,0.0245504,-0.2603028,0.3900724,-9.67585,0.1186802,3.502507,7.406772,6.304666,0,-1.5,-1.9,137.92
00:47.3,0,100,0,0,0,0,0,0,0,0,-0.06408529,-0.060168065,-0.04325475,-0.25521505,0.32012165,-9.6876075,0.14411168,3.6174206,7.2494556,6.2003616,0,-1.498,-1.9,137.922
00:47.3,0,100,0,0,0,0,0,0,0,0,-0.08329295,-0.08131903,-0.1110599,-0.2501273,0.2501709,-9.699365,0.16954316,3.7323342,7.0921392,6.0960572,0,-1.496,-1.9,137.924
00:47.3,0,100,0,0,0,0,0,0,0,0,0.035463075,-0.023194475,0.01620415,-0.2770546,0.25588345,-9.733709,0.19497464,3.8472478,6.9348228,5.9917528,0,-1.494,-1.9,137.926
00:47.4,0,100,0,0,0,0,0,0,0,0,0.1542191,0.03493008,0.1434682,-0.3039819,0.261596,-9.768053,0.22040612,3.9621614,6.7775064,5.8874484,0,-1.492,-1.9,137.928
00:47.4,0,100,0,0,0,0,0,0,0,0,0.06949416,-0.00568273,0.076092758,-0.2679743,0.26090375,-9.735549,0.2458376,4.077075,6.62019,5.783144,0,-1.49,-1.9,137.93
00:47.4,0,100,0,0,0,0,0,0,0,0,-0.01523078,-0.04629554,0.008717316,-0.2319667,0.2602115,-9.703045,0.24414216,4.0824748,6.9511548,5.9286752,0,-1.49,-1.908,137.928
00:47.4,0,100,0,0,0,0,0,0,0,0,0.04013212,-0.038402815,0.049411258,-0.1968891,0.3190593,-9.753219,0.24244672,4.0878746,7.2821196,6.0742064,0,-1.49,-1.916,137.926
00:47.4,0,100,0,0,0,0,0,0,0,0,0.09549502,-0.03051009,0.0901052,-0.1618115,0.3779071,-9.803393,0.24075128,4.0932744,7.6130844,6.2197376,0,-1.49,-1.924,137.924
00:47.5,0,100,0,0,0,0,0,0,0,0,-0.03572364,-0.03108171,-0.0316682,-0.20719285,0.31674235,-9.7544505,0.23905584,4.0986742,7.9440492,6.3652688,0,-1.49,-1.932,137.922
00:47.5,0,100,0,0,0,0,0,0,0,0,-0.1669423,-0.03165333,-0.1534416,-0.2525742,0.2555776,-9.705508,0.2373604,4.104074,8.275014,6.5108,0,-1.49,-1.94,137.92
00:47.5,0,100,0,0,0,0,0,0,0,0,-0.01860295,-0.030519275,-0.079642734,-0.24875555,0.27257085,-9.654178,0.24301184,4.0962618,8.2914366,6.4767836,0,-1.496,-1.938,137.914
00:47.5,0,100,0,0,0,0,0,0,0,0,0.1297364,-0.02938522,-0.005843868,-0.2449369,0.2895641,-9.602848,0.24866328,4.0884496,8.3078592,6.4427672,0,-1.502,-1.936,137.908
00:47.5,0,100,0,0,0,0,0,0,0,0,0.0274875,0.00597316,0.005690391,-0.28393595,0.2198872,-9.7115665,0.25431472,4.0806374,8.3242818,6.4087508,0,-1.508,-1.934,137.902
00:47.6,0,100,0,0,0,0,0,0,0,0,-0.0747614,0.04133154,0.01722465,-0.322935,0.1502103,-9.820285,0.25996616,4.0728252,8.3407044,6.3747344,0,-1.514,-1.932,137.896
00:47.6,0,100,0,0,0,0,0,0,0,0,0.0199433,0.00568838,0.02359319,-0.28120745,0.1832993,-9.8002825,0.2656176,4.065013,8.357127,6.340718,0,-1.52,-1.93,137.89
00:47.6,0,100,0,0,0,0,0,0,0,0,0.114648,-0.02995478,0.02996173,-0.2394799,0.2163883,-9.78028,0.29443994,3.9575362,8.0946168,6.0948456,0,-1.508,-1.932,137.904
00:47.6,0,100,0,0,0,0,0,0,0,0,0.021593515,-0.011046747,0.04549643,-0.190694,0.25425805,-9.8017305,0.32326228,3.8500594,7.8321066,5.8489732,0,-1.496,-1.934,137.918
00:47.6,0,100,0,0,0,0,0,0,0,0,-0.07146097,0.007861286,0.06103113,-0.1419081,0.2921278,-9.823181,0.35208462,3.7425826,7.5695964,5.6031008,0,-1.484,-1.936,137.932
00:47.7,0,100,0,0,0,0,0,0,0,0,0.00813122,-0.021491682,0.01713477,-0.118600395,0.2716896,-9.78952,0.38090696,3.6351058,7.3070862,5.3572284,0,-1.472,-1.938,137.946
00:47.7,0,100,0,0,0,0,0,0,0,0,0.08772341,-0.05084465,-0.02676159,-0.09529269,0.2512514,-9.755859,0.4097293,3.527629,7.044576,5.111356,0,-1.46,-1.94,137.96
00:47.7,0,100,0,0,0,0,0,0,0,0,-0.011862695,-0.028302863,-0.05393471,-0.185339345,0.30221775,-9.804847,0.3775161,3.4882648,6.913515,4.9711296,0,-1.46,-1.94,137.958
00:47.7,0,100,0,0,0,0,0,0,0,0,-0.1114488,-0.005761076,-0.08110783,-0.275386,0.3531841,-9.853835,0.3453029,3.4489006,6.782454,4.8309032,0,-1.46,-1.94,137.956
00:47.7,0,100,0,0,0,0,0,0,0,0,0.0009509,-0.010401628,-0.044964468,-0.2809739,0.33286525,-9.7223135,0.3130897,3.4095364,6.651393,4.6906768,0,-1.46,-1.94,137.954
00:47.8,0,100,0,0,0,0,0,0,0,0,0.1133506,-0.01504218,-0.008821106,-0.2865618,0.3125464,-9.590792,0.2808765,3.3701722,6.520332,4.5504504,0,-1.46,-1.94,137.952
00:47.8,0,100,0,0,0,0,0,0,0,0,0.00288145,-0.009577385,-0.047749983,-0.2721864,0.2756257,-9.641555,0.2486633,3.330808,6.389271,4.410224,0,-1.46,-1.94,137.95
00:47.8,0,100,0,0,0,0,0,0,0,0,-0.1075877,-0.004112589,-0.08667886,-0.257811,0.238705,-9.692318,0.24301186,3.2860686,6.4074514,4.2921698,0,-1.474,-1.94,137.952
00:47.8,0,100,0,0,0,0,0,0,0,0,-0.024335825,-0.04117734,-0.063685995,-0.248714,0.2667615,-9.6821075,0.23736042,3.2413292,6.4256318,4.1741156,0,-1.488,-1.94,137.954
00:47.8,0,100,0,0,0,0,0,0,0,0,0.05891605,-0.07824209,-0.04069313,-0.239617,0.294818,-9.671897,0.23170898,3.1965898,6.4438122,4.0560614,0,-1.502,-1.94,137.956
00:47.9,0,100,0,0,0,0,0,0,0,0,0.009311365,-0.02847863,-0.03606915,-0.19318245,0.35267115,-9.721328,0.22605754,3.1518504,6.4619926,3.9380072,0,-1.516,-1.94,137.958
00:47.9,0,100,0,0,0,0,0,0,0,0,-0.04029332,0.02128483,-0.03144517,-0.1467479,0.4105243,-9.770759,0.2204061,3.107111,6.480173,3.819953,0,-1.53,-1.94,137.96
00:47.9,0,100,0,0,0,0,0,0,0,0,0.023847725,0.02458858,-0.015426917,-0.2003688,0.32469465,-9.7457715,0.2124941,2.9774626,6.734195,3.9856654,0,-1.522,-1.938,137.964
00:47.9,0,100,0,0,0,0,0,0,0,0,0.08798877,0.02789233,0.000591336,-0.2539897,0.238865,-9.720784,0.2045821,2.8478142,6.988217,4.1513778,0,-1.514,-1.936,137.968
00:48.1,5,1.8,15.4302768,75.0156632,740.97,0.05632051,73.49563,9.12,19.85,0.85,0.058926175,-0.03991765,0.013050335,-0.22726805,0.3598982,-9.619471,0.35717094,2.1241194,8.5774366,5.0700896,0,-1.418,-1.978,137.932
00:48.2,5,1.8,15.4302768,75.0156632,740.9622222,0.060622324,74.38821,9.361111111,19.09777778,0.817777778,0.08911345,-0.1095876,-0.02574935,-0.1714192,0.4077521,-9.445749,0.35943152,2.1049602,8.8395308,5.1965458,0,-1.414,-1.994,137.906
00:48.2,5,1.8,15.4302768,75.0156632,740.9544444,0.064924139,75.28079,9.602222222,18.34555556,0.785555556,0.05744139,-0.051254504,-0.011362126,-0.20766135,0.34625275,-9.7060145,0.3616921,2.085801,9.101625,5.323002,0,-1.41,-2.01,137.88
00:48.2,5,1.8,15.4302768,75.0156632,740.9466667,0.069225953,76.17337,9.843333333,17.59333333,0.753333333,0.02576933,0.007078593,0.003025098,-0.2439035,0.2847534,-9.96628,0.3424772,2.0488984,9.074343,5.2726992,0,-1.434,-1.986,137.864
00:48.2,5,1.8,15.4302768,75.0156632,740.9388889,0.073527768,77.06595,10.08444444,16.84111111,0.721111111,-0.023727445,-0.020370374,0.015097199,-0.085002605,0.28613225,-9.7424025,0.3232623,2.0119958,9.047061,5.2223964,0,-1.458,-1.962,137.848
00:48.2,5,1.8,15.4302768,75.0156632,740.9311111,0.077829582,77.95853,10.32555556,16.08888889,0.688888889,-0.07322422,-0.04781934,0.0271693,0.07389829,0.2875111,-9.518525,0.3040474,1.9750932,9.019779,5.1720936,0,-1.482,-1.938,137.832
00:48.3,5,1.8,15.4302768,75.0156632,740.9233333,0.082131397,78.85111,10.56666667,15.33666667,0.656666667,0.03911704,0.01517767,-0.013473095,-0.095267855,0.34334045,-9.8808025,0.2848325,1.9381906,8.992497,5.1217908,0,-1.506,-1.914,137.816
00:48.3,5,1.8,15.4302768,75.0156632,740.9155556,0.086433211,79.74369,10.80777778,14.58444444,0.624444444,0.1514583,0.07817468,-0.05411549,-0.264434,0.3991698,-10.24308,0.2656176,1.901288,8.965215,5.071488,0,-1.53,-1.89,137.8
00:48.3,5,1.8,15.4302768,75.0156632,740.9077778,0.090735026,80.63627,11.04888889,13.83222222,0.592222222,-0.0054788,0.040705774,-0.013300645,-0.1827434,0.42028055,-9.95287,0.30178682,1.907633,8.9793906,4.9990568,0,-1.486,-1.93,137.822
00:48.3,5,1.8,15.4302768,75.0156632,740.9,0.09503684,81.52885,11.29,13.08,0.56,-0.1624159,0.003236868,0.0275142,-0.1010528,0.4413913,-9.66266,0.33795604,1.913978,8.9935662,4.9266256,0,-1.442,-1.97,137.844
00:48.3,5,1.8,15.43027679,75.01566321,740.901,0.093608428,83.158872,11.455,13.332,0.571,-0.06487649,-0.021890566,0.02253981,-0.1241037,0.3905929,-9.5955445,0.37412526,1.920323,9.0077418,4.8541944,0,-1.398,-2.01,137.866
00:48.4,5,1.8,15.43027678,75.01566322,740.902,0.092180016,84.788894,11.62,13.584,0.582,0.03266292,-0.047018,0.01756542,-0.1471546,0.3397945,-9.528429,0.41029448,1.926668,9.0219174,4.7817632,0,-1.354,-2.05,137.888
00:48.4,5,1.8,15.43027677,75.01566323,740.903,0.090751604,86.418916,11.785,13.836,0.593,0.013418522,0.04174685,0.08336221,-0.2780381,0.4172204,-9.7755895,0.4464637,1.933013,9.036093,4.709332,0,-1.31,-2.09,137.91
00:48.4,5,1.8,15.43027676,75.01566324,740.904,0.089323192,88.048938,11.95,14.088,0.604,-0.005825876,0.1305117,0.149159,-0.4089216,0.4946463,-10.02275,0.4747209,1.93094,8.9295304,4.745646,0,-1.314,-2.064,138.022
00:48.4,5,1.8,15.43027675,75.01566325,740.905,0.08789478,89.67896,12.115,14.34,0.615,0.097710912,0.04877989,0.097433565,-0.30423065,0.44209445,-9.9667585,0.5029781,1.928867,8.8229678,4.78196,0,-1.318,-2.038,138.134
00:48.4,5,1.8,15.43027674,75.01566326,740.906,0.086466368,91.308982,12.28,14.592,0.626,0.2012477,-0.03295192,0.04570813,-0.1995397,0.3895426,-9.910767,0.5312353,1.926794,8.7164052,4.818274,0,-1.322,-2.012,138.246
00:48.5,5,1.8,15.43027673,75.01566327,740.907,0.085037956,92.939004,12.445,14.844,0.637,0.08209331,0.03000436,0.116993165,-0.16269285,0.30297845,-10.0532585,0.5594925,1.924721,8.6098426,4.854588,0,-1.326,-1.986,138.358
00:48.5,5,1.8,15.43027672,75.01566328,740.908,0.083609544,94.569026,12.61,15.096,0.648,-0.03706108,0.09296064,0.1882782,-0.125846,0.2164143,-10.19575,0.5877497,1.922648,8.50328,4.890902,0,-1.33,-1.96,138.47
00:48.5,5,1.8,15.43027671,75.01566329,740.909,0.082181132,96.199048,12.775,15.348,0.659,-0.0585056,0.02887218,0.13338103,-0.19982245,0.130042825,-9.8703875,0.57701196,1.9218392,8.54668,4.8341614,0,-1.316,-1.912,138.588
00:48.5,5,1.8,15.4302767,75.0156633,740.91,0.08075272,97.82907,12.94,15.6,0.67,-0.07995012,-0.03521628,0.07848386,-0.2737989,0.04367135,-9.545025,0.56627422,1.9210304,8.59008,4.7774208,0,-1.302,-1.864,138.706
00:48.5,5,1.8,15.43027668,75.0156633,740.914,0.079797139,98.098243,12.817,15.559,0.671,-0.070945545,-0.007577735,0.11292468,-0.28775145,0.162940125,-9.7148265,0.55553648,1.9202216,8.63348,4.7206802,0,-1.288,-1.816,138.824
00:48.6,5,1.8,15.43027666,75.0156633,740.918,0.078841558,98.367416,12.694,15.518,0.672,-0.06194097,0.02006081,0.1473655,-0.301704,0.2822089,-9.884628,0.54479874,1.9194128,8.67688,4.6639396,0,-1.274,-1.768,138.942
00:48.6,5,1.8,15.43027664,75.0156633,740.922,0.077885977,98.636589,12.571,15.477,0.673,0.073498315,0.028911135,0.06735505,-0.28907985,0.23272555,-9.7408445,0.534061,1.918604,8.72028,4.607199,0,-1.26,-1.72,139.06
00:48.6,5,1.8,15.43027662,75.0156633,740.926,0.076930396,98.905762,12.448,15.436,0.674,0.2089376,0.03776146,-0.0126554,-0.2764557,0.1832422,-9.597061,0.51654154,1.8598792,8.6270992,4.8491894,0,-1.154,-1.692,139.084
00:48.6,5,1.8,15.4302766,75.0156633,740.93,0.075974815,99.174935,12.325,15.395,0.675,0.14882715,0.063996925,0.023701185,-0.32544585,0.30042235,-9.678678,0.49902208,1.8011544,8.5339184,5.0911798,0,-1.048,-1.664,139.108
00:48.6,5,1.8,15.43027658,75.0156633,740.934,0.075019234,99.444108,12.202,15.354,0.676,0.0887167,0.09023239,0.06005777,-0.374436,0.4176025,-9.760295,0.48150262,1.7424296,8.4407376,5.3331702,0,-0.942,-1.636,139.132
00:48.7,5,1.8,15.43027656,75.0156633,740.938,0.074063653,99.713281,12.079,15.313,0.677,0.05374258,0.083414,0.0089793,-0.220621495,0.3442314,-9.7459095,0.46398316,1.6837048,8.3475568,5.5751606,0,-0.836,-1.608,139.156
00:48.7,5,1.8,15.43027654,75.0156633,740.942,0.073108072,99.982454,11.956,15.272,0.678,0.01876846,0.07659561,-0.04209917,-0.06680699,0.2708603,-9.731524,0.4464637,1.62498,8.254376,5.817151,0,-0.73,-1.58,139.18
00:48.7,5,1.8,15.43027652,75.0156633,740.946,0.072152491,100.251627,11.833,15.231,0.679,0.04824196,0.033614367,0.038075815,-0.0715464,0.3237291,-9.791043,0.51315068,1.620143,8.0854924,5.8608034,0,-0.714,-1.494,139.24
00:48.7,5,1.8,15.4302765,75.0156633,740.95,0.07119691,100.5208,11.71,15.19,0.68,0.07771546,-0.009366877,0.1182508,-0.07628581,0.3765979,-9.850562,0.57983766,1.615306,7.9166088,5.9044558,0,-0.698,-1.408,139.3
00:48.7,5,1.8,15.43027648,75.01566329,740.954,0.074450259,114.06907,11.617,15.165,0.682,0.039748793,0.024012962,0.080387655,-0.119647955,0.2615065,-9.8049305,0.64652464,1.610469,7.7477252,5.9481082,0,-0.682,-1.322,139.36
00:48.8,5,1.8,15.43027646,75.01566328,740.958,0.077703608,127.61734,11.524,15.14,0.684,0.001782126,0.0573928,0.04252451,-0.1630101,0.1464151,-9.759299,0.71321162,1.605632,7.5788416,5.9917606,0,-0.666,-1.236,139.42
00:48.8,5,1.8,15.43027644,75.01566327,740.962,0.080956957,141.16561,11.431,15.115,0.686,-0.002475646,0.041638735,0.05141026,-0.23920075,0.19901545,-9.636245,0.7798986,1.600795,7.409958,6.035413,0,-0.65,-1.15,139.48
00:48.8,5,1.8,15.43027642,75.01566326,740.966,0.084210306,154.71388,11.338,15.09,0.688,-0.006733418,0.02588467,0.06029601,-0.3153914,0.2516158,-9.513191,0.73412194,1.6411732,7.3056198,5.7553134,0,-0.668,-1.078,139.498
00:48.8,5,1.8,15.4302764,75.01566325,740.97,0.087463655,168.26215,11.245,15.065,0.69,0.065646641,0.077932735,0.051563125,-0.26825175,0.2138033,-9.524077,0.68834528,1.6815514,7.2012816,5.4752138,0,-0.686,-1.006,139.516
00:48.8,5,1.8,15.43027638,75.01566324,740.974,0.090717004,181.81042,11.152,15.04,0.692,0.1380267,0.1299808,0.04283024,-0.2211121,0.1759908,-9.534963,0.64256862,1.7219296,7.0969434,5.1951142,0,-0.704,-0.934,139.534
00:48.9,5,1.8,15.43027636,75.01566323,740.978,0.093970353,195.35869,11.059,15.015,0.694,0.02223706,0.06950044,0.018053594,-0.160424255,0.118943435,-9.5312305,0.59679196,1.7623078,6.9926052,4.9150146,0,-0.722,-0.862,139.552
00:48.9,5,1.8,15.43027634,75.01566322,740.982,0.097223702,208.90696,10.966,14.99,0.696,-0.09355258,0.009020079,-0.006723053,-0.09973641,0.06189607,-9.527498,0.5510153,1.802686,6.888267,4.634915,0,-0.74,-0.79,139.57
00:48.9,5,1.8,15.43027632,75.01566321,740.986,0.100477051,222.45523,10.873,14.965,0.698,-0.011695525,-0.040378591,-0.047129212,-0.047293063,0.06096409,-9.6922445,0.51936724,1.8426308,7.1876626,4.6171002,0,-0.726,-0.816,139.532
00:48.9,5,1.8,15.4302763,75.0156632,740.99,0.1037304,236.0035,10.78,14.94,0.7,0.07016153,-0.08977726,-0.08753537,0.005150285,0.06003211,-9.856991,0.48771918,1.8825756,7.4870582,4.5992854,0,-0.712,-0.842,139.494
00:48.9,5,1.8,15.43027628,75.01566318,740.993,0.098519724,234.82467,10.706,14.918,0.71,0.033790736,-0.052867805,-0.039966395,-0.086242208,0.138222355,-9.902735,0.45607112,1.9225204,7.7864538,4.5814706,0,-0.698,-0.868,139.456
00:49.0,5,1.8,15.43027626,75.01566316,740.996,0.093309048,233.64584,10.632,14.896,0.72,-0.002580059,-0.01595835,0.007602581,-0.1776347,0.2164126,-9.948479,0.42442306,1.9624652,8.0858494,4.5636558,0,-0.684,-0.894,139.418
00:49.0,5,1.8,15.43027624,75.01566314,740.999,0.088098372,232.46701,10.558,14.874,0.73,-0.021099425,0.01963157,-0.02880156,-0.16473985,0.122177115,-9.8157245,0.392775,2.00241,8.385245,4.545841,0,-0.67,-0.92,139.38
00:49.0,5,1.8,15.43027622,75.01566312,741.002,0.082887696,231.28818,10.484,14.852,0.74,-0.03961879,0.05522149,-0.0652057,-0.151845,0.02794163,-9.68297,0.3797767,1.9875654,8.2328336,4.6178094,0,-0.66,-0.91,139.38
00:49.0,5,1.8,15.4302762,75.0156631,741.005,0.07767702,230.10935,10.41,14.83,0.75,0.002510875,0.07465663,-0.02567269,-0.21240255,0.139445415,-9.6670895,0.3667784,1.9727208,8.0804222,4.6897778,0,-0.65,-0.9,139.38
00:49.0,5,1.8,15.43027618,75.01566308,741.008,0.072466344,228.93052,10.336,14.808,0.76,0.04464054,0.09409177,0.01386032,-0.2729601,0.2509492,-9.651209,0.3537801,1.9578762,7.9280108,4.7617462,0,-0.64,-0.89,139.38
00:49.1,5,1.8,15.43027616,75.01566306,741.011,0.067255668,227.75169,10.262,14.786,0.77,0.07545087,0.01361924,0.024139185,-0.10684997,0.165518505,-9.7520025,0.3407818,1.9430316,7.7755994,4.8337146,0,-0.63,-0.88,139.38
00:49.1,5,1.8,15.43027614,75.01566304,741.014,0.062044992,226.57286,10.188,14.764,0.78,0.1062612,-0.06685329,0.03441805,0.05926016,0.08008781,-9.852796,0.3277835,1.928187,7.623188,4.905683,0,-0.62,-0.87,139.38
00:49.1,5,1.8,15.43027612,75.01566302,741.017,0.056834316,225.39403,10.114,14.742,0.79,-0.00570825,-0.030962833,0.005821865,-0.10433537,0.048521815,-9.88755,0.39334018,1.9650816,7.5798152,4.770602,0,-0.584,-0.822,139.318
00:49.1,5,1.8,15.4302761,75.015663,741.02,0.05162364,224.2152,10.04,14.72,0.8,-0.1176777,0.004927623,-0.02277432,-0.2679309,0.01695582,-9.922304,0.45889686,2.0019762,7.5364424,4.635521,0,-0.548,-0.774,139.256
00:49.1,5,1.8,15.4302761,75.01566299,741.023,0.056409141,225.77633,9.998,14.705,0.799,-0.08350984,0.018800497,-0.09212396,-0.2053948,0.032984545,-9.972252,0.52445354,2.0388708,7.4930696,4.50044,0,-0.512,-0.726,139.194
00:49.2,5,1.8,15.4302761,75.01566298,741.026,0.061194642,227.33746,9.956,14.69,0.798,-0.04934198,0.03267337,-0.1614736,-0.1428587,0.04901327,-10.0222,0.59001022,2.0757654,7.4496968,4.365359,0,-0.476,-0.678,139.132
00:49.2,5,1.8,15.4302761,75.01566297,741.029,0.065980143,228.89859,9.914,14.675,0.797,0.06126646,0.082536085,-0.08009659,-0.13888025,0.239400335,-9.9108175,0.6555669,2.11266,7.406324,4.230278,0,-0.44,-0.63,139.07
00:49.2,5,1.8,15.4302761,75.01566296,741.032,0.070765644,230.45972,9.872,14.66,0.796,0.1718749,0.1323988,0.00128042,-0.1349018,0.4297874,-9.799435,0.62109312,2.1360342,7.8380276,4.3394882,0,-0.424,-0.578,139.034
00:49.2,5,1.8,15.4302761,75.01566295,741.035,0.075551145,232.02085,9.83,14.645,0.795,0.0350578,0.09238919,-0.027051455,-0.09137403,0.35084985,-9.598744,0.58661934,2.1594084,8.2697312,4.4486984,0,-0.408,-0.526,138.998
00:49.2,5,1.8,15.4302761,75.01566294,741.038,0.080336646,233.58198,9.788,14.63,0.794,-0.1017593,0.05237958,-0.05538333,-0.04784626,0.2719123,-9.398053,0.55214556,2.1827826,8.7014348,4.5579086,0,-0.392,-0.474,138.962
00:49.3,5,1.8,15.4302761,75.01566293,741.041,0.085122147,235.14311,9.746,14.615,0.793,0.0303049,0.029318769,-0.04256883,0.00052371,0.2383163,-9.449806,0.51767178,2.2061568,9.1331384,4.6671188,0,-0.376,-0.422,138.926
00:49.3,5,1.8,15.4302761,75.01566292,741.044,0.089907648,236.70424,9.704,14.6,0.792,0.1623691,0.006257958,-0.02975433,0.04889368,0.2047203,-9.501559,0.483198,2.229531,9.564842,4.776329,0,-0.36,-0.37,138.89
00:49.3,5,1.8,15.4302761,75.01566291,741.047,0.094693149,238.26537,9.662,14.585,0.791,0.089998595,-0.012756826,-0.038217805,0.12077959,0.08001012,-9.514795,0.49393574,2.1813594,9.3199556,4.7843154,0,-0.398,-0.4,138.852
00:49.3,5,1.8,15.4302761,75.0156629,741.05,0.09947865,239.8265,9.62,14.57,0.79,0.01762809,-0.03177161,-0.04668128,0.1926655,-0.04470006,-9.528031,0.50467348,2.1331878,9.0750692,4.7923018,0,-0.436,-0.43,138.814
00:49.3,5,1.8,15.4302761,75.01566289,741.049,0.097461737,238.6505,9.577,14.535,0.769,-0.121796605,-0.070636505,-0.012960955,0.13461968,-0.039907055,-9.5608145,0.51541122,2.0850162,8.8301828,4.8002882,0,-0.474,-0.46,138.776
00:49.4,5,1.8,15.4302761,75.01566288,741.048,0.095444824,237.4745,9.534,14.5,0.748,-0.2612213,-0.1095014,0.02075937,0.07657386,-0.03511405,-9.593598,0.52614896,2.0368446,8.5852964,4.8082746,0,-0.512,-0.49,138.738
00:49.4,5,1.8,15.4302761,75.01566287,741.047,0.093427911,236.2985,9.491,14.465,0.727,-0.21139225,-0.12115505,-0.012749015,0.10306973,0.051441275,-9.773899,0.5368867,1.988673,8.34041,4.816261,0,-0.55,-0.52,138.7
00:49.4,5,1.8,15.4302761,75.01566286,741.046,0.091410998,235.1225,9.448,14.43,0.706,-0.1615632,-0.1328087,-0.0462574,0.1295656,0.1379966,-9.9542,0.53462614,2.0341636,8.316979,4.9150274,0,-0.526,-0.51,138.674
00:49.4,5,1.8,15.4302761,75.01566285,741.045,0.089394085,233.9465,9.405,14.395,0.685,-0.0381575,-0.055524875,-0.070573395,-0.0131166,0.2187844,-9.9642575,0.53236558,2.0796542,8.293548,5.0137938,0,-0.502,-0.5,138.648
00:49.4,5,1.8,15.4302761,75.01566284,741.044,0.087377172,232.7705,9.362,14.36,0.664,0.0852482,0.02175895,-0.09488939,-0.1557988,0.2995722,-9.974315,0.53010502,2.1251448,8.270117,5.1125602,0,-0.478,-0.49,138.622
00:49.5,5,1.8,15.4302761,75.01566283,741.043,0.085360259,231.5945,9.319,14.325,0.643,0.0994426,0.118160825,-0.052248433,-0.13670605,0.34243035,-10.1839325,0.52784446,2.1706354,8.246686,5.2113266,0,-0.454,-0.48,138.596
00:49.5,5,1.8,15.4302761,75.01566282,741.042,0.083343346,230.4185,9.276,14.29,0.622,0.113637,0.2145627,-0.009607476,-0.1176133,0.3852885,-10.39355,0.5255839,2.216126,8.223255,5.310093,0,-0.43,-0.47,138.57
00:49.5,5,1.8,15.4302761,75.01566281,741.041,0.081326433,229.2425,9.233,14.255,0.601,0.14984865,0.1385692,0.002861282,0.0254926,0.36327475,-10.25554,0.52671418,2.1916828,8.1114356,5.4097132,0,-0.272,-0.368,138.574
00:49.5,5,1.8,15.4302761,75.0156628,741.04,0.07930952,228.0665,9.19,14.22,0.58,0.1860603,0.0625757,0.01533004,0.1685985,0.341261,-10.11753,0.52784446,2.1672396,7.9996162,5.5093334,0,-0.114,-0.266,138.578
00:49.5,5,1.8,15.4302761,75.01566273,741.035,0.095984458,229.44712,8.991,14.159,0.548,0.108614825,0.078187875,0.025356095,0.065676535,0.262771,-10.054402,0.52897474,2.1427964,7.8877968,5.6089536,0,0.044,-0.164,138.582
00:49.6,5,1.8,15.4302761,75.01566266,741.03,0.112659396,230.82774,8.792,14.098,0.516,0.03116935,0.09380005,0.03538215,-0.03724543,0.184281,-9.991274,0.53010502,2.1183532,7.7759774,5.7085738,0,0.202,-0.062,138.586
00:49.6,5,1.8,15.4302761,75.01566259,741.025,0.129334334,232.20836,8.593,14.037,0.484,0.133489675,0.123162925,-0.00831062,-0.095604615,0.2026569,-9.9028355,0.5312353,2.09391,7.664158,5.808194,0,0.36,0.04,138.59
00:49.6,5,1.8,15.4302761,75.01566252,741.02,0.146009272,233.58898,8.394,13.976,0.452,0.23581,0.1525258,-0.05200339,-0.1539638,0.2210328,-9.814397,0.4798072,2.2589528,7.7267006,6.2353748,0,0.502,0.11,138.488
00:49.6,5,1.8,15.4302761,75.01566245,741.015,0.16268421,234.9696,8.195,13.915,0.42,0.22109525,0.13614675,-0.096077195,-0.094648635,0.25472795,-9.6271025,0.4283791,2.4239956,7.7892432,6.6625556,0,0.644,0.18,138.386
00:49.6,5,1.8,15.4302761,75.01566238,741.01,0.179359148,236.35022,7.996,13.854,0.388,0.2063805,0.1197677,-0.140151,-0.03533347,0.2884231,-9.439808,0.376951,2.5890384,7.8517858,7.0897364,0,0.786,0.25,138.284
00:49.7,5,1.8,15.4302761,75.01566231,741.005,0.196034086,237.73084,7.797,13.793,0.356,0.1968024,-0.02335805,-0.1631159,0.110563215,0.2630684,-9.376278,0.3255229,2.7540812,7.9143284,7.5169172,0,0.928,0.32,138.182
00:49.7,5,1.8,15.4302761,75.01566224,741,0.212709024,239.11146,7.598,13.732,0.324,0.1872243,-0.1664838,-0.1860808,0.2564599,0.2377137,-9.312748,0.2740948,2.919124,7.976871,7.944098,0,1.07,0.39,138.08
00:49.7,5,1.8,15.4302761,75.01566217,740.995,0.229383962,240.49208,7.399,13.671,0.292,0.152478,-0.15283535,-0.1649347,0.1511868,0.3684111,-9.3267285,0.2701388,2.8952222,7.9460628,8.0725388,0,1.194,0.212,137.986
00:49.7,5,1.8,15.4302761,75.0156621,740.99,0.2460589,241.8727,7.2,13.61,0.26,0.1177317,-0.1391869,-0.1437886,0.0459137,0.4991085,-9.340709,0.2661828,2.8713204,7.9152546,8.2009796,0,1.318,0.034,137.892
00:49.7,5,1.8,15.43027608,75.01566205,740.986,0.2496319,241.2995,7.049,13.555,0.274,0.0277293,-0.13464105,-0.05769891,-0.0711666,0.41009885,-9.554091,0.2622268,2.8474186,7.8844464,8.3294204,0,1.442,-0.144,137.798
00:49.8,5,1.8,15.43027606,75.015662,740.982,0.2532049,240.7263,6.898,13.5,0.288,-0.0622731,-0.1300952,0.02839078,-0.1882469,0.3210892,-9.767473,0.2582708,2.8235168,7.8536382,8.4578612,0,1.566,-0.322,137.704
00:49.8,5,1.8,15.43027604,75.01566195,740.978,0.2567779,240.1531,6.747,13.445,0.302,0.12026025,-0.13371165,0.052701625,-0.17788185,0.35614385,-9.6267405,0.2543148,2.799615,7.82283,8.586302,0,1.69,-0.5,137.61
00:49.8,5,1.8,15.43027602,75.0156619,740.974,0.2603509,239.5799,6.596,13.39,0.316,0.3027936,-0.1373281,0.07701247,-0.1675168,0.3911985,-9.486008,0.2803114,2.774905,7.98445,8.7426416,0,1.652,-0.608,137.762
00:49.8,5,1.8,15.430276,75.01566185,740.97,0.2639239,239.0067,6.445,13.335,0.33,0.174768585,-0.14551365,0.086042375,-0.09597127,0.224886095,-9.4352455,0.306308,2.750195,8.14607,8.8989812,0,1.614,-0.716,137.914
00:49.8,5,1.8,15.43027598,75.0156618,740.966,0.2674969,238.4335,6.294,13.28,0.344,0.04674357,-0.1536992,0.09507228,-0.02442574,0.05857369,-9.384483,0.3323046,2.725485,8.30769,9.0553208,0,1.576,-0.824,138.066
00:49.9,5,1.8,15.43027596,75.01566175,740.962,0.2710699,237.8603,6.143,13.225,0.358,-0.070236415,-0.065384755,0.16793319,-0.14213237,0.222910495,-9.597894,0.3583012,2.700775,8.46931,9.2116604,0,1.538,-0.932,138.218
00:49.9,5,1.8,15.43027594,75.0156617,740.958,0.2746429,237.2871,5.992,13.17,0.372,-0.1872164,0.02292969,0.2407941,-0.259839,0.3872473,-9.811305,0.3842978,2.676065,8.63093,9.368,0,1.5,-1.04,138.37
00:49.9,5,1.8,15.43027592,75.01566165,740.954,0.2782159,236.7139,5.841,13.115,0.386,-0.125421045,0.088401895,0.29191535,-0.175922125,0.37897255,-9.9100725,0.39673098,2.660552,8.769142,9.3864208,0,1.468,-0.988,138.744
00:49.9,5,1.8,15.4302759,75.0156616,740.95,0.2817889,236.1407,5.69,13.06,0.4,-0.06362569,0.1538741,0.3430366,-0.09200525,0.3706978,-10.00884,0.40916416,2.645039,8.907354,9.4048416,0,1.436,-0.936,139.118
00:49.9,5,1.8,15.43027588,75.01566155,740.949,0.28894074,236.36907,5.612,13.036,0.383,-0.0496943,0.084114095,0.3330424,-0.0561184,0.2408481,-9.82012,0.42159734,2.629526,9.045566,9.4232624,0,1.404,-0.884,139.492
00:50.0,5,1.8,15.43027586,75.0156615,740.948,0.29609258,236.59744,5.534,13.012,0.366,-0.03576291,0.01435409,0.3230482,-0.02023155,0.1109984,-9.6314,0.43403052,2.614013,9.183778,9.4416832,0,1.372,-0.832,139.866
00:50.0,5,1.8,15.43027584,75.01566145,740.947,0.30324442,236.82581,5.456,12.988,0.349,-0.121498555,0.01561977,0.33363345,-0.097135125,0.18724645,-9.825015,0.4464637,2.5985,9.32199,9.460104,0,1.34,-0.78,140.24
00:50.0,5,1.8,15.43027582,75.0156614,740.946,0.31039626,237.05418,5.378,12.964,0.332,-0.2072342,0.01688545,0.3442187,-0.1740387,0.2634945,-10.01863,0.41877164,2.6194376,9.63404,9.7273472,0,1.322,-0.728,140.588
00:50.0,5,1.8,15.4302758,75.01566135,740.945,0.3175481,237.28255,5.3,12.94,0.315,-0.12449674,0.01935632,0.31134095,-0.1624861,0.32994185,-10.010145,0.39107958,2.6403752,9.94609,9.9945904,0,1.304,-0.676,140.936
00:50.0,5,1.8,15.43027578,75.0156613,740.944,0.32469994,237.51092,5.222,12.916,0.298,-0.04175928,0.02182719,0.2784632,-0.1509335,0.3963892,-10.00166,0.36338752,2.6613128,10.25814,10.2618336,0,1.286,-0.624,141.284
00:50.1,5,1.8,15.43027576,75.01566125,740.943,0.33185178,237.73929,5.144,12.892,0.281,0.08498256,0.115628145,0.26393375,-0.22103855,0.3011956,-10.03126,0.33569546,2.6822504,10.57019,10.5290768,0,1.268,-0.572,141.632
00:50.1,5,1.8,15.43027574,75.0156612,740.942,0.33900362,237.96766,5.066,12.868,0.264,0.2117244,0.2094291,0.2494043,-0.2911436,0.206002,-10.06086,0.3080034,2.703188,10.88224,10.79632,0,1.25,-0.52,141.98
00:50.1,5,1.8,15.43027572,75.01566115,740.941,0.34615546,238.19603,4.988,12.844,0.247,0.009966,0.26075285,0.2744115,-0.2059109,0.2052206,-10.14109,0.3311743,2.5557598,10.2724904,10.859256,0,1.166,-0.256,142.274
00:50.1,5,1.8,15.4302757,75.0156611,740.94,0.3533073,238.4244,4.91,12.82,0.23,-0.1917924,0.3120766,0.2994187,-0.1206782,0.2044392,-10.22132,0.3543452,2.4083316,9.6627408,10.922192,0,1.082,0.008,142.568
00:50.1,5,1.8,15.4302757,75.01566105,740.932,0.35487996,239.50273,4.856,12.724,0.226,-0.11126081,0.2306689,0.28158505,-0.026339875,0.15894575,-9.9847905,0.3775161,2.2609034,9.0529912,10.985128,0,0.998,0.272,142.862
00:50.2,5,1.8,15.4302757,75.015661,740.924,0.35645262,240.58106,4.802,12.628,0.222,-0.03072922,0.1492612,0.2637514,0.06799845,0.1134523,-9.748261,0.400687,2.1134752,8.4432416,11.048064,0,0.914,0.536,143.156
00:50.2,5,1.8,15.4302757,75.01566095,740.916,0.35802528,241.65939,4.748,12.532,0.218,-0.044431075,0.13724085,0.20384395,0.033815441,0.10096184,-9.4691495,0.4238579,1.966047,7.833492,11.111,0,0.83,0.8,143.45
00:50.2,5,1.8,15.4302757,75.0156609,740.908,0.35959794,242.73772,4.694,12.436,0.214,-0.05813293,0.1252205,0.1439365,-0.000367568,0.08847138,-9.190038,0.4057733,1.9571156,7.8447856,11.07136,0,0.81,0.868,143.534
00:50.2,5,1.8,15.4302757,75.01566085,740.9,0.3611706,243.81605,4.64,12.34,0.21,-0.07538715,0.04456357,0.10734066,0.094530766,-0.02873941,-9.2957175,0.3876887,1.9481842,7.8560792,11.03172,0,0.79,0.936,143.618
00:50.2,5,1.8,15.4302757,75.0156608,740.892,0.36274326,244.89438,4.586,12.244,0.206,-0.09264137,-0.03609336,0.07074482,0.1894291,-0.1459502,-9.401397,0.3696041,1.9392528,7.8673728,10.99208,0,0.77,1.004,143.702
00:50.3,5,1.8,15.4302757,75.01566075,740.884,0.36431592,245.97271,4.532,12.148,0.202,0.012868665,0.04026312,0.029855395,0.0063783,-0.10028178,-9.353518,0.3515195,1.9303214,7.8786664,10.95244,0,0.75,1.072,143.786
00:50.3,5,1.8,15.4302757,75.0156607,740.876,0.36588858,247.05104,4.478,12.052,0.198,0.1183787,0.1166196,-0.01103403,-0.1766725,-0.05461336,-9.305639,0.3334349,1.92139,7.88996,10.9128,0,0.73,1.14,143.87
00:50.3,5,1.8,15.4302757,75.01566065,740.868,0.36746124,248.12937,4.424,11.956,0.194,-0.01703255,0.02431727,-0.007773327,0.04510205,-0.14995568,-8.8124765,0.29896112,1.967937,7.9709084,10.4780232,0,0.278,0.818,143.924
00:50.3,5,1.8,15.4302757,75.0156606,740.86,0.3690339,249.2077,4.37,11.86,0.19,-0.1524438,-0.06798506,-0.004512624,0.2668766,-0.245298,-8.319314,0.26448734,2.014484,8.0518568,10.0432464,0,-0.174,0.496,143.978
00:50.3,5,1.8,15.43027571,75.01566058,740.848,0.34523662,251.46183,4.327,11.69,0.21,-0.42572035,-0.26513263,0.057611738,0.3764502,-0.40806385,-7.852474,0.23001356,2.061031,8.1328052,9.6084696,0,-0.626,0.174,144.032
00:50.4,5,1.8,15.43027572,75.01566056,740.836,0.32143934,253.71596,4.284,11.52,0.23,-0.6989969,-0.4622802,0.1197361,0.4860238,-0.5708297,-7.385634,0.19553978,2.107578,8.2137536,9.1736928,0,-1.078,-0.148,144.086
00:50.4,5,1.8,15.43027573,75.01566054,740.824,0.29764206,255.97009,4.241,11.35,0.25,-0.56340185,-0.7435066,0.1357249,0.62377885,-0.5114345,-6.9586325,0.161066,2.154125,8.294702,8.738916,0,-1.53,-0.47,144.14
00:50.4,5,1.8,15.43027574,75.01566052,740.812,0.27384478,258.22422,4.198,11.18,0.27,-0.4278068,-1.024733,0.1517137,0.7615339,-0.4520393,-6.531631,0.126592224,2.97569,9.1421636,9.7066548,0,-1.562,-0.802,144.488
00:50.4,5,1.8,15.43027575,75.0156605,740.8,0.2500475,260.47835,4.155,11.01,0.29,0.13691245,-0.6384944,0.035291905,0.52248525,-1.76451515,-14.1059255,0.092118448,3.797255,9.9896252,10.6743936,0,-1.594,-1.134,144.836
00:50.4,5,1.8,15.43027576,75.01566048,740.788,0.22625022,262.73248,4.112,10.84,0.31,0.7016317,-0.2522558,-0.08112989,0.2834366,-3.076991,-21.68022,0.057644672,4.61882,10.8370868,11.6421324,0,-1.626,-1.466,145.184
00:50.5,5,1.8,15.43027577,75.01566046,740.776,0.20245294,264.98661,4.069,10.67,0.33,0.1566977,-0.0159067,0.075952155,-0.1217245,-1.588323955,-13.3616135,0.023170896,5.440385,11.6845484,12.6098712,0,-1.658,-1.798,145.532
00:50.5,5,1.8,15.43027578,75.01566044,740.764,0.17865566,267.24074,4.026,10.5,0.35,-0.3882363,0.2204424,0.2330342,-0.5268856,-0.09965691,-5.043007,-0.01130288,6.26195,12.53201,13.57761,0,-1.69,-2.13,145.88
00:50.5,5,1.8,15.43027579,75.01566042,740.752,0.15485838,269.49487,3.983,10.33,0.37,-0.04977685,-0.3761695,0.0517961,0.4620037,-0.984740455,-8.4748535,-0.02147547,6.4039878,11.9925748,13.409102,0,-1.748,-2.092,146.024
00:50.5,5,1.8,15.4302758,75.0156604,740.74,0.1310611,271.749,3.94,10.16,0.39,0.2886826,-0.9727814,-0.129442,1.450893,-1.869824,-11.9067,-0.03164806,6.5460256,11.4531396,13.240594,0,-1.806,-2.054,146.168
00:50.5,5,1.8,15.43027583,75.01566039,740.738,0.124961415,280.3287,3.912,10.129,0.396,0.17821416,-0.36471265,-0.028431205,0.636085,-1.3122647,-9.9879935,-0.04182065,6.6880634,10.9137044,13.072086,0,-1.864,-2.016,146.312
00:50.6,5,1.8,15.43027586,75.01566038,740.736,0.11886173,288.9084,3.884,10.098,0.402,0.06774572,0.2433561,0.07257959,-0.178723,-0.7547054,-8.069287,-0.05199324,6.8301012,10.3742692,12.903578,0,-1.922,-1.978,146.456
00:50.6,5,1.8,15.43027589,75.01566037,740.734,0.112762045,297.4881,3.856,10.067,0.408,0.15637126,0.0574743,0.077597615,-0.1588776,-1.0178242,-9.9323535,-0.06216583,6.972139,9.834834,12.73507,0,-1.98,-1.94,146.6
00:50.6,5,1.8,15.43027592,75.01566036,740.732,0.10666236,306.0678,3.828,10.036,0.414,0.2449968,-0.1284075,0.08261564,-0.1390322,-1.280943,-11.79542,-0.0463418,6.5780162,9.9058552,12.256514,0,-1.968,-1.942,146.598
00:50.6,5,1.8,15.43027595,75.01566035,740.73,0.100562675,314.6475,3.8,10.005,0.42,0.0091862,-0.1249561,-0.01635118,-0.1670015,-0.3214289,-10.257506,-0.03051777,6.1838934,9.9768764,11.777958,0,-1.956,-1.944,146.596
00:50.6,5,1.8,15.43027598,75.01566034,740.728,0.09446299,323.2272,3.772,9.974,0.426,-0.2266244,-0.1215047,-0.115318,-0.1949708,0.6380852,-8.719592,-0.01469374,5.7897706,10.0478976,11.299402,0,-1.944,-1.946,146.594
00:50.7,5,1.8,15.43027601,75.01566033,740.726,0.088363305,331.8069,3.744,9.943,0.432,-0.0350237,-0.103663725,0.05819695,-0.26311285,0.66926765,-9.03857,0.00113029,5.3956478,10.1189188,10.820846,0,-1.932,-1.948,146.592
00:50.7,5,1.8,15.43027604,75.01566032,740.724,0.08226362,340.3866,3.716,9.912,0.438,0.156577,-0.08582275,0.2317119,-0.3312549,0.7004501,-9.357548,0.01695432,5.001525,10.18994,10.34229,0,-1.92,-1.95,146.59
00:50.7,5,1.8,15.43027607,75.01566031,740.722,0.076163935,348.9663,3.688,9.881,0.444,-0.04738545,0.030294975,-0.0096943,-0.136866985,0.361794445,-9.778769,0.041255516,5.1010884,10.404416,10.567988,0,-1.914,-1.964,146.592
00:50.7,5,1.8,15.4302761,75.0156603,740.72,0.07006425,357.546,3.66,9.85,0.45,-0.2513479,0.1464127,-0.2511005,0.05752093,0.02313879,-10.19999,0.065556712,5.2006518,10.618892,10.793686,0,-1.908,-1.978,146.594
00:50.7,5,1.8,15.43027612,75.0156603,740.718,0.064999474,329.602534,3.637,9.826,0.456,-0.04352955,-0.0151752,-0.080346355,-0.110177235,0.325680545,-9.819426,0.089857908,5.3002152,10.833368,11.019384,0,-1.902,-1.992,146.596
00:50.8,5,1.8,15.43027614,75.0156603,740.716,0.059934698,301.659068,3.614,9.802,0.462,0.1642888,-0.1767631,0.09040779,-0.2778754,0.6282223,-9.438862,0.114159104,5.3997786,11.047844,11.245082,0,-1.896,-2.006,146.598
00:50.8,5,1.8,15.43027616,75.0156603,740.714,0.054869922,273.715602,3.591,9.778,0.468,0.06199319,-0.01656735,0.05202717,-0.2767158,0.313199116,-9.584951,0.1384603,5.499342,11.26232,11.47078,0,-1.89,-2.02,146.6
00:50.8,5,1.8,15.43027618,75.0156603,740.712,0.049805146,245.772136,3.568,9.754,0.474,-0.04030242,0.1436284,0.01364655,-0.2755562,-0.001824068,-9.73104,0.118680254,5.5971006,11.473484,11.532526,0,-1.91,-2.01,146.584
00:50.8,5,1.8,15.4302762,75.0156603,740.71,0.04474037,217.82867,3.545,9.73,0.48,-0.11968166,-0.05341395,-0.066839275,-0.2247231,0.208614516,-9.6767975,0.098900208,5.6948592,11.684648,11.594272,0,-1.93,-2,146.568
00:50.8,5,1.8,15.43027622,75.0156603,740.708,0.039675594,189.885204,3.522,9.706,0.486,-0.1990609,-0.2504563,-0.1473251,-0.17389,0.4190531,-9.622555,0.079120162,5.7926178,11.895812,11.656018,0,-1.95,-1.99,146.552
00:50.9,5,1.8,15.43027624,75.0156603,740.706,0.034610818,161.941738,3.499,9.682,0.492,0.01470725,-0.04149225,0.0084675,-0.24914345,0.34170205,-9.7624205,0.059340116,5.8903764,12.106976,11.717764,0,-1.97,-1.98,146.536
00:50.9,5,1.8,15.43027626,75.0156603,740.704,0.029546042,133.998272,3.476,9.658,0.498,0.2284754,0.1674718,0.1642601,-0.3243969,0.264351,-9.902286,0.03956007,5.988135,12.31814,11.77951,0,-1.99,-1.97,146.52
00:50.9,5,1.8,15.43027628,75.0156603,740.702,0.024481266,106.054806,3.453,9.634,0.504,0.01547565,0.05500338,-0.05018985,-0.25823045,0.2435092,-9.7453515,0.038994926,6.0178402,12.452716,11.904976,0,-1.962,-1.976,146.544
00:50.9,5,1.8,15.4302763,75.0156603,740.7,0.01941649,78.11134,3.43,9.61,0.51,-0.1975241,-0.05746504,-0.2646398,-0.192064,0.2226674,-9.588417,0.038429782,6.0475454,12.587292,12.030442,0,-1.934,-1.982,146.568
00:50.9,5,1.8,15.43027631,75.0156603,740.7,0.026979577,97.481076,3.411,9.591,0.498,0.0426564,-0.07811498,0.00446435,-0.19992715,0.20932545,-9.8290735,0.037864638,6.0772506,12.721868,12.155908,0,-1.906,-1.988,146.592
00:51.0,5,1.8,15.43027632,75.0156603,740.7,0.034542664,116.850812,3.392,9.572,0.486,0.2828369,-0.09876492,0.2735685,-0.2077903,0.1959835,-10.06973,0.037299494,6.1069558,12.856444,12.281374,0,-1.878,-1.994,146.616
00:51.0,5,1.8,15.43027633,75.0156603,740.7,0.042105751,136.220548,3.373,9.553,0.474,0.00773125,0.01543709,0.0324826,-0.2160498,0.154149,-9.895912,0.03673435,6.136661,12.99102,12.40684,0,-1.85,-2,146.64
00:51.0,5,1.8,15.43027634,75.0156603,740.7,0.049668838,155.590284,3.354,9.534,0.462,-0.2673744,0.1296391,-0.2086033,-0.2243093,0.1123145,-9.722094,0.035604064,5.9604838,12.86855,12.130426,0,-1.878,-2.01,146.612
00:51.0,5,1.8,15.43027635,75.0156603,740.7,0.057231925,174.96002,3.335,9.515,0.45,-0.0387007,0.04366332,-0.01627115,-0.2506715,0.30067695,-9.707098,0.034473778,5.7843066,12.74608,11.854012,0,-1.906,-2.02,146.584
00:51.0,5,1.8,15.43027636,75.0156603,740.7,0.064795012,194.329756,3.316,9.496,0.438,0.189973,-0.04231246,0.176061,-0.2770337,0.4890394,-9.692102,0.033343492,5.6081294,12.62361,11.577598,0,-1.934,-2.03,146.556
00:51.1,5,1.8,15.43027637,75.0156603,740.7,0.072358099,213.699492,3.297,9.477,0.426,0.08987113,0.08569402,0.0640033,-0.30445835,0.3033094,-9.8174435,0.032213206,5.4319522,12.50114,11.301184,0,-1.962,-2.04,146.528
00:51.1,5,1.8,15.43027638,75.0156603,740.7,0.079921186,233.069228,3.278,9.458,0.414,-0.01023074,0.2137005,-0.0480544,-0.331883,0.1175794,-9.942785,0.03108292,5.255775,12.37867,11.02477,0,-1.99,-2.05,146.5
00:51.1,5,1.8,15.43027639,75.0156603,740.7,0.087484273,252.438964,3.259,9.439,0.402,0.02977744,-0.08052575,-0.017804345,-0.24633325,0.29244275,-9.6524325,0.048037236,5.2937482,12.35494,11.304952,0,-1.976,-2.038,146.514
00:51.1,5,1.8,15.4302764,75.0156603,740.7,0.09504736,271.8087,3.24,9.42,0.39,0.06978562,-0.374752,0.01244571,-0.1607835,0.4673061,-9.36208,0.064991552,5.3317214,12.33121,11.585134,0,-1.962,-2.026,146.528
00:51.1,5,1.8,15.43027641,75.0156603,740.703,0.087778692,252.597344,3.224,9.399,0.381,0.025805305,-0.1014011,0.004864053,-0.13051995,0.2880247,-9.59833,0.081945868,5.3696946,12.30748,11.865316,0,-1.948,-2.014,146.542
00:51.2,5,1.8,15.43027642,75.0156603,740.706,0.080510024,233.385988,3.208,9.378,0.372,-0.01817501,0.1719498,-0.002717605,-0.1002564,0.1087433,-9.83458,0.098900184,5.4076678,12.28375,12.145498,0,-1.934,-2.002,146.556
00:51.2,5,1.8,15.43027643,75.0156603,740.709,0.073241356,214.174632,3.192,9.357,0.363,-0.097481555,0.01534925,-0.068752752,-0.11914065,0.2290821,-9.726529,0.1158545,5.445641,12.26002,12.42568,0,-1.92,-1.99,146.57
00:51.2,5,1.8,15.43027644,75.0156603,740.712,0.065972688,194.963276,3.176,9.336,0.354,-0.1767881,-0.1412513,-0.1347879,-0.1380249,0.3494209,-9.618478,0.11868022,5.6400794,12.447906,12.621196,0,-1.912,-2.004,146.574
00:51.2,5,1.8,15.43027645,75.0156603,740.715,0.05870402,175.75192,3.16,9.315,0.345,0.01671,0.0463663,0.0523803,-0.29232305,0.3557761,-9.7625595,0.12150594,5.8345178,12.635792,12.816712,0,-1.904,-2.018,146.578
00:51.2,5,1.8,15.43027646,75.0156603,740.718,0.051435352,156.540564,3.144,9.294,0.336,0.2102081,0.2339839,0.2395485,-0.4466212,0.3621313,-9.906641,0.12433166,6.0289562,12.823678,13.012228,0,-1.896,-2.032,146.582
00:51.3,5,1.8,15.43027647,75.0156603,740.721,0.044166684,137.329208,3.128,9.273,0.327,-0.00595065,0.06113275,0.0017719,-0.3009307,0.27124955,-9.682179,0.12715738,6.2233946,13.011564,13.207744,0,-1.888,-2.046,146.586
00:51.3,5,1.8,15.43027648,75.0156603,740.724,0.036898016,118.117852,3.112,9.252,0.318,-0.2221094,-0.1117184,-0.2360047,-0.1552402,0.1803678,-9.457717,0.1299831,6.417833,13.19945,13.40326,0,-1.88,-2.06,146.59
00:51.3,5,1.8,15.43027649,75.0156603,740.727,0.029629348,98.906496,3.096,9.231,0.309,0.0075677,-0.03391096,-0.036419,-0.22194095,0.31334395,-9.6468575,0.119810508,6.1605052,12.956514,12.890366,0,-1.892,-2.04,146.574
00:51.3,5,1.8,15.4302765,75.0156603,740.73,0.02236068,79.69514,3.08,9.21,0.3,0.2372448,0.04389648,0.1631667,-0.2886417,0.4463201,-9.835998,0.109637916,5.9031774,12.713578,12.377472,0,-1.904,-2.02,146.558
00:51.3,5,1.8,15.43027651,75.01566031,740.732,0.023904824,94.978006,3.067,9.197,0.301,0.03881835,0.071854065,-0.0166867,-0.126603205,0.3110164,-9.778522,0.099465324,5.6458496,12.470642,11.864578,0,-1.916,-2,146.542
00:51.4,5,1.8,15.43027652,75.01566032,740.734,0.025448968,110.260872,3.054,9.184,0.302,-0.1596081,0.09981165,-0.1965401,0.03543529,0.1757127,-9.721046,0.089292732,5.3885218,12.227706,11.351684,0,-1.928,-1.98,146.526
00:51.4,5,1.8,15.43027653,75.01566033,740.736,0.026993112,125.543738,3.041,9.171,0.303,-0.1652136,-0.088939075,-0.11358044,-0.060418055,0.25720015,-9.569129,0.07912014,5.131194,11.98477,10.83879,0,-1.94,-1.96,146.51
00:51.4,5,1.8,15.43027654,75.01566034,740.738,0.028537256,140.826604,3.028,9.158,0.304,-0.1708191,-0.2776898,-0.03062078,-0.1562714,0.3386876,-9.417212,0.07912014,4.924645,11.2869924,10.2302408,0,-1.936,-1.976,146.52
00:51.4,5,1.8,15.43027655,75.01566035,740.74,0.0300814,156.10947,3.015,9.145,0.305,-0.15191565,-0.215539,0.014055615,-0.1752403,0.3350482,-9.5205875,0.07912014,4.718096,10.5892148,9.6216916,0,-1.932,-1.992,146.53
00:51.4,5,1.8,15.43027656,75.01566036,740.742,0.031625544,171.392336,3.002,9.132,0.306,-0.1330122,-0.1533882,0.05873201,-0.1942092,0.3314088,-9.623963,0.07912014,4.511547,9.8914372,9.0131424,0,-1.928,-2.008,146.54
00:51.5,5,1.8,15.43027657,75.01566037,740.744,0.033169688,186.675202,2.989,9.119,0.307,-0.2051482,-0.08452839,0.00556282,-0.16438685,0.27475055,-9.6494545,0.07912014,4.304998,9.1936596,8.4045932,0,-1.924,-2.024,146.55
00:51.5,5,1.8,15.43027658,75.01566038,740.746,0.034713832,201.958068,2.976,9.106,0.308,-0.2772842,-0.01566858,-0.04760637,-0.1345645,0.2180923,-9.674946,0.07912014,4.098449,8.495882,7.796044,0,-1.92,-2.04,146.56
00:51.5,5,1.8,15.43027659,75.01566039,740.748,0.036257976,217.240934,2.963,9.093,0.309,-0.2809837,0.06724291,-0.077416785,-0.2114568,0.1590586,-9.671387,0.067817264,3.868929,8.1607728,7.1157106,0,-1.928,-2.038,146.554
00:51.5,5,1.8,15.4302766,75.0156604,740.75,0.03780212,232.5238,2.95,9.08,0.31,-0.2846832,0.1501544,-0.1072272,-0.2883491,0.1000249,-9.667828,0.056514388,3.639409,7.8256636,6.4353772,0,-1.936,-2.036,146.548
00:51.5,5,1.8,15.43027661,75.01566041,740.752,0.037833732,218.722818,2.938,9.065,0.313,-0.06798735,0.06583414,-0.028606535,-0.2100743,0.14620675,-9.7588345,0.045211512,3.409889,7.4905544,5.7550438,0,-1.944,-2.034,146.542
00:51.6,5,1.8,15.43027662,75.01566042,740.754,0.037865344,204.921836,2.926,9.05,0.316,0.1487085,-0.01848612,0.05001413,-0.1317995,0.1923886,-9.849841,0.033908636,3.180369,7.1554452,5.0747104,0,-1.952,-2.032,146.536
00:51.6,5,1.8,15.43027663,75.01566043,740.756,0.037896956,191.120854,2.914,9.035,0.319,0.100009505,-0.06474961,0.034624015,-0.1563751,0.2715009,-9.7653875,0.02260576,2.950849,6.820336,4.394377,0,-1.96,-2.03,146.53
00:51.6,5,1.8,15.43027664,75.01566044,740.758,0.037928568,177.319872,2.902,9.02,0.322,0.05131051,-0.1110131,0.0192339,-0.1809507,0.3506132,-9.680934,0.024866336,2.8198482,6.2416692,4.023033,0,-1.956,-2.032,146.532
00:51.6,5,1.8,15.43027665,75.01566045,740.76,0.03796018,163.51889,2.89,9.005,0.325,0.0135407,0.00190285,0.00054238,-0.2435847,0.32063785,-9.703145,0.027126912,2.6888474,5.6630024,3.651689,0,-1.952,-2.034,146.534
00:51.6,5,1.8,15.43027666,75.01566046,740.762,0.037991792,149.717908,2.878,8.99,0.328,-0.02422911,0.1148188,-0.01814914,-0.3062187,0.2906625,-9.725356,0.029387488,2.5578466,5.0843356,3.280345,0,-1.948,-2.036,146.536
00:51.7,5,1.8,15.43027667,75.01566047,740.764,0.038023404,135.916926,2.866,8.975,0.331,-0.007655714,0.0142431,-0.004843197,-0.25413825,0.2833184,-9.703037,0.031648064,2.4268458,4.5056688,2.909001,0,-1.944,-2.038,146.538
00:51.7,5,1.8,15.43027668,75.01566048,740.766,0.038055016,122.115944,2.854,8.96,0.334,0.008917683,-0.0863326,0.008462747,-0.2020578,0.2759743,-9.680718,0.03390864,2.295845,3.927002,2.537657,0,-1.94,-2.04,146.54
00:51.7,5,1.8,15.43027669,75.01566049,740.768,0.038086628,108.314962,2.842,8.945,0.337,0.012533727,-0.025752715,0.000999659,-0.16309905,0.2787813,-9.777817,0.038994934,2.0903646,3.602803,2.3446386,0,-1.94,-2.038,146.536
00:51.7,5,1.8,15.4302767,75.0156605,740.77,0.03811824,94.51398,2.83,8.93,0.34,0.01614977,0.03482717,-0.006463429,-0.1241403,0.2815883,-9.874916,0.044081228,1.8848842,3.278604,2.1516202,0,-1.94,-2.036,146.532
00:51.7,5,1.8,15.43027671,75.01566051,740.772,0.036914097,88.309701,2.82,8.915,0.339,0.03494851,0.00369625,0.007264735,-0.1703311,0.2544317,-9.8464875,0.049167522,1.6794038,2.954405,1.9586018,0,-1.94,-2.034,146.528
00:51.8,5,1.8,15.43027672,75.01566052,740.774,0.035709954,82.105422,2.81,8.9,0.338,0.05374725,-0.02743467,0.0209929,-0.2165219,0.2272751,-9.818059,0.054253816,1.4739234,2.630206,1.7655834,0,-1.94,-2.032,146.524
00:51.8,5,1.8,15.43027673,75.01566053,740.776,0.034505811,75.901143,2.8,8.885,0.337,-0.004515865,-0.005068715,0.00375719,-0.23454545,0.2446105,-9.7532175,0.05934011,1.268443,2.306007,1.572565,0,-1.94,-2.03,146.52
00:51.8,5,1.8,15.43027674,75.01566054,740.778,0.033301668,69.696864,2.79,8.87,0.336,-0.06277898,0.01729724,-0.01347852,-0.252569,0.2619459,-9.688376,0.061600686,1.20449444,2.198956,1.4725908,0,-1.934,-2.036,146.522
00:51.8,5,1.8,15.43027675,75.01566055,740.78,0.032097525,63.492585,2.78,8.855,0.335,-0.04663025,0.01528697,-0.01433535,-0.23073965,0.2700876,-9.707598,0.063861262,1.14054588,2.091905,1.3726166,0,-1.928,-2.042,146.524
00:51.8,5,1.8,15.43027676,75.01566056,740.782,0.030893382,57.288306,2.77,8.84,0.334,-0.03048152,0.0132767,-0.01519218,-0.2089103,0.2782293,-9.72682,0.066121838,1.07659732,1.984854,1.2726424,0,-1.922,-2.048,146.526
00:51.9,5,1.8,15.43027677,75.01566057,740.784,0.029689239,51.084027,2.76,8.825,0.333,0.022808515,-0.034736955,0.000776515,-0.20244865,0.3289976,-9.7228965,0.068382414,1.01264876,1.877803,1.1726682,0,-1.916,-2.054,146.528
00:51.9,5,1.8,15.43027678,75.01566058,740.786,0.028485096,44.879748,2.75,8.81,0.332,0.07609855,-0.08275061,0.01674521,-0.195987,0.3797659,-9.718973,0.07064299,0.9487002,1.770752,1.072694,0,-1.91,-2.06,146.53
00:51.9,5,1.8,15.43027679,75.01566059,740.788,0.027280953,38.675469,2.74,8.795,0.331,0.07383878,-0.07530057,0.01779017,-0.2096241,0.3575881,-9.7078095,0.04747209,0.95462638,1.6991334,1.0094927,0,-1.916,-2.056,146.528
00:51.9,5,1.8,15.4302768,75.0156606,740.79,0.02607681,32.47119,2.73,8.78,0.33,0.07157901,-0.06785053,0.01883513,-0.2232612,0.3354103,-9.696646,0.02430119,0.96055256,1.6275148,0.9462914,0,-1.922,-2.052,146.526
00:51.9,5,1.8,15.43027682,75.01566061,740.794,0.025854501,34.921684,2.721,8.766,0.33,0.021483205,-0.021453855,0.008659541,-0.2006116,0.28958965,-9.753201,0.00113029,0.96647874,1.5558962,0.8830901,0,-1.928,-2.048,146.524
00:52.0,5,1.8,15.43027684,75.01566062,740.798,0.025632192,37.372178,2.712,8.752,0.33,-0.0286126,0.02494282,-0.001516049,-0.177962,0.243769,-9.809756,-0.02204061,0.97240492,1.4842776,0.8198888,0,-1.934,-2.044,146.522
00:52.0,5,1.8,15.43027686,75.01566063,740.802,0.025409883,39.822672,2.703,8.738,0.33,-0.030215135,0.0438626,-0.007713995,-0.22618415,0.24487735,-9.779366,-0.04521151,0.9783311,1.412659,0.7566875,0,-1.94,-2.04,146.52
00:52.0,5,1.8,15.43027688,75.01566064,740.806,0.025187574,42.273166,2.694,8.724,0.33,-0.03181767,0.06278238,-0.01391194,-0.2744063,0.2459857,-9.748976,-0.028257194,0.9678527,1.3348262,0.78174636,0,-1.938,-2.042,146.518
00:52.0,5,1.8,15.4302769,75.01566065,740.81,0.024965265,44.72366,2.685,8.71,0.33,-0.03091852,0.067689475,-0.009370419,-0.2793929,0.26327775,-9.7505155,-0.011302878,0.9573743,1.2569934,0.80680522,0,-1.936,-2.044,146.516
00:52.0,5,1.8,15.43027692,75.01566066,740.814,0.024742956,47.174154,2.676,8.696,0.33,-0.03001937,0.07259657,-0.004828898,-0.2843795,0.2805698,-9.752055,0.005651438,0.9468959,1.1791606,0.83186408,0,-1.934,-2.046,146.514
00:52.1,5,1.8,15.43027694,75.01566067,740.818,0.024520647,49.624648,2.667,8.682,0.33,-0.02348362,0.06817448,-0.001631858,-0.2811923,0.27798675,-9.740312,0.022605754,0.9364175,1.1013278,0.85692294,0,-1.932,-2.048,146.512
00:52.1,5,1.8,15.43027696,75.01566068,740.822,0.024298338,52.075142,2.658,8.668,0.33,-0.01694787,0.06375239,0.001565183,-0.2780051,0.2754037,-9.728569,0.03956007,0.9259391,1.023495,0.8819818,0,-1.93,-2.05,146.51
00:52.1,5,1.8,15.43027698,75.01566069,740.826,0.024076029,54.525636,2.649,8.654,0.33,-0.01337832,0.058986375,0.004534348,-0.18292119,0.2645659,-9.7565125,0.025996618,0.92108472,0.97620868,0.89866434,0,-1.93,-2.054,146.508
00:52.1,5,1.8,15.430277,75.0156607,740.83,0.02385372,56.97613,2.64,8.64,0.33,-0.009808769,0.05422036,0.007503513,-0.08783728,0.2537281,-9.784456,0.012433166,0.91623034,0.92892236,0.91534688,0,-1.93,-2.058,146.506
00:52.1,5,1.8,15.43027701,75.01566071,740.828,0.025412965,57.231962,2.632,8.627,0.328,-0.014644109,0.04027963,0.006258388,-0.08652625,0.2393531,-9.7924245,-0.001130286,0.91137596,0.88163604,0.93202942,0,-1.93,-2.062,146.504
00:52.2,5,1.8,15.43027702,75.01566072,740.826,0.02697221,57.487794,2.624,8.614,0.326,-0.01947945,0.0263389,0.005013262,-0.08521522,0.2249781,-9.800393,-0.014693738,0.90652158,0.83434972,0.94871196,0,-1.93,-2.066,146.502
00:52.2,5,1.8,15.43027703,75.01566073,740.824,0.028531455,57.743626,2.616,8.601,0.324,-0.022906445,0.006312765,0.00403176,-0.16110916,0.26085045,-9.756741,-0.02825719,0.9016672,0.7870634,0.9653945,0,-1.93,-2.07,146.5
00:52.2,5,1.8,15.43027704,75.01566074,740.822,0.0300907,57.999458,2.608,8.588,0.322,-0.02633344,-0.01371337,0.003050257,-0.2370031,0.2967228,-9.713089,-0.031648054,0.9126554,0.77667086,0.95859872,0,-1.93,-2.072,146.498
00:52.2,5,1.8,15.43027705,75.01566075,740.82,0.031649945,58.25529,2.6,8.575,0.32,-0.02808889,-0.020055235,0.001464224,-0.23832605,0.2766909,-9.701049,-0.035038918,0.9236436,0.76627832,0.95180294,0,-1.93,-2.074,146.496
00:52.2,5,1.8,15.43027706,75.01566076,740.818,0.03320919,58.511122,2.592,8.562,0.318,-0.02984434,-0.0263971,-0.00012181,-0.239649,0.256659,-9.689009,-0.038429782,0.9346318,0.75588578,0.94500716,0,-1.93,-2.076,146.494
00:52.3,5,1.8,15.43027707,75.01566077,740.816,0.034768435,58.766954,2.584,8.549,0.316,-0.033393865,-0.031156265,1.59E-05,-0.2357829,0.267569,-9.694943,-0.041820646,0.94562,0.74549324,0.93821138,0,-1.93,-2.078,146.492
00:52.3,5,1.8,15.43027708,75.01566078,740.814,0.03632768,59.022786,2.576,8.536,0.314,-0.03694339,-0.03591543,0.000153529,-0.2319168,0.278479,-9.700877,-0.04521151,0.9566082,0.7351007,0.9314156,0,-1.93,-2.08,146.49
00:52.3,5,1.8,15.43027709,75.01566079,740.812,0.037886925,59.278618,2.568,8.523,0.312,-0.04326264,-0.031456655,-2.19E-05,-0.2338692,0.26601825,-9.699781,-0.032778344,0.98026816,0.76630278,0.94294406,0,-1.93,-2.082,146.488
00:52.3,5,1.8,15.4302771,75.0156608,740.81,0.03944617,59.53445,2.56,8.51,0.31,-0.04958189,-0.02699788,-0.000197422,-0.2358216,0.2535575,-9.698685,-0.020345178,1.00392812,0.79750486,0.95447252,0,-1.93,-2.084,146.486
00:52.3,5,1.8,15.43027711,75.01566082,740.813,0.042213483,62.922663,2.552,8.497,0.311,-0.052471765,-0.034780575,0.000659747,-0.147633425,0.23787765,-9.7403945,-0.007912012,1.02758808,0.82870694,0.96600098,0,-1.93,-2.086,146.484
00:52.4,5,1.8,15.43027712,75.01566084,740.816,0.044980796,66.310876,2.544,8.484,0.312,-0.05536164,-0.04256327,0.001516916,-0.05944525,0.2221978,-9.782104,0.004521154,1.05124804,0.85990902,0.97752944,0,-1.93,-2.088,146.482
00:52.4,5,1.8,15.43027713,75.01566086,740.819,0.047748109,69.699089,2.536,8.471,0.313,-0.056579505,-0.03634981,0.003023587,-0.143796875,0.24085775,-9.7385115,0.01695432,1.074908,0.8911111,0.9890579,0,-1.93,-2.09,146.48
00:52.4,5,1.8,15.43027714,75.01566088,740.822,0.050515422,73.087302,2.528,8.458,0.314,-0.05779737,-0.03013635,0.004530257,-0.2281485,0.2595177,-9.694919,0.005651442,1.0832758,0.91219542,0.97640716,0,-1.93,-2.092,146.48
00:52.4,5,1.8,15.43027715,75.0156609,740.825,0.053282735,76.475515,2.52,8.445,0.315,-0.05461424,-0.044122665,0.009658994,-0.2212888,0.26243005,-9.6872445,-0.005651436,1.0916436,0.93327974,0.96375642,0,-1.93,-2.094,146.48
00:52.4,5,1.8,15.43027716,75.01566092,740.828,0.056050048,79.863728,2.512,8.432,0.316,-0.05143111,-0.05810898,0.01478773,-0.2144291,0.2653424,-9.67957,-0.016954314,1.1000114,0.95436406,0.95110568,0,-1.93,-2.096,146.48
00:52.5,5,1.8,15.43027717,75.01566094,740.831,0.058817361,83.251941,2.504,8.419,0.317,-0.044183685,-0.05651368,0.016719535,-0.21506445,0.26674855,-9.687518,-0.028257192,1.1083792,0.97544838,0.93845494,0,-1.93,-2.098,146.48
00:52.5,5,1.8,15.43027718,75.01566096,740.834,0.061584674,86.640154,2.496,8.406,0.318,-0.03693626,-0.05491838,0.01865134,-0.2156998,0.2681547,-9.695466,-0.03956007,1.116747,0.9965327,0.9258042,0,-1.93,-2.1,146.48
00:52.5,5,1.8,15.43027719,75.01566098,740.837,0.064351987,90.028367,2.488,8.393,0.319,-0.03457908,-0.05564384,0.02173815,-0.2140906,0.27831715,-9.687301,-0.046341798,1.058689,0.97432598,0.8963749,0,-1.928,-2.098,146.478
00:52.5,5,1.8,15.4302772,75.015661,740.84,0.0671193,93.41658,2.48,8.38,0.32,-0.0322219,-0.0563693,0.02482496,-0.2124814,0.2884796,-9.679136,-0.053123526,1.000631,0.95211926,0.8669456,0,-1.926,-2.096,146.476
00:52.5,5,1.8,15.43027721,75.01566101,740.84,0.062528691,93.887932,2.473,8.367,0.32,-0.024911375,-0.051154835,0.024828085,-0.17127475,0.2655393,-9.7292165,-0.059905254,0.942573,0.92991254,0.8375163,0,-1.924,-2.094,146.474
00:52.6,5,1.8,15.43027722,75.01566102,740.84,0.057938082,94.359284,2.466,8.354,0.32,-0.01760085,-0.04594037,0.02483121,-0.1300681,0.242599,-9.779297,-0.066686982,0.884515,0.90770582,0.808087,0,-1.922,-2.092,146.472
00:52.6,5,1.8,15.43027723,75.01566103,740.84,0.053347473,94.830636,2.459,8.341,0.32,-0.014727265,-0.03628337,0.019566075,-0.1711969,0.2462747,-9.786567,-0.07346871,0.826457,0.8854991,0.7786577,0,-1.92,-2.09,146.47
00:52.6,5,1.8,15.43027724,75.01566104,740.84,0.048756864,95.301988,2.452,8.328,0.32,-0.01185368,-0.02662637,0.01430094,-0.2123257,0.2499504,-9.793837,-0.070077846,0.76041024,0.84508326,0.74907954,0,-1.92,-2.09,146.468
00:52.6,5,1.8,15.43027725,75.01566105,740.84,0.044166255,95.77334,2.445,8.315,0.32,-0.008720082,-0.02153198,0.016021155,-0.22462125,0.26729975,-9.7521145,-0.066686982,0.69436348,0.80466742,0.71950138,0,-1.92,-2.09,146.466
00:52.6,5,1.8,15.43027726,75.01566106,740.84,0.039575646,96.244692,2.438,8.302,0.32,-0.005586484,-0.01643759,0.01774137,-0.2369168,0.2846491,-9.710392,-0.063296118,0.62831672,0.76425158,0.68992322,0,-1.92,-2.09,146.464
00:52.7,5,1.8,15.43027727,75.01566107,740.84,0.034985037,96.716044,2.431,8.289,0.32,-0.006992098,-0.00898534,0.012176372,-0.24310675,0.2902104,-9.713897,-0.059905254,0.56226996,0.72383574,0.66034506,0,-1.92,-2.09,146.462
00:52.7,5,1.8,15.43027728,75.01566108,740.84,0.030394428,97.187396,2.424,8.276,0.32,-0.008397711,-0.00153309,0.006611373,-0.2492967,0.2957717,-9.717402,-0.05651439,0.4962232,0.6834199,0.6307669,0,-1.92,-2.09,146.46
00:52.7,5,1.8,15.43027729,75.01566109,740.84,0.025803819,97.658748,2.417,8.263,0.32,-0.006081869,0.007145915,0.007696108,-0.2569168,0.28615305,-9.7215485,-0.028257194,0.5337182,0.71682552,0.62785776,0,-1.918,-2.09,146.458
00:52.7,5,1.8,15.4302773,75.0156611,740.84,0.02121321,98.1301,2.41,8.25,0.32,-0.003766027,0.01582492,0.008780842,-0.2645369,0.2765344,-9.725695,2.00E-09,0.5712132,0.75023114,0.62494862,0,-1.916,-2.09,146.456
00:52.7,5,1.8,15.4302773,75.01566111,740.842,0.02279324,102.47528,2.404,8.237,0.319,-0.001948225,0.019796835,0.005689045,-0.2664567,0.28344405,-9.7304635,0.028257198,0.6087082,0.78363676,0.62203948,0,-1.914,-2.09,146.454
00:52.8,5,1.8,15.4302773,75.01566112,740.844,0.02437327,106.82046,2.398,8.224,0.318,-0.000130423,0.02376875,0.002597247,-0.2683765,0.2903537,-9.735232,0.056514394,0.6462032,0.81704238,0.61913034,0,-1.912,-2.09,146.452
00:52.8,5,1.8,15.4302773,75.01566113,740.846,0.0259533,111.16564,2.392,8.211,0.317,0.002778264,0.02909742,0.000799629,-0.27319,0.2902239,-9.734731,0.08477159,0.6836982,0.850448,0.6162212,0,-1.91,-2.09,146.45
00:52.8,5,1.8,15.4302773,75.01566114,740.848,0.02753333,115.51082,2.386,8.198,0.316,0.005686951,0.03442609,-0.000997989,-0.2780035,0.2900941,-9.73423,0.06329612,0.69134518,0.82999634,0.62215776,0,-1.912,-2.092,146.45
00:52.8,5,1.8,15.4302773,75.01566115,740.85,0.02911336,119.856,2.38,8.185,0.315,0.003553362,0.04287358,-0.004928782,-0.23364805,0.2643832,-9.782263,0.04182065,0.69899216,0.80954468,0.62809432,0,-1.914,-2.094,146.45
00:52.8,5,1.8,15.4302773,75.01566116,740.852,0.03069339,124.20118,2.374,8.172,0.314,0.001419773,0.05132107,-0.008859575,-0.1892926,0.2386723,-9.830296,0.02034518,0.70663914,0.78909302,0.63403088,0,-1.916,-2.096,146.45
00:52.9,5,1.8,15.4302773,75.01566117,740.854,0.03227342,128.54636,2.368,8.159,0.313,0.010147397,0.041421985,-0.008124936,-0.2323587,0.2760756,-9.7873755,-0.00113029,0.71428612,0.76864136,0.63996744,0,-1.918,-2.098,146.45
00:52.9,5,1.8,15.4302773,75.01566118,740.856,0.03385345,132.89154,2.362,8.146,0.312,0.01887502,0.0315229,-0.007390297,-0.2754248,0.3134789,-9.744455,-0.02260576,0.7219331,0.7481897,0.645904,0,-1.92,-2.1,146.45
00:52.9,5,1.8,15.4302773,75.01566119,740.858,0.03543348,137.23672,2.356,8.133,0.311,0.02191063,0.020569598,-0.0058837,-0.26566175,0.31060165,-9.74126,-0.002825722,0.69325018,0.77288328,0.64201756,0,-1.918,-2.102,146.448
00:52.9,5,1.8,15.4302773,75.0156612,740.86,0.03701351,141.5819,2.35,8.12,0.31,0.02494624,0.009616296,-0.004377102,-0.2558987,0.3077244,-9.738065,0.016954316,0.66456726,0.79757686,0.63813112,0,-1.916,-2.104,146.446
00:52.9,5,1.8,15.4302773,75.01566121,740.86,0.037776462,155.98299,2.344,8.108,0.308,0.022356565,-0.005720892,-0.002694067,-0.2459566,0.3105636,-9.727447,0.036734354,0.63588434,0.82227044,0.63424468,0,-1.914,-2.106,146.444
00:53.0,5,1.8,15.4302773,75.01566122,740.86,0.038539414,170.38408,2.338,8.096,0.306,0.01976689,-0.02105808,-0.001011032,-0.2360145,0.3134028,-9.716829,0.056514392,0.60720142,0.84696402,0.63035824,0,-1.912,-2.108,146.442
00:53.0,5,1.8,15.4302773,75.01566123,740.86,0.039302366,184.78517,2.332,8.084,0.304,0.01814724,-0.029537795,-0.000616988,-0.2313425,0.31193015,-9.7133865,0.07629443,0.5785185,0.8716576,0.6264718,0,-1.91,-2.11,146.44
00:53.0,5,1.8,15.4302773,75.01566124,740.86,0.040065318,199.18626,2.326,8.072,0.302,0.01652759,-0.03801751,-0.000222944,-0.2266705,0.3104575,-9.709944,0.097769904,0.58654594,0.87250396,0.6379195,0,-1.908,-2.114,146.438
00:53.0,5,1.8,15.4302773,75.01566125,740.86,0.04082827,213.58735,2.32,8.06,0.3,0.011527697,-0.048472955,0.007317913,-0.19960475,0.29570065,-9.750269,0.119245378,0.59457338,0.87335032,0.6493672,0,-1.906,-2.118,146.436
00:53.0,5,1.8,15.4302773,75.01566126,740.86,0.041591222,227.98844,2.314,8.048,0.298,0.006527803,-0.0589284,0.01485877,-0.172539,0.2809438,-9.790594,0.140720852,0.60260082,0.87419668,0.6608149,0,-1.904,-2.122,146.434
00:53.1,5,1.8,15.4302773,75.01566127,740.86,0.042354174,242.38953,2.308,8.036,0.296,0.008175344,-0.07444995,0.008636308,-0.1747288,0.29715885,-9.7430245,0.162196326,0.61062826,0.87504304,0.6722626,0,-1.902,-2.126,146.432
00:53.1,5,1.8,15.4302773,75.01566128,740.86,0.043117126,256.79062,2.302,8.024,0.294,0.009822884,-0.0899715,0.002413846,-0.1769186,0.3133739,-9.695455,0.1836718,0.6186557,0.8758894,0.6837103,0,-1.9,-2.13,146.43
00:53.1,5,1.8,15.4302773,75.01566129,740.86,0.043880078,271.19171,2.296,8.012,0.292,0.012547587,-0.1005067,0.005582716,-0.17834735,0.3262044,-9.6849095,0.17689006,0.71216996,0.86702824,0.74261614,0,-1.898,-2.134,146.43
00:53.1,5,1.8,15.4302773,75.0156613,740.86,0.04464303,285.5928,2.29,8,0.29,0.01527229,-0.1110419,0.008751585,-0.1797761,0.3390349,-9.674364,0.17010832,0.80568422,0.85816708,0.80152198,0,-1.896,-2.138,146.43
00:53.1,5,1.8,15.4302773,75.0156613,740.863,0.043042291,276.243,2.284,7.987,0.291,0.02089376,-0.1202484,0.013584263,-0.1689147,0.3352535,-9.670449,0.16332658,0.89919848,0.84930592,0.86042782,0,-1.894,-2.142,146.43
00:53.2,5,1.8,15.4302773,75.0156613,740.866,0.041441552,266.8932,2.278,7.974,0.292,0.02651523,-0.1294549,0.01841694,-0.1580533,0.3314721,-9.666534,0.15654484,0.99271274,0.84044476,0.91933366,0,-1.892,-2.146,146.43
00:53.2,5,1.8,15.4302773,75.0156613,740.869,0.039840813,257.5434,2.272,7.961,0.293,0.025695015,-0.13091605,0.015549035,-0.16010635,0.33351555,-9.6671775,0.1497631,1.086227,0.8315836,0.9782395,0,-1.89,-2.15,146.43
00:53.2,5,1.8,15.4302773,75.0156613,740.872,0.038240074,248.1936,2.266,7.948,0.294,0.0248748,-0.1323772,0.01268113,-0.1621594,0.335559,-9.667821,0.122071056,1.1197932,0.82669254,0.9963842,0,-1.892,-2.15,146.428
00:53.2,5,1.8,15.4302773,75.0156613,740.875,0.036639335,238.8438,2.26,7.935,0.295,0.023571605,-0.1234969,0.012525695,-0.080545227,0.3137595,-9.7274075,0.094379012,1.1533594,0.82180148,1.0145289,0,-1.894,-2.15,146.426
00:53.2,5,1.8,15.4302773,75.0156613,740.878,0.035038596,229.494,2.254,7.922,0.296,0.02226841,-0.1146166,0.01237026,0.001068947,0.29196,-9.786994,0.066686968,1.1869256,0.81691042,1.0326736,0,-1.896,-2.15,146.424
00:53.3,5,1.8,15.4302773,75.0156613,740.881,0.033437857,220.1442,2.248,7.909,0.297,0.020617525,-0.11399595,0.010990188,-0.084020577,0.3049148,-9.7229755,0.038994924,1.2204918,0.81201936,1.0508183,0,-1.898,-2.15,146.422
00:53.3,5,1.8,15.4302773,75.0156613,740.884,0.031837118,210.7944,2.242,7.896,0.298,0.01896664,-0.1133753,0.009610116,-0.1691101,0.3178696,-9.658957,0.01130288,1.254058,0.8071283,1.068963,0,-1.9,-2.15,146.42
00:53.3,5,1.8,15.4302773,75.0156613,740.887,0.030236379,201.4446,2.236,7.883,0.299,0.021949665,-0.102934575,0.005391566,-0.1735434,0.31708545,-9.668167,0.031648064,1.2140834,0.86313244,1.04266756,0,-1.9,-2.148,146.418
00:53.3,5,1.8,15.4302773,75.0156613,740.89,0.02863564,192.0948,2.23,7.87,0.3,0.02493269,-0.09249385,0.001173016,-0.1779767,0.3163013,-9.677377,0.051993248,1.1741088,0.91913658,1.01637212,0,-1.9,-2.146,146.416
00:53.3,5,1.8,15.43027729,75.01566132,740.892,0.033140251,182.665339,2.225,7.858,0.301,0.01807979,-0.08674388,0.000461732,-0.18267205,0.30436095,-9.680313,0.072338432,1.1341342,0.97514072,0.99007668,0,-1.9,-2.144,146.414
00:53.4,5,1.8,15.43027728,75.01566134,740.894,0.037644862,173.235878,2.22,7.846,0.302,0.01122689,-0.08099391,-0.000249552,-0.1873674,0.2924206,-9.683249,0.092683616,1.0941596,1.03114486,0.96378124,0,-1.9,-2.142,146.412
00:53.4,5,1.8,15.43027727,75.01566136,740.896,0.042149473,163.806417,2.215,7.834,0.303,0.012289125,-0.062826135,-4.53E-05,-0.1459709,0.28882475,-9.742167,0.1130288,1.054185,1.087149,0.9374858,0,-1.9,-2.14,146.41
00:53.4,5,1.8,15.43027726,75.01566138,740.898,0.046654084,154.376956,2.21,7.822,0.304,0.01335136,-0.04465836,0.000158853,-0.1045744,0.2852289,-9.801085,0.096639624,0.9826332,1.0594112,0.92173452,0,-1.9,-2.14,146.408
00:53.4,5,1.8,15.43027725,75.0156614,740.9,0.051158695,144.947495,2.205,7.81,0.305,0.006996816,-0.038131995,3.10E-05,-0.14518665,0.26933435,-9.7934335,0.080250448,0.9110814,1.0316734,0.90598324,0,-1.9,-2.14,146.406
00:53.4,5,1.8,15.43027724,75.01566142,740.902,0.055663306,135.518034,2.2,7.798,0.306,0.000642272,-0.03160563,-9.68E-05,-0.1857989,0.2534398,-9.785782,0.063861272,0.8395296,1.0039356,0.89023196,0,-1.9,-2.14,146.404
00:53.5,5,1.8,15.43027723,75.01566144,740.904,0.060167917,126.088573,2.195,7.786,0.307,-0.008051804,-0.023303285,0.003980892,-0.2027102,0.270215,-9.749206,0.047472096,0.7679778,0.9761978,0.87448068,0,-1.9,-2.14,146.402
00:53.5,5,1.8,15.43027722,75.01566146,740.906,0.064672528,116.659112,2.19,7.774,0.308,-0.01674588,-0.01500094,0.008058558,-0.2196215,0.2869902,-9.71263,0.03108292,0.696426,0.94846,0.8587294,0,-1.9,-2.14,146.4
00:53.5,5,1.8,15.43027721,75.01566148,740.908,0.069177139,107.229651,2.185,7.762,0.309,-0.021427445,-0.006698299,0.007742996,-0.2400893,0.2734505,-9.716152,0.014693746,0.6939376,0.93729866,0.81480916,0,-1.902,-2.142,146.4
00:53.5,5,1.8,15.4302772,75.0156615,740.91,0.07368175,97.80019,2.18,7.75,0.31,-0.02610901,0.001604342,0.007427433,-0.2605571,0.2599108,-9.719674,-0.001695428,0.6914492,0.92613732,0.77088892,0,-1.904,-2.144,146.4
00:53.5,5,1.8,15.4302772,75.01566151,740.912,0.069402264,99.925631,2.176,7.738,0.31,-0.026496825,0.007580366,0.004914603,-0.2515099,0.26707095,-9.723177,-0.018084602,0.6889608,0.91497598,0.72696868,0,-1.906,-2.146,146.4
00:53.6,5,1.8,15.4302772,75.01566152,740.914,0.065122778,102.051072,2.172,7.726,0.31,-0.02688464,0.01355639,0.002401773,-0.2424627,0.2742311,-9.72668,-0.034473776,0.6864724,0.90381464,0.68304844,0,-1.908,-2.148,146.4
00:53.6,5,1.8,15.4302772,75.01566153,740.916,0.060843292,104.176513,2.168,7.714,0.31,-0.02730997,0.018634515,-0.000447531,-0.2524711,0.26324085,-9.7278875,-0.05086295,0.683984,0.8926533,0.6391282,0,-1.91,-2.15,146.4
00:53.6,5,1.8,15.4302772,75.01566154,740.918,0.056563806,106.301954,2.164,7.702,0.31,-0.0277353,0.02371264,-0.003296835,-0.2624795,0.2522506,-9.729095,-0.037299496,0.71659934,0.92589884,0.67611708,0,-1.91,-2.15,146.398
00:53.6,5,1.8,15.4302772,75.01566155,740.92,0.05228432,108.427395,2.16,7.69,0.31,-0.03056675,0.021983785,0.001337556,-0.18404545,0.25774965,-9.7583425,-0.023736042,0.74921468,0.95914438,0.71310596,0,-1.91,-2.15,146.396
00:53.6,5,1.8,15.4302772,75.01566156,740.922,0.048004834,110.552836,2.156,7.678,0.31,-0.0333982,0.02025493,0.005971947,-0.1056114,0.2632487,-9.78759,-0.010172588,0.78183002,0.99238992,0.75009484,0,-1.91,-2.15,146.394
00:53.7,5,1.8,15.4302772,75.01566157,740.924,0.043725348,112.678277,2.152,7.666,0.31,-0.029386485,0.0198804,0.0023749,-0.18617465,0.2658921,-9.762848,0.003390866,0.81444536,1.02563546,0.78708372,0,-1.91,-2.15,146.392
00:53.7,5,1.8,15.4302772,75.01566158,740.926,0.039445862,114.803718,2.148,7.654,0.31,-0.02537477,0.01950587,-0.001222148,-0.2667379,0.2685355,-9.738106,0.01695432,0.8470607,1.058881,0.8240726,0,-1.91,-2.15,146.39
00:53.7,5,1.8,15.4302772,75.01566159,740.928,0.035166376,116.929159,2.144,7.642,0.31,-0.02615808,0.01540354,0.001226904,-0.2599519,0.27560115,-9.730709,0.025431478,0.82409314,1.01409544,0.85385458,0,-1.908,-2.154,146.39
00:53.7,5,1.8,15.4302772,75.0156616,740.93,0.03088689,119.0546,2.14,7.63,0.31,-0.02694139,0.01130121,0.003675955,-0.2531659,0.2826668,-9.723312,0.033908636,0.80112558,0.96930988,0.88363656,0,-1.906,-2.158,146.39
00:53.7,5,1.8,15.43027719,75.01566159,740.927,0.03592347,123.79682,2.135,7.618,0.306,-0.021626785,-0.00362138,0.008930332,-0.24824725,0.28871805,-9.719523,0.042385794,0.77815802,0.92452432,0.91341854,0,-1.904,-2.162,146.39
00:53.8,5,1.8,15.43027718,75.01566158,740.924,0.04096005,128.53904,2.13,7.606,0.302,-0.01631218,-0.01854397,0.01418471,-0.2433286,0.2947693,-9.715734,0.050862952,0.75519046,0.87973876,0.94320052,0,-1.902,-2.166,146.39
00:53.8,5,1.8,15.43027717,75.01566157,740.921,0.04599663,133.28126,2.125,7.594,0.298,-0.015455335,-0.028458025,0.01505642,-0.2316931,0.2945677,-9.7168925,0.05934011,0.7322229,0.8349532,0.9729825,0,-1.9,-2.17,146.39
00:53.8,5,1.8,15.43027716,75.01566156,740.918,0.05103321,138.02348,2.12,7.582,0.294,-0.01459849,-0.03837208,0.01592813,-0.2200576,0.2943661,-9.718051,0.067252124,0.7051007,0.80479688,0.94683398,0,-1.898,-2.17,146.388
00:53.8,5,1.8,15.43027715,75.01566155,740.915,0.05606979,142.7657,2.115,7.57,0.29,-0.0176787,-0.042975295,0.01804903,-0.21028655,0.2729715,-9.75226,0.075164138,0.6779785,0.77464056,0.92068546,0,-1.896,-2.17,146.386
00:53.8,5,1.8,15.43027714,75.01566154,740.912,0.06110637,147.50792,2.11,7.558,0.286,-0.02075891,-0.04757851,0.02016993,-0.2005155,0.2515769,-9.786469,0.083076152,0.6508563,0.74448424,0.89453694,0,-1.894,-2.17,146.384
00:53.9,5,1.8,15.43027713,75.01566153,740.909,0.06614295,152.25014,2.105,7.546,0.282,-0.008722009,-0.06120851,0.020315175,-0.20583145,0.28789415,-9.737768,0.090988166,0.6237341,0.71432792,0.86838842,0,-1.892,-2.17,146.382
00:53.9,5,1.8,15.43027712,75.01566152,740.906,0.07117953,156.99236,2.1,7.534,0.278,0.003314891,-0.07483851,0.02046042,-0.2111474,0.3242114,-9.689067,0.09890018,0.5966119,0.6841716,0.8422399,0,-1.89,-2.17,146.38
00:53.9,5,1.8,15.43027711,75.01566151,740.903,0.07621611,161.73458,2.095,7.522,0.274,0.006570708,-0.075679045,0.019720935,-0.2177187,0.31704845,-9.6914825,0.067817266,0.59905372,0.81647628,0.86879664,0,-1.89,-2.168,146.376
00:53.9,5,1.8,15.4302771,75.0156615,740.9,0.08125269,166.4768,2.09,7.51,0.27,0.009826524,-0.07651958,0.01898145,-0.22429,0.3098855,-9.693898,0.036734352,0.60149554,0.94878096,0.89535338,0,-1.89,-2.166,146.372
00:53.9,5.2,1.786,15.4302771,75.01566151,740.9,0.080628087,158.75273,2.086,7.498,0.274,-0.015080078,-0.050075055,0.013269067,-0.23650285,0.2766004,-9.698188,0.005651438,0.60393736,1.08108564,0.92191012,0,-1.89,-2.164,146.368
00:54.0,5.4,1.772,15.4302771,75.01566152,740.9,0.080003484,151.02866,2.082,7.486,0.278,-0.03998668,-0.02363053,0.007556683,-0.2487157,0.2433153,-9.702478,-0.025431476,0.60637918,1.21339032,0.94846686,0,-1.89,-2.162,146.364
00:54.0,5.6,1.758,15.4302771,75.01566153,740.9,0.079378881,143.30459,2.078,7.474,0.282,0.017628725,-0.022660385,0.014983357,-0.22943345,0.32310265,-9.760694,-0.05651439,0.608821,1.345695,0.9750236,0,-1.89,-2.16,146.36
00:54.0,5.8,1.744,15.4302771,75.01566154,740.9,0.078754278,135.58052,2.074,7.462,0.286,0.07524413,-0.02169024,0.02241003,-0.2101512,0.40289,-9.81891,-0.038994928,0.8717644,2.2234516,1.56558788,0,-1.902,-2.162,146.354
00:54.0,6,1.73,15.4302771,75.01566155,740.9,0.078129675,127.85645,2.07,7.45,0.29,-0.104581685,0.04934623,-0.034694795,-0.11338943,0.36750115,-9.8251515,-0.021475466,1.1347078,3.1012082,2.15615216,0,-1.914,-2.164,146.348
00:54.0,6.2,1.716,15.4302771,75.01566156,740.9,0.077505072,120.13238,2.066,7.438,0.294,-0.2844075,0.1203827,-0.09179962,-0.01662766,0.3321123,-9.831393,-0.003956004,1.3976512,3.9789648,2.74671644,0,-1.926,-2.166,146.342
00:54.1,6.4,1.702,15.4302771,75.01566157,740.9,0.076880469,112.40831,2.062,7.426,0.298,-0.09027925,0.08230228,-0.053613845,-0.14867938,0.2850788,-9.794583,0.013563458,1.6605946,4.8567214,3.33728072,0,-1.938,-2.168,146.336
00:54.1,6.6,1.688,15.4302771,75.01566158,740.9,0.076255866,104.68424,2.058,7.414,0.302,0.103849,0.04422186,-0.01542807,-0.2807311,0.2380453,-9.757773,0.03108292,1.923538,5.734478,3.927845,0,-1.95,-2.17,146.33
00:54.1,6.8,1.674,15.4302771,75.01566159,740.9,0.075631263,96.96017,2.054,7.402,0.306,-0.04574295,0.026179507,-0.168215785,-0.21391715,0.12960277,-9.693669,0.071208136,2.8095516,7.1936324,5.200918,0,-1.926,-2.174,146.348
00:54.1,7,1.66,15.4302771,75.0156616,740.9,0.07500666,89.2361,2.05,7.39,0.31,-0.1953349,0.008137153,-0.3210035,-0.1471032,0.02116024,-9.629565,0.111333352,3.6955652,8.6527868,6.473991,0,-1.902,-2.178,146.366
00:54.1,7,1.66,15.4302771,75.01566161,740.9,0.069470682,90.78685,2.046,7.379,0.31,0.00723145,-0.112523024,-0.06191,-0.24297465,0.32687437,-9.6146265,0.151458568,4.5815788,10.1119412,7.747064,0,-1.878,-2.182,146.384
00:54.2,7,1.66,15.4302771,75.01566162,740.9,0.063934704,92.3376,2.042,7.368,0.31,0.2097978,-0.2331832,0.1971835,-0.3388461,0.6325885,-9.599688,0.191583784,5.4675924,11.5710956,9.020137,0,-1.854,-2.186,146.402
00:54.2,7,1.66,15.4302771,75.01566163,740.9,0.058398726,93.88835,2.038,7.357,0.31,0.0115811,-0.089253985,0.0024244,-0.172108298,0.50804665,-9.6219245,0.231709,6.353606,13.03025,10.29321,0,-1.83,-2.19,146.42
00:54.2,7,1.66,15.4302771,75.01566164,740.9,0.052862748,95.4391,2.034,7.346,0.31,-0.1866356,0.05467523,-0.1923347,-0.005370496,0.3835048,-9.644161,0.23623016,6.0478536,12.2692106,9.8383968,0,-1.832,-2.186,146.408
00:54.2,7,1.66,15.4302771,75.01566165,740.9,0.04732677,96.98985,2.03,7.335,0.31,-0.00498265,0.025753265,-0.0183351,-0.108896698,0.32955725,-9.7785585,0.24075132,5.7421012,11.5081712,9.3835836,0,-1.834,-2.182,146.396
00:54.2,7,1.66,15.4302771,75.01566166,740.9,0.041790792,98.5406,2.026,7.324,0.31,0.1766703,-0.0031687,0.1556645,-0.2124229,0.2756097,-9.912956,0.24527248,5.4363488,10.7471318,8.9287704,0,-1.836,-2.178,146.384
00:54.3,7,1.66,15.4302771,75.01566167,740.9,0.036254814,100.09135,2.022,7.313,0.31,0.084311097,-0.02759753,0.07794374,-0.1943412,0.27450375,-9.7891595,0.24979364,5.1305964,9.9860924,8.4739572,0,-1.838,-2.174,146.372
00:54.3,7,1.66,15.4302771,75.01566168,740.9,0.030718836,101.6421,2.018,7.302,0.31,-0.008048107,-0.05202636,0.00022298,-0.1762595,0.2733978,-9.665363,0.2543148,4.824844,9.225053,8.019144,0,-1.84,-2.17,146.36
00:54.3,7,1.66,15.4302771,75.01566169,740.9,0.025182858,103.19285,2.014,7.291,0.31,-0.063450004,-0.02748018,-0.06979631,-0.19860665,0.28544025,-9.686337,0.217580438,4.7806242,8.9624276,7.732639,0,-1.852,-2.172,146.354
00:54.3,7,1.66,15.4302771,75.0156617,740.9,0.01964688,104.7436,2.01,7.28,0.31,-0.1188519,-0.002934,-0.1398156,-0.2209538,0.2974827,-9.707311,0.180846076,4.7364044,8.6998022,7.446134,0,-1.864,-2.174,146.348
00:54.3,7,1.66,15.4302771,75.0156617,740.901,0.023906338,107.89944,2.006,7.27,0.31,-0.052565965,0.0575639,-0.049474455,-0.2470184,0.22647485,-9.7902805,0.144111714,4.6921846,8.4371768,7.159629,0,-1.876,-2.176,146.342
00:54.4,7,1.66,15.4302771,75.0156617,740.902,0.028165796,111.05528,2.002,7.26,0.31,0.01371997,0.1180618,0.04086669,-0.273083,0.155467,-9.87325,0.107377352,4.6479648,8.1745514,6.873124,0,-1.888,-2.178,146.336
00:54.4,7,1.66,15.4302771,75.0156617,740.903,0.032425254,114.21112,1.998,7.25,0.31,0.04451142,0.03478733,0.049490385,-0.25908725,0.20455775,-9.761057,0.07064299,4.603745,7.911926,6.586619,0,-1.9,-2.18,146.33
00:54.4,7,1.66,15.4302771,75.0156617,740.904,0.036684712,117.36696,1.994,7.24,0.31,0.07530287,-0.04848714,0.05811408,-0.2450915,0.2536485,-9.648864,0.099465332,4.53384,7.8174424,6.4129214,0,-1.888,-2.186,146.342
00:54.4,7,1.66,15.4302771,75.0156617,740.905,0.04094417,120.5228,1.99,7.23,0.31,0.058629245,-0.05329911,0.07288632,-0.20123985,0.28172115,-9.715256,0.128287674,4.463935,7.7229588,6.2392238,0,-1.876,-2.192,146.354
00:54.4,7,1.66,15.4302771,75.0156617,740.906,0.045203628,123.67864,1.986,7.22,0.31,0.04195562,-0.05811108,0.08765856,-0.1573882,0.3097938,-9.781648,0.157110016,4.39403,7.6284752,6.0655262,0,-1.864,-2.198,146.366
00:54.5,7,1.66,15.4302771,75.0156617,740.907,0.049463086,126.83448,1.982,7.21,0.31,-0.025186555,-0.02685205,-0.02533037,-0.17046115,0.30647525,-9.7897445,0.185932358,4.324125,7.5339916,5.8918286,0,-1.852,-2.204,146.378
00:54.5,7,1.66,15.4302771,75.0156617,740.908,0.053722544,129.99032,1.978,7.2,0.31,-0.09232873,0.00440698,-0.1383193,-0.1835341,0.3031567,-9.797841,0.2147547,4.25422,7.439508,5.718131,0,-1.84,-2.21,146.39
00:54.5,7,1.66,15.4302771,75.0156617,740.909,0.057982002,133.14616,1.974,7.19,0.31,-0.06175093,-0.00419674,-0.065433522,-0.2272559,0.35561025,-9.713881,0.24527246,4.1125458,7.553738,5.6091404,0,-1.848,-2.21,146.374
00:54.5,7,1.66,15.4302771,75.0156617,740.91,0.06224146,136.302,1.97,7.18,0.31,-0.03117313,-0.01280046,0.007452257,-0.2709777,0.4080638,-9.629921,0.27579022,3.9708716,7.667968,5.5001498,0,-1.856,-2.21,146.358
00:54.5,7,1.66,15.4302771,75.01566171,740.911,0.058201347,130.07726,1.967,7.169,0.31,-0.026975975,-0.002426602,-0.034174492,-0.24770325,0.2550204,-9.67423,0.30630798,3.8291974,7.782198,5.3911592,0,-1.864,-2.21,146.342
00:54.6,7,1.66,15.4302771,75.01566172,740.912,0.054161234,123.85252,1.964,7.158,0.31,-0.02277882,0.007947256,-0.07580124,-0.2244288,0.101977,-9.718539,0.33682574,3.6875232,7.896428,5.2821686,0,-1.872,-2.21,146.326
00:54.6,7,1.66,15.4302771,75.01566173,740.913,0.050121121,117.62778,1.961,7.147,0.31,0.02488093,0.002067754,0.01816308,-0.18259405,0.22488715,-9.7938635,0.3673435,3.545849,8.010658,5.173178,0,-1.88,-2.21,146.31
00:54.6,7,1.66,15.4302771,75.01566174,740.914,0.046081008,111.40304,1.958,7.136,0.31,0.07254068,-0.003811749,0.1121274,-0.1407593,0.3477973,-9.869188,0.32891372,3.6220112,7.881172,5.0034846,0,-1.876,-2.206,146.316
00:54.6,7,1.66,15.4302771,75.01566175,740.915,0.042040895,105.1783,1.955,7.125,0.31,0.06807728,0.021015736,0.10374835,-0.115974795,0.2961816,-9.8429165,0.29048394,3.6981734,7.751686,4.8337912,0,-1.872,-2.202,146.322
00:54.6,7,1.66,15.4302771,75.01566176,740.916,0.038000782,98.95356,1.952,7.114,0.31,0.06361388,0.04584322,0.0953693,-0.09119029,0.2445659,-9.816645,0.25205416,3.7743356,7.6222,4.6640978,0,-1.868,-2.198,146.328
00:54.7,7,1.66,15.4302771,75.01566177,740.917,0.033960669,92.72882,1.949,7.103,0.31,0.053443385,-0.00017311,0.04845721,-0.162245295,0.28593135,-9.7699875,0.21362438,3.8504978,7.492714,4.4944044,0,-1.864,-2.194,146.334
00:54.7,7,1.66,15.4302771,75.01566178,740.918,0.029920556,86.50408,1.946,7.092,0.31,0.04327289,-0.04618944,0.001545119,-0.2333003,0.3272968,-9.72333,0.1751946,3.92666,7.363228,4.324711,0,-1.86,-2.19,146.34
00:54.7,7,1.66,15.4302771,75.01566179,740.919,0.025880443,80.27934,1.943,7.081,0.31,0.007307555,-0.065434185,-0.007227121,-0.22323435,0.3654492,-9.6446335,0.17971576,3.869283,7.2514744,4.295373,0,-1.862,-2.194,146.344
00:54.7,7,1.66,15.4302771,75.0156618,740.92,0.02184033,74.0546,1.94,7.07,0.31,-0.02865778,-0.08467893,-0.01599936,-0.2131684,0.4036016,-9.565937,0.18423692,3.811906,7.1397208,4.266035,0,-1.864,-2.198,146.348
00:54.7,7,1.66,15.4302771,75.01566179,740.919,0.023415286,90.7881,1.937,7.059,0.308,-0.036219835,-0.040859105,-0.06231898,-0.2069382,0.35709435,-9.66908,0.18875808,3.754529,7.0279672,4.236697,0,-1.866,-2.202,146.352
00:54.8,7,1.66,15.4302771,75.01566178,740.918,0.024990242,107.5216,1.934,7.048,0.306,-0.04378189,0.00296072,-0.1086386,-0.200708,0.3105871,-9.772223,0.19327924,3.697152,6.9162136,4.207359,0,-1.868,-2.206,146.356
00:54.8,7,1.66,15.4302771,75.01566177,740.917,0.026565198,124.2551,1.931,7.037,0.304,-0.00853463,0.02028854,-0.11524135,-0.2275044,0.2895933,-9.7054825,0.1978004,3.639775,6.80446,4.178021,0,-1.87,-2.21,146.36
00:54.8,7,1.66,15.4302771,75.01566176,740.916,0.028140154,140.9886,1.928,7.026,0.302,0.02671263,0.03761636,-0.1218441,-0.2543008,0.2685995,-9.638742,0.21362442,3.4806328,6.7754844,4.1114208,0,-1.864,-2.216,146.352
00:54.8,7,1.66,15.4302771,75.01566175,740.915,0.02971511,157.7221,1.925,7.015,0.3,0.00198059,0.022215345,-0.065873181,-0.15504152,0.2930643,-9.730341,0.22944844,3.3214906,6.7465088,4.0448206,0,-1.858,-2.222,146.344
00:54.8,7,1.66,15.4302771,75.01566174,740.914,0.031290066,174.4556,1.922,7.004,0.298,-0.02275145,0.00681433,-0.009902262,-0.05578224,0.3175291,-9.82194,0.24527246,3.1623484,6.7175332,3.9782204,0,-1.852,-2.228,146.336
00:54.9,7,1.66,15.4302771,75.01566173,740.913,0.032865022,191.1891,1.919,6.993,0.296,0.01263917,-0.051133885,-0.040251481,-0.09232592,0.34129605,-9.719025,0.26109648,3.0032062,6.6885576,3.9116202,0,-1.846,-2.234,146.328
00:54.9,7,1.66,15.4302771,75.01566172,740.912,0.034439978,207.9226,1.916,6.982,0.294,0.04802979,-0.1090821,-0.0706007,-0.1288696,0.365063,-9.61611,0.2769205,2.844064,6.659582,3.84502,0,-1.84,-2.24,146.32
00:54.9,7,1.66,15.4302771,75.01566171,740.911,0.036014934,224.6561,1.913,6.971,0.292,0.04609248,-0.01330616,-0.043393515,-0.21205255,0.3917275,-9.644372,0.2870931,2.7582726,6.9355952,3.85699,0,-1.844,-2.234,146.294
00:54.9,7,1.66,15.4302771,75.0156617,740.91,0.03758989,241.3896,1.91,6.96,0.29,0.04415517,0.08246978,-0.01618633,-0.2952355,0.418392,-9.672634,0.2972657,2.6724812,7.2116084,3.86896,0,-1.848,-2.228,146.268
00:54.9,7,1.66,15.4302771,75.0156617,740.909,0.035286923,224.6561,1.906,6.949,0.292,-0.007592845,0.02741798,-0.01037068,-0.2796723,0.28874925,-9.671889,0.3074383,2.5866898,7.4876216,3.88093,0,-1.852,-2.222,146.242
00:55.0,7,1.66,15.4302771,75.0156617,740.908,0.032983956,207.9226,1.902,6.938,0.294,-0.05934086,-0.02763382,-0.00455503,-0.2641091,0.1591065,-9.671144,0.3176109,2.5008984,7.7636348,3.8929,0,-1.856,-2.216,146.216
00:55.0,7,1.66,15.4302771,75.0156617,740.907,0.030680989,191.1891,1.898,6.927,0.296,0.04249602,-0.054665565,-0.01973194,-0.21351155,0.28148515,-9.690312,0.3277835,2.415107,8.039648,3.90487,0,-1.86,-2.21,146.19
00:55.0,7,1.66,15.4302771,75.0156617,740.906,0.028378022,174.4556,1.894,6.916,0.298,0.1443329,-0.08169731,-0.03490885,-0.162914,0.4038638,-9.70948,0.33230464,2.2826588,7.9950142,4.0379276,0,-1.842,-2.218,146.128
00:55.0,7,1.66,15.4302771,75.0156617,740.905,0.026075055,157.7221,1.89,6.905,0.3,0.02657365,-0.06246851,-0.050123475,-0.10414772,0.3837267,-9.66893,0.33682578,2.1502106,7.9503804,4.1709852,0,-1.824,-2.226,146.066
00:55.0,7,1.66,15.4302771,75.0156617,740.904,0.023772088,140.9886,1.886,6.894,0.302,-0.0911856,-0.04323971,-0.0653381,-0.04538144,0.3635896,-9.62838,0.34134692,2.0177624,7.9057466,4.3040428,0,-1.806,-2.234,146.004
00:55.1,7,1.66,15.4302771,75.0156617,740.903,0.021469121,124.2551,1.882,6.883,0.304,-0.05452121,-0.03848788,-0.054591125,-0.12320782,0.3235017,-9.737618,0.34586806,1.8853142,7.8611128,4.4371004,0,-1.788,-2.242,145.942
00:55.1,7,1.66,15.4302771,75.0156617,740.902,0.019166154,107.5216,1.878,6.872,0.306,-0.01785682,-0.03373605,-0.04384415,-0.2010342,0.2834138,-9.846856,0.3503892,1.752866,7.816479,4.570158,0,-1.77,-2.25,145.88
00:55.1,7,1.66,15.4302771,75.0156617,740.901,0.016863187,90.7881,1.874,6.861,0.308,-0.02838282,0.043960125,-0.03103787,-0.26456865,0.32271455,-10.099158,0.36338752,1.778283,7.73924,4.5817616,0,-1.66,-2.216,145.824
00:55.1,7,1.66,15.4302771,75.0156617,740.9,0.01456022,74.0546,1.87,6.85,0.31,-0.03890882,0.1216563,-0.01823159,-0.3281031,0.3620153,-10.35146,0.37638584,1.8037,7.662001,4.5933652,0,-1.55,-2.182,145.768
00:55.1,7,1.66,15.4302771,75.01566169,740.898,0.022182745,98.59586,1.867,6.841,0.307,0.09462779,0.08401649,-0.02832424,-0.28546305,0.4515417,-10.1052325,0.38938416,1.829117,7.584762,4.6049688,0,-1.44,-2.148,145.712
00:55.2,7,1.66,15.4302771,75.01566168,740.896,0.02980527,123.13712,1.864,6.832,0.304,0.2281644,0.04637668,-0.03841689,-0.242823,0.5410681,-9.859005,0.40238248,1.854534,7.507523,4.6165724,0,-1.33,-2.114,145.656
00:55.2,7,1.66,15.4302771,75.01566167,740.894,0.037427795,147.67838,1.861,6.823,0.301,0.30059795,0.09583559,-0.0591154,-0.30849525,0.46159845,-9.9310975,0.4153808,1.879951,7.430284,4.628176,0,-1.22,-2.08,145.6
00:55.2,7,1.66,15.4302771,75.01566166,740.892,0.04505032,172.21964,1.858,6.814,0.298,0.3730315,0.1452945,-0.07981391,-0.3741675,0.3821288,-10.00319,0.42329282,2.0075118,7.7054792,5.1065352,0,-1.04,-1.848,145.508
00:55.2,7,1.66,15.4302771,75.01566165,740.89,0.052672845,196.7609,1.855,6.805,0.295,0.13881284,0.159141,-0.05606098,-0.14592783,0.36950245,-10.105365,0.43120484,2.1350726,7.9806744,5.5848944,0,-0.86,-1.616,145.416
00:55.2,7,1.66,15.4302771,75.01566164,740.888,0.06029537,221.30216,1.852,6.796,0.292,-0.09540582,0.1729875,-0.03230805,0.08231184,0.3568761,-10.20754,0.43911686,2.2626334,8.2558696,6.0632536,0,-0.68,-1.384,145.324
00:55.3,7,1.66,15.4302771,75.01566163,740.886,0.067917895,245.84342,1.849,6.787,0.289,0.11753314,0.17944995,-0.04536248,0.06076838,0.41421105,-10.15379,0.44702888,2.3901942,8.5310648,6.5416128,0,-0.5,-1.152,145.232
00:55.3,7,1.66,15.4302771,75.01566162,740.884,0.07554042,270.38468,1.846,6.778,0.286,0.3304721,0.1859124,-0.05841691,0.03922492,0.471546,-10.10004,0.4549409,2.517755,8.80626,7.019972,0,-0.32,-0.92,145.14
00:55.3,7,1.66,15.4302771,75.01566161,740.882,0.083162945,294.92594,1.843,6.769,0.283,0.33100475,0.2140753,-0.065595855,0.04619267,0.4503368,-10.192535,0.44702888,2.4714936,8.8263826,7.8462176,0,-0.198,-0.694,145.072
00:55.3,7,1.66,15.4302771,75.0156616,740.88,0.09078547,319.4672,1.84,6.76,0.28,0.3315374,0.2422382,-0.0727748,0.05316042,0.4291276,-10.28503,0.43911686,2.4252322,8.8465052,8.6724632,0,-0.076,-0.468,145.004
00:55.3,7,1.66,15.4302771,75.0156616,740.886,0.093887233,311.56933,1.838,6.756,0.281,0.33381645,0.13229935,-0.050311975,0.18115486,0.48116685,-10.088755,0.43120484,2.3789708,8.8666278,9.4987088,0,0.046,-0.242,144.936
00:55.4,7,1.66,15.4302771,75.0156616,740.892,0.096988996,303.67146,1.836,6.752,0.282,0.3360955,0.0223605,-0.02784915,0.3091493,0.5332061,-9.89248,0.42329282,2.3327094,8.8867504,10.3249544,0,0.168,-0.016,144.868
00:55.4,7,1.66,15.4302771,75.0156616,740.898,0.100090759,295.77359,1.834,6.748,0.283,0.3236648,-0.006652105,-0.04134197,0.195170405,0.43995865,-10.078445,0.4153808,2.286448,8.906873,11.1512,0,0.29,0.21,144.8
00:55.4,7,1.66,15.4302771,75.0156616,740.904,0.103192522,287.87572,1.832,6.744,0.284,0.3112341,-0.03566471,-0.05483479,0.08119151,0.3467112,-10.26441,0.3910796,2.4419542,8.8876596,11.209402,0,0.376,0.328,144.828
00:55.4,7,1.66,15.4302771,75.0156616,740.91,0.106294285,279.97785,1.83,6.74,0.285,0.130003425,0.060487645,-0.031910844,0.112154355,0.38815175,-10.310465,0.3667784,2.5974604,8.8684462,11.267604,0,0.462,0.446,144.856
00:55.4,7,1.66,15.4302771,75.0156616,740.916,0.109396048,272.07998,1.828,6.736,0.286,-0.05122725,0.15664,-0.008986897,0.1431172,0.4295923,-10.35652,0.3424772,2.7529666,8.8492328,11.325806,0,0.548,0.564,144.884
00:55.5,7,1.66,15.4302771,75.0156616,740.922,0.112497811,264.18211,1.826,6.732,0.287,-0.085427925,0.126405675,0.063813751,0.080382085,0.4917555,-10.18257,0.318176,2.9084728,8.8300194,11.384008,0,0.634,0.682,144.912
00:55.5,7,1.66,15.4302771,75.0156616,740.928,0.115599574,256.28424,1.824,6.728,0.288,-0.1196286,0.09617135,0.1366144,0.01764697,0.5539187,-10.00862,0.2938748,3.063979,8.810806,11.44221,0,0.72,0.8,144.94
00:55.5,7,1.66,15.4302771,75.0156616,740.934,0.118701337,248.38637,1.822,6.724,0.289,-0.20204175,0.103875975,0.14471005,0.008555166,0.3810019,-9.995188,0.2757902,3.0264754,9.0383628,11.558018,0,0.744,0.86,145.098
00:55.5,7,1.66,15.4302771,75.0156616,740.94,0.1218031,240.4885,1.82,6.72,0.29,-0.2844549,0.1115806,0.1528057,-0.000536639,0.2080851,-9.981756,0.2577056,2.9889718,9.2659196,11.673826,0,0.768,0.92,145.256
00:55.5,7,1.66,15.4302771,75.01566156,740.947,0.1402548,245.07016,1.819,6.717,0.291,-0.2387391,0.06844756,0.13835325,-0.013143339,0.2236896,-10.015258,0.239621,2.9514682,9.4934764,11.789634,0,0.792,0.98,145.414
00:55.6,7,1.66,15.4302771,75.01566152,740.954,0.1587065,249.65182,1.818,6.714,0.292,-0.1930233,0.02531452,0.1239008,-0.02575004,0.2392941,-10.04876,0.2215364,2.9139646,9.7210332,11.905442,0,0.816,1.04,145.572
00:55.6,7,1.66,15.4302771,75.01566148,740.961,0.1771582,254.23348,1.817,6.711,0.293,-0.22468705,0.07426716,0.1502845,-0.11122652,0.3154704,-10.1235,0.2034518,2.876461,9.94859,12.02125,0,0.84,1.1,145.73
00:55.6,7,1.66,15.4302771,75.01566144,740.968,0.1956099,258.81514,1.816,6.708,0.294,-0.2563508,0.1232198,0.1766682,-0.196703,0.3916467,-10.19824,0.1853672,2.7053362,9.8906094,12.130392,0,0.826,0.818,145.816
00:55.6,7,1.66,15.4302771,75.0156614,740.975,0.2140616,263.3968,1.815,6.705,0.295,-0.21137805,-0.13328895,0.091953463,0.10082285,0.3942388,-9.874953,0.1672826,2.5342114,9.8326288,12.239534,0,0.812,0.536,145.902
00:55.6,7,1.66,15.4302771,75.01566136,740.982,0.2325133,267.97846,1.814,6.702,0.296,-0.1664053,-0.3897977,0.007238726,0.3983487,0.3968309,-9.551666,0.149198,2.3630866,9.7746482,12.348676,0,0.798,0.254,145.988
00:55.7,7,1.66,15.4302771,75.01566132,740.989,0.250965,272.56012,1.813,6.699,0.297,0.0382748,-0.50603495,0.009099163,0.18070073,0.42113255,-9.476321,0.1311134,2.1919618,9.7166676,12.457818,0,0.784,-0.028,146.074
00:55.7,7,1.66,15.4302771,75.01566128,740.996,0.2694167,277.14178,1.812,6.696,0.298,0.2429549,-0.6222722,0.0109596,-0.03694724,0.4454342,-9.400976,0.1130288,2.020837,9.658687,12.56696,0,0.77,-0.31,146.16
00:55.7,7,1.66,15.4302771,75.01566124,741.003,0.2878684,281.72344,1.811,6.693,0.299,0.23575005,-0.5738902,0.02736586,-0.16769407,0.4380403,-9.507898,0.11868024,2.0249916,9.9441776,12.631222,0,0.632,-0.72,146.206
00:55.7,7,1.66,15.4302771,75.0156612,741.01,0.3063201,286.3051,1.81,6.69,0.3,0.2285452,-0.5255082,0.04377212,-0.2984409,0.4306464,-9.61482,0.12433168,2.0291462,10.2296682,12.695484,0,0.494,-1.13,146.252
00:55.7,7,1.66,15.4302771,75.01566116,741.014,0.29365751,283.68118,1.807,6.671,0.299,0.088612525,-0.3890569,0.033717625,-0.3201241,0.32066065,-9.788311,0.12998312,2.0333008,10.5151588,12.759746,0,0.356,-1.54,146.298
00:55.8,7,1.66,15.4302771,75.01566112,741.018,0.28099492,281.05726,1.804,6.652,0.298,-0.05132015,-0.2526056,0.02366313,-0.3418073,0.2106749,-9.961802,0.13563456,2.0374554,10.8006494,12.824008,0,0.218,-1.95,146.344
00:55.8,7,1.66,15.4302771,75.01566108,741.022,0.26833233,278.43334,1.801,6.633,0.297,-0.472896325,-0.09496237,0.080181815,-0.39674095,0.0533995,-10.076146,0.141286,2.04161,11.08614,12.88827,0,0.08,-2.36,146.39
00:55.8,7,1.66,15.4302771,75.01566104,741.026,0.25566974,275.80942,1.798,6.614,0.296,-0.8944725,0.06268086,0.1367005,-0.4516746,-0.1038759,-10.19049,0.13167855,2.1327624,11.010734,12.782596,0,-0.842,-2.268,146.504
00:55.8,7,1.66,15.4302771,75.015661,741.03,0.24300715,273.1855,1.795,6.595,0.295,-0.96146675,0.077944525,0.105444085,-0.3281682,0.01625765,-10.002058,0.1220711,2.2239148,10.935328,12.676922,0,-1.764,-2.176,146.618
00:55.8,7,1.66,15.4302771,75.01566096,741.034,0.23034456,270.56158,1.792,6.576,0.294,-1.028461,0.09320819,0.07418767,-0.2046618,0.1363912,-9.813626,0.11246365,2.3150672,10.859922,12.571248,0,-2.686,-2.084,146.732
00:55.9,7,1.66,15.4302771,75.01566092,741.038,0.21768197,267.93766,1.789,6.557,0.293,-0.8296489,0.093950615,0.073252375,-0.08665124,0.3767756,-9.656184,0.1028562,2.4062196,10.784516,12.465574,0,-3.608,-1.992,146.846
00:55.9,7,1.66,15.4302771,75.01566088,741.042,0.20501938,265.31374,1.786,6.538,0.292,-0.6308368,0.09469304,0.07231708,0.03135932,0.61716,-9.498742,0.09324875,2.497372,10.70911,12.3599,0,-4.53,-1.9,146.96
00:55.9,7,1.66,15.4302771,75.01566084,741.046,0.19235679,262.68982,1.783,6.519,0.291,-0.4435843,0.028055075,0.11103589,0.025607965,0.59445395,-9.3765205,0.15484944,2.3938384,10.1462804,12.604648,0,-4.914,-1.87,147.128
00:55.9,7,1.66,15.4302771,75.0156608,741.05,0.1796942,260.0659,1.78,6.5,0.29,-0.2563318,-0.03858289,0.1497547,0.01985661,0.5717479,-9.254299,0.21645013,2.2903048,9.5834508,12.849396,0,-5.298,-1.84,147.296
00:55.9,7,1.66,15.43027709,75.01566077,741.049,0.1740941,257.14992,1.777,6.487,0.288,-0.12915503,-0.02756837,0.1645896,-0.046249895,0.54006855,-9.228044,0.27805082,2.1867712,9.0206212,13.094144,0,-5.682,-1.81,147.464
00:56.0,7,1.66,15.43027708,75.01566074,741.048,0.168494,254.23394,1.774,6.474,0.286,-0.00197826,-0.01655385,0.1794245,-0.1123564,0.5083892,-9.201789,0.33965151,2.0832376,8.4577916,13.338892,0,-6.066,-1.78,147.632
00:56.0,7,1.66,15.43027707,75.01566071,741.047,0.1628939,251.31796,1.771,6.461,0.284,-0.03250334,-0.013496515,0.1754573,-0.14490425,0.49886185,-9.1879305,0.4012522,1.979704,7.894962,13.58364,0,-6.45,-1.75,147.8
00:56.0,7,1.66,15.43027706,75.01566068,741.046,0.1572938,248.40198,1.768,6.448,0.282,-0.06302842,-0.01043918,0.1714901,-0.1774521,0.4893345,-9.174072,0.339086366,2.0026092,7.8402992,13.215328,0,-6.642,-1.702,147.984
00:56.0,7,1.66,15.43027705,75.01566065,741.045,0.1516937,245.486,1.765,6.435,0.28,-0.12108216,0.018625185,0.1566809,-0.200638,0.36027745,-9.176293,0.276920532,2.0255144,7.7856364,12.847016,0,-6.834,-1.654,148.168
00:56.0,7,1.66,15.43027704,75.01566062,741.044,0.1460936,242.57002,1.762,6.422,0.278,-0.1791359,0.04768955,0.1418717,-0.2238239,0.2312204,-9.178514,0.214754698,2.0484196,7.7309736,12.478704,0,-7.026,-1.606,148.352
00:56.1,7,1.66,15.43027703,75.01566059,741.043,0.1404935,239.65404,1.759,6.409,0.276,-0.22263845,0.036582775,0.16069755,-0.145521435,0.162422435,-9.1668485,0.152588864,2.0713248,7.6763108,12.110392,0,-7.218,-1.558,148.536
00:56.1,7,1.66,15.43027702,75.01566056,741.042,0.1348934,236.73806,1.756,6.396,0.274,-0.266141,0.025476,0.1795234,-0.06721897,0.09362447,-9.155183,0.09042303,2.09423,7.621648,11.74208,0,-7.41,-1.51,148.72
00:56.1,7,1.66,15.43027701,75.01566053,741.041,0.1292933,233.82208,1.753,6.383,0.272,-0.27764495,0.043518875,0.14270565,-0.123868185,0.227203185,-9.152208,0.144676844,2.0962702,7.5249394,11.65476,0,-7.506,-1.474,148.886
00:56.1,7,1.66,15.430277,75.0156605,741.04,0.1236932,230.9061,1.75,6.37,0.27,-0.2891489,0.06156175,0.1058879,-0.1805174,0.3607819,-9.149233,0.198930658,2.0983104,7.4282308,11.56744,0,-7.602,-1.438,149.052
00:56.1,7,1.66,15.43027699,75.01566048,741.038,0.122723,238.17056,1.747,6.362,0.263,-0.0432632,0.032496088,0.1244272,-0.1979768,0.4384577,-9.086471,0.253184472,2.1003506,7.3315222,11.48012,0,-7.698,-1.402,149.218
00:56.2,7,1.66,15.43027698,75.01566046,741.036,0.1217528,245.43502,1.744,6.354,0.256,0.2026225,0.003430425,0.1429665,-0.2154362,0.5161335,-9.023709,0.307438286,2.1023908,7.2348136,11.3928,0,-7.794,-1.366,149.384
00:56.2,7,1.66,15.43027697,75.01566044,741.034,0.1207826,252.69948,1.741,6.346,0.249,0.01491205,0.029779183,0.1512071,-0.2250779,0.383215,-8.986418,0.3616921,2.104431,7.138105,11.30548,0,-7.89,-1.33,149.55
00:56.2,7,1.66,15.43027696,75.01566042,741.032,0.1198124,259.96394,1.738,6.338,0.242,-0.1727984,0.05612794,0.1594477,-0.2347196,0.2502965,-8.949127,0.33626062,2.0227434,7.1310516,11.144202,0,-7.958,-1.286,149.62
00:56.2,7,1.66,15.43027695,75.0156604,741.03,0.1188422,267.2284,1.735,6.33,0.235,-0.087075909,0.03907273,0.093940095,-0.13403075,0.21126745,-8.908521,0.31082914,1.9410558,7.1239982,10.982924,0,-8.026,-1.242,149.69
00:56.2,7,1.66,15.43027694,75.01566038,741.028,0.117872,274.49286,1.732,6.322,0.228,-0.001353418,0.02201752,0.02843249,-0.0333419,0.1722384,-8.867915,0.28539766,1.8593682,7.1169448,10.821646,0,-8.094,-1.198,149.76
00:56.3,7,1.66,15.43027693,75.01566036,741.026,0.1169018,281.75732,1.729,6.314,0.221,0.056947341,0.04957635,0.025849375,-0.039340195,0.31218225,-8.877914,0.25996618,1.7776806,7.1098914,10.660368,0,-8.162,-1.154,149.83
00:56.3,7,1.66,15.43027692,75.01566034,741.024,0.1159316,289.02178,1.726,6.306,0.214,0.1152481,0.07713518,0.02326626,-0.04533849,0.4521261,-8.887913,0.2345347,1.695993,7.102838,10.49909,0,-8.23,-1.11,149.9
00:56.3,7,1.66,15.43027691,75.01566032,741.022,0.1149614,296.28624,1.723,6.298,0.207,-0.0445939,0.044902925,-0.00439821,-0.103654095,0.3406352,-8.869135,0.2215364,1.591079,7.209888,10.486576,0,-8.03,-1.14,149.872
00:56.3,7,1.66,15.4302769,75.0156603,741.02,0.1139912,303.5507,1.72,6.29,0.2,-0.2044359,0.01267067,-0.03206268,-0.1619697,0.2291443,-8.850357,0.2085381,1.486165,7.316938,10.474062,0,-7.83,-1.17,149.844
00:56.3,7,1.66,15.43027692,75.01566028,741.018,0.12232277,307.9963,1.718,6.287,0.201,0.1439268,-0.02511109,-0.040407345,-0.1537241,0.3924495,-8.8177185,0.1955398,1.381251,7.423988,10.461548,0,-7.63,-1.2,149.816
00:56.4,7,1.66,15.43027694,75.01566026,741.016,0.13065434,312.4419,1.716,6.284,0.202,0.4922895,-0.06289285,-0.04875201,-0.1454785,0.5557547,-8.78508,0.1825415,1.276337,7.531038,10.449034,0,-7.43,-1.23,149.788
00:56.4,7,1.66,15.43027696,75.01566024,741.014,0.13898591,316.8875,1.714,6.281,0.203,0.44004145,-0.078030105,-0.03608516,-0.17370765,0.61760715,-8.8487535,0.1695432,1.171423,7.638088,10.43652,0,-7.23,-1.26,149.76
00:56.4,7,1.66,15.43027698,75.01566022,741.012,0.14731748,321.3331,1.712,6.278,0.204,0.3877934,-0.09316736,-0.02341831,-0.2019368,0.6794596,-8.912427,0.21645014,1.2499934,7.7748898,10.38819,0,-6.47,-1.374,149.71
00:56.4,7,1.66,15.430277,75.0156602,741.01,0.15564905,325.7787,1.71,6.275,0.205,0.6916043,-0.068514405,-0.04986789,-0.1685153,0.6898899,-8.9729075,0.26335708,1.3285638,7.9116916,10.33986,0,-5.71,-1.488,149.66
00:56.4,7,1.66,15.43027702,75.01566018,741.008,0.16398062,330.2243,1.708,6.272,0.206,0.9954152,-0.04386145,-0.07631747,-0.1350938,0.7003202,-9.033388,0.31026402,1.4071342,8.0484934,10.29153,0,-4.95,-1.602,149.61
00:56.5,7,1.66,15.43027704,75.01566016,741.006,0.17231219,334.6699,1.706,6.269,0.207,0.82244785,-0.108711475,-0.05810486,-0.046390685,0.4293073,-9.108856,0.35717096,1.4857046,8.1852952,10.2432,0,-4.19,-1.716,149.56
00:56.5,7,1.66,15.43027706,75.01566014,741.004,0.18064376,339.1155,1.704,6.266,0.208,0.6494805,-0.1735615,-0.03989225,0.04231243,0.1582944,-9.184324,0.4040779,1.564275,8.322097,10.19487,0,-3.43,-1.83,149.51
00:56.5,7,1.66,15.43027708,75.01566012,741.002,0.18897533,343.5611,1.702,6.263,0.209,0.48292305,-0.123286805,-0.001337255,-0.119355885,0.2304178,-9.3572375,0.34586808,1.7209154,8.081296,10.28386,0,-3.008,-1.98,149.516
00:56.5,7,1.66,15.4302771,75.0156601,741,0.1973069,348.0067,1.7,6.26,0.21,0.3163656,-0.07301211,0.03721774,-0.2810242,0.3025412,-9.530151,0.28765826,1.8775558,7.840495,10.37285,0,-2.586,-2.13,149.522
00:56.5,7,1.66,15.43027713,75.01566013,740.998,0.2081391,318.597779,1.699,6.259,0.213,0.3424121,-0.104330405,0.00729415,-0.2195939,0.2748241,-9.450779,0.22944844,2.0341962,7.599694,10.46184,0,-2.164,-2.28,149.528
00:56.6,7,1.66,15.43027716,75.01566016,740.996,0.2189713,289.188858,1.698,6.258,0.216,0.3684586,-0.1356487,-0.02262944,-0.1581636,0.247107,-9.371407,0.17123862,2.1908366,7.358893,10.55083,0,-1.742,-2.43,149.534
00:56.6,7,1.66,15.43027719,75.01566019,740.994,0.2298035,259.779937,1.697,6.257,0.219,0.28170355,-0.17893255,-0.011623009,-0.13448455,0.27631005,-9.1988405,0.1130288,2.347477,7.118092,10.63982,0,-1.32,-2.58,149.54
00:56.6,7,1.66,15.43027722,75.01566022,740.992,0.2406357,230.371016,1.696,6.256,0.222,0.1949485,-0.2222164,-0.000616578,-0.1108055,0.3055131,-9.026274,0.11076822,2.334651,7.5705308,10.712762,0,-1.134,-2.914,149.614
00:56.6,7,1.66,15.43027725,75.01566025,740.99,0.2514679,200.962095,1.695,6.255,0.225,0.22336855,-0.25372825,0.045085451,-0.08723823,0.3076499,-9.1572175,0.10850764,2.321825,8.0229696,10.785704,0,-0.948,-3.248,149.688
00:56.6,7,1.66,15.43027728,75.01566028,740.988,0.2623001,171.553174,1.694,6.254,0.228,0.2517886,-0.2852401,0.09078748,-0.06367096,0.3097867,-9.288161,0.10624706,2.308999,8.4754084,10.858646,0,-0.762,-3.582,149.762
00:56.7,7,1.66,15.43027731,75.01566031,740.986,0.2731323,142.144253,1.693,6.253,0.231,0.06509125,-0.3391758,0.043708805,0.06319687,0.22447135,-9.50715,0.10398648,2.296173,8.9278472,10.931588,0,-0.576,-3.916,149.836
00:56.7,7,1.66,15.43027734,75.01566034,740.984,0.2839645,112.735332,1.692,6.252,0.234,-0.1216061,-0.3931115,-0.00336987,0.1900647,0.139156,-9.726139,0.1017259,2.283347,9.380286,11.00453,0,-0.39,-4.25,149.91
00:56.7,7,1.66,15.43027737,75.01566037,740.982,0.2947967,83.326411,1.691,6.251,0.237,0.04414835,-0.48144355,-0.009073535,0.05705463,0.17361345,-9.695077,0.1802809,2.126112,9.287933,11.02029,0,-0.382,-4.744,149.904
00:56.7,7,1.66,15.4302774,75.0156604,740.98,0.3056289,53.91749,1.69,6.25,0.24,0.2099028,-0.5697756,-0.0147772,-0.07595544,0.2080709,-9.664015,0.2588359,1.968877,9.19558,11.03605,0,-0.374,-5.238,149.898
00:56.7,7,1.66,15.43027741,75.01566042,740.975,0.278537321,70.675391,1.688,6.249,0.266,0.04447955,-0.46866995,-0.02020961,-0.19824677,0.1799679,-9.811421,0.3373909,1.811642,9.103227,11.05181,0,-0.366,-5.732,149.892
00:56.8,7,1.66,15.43027742,75.01566044,740.97,0.251445742,87.433292,1.686,6.248,0.292,-0.1209437,-0.3675643,-0.02564202,-0.3205381,0.1518649,-9.958827,0.4159459,1.654407,9.010874,11.06757,0,-0.358,-6.226,149.886
00:56.8,7,1.66,15.43027743,75.01566046,740.965,0.224354163,104.191193,1.684,6.247,0.318,-0.0259053,-0.4045522,-0.028910975,-0.20117675,0.1506096,-9.9773195,0.4945009,1.497172,8.918521,11.08333,0,-0.35,-6.72,149.88
00:56.8,7,1.66,15.43027744,75.01566048,740.96,0.197262584,120.949094,1.682,6.246,0.344,0.0691331,-0.4415401,-0.03217993,-0.0818154,0.1493543,-9.995812,0.46398314,1.5288894,8.6786686,11.107154,0,-0.38,-7.082,149.892
00:56.8,7,1.66,15.43027745,75.0156605,740.955,0.170171005,137.706995,1.68,6.245,0.37,0.009863635,-0.42100715,-0.019203452,-0.19506835,0.3122708,-10.024461,0.43346538,1.5606068,8.4388162,11.130978,0,-0.41,-7.444,149.904
00:56.8,7,1.66,15.43027746,75.01566052,740.95,0.143079426,154.464896,1.678,6.244,0.396,-0.04940583,-0.4004742,-0.006226973,-0.3083213,0.4751873,-10.05311,0.40294762,1.5923242,8.1989638,11.154802,0,-0.44,-7.806,149.916
00:56.9,7,1.66,15.43027747,75.01566054,740.945,0.115987847,171.222797,1.676,6.243,0.422,-0.012019945,-0.3024522,0.059287114,-0.3144299,0.5182748,-10.0203225,0.37242986,1.6240416,7.9591114,11.178626,0,-0.47,-8.168,149.928
00:56.9,7,1.66,15.43027748,75.01566056,740.94,0.088896268,187.980698,1.674,6.242,0.448,0.02536594,-0.2044302,0.1248012,-0.3205385,0.5613623,-9.987535,0.3419121,1.655759,7.719259,11.20245,0,-0.5,-8.53,149.94
00:56.9,7,1.66,15.43027749,75.01566058,740.935,0.061804689,204.738599,1.672,6.241,0.474,0.10877012,-0.2088912,0.14284965,-0.36915155,0.4345011,-9.938282,0.38373274,1.8442438,7.863402,11.471372,0,-0.91,-8.204,150.302
00:56.9,7,1.66,15.4302775,75.0156606,740.93,0.03471311,221.4965,1.67,6.24,0.5,0.1921743,-0.2133522,0.1608981,-0.4177646,0.3076399,-9.889029,0.42555338,2.0327286,8.007545,11.740294,0,-1.32,-7.878,150.664
00:56.9,7,1.66,15.43027749,75.01566061,740.93,0.046402279,211.44322,1.669,6.24,0.491,-0.27606035,0.13233775,0.3480038,-0.9784243,0.02877865,-10.9860895,0.46737402,2.2212134,8.151688,12.009216,0,-1.73,-7.552,151.026
00:57.0,7,1.66,15.43027748,75.01566062,740.93,0.058091448,201.38994,1.668,6.24,0.482,-0.744295,0.4780277,0.5351095,-1.539084,-0.2500826,-12.08315,0.50919466,2.4096982,8.295831,12.278138,0,-2.14,-7.226,151.388
00:57.0,7,1.66,15.43027747,75.01566063,740.93,0.069780617,191.33666,1.667,6.24,0.473,-0.2823266,0.30845315,0.4262453,-0.780599495,0.4873977,-11.372,0.5510153,2.598183,8.439974,12.54706,0,-2.55,-6.9,151.75
00:57.0,7,1.66,15.43027746,75.01566064,740.93,0.081469786,181.28338,1.666,6.24,0.464,0.1796418,0.1388786,0.3173811,-0.02211499,1.224878,-10.66085,0.59453138,2.511911,8.3118098,11.9594974,0,-2.468,-6.874,152.046
00:57.0,7,1.66,15.43027745,75.01566065,740.93,0.093158955,171.2301,1.665,6.24,0.455,0.07912423,0.01914345,0.2897116,-0.234412445,0.74105505,-10.967565,0.63804746,2.425639,8.1836456,11.3719348,0,-2.386,-6.848,152.342
00:57.0,7,1.66,15.43027744,75.01566066,740.93,0.104848124,161.17682,1.664,6.24,0.446,-0.02139334,-0.1005917,0.2620421,-0.4467099,0.2572321,-11.27428,0.68156354,2.339367,8.0554814,10.7843722,0,-2.304,-6.822,152.638
00:57.1,7,1.66,15.43027743,75.01566067,740.93,0.116537293,151.12354,1.663,6.24,0.437,0.16293398,-0.1777492,0.2240933,-0.29254365,0.5386753,-10.81367,0.72507962,2.253095,7.9273172,10.1968096,0,-2.222,-6.796,152.934
00:57.1,7,1.66,15.43027742,75.01566068,740.93,0.128226462,141.07026,1.662,6.24,0.428,0.3472613,-0.2549067,0.1861445,-0.1383774,0.8201185,-10.35306,0.7685957,2.166823,7.799153,9.609247,0,-2.14,-6.77,153.23
00:57.1,7,1.66,15.43027741,75.01566069,740.93,0.139915631,131.01698,1.661,6.24,0.419,0.22033158,-0.04582215,0.11536856,-0.5880747,0.53237315,-10.413845,0.6770424,2.0949886,7.6650832,9.4735378,0,-1.894,-6.566,153.26
00:57.1,7,1.66,15.4302774,75.0156607,740.93,0.1516048,120.9637,1.66,6.24,0.41,0.09340186,0.1632624,0.04459262,-1.037772,0.2446278,-10.47463,0.5854891,2.0231542,7.5310134,9.3378286,0,-1.648,-6.362,153.29
00:57.1,7,1.66,15.43027737,75.01566071,740.932,0.15445793,126.64462,1.658,6.238,0.401,0.11732488,0.2080357,0.00288578,-0.81597295,0.1791268,-10.284325,0.4939358,1.9513198,7.3969436,9.2021194,0,-1.402,-6.158,153.32
00:57.2,7,1.66,15.43027734,75.01566072,740.934,0.15731106,132.32554,1.656,6.236,0.392,0.1412479,0.252809,-0.03882106,-0.5941739,0.1136258,-10.09402,0.4023825,1.8794854,7.2628738,9.0664102,0,-1.156,-5.954,153.35
00:57.2,7,1.66,15.43027731,75.01566073,740.936,0.16016419,138.00646,1.654,6.234,0.383,0.03172858,0.26687505,-0.05453408,-0.48734735,0.14845885,-9.9937065,0.3108292,1.807651,7.128804,8.930701,0,-0.91,-5.75,153.38
00:57.2,7,1.66,15.43027728,75.01566074,740.938,0.16301732,143.68738,1.652,6.232,0.374,-0.07779074,0.2809411,-0.0702471,-0.3805208,0.1832919,-9.893393,0.29839602,1.7842322,7.1055176,8.7836982,0,-0.796,-5.358,153.214
00:57.2,7,1.66,15.43027725,75.01566075,740.94,0.16587045,149.3683,1.65,6.23,0.365,-0.00041677,0.3852541,-0.1205059,-0.36633395,0.32052045,-9.8285445,0.28596284,1.7608134,7.0822312,8.6366954,0,-0.682,-4.966,153.048
00:57.2,7,1.66,15.43027722,75.01566076,740.942,0.16872358,155.04922,1.648,6.228,0.356,0.0769572,0.4895671,-0.1707647,-0.3521471,0.457749,-9.763696,0.27352966,1.7373946,7.0589448,8.4896926,0,-0.568,-4.574,152.882
00:57.3,7,1.66,15.43027719,75.01566077,740.944,0.17157671,160.73014,1.646,6.226,0.347,-0.0174198,0.3541675,-0.1817413,-0.182591405,0.3691594,-9.707451,0.26109648,1.7139758,7.0356584,8.3426898,0,-0.454,-4.182,152.716
00:57.3,7,1.66,15.43027716,75.01566078,740.946,0.17442984,166.41106,1.644,6.224,0.338,-0.1117968,0.2187679,-0.1927179,-0.01303571,0.2805698,-9.651206,0.2486633,1.690557,7.012372,8.195687,0,-0.34,-3.79,152.55
00:57.3,7,1.66,15.43027713,75.01566079,740.948,0.17728297,172.09198,1.642,6.222,0.329,-0.046949335,0.29226355,-0.22201905,-0.214834055,0.30415475,-9.655023,0.24244672,1.7538478,7.0104016,8.385038,0,-0.392,-3.456,152.266
00:57.3,7,1.66,15.4302771,75.0156608,740.95,0.1801361,177.7729,1.64,6.22,0.32,0.01789813,0.3657592,-0.2513202,-0.4166324,0.3277397,-9.65884,0.23623014,1.8171386,7.0084312,8.574389,0,-0.444,-3.122,151.982
00:57.3,7,1.66,15.43027706,75.01566079,740.949,0.1941239,178.04932,1.639,6.219,0.315,0.026952835,0.2565344,-0.2562273,-0.26835425,0.4278592,-9.541368,0.23001356,1.8804294,7.0064608,8.76374,0,-0.496,-2.788,151.698
00:57.4,7,1.66,15.43027702,75.01566078,740.948,0.2081117,178.32574,1.638,6.218,0.31,0.03600754,0.1473096,-0.2611344,-0.1200761,0.5279787,-9.423896,0.22379698,1.9437202,7.0044904,8.953091,0,-0.548,-2.454,151.414
00:57.4,7,1.66,15.43027698,75.01566077,740.947,0.2220995,178.60216,1.637,6.217,0.305,-0.04454618,0.23072335,-0.25733015,-0.2074255,0.5561115,-9.5530285,0.2175804,2.007011,7.00252,9.142442,0,-0.6,-2.12,151.13
00:57.4,7,1.66,15.43027694,75.01566076,740.946,0.2360873,178.87858,1.636,6.216,0.3,-0.1250999,0.3141371,-0.2535259,-0.2947749,0.5842443,-9.682161,0.23849072,2.047879,7.4668046,9.4015576,0,-0.69,-1.902,150.88
00:57.4,7,1.66,15.4302769,75.01566075,740.945,0.2500751,179.155,1.635,6.215,0.295,-0.021926115,0.2088441,-0.2554093,-0.2233707,0.48702415,-9.5519055,0.25940104,2.088747,7.9310892,9.6606732,0,-0.78,-1.684,150.63
00:57.4,7,1.66,15.43027686,75.01566074,740.944,0.2640629,179.43142,1.634,6.214,0.29,0.08124767,0.1035511,-0.2572927,-0.1519665,0.389804,-9.42165,0.28031136,2.129615,8.3953738,9.9197888,0,-0.87,-1.466,150.38
00:57.5,7,1.66,15.43027682,75.01566073,740.943,0.2780507,179.70784,1.633,6.213,0.285,-0.150653265,0.1202226,-0.20368235,-0.06726758,0.4449303,-9.566614,0.30122168,2.170483,8.8596584,10.1789044,0,-0.96,-1.248,150.13
00:57.5,7,1.66,15.43027678,75.01566072,740.942,0.2920385,179.98426,1.632,6.212,0.28,-0.3825542,0.1368941,-0.150072,0.01743134,0.5000566,-9.711578,0.322132,2.211351,9.323943,10.43802,0,-1.05,-1.03,149.88
00:57.5,7,1.66,15.43027674,75.01566071,740.941,0.3060263,180.26068,1.631,6.211,0.275,-0.42374925,0.1965084,-0.1809993,-0.04175438,0.33381165,-9.899579,0.35999664,2.1347832,9.168353,10.589172,0,-1.76,-0.828,149.708
00:57.5,7,1.66,15.4302767,75.0156607,740.94,0.3200141,180.5371,1.63,6.21,0.27,-0.4649443,0.2561227,-0.2119266,-0.1009401,0.1675667,-10.08758,0.39786128,2.0582154,9.012763,10.740324,0,-2.47,-0.626,149.536
00:57.5,7,1.66,15.43027665,75.01566071,740.928,0.31236346,176.24969,1.626,6.143,0.271,-0.58138635,0.19805835,-0.1869293,-0.13854515,0.20368955,-9.830213,0.43572592,1.9816476,8.857173,10.891476,0,-3.18,-0.424,149.364
00:57.6,7,1.66,15.4302766,75.01566072,740.916,0.30471282,171.96228,1.622,6.076,0.272,-0.6978284,0.139994,-0.161932,-0.1761502,0.2398124,-9.572846,0.47359056,1.9050798,8.701583,11.042628,0,-3.89,-0.222,149.192
00:57.6,7,1.66,15.43027655,75.01566073,740.904,0.29706218,167.67487,1.618,6.009,0.273,-0.5011954,0.1163008,-0.09814187,-0.1761234,0.38166425,-9.5553615,0.5114552,1.828512,8.545993,11.19378,0,-4.6,-0.02,149.02
00:57.6,7,1.66,15.4302765,75.01566074,740.892,0.28941154,163.38746,1.614,5.942,0.274,-0.3045624,0.0926076,-0.03435174,-0.1760966,0.5235161,-9.537877,0.44363794,1.8113896,8.707194,11.268198,0,-5.088,0.12,149.03
00:57.6,7,1.66,15.43027645,75.01566075,740.88,0.2817609,159.10005,1.61,5.875,0.275,-0.43289605,0.11924695,-0.019438703,-0.1476159,0.45469085,-9.7589855,0.37582068,1.7942672,8.868395,11.342616,0,-5.576,0.26,149.04
00:57.6,7,1.66,15.4302764,75.01566076,740.868,0.27411026,154.81264,1.606,5.808,0.276,-0.5612297,0.1458863,-0.004525665,-0.1191352,0.3858656,-9.980094,0.30800342,1.7771448,9.029596,11.417034,0,-6.064,0.4,149.05
00:57.7,7,1.66,15.43027635,75.01566077,740.856,0.26645962,150.52523,1.602,5.741,0.277,-0.40097755,0.067670285,0.056935118,-0.08524571,0.3286481,-9.7614825,0.24018616,1.7600224,9.190797,11.491452,0,-6.552,0.54,149.06
00:57.7,7,1.66,15.4302763,75.01566078,740.844,0.25880898,146.23782,1.598,5.674,0.278,-0.2407254,-0.01054573,0.1183959,-0.05135622,0.2714306,-9.542871,0.1723689,1.7429,9.351998,11.56587,0,-7.04,0.68,149.07
00:57.7,7,1.66,15.43027625,75.01566079,740.832,0.25115834,141.95041,1.594,5.607,0.279,-0.34717855,-0.01988475,0.1585518,-0.018078845,0.28601815,-9.5427565,0.16106602,1.6989308,9.3264858,11.66273,0,-7.456,0.732,149.272
00:57.7,7,1.66,15.4302762,75.0156608,740.82,0.2435077,137.663,1.59,5.54,0.28,-0.4536317,-0.02922377,0.1987077,0.01519853,0.3006057,-9.542642,0.14976314,1.6549616,9.3009736,11.75959,0,-7.872,0.784,149.474
00:57.7,7,1.66,15.43027618,75.01566083,740.81,0.23875923,134.43503,1.588,5.494,0.285,-0.4295771,-0.016081196,0.2082763,0.03316784,0.36694645,-9.495865,0.13846026,1.6109924,9.2754614,11.85645,0,-8.288,0.836,149.676
00:57.8,7,1.66,15.43027616,75.01566086,740.8,0.23401076,131.20706,1.586,5.448,0.29,-0.4055225,-0.002938621,0.2178449,0.05113715,0.4332872,-9.449088,0.12715738,1.5670232,9.2499492,11.95331,0,-8.704,0.888,149.878
00:57.8,7,1.66,15.43027614,75.01566089,740.79,0.22926229,127.97909,1.584,5.402,0.295,-0.1767943,0.00223854,0.20303215,-0.012066935,0.35235605,-9.4153385,0.1158545,1.523054,9.224437,12.05017,0,-9.12,0.94,150.08
00:57.8,7,1.66,15.43027612,75.01566092,740.78,0.22451382,124.75112,1.582,5.356,0.3,0.0519339,0.007415701,0.1882194,-0.07527102,0.2714249,-9.381589,0.107942486,1.5065342,8.9547104,11.758446,0,-9.132,0.928,150.216
00:57.8,7,1.66,15.4302761,75.01566095,740.77,0.21976535,121.52315,1.58,5.31,0.305,0.01292708,-0.04949715,0.15764065,-0.036375125,0.23042855,-9.3157235,0.100030472,1.4900144,8.6849838,11.466722,0,-9.144,0.916,150.352
00:57.8,7,1.66,15.43027608,75.01566098,740.76,0.21501688,118.29518,1.578,5.264,0.31,-0.02607974,-0.10641,0.1270619,0.00252077,0.1894322,-9.249858,0.092118458,1.4734946,8.4152572,11.174998,0,-9.156,0.904,150.488
00:57.9,7,1.66,15.43027606,75.01566101,740.75,0.21026841,115.06721,1.576,5.218,0.315,-0.08858622,-0.054917075,0.084591445,-0.041324305,0.07938001,-9.3619595,0.084206444,1.4569748,8.1455306,10.883274,0,-9.168,0.892,150.624
00:57.9,7,1.66,15.43027604,75.01566104,740.74,0.20551994,111.83924,1.574,5.172,0.32,-0.1510927,-0.003424149,0.04212099,-0.08516938,-0.03067218,-9.474061,0.07629443,1.440455,7.875804,10.59155,0,-9.18,0.88,150.76
00:57.9,7,1.66,15.43027602,75.01566107,740.73,0.20077147,108.61127,1.572,5.126,0.325,-0.151211,-0.008394275,-0.000940525,-0.08682748,-0.062611725,-9.412882,0.063861264,1.4380202,7.790801,10.4284644,0,-9.268,0.878,150.722
00:57.9,7,1.66,15.430276,75.0156611,740.72,0.196023,105.3833,1.57,5.08,0.33,-0.1513293,-0.0133644,-0.04400204,-0.08848558,-0.09455127,-9.351703,0.051428098,1.4355854,7.705798,10.2653788,0,-9.356,0.876,150.684
00:57.9,7,1.66,15.43027601,75.01566112,740.709,0.21530631,100.255232,1.568,5.045,0.314,-0.0142599,0.019165555,-0.05288157,-0.11701069,0.048219815,-9.4385675,0.038994932,1.4331506,7.620795,10.1022932,0,-9.444,0.874,150.646
00:58.0,7,1.66,15.43027602,75.01566114,740.698,0.23458962,95.127164,1.566,5.01,0.298,0.1228095,0.05169551,-0.0617611,-0.1455358,0.1909909,-9.525432,0.026561766,1.4307158,7.535792,9.9392076,0,-9.532,0.872,150.608
00:58.0,7,1.66,15.43027603,75.01566116,740.687,0.25387293,89.999096,1.564,4.975,0.282,0.048682485,-0.0182006,-0.1060504,-0.12819515,0.067880845,-9.43716,0.0141286,1.428281,7.450789,9.776122,0,-9.62,0.87,150.57
00:58.0,7,1.66,15.43027604,75.01566118,740.676,0.27315624,84.871028,1.562,4.94,0.266,-0.02544453,-0.08809671,-0.1503397,-0.1108545,-0.05522921,-9.348888,0.04521152,1.4863084,7.4414574,9.9247176,0,-9.602,0.82,150.378
00:58.0,7,1.66,15.43027605,75.0156612,740.665,0.29243955,79.74296,1.56,4.905,0.25,-0.040396435,-0.055379475,-0.14929875,-0.2182474,0.086283045,-9.385457,0.07629444,1.5443358,7.4321258,10.0733132,0,-9.584,0.77,150.186
00:58.0,7,1.66,15.43027606,75.01566122,740.654,0.31172286,74.614892,1.558,4.87,0.234,-0.05534834,-0.02266224,-0.1482578,-0.3256403,0.2277953,-9.422026,0.10737736,1.6023632,7.4227942,10.2219088,0,-9.566,0.72,149.994
00:58.1,7,1.66,15.43027607,75.01566124,740.643,0.33100617,69.486824,1.556,4.835,0.218,0.20396973,-0.010291083,-0.1886585,-0.2403956,0.35121595,-9.28826,0.13846028,1.6603906,7.4134626,10.3705044,0,-9.548,0.67,149.802
00:58.1,7,1.66,15.43027608,75.01566126,740.632,0.35028948,64.358756,1.554,4.8,0.202,0.4632878,0.002080075,-0.2290592,-0.1551509,0.4746366,-9.154494,0.1695432,1.718418,7.404131,10.5191,0,-9.53,0.62,149.61
00:58.1,7,1.66,15.43027609,75.01566128,740.621,0.36957279,59.230688,1.552,4.765,0.186,0.3363027,0.032688533,-0.21108075,-0.1506637,0.4045297,-9.260835,0.140155712,1.70219,7.3749514,10.609344,0,-9.234,0.59,149.38
00:58.1,7,1.66,15.4302761,75.0156613,740.61,0.3888561,54.10262,1.55,4.73,0.17,0.2093176,0.06329699,-0.1931023,-0.1461765,0.3344228,-9.367176,0.110768224,1.685962,7.3457718,10.699588,0,-8.938,0.56,149.15
00:58.1,7,1.66,15.43027617,75.01566134,740.601,0.40709886,50.773787,1.548,4.725,0.172,0.25688615,0.002397705,-0.22129,-0.04234899,0.191852495,-9.4278725,0.081380736,1.669734,7.3165922,10.789832,0,-8.642,0.53,148.92
00:58.2,7,1.66,15.43027624,75.01566138,740.592,0.42534162,47.444954,1.546,4.72,0.174,0.3044547,-0.05850158,-0.2494777,0.06147852,0.04928219,-9.488569,0.051993248,1.653506,7.2874126,10.880076,0,-8.346,0.5,148.69
00:58.2,7,1.66,15.43027631,75.01566142,740.583,0.44358438,44.116121,1.544,4.715,0.176,0.160781925,0.0047444,-0.237453,-0.09803879,0.172093145,-9.54095,0.02260576,1.637278,7.258233,10.97032,0,-8.05,0.47,148.46
00:58.2,7,1.66,15.43027638,75.01566146,740.574,0.46182714,40.787288,1.542,4.71,0.178,0.01710915,0.06799038,-0.2254283,-0.2575561,0.2949041,-9.593331,0.025996622,1.7903892,7.6933262,11.213864,0,-7.688,0.336,148.172
00:58.2,7,1.66,15.43027645,75.0156615,740.565,0.4800699,37.458455,1.54,4.705,0.18,0.064429675,-0.04080456,-0.23902225,-0.136258835,0.3418777,-9.4111335,0.029387484,1.9435004,8.1284194,11.457408,0,-7.326,0.202,147.884
00:58.2,7,1.66,15.43027652,75.01566154,740.556,0.49831266,34.129622,1.538,4.7,0.182,0.1117502,-0.1495995,-0.2526162,-0.01496157,0.3888513,-9.228936,0.032778346,2.0966116,8.5635126,11.700952,0,-6.964,0.068,147.596
00:58.3,7,1.66,15.43027659,75.01566158,740.547,0.51655542,30.800789,1.536,4.695,0.184,0.4510349,-0.2654631,-0.32908405,0.098312215,0.70971765,-9.620403,0.036169208,2.2497228,8.9986058,11.944496,0,-6.602,-0.066,147.308
00:58.3,7,1.66,15.43027666,75.01566162,740.538,0.53479818,27.471956,1.534,4.69,0.186,0.7903196,-0.3813267,-0.4055519,0.211586,1.030584,-10.01187,0.03956007,2.402834,9.433699,12.18804,0,-6.24,-0.2,147.02
00:58.3,7,1.66,15.43027673,75.01566166,740.529,0.55304094,24.143123,1.532,4.685,0.188,0.73057325,-0.18085528,-0.3904085,0.03814445,0.78776885,-10.366615,0.028257192,2.2296086,9.271606,12.46067,0,-5.508,-0.346,146.572
00:58.3,7,1.66,15.4302768,75.0156617,740.52,0.5712837,20.81429,1.53,4.68,0.19,0.6708269,0.01961614,-0.3752651,-0.1352971,0.5449537,-10.72136,0.016954314,2.0563832,9.109513,12.7333,0,-4.776,-0.492,146.124
00:58.3,7,1.66,15.43027689,75.0156618,740.522,0.59901993,24.56238,1.529,4.678,0.192,0.818316,-0.07390238,-0.39666935,0.04825635,0.7675634,-10.65838,0.005651436,1.8831578,8.94742,13.00593,0,-4.044,-0.638,145.676
00:58.4,7,1.66,15.43027698,75.0156619,740.524,0.62675616,28.31047,1.528,4.676,0.194,0.9658051,-0.1674209,-0.4180736,0.2318098,0.9901731,-10.5954,-0.005651442,1.7099324,8.785327,13.27856,0,-3.312,-0.784,145.228
00:58.4,7,1.66,15.43027707,75.015662,740.526,0.65449239,32.05856,1.527,4.674,0.196,0.75379345,-0.03213405,-0.3851365,-0.0272029,0.70990905,-10.71268,-0.01695432,1.536707,8.623234,13.55119,0,-2.58,-0.93,144.78
00:58.4,7,1.66,15.43027716,75.0156621,740.528,0.68222862,35.80665,1.526,4.672,0.198,0.5417818,0.1031528,-0.3521994,-0.2862156,0.429645,-10.82996,0.010737724,1.702918,8.4901276,13.18445,0,-2.348,-0.954,144.37
00:58.4,7,1.66,15.43027725,75.0156622,740.53,0.70996485,39.55474,1.525,4.67,0.2,0.4253913,-0.03794465,-0.35670905,0.0183967,0.45027535,-10.818855,0.038429768,1.869129,8.3570212,12.81771,0,-2.116,-0.978,143.96
00:58.4,7,1.66,15.43027734,75.0156623,740.532,0.73770108,43.30283,1.524,4.668,0.202,0.3090008,-0.1790421,-0.3612187,0.323009,0.4709057,-10.80775,0.066121812,2.03534,8.2239148,12.45097,0,-1.884,-1.002,143.55
00:58.5,7,1.66,15.43027743,75.0156624,740.534,0.76543731,47.05092,1.523,4.666,0.204,0.154269617,-0.101845675,-0.3256104,0.133349955,0.5631801,-10.684615,0.093813856,2.201551,8.0908084,12.08423,0,-1.652,-1.026,143.14
00:58.5,7,1.66,15.43027752,75.0156625,740.536,0.79317354,50.79901,1.522,4.664,0.206,-0.000461565,-0.02464925,-0.2900021,-0.05630909,0.6554545,-10.56148,0.1215059,2.367762,7.957702,11.71749,0,-1.42,-1.05,142.73
00:58.5,7,1.66,15.43027761,75.0156626,740.538,0.82090977,54.5471,1.521,4.662,0.208,0.183577417,0.006654335,-0.24657985,-0.043352805,0.6799314,-10.39001,0.090422992,2.3308116,8.1602826,11.381044,0,-1.28,-0.968,142.564
00:58.5,7,1.66,15.4302777,75.0156627,740.54,0.848646,58.29519,1.52,4.66,0.21,0.3676164,0.03795792,-0.2031576,-0.03039652,0.7044083,-10.21854,0.059340084,2.2938612,8.3628632,11.044598,0,-1.14,-0.886,142.398
00:58.5,7,1.66,15.43027776,75.01566281,740.541,0.81790164,58.714471,1.519,4.658,0.212,0.12209555,0.08369126,-0.145582635,0.15511114,0.58590285,-10.237715,0.028257176,2.2569108,8.5654438,10.708152,0,-1,-0.804,142.232
00:58.6,7,1.66,15.43027782,75.01566292,740.542,0.78715728,59.133752,1.518,4.656,0.214,-0.1234253,0.1294246,-0.08800767,0.3406188,0.4673974,-10.25689,-0.002825732,2.2199604,8.7680244,10.371706,0,-0.86,-0.722,142.066
00:58.6,7,1.66,15.43027788,75.01566303,740.543,0.75641292,59.553033,1.517,4.654,0.216,-0.01662727,0.098145495,-0.03846271,0.160067825,0.52738685,-10.22086,-0.03390864,2.18301,8.970605,10.03526,0,-0.72,-0.64,141.9
00:58.6,7,1.66,15.43027794,75.01566314,740.544,0.72566856,59.972314,1.516,4.652,0.218,0.09017076,0.06686639,0.01108225,-0.02048315,0.5873763,-10.18483,0.010172588,2.2515444,8.5744378,9.5701242,0,-0.67,-0.558,141.986
00:58.6,7,1.66,15.430278,75.01566325,740.545,0.6949242,60.391595,1.515,4.65,0.22,0.13185648,0.030349804,0.051517885,0.042685625,0.5775745,-9.9140465,0.054253816,2.3200788,8.1782706,9.1049884,0,-0.62,-0.476,142.072
00:58.6,7,1.66,15.43027806,75.01566336,740.546,0.66417984,60.810876,1.514,4.648,0.222,0.1735422,-0.006166783,0.09195352,0.1058544,0.5677727,-9.643263,0.098335044,2.3886132,7.7821034,8.6398526,0,-0.57,-0.394,142.158
00:58.7,7,1.66,15.43027812,75.01566347,740.547,0.63343548,61.230157,1.513,4.646,0.224,0.05530252,0.049670208,0.12576231,0.028665,0.4465636,-9.670428,0.142416272,2.4571476,7.3859362,8.1747168,0,-0.52,-0.312,142.244
00:58.7,7,1.66,15.43027818,75.01566358,740.548,0.60269112,61.649438,1.512,4.644,0.226,-0.06293716,0.1055072,0.1595711,-0.0485244,0.3253545,-9.697593,0.1864975,2.525682,6.989769,7.709581,0,-0.47,-0.23,142.33
00:58.7,7,1.66,15.43027824,75.01566369,740.549,0.57194676,62.068719,1.511,4.642,0.228,0.007957095,0.09291864,0.21372675,0.07278165,0.4783664,-9.551306,0.1814112,2.6553904,7.325097,7.8577632,0,-0.438,-0.198,142.63
00:58.7,7,1.66,15.4302783,75.0156638,740.55,0.5412024,62.488,1.51,4.64,0.23,0.07885135,0.08033008,0.2678824,0.1940877,0.6313783,-9.405019,0.1763249,2.7850988,7.660425,8.0059454,0,-0.406,-0.166,142.93
00:58.7,7,1.66,15.43027834,75.01566388,740.555,0.52248753,61.335309,1.509,4.638,0.233,0.093662175,0.02371405,0.2851679,0.21940485,0.59183615,-9.4310545,0.1712386,2.9148072,7.995753,8.1541276,0,-0.374,-0.134,143.23
00:58.8,7,1.66,15.43027838,75.01566396,740.56,0.50377266,60.182618,1.508,4.636,0.236,0.108473,-0.03290198,0.3024534,0.244722,0.552294,-9.45709,0.1661523,3.0445156,8.331081,8.3023098,0,-0.342,-0.102,143.53
00:58.8,7,1.66,15.43027842,75.01566404,740.565,0.48505779,59.029927,1.507,4.634,0.239,-0.0677403,0.04332226,0.33628685,0.164485365,0.4448989,-9.55942,0.161066,3.174224,8.666409,8.450492,0,-0.31,-0.07,143.83
00:58.8,7,1.66,15.43027846,75.01566412,740.57,0.46634292,57.877236,1.506,4.632,0.242,-0.2439536,0.1195465,0.3701203,0.08424873,0.3375038,-9.66175,0.133939096,3.0009394,8.887382,9.1679556,0,-0.346,0.044,144.214
00:58.8,7,1.66,15.4302785,75.0156642,740.575,0.44762805,56.724545,1.505,4.63,0.245,-0.2248549,0.14610765,0.36341575,0.07433513,0.38120705,-9.840205,0.106812192,2.8276548,9.108355,9.8854192,0,-0.382,0.158,144.598
00:58.8,7,1.66,15.43027854,75.01566428,740.58,0.42891318,55.571854,1.504,4.628,0.248,-0.2057562,0.1726688,0.3567112,0.06442153,0.4249103,-10.01866,0.079685288,2.6543702,9.329328,10.6028828,0,-0.418,0.272,144.982
00:58.9,7,1.66,15.43027858,75.01566436,740.585,0.41019831,54.419163,1.503,4.626,0.251,-0.23192655,0.10232929,0.30469295,0.142607215,0.35581255,-10.025415,0.052558384,2.4810856,9.550301,11.3203464,0,-0.454,0.386,145.366
00:58.9,7,1.66,15.43027862,75.01566444,740.59,0.39148344,53.266472,1.502,4.624,0.254,-0.2580969,0.03198978,0.2526747,0.2207929,0.2867148,-10.03217,0.02543148,2.307801,9.771274,12.03781,0,-0.49,0.5,145.75
00:58.9,7,1.66,15.43027866,75.01566452,740.595,0.37276857,52.113781,1.501,4.622,0.257,-0.080561165,-0.04384501,0.18971665,0.2244612,0.39127855,-9.9967465,0.049732664,2.2494856,9.4135452,12.116402,0,-0.476,0.404,145.938
00:58.9,7,1.66,15.4302787,75.0156646,740.6,0.3540537,50.96109,1.5,4.62,0.26,0.09697457,-0.1196798,0.1267586,0.2281295,0.4958423,-9.961323,0.074033848,2.1911702,9.0558164,12.194994,0,-0.462,0.308,146.126
00:58.9,7,1.66,15.43027875,75.01566464,740.598,0.36734464,49.403703,1.5,4.619,0.254,0.153071835,-0.103209015,0.1439172,0.13027357,0.43262935,-9.9548645,0.098335032,2.1328548,8.6980876,12.273586,0,-0.448,0.212,146.314
00:59.0,7,1.66,15.4302788,75.01566468,740.596,0.38063558,47.846316,1.5,4.618,0.248,0.2091691,-0.08673823,0.1610758,0.03241764,0.3694164,-9.948406,0.122636216,2.0745394,8.3403588,12.352178,0,-0.434,0.116,146.502
00:59.0,7,1.66,15.43027885,75.01566472,740.594,0.39392652,46.288929,1.5,4.617,0.242,0.132857455,-0.079425145,0.1680883,-0.04258303,0.4303229,-9.767922,0.1469374,2.016224,7.98263,12.43077,0,-0.42,0.02,146.69
00:59.0,7,1.66,15.4302789,75.01566476,740.592,0.40721746,44.731542,1.5,4.616,0.236,0.05654581,-0.07211206,0.1751008,-0.1175837,0.4912294,-9.587438,0.16558716,1.976697,8.2063634,12.514624,0,-0.376,0.012,146.834
00:59.0,7,1.66,15.43027895,75.0156648,740.59,0.4205084,43.174155,1.5,4.615,0.23,0.01557283,0.000359735,0.14939705,-0.21598085,0.4644889,-9.7007095,0.18423692,1.93717,8.4300968,12.598478,0,-0.332,0.004,146.978
00:59.0,7,1.66,15.430279,75.01566484,740.588,0.43379934,41.616768,1.5,4.614,0.224,-0.02540015,0.07283153,0.1236933,-0.314378,0.4377484,-9.813981,0.20288668,1.897643,8.6538302,12.682332,0,-0.288,-0.004,147.122
00:59.1,7,1.66,15.43027905,75.01566488,740.586,0.44709028,40.059381,1.5,4.613,0.218,-0.102194975,0.027247075,0.09239147,-0.18405188,0.3697602,-9.8005325,0.22153644,1.858116,8.8775636,12.766186,0,-0.244,-0.012,147.266
00:59.1,7,1.66,15.4302791,75.01566492,740.584,0.46038122,38.501994,1.5,4.612,0.212,-0.1789898,-0.01833738,0.06108964,-0.05372576,0.301772,-9.787084,0.2401862,1.818589,9.101297,12.85004,0,-0.2,-0.02,147.41
00:59.1,7,1.66,15.43027915,75.01566496,740.582,0.47367216,36.944607,1.5,4.611,0.206,0.02723515,0.000681745,0.0583637,-0.05292295,0.3382306,-9.985512,0.28426742,1.8696706,9.2452556,12.718846,0,-0.156,0.05,147.506
00:59.1,7,1.66,15.4302792,75.015665,740.58,0.4869631,35.38722,1.5,4.61,0.2,0.2334601,0.01970087,0.05563776,-0.05212014,0.3746892,-10.18394,0.32834864,1.9207522,9.3892142,12.587652,0,-0.112,0.12,147.602
00:59.1,7,1.66,15.43027927,75.01566505,740.586,0.48236577,35.239125,1.499,4.609,0.201,0.111494915,0.085313435,0.077063115,-0.071046595,0.3699804,-10.006889,0.37242986,1.9718338,9.5331728,12.456458,0,-0.068,0.19,147.698
00:59.2,7,1.66,15.43027934,75.0156651,740.592,0.47776844,35.09103,1.498,4.608,0.202,-0.01047027,0.150926,0.09848847,-0.08997305,0.3652716,-9.829838,0.41651108,2.0229154,9.6771314,12.325264,0,-0.024,0.26,147.794
00:59.2,7,1.66,15.43027941,75.01566515,740.598,0.47317111,34.942935,1.497,4.607,0.203,-0.061457385,0.071765833,0.0596473,-0.01002139,0.29767695,-9.7594185,0.4605923,2.073997,9.82109,12.19407,0,0.02,0.33,147.89
00:59.2,7,1.66,15.43027948,75.0156652,740.604,0.46857378,34.79484,1.496,4.606,0.204,-0.1124445,-0.007394334,0.02080613,0.06993027,0.2300823,-9.688999,0.41029448,2.0269726,9.3190732,12.096298,0,0.022,0.326,147.98
00:59.2,7,1.66,15.43027955,75.01566525,740.61,0.46397645,34.646745,1.495,4.605,0.205,0.11059205,-0.011892922,0.066351065,-0.019628915,0.2402708,-9.6447085,0.35999666,1.9799482,8.8170564,11.998526,0,0.024,0.322,148.07
00:59.2,7,1.66,15.43027962,75.0156653,740.616,0.45937912,34.49865,1.494,4.604,0.206,0.3336286,-0.01639151,0.111896,-0.1091881,0.2504593,-9.600418,0.30969884,1.9329238,8.3150396,11.900754,0,0.026,0.318,148.16
00:59.3,7,1.66,15.43027969,75.01566535,740.622,0.45478179,34.350555,1.493,4.603,0.207,0.11153875,-0.05332576,0.1103163,-0.07575274,0.21097625,-9.675353,0.25940102,1.8858994,7.8130228,11.802982,0,0.028,0.314,148.25
00:59.3,7,1.66,15.43027976,75.0156654,740.628,0.45018446,34.20246,1.492,4.602,0.208,-0.1105511,-0.09026001,0.1087366,-0.04231738,0.1714932,-9.750288,0.2091032,1.838875,7.311006,11.70521,0,0.03,0.31,148.34
00:59.3,7,1.66,15.43027983,75.01566545,740.634,0.44558713,34.054365,1.491,4.601,0.209,0.0116179,-0.113825705,0.095212015,-0.09467709,0.28591925,-9.676485,0.22492724,1.8856776,7.2783424,11.655572,0,0.168,0.22,148.384
00:59.3,7,1.66,15.4302799,75.0156655,740.64,0.4409898,33.90627,1.49,4.6,0.21,0.1337869,-0.1373914,0.08168743,-0.1470368,0.4003453,-9.602682,0.24075128,1.9324802,7.2456788,11.605934,0,0.306,0.13,148.428
00:59.3,7,1.66,15.43027996,75.01566554,740.642,0.42878016,33.485674,1.489,4.6,0.213,0.1604402,-0.068443154,0.047483015,-0.13414275,0.2553543,-9.7357965,0.25657532,1.9792828,7.2130152,11.556296,0,0.444,0.04,148.472
00:59.4,7,1.66,15.43028002,75.01566558,740.644,0.41657052,33.065078,1.488,4.6,0.216,0.1870935,0.000505092,0.0132786,-0.1212487,0.1103633,-9.868911,0.27239936,2.0260854,7.1803516,11.506658,0,0.582,-0.05,148.516
00:59.4,7,1.66,15.43028008,75.01566562,740.646,0.40436088,32.644482,1.487,4.6,0.219,0.0261521,-0.048395229,-0.016857445,-0.089284025,0.064711165,-9.746625,0.2882234,2.072888,7.147688,11.45702,0,0.72,-0.14,148.56
00:59.4,7,1.66,15.43028014,75.01566566,740.648,0.39215124,32.223886,1.486,4.6,0.222,-0.1347893,-0.09729555,-0.04699349,-0.05731935,0.01905903,-9.624339,0.27296452,2.0611474,7.3064894,11.681106,0,0.696,-0.28,148.542
00:59.4,7,1.66,15.4302802,75.0156657,740.65,0.3799416,31.80329,1.485,4.6,0.225,0.013362,-0.130304175,-0.041230585,-0.137400375,0.110366715,-9.5543375,0.25770564,2.0494068,7.4652908,11.905192,0,0.672,-0.42,148.524
00:59.4,7,1.66,15.43028026,75.01566574,740.652,0.36773196,31.382694,1.484,4.6,0.228,0.1615133,-0.1633128,-0.03546768,-0.2174814,0.2016744,-9.484336,0.24244676,2.0376662,7.6240922,12.129278,0,0.648,-0.56,148.506
00:59.5,7,1.66,15.43028032,75.01566578,740.654,0.35552232,30.962098,1.483,4.6,0.231,0.2019556,-0.14842,0.01189453,-0.26618125,0.3623954,-9.574836,0.22718788,2.0259256,7.7828936,12.353364,0,0.624,-0.7,148.488
00:59.5,7,1.66,15.43028038,75.01566582,740.656,0.34331268,30.541502,1.482,4.6,0.234,0.2423979,-0.1335272,0.05925674,-0.3148811,0.5231164,-9.665336,0.211929,2.014185,7.941695,12.57745,0,0.6,-0.84,148.47
00:59.5,7,1.66,15.43028044,75.01566586,740.658,0.33110304,30.120906,1.481,4.6,0.237,-0.0127863,-0.0609081,0.041446475,-0.1235774,0.2972188,-9.687549,0.19553982,2.0267826,8.007534,12.646438,0,0.6,-0.854,148.516
00:59.5,7,1.66,15.4302805,75.0156659,740.66,0.3188934,29.70031,1.48,4.6,0.24,-0.2679705,0.011711,0.02363621,0.0677263,0.0713212,-9.709762,0.17915064,2.0393802,8.073373,12.715426,0,0.6,-0.868,148.562
00:59.5,7,1.66,15.43028055,75.01566589,740.66,0.31424227,59.734919,1.481,4.6,0.245,-0.12362733,0.002224961,0.02334434,0.0413409,0.2553897,-9.637502,0.16276146,2.0519778,8.139212,12.784414,0,0.6,-0.882,148.608
00:59.6,7,1.66,15.4302806,75.01566588,740.66,0.30959114,89.769528,1.482,4.6,0.25,0.02071584,-0.007261078,0.02305247,0.0149555,0.4394582,-9.565242,0.14637228,2.0645754,8.205051,12.853402,0,0.6,-0.896,148.654
00:59.6,7,1.66,15.43028065,75.01566587,740.66,0.30494001,119.804137,1.483,4.6,0.255,0.24285177,-0.010263184,0.050043375,0.015645175,0.45606,-9.442067,0.1299831,2.077173,8.27089,12.92239,0,0.6,-0.91,148.7
00:59.6,7,1.66,15.4302807,75.01566586,740.66,0.30028888,149.838746,1.484,4.6,0.26,0.4649877,-0.01326529,0.07703428,0.01633485,0.4726618,-9.318892,0.1390254,1.9900446,8.4222074,12.682372,0,0.746,-0.968,148.734
00:59.6,7,1.66,15.43028075,75.01566585,740.66,0.29563775,179.873355,1.485,4.6,0.265,0.15108735,-0.037277635,0.04609123,0.04098642,0.21736795,-9.3796115,0.1480677,1.9029162,8.5735248,12.442354,0,0.892,-1.026,148.768
00:59.6,7,1.66,15.4302808,75.01566584,740.66,0.29098662,209.907964,1.486,4.6,0.27,-0.162813,-0.06128998,0.01514818,0.06563799,-0.0379259,-9.440331,0.15711,1.8157878,8.7248422,12.202336,0,1.038,-1.084,148.802
00:59.7,7,1.66,15.43028085,75.01566583,740.66,0.28633549,239.942573,1.487,4.6,0.275,0.0112503,-0.0533004,-0.004066545,-0.01131318,0.0961517,-9.4009295,0.1661523,1.7286594,8.8761596,11.962318,0,1.184,-1.142,148.836
00:59.7,7,1.66,15.4302809,75.01566582,740.66,0.28168436,269.977182,1.488,4.6,0.28,0.1853136,-0.04531082,-0.02328127,-0.08826435,0.2302293,-9.361528,0.1751946,1.641531,9.027477,11.7223,0,1.33,-1.2,148.87
00:59.7,7,1.66,15.43028095,75.01566581,740.66,0.27703323,300.011791,1.489,4.6,0.285,0.2320283,-0.10651046,0.02283211,-0.078513995,0.29352045,-9.3698125,0.15880543,1.60281,8.8748468,11.71531,0,1.464,-1.362,148.932
00:59.7,7,1.66,15.430281,75.0156658,740.66,0.2723821,330.0464,1.49,4.6,0.29,0.278743,-0.1677101,0.06894549,-0.06876364,0.3568116,-9.378097,0.14241626,1.564089,8.7222166,11.70832,0,1.598,-1.524,148.994
00:59.7,7,1.66,15.43028103,75.01566579,740.659,0.26325494,300.393218,1.489,4.6,0.281,0.165017275,-0.18437275,0.05712846,-0.017253045,0.33224065,-9.3786865,0.12602709,1.525368,8.5695864,11.70133,0,1.732,-1.686,149.056
00:59.8,7,1.66,15.43028106,75.01566578,740.658,0.25412778,270.740036,1.488,4.6,0.272,0.05129155,-0.2010354,0.04531143,0.03425755,0.3076697,-9.379276,0.10963792,1.486647,8.4169562,11.69434,0,1.866,-1.848,149.118
00:59.8,7,1.66,15.43028109,75.01566577,740.657,0.24500062,241.086854,1.487,4.6,0.263,0.217660275,-0.18021405,0.075426065,-0.101609275,0.3547239,-9.4328165,0.09324875,1.447926,8.264326,11.68735,0,2,-2.01,149.18
00:59.8,7,1.66,15.43028112,75.01566576,740.656,0.23587346,211.433672,1.486,4.6,0.254,0.384029,-0.1593927,0.1055407,-0.2374761,0.4017781,-9.486357,0.061035546,1.5689286,8.1281832,11.569848,0,2.13,-2.124,149.244
00:59.8,7,1.66,15.43028115,75.01566575,740.655,0.2267463,181.78049,1.485,4.6,0.245,0.208561735,-0.121539775,0.084636865,-0.19303605,0.274579,-9.4305595,0.028822342,1.6899312,7.9920404,11.452346,0,2.26,-2.238,149.308
00:59.8,7,1.66,15.43028118,75.01566574,740.654,0.21761914,152.127308,1.484,4.6,0.236,0.03309447,-0.08368685,0.06373303,-0.148596,0.1473799,-9.374762,-0.003390862,1.8109338,7.8558976,11.334844,0,2.39,-2.352,149.372
00:59.9,7,1.66,15.43028121,75.01566573,740.653,0.20849198,122.474126,1.483,4.6,0.227,0.068297935,-0.110274775,0.03299333,-0.066292035,0.070169585,-9.312419,-0.035604066,1.9319364,7.7197548,11.217342,0,2.52,-2.466,149.436
00:59.9,7,1.66,15.43028124,75.01566572,740.652,0.19936482,92.820944,1.482,4.6,0.218,0.1035014,-0.1368627,0.00225363,0.01601193,-0.00704073,-9.250076,-0.06781727,2.052939,7.583612,11.09984,0,2.65,-2.58,149.5
00:59.9,7,1.66,15.43028127,75.01566571,740.651,0.19023766,63.167762,1.481,4.6,0.209,0.1290849,-0.075482855,0.001288502,-0.102363735,0.177622685,-9.3321305,-0.035038924,2.0518506,8.0648606,11.179354,0,2.746,-2.65,149.53
00:59.9,7,1.66,15.4302813,75.0156657,740.65,0.1811105,33.51458,1.48,4.6,0.2,0.1546684,-0.01410301,0.000323373,-0.2207394,0.3622861,-9.414185,-0.002260578,2.0507622,8.5461092,11.258868,0,2.842,-2.72,149.56
00:59.9,7,1.66,15.43028133,75.0156657,740.648,0.18011669,63.147112,1.478,4.6,0.206,0.114863895,-0.059815955,0.026019041,-0.0462548,0.201351255,-9.308442,0.030517768,2.0496738,9.0273578,11.338382,0,2.938,-2.79,149.59
01:00.0,7,1.66,15.43028136,75.0156657,740.646,0.17912288,92.779644,1.476,4.6,0.212,0.07505939,-0.1055289,0.05171471,0.1282298,0.04041641,-9.202699,0.063296114,2.0485854,9.5086064,11.417896,0,3.034,-2.86,149.62
01:00.0,7,1.66,15.43028139,75.0156657,740.644,0.17812907,122.412176,1.474,4.6,0.218,0.063452175,-0.09787582,0.085077405,-0.0496026,0.090148505,-9.131587,0.09607446,2.047497,9.989855,11.49741,0,3.13,-2.93,149.65
01:00.0,7,1.66,15.43028142,75.0156657,740.642,0.17713526,152.044708,1.472,4.6,0.224,0.05184496,-0.09022274,0.1184401,-0.227435,0.1398806,-9.060475,0.06103554,1.940363,9.6462238,11.542836,0,3.004,-2.99,149.786
01:00.0,7,1.66,15.43028145,75.0156657,740.64,0.17614145,181.67724,1.47,4.6,0.23,-0.08506642,-0.085470875,0.135242,-0.172674,0.1195711,-9.0373755,0.02599662,1.833229,9.3025926,11.588262,0,2.878,-3.05,149.922
01:00.0,7,1.66,15.43028148,75.0156657,740.638,0.17514764,211.309772,1.468,4.6,0.236,-0.2219778,-0.08071901,0.1520439,-0.117913,0.0992616,-9.014276,-0.0090423,1.726095,8.9589614,11.633688,0,2.752,-3.11,150.058
01:00.1,7,1.66,15.43028151,75.0156657,740.636,0.17415383,240.942304,1.466,4.6,0.242,-0.111413451,-0.056982795,0.12124693,-0.150565,0.07149178,-9.1117795,-0.04408122,1.618961,8.6153302,11.679114,0,2.626,-3.17,150.194
01:00.1,7,1.66,15.43028154,75.0156657,740.634,0.17316002,270.574836,1.464,4.6,0.248,-0.000849102,-0.03324658,0.09044996,-0.183217,0.04372196,-9.209283,-0.07912014,1.511827,8.271699,11.72454,0,2.5,-3.23,150.33
01:00.1,7,1.66,15.43028157,75.0156657,740.632,0.17216621,300.207368,1.462,4.6,0.254,-0.291243351,-0.034712285,0.07629858,-0.09425383,0.03793525,-9.2835435,-0.059340104,1.5462046,8.1969102,11.567696,0,2.124,-3.426,150.36
01:00.1,7,1.66,15.4302816,75.0156657,740.63,0.1711724,329.8399,1.46,4.6,0.26,-0.5816376,-0.03617799,0.0621472,-0.00529066,0.03214854,-9.357804,-0.039560068,1.5805822,8.1221214,11.410852,0,1.748,-3.622,150.39
01:00.1,7,1.66,15.43028163,75.01566566,740.619,0.17197554,325.98262,1.46,4.6,0.274,-0.473507,-0.152210495,0.017364105,0.07950462,0.14851492,-9.385857,-0.019780032,1.6149598,8.0473326,11.254008,0,1.372,-3.818,150.42
01:00.2,7,1.66,15.43028166,75.01566562,740.608,0.17277868,322.12534,1.46,4.6,0.288,-0.3653764,-0.268243,-0.02741899,0.1642999,0.2648813,-9.41391,4.00E-09,1.6493374,7.9725438,11.097164,0,0.996,-4.014,150.45
01:00.2,7,1.66,15.43028169,75.01566558,740.597,0.17358182,318.26806,1.46,4.6,0.302,-0.27350165,-0.3397775,-0.06046113,0.04793847,0.28493545,-9.2478535,0.01978004,1.683715,7.897755,10.94032,0,0.62,-4.21,150.48
01:00.2,7,1.66,15.43028172,75.01566554,740.586,0.17438496,314.41078,1.46,4.6,0.316,-0.1816269,-0.411312,-0.09350327,-0.06842296,0.3049896,-9.081797,0.037864652,1.6802908,7.8989932,10.974836,0,0.45,-4.674,150.316
01:00.2,7,1.66,15.43028175,75.0156655,740.575,0.1751881,310.5535,1.46,4.6,0.33,-0.1713178,-0.4560777,-0.115573135,-0.079636025,0.200966505,-9.2494015,0.055949264,1.6768666,7.9002314,11.009352,0,0.28,-5.138,150.152
01:00.2,7,1.66,15.43028178,75.01566546,740.564,0.17599124,306.69622,1.46,4.6,0.344,-0.1610087,-0.5008434,-0.137643,-0.09084909,0.09694341,-9.417006,0.074033876,1.6734424,7.9014696,11.043868,0,0.11,-5.602,149.988
01:00.3,7,1.66,15.43028181,75.01566542,740.553,0.17679438,302.83894,1.46,4.6,0.358,-0.1631293,-0.43321265,-0.16069375,-0.124956595,0.164488205,-9.4636715,0.092118488,1.6700182,7.9027078,11.078384,0,-0.06,-6.066,149.824
01:00.3,7,1.66,15.43028184,75.01566538,740.542,0.17759752,298.98166,1.46,4.6,0.372,-0.1652499,-0.3655819,-0.1837445,-0.1590641,0.232033,-9.510337,0.1102031,1.666594,7.903946,11.1129,0,-0.23,-6.53,149.66
01:00.3,7,1.66,15.43028187,75.01566534,740.531,0.17840066,295.12438,1.46,4.6,0.386,0.02488475,-0.3017653,-0.17894515,-0.1811919,0.3371455,-9.624903,0.14467686,1.6025884,7.9659446,11.266176,0,-0.214,-6.872,149.444
01:00.3,7,1.66,15.4302819,75.0156653,740.52,0.1792038,291.2671,1.46,4.6,0.4,0.2150194,-0.2379487,-0.1741458,-0.2033197,0.442258,-9.739469,0.17915062,1.5385828,8.0279432,11.419452,0,-0.198,-7.214,149.228
01:00.3,7,1.66,15.43028189,75.01566528,740.519,0.17344771,282.77583,1.461,4.6,0.387,-0.00814895,-0.2924966,-0.20539325,-0.15197565,0.3333694,-9.7087785,0.21362438,1.4745772,8.0899418,11.572728,0,-0.182,-7.556,149.012
01:00.4,7,1.66,15.43028188,75.01566526,740.518,0.16769162,274.28456,1.462,4.6,0.374,-0.2313173,-0.3470445,-0.2366407,-0.1006316,0.2244808,-9.678088,0.24809814,1.4105716,8.1519404,11.726004,0,-0.166,-7.898,148.796
01:00.4,7,1.66,15.43028187,75.01566524,740.517,0.16193553,265.79329,1.463,4.6,0.361,-0.19507915,-0.25478465,-0.211792,-0.25541375,0.2986649,-9.8276675,0.2825719,1.346566,8.213939,11.87928,0,-0.15,-8.24,148.58
01:00.4,7,1.66,15.43028186,75.01566522,740.516,0.15617944,257.30202,1.464,4.6,0.348,-0.158841,-0.1625248,-0.1869433,-0.4101959,0.372849,-9.977247,0.34247716,1.4414196,8.0537378,11.923222,0,-0.192,-8.43,148.396
01:00.4,7,1.66,15.43028185,75.0156652,740.515,0.15042335,248.81075,1.465,4.6,0.335,-0.100120375,-0.21687045,-0.17919295,-0.35593365,0.26220055,-9.9201475,0.40238242,1.5362732,7.8935366,11.967164,0,-0.234,-8.62,148.212
01:00.4,7,1.66,15.43028184,75.01566518,740.514,0.14466726,240.31948,1.466,4.6,0.322,-0.04139975,-0.2712161,-0.1714426,-0.3016714,0.1515521,-9.863048,0.46228768,1.6311268,7.7333354,12.011106,0,-0.276,-8.81,148.028
01:00.5,7,1.66,15.43028183,75.01566516,740.513,0.13891117,231.82821,1.467,4.6,0.309,0.106774175,-0.23865135,-0.13430863,-0.36343655,0.39916575,-10.085759,0.52219294,1.7259804,7.5731342,12.055048,0,-0.318,-9,147.844
01:00.5,7,1.66,15.43028182,75.01566514,740.512,0.13315508,223.33694,1.468,4.6,0.296,0.2549481,-0.2060866,-0.09717466,-0.4252017,0.6467794,-10.30847,0.5820982,1.820834,7.412933,12.09899,0,-0.36,-9.19,147.66
01:00.5,7,1.66,15.43028181,75.01566512,740.511,0.12739899,214.84567,1.469,4.6,0.283,-0.0931855,0.2462883,-0.09974183,-1.11806035,-0.08593105,-11.686475,0.60922512,1.9228316,7.5117022,12.34051,0,-0.622,-8.97,147.524
01:00.5,7,1.66,15.4302818,75.0156651,740.51,0.1216429,206.3544,1.47,4.6,0.27,-0.4413191,0.6986632,-0.102309,-1.810919,-0.8186415,-13.06448,0.63635204,2.0248292,7.6104714,12.58203,0,-0.884,-8.75,147.388
01:00.5,7,1.66,15.43028178,75.01566511,740.51,0.13952075,200.45575,1.47,4.601,0.276,-0.258502765,0.2177054,-0.08477404,-0.7157443,-0.06535155,-11.728035,0.66347896,2.1268268,7.7092406,12.82355,0,-1.146,-8.53,147.252
01:00.6,7,1.66,15.43028176,75.01566512,740.51,0.1573986,194.5571,1.47,4.602,0.282,-0.07568643,-0.2632524,-0.06723908,0.3794304,0.6879384,-10.39159,0.69060588,2.2288244,7.8080098,13.06507,0,-1.408,-8.31,147.116
01:00.6,7,1.66,15.43028174,75.01566513,740.51,0.17527645,188.65845,1.47,4.603,0.288,-5.26E-06,-0.03037485,-0.077986535,-0.1448964,0.5067777,-10.648225,0.7177328,2.330822,7.906779,13.30659,0,-1.67,-8.09,146.98
01:00.6,7,1.66,15.43028172,75.01566514,740.51,0.1931543,182.7598,1.47,4.604,0.294,0.07567591,0.2025027,-0.08873399,-0.6692232,0.325617,-10.90486,0.65895782,2.3695744,7.9975242,13.215522,0,-1.512,-7.982,146.928
01:00.6,7,1.66,15.4302817,75.01566515,740.51,0.21103215,176.86115,1.47,4.605,0.3,-0.037638945,0.1822914,-0.086852225,-0.64092355,0.3421978,-10.88168,0.60018284,2.4083268,8.0882694,13.124454,0,-1.354,-7.874,146.876
01:00.6,7,1.66,15.43028168,75.01566516,740.51,0.22891,170.9625,1.47,4.606,0.306,-0.1509538,0.1620801,-0.08497046,-0.6126239,0.3587786,-10.8585,0.54140786,2.4470792,8.1790146,13.033386,0,-1.196,-7.766,146.824
01:00.7,7,1.66,15.43028166,75.01566517,740.51,0.24678785,165.06385,1.47,4.607,0.312,-0.03305109,0.19169255,-0.043788719,-0.591198,0.37029065,-10.87286,0.48263288,2.4858316,8.2697598,12.942318,0,-1.038,-7.658,146.772
01:00.7,7,1.66,15.43028164,75.01566518,740.51,0.2646657,159.1652,1.47,4.608,0.318,0.08485162,0.221305,-0.002606977,-0.5697721,0.3818027,-10.88722,0.4238579,2.524584,8.360505,12.85125,0,-0.88,-7.55,146.72
01:00.7,7,1.66,15.43028162,75.01566519,740.51,0.28254355,153.26655,1.47,4.609,0.324,0.037885246,0.2063464,0.006726782,-0.4209943,0.33194255,-10.651975,0.44194252,2.6650238,8.742398,12.791548,0,-0.752,-7.152,146.76
01:00.7,7,1.66,15.4302816,75.0156652,740.51,0.3004214,147.3679,1.47,4.61,0.33,-0.009081129,0.1913878,0.01606054,-0.2722165,0.2820824,-10.41673,0.46002714,2.8054636,9.124291,12.731846,0,-0.624,-6.754,146.8
01:00.7,7,1.66,15.43028155,75.01566523,740.512,0.30447325,147.52321,1.47,4.611,0.331,-0.095836665,0.35039195,0.049759285,-0.5036168,0.173386295,-10.44832,0.47811176,2.9459034,9.506184,12.672144,0,-0.496,-6.356,146.84
01:00.8,7,1.66,15.4302815,75.01566526,740.514,0.3085251,147.67852,1.47,4.612,0.332,-0.1825922,0.5093961,0.08345803,-0.7350171,0.06469019,-10.47991,0.49619638,3.0863432,9.888077,12.612442,0,-0.368,-5.958,146.88
01:00.8,7,1.66,15.43028145,75.01566529,740.516,0.31257695,147.83383,1.47,4.613,0.333,-0.083004555,0.53509665,0.09151691,-0.5636178,0.168469395,-10.271715,0.514281,3.226783,10.26997,12.55274,0,-0.24,-5.56,146.92
01:00.8,7,1.66,15.4302814,75.01566532,740.518,0.3166288,147.98914,1.47,4.614,0.334,0.01658309,0.5607972,0.09957579,-0.3922185,0.2722486,-10.06352,0.49337066,3.1203032,9.6993502,12.405988,0,-0.244,-4.936,147.054
01:00.8,7,1.66,15.43028135,75.01566535,740.52,0.32068065,148.14445,1.47,4.615,0.335,0.111308895,0.564399,0.117159145,-0.233817735,0.37321565,-9.96174,0.47246032,3.0138234,9.1287304,12.259236,0,-0.248,-4.312,147.188
01:00.8,7,1.66,15.4302813,75.01566538,740.522,0.3247325,148.29976,1.47,4.616,0.336,0.2060347,0.5680008,0.1347425,-0.07541697,0.4741827,-9.85996,0.45154998,2.9073436,8.5581106,12.112484,0,-0.252,-3.688,147.322
01:00.9,7,1.66,15.43028125,75.01566541,740.524,0.32878435,148.45507,1.47,4.617,0.337,0.01216855,0.50208155,0.110157995,-0.034480347,0.31671235,-9.682014,0.43063964,2.8008638,7.9874908,11.965732,0,-0.256,-3.064,147.456
01:00.9,7,1.66,15.4302812,75.01566544,740.526,0.3328362,148.61038,1.47,4.618,0.338,-0.1816976,0.4361623,0.08557349,0.006456277,0.159242,-9.504068,0.4097293,2.694384,7.416871,11.81898,0,-0.26,-2.44,147.59
01:00.9,7,1.66,15.43028115,75.01566547,740.528,0.33688805,148.76569,1.47,4.619,0.339,-0.1157071,0.3132164,0.093697945,-0.016745542,0.28060035,-9.484646,0.35830122,2.632551,7.412324,11.796312,0,-0.334,-2.172,147.69
01:00.9,7,1.66,15.4302811,75.0156655,740.53,0.3409399,148.921,1.47,4.62,0.34,-0.0497166,0.1902705,0.1018224,-0.03994736,0.4019587,-9.465224,0.30687314,2.570718,7.407777,11.773644,0,-0.408,-1.904,147.79
01:00.9,7,1.66,15.43028105,75.01566552,740.531,0.33760254,151.45043,1.47,4.62,0.332,0.093147,0.1697848,0.089901055,-0.14489008,0.3475034,-9.4894595,0.25544506,2.508885,7.40323,11.750976,0,-0.482,-1.636,147.89
01:01.0,7,1.66,15.430281,75.01566554,740.532,0.33426518,153.97986,1.47,4.62,0.324,0.2360106,0.1492991,0.07797971,-0.2498328,0.2930481,-9.513695,0.20401698,2.447052,7.398683,11.728308,0,-0.556,-1.368,147.99
01:01.0,7,1.66,15.43028095,75.01566556,740.533,0.33092782,156.50929,1.47,4.62,0.316,0.06273575,0.2006337,0.05488419,-0.1498662,0.33199805,-9.6018315,0.1525889,2.385219,7.394136,11.70564,0,-0.63,-1.1,148.09
01:01.0,7,1.66,15.4302809,75.01566558,740.534,0.32759046,159.03872,1.47,4.62,0.308,-0.1105391,0.2519683,0.03178867,-0.0498996,0.370948,-9.689968,0.16841292,2.3475462,7.5854936,11.659758,0,-0.794,-0.974,148.144
01:01.0,7,1.66,15.43028085,75.0156656,740.535,0.3242531,161.56815,1.47,4.62,0.3,-0.11352475,0.154430065,0.04292945,-0.0776967,0.11952365,-9.6308495,0.18423694,2.3098734,7.7768512,11.613876,0,-0.958,-0.848,148.198
01:01.0,7,1.66,15.4302808,75.01566562,740.536,0.32091574,164.09758,1.47,4.62,0.292,-0.1165104,0.05689183,0.05407023,-0.1054938,-0.1319007,-9.571731,0.20006096,2.2722006,7.9682088,11.567994,0,-1.122,-0.722,148.252
01:01.1,7,1.66,15.43028075,75.01566564,740.537,0.31757838,166.62701,1.47,4.62,0.284,-0.2841272,0.06304419,0.060611925,-0.15882825,-0.04250923,-9.5473465,0.21588498,2.2345278,8.1595664,11.522112,0,-1.286,-0.596,148.306
01:01.1,7,1.66,15.4302807,75.01566566,740.538,0.31424102,169.15644,1.47,4.62,0.276,-0.451744,0.06919655,0.06715362,-0.2121627,0.04688224,-9.522962,0.231709,2.196855,8.350924,11.47623,0,-1.45,-0.47,148.36
01:01.1,7,1.66,15.43028065,75.01566568,740.539,0.31090366,171.68587,1.47,4.62,0.268,-0.57960995,0.092621775,0.05357096,-0.3114373,0.024868525,-9.558244,0.22097126,2.0339392,8.4320482,11.523684,0,-2.114,-0.366,148.39
01:01.1,7,1.66,15.4302806,75.0156657,740.54,0.3075663,174.2153,1.47,4.62,0.26,-0.7074759,0.116047,0.0399883,-0.4107119,0.00285481,-9.593526,0.21023352,1.8710234,8.5131724,11.571138,0,-2.778,-0.262,148.42
01:01.1,7,1.66,15.43028055,75.01566571,740.551,0.29961055,174.84403,1.47,4.62,0.267,-0.54458125,0.076849465,0.024378429,-0.2807325,0.137347355,-9.4938615,0.19949578,1.7081076,8.5942966,11.618592,0,-3.442,-0.158,148.45
01:01.2,7,1.66,15.4302805,75.01566572,740.562,0.2916548,175.47276,1.47,4.62,0.274,-0.3816866,0.03765193,0.008768558,-0.1507531,0.2718399,-9.394197,0.18875804,1.5451918,8.6754208,11.666046,0,-4.106,-0.054,148.48
01:01.2,7,1.66,15.43028045,75.01566573,740.573,0.28369905,176.10149,1.47,4.62,0.281,-0.55217085,0.059358325,-0.034185571,-0.04538267,0.2591917,-9.4796845,0.1780203,1.382276,8.756545,11.7135,0,-4.77,0.05,148.51
01:01.2,7,1.66,15.4302804,75.01566574,740.584,0.2757433,176.73022,1.47,4.62,0.288,-0.7226551,0.08106472,-0.0771397,0.05998776,0.2465435,-9.565172,0.17971574,1.5040656,8.5044468,11.62559,0,-5.14,0.112,148.444
01:01.2,7,1.66,15.43028035,75.01566575,740.595,0.26778755,177.35895,1.47,4.62,0.295,-0.4800591,0.10143381,-0.075655105,-0.06002437,0.3716484,-9.5679705,0.18141118,1.6258552,8.2523486,11.53768,0,-5.51,0.174,148.378
01:01.2,7,1.66,15.4302803,75.01566576,740.606,0.2598318,177.98768,1.47,4.62,0.302,-0.2374631,0.1218029,-0.07417051,-0.1800365,0.4967533,-9.570769,0.18310662,1.7476448,8.0002504,11.44977,0,-5.88,0.236,148.312
01:01.3,7,1.66,15.43028025,75.01566577,740.617,0.25187605,178.61641,1.47,4.62,0.309,-0.20202655,0.057007771,-0.05334947,-0.16381055,0.4762544,-9.500321,0.18480206,1.8694344,7.7481522,11.36186,0,-6.25,0.298,148.246
01:01.3,7,1.66,15.4302802,75.01566578,740.628,0.2439203,179.24514,1.47,4.62,0.316,-0.16659,-0.007787358,-0.03252843,-0.1475846,0.4557555,-9.429873,0.1864975,1.991224,7.496054,11.27395,0,-6.62,0.36,148.18
01:01.3,7,1.66,15.43028015,75.01566579,740.639,0.23596455,179.87387,1.47,4.62,0.323,-0.20614595,-0.012268284,-0.06272918,-0.076580152,0.3716297,-9.50119,0.19836552,2.0096408,7.4913972,11.30368,0,-6.854,0.34,148.068
01:01.3,7,1.66,15.4302801,75.0156658,740.65,0.2280088,180.5026,1.47,4.62,0.33,-0.2457019,-0.01674921,-0.09292993,-0.005575704,0.2875039,-9.572507,0.21023354,2.0280576,7.4867404,11.33341,0,-7.088,0.32,147.956
01:01.3,7,1.66,15.43028008,75.01566579,740.647,0.21560984,176.65518,1.471,4.62,0.335,-0.0307857,-0.035333155,-0.098523265,-0.082499052,0.4192534,-9.559385,0.22210156,2.0464744,7.4820836,11.36314,0,-7.322,0.3,147.844
01:01.4,7,1.66,15.43028006,75.01566578,740.644,0.20321088,172.80776,1.472,4.62,0.34,0.1841305,-0.0539171,-0.1041166,-0.1594224,0.5510029,-9.546263,0.23396958,2.0648912,7.4774268,11.39287,0,-7.556,0.28,147.732
01:01.4,7,1.66,15.43028004,75.01566577,740.641,0.19081192,168.96034,1.473,4.62,0.345,0.06852114,-0.031025732,-0.1161684,-0.05407169,0.48915085,-9.559514,0.2458376,2.083308,7.47277,11.4226,0,-7.79,0.26,147.62
01:01.4,7,1.66,15.43028002,75.01566576,740.638,0.17841296,165.11292,1.474,4.62,0.35,-0.04708822,-0.008134363,-0.1282202,0.05127902,0.4272988,-9.572765,0.187627778,2.0231136,7.853477,11.694562,0,-7.77,0.228,147.528
01:01.4,7,1.66,15.43028,75.01566575,740.635,0.166014,161.2655,1.475,4.62,0.355,-0.048790435,-0.017230752,-0.1197883,-0.03430284,0.3395651,-9.4536565,0.129417956,1.9629192,8.234184,11.966524,0,-7.75,0.196,147.436
01:01.4,7,1.66,15.43027998,75.01566574,740.632,0.15361504,157.41808,1.476,4.62,0.36,-0.05049265,-0.02632714,-0.1113564,-0.1198847,0.2518314,-9.334548,0.071208134,1.9027248,8.614891,12.238486,0,-7.73,0.164,147.344
01:01.5,7,1.66,15.43027996,75.01566573,740.629,0.14121608,153.57066,1.477,4.62,0.365,0.205518675,-0.0299481,-0.08967858,-0.1159785,0.5142436,-9.308392,0.012998312,1.8425304,8.995598,12.510448,0,-7.71,0.132,147.252
01:01.5,7,1.66,15.43027994,75.01566572,740.626,0.12881712,149.72324,1.478,4.62,0.37,0.46153,-0.03356906,-0.06800076,-0.1120723,0.7766558,-9.282236,-0.04521151,1.782336,9.376305,12.78241,0,-7.69,0.1,147.16
01:01.5,7,1.66,15.43027992,75.01566571,740.623,0.11641816,145.87582,1.479,4.62,0.375,0.797008,0.01476373,-0.03988466,-0.1428309,0.8378232,-9.3447215,0.014128592,1.8458268,9.564994,12.619134,0,-6.78,0.15,147.148
01:01.5,7,1.66,15.4302799,75.0156657,740.62,0.1040192,142.0284,1.48,4.62,0.38,1.132486,0.06309652,-0.01176856,-0.1735895,0.8989906,-9.407207,0.073468694,1.9093176,9.753683,12.455858,0,-5.87,0.2,147.136
01:01.5,7,1.66,15.43027988,75.01566573,740.628,0.09957211,141.73412,1.48,4.62,0.38,0.9528157,0.027720505,0.00192883,0.03670125,0.63110305,-9.4109285,0.132808796,1.9728084,9.942372,12.292582,0,-4.96,0.25,147.124
01:01.6,7,1.66,15.43027986,75.01566576,740.636,0.09512502,141.43984,1.48,4.62,0.38,0.7731454,-0.00765551,0.01562622,0.246992,0.3632155,-9.41465,0.192148898,2.0362992,10.131061,12.129306,0,-4.05,0.3,147.112
01:01.6,7,1.66,15.43027984,75.01566579,740.644,0.09067793,141.14556,1.48,4.62,0.38,0.7200926,0.003110405,0.010846385,0.17462665,0.1027225,-9.466394,0.251489,2.09979,10.31975,11.96603,0,-3.14,0.35,147.1
01:01.6,7,1.66,15.43027982,75.01566582,740.652,0.08623084,140.85128,1.48,4.62,0.38,0.6670398,0.01387632,0.00606655,0.1022613,-0.1577705,-9.518138,0.21871066,2.1063134,9.7144908,11.840222,0,-2.746,0.3,147.118
01:01.6,7,1.66,15.4302798,75.01566585,740.66,0.08178375,140.557,1.48,4.62,0.38,0.4668629,-0.012720845,0.009998365,0.015217295,-0.00026595,-9.523639,0.18593232,2.1128368,9.1092316,11.714414,0,-2.352,0.25,147.136
01:01.6,7,1.66,15.43027978,75.01566588,740.668,0.07733666,140.26272,1.48,4.62,0.38,0.266686,-0.03931801,0.01393018,-0.07182671,0.1572386,-9.52914,0.15315398,2.1193602,8.5039724,11.588606,0,-1.958,0.2,147.154
01:01.7,7,1.66,15.43027976,75.01566591,740.676,0.07288957,139.96844,1.48,4.62,0.38,0.2657861,-0.069622195,0.045518325,-0.114078455,0.2528612,-9.537558,0.12037564,2.1258836,7.8987132,11.462798,0,-1.564,0.15,147.172
01:01.7,7,1.66,15.43027974,75.01566594,740.684,0.06844248,139.67416,1.48,4.62,0.38,0.2648862,-0.09992638,0.07710647,-0.1563302,0.3484838,-9.545976,0.0875973,2.132407,7.293454,11.33699,0,-1.17,0.1,147.19
01:01.7,7,1.66,15.43027972,75.01566597,740.692,0.06399539,139.37988,1.48,4.62,0.38,0.36003085,-0.053331762,0.04463178,-0.2189051,0.3835379,-9.487446,0.12715738,2.164195,7.1559224,11.465512,0,-0.98,0.09,147.19
01:01.7,7,1.66,15.4302797,75.015666,740.7,0.0595483,139.0856,1.48,4.62,0.38,0.4551755,-0.006737143,0.01215709,-0.28148,0.418592,-9.428916,0.16671746,2.195983,7.0183908,11.594034,0,-0.79,0.08,147.19
01:01.7,7,1.66,15.43027971,75.01566599,740.698,0.0644953,130.384932,1.481,4.619,0.377,0.19588951,-0.017720397,0.00121474,-0.168923615,0.243296985,-9.507015,0.20627754,2.227771,6.8808592,11.722556,0,-0.6,0.07,147.19
01:01.8,7,1.66,15.43027972,75.01566598,740.696,0.0694423,121.684264,1.482,4.618,0.374,-0.06339648,-0.02870365,-0.00972761,-0.05636723,0.06800197,-9.585114,0.24583762,2.259559,6.7433276,11.851078,0,-0.41,0.06,147.19
01:01.8,7,1.66,15.43027973,75.01566597,740.694,0.0743893,112.983596,1.483,4.617,0.371,-0.13127669,0.001101115,-0.041246135,-0.023059895,0.153223635,-9.7524,0.2853977,2.291347,6.605796,11.9796,0,-0.22,0.05,147.19
01:01.8,7,1.66,15.43027974,75.01566596,740.692,0.0793363,104.282928,1.484,4.616,0.368,-0.1991569,0.03090588,-0.07276466,0.01024744,0.2384453,-9.919686,0.25374964,2.3012906,6.7801422,12.019688,0,-0.22,0.036,147.13
01:01.8,7,1.66,15.43027975,75.01566595,740.69,0.0842833,95.58226,1.485,4.615,0.365,-0.08637594,-0.030961225,-0.07186605,-0.03932364,0.30392815,-9.752502,0.22210158,2.3112342,6.9544884,12.059776,0,-0.22,0.022,147.07
01:01.8,7,1.66,15.43027976,75.01566594,740.688,0.0892303,86.881592,1.486,4.614,0.362,0.02640502,-0.09282833,-0.07096744,-0.08889472,0.369411,-9.585318,0.19045352,2.3211778,7.1288346,12.099864,0,-0.22,0.008,147.01
01:01.9,7,1.66,15.43027977,75.01566593,740.686,0.0941773,78.180924,1.487,4.613,0.359,0.10397286,-0.0157302,-0.06783435,-0.17675361,0.3687033,-9.663975,0.15880546,2.3311214,7.3031808,12.139952,0,-0.22,-0.006,146.95
01:01.9,7,1.66,15.43027978,75.01566592,740.684,0.0991243,69.480256,1.488,4.612,0.356,0.1815407,0.06136793,-0.06470126,-0.2646125,0.3679956,-9.742632,0.1271574,2.341065,7.477527,12.18004,0,-0.22,-0.02,146.89
01:01.9,7,1.66,15.43027979,75.01566591,740.682,0.1040713,60.779588,1.489,4.611,0.353,0.1769283,0.04695642,-0.04943158,-0.20744065,0.4754226,-9.786777,0.14241628,2.170341,7.75031,12.37449,0,-0.194,0.018,146.852
01:01.9,7,1.66,15.4302798,75.0156659,740.68,0.1090183,52.07892,1.49,4.61,0.35,0.1723159,0.03254491,-0.0341619,-0.1502688,0.5828496,-9.830922,0.15767516,1.999617,8.023093,12.56894,0,-0.168,0.056,146.814
01:01.9,7,1.66,15.43027982,75.01566589,740.678,0.107056828,77.506748,1.49,4.61,0.338,-0.0400382,0.0532408,-0.06102055,-0.11281166,0.43300535,-9.885863,0.17293404,1.828893,8.295876,12.76339,0,-0.142,0.094,146.776
01:02.0,7,1.66,15.43027984,75.01566588,740.676,0.105095356,102.934576,1.49,4.61,0.326,-0.2523923,0.07393669,-0.0878792,-0.07535452,0.2831611,-9.940804,0.18819292,1.658169,8.568659,12.95784,0,-0.116,0.132,146.738
01:02.0,7,1.66,15.43027986,75.01566587,740.674,0.103133884,128.362404,1.49,4.61,0.314,-0.19111015,0.087314995,-0.070325695,-0.11437701,0.466741,-9.9082585,0.2034518,1.487445,8.841442,13.15229,0,-0.09,0.17,146.7
01:02.0,7,1.66,15.43027988,75.01566586,740.672,0.101172412,153.790232,1.49,4.61,0.302,-0.129828,0.1006933,-0.05277219,-0.1533995,0.6503209,-9.875713,0.18310662,1.4844278,8.8840088,13.04564,0,-0.084,0.234,146.636
01:02.0,7,1.66,15.4302799,75.01566585,740.67,0.09921094,179.21806,1.49,4.61,0.29,0.04070975,0.027332215,-0.04400316,-0.10032155,0.5465886,-9.7727795,0.16276144,1.4814106,8.9265756,12.93899,0,-0.078,0.298,146.572
01:02.0,7,1.66,15.43027992,75.01566584,740.668,0.097249468,204.645888,1.49,4.61,0.278,0.2112475,-0.04602887,-0.03523413,-0.0472436,0.4428563,-9.669846,0.14241626,1.4783934,8.9691424,12.83234,0,-0.072,0.362,146.508
01:02.1,7,1.66,15.43027994,75.01566583,740.666,0.095287996,230.073716,1.49,4.61,0.266,0.12335765,0.02102427,-0.04037206,-0.1110108,0.4196254,-9.8220855,0.12207108,1.4753762,9.0117092,12.72569,0,-0.066,0.426,146.444
01:02.1,7,1.66,15.43027996,75.01566582,740.664,0.093326524,255.501544,1.49,4.61,0.254,0.0354678,0.08807741,-0.04550999,-0.174778,0.3963945,-9.974325,0.1017259,1.472359,9.054276,12.61904,0,-0.06,0.49,146.38
01:02.1,7,1.66,15.43027998,75.01566581,740.662,0.091365052,280.929372,1.49,4.61,0.242,-0.06690385,0.038049975,-0.05469415,-0.1776806,0.34772435,-9.8950775,0.079120144,1.4655352,8.9314702,12.487304,0,-0.03,0.476,146.342
01:02.1,7,1.66,15.43028,75.0156658,740.66,0.08940358,306.3572,1.49,4.61,0.23,-0.1692755,-0.01197746,-0.06387831,-0.1805832,0.2990542,-9.81583,0.056514388,1.4587114,8.8086644,12.355568,0,0,0.462,146.304
01:02.1,7,1.66,15.43028003,75.01566578,740.657,0.094506012,309.10147,1.49,4.609,0.221,-0.1527647,-0.01241618,-0.036144207,-0.137656075,0.3302289,-9.742865,0.033908632,1.4518876,8.6858586,12.223832,0,0.03,0.448,146.266
01:02.2,7,1.66,15.43028006,75.01566576,740.654,0.099608444,311.84574,1.49,4.608,0.212,-0.1362539,-0.0128549,-0.008410104,-0.09472895,0.3614036,-9.6699,0.011302876,1.4450638,8.5630528,12.092096,0,0.06,0.434,146.228
01:02.2,7,1.66,15.43028009,75.01566574,740.651,0.104710876,314.59001,1.49,4.607,0.203,0.0909878,-0.020068185,0.021236698,-0.102224875,0.2425567,-9.83577,-0.01130288,1.43824,8.440247,11.96036,0,0.09,0.42,146.19
01:02.2,7,1.66,15.43028012,75.01566572,740.648,0.109813308,317.33428,1.49,4.606,0.194,0.3182295,-0.02728147,0.0508835,-0.1097208,0.1237098,-10.00164,0.015258876,1.5101048,8.3831794,12.10982,0,0.13,0.438,146.292
01:02.2,7,1.66,15.43028015,75.0156657,740.645,0.11491574,320.07855,1.49,4.605,0.185,0.27888245,0.00250901,0.06573213,-0.15043835,0.2429488,-9.868574,0.041820632,1.5819696,8.3261118,12.25928,0,0.17,0.456,146.394
01:02.2,7,1.66,15.43028018,75.01566568,740.642,0.120018172,322.82282,1.49,4.604,0.176,0.2395354,0.03229949,0.08058076,-0.1911559,0.3621878,-9.735508,0.068382388,1.6538344,8.2690442,12.40874,0,0.21,0.474,146.496
01:02.3,7,1.66,15.43028021,75.01566566,740.639,0.125120604,325.56709,1.49,4.603,0.167,-0.0009787,0.02481175,0.0898358,-0.12944495,0.24128285,-9.7715795,0.094944144,1.7256992,8.2119766,12.5582,0,0.25,0.492,146.598
01:02.3,7,1.66,15.43028024,75.01566564,740.636,0.130223036,328.31136,1.49,4.602,0.158,-0.2414928,0.01732401,0.09909084,-0.067734,0.1203779,-9.807651,0.1215059,1.797564,8.154909,12.70766,0,0.29,0.51,146.7
01:02.3,7,1.66,15.43028027,75.01566562,740.633,0.135325468,331.05563,1.49,4.601,0.149,-0.2272308,0.021631685,0.11080747,-0.1327241,0.20161555,-9.7583955,0.112463606,2.0503294,8.5145438,12.543068,0,0.21,0.544,146.834
01:02.3,7,1.66,15.4302803,75.0156656,740.63,0.1404279,333.7999,1.49,4.6,0.14,-0.2129688,0.02593936,0.1225241,-0.1977142,0.2828532,-9.70914,0.103421312,2.3030948,8.8741786,12.378476,0,0.13,0.578,146.968
01:02.3,7,1.66,15.43028033,75.01566556,740.626,0.14639136,332.58971,1.49,4.6,0.148,-0.06159308,0.011252507,0.107621095,-0.104540075,0.20480435,-9.743681,0.094379018,2.5558602,9.2338134,12.213884,0,0.05,0.612,147.102
01:02.4,7,1.66,15.43028036,75.01566552,740.622,0.15235482,331.37952,1.49,4.6,0.156,0.08978264,-0.003434346,0.09271809,-0.01136595,0.1267555,-9.778222,0.085336724,2.8086256,9.5934482,12.049292,0,-0.03,0.646,147.236
01:02.4,7,1.66,15.43028039,75.01566548,740.618,0.15831828,330.16933,1.49,4.6,0.164,-0.08956888,-0.031086408,0.129393895,0.072108625,0.26308245,-9.765149,0.07629443,3.061391,9.953083,11.8847,0,-0.11,0.68,147.37
01:02.4,7,1.66,15.43028042,75.01566544,740.614,0.16428174,328.95914,1.49,4.6,0.172,-0.2689204,-0.05873847,0.1660697,0.1555832,0.3994094,-9.752076,0.046341802,2.9384632,9.7475592,11.704424,0,-0.126,0.322,147.486
01:02.4,7,1.66,15.43028045,75.0156654,740.61,0.1702452,327.74895,1.49,4.6,0.18,-0.0870688,-0.216111985,0.1276433,0.26382995,0.245068415,-9.7805825,0.016389174,2.8155354,9.5420354,11.524148,0,-0.142,-0.036,147.602
01:02.4,7,1.66,15.43028048,75.01566536,740.606,0.17620866,326.53876,1.49,4.6,0.188,0.0947828,-0.3734855,0.0892169,0.3720767,0.09072743,-9.809089,-0.013563454,2.6926076,9.3365116,11.343872,0,-0.158,-0.394,147.718
01:02.5,7,1.66,15.43028051,75.01566532,740.602,0.18217212,325.32857,1.49,4.6,0.196,0.06358536,-0.5068166,0.08877655,0.151173095,0.248169765,-9.729612,-0.043516082,2.5696798,9.1309878,11.163596,0,-0.174,-0.752,147.834
01:02.5,7,1.66,15.43028054,75.01566528,740.598,0.18813558,324.11838,1.49,4.6,0.204,0.03238792,-0.6401477,0.0883362,-0.06973051,0.4056121,-9.650135,-0.07346871,2.446752,8.925464,10.98332,0,-0.19,-1.11,147.95
01:02.5,7,1.66,15.43028057,75.01566524,740.594,0.19409904,322.90819,1.49,4.6,0.212,-0.06203329,-0.6604757,0.0627771,-0.059766785,0.202680043,-9.6130485,-0.04747209,2.3108018,8.610836,11.108032,0,-0.208,-1.816,147.97
01:02.5,7,1.66,15.4302806,75.0156652,740.59,0.2000625,321.698,1.49,4.6,0.22,-0.1564545,-0.6808037,0.037218,-0.04980306,-0.000252014,-9.575962,-0.02147547,2.1748516,8.296208,11.232744,0,-0.226,-2.522,147.99
01:02.5,6.9,1.663,15.43028063,75.01566514,740.589,0.22012682,317.57787,1.491,4.601,0.257,0.07048475,-0.6085535,0.022623495,-0.23266363,0.264320943,-9.905526,0.00452115,2.0389014,7.98158,11.357456,0,-0.244,-3.228,148.01
01:02.6,6.8,1.666,15.43028066,75.01566508,740.588,0.24019114,313.45774,1.492,4.602,0.294,0.297424,-0.5363033,0.008028989,-0.4155242,0.5288939,-10.23509,0.03051777,1.9029512,7.666952,11.482168,0,-0.262,-3.934,148.03
01:02.6,6.7,1.669,15.43028069,75.01566502,740.587,0.26025546,309.33761,1.493,4.603,0.331,0.0664004,-0.58681435,0.020548115,-0.251113905,0.23187064,-10.0719105,0.05651439,1.767001,7.352324,11.60688,0,-0.28,-4.64,148.05
01:02.6,6.6,1.672,15.43028072,75.01566496,740.586,0.28031978,305.21748,1.494,4.604,0.368,-0.1646232,-0.6373254,0.03306724,-0.08670361,-0.06515262,-9.908731,0.075164132,1.7480428,7.3186086,11.611384,0,-0.308,-5.11,148.11
01:02.6,6.5,1.675,15.43028075,75.0156649,740.585,0.3003841,301.09735,1.495,4.605,0.405,-0.10384235,-0.46537535,0.04444401,-0.154228405,0.17515549,-10.0958655,0.093813874,1.7290846,7.2848932,11.615888,0,-0.336,-5.58,148.17
01:02.6,6.4,1.678,15.43028078,75.01566484,740.584,0.32044842,296.97722,1.496,4.606,0.442,-0.0430615,-0.2934253,0.05582078,-0.2217532,0.4154636,-10.283,0.112463616,1.7101264,7.2511778,11.620392,0,-0.364,-6.05,148.23
01:02.7,6.3,1.681,15.43028081,75.01566478,740.583,0.34051274,292.85709,1.497,4.607,0.479,0.001723725,-0.28383625,0.03512209,-0.18932405,0.161858215,-10.072768,0.131113358,1.6911682,7.2174624,11.624896,0,-0.392,-6.52,148.29
01:02.7,6.2,1.684,15.43028084,75.01566472,740.582,0.36057706,288.73696,1.498,4.608,0.516,0.04650895,-0.2742472,0.0144234,-0.1568949,-0.09174717,-9.862536,0.1497631,1.67221,7.183747,11.6294,0,-0.42,-6.99,148.35
01:02.7,6.1,1.687,15.43028087,75.01566466,740.581,0.38064138,284.61683,1.499,4.609,0.553,-0.059279425,-0.21745875,0.01962025,-0.156603,0.018537065,-9.8032675,0.0892927,1.6722408,7.4344854,11.707864,0,-0.448,-7.174,148.432
01:02.7,6,1.69,15.4302809,75.0156646,740.58,0.4007057,280.4967,1.5,4.61,0.59,-0.1650678,-0.1606703,0.0248171,-0.1563111,0.1288213,-9.743999,0.0288223,1.6722716,7.6852238,11.786328,0,-0.476,-7.358,148.514
01:02.7,6,1.69,15.4302809,75.01566455,740.583,0.38158579,276.5336,1.5,4.61,0.565,-0.04600603,-0.1250201,0.059969575,-0.1516357,0.2271937,-9.795896,-0.0316481,1.6723024,7.9359622,11.864792,0,-0.504,-7.542,148.596
01:02.8,6,1.69,15.4302809,75.0156645,740.586,0.36246588,272.5705,1.5,4.61,0.54,0.07305574,-0.0893699,0.09512205,-0.1469603,0.3255661,-9.847793,-0.0921185,1.6723332,8.1867006,11.943256,0,-0.532,-7.726,148.678
01:02.8,6,1.69,15.4302809,75.01566445,740.589,0.34334597,268.6074,1.5,4.61,0.515,0.10921852,-0.062585315,0.103487525,-0.12020766,0.3320824,-9.872413,-0.1525889,1.672364,8.437439,12.02172,0,-0.56,-7.91,148.76
01:02.8,6,1.69,15.4302809,75.0156644,740.592,0.32422606,264.6443,1.5,4.61,0.49,0.1453813,-0.03580073,0.111853,-0.09345502,0.3385987,-9.897033,-0.14580716,1.57222,8.4515134,11.911062,0,-0.518,-7.996,148.904
01:02.8,6,1.69,15.4302809,75.01566435,740.595,0.30510615,260.6812,1.5,4.61,0.465,0.071006423,-0.076691415,0.12162375,-0.025728915,0.29854235,-9.7598865,-0.13902542,1.472076,8.4655878,11.800404,0,-0.476,-8.082,149.048
01:02.8,6,1.69,15.4302809,75.0156643,740.598,0.28598624,256.7181,1.5,4.61,0.44,-0.003368455,-0.1175821,0.1313945,0.04199719,0.258486,-9.62274,-0.13224368,1.371932,8.4796622,11.689746,0,-0.434,-8.168,149.192
01:02.9,6,1.69,15.4302809,75.01566425,740.601,0.26686633,252.755,1.5,4.61,0.415,0.007149023,-0.09035344,0.1346381,-0.114409305,0.300473,-9.569182,-0.12546194,1.271788,8.4937366,11.579088,0,-0.392,-8.254,149.336
01:02.9,6,1.69,15.4302809,75.0156642,740.604,0.24774642,248.7919,1.5,4.61,0.39,0.0176665,-0.06312478,0.1378817,-0.2708158,0.34246,-9.515624,-0.1186802,1.171644,8.507811,11.46843,0,-0.35,-8.34,149.48
01:02.9,6,1.69,15.4302809,75.01566415,740.607,0.22862651,244.8288,1.5,4.61,0.365,0.0689592,-0.01567553,0.1518515,-0.25020895,0.37546275,-9.488581,-0.0440812,1.3453908,8.6635126,11.24674,0,-0.35,-8.182,149.684
01:02.9,6,1.69,15.4302809,75.0156641,740.61,0.2095066,240.8657,1.5,4.61,0.34,0.1202519,0.03177372,0.1658213,-0.2296021,0.4084655,-9.461538,0.0305178,1.5191376,8.8192142,11.02505,0,-0.35,-8.024,149.888
01:02.9,6,1.69,15.43028085,75.01566415,740.621,0.22385608,237.60261,1.5,4.609,0.33,0.076297225,0.14299001,0.18423415,-0.3292906,0.39481495,-9.635586,0.1051168,1.6928844,8.9749158,10.80336,0,-0.35,-7.866,150.092
01:03.0,6,1.69,15.4302808,75.0156642,740.632,0.23820556,234.33952,1.5,4.608,0.32,0.03234255,0.2542063,0.202647,-0.4289791,0.3811644,-9.809634,0.1797158,1.8666312,9.1306174,10.58167,0,-0.35,-7.708,150.296
01:03.0,6,1.69,15.43028075,75.01566425,740.643,0.25255504,231.07643,1.5,4.607,0.31,-0.02671907,0.2506285,0.22077035,-0.16881385,0.29228435,-9.84164,0.2543148,2.040378,9.286319,10.35998,0,-0.35,-7.55,150.5
01:03.0,6,1.69,15.4302807,75.0156643,740.654,0.26690452,227.81334,1.5,4.606,0.3,-0.08578069,0.2470507,0.2388937,0.0913514,0.2034043,-9.873646,0.24527248,1.9427544,8.8477344,10.0570302,0,-0.83,-7.134,150.656
01:03.0,6,1.69,15.43028065,75.01566435,740.665,0.281254,224.55025,1.5,4.605,0.29,-0.219159095,0.36659715,0.1755906,-0.00707855,0.125141325,-9.961953,0.23623016,1.8451308,8.4091498,9.7540804,0,-1.31,-6.718,150.812
01:03.0,6,1.69,15.4302806,75.0156644,740.676,0.29560348,221.28716,1.5,4.604,0.28,-0.3525375,0.4861436,0.1122875,-0.1055085,0.04687835,-10.05026,0.22718784,1.7475072,7.9705652,9.4511306,0,-1.79,-6.302,150.968
01:03.1,6,1.69,15.43028055,75.01566445,740.687,0.30995296,218.02407,1.5,4.603,0.27,-0.43820165,0.3485649,0.09582953,-0.013977505,-0.028462775,-9.676807,0.21814552,1.6498836,7.5319806,9.1481808,0,-2.27,-5.886,151.124
01:03.1,6,1.69,15.4302805,75.0156645,740.698,0.32430244,214.76098,1.5,4.602,0.26,-0.5238658,0.2109862,0.07937156,0.07755349,-0.1038039,-9.303354,0.2091032,1.55226,7.093396,8.845231,0,-2.75,-5.47,151.28
01:03.1,6,1.69,15.43028045,75.01566455,740.709,0.33865192,211.49789,1.5,4.601,0.25,-0.56909365,0.21527485,0.060723865,0.009795845,0.1341757,-9.3536475,0.2102335,1.5217446,7.0522076,8.9111406,0,-3.256,-5.166,151.334
01:03.1,6,1.69,15.4302804,75.0156646,740.72,0.3530014,208.2348,1.5,4.6,0.24,-0.6143215,0.2195635,0.04207617,-0.0579618,0.3721553,-9.403941,0.2113638,1.4912292,7.0110192,8.9770502,0,-3.762,-4.862,151.388
01:03.1,6,1.69,15.43028031,75.01566464,740.722,0.37389495,207.25804,1.499,4.599,0.238,-0.51626395,0.2527422,0.06476382,-0.140685,0.5185485,-9.457322,0.2124941,1.4607138,6.9698308,9.0429598,0,-4.268,-4.558,151.442
01:03.2,6,1.69,15.43028022,75.01566468,740.724,0.3947885,206.28128,1.498,4.598,0.236,-0.4182064,0.2859209,0.08745147,-0.2234082,0.6649417,-9.510703,0.2136244,1.4301984,6.9286424,9.1088694,0,-4.774,-4.254,151.496
01:03.2,6,1.69,15.43028013,75.01566472,740.726,0.41568205,205.30452,1.497,4.597,0.234,-0.3135248,0.23267155,0.04951244,-0.080318165,0.4287884,-9.462916,0.2147547,1.399683,6.887454,9.174779,0,-5.28,-3.95,151.55
01:03.2,6,1.69,15.43028004,75.01566476,740.728,0.4365756,204.32776,1.496,4.596,0.232,-0.2088432,0.1794222,0.01157341,0.06277187,0.1926351,-9.415129,0.21079868,1.3510334,6.9330634,9.0745258,0,-5.526,-3.804,151.538
01:03.2,6,1.69,15.43027995,75.0156648,740.73,0.45746915,203.351,1.495,4.595,0.23,-0.12531005,0.156984,0.010403789,0.045195485,0.24462725,-9.49104,0.20684266,1.3023838,6.9786728,8.9742726,0,-5.772,-3.658,151.526
01:03.2,6,1.69,15.43027986,75.01566484,740.732,0.4783627,202.37424,1.494,4.594,0.228,-0.0417769,0.1345458,0.009234167,0.0276191,0.2966194,-9.566951,0.20288664,1.2537342,7.0242822,8.8740194,0,-6.018,-3.512,151.514
01:03.3,6,1.69,15.43027977,75.01566488,740.734,0.49925625,201.39748,1.493,4.593,0.226,-0.05105306,0.074928485,0.001384305,0.031168405,0.3071748,-9.503806,0.19893062,1.2050846,7.0698916,8.7737662,0,-6.264,-3.366,151.502
01:03.3,6,1.69,15.43027968,75.01566492,740.736,0.5201498,200.42072,1.492,4.592,0.224,-0.06032922,0.01531117,-0.006465557,0.03471771,0.3177302,-9.440661,0.1949746,1.156435,7.115501,8.673513,0,-6.51,-3.22,151.49
01:03.3,6,1.69,15.43027959,75.01566496,740.738,0.54104335,199.44396,1.491,4.591,0.222,-0.06259322,0.04212584,-0.014630949,-0.016556635,0.43618505,-9.398521,0.17915058,1.2348862,7.6616262,8.754211,0,-6.512,-3.162,151.416
01:03.3,6,1.69,15.4302795,75.015665,740.74,0.5619369,198.4672,1.49,4.59,0.22,-0.06485722,0.06894051,-0.02279634,-0.06783098,0.5546399,-9.356381,0.16332656,1.3133374,8.2077514,8.834909,0,-6.514,-3.104,151.342
01:03.3,6,1.69,15.43027942,75.0156651,740.75,0.53109711,191.80072,1.488,4.588,0.214,-0.04713084,0.075010845,-0.054892045,-0.07533934,0.44689225,-9.189113,0.14750254,1.3917886,8.7538766,8.915607,0,-6.516,-3.046,151.268
01:03.4,6,1.69,15.43027934,75.0156652,740.76,0.50025732,185.13424,1.486,4.586,0.208,-0.02940446,0.08108118,-0.08698775,-0.0828477,0.3391446,-9.021845,0.13167852,1.4702398,9.3000018,8.996305,0,-6.518,-2.988,151.194
01:03.4,6,1.69,15.43027926,75.0156653,740.77,0.46941753,178.46776,1.484,4.584,0.202,-0.15336973,0.00742557,-0.111680425,-0.047006685,0.2060798,-8.9625935,0.1158545,1.548691,9.846127,9.077003,0,-6.52,-2.93,151.12
01:03.4,6,1.69,15.43027918,75.0156654,740.78,0.43857774,171.80128,1.482,4.582,0.196,-0.277335,-0.06623004,-0.1363731,-0.01116567,0.073015,-8.903342,0.13450424,1.601427,9.3721682,9.091699,0,-6.578,-2.948,150.986
01:03.4,6,1.69,15.4302791,75.0156655,740.79,0.40773795,165.1348,1.48,4.58,0.19,-0.107084535,0.001967745,-0.1387887,-0.084550435,0.2425851,-9.042605,0.15315398,1.654163,8.8982094,9.106395,0,-6.636,-2.966,150.852
01:03.4,6,1.69,15.43027902,75.0156656,740.8,0.37689816,158.46832,1.478,4.578,0.184,0.06316593,0.07016553,-0.1412043,-0.1579352,0.4121552,-9.181868,0.17180372,1.706899,8.4242506,9.121091,0,-6.694,-2.984,150.718
01:03.5,6,1.69,15.43027894,75.0156657,740.81,0.34605837,151.80184,1.476,4.576,0.178,0.047157065,0.030437383,-0.1427997,-0.16401295,0.34865415,-9.2163915,0.19045346,1.759635,7.9502918,9.135787,0,-6.752,-3.002,150.584
01:03.5,6,1.69,15.43027886,75.0156658,740.82,0.31521858,145.13536,1.474,4.574,0.172,0.0311482,-0.009290763,-0.1443951,-0.1700907,0.2851531,-9.250915,0.2091032,1.812371,7.476333,9.150483,0,-6.81,-3.02,150.45
01:03.5,6,1.69,15.43027878,75.0156659,740.83,0.28437879,138.46888,1.472,4.572,0.166,-0.01853734,0.018832429,-0.1700036,-0.15632655,0.25725865,-9.3024825,0.21871066,1.766304,7.401118,9.2525622,0,-6.854,-3.004,150.184
01:03.5,6,1.69,15.4302787,75.015666,740.84,0.253539,131.8024,1.47,4.57,0.16,-0.06822288,0.04695562,-0.1956121,-0.1425624,0.2293642,-9.35405,0.22831812,1.720237,7.325903,9.3546414,0,-6.898,-2.988,149.918
01:03.5,6,1.69,15.43027866,75.01566608,740.831,0.25774809,133.01657,1.469,4.568,0.162,-0.073767875,0.04717734,-0.2328761,-0.18264055,0.3598922,-9.422526,0.23792558,1.67417,7.250688,9.4567206,0,-6.942,-2.972,149.652
01:03.6,6,1.69,15.43027862,75.01566616,740.822,0.26195718,134.23074,1.468,4.566,0.164,-0.07931287,0.04739906,-0.2701401,-0.2227187,0.4904202,-9.491002,0.24753304,1.628103,7.175473,9.5587998,0,-6.986,-2.956,149.386
01:03.6,6,1.69,15.43027858,75.01566624,740.813,0.26616627,135.44491,1.467,4.564,0.166,0.070447265,0.027350637,-0.2749565,-0.13744483,0.50264425,-9.4462325,0.2571405,1.582036,7.100258,9.660879,0,-7.03,-2.94,149.12
01:03.6,6,1.69,15.43027854,75.01566632,740.804,0.27037536,136.65908,1.466,4.562,0.168,0.2202074,0.007302214,-0.2797729,-0.05217096,0.5148683,-9.401463,0.24922848,1.805002,7.1089552,9.5043138,0,-6.364,-2.886,148.576
01:03.6,6,1.69,15.4302785,75.0156664,740.795,0.27458445,137.87325,1.465,4.56,0.17,0.7789227,0.217691257,-0.4742872,-0.71199998,1.45405465,-10.9908115,0.24131646,2.027968,7.1176524,9.3477486,0,-5.698,-2.832,148.032
01:03.6,6,1.69,15.43027846,75.01566648,740.786,0.27879354,139.08742,1.464,4.558,0.172,1.337638,0.4280803,-0.6688015,-1.371829,2.393241,-12.58016,0.23340444,2.250934,7.1263496,9.1911834,0,-5.032,-2.778,147.488
01:03.7,6,1.69,15.43027842,75.01566656,740.777,0.28300263,140.30159,1.463,4.556,0.174,0.8149458,0.06297815,-0.65479045,-0.66591522,1.13706965,-11.805815,0.22549242,2.4739,7.1350468,9.0346182,0,-4.366,-2.724,146.944
01:03.7,6,1.69,15.43027838,75.01566664,740.768,0.28721172,141.51576,1.462,4.554,0.176,0.2922536,-0.302124,-0.6407794,0.03999856,-0.1191017,-11.03147,0.2175804,2.696866,7.143744,8.878053,0,-3.7,-2.67,146.4
01:03.7,6,1.69,15.43027834,75.01566672,740.759,0.29142081,142.72993,1.461,4.552,0.178,0.08207085,-0.189017975,-0.625784,-0.36773092,0.12204185,-11.51313,0.27239936,2.656529,7.2822936,9.1355024,0,-3.836,-2.676,145.692
01:03.7,6,1.69,15.4302783,75.0156668,740.75,0.2956299,143.9441,1.46,4.55,0.18,-0.1281119,-0.07591195,-0.6107886,-0.7754604,0.3631854,-11.99479,0.32721832,2.616192,7.4208432,9.3929518,0,-3.972,-2.682,144.984
01:03.7,6,1.69,15.43027827,75.01566689,740.745,0.30240766,141.66499,1.459,4.548,0.191,-0.2634264,-0.05453941,-0.58972435,-0.5247603,0.40203145,-11.629975,0.38203728,2.575855,7.5593928,9.6504012,0,-4.108,-2.688,144.276
01:03.8,6,1.69,15.43027824,75.01566698,740.74,0.30918542,139.38588,1.458,4.546,0.202,-0.3987409,-0.03316687,-0.5686601,-0.2740602,0.4408775,-11.26516,0.43685624,2.535518,7.6979424,9.9078506,0,-4.244,-2.694,143.568
01:03.8,6,1.69,15.43027821,75.01566707,740.735,0.31596318,137.10677,1.457,4.544,0.213,-0.3195954,0.01973201,-0.52212945,-0.2157005,0.48572155,-10.963755,0.4916752,2.495181,7.836492,10.1653,0,-4.38,-2.7,142.86
01:03.8,6,1.69,15.43027818,75.01566716,740.73,0.32274094,134.82766,1.456,4.542,0.224,-0.2404499,0.07263089,-0.4755988,-0.1573408,0.5305656,-10.66235,0.5097598,2.6543646,7.860248,9.993267,0,-4.57,-2.666,142.428
01:03.8,6,1.69,15.43027815,75.01566725,740.725,0.3295187,132.54855,1.455,4.54,0.235,-0.089115,0.05740865,-0.45303615,-0.05893858,0.69962595,-10.423165,0.5278444,2.8135482,7.884004,9.821234,0,-4.76,-2.632,141.996
01:03.8,6,1.69,15.43027812,75.01566734,740.72,0.33629646,130.26944,1.454,4.538,0.246,0.0622199,0.04218641,-0.4304735,0.03946364,0.8686863,-10.18398,0.545929,2.9727318,7.90776,9.649201,0,-4.95,-2.598,141.564
01:03.9,6,1.69,15.43027809,75.01566743,740.715,0.34307422,127.99033,1.453,4.536,0.257,-0.1512242,0.085773205,-0.34720825,0.066447425,0.6066294,-10.067085,0.5640136,3.1319154,7.931516,9.477168,0,-5.14,-2.564,141.132
01:03.9,6,1.69,15.43027806,75.01566752,740.71,0.34985198,125.71122,1.452,4.534,0.268,-0.3646683,0.12936,-0.263943,0.09343121,0.3445725,-9.95019,0.5820982,3.291099,7.955272,9.305135,0,-5.33,-2.53,140.7
01:03.9,6,1.69,15.43027803,75.01566761,740.705,0.35662974,123.43211,1.451,4.532,0.279,-0.182409498,0.01710557,-0.21011515,0.141307705,0.62188705,-9.7218475,0.472460288,3.2782862,8.1150484,8.8320094,0,-5.328,-2.536,140.65
01:03.9,6,1.69,15.430278,75.0156677,740.7,0.3634075,121.153,1.45,4.53,0.29,-0.000150695,-0.09514886,-0.1562873,0.1891842,0.8992016,-9.493505,0.362822376,3.2654734,8.2748248,8.3588838,0,-5.326,-2.542,140.6
01:03.9,6.1,1.687,15.43027796,75.0156678,740.701,0.36436823,120.61177,1.449,4.528,0.285,0.108696952,-0.07127333,-0.049598895,0.0300461,0.8049374,-9.420309,0.253184464,3.2526606,8.4346012,7.8857582,0,-5.324,-2.548,140.55
01:04.0,6.2,1.684,15.43027792,75.0156679,740.702,0.36532896,120.07054,1.448,4.526,0.28,0.2175446,-0.0473978,0.05708951,-0.129092,0.7106732,-9.347113,0.143546552,3.2398478,8.5943776,7.4126326,0,-5.322,-2.554,140.5
01:04.0,6.3,1.681,15.43027788,75.015668,740.703,0.36628969,119.52931,1.447,4.524,0.275,0.04530675,-0.003302095,0.144696105,-0.0826504,0.6518137,-9.329328,0.03390864,3.227035,8.754154,6.939507,0,-5.32,-2.56,140.45
01:04.0,6.4,1.678,15.43027784,75.0156681,740.704,0.36725042,118.98808,1.446,4.522,0.27,-0.1269311,0.04079361,0.2323027,-0.0362088,0.5929542,-9.311543,0.043516086,3.1682728,8.4649482,7.0151434,0,-5.26,-2.548,140.794
01:04.0,6.5,1.675,15.4302778,75.0156682,740.705,0.36821115,118.44685,1.445,4.52,0.265,0.01401365,-0.0265613,0.25951565,0.05663505,0.58109085,-9.155187,0.053123532,3.1095106,8.1757424,7.0907798,0,-5.2,-2.536,141.138
01:04.0,6.6,1.672,15.43027776,75.0156683,740.706,0.36917188,117.90562,1.444,4.518,0.26,0.1549584,-0.09391621,0.2867286,0.1494789,0.5692275,-8.998831,0.062730978,3.0507484,7.8865366,7.1664162,0,-5.14,-2.524,141.482
01:04.1,6.7,1.669,15.43027772,75.0156684,740.707,0.37013261,117.36439,1.443,4.516,0.255,0.06414173,-0.01470426,0.34516005,-0.03250385,0.41734895,-9.156817,0.072338424,2.9919862,7.5973308,7.2420526,0,-5.08,-2.512,141.826
01:04.1,6.8,1.666,15.43027768,75.0156685,740.708,0.37109334,116.82316,1.442,4.514,0.25,-0.02667494,0.06450769,0.4035915,-0.2144866,0.2654704,-9.314803,0.08194587,2.933224,7.308125,7.317689,0,-5.02,-2.5,142.17
01:04.1,6.9,1.663,15.43027764,75.0156686,740.709,0.37205407,116.28193,1.441,4.512,0.245,0.03972468,0.00388074,0.42036785,-0.07779047,0.30331055,-9.155236,0.089857876,2.9374286,7.4429568,8.0140012,0,-5.092,-2.46,142.666
01:04.1,7,1.66,15.4302776,75.0156687,740.71,0.3730148,115.7407,1.44,4.51,0.24,0.1061243,-0.05674621,0.4371442,0.05890566,0.3411507,-8.995669,0.097769882,2.9416332,7.5777886,8.7103134,0,-5.164,-2.42,143.162
01:04.1,7,1.66,15.43027758,75.01566879,740.713,0.39248392,114.048152,1.44,4.509,0.248,0.14576995,-0.04535322,0.42989745,-0.05417237,0.31173145,-9.140961,0.105681888,2.9458378,7.7126204,9.4066256,0,-5.236,-2.38,143.658
01:04.2,7,1.66,15.43027756,75.01566888,740.716,0.41195304,112.355604,1.44,4.508,0.256,0.1854156,-0.03396023,0.4226507,-0.1672504,0.2823122,-9.286253,0.113593894,2.9500424,7.8474522,10.1029378,0,-5.308,-2.34,144.154
01:04.2,7,1.66,15.43027754,75.01566897,740.719,0.43142216,110.663056,1.44,4.507,0.264,0.26691415,-0.045710425,0.39284605,-0.073381005,0.3150678,-9.274027,0.1215059,2.954247,7.982284,10.79925,0,-5.38,-2.3,144.65
01:04.2,7,1.66,15.43027752,75.01566906,740.722,0.45089128,108.970508,1.44,4.506,0.272,0.3484127,-0.05746062,0.3630414,0.02048839,0.3478234,-9.261801,0.14015566,2.8184406,7.9316724,11.059104,0,-5.144,-2.202,145.086
01:04.2,7,1.66,15.4302775,75.01566915,740.725,0.4703604,107.27796,1.44,4.505,0.28,0.3880549,0.012269075,0.35797495,-0.03390234,0.2704761,-9.5165805,0.15880542,2.6826342,7.8810608,11.318958,0,-4.908,-2.104,145.522
01:04.2,7,1.66,15.43027748,75.01566924,740.728,0.48982952,105.585412,1.44,4.504,0.288,0.4276971,0.08199877,0.3529085,-0.08829307,0.1931288,-9.77136,0.17745518,2.5468278,7.8304492,11.578812,0,-4.672,-2.006,145.958
01:04.3,7,1.66,15.43027746,75.01566933,740.731,0.50929864,103.892864,1.44,4.503,0.296,0.32813485,0.196903985,0.35201815,-0.183296685,0.2699272,-9.798369,0.19610494,2.4110214,7.7798376,11.838666,0,-4.436,-1.908,146.394
01:04.3,7,1.66,15.43027744,75.01566942,740.734,0.52876776,102.200316,1.44,4.502,0.304,0.2285726,0.3118092,0.3511278,-0.2783003,0.3467256,-9.825378,0.2147547,2.275215,7.729226,12.09852,0,-4.2,-1.81,146.83
01:04.3,7,1.66,15.43027742,75.01566951,740.737,0.54823688,100.507768,1.44,4.501,0.312,0.41738105,0.25517085,0.3044473,-0.1910766,0.39724285,-9.631401,0.227753,2.1400882,7.747939,11.72444,0,-3.788,-1.586,147.082
01:04.3,7,1.66,15.4302774,75.0156696,740.74,0.567706,98.81522,1.44,4.5,0.32,0.6061895,0.1985325,0.2577668,-0.1038529,0.4477601,-9.437424,0.2407513,2.0049614,7.766652,11.35036,0,-3.376,-1.362,147.334
01:04.3,7,1.66,15.4302774,75.01566966,740.727,0.53421672,99.917288,1.439,4.499,0.323,0.32983314,0.1562333,0.20574485,-0.041197815,0.19524365,-9.4354085,0.2537496,1.8698346,7.785365,10.97628,0,-2.964,-1.138,147.586
01:04.4,7,1.66,15.4302774,75.01566972,740.714,0.50072744,101.019356,1.438,4.498,0.326,0.05347678,0.1139341,0.1537229,0.02145727,-0.0572728,-9.433393,0.2667479,1.7347078,7.804078,10.6022,0,-2.552,-0.914,147.838
01:04.4,7,1.66,15.4302774,75.01566978,740.701,0.46723816,102.121424,1.437,4.497,0.329,0.11965089,0.069222675,0.13978775,0.01671673,0.15827675,-9.460646,0.2797462,1.599581,7.822791,10.22812,0,-2.14,-0.69,148.09
01:04.4,7,1.66,15.4302774,75.01566984,740.688,0.43374888,103.223492,1.436,4.496,0.332,0.185825,0.02451125,0.1258526,0.01197619,0.3738263,-9.487899,0.235664982,1.525863,7.9620528,10.293288,0,-1.896,-0.626,148.208
01:04.4,7,1.66,15.4302774,75.0156699,740.675,0.4002596,104.32556,1.435,4.495,0.335,0.30519635,0.02929918,0.11098061,0.106801545,0.45826925,-9.574695,0.191583764,1.452145,8.1013146,10.358456,0,-1.652,-0.562,148.326
01:04.4,7,1.66,15.4302774,75.01566996,740.662,0.36677032,105.427628,1.434,4.494,0.338,0.4245677,0.03408711,0.09610862,0.2016269,0.5427122,-9.661491,0.147502546,1.378427,8.2405764,10.423624,0,-1.408,-0.498,148.444
01:04.5,7,1.66,15.4302774,75.01567002,740.649,0.33328104,106.529696,1.433,4.493,0.341,0.17578009,0.020202939,0.085837045,0.1701843,0.4233545,-9.656005,0.103421328,1.304709,8.3798382,10.488792,0,-1.164,-0.434,148.562
01:04.5,7,1.66,15.4302774,75.01567008,740.636,0.29979176,107.631764,1.432,4.492,0.344,-0.07300752,0.006318768,0.07556547,0.1387417,0.3039968,-9.650519,0.05934011,1.230991,8.5191,10.55396,0,-0.92,-0.37,148.68
01:04.5,7,1.66,15.4302774,75.01567014,740.623,0.26630248,108.733832,1.431,4.491,0.347,0.04515729,-0.020837356,0.06024921,0.021252845,0.3124756,-9.6651615,0.124331648,1.2743524,8.3291796,10.478802,0,-0.892,-0.346,148.74
01:04.5,7,1.66,15.4302774,75.0156702,740.61,0.2328132,109.8359,1.43,4.49,0.35,0.1633221,-0.04799348,0.04493295,-0.09623601,0.3209544,-9.679804,0.189323186,1.3177138,8.1392592,10.403644,0,-0.864,-0.322,148.8
01:04.5,7,1.66,15.43027738,75.01567024,740.617,0.22005281,111.46305,1.43,4.491,0.352,0.040749585,0.00617874,0.03265637,-0.05893542,0.3786616,-9.8115745,0.254314724,1.3610752,7.9493388,10.328486,0,-0.836,-0.298,148.86
01:04.6,7,1.66,15.43027736,75.01567028,740.624,0.20729242,113.0902,1.43,4.492,0.354,-0.08182293,0.06035096,0.02037979,-0.02163483,0.4363688,-9.943345,0.319306262,1.4044366,7.7594184,10.253328,0,-0.808,-0.274,148.92
01:04.6,7,1.66,15.43027734,75.01567032,740.631,0.19453203,114.71735,1.43,4.493,0.356,0.052984885,-0.001044765,0.070710595,0.007912775,0.38380775,-9.880368,0.3842978,1.447798,7.569498,10.17817,0,-0.78,-0.25,148.98
01:04.6,7,1.66,15.43027732,75.01567036,740.638,0.18177164,116.3445,1.43,4.494,0.358,0.1877927,-0.06244049,0.1210414,0.03746038,0.3312467,-9.817391,0.36451778,1.4884886,7.420152,10.154084,0,-0.76,-0.164,149.068
01:04.6,7,1.66,15.4302773,75.0156704,740.645,0.16901125,117.97165,1.43,4.495,0.36,0.04804964,0.072076705,0.083397715,-0.00884325,0.2822776,-10.0358505,0.34473776,1.5291792,7.270806,10.129998,0,-0.74,-0.078,149.156
01:04.6,7,1.66,15.43027728,75.01567044,740.652,0.15625086,119.5988,1.43,4.496,0.362,-0.09169342,0.2065939,0.04575403,-0.05514688,0.2333085,-10.25431,0.32495774,1.5698698,7.12146,10.105912,0,-0.72,0.008,149.244
01:04.7,7,1.66,15.43027726,75.01567048,740.659,0.14349047,121.22595,1.43,4.497,0.364,-0.077762235,0.14310761,0.05595571,-0.007268675,0.23847085,-10.0458765,0.30517772,1.6105604,6.972114,10.081826,0,-0.7,0.094,149.332
01:04.7,7,1.66,15.43027724,75.01567052,740.666,0.13073008,122.8531,1.43,4.498,0.366,-0.06383105,0.07962132,0.06615739,0.04060953,0.2436332,-9.837443,0.2853977,1.651251,6.822768,10.05774,0,-0.68,0.18,149.42
01:04.7,7,1.66,15.43027722,75.01567056,740.673,0.11796969,124.48025,1.43,4.499,0.368,0.100764175,-0.03619699,0.05872183,0.052807295,0.34625495,-9.8071395,0.3859933,1.638017,6.8119022,10.0222716,0,-0.614,0.188,149.508
01:04.7,7,1.66,15.4302772,75.0156706,740.68,0.1052093,126.1074,1.43,4.5,0.37,0.2653594,-0.1520153,0.05128627,0.06500506,0.4488767,-9.776836,0.4865889,1.624783,6.8010364,9.9868032,0,-0.548,0.196,149.596
01:04.7,7,1.66,15.4302772,75.01567064,740.684,0.13005078,121.798226,1.431,4.5,0.371,0.138979055,-0.0205674,0.087510035,-0.18431102,0.454576,-9.978133,0.5871845,1.611549,6.7901706,9.9513348,0,-0.482,0.204,149.684
01:04.8,7,1.66,15.4302772,75.01567068,740.688,0.15489226,117.489052,1.432,4.5,0.372,0.01259871,0.1108805,0.1237338,-0.4336271,0.4602753,-10.17943,0.6877801,1.598315,6.7793048,9.9158664,0,-0.416,0.212,149.772
01:04.8,7,1.66,15.4302772,75.01567072,740.692,0.17973374,113.179878,1.433,4.5,0.373,0.032337885,0.03861407,0.07890496,-0.11020145,0.3054565,-10.15447,0.7883757,1.585081,6.768439,9.880398,0,-0.35,0.22,149.86
01:04.8,7,1.66,15.4302772,75.01567076,740.696,0.20457522,108.870704,1.434,4.5,0.374,0.05207706,-0.03365236,0.03407612,0.2132242,0.1506377,-10.12951,0.645959446,1.5910184,6.8284478,9.9450264,0,-0.344,0.194,149.756
01:04.8,7,1.66,15.4302772,75.0156708,740.7,0.2294167,104.56153,1.435,4.5,0.375,0.01609529,-0.013802226,-0.07643404,0.15677055,0.14754985,-10.027643,0.503543192,1.5969558,6.8884566,10.0096548,0,-0.338,0.168,149.652
01:04.8,7,1.66,15.4302772,75.01567084,740.704,0.25425818,100.252356,1.436,4.5,0.376,-0.01988648,0.006047908,-0.1869442,0.1003169,0.144462,-9.925776,0.361126938,1.6028932,6.9484654,10.0742832,0,-0.332,0.142,149.548
01:04.9,7,1.66,15.4302772,75.01567088,740.708,0.27909966,95.943182,1.437,4.5,0.377,0.07172021,0.052280219,-0.1765993,-0.0496933,0.27589145,-10.022388,0.218710684,1.6088306,7.0084742,10.1389116,0,-0.326,0.116,149.444
01:04.9,7,1.66,15.4302772,75.01567092,740.712,0.30394114,91.634008,1.438,4.5,0.378,0.1633269,0.09851253,-0.1662544,-0.1997035,0.4073209,-10.119,0.07629443,1.614768,7.068483,10.20354,0,-0.32,0.09,149.34
01:04.9,7,1.66,15.4302772,75.01567096,740.716,0.32878262,87.324834,1.439,4.5,0.379,0.094976635,0.033619885,-0.1553186,-0.134522415,0.26969215,-9.899774,0.118680224,1.7612744,7.3187738,10.23441,0,-0.334,0.158,149.224
01:04.9,7,1.66,15.4302772,75.015671,740.72,0.3536241,83.01566,1.44,4.5,0.38,0.02662637,-0.03127276,-0.1443828,-0.06934133,0.1320634,-9.680548,0.161066018,1.9077808,7.5690646,10.26528,0,-0.348,0.226,149.108
01:04.9,7,1.66,15.43027721,75.01567106,740.728,0.34666962,82.183275,1.44,4.501,0.378,-0.034762225,0.04349432,-0.095479735,-0.175533415,0.17087475,-9.8012895,0.203451812,2.0542872,7.8193554,10.29615,0,-0.362,0.294,148.992
01:05.0,7,1.66,15.43027722,75.01567112,740.736,0.33971514,81.35089,1.44,4.502,0.376,-0.09615082,0.1182614,-0.04657667,-0.2817255,0.2096861,-9.922031,0.245837606,2.2007936,8.0696462,10.32702,0,-0.376,0.362,148.876
01:05.0,7,1.66,15.43027723,75.01567118,740.744,0.33276066,80.518505,1.44,4.503,0.374,-0.02833696,0.071842485,-0.03579443,-0.121050795,0.20330135,-9.902715,0.2882234,2.3473,8.319937,10.35789,0,-0.39,0.43,148.76
01:05.0,7,1.66,15.43027724,75.01567124,740.752,0.32580618,79.68612,1.44,4.504,0.372,0.0394769,0.02542357,-0.02501219,0.03962391,0.1969166,-9.883399,0.2650525,2.2158904,7.9265424,10.372282,0,-0.416,0.402,148.72
01:05.0,7,1.66,15.43027725,75.0156713,740.76,0.3188517,78.853735,1.44,4.505,0.37,-0.06384295,0.00446052,-0.03515586,0.092663055,0.3381551,-9.9110055,0.2418816,2.0844808,7.5331478,10.386674,0,-0.442,0.374,148.68
01:05.0,7,1.66,15.43027726,75.01567136,740.768,0.31189722,78.02135,1.44,4.506,0.368,-0.1671628,-0.01650253,-0.04529953,0.1457022,0.4793936,-9.938612,0.2187107,1.9530712,7.1397532,10.401066,0,-0.468,0.346,148.64
01:05.1,7,1.66,15.43027727,75.01567142,740.776,0.30494274,77.188965,1.44,4.507,0.366,-0.0099349,-0.050636575,-0.05613072,0.041338335,0.3309989,-9.8118765,0.1955398,1.8216616,6.7463586,10.415458,0,-0.494,0.318,148.6
01:05.1,7,1.66,15.43027728,75.01567148,740.784,0.29798826,76.35658,1.44,4.508,0.364,0.147293,-0.08477062,-0.06696191,-0.06302553,0.1826042,-9.685141,0.1723689,1.690252,6.352964,10.42985,0,-0.52,0.29,148.56
01:05.1,7,1.66,15.43027729,75.01567154,740.792,0.29103378,75.524195,1.44,4.509,0.362,0.119945515,-0.07902275,-0.04407445,-0.084464065,0.128954505,-9.6281575,0.1853672,1.7442288,6.4550584,10.524148,0,-0.532,0.266,148.522
01:05.1,7,1.66,15.4302773,75.0156716,740.8,0.2840793,74.69181,1.44,4.51,0.36,0.09259803,-0.07327488,-0.02118699,-0.1059026,0.07530481,-9.571174,0.1983655,1.7982056,6.5571528,10.618446,0,-0.544,0.242,148.484
01:05.1,7,1.66,15.43027732,75.01567163,740.804,0.264463413,70.60971,1.439,4.509,0.36,-0.043373085,-0.027794955,-0.033318635,-0.09690449,0.137806205,-9.640564,0.2113638,1.8521824,6.6592472,10.712744,0,-0.556,0.218,148.446
01:05.2,7,1.66,15.43027734,75.01567166,740.808,0.244847526,66.52761,1.438,4.508,0.36,-0.1793442,0.01768497,-0.04545028,-0.08790638,0.2003076,-9.709954,0.2243621,1.9061592,6.7613416,10.807042,0,-0.568,0.194,148.408
01:05.2,7,1.66,15.43027736,75.01567169,740.812,0.225231639,62.44551,1.437,4.507,0.36,-0.00683485,0.011562665,-0.05572934,-0.062998045,0.2659354,-9.738544,0.2373604,1.960136,6.863436,10.90134,0,-0.58,0.17,148.37
01:05.2,7,1.66,15.43027738,75.01567172,740.816,0.205615752,58.36341,1.436,4.506,0.36,0.1656745,0.005440359,-0.0660084,-0.03808971,0.3315632,-9.767134,0.2616616,1.9226958,7.2213582,10.96184,0,-0.582,0.194,148.314
01:05.2,7,1.66,15.4302774,75.01567175,740.82,0.185999865,54.28131,1.435,4.505,0.36,0.03369973,0.040336929,-0.052473065,-0.007695505,0.29803865,-9.752686,0.2859628,1.8852556,7.5792804,11.02234,0,-0.584,0.218,148.258
01:05.2,7,1.66,15.43027742,75.01567178,740.824,0.166383978,50.19921,1.434,4.504,0.36,-0.09827504,0.0752335,-0.03893773,0.0226987,0.2645141,-9.738238,0.310264,1.8478154,7.9372026,11.08284,0,-0.586,0.242,148.202
01:05.3,7,1.66,15.43027744,75.01567181,740.828,0.146768091,46.11711,1.433,4.503,0.36,-0.07408214,-0.00937273,-0.03473281,0.037809255,0.20174705,-9.5980135,0.3345652,1.8103752,8.2951248,11.14334,0,-0.588,0.266,148.146
01:05.3,7,1.66,15.43027746,75.01567184,740.832,0.127152204,42.03501,1.432,4.502,0.36,-0.04988924,-0.09397896,-0.03052789,0.05291981,0.13898,-9.457789,0.3588664,1.772935,8.653047,11.20384,0,-0.59,0.29,148.09
01:05.3,7,1.66,15.43027748,75.01567187,740.836,0.107536317,37.95291,1.431,4.501,0.36,0.021954595,-0.07931624,-0.062305885,-0.066171245,0.167348,-9.5836085,0.32043662,1.8183178,8.4555582,11.35257,0,-0.604,0.282,148.038
01:05.3,7,1.66,15.4302775,75.0156719,740.84,0.08792043,33.87081,1.43,4.5,0.36,0.09379843,-0.06465352,-0.09408388,-0.1852623,0.195716,-9.709428,0.28200684,1.8637006,8.2580694,11.5013,0,-0.618,0.274,147.986
01:05.3,7,1.66,15.43027752,75.01567189,740.84,0.085031776,30.6778776,1.43,4.499,0.36,0.02551451,-0.01606595,-0.077324205,-0.19132755,0.2171941,-9.7820105,0.24357706,1.9090834,8.0605806,11.65003,0,-0.632,0.266,147.934
01:05.4,7,1.66,15.43027754,75.01567188,740.84,0.082143122,27.4849452,1.43,4.498,0.36,-0.04276941,0.03252162,-0.06056453,-0.1973928,0.2386722,-9.854593,0.20514728,1.9544662,7.8630918,11.79876,0,-0.646,0.258,147.882
01:05.4,7,1.66,15.43027756,75.01567187,740.84,0.079254468,24.2920128,1.43,4.497,0.36,-0.052488305,0.027906265,-0.01657397,-0.22316455,0.15553075,-9.707655,0.1667175,1.999849,7.665603,11.94749,0,-0.66,0.25,147.83
01:05.4,7,1.66,15.43027758,75.01567186,740.84,0.076365814,21.0990804,1.43,4.496,0.36,-0.0622072,0.02329091,0.02741659,-0.2489363,0.0723893,-9.560717,0.127722562,2.0515846,7.5838876,11.815416,0,-0.652,0.234,147.876
01:05.4,7,1.66,15.4302776,75.01567185,740.84,0.07347716,17.906148,1.43,4.495,0.36,0.07892875,0.009886167,0.04946264,-0.075873425,0.09922765,-9.6816625,0.088727624,2.1033202,7.5021722,11.683342,0,-0.644,0.218,147.922
01:05.4,7,1.66,15.43027762,75.01567184,740.84,0.070588506,14.7132156,1.43,4.494,0.36,0.2200647,-0.003518577,0.07150869,0.09718945,0.126066,-9.802608,0.049732686,2.1550558,7.4204568,11.551268,0,-0.636,0.202,147.968
01:05.5,7,1.66,15.43027764,75.01567183,740.84,0.067699852,11.5202832,1.43,4.493,0.36,-0.0116572,-0.079497589,0.058351015,0.08811245,0.098245125,-9.549655,0.010737748,2.2067914,7.3387414,11.419194,0,-0.628,0.186,148.014
01:05.5,7,1.66,15.43027766,75.01567182,740.84,0.064811198,8.3273508,1.43,4.492,0.36,-0.2433791,-0.1554766,0.04519334,0.07903545,0.07042425,-9.296702,-0.02825719,2.258527,7.257026,11.28712,0,-0.62,0.17,148.06
01:05.5,7,1.66,15.43027768,75.01567181,740.84,0.061922544,5.1344184,1.43,4.491,0.36,-0.1865593,-0.037138675,0.05681717,-0.103397325,0.216542925,-9.4574825,-0.037299494,2.158645,7.189706,11.228022,0,-0.544,0.16,148.168
01:05.5,7,1.66,15.4302777,75.0156718,740.84,0.05903389,1.941486,1.43,4.49,0.36,-0.1297395,0.08119925,0.068441,-0.2858301,0.3626616,-9.618263,-0.046341798,2.058763,7.122386,11.168924,0,-0.468,0.15,148.276
01:05.5,7,1.66,15.43027771,75.0156718,740.852,0.067942661,37.5151874,1.429,4.489,0.349,0.086404,0.02866123,0.0844854,-0.2265382,0.3180607,-9.5800955,-0.055384102,1.958881,7.055066,11.109826,0,-0.392,0.14,148.384
01:05.6,7,1.66,15.43027772,75.0156718,740.864,0.076851432,73.0888888,1.428,4.488,0.338,0.3025475,-0.02387679,0.1005298,-0.1672463,0.2734598,-9.541928,-0.064426406,1.858999,6.987746,11.050728,0,-0.316,0.13,148.492
01:05.6,7,1.66,15.43027773,75.0156718,740.876,0.085760203,108.6625902,1.427,4.487,0.327,0.109181065,0.00276464,0.098440615,-0.18247795,0.26803435,-9.6746665,-0.07346871,1.759117,6.920426,10.99163,0,-0.24,0.12,148.6
01:05.6,7,1.66,15.43027774,75.0156718,740.888,0.094668974,144.2362916,1.426,4.486,0.316,-0.08418537,0.02940607,0.09635143,-0.1977096,0.2626089,-9.807405,-0.009042308,1.8023356,7.2438916,10.903672,0,-0.282,0.1,148.7
01:05.6,7,1.66,15.43027775,75.0156718,740.9,0.103577745,179.809993,1.425,4.485,0.305,-0.031545495,-0.02312409,0.09377153,-0.1836091,0.13901779,-9.6529615,0.055384094,1.8455542,7.5673572,10.815714,0,-0.324,0.08,148.8
01:05.6,7,1.66,15.43027776,75.0156718,740.912,0.112486516,215.3836944,1.424,4.484,0.294,0.02109438,-0.07565425,0.09119163,-0.1695086,0.01542668,-9.498518,0.119810496,1.8887728,7.8908228,10.727756,0,-0.366,0.06,148.9
01:05.7,7,1.66,15.43027777,75.0156718,740.924,0.121395287,250.9573958,1.423,4.483,0.283,-0.04530996,-0.01463165,0.0886755,-0.12522884,0.19096974,-9.504003,0.184236898,1.9319914,8.2142884,10.639798,0,-0.408,0.04,149
01:05.7,7,1.66,15.43027778,75.0156718,740.936,0.130304058,286.5310972,1.422,4.482,0.272,-0.1117143,0.04639095,0.08615937,-0.08094908,0.3665128,-9.509488,0.2486633,1.97521,8.537754,10.55184,0,-0.45,0.02,149.1
01:05.7,7,1.66,15.43027779,75.0156718,740.948,0.139212829,322.1047986,1.421,4.481,0.261,-0.031647275,0.075940875,0.094932285,-0.16552394,0.34180525,-9.64354,0.22492726,2.0409274,8.6664886,10.492076,0,-0.456,0.016,149.238
01:05.7,7,1.66,15.4302778,75.0156718,740.96,0.1481216,357.6785,1.42,4.48,0.25,0.04841975,0.1054908,0.1037052,-0.2500988,0.3170977,-9.777592,0.20119122,2.1066448,8.7952232,10.432312,0,-0.462,0.012,149.376
01:05.7,7,1.66,15.43027784,75.01567177,740.963,0.16041682,356.19416,1.419,4.48,0.251,0.06071131,0.0022161,0.098849535,-0.075805255,0.2536544,-9.610197,0.17745518,2.1723622,8.9239578,10.372548,0,-0.468,0.008,149.514
01:05.8,7,1.66,15.43027788,75.01567174,740.966,0.17271204,354.70982,1.418,4.48,0.252,0.07300287,-0.1010586,0.09399387,0.09848829,0.1902111,-9.442802,0.15371914,2.2380796,9.0526924,10.312784,0,-0.474,0.004,149.652
01:05.8,7,1.66,15.43027792,75.01567171,740.969,0.18500726,353.22548,1.417,4.48,0.253,0.04557686,-0.072229165,0.112181785,-0.086987905,0.1958037,-9.5396755,0.1299831,2.303797,9.181427,10.25302,0,-0.48,0,149.79
01:05.8,7,1.66,15.43027796,75.01567168,740.972,0.19730248,351.74114,1.416,4.48,0.254,0.01815085,-0.04339973,0.1303697,-0.2724641,0.2013963,-9.636549,0.15089342,2.181026,9.0218016,10.293728,0,-0.472,-0.054,149.978
01:05.8,7,1.66,15.430278,75.01567165,740.975,0.2095977,350.2568,1.415,4.48,0.255,0.065186525,-0.06568499,0.15919235,-0.22743515,0.17641355,-9.4939105,0.17180374,2.058255,8.8621762,10.334436,0,-0.464,-0.108,150.166
01:05.8,7,1.66,15.43027804,75.01567162,740.978,0.22189292,348.77246,1.414,4.48,0.256,0.1122222,-0.08797025,0.188015,-0.1824062,0.1514308,-9.351272,0.19271406,1.935484,8.7025508,10.375144,0,-0.456,-0.162,150.354
01:05.9,7,1.66,15.43027808,75.01567159,740.981,0.23418814,347.28812,1.413,4.48,0.257,-0.05425295,-0.064813995,0.18944745,-0.16948855,0.1592736,-9.3868935,0.21362438,1.812713,8.5429254,10.415852,0,-0.448,-0.216,150.542
01:05.9,7,1.66,15.43027812,75.01567156,740.984,0.24648336,345.80378,1.412,4.48,0.258,-0.2207281,-0.04165774,0.1908799,-0.1565709,0.1671164,-9.422515,0.2345347,1.689942,8.3833,10.45656,0,-0.44,-0.27,150.73
01:05.9,7,1.66,15.43027816,75.01567153,740.987,0.25877858,344.31944,1.411,4.48,0.259,-0.08490821,0.00114446,0.16128435,-0.17539405,0.23085045,-9.5155725,0.184236896,1.6792286,8.2283828,10.292853,0,-0.456,-0.256,150.87
01:05.9,7,1.66,15.4302782,75.0156715,740.99,0.2710738,342.8351,1.41,4.48,0.26,0.05091168,0.04394666,0.1316888,-0.1942172,0.2945845,-9.60863,0.133939092,1.6685152,8.0734656,10.129146,0,-0.472,-0.242,151.01
01:05.9,7,1.66,15.43027824,75.01567152,741.001,0.26736663,341.71986,1.409,4.48,0.259,0.11014904,0.00763597,0.1170949,-0.1563657,0.2802342,-9.538798,0.083641288,1.6578018,7.9185484,9.965439,0,-0.488,-0.228,151.15
01:06.0,7,1.66,15.43027828,75.01567154,741.012,0.26365946,340.60462,1.408,4.48,0.258,0.1693864,-0.02867472,0.102501,-0.1185142,0.2658839,-9.468966,0.033343484,1.6470884,7.7636312,9.801732,0,-0.504,-0.214,151.29
01:06.0,7,1.66,15.43027832,75.01567156,741.023,0.25995229,339.48938,1.407,4.48,0.257,0.01373695,-0.04361036,0.06340132,-0.078551165,0.19939425,-9.5042575,-0.01695432,1.636375,7.608714,9.638025,0,-0.52,-0.2,151.43
01:06.0,7,1.66,15.43027836,75.01567158,741.034,0.25624512,338.37414,1.406,4.48,0.256,-0.1419125,-0.058546,0.02430164,-0.03858813,0.1329046,-9.539549,0.001130286,1.5724752,7.6518466,9.6292858,0,-0.492,-0.156,151.346
01:06.0,7,1.66,15.4302784,75.0156716,741.045,0.25253795,337.2589,1.405,4.48,0.255,-0.09586824,0.0239014,-0.04785823,-0.123636915,0.1952257,-9.6849165,0.019214892,1.5085754,7.6949792,9.6205466,0,-0.464,-0.112,151.262
01:06.0,7,1.66,15.43027844,75.01567162,741.056,0.24883078,336.14366,1.404,4.48,0.254,-0.04982398,0.1063488,-0.1200181,-0.2086857,0.2575468,-9.830284,0.037299498,1.4446756,7.7381118,9.6118074,0,-0.436,-0.068,151.178
01:06.1,7,1.66,15.43027848,75.01567164,741.067,0.24512361,335.02842,1.403,4.48,0.253,-0.04014872,0.101086075,-0.17320985,-0.14395071,0.1846486,-9.8328845,0.055384104,1.3807758,7.7812444,9.6030682,0,-0.408,-0.024,151.094
01:06.1,7,1.66,15.43027852,75.01567166,741.078,0.24141644,333.91318,1.402,4.48,0.252,-0.03047346,0.09582335,-0.2264016,-0.07921572,0.1117504,-9.835485,0.07346871,1.316876,7.824377,9.594329,0,-0.38,0.02,151.01
01:06.1,7,1.66,15.43027856,75.01567168,741.089,0.23770927,332.79794,1.401,4.48,0.251,0.09015077,0.03562121,-0.23333155,-0.07305056,0.1984092,-9.7386675,0.094379028,1.3487764,7.6777352,9.6092122,0,-0.384,-0.004,150.762
01:06.1,7,1.66,15.4302786,75.0156717,741.1,0.2340021,331.6827,1.4,4.48,0.25,0.210775,-0.02458093,-0.2402615,-0.0668854,0.285068,-9.64185,0.115289346,1.3806768,7.5310934,9.6240954,0,-0.388,-0.028,150.514
01:06.1,7,1.66,15.43027863,75.0156717,741.106,0.23629313,333.39218,1.399,4.48,0.246,0.05346115,-0.048196735,-0.2205596,-0.1025695,0.19031074,-9.570671,0.136199664,1.4125772,7.3844516,9.6389786,0,-0.392,-0.052,150.266
01:06.2,7,1.66,15.43027866,75.0156717,741.112,0.23858416,335.10166,1.398,4.48,0.242,-0.1038527,-0.07181254,-0.2008577,-0.1382536,0.09555348,-9.499492,0.157109982,1.4444776,7.2378098,9.6538618,0,-0.396,-0.076,150.018
01:06.2,7,1.66,15.43027869,75.0156717,741.118,0.24087519,336.81114,1.397,4.48,0.238,0.07032415,-0.07161639,-0.17450495,-0.20844165,0.20679009,-9.5787265,0.1780203,1.476378,7.091168,9.668745,0,-0.4,-0.1,149.77
01:06.2,7,1.66,15.43027872,75.0156717,741.124,0.24316622,338.52062,1.396,4.48,0.234,0.244501,-0.07142024,-0.1481522,-0.2786297,0.3180267,-9.657961,0.13224365,1.5680986,7.191549,9.856716,0,-0.464,-0.14,149.61
01:06.2,7,1.66,15.43027875,75.0156717,741.13,0.24545725,340.2301,1.395,4.48,0.23,-0.0286226,-0.05758332,-0.1382687,-0.19354595,0.2604228,-9.6829825,0.086467,1.6598192,7.29193,10.044687,0,-0.528,-0.18,149.45
01:06.2,7,1.66,15.43027878,75.0156717,741.136,0.24774828,341.93958,1.394,4.48,0.226,-0.3017462,-0.0437464,-0.1283852,-0.1084622,0.2028189,-9.708004,0.04069035,1.7515398,7.392311,10.232658,0,-0.592,-0.22,149.29
01:06.3,7,1.66,15.43027881,75.0156717,741.142,0.25003931,343.64906,1.393,4.48,0.222,-0.113853485,-0.07635805,-0.1272633,-0.12233715,0.1815055,-9.7066025,-0.0050863,1.8432604,7.492692,10.420629,0,-0.656,-0.26,149.13
01:06.3,7,1.66,15.43027884,75.0156717,741.148,0.25233034,345.35854,1.392,4.48,0.218,0.07403923,-0.1089697,-0.1261414,-0.1362121,0.1601921,-9.705201,-0.05086295,1.934981,7.593073,10.6086,0,-0.72,-0.3,148.97
01:06.3,7,1.66,15.43027887,75.0156717,741.154,0.25462137,347.06802,1.391,4.48,0.214,0.149166015,-0.095784405,-0.074217815,-0.11867175,0.2293061,-9.634088,-0.01469374,1.9298472,7.6284132,10.823968,0,-0.662,-0.25,148.886
01:06.3,7,1.66,15.4302789,75.0156717,741.16,0.2569124,348.7775,1.39,4.48,0.21,0.2242928,-0.08259911,-0.02229423,-0.1011314,0.2984201,-9.562975,0.02147547,1.9247134,7.6637534,11.039336,0,-0.604,-0.2,148.802
01:06.3,6.9,1.663,15.43027895,75.01567169,741.169,0.26303704,347.6059,1.389,4.48,0.209,0.03226675,0.026516745,-0.03868295,-0.17366635,0.121388305,-9.678474,0.05764468,1.9195796,7.6990936,11.254704,0,-0.546,-0.15,148.718
01:06.4,6.8,1.666,15.430279,75.01567168,741.178,0.26916168,346.4343,1.388,4.48,0.208,-0.1597593,0.1356326,-0.05507167,-0.2462013,-0.05564349,-9.793973,0.09381389,1.9144458,7.7344338,11.470072,0,-0.488,-0.1,148.634
01:06.4,6.7,1.669,15.43027905,75.01567167,741.187,0.27528632,345.2627,1.387,4.48,0.207,-0.01263425,0.03200994,-0.029194318,-0.15128068,0.01317581,-9.564859,0.1299831,1.909312,7.769774,11.68544,0,-0.43,-0.05,148.55
01:06.4,6.6,1.672,15.4302791,75.01567166,741.196,0.28141096,344.0911,1.386,4.48,0.206,0.1344908,-0.07161272,-0.003316966,-0.05636006,0.08199511,-9.335745,0.18084604,1.8725462,7.6705922,11.681566,0,-0.432,-0.054,148.566
01:06.4,6.5,1.675,15.43027915,75.01567165,741.205,0.2875356,342.9195,1.385,4.48,0.205,0.09443284,-0.044623925,0.018461162,-0.06988176,0.094363205,-9.6066765,0.23170898,1.8357804,7.5714104,11.677692,0,-0.434,-0.058,148.582
01:06.4,6.4,1.678,15.4302792,75.01567164,741.214,0.29366024,341.7479,1.384,4.48,0.204,0.05437488,-0.01763513,0.04023929,-0.08340346,0.1067313,-9.877608,0.28257192,1.7990146,7.4722286,11.673818,0,-0.436,-0.062,148.598
01:06.5,6.3,1.681,15.43027925,75.01567163,741.223,0.29978488,340.5763,1.383,4.48,0.203,-0.04992591,-0.007725673,0.027785045,-0.004431235,0.12584365,-9.899805,0.33343486,1.7622488,7.3730468,11.669944,0,-0.438,-0.066,148.614
01:06.5,6.2,1.684,15.4302793,75.01567162,741.232,0.30590952,339.4047,1.382,4.48,0.202,-0.1542267,0.002183783,0.0153308,0.07454099,0.144956,-9.922002,0.3842978,1.725483,7.273865,11.66607,0,-0.44,-0.07,148.63
01:06.5,6.1,1.687,15.43027935,75.01567161,741.241,0.31203416,338.2331,1.381,4.48,0.201,0.040975,0.031354441,-0.00897343,0.02949895,0.16185845,-9.999241,0.3351303,1.7544696,7.722904,11.58836,0,-0.392,-0.056,148.614
01:06.5,6,1.69,15.4302794,75.0156716,741.25,0.3181588,337.0615,1.38,4.48,0.2,0.2361767,0.0605251,-0.03327766,-0.01554309,0.1787609,-10.07648,0.2859628,1.7834562,8.171943,11.51065,0,-0.344,-0.042,148.598
01:06.5,6,1.69,15.43027946,75.01567158,741.252,0.32639139,337.03174,1.379,4.481,0.205,0.08757145,0.02447888,-0.03671738,0.042529305,0.108843535,-10.06507,0.2367953,1.8124428,8.620982,11.43294,0,-0.296,-0.028,148.582
01:06.6,6,1.69,15.43027952,75.01567156,741.254,0.33462398,337.00198,1.378,4.482,0.21,-0.0610338,-0.01156734,-0.0401571,0.1006017,0.03892617,-10.05366,0.1876278,1.8414294,9.070021,11.35523,0,-0.248,-0.014,148.566
01:06.6,6,1.69,15.43027958,75.01567154,741.256,0.34285657,336.97222,1.377,4.483,0.215,-0.024247435,-0.03012328,-0.02622716,0.17899925,0.044045535,-9.9177675,0.1384603,1.870416,9.51906,11.27752,0,-0.2,0,148.55
01:06.6,6,1.69,15.43027964,75.01567152,741.258,0.35108916,336.94246,1.376,4.484,0.22,0.01253893,-0.04867922,-0.01229722,0.2573968,0.0491649,-9.781875,0.13280886,1.8723782,9.2093256,11.252428,0,-0.18,0,148.504
01:06.6,6,1.69,15.4302797,75.0156715,741.26,0.35932175,336.9127,1.375,4.485,0.225,0.079662715,-0.011667815,-0.043743445,0.126635208,0.15367,-9.8949575,0.12715742,1.8743404,8.8995912,11.227336,0,-0.16,0,148.458
01:06.6,6,1.69,15.43027976,75.01567148,741.262,0.36755434,336.88294,1.374,4.486,0.23,0.1467865,0.02534359,-0.07518967,-0.004126383,0.2581751,-10.00804,0.12150598,1.8763026,8.5898568,11.202244,0,-0.14,0,148.412
01:06.7,6,1.69,15.43027982,75.01567146,741.264,0.37578693,336.85318,1.373,4.487,0.235,0.01617755,0.043471,-0.087221485,0.065714409,0.24952345,-9.9575175,0.11585454,1.8782648,8.2801224,11.177152,0,-0.12,0,148.366
01:06.7,6,1.69,15.43027988,75.01567144,741.266,0.38401952,336.82342,1.372,4.488,0.24,-0.1144314,0.06159841,-0.0992533,0.1355552,0.2408718,-9.906995,0.1102031,1.880227,7.970388,11.15206,0,-0.1,0,148.32
01:06.7,6,1.69,15.43027994,75.01567142,741.268,0.39225211,336.79366,1.371,4.489,0.245,0.03471165,-0.00426274,-0.097468465,0.13279865,0.1960736,-9.8049665,0.16106604,1.8227352,8.042133,11.277376,0,-0.168,-0.034,148.23
01:06.7,6,1.69,15.43028,75.0156714,741.27,0.4004847,336.7639,1.37,4.49,0.25,0.1838547,-0.07012389,-0.09568363,0.1300421,0.1512754,-9.702938,0.21192898,1.7652434,8.113878,11.402692,0,-0.236,-0.068,148.14
01:06.7,6,1.69,15.43028005,75.01567135,741.274,0.39731251,333.09862,1.37,4.491,0.254,-0.10628185,-0.096060045,-0.055462225,0.17923485,0.076200247,-9.729608,0.26279192,1.7077516,8.185623,11.528008,0,-0.304,-0.102,148.05
01:06.8,6,1.69,15.4302801,75.0156713,741.278,0.39414032,329.43334,1.37,4.492,0.258,-0.3964184,-0.1219962,-0.01524082,0.2284276,0.001125094,-9.756278,0.31365486,1.6502598,8.257368,11.653324,0,-0.372,-0.136,147.96
01:06.8,6,1.69,15.43028015,75.01567125,741.282,0.39096813,325.76806,1.37,4.493,0.262,-0.28593585,-0.0038119,-0.06677166,0.079944465,0.147560847,-9.994259,0.3645178,1.592768,8.329113,11.77864,0,-0.44,-0.17,147.87
01:06.8,6,1.69,15.4302802,75.0156712,741.286,0.38779594,322.10278,1.37,4.494,0.266,-0.1754533,0.1143724,-0.1183025,-0.06853867,0.2939966,-10.23224,0.39051442,1.5908406,8.2723942,11.840054,0,-0.436,-0.116,147.756
01:06.8,6,1.69,15.43028025,75.01567115,741.29,0.38462375,318.4375,1.37,4.495,0.27,0.01443015,0.022509765,-0.11769035,0.029324115,0.30580935,-10.0859455,0.41651104,1.5889132,8.2156754,11.901468,0,-0.432,-0.062,147.642
01:06.8,6,1.69,15.4302803,75.0156711,741.294,0.38145156,314.77222,1.37,4.496,0.274,0.2043136,-0.06935287,-0.1170782,0.1271869,0.3176221,-9.939651,0.44250766,1.5869858,8.1589566,11.962882,0,-0.428,-0.008,147.528
01:06.9,6,1.69,15.43028035,75.01567105,741.298,0.37827937,311.10694,1.37,4.497,0.278,0.07561552,-0.033113437,-0.06749966,0.1977309,0.182894535,-10.2405705,0.46850428,1.5850584,8.1022378,12.024296,0,-0.424,0.046,147.414
01:06.9,6,1.69,15.4302804,75.015671,741.302,0.37510718,307.44166,1.37,4.498,0.282,-0.05308256,0.003125996,-0.01792112,0.2682749,0.04816697,-10.54149,0.4945009,1.583131,8.045519,12.08571,0,-0.42,0.1,147.3
01:06.9,6,1.69,15.43028045,75.01567095,741.306,0.37193499,303.77638,1.37,4.499,0.286,-0.12393283,0.009843333,-0.02125146,0.2087757,0.193900585,-10.372365,0.43176994,1.6604498,7.8616166,11.980196,0,-0.452,0.044,147.224
01:06.9,6,1.69,15.4302805,75.0156709,741.31,0.3687628,300.1111,1.37,4.5,0.29,-0.1947831,0.01656067,-0.0245818,0.1492765,0.3396342,-10.20324,0.36903898,1.7377686,7.6777142,11.874682,0,-0.484,-0.012,147.148
01:06.9,6.1,1.687,15.43028057,75.01567083,741.314,0.40231131,302.65878,1.371,4.501,0.288,-0.0441815,-0.054562965,-0.07787865,0.15203745,0.211977085,-10.0435405,0.30630802,1.8150874,7.4938118,11.769168,0,-0.516,-0.068,147.072
01:07.0,6.2,1.684,15.43028064,75.01567076,741.318,0.43585982,305.20646,1.372,4.502,0.286,0.1064201,-0.1256866,-0.1311755,0.1547984,0.08431997,-9.883841,0.24357706,1.8924062,7.3099094,11.663654,0,-0.548,-0.124,146.996
01:07.0,6.3,1.681,15.43028071,75.01567069,741.322,0.46940833,307.75414,1.373,4.503,0.284,0.2894148,-0.085145865,-0.109850205,-0.01837055,0.256769185,-9.9465155,0.1808461,1.969725,7.126007,11.55814,0,-0.58,-0.18,146.92
01:07.0,6.4,1.678,15.43028078,75.01567062,741.326,0.50295684,310.30182,1.374,4.504,0.282,0.4724095,-0.04460513,-0.08852491,-0.1915395,0.4292184,-10.00919,0.16219634,2.0028044,7.1034932,11.551752,0,-0.544,-0.164,146.866
01:07.0,6.5,1.675,15.43028085,75.01567055,741.33,0.53650535,312.8495,1.375,4.505,0.28,0.27937233,-0.054576945,-0.05058668,-0.090910638,0.3035373,-10.085335,0.14354658,2.0358838,7.0809794,11.545364,0,-0.508,-0.148,146.812
01:07.0,6.6,1.672,15.43028092,75.01567048,741.334,0.57005386,315.39718,1.376,4.506,0.278,0.08633516,-0.06454876,-0.01264845,0.009718225,0.1778562,-10.16148,0.12489682,2.0689632,7.0584656,11.538976,0,-0.472,-0.132,146.758
01:07.1,6.7,1.669,15.43028099,75.01567041,741.338,0.60360237,317.94486,1.377,4.507,0.276,-0.03626882,0.04475727,-0.007836521,0.026019058,0.2141478,-10.19524,0.10624706,2.1020426,7.0359518,11.532588,0,-0.436,-0.116,146.704
01:07.1,6.8,1.666,15.43028106,75.01567034,741.342,0.63715088,320.49254,1.378,4.508,0.274,-0.1588728,0.1540633,-0.003024591,0.04231989,0.2504394,-10.229,0.0875973,2.135122,7.013438,11.5262,0,-0.4,-0.1,146.65
01:07.1,6.9,1.663,15.43028113,75.01567027,741.346,0.67069939,323.04022,1.379,4.509,0.272,-0.21975855,0.109268015,0.004576345,0.012793435,0.2077684,-10.0771555,0.02486632,2.129487,6.958784,11.496562,0,-0.434,-0.07,146.73
01:07.1,7,1.66,15.4302812,75.0156702,741.35,0.7042479,325.5879,1.38,4.51,0.27,-0.2806443,0.06447273,0.01217728,-0.01673302,0.1650974,-9.925311,-0.03786466,2.123852,6.90413,11.466924,0,-0.468,-0.04,146.81
01:07.1,7,1.66,15.43028128,75.01567011,741.357,0.69050547,322.83933,1.38,4.512,0.273,-0.1983437,0.00543189,0.07142854,0.07083314,0.23287705,-9.824889,-0.10059564,2.118217,6.849476,11.437286,0,-0.502,-0.01,146.89
01:07.2,7,1.66,15.43028136,75.01567002,741.364,0.67676304,320.09076,1.38,4.514,0.276,-0.1160431,-0.05360895,0.1306798,0.1583993,0.3006567,-9.724467,-0.16332662,2.112582,6.794822,11.407648,0,-0.536,0.02,146.97
01:07.2,7,1.66,15.43028144,75.01566993,741.371,0.66302061,317.34219,1.38,4.516,0.279,0.04774345,-0.06059098,0.1291554,0.1307532,0.3470226,-9.7206395,-0.2260576,2.106947,6.740168,11.37801,0,-0.57,0.05,147.05
01:07.2,7,1.66,15.43028152,75.01566984,741.378,0.64927818,314.59362,1.38,4.518,0.282,0.21153,-0.06757301,0.127631,0.1031071,0.3933885,-9.716812,-0.20458212,2.1041642,6.6873612,11.35202,0,-0.5,0.056,147.092
01:07.2,7,1.66,15.4302816,75.01566975,741.385,0.63553575,311.84505,1.38,4.52,0.285,0.2157895,-0.01528176,0.07986595,-0.00397265,0.26786095,-9.646863,-0.18310664,2.1013814,6.6345544,11.32603,0,-0.43,0.062,147.134
01:07.2,7,1.66,15.43028168,75.01566966,741.392,0.62179332,309.09648,1.38,4.522,0.288,0.220049,0.03700949,0.0321009,-0.1110524,0.1423334,-9.576914,-0.16163116,2.0985986,6.5817476,11.30004,0,-0.36,0.068,147.176
01:07.3,7,1.66,15.43028176,75.01566957,741.399,0.60805089,306.34791,1.38,4.524,0.291,0.01297305,0.000382475,-0.010982655,0.0039827,0.095102715,-9.6061655,-0.14015568,2.0958158,6.5289408,11.27405,0,-0.29,0.074,147.218
01:07.3,7,1.66,15.43028184,75.01566948,741.406,0.59430846,303.59934,1.38,4.526,0.294,-0.1941029,-0.03624454,-0.05406621,0.1190178,0.04787203,-9.635417,-0.1186802,2.093033,6.476134,11.24806,0,-0.22,0.08,147.26
01:07.3,7,1.66,15.43028192,75.01566939,741.413,0.58056603,300.85077,1.38,4.528,0.297,-0.0366111,0.01164915,-0.012239755,0.020627695,0.231194115,-9.593028,-0.06555668,2.0744798,7.0793286,11.303532,0,-0.182,0.142,147.238
01:07.3,7,1.66,15.430282,75.0156693,741.42,0.5668236,298.1022,1.38,4.53,0.3,0.1208807,0.05954284,0.0295867,-0.07776241,0.4145162,-9.550639,-0.01243316,2.0559266,7.6825232,11.359004,0,-0.144,0.204,147.216
01:07.3,7,1.66,15.43028208,75.01566919,741.42,0.5793575,300.41953,1.38,4.532,0.293,0.1734572,0.05887238,-0.014188215,-0.08364903,0.3538881,-9.4601925,0.04069036,2.0373734,8.2857178,11.414476,0,-0.106,0.266,147.194
01:07.4,7,1.66,15.43028216,75.01566908,741.42,0.5918914,302.73686,1.38,4.534,0.286,0.2260337,0.05820192,-0.05796313,-0.08953565,0.29326,-9.369746,0.09381388,2.0188202,8.8889124,11.469948,0,-0.068,0.328,147.172
01:07.4,7,1.66,15.43028224,75.01566897,741.42,0.6044253,305.05419,1.38,4.536,0.279,-0.006342,0.04422485,-0.07402894,-0.07622201,0.18123732,-9.436864,0.1469374,2.000267,9.492107,11.52542,0,-0.03,0.39,147.15
01:07.4,7,1.66,15.43028232,75.01566886,741.42,0.6169592,307.37152,1.38,4.538,0.272,-0.2387177,0.03024778,-0.09009475,-0.06290837,0.06921464,-9.503982,0.0723384,1.882247,9.177525,11.53625,0,-0.004,0.398,147.114
01:07.4,7,1.66,15.4302824,75.01566875,741.42,0.6294931,309.68885,1.38,4.54,0.265,-0.02192985,-0.02101379,-0.075911125,-0.125072335,0.17618617,-9.485108,-0.0022606,1.764227,8.862943,11.54708,0,0.022,0.406,147.078
01:07.4,7,1.66,15.43028248,75.01566864,741.42,0.642027,312.00618,1.38,4.542,0.258,0.194858,-0.07227536,-0.0617275,-0.1872363,0.2831577,-9.466234,-0.0768596,1.646207,8.548361,11.55791,0,0.048,0.414,147.042
01:07.5,7,1.66,15.43028256,75.01566853,741.42,0.6545609,314.32351,1.38,4.544,0.251,0.14138093,-0.043181125,-0.033855744,-0.13191557,0.25650215,-9.4131855,-0.1514586,1.528187,8.233779,11.56874,0,0.074,0.422,147.006
01:07.5,7,1.66,15.43028264,75.01566842,741.42,0.6670948,316.64084,1.38,4.546,0.244,0.08790386,-0.01408689,-0.005983988,-0.07659484,0.2298466,-9.360137,-0.2260576,1.410167,7.919197,11.57957,0,0.1,0.43,146.97
01:07.5,7,1.66,15.43028272,75.01566831,741.42,0.6796287,318.95817,1.38,4.548,0.237,0.000968475,0.048513905,0.009651496,-0.11799832,0.3159403,-9.416574,-0.192148958,1.3995758,7.9073958,11.602828,0,0.098,0.436,146.976
01:07.5,7,1.66,15.4302828,75.0156682,741.42,0.6921626,321.2755,1.38,4.55,0.23,-0.08596691,0.1111147,0.02528698,-0.1594018,0.402034,-9.473011,-0.158240316,1.3889846,7.8955946,11.626086,0,0.096,0.442,146.982
01:07.5,7,1.66,15.43028289,75.0156681,741.41,0.67083162,319.01855,1.38,4.551,0.23,0.014072545,0.03238504,0.00191605,-0.097172185,0.31667515,-9.347753,-0.124331674,1.3783934,7.8837934,11.649344,0,0.094,0.448,146.988
01:07.6,7,1.66,15.43028298,75.015668,741.4,0.64950064,316.7616,1.38,4.552,0.23,0.114112,-0.04634462,-0.02145488,-0.03494257,0.2313163,-9.222495,-0.090423032,1.3678022,7.8719922,11.672602,0,0.092,0.454,146.994
01:07.6,7,1.66,15.43028307,75.0156679,741.39,0.62816966,314.50465,1.38,4.553,0.23,-0.006531,-0.12603266,0.01919741,-0.019140334,0.22228855,-9.2060425,-0.05651439,1.357211,7.860191,11.69586,0,0.09,0.46,147
01:07.6,7,1.66,15.43028316,75.0156678,741.38,0.60683868,312.2477,1.38,4.554,0.23,-0.127174,-0.2057207,0.0598497,-0.003338098,0.2132608,-9.18959,-0.058774966,1.3821622,7.8520736,11.506972,0,0.116,-0.202,147.102
01:07.6,7,1.66,15.43028325,75.0156677,741.37,0.5855077,309.99075,1.38,4.555,0.23,-0.063117932,-0.41532955,0.08274045,0.162327401,0.22243825,-8.9302405,-0.061035542,1.4071134,7.8439562,11.318084,0,0.142,-0.864,147.204
01:07.6,7,1.66,15.43028334,75.0156676,741.36,0.56417672,307.7338,1.38,4.556,0.23,0.000938136,-0.6249384,0.1056312,0.3279929,0.2316157,-8.670891,-0.063296118,1.4320646,7.8358388,11.129196,0,0.168,-1.526,147.306
01:07.7,7,1.66,15.43028343,75.0156675,741.35,0.54284574,305.47685,1.38,4.557,0.23,-0.048066577,-0.8402477,0.1101958,0.3045227,0.154276645,-8.868462,-0.065556694,1.4570158,7.8277214,10.940308,0,0.194,-2.188,147.408
01:07.7,7,1.66,15.43028352,75.0156674,741.34,0.52151476,303.2199,1.38,4.558,0.23,-0.09707129,-1.055557,0.1147604,0.2810525,0.07693759,-9.066033,-0.06781727,1.481967,7.819604,10.75142,0,0.22,-2.85,147.51
01:07.7,7,1.66,15.43028361,75.0156673,741.33,0.50018378,300.96295,1.38,4.559,0.23,-0.02418161,-1.1202845,0.106974785,0.1875658,0.010608895,-9.272513,-0.077989856,1.5053174,7.8337884,10.799674,0,0.2,-3.92,147.618
01:07.7,7,1.66,15.4302837,75.0156672,741.32,0.4788528,298.706,1.38,4.56,0.23,0.04870807,-1.185012,0.09918917,0.0940791,-0.0557198,-9.478993,-0.088162442,1.5286678,7.8479728,10.847928,0,0.18,-4.99,147.726
01:07.7,7,1.66,15.43028378,75.01566712,741.313,0.48879252,302.40495,1.381,4.561,0.235,0.135320085,-0.9807316,0.074768705,-0.15032975,0.27540805,-9.6969035,-0.098335028,1.5520182,7.8621572,10.896182,0,0.16,-6.06,147.834
01:07.8,7,1.66,15.43028386,75.01566704,741.306,0.49873224,306.1039,1.382,4.562,0.24,0.2219321,-0.7764512,0.05034824,-0.3947386,0.6065359,-9.914814,-0.108507614,1.5753686,7.8763416,10.944436,0,0.14,-7.13,147.942
01:07.8,7,1.66,15.43028394,75.01566696,741.299,0.50867196,309.80285,1.383,4.563,0.245,0.0955663,-0.6982311,0.05664676,-0.2868907,0.348967435,-9.8612535,-0.1186802,1.598719,7.890526,10.99269,0,0.12,-8.2,148.05
01:07.8,7,1.66,15.43028402,75.01566688,741.292,0.51861168,313.5018,1.384,4.564,0.25,-0.0307995,-0.620011,0.06294528,-0.1790428,0.09139897,-9.807693,-0.12433164,1.5488942,7.8306586,10.951002,0,0.084,-8.794,148.09
01:07.8,7,1.66,15.4302841,75.0156668,741.285,0.5285514,317.20075,1.385,4.565,0.255,-0.04462255,-0.58876955,0.030471566,-0.1522609,0.107404385,-9.683707,-0.12998308,1.4990694,7.7707912,10.909314,0,0.048,-9.388,148.13
01:07.8,7,1.66,15.43028418,75.01566672,741.278,0.53849112,320.8997,1.386,4.566,0.26,-0.0584456,-0.5575281,-0.002002148,-0.125479,0.1234098,-9.559721,-0.13563452,1.4492446,7.7109238,10.867626,0,0.012,-9.982,148.17
01:07.9,7,1.66,15.43028426,75.01566664,741.271,0.54843084,324.59865,1.387,4.567,0.265,0.0322535,-0.452525,0.020912876,-0.065204648,0.3031092,-9.6731395,-0.14128596,1.3994198,7.6510564,10.825938,0,-0.024,-10.576,148.21
01:07.9,7,1.66,15.43028434,75.01566656,741.264,0.55837056,328.2976,1.388,4.568,0.27,0.1229526,-0.3475219,0.0438279,-0.004930296,0.4828086,-9.786558,-0.1469374,1.349595,7.591189,10.78425,0,-0.06,-11.17,148.25
01:07.9,7,1.66,15.43028442,75.01566648,741.257,0.56831028,331.99655,1.389,4.569,0.275,0.1221456,-0.2967893,0.07852065,-0.058656398,0.4370932,-9.781834,-0.128852798,1.3975412,7.6854648,10.808114,0,-0.042,-11.388,148.348
01:07.9,7,1.66,15.4302845,75.0156664,741.25,0.57825,335.6955,1.39,4.57,0.28,0.1213386,-0.2460567,0.1132134,-0.1123825,0.3913778,-9.77711,-0.110768196,1.4454874,7.7797406,10.831978,0,-0.024,-11.606,148.446
01:07.9,7,1.66,15.43028454,75.01566634,741.248,0.54754326,327.80432,1.39,4.57,0.273,0.0037132,-0.126750998,0.079600915,-0.2281611,0.3813768,-9.7064705,-0.092683594,1.4934336,7.8740164,10.855842,0,-0.006,-11.824,148.544
01:08.0,7,1.66,15.43028458,75.01566628,741.246,0.51683652,319.91314,1.39,4.57,0.266,-0.1139122,-0.007445296,0.04598843,-0.3439397,0.3713758,-9.635831,-0.074598992,1.5413798,7.9682922,10.879706,0,0.012,-12.042,148.642
01:08.0,7,1.66,15.43028462,75.01566622,741.244,0.48612978,312.02196,1.39,4.57,0.259,0.0010182,-0.073877898,0.03935534,-0.186099885,0.28190955,-9.405265,-0.05651439,1.589326,8.062568,10.90357,0,0.03,-12.26,148.74
01:08.0,7,1.66,15.43028466,75.01566616,741.242,0.45542304,304.13078,1.39,4.57,0.252,0.1159486,-0.1403105,0.03272225,-0.02826007,0.1924433,-9.174699,-0.070077852,1.7186336,8.3303938,10.8248,0,0.052,-12.346,148.778
01:08.0,7,1.66,15.4302847,75.0156661,741.24,0.4247163,296.2396,1.39,4.57,0.245,0.01362611,-0.109947605,0.0045242,-0.090570035,0.1917894,-9.329081,-0.083641314,1.8479412,8.5982196,10.74603,0,0.074,-12.432,148.816
01:08.0,7,1.66,15.43028474,75.01566604,741.238,0.39400956,288.34842,1.39,4.57,0.238,-0.08869638,-0.07958471,-0.02367385,-0.15288,0.1911355,-9.483463,-0.097204776,1.9772488,8.8660454,10.66726,0,0.096,-12.518,148.854
01:08.1,7,1.66,15.43028478,75.01566598,741.236,0.36330282,280.45724,1.39,4.57,0.231,-0.046259192,-0.023647315,0.046323375,-0.2351254,0.27223835,-9.6757445,-0.110768238,2.1065564,9.1338712,10.58849,0,0.118,-12.604,148.892
01:08.1,7,1.66,15.43028482,75.01566592,741.234,0.33259608,272.56606,1.39,4.57,0.224,-0.003822004,0.03229008,0.1163206,-0.3173708,0.3533412,-9.868026,-0.1243317,2.235864,9.401697,10.50972,0,0.14,-12.69,148.93
01:08.1,7,1.66,15.43028486,75.01566586,741.232,0.30188934,264.67488,1.39,4.57,0.217,-0.028036387,0.00835674,0.1097545,-0.2927659,0.3506292,-9.782497,-0.04803726,2.1935714,9.381293,10.540116,0,0.088,-12.6,149.054
01:08.1,7,1.66,15.4302849,75.0156658,741.23,0.2711826,256.7837,1.39,4.57,0.21,-0.05225077,-0.0155766,0.1031884,-0.268161,0.3479172,-9.696968,0.02825718,2.1512788,9.360889,10.570512,0,0.036,-12.51,149.178
01:08.1,7,1.66,15.43028486,75.01566573,741.221,0.30076514,252.26409,1.39,4.571,0.22,0.02154051,0.04978885,0.088774595,-0.32824935,0.31271625,-9.697067,0.10455162,2.1089862,9.340485,10.600908,0,-0.016,-12.42,149.302
01:08.2,7,1.66,15.43028482,75.01566566,741.212,0.33034768,247.74448,1.39,4.572,0.23,0.09533179,0.1151543,0.07436079,-0.3883377,0.2775153,-9.697166,0.18084606,2.0666936,9.320081,10.631304,0,-0.068,-12.33,149.426
01:08.2,7,1.66,15.43028478,75.01566559,741.203,0.35993022,243.22487,1.39,4.573,0.24,-0.166983755,0.503499,0.05972343,-0.89864035,-0.10592625,-10.721933,0.2571405,2.024401,9.299677,10.6617,0,-0.12,-12.24,149.55
01:08.2,7,1.66,15.43028474,75.01566552,741.194,0.38951276,238.70526,1.39,4.574,0.25,-0.4292993,0.8918437,0.04508607,-1.408943,-0.4893678,-11.7467,0.22944844,1.9525598,9.0049884,10.554976,0,-0.406,-11.628,149.618
01:08.2,7,1.66,15.4302847,75.01566545,741.185,0.4190953,234.18565,1.39,4.575,0.26,-0.30219365,0.512328,0.05629656,-0.6106829,0.06019975,-10.7954645,0.20175638,1.8807186,8.7102998,10.448252,0,-0.692,-11.016,149.686
01:08.2,7,1.66,15.43028466,75.01566538,741.176,0.44867784,229.66604,1.39,4.576,0.27,-0.175088,0.1328123,0.06750705,0.1875772,0.6097673,-9.844229,0.17406432,1.8088774,8.4156112,10.341528,0,-0.978,-10.404,149.754
01:08.3,7,1.66,15.43028462,75.01566531,741.167,0.47826038,225.14643,1.39,4.577,0.28,-0.01305225,0.36636915,0.05629868,-0.3311073,0.4537524,-10.3253395,0.14637226,1.7370362,8.1209226,10.234804,0,-1.264,-9.792,149.822
01:08.3,7,1.66,15.43028458,75.01566524,741.158,0.50784292,220.62682,1.39,4.578,0.29,0.1489835,0.599926,0.04509031,-0.8497918,0.2977375,-10.80645,0.1186802,1.665195,7.826234,10.12808,0,-1.55,-9.18,149.89
01:08.3,7,1.66,15.43028454,75.01566517,741.149,0.53742546,216.10721,1.39,4.579,0.3,0.05165088,0.43209295,-0.035920895,-0.5777644,0.137883065,-10.648495,0.11754992,1.6947864,7.7167634,9.9052882,0,-1.476,-8.92,149.758
01:08.3,7,1.66,15.4302845,75.0156651,741.14,0.567008,211.5876,1.39,4.58,0.31,-0.04568174,0.2642599,-0.1169321,-0.305737,-0.02197137,-10.49054,0.11641964,1.7243778,7.6072928,9.6824964,0,-1.402,-8.66,149.626
01:08.3,7,1.66,15.43028444,75.01566505,741.118,0.53909748,209.59106,1.39,4.58,0.311,0.07808953,0.17993753,-0.12187305,-0.3352194,0.220865915,-10.377705,0.11528936,1.7539692,7.4978222,9.4597046,0,-1.328,-8.4,149.494
01:08.4,7,1.66,15.43028438,75.015665,741.096,0.51118696,207.59452,1.39,4.58,0.312,0.2018608,0.09561516,-0.126814,-0.3647018,0.4637032,-10.26487,0.11415908,1.7835606,7.3883516,9.2369128,0,-1.254,-8.14,149.362
01:08.4,7,1.66,15.43028432,75.01566495,741.074,0.48327644,205.59798,1.39,4.58,0.313,0.06411099,0.12469908,-0.17328775,-0.35633645,0.36693085,-10.073747,0.1130288,1.813152,7.278881,9.014121,0,-1.18,-7.88,149.23
01:08.4,7,1.66,15.43028426,75.0156649,741.052,0.45536592,203.60144,1.39,4.58,0.314,-0.07363882,0.153783,-0.2197615,-0.3479711,0.2701585,-9.882624,0.097204768,1.7546294,7.3478036,9.3104728,0,-1.196,-7.696,148.99
01:08.4,7,1.66,15.4302842,75.01566485,741.03,0.4274554,201.6049,1.39,4.58,0.315,0.06258054,0.15439115,-0.20971855,-0.3582757,0.2644625,-9.553487,0.081380736,1.6961068,7.4167262,9.6068246,0,-1.212,-7.512,148.75
01:08.4,7,1.66,15.43028414,75.0156648,741.008,0.39954488,199.60836,1.39,4.58,0.316,0.1987999,0.1549993,-0.1996756,-0.3685803,0.2587665,-9.22435,0.065556704,1.6375842,7.4856488,9.9031764,0,-1.228,-7.328,148.51
01:08.5,7,1.66,15.43028408,75.01566475,740.986,0.37163436,197.61182,1.39,4.58,0.317,0.04149245,0.20235195,-0.2002195,-0.4017155,0.153873005,-8.6838755,0.049732672,1.5790616,7.5545714,10.1995282,0,-1.244,-7.144,148.27
01:08.5,7,1.66,15.43028402,75.0156647,740.964,0.34372384,195.61528,1.39,4.58,0.318,-0.115815,0.2497046,-0.2007634,-0.4348507,0.04897951,-8.143401,0.03390864,1.520539,7.623494,10.49588,0,-1.26,-6.96,148.03
01:08.5,7,1.66,15.43028396,75.01566465,740.942,0.31581332,193.61874,1.39,4.58,0.319,-0.049000775,0.7677713,-0.3487918,-1.13356735,0.046652735,-8.674627,0.035038926,2.2669312,8.4749472,11.032484,0,-1.266,-6.176,147.648
01:08.5,7,1.66,15.4302839,75.0156646,740.92,0.2879028,191.6222,1.39,4.58,0.32,0.01781345,1.285838,-0.4968202,-1.832284,0.04432596,-9.205853,0.036169212,3.0133234,9.3264004,11.569088,0,-1.272,-5.392,147.266
01:08.5,7,1.66,15.43028388,75.01566459,740.919,0.264995546,187.28009,1.39,4.581,0.33,-0.730967275,1.246275,-0.41081905,-1.4507045,-0.57517852,-8.290341,0.037299498,3.7597156,10.1778536,12.105692,0,-1.278,-4.608,146.884
01:08.6,7,1.66,15.43028386,75.01566458,740.918,0.242088292,182.93798,1.39,4.582,0.34,-1.479748,1.206712,-0.3248179,-1.069125,-1.194683,-7.374829,0.038429784,4.5061078,11.0293068,12.642296,0,-1.284,-3.824,146.502
01:08.6,7,1.66,15.43028384,75.01566457,740.917,0.219181038,178.59587,1.39,4.583,0.35,-0.81747235,0.89345855,-0.27173075,-2.347707,-2.592373,-13.8227145,0.03956007,5.2525,11.88076,13.1789,0,-1.29,-3.04,146.12
01:08.6,7,1.66,15.43028382,75.01566456,740.916,0.196273784,174.25376,1.39,4.584,0.36,-0.1551967,0.5802051,-0.2186436,-3.626289,-3.990063,-20.2706,0.028257192,5.4664938,11.51046,13.507862,0,-1.322,-2.954,146.002
01:08.6,7,1.66,15.4302838,75.01566455,740.915,0.17336653,169.91165,1.39,4.585,0.37,-0.4131314,0.3491825,-0.21021595,-1.8422553,-1.9437065,-11.8679505,0.016954314,5.6804876,11.14016,13.836824,0,-1.354,-2.868,145.884
01:08.6,7,1.66,15.43028378,75.01566454,740.914,0.150459276,165.56954,1.39,4.586,0.38,-0.6710661,0.1181599,-0.2017883,-0.0582216,0.10265,-3.465301,0.005651436,5.8944814,10.76986,14.165786,0,-1.386,-2.782,145.766
01:08.7,7,1.66,15.43028376,75.01566453,740.913,0.127552022,161.22743,1.39,4.587,0.39,-0.58133265,0.5175357,-0.02813565,-0.41678975,-0.18788585,-6.138061,-0.005651442,6.1084752,10.39956,14.494748,0,-1.418,-2.696,145.648
01:08.7,7,1.66,15.43028374,75.01566452,740.912,0.104644768,156.88532,1.39,4.588,0.4,-0.4915992,0.9169115,0.145517,-0.7753579,-0.4784217,-8.810821,-0.01695432,6.322469,10.02926,14.82371,0,-1.45,-2.61,145.53
01:08.7,7,1.66,15.43028372,75.01566451,740.911,0.081737514,152.54321,1.39,4.589,0.41,-0.16058925,0.56113885,-0.0172213,-1.16769145,-0.90597085,-10.1523055,-0.047472096,6.185047,9.8978238,14.217488,0,-1.458,-2.596,145.494
01:08.7,7,1.66,15.4302837,75.0156645,740.91,0.05883026,148.2011,1.39,4.59,0.42,0.1704207,0.2053662,-0.1799596,-1.560025,-1.33352,-11.49379,-0.077989872,6.047625,9.7663876,13.611266,0,-1.466,-2.582,145.458
01:08.7,7,1.66,15.43028371,75.01566448,740.902,0.058902064,155.47243,1.39,4.59,0.417,0.1824904,-0.1920051,-0.08223175,-1.13711485,-0.8447873,-10.174271,-0.108507648,5.910203,9.6349514,13.005044,0,-1.474,-2.568,145.422
01:08.8,7,1.66,15.43028372,75.01566446,740.894,0.058973868,162.74376,1.39,4.59,0.414,0.1945601,-0.5893764,0.0154961,-0.7142047,-0.3560546,-8.854752,-0.139025424,5.772781,9.5035152,12.398822,0,-1.482,-2.554,145.386
01:08.8,7,1.66,15.43028373,75.01566444,740.886,0.059045672,170.01509,1.39,4.59,0.411,0.107344755,-0.2158146,0.00995992,-0.77355155,-0.1463401,-9.134762,-0.1695432,5.635359,9.372079,11.7926,0,-1.49,-2.54,145.35
01:08.8,7,1.66,15.43028374,75.01566442,740.878,0.059117476,177.28642,1.39,4.59,0.408,0.02012941,0.1577472,0.00442374,-0.8328984,0.0633744,-9.414772,-0.2068427,5.4928744,9.4749544,11.2854818,0,-1.5,-2.544,145.32
01:08.8,7,1.66,15.43028375,75.0156644,740.87,0.05918928,184.55775,1.39,4.59,0.405,0.0008462,0.04849772,0.025571215,-0.0430256,0.5133389,-9.908026,-0.2441422,5.3503898,9.5778298,10.7783636,0,-1.51,-2.548,145.29
01:08.8,7,1.66,15.43028376,75.01566438,740.862,0.059261084,191.82908,1.39,4.59,0.402,-0.01843701,-0.06075176,0.04671869,0.7468472,0.9633034,-10.40128,-0.2814417,5.2079052,9.6807052,10.2712454,0,-1.52,-2.552,145.26
01:08.9,7,1.66,15.43028377,75.01566436,740.854,0.059332888,199.10041,1.39,4.59,0.399,0.099070545,0.04126077,0.06775439,0.0917584,0.6038693,-9.952988,-0.3187412,5.0654206,9.7835806,9.7641272,0,-1.53,-2.556,145.23
01:08.9,7,1.66,15.43028378,75.01566434,740.846,0.059404692,206.37174,1.39,4.59,0.396,0.2165781,0.1432733,0.08879009,-0.5633304,0.2444352,-9.504696,-0.3560407,4.922936,9.886456,9.257009,0,-1.54,-2.56,145.2
01:08.9,7,1.66,15.43028379,75.01566432,740.838,0.059476496,213.64307,1.39,4.59,0.393,0.0176157,-0.06586235,-0.059184755,-0.4905527,0.093361855,-9.445772,-0.3458681,5.0289602,10.2946668,9.6995952,0,-1.518,-2.556,145.21
01:08.9,7,1.66,15.4302838,75.0156643,740.83,0.0595483,220.9144,1.39,4.59,0.39,-0.1813467,-0.274998,-0.2071596,-0.417775,-0.05771149,-9.386848,-0.3356955,5.1349844,10.7028776,10.1421814,0,-1.496,-2.552,145.22
01:08.9,7,1.66,15.4302838,75.01566429,740.828,0.059110716,212.17608,1.391,4.591,0.392,-0.00952265,-0.0321054,-0.03649835,-0.12153575,0.158494955,-9.837194,-0.3255229,5.2410086,11.1110884,10.5847676,0,-1.474,-2.548,145.23
01:09.0,7,1.66,15.4302838,75.01566428,740.826,0.058673132,203.43776,1.392,4.592,0.394,0.1623014,0.2107872,0.1341629,0.1747035,0.3747014,-10.28754,-0.3153503,5.3470328,11.5192992,11.0273538,0,-1.452,-2.544,145.24
01:09.0,7,1.66,15.4302838,75.01566427,740.824,0.058235548,194.69944,1.393,4.593,0.396,-0.00206755,0.04401235,-0.02757165,-0.01575435,0.33175345,-9.904252,-0.3051777,5.453057,11.92751,11.46994,0,-1.43,-2.54,145.25
01:09.0,7,1.66,15.4302838,75.01566426,740.822,0.057797964,185.96112,1.394,4.594,0.398,-0.1664365,-0.1227625,-0.1893062,-0.2062122,0.2888055,-9.520964,-0.31648058,5.677417,12.126548,11.697514,0,-1.438,-2.558,145.23
01:09.0,7,1.66,15.4302838,75.01566425,740.82,0.05736038,177.2228,1.395,4.595,0.4,0.04695625,-0.109950475,0.06299955,-0.2792881,0.4214602,-9.607598,-0.32778346,5.901777,12.325586,11.925088,0,-1.446,-2.576,145.21
01:09.0,7,1.66,15.4302838,75.01566424,740.818,0.056922796,168.48448,1.396,4.596,0.402,0.260349,-0.09713845,0.3153053,-0.352364,0.5541149,-9.694232,-0.33908634,6.126137,12.524624,12.152662,0,-1.454,-2.594,145.19
01:09.1,7,1.66,15.4302838,75.01566423,740.816,0.056485212,159.74616,1.397,4.597,0.404,-0.00176595,0.035074575,0.0411385,-0.24567285,0.33728725,-9.786475,-0.35038922,6.350497,12.723662,12.380236,0,-1.462,-2.612,145.17
01:09.1,7,1.66,15.4302838,75.01566422,740.814,0.056047628,151.00784,1.398,4.598,0.406,-0.2638809,0.1672876,-0.2330283,-0.1389817,0.1204596,-9.878718,-0.3616921,6.574857,12.9227,12.60781,0,-1.47,-2.63,145.15
01:09.1,7,1.66,15.4302838,75.01566421,740.812,0.055610044,142.26952,1.399,4.599,0.408,0.00701325,0.060929295,-0.0400841,-0.273672,0.2587535,-9.7519505,-0.301786846,6.3311368,12.917748,12.361206,0,-1.48,-2.608,145.13
01:09.1,7,1.66,15.4302838,75.0156642,740.81,0.05517246,133.5312,1.4,4.6,0.41,0.2779074,-0.04542901,0.1528601,-0.4083623,0.3970474,-9.625183,-0.241881592,6.0874166,12.912796,12.114602,0,-1.49,-2.586,145.11
01:09.1,7,1.66,15.43028381,75.01566419,740.802,0.051401639,131.54102,1.4,4.6,0.409,0.04129425,-0.00114778,-0.02942255,-0.2737103,0.22502868,-9.6721005,-0.181976338,5.8436964,12.907844,11.867998,0,-1.5,-2.564,145.09
01:09.2,7,1.66,15.43028382,75.01566418,740.794,0.047630818,129.55084,1.4,4.6,0.408,-0.1953189,0.04313345,-0.2117052,-0.1390583,0.05300996,-9.719018,-0.122071084,5.5999762,12.902892,11.621394,0,-1.51,-2.542,145.07
01:09.2,7,1.66,15.43028383,75.01566417,740.786,0.043859997,127.56066,1.4,4.6,0.407,-0.057226995,-0.072890025,-0.0150591,-0.1484353,0.26640948,-9.786759,-0.06216583,5.356256,12.89794,11.37479,0,-1.52,-2.52,145.05
01:09.2,7,1.66,15.43028384,75.01566416,740.778,0.040089176,125.57048,1.4,4.6,0.406,0.08086491,-0.1889135,0.181587,-0.1578123,0.479809,-9.8545,-0.06781727,5.5559164,12.885756,11.786214,0,-1.5,-2.514,145.068
01:09.2,7,1.66,15.43028385,75.01566415,740.77,0.036318355,123.5803,1.4,4.6,0.405,0.002814245,0.06191865,0.086169522,-0.26382395,0.2929032,-9.915341,-0.07346871,5.7555768,12.873572,12.197638,0,-1.48,-2.508,145.086
01:09.2,7,1.66,15.43028386,75.01566414,740.762,0.032547534,121.59012,1.4,4.6,0.404,-0.07523642,0.3127508,-0.009247957,-0.3698356,0.1059974,-9.976182,-0.07912015,5.9552372,12.861388,12.609062,0,-1.46,-2.502,145.104
01:09.3,7,1.66,15.43028387,75.01566413,740.754,0.028776713,119.59994,1.4,4.6,0.403,0.03103289,0.01440195,0.015390142,-0.30096405,0.2765566,-9.712425,-0.08477159,6.1548976,12.849204,13.020486,0,-1.44,-2.496,145.122
01:09.3,7,1.66,15.43028388,75.01566412,740.746,0.025005892,117.60976,1.4,4.6,0.402,0.1373022,-0.2839469,0.04002824,-0.2320925,0.4471158,-9.448668,-0.09042303,6.354558,12.83702,13.43191,0,-1.42,-2.49,145.14
01:09.3,7,1.66,15.43028389,75.01566411,740.738,0.021235071,115.61958,1.4,4.6,0.401,0.10172198,-0.0505053,0.02427757,-0.26043245,0.31523475,-9.686162,-0.050297804,6.1434398,12.798532,12.889012,0,-1.44,-2.504,145.118
01:09.3,7,1.66,15.4302839,75.0156641,740.73,0.01746425,113.6294,1.4,4.6,0.4,0.06614176,0.1829363,0.008526901,-0.2887724,0.1833537,-9.923656,-0.010172578,5.9323216,12.760044,12.346114,0,-1.46,-2.518,145.096
01:09.3,7,1.66,15.43028392,75.01566409,740.724,0.017204432,109.301077,1.4,4.6,0.398,-0.02821327,0.0240356,-0.030609235,-0.18147146,0.33419875,-9.8041565,0.029952648,5.7212034,12.721556,11.803216,0,-1.48,-2.532,145.074
01:09.4,7,1.66,15.43028394,75.01566408,740.718,0.016944614,104.972754,1.4,4.6,0.396,-0.1225683,-0.1348651,-0.06974537,-0.07417052,0.4850438,-9.684657,0.070077874,5.5100852,12.683068,11.260318,0,-1.5,-2.546,145.052
01:09.4,7,1.66,15.43028396,75.01566407,740.712,0.016684796,100.644431,1.4,4.6,0.394,0.0230098,0.01765095,0.052846765,-0.12974051,0.291828365,-9.8794485,0.1102031,5.298967,12.64458,10.71742,0,-1.52,-2.56,145.03
01:09.4,7,1.66,15.43028398,75.01566406,740.706,0.016424978,96.316108,1.4,4.6,0.392,0.1685879,0.170167,0.1754389,-0.1853105,0.09861293,-10.07424,0.06555672,5.4374686,12.678682,11.009346,0,-1.502,-2.542,145.038
01:09.4,7,1.66,15.430284,75.01566405,740.7,0.01616516,91.987785,1.4,4.6,0.39,-0.04500365,0.03379075,-0.04104375,-0.14898085,0.096319725,-9.8321915,0.02091034,5.5759702,12.712784,11.301272,0,-1.484,-2.524,145.046
01:09.4,7,1.66,15.43028402,75.01566404,740.694,0.015905342,87.659462,1.4,4.6,0.388,-0.2585952,-0.1025855,-0.2575264,-0.1126512,0.09402652,-9.590143,-0.02373604,5.7144718,12.746886,11.593198,0,-1.466,-2.506,145.054
01:09.5,7,1.66,15.43028404,75.01566403,740.688,0.015645524,83.331139,1.4,4.6,0.386,-0.04518915,-0.1433107,-0.06673835,-0.18877835,0.29466526,-9.5942475,-0.06838242,5.8529734,12.780988,11.885124,0,-1.448,-2.488,145.062
01:09.5,7,1.66,15.43028406,75.01566402,740.682,0.015385706,79.002816,1.4,4.6,0.384,0.1682169,-0.1840359,0.1240497,-0.2649055,0.495304,-9.598352,-0.1130288,5.991475,12.81509,12.17705,0,-1.43,-2.47,145.07
01:09.5,7,1.66,15.43028408,75.01566401,740.676,0.015125888,74.674493,1.4,4.6,0.382,0.2053105,-0.111733915,0.1178875,-0.26393735,0.4381116,-9.7087695,-0.11981052,5.5185462,12.0534436,11.1726404,0,-1.454,-2.472,145.056
01:09.5,7,1.66,15.4302841,75.015664,740.67,0.01486607,70.34617,1.4,4.6,0.38,0.2424041,-0.03943193,0.1117253,-0.2629692,0.3809192,-9.819187,-0.12659224,5.0456174,11.2917972,10.1682308,0,-1.478,-2.474,145.042
01:09.5,7,1.66,15.4302841,75.01566399,740.665,0.019356921,83.064113,1.4,4.6,0.379,0.2413682,-0.05495707,0.1120677,-0.23018085,0.4355873,-9.791522,-0.13337396,4.5726886,10.5301508,9.1638212,0,-1.502,-2.476,145.028
01:09.6,7,1.66,15.4302841,75.01566398,740.66,0.023847772,95.782056,1.4,4.6,0.378,0.2403323,-0.07048221,0.1124101,-0.1973925,0.4902554,-9.763857,-0.14015568,4.0997598,9.7685044,8.1594116,0,-1.526,-2.478,145.014
01:09.6,7,1.66,15.4302841,75.01566397,740.655,0.028338623,108.499999,1.4,4.6,0.377,0.143107495,-0.05123455,0.0756336,-0.12781358,0.47550035,-9.7762735,-0.1469374,3.626831,9.006858,7.155002,0,-1.55,-2.48,145
01:09.6,7,1.66,15.4302841,75.01566396,740.65,0.032829474,121.217942,1.4,4.6,0.376,0.04588269,-0.03198689,0.0388571,-0.05823466,0.4607453,-9.78869,-0.18084604,3.3731392,8.634518,6.5325734,0,-1.538,-2.478,144.998
01:09.6,7,1.66,15.4302841,75.01566395,740.645,0.037320325,133.935885,1.4,4.6,0.375,-0.142798855,0.03143822,-0.0372295,-0.14327023,0.2960095,-9.741118,-0.21475468,3.1194474,8.262178,5.9101448,0,-1.526,-2.476,144.996
01:09.6,7,1.66,15.4302841,75.01566394,740.64,0.041811176,146.653828,1.4,4.6,0.374,-0.3314804,0.09486333,-0.1133161,-0.2283058,0.1312737,-9.693546,-0.24866332,2.8657556,7.889838,5.2877162,0,-1.514,-2.474,144.994
01:09.7,7,1.66,15.4302841,75.01566393,740.635,0.046302027,159.371771,1.4,4.6,0.373,-0.1043769,0.033650875,-0.049487685,-0.2475608,0.1845393,-9.744691,-0.28257196,2.6120638,7.517498,4.6652876,0,-1.502,-2.472,144.992
01:09.7,7,1.66,15.4302841,75.01566392,740.63,0.050792878,172.089714,1.4,4.6,0.372,0.1227266,-0.02756158,0.01434073,-0.2668158,0.2378049,-9.795836,-0.3164806,2.358372,7.145158,4.042859,0,-1.49,-2.47,144.99
01:09.7,7,1.66,15.4302841,75.01566391,740.625,0.055283729,184.807657,1.4,4.6,0.371,0.093349345,-0.051183635,0.01610312,-0.2381931,0.29448155,-9.7394825,-0.31535032,2.2028304,6.5229994,3.7010316,0,-1.48,-2.474,144.99
01:09.7,7,1.66,15.4302841,75.0156639,740.62,0.05977458,197.5256,1.4,4.6,0.37,0.06397209,-0.07480569,0.01786551,-0.2095704,0.3511582,-9.683129,-0.31422004,2.0472888,5.9008408,3.3592042,0,-1.47,-2.478,144.99
01:09.7,7,1.66,15.43028412,75.01566388,740.613,0.057969651,182.370142,1.4,4.601,0.369,-0.006447145,-0.00134758,0.004835474,-0.2334556,0.3025788,-9.70423,-0.31308976,1.8917472,5.2786822,3.0173768,0,-1.46,-2.482,144.99
01:09.8,7,1.66,15.43028414,75.01566386,740.606,0.056164722,167.214684,1.4,4.602,0.368,-0.07686638,0.07211053,-0.008194562,-0.2573408,0.2539994,-9.725331,-0.31195948,1.7362056,4.6565236,2.6755494,0,-1.45,-2.486,144.99
01:09.8,7,1.66,15.43028416,75.01566384,740.599,0.054359793,152.059226,1.4,4.603,0.367,-0.010602395,0.00423883,0.001930954,-0.2096788,0.2259014,-9.7838405,-0.3108292,1.580664,4.034365,2.333722,0,-1.44,-2.49,144.99
01:09.8,7,1.66,15.43028418,75.01566382,740.592,0.052554864,136.903768,1.4,4.604,0.366,0.05566159,-0.06363287,0.01205647,-0.1620168,0.1978034,-9.84235,-0.31761092,1.43943378,3.7133044,2.124137,0,-1.438,-2.488,144.986
01:09.8,7,1.66,15.4302842,75.0156638,740.585,0.050749935,121.74831,1.4,4.605,0.365,-0.008256145,-0.01936223,0.003262983,-0.1939191,0.22980595,-9.7697695,-0.32439264,1.29820356,3.3922438,1.914552,0,-1.436,-2.486,144.982
01:09.8,7,1.66,15.43028422,75.01566378,740.578,0.048945006,106.592852,1.4,4.606,0.364,-0.07217388,0.02490841,-0.005530505,-0.2258214,0.2618085,-9.697189,-0.33117436,1.15697334,3.0711832,1.704967,0,-1.434,-2.484,144.978
01:09.9,7,1.66,15.43028424,75.01566376,740.571,0.047140077,91.437394,1.4,4.607,0.363,-0.012295195,-0.001089405,-0.001513933,-0.2318878,0.29709965,-9.7021545,-0.33795608,1.01574312,2.7501226,1.495382,0,-1.432,-2.482,144.974
01:09.9,7,1.66,15.43028426,75.01566374,740.564,0.045335148,76.281936,1.4,4.608,0.362,0.04758349,-0.02708722,0.002502639,-0.2379542,0.3323908,-9.70712,-0.3447378,0.8745129,2.429062,1.285797,0,-1.43,-2.48,144.97
01:09.9,7,1.66,15.43028428,75.01566372,740.557,0.043530219,61.126478,1.4,4.609,0.361,0.062291925,-0.044221435,-5.02E-05,-0.22765895,0.31371165,-9.725225,-0.35151952,0.82631634,2.237176,1.1893605,0,-1.436,-2.472,144.966
01:09.9,7,1.66,15.4302843,75.0156637,740.55,0.04172529,45.97102,1.4,4.61,0.36,0.07700036,-0.06135565,-0.002603041,-0.2173637,0.2950325,-9.74333,-0.35830124,0.77811978,2.04529,1.092924,0,-1.442,-2.464,144.962
01:09.9,7,1.66,15.43028432,75.0156637,740.528,0.04059907,70.693778,1.4,4.609,0.357,0.025937725,-0.02102777,0.006152175,-0.24318895,0.27683175,-9.7439085,-0.36508296,0.72992322,1.853404,0.9964875,0,-1.448,-2.456,144.958
01:10.0,7,1.66,15.43028434,75.0156637,740.506,0.03947285,95.416536,1.4,4.608,0.354,-0.02512491,0.01930011,0.01490739,-0.2690142,0.258631,-9.744487,-0.37186468,0.68172666,1.661518,0.900051,0,-1.454,-2.448,144.954
01:10.0,7,1.66,15.43028436,75.0156637,740.484,0.03834663,120.139294,1.4,4.607,0.351,-0.020965395,0.036259,0.01244962,-0.236821,0.2330581,-9.77428,-0.3786464,0.6335301,1.469632,0.8036145,0,-1.46,-2.44,144.95
01:10.0,7,1.66,15.43028438,75.0156637,740.462,0.03722041,144.862052,1.4,4.606,0.348,-0.01680588,0.05321789,0.009991849,-0.2046278,0.2074852,-9.804073,-0.33004402,0.65942254,1.36568582,0.7988958,0,-1.46,-2.442,144.944
01:10.0,7,1.66,15.4302844,75.0156637,740.44,0.03609419,169.58481,1.4,4.605,0.345,-0.018022775,0.04750122,0.00440081,-0.24556925,0.2347906,-9.774919,-0.28144164,0.68531498,1.26173964,0.7941771,0,-1.46,-2.444,144.938
01:10.0,7,1.66,15.43028442,75.0156637,740.418,0.03496797,194.307568,1.4,4.604,0.342,-0.01923967,0.04178455,-0.001190229,-0.2865107,0.262096,-9.745765,-0.23283926,0.71120742,1.15779346,0.7894584,0,-1.46,-2.446,144.932
01:10.1,7,1.66,15.43028444,75.0156637,740.396,0.03384175,219.030326,1.4,4.603,0.339,-0.03392147,0.028113435,-0.007456395,-0.2597106,0.24978645,-9.734167,-0.18423688,0.73709986,1.05384728,0.7847397,0,-1.46,-2.448,144.926
01:10.1,7,1.66,15.43028446,75.0156637,740.374,0.03271553,243.753084,1.4,4.602,0.336,-0.04860327,0.01444232,-0.01372256,-0.2329105,0.2374769,-9.722569,-0.1356345,0.7629923,0.9499011,0.780021,0,-1.46,-2.45,144.92
01:10.1,7,1.66,15.43028448,75.0156637,740.352,0.03158931,268.475842,1.4,4.601,0.333,-0.057012435,-0.004437055,-0.01511913,-0.2282189,0.23787605,-9.7114165,-0.18084602,0.80222602,0.97943148,0.7705549,0,-1.456,-2.448,144.916
01:10.1,7,1.66,15.4302845,75.0156637,740.33,0.03046309,293.1986,1.4,4.6,0.33,-0.0654216,-0.02331643,-0.0165157,-0.2235273,0.2382752,-9.700264,-0.22605754,0.84145974,1.00896186,0.7610888,0,-1.452,-2.446,144.912
01:10.1,7,1.66,15.4302845,75.01566371,740.314,0.0364423,280.92207,1.401,4.6,0.332,-0.045584905,-0.04144241,-0.007059842,-0.19518995,0.2476205,-9.696622,-0.27126906,0.88069346,1.03849224,0.7516227,0,-1.448,-2.444,144.908
01:10.2,7,1.66,15.4302845,75.01566372,740.298,0.04242151,268.64554,1.402,4.6,0.334,-0.02574821,-0.05956839,0.002396017,-0.1668526,0.2569658,-9.69298,-0.31648058,0.91992718,1.06802262,0.7421566,0,-1.444,-2.442,144.904
01:10.2,7,1.66,15.4302845,75.01566373,740.282,0.04840072,256.36901,1.403,4.6,0.336,-0.005278915,-0.055635785,0.007943149,-0.11626433,0.26942,-9.7519385,-0.3616921,0.9591609,1.097553,0.7326905,0,-1.44,-2.44,144.9
01:10.2,7,1.66,15.4302845,75.01566374,740.266,0.05437993,244.09248,1.404,4.6,0.338,0.01519038,-0.05170318,0.01349028,-0.06567606,0.2818742,-9.810897,-0.34021664,0.96090788,1.06704088,0.71169072,0,-1.44,-2.438,144.896
01:10.2,7,1.66,15.4302845,75.01566375,740.25,0.06035914,231.81595,1.405,4.6,0.34,0.023470275,-0.06301862,0.0135773,-0.11814298,0.2908956,-9.761696,-0.31874118,0.96265486,1.03652876,0.69069094,0,-1.44,-2.436,144.892
01:10.2,7,1.66,15.4302845,75.01566376,740.234,0.06633835,219.53942,1.406,4.6,0.342,0.03175017,-0.07433406,0.01366432,-0.1706099,0.299917,-9.712495,-0.29726572,0.96440184,1.00601664,0.66969116,0,-1.44,-2.434,144.888
01:10.3,7,1.66,15.4302845,75.01566377,740.218,0.07231756,207.26289,1.407,4.6,0.344,0.03118902,-0.084879715,0.011499877,-0.17993935,0.3031398,-9.701387,-0.27579026,0.96614882,0.97550452,0.64869138,0,-1.44,-2.432,144.884
01:10.3,7,1.66,15.4302845,75.01566378,740.202,0.07829677,194.98636,1.408,4.6,0.346,0.03062787,-0.09542537,0.009335434,-0.1892688,0.3063626,-9.690279,-0.2543148,0.9678958,0.9449924,0.6276916,0,-1.44,-2.43,144.88
01:10.3,7,1.66,15.4302845,75.01566379,740.186,0.08427598,182.70983,1.409,4.6,0.348,0.02482846,-0.106735335,0.010633172,-0.18004615,0.30151075,-9.6809975,-0.25883594,0.98599624,0.89117666,0.70943168,0,-1.44,-2.426,144.876
01:10.3,7,1.66,15.4302845,75.0156638,740.17,0.09025519,170.4333,1.41,4.6,0.35,0.01902905,-0.1180453,0.01193091,-0.1708235,0.2966589,-9.671716,-0.26335708,1.00409668,0.83736092,0.79117176,0,-1.44,-2.422,144.872
01:10.3,7,1.66,15.43028451,75.01566381,740.151,0.088193866,160.806731,1.41,4.599,0.349,0.009003974,-0.1176407,0.008465004,-0.17507355,0.2858518,-9.6706895,-0.26787822,1.02219712,0.78354518,0.87291184,0,-1.44,-2.418,144.868
01:10.4,7,1.66,15.43028452,75.01566382,740.132,0.086132542,151.180162,1.41,4.598,0.348,-0.001021102,-0.1172361,0.004999097,-0.1793236,0.2750447,-9.669663,-0.27239936,1.04029756,0.72972944,0.95465192,0,-1.44,-2.414,144.864
01:10.4,7,1.66,15.43028453,75.01566383,740.113,0.084071218,141.553593,1.41,4.597,0.347,0.002910259,-0.102406225,-0.000172572,-0.128864525,0.25223465,-9.7371215,-0.2769205,1.058398,0.6759137,1.036392,0,-1.44,-2.41,144.86
01:10.4,7,1.66,15.43028454,75.01566384,740.094,0.082009894,131.927024,1.41,4.596,0.346,0.00684162,-0.08757635,-0.00534424,-0.07840545,0.2294246,-9.80458,-0.29726568,1.03112778,0.69574876,1.0362236,0,-1.44,-2.404,144.856
01:10.4,7,1.66,15.43028455,75.01566385,740.075,0.07994857,122.300455,1.41,4.595,0.345,0.008325961,-0.087012255,-0.001945438,-0.136407375,0.2500475,-9.7401895,-0.31761086,1.00385756,0.71558382,1.0360552,0,-1.44,-2.398,144.852
01:10.4,7,1.66,15.43028456,75.01566386,740.056,0.077887246,112.673886,1.41,4.594,0.344,0.009810301,-0.08644816,0.001453364,-0.1944093,0.2706704,-9.675799,-0.33795604,0.97658734,0.73541888,1.0358868,0,-1.44,-2.392,144.848
01:10.5,7,1.66,15.43028457,75.01566387,740.037,0.075825922,103.047317,1.41,4.593,0.343,0.011253256,-0.063128395,-0.001651853,-0.1919109,0.2710122,-9.6914685,-0.35830122,0.94931712,0.75525394,1.0357184,0,-1.44,-2.386,144.844
01:10.5,7,1.66,15.43028458,75.01566388,740.018,0.073764598,93.420748,1.41,4.592,0.342,0.01269621,-0.03980863,-0.00475707,-0.1894125,0.271354,-9.707138,-0.3786464,0.9220469,0.775089,1.03555,0,-1.44,-2.38,144.84
01:10.5,7,1.66,15.43028459,75.01566389,739.999,0.071703274,83.794179,1.41,4.591,0.341,0.005741837,-0.03008965,-0.002572695,-0.20371875,0.2617778,-9.715897,-0.3605618,0.86708178,0.80146472,0.99874358,0,-1.44,-2.378,144.838
01:10.5,7,1.66,15.4302846,75.0156639,739.98,0.06964195,74.16761,1.41,4.59,0.34,-0.001212537,-0.02037067,-0.00038832,-0.218025,0.2522016,-9.724656,-0.3424772,0.81211666,0.82784044,0.96193716,0,-1.44,-2.376,144.836
01:10.5,7,1.66,15.43028462,75.0156639,739.958,0.063177755,99.063859,1.41,4.59,0.341,-0.000856149,-0.007150353,0.00174852,-0.2145403,0.259423,-9.727055,-0.3243926,0.75715154,0.85421616,0.92513074,0,-1.44,-2.374,144.834
01:10.6,7,1.66,15.43028464,75.0156639,739.936,0.05671356,123.960108,1.41,4.59,0.342,-0.000499761,0.006069964,0.003885361,-0.2110556,0.2666444,-9.729454,-0.306308,0.70218642,0.88059188,0.88832432,0,-1.44,-2.372,144.832
01:10.6,7,1.66,15.43028466,75.0156639,739.914,0.050249365,148.856357,1.41,4.59,0.343,-0.001904526,0.009569692,0.005855394,-0.2194713,0.25899685,-9.7327625,-0.2882234,0.6472213,0.9069676,0.8515179,0,-1.44,-2.37,144.83
01:10.6,7,1.66,15.43028468,75.0156639,739.892,0.04378517,173.752606,1.41,4.59,0.344,-0.003309291,0.01306942,0.007825426,-0.227887,0.2513493,-9.736071,-0.30404742,0.662479,0.87745894,0.82226214,0,-1.44,-2.372,144.826
01:10.6,7,1.66,15.4302847,75.0156639,739.87,0.037320975,198.648855,1.41,4.59,0.345,-0.004658444,0.004288718,0.011355618,-0.1709915,0.23502875,-9.7760795,-0.31987144,0.6777367,0.84795028,0.79300638,0,-1.44,-2.374,144.822
01:10.6,7,1.66,15.43028472,75.0156639,739.848,0.03085678,223.545104,1.41,4.59,0.346,-0.006007596,-0.004491984,0.01488581,-0.114096,0.2187082,-9.816088,-0.33569546,0.6929944,0.81844162,0.76375062,0,-1.44,-2.376,144.818
01:10.7,7,1.66,15.43028474,75.0156639,739.826,0.024392585,248.441353,1.41,4.59,0.347,-0.013419958,-0.015059087,0.018975965,-0.1704605,0.2434515,-9.771636,-0.35151948,0.7082521,0.78893296,0.73449486,0,-1.44,-2.378,144.814
01:10.7,7,1.66,15.43028476,75.0156639,739.804,0.01792839,273.337602,1.41,4.59,0.348,-0.02083232,-0.02562619,0.02306612,-0.226825,0.2681948,-9.727184,-0.3673435,0.7235098,0.7594243,0.7052391,0,-1.44,-2.38,144.81
01:10.7,7,1.66,15.43028478,75.0156639,739.782,0.011464195,298.233851,1.41,4.59,0.349,-0.02459052,-0.032453215,0.024311515,-0.21703165,0.26938,-9.712576,-0.34699832,0.73726766,0.72314014,0.74282536,0,-1.442,-2.378,144.808
01:10.7,7,1.66,15.4302848,75.0156639,739.76,0.005,323.1301,1.41,4.59,0.35,-0.02834872,-0.03928024,0.02555691,-0.2072383,0.2705652,-9.697968,-0.32665314,0.75102552,0.68685598,0.78041162,0,-1.444,-2.376,144.806
01:10.7,7,1.66,15.43028481,75.01566391,739.745,0.007265864,304.75696,1.41,4.589,0.351,-0.02860666,-0.044844285,0.02726507,-0.218749,0.2685306,-9.6959865,-0.30630796,0.76478338,0.65057182,0.81799788,0,-1.446,-2.374,144.804
01:10.8,7,1.66,15.43028482,75.01566392,739.73,0.009531728,286.38382,1.41,4.588,0.352,-0.0288646,-0.05040833,0.02897323,-0.2302597,0.266496,-9.694005,-0.28596278,0.77854124,0.61428766,0.85558414,0,-1.448,-2.372,144.802
01:10.8,7,1.66,15.43028483,75.01566393,739.715,0.011797592,268.01068,1.41,4.587,0.353,-0.02771151,-0.05798177,0.02963911,-0.2182024,0.2680785,-9.6963205,-0.2656176,0.7922991,0.5780035,0.8931704,0,-1.45,-2.37,144.8
01:10.8,7,1.66,15.43028484,75.01566394,739.7,0.014063456,249.63754,1.41,4.586,0.354,-0.02655842,-0.06555521,0.03030499,-0.2061451,0.269661,-9.698636,-0.28257192,0.75220032,0.5831092,0.88627662,0,-1.452,-2.366,144.796
01:10.8,7,1.66,15.43028485,75.01566395,739.685,0.01632932,231.2644,1.41,4.585,0.355,-0.02339954,-0.06259056,0.02673167,-0.17963295,0.22589265,-9.733006,-0.29952624,0.71210154,0.5882149,0.87938284,0,-1.454,-2.362,144.792
01:10.8,7,1.66,15.43028486,75.01566396,739.67,0.018595184,212.89126,1.41,4.584,0.356,-0.02024066,-0.05962591,0.02315835,-0.1531208,0.1821243,-9.767376,-0.31648056,0.67200276,0.5933206,0.87248906,0,-1.456,-2.358,144.788
01:10.9,7,1.66,15.43028487,75.01566397,739.655,0.020861048,194.51812,1.41,4.583,0.357,-0.02008067,-0.058424305,0.01919242,-0.1897123,0.2279975,-9.72583,-0.33343488,0.63190398,0.5984263,0.86559528,0,-1.458,-2.354,144.784
01:10.9,7,1.66,15.43028488,75.01566398,739.64,0.023126912,176.14498,1.41,4.582,0.358,-0.01992068,-0.0572227,0.01522649,-0.2263038,0.2738707,-9.684284,-0.3503892,0.5918052,0.603532,0.8587015,0,-1.46,-2.35,144.78
01:10.9,7,1.66,15.43028489,75.01566399,739.625,0.025392776,157.77184,1.41,4.581,0.359,-0.01622987,-0.05287287,0.012725985,-0.23507615,0.2640376,-9.6907435,-0.33795604,0.56361718,0.6175879,0.82933614,0,-1.46,-2.344,144.776
01:10.9,7,1.66,15.4302849,75.015664,739.61,0.02765864,139.3987,1.41,4.58,0.36,-0.01253906,-0.04852304,0.01022548,-0.2438485,0.2542045,-9.697203,-0.32552288,0.53542916,0.6316438,0.79997078,0,-1.46,-2.338,144.772
01:10.9,7,1.66,15.43028491,75.015664,739.597,0.027609392,153.09285,1.41,4.58,0.358,-0.008482781,-0.04208017,0.007483447,-0.24111665,0.27018905,-9.7045145,-0.31308972,0.50724114,0.6456997,0.77060542,0,-1.46,-2.332,144.768
01:11.0,7,1.66,15.43028492,75.015664,739.584,0.027560144,166.787,1.41,4.58,0.356,-0.004426502,-0.0356373,0.004741413,-0.2383848,0.2861736,-9.711826,-0.30065656,0.47905312,0.6597556,0.74124006,0,-1.46,-2.326,144.764
01:11.0,7,1.66,15.43028493,75.015664,739.571,0.027510896,180.48115,1.41,4.58,0.354,0.001001726,-0.0272015,0.002118253,-0.2478375,0.2730789,-9.711833,-0.2882234,0.4508651,0.6738115,0.7118747,0,-1.46,-2.32,144.76
01:11.0,7,1.66,15.43028494,75.015664,739.558,0.027461648,194.1753,1.41,4.58,0.352,0.006429953,-0.0187657,-0.000504906,-0.2572902,0.2599842,-9.71184,-0.2972657,0.4767026,0.65338798,0.70923128,0,-1.458,-2.316,144.756
01:11.0,7,1.66,15.43028495,75.015664,739.545,0.0274124,207.86945,1.41,4.58,0.35,0.003622906,0.00295549,-0.004037186,-0.23385415,0.23333135,-9.773865,-0.306308,0.5025401,0.63296446,0.70658786,0,-1.456,-2.312,144.752
01:11.0,7,1.66,15.43028496,75.015664,739.532,0.027363152,221.5636,1.41,4.58,0.348,0.000815859,0.02467668,-0.007569466,-0.2104181,0.2066785,-9.83589,-0.3153503,0.5283776,0.61254094,0.70394444,0,-1.454,-2.308,144.748
01:11.1,7,1.66,15.43028497,75.015664,739.519,0.027313904,235.25775,1.41,4.58,0.346,0.011889295,0.02198568,-0.008530647,-0.23581435,0.23994225,-9.7899035,-0.3243926,0.5542151,0.59211742,0.70130102,0,-1.452,-2.304,144.744
01:11.1,7,1.66,15.43028498,75.015664,739.506,0.027264656,248.9519,1.41,4.58,0.344,0.02296273,0.01929468,-0.009491828,-0.2612106,0.273206,-9.743917,-0.3334349,0.5800526,0.5716939,0.6986576,0,-1.45,-2.3,144.74
01:11.1,7,1.66,15.43028499,75.015664,739.493,0.027215408,262.64605,1.41,4.58,0.342,0.02828278,0.02037288,-0.009784184,-0.258019,0.2861831,-9.748546,-0.35378008,0.56780726,0.5464522,0.71163504,0,-1.448,-2.3,144.738
01:11.1,7,1.66,15.430285,75.015664,739.48,0.02716616,276.3402,1.41,4.58,0.34,0.03360283,0.02145108,-0.01007654,-0.2548274,0.2991602,-9.753175,-0.37412526,0.55556192,0.5212105,0.72461248,0,-1.446,-2.3,144.736
01:11.1,7,1.66,15.43028502,75.01566399,739.462,0.028085476,254.555753,1.41,4.58,0.34,0.037366425,0.019122555,-0.00745241,-0.24988055,0.2980882,-9.752896,-0.39447044,0.54331658,0.4959688,0.73758992,0,-1.444,-2.3,144.734
01:11.2,7,1.66,15.43028504,75.01566398,739.444,0.029004792,232.771306,1.41,4.58,0.34,0.04113002,0.01679403,-0.00482828,-0.2449337,0.2970162,-9.752617,-0.41481562,0.53107124,0.4707271,0.75056736,0,-1.442,-2.3,144.732
01:11.2,7,1.66,15.43028506,75.01566397,739.426,0.029924108,210.986859,1.41,4.58,0.34,0.041243165,0.006018582,-0.005298023,-0.23995965,0.3038679,-9.7450995,-0.4351608,0.5188259,0.4454854,0.7635448,0,-1.44,-2.3,144.73
01:11.2,7,1.66,15.43028508,75.01566396,739.408,0.030843424,189.202412,1.41,4.58,0.34,0.04135631,-0.004756866,-0.005767765,-0.2349856,0.3107196,-9.737582,-0.37299498,0.49221542,0.49139658,0.73331874,0,-1.44,-2.302,144.728
01:11.2,7,1.66,15.4302851,75.01566395,739.39,0.03176274,167.417965,1.41,4.58,0.34,0.038248975,-0.0073489,-0.003433538,-0.23319295,0.28523695,-9.7801335,-0.31082916,0.46560494,0.53730776,0.70309268,0,-1.44,-2.304,144.726
01:11.2,7,1.66,15.43028512,75.01566394,739.372,0.032682056,145.633518,1.41,4.58,0.34,0.03514164,-0.009940933,-0.00109931,-0.2314003,0.2597543,-9.822685,-0.24866334,0.43899446,0.58321894,0.67286662,0,-1.44,-2.306,144.724
01:11.3,7,1.66,15.43028514,75.01566393,739.354,0.033601372,123.849071,1.41,4.58,0.34,0.031789555,-0.024900007,-0.002376146,-0.2232339,0.28474795,-9.7741165,-0.18649752,0.41238398,0.62913012,0.64264056,0,-1.44,-2.308,144.722
01:11.3,7,1.66,15.43028516,75.01566392,739.336,0.034520688,102.064624,1.41,4.58,0.34,0.02843747,-0.03985908,-0.003652982,-0.2150675,0.3097416,-9.725548,-0.1243317,0.3857735,0.6750413,0.6124145,0,-1.44,-2.31,144.72
01:11.3,7,1.66,15.43028518,75.01566391,739.318,0.035440004,80.280177,1.41,4.58,0.34,0.025177085,-0.04909712,-0.003463832,-0.2075744,0.31178935,-9.7195705,-0.15258888,0.43361062,0.72179238,0.62711518,0,-1.442,-2.308,144.716
01:11.3,7,1.66,15.4302852,75.0156639,739.3,0.03635932,58.49573,1.41,4.58,0.34,0.0219167,-0.05833516,-0.003274681,-0.2000813,0.3138371,-9.713593,-0.18084606,0.48144774,0.76854346,0.64181586,0,-1.444,-2.306,144.712
01:11.3,7,1.66,15.43028521,75.01566391,739.286,0.035223388,63.272177,1.41,4.579,0.341,0.020740025,-0.067612605,-0.003543927,-0.2014011,0.3090108,-9.7071935,-0.20910324,0.52928486,0.81529454,0.65651654,0,-1.446,-2.304,144.708
01:11.4,7,1.66,15.43028522,75.01566392,739.272,0.034087456,68.048624,1.41,4.578,0.342,0.01956335,-0.07689005,-0.003813172,-0.2027209,0.3041845,-9.700794,-0.23736042,0.57712198,0.86204562,0.67121722,0,-1.448,-2.302,144.704
01:11.4,7,1.66,15.43028523,75.01566393,739.258,0.032951524,72.825071,1.41,4.577,0.343,0.014778025,-0.07869873,-0.009407156,-0.15743235,0.2679971,-9.7433995,-0.2656176,0.6249591,0.9087967,0.6859179,0,-1.45,-2.3,144.7
01:11.4,7,1.66,15.43028524,75.01566394,739.244,0.031815592,77.601518,1.41,4.576,0.344,0.0099927,-0.08050741,-0.01500114,-0.1121438,0.2318097,-9.786005,-0.27013876,0.6309134,0.84772652,0.71027638,0,-1.45,-2.296,144.698
01:11.4,7,1.66,15.43028525,75.01566395,739.23,0.03067966,82.377965,1.41,4.575,0.345,0.008427248,-0.082691305,-0.01609189,-0.11316185,0.2299386,-9.773881,-0.27465992,0.6368677,0.78665634,0.73463486,0,-1.45,-2.292,144.696
01:11.4,7,1.66,15.43028526,75.01566396,739.216,0.029543728,87.154412,1.41,4.574,0.346,0.006861796,-0.0848752,-0.01718264,-0.1141799,0.2280675,-9.761757,-0.27918108,0.642822,0.72558616,0.75899334,0,-1.45,-2.288,144.694
01:11.5,7,1.66,15.43028527,75.01566397,739.202,0.028407796,91.930859,1.41,4.573,0.347,-0.001709857,-0.075938295,-0.013713415,-0.15882415,0.24619945,-9.724458,-0.28370224,0.6487763,0.66451598,0.78335182,0,-1.45,-2.284,144.692
01:11.5,7,1.66,15.43028528,75.01566398,739.188,0.027271864,96.707306,1.41,4.572,0.348,-0.01028151,-0.06700139,-0.01024419,-0.2034684,0.2643314,-9.687159,-0.2882234,0.6547306,0.6034458,0.8077103,0,-1.45,-2.28,144.69
01:11.5,7,1.66,15.43028529,75.01566399,739.174,0.026135932,101.483753,1.41,4.571,0.349,-0.018028765,-0.064359275,-0.010540255,-0.21074935,0.25702405,-9.688739,-0.25205418,0.64919764,0.63428288,0.80521226,0,-1.452,-2.276,144.686
01:11.5,7,1.66,15.4302853,75.015664,739.16,0.025,106.2602,1.41,4.57,0.35,-0.02577602,-0.06171716,-0.01083632,-0.2180303,0.2497167,-9.690319,-0.21588496,0.64366468,0.66511996,0.80271422,0,-1.454,-2.272,144.682
01:11.5,7,1.66,15.4302853,75.01566401,739.148,0.024302776,113.3162,1.41,4.57,0.35,-0.03539234,-0.048170895,-0.008590237,-0.2192458,0.24220645,-9.695546,-0.17971574,0.63813172,0.69595704,0.80021618,0,-1.456,-2.268,144.678
01:11.6,7,1.66,15.4302853,75.01566402,739.136,0.023605552,120.3722,1.41,4.57,0.35,-0.04500866,-0.03462463,-0.006344154,-0.2204613,0.2346962,-9.700773,-0.14354652,0.63259876,0.72679412,0.79771814,0,-1.458,-2.264,144.674
01:11.6,7,1.66,15.4302853,75.01566403,739.124,0.022908328,127.4282,1.41,4.57,0.35,-0.048085865,-0.024772905,-0.006811142,-0.23126125,0.2371597,-9.704038,-0.1073773,0.6270658,0.7576312,0.7952201,0,-1.46,-2.26,144.67
01:11.6,7,1.66,15.4302853,75.01566404,739.112,0.022211104,134.4842,1.41,4.57,0.35,-0.05116307,-0.01492118,-0.007278129,-0.2420612,0.2396232,-9.707303,-0.15371912,0.62352122,0.7839665,0.76040948,0,-1.462,-2.256,144.668
01:11.6,7,1.66,15.4302853,75.01566405,739.1,0.02151388,141.5402,1.41,4.57,0.35,-0.051853595,0.00691896,-0.005177712,-0.21403155,0.2135706,-9.759801,-0.20006094,0.61997664,0.8103018,0.72559886,0,-1.464,-2.252,144.666
01:11.6,7,1.66,15.4302853,75.01566406,739.088,0.020816656,148.5962,1.41,4.57,0.35,-0.05254412,0.0287591,-0.003077294,-0.1860019,0.187518,-9.812299,-0.24640276,0.61643206,0.8366371,0.69078824,0,-1.466,-2.248,144.664
01:11.7,7,1.66,15.4302853,75.01566407,739.076,0.020119432,155.6522,1.41,4.57,0.35,-0.049460085,0.036682555,-0.003343971,-0.2221424,0.2144176,-9.778861,-0.29274458,0.61288748,0.8629724,0.65597762,0,-1.468,-2.244,144.662
01:11.7,7,1.66,15.4302853,75.01566408,739.064,0.019422208,162.7082,1.41,4.57,0.35,-0.04637605,0.04460601,-0.003610648,-0.2582829,0.2413172,-9.745423,-0.3390864,0.6093429,0.8893077,0.621167,0,-1.47,-2.24,144.66
01:11.7,7,1.66,15.4302853,75.01566409,739.052,0.018724984,169.7642,1.41,4.57,0.35,-0.045038785,0.054421285,-0.003514647,-0.26251325,0.2342211,-9.7484725,-0.34586812,0.64722628,0.86520152,0.65681194,0,-1.47,-2.236,144.658
01:11.7,7,1.66,15.4302853,75.0156641,739.04,0.01802776,176.8202,1.41,4.57,0.35,-0.04370152,0.06423656,-0.003418646,-0.2667436,0.227125,-9.751522,-0.35264984,0.68510966,0.84109534,0.69245688,0,-1.47,-2.232,144.656
01:11.7,7,1.66,15.43028532,75.0156641,739.018,0.022993293,169.41861,1.41,4.569,0.349,-0.037190205,0.07292543,-0.001715185,-0.2742489,0.2382939,-9.7573125,-0.35943156,0.72299304,0.81698916,0.72810182,0,-1.47,-2.228,144.654
01:11.8,7,1.66,15.43028534,75.0156641,738.996,0.027958826,162.01702,1.41,4.568,0.348,-0.03067889,0.0816143,-1.17E-05,-0.2817542,0.2494628,-9.763103,-0.36621328,0.76087642,0.79288298,0.76374676,0,-1.47,-2.224,144.652
01:11.8,7,1.66,15.43028536,75.0156641,738.974,0.032924359,154.61543,1.41,4.567,0.347,-0.03483631,0.08600892,0.001977675,-0.1989636,0.2207659,-9.7986705,-0.372995,0.7987598,0.7687768,0.7993917,0,-1.47,-2.22,144.65
01:11.8,7,1.66,15.43028538,75.0156641,738.952,0.037889892,147.21384,1.41,4.566,0.346,-0.03899373,0.09040354,0.003967074,-0.116173,0.192069,-9.834238,-0.33795608,0.80947532,0.72644806,0.82356462,0,-1.47,-2.22,144.65
01:11.8,7,1.66,15.4302854,75.0156641,738.93,0.042855425,139.81225,1.41,4.565,0.345,-0.032561415,0.091293405,0.007717857,-0.11953965,0.1910443,-9.819889,-0.30291716,0.82019084,0.68411932,0.84773754,0,-1.47,-2.22,144.65
01:11.8,7,1.66,15.43028542,75.0156641,738.908,0.047820958,132.41066,1.41,4.564,0.344,-0.0261291,0.09218327,0.01146864,-0.1229063,0.1900196,-9.80554,-0.26787824,0.83090636,0.64179058,0.87191046,0,-1.47,-2.22,144.65
01:11.9,7,1.66,15.43028544,75.0156641,738.886,0.052786491,125.00907,1.41,4.563,0.343,-0.02065064,0.07960636,0.010081526,-0.2000103,0.23118665,-9.782994,-0.23283932,0.84162188,0.59946184,0.89608338,0,-1.47,-2.22,144.65
01:11.9,7,1.66,15.43028546,75.0156641,738.864,0.057752024,117.60748,1.41,4.562,0.342,-0.01517218,0.06702945,0.008694411,-0.2771143,0.2723537,-9.760448,-0.1978004,0.8523374,0.5571331,0.9202563,0,-1.47,-2.22,144.65
01:11.9,7,1.66,15.43028548,75.0156641,738.842,0.062717557,110.20589,1.41,4.561,0.341,-0.010068071,0.059754065,0.011227191,-0.28093215,0.27699475,-9.7614475,-0.21814558,0.82564736,0.59049304,0.90255686,0,-1.47,-2.22,144.648
01:11.9,7,1.66,15.4302855,75.0156641,738.82,0.06768309,102.8043,1.41,4.56,0.34,-0.004963962,0.05247868,0.01375997,-0.28475,0.2816358,-9.762447,-0.23849076,0.79895732,0.62385298,0.88485742,0,-1.47,-2.22,144.646
01:11.9,7,1.66,15.43028551,75.01566411,738.804,0.064819906,114.50443,1.41,4.56,0.339,0.001190268,0.045551045,0.011955435,-0.2735633,0.28856985,-9.7566775,-0.25883594,0.77226728,0.65721292,0.86715798,0,-1.47,-2.22,144.644
01:12.0,7,1.66,15.43028552,75.01566412,738.788,0.061956722,126.20456,1.41,4.56,0.338,0.007344497,0.03862341,0.0101509,-0.2623766,0.2955039,-9.750908,-0.27918112,0.74557724,0.69057286,0.84945854,0,-1.47,-2.22,144.642
01:12.0,7,1.66,15.43028553,75.01566413,738.772,0.059093538,137.90469,1.41,4.56,0.337,0.013929609,0.027671955,0.01022682,-0.2678622,0.29495155,-9.746519,-0.2995263,0.7188872,0.7239328,0.8317591,0,-1.47,-2.22,144.64
01:12.0,7,1.66,15.43028554,75.01566414,738.756,0.056230354,149.60482,1.41,4.56,0.336,0.02051472,0.0167205,0.01030274,-0.2733478,0.2943992,-9.74213,-0.29274456,0.7127918,0.75982328,0.78939122,0,-1.472,-2.218,144.636
01:12.0,7,1.66,15.43028555,75.01566415,738.74,0.05336717,161.30495,1.41,4.56,0.335,0.0156848,0.013750295,0.01184998,-0.23699825,0.2657333,-9.771978,-0.28596282,0.7066964,0.79571376,0.74702334,0,-1.474,-2.216,144.632
01:12.0,7,1.66,15.43028556,75.01566416,738.724,0.050503986,173.00508,1.41,4.56,0.334,0.01085488,0.01078009,0.01339722,-0.2006487,0.2370674,-9.801826,-0.27918108,0.700601,0.83160424,0.70465546,0,-1.476,-2.214,144.628
01:12.1,7,1.66,15.43028557,75.01566417,738.708,0.047640802,184.70521,1.41,4.56,0.333,0.01764752,0.000474681,0.00906717,-0.23129175,0.263527,-9.7611415,-0.27239934,0.6945056,0.86749472,0.66228758,0,-1.478,-2.212,144.624
01:12.1,7,1.66,15.43028558,75.01566418,738.692,0.044777618,196.40534,1.41,4.56,0.332,0.02444016,-0.009830728,0.00473712,-0.2619348,0.2899866,-9.720457,-0.2656176,0.6884102,0.9033852,0.6199197,0,-1.48,-2.21,144.62
01:12.1,7,1.66,15.43028559,75.01566419,738.676,0.041914434,208.10547,1.41,4.56,0.331,0.031253395,-0.015000289,0.004101022,-0.251224,0.3020134,-9.7218115,-0.26448732,0.73211936,0.90669812,0.62806548,0,-1.478,-2.208,144.62
01:12.1,7,1.66,15.4302856,75.0156642,738.66,0.03905125,219.8056,1.41,4.56,0.33,0.03806663,-0.02016985,0.003464924,-0.2405132,0.3140402,-9.723166,-0.26335704,0.77582852,0.91001104,0.63621126,0,-1.476,-2.206,144.62
01:12.1,7,1.66,15.43028561,75.0156642,738.646,0.038284596,200.890107,1.41,4.56,0.331,0.03951667,-0.023571455,0.001292409,-0.2424028,0.3070105,-9.716752,-0.26222676,0.81953768,0.91332396,0.64435704,0,-1.474,-2.204,144.62
01:12.2,7,1.66,15.43028562,75.0156642,738.632,0.037517942,181.974614,1.41,4.56,0.332,0.04096671,-0.02697306,-0.000880106,-0.2442924,0.2999808,-9.710338,-0.26109648,0.86324684,0.91663688,0.65250282,0,-1.472,-2.202,144.62
01:12.2,7,1.66,15.43028563,75.0156642,738.618,0.036751288,163.059121,1.41,4.56,0.333,0.041718885,-0.03049959,-0.004362027,-0.23319575,0.30123125,-9.7065425,-0.2599662,0.906956,0.9199498,0.6606486,0,-1.47,-2.2,144.62
01:12.2,7,1.66,15.43028564,75.0156642,738.604,0.035984634,144.143628,1.41,4.56,0.334,0.04247106,-0.03402612,-0.007843948,-0.2220991,0.3024817,-9.702747,-0.28935368,0.90959648,0.8715947,0.70702614,0,-1.47,-2.2,144.618
01:12.2,7,1.66,15.43028565,75.0156642,738.59,0.03521798,125.228135,1.41,4.56,0.335,0.04279617,-0.022901685,-0.006941008,-0.180908,0.2603553,-9.769404,-0.31874116,0.91223696,0.8232396,0.75340368,0,-1.47,-2.2,144.616
01:12.2,7,1.66,15.43028566,75.0156642,738.576,0.034451326,106.312642,1.41,4.56,0.336,0.04312128,-0.01177725,-0.006038067,-0.1397169,0.2182289,-9.836061,-0.34812864,0.91487744,0.7748845,0.79978122,0,-1.47,-2.2,144.614
01:12.3,7,1.66,15.43028567,75.0156642,738.562,0.033684672,87.397149,1.41,4.56,0.337,0.04361738,-0.006871855,-0.003959795,-0.1275371,0.2418455,-9.837358,-0.37751612,0.91751792,0.7265294,0.84615876,0,-1.47,-2.2,144.612
01:12.3,7,1.66,15.43028568,75.0156642,738.548,0.032918018,68.481656,1.41,4.56,0.338,0.04411348,-0.001966461,-0.001881522,-0.1153573,0.2654621,-9.838655,-0.4069036,0.9201584,0.6781743,0.8925363,0,-1.47,-2.2,144.61
01:12.3,7,1.66,15.43028569,75.0156642,738.534,0.032151364,49.566163,1.41,4.56,0.339,0.04511084,-0.014536406,-0.003382977,-0.16348065,0.27753285,-9.774812,-0.39334016,0.90198564,0.6878629,0.90317238,0,-1.47,-2.2,144.608
01:12.3,7,1.66,15.4302857,75.0156642,738.52,0.03138471,30.65067,1.41,4.56,0.34,0.0461082,-0.02710635,-0.004884431,-0.211604,0.2896036,-9.710969,-0.37977672,0.88381288,0.6975515,0.91380846,0,-1.47,-2.2,144.606
01:12.3,7,1.66,15.43028571,75.01566421,738.507,0.028784756,38.765743,1.41,4.559,0.341,0.046471185,-0.02993383,-0.005143346,-0.2106801,0.29945455,-9.7165755,-0.36621328,0.86564012,0.7072401,0.92444454,0,-1.47,-2.2,144.604
01:12.4,7,1.66,15.43028572,75.01566422,738.494,0.026184801,46.880816,1.41,4.558,0.342,0.04683417,-0.03276131,-0.00540226,-0.2097562,0.3093055,-9.722182,-0.35264984,0.84746736,0.7169287,0.93508062,0,-1.47,-2.2,144.602
01:12.4,7,1.66,15.43028573,75.01566423,738.481,0.023584847,54.995889,1.41,4.557,0.343,0.04470076,-0.0288308,-0.003552914,-0.20475175,0.3016607,-9.726209,-0.3390864,0.8292946,0.7266173,0.9457167,0,-1.47,-2.2,144.6
01:12.4,7,1.66,15.43028574,75.01566424,738.468,0.020984892,63.110962,1.41,4.556,0.344,0.04256735,-0.02490029,-0.001703568,-0.1997473,0.2940159,-9.730236,-0.32439264,0.81116372,0.7576363,0.90093794,0,-1.472,-2.198,144.6
01:12.4,7,1.66,15.43028575,75.01566425,738.455,0.018384938,71.226035,1.41,4.555,0.345,0.037382415,-0.030028475,8.35E-05,-0.19820235,0.2952691,-9.718045,-0.30969888,0.79303284,0.7886553,0.85615918,0,-1.474,-2.196,144.6
01:12.4,7,1.66,15.43028576,75.01566426,738.442,0.015784983,79.341108,1.41,4.554,0.346,0.03219748,-0.03515666,0.001870637,-0.1966574,0.2965223,-9.705854,-0.29500512,0.77490196,0.8196743,0.81138042,0,-1.476,-2.194,144.6
01:12.5,7,1.66,15.43028577,75.01566427,738.429,0.013185029,87.456181,1.41,4.553,0.347,0.032039435,-0.03613337,0.003571021,-0.1909288,0.2963619,-9.709915,-0.28031136,0.75677108,0.8506933,0.76660166,0,-1.478,-2.192,144.6
01:12.5,7,1.66,15.43028578,75.01566428,738.416,0.010585074,95.571254,1.41,4.552,0.348,0.03188139,-0.03711008,0.005271405,-0.1852002,0.2962015,-9.713976,-0.2656176,0.7386402,0.8817123,0.7218229,0,-1.48,-2.19,144.6
01:12.5,7,1.66,15.43028579,75.01566429,738.403,0.007985119,103.686327,1.41,4.551,0.349,0.02960672,-0.034834305,0.007552138,-0.14966595,0.2777474,-9.768699,-0.2667479,0.7462897,0.86685508,0.69814526,0,-1.48,-2.19,144.598
01:12.5,7,1.66,15.4302858,75.0156643,738.39,0.005385165,111.8014,1.41,4.55,0.35,0.02733205,-0.03255853,0.009832871,-0.1141317,0.2592933,-9.823422,-0.2678782,0.7539392,0.85199786,0.67446762,0,-1.48,-2.19,144.596
01:12.5,7,1.66,15.43028581,75.0156643,738.372,0.011216892,122.86678,1.41,4.55,0.349,0.018437065,-0.03968658,0.012542316,-0.1502271,0.27466005,-9.76116,-0.2690085,0.7615887,0.83714064,0.65078998,0,-1.48,-2.19,144.594
01:12.6,7,1.66,15.43028582,75.0156643,738.354,0.017048618,133.93216,1.41,4.55,0.348,0.00954208,-0.04681463,0.01525176,-0.1863225,0.2900268,-9.698898,-0.2701388,0.7692382,0.82228342,0.62711234,0,-1.48,-2.19,144.592
01:12.6,7,1.66,15.43028583,75.0156643,738.336,0.022880345,144.99754,1.41,4.55,0.347,0.002738502,-0.049059155,0.014446705,-0.2001299,0.28094695,-9.698126,-0.2712691,0.7768877,0.8074262,0.6034347,0,-1.48,-2.19,144.59
01:12.6,7,1.66,15.43028584,75.0156643,738.318,0.028712071,156.06292,1.41,4.55,0.346,-0.004065076,-0.05130368,0.01364165,-0.2139373,0.2718671,-9.697354,-0.29387484,0.78773358,0.77935538,0.63895288,0,-1.482,-2.188,144.588
01:12.6,7,1.66,15.43028585,75.0156643,738.3,0.034543798,167.1283,1.41,4.55,0.345,-0.009829908,-0.057253435,0.013536875,-0.19979015,0.27264865,-9.698751,-0.31648058,0.79857946,0.75128456,0.67447106,0,-1.484,-2.186,144.586
01:12.6,7,1.66,15.43028586,75.0156643,738.282,0.040375524,178.19368,1.41,4.55,0.344,-0.01559474,-0.06320319,0.0134321,-0.185643,0.2734302,-9.700148,-0.33908632,0.80942534,0.72321374,0.70998924,0,-1.486,-2.184,144.584
01:12.7,7,1.66,15.43028587,75.0156643,738.264,0.046207251,189.25906,1.41,4.55,0.343,-0.02024278,-0.067308285,0.01327146,-0.20098095,0.26406955,-9.6974435,-0.36169206,0.82027122,0.69514292,0.74550742,0,-1.488,-2.182,144.582
01:12.7,7,1.66,15.43028588,75.0156643,738.246,0.052038977,200.32444,1.41,4.55,0.342,-0.02489082,-0.07141338,0.01311082,-0.2163189,0.2547089,-9.694739,-0.3842978,0.8311171,0.6670721,0.7810256,0,-1.49,-2.18,144.58
01:12.7,7,1.66,15.43028589,75.0156643,738.228,0.057870704,211.38982,1.41,4.55,0.341,-0.026987655,-0.068775725,0.00969527,-0.127678165,0.22655005,-9.699045,-0.3583012,0.82439458,0.67251262,0.80899902,0,-1.492,-2.178,144.578
01:12.7,7,1.66,15.4302859,75.0156643,738.21,0.06370243,222.4552,1.41,4.55,0.34,-0.02908449,-0.06613807,0.006279719,-0.03903743,0.1983912,-9.703351,-0.3323046,0.81767206,0.67795314,0.83697244,0,-1.494,-2.176,144.576
01:12.7,7,1.66,15.4302859,75.0156643,738.196,0.057964643,220.05318,1.411,4.549,0.34,-0.032905385,-0.066250605,0.008230905,-0.130146715,0.2259117,-9.694893,-0.306308,0.81094954,0.68339366,0.86494586,0,-1.496,-2.174,144.574
01:12.8,7,1.66,15.4302859,75.0156643,738.182,0.052226855,217.65116,1.412,4.548,0.34,-0.03672628,-0.06636314,0.01018209,-0.221256,0.2534322,-9.686435,-0.2803114,0.80422702,0.68883418,0.89291928,0,-1.498,-2.172,144.572
01:12.8,7,1.66,15.4302859,75.0156643,738.168,0.046489068,215.24914,1.413,4.547,0.34,-0.042595295,-0.05844187,0.006742309,-0.22944735,0.24537785,-9.691092,-0.2543148,0.7975045,0.6942747,0.9208927,0,-1.5,-2.17,144.57
01:12.8,7,1.66,15.4302859,75.0156643,738.154,0.04075128,212.84712,1.414,4.546,0.34,-0.04846431,-0.0505206,0.003302528,-0.2376387,0.2373235,-9.695749,-0.27465998,0.77916062,0.7287059,0.9048828,0,-1.5,-2.166,144.57
01:12.8,7,1.66,15.4302859,75.0156643,738.14,0.035013493,210.4451,1.415,4.545,0.34,-0.05208739,-0.046802835,0.001121777,-0.24315195,0.2354257,-9.694006,-0.29500516,0.76081674,0.7631371,0.8888729,0,-1.5,-2.162,144.57
01:12.8,7,1.66,15.4302859,75.0156643,738.126,0.029275706,208.04308,1.416,4.544,0.34,-0.05571047,-0.04308507,-0.001058973,-0.2486652,0.2335279,-9.692263,-0.31535034,0.74247286,0.7975683,0.872863,0,-1.5,-2.158,144.57
01:12.9,7,1.66,15.4302859,75.0156643,738.112,0.023537918,205.64106,1.417,4.543,0.34,-0.050930465,-0.030753865,-0.001375797,-0.2476891,0.23384395,-9.699308,-0.33569552,0.72412898,0.8319995,0.8568531,0,-1.5,-2.154,144.57
01:12.9,7,1.66,15.4302859,75.0156643,738.098,0.017800131,203.23904,1.418,4.542,0.34,-0.04615046,-0.01842266,-0.00169262,-0.246713,0.23416,-9.706353,-0.3560407,0.7057851,0.8664307,0.8408432,0,-1.5,-2.15,144.57
01:12.9,7,1.66,15.4302859,75.0156643,738.084,0.012062343,200.83702,1.419,4.541,0.34,-0.04425248,-0.002966165,-0.000738418,-0.21254265,0.20493975,-9.746421,-0.36282242,0.71276512,0.88015074,0.80733186,0,-1.5,-2.146,144.568
01:12.9,7,1.66,15.4302859,75.0156643,738.07,0.006324556,198.435,1.42,4.54,0.34,-0.0423545,0.01249033,0.000215784,-0.1783723,0.1757195,-9.786489,-0.36960414,0.71974514,0.89387078,0.77382052,0,-1.5,-2.142,144.566
01:12.9,7,1.66,15.4302859,75.01566431,738.056,0.012243436,195.35759,1.42,4.54,0.341,-0.036498455,0.021884085,-0.004216486,-0.2266494,0.2115196,-9.75742,-0.37638586,0.72672516,0.90759082,0.74030918,0,-1.5,-2.138,144.564
01:13.0,7,1.66,15.4302859,75.01566432,738.042,0.018162317,192.28018,1.42,4.54,0.342,-0.03064241,0.03127784,-0.008648756,-0.2749265,0.2473197,-9.728351,-0.38316758,0.73370518,0.92131086,0.70679784,0,-1.5,-2.134,144.562
01:13.0,7,1.66,15.4302859,75.01566433,738.028,0.024081197,189.20277,1.42,4.54,0.343,-0.027529325,0.04223941,-0.007087031,-0.27830975,0.24663655,-9.7410745,-0.3899493,0.7406852,0.9350309,0.6732865,0,-1.5,-2.13,144.56
01:13.0,7,1.66,15.4302859,75.01566434,738.014,0.030000078,186.12536,1.42,4.54,0.344,-0.02441624,0.05320098,-0.005525306,-0.281693,0.2459534,-9.753798,-0.39447044,0.7544809,0.87067162,0.70197172,0,-1.498,-2.13,144.558
01:13.0,7,1.66,15.4302859,75.01566435,738,0.035918958,183.04795,1.42,4.54,0.345,-0.02093175,0.059897085,-0.005149807,-0.28261935,0.2501445,-9.7595155,-0.39899158,0.7682766,0.80631234,0.73065694,0,-1.496,-2.13,144.556
01:13.0,7,1.66,15.4302859,75.01566436,737.986,0.041837838,179.97054,1.42,4.54,0.346,-0.01744726,0.06659319,-0.004774308,-0.2835457,0.2543356,-9.765233,-0.40351272,0.7820723,0.74195306,0.75934216,0,-1.494,-2.13,144.554
01:13.1,7,1.66,15.4302859,75.01566437,737.972,0.047756719,176.89313,1.42,4.54,0.347,-0.018738975,0.07315451,-0.004776536,-0.2203437,0.2328331,-9.7964005,-0.40803386,0.795868,0.67759378,0.78802738,0,-1.492,-2.13,144.552
01:13.1,7,1.66,15.4302859,75.01566438,737.958,0.053675599,173.81572,1.42,4.54,0.348,-0.02003069,0.07971583,-0.004778764,-0.1571417,0.2113306,-9.827568,-0.412555,0.8096637,0.6132345,0.8167126,0,-1.49,-2.13,144.55
01:13.1,7,1.66,15.4302859,75.01566439,737.944,0.05959448,170.73831,1.42,4.54,0.349,-0.01385239,0.076080075,-0.008205312,-0.15901205,0.2049888,-9.8265195,-0.3944704,0.80229996,0.60703438,0.83686766,0,-1.49,-2.13,144.548
01:13.1,7,1.66,15.4302859,75.0156644,737.93,0.06551336,167.6609,1.42,4.54,0.35,-0.00767409,0.07244432,-0.01163186,-0.1608824,0.198647,-9.825471,-0.3763858,0.79493622,0.60083426,0.85702272,0,-1.49,-2.13,144.546
01:13.1,7,1.66,15.43028591,75.0156644,737.915,0.061264197,156.456776,1.42,4.539,0.349,0.00615643,0.062286745,-0.006642199,-0.21509895,0.25137155,-9.798887,-0.3583012,0.78757248,0.59463414,0.87717778,0,-1.49,-2.13,144.544
01:13.2,7,1.66,15.43028592,75.0156644,737.9,0.057015034,145.252652,1.42,4.538,0.348,0.01998695,0.05212917,-0.001652537,-0.2693155,0.3040961,-9.772303,-0.3402166,0.78020874,0.58843402,0.89733284,0,-1.49,-2.13,144.542
01:13.2,7,1.66,15.43028593,75.0156644,737.885,0.052765871,134.048528,1.42,4.537,0.347,0.02200427,0.039054755,0.001429724,-0.2732098,0.30484045,-9.760674,-0.322132,0.772845,0.5822339,0.9174879,0,-1.49,-2.13,144.54
01:13.2,7,1.66,15.43028594,75.0156644,737.87,0.048516708,122.844404,1.42,4.536,0.346,0.02402159,0.02598034,0.004511984,-0.2771041,0.3055848,-9.749045,-0.33004402,0.73483452,0.61530986,0.87572788,0,-1.49,-2.132,144.538
01:13.2,7,1.66,15.43028595,75.0156644,737.855,0.044267545,111.64028,1.42,4.535,0.345,0.025360485,0.015390809,0.001214945,-0.2625734,0.3075418,-9.742234,-0.33795604,0.69682404,0.64838582,0.83396786,0,-1.49,-2.134,144.536
01:13.2,7,1.66,15.43028596,75.0156644,737.84,0.040018382,100.436156,1.42,4.534,0.344,0.02669938,0.004801278,-0.002082095,-0.2480427,0.3094988,-9.735423,-0.34586806,0.65881356,0.68146178,0.79220784,0,-1.49,-2.136,144.534
01:13.3,7,1.66,15.43028597,75.0156644,737.825,0.035769219,89.232032,1.42,4.533,0.343,0.028625685,-0.001492242,-0.004254142,-0.250459,0.3052781,-9.737124,-0.35378008,0.62080308,0.71453774,0.75044782,0,-1.49,-2.138,144.532
01:13.3,7,1.66,15.43028598,75.0156644,737.81,0.031520056,78.027908,1.42,4.532,0.342,0.03055199,-0.007785761,-0.006426188,-0.2528753,0.3010574,-9.738825,-0.3616921,0.5827926,0.7476137,0.7086878,0,-1.49,-2.14,144.53
01:13.3,7,1.66,15.43028599,75.0156644,737.795,0.027270893,66.823784,1.42,4.531,0.341,0.02409272,-0.006392816,-0.007609362,-0.2347094,0.27187155,-9.7760505,-0.36508296,0.58939826,0.74670868,0.67521464,0,-1.49,-2.138,144.528
01:13.3,7,1.66,15.430286,75.0156644,737.78,0.02302173,55.61966,1.42,4.53,0.34,0.01763345,-0.004999871,-0.008792535,-0.2165435,0.2426857,-9.813276,-0.36847382,0.59600392,0.74580366,0.64174148,0,-1.49,-2.136,144.526
01:13.3,7,1.66,15.43028601,75.01566441,737.764,0.024341712,68.691714,1.42,4.53,0.34,0.02142591,-0.015958961,-0.012176633,-0.2213629,0.2677732,-9.7557975,-0.37186468,0.60260958,0.74489864,0.60826832,0,-1.49,-2.134,144.524
01:13.4,7,1.66,15.43028602,75.01566442,737.748,0.025661694,81.763768,1.42,4.53,0.34,0.02521837,-0.02691805,-0.01556073,-0.2261823,0.2928607,-9.698319,-0.37525554,0.60921524,0.74399362,0.57479516,0,-1.49,-2.132,144.522
01:13.4,7,1.66,15.43028603,75.01566443,737.732,0.026981676,94.835822,1.42,4.53,0.34,0.020877495,-0.031788855,-0.01400049,-0.2326021,0.30242895,-9.7007635,-0.3786464,0.6158209,0.7430886,0.541322,0,-1.49,-2.13,144.52
01:13.4,7,1.66,15.43028604,75.01566444,737.716,0.028301658,107.907876,1.42,4.53,0.34,0.01653662,-0.03665966,-0.01244025,-0.2390219,0.3119972,-9.703208,-0.39220986,0.62831476,0.72026238,0.58719614,0,-1.49,-2.128,144.52
01:13.4,7,1.66,15.43028605,75.01566445,737.7,0.02962164,120.97993,1.42,4.53,0.34,0.019366985,-0.026718705,-0.013701585,-0.23394915,0.30177735,-9.7125575,-0.40577332,0.64080862,0.69743616,0.63307028,0,-1.49,-2.126,144.52
01:13.4,7,1.66,15.43028606,75.01566446,737.684,0.030941622,134.051984,1.42,4.53,0.34,0.02219735,-0.01677775,-0.01496292,-0.2288764,0.2915575,-9.721907,-0.41933678,0.65330248,0.67460994,0.67894442,0,-1.49,-2.124,144.52
01:13.5,7,1.66,15.43028607,75.01566447,737.668,0.032261604,147.124038,1.42,4.53,0.34,0.030949735,-0.013087644,-0.016239635,-0.2301076,0.294096,-9.719823,-0.43290024,0.66579634,0.65178372,0.72481856,0,-1.49,-2.122,144.52
01:13.5,7,1.66,15.43028608,75.01566448,737.652,0.033581586,160.196092,1.42,4.53,0.34,0.03970212,-0.009397538,-0.01751635,-0.2313388,0.2966345,-9.717739,-0.4464637,0.6782902,0.6289575,0.7706927,0,-1.49,-2.12,144.52
01:13.5,7,1.66,15.43028609,75.01566449,737.636,0.034901568,173.268146,1.42,4.53,0.34,0.03598098,0.004514566,-0.018802575,-0.20703495,0.2675869,-9.7770185,-0.4193368,0.6485125,0.64020754,0.774024,0,-1.492,-2.12,144.518
01:13.5,7,1.66,15.4302861,75.0156645,737.62,0.03622155,186.3402,1.42,4.53,0.34,0.03225984,0.01842667,-0.0200888,-0.1827311,0.2385393,-9.836298,-0.3922099,0.6187348,0.65145758,0.7773553,0,-1.494,-2.12,144.516
01:13.5,7,1.66,15.4302861,75.0156645,737.603,0.039326207,184.59189,1.42,4.529,0.34,0.02855289,0.013977838,-0.014089652,-0.2049074,0.2641169,-9.7843665,-0.365083,0.5889571,0.66270762,0.7806866,0,-1.496,-2.12,144.514
01:13.6,7,1.66,15.4302861,75.0156645,737.586,0.042430864,182.84358,1.42,4.528,0.34,0.02484594,0.009529005,-0.008090504,-0.2270837,0.2896945,-9.732435,-0.3379561,0.5591794,0.67395766,0.7840179,0,-1.498,-2.12,144.512
01:13.6,7,1.66,15.4302861,75.0156645,737.569,0.045535521,181.09527,1.42,4.527,0.34,0.02045975,0.013164398,-0.00598107,-0.22238575,0.2767454,-9.73344,-0.3108292,0.5294017,0.6852077,0.7873492,0,-1.5,-2.12,144.51
01:13.6,7,1.66,15.4302861,75.0156645,737.552,0.048640178,179.34696,1.42,4.526,0.34,0.01607356,0.01679979,-0.003871637,-0.2176878,0.2637963,-9.734445,-0.30743832,0.49871202,0.69788372,0.75420652,0,-1.502,-2.12,144.508
01:13.6,7,1.66,15.4302861,75.0156645,737.535,0.051744835,177.59865,1.42,4.525,0.34,0.01149344,0.018333865,-0.00259965,-0.226479,0.27441205,-9.730901,-0.30404744,0.46802234,0.71055974,0.72106384,0,-1.504,-2.12,144.506
01:13.6,7,1.66,15.4302861,75.0156645,737.518,0.054849492,175.85034,1.42,4.524,0.34,0.00691332,0.01986794,-0.001327662,-0.2352702,0.2850278,-9.727357,-0.30065656,0.43733266,0.72323576,0.68792116,0,-1.506,-2.12,144.504
01:13.7,7,1.66,15.4302861,75.0156645,737.501,0.057954149,174.10203,1.42,4.523,0.34,0.006324428,0.021696185,0.003850905,-0.21738685,0.24974515,-9.773888,-0.29726568,0.40664298,0.73591178,0.65477848,0,-1.508,-2.12,144.502
01:13.7,7,1.66,15.4302861,75.0156645,737.484,0.061058806,172.35372,1.42,4.522,0.34,0.005735536,0.02352443,0.009029473,-0.1995035,0.2144625,-9.820419,-0.2938748,0.3759533,0.7485878,0.6216358,0,-1.51,-2.12,144.5
01:13.7,7,1.66,15.4302861,75.0156645,737.467,0.064163463,170.60541,1.42,4.521,0.34,0.003015792,0.022638475,0.010655696,-0.18751955,0.22612265,-9.8266,-0.29952624,0.4148019,0.7520509,0.604655,0,-1.51,-2.122,144.5
01:13.7,7,1.66,15.4302861,75.0156645,737.45,0.06726812,168.8571,1.42,4.52,0.34,0.000296048,0.02175252,0.01228192,-0.1755356,0.2377828,-9.832781,-0.30517768,0.4536505,0.755514,0.5876742,0,-1.51,-2.124,144.5
01:13.7,7,1.66,15.43028611,75.0156645,737.432,0.068143939,172.62789,1.42,4.52,0.337,-0.001801402,0.010562229,0.01489977,-0.2032603,0.2484003,-9.7814135,-0.31082912,0.4924991,0.7589771,0.5706934,0,-1.51,-2.126,144.5
01:13.8,7,1.66,15.43028612,75.0156645,737.414,0.069019758,176.39868,1.42,4.52,0.334,-0.003898851,-0.000628062,0.01751762,-0.230985,0.2590178,-9.730046,-0.31648056,0.5313477,0.7624402,0.5537126,0,-1.51,-2.128,144.5
01:13.8,7,1.66,15.43028613,75.0156645,737.396,0.069895577,180.16947,1.42,4.52,0.331,-0.006827627,-0.009171971,0.021223835,-0.2254201,0.2726293,-9.7155275,-0.322132,0.5701963,0.7659033,0.5367318,0,-1.51,-2.13,144.5
01:13.8,7,1.66,15.43028614,75.0156645,737.378,0.070771396,183.94026,1.42,4.52,0.328,-0.009756403,-0.01771588,0.02493005,-0.2198552,0.2862408,-9.701009,-0.3232623,0.54889228,0.7174314,0.54618788,0,-1.512,-2.128,144.498
01:13.8,7,1.66,15.43028615,75.0156645,737.36,0.071647215,187.71105,1.42,4.52,0.325,-0.011585112,-0.02046603,0.021165435,-0.2222753,0.27444995,-9.7088615,-0.3243926,0.52758826,0.6689595,0.55564396,0,-1.514,-2.126,144.496
01:13.8,7,1.66,15.43028616,75.0156645,737.342,0.072523034,191.48184,1.42,4.52,0.322,-0.01341382,-0.02321618,0.01740082,-0.2246954,0.2626591,-9.716714,-0.3255229,0.50628424,0.6204876,0.56510004,0,-1.516,-2.124,144.494
01:13.9,7,1.66,15.43028617,75.0156645,737.324,0.073398853,195.25263,1.42,4.52,0.319,-0.015324045,-0.01868811,0.01673278,-0.21337475,0.23463205,-9.7539755,-0.3266532,0.48498022,0.5720157,0.57455612,0,-1.518,-2.122,144.492
01:13.9,7,1.66,15.43028618,75.0156645,737.306,0.074274672,199.02342,1.42,4.52,0.316,-0.01723427,-0.01416004,0.01606474,-0.2020541,0.206605,-9.791237,-0.3277835,0.4636762,0.5235438,0.5840122,0,-1.52,-2.12,144.49
01:13.9,7,1.66,15.43028619,75.0156645,737.288,0.075150491,202.79421,1.42,4.52,0.313,-0.020089505,-0.018924695,0.015717405,-0.20996405,0.1943035,-9.7880295,-0.35378012,0.44657236,0.5385113,0.57489526,0,-1.522,-2.12,144.488
01:13.9,7,1.66,15.4302862,75.0156645,737.27,0.07602631,206.565,1.42,4.52,0.31,-0.02294474,-0.02368935,0.01537007,-0.217874,0.182002,-9.784822,-0.37977674,0.42946852,0.5534788,0.56577832,0,-1.524,-2.12,144.486
01:13.9,7,1.66,15.4302862,75.0156645,737.256,0.071288989,191.983617,1.42,4.52,0.313,-0.02267786,-0.025550655,0.014513565,-0.2290587,0.21465335,-9.7423905,-0.40577336,0.41236468,0.5684463,0.55666138,0,-1.526,-2.12,144.484
01:14.0,7,1.66,15.4302862,75.0156645,737.242,0.066551668,177.402234,1.42,4.52,0.316,-0.02241098,-0.02741196,0.01365706,-0.2402434,0.2473047,-9.699959,-0.43176998,0.39526084,0.5834138,0.54754444,0,-1.528,-2.12,144.482
01:14.0,7,1.66,15.4302862,75.0156645,737.228,0.061814347,162.820851,1.42,4.52,0.319,-0.023868915,-0.02654682,0.012536325,-0.24456735,0.2458939,-9.7022305,-0.4577666,0.378157,0.5983813,0.5384275,0,-1.53,-2.12,144.48
01:14.0,7,1.66,15.4302862,75.0156645,737.214,0.057077026,148.239468,1.42,4.52,0.322,-0.02532685,-0.02568168,0.01141559,-0.2488913,0.2444831,-9.704502,-0.43403056,0.3732342,0.60659886,0.52161128,0,-1.528,-2.118,144.48
01:14.0,7,1.66,15.4302862,75.0156645,737.2,0.052339705,133.658085,1.42,4.52,0.325,-0.02581466,-0.020076295,0.01122736,-0.249965,0.24422025,-9.7094155,-0.41029452,0.3683114,0.61481642,0.50479506,0,-1.526,-2.116,144.48
01:14.0,7,1.66,15.4302862,75.0156645,737.186,0.047602384,119.076702,1.42,4.52,0.328,-0.02630247,-0.01447091,0.01103913,-0.2510387,0.2439574,-9.714329,-0.38655848,0.3633886,0.62303398,0.48797884,0,-1.524,-2.114,144.48
01:14.1,7,1.66,15.4302862,75.0156645,737.172,0.042865063,104.495319,1.42,4.52,0.331,-0.024213595,-0.011587907,0.007701965,-0.25306685,0.24977105,-9.7102,-0.36282244,0.3584658,0.63125154,0.47116262,0,-1.522,-2.112,144.48
01:14.1,7,1.66,15.4302862,75.0156645,737.158,0.038127742,89.913936,1.42,4.52,0.334,-0.02212472,-0.008704903,0.0043648,-0.255095,0.2555847,-9.706071,-0.3390864,0.353543,0.6394691,0.4543464,0,-1.52,-2.11,144.48
01:14.1,7,1.66,15.4302862,75.0156645,737.144,0.033390421,75.332553,1.42,4.52,0.337,-0.02033925,-0.000612729,0.006756565,-0.24485775,0.21357415,-9.7566135,-0.33343496,0.34126408,0.60159362,0.43490276,0,-1.52,-2.11,144.478
01:14.1,7,1.66,15.4302862,75.0156645,737.13,0.0286531,60.75117,1.42,4.52,0.34,-0.01855378,0.007479444,0.009148329,-0.2346205,0.1715636,-9.807156,-0.32778352,0.32898516,0.56371814,0.41545912,0,-1.52,-2.11,144.476
01:14.1,7,1.66,15.4302862,75.01566451,737.119,0.034485491,74.415383,1.42,4.52,0.339,-0.009553352,0.00236805,0.011253655,-0.23917305,0.2269854,-9.768231,-0.32213208,0.31670624,0.52584266,0.39601548,0,-1.52,-2.11,144.474
01:14.2,7,1.66,15.4302862,75.01566452,737.108,0.040317882,88.079596,1.42,4.52,0.338,-0.000552925,-0.002743345,0.01335898,-0.2437256,0.2824072,-9.729306,-0.31648064,0.30442732,0.48796718,0.37657184,0,-1.52,-2.11,144.472
01:14.2,7,1.66,15.4302862,75.01566453,737.097,0.046150273,101.743809,1.42,4.52,0.337,0.005070428,-0.002412266,0.012262245,-0.2462297,0.28073,-9.723508,-0.3108292,0.2921484,0.4500917,0.3571282,0,-1.52,-2.11,144.47
01:14.2,7,1.66,15.4302862,75.01566454,737.086,0.051982664,115.408022,1.42,4.52,0.336,0.01069378,-0.002081186,0.01116551,-0.2487338,0.2790528,-9.71771,-0.30630804,0.31212454,0.454162,0.37246646,0,-1.518,-2.108,144.47
01:14.2,7,1.66,15.4302862,75.01566455,737.075,0.057815055,129.072235,1.42,4.52,0.335,0.01767905,-0.003761487,0.0089866,-0.2439151,0.28680485,-9.727458,-0.30178688,0.33210068,0.4582323,0.38780472,0,-1.516,-2.106,144.47
01:14.2,7,1.66,15.4302862,75.01566456,737.064,0.063647446,142.736448,1.42,4.52,0.334,0.02466432,-0.005441788,0.00680769,-0.2390964,0.2945569,-9.737206,-0.29726572,0.35207682,0.4623026,0.40314298,0,-1.514,-2.104,144.47
01:14.3,7,1.66,15.4302862,75.01566457,737.053,0.069479837,156.400661,1.42,4.52,0.333,0.02620984,-0.005677541,0.008820155,-0.2322376,0.26273525,-9.77762,-0.29274456,0.37205296,0.4663729,0.41848124,0,-1.512,-2.102,144.47
01:14.3,7,1.66,15.4302862,75.01566458,737.042,0.075312228,170.064874,1.42,4.52,0.332,0.02775536,-0.005913293,0.01083262,-0.2253788,0.2309136,-9.818034,-0.2882234,0.3920291,0.4704432,0.4338195,0,-1.51,-2.1,144.47
01:14.3,7,1.66,15.4302862,75.01566459,737.031,0.081144619,183.729087,1.42,4.52,0.331,0.034206465,-0.00582446,0.006813326,-0.21724985,0.23842485,-9.823977,-0.29048398,0.42068718,0.51302622,0.43584724,0,-1.51,-2.1,144.468
01:14.3,7,1.66,15.4302862,75.0156646,737.02,0.08697701,197.3933,1.42,4.52,0.33,0.04065757,-0.005735627,0.002794032,-0.2091209,0.2459361,-9.82992,-0.29274456,0.44934526,0.55560924,0.43787498,0,-1.51,-2.1,144.466
01:14.3,7,1.66,15.4302862,75.01566459,737.005,0.088271807,197.95124,1.42,4.519,0.331,0.044648695,-0.013543719,0.001513393,-0.2196529,0.28633795,-9.7818455,-0.29500514,0.47800334,0.59819226,0.43990272,0,-1.51,-2.1,144.464
01:14.4,7,1.66,15.4302862,75.01566458,736.99,0.089566604,198.50918,1.42,4.518,0.332,0.04863982,-0.02135181,0.000232754,-0.2301849,0.3267398,-9.733771,-0.29726572,0.50666142,0.64077528,0.44193046,0,-1.51,-2.1,144.462
01:14.4,7,1.66,15.4302862,75.01566457,736.975,0.090861401,199.06712,1.42,4.517,0.333,0.049703555,-0.022087245,-0.00085723,-0.2291898,0.3200692,-9.7328705,-0.2995263,0.5353195,0.6833583,0.4439582,0,-1.51,-2.1,144.46
01:14.4,7,1.66,15.4302862,75.01566456,736.96,0.092156198,199.62506,1.42,4.516,0.334,0.05076729,-0.02282268,-0.001947213,-0.2281947,0.3133986,-9.73197,-0.3356955,0.53098536,0.70402206,0.441254,0,-1.51,-2.1,144.458
01:14.4,7,1.66,15.4302862,75.01566455,736.945,0.093450995,200.183,1.42,4.515,0.335,0.04902086,-0.02437604,-0.006344562,-0.2311212,0.3162326,-9.732979,-0.3718647,0.52665122,0.72468582,0.4385498,0,-1.51,-2.1,144.456
01:14.4,7,1.66,15.4302862,75.01566454,736.93,0.094745792,200.74094,1.42,4.514,0.336,0.04727443,-0.0259294,-0.01074191,-0.2340477,0.3190666,-9.733988,-0.4080339,0.52231708,0.74534958,0.4358456,0,-1.51,-2.1,144.454
01:14.5,7,1.66,15.4302862,75.01566453,736.915,0.096040589,201.29888,1.42,4.513,0.337,0.04704014,-0.02645084,-0.01402256,-0.2304043,0.3119969,-9.7299755,-0.4442031,0.51798294,0.76601334,0.4331414,0,-1.51,-2.1,144.452
01:14.5,7,1.66,15.4302862,75.01566452,736.9,0.097335386,201.85682,1.42,4.512,0.338,0.04680585,-0.02697228,-0.01730321,-0.2267609,0.3049272,-9.725963,-0.4803723,0.5136488,0.7866771,0.4304372,0,-1.51,-2.1,144.45
01:14.5,7,1.66,15.4302862,75.01566451,736.885,0.098630183,202.41476,1.42,4.511,0.339,0.038193295,-0.02862708,-0.01944655,-0.2252,0.27038205,-9.7672745,-0.45098482,0.50018656,0.78759192,0.44459518,0,-1.51,-2.102,144.448
01:14.5,7,1.66,15.4302862,75.0156645,736.87,0.09992498,202.9727,1.42,4.51,0.34,0.02958074,-0.03028188,-0.02158989,-0.2236391,0.2358369,-9.808586,-0.42159734,0.48672432,0.78850674,0.45875316,0,-1.51,-2.104,144.446
01:14.5,7,1.66,15.4302862,75.0156645,736.853,0.094392303,202.64081,1.421,4.51,0.34,0.02753323,-0.039876375,-0.02015876,-0.22109145,0.26740035,-9.7597575,-0.39220986,0.47326208,0.78942156,0.47291114,0,-1.51,-2.106,144.444
01:14.6,7,1.66,15.4302862,75.0156645,736.836,0.088859626,202.30892,1.422,4.51,0.34,0.02548572,-0.04947087,-0.01872763,-0.2185438,0.2989638,-9.710929,-0.36282238,0.45979984,0.79033638,0.48706912,0,-1.51,-2.108,144.442
01:14.6,7,1.66,15.4302862,75.0156645,736.819,0.083326949,201.97703,1.423,4.51,0.34,0.017795245,-0.050083625,-0.018908115,-0.22029815,0.29150825,-9.7079745,-0.3334349,0.4463376,0.7912512,0.5012271,0,-1.51,-2.11,144.44
01:14.6,7,1.66,15.4302862,75.0156645,736.802,0.077794272,201.64514,1.424,4.51,0.34,0.01010477,-0.05069638,-0.0190886,-0.2220525,0.2840527,-9.70502,-0.31874116,0.4676565,0.77101598,0.53253296,0,-1.51,-2.11,144.44
01:14.6,7,1.66,15.4302862,75.0156645,736.785,0.072261595,201.31325,1.425,4.51,0.34,0.001410962,-0.054427945,-0.02027368,-0.214311,0.27746685,-9.699438,-0.30404742,0.4889754,0.75078076,0.56383882,0,-1.51,-2.11,144.44
01:14.6,7,1.66,15.4302862,75.0156645,736.768,0.066728918,200.98136,1.426,4.51,0.34,-0.007282847,-0.05815951,-0.02145876,-0.2065695,0.270881,-9.693856,-0.28935368,0.5102943,0.73054554,0.59514468,0,-1.51,-2.11,144.44
01:14.7,7,1.66,15.4302862,75.0156645,736.751,0.061196241,200.64947,1.427,4.51,0.34,-0.008240755,-0.061810355,-0.01868291,-0.20654145,0.27263605,-9.696938,-0.27465994,0.5316132,0.71031032,0.62645054,0,-1.51,-2.11,144.44
01:14.7,7,1.66,15.4302862,75.0156645,736.734,0.055663564,200.31758,1.428,4.51,0.34,-0.009198662,-0.0654612,-0.01590706,-0.2065134,0.2743911,-9.70002,-0.2599662,0.5529321,0.6900751,0.6577564,0,-1.51,-2.11,144.44
01:14.7,7,1.66,15.4302862,75.0156645,736.717,0.050130887,199.98569,1.429,4.51,0.34,-0.014767151,-0.060998505,-0.012962125,-0.14743589,0.26833045,-9.74777,-0.26448734,0.5985746,0.70792442,0.66058796,0,-1.51,-2.11,144.438
01:14.7,7,1.66,15.4302862,75.0156645,736.7,0.04459821,199.6538,1.43,4.51,0.34,-0.02033564,-0.05653581,-0.01001719,-0.08835838,0.2622698,-9.79552,-0.26900848,0.6442171,0.72577374,0.66341952,0,-1.51,-2.11,144.436
01:14.7,7,1.66,15.43028621,75.01566451,736.687,0.044748161,189.9413,1.43,4.51,0.34,-0.02153034,-0.06183356,-0.005807357,-0.14209434,0.26355645,-9.741132,-0.27352962,0.6898596,0.74362306,0.66625108,0,-1.51,-2.11,144.434
01:14.8,7,1.66,15.43028622,75.01566452,736.674,0.044898112,180.2288,1.43,4.51,0.34,-0.02272504,-0.06713131,-0.001597523,-0.1958303,0.2648431,-9.686744,-0.27805076,0.7355021,0.76147238,0.66908264,0,-1.51,-2.11,144.432
01:14.8,7,1.66,15.43028623,75.01566453,736.661,0.045048063,170.5163,1.43,4.51,0.34,-0.022750975,-0.060818825,-0.001659432,-0.19565605,0.26663745,-9.6845915,-0.2825719,0.7811446,0.7793217,0.6719142,0,-1.51,-2.11,144.43
01:14.8,7,1.66,15.43028624,75.01566454,736.648,0.045198014,160.8038,1.43,4.51,0.34,-0.02277691,-0.05450634,-0.00172134,-0.1954818,0.2684318,-9.682439,-0.27579018,0.77181272,0.80133706,0.66249054,0,-1.51,-2.108,144.428
01:14.8,7,1.66,15.43028625,75.01566455,736.635,0.045347965,151.0913,1.43,4.51,0.34,-0.0195214,-0.046746025,6.98E-05,-0.1996591,0.2697683,-9.692851,-0.26900846,0.76248084,0.82335242,0.65306688,0,-1.51,-2.106,144.426
01:14.8,7,1.66,15.43028626,75.01566456,736.622,0.045497916,141.3788,1.43,4.51,0.34,-0.01626589,-0.03898571,0.001860878,-0.2038364,0.2711048,-9.703263,-0.26222674,0.75314896,0.84536778,0.64364322,0,-1.51,-2.104,144.424
01:14.9,7,1.66,15.43028627,75.01566457,736.609,0.045647867,131.6663,1.43,4.51,0.34,-0.01781957,-0.03222253,0.009326974,-0.2124698,0.26637145,-9.707273,-0.25544502,0.74381708,0.86738314,0.63421956,0,-1.51,-2.102,144.422
01:14.9,7,1.66,15.43028628,75.01566458,736.596,0.045797818,121.9538,1.43,4.51,0.34,-0.01937325,-0.02545935,0.01679307,-0.2211032,0.2616381,-9.711283,-0.2486633,0.7344852,0.8893985,0.6247959,0,-1.51,-2.1,144.42
01:14.9,7,1.66,15.43028629,75.01566459,736.583,0.045947769,112.2413,1.43,4.51,0.34,-0.020575325,-0.010173654,0.015080435,-0.20868895,0.24799385,-9.755415,-0.2588359,0.6877756,0.87197426,0.60863734,0,-1.512,-2.096,144.42
01:14.9,7,1.66,15.4302863,75.0156646,736.57,0.04609772,102.5288,1.43,4.51,0.34,-0.0217774,0.005112041,0.0133678,-0.1962747,0.2343496,-9.799547,-0.2690085,0.641066,0.85455002,0.59247878,0,-1.514,-2.092,144.42
01:14.9,7,1.66,15.43028631,75.0156646,736.552,0.043452636,102.75028,1.43,4.509,0.34,-0.01653987,0.013315956,0.01475462,-0.2219308,0.247649,-9.766324,-0.2791811,0.5943564,0.83712578,0.57632022,0,-1.516,-2.088,144.42
01:15.0,7,1.66,15.43028632,75.0156646,736.534,0.040807552,102.97176,1.43,4.508,0.34,-0.01130234,0.02151987,0.01614144,-0.2475869,0.2609484,-9.733101,-0.2893537,0.5476468,0.81970154,0.56016166,0,-1.518,-2.084,144.42
01:15.0,7,1.66,15.43028633,75.0156646,736.516,0.038162468,103.19324,1.43,4.507,0.34,-0.01172718,0.030931465,0.014291895,-0.25493935,0.26734995,-9.737835,-0.2995263,0.5009372,0.8022773,0.5440031,0,-1.52,-2.08,144.42
01:15.0,7,1.66,15.43028634,75.0156646,736.498,0.035517384,103.41472,1.43,4.506,0.34,-0.01215202,0.04034306,0.01244235,-0.2622918,0.2737515,-9.742569,-0.2893537,0.5362316,0.80647528,0.56589132,0,-1.522,-2.08,144.42
01:15.0,7,1.66,15.43028635,75.0156646,736.48,0.0328723,103.6362,1.43,4.505,0.34,-0.013337655,0.047904815,0.007570323,-0.26975855,0.26418675,-9.746111,-0.2791811,0.571526,0.81067326,0.58777954,0,-1.524,-2.08,144.42
01:15.0,7,1.66,15.43028636,75.0156646,736.462,0.030227216,103.85768,1.43,4.504,0.34,-0.01452329,0.05546657,0.002698296,-0.2772253,0.254622,-9.749653,-0.2690085,0.6068204,0.81487124,0.60966776,0,-1.526,-2.08,144.42
01:15.1,7,1.66,15.43028637,75.0156646,736.444,0.027582132,104.07916,1.43,4.503,0.34,-0.013551435,0.061075105,0.00127284,-0.27616465,0.2620414,-9.752404,-0.2588359,0.6421148,0.81906922,0.63155598,0,-1.528,-2.08,144.42
01:15.1,7,1.66,15.43028638,75.0156646,736.426,0.024937048,104.30064,1.43,4.502,0.34,-0.01257958,0.06668364,-0.000152615,-0.275104,0.2694608,-9.755155,-0.2486633,0.6774092,0.8232672,0.6534442,0,-1.53,-2.08,144.42
01:15.1,7,1.66,15.43028639,75.0156646,736.408,0.022291964,104.52212,1.43,4.501,0.34,-0.018740315,0.071920645,0.000956183,-0.21764975,0.22362785,-9.7882175,-0.23623014,0.7201629,0.85015238,0.6795388,0,-1.532,-2.078,144.418
01:15.1,7,1.66,15.4302864,75.0156646,736.39,0.01964688,104.7436,1.43,4.5,0.34,-0.02490105,0.07715765,0.002064981,-0.1601955,0.1777949,-9.82128,-0.22379698,0.7629166,0.87703756,0.7056334,0,-1.534,-2.076,144.416
01:15.1,7,1.66,15.43028641,75.01566461,736.379,0.024382192,103.26924,1.43,4.5,0.34,-0.02418088,0.07170742,1.51E-06,-0.22221805,0.2168131,-9.789841,-0.21136382,0.8056703,0.90392274,0.731728,0,-1.536,-2.074,144.414
01:15.2,7,1.66,15.43028642,75.01566462,736.368,0.029117504,101.79488,1.43,4.5,0.34,-0.02346071,0.06625719,-0.00206196,-0.2842406,0.2558313,-9.758402,-0.19893066,0.848424,0.93080792,0.7578226,0,-1.538,-2.072,144.412
01:15.2,7,1.66,15.43028643,75.01566463,736.357,0.033852816,100.32052,1.43,4.5,0.34,-0.02160127,0.065574765,-0.002446768,-0.2891682,0.2454311,-9.761374,-0.1864975,0.8911777,0.9576931,0.7839172,0,-1.54,-2.07,144.41
01:15.2,7,1.66,15.43028644,75.01566464,736.346,0.038588128,98.84616,1.43,4.5,0.34,-0.01974183,0.06489234,-0.002831576,-0.2940958,0.2350309,-9.764346,-0.2147547,0.8851212,0.97107788,0.79228784,0,-1.542,-2.07,144.41
01:15.2,7,1.66,15.43028645,75.01566465,736.335,0.04332344,97.3718,1.43,4.5,0.34,-0.015514895,0.06261123,-0.003129329,-0.28426075,0.24809,-9.7595675,-0.2430119,0.8790647,0.98446266,0.80065848,0,-1.544,-2.07,144.41
01:15.2,7,1.66,15.43028646,75.01566466,736.324,0.048058752,95.89744,1.43,4.5,0.34,-0.01128796,0.06033012,-0.003427081,-0.2744257,0.2611491,-9.754789,-0.2712691,0.8730082,0.99784744,0.80902912,0,-1.546,-2.07,144.41
01:15.3,7,1.66,15.43028647,75.01566467,736.313,0.052794064,94.42308,1.43,4.5,0.34,-0.011730025,0.05223128,-0.004880187,-0.27838925,0.2531642,-9.750057,-0.2995263,0.8669517,1.01123222,0.81739976,0,-1.548,-2.07,144.41
01:15.3,7,1.66,15.43028648,75.01566468,736.302,0.057529376,92.94872,1.43,4.5,0.34,-0.01217209,0.04413244,-0.006333293,-0.2823528,0.2451793,-9.745325,-0.3277835,0.8608952,1.024617,0.8257704,0,-1.55,-2.07,144.41
01:15.3,7,1.66,15.43028649,75.01566469,736.291,0.062264688,91.47436,1.43,4.5,0.34,-0.016365485,0.042024325,0.001072669,-0.23822035,0.2264851,-9.7826125,-0.35830126,0.81505562,0.97979398,0.8001706,0,-1.55,-2.068,144.41
01:15.3,7,1.66,15.4302865,75.0156647,736.28,0.067,90,1.43,4.5,0.34,-0.02055888,0.03991621,0.008478632,-0.1940879,0.2077909,-9.8199,-0.38881902,0.76921604,0.93497096,0.7745708,0,-1.55,-2.066,144.41
01:15.3,7,1.66,15.43028651,75.01566471,736.265,0.066209315,96.60375,1.43,4.5,0.341,-0.010790848,0.026260115,0.009744171,-0.22483765,0.24140355,-9.775645,-0.41933678,0.72337646,0.89014794,0.748971,0,-1.55,-2.064,144.41
01:15.4,7,1.66,15.43028652,75.01566472,736.25,0.06541863,103.2075,1.43,4.5,0.342,-0.001022816,0.01260402,0.01100971,-0.2555874,0.2750162,-9.73139,-0.44985454,0.67753688,0.84532492,0.7233712,0,-1.55,-2.062,144.41
01:15.4,7,1.66,15.43028653,75.01566473,736.235,0.064627945,109.81125,1.43,4.5,0.343,0.006805037,0.007935814,0.010257421,-0.2515594,0.28200405,-9.740025,-0.4803723,0.6316973,0.8005019,0.6977714,0,-1.55,-2.06,144.41
01:15.4,7,1.66,15.43028654,75.01566474,736.22,0.06383726,116.415,1.43,4.5,0.344,0.01463289,0.003267608,0.009505132,-0.2475314,0.2889919,-9.74866,-0.4611574,0.65176122,0.82275494,0.71448788,0,-1.552,-2.058,144.408
01:15.4,7,1.66,15.43028655,75.01566475,736.205,0.063046575,123.01875,1.43,4.5,0.345,0.02455091,-0.001216042,0.008031181,-0.24117815,0.288731,-9.739302,-0.4419425,0.67182514,0.84500798,0.73120436,0,-1.554,-2.056,144.406
01:15.4,7,1.66,15.43028656,75.01566476,736.19,0.06225589,129.6225,1.43,4.5,0.346,0.03446893,-0.005699691,0.00655723,-0.2348249,0.2884701,-9.729944,-0.4227276,0.69188906,0.86726102,0.74792084,0,-1.556,-2.054,144.404
01:15.5,7,1.66,15.43028657,75.01566477,736.175,0.061465205,136.22625,1.43,4.5,0.347,0.041571365,-0.007872711,0.01039411,-0.2339148,0.30705635,-9.7304315,-0.4035127,0.71195298,0.88951406,0.76463732,0,-1.558,-2.052,144.402
01:15.5,7,1.66,15.43028658,75.01566478,736.16,0.06067452,142.83,1.43,4.5,0.348,0.0486738,-0.01004573,0.01423099,-0.2330047,0.3256426,-9.730919,-0.3842978,0.7320169,0.9117671,0.7813538,0,-1.56,-2.05,144.4
01:15.5,7,1.66,15.43028659,75.01566479,736.145,0.059883835,149.43375,1.43,4.5,0.349,0.0501446,-0.004735278,0.01445108,-0.23373915,0.3247958,-9.7323065,-0.39107954,0.77947144,0.9124678,0.79769656,0,-1.562,-2.05,144.4
01:15.5,7,1.66,15.4302866,75.0156648,736.13,0.05909315,156.0375,1.43,4.5,0.35,0.0516154,0.000575174,0.01467117,-0.2344736,0.323949,-9.733694,-0.39786128,0.82692598,0.9131685,0.81403932,0,-1.564,-2.05,144.4
01:15.5,7,1.66,15.4302866,75.0156648,736.114,0.058543872,159.83738,1.43,4.499,0.349,0.052515965,0.002785877,0.011027472,-0.1828238,0.28810555,-9.7858125,-0.40464302,0.87438052,0.9138692,0.83038208,0,-1.566,-2.05,144.4
01:15.6,7,1.66,15.4302866,75.0156648,736.098,0.057994594,163.63726,1.43,4.498,0.348,0.05341653,0.004996579,0.007383774,-0.131174,0.2522621,-9.837931,-0.41142476,0.92183506,0.9145699,0.84672484,0,-1.568,-2.05,144.4
01:15.6,7,1.66,15.4302866,75.0156648,736.082,0.057445316,167.43714,1.43,4.497,0.347,0.06230924,-0.004311765,0.008914092,-0.179047,0.28925945,-9.785718,-0.4182065,0.9692896,0.9152706,0.8630676,0,-1.57,-2.05,144.4
01:15.6,7,1.66,15.4302866,75.0156648,736.066,0.056896038,171.23702,1.43,4.496,0.346,0.07120195,-0.01362011,0.01044441,-0.22692,0.3262568,-9.733505,-0.41255506,0.98763788,0.9253301,0.86061302,0,-1.572,-2.05,144.398
01:15.6,7,1.66,15.4302866,75.0156648,736.05,0.05634676,175.0369,1.43,4.495,0.345,0.070745425,-0.007030634,0.006907027,-0.23444595,0.32586895,-9.7396855,-0.40690362,1.00598616,0.9353896,0.85815844,0,-1.574,-2.05,144.396
01:15.6,7,1.66,15.4302866,75.0156648,736.034,0.055797482,178.83678,1.43,4.494,0.344,0.0702889,-0.000441158,0.003369645,-0.2419719,0.3254811,-9.745866,-0.40125218,1.02433444,0.9454491,0.85570386,0,-1.576,-2.05,144.394
01:15.7,7,1.66,15.4302866,75.0156648,736.018,0.055248204,182.63666,1.43,4.493,0.343,0.072359075,-0.009504499,-0.000249582,-0.2309595,0.32447625,-9.7417865,-0.39560074,1.04268272,0.9555086,0.85324928,0,-1.578,-2.05,144.392
01:15.7,7,1.66,15.4302866,75.0156648,736.002,0.054698926,186.43654,1.43,4.492,0.342,0.07442925,-0.01856784,-0.003868809,-0.2199471,0.3234714,-9.737707,-0.3899493,1.061031,0.9655681,0.8507947,0,-1.58,-2.05,144.39
01:15.7,7,1.66,15.4302866,75.0156648,735.986,0.054149648,190.23642,1.43,4.491,0.341,0.06770444,-0.01678392,-0.003916492,-0.2235752,0.3194471,-9.7327835,-0.37638584,1.01914596,0.9325895,0.81894096,0,-1.582,-2.05,144.388
01:15.7,7,1.66,15.4302866,75.0156648,735.97,0.05360037,194.0363,1.43,4.49,0.34,0.06097963,-0.015,-0.003964175,-0.2272033,0.3154228,-9.72786,-0.36282238,0.97726092,0.8996109,0.78708722,0,-1.584,-2.05,144.386
01:15.7,7,1.66,15.43028661,75.0156648,735.956,0.055940334,192.63267,1.43,4.49,0.34,0.05677435,-0.008658647,-0.007839118,-0.19420205,0.28296705,-9.772236,-0.34925892,0.93537588,0.8666323,0.75523348,0,-1.586,-2.05,144.384
01:15.8,7,1.66,15.43028662,75.0156648,735.942,0.058280298,191.22904,1.43,4.49,0.34,0.05256907,-0.002317294,-0.01171406,-0.1612008,0.2505113,-9.816612,-0.33569546,0.89349084,0.8336537,0.72337974,0,-1.588,-2.05,144.382
01:15.8,7,1.66,15.43028663,75.0156648,735.928,0.060620262,189.82541,1.43,4.49,0.34,0.046244565,-0.015254787,-0.013891465,-0.1919184,0.2673771,-9.771841,-0.322132,0.8516058,0.8006751,0.691526,0,-1.59,-2.05,144.38
01:15.8,7,1.66,15.43028664,75.0156648,735.914,0.062960226,188.42178,1.43,4.49,0.34,0.03992006,-0.02819228,-0.01606887,-0.222636,0.2842429,-9.72707,-0.34586806,0.81943138,0.77534678,0.65715292,0,-1.592,-2.052,144.38
01:15.8,7,1.66,15.43028665,75.0156648,735.9,0.06530019,187.01815,1.43,4.49,0.34,0.035010975,-0.03794603,-0.01336441,-0.21140475,0.2922445,-9.72445,-0.36960412,0.78725696,0.75001846,0.62277984,0,-1.594,-2.054,144.38
01:15.8,7,1.66,15.43028666,75.0156648,735.886,0.067640154,185.61452,1.43,4.49,0.34,0.03010189,-0.04769978,-0.01065995,-0.2001735,0.3002461,-9.72183,-0.39334018,0.75508254,0.72469014,0.58840676,0,-1.596,-2.056,144.38
01:15.9,7,1.66,15.43028667,75.0156648,735.872,0.069980118,184.21089,1.43,4.49,0.34,0.02684778,-0.05614804,-0.009315049,-0.1995767,0.2893376,-9.7076845,-0.41707624,0.72290812,0.69936182,0.55403368,0,-1.598,-2.058,144.38
01:15.9,7,1.66,15.43028668,75.0156648,735.858,0.072320082,182.80726,1.43,4.49,0.34,0.02359367,-0.0645963,-0.007970148,-0.1989799,0.2784291,-9.693539,-0.4408123,0.6907337,0.6740335,0.5196606,0,-1.6,-2.06,144.38
01:15.9,7,1.66,15.43028669,75.0156648,735.844,0.074660046,181.40363,1.43,4.49,0.34,0.017521355,-0.070177435,-0.008272133,-0.19379245,0.2822958,-9.6930275,-0.41820654,0.74139052,0.70589108,0.5556905,0,-1.6,-2.062,144.378
01:15.9,7,1.66,15.4302867,75.0156648,735.83,0.07700001,180,1.43,4.49,0.34,0.01144904,-0.07575857,-0.008574117,-0.188605,0.2861625,-9.692516,-0.39560078,0.79204734,0.73774866,0.5917204,0,-1.6,-2.064,144.376
01:15.9,7,1.66,15.43028669,75.0156648,735.82,0.071773872,178.59637,1.43,4.49,0.341,0.007842198,-0.08691477,-0.00246657,-0.12344298,0.2767067,-9.7367545,-0.37299502,0.84270416,0.76960624,0.6277503,0,-1.6,-2.066,144.374
01:16.0,7,1.66,15.43028668,75.0156648,735.81,0.066547734,177.19274,1.43,4.49,0.342,0.004235355,-0.09807097,0.003640977,-0.05828096,0.2672509,-9.780993,-0.35038926,0.89336098,0.80146382,0.6637802,0,-1.6,-2.068,144.372
01:16.0,7,1.66,15.43028667,75.0156648,735.8,0.061321596,175.78911,1.43,4.49,0.343,-0.001667745,-0.101107585,0.009061049,-0.11472883,0.2807024,-9.728351,-0.3277835,0.9440178,0.8333214,0.6998101,0,-1.6,-2.07,144.37
01:16.0,7,1.66,15.43028666,75.0156648,735.79,0.056095458,174.38548,1.43,4.49,0.344,-0.007570845,-0.1041442,0.01448112,-0.1711767,0.2941539,-9.675709,-0.3266532,0.99533444,0.84887724,0.74584448,0,-1.6,-2.07,144.37
01:16.0,7,1.66,15.43028665,75.0156648,735.78,0.05086932,172.98185,1.43,4.49,0.345,-0.011344973,-0.10778545,0.01513455,-0.16935905,0.27825245,-9.672444,-0.3255229,1.04665108,0.86443308,0.79187886,0,-1.6,-2.07,144.37
01:16.0,7,1.66,15.43028664,75.0156648,735.77,0.045643182,171.57822,1.43,4.49,0.346,-0.0151191,-0.1114267,0.01578798,-0.1675414,0.262351,-9.669179,-0.3243926,1.09796772,0.87998892,0.83791324,0,-1.6,-2.07,144.37
01:16.1,7,1.66,15.43028663,75.0156648,735.76,0.040417044,170.17459,1.43,4.49,0.347,-0.009944666,-0.11390435,0.01760292,-0.16574665,0.27403315,-9.6633865,-0.3232623,1.14928436,0.89554476,0.88394762,0,-1.6,-2.07,144.37
01:16.1,7,1.66,15.43028662,75.0156648,735.75,0.035190906,168.77096,1.43,4.49,0.348,-0.004770232,-0.116382,0.01941786,-0.1639519,0.2857153,-9.657594,-0.322132,1.200601,0.9111006,0.929982,0,-1.6,-2.07,144.37
01:16.1,7,1.66,15.43028661,75.0156648,735.74,0.029964768,167.36733,1.43,4.49,0.349,-0.009557101,-0.1109858,0.020034985,-0.16870425,0.27965825,-9.662112,-0.35604064,1.1891418,0.89379104,0.93990944,0,-1.602,-2.068,144.368
01:16.1,7,1.66,15.4302866,75.0156648,735.73,0.02473863,165.9637,1.43,4.49,0.35,-0.01434397,-0.1055896,0.02065211,-0.1734566,0.2736012,-9.66663,-0.38994928,1.1776826,0.87648148,0.94983688,0,-1.604,-2.066,144.366
01:16.1,7,1.66,15.43028661,75.0156648,735.722,0.025441243,155.54947,1.43,4.49,0.349,-0.010044164,-0.09329361,0.01565907,-0.120170195,0.2548485,-9.724574,-0.42385792,1.1662234,0.85917192,0.95976432,0,-1.606,-2.064,144.364
01:16.2,7,1.66,15.43028662,75.0156648,735.714,0.026143856,145.13524,1.43,4.49,0.348,-0.005744357,-0.08099762,0.01066603,-0.06688379,0.2360958,-9.782518,-0.45776656,1.1547642,0.84186236,0.96969176,0,-1.608,-2.062,144.362
01:16.2,7,1.66,15.43028663,75.0156648,735.706,0.026846469,134.72101,1.43,4.49,0.347,-0.009847069,-0.07991951,0.013811435,-0.133379445,0.25123695,-9.7313005,-0.4916752,1.143305,0.8245528,0.9796192,0,-1.61,-2.06,144.36
01:16.2,7,1.66,15.43028664,75.0156648,735.698,0.027549082,124.30678,1.43,4.49,0.346,-0.01394978,-0.0788414,0.01695684,-0.1998751,0.2663781,-9.680083,-0.45889686,1.08164696,0.8136503,0.93119958,0,-1.61,-2.056,144.358
01:16.2,7,1.66,15.43028665,75.0156648,735.69,0.028251695,113.89255,1.43,4.49,0.345,-0.017728955,-0.06406842,0.013778385,-0.2051368,0.26600645,-9.687574,-0.42611852,1.01998892,0.8027478,0.88277996,0,-1.61,-2.052,144.356
01:16.2,7,1.66,15.43028666,75.0156648,735.682,0.028954308,103.47832,1.43,4.49,0.344,-0.02150813,-0.04929544,0.01059993,-0.2103985,0.2656348,-9.695065,-0.39334018,0.95833088,0.7918453,0.83436034,0,-1.61,-2.048,144.354
01:16.3,7,1.66,15.43028667,75.0156648,735.674,0.029656921,93.06409,1.43,4.49,0.343,-0.02287428,-0.035558985,0.006412586,-0.21865165,0.2593029,-9.6959345,-0.36056184,0.89667284,0.7809428,0.78594072,0,-1.61,-2.044,144.352
01:16.3,7,1.66,15.43028668,75.0156648,735.666,0.030359534,82.64986,1.43,4.49,0.342,-0.02424043,-0.02182253,0.002225241,-0.2269048,0.252971,-9.696804,-0.3277835,0.8350148,0.7700403,0.7375211,0,-1.61,-2.04,144.35
01:16.3,7,1.66,15.43028669,75.0156648,735.658,0.031062147,72.23563,1.43,4.49,0.341,-0.02392024,-0.007735656,-0.001879794,-0.23992565,0.25059455,-9.71484,-0.3176109,0.81077328,0.75709838,0.69914966,0,-1.612,-2.038,144.348
01:16.3,7,1.66,15.4302867,75.0156648,735.65,0.03176476,61.8214,1.43,4.49,0.34,-0.02360005,0.006351218,-0.00598483,-0.2529465,0.2482181,-9.732876,-0.3074383,0.78653176,0.74415646,0.66077822,0,-1.614,-2.036,144.346
01:16.3,7,1.66,15.4302867,75.01566481,735.646,0.035797306,71.26722,1.43,4.49,0.341,-0.028727045,0.022013144,-0.006684557,-0.2089819,0.2131133,-9.7750545,-0.2972657,0.76229024,0.73121454,0.62240678,0,-1.616,-2.034,144.344
01:16.4,7,1.66,15.4302867,75.01566482,735.642,0.039829852,80.71304,1.43,4.49,0.342,-0.03385404,0.03767507,-0.007384283,-0.1650173,0.1780085,-9.817233,-0.2870931,0.73804872,0.71827262,0.58403534,0,-1.618,-2.032,144.342
01:16.4,7,1.66,15.4302867,75.01566483,735.638,0.043862398,90.15886,1.43,4.49,0.343,-0.03169399,0.04227036,-0.010975947,-0.22356575,0.2094631,-9.782088,-0.2769205,0.7138072,0.7053307,0.5456639,0,-1.62,-2.03,144.34
01:16.4,7,1.66,15.4302867,75.01566484,735.634,0.047894944,99.60468,1.43,4.49,0.344,-0.02953394,0.04686565,-0.01456761,-0.2821142,0.2409177,-9.746943,-0.30969886,0.78795896,0.7342588,0.59397818,0,-1.622,-2.026,144.34
01:16.4,7,1.66,15.4302867,75.01566485,735.63,0.05192749,109.0505,1.43,4.49,0.345,-0.035399545,0.05248791,-0.01439431,-0.28123465,0.23404085,-9.7553905,-0.34247722,0.86211072,0.7631869,0.64229246,0,-1.624,-2.022,144.34
01:16.4,7,1.66,15.4302867,75.01566486,735.626,0.055960036,118.49632,1.43,4.49,0.346,-0.04126515,0.05811017,-0.01422101,-0.2803551,0.227164,-9.763838,-0.37525558,0.93626248,0.792115,0.69060674,0,-1.626,-2.018,144.34
01:16.5,7,1.66,15.4302867,75.01566487,735.622,0.059992582,127.94214,1.43,4.49,0.347,-0.045919395,0.05424584,-0.012101402,-0.28376815,0.22925145,-9.752425,-0.40803394,1.01041424,0.8210431,0.73892102,0,-1.628,-2.014,144.34
01:16.5,7,1.66,15.4302867,75.01566488,735.618,0.064025128,137.38796,1.43,4.49,0.348,-0.05057364,0.05038151,-0.009981793,-0.2871812,0.2313389,-9.741012,-0.4408123,1.084566,0.8499712,0.7872353,0,-1.63,-2.01,144.34
01:16.5,7,1.66,15.4302867,75.01566489,735.614,0.068057674,146.83378,1.43,4.49,0.349,-0.047375405,0.04568217,-0.007354174,-0.2838522,0.2357021,-9.741162,-0.45211516,1.1072382,0.83276446,0.83346964,0,-1.632,-2.012,144.34
01:16.5,7,1.66,15.4302867,75.0156649,735.61,0.07209022,156.2796,1.43,4.49,0.35,-0.04417717,0.04098283,-0.004726556,-0.2805232,0.2400653,-9.741312,-0.46341802,1.1299104,0.81555772,0.87970398,0,-1.634,-2.014,144.34
01:16.5,7,1.66,15.43028671,75.0156649,735.599,0.071276509,152.34821,1.431,4.49,0.351,-0.04308032,0.03528971,-0.005243415,-0.186028875,0.20690415,-9.775964,-0.47472088,1.1525826,0.79835098,0.92593832,0,-1.636,-2.016,144.34
01:16.6,7,1.66,15.43028672,75.0156649,735.588,0.070462798,148.41682,1.432,4.49,0.352,-0.04198347,0.02959659,-0.005760273,-0.09153455,0.173743,-9.810616,-0.48602374,1.1752548,0.78114424,0.97217266,0,-1.638,-2.018,144.34
01:16.6,7,1.66,15.43028673,75.0156649,735.577,0.069649087,144.48543,1.433,4.49,0.353,-0.04708535,0.015319188,-0.001698812,-0.167596975,0.21132335,-9.767322,-0.4973266,1.197927,0.7639375,1.018407,0,-1.64,-2.02,144.34
01:16.6,7,1.66,15.43028674,75.0156649,735.566,0.068835376,140.55404,1.434,4.49,0.354,-0.05218723,0.001041787,0.002362648,-0.2436594,0.2489037,-9.724028,-0.4894146,1.2974412,0.8048008,1.169445,0,-1.636,-2.012,144.338
01:16.6,7,1.66,15.43028675,75.0156649,735.555,0.068021665,136.62265,1.435,4.49,0.355,-0.060393255,-0.066820556,0.013760069,-0.20821295,0.2504946,-9.681818,-0.4815026,1.3969554,0.8456641,1.320483,0,-1.632,-2.004,144.336
01:16.6,7,1.66,15.43028676,75.0156649,735.544,0.067207954,132.69126,1.436,4.49,0.356,-0.06859928,-0.1346829,0.02515749,-0.1727665,0.2520855,-9.639608,-0.4735906,1.4964696,0.8865274,1.471521,0,-1.628,-1.996,144.334
01:16.7,7,1.66,15.43028677,75.0156649,735.533,0.066394243,128.75987,1.437,4.49,0.357,0.00719493,-0.064528475,0.015121699,-0.2138755,0.28682665,-9.695447,-0.4656786,1.5959838,0.9273907,1.622559,0,-1.624,-1.988,144.332
01:16.7,7,1.66,15.43028678,75.0156649,735.522,0.065580532,124.82848,1.438,4.49,0.358,0.08298914,0.00562595,0.005085907,-0.2549845,0.3215678,-9.751286,-0.4577666,1.695498,0.968254,1.773597,0,-1.62,-1.98,144.33
01:16.7,7,1.66,15.43028679,75.0156649,735.511,0.064766821,120.89709,1.439,4.49,0.359,-0.01057968,-0.078500925,0.009775369,-0.21258305,0.26608215,-9.706609,-0.42837912,2.0497206,2.4935894,2.4022672,0,-1.626,-1.978,144.32
01:16.7,7,1.66,15.4302868,75.0156649,735.5,0.06395311,116.9657,1.44,4.49,0.36,-0.1041485,-0.1626278,0.01446483,-0.1701816,0.2105965,-9.661932,-0.39899164,2.4039432,4.0189248,3.0309374,0,-1.632,-1.976,144.31
01:16.7,7,1.66,15.4302868,75.01566489,735.489,0.070486059,125.78688,1.44,4.49,0.355,-0.25236605,-0.0293848,-0.094241185,-0.083652564,0.1773306,-9.6440575,-0.36960416,2.7581658,5.5442602,3.6596076,0,-1.638,-1.974,144.3
01:16.8,7,1.66,15.4302868,75.01566488,735.478,0.077019008,134.60806,1.44,4.49,0.35,-0.4005836,0.1038582,-0.2029472,0.002876472,0.1440647,-9.626183,-0.34021668,3.1123884,7.0695956,4.2882778,0,-1.644,-1.972,144.29
01:16.8,7,1.66,15.4302868,75.01566487,735.467,0.083551957,143.42924,1.44,4.49,0.345,-0.2621131,-0.06857075,-0.115313905,-0.077410564,0.2923636,-9.541535,-0.3108292,3.466611,8.594931,4.916948,0,-1.65,-1.97,144.28
01:16.8,7,1.66,15.4302868,75.01566486,735.456,0.090084906,152.25042,1.44,4.49,0.34,-0.1236426,-0.2409997,-0.02768061,-0.1576976,0.4406625,-9.456887,-0.31535034,3.7479972,9.3510208,5.882799,0,-1.638,-1.976,144.298
01:16.8,7,1.66,15.4302868,75.01566485,735.445,0.096617855,161.0716,1.44,4.49,0.335,-0.0096286,-0.0055632,0.042203995,-0.2550182,0.30721385,-9.714654,-0.31987148,4.0293834,10.1071106,6.84865,0,-1.626,-1.982,144.316
01:16.8,7,1.66,15.4302868,75.01566484,735.434,0.103150804,169.89278,1.44,4.49,0.33,0.1043854,0.2298733,0.1120886,-0.3523388,0.1737652,-9.972421,-0.32439262,4.3107696,10.8632004,7.814501,0,-1.614,-1.988,144.334
01:16.9,7,1.66,15.4302868,75.01566483,735.423,0.109683753,178.71396,1.44,4.49,0.325,-0.02255015,0.0498352,-0.00460245,-0.2548312,0.25841505,-9.7706765,-0.32891376,4.5921558,11.6192902,8.780352,0,-1.602,-1.994,144.352
01:16.9,7,1.66,15.4302868,75.01566482,735.412,0.116216702,187.53514,1.44,4.49,0.32,-0.1494857,-0.1302029,-0.1212935,-0.1573236,0.3430649,-9.568932,-0.3334349,4.873542,12.37538,9.746203,0,-1.59,-2,144.37
01:16.9,7,1.66,15.4302868,75.01566481,735.401,0.122749651,196.35632,1.44,4.49,0.315,-0.03109757,0.02620085,-0.040734445,-0.26123395,0.2305969,-9.72842,-0.31874116,4.8064434,12.053986,9.7079278,0,-1.596,-1.994,144.362
01:16.9,7,1.66,15.4302868,75.0156648,735.39,0.1292826,205.1775,1.44,4.49,0.31,0.08729056,0.1826046,0.03982461,-0.3651443,0.1181289,-9.887908,-0.30404742,4.7393448,11.732592,9.6696526,0,-1.602,-1.988,144.354
01:16.9,7,1.66,15.4302868,75.01566479,735.376,0.121041557,210.55273,1.44,4.49,0.312,0.10890613,0.04078545,0.099311155,-0.24806485,0.20686445,-9.8721085,-0.28935368,4.6722462,11.411198,9.6313774,0,-1.608,-1.982,144.346
01:17.0,7,1.66,15.4302868,75.01566478,735.362,0.112800514,215.92796,1.44,4.49,0.314,0.1305217,-0.1010337,0.1587977,-0.1309854,0.2956,-9.856309,-0.27465994,4.6051476,11.089804,9.5931022,0,-1.614,-1.976,144.338
01:17.0,7,1.66,15.4302868,75.01566477,735.348,0.104559471,221.30319,1.44,4.49,0.316,-0.01680785,-0.08031652,0.038833635,-0.18098175,0.3145554,-9.7460315,-0.2599662,4.538049,10.76841,9.554827,0,-1.62,-1.97,144.33
01:17.0,7,1.66,15.4302868,75.01566476,735.334,0.096318428,226.67842,1.44,4.49,0.318,-0.1641374,-0.05959934,-0.08113043,-0.2309781,0.3335108,-9.635754,-0.28483252,4.2895054,10.5813994,9.0178792,0,-1.628,-1.97,144.324
01:17.0,7,1.66,15.4302868,75.01566475,735.32,0.088077385,232.05365,1.44,4.49,0.32,-0.06453,-0.039030795,-0.051942595,-0.24843835,0.2430167,-9.666787,-0.30969884,4.0409618,10.3943888,8.4809314,0,-1.636,-1.97,144.318
01:17.0,7,1.66,15.4302868,75.01566474,735.306,0.079836342,237.42888,1.44,4.49,0.322,0.0350774,-0.01846225,-0.02275476,-0.2658986,0.1525226,-9.69782,-0.33456516,3.7924182,10.2073782,7.9439836,0,-1.644,-1.97,144.312
01:17.1,7,1.66,15.4302868,75.01566473,735.292,0.071595299,242.80411,1.44,4.49,0.324,0.10236535,-0.003803065,0.06547087,-0.26604715,0.26484465,-9.767384,-0.35943148,3.5438746,10.0203676,7.4070358,0,-1.652,-1.97,144.306
01:17.1,7,1.66,15.4302868,75.01566472,735.278,0.063354256,248.17934,1.44,4.49,0.326,0.1696533,0.01085612,0.1536965,-0.2661957,0.3771667,-9.836948,-0.3842978,3.295331,9.833357,6.870088,0,-1.66,-1.97,144.3
01:17.1,7,1.66,15.4302868,75.01566471,735.264,0.055113213,253.55457,1.44,4.49,0.328,0.01561065,-0.008896035,0.035266555,-0.24553425,0.34784115,-9.758416,-0.330044,3.3450604,9.3125148,6.7196998,0,-1.668,-1.974,144.294
01:17.1,7,1.66,15.4302868,75.0156647,735.25,0.04687217,258.9298,1.44,4.49,0.33,-0.138432,-0.02864819,-0.08316339,-0.2248728,0.3185156,-9.679884,-0.2757902,3.3947898,8.7916726,6.5693116,0,-1.676,-1.978,144.288
01:17.1,7,1.66,15.43028681,75.01566469,735.246,0.045696363,258.03851,1.44,4.49,0.332,-0.096392525,0.02819033,-0.065523415,-0.140883825,0.2826148,-9.70127,-0.2215364,3.4445192,8.2708304,6.4189234,0,-1.684,-1.982,144.282
01:17.2,7,1.66,15.43028682,75.01566468,735.242,0.044520556,257.14722,1.44,4.49,0.334,-0.05435305,0.08502885,-0.04788344,-0.05689485,0.246714,-9.722656,-0.1672826,3.4942486,7.7499882,6.2685352,0,-1.692,-1.986,144.276
01:17.2,7,1.66,15.43028683,75.01566467,735.238,0.043344749,256.25593,1.44,4.49,0.336,0.058754725,0.045812484,0.05118443,-0.082534325,0.2660119,-9.802231,-0.1130288,3.543978,7.229146,6.118147,0,-1.7,-1.99,144.27
01:17.2,7,1.66,15.43028684,75.01566466,735.234,0.042168942,255.36464,1.44,4.49,0.338,0.1718625,0.006596117,0.1502523,-0.1081738,0.2853098,-9.881806,-0.1311134,3.5156766,7.6751796,6.145249,0,-1.69,-1.988,144.274
01:17.2,7,1.66,15.43028685,75.01566465,735.23,0.040993135,254.47335,1.44,4.49,0.34,0.044471095,-0.029863562,0.0056927,-0.1832992,0.3065688,-9.750183,-0.149198,3.4873752,8.1212132,6.172351,0,-1.68,-1.986,144.278
01:17.2,7,1.66,15.43028686,75.01566464,735.226,0.039817328,253.58206,1.44,4.49,0.342,-0.08292031,-0.06632324,-0.1388669,-0.2584246,0.3278278,-9.61856,-0.1672826,3.4590738,8.5672468,6.199453,0,-1.67,-1.984,144.282
01:17.3,7,1.66,15.43028687,75.01566463,735.222,0.038641521,252.69077,1.44,4.49,0.344,-0.040424945,-0.049636795,-0.09826292,-0.2294188,0.25653145,-9.62287,-0.1853672,3.4307724,9.0132804,6.226555,0,-1.66,-1.982,144.286
01:17.3,7,1.66,15.43028688,75.01566462,735.218,0.037465714,251.79948,1.44,4.49,0.346,0.002070421,-0.03295035,-0.05765894,-0.200413,0.1852351,-9.62718,-0.2034518,3.402471,9.459314,6.253657,0,-1.65,-1.98,144.29
01:17.3,7,1.66,15.43028689,75.01566461,735.214,0.036289907,250.90819,1.44,4.49,0.348,0.068768411,0.036479125,0.03679348,-0.2573498,0.24379875,-9.7603935,-0.2124941,3.494906,9.2104236,6.2324518,0,-1.646,-1.98,144.3
01:17.3,7,1.66,15.4302869,75.0156646,735.21,0.0351141,250.0169,1.44,4.49,0.35,0.1354664,0.1059086,0.1312459,-0.3142866,0.3023624,-9.893607,-0.2215364,3.587341,8.9615332,6.2112466,0,-1.642,-1.98,144.31
01:17.3,7,1.66,15.43028693,75.01566458,735.19,0.032806849,242.53884,1.44,4.491,0.351,0.041610025,0.02263109,0.01558735,-0.22671475,0.31691565,-9.7690835,-0.2305787,3.679776,8.7126428,6.1900414,0,-1.638,-1.98,144.32
01:17.4,7,1.66,15.43028696,75.01566456,735.17,0.030499598,235.06078,1.44,4.492,0.352,-0.05224635,-0.06064642,-0.1000712,-0.1391429,0.3314689,-9.64456,-0.239621,3.772211,8.4637524,6.1688362,0,-1.634,-1.98,144.33
01:17.4,7,1.66,15.43028699,75.01566454,735.15,0.028192347,227.58272,1.44,4.493,0.353,-0.057065865,-0.029631618,-0.09058897,-0.1937379,0.2916229,-9.67787,-0.2486633,3.864646,8.214862,6.147631,0,-1.63,-1.98,144.34
01:17.4,7,1.66,15.43028702,75.01566452,735.13,0.025885096,220.10466,1.44,4.494,0.354,-0.06188538,0.001383185,-0.08110674,-0.2483329,0.2517769,-9.71118,-0.23283928,3.8512094,8.3867506,6.0832126,0,-1.626,-1.97,144.338
01:17.4,7,1.66,15.43028705,75.0156645,735.11,0.023577845,212.6266,1.44,4.495,0.355,0.010957485,0.071975392,-0.00907816,-0.142844305,0.156802395,-9.810176,-0.21701526,3.8377728,8.5586392,6.0187942,0,-1.622,-1.96,144.336
01:17.4,7,1.66,15.43028708,75.01566448,735.09,0.021270594,205.14854,1.44,4.496,0.356,0.08380035,0.1425676,0.06295042,-0.03735571,0.06182789,-9.909172,-0.20119124,3.8243362,8.7305278,5.9543758,0,-1.618,-1.95,144.334
01:17.5,7,1.66,15.43028711,75.01566446,735.07,0.018963343,197.67048,1.44,4.497,0.357,0.04816236,0.01697835,0.031197174,-0.119253605,0.245841145,-9.7897065,-0.18536722,3.8108996,8.9024164,5.8899574,0,-1.614,-1.94,144.332
01:17.5,7,1.66,15.43028714,75.01566444,735.05,0.016656092,190.19242,1.44,4.498,0.358,0.01252437,-0.1086109,-0.000556072,-0.2011515,0.4298544,-9.670241,-0.1695432,3.797463,9.074305,5.825539,0,-1.61,-1.93,144.33
01:17.5,7,1.66,15.43028717,75.01566442,735.03,0.014348841,182.71436,1.44,4.499,0.359,-0.01600031,-0.041072155,-0.062883986,-0.19593125,0.3071583,-9.7033835,-0.20232154,3.7371376,9.1701658,5.7568688,0,-1.62,-1.932,144.318
01:17.5,7,1.66,15.4302872,75.0156644,735.01,0.01204159,175.2363,1.44,4.5,0.36,-0.04452499,0.02646659,-0.1252119,-0.190711,0.1844622,-9.736526,-0.23509988,3.6768122,9.2660266,5.6881986,0,-1.63,-1.934,144.306
01:17.5,7,1.66,15.4302872,75.01566439,735.003,0.01626053,176.24168,1.44,4.5,0.357,-0.017256595,0.013822965,-0.061751389,-0.2290783,0.16765065,-9.7576405,-0.26787822,3.6164868,9.3618874,5.6195284,0,-1.64,-1.936,144.294
01:17.6,7,1.66,15.4302872,75.01566438,734.996,0.02047947,177.24706,1.44,4.5,0.354,0.0100118,0.001179339,0.001709121,-0.2674456,0.1508391,-9.778755,-0.30065656,3.5561614,9.4577482,5.5508582,0,-1.65,-1.938,144.282
01:17.6,7,1.66,15.4302872,75.01566437,734.989,0.02469841,178.25244,1.44,4.5,0.351,0.0888117,-0.015779981,0.047470756,-0.2632188,0.25438655,-9.7498665,-0.3334349,3.495836,9.553609,5.482188,0,-1.66,-1.94,144.27
01:17.6,7,1.66,15.4302872,75.01566436,734.982,0.02891735,179.25782,1.44,4.5,0.348,0.1676116,-0.0327393,0.09323239,-0.258992,0.357934,-9.720978,-0.32665318,3.4810934,9.2762362,5.3035696,0,-1.65,-1.934,144.276
01:17.6,7,1.66,15.4302872,75.01566435,734.975,0.03313629,180.2632,1.44,4.5,0.345,0.01686745,-0.02609051,0.01231172,-0.17090887,0.34741075,-9.7242415,-0.31987146,3.4663508,8.9988634,5.1249512,0,-1.64,-1.928,144.282
01:17.6,7,1.66,15.4302872,75.01566434,734.968,0.03735523,181.26858,1.44,4.5,0.342,-0.1338767,-0.01944172,-0.06860895,-0.08282574,0.3368875,-9.727505,-0.31308974,3.4516082,8.7214906,4.9463328,0,-1.63,-1.922,144.288
01:17.7,7,1.66,15.4302872,75.01566433,734.961,0.04157417,182.27396,1.44,4.5,0.339,-0.05009182,-0.010092548,-0.068070445,-0.10752327,0.32370635,-9.765408,-0.30630802,3.4368656,8.4441178,4.7677144,0,-1.62,-1.916,144.294
01:17.7,7,1.66,15.4302872,75.01566432,734.954,0.04579311,183.27934,1.44,4.5,0.336,0.03369306,-0.000743376,-0.06753194,-0.1322208,0.3105252,-9.803311,-0.2995263,3.422123,8.166745,4.589096,0,-1.61,-1.91,144.3
01:17.7,7,1.66,15.4302872,75.01566431,734.947,0.05001205,184.28472,1.44,4.5,0.333,-0.02426297,0.005556667,-0.033360319,-0.21382585,0.26656995,-9.766098,-0.26561766,3.3847406,8.2061812,4.5360134,0,-1.61,-1.91,144.296
01:17.7,7,1.66,15.4302872,75.0156643,734.94,0.05423099,185.2901,1.44,4.5,0.33,-0.082219,0.01185671,0.000811303,-0.2954309,0.2226147,-9.728885,-0.23170902,3.3473582,8.2456174,4.4829308,0,-1.61,-1.91,144.292
01:17.7,7,1.66,15.4302872,75.0156643,734.935,0.052032794,187.73558,1.44,4.5,0.329,-0.014082465,-0.017361395,0.035708526,-0.29736305,0.1867253,-9.7005895,-0.19780038,3.3099758,8.2850536,4.4298482,0,-1.61,-1.91,144.288
01:17.8,7,1.66,15.4302872,75.0156643,734.93,0.049834598,190.18106,1.44,4.5,0.328,0.05405407,-0.0465795,0.07060575,-0.2992952,0.1508359,-9.672294,-0.16389174,3.2725934,8.3244898,4.3767656,0,-1.61,-1.91,144.284
01:17.8,7,1.66,15.4302872,75.0156643,734.925,0.047636402,192.62654,1.44,4.5,0.327,0.027633643,-0.023495699,0.086532975,-0.275523,0.23163525,-9.738956,-0.1299831,3.235211,8.363926,4.323683,0,-1.61,-1.91,144.28
01:17.8,7,1.66,15.4302872,75.0156643,734.92,0.045438206,195.07202,1.44,4.5,0.326,0.001213215,-0.000411898,0.1024602,-0.2517508,0.3124346,-9.805618,-0.149198,3.2450724,8.471697,4.291,0,-1.618,-1.908,144.284
01:17.8,7,1.66,15.4302872,75.0156643,734.915,0.04324001,197.5175,1.44,4.5,0.325,0.050708208,-0.006075034,0.071972595,-0.172647355,0.2947616,-9.785252,-0.1684129,3.2549338,8.579468,4.258317,0,-1.626,-1.906,144.288
01:17.8,7,1.66,15.4302872,75.0156643,734.91,0.041041814,199.96298,1.44,4.5,0.324,0.1002032,-0.01173817,0.04148499,-0.09354391,0.2770886,-9.764886,-0.1876278,3.2647952,8.687239,4.225634,0,-1.634,-1.904,144.292
01:17.9,7,1.66,15.4302872,75.0156643,734.905,0.038843618,202.40846,1.44,4.5,0.323,0.04475557,-0.015935465,0.023037787,-0.180746655,0.34604605,-9.7433655,-0.2068427,3.2746566,8.79501,4.192951,0,-1.642,-1.902,144.296
01:17.9,7,1.66,15.4302872,75.0156643,734.9,0.036645422,204.85394,1.44,4.5,0.322,-0.01069206,-0.02013276,0.004590584,-0.2679494,0.4150035,-9.721845,-0.2260576,3.284518,8.902781,4.160268,0,-1.65,-1.9,144.3
01:17.9,7,1.66,15.4302872,75.0156643,734.895,0.034447226,207.29942,1.44,4.5,0.321,0.01933477,-0.013981582,-0.045061468,-0.2451448,0.3555569,-9.6924995,-0.21475472,3.2559048,8.7093434,4.1170144,0,-1.652,-1.894,144.3
01:17.9,7,1.66,15.4302872,75.0156643,734.89,0.03224903,209.7449,1.44,4.5,0.32,0.0493616,-0.007830404,-0.09471352,-0.2223402,0.2961103,-9.663154,-0.20345184,3.2272916,8.5159058,4.0737608,0,-1.654,-1.888,144.3
01:17.9,7,1.66,15.4302872,75.01566428,734.882,0.033266768,211.27041,1.44,4.501,0.323,0.0828149,-0.008631727,-0.036891025,-0.25703435,0.3565678,-9.703286,-0.19214896,3.1986784,8.3224682,4.0305072,0,-1.656,-1.882,144.3
01:18.0,7,1.66,15.4302872,75.01566426,734.874,0.034284506,212.79592,1.44,4.502,0.326,0.1162682,-0.009433051,0.02093147,-0.2917285,0.4170253,-9.743418,-0.18084608,3.1700652,8.1290306,3.9872536,0,-1.658,-1.876,144.3
01:18.0,7,1.66,15.4302872,75.01566424,734.866,0.035302244,214.32143,1.44,4.503,0.329,0.030285145,-0.01332485,-0.055929015,-0.137993085,0.3781358,-9.7701115,-0.1695432,3.141452,7.935593,3.944,0,-1.66,-1.87,144.3
01:18.0,7,1.66,15.4302872,75.01566422,734.858,0.036319982,215.84694,1.44,4.504,0.332,-0.05569791,-0.01721665,-0.1327895,0.01574233,0.3392463,-9.796805,-0.17971578,3.109942,8.0120696,3.9702028,0,-1.662,-1.872,144.302
01:18.0,7,1.66,15.4302872,75.0156642,734.85,0.03733772,217.37245,1.44,4.505,0.335,-0.01864348,-0.00318361,-0.090098795,-0.02438603,0.31288155,-9.8062305,-0.18988836,3.078432,8.0885462,3.9964056,0,-1.664,-1.874,144.304
01:18.0,7,1.66,15.4302872,75.01566418,734.842,0.038355458,218.89796,1.44,4.506,0.338,0.01841095,0.01084943,-0.04740809,-0.06451439,0.2865168,-9.815656,-0.20006094,3.046922,8.1650228,4.0226084,0,-1.666,-1.876,144.306
01:18.1,7,1.66,15.4302872,75.01566416,734.834,0.039373196,220.42347,1.44,4.507,0.341,-0.02025733,-0.005604345,-0.03430823,-0.178452395,0.36493695,-9.75537,-0.21023352,3.015412,8.2414994,4.0488112,0,-1.668,-1.878,144.308
01:18.1,7,1.66,15.4302872,75.01566414,734.826,0.040390934,221.94898,1.44,4.508,0.344,-0.05892561,-0.02205812,-0.02120837,-0.2923904,0.4433571,-9.695084,-0.2204061,2.983902,8.317976,4.075014,0,-1.67,-1.88,144.31
01:18.1,7,1.66,15.4302872,75.01566412,734.818,0.041408672,223.47449,1.44,4.509,0.347,0.012385335,0.00593677,0.020210735,-0.2298486,0.34856555,-9.7373125,-0.171803728,2.9505584,8.4072928,4.2847986,0,-1.68,-1.88,144.326
01:18.1,7,1.66,15.4302872,75.0156641,734.81,0.04242641,225,1.44,4.51,0.35,0.08369628,0.03393166,0.06162984,-0.1673068,0.253774,-9.779541,-0.123201356,2.9172148,8.4966096,4.4945832,0,-1.69,-1.88,144.342
01:18.1,7,1.66,15.4302872,75.0156641,734.804,0.043416359,217.89246,1.441,4.51,0.352,-0.01933036,-0.03906227,0.04172309,-0.17795945,0.3231035,-9.6097215,-0.074598984,2.8838712,8.5859264,4.7043678,0,-1.7,-1.88,144.358
01:18.2,7,1.66,15.4302872,75.0156641,734.798,0.044406308,210.78492,1.442,4.51,0.354,-0.122357,-0.1120562,0.02181634,-0.1886121,0.392433,-9.439902,-0.025996612,2.8505276,8.6752432,4.9141524,0,-1.71,-1.88,144.374
01:18.2,7,1.66,15.4302872,75.0156641,734.792,0.045396257,203.67738,1.443,4.51,0.356,-0.013953875,-0.07292779,0.047826775,-0.2163329,0.31808755,-9.611837,0.02260576,2.817184,8.76456,5.123937,0,-1.72,-1.88,144.39
01:18.2,7,1.66,15.4302872,75.0156641,734.786,0.046386206,196.56984,1.444,4.51,0.358,0.09444925,-0.03379938,0.07383721,-0.2440537,0.2437421,-9.783772,-0.020345172,2.7674804,8.8492128,5.1194824,0,-1.706,-1.876,144.408
01:18.2,7,1.66,15.4302872,75.0156641,734.78,0.047376155,189.4623,1.445,4.51,0.36,0.056390635,-0.016380582,0.037623876,-0.122969841,0.300897,-9.7027475,-0.063296104,2.7177768,8.9338656,5.1150278,0,-1.692,-1.872,144.426
01:18.2,7,1.66,15.4302872,75.0156641,734.774,0.048366104,182.35476,1.446,4.51,0.362,0.01833202,0.001038216,0.001410542,-0.001885982,0.3580519,-9.621723,-0.106247036,2.6680732,9.0185184,5.1105732,0,-1.678,-1.868,144.444
01:18.3,7,1.66,15.4302872,75.0156641,734.768,0.049356053,175.24722,1.447,4.51,0.364,0.00290067,-0.025119377,0.026294366,-0.135022191,0.25475745,-9.734862,-0.149197968,2.6183696,9.1031712,5.1061186,0,-1.664,-1.864,144.462
01:18.3,7,1.66,15.4302872,75.0156641,734.762,0.050346002,168.13968,1.448,4.51,0.366,-0.01253068,-0.05127697,0.05117819,-0.2681584,0.151463,-9.848001,-0.1921489,2.568666,9.187824,5.101664,0,-1.65,-1.86,144.48
01:18.3,7,1.66,15.4302872,75.0156641,734.756,0.051335951,161.03214,1.449,4.51,0.368,0.015958975,-0.01117377,0.036371985,-0.2171477,0.36428825,-9.6133795,-0.17632488,2.4921828,9.1538902,4.952958,0,-1.644,-1.874,144.46
01:18.3,7,1.66,15.4302872,75.0156641,734.75,0.0523259,153.9246,1.45,4.51,0.37,0.04444863,0.02892943,0.02156578,-0.166137,0.5771135,-9.378758,-0.16050086,2.4156996,9.1199564,4.804252,0,-1.638,-1.888,144.44
01:18.3,7,1.66,15.43028721,75.0156641,734.734,0.049844673,158.44149,1.45,4.51,0.369,0.04251459,-0.01083848,-0.020072115,-0.2011652,0.28727748,-9.768244,-0.14467684,2.3392164,9.0860226,4.655546,0,-1.632,-1.902,144.42
01:18.4,7,1.66,15.43028722,75.0156641,734.718,0.047363446,162.95838,1.45,4.51,0.368,0.04058055,-0.05060639,-0.06171001,-0.2361934,-0.002558539,-10.15773,-0.12885282,2.2627332,9.0520888,4.50684,0,-1.626,-1.916,144.4
01:18.4,7,1.66,15.43028723,75.0156641,734.702,0.044882219,167.47527,1.45,4.51,0.367,-0.038207025,-0.0498463,-0.035318012,-0.214056,0.195106881,-9.798001,-0.1130288,2.18625,9.018155,4.358134,0,-1.62,-1.93,144.38
01:18.4,7,1.66,15.43028724,75.0156641,734.686,0.042400992,171.99216,1.45,4.51,0.366,-0.1169946,-0.04908621,-0.008926014,-0.1919186,0.3927723,-9.438272,-0.06499156,2.169514,8.9203928,4.3427944,0,-1.612,-1.932,144.358
01:18.4,7,1.66,15.43028725,75.0156641,734.67,0.039919765,176.50905,1.45,4.51,0.365,-0.02589219,-0.055657335,-0.003534477,-0.116799155,0.2923992,-9.735116,-0.01695432,2.152778,8.8226306,4.3274548,0,-1.604,-1.934,144.336
01:18.4,7,1.66,15.43028726,75.0156641,734.654,0.037438538,181.02594,1.45,4.51,0.364,0.06521022,-0.06222846,0.00185706,-0.04167971,0.1920261,-10.03196,0.03108292,2.136042,8.7248684,4.3121152,0,-1.596,-1.936,144.314
01:18.5,7,1.66,15.43028727,75.0156641,734.638,0.034957311,185.54283,1.45,4.51,0.363,0.0393148,-0.037588825,-0.015112055,-0.110333455,0.2516332,-9.7669515,0.07912016,2.119306,8.6271062,4.2967756,0,-1.588,-1.938,144.292
01:18.5,7,1.66,15.43028728,75.0156641,734.622,0.032476084,190.05972,1.45,4.51,0.362,0.01341938,-0.01294919,-0.03208117,-0.1789872,0.3112403,-9.501943,0.1271574,2.10257,8.529344,4.281436,0,-1.58,-1.94,144.27
01:18.5,7,1.66,15.43028729,75.0156641,734.606,0.029994857,194.57661,1.45,4.51,0.361,-0.07538561,-0.04008366,-0.00582928,-0.2221361,0.28779985,-9.6419975,0.113593942,2.0764306,8.5363252,4.3030326,0,-1.6,-1.93,144.258
01:18.5,7,1.66,15.4302873,75.0156641,734.59,0.02751363,199.0935,1.45,4.51,0.36,-0.1641906,-0.06721813,0.02042261,-0.265285,0.2643594,-9.782052,0.100030484,2.0502912,8.5433064,4.3246292,0,-1.62,-1.92,144.246
01:18.5,7,1.66,15.43028731,75.0156641,734.583,0.033724968,182.730486,1.45,4.51,0.347,0.02543805,-0.0423911,-0.00598449,-0.32531825,0.27940225,-9.742016,0.086467026,2.0241518,8.5502876,4.3462258,0,-1.64,-1.91,144.234
01:18.6,7,1.66,15.43028732,75.0156641,734.576,0.039936306,166.367472,1.45,4.51,0.334,0.2150667,-0.01756407,-0.03239159,-0.3853515,0.2944451,-9.70198,0.072903568,1.9980124,8.5572688,4.3678224,0,-1.66,-1.9,144.222
01:18.6,7,1.66,15.43028733,75.0156641,734.569,0.046147644,150.004458,1.45,4.51,0.321,0.05085755,-0.043796215,-0.03733927,-0.17773163,0.2817106,-9.7055145,0.05934011,1.971873,8.56425,4.389419,0,-1.68,-1.89,144.21
01:18.6,7,1.66,15.43028734,75.0156641,734.562,0.052358982,133.641444,1.45,4.51,0.308,-0.1133516,-0.07002836,-0.04228695,0.02988824,0.2689761,-9.709049,0.032778346,1.9882966,8.6567812,4.3283522,0,-1.676,-1.878,144.176
01:18.6,7,1.66,15.43028735,75.0156641,734.555,0.05857032,117.27843,1.45,4.51,0.295,-0.03491833,-0.013871725,-0.02644648,-0.05765503,0.25011895,-9.766946,0.006216582,2.0047202,8.7493124,4.2672854,0,-1.672,-1.866,144.142
01:18.6,7,1.66,15.43028736,75.0156641,734.548,0.064781658,100.915416,1.45,4.51,0.282,0.04351494,0.04228491,-0.01060601,-0.1451983,0.2312618,-9.824843,-0.020345182,2.0211438,8.8418436,4.2062186,0,-1.668,-1.854,144.108
01:18.7,7,1.66,15.43028737,75.0156641,734.541,0.070992996,84.552402,1.45,4.51,0.269,-0.04678503,-0.01297963,-0.02299252,-0.14326385,0.24099705,-9.6908415,-0.046906946,2.0375674,8.9343748,4.1451518,0,-1.664,-1.842,144.074
01:18.7,7,1.66,15.43028738,75.0156641,734.534,0.077204334,68.189388,1.45,4.51,0.256,-0.137085,-0.06824417,-0.03537903,-0.1413294,0.2507323,-9.55684,-0.07346871,2.053991,9.026906,4.084085,0,-1.66,-1.83,144.04
01:18.7,7,1.66,15.43028739,75.0156641,734.527,0.083415672,51.826374,1.45,4.51,0.243,-0.048354335,-0.02821234,-0.036275495,-0.1976643,0.20295635,-9.6406675,-0.049167522,2.0523838,9.0344714,4.0153544,0,-1.68,-1.804,144.028
01:18.7,7,1.66,15.4302874,75.0156641,734.52,0.08962701,35.46336,1.45,4.51,0.23,0.04037633,0.01181949,-0.03717196,-0.2539992,0.1551804,-9.724495,-0.024866334,2.0507766,9.0420368,3.9466238,0,-1.7,-1.778,144.016
01:18.7,7,1.66,15.43028743,75.01566409,734.507,0.081464309,31.917024,1.45,4.51,0.228,-0.038124235,0.031206755,0.0019241,-0.2737981,0.2581108,-9.668651,-0.000565146,2.0491694,9.0496022,3.8778932,0,-1.72,-1.752,144.004
01:18.8,7,1.66,15.43028746,75.01566408,734.494,0.073301608,28.370688,1.45,4.51,0.226,-0.1166248,0.05059402,0.04102016,-0.293597,0.3610412,-9.612807,0.023736042,2.0475622,9.0571676,3.8091626,0,-1.74,-1.726,143.992
01:18.8,7,1.66,15.43028749,75.01566407,734.481,0.065138907,24.824352,1.45,4.51,0.224,-0.0023473,0.006328495,0.020000082,-0.138608705,0.41042645,-9.5910045,0.04803723,2.045955,9.064733,3.740432,0,-1.76,-1.7,143.98
01:18.8,7,1.66,15.43028752,75.01566406,734.468,0.056976206,21.278016,1.45,4.51,0.222,0.1119302,-0.03793703,-0.001019996,0.01637959,0.4598117,-9.569202,0.045776654,2.0341908,8.9860128,3.732357,0,-1.76,-1.696,144.04
01:18.8,7,1.66,15.43028755,75.01566405,734.455,0.048813505,17.73168,1.45,4.51,0.22,0.046854215,0.034753185,0.042254037,-0.065288755,0.3201961,-9.850681,0.043516078,2.0224266,8.9072926,3.724282,0,-1.76,-1.692,144.1
01:18.8,7,1.66,15.43028758,75.01566404,734.442,0.040650804,14.185344,1.45,4.51,0.218,-0.01822177,0.1074434,0.08552807,-0.1469571,0.1805805,-10.13216,0.041255502,2.0106624,8.8285724,3.716207,0,-1.76,-1.688,144.16
01:18.9,7,1.66,15.43028761,75.01566403,734.429,0.032488103,10.639008,1.45,4.51,0.216,0.046268565,0.037653275,0.05380762,-0.23876705,0.25785215,-9.8764405,0.038994926,1.9988982,8.7498522,3.708132,0,-1.76,-1.684,144.22
01:18.9,7,1.66,15.43028764,75.01566402,734.416,0.024325402,7.092672,1.45,4.51,0.214,0.1107589,-0.03213685,0.02208717,-0.330577,0.3351238,-9.620721,0.03673435,1.987134,8.671132,3.700057,0,-1.76,-1.68,144.28
01:18.9,7,1.66,15.43028767,75.01566401,734.403,0.016162701,3.546336,1.45,4.51,0.212,0.01534778,-0.044044935,0.050864355,-0.212213585,0.2753241,-9.696678,-0.01582404,1.9662512,8.6736666,3.7038422,0,-1.762,-1.688,144.292
01:18.9,7,1.66,15.4302877,75.015664,734.39,0.008,0,1.45,4.51,0.21,-0.08006334,-0.05595302,0.07964154,-0.09385017,0.2155244,-9.772635,-0.06838243,1.9453684,8.6762012,3.7076274,0,-1.764,-1.696,144.304
01:18.9,7,1.66,15.43028771,75.01566399,734.381,0.009659675,24.3435,1.45,4.51,0.221,0.05019488,-0.02014608,0.02629422,-0.186910835,0.25265635,-9.710652,-0.12094082,1.9244856,8.6787358,3.7114126,0,-1.766,-1.704,144.316
01:19.0,7,1.66,15.43028772,75.01566398,734.372,0.01131935,48.687,1.45,4.51,0.232,0.1804531,0.01566086,-0.0270531,-0.2799715,0.2897883,-9.648669,-0.17349921,1.9036028,8.6812704,3.7151978,0,-1.768,-1.712,144.328
01:19.0,7,1.66,15.43028773,75.01566397,734.363,0.012979025,73.0305,1.45,4.51,0.243,0.0212455,0.01762854,-0.02724295,-0.2047913,0.2826144,-9.738656,-0.2260576,1.88272,8.683805,3.718983,0,-1.77,-1.72,144.34
01:19.0,7,1.66,15.43028774,75.01566396,734.354,0.0146387,97.374,1.45,4.51,0.254,-0.1379621,0.01959622,-0.0274328,-0.1296111,0.2754405,-9.828643,-0.183106656,1.8262588,8.633288,3.7320714,0,-1.758,-1.732,144.27
01:19.0,7,1.66,15.43028775,75.01566395,734.345,0.016298375,121.7175,1.45,4.51,0.265,-0.04536199,-0.028123315,-0.05132216,-0.02930702,0.2279384,-9.7040845,-0.140155712,1.7697976,8.582771,3.7451598,0,-1.746,-1.744,144.2
01:19.0,7,1.66,15.43028776,75.01566394,734.336,0.01795805,146.061,1.45,4.51,0.276,0.04723812,-0.07584285,-0.07521152,0.07099706,0.1804363,-9.579526,-0.097204768,1.7133364,8.532254,3.7582482,0,-1.734,-1.756,144.13
01:19.1,7,1.66,15.43028777,75.01566393,734.327,0.019617725,170.4045,1.45,4.51,0.287,-0.03430124,-0.052368525,-0.072813815,-0.06904847,0.27446645,-9.6920285,-0.054253824,1.6568752,8.481737,3.7713366,0,-1.722,-1.768,144.06
01:19.1,7,1.66,15.43028778,75.01566392,734.318,0.0212774,194.748,1.45,4.51,0.298,-0.1158406,-0.0288942,-0.07041611,-0.209094,0.3684966,-9.804531,-0.01130288,1.600414,8.43122,3.784425,0,-1.71,-1.78,143.99
01:19.1,7,1.66,15.43028779,75.01566391,734.309,0.022937075,219.0915,1.45,4.51,0.309,0.040341,0.009771955,-0.108861705,-0.2049654,0.2950937,-9.858238,-0.055384104,1.5638814,8.411058,3.779808,0,-1.7,-1.742,143.878
01:19.1,7,1.66,15.4302878,75.0156639,734.3,0.02459675,243.435,1.45,4.51,0.32,0.1965226,0.04843811,-0.1473073,-0.2008368,0.2216908,-9.911945,-0.099465328,1.5273488,8.390896,3.775191,0,-1.69,-1.704,143.766
01:19.1,7,1.66,15.4302878,75.01566389,734.296,0.026698873,239.69184,1.45,4.511,0.323,0.11987108,0.017732875,-0.13322755,-0.2538921,0.301678,-9.8480795,-0.143546552,1.4908162,8.370734,3.770574,0,-1.68,-1.666,143.654
01:19.2,7,1.66,15.4302878,75.01566388,734.292,0.028800996,235.94868,1.45,4.512,0.326,0.04321956,-0.01297236,-0.1191478,-0.3069474,0.3816652,-9.784214,-0.187627776,1.4542836,8.350572,3.765957,0,-1.67,-1.628,143.542
01:19.2,7,1.66,15.4302878,75.01566387,734.288,0.030903119,232.20552,1.45,4.513,0.329,-0.005029185,0.09612882,-0.094159515,-0.38459905,0.22665936,-9.985022,-0.231709,1.417751,8.33041,3.76134,0,-1.66,-1.59,143.43
01:19.2,7,1.66,15.4302878,75.01566386,734.284,0.033005242,228.46236,1.45,4.514,0.332,-0.05327793,0.20523,-0.06917123,-0.4622507,0.07165352,-10.18583,-0.179150616,1.4391958,8.4862898,3.9277934,0,-1.494,-1.442,143.322
01:19.2,7,1.66,15.4302878,75.01566385,734.28,0.035107365,224.7192,1.45,4.515,0.335,0.0163473,0.095019755,-0.08273907,-0.190237295,0.24232916,-10.192775,-0.126592232,1.4606406,8.6421696,4.0942468,0,-1.328,-1.294,143.214
01:19.2,7,1.66,15.4302878,75.01566384,734.276,0.037209488,220.97604,1.45,4.516,0.338,0.08597253,-0.01519049,-0.09630691,0.08177611,0.4130048,-10.19972,-0.074033848,1.4820854,8.7980494,4.2607002,0,-1.162,-1.146,143.106
01:19.3,7,1.66,15.4302878,75.01566383,734.272,0.039311611,217.23288,1.45,4.517,0.341,0.090544685,0.071745905,-0.045881037,-0.058427145,0.3852661,-10.294245,-0.021475464,1.5035302,8.9539292,4.4271536,0,-0.996,-0.998,142.998
01:19.3,7,1.66,15.4302878,75.01566382,734.268,0.041413734,213.48972,1.45,4.518,0.344,0.09511684,0.1586823,0.004544836,-0.1986304,0.3575274,-10.38877,0.03108292,1.524975,9.109809,4.593607,0,-0.83,-0.85,142.89
01:19.3,7,1.66,15.4302878,75.01566381,734.264,0.043515857,209.74656,1.45,4.519,0.347,0.17604122,0.22572645,-0.059727982,-0.2158861,0.3510726,-10.2115,0.090988176,1.602291,9.1057876,4.9437826,0,-0.61,-0.61,142.858
01:19.3,7,1.66,15.4302878,75.0156638,734.26,0.04561798,206.0034,1.45,4.52,0.35,0.2569656,0.2927706,-0.1240008,-0.2331418,0.3446178,-10.03423,0.150893432,1.679607,9.1017662,5.2939582,0,-0.39,-0.37,142.826
01:19.3,7,1.66,15.4302878,75.0156638,734.255,0.047648602,205.63162,1.45,4.52,0.348,0.25945795,0.24440665,-0.031084355,-0.10451163,0.3171455,-9.779114,0.210798688,1.756923,9.0977448,5.6441338,0,-0.17,-0.13,142.794
01:19.4,7,1.66,15.4302878,75.0156638,734.25,0.049679224,205.25984,1.45,4.52,0.346,0.2619503,0.1960427,0.06183209,0.02411854,0.2896732,-9.523998,0.270703944,1.834239,9.0937234,5.9943094,0,0.05,0.11,142.762
01:19.4,7,1.66,15.4302878,75.0156638,734.245,0.051709846,204.88806,1.45,4.52,0.344,0.18104265,0.17659475,0.025993973,0.22526237,0.3584393,-9.601899,0.3306092,1.911555,9.089702,6.344485,0,0.27,0.35,142.73
01:19.4,7,1.66,15.4302878,75.0156638,734.24,0.053740468,204.51628,1.45,4.52,0.342,0.100135,0.1571468,-0.009844143,0.4264062,0.4272054,-9.6798,0.34756352,2.0866032,9.107508,6.726675,0,0.46,0.508,142.822
01:19.4,7,1.66,15.4302878,75.0156638,734.235,0.05577109,204.1445,1.45,4.52,0.34,0.21787215,0.2010687,0.064332629,0.233612195,0.3821825,-9.712525,0.36451784,2.2616514,9.125314,7.108865,0,0.65,0.666,142.914
01:19.4,7,1.66,15.4302878,75.0156638,734.23,0.057801712,203.77272,1.45,4.52,0.338,0.3356093,0.2449906,0.1385094,0.04081819,0.3371596,-9.74525,0.38147216,2.4366996,9.14312,7.491055,0,0.84,0.824,143.006
01:19.5,7,1.66,15.4302878,75.0156638,734.225,0.059832334,203.40094,1.45,4.52,0.336,0.174558425,0.14394451,0.11894318,0.086125145,0.213110115,-9.448343,0.39842648,2.6117478,9.160926,7.873245,0,1.03,0.982,143.098
01:19.5,7,1.66,15.4302878,75.0156638,734.22,0.061862956,203.02916,1.45,4.52,0.334,0.01350755,0.04289842,0.09937696,0.1314321,0.08906063,-9.151436,0.4153808,2.786796,9.178732,8.255435,0,1.22,1.14,143.19
01:19.5,7,1.66,15.4302878,75.0156638,734.215,0.063893578,202.65738,1.45,4.52,0.332,0.083212425,0.034100575,0.17076048,0.1442889,0.223160265,-9.4800815,0.4052082,2.9304822,9.1238404,8.3756498,0,1.298,1.236,143.43
01:19.5,7,1.66,15.4302878,75.0156638,734.21,0.0659242,202.2856,1.45,4.52,0.33,0.1529173,0.02530273,0.242144,0.1571457,0.3572599,-9.808727,0.3950356,3.0741684,9.0689488,8.4958646,0,1.376,1.332,143.67
01:19.5,7,1.66,15.4302878,75.01566377,734.196,0.07818755,207.04056,1.45,4.52,0.319,0.20905055,0.02652989,0.21119615,0.075522727,0.2816365,-9.6149445,0.384863,3.2178546,9.0140572,8.6160794,0,1.454,1.428,143.91
01:19.6,7,1.66,15.4302878,75.01566374,734.182,0.0904509,211.79552,1.45,4.52,0.308,0.2651838,0.02775705,0.1802483,-0.006100246,0.2060131,-9.421162,0.3746904,3.3615408,8.9591656,8.7362942,0,1.532,1.524,144.15
01:19.6,7,1.66,15.4302878,75.01566371,734.168,0.10271425,216.55048,1.45,4.52,0.297,0.02394945,0.103904475,0.19428085,0.074655227,0.2000375,-9.4050835,0.3645178,3.505227,8.904274,8.856509,0,1.61,1.62,144.39
01:19.6,7,1.66,15.4302878,75.01566368,734.154,0.1149776,221.30544,1.45,4.52,0.286,-0.2172849,0.1800519,0.2083134,0.1554107,0.1940619,-9.389005,0.32269716,3.3967486,8.6115962,9.1334592,0,1.526,1.678,144.63
01:19.6,7,1.66,15.4302878,75.01566365,734.14,0.12724095,226.0604,1.45,4.52,0.275,-0.15667796,0.09557123,0.2185669,0.1976744,0.17972065,-9.387302,0.28087652,3.2882702,8.3189184,9.4104094,0,1.442,1.736,144.87
01:19.6,7,1.66,15.4302878,75.01566362,734.126,0.1395043,230.81536,1.45,4.52,0.264,-0.09607102,0.01109056,0.2288204,0.2399381,0.1653794,-9.385599,0.23905588,3.1797918,8.0262406,9.6873596,0,1.358,1.794,145.11
01:19.7,7,1.66,15.4302878,75.01566359,734.112,0.15176765,235.57032,1.45,4.52,0.253,-0.089238605,-0.00663995,0.23955675,0.19760545,0.15605455,-9.477543,0.19723524,3.0713134,7.7335628,9.9643098,0,1.274,1.852,145.35
01:19.7,7,1.66,15.4302878,75.01566356,734.098,0.164031,240.32528,1.45,4.52,0.242,-0.08240619,-0.02437046,0.2502931,0.1552728,0.1467297,-9.569487,0.1554146,2.962835,7.440885,10.24126,0,1.19,1.91,145.59
01:19.7,7,1.66,15.4302878,75.01566353,734.084,0.17629435,245.08024,1.45,4.52,0.231,-0.028548415,-0.07986568,0.22402565,0.20008035,0.16138665,-9.588895,0.116419666,2.831229,7.4657056,10.230352,0,1.114,1.858,145.82
01:19.7,7,1.66,15.4302878,75.0156635,734.07,0.1885577,249.8352,1.45,4.52,0.22,0.02530936,-0.1353609,0.1977582,0.2448879,0.1760436,-9.608303,0.077424732,2.699623,7.4905262,10.219444,0,1.038,1.806,146.05
01:19.7,7,1.66,15.4302878,75.01566344,734.056,0.19562972,250.49093,1.45,4.52,0.224,-0.09795422,-0.074450915,0.20196635,0.18228145,0.2487194,-9.581793,0.038429798,2.568017,7.5153468,10.208536,0,0.962,1.754,146.28
01:19.8,7,1.66,15.4302878,75.01566338,734.042,0.20270174,251.14666,1.45,4.52,0.228,-0.2212178,-0.01354093,0.2061745,0.119675,0.3213952,-9.555283,-0.000565136,2.436411,7.5401674,10.197628,0,0.886,1.702,146.51
01:19.8,7,1.66,15.4302878,75.01566332,734.028,0.20977376,251.80239,1.45,4.52,0.232,-0.17846935,-0.010289704,0.18926515,0.098761225,0.228813,-9.7585625,-0.03956007,2.304805,7.564988,10.18672,0,0.81,1.65,146.74
01:19.8,7,1.66,15.4302878,75.01566326,734.014,0.21684578,252.45812,1.45,4.52,0.236,-0.1357209,-0.007038478,0.1723558,0.07784745,0.1362308,-9.961842,-0.083641296,2.3107268,7.4646568,10.379184,0,0.608,1.654,146.894
01:19.8,7,1.66,15.4302878,75.0156632,734,0.2239178,253.11385,1.45,4.52,0.24,-0.325234,0.016554516,0.16490615,0.193555975,0.1568555,-9.847414,-0.127722522,2.3166486,7.3643256,10.571648,0,0.406,1.658,147.048
01:19.8,7,1.66,15.4302878,75.01566314,733.986,0.23098982,253.76958,1.45,4.52,0.244,-0.5147471,0.04014751,0.1574565,0.3092645,0.1774802,-9.732986,-0.171803748,2.3225704,7.2639944,10.764112,0,0.204,1.662,147.202
01:19.9,7,1.66,15.4302878,75.01566308,733.972,0.23806184,254.42531,1.45,4.52,0.248,-0.3349319,0.020658533,0.12554224,0.21906145,0.23199335,-9.584771,-0.215884974,2.3284922,7.1636632,10.956576,0,0.002,1.666,147.356
01:19.9,7,1.66,15.4302878,75.01566302,733.958,0.24513386,255.08104,1.45,4.52,0.252,-0.1551167,0.001169556,0.09362798,0.1288584,0.2865065,-9.436556,-0.2599662,2.334414,7.063332,11.14904,0,-0.2,1.67,147.51
01:19.9,7,1.66,15.4302878,75.01566296,733.944,0.25220588,255.73677,1.45,4.52,0.256,-0.11311468,0.090524528,0.09135564,-0.01239955,0.3547485,-9.771338,-0.14863286,2.405035,7.1348406,11.15755,0,-0.31,1.632,147.612
01:19.9,7,1.66,15.4302878,75.0156629,733.93,0.2592779,256.3925,1.45,4.52,0.26,-0.07111266,0.1798795,0.0890833,-0.1536575,0.4229905,-10.10612,-0.03729952,2.475656,7.2063492,11.16606,0,-0.42,1.594,147.714
01:19.9,7,1.66,15.43028777,75.01566283,733.926,0.26479085,255.78296,1.45,4.521,0.264,-0.10051718,0.02251495,0.08370879,0.0610221,0.36643245,-9.9991905,0.07403382,2.546277,7.2778578,11.17457,0,-0.53,1.556,147.816
01:20.0,7,1.66,15.43028774,75.01566276,733.922,0.2703038,255.17342,1.45,4.522,0.268,-0.1299217,-0.1348496,0.07833428,0.2757017,0.3098744,-9.892261,0.18536716,2.616898,7.3493664,11.18308,0,-0.64,1.518,147.918
01:20.0,7,1.66,15.43028771,75.01566269,733.918,0.27581675,254.56388,1.45,4.523,0.272,-0.08749164,-0.1368094,0.10308174,0.33681085,0.1822806,-10.1270455,0.2967005,2.687519,7.420875,11.19159,0,-0.75,1.48,148.02
01:20.0,7,1.66,15.43028768,75.01566262,733.914,0.2813297,253.95434,1.45,4.524,0.276,-0.04506158,-0.1387692,0.1278292,0.39792,0.0546868,-10.36183,0.2746599,2.599918,7.347283,11.113966,0,-0.702,1.448,148.108
01:20.0,7,1.66,15.43028765,75.01566255,733.91,0.28684265,253.3448,1.45,4.525,0.28,0.0143918,-0.116668845,0.104216945,0.37547405,0.06106574,-10.40738,0.2526193,2.512317,7.273691,11.036342,0,-0.654,1.416,148.196
01:20.0,7,1.66,15.43028762,75.01566248,733.906,0.2923556,252.73526,1.45,4.526,0.284,0.07384518,-0.09456849,0.08060469,0.3530281,0.06744468,-10.45293,0.2305787,2.424716,7.200099,10.958718,0,-0.606,1.384,148.284
01:20.1,7,1.66,15.43028759,75.01566241,733.902,0.29786855,252.12572,1.45,4.527,0.288,0.13706664,-0.037604805,0.08950845,0.172786835,0.10685934,-9.7121175,0.2085381,2.337115,7.126507,10.881094,0,-0.558,1.352,148.372
01:20.1,7,1.66,15.43028756,75.01566234,733.898,0.3033815,251.51618,1.45,4.528,0.292,0.2002881,0.01935888,0.09841221,-0.00745443,0.146274,-8.971305,0.1864975,2.249514,7.052915,10.80347,0,-0.51,1.32,148.46
01:20.1,7,1.66,15.43028753,75.01566227,733.894,0.30889445,250.90664,1.45,4.529,0.296,0.016398,-0.08344291,0.071947395,0.066675335,0.04348197,-8.220976,0.19214894,2.419656,6.9951542,10.0525882,0,-0.812,0.76,148.57
01:20.1,7,1.66,15.4302875,75.0156622,733.89,0.3144074,250.2971,1.45,4.53,0.3,-0.1674921,-0.1862447,0.04548258,0.1408051,-0.05931006,-7.470647,0.19780038,2.589798,6.9373934,9.3017064,0,-1.114,0.2,148.68
01:20.1,7,1.66,15.43028748,75.01566216,733.891,0.291733073,250.19649,1.451,4.531,0.302,-0.2851057,-0.43287125,0.05481001,0.32688135,-0.22505178,-7.349401,0.20345182,2.75994,6.8796326,8.5508246,0,-1.416,-0.36,148.79
01:20.2,7,1.66,15.43028746,75.01566212,733.892,0.269058746,250.09588,1.452,4.532,0.304,-0.4027193,-0.6794978,0.06413744,0.5129576,-0.3907935,-7.228155,0.20910326,2.930082,6.8218718,7.7999428,0,-1.718,-0.92,148.9
01:20.2,7,1.66,15.43028744,75.01566208,733.893,0.246384419,249.99527,1.453,4.533,0.306,-0.192064485,-0.5107818,0.30797342,0.4182498,-0.12236585,-8.6627725,0.2147547,3.100224,6.764111,7.049061,0,-2.02,-1.48,149.01
01:20.2,7,1.66,15.43028742,75.01566204,733.894,0.223710092,249.89466,1.454,4.534,0.308,0.01859033,-0.3420658,0.5518094,0.323542,0.1460618,-10.09739,0.17915063,3.9147766,7.4094934,8.4464888,0,-2.042,-1.528,149.176
01:20.2,7,1.66,15.4302874,75.015662,733.895,0.201035765,249.79405,1.455,4.535,0.31,-0.193914135,-0.2516103,0.32500583,0.38125865,-1.0169506,-10.94327,0.14354656,4.7293292,8.0548758,9.8439166,0,-2.064,-1.576,149.342
01:20.2,7,1.66,15.43028738,75.01566196,733.896,0.178361438,249.69344,1.456,4.536,0.312,-0.4064186,-0.1611548,0.09820226,0.4389753,-2.179963,-11.78915,0.10794249,5.5438818,8.7002582,11.2413444,0,-2.086,-1.624,149.508
01:20.3,7,1.66,15.43028736,75.01566192,733.897,0.155687111,249.59283,1.457,4.537,0.314,-0.57352625,0.3190056,-0.04595407,-0.06455555,-1.7655545,-9.017789,0.07233842,6.3584344,9.3456406,12.6387722,0,-2.108,-1.672,149.674
01:20.3,7,1.66,15.43028734,75.01566188,733.898,0.133012784,249.49222,1.458,4.538,0.316,-0.7406339,0.799166,-0.1901104,-0.5680864,-1.351146,-6.246428,0.03673435,7.172987,9.991023,14.0362,0,-2.13,-1.72,149.84
01:20.3,7,1.66,15.43028732,75.01566184,733.899,0.110338457,249.39161,1.459,4.539,0.318,-0.24093895,0.2203951,0.0109167,0.3033938,-1.589172,-8.992914,-0.0192149,6.9443282,9.7445226,13.557954,0,-2.08,-1.764,149.862
01:20.3,7,1.66,15.4302873,75.0156618,733.9,0.08766413,249.291,1.46,4.54,0.32,0.258756,-0.3583758,0.2119438,1.174874,-1.827198,-11.7394,-0.07516415,6.7156694,9.4980222,13.079708,0,-2.03,-1.808,149.884
01:20.3,7,1.66,15.43028729,75.01566178,733.897,0.083095335,225.599976,1.46,4.541,0.323,0.3224029,-0.2714926,0.07549658,0.579349615,-0.7585586,-10.952245,-0.1311134,6.4870106,9.2515218,12.601462,0,-1.98,-1.852,149.906
01:20.4,7,1.66,15.43028728,75.01566176,733.894,0.07852654,201.908952,1.46,4.542,0.326,0.3860498,-0.1846094,-0.06095064,-0.01617477,0.3100808,-10.16509,-0.18706265,6.2583518,9.0050214,12.123216,0,-1.93,-1.896,149.928
01:20.4,7,1.66,15.43028727,75.01566174,733.891,0.073957745,178.217928,1.46,4.543,0.329,0.18243392,0.02907445,0.06741658,-0.282829135,0.32274475,-9.321155,-0.2430119,6.029693,8.758521,11.64497,0,-1.88,-1.94,149.95
01:20.4,7,1.66,15.43028726,75.01566172,733.888,0.06938895,154.526904,1.46,4.544,0.332,-0.02118196,0.2427583,0.1957838,-0.5494835,0.3354087,-8.47722,-0.2701388,5.714737,8.894973,11.446528,0,-1.884,-1.914,149.96
01:20.4,7,1.66,15.43028725,75.0156617,733.885,0.064820155,130.83588,1.46,4.545,0.335,-0.11528638,0.0138909,0.052369435,-0.269281245,0.42252865,-9.40426,-0.2972657,5.399781,9.031425,11.248086,0,-1.888,-1.888,149.97
01:20.4,7,1.66,15.43028724,75.01566168,733.882,0.06025136,107.144856,1.46,4.546,0.338,-0.2093908,-0.2149765,-0.09104493,0.01092101,0.5096486,-10.3313,-0.3243926,5.084825,9.167877,11.049644,0,-1.892,-1.862,149.98
01:20.5,7,1.66,15.43028723,75.01566166,733.879,0.055682565,83.453832,1.46,4.547,0.341,0.0581392,-0.13603118,0.029878585,-0.132038695,0.42581025,-10.097807,-0.3515195,4.769869,9.304329,10.851202,0,-1.896,-1.836,149.99
01:20.5,7,1.66,15.43028722,75.01566164,733.876,0.05111377,59.762808,1.46,4.548,0.344,0.3256692,-0.05708586,0.1508021,-0.2749984,0.3419719,-9.864314,-0.3786464,4.454913,9.440781,10.65276,0,-1.9,-1.81,150
01:20.5,7,1.66,15.43028721,75.01566162,733.873,0.046544975,36.071784,1.46,4.549,0.347,0.05817145,0.05568207,-0.02379945,-0.25995415,0.201508535,-9.597015,-0.35830122,4.5945982,10.0018648,10.672748,0,-1.91,-1.83,150
01:20.5,7,1.66,15.4302872,75.0156616,733.87,0.04197618,12.38076,1.46,4.55,0.35,-0.2093263,0.16845,-0.198401,-0.2449099,0.06104517,-9.329716,-0.33795604,4.7342834,10.5629486,10.692736,0,-1.92,-1.85,150
01:20.5,7,1.66,15.43028719,75.01566158,733.866,0.046949168,31.659474,1.46,4.552,0.362,-0.14305859,-0.0132579,-0.07733968,-0.227477,0.206492735,-9.515172,-0.31761086,4.8739686,11.1240324,10.712724,0,-1.93,-1.87,150
01:20.6,7,1.66,15.43028718,75.01566156,733.862,0.051922156,50.938188,1.46,4.554,0.374,-0.07679088,-0.1949658,0.04372164,-0.2100441,0.3519403,-9.700628,-0.29726568,5.0136538,11.6851162,10.732712,0,-1.94,-1.89,150
01:20.6,7,1.66,15.43028717,75.01566154,733.858,0.056895144,70.216902,1.46,4.556,0.386,0.08044896,-0.02704885,0.13236332,-0.3044237,0.37397485,-9.871034,-0.2769205,5.153339,12.2462,10.7527,0,-1.95,-1.91,150
01:20.6,7,1.66,15.43028716,75.01566152,733.854,0.061868132,89.495616,1.46,4.558,0.398,0.2376888,0.1408681,0.221005,-0.3988033,0.3960094,-10.04144,-0.30291712,5.1965956,12.30064,10.941792,0,-1.948,-1.896,150
01:20.6,7,1.66,15.43028715,75.0156615,733.85,0.06684112,108.77433,1.46,4.56,0.41,0.02595005,-0.00839645,0.00937615,-0.26842035,0.39920515,-9.7246555,-0.32891374,5.2398522,12.35508,11.130884,0,-1.946,-1.882,150
01:20.6,7,1.66,15.43028714,75.01566148,733.846,0.071814108,128.053044,1.46,4.562,0.422,-0.1857887,-0.157661,-0.2022527,-0.1380374,0.4024009,-9.407871,-0.35491036,5.2831088,12.40952,11.319976,0,-1.944,-1.868,150
01:20.7,7,1.66,15.43028713,75.01566146,733.842,0.076787096,147.331758,1.46,4.564,0.434,0.04120575,-0.071790355,-0.0176669,-0.24032575,0.39648355,-9.611722,-0.38090698,5.3263654,12.46396,11.509068,0,-1.942,-1.854,150
01:20.7,7,1.66,15.43028712,75.01566144,733.838,0.081760084,166.610472,1.46,4.566,0.446,0.2682002,0.01408029,0.1669189,-0.3426141,0.3905662,-9.815573,-0.4069036,5.369622,12.5184,11.69816,0,-1.94,-1.84,150
01:20.7,7,1.66,15.43028711,75.01566142,733.834,0.086733072,185.889186,1.46,4.568,0.458,0.0393342,0.088017145,-0.017804,-0.2834053,0.17211488,-9.8560735,-0.37299496,5.3655334,12.58997,11.704082,0,-1.936,-1.852,150.006
01:20.7,7,1.66,15.4302871,75.0156614,733.83,0.09170606,205.1679,1.46,4.57,0.47,-0.1895318,0.161954,-0.2025269,-0.2241965,-0.04633644,-9.896574,-0.33908632,5.3614448,12.66154,11.710004,0,-1.932,-1.864,150.012
01:20.7,7,1.66,15.43028709,75.01566138,733.825,0.0871398,208.21308,1.46,4.571,0.453,-0.0230029,-0.0215101,-0.04508455,-0.25592395,0.22136178,-9.7012725,-0.30517768,5.3573562,12.73311,11.715926,0,-1.928,-1.876,150.018
01:20.8,7,1.66,15.43028708,75.01566136,733.82,0.08257354,211.25826,1.46,4.572,0.436,0.143526,-0.2049742,0.1123578,-0.2876514,0.48906,-9.505971,-0.27126904,5.3532676,12.80468,11.721848,0,-1.924,-1.888,150.024
01:20.8,7,1.66,15.43028707,75.01566134,733.815,0.07800728,214.30344,1.46,4.573,0.419,0.13099995,-0.0370335,0.09474324,-0.31968575,0.33177515,-9.6894145,-0.2373604,5.349179,12.87625,11.72777,0,-1.92,-1.9,150.03
01:20.8,7,1.66,15.43028706,75.01566132,733.81,0.07344102,217.34862,1.46,4.574,0.402,0.1184739,0.1309072,0.07712868,-0.3517201,0.1744903,-9.872858,-0.192148896,5.4472472,12.936306,11.85501,0,-1.932,-1.888,150.018
01:20.8,7,1.66,15.43028705,75.0156613,733.805,0.06887476,220.3938,1.46,4.575,0.385,-0.0280269,-0.0526445,-0.05313771,-0.20963953,0.34635345,-9.7438655,-0.146937392,5.5453154,12.996362,11.98225,0,-1.944,-1.876,150.006
01:20.8,7,1.66,15.43028704,75.01566128,733.8,0.0643085,223.43898,1.46,4.576,0.368,-0.1745277,-0.2361962,-0.1834041,-0.06755896,0.5182166,-9.614873,-0.101725888,5.6433836,13.056418,12.10949,0,-1.956,-1.864,149.994
01:20.9,7,1.66,15.43028703,75.01566126,733.795,0.05974224,226.48416,1.46,4.577,0.351,0.0364669,-0.106451055,0.0006481,-0.20494628,0.4340159,-9.711117,-0.056514384,5.7414518,13.116474,12.23673,0,-1.968,-1.852,149.982
01:20.9,7,1.66,15.43028702,75.01566124,733.79,0.05517598,229.52934,1.46,4.578,0.334,0.2474615,0.02329409,0.1847003,-0.3423336,0.3498152,-9.807361,-0.01130288,5.83952,13.17653,12.36397,0,-1.98,-1.84,149.97
01:20.9,7,1.66,15.43028701,75.01566122,733.785,0.05060972,232.57452,1.46,4.579,0.317,0.03281695,0.034243065,0.00086605,-0.2938327,0.18516421,-9.7566395,-0.082511004,5.8260504,13.191476,12.33347,0,-1.968,-1.86,149.978
01:20.9,7,1.66,15.430287,75.0156612,733.78,0.04604346,235.6197,1.46,4.58,0.3,-0.1818276,0.04519204,-0.1829682,-0.2453318,0.02051322,-9.705918,-0.153719128,5.8125808,13.206422,12.30297,0,-1.956,-1.88,149.986
01:20.9,7,1.66,15.43028699,75.01566119,733.779,0.043317943,223.57784,1.461,4.581,0.317,-0.02609005,-0.10648258,-0.0312294,-0.25431195,0.28099871,-9.624911,-0.224927252,5.7991112,13.221368,12.27247,0,-1.944,-1.9,149.994
01:21.0,7,1.66,15.43028698,75.01566118,733.778,0.040592426,211.53598,1.462,4.582,0.334,0.1296475,-0.2581572,0.1205094,-0.2632921,0.5414842,-9.543904,-0.296135376,5.7856416,13.236314,12.24197,0,-1.932,-1.92,150.002
01:21.0,7,1.66,15.43028697,75.01566117,733.777,0.037866909,199.49412,1.463,4.583,0.351,0.08078041,-0.0164211,0.074577485,-0.31664865,0.3345233,-9.7063265,-0.3673435,5.772172,13.25126,12.21147,0,-1.92,-1.94,150.01
01:21.0,7,1.66,15.43028696,75.01566116,733.776,0.035141392,187.45226,1.464,4.584,0.368,0.03191332,0.225315,0.02864557,-0.3700052,0.1275624,-9.868749,-0.293309656,5.78954,13.199026,12.129716,0,-1.934,-1.916,149.998
01:21.0,7,1.66,15.43028695,75.01566115,733.775,0.032415875,175.4104,1.465,4.585,0.385,-0.07609629,0.04793295,-0.075531065,-0.186431531,0.2864729,-9.742792,-0.219275812,5.806908,13.146792,12.047962,0,-1.948,-1.892,149.986
01:21.0,7,1.66,15.43028694,75.01566114,733.774,0.029690358,163.36854,1.466,4.586,0.402,-0.1841059,-0.1294491,-0.1797077,-0.002857862,0.4453834,-9.616835,-0.145241968,5.824276,13.094558,11.966208,0,-1.962,-1.868,149.974
01:21.1,7,1.66,15.43028693,75.01566113,733.773,0.026964841,151.32668,1.467,4.587,0.419,0.0599639,-0.068096078,0.03084435,-0.205624981,0.4182693,-9.7099055,-0.071208124,5.841644,13.042324,11.884454,0,-1.976,-1.844,149.962
01:21.1,7,1.66,15.43028692,75.01566112,733.772,0.024239324,139.28482,1.468,4.588,0.436,0.3040337,-0.006743055,0.2413964,-0.4083921,0.3911552,-9.802976,0.00282572,5.859012,12.99009,11.8027,0,-1.99,-1.82,149.95
01:21.1,7,1.66,15.43028691,75.01566111,733.771,0.021513807,127.24296,1.469,4.589,0.453,0.03201525,-0.062652178,0.0536116,-0.2820213,0.2670918,-9.676477,-0.013563452,5.6775794,12.658016,11.324958,0,-1.988,-1.836,149.954
01:21.1,7,1.66,15.4302869,75.0156611,733.77,0.01878829,115.2011,1.47,4.59,0.47,-0.2400032,-0.1185613,-0.1341732,-0.1556505,0.1430284,-9.549978,-0.029952624,5.4961468,12.325942,10.847216,0,-1.986,-1.852,149.958
01:21.1,7,1.66,15.4302869,75.01566109,733.767,0.022057276,138.89946,1.47,4.591,0.452,-0.128148405,-0.12693625,-0.01663445,-0.2083155,0.2805878,-9.5814455,-0.046341796,5.3147142,11.993868,10.369474,0,-1.984,-1.868,149.962
01:21.2,7,1.66,15.4302869,75.01566108,733.764,0.025326262,162.59782,1.47,4.592,0.434,-0.01629361,-0.1353112,0.1009043,-0.2609805,0.4181472,-9.612913,-0.062730968,5.1332816,11.661794,9.891732,0,-1.982,-1.884,149.966
01:21.2,7,1.66,15.4302869,75.01566107,733.761,0.028595248,186.29618,1.47,4.593,0.416,0.143946195,-0.096101145,0.16044055,-0.2352687,0.3815818,-9.7843775,-0.07912014,4.951849,11.32972,9.41399,0,-1.98,-1.9,149.97
01:21.2,7,1.66,15.4302869,75.01566106,733.758,0.031864234,209.99454,1.47,4.594,0.398,0.304186,-0.05689109,0.2199768,-0.2095569,0.3450164,-9.955842,-0.125461952,4.7407484,10.756971,8.8606324,0,-1.956,-1.892,149.974
01:21.2,7,1.66,15.4302869,75.01566105,733.755,0.03513322,233.6929,1.47,4.595,0.38,0.27121495,-0.047112005,0.1929746,-0.2115845,0.30728985,-9.935471,-0.171803764,4.5296478,10.184222,8.3072748,0,-1.932,-1.884,149.978
01:21.2,7,1.66,15.4302869,75.01566104,733.752,0.038402206,257.39126,1.47,4.596,0.362,0.2382439,-0.03733292,0.1659724,-0.2136121,0.2695633,-9.9151,-0.218145576,4.3185472,9.611473,7.7539172,0,-1.908,-1.876,149.982
01:21.3,7,1.66,15.4302869,75.01566103,733.749,0.041671192,281.08962,1.47,4.597,0.344,0.2155367,-0.08330276,0.11364438,-0.23682315,0.32409625,-9.804656,-0.264487388,4.1074466,9.038724,7.2005596,0,-1.884,-1.868,149.986
01:21.3,7,1.66,15.4302869,75.01566102,733.746,0.044940178,304.78798,1.47,4.598,0.326,0.1928295,-0.1292726,0.06131636,-0.2600342,0.3786292,-9.694212,-0.3108292,3.896346,8.465975,6.647202,0,-1.86,-1.86,149.99
01:21.3,7,1.66,15.4302869,75.01566101,733.743,0.048209164,328.48634,1.47,4.599,0.308,-0.02709795,-0.062570621,-0.014460525,-0.22854045,0.2680568,-9.69054,-0.28596286,3.6292854,8.067844,6.0731178,0,-1.866,-1.864,149.99
01:21.3,7,1.66,15.4302869,75.015661,733.74,0.05147815,352.1847,1.47,4.6,0.29,-0.2470254,0.004131359,-0.09023741,-0.1970467,0.1574844,-9.686868,-0.26109652,3.3622248,7.669713,5.4990336,0,-1.872,-1.868,149.99
01:21.3,7,1.66,15.4302869,75.01566098,733.735,0.049148136,341.21879,1.47,4.601,0.3,-0.2024769,0.034693365,-0.05763049,-0.26250135,0.14266615,-9.702974,-0.23623018,3.0951642,7.271582,4.9249494,0,-1.878,-1.872,149.99
01:21.4,7,1.66,15.4302869,75.01566096,733.73,0.046818122,330.25288,1.47,4.602,0.31,-0.1579284,0.06525537,-0.02502357,-0.327956,0.1278479,-9.71908,-0.21136384,2.8281036,6.873451,4.3508652,0,-1.884,-1.876,149.99
01:21.4,7,1.66,15.4302869,75.01566094,733.725,0.044488108,319.28697,1.47,4.603,0.32,-0.01369715,-0.045159965,0.031723845,-0.2461915,0.26173205,-9.678503,-0.1864975,2.561043,6.47532,3.776781,0,-1.89,-1.88,149.99
01:21.4,7,1.66,15.4302869,75.01566092,733.72,0.042158094,308.32106,1.47,4.604,0.33,0.1305341,-0.1555753,0.08847126,-0.164427,0.3956162,-9.637926,-0.21814556,2.4725342,5.9562256,3.4980516,0,-1.896,-1.878,149.986
01:21.4,7,1.66,15.4302869,75.0156609,733.715,0.03982808,297.35515,1.47,4.605,0.34,0.04707468,-0.0229095,0.02368262,-0.15077865,0.30424995,-9.737938,-0.24979362,2.3840254,5.4371312,3.2193222,0,-1.902,-1.876,149.982
01:21.4,7,1.66,15.4302869,75.01566088,733.71,0.037498066,286.38924,1.47,4.606,0.35,-0.03638474,0.1097563,-0.04110602,-0.1371303,0.2128837,-9.83795,-0.28144168,2.2955166,4.9180368,2.9405928,0,-1.908,-1.874,149.978
01:21.5,7,1.66,15.4302869,75.01566086,733.705,0.035168052,275.42333,1.47,4.607,0.36,-0.016423118,0.00945053,-0.012725045,-0.1636435,0.24678025,-9.765652,-0.31308974,2.2070078,4.3989424,2.6618634,0,-1.914,-1.872,149.974
01:21.5,7,1.66,15.4302869,75.01566084,733.7,0.032838038,264.45742,1.47,4.608,0.37,0.003538505,-0.09085524,0.01565593,-0.1901567,0.2806768,-9.693354,-0.3447378,2.118499,3.879848,2.383134,0,-1.92,-1.87,149.97
01:21.5,7,1.66,15.4302869,75.01566082,733.695,0.030508024,253.49151,1.47,4.609,0.38,0.022729293,-0.03766699,0.003796957,-0.22984895,0.27478765,-9.7142245,-0.33117434,1.9577198,3.5504054,2.2211882,0,-1.924,-1.864,149.968
01:21.5,7,1.66,15.4302869,75.0156608,733.69,0.02817801,242.5256,1.47,4.61,0.39,0.04192008,0.01552126,-0.008062017,-0.2695412,0.2688985,-9.735095,-0.31761088,1.7969406,3.2209628,2.0592424,0,-1.928,-1.858,149.966
01:21.5,7,1.66,15.43028689,75.01566079,733.69,0.028375172,235.70198,1.471,4.612,0.397,0.03284761,0.010525482,0.005816452,-0.27491275,0.27505905,-9.7303765,-0.30404742,1.6361614,2.8915202,1.8972966,0,-1.932,-1.852,149.964
01:21.6,7,1.66,15.43028688,75.01566078,733.69,0.028572334,228.87836,1.472,4.614,0.404,0.02377514,0.005529704,0.01969492,-0.2802843,0.2812196,-9.725658,-0.29048396,1.4753822,2.5620776,1.7353508,0,-1.936,-1.846,149.962
01:21.6,7,1.66,15.43028687,75.01566077,733.69,0.028769496,222.05474,1.473,4.616,0.411,-0.027658875,0.009014047,0.000673735,-0.2467264,0.232353,-9.766269,-0.2769205,1.314603,2.232635,1.573405,0,-1.94,-1.84,149.96
01:21.6,7,1.66,15.43028686,75.01566076,733.69,0.028966658,215.23112,1.474,4.618,0.418,-0.07909289,0.01249839,-0.01834745,-0.2131685,0.1834864,-9.80688,-0.29048396,1.2689534,2.1366154,1.45409172,0,-1.932,-1.844,149.962
01:21.6,7,1.66,15.43028685,75.01566075,733.69,0.02916382,208.4075,1.475,4.62,0.425,-0.057843025,0.016541355,-0.012441261,-0.17886225,0.2276281,-9.8157105,-0.30404742,1.2233038,2.0405958,1.33477844,0,-1.924,-1.848,149.964
01:21.6,7,1.66,15.43028684,75.01566074,733.69,0.029360982,201.58388,1.476,4.622,0.432,-0.03659316,0.02058432,-0.006535071,-0.144556,0.2717698,-9.824541,-0.31761088,1.1776542,1.9445762,1.21546516,0,-1.916,-1.852,149.966
01:21.7,7,1.66,15.43028683,75.01566073,733.69,0.029558144,194.76026,1.477,4.624,0.439,0.013605025,-0.03496527,0.008723535,-0.16473565,0.2918232,-9.758778,-0.33117434,1.1320046,1.8485566,1.09615188,0,-1.908,-1.856,149.968
01:21.7,7,1.66,15.43028682,75.01566072,733.69,0.029755306,187.93664,1.478,4.626,0.446,0.06380321,-0.09051486,0.02398214,-0.1849153,0.3118766,-9.693015,-0.3447378,1.086355,1.752537,0.9768386,0,-1.9,-1.86,149.97
01:21.7,7,1.66,15.43028681,75.01566071,733.69,0.029952468,181.11302,1.479,4.628,0.453,0.062721475,-0.093250615,0.01848265,-0.2095189,0.31179795,-9.693648,-0.3074383,1.109727,1.6619612,0.96372,0,-1.904,-1.85,149.966
01:21.7,7,1.66,15.4302868,75.0156607,733.69,0.03014963,174.2894,1.48,4.63,0.46,0.06163974,-0.09598637,0.01298316,-0.2341225,0.3117193,-9.694281,-0.2701388,1.133099,1.5713854,0.9506014,0,-1.908,-1.84,149.962
01:21.7,7,1.66,15.4302868,75.0156607,733.694,0.037467137,164.403037,1.48,4.631,0.466,0.04504832,-0.054814925,0.002269228,-0.2452482,0.29391835,-9.701922,-0.2328393,1.156471,1.4808096,0.9374828,0,-1.912,-1.83,149.958
01:21.8,7,1.66,15.4302868,75.0156607,733.698,0.044784644,154.516674,1.48,4.632,0.472,0.0284569,-0.01364348,-0.008444704,-0.2563739,0.2761174,-9.709563,-0.1955398,1.179843,1.3902338,0.9243642,0,-1.916,-1.82,149.954
01:21.8,7,1.66,15.4302868,75.0156607,733.702,0.052102151,144.630311,1.48,4.633,0.478,0.015665295,0.02583412,-0.013764547,-0.28754475,0.261256,-9.7322635,-0.1582403,1.203215,1.299658,0.9112456,0,-1.92,-1.81,149.95
01:21.8,7,1.66,15.4302868,75.0156607,733.706,0.059419658,134.743948,1.48,4.634,0.484,0.002873689,0.06531172,-0.01908439,-0.3187156,0.2463946,-9.754964,-0.19667008,1.1809828,1.20752346,0.93959848,0,-1.918,-1.812,149.948
01:21.8,7,1.66,15.4302868,75.0156607,733.71,0.066737165,124.857585,1.48,4.635,0.49,-0.004277166,0.082410075,-0.01568793,-0.2362788,0.2189849,-9.797149,-0.23509986,1.1587506,1.11538892,0.96795136,0,-1.916,-1.814,149.946
01:21.8,7,1.66,15.4302868,75.0156607,733.714,0.074054672,114.971222,1.48,4.636,0.496,-0.01142802,0.09950843,-0.01229147,-0.153842,0.1915752,-9.839334,-0.27352964,1.1365184,1.02325438,0.99630424,0,-1.914,-1.816,149.944
01:21.9,7,1.66,15.4302868,75.0156607,733.718,0.081372179,105.084859,1.48,4.637,0.502,2.64E-06,0.087462675,-0.007311366,-0.2314292,0.2271458,-9.8017005,-0.31195942,1.1142862,0.93111984,1.02465712,0,-1.912,-1.818,149.942
01:21.9,7,1.66,15.4302868,75.0156607,733.722,0.088689686,95.198496,1.48,4.638,0.508,0.01143331,0.07541692,-0.002331262,-0.3090164,0.2627164,-9.764067,-0.3503892,1.092054,0.8389853,1.05301,0,-1.91,-1.82,149.94
01:21.9,7,1.66,15.4302868,75.0156607,733.726,0.096007193,85.312133,1.48,4.639,0.514,0.005024198,0.064050865,0.001668852,-0.2997592,0.26586285,-9.7640925,-0.3605618,1.05334324,0.8175638,1.0481806,0,-1.91,-1.824,149.94
01:21.9,7,1.66,15.4302868,75.0156607,733.73,0.1033247,75.42577,1.48,4.64,0.52,-0.001384915,0.05268481,0.005668966,-0.290502,0.2690093,-9.764118,-0.3707344,1.01463248,0.7961423,1.0433512,0,-1.91,-1.828,149.94
01:21.9,7,1.66,15.4302868,75.01566071,733.73,0.10454472,76.336809,1.481,4.641,0.518,-0.004722846,0.037022055,0.008486018,-0.28783505,0.27067225,-9.7441805,-0.380907,0.97592172,0.7747208,1.0385218,0,-1.91,-1.832,149.94
01:22.0,7,1.66,15.4302868,75.01566072,733.73,0.10576474,77.247848,1.482,4.642,0.516,-0.008060778,0.0213593,0.01130307,-0.2851681,0.2723352,-9.724243,-0.3910796,0.93721096,0.7532993,1.0336924,0,-1.91,-1.836,149.94
01:22.0,7,1.66,15.4302868,75.01566073,733.73,0.10698476,78.158887,1.483,4.643,0.514,-0.014066744,0.005888127,0.008278703,-0.2822092,0.2622455,-9.721187,-0.4012522,0.8985002,0.7318778,1.028863,0,-1.91,-1.84,149.94
01:22.0,7,1.66,15.4302868,75.01566074,733.73,0.10820478,79.069926,1.484,4.644,0.512,-0.02007271,-0.009583047,0.005254335,-0.2792503,0.2521558,-9.718131,-0.38994932,0.86007774,0.78980104,1.00059786,0,-1.91,-1.84,149.938
01:22.0,7,1.66,15.4302868,75.01566075,733.73,0.1094248,79.980965,1.485,4.645,0.51,-0.0207884,-0.016953679,0.005112261,-0.27150415,0.24676205,-9.7194645,-0.37864644,0.82165528,0.84772428,0.97233272,0,-1.91,-1.84,149.936
01:22.0,7,1.66,15.4302868,75.01566076,733.73,0.11064482,80.892004,1.486,4.646,0.508,-0.02150409,-0.02432431,0.004970187,-0.263758,0.2413683,-9.720798,-0.36734356,0.78323282,0.90564752,0.94406758,0,-1.91,-1.84,149.934
01:22.1,7,1.66,15.4302868,75.01566077,733.73,0.11186484,81.803043,1.487,4.647,0.506,-0.02769918,-0.025443875,0.006276198,-0.2334323,0.21144905,-9.7609575,-0.35604068,0.74481036,0.96357076,0.91580244,0,-1.91,-1.84,149.932
01:22.1,7,1.66,15.4302868,75.01566078,733.73,0.11308486,82.714082,1.488,4.648,0.504,-0.03389427,-0.02656344,0.007582208,-0.2031066,0.1815298,-9.801117,-0.3447378,0.7063879,1.021494,0.8875373,0,-1.91,-1.84,149.93
01:22.1,7,1.66,15.4302868,75.01566079,733.73,0.11430488,83.625121,1.489,4.649,0.502,-0.03375452,-0.02453701,0.006449896,-0.2124944,0.17770555,-9.7946075,-0.34134694,0.67019596,1.00626692,0.83823716,0,-1.91,-1.838,149.93
01:22.1,7,1.66,15.4302868,75.0156608,733.73,0.1155249,84.53616,1.49,4.65,0.5,-0.03361477,-0.02251058,0.005317584,-0.2218822,0.1738813,-9.788098,-0.33795608,0.63400402,0.99103984,0.78893702,0,-1.91,-1.836,149.93
01:22.1,7,1.66,15.4302868,75.0156608,733.728,0.111364974,79.085872,1.49,4.652,0.505,-0.02873806,-0.015862548,0.002204538,-0.24660475,0.2017156,-9.7481475,-0.33456522,0.59781208,0.97581276,0.73963688,0,-1.91,-1.834,149.93
01:22.2,7,1.66,15.4302868,75.0156608,733.726,0.107205048,73.635584,1.49,4.654,0.51,-0.02386135,-0.009214516,-0.000908509,-0.2713273,0.2295499,-9.708197,-0.33117436,0.56162014,0.96058568,0.69033674,0,-1.91,-1.832,149.93
01:22.2,7,1.66,15.4302868,75.0156608,733.724,0.103045122,68.185296,1.49,4.656,0.515,-0.022823595,0.002885102,-0.00378751,-0.27481155,0.2265129,-9.7228405,-0.3277835,0.5254282,0.9453586,0.6410366,0,-1.91,-1.83,149.93
01:22.2,7,1.66,15.4302868,75.0156608,733.722,0.098885196,62.735008,1.49,4.658,0.52,-0.02178584,0.01498472,-0.006666511,-0.2782958,0.2234759,-9.737484,-0.33117436,0.52651952,0.91717838,0.63748692,0,-1.91,-1.83,149.928
01:22.2,7,1.66,15.4302868,75.0156608,733.72,0.09472527,57.28472,1.49,4.66,0.525,-0.01779947,0.02088824,-0.005709411,-0.2770188,0.22838075,-9.739083,-0.33456522,0.52761084,0.88899816,0.63393724,0,-1.91,-1.83,149.926
01:22.2,7,1.66,15.4302868,75.0156608,733.718,0.090565344,51.834432,1.49,4.662,0.53,-0.0138131,0.02679176,-0.00475231,-0.2757418,0.2332856,-9.740682,-0.33795608,0.52870216,0.86081794,0.63038756,0,-1.91,-1.83,149.924
01:22.3,7,1.66,15.4302868,75.0156608,733.716,0.086405418,46.384144,1.49,4.664,0.535,-0.011066961,0.030387335,-0.002686405,-0.2803396,0.24145315,-9.740019,-0.34134694,0.52979348,0.83263772,0.62683788,0,-1.91,-1.83,149.922
01:22.3,7,1.66,15.4302868,75.0156608,733.714,0.082245492,40.933856,1.49,4.666,0.54,-0.008320821,0.03398291,-0.0006205,-0.2849374,0.2496207,-9.739356,-0.3447378,0.5308848,0.8044575,0.6232882,0,-1.91,-1.83,149.92
01:22.3,7,1.66,15.4302868,75.0156608,733.712,0.078085566,35.483568,1.49,4.668,0.545,-0.006682158,0.029529335,0.001052285,-0.27728105,0.25114775,-9.738962,-0.31761088,0.53494846,0.7793298,0.65077494,0,-1.91,-1.832,149.92
01:22.3,7,1.66,15.4302868,75.0156608,733.71,0.07392564,30.03328,1.49,4.67,0.55,-0.005043495,0.02507576,0.00272507,-0.2696247,0.2526748,-9.738568,-0.29048396,0.53901212,0.7542021,0.67826168,0,-1.91,-1.834,149.92
01:22.3,7,1.66,15.43028679,75.0156608,733.714,0.073680104,43.237162,1.49,4.671,0.541,-0.009633382,0.025676565,0.005320754,-0.23916365,0.22182585,-9.7757785,-0.26335704,0.54307578,0.7290744,0.70574842,0,-1.91,-1.836,149.92
01:22.4,7,1.66,15.43028678,75.0156608,733.718,0.073434568,56.441044,1.49,4.672,0.532,-0.01422327,0.02627737,0.007916437,-0.2087026,0.1909769,-9.812989,-0.23623012,0.54713944,0.7039467,0.73323516,0,-1.91,-1.838,149.92
01:22.4,7,1.66,15.43028677,75.0156608,733.722,0.073189032,69.644926,1.49,4.673,0.523,-0.004407379,0.009128822,0.008047883,-0.22891115,0.22882085,-9.770365,-0.2091032,0.5512031,0.678819,0.7607219,0,-1.91,-1.84,149.92
01:22.4,7,1.66,15.43028676,75.0156608,733.726,0.072943496,82.848808,1.49,4.674,0.514,0.005408511,-0.008019726,0.008179329,-0.2491197,0.2666648,-9.727741,-0.25770558,0.52195746,0.69481384,0.75493584,0,-1.91,-1.84,149.918
01:22.4,7,1.66,15.43028675,75.0156608,733.73,0.07269796,96.05269,1.49,4.675,0.505,0.007012755,-0.019227468,0.011280499,-0.2553616,0.27681925,-9.72279,-0.30630796,0.49271182,0.71080868,0.74914978,0,-1.91,-1.84,149.916
01:22.4,7,1.66,15.43028674,75.0156608,733.734,0.072452424,109.256572,1.49,4.676,0.496,0.008616998,-0.03043521,0.01438167,-0.2616035,0.2869737,-9.717839,-0.35491034,0.46346618,0.72680352,0.74336372,0,-1.91,-1.84,149.914
01:22.5,7,1.66,15.43028673,75.0156608,733.738,0.072206888,122.460454,1.49,4.677,0.487,0.010966749,-0.042903065,0.013818025,-0.2460497,0.28521305,-9.7130665,-0.40351272,0.43422054,0.74279836,0.73757766,0,-1.91,-1.84,149.912
01:22.5,7,1.66,15.43028672,75.0156608,733.742,0.071961352,135.664336,1.49,4.678,0.478,0.0133165,-0.05537092,0.01325438,-0.2304959,0.2834524,-9.708294,-0.4521151,0.4049749,0.7587932,0.7317916,0,-1.91,-1.84,149.91
01:22.5,7,1.66,15.43028671,75.0156608,733.746,0.071715816,148.868218,1.49,4.679,0.469,0.019219565,-0.06852478,0.01260888,-0.23712875,0.29265965,-9.699656,-0.43516078,0.44324852,0.77000414,0.74647312,0,-1.908,-1.84,149.908
01:22.5,7,1.66,15.4302867,75.0156608,733.75,0.07147028,162.0721,1.49,4.68,0.46,0.02512263,-0.08167864,0.01196338,-0.2437616,0.3018669,-9.691018,-0.41820646,0.48152214,0.78121508,0.76115464,0,-1.906,-1.84,149.906
01:22.5,7,1.66,15.4302867,75.0156608,733.745,0.074435122,150.324823,1.491,4.681,0.468,0.02369362,-0.08412217,0.008423628,-0.2087628,0.2630732,-9.7406165,-0.40125214,0.51979576,0.79242602,0.77583616,0,-1.904,-1.84,149.904
01:22.6,7,1.66,15.4302867,75.0156608,733.74,0.077399964,138.577546,1.492,4.682,0.476,0.02226461,-0.0865657,0.004883875,-0.173764,0.2242795,-9.790215,-0.38429782,0.55806938,0.80363696,0.79051768,0,-1.902,-1.84,149.902
01:22.6,7,1.66,15.4302867,75.0156608,733.735,0.080364806,126.830269,1.493,4.683,0.484,0.02527615,-0.08850097,0.002124966,-0.2058243,0.2525189,-9.7334985,-0.3673435,0.596343,0.8148479,0.8051992,0,-1.9,-1.84,149.9
01:22.6,7,1.66,15.4302867,75.0156608,733.73,0.083329648,115.082992,1.494,4.684,0.492,0.02828769,-0.09043624,-0.000633942,-0.2378846,0.2807583,-9.676782,-0.3684738,0.62349926,0.79995432,0.81620714,0,-1.898,-1.838,149.898
01:22.6,7,1.66,15.4302867,75.0156608,733.725,0.08629449,103.335715,1.495,4.685,0.5,0.028797425,-0.08966585,-0.004096185,-0.22155665,0.2834941,-9.6805475,-0.3696041,0.65065552,0.78506074,0.82721508,0,-1.896,-1.836,149.896
01:22.6,7,1.66,15.4302867,75.0156608,733.72,0.089259332,91.588438,1.496,4.686,0.508,0.02930716,-0.08889546,-0.007558427,-0.2052287,0.2862299,-9.684313,-0.3707344,0.67781178,0.77016716,0.83822302,0,-1.894,-1.834,149.894
01:22.7,7,1.66,15.4302867,75.0156608,733.715,0.092224174,79.841161,1.497,4.687,0.516,0.029079235,-0.075359795,-0.010698299,-0.22575435,0.27944325,-9.690593,-0.3718647,0.70496804,0.75527358,0.84923096,0,-1.892,-1.832,149.892
01:22.7,7,1.66,15.4302867,75.0156608,733.71,0.095189016,68.093884,1.498,4.688,0.524,0.02885131,-0.06182413,-0.01383817,-0.24628,0.2726566,-9.696873,-0.372995,0.7321243,0.74038,0.8602389,0,-1.89,-1.83,149.89
01:22.7,7,1.66,15.4302867,75.0156608,733.705,0.098153858,56.346607,1.499,4.689,0.532,0.028150595,-0.050590045,-0.018568315,-0.2349834,0.27623565,-9.7059585,-0.34812866,0.69181106,0.71452788,0.83188436,0,-1.89,-1.83,149.89
01:22.7,7,1.66,15.4302867,75.0156608,733.7,0.1011187,44.59933,1.5,4.69,0.54,0.02744988,-0.03935596,-0.02329846,-0.2236868,0.2798147,-9.715044,-0.32326232,0.65149782,0.68867576,0.80352982,0,-1.89,-1.83,149.89
01:22.7,7,1.66,15.43028671,75.0156608,733.696,0.099882077,43.490499,1.5,4.691,0.54,0.02352002,-0.020942716,-0.024488895,-0.23945085,0.2413094,-9.7744305,-0.29839598,0.61118458,0.66282364,0.77517528,0,-1.89,-1.83,149.89
01:22.8,7,1.66,15.43028672,75.0156608,733.692,0.098645454,42.381668,1.5,4.692,0.54,0.01959016,-0.002529472,-0.02567933,-0.2552149,0.2028041,-9.833817,-0.27352964,0.57087134,0.63697152,0.74682074,0,-1.89,-1.83,149.89
01:22.8,7,1.66,15.43028673,75.0156608,733.688,0.097408831,41.272837,1.5,4.693,0.54,0.02200605,-0.005257997,-0.025871355,-0.2425213,0.24037455,-9.779343,-0.2486633,0.5305581,0.6111194,0.7184662,0,-1.89,-1.83,149.89
01:22.8,7,1.66,15.43028674,75.0156608,733.684,0.096172208,40.164006,1.5,4.694,0.54,0.02442194,-0.007986522,-0.02606338,-0.2298277,0.277945,-9.724869,-0.25092388,0.54042056,0.66347578,0.70059658,0,-1.89,-1.832,149.888
01:22.8,7,1.66,15.43028675,75.0156608,733.68,0.094935585,39.055175,1.5,4.695,0.54,0.02413152,-0.008156337,-0.02336236,-0.2419757,0.2670236,-9.724215,-0.25318446,0.55028302,0.71583216,0.68272696,0,-1.89,-1.834,149.886
01:22.8,7,1.66,15.43028676,75.0156608,733.676,0.093698962,37.946344,1.5,4.696,0.54,0.0238411,-0.008326151,-0.02066134,-0.2541237,0.2561022,-9.723561,-0.25544504,0.56014548,0.76818854,0.66485734,0,-1.89,-1.836,149.884
01:22.9,7,1.66,15.43028677,75.0156608,733.672,0.092462339,36.837513,1.5,4.697,0.54,0.015618038,-0.011279066,-0.017372675,-0.23789975,0.26778015,-9.7222715,-0.25770562,0.57000794,0.82054492,0.64698772,0,-1.89,-1.838,149.882
01:22.9,7,1.66,15.43028678,75.0156608,733.668,0.091225716,35.728682,1.5,4.698,0.54,0.007394976,-0.01423198,-0.01408401,-0.2216758,0.2794581,-9.720982,-0.2599662,0.5798704,0.8729013,0.6291181,0,-1.89,-1.84,149.88
01:22.9,7,1.66,15.43028679,75.0156608,733.664,0.089989093,34.619851,1.5,4.699,0.54,0.00047385,-0.022939855,-0.0131493,-0.16381015,0.2625829,-9.760567,-0.27352966,0.64348388,0.86622174,0.68772004,0,-1.89,-1.842,149.878
01:22.9,7,1.66,15.4302868,75.0156608,733.66,0.08875247,33.51102,1.5,4.7,0.54,-0.006447276,-0.03164773,-0.01221459,-0.1059445,0.2457077,-9.800152,-0.28709312,0.70709736,0.85954218,0.74632198,0,-1.89,-1.844,149.876
01:22.9,7,1.66,15.4302868,75.01566079,733.654,0.083760521,46.971048,1.5,4.702,0.533,-0.00603509,-0.03698114,-0.007404254,-0.07489176,0.24399105,-9.784211,-0.30065658,0.77071084,0.85286262,0.80492392,0,-1.89,-1.846,149.874
01:23.0,7,1.66,15.4302868,75.01566078,733.648,0.078768572,60.431076,1.5,4.704,0.526,-0.005622904,-0.04231455,-0.002593918,-0.04383902,0.2422744,-9.76827,-0.31422004,0.83432432,0.84618306,0.86352586,0,-1.89,-1.848,149.872
01:23.0,7,1.66,15.4302868,75.01566077,733.642,0.073776623,73.891104,1.5,4.706,0.519,-0.015258812,-0.044154395,0.001938149,-0.13703131,0.24725115,-9.738536,-0.3277835,0.8979378,0.8395035,0.9221278,0,-1.89,-1.85,149.87
01:23.0,7,1.66,15.4302868,75.01566076,733.636,0.068784674,87.351132,1.5,4.708,0.512,-0.02489472,-0.04599424,0.006470215,-0.2302236,0.2522279,-9.708802,-0.30517774,0.92177904,0.81318684,0.94466444,0,-1.89,-1.848,149.87
01:23.0,7,1.66,15.4302868,75.01566075,733.63,0.063792725,100.81116,1.5,4.71,0.505,-0.025559905,-0.059778195,0.006078625,-0.2167257,0.25509555,-9.7015345,-0.28257198,0.94562028,0.78687018,0.96720108,0,-1.89,-1.846,149.87
01:23.0,7,1.66,15.4302868,75.01566074,733.624,0.058800776,114.271188,1.5,4.712,0.498,-0.02622509,-0.07356215,0.005687035,-0.2032278,0.2579632,-9.694267,-0.25996622,0.96946152,0.76055352,0.98973772,0,-1.89,-1.844,149.87
01:23.1,7,1.66,15.4302868,75.01566073,733.618,0.053808827,127.731216,1.5,4.714,0.491,-0.026049445,-0.069334395,0.008257678,-0.2183469,0.2601283,-9.691119,-0.23736046,0.99330276,0.73423686,1.01227436,0,-1.89,-1.842,149.87
01:23.1,7,1.66,15.4302868,75.01566072,733.612,0.048816878,141.191244,1.5,4.716,0.484,-0.0258738,-0.06510664,0.01082832,-0.233466,0.2622934,-9.687971,-0.2147547,1.017144,0.7079202,1.034811,0,-1.89,-1.84,149.87
01:23.1,7,1.66,15.4302868,75.01566071,733.606,0.043824929,154.651272,1.5,4.718,0.477,-0.02757187,-0.05298708,0.011566675,-0.23148185,0.2553972,-9.6920555,-0.23170902,0.95671692,0.6860931,0.98011302,0,-1.89,-1.836,149.868
01:23.1,7,1.66,15.4302868,75.0156607,733.6,0.03883298,168.1113,1.5,4.72,0.47,-0.02926994,-0.04086752,0.01230503,-0.2294977,0.248501,-9.69614,-0.24866334,0.89628984,0.664266,0.92541504,0,-1.89,-1.832,149.866
01:23.1,7,1.66,15.43028679,75.01566068,733.595,0.039994482,179.67625,1.501,4.721,0.468,-0.02555923,-0.031842965,0.003743446,-0.2151933,0.2211239,-9.746255,-0.26561766,0.83586276,0.6424389,0.87071706,0,-1.89,-1.828,149.864
01:23.2,7,1.66,15.43028678,75.01566066,733.59,0.041155984,191.2412,1.502,4.722,0.466,-0.02184852,-0.02281841,-0.004818137,-0.2008889,0.1937468,-9.79637,-0.28257198,0.77543568,0.6206118,0.81601908,0,-1.89,-1.824,149.862
01:23.2,7,1.66,15.43028677,75.01566064,733.585,0.042317486,202.80615,1.503,4.723,0.464,-0.021677695,-0.006762471,-0.00633677,-0.22979645,0.2108271,-9.7596235,-0.2995263,0.7150086,0.5987847,0.7613211,0,-1.89,-1.82,149.86
01:23.2,7,1.66,15.43028676,75.01566062,733.58,0.043478988,214.3711,1.504,4.724,0.462,-0.02150687,0.009293468,-0.007855402,-0.258704,0.2279074,-9.722877,-0.31308974,0.71445208,0.6047234,0.73270324,0,-1.89,-1.814,149.858
01:23.2,7,1.66,15.43028675,75.0156606,733.575,0.04464049,225.93605,1.505,4.725,0.46,-0.02060738,0.025689839,-0.005219671,-0.2759947,0.23655625,-9.7295615,-0.32665318,0.71389556,0.6106621,0.70408538,0,-1.89,-1.808,149.856
01:23.2,7,1.66,15.43028674,75.01566058,733.57,0.045801992,237.501,1.506,4.726,0.458,-0.01970789,0.04208621,-0.00258394,-0.2932854,0.2452051,-9.736246,-0.34021662,0.71333904,0.6166008,0.67546752,0,-1.89,-1.802,149.854
01:23.3,7,1.66,15.43028673,75.01566056,733.565,0.046963494,249.06595,1.507,4.727,0.456,-0.022317085,0.058345815,-0.005830127,-0.29801,0.22715855,-9.744394,-0.35378006,0.71278252,0.6225395,0.64684966,0,-1.89,-1.796,149.852
01:23.3,7,1.66,15.43028672,75.01566054,733.56,0.048124996,260.6309,1.508,4.728,0.454,-0.02492628,0.07460542,-0.009076313,-0.3027346,0.209112,-9.752542,-0.3673435,0.712226,0.6284782,0.6182318,0,-1.89,-1.79,149.85
01:23.3,7,1.66,15.43028671,75.01566052,733.555,0.049286498,272.19585,1.509,4.729,0.452,-0.021398705,0.086731085,-0.012012592,-0.3107071,0.22512585,-9.765252,-0.33682574,0.7998946,0.65698542,0.67991622,0,-1.89,-1.788,149.85
01:23.3,7,1.66,15.4302867,75.0156605,733.55,0.050448,283.7608,1.51,4.73,0.45,-0.01787113,0.09885675,-0.01494887,-0.3186796,0.2411397,-9.777962,-0.30630798,0.8875632,0.68549264,0.74160064,0,-1.89,-1.786,149.85
01:23.3,7,1.66,15.43028669,75.01566048,733.545,0.049504419,277.88472,1.51,4.731,0.45,-0.01826264,0.113684975,-0.018140455,-0.21781335,0.1990742,-9.8101765,-0.27579022,0.9752318,0.71399986,0.80328506,0,-1.89,-1.784,149.85
01:23.4,7,1.66,15.43028668,75.01566046,733.54,0.048560838,272.00864,1.51,4.732,0.45,-0.01865415,0.1285132,-0.02133204,-0.1169471,0.1570087,-9.842391,-0.24527246,1.0629004,0.74250708,0.86496948,0,-1.89,-1.782,149.85
01:23.4,7,1.66,15.43028667,75.01566044,733.535,0.047617257,266.13256,1.51,4.733,0.45,-0.0200172,0.1246454,-0.01791435,-0.22166215,0.1969891,-9.8182085,-0.2147547,1.150569,0.7710143,0.9266539,0,-1.89,-1.78,149.85
01:23.4,7,1.66,15.43028666,75.01566042,733.53,0.046673676,260.25648,1.51,4.734,0.45,-0.02138025,0.1207776,-0.01449666,-0.3263772,0.2369695,-9.794026,-0.25318448,1.1675042,0.75670806,0.95526472,0,-1.886,-1.78,149.848
01:23.4,7,1.66,15.43028665,75.0156604,733.525,0.045730095,254.3804,1.51,4.735,0.45,-0.02198496,0.11766995,-0.012704235,-0.32645105,0.2268363,-9.78775,-0.29161426,1.1844394,0.74240182,0.98387554,0,-1.882,-1.78,149.846
01:23.4,7,1.66,15.43028664,75.01566038,733.52,0.044786514,248.50432,1.51,4.736,0.45,-0.02258967,0.1145623,-0.01091181,-0.3265249,0.2167031,-9.781474,-0.33004404,1.2013746,0.72809558,1.01248636,0,-1.878,-1.78,149.844
01:23.5,7,1.66,15.43028663,75.01566036,733.515,0.043842933,242.62824,1.51,4.737,0.45,-0.021053165,0.102554145,-0.0051796,-0.32367665,0.23798495,-9.77609,-0.36847382,1.2183098,0.71378934,1.04109718,0,-1.874,-1.78,149.842
01:23.5,7,1.66,15.43028662,75.01566034,733.51,0.042899352,236.75216,1.51,4.738,0.45,-0.01951666,0.09054599,0.000552609,-0.3208284,0.2592668,-9.770706,-0.4069036,1.235245,0.6994831,1.069708,0,-1.87,-1.78,149.84
01:23.5,7,1.66,15.43028661,75.01566032,733.505,0.041955771,230.87608,1.51,4.739,0.45,-0.022440335,0.0847484,0.005678525,-0.2529508,0.2113183,-9.7936515,-0.38429784,1.1721179,0.66416706,1.02786916,0,-1.868,-1.78,149.84
01:23.5,7,1.66,15.4302866,75.0156603,733.5,0.04101219,225,1.51,4.74,0.45,-0.02536401,0.07895081,0.01080444,-0.1850732,0.1633698,-9.816597,-0.36169208,1.1089908,0.62885102,0.98603032,0,-1.866,-1.78,149.84
01:23.5,7,1.66,15.4302866,75.01566028,733.496,0.041798711,205.576272,1.511,4.741,0.457,-0.01936261,0.06424268,0.0094245,-0.19852615,0.18743755,-9.8263,-0.33908632,1.0458637,0.59353498,0.94419148,0,-1.864,-1.78,149.84
01:23.6,7,1.66,15.4302866,75.01566026,733.492,0.042585232,186.152544,1.512,4.742,0.464,-0.01336121,0.04953455,0.00804456,-0.2119791,0.2115053,-9.836003,-0.31648056,0.9827366,0.55821894,0.90235264,0,-1.862,-1.78,149.84
01:23.6,7,1.66,15.4302866,75.01566024,733.488,0.043371753,166.728816,1.513,4.743,0.471,0.001038575,0.0354585,0.006983405,-0.2395406,0.2411861,-9.7917535,-0.2938748,0.9196095,0.5229029,0.8605138,0,-1.86,-1.78,149.84
01:23.6,7,1.66,15.4302866,75.01566022,733.484,0.044158274,147.305088,1.514,4.744,0.478,0.01543836,0.02138245,0.00592225,-0.2671021,0.2708669,-9.747504,-0.27013876,0.88803664,0.57145292,0.8153191,0,-1.856,-1.778,149.838
01:23.6,7,1.66,15.4302866,75.0156602,733.48,0.044944795,127.88136,1.515,4.745,0.485,0.017033735,0.009065434,0.009062515,-0.2673798,0.27889585,-9.7377235,-0.24640272,0.85646378,0.62000294,0.7701244,0,-1.852,-1.776,149.836
01:23.6,7,1.66,15.4302866,75.01566018,733.476,0.045731316,108.457632,1.516,4.746,0.492,0.01862911,-0.003251583,0.01220278,-0.2676575,0.2869248,-9.727943,-0.22266668,0.82489092,0.66855296,0.7249297,0,-1.848,-1.774,149.834
01:23.7,7,1.66,15.4302866,75.01566016,733.472,0.046517837,89.033904,1.517,4.747,0.499,0.025139795,-0.012258462,0.015078875,-0.2594002,0.294636,-9.7272585,-0.19893064,0.79331806,0.71710298,0.679735,0,-1.844,-1.772,149.832
01:23.7,7,1.66,15.4302866,75.01566014,733.468,0.047304358,69.610176,1.518,4.748,0.506,0.03165048,-0.02126534,0.01795497,-0.2511429,0.3023472,-9.726574,-0.1751946,0.7617452,0.765653,0.6345403,0,-1.84,-1.77,149.83
01:23.7,7,1.66,15.4302866,75.01566012,733.464,0.048090879,50.186448,1.519,4.749,0.513,0.03890511,-0.013434707,0.011925941,-0.20253375,0.2578454,-9.778932,-0.21814554,0.83119416,0.78197368,0.67295922,0,-1.836,-1.768,149.828
01:23.7,7,1.66,15.4302866,75.0156601,733.46,0.0488774,30.76272,1.52,4.75,0.52,0.04615974,-0.005604073,0.005896911,-0.1539246,0.2133436,-9.83129,-0.26109648,0.90064312,0.79829436,0.71137814,0,-1.832,-1.766,149.826
01:23.7,7,1.66,15.4302866,75.01566009,733.453,0.046901704,29.280988,1.52,4.751,0.519,0.05139627,-0.011126747,0.004339136,-0.1426614,0.2192105,-9.8335665,-0.30404742,0.97009208,0.81461504,0.74979706,0,-1.828,-1.764,149.824
01:23.8,7,1.66,15.4302866,75.01566008,733.446,0.044926008,27.799256,1.52,4.752,0.518,0.0566328,-0.01664942,0.00278136,-0.1313982,0.2250774,-9.835843,-0.34699836,1.03954104,0.83093572,0.78821598,0,-1.824,-1.762,149.822
01:23.8,7,1.66,15.4302866,75.01566007,733.439,0.042950312,26.317524,1.52,4.753,0.517,0.059483995,-0.023000645,0.003415464,-0.18587395,0.26274055,-9.773709,-0.3899493,1.10899,0.8472564,0.8266349,0,-1.82,-1.76,149.82
01:23.8,7,1.66,15.4302866,75.01566006,733.432,0.040974616,24.835792,1.52,4.754,0.516,0.06233519,-0.02935187,0.004049567,-0.2403497,0.3004037,-9.711575,-0.35943152,1.1340518,0.83010242,0.86504372,0,-1.818,-1.758,149.818
01:23.8,7,1.66,15.4302866,75.01566005,733.425,0.03899892,23.35406,1.52,4.755,0.515,0.06423133,-0.027477615,-0.001087595,-0.24164825,0.2983598,-9.7194485,-0.32891374,1.1591136,0.81294844,0.90345254,0,-1.816,-1.756,149.816
01:23.8,7,1.66,15.4302866,75.01566004,733.418,0.037023224,21.872328,1.52,4.756,0.514,0.06612747,-0.02560336,-0.006224757,-0.2429468,0.2963159,-9.727322,-0.29839596,1.1841754,0.79579446,0.94186136,0,-1.814,-1.754,149.814
01:23.9,7,1.66,15.4302866,75.01566003,733.411,0.035047528,20.390596,1.52,4.757,0.513,0.0652368,-0.02152456,-0.007261642,-0.2415609,0.29664175,-9.727696,-0.26787818,1.2092372,0.77864048,0.98027018,0,-1.812,-1.752,149.812
01:23.9,7,1.66,15.4302866,75.01566002,733.404,0.033071832,18.908864,1.52,4.758,0.512,0.06434613,-0.01744576,-0.008298527,-0.240175,0.2969676,-9.72807,-0.2373604,1.234299,0.7614865,1.018679,0,-1.81,-1.75,149.81
01:23.9,7,1.66,15.4302866,75.01566001,733.397,0.031096136,17.427132,1.52,4.759,0.511,0.062895245,-0.00588786,-0.009766648,-0.24705305,0.2913078,-9.7320895,-0.26900846,1.1787156,0.73426324,0.9910028,0,-1.81,-1.75,149.81
01:23.9,7,1.66,15.4302866,75.01566,733.39,0.02912044,15.9454,1.52,4.76,0.51,0.06144436,0.00567004,-0.01123477,-0.2539311,0.285648,-9.736109,-0.30065652,1.1231322,0.70703998,0.9633266,0,-1.81,-1.75,149.81
01:23.9,7,1.66,15.4302866,75.01565999,733.388,0.031166218,19.177908,1.52,4.762,0.512,0.053861285,0.011849105,-0.01072447,-0.216397,0.2568502,-9.7902295,-0.33230458,1.0675488,0.67981672,0.9356504,0,-1.81,-1.75,149.81
01:24.0,7,1.66,15.4302866,75.01565998,733.386,0.033211996,22.410416,1.52,4.764,0.514,0.04627821,0.01802817,-0.01021417,-0.1788629,0.2280524,-9.84435,-0.36395264,1.0119654,0.65259346,0.9079742,0,-1.81,-1.75,149.81
01:24.0,7,1.66,15.4302866,75.01565997,733.384,0.035257774,25.642924,1.52,4.766,0.516,0.03560212,0.010822148,-0.01260121,-0.20496795,0.2469248,-9.7887925,-0.3956007,0.956382,0.6253702,0.880298,0,-1.81,-1.75,149.81
01:24.0,7,1.66,15.4302866,75.01565996,733.382,0.037303552,28.875432,1.52,4.768,0.518,0.02492603,0.003616125,-0.01498825,-0.231073,0.2657972,-9.733235,-0.39899156,0.90697274,0.65254774,0.8499098,0,-1.81,-1.752,149.81
01:24.0,7,1.66,15.4302866,75.01565995,733.38,0.03934933,32.10794,1.52,4.77,0.52,0.021107525,-0.005868788,-0.010408092,-0.2344139,0.25629375,-9.725819,-0.40238242,0.85756348,0.67972528,0.8195216,0,-1.81,-1.754,149.81
01:24.0,7,1.66,15.4302866,75.01565994,733.378,0.041395108,35.340448,1.52,4.772,0.522,0.01728902,-0.0153537,-0.005827934,-0.2377548,0.2467903,-9.718403,-0.40577328,0.80815422,0.70690282,0.7891334,0,-1.81,-1.756,149.81
01:24.1,7,1.66,15.4302866,75.01565993,733.376,0.043440886,38.572956,1.52,4.774,0.524,0.011700875,-0.021085655,-0.001547236,-0.22614975,0.25050345,-9.71772,-0.40916414,0.75874496,0.73408036,0.7587452,0,-1.81,-1.758,149.81
01:24.1,7,1.66,15.4302866,75.01565992,733.374,0.045486664,41.805464,1.52,4.776,0.526,0.006112729,-0.02681761,0.002733462,-0.2145447,0.2542166,-9.717037,-0.412555,0.7093357,0.7612579,0.728357,0,-1.81,-1.76,149.81
01:24.1,7,1.66,15.4302866,75.01565991,733.372,0.047532442,45.037972,1.52,4.778,0.528,0.003903464,-0.03206558,0.002947281,-0.1664963,0.23995165,-9.747414,-0.36960408,0.75037162,0.77206264,0.72865472,0,-1.808,-1.762,149.81
01:24.1,7,1.66,15.4302866,75.0156599,733.37,0.04957822,48.27048,1.52,4.78,0.53,0.001694198,-0.03731355,0.0031611,-0.1184479,0.2256867,-9.777791,-0.32665316,0.79140754,0.78286738,0.72895244,0,-1.806,-1.764,149.81
01:24.1,7,1.66,15.43028659,75.01565989,733.369,0.044936626,59.599932,1.521,4.781,0.526,-0.006194581,-0.05165324,0.01038898,-0.092434865,0.22949735,-9.7741565,-0.28370224,0.83244346,0.79367212,0.72925016,0,-1.804,-1.766,149.81
01:24.2,7,1.66,15.43028658,75.01565988,733.368,0.040295032,70.929384,1.522,4.782,0.522,-0.01408336,-0.06599293,0.01761686,-0.06642183,0.233308,-9.770522,-0.24075132,0.87347938,0.80447686,0.72954788,0,-1.802,-1.768,149.81
01:24.2,7,1.66,15.43028657,75.01565987,733.367,0.035653437,82.258836,1.523,4.783,0.518,-0.01869831,-0.07041784,0.02184277,-0.138329515,0.2425722,-9.7286965,-0.1978004,0.9145153,0.8152816,0.7298456,0,-1.8,-1.77,149.81
01:24.2,7,1.66,15.43028656,75.01565986,733.366,0.031011843,93.588288,1.524,4.784,0.514,-0.02331326,-0.07484275,0.02606868,-0.2102372,0.2518364,-9.686871,-0.176324926,0.93710044,0.80017796,0.75233456,0,-1.8,-1.768,149.808
01:24.2,7,1.66,15.43028655,75.01565985,733.365,0.026370249,104.91774,1.525,4.785,0.51,-0.023803805,-0.07991686,0.027324875,-0.20097335,0.25352495,-9.6821665,-0.154849452,0.95968558,0.78507432,0.77482352,0,-1.8,-1.766,149.806
01:24.2,7,1.66,15.43028654,75.01565984,733.364,0.021728655,116.247192,1.526,4.786,0.506,-0.02429435,-0.08499097,0.02858107,-0.1917095,0.2552135,-9.677462,-0.133373978,0.98227072,0.76997068,0.79731248,0,-1.8,-1.764,149.804
01:24.3,7,1.66,15.43028653,75.01565983,733.363,0.017087061,127.576644,1.527,4.787,0.502,-0.02453062,-0.087761795,0.027595765,-0.19985455,0.2472211,-9.6748995,-0.111898504,1.00485586,0.75486704,0.81980144,0,-1.8,-1.762,149.802
01:24.3,7,1.66,15.43028652,75.01565982,733.362,0.012445466,138.906096,1.528,4.788,0.498,-0.02476689,-0.09053262,0.02661046,-0.2079996,0.2392287,-9.672337,-0.09042303,1.027441,0.7397634,0.8422904,0,-1.8,-1.76,149.8
01:24.3,7,1.66,15.43028651,75.01565981,733.361,0.007803872,150.235548,1.529,4.789,0.494,-0.02190212,-0.086187615,0.028036905,-0.2024436,0.24759835,-9.6780235,-0.096074464,0.98139796,0.71814272,0.83328542,0,-1.8,-1.756,149.8
01:24.3,7,1.66,15.4302865,75.0156598,733.36,0.003162278,161.565,1.53,4.79,0.49,-0.01903735,-0.08184261,0.02946335,-0.1968876,0.255968,-9.68371,-0.101725898,0.93535492,0.69652204,0.82428044,0,-1.8,-1.752,149.8
01:24.3,7,1.66,15.4302865,75.01565979,733.356,0.005401437,169.35058,1.53,4.792,0.488,-0.01948172,-0.06652056,0.02542676,-0.172285,0.2216913,-9.7360735,-0.107377332,0.88931188,0.67490136,0.81527546,0,-1.8,-1.748,149.8
01:24.4,7,1.66,15.4302865,75.01565978,733.352,0.007640596,177.13616,1.53,4.794,0.486,-0.01992609,-0.05119851,0.02139017,-0.1476824,0.1874146,-9.788437,-0.113028766,0.84326884,0.65328068,0.80627048,0,-1.8,-1.744,149.8
01:24.4,7,1.66,15.4302865,75.01565977,733.348,0.009879756,184.92174,1.53,4.796,0.484,-0.014530331,-0.045077925,0.017617605,-0.1888691,0.22256705,-9.744399,-0.1186802,0.7972258,0.63166,0.7972655,0,-1.8,-1.74,149.8
01:24.4,7,1.66,15.4302865,75.01565976,733.344,0.012118915,192.70732,1.53,4.798,0.482,-0.009134572,-0.03895734,0.01384504,-0.2300558,0.2577195,-9.700361,-0.1740643,0.74566318,0.67101446,0.75431434,0,-1.8,-1.738,149.798
01:24.4,7,1.66,15.4302865,75.01565975,733.34,0.014358074,200.4929,1.53,4.8,0.48,-0.007861362,-0.025481335,0.012780175,-0.2453743,0.25082615,-9.7085655,-0.2294484,0.69410056,0.71036892,0.71136318,0,-1.8,-1.736,149.796
01:24.4,7,1.66,15.4302865,75.01565974,733.336,0.016597233,208.27848,1.53,4.802,0.478,-0.006588152,-0.01200533,0.01171531,-0.2606928,0.2439328,-9.71677,-0.2848325,0.64253794,0.74972338,0.66841202,0,-1.8,-1.734,149.794
01:24.5,7,1.66,15.4302865,75.01565973,733.332,0.018836392,216.06406,1.53,4.804,0.476,-0.005344383,-0.00063613,0.010334643,-0.26705295,0.24413305,-9.72181,-0.3402166,0.59097532,0.78907784,0.62546086,0,-1.8,-1.732,149.792
01:24.5,7,1.66,15.4302865,75.01565972,733.328,0.021075552,223.84964,1.53,4.806,0.474,-0.004100614,0.01073307,0.008953976,-0.2734131,0.2443333,-9.72685,-0.3956007,0.5394127,0.8284323,0.5825097,0,-1.8,-1.73,149.79
01:24.5,7,1.66,15.4302865,75.01565971,733.324,0.023314711,231.63522,1.53,4.808,0.472,-0.007574087,0.02127733,0.00523688,-0.2778301,0.2320409,-9.738083,-0.35151948,0.57196314,0.83792174,0.57914334,0,-1.798,-1.728,149.79
01:24.5,7,1.66,15.4302865,75.0156597,733.32,0.02555387,239.4208,1.53,4.81,0.47,-0.01104756,0.03182159,0.001519784,-0.2822471,0.2197485,-9.749316,-0.30743826,0.60451358,0.84741118,0.57577698,0,-1.796,-1.726,149.79
01:24.5,7,1.66,15.43028649,75.01565969,733.319,0.032025664,224.923458,1.53,4.811,0.472,-0.015028725,0.04031774,-0.003567962,-0.2327177,0.20500335,-9.781984,-0.26335704,0.63706402,0.85690062,0.57241062,0,-1.794,-1.724,149.79
01:24.6,7,1.66,15.43028648,75.01565968,733.318,0.038497458,210.426116,1.53,4.812,0.474,-0.01900989,0.04881389,-0.008655707,-0.1831883,0.1902582,-9.814652,-0.21927582,0.66961446,0.86639006,0.56904426,0,-1.792,-1.722,149.79
01:24.6,7,1.66,15.43028647,75.01565967,733.317,0.044969252,195.928774,1.53,4.813,0.476,-0.02009367,0.04435512,-0.007546499,-0.2371325,0.2084885,-9.780132,-0.1751946,0.7021649,0.8758795,0.5656779,0,-1.79,-1.72,149.79
01:24.6,7,1.66,15.43028646,75.01565966,733.316,0.051441046,181.431432,1.53,4.814,0.478,-0.02117745,0.03989635,-0.00643729,-0.2910767,0.2267188,-9.745612,-0.23283928,0.71534838,0.87668814,0.57840288,0,-1.79,-1.72,149.788
01:24.6,7,1.66,15.43028645,75.01565965,733.315,0.05791284,166.93409,1.53,4.815,0.48,-0.02267014,0.03277588,-0.005502001,-0.289531,0.2327793,-9.744873,-0.29048396,0.72853186,0.87749678,0.59112786,0,-1.79,-1.72,149.786
01:24.6,7,1.66,15.43028644,75.01565964,733.314,0.064384634,152.436748,1.53,4.816,0.482,-0.02416283,0.02565541,-0.004566712,-0.2879853,0.2388398,-9.744134,-0.34812864,0.74171534,0.87830542,0.60385284,0,-1.79,-1.72,149.784
01:24.7,7,1.66,15.43028643,75.01565963,733.313,0.070856428,137.939406,1.53,4.817,0.484,-0.019277555,0.015266547,-0.001925707,-0.28652105,0.2377777,-9.7369385,-0.40577332,0.75489882,0.87911406,0.61657782,0,-1.79,-1.72,149.782
01:24.7,7,1.66,15.43028642,75.01565962,733.312,0.077328222,123.442064,1.53,4.818,0.486,-0.01439228,0.004877683,0.000715298,-0.2850568,0.2367156,-9.729743,-0.463418,0.7680823,0.8799227,0.6293028,0,-1.79,-1.72,149.78
01:24.7,7,1.66,15.43028641,75.01565961,733.311,0.083800016,108.944722,1.53,4.819,0.488,-0.0149021,-0.002282235,0.00192102,-0.2736607,0.24630595,-9.726114,-0.4170762,0.72312974,0.8455784,0.62653678,0,-1.786,-1.722,149.78
01:24.7,7,1.66,15.4302864,75.0156596,733.31,0.09027181,94.44738,1.53,4.82,0.49,-0.01541192,-0.009442153,0.003126741,-0.2622646,0.2558963,-9.722485,-0.3707344,0.67817718,0.8112341,0.62377076,0,-1.782,-1.724,149.78
01:24.7,7,1.66,15.4302864,75.01565961,733.314,0.083500732,101.722212,1.53,4.821,0.488,-0.01706456,-0.021547677,0.006634901,-0.242637,0.2343636,-9.758212,-0.3243926,0.63322462,0.7768898,0.62100474,0,-1.778,-1.726,149.78
01:24.8,7,1.66,15.4302864,75.01565962,733.318,0.076729654,108.997044,1.53,4.822,0.486,-0.0187172,-0.0336532,0.01014306,-0.2230094,0.2128309,-9.793939,-0.2780508,0.58827206,0.7425455,0.61823872,0,-1.774,-1.728,149.78
01:24.8,7,1.66,15.4302864,75.01565963,733.322,0.069958576,116.271876,1.53,4.823,0.484,-0.014233498,-0.03724527,0.010871535,-0.23498835,0.23917465,-9.7543665,-0.231709,0.5433195,0.7082012,0.6154727,0,-1.77,-1.73,149.78
01:24.8,7,1.66,15.4302864,75.01565964,733.326,0.063187498,123.546708,1.53,4.824,0.482,-0.009749795,-0.04083734,0.01160001,-0.2469673,0.2655184,-9.714794,-0.21588498,0.53737304,0.69840662,0.60891152,0,-1.768,-1.73,149.778
01:24.8,7,1.66,15.4302864,75.01565965,733.33,0.05641642,130.82154,1.53,4.825,0.48,-0.000956746,-0.049818695,0.009622648,-0.2365832,0.2728999,-9.715387,-0.20006096,0.53142658,0.68861204,0.60235034,0,-1.766,-1.73,149.776
01:24.8,7,1.66,15.4302864,75.01565966,733.334,0.049645342,138.096372,1.53,4.826,0.478,0.007836302,-0.05880005,0.007645286,-0.2261991,0.2802814,-9.71598,-0.18423694,0.52548012,0.67881746,0.59578916,0,-1.764,-1.73,149.774
01:24.9,7,1.66,15.4302864,75.01565967,733.338,0.042874264,145.371204,1.53,4.827,0.476,0.013051201,-0.062240345,0.009685683,-0.2304992,0.2839049,-9.701129,-0.16841292,0.51953366,0.66902288,0.58922798,0,-1.762,-1.73,149.772
01:24.9,7,1.66,15.4302864,75.01565968,733.342,0.036103186,152.646036,1.53,4.828,0.474,0.0182661,-0.06568064,0.01172608,-0.2347993,0.2875284,-9.686278,-0.1525889,0.5135872,0.6592283,0.5826668,0,-1.76,-1.73,149.77
01:24.9,7,1.66,15.4302864,75.01565969,733.346,0.029332108,159.920868,1.53,4.829,0.472,0.025401255,-0.06448628,0.007331019,-0.2303223,0.2976374,-9.6859835,-0.17293408,0.55040314,0.68040478,0.5833715,0,-1.758,-1.728,149.768
01:24.9,7,1.66,15.4302864,75.0156597,733.35,0.02256103,167.1957,1.53,4.83,0.47,0.03253641,-0.06329192,0.002935957,-0.2258453,0.3077464,-9.685689,-0.19327926,0.58721908,0.70158126,0.5840762,0,-1.756,-1.726,149.766
01:24.9,7,1.66,15.4302864,75.01565971,733.353,0.035325577,155.842543,1.531,4.831,0.474,0.036334735,-0.051505575,0.004404265,-0.19399095,0.27280005,-9.757454,-0.21362444,0.62403502,0.72275774,0.5847809,0,-1.754,-1.724,149.764
01:25.0,7,1.66,15.4302864,75.01565972,733.356,0.048090124,144.489386,1.532,4.832,0.478,0.04013306,-0.03971923,0.005872572,-0.1621366,0.2378537,-9.829219,-0.23396962,0.66085096,0.74393422,0.5854856,0,-1.752,-1.722,149.762
01:25.0,7,1.66,15.4302864,75.01565973,733.359,0.060854671,133.136229,1.533,4.833,0.482,0.04505838,-0.03831724,0.002840066,-0.20118045,0.2738777,-9.773079,-0.2543148,0.6976669,0.7651107,0.5861903,0,-1.75,-1.72,149.76
01:25.0,7,1.66,15.4302864,75.01565974,733.362,0.073619218,121.783072,1.534,4.834,0.486,0.0499837,-0.03691525,-0.000192441,-0.2402243,0.3099017,-9.716939,-0.26109652,0.68982426,0.77832352,0.57513666,0,-1.748,-1.72,149.758
01:25.0,7,1.66,15.4302864,75.01565975,733.365,0.086383765,110.429915,1.535,4.835,0.49,0.04911026,-0.033276105,-0.005384865,-0.2431152,0.3003604,-9.7204835,-0.26787824,0.68198162,0.79153634,0.56408302,0,-1.746,-1.72,149.756
01:25.0,7,1.66,15.4302864,75.01565976,733.368,0.099148312,99.076758,1.536,4.836,0.494,0.04823682,-0.02963696,-0.01057729,-0.2460061,0.2908191,-9.724028,-0.27465996,0.67413898,0.80474916,0.55302938,0,-1.744,-1.72,149.754
01:25.1,7,1.66,15.4302864,75.01565977,733.371,0.111912859,87.723601,1.537,4.837,0.498,0.045440765,-0.026169985,-0.012314705,-0.2469311,0.29336875,-9.731732,-0.28144168,0.66629634,0.81796198,0.54197574,0,-1.742,-1.72,149.752
01:25.1,7,1.66,15.4302864,75.01565978,733.374,0.124677406,76.370444,1.538,4.838,0.502,0.04264471,-0.02270301,-0.01405212,-0.2478561,0.2959184,-9.739436,-0.2882234,0.6584537,0.8311748,0.5309221,0,-1.74,-1.72,149.75
01:25.1,7,1.66,15.4302864,75.01565979,733.377,0.137441953,65.017287,1.539,4.839,0.506,0.036291045,-0.023214095,-0.018700975,-0.24737705,0.2879951,-9.731852,-0.2780508,0.61408488,0.80377296,0.52414268,0,-1.74,-1.722,149.75
01:25.1,7,1.66,15.4302864,75.0156598,733.38,0.1502065,53.66413,1.54,4.84,0.51,0.02993738,-0.02372518,-0.02334983,-0.246898,0.2800718,-9.724268,-0.2678782,0.56971606,0.77637112,0.51736326,0,-1.74,-1.724,149.75
01:25.1,7,1.66,15.4302864,75.0156598,733.374,0.145178848,55.490484,1.54,4.841,0.509,0.02491994,-0.02717721,-0.02387332,-0.2449485,0.2452622,-9.768204,-0.2577056,0.52534724,0.74896928,0.51058384,0,-1.74,-1.726,149.75
01:25.2,7,1.66,15.4302864,75.0156598,733.368,0.140151196,57.316838,1.54,4.842,0.508,0.0199025,-0.03062924,-0.02439681,-0.242999,0.2104526,-9.81214,-0.247533,0.48097842,0.72156744,0.50380442,0,-1.74,-1.728,149.75
01:25.2,7,1.66,15.4302864,75.0156598,733.362,0.135123544,59.143192,1.54,4.843,0.507,0.01978128,-0.039185935,-0.02436876,-0.23870145,0.2358152,-9.761012,-0.2373604,0.4366096,0.6941656,0.497025,0,-1.74,-1.73,149.75
01:25.2,7,1.66,15.4302864,75.0156598,733.356,0.130095892,60.969546,1.54,4.844,0.506,0.01966006,-0.04774263,-0.02434071,-0.2344039,0.2611778,-9.709884,-0.22718782,0.46077054,0.69735932,0.5010217,0,-1.742,-1.732,149.748
01:25.2,7,1.66,15.4302864,75.0156598,733.35,0.12506824,62.7959,1.54,4.845,0.505,0.01783283,-0.05059854,-0.02456568,-0.2318813,0.26378105,-9.7091965,-0.21701524,0.48493148,0.70055304,0.5050184,0,-1.744,-1.734,149.746
01:25.2,7,1.66,15.4302864,75.0156598,733.344,0.120040588,64.622254,1.54,4.846,0.504,0.0160056,-0.05345445,-0.02479065,-0.2293587,0.2663843,-9.708509,-0.20684266,0.50909242,0.70374676,0.5090151,0,-1.746,-1.736,149.744
01:25.3,7,1.66,15.4302864,75.0156598,733.338,0.115012936,66.448608,1.54,4.847,0.503,0.008194824,-0.05811144,-0.02230885,-0.22960395,0.2592939,-9.703719,-0.19667008,0.53325336,0.70694048,0.5130118,0,-1.748,-1.738,149.742
01:25.3,7,1.66,15.4302864,75.0156598,733.332,0.109985284,68.274962,1.54,4.848,0.502,0.000384049,-0.06276843,-0.01982705,-0.2298492,0.2522035,-9.698929,-0.1864975,0.5574143,0.7101342,0.5170085,0,-1.75,-1.74,149.74
01:25.3,7,1.66,15.4302864,75.0156598,733.326,0.104957632,70.101316,1.54,4.849,0.501,-0.002033041,-0.068198955,-0.01557485,-0.2242015,0.25613605,-9.6916335,-0.21701528,0.60287228,0.75295524,0.55249848,0,-1.75,-1.74,149.738
01:25.3,7,1.66,15.4302864,75.0156598,733.32,0.09992998,71.92767,1.54,4.85,0.5,-0.00445013,-0.07362948,-0.01132265,-0.2185538,0.2600686,-9.684338,-0.24753306,0.64833026,0.79577628,0.58798846,0,-1.75,-1.74,149.736
01:25.3,7,1.66,15.4302864,75.0156598,733.315,0.095685895,68.740981,1.54,4.852,0.503,-0.006350326,-0.071635585,-0.01066429,-0.2156866,0.256077,-9.6925065,-0.27805084,0.69378824,0.83859732,0.62347844,0,-1.75,-1.74,149.734
01:25.4,7,1.66,15.4302864,75.0156598,733.31,0.09144181,65.554292,1.54,4.854,0.506,-0.008250522,-0.06964169,-0.01000593,-0.2128194,0.2520854,-9.700675,-0.30856862,0.73924622,0.88141836,0.65896842,0,-1.75,-1.74,149.732
01:25.4,7,1.66,15.4302864,75.0156598,733.305,0.087197725,62.367603,1.54,4.856,0.509,-0.006821394,-0.063937085,-0.007418284,-0.14053757,0.24949155,-9.748974,-0.3390864,0.7847042,0.9242394,0.6944584,0,-1.75,-1.74,149.73
01:25.4,7,1.66,15.4302864,75.0156598,733.3,0.08295364,59.180914,1.54,4.858,0.512,-0.005392265,-0.05823248,-0.004830638,-0.06825574,0.2468977,-9.797273,-0.32439264,0.79776074,0.9315104,0.72378608,0,-1.75,-1.738,149.73
01:25.4,7,1.66,15.4302864,75.0156598,733.295,0.078709555,55.994225,1.54,4.86,0.515,-0.010236338,-0.055023485,-0.003306493,-0.13646617,0.2454827,-9.7476205,-0.30969888,0.81081728,0.9387814,0.75311376,0,-1.75,-1.736,149.73
01:25.4,7,1.66,15.4302864,75.0156598,733.29,0.07446547,52.807536,1.54,4.862,0.518,-0.01508041,-0.05181449,-0.001782347,-0.2046766,0.2440677,-9.697968,-0.29500512,0.82387382,0.9460524,0.78244144,0,-1.75,-1.734,149.73
01:25.5,7,1.66,15.4302864,75.0156598,733.285,0.070221385,49.620847,1.54,4.864,0.521,-0.01449815,-0.049660835,0.000392105,-0.21713395,0.2445195,-9.7023015,-0.28031136,0.83693036,0.9533234,0.81176912,0,-1.75,-1.732,149.73
01:25.5,7,1.66,15.4302864,75.0156598,733.28,0.0659773,46.434158,1.54,4.866,0.524,-0.01391589,-0.04750718,0.002566557,-0.2295913,0.2449713,-9.706635,-0.2656176,0.8499869,0.9605944,0.8410968,0,-1.75,-1.73,149.73
01:25.5,7,1.66,15.4302864,75.0156598,733.275,0.061733215,43.247469,1.54,4.868,0.527,-0.020132145,-0.03844666,0.008188814,-0.2275966,0.25211185,-9.711767,-0.24640272,0.82016556,0.95110062,0.83655538,0,-1.75,-1.73,149.728
01:25.5,7,1.66,15.4302864,75.0156598,733.27,0.05748913,40.06078,1.54,4.87,0.53,-0.0263484,-0.02938614,0.01381107,-0.2256019,0.2592524,-9.716899,-0.22718784,0.79034422,0.94160684,0.83201396,0,-1.75,-1.73,149.726
01:25.5,7,1.66,15.4302864,75.01565981,733.272,0.06035474,45.387442,1.541,4.871,0.529,-0.020299265,-0.022896825,0.010872452,-0.2367726,0.25251025,-9.7149255,-0.20797296,0.76052288,0.93211306,0.82747254,0,-1.75,-1.73,149.724
01:25.6,7,1.66,15.4302864,75.01565982,733.274,0.06322035,50.714104,1.542,4.872,0.528,-0.01425013,-0.01640751,0.007933833,-0.2479433,0.2457681,-9.712952,-0.18875808,0.73070154,0.92261928,0.82293112,0,-1.75,-1.73,149.722
01:25.6,7,1.66,15.4302864,75.01565983,733.276,0.06608596,56.040766,1.543,4.873,0.527,-0.011367089,-0.005845235,0.006912731,-0.2213541,0.22725525,-9.754182,-0.1695432,0.7008802,0.9131255,0.8183897,0,-1.75,-1.73,149.72
01:25.6,7,1.66,15.4302864,75.01565984,733.278,0.06895157,61.367428,1.544,4.874,0.526,-0.008484047,0.004717041,0.005891629,-0.1947649,0.2087424,-9.795412,-0.21249412,0.68032436,0.86680222,0.78205188,0,-1.752,-1.728,149.718
01:25.6,7,1.66,15.4302864,75.01565985,733.28,0.07181718,66.69409,1.545,4.875,0.525,-0.008380003,0.01454348,0.006193308,-0.23900065,0.2268307,-9.76704,-0.25544504,0.65976852,0.82047894,0.74571406,0,-1.754,-1.726,149.716
01:25.6,7,1.66,15.4302864,75.01565986,733.282,0.07468279,72.020752,1.546,4.876,0.524,-0.008275958,0.02436992,0.006494987,-0.2832364,0.244919,-9.738668,-0.29839596,0.63921268,0.77415566,0.70937624,0,-1.756,-1.724,149.714
01:25.7,7,1.66,15.4302864,75.01565987,733.284,0.0775484,77.347414,1.547,4.877,0.523,-0.009717974,0.03444347,0.001522341,-0.2751998,0.25028415,-9.739776,-0.34134688,0.61865684,0.72783238,0.67303842,0,-1.758,-1.722,149.712
01:25.7,7,1.66,15.4302864,75.01565988,733.286,0.08041401,82.674076,1.548,4.878,0.522,-0.01115999,0.04451702,-0.003450304,-0.2671632,0.2556493,-9.740884,-0.3842978,0.598101,0.6815091,0.6367006,0,-1.76,-1.72,149.71
01:25.7,7,1.66,15.4302864,75.01565989,733.288,0.08327962,88.000738,1.549,4.879,0.521,-0.015912965,0.050877525,-0.006903272,-0.28057535,0.23565155,-9.7453415,-0.40238242,0.66554414,0.68484318,0.66760248,0,-1.762,-1.716,149.71
01:25.7,7,1.66,15.4302864,75.0156599,733.29,0.08614523,93.3274,1.55,4.88,0.52,-0.02066594,0.05723803,-0.01035624,-0.2939875,0.2156538,-9.749799,-0.42046704,0.73298728,0.68817726,0.69850436,0,-1.764,-1.712,149.71
01:25.7,7,1.66,15.4302864,75.0156599,733.283,0.087148399,88.578912,1.55,4.882,0.523,-0.02311678,0.06778204,-0.008710488,-0.2954286,0.23298035,-9.757093,-0.43855166,0.80043042,0.69151134,0.72940624,0,-1.766,-1.708,149.71
01:25.8,7,1.66,15.4302864,75.0156599,733.276,0.088151568,83.830424,1.55,4.884,0.526,-0.02556762,0.07832605,-0.007064736,-0.2968697,0.2503069,-9.764387,-0.45663628,0.86787356,0.69484542,0.76030812,0,-1.768,-1.704,149.71
01:25.8,7,1.66,15.4302864,75.0156599,733.269,0.089154737,79.081936,1.55,4.886,0.529,-0.03443998,0.08839663,-0.012424358,-0.2123057,0.19864425,-9.7958795,-0.4747209,0.9353167,0.6981795,0.79121,0,-1.77,-1.7,149.71
01:25.8,7,1.66,15.4302864,75.0156599,733.262,0.090157906,74.333448,1.55,4.888,0.532,-0.04331234,0.09846721,-0.01778398,-0.1277417,0.1469816,-9.827372,-0.45776658,0.98893396,0.75397514,0.8077579,0,-1.77,-1.702,149.708
01:25.8,7,1.66,15.4302864,75.0156599,733.255,0.091161075,69.58496,1.55,4.89,0.535,-0.03917989,0.0930767,-0.015345325,-0.21944385,0.18878835,-9.7935445,-0.44081226,1.04255122,0.80977078,0.8243058,0,-1.77,-1.704,149.706
01:25.8,7,1.66,15.4302864,75.0156599,733.248,0.092164244,64.836472,1.55,4.892,0.538,-0.03504744,0.08768619,-0.01290667,-0.311146,0.2305951,-9.759717,-0.42385794,1.09616848,0.86556642,0.8408537,0,-1.77,-1.706,149.704
01:25.9,7,1.66,15.4302864,75.0156599,733.241,0.093167413,60.087984,1.55,4.894,0.541,-0.038327085,0.088303025,-0.010151199,-0.3130598,0.2249749,-9.7637895,-0.40690362,1.14978574,0.92136206,0.8574016,0,-1.77,-1.708,149.702
01:25.9,7,1.66,15.4302864,75.0156599,733.234,0.094170582,55.339496,1.55,4.896,0.544,-0.04160673,0.08891986,-0.007395727,-0.3149736,0.2193547,-9.767862,-0.3899493,1.203403,0.9771577,0.8739495,0,-1.77,-1.71,149.7
01:25.9,7,1.66,15.4302864,75.0156599,733.227,0.095173751,50.591008,1.55,4.898,0.547,-0.041621025,0.07768302,-0.003546729,-0.30633715,0.224046,-9.7659195,-0.3899493,1.169849,0.9266245,0.87424436,0,-1.768,-1.71,149.7
01:25.9,7,1.66,15.4302864,75.0156599,733.22,0.09617692,45.84252,1.55,4.9,0.55,-0.04163532,0.06644618,0.000302269,-0.2977007,0.2287373,-9.763977,-0.3899493,1.136295,0.8760913,0.87453922,0,-1.766,-1.71,149.7
01:25.9,7,1.66,15.43028641,75.0156599,733.217,0.093542781,47.344838,1.551,4.901,0.549,-0.03868709,0.057526305,0.002064251,-0.2983172,0.23509765,-9.751666,-0.3899493,1.102741,0.8255581,0.87483408,0,-1.764,-1.71,149.7
01:26.0,7,1.66,15.43028642,75.0156599,733.214,0.090908642,48.847156,1.552,4.902,0.548,-0.03573886,0.04860643,0.003826234,-0.2989337,0.241458,-9.739355,-0.3899493,1.069187,0.7750249,0.87512894,0,-1.762,-1.71,149.7
01:26.0,7,1.66,15.43028643,75.0156599,733.211,0.088274503,50.349474,1.553,4.903,0.547,-0.03404891,0.04537207,0.005803975,-0.24307155,0.19874485,-9.7745215,-0.3899493,1.035633,0.7244917,0.8754238,0,-1.76,-1.71,149.7
01:26.0,7,1.66,15.43028644,75.0156599,733.208,0.085640364,51.851792,1.554,4.904,0.546,-0.03235896,0.04213771,0.007781716,-0.1872094,0.1560317,-9.809688,-0.35151952,0.9721675,0.69115088,0.82647358,0,-1.76,-1.708,149.698
01:26.0,7,1.66,15.43028645,75.0156599,733.205,0.083006225,53.35411,1.555,4.905,0.545,-0.022543935,0.03412418,0.011179073,-0.23893075,0.2119879,-9.775903,-0.31308974,0.908702,0.65781006,0.77752336,0,-1.76,-1.706,149.696
01:26.0,7,1.66,15.43028646,75.0156599,733.202,0.080372086,54.856428,1.556,4.906,0.544,-0.01272891,0.02611065,0.01457643,-0.2906521,0.2679441,-9.742118,-0.27465996,0.8452365,0.62446924,0.72857314,0,-1.76,-1.704,149.694
01:26.1,7,1.66,15.43028647,75.0156599,733.199,0.077737947,56.358746,1.557,4.907,0.543,-0.007278795,0.02628235,0.01542597,-0.28021855,0.2713508,-9.741542,-0.23623018,0.781771,0.59112842,0.67962292,0,-1.76,-1.702,149.692
01:26.1,7,1.66,15.43028648,75.0156599,733.196,0.075103808,57.861064,1.558,4.908,0.542,-0.00182868,0.02645405,0.01627551,-0.269785,0.2747575,-9.740966,-0.1978004,0.7183055,0.5577876,0.6306727,0,-1.76,-1.7,149.69
01:26.1,7,1.66,15.43028649,75.0156599,733.193,0.072469669,59.363382,1.559,4.909,0.541,0.013074315,0.02090583,0.01617428,-0.2769882,0.28195055,-9.7398525,-0.22718788,0.76678164,0.58710726,0.64396794,0,-1.758,-1.698,149.688
01:26.1,7,1.66,15.4302865,75.0156599,733.19,0.06983553,60.8657,1.56,4.91,0.54,0.02797731,0.01535761,0.01607305,-0.2841914,0.2891436,-9.738739,-0.25657536,0.81525778,0.61642692,0.65726318,0,-1.756,-1.696,149.686
01:26.1,7,1.66,15.4302865,75.0156599,733.187,0.066871927,63.20807,1.56,4.911,0.539,0.03156193,0.022382965,0.012777785,-0.28045565,0.28934445,-9.7474935,-0.28596284,0.86373392,0.64574658,0.67055842,0,-1.754,-1.694,149.684
01:26.2,7,1.66,15.4302865,75.0156599,733.184,0.063908324,65.55044,1.56,4.912,0.538,0.03514655,0.02940832,0.00948252,-0.2767199,0.2895453,-9.756248,-0.31535032,0.91221006,0.67506624,0.68385366,0,-1.752,-1.692,149.682
01:26.2,7,1.66,15.4302865,75.0156599,733.181,0.060944721,67.89281,1.56,4.913,0.537,0.03243313,0.0434071,0.006840125,-0.21629865,0.2470046,-9.804193,-0.3447378,0.9606862,0.7043859,0.6971489,0,-1.75,-1.69,149.68
01:26.2,7,1.66,15.4302865,75.0156599,733.178,0.057981118,70.23518,1.56,4.914,0.536,0.02971971,0.05740588,0.00419773,-0.1558774,0.2044639,-9.852138,-0.34812866,1.02741556,0.7619099,0.7481862,0,-1.75,-1.69,149.68
01:26.2,7,1.66,15.4302865,75.0156599,733.175,0.055017515,72.57755,1.56,4.915,0.535,0.04646349,0.04490335,0.002007105,-0.2189255,0.2522953,-9.8006575,-0.35151952,1.09414492,0.8194339,0.7992235,0,-1.75,-1.69,149.68
01:26.2,7,1.66,15.4302865,75.0156599,733.172,0.052053912,74.91992,1.56,4.916,0.534,0.06320727,0.03240082,-0.00018352,-0.2819736,0.3001267,-9.749177,-0.35491038,1.16087428,0.8769579,0.8502608,0,-1.75,-1.69,149.68
01:26.3,7,1.66,15.4302865,75.0156599,733.169,0.049090309,77.26229,1.56,4.917,0.533,0.06227675,0.042466885,-0.007126545,-0.2821523,0.2943626,-9.752629,-0.35830124,1.22760364,0.9344819,0.9012981,0,-1.75,-1.69,149.68
01:26.3,7,1.66,15.4302865,75.0156599,733.166,0.046126706,79.60466,1.56,4.918,0.532,0.06134623,0.05253295,-0.01406957,-0.282331,0.2885985,-9.756081,-0.3616921,1.294333,0.9920059,0.9523354,0,-1.75,-1.69,149.68
01:26.3,7,1.66,15.4302865,75.0156599,733.163,0.043163103,81.94703,1.56,4.919,0.531,0.060737945,0.045694985,-0.01439561,-0.28460375,0.28829675,-9.7577145,-0.33908634,1.2687796,0.96786722,0.96717312,0,-1.748,-1.692,149.678
01:26.3,7,1.66,15.4302865,75.0156599,733.16,0.0401995,84.2894,1.56,4.92,0.53,0.06012966,0.03885702,-0.01472165,-0.2868765,0.287995,-9.759348,-0.31648058,1.2432262,0.94372854,0.98201084,0,-1.746,-1.694,149.676
01:26.3,7,1.66,15.43028649,75.01565989,733.151,0.04017955,81.17347,1.56,4.922,0.53,0.05712381,0.03629699,-0.010609433,-0.2838162,0.29220475,-9.755411,-0.29387482,1.2176728,0.91958986,0.99684856,0,-1.744,-1.696,149.674
01:26.4,7,1.66,15.43028648,75.01565988,733.142,0.0401596,78.05754,1.56,4.924,0.53,0.05411796,0.03373696,-0.006497216,-0.2807559,0.2964145,-9.751474,-0.27126906,1.1921194,0.89545118,1.01168628,0,-1.742,-1.698,149.672
01:26.4,7,1.66,15.43028647,75.01565987,733.133,0.04013965,74.94161,1.56,4.926,0.53,0.04621851,0.03999307,-0.010012058,-0.24003365,0.26418385,-9.806143,-0.2486633,1.166566,0.8713125,1.026524,0,-1.74,-1.7,149.67
01:26.4,7,1.66,15.43028646,75.01565986,733.124,0.0401197,71.82568,1.56,4.928,0.53,0.03831906,0.04624918,-0.0135269,-0.1993114,0.2319532,-9.860812,-0.26448734,1.0853028,0.83543978,0.97257286,0,-1.74,-1.702,149.67
01:26.4,7,1.66,15.43028645,75.01565985,733.115,0.04009975,68.70975,1.56,4.93,0.53,0.040720615,0.028391275,-0.01579032,-0.2293105,0.25583305,-9.799234,-0.28031138,1.0040396,0.79956706,0.91862172,0,-1.74,-1.704,149.67
01:26.4,7,1.66,15.43028644,75.01565984,733.106,0.0400798,65.59382,1.56,4.932,0.53,0.04312217,0.01053337,-0.01805374,-0.2593096,0.2797129,-9.737656,-0.29613542,0.9227764,0.76369434,0.86467058,0,-1.74,-1.706,149.67
01:26.5,7,1.66,15.43028643,75.01565983,733.097,0.04005985,62.47789,1.56,4.934,0.53,0.039367455,-0.00490071,-0.013608764,-0.24530045,0.27658,-9.7298605,-0.31195946,0.8415132,0.72782162,0.81071944,0,-1.74,-1.708,149.67
01:26.5,7,1.66,15.43028642,75.01565982,733.088,0.0400399,59.36196,1.56,4.936,0.53,0.03561274,-0.02033479,-0.009163787,-0.2312913,0.2734471,-9.722065,-0.3277835,0.76025,0.6919489,0.7567683,0,-1.74,-1.71,149.67
01:26.5,7,1.66,15.43028641,75.01565981,733.079,0.04001995,56.24603,1.56,4.938,0.53,0.02973725,-0.03347521,-0.007319638,-0.22564065,0.27637575,-9.71769,-0.31195946,0.77065628,0.69641662,0.74189294,0,-1.74,-1.71,149.67
01:26.5,7,1.66,15.4302864,75.0156598,733.07,0.04,53.1301,1.56,4.94,0.53,0.02386176,-0.04661563,-0.005475489,-0.21999,0.2793044,-9.713315,-0.29613542,0.78106256,0.70088434,0.72701758,0,-1.74,-1.71,149.67
01:26.5,7,1.66,15.43028639,75.01565979,733.067,0.040604346,65.56813,1.561,4.941,0.525,0.021945205,-0.061600595,-0.001658479,-0.20940135,0.27683085,-9.703177,-0.28031138,0.79146884,0.70535206,0.71214222,0,-1.74,-1.71,149.67
01:26.6,7,1.66,15.43028638,75.01565978,733.064,0.041208692,78.00616,1.562,4.942,0.52,0.02002865,-0.07658556,0.00215853,-0.1988127,0.2743573,-9.693039,-0.26448734,0.80187512,0.70981978,0.69726686,0,-1.74,-1.71,149.67
01:26.6,7,1.66,15.43028637,75.01565977,733.061,0.041813038,90.44419,1.563,4.943,0.515,0.018926775,-0.07835819,0.005491938,-0.145290035,0.27283305,-9.7391465,-0.2486633,0.8122814,0.7142875,0.6823915,0,-1.74,-1.71,149.67
01:26.6,7,1.66,15.43028636,75.01565976,733.058,0.042417384,102.88222,1.564,4.944,0.51,0.0178249,-0.08013082,0.008825345,-0.09176737,0.2713088,-9.785254,-0.24753302,0.86619292,0.75343416,0.73215016,0,-1.738,-1.712,149.668
01:26.6,7,1.66,15.43028635,75.01565975,733.055,0.04302173,115.32025,1.565,4.945,0.505,0.021327525,-0.09089391,0.012836042,-0.138368035,0.27525305,-9.735834,-0.24640274,0.92010444,0.79258082,0.78190882,0,-1.736,-1.714,149.666
01:26.6,7,1.66,15.43028634,75.01565974,733.052,0.043626076,127.75828,1.566,4.946,0.5,0.02483015,-0.101657,0.01684674,-0.1849687,0.2791973,-9.686414,-0.24527246,0.97401596,0.83172748,0.83166748,0,-1.734,-1.716,149.664
01:26.7,7,1.66,15.43028633,75.01565973,733.049,0.044230422,140.19631,1.567,4.947,0.495,0.02656685,-0.1022553,0.019177195,-0.18366345,0.28017925,-9.684915,-0.24414218,1.02792748,0.87087414,0.88142614,0,-1.732,-1.718,149.662
01:26.7,7,1.66,15.43028632,75.01565972,733.046,0.044834768,152.63434,1.568,4.948,0.49,0.02830355,-0.1028536,0.02150765,-0.1823582,0.2811612,-9.683416,-0.2430119,1.081839,0.9100208,0.9311848,0,-1.73,-1.72,149.66
01:26.7,7,1.66,15.43028631,75.01565971,733.043,0.045439114,165.07237,1.569,4.949,0.485,0.020398995,-0.100679985,0.021273885,-0.1860625,0.2723112,-9.6819225,-0.2791811,1.0851582,0.90482288,0.92936644,0,-1.73,-1.718,149.66
01:26.7,7,1.66,15.4302863,75.0156597,733.04,0.04604346,177.5104,1.57,4.95,0.48,0.01249444,-0.09850637,0.02104012,-0.1897668,0.2634612,-9.680429,-0.3153503,1.0884774,0.89962496,0.92754808,0,-1.73,-1.716,149.66
01:26.7,7,1.66,15.43028629,75.01565968,733.031,0.044931964,189.1223,1.57,4.952,0.481,0.01396662,-0.094349165,0.020812265,-0.1890606,0.268496,-9.6789215,-0.3515195,1.0917966,0.89442704,0.92572972,0,-1.73,-1.714,149.66
01:26.8,7,1.66,15.43028628,75.01565966,733.022,0.043820468,200.7342,1.57,4.954,0.482,0.0154388,-0.09019196,0.02058441,-0.1883544,0.2735308,-9.677414,-0.3876887,1.0951158,0.88922912,0.92391136,0,-1.73,-1.712,149.66
01:26.8,7,1.66,15.43028627,75.01565964,733.013,0.042708972,212.3461,1.57,4.956,0.483,0.01412765,-0.07809919,0.01734843,-0.14495945,0.25730135,-9.732734,-0.4238579,1.098435,0.8840312,0.922093,0,-1.73,-1.71,149.66
01:26.8,7,1.66,15.43028626,75.01565962,733.004,0.041597476,223.958,1.57,4.958,0.484,0.0128165,-0.06600642,0.01411245,-0.1015645,0.2410719,-9.788054,-0.39334014,1.03661556,0.847544,0.89167746,0,-1.73,-1.708,149.658
01:26.8,7,1.66,15.43028625,75.0156596,732.995,0.04048598,235.5699,1.57,4.96,0.485,0.008740945,-0.060952055,0.014038485,-0.1607726,0.2513427,-9.741763,-0.36282238,0.97479612,0.8110568,0.86126192,0,-1.73,-1.706,149.656
01:26.8,7,1.66,15.43028624,75.01565958,732.986,0.039374484,247.1818,1.57,4.962,0.486,0.00466539,-0.05589769,0.01396452,-0.2199807,0.2616135,-9.695472,-0.33230462,0.91297668,0.7745696,0.83084638,0,-1.73,-1.704,149.654
01:26.9,7,1.66,15.43028623,75.01565956,732.977,0.038262988,258.7937,1.57,4.964,0.487,0.002120034,-0.043409895,0.010051819,-0.22481385,0.2588694,-9.699537,-0.30178686,0.85115724,0.7380824,0.80043084,0,-1.73,-1.702,149.652
01:26.9,7,1.66,15.43028622,75.01565954,732.968,0.037151492,270.4056,1.57,4.966,0.488,-0.000425323,-0.0309221,0.006139117,-0.229647,0.2561253,-9.703602,-0.2712691,0.7893378,0.7015952,0.7700153,0,-1.73,-1.7,149.65
01:26.9,7,1.66,15.43028621,75.01565952,732.959,0.036039996,282.0175,1.57,4.968,0.489,-0.004052004,-0.02465754,0.007403392,-0.2354703,0.2481964,-9.707926,-0.28596284,0.74271768,0.69626204,0.72293486,0,-1.73,-1.7,149.65
01:26.9,7,1.66,15.4302862,75.0156595,732.95,0.0349285,293.6294,1.57,4.97,0.49,-0.007678686,-0.01839298,0.008667666,-0.2412936,0.2402675,-9.71225,-0.30065658,0.69609756,0.69092888,0.67585442,0,-1.73,-1.7,149.65
01:26.9,7,1.66,15.4302862,75.01565949,732.945,0.032739491,264.7063305,1.571,4.971,0.493,-0.012888923,-0.013512477,0.0048005,-0.24433375,0.23769525,-9.7185625,-0.31535032,0.64947744,0.68559572,0.62877398,0,-1.73,-1.7,149.65
01:27.0,7,1.66,15.4302862,75.01565948,732.94,0.030550482,235.783261,1.572,4.972,0.496,-0.01809916,-0.008631974,0.000933334,-0.2473739,0.235123,-9.724875,-0.33004406,0.60285732,0.68026256,0.58169354,0,-1.73,-1.7,149.65
01:27.0,7,1.66,15.4302862,75.01565947,732.935,0.028361473,206.8601915,1.573,4.973,0.499,-0.02436813,-0.004393019,0.000160329,-0.21845855,0.20312945,-9.76277,-0.3447378,0.5562372,0.6749294,0.5346131,0,-1.73,-1.7,149.65
01:27.0,7,1.66,15.4302862,75.01565946,732.93,0.026172464,177.937122,1.574,4.974,0.502,-0.0306371,-0.000154063,-0.000612676,-0.1895432,0.1711359,-9.800665,-0.3447378,0.60717292,0.72612282,0.55436142,0,-1.73,-1.7,149.648
01:27.0,7,1.66,15.4302862,75.01565945,732.925,0.023983455,149.0140525,1.575,4.975,0.505,-0.033114165,-0.00195012,0.00084684,-0.16451995,0.1766534,-9.8062525,-0.3447378,0.65810864,0.77731624,0.57410974,0,-1.73,-1.7,149.646
01:27.0,7,1.66,15.4302862,75.01565944,732.92,0.021794446,120.090983,1.576,4.976,0.508,-0.03559123,-0.003746177,0.002306356,-0.1394967,0.1821709,-9.81184,-0.3447378,0.70904436,0.82850966,0.59385806,0,-1.73,-1.7,149.644
01:27.1,7,1.66,15.4302862,75.01565943,732.915,0.019605437,91.1679135,1.577,4.977,0.511,-0.03685075,0.003326432,-0.000213164,-0.2069515,0.1980944,-9.771453,-0.3447378,0.75998008,0.87970308,0.61360638,0,-1.73,-1.7,149.642
01:27.1,7,1.66,15.4302862,75.01565942,732.91,0.017416428,62.244844,1.578,4.978,0.514,-0.03811027,0.01039904,-0.002732685,-0.2744063,0.2140179,-9.731066,-0.3447378,0.8109158,0.9308965,0.6333547,0,-1.73,-1.7,149.64
01:27.1,7,1.66,15.4302862,75.01565941,732.905,0.015227419,33.3217745,1.579,4.979,0.517,-0.037986775,0.000588606,0.000197668,-0.27074215,0.22067845,-9.720482,-0.34925894,0.81952164,0.90598736,0.6703988,0,-1.728,-1.7,149.642
01:27.1,7,1.66,15.4302862,75.0156594,732.9,0.01303841,4.398705,1.58,4.98,0.52,-0.03786328,-0.009221829,0.003128022,-0.267078,0.227339,-9.709898,-0.35378008,0.82812748,0.88107822,0.7074429,0,-1.726,-1.7,149.644
01:27.1,7,1.66,15.4302862,75.01565939,732.896,0.016743561,10.3534845,1.58,4.982,0.522,-0.042254775,-0.01080554,0.005743036,-0.26516515,0.22203955,-9.7124855,-0.35830122,0.83673332,0.85616908,0.744487,0,-1.724,-1.7,149.646
01:27.2,7,1.66,15.4302862,75.01565938,732.892,0.020448712,16.308264,1.58,4.984,0.524,-0.04664627,-0.01238925,0.00835805,-0.2632523,0.2167401,-9.715073,-0.36282236,0.84533916,0.83125994,0.7815311,0,-1.722,-1.7,149.648
01:27.2,7,1.66,15.4302862,75.01565937,732.888,0.024153863,22.2630435,1.58,4.986,0.526,-0.044818585,-0.01897257,0.008854209,-0.2598004,0.2276119,-9.7140035,-0.3673435,0.853945,0.8063508,0.8185752,0,-1.72,-1.7,149.65
01:27.2,7,1.66,15.4302862,75.01565936,732.884,0.027859014,28.217823,1.58,4.988,0.528,-0.0429909,-0.02555589,0.009350367,-0.2563485,0.2384837,-9.712934,-0.37073436,0.80998308,0.7721224,0.79476868,0,-1.718,-1.698,149.648
01:27.2,7,1.66,15.4302862,75.01565935,732.88,0.031564165,34.1726025,1.58,4.99,0.53,-0.041784945,-0.02315097,0.010851919,-0.21625625,0.20601165,-9.755165,-0.37412522,0.76602116,0.737894,0.77096216,0,-1.716,-1.696,149.646
01:27.2,7,1.66,15.4302862,75.01565934,732.876,0.035269316,40.127382,1.58,4.992,0.532,-0.04057899,-0.02074605,0.01235347,-0.176164,0.1735396,-9.797396,-0.37751608,0.72205924,0.7036656,0.74715564,0,-1.714,-1.694,149.644
01:27.3,7,1.66,15.4302862,75.01565933,732.872,0.038974467,46.0821615,1.58,4.994,0.534,-0.03099486,-0.029814025,0.014218495,-0.21159575,0.2191916,-9.749846,-0.38090694,0.67809732,0.6694372,0.72334912,0,-1.712,-1.692,149.642
01:27.3,7,1.66,15.4302862,75.01565932,732.868,0.042679618,52.036941,1.58,4.996,0.536,-0.02141073,-0.038882,0.01608352,-0.2470275,0.2648436,-9.702296,-0.3842978,0.6341354,0.6352088,0.6995426,0,-1.71,-1.69,149.64
01:27.3,7,1.66,15.4302862,75.01565931,732.864,0.046384769,57.9917205,1.58,4.998,0.538,-0.014651086,-0.038391295,0.013787835,-0.25033795,0.2660172,-9.7046725,-0.34473774,0.59881422,0.62773524,0.66991988,0,-1.708,-1.688,149.638
01:27.3,7,1.66,15.4302862,75.0156593,732.86,0.05008992,63.9465,1.58,5,0.54,-0.007891442,-0.03790059,0.01149215,-0.2536484,0.2671908,-9.707049,-0.30517768,0.56349304,0.62026168,0.64029716,0,-1.706,-1.686,149.636
01:27.3,7,1.66,15.43028621,75.01565929,732.858,0.047911122,90.35131,1.58,5.001,0.537,0.00080025,-0.03488291,0.010076581,-0.2549211,0.2760941,-9.7095995,-0.26561762,0.52817186,0.61278812,0.61067444,0,-1.704,-1.684,149.634
01:27.4,7,1.66,15.43028622,75.01565928,732.856,0.045732324,116.75612,1.58,5.002,0.534,0.009491941,-0.03186523,0.008661012,-0.2561938,0.2849974,-9.71215,-0.22605756,0.49285068,0.60531456,0.58105172,0,-1.702,-1.682,149.632
01:27.4,7,1.66,15.43028623,75.01565927,732.854,0.043553526,143.16093,1.58,5.003,0.531,0.014573441,-0.029900615,0.008501967,-0.25577665,0.2896236,-9.7155265,-0.1864975,0.4575295,0.597841,0.551429,0,-1.7,-1.68,149.63
01:27.4,7,1.66,15.43028624,75.01565926,732.852,0.041374728,169.56574,1.58,5.004,0.528,0.01965494,-0.027936,0.008342922,-0.2553595,0.2942498,-9.718903,-0.18423692,0.49166894,0.6331077,0.5575383,0,-1.698,-1.678,149.414
01:27.4,7,1.66,15.43028625,75.01565925,732.85,0.03919593,195.97055,1.58,5.005,0.525,0.019775675,-0.018178577,0.004094257,-0.23425875,0.2487596,-9.774698,-0.18197634,0.52580838,0.6683744,0.5636476,0,-1.696,-1.676,149.198
01:27.4,7,1.66,15.43028626,75.01565924,732.848,0.037017132,222.37536,1.58,5.006,0.522,0.01989641,-0.008421154,-0.000154407,-0.213158,0.2032694,-9.830493,-0.17971576,0.55994782,0.7036411,0.5697569,0,-1.694,-1.674,148.982
01:27.5,7,1.66,15.43028627,75.01565923,732.846,0.034838334,248.78017,1.58,5.007,0.519,0.02931581,-0.008515736,-0.005237059,-0.23424595,0.25140535,-9.7802,-0.17745518,0.59408726,0.7389078,0.5758662,0,-1.692,-1.672,148.766
01:27.5,7,1.66,15.43028628,75.01565922,732.844,0.032659536,275.18498,1.58,5.008,0.516,0.03873521,-0.008610317,-0.01031971,-0.2553339,0.2995413,-9.729907,-0.1751946,0.6282267,0.7741745,0.5819755,0,-1.69,-1.67,148.55
01:27.5,7,1.66,15.43028629,75.01565921,732.842,0.030480738,301.58979,1.58,5.009,0.513,0.04077596,-0.006849756,-0.014888385,-0.2579193,0.2866502,-9.728597,-0.1842369,0.64103844,0.7751734,0.59679598,0,-1.688,-1.67,148.524
01:27.5,7,1.66,15.4302863,75.0156592,732.84,0.02830194,327.9946,1.58,5.01,0.51,0.04281671,-0.005089195,-0.01945706,-0.2605047,0.2737591,-9.727287,-0.1932792,0.65385018,0.7761723,0.61161646,0,-1.686,-1.67,148.498
01:27.5,7,1.66,15.4302863,75.01565919,732.834,0.030052139,298.807074,1.581,5.011,0.514,0.04671369,-0.002370745,-0.01911734,-0.26215955,0.28916805,-9.7316815,-0.2023215,0.66666192,0.7771712,0.62643694,0,-1.684,-1.67,148.472
01:27.6,7,1.66,15.4302863,75.01565918,732.828,0.031802338,269.619548,1.582,5.012,0.518,0.05061067,0.000347705,-0.01877762,-0.2638144,0.304577,-9.736076,-0.2113638,0.67947366,0.7781701,0.64125742,0,-1.682,-1.67,148.446
01:27.6,7,1.66,15.4302863,75.01565917,732.822,0.033552537,240.432022,1.583,5.013,0.522,0.041665575,0.010334972,-0.018218145,-0.2342511,0.26220775,-9.775853,-0.2204061,0.6922854,0.779169,0.6560779,0,-1.68,-1.67,148.42
01:27.6,7,1.66,15.4302863,75.01565916,732.816,0.035302736,211.244496,1.584,5.014,0.526,0.03272048,0.02032224,-0.01765867,-0.2046878,0.2198385,-9.81563,-0.26900848,0.64987686,0.74370854,0.64034966,0,-1.68,-1.672,148.4
01:27.6,7,1.66,15.4302863,75.01565915,732.81,0.037052935,182.05697,1.585,5.015,0.53,0.03041363,0.020808025,-0.02390865,-0.220702,0.2265545,-9.8139935,-0.31761086,0.60746832,0.70824808,0.62462142,0,-1.68,-1.674,148.38
01:27.6,7,1.66,15.4302863,75.01565914,732.804,0.038803134,152.869444,1.586,5.016,0.534,0.02810678,0.02129381,-0.03015863,-0.2367162,0.2332705,-9.812357,-0.36621324,0.56505978,0.67278762,0.60889318,0,-1.68,-1.676,148.36
01:27.7,7,1.66,15.4302863,75.01565913,732.798,0.040553333,123.681918,1.587,5.017,0.538,0.025215185,0.015237605,-0.02966966,-0.2448863,0.2482797,-9.771665,-0.41481562,0.52265124,0.63732716,0.59316494,0,-1.68,-1.678,148.34
01:27.7,7,1.66,15.4302863,75.01565912,732.792,0.042303532,94.494392,1.588,5.018,0.542,0.02232359,0.009181399,-0.02918069,-0.2530564,0.2632889,-9.730973,-0.463418,0.4802427,0.6018667,0.5774367,0,-1.68,-1.68,148.32
01:27.7,7,1.66,15.4302863,75.01565911,732.786,0.044053731,65.306866,1.589,5.019,0.546,0.015414877,-0.001115201,-0.02625014,-0.25091905,0.26848155,-9.7354135,-0.43403052,0.48517732,0.60072522,0.57721704,0,-1.68,-1.682,148.316
01:27.7,7,1.66,15.4302863,75.0156591,732.78,0.04580393,36.11934,1.59,5.02,0.55,0.008506164,-0.0114118,-0.02331959,-0.2487817,0.2736742,-9.739854,-0.40464304,0.49011194,0.59958374,0.57699738,0,-1.68,-1.684,148.312
01:27.7,7,1.66,15.4302863,75.0156591,732.78,0.044724965,50.343746,1.59,5.022,0.544,0.005139956,-0.017004075,-0.020585175,-0.2430025,0.25773845,-9.7311685,-0.37525556,0.49504656,0.59844226,0.57677772,0,-1.68,-1.686,148.308
01:27.8,7,1.66,15.4302863,75.0156591,732.78,0.043646,64.568152,1.59,5.024,0.538,0.001773747,-0.02259635,-0.01785076,-0.2372233,0.2418027,-9.722483,-0.34586808,0.49998118,0.59730078,0.57655806,0,-1.68,-1.688,148.304
01:27.8,7,1.66,15.4302863,75.0156591,732.78,0.042567035,78.792558,1.59,5.026,0.532,0.000553543,-0.031544655,-0.011831577,-0.18347545,0.2421346,-9.75096,-0.3164806,0.5049158,0.5961593,0.5763384,0,-1.68,-1.69,148.3
01:27.8,7,1.66,15.4302863,75.0156591,732.78,0.04148807,93.016964,1.59,5.028,0.526,-0.000666662,-0.04049296,-0.005812394,-0.1297276,0.2424665,-9.779437,-0.30291714,0.56139932,0.65266308,0.58839554,0,-1.68,-1.69,148.312
01:27.8,7,1.66,15.4302863,75.0156591,732.78,0.040409105,107.24137,1.59,5.03,0.52,-0.002704673,-0.047769925,-0.00548996,-0.11451268,0.24270565,-9.780065,-0.28935368,0.61788284,0.70916686,0.60045268,0,-1.68,-1.69,148.324
01:27.8,7,1.66,15.4302863,75.0156591,732.78,0.03933014,121.465776,1.59,5.032,0.514,-0.004742684,-0.05504689,-0.005167526,-0.09929776,0.2429448,-9.780693,-0.27579022,0.67436636,0.76567064,0.61250982,0,-1.68,-1.69,148.336
01:27.9,7,1.66,15.4302863,75.0156591,732.78,0.038251175,135.690182,1.59,5.034,0.508,-0.003788562,-0.056563715,-0.001219106,-0.16266538,0.25590775,-9.7476165,-0.26222676,0.73084988,0.82217442,0.62456696,0,-1.68,-1.69,148.348
01:27.9,7,1.66,15.4302863,75.0156591,732.78,0.03717221,149.914588,1.59,5.036,0.502,-0.002834439,-0.05808054,0.002729314,-0.226033,0.2688707,-9.71454,-0.2486633,0.7873334,0.8786782,0.6366241,0,-1.68,-1.69,148.36
01:27.9,7,1.66,15.4302863,75.0156591,732.78,0.036093245,164.138994,1.59,5.038,0.496,-0.003834689,-0.06133669,0.008187977,-0.21523565,0.2664437,-9.6999735,-0.24075128,0.78107982,0.84990078,0.64568546,0,-1.68,-1.688,148.376
01:27.9,7,1.66,15.4302863,75.0156591,732.78,0.03501428,178.3634,1.59,5.04,0.49,-0.004834938,-0.06459284,0.01364664,-0.2044383,0.2640167,-9.685407,-0.23283926,0.77482624,0.82112336,0.65474682,0,-1.68,-1.686,148.392
01:27.9,7,1.66,15.4302863,75.01565909,732.781,0.03478852,163.653433,1.591,5.041,0.494,-0.008144774,-0.05914314,0.014115795,-0.21747655,0.2638043,-9.687732,-0.22492724,0.76857266,0.79234594,0.66380818,0,-1.68,-1.684,148.408
01:28.0,7,1.66,15.4302863,75.01565908,732.782,0.03456276,148.943466,1.592,5.042,0.498,-0.01145461,-0.05369344,0.01458495,-0.2305148,0.2635919,-9.690057,-0.21701522,0.76231908,0.76356852,0.67286954,0,-1.68,-1.682,148.424
01:28.0,7,1.66,15.4302863,75.01565907,732.783,0.034337,134.233499,1.593,5.043,0.502,-0.007792838,-0.04933521,0.01474639,-0.22088695,0.2580422,-9.695101,-0.2091032,0.7560655,0.7347911,0.6819309,0,-1.68,-1.68,148.44
01:28.0,7,1.66,15.4302863,75.01565906,732.784,0.03411124,119.523532,1.594,5.044,0.506,-0.004131066,-0.04497698,0.01490783,-0.2112591,0.2524925,-9.700145,-0.176324862,0.70760182,0.69223378,0.65307148,0,-1.68,-1.676,148.456
01:28.0,7,1.66,15.4302863,75.01565905,732.785,0.03388548,104.813565,1.595,5.045,0.51,-0.002502283,-0.02460718,0.010953868,-0.2206771,0.22567475,-9.753337,-0.143546524,0.65913814,0.64967646,0.62421206,0,-1.68,-1.672,148.472
01:28.0,7,1.66,15.4302863,75.01565904,732.786,0.03365972,90.103598,1.596,5.046,0.514,-0.0008735,-0.00423738,0.006999905,-0.2300951,0.198857,-9.806529,-0.110768186,0.61067446,0.60711914,0.59535264,0,-1.68,-1.668,148.488
01:28.1,7,1.66,15.4302863,75.01565903,732.787,0.03343396,75.393631,1.597,5.047,0.518,0.002228687,0.001067147,0.00422585,-0.23437765,0.223764,-9.767843,-0.077989848,0.56221078,0.56456182,0.56649322,0,-1.68,-1.664,148.504
01:28.1,7,1.66,15.4302863,75.01565902,732.788,0.0332082,60.683664,1.598,5.048,0.522,0.005330875,0.006371673,0.001451795,-0.2386602,0.248671,-9.729157,-0.04521151,0.5137471,0.5220045,0.5376338,0,-1.68,-1.66,148.52
01:28.1,7,1.66,15.4302863,75.01565901,732.789,0.03298244,45.973697,1.599,5.049,0.526,0.002928251,0.021485877,0.002221096,-0.26403285,0.2553101,-9.7355765,-0.103986488,0.52281564,0.54444428,0.5504952,0,-1.68,-1.656,148.534
01:28.1,7,1.66,15.4302863,75.015659,732.79,0.03275668,31.26373,1.6,5.05,0.53,0.000525628,0.03660008,0.002990396,-0.2894055,0.2619492,-9.741996,-0.162761466,0.53188418,0.56688406,0.5633566,0,-1.68,-1.652,148.548
01:28.1,7,1.66,15.43028631,75.015659,732.789,0.039312086,32.760997,1.6,5.052,0.533,-0.001331563,0.04838597,0.001001492,-0.283523,0.24995435,-9.742298,-0.221536444,0.54095272,0.58932384,0.576218,0,-1.68,-1.648,148.562
01:28.2,7,1.66,15.43028632,75.015659,732.788,0.045867492,34.258264,1.6,5.054,0.536,-0.003188753,0.06017186,-0.000987413,-0.2776405,0.2379595,-9.7426,-0.280311422,0.55002126,0.61176362,0.5890794,0,-1.68,-1.644,148.576
01:28.2,7,1.66,15.43028633,75.015659,732.787,0.052422898,35.755531,1.6,5.056,0.539,-0.010320447,0.073911615,-0.003788303,-0.23824295,0.21224555,-9.7885945,-0.3390864,0.5590898,0.6342034,0.6019408,0,-1.68,-1.64,148.59
01:28.2,7,1.66,15.43028634,75.015659,732.786,0.058978304,37.252798,1.6,5.058,0.542,-0.01745214,0.08765137,-0.006589193,-0.1988454,0.1865316,-9.834589,-0.30517776,0.6197709,0.6507038,0.63611734,0,-1.682,-1.64,148.602
01:28.2,7,1.66,15.43028635,75.015659,732.785,0.06553371,38.750065,1.6,5.06,0.545,-0.02131351,0.09033101,-0.002825977,-0.1792621,0.16972815,-9.8303535,-0.27126912,0.680452,0.6672042,0.67029388,0,-1.684,-1.64,148.614
01:28.2,7,1.66,15.43028636,75.015659,732.784,0.072089116,40.247332,1.6,5.062,0.548,-0.02517488,0.09301065,0.000937239,-0.1596788,0.1529247,-9.826118,-0.23736048,0.7411331,0.6837046,0.70447042,0,-1.686,-1.64,148.626
01:28.3,7,1.66,15.43028637,75.015659,732.783,0.078644522,41.744599,1.6,5.064,0.551,-0.02534835,0.087713235,-0.000445167,-0.23600125,0.1879655,-9.7954965,-0.20345184,0.8018142,0.700205,0.73864696,0,-1.688,-1.64,148.638
01:28.3,7,1.66,15.43028638,75.015659,732.782,0.085199928,43.241866,1.6,5.066,0.554,-0.02552182,0.08241582,-0.001827572,-0.3123237,0.2230063,-9.764875,-0.1695432,0.8624953,0.7167054,0.7728235,0,-1.69,-1.64,148.65
01:28.3,7,1.66,15.43028639,75.015659,732.781,0.091755334,44.739133,1.6,5.068,0.557,-0.02514487,0.07899476,-0.000265766,-0.301015,0.2275314,-9.760184,-0.21814556,0.85841426,0.71046524,0.76451118,0,-1.69,-1.64,148.662
01:28.3,7,1.66,15.4302864,75.015659,732.78,0.09831074,46.2364,1.6,5.07,0.56,-0.02476792,0.0755737,0.001296039,-0.2897063,0.2320565,-9.755493,-0.26674792,0.85433322,0.70422508,0.75619886,0,-1.69,-1.64,148.674
01:28.3,7,1.66,15.43028641,75.015659,732.776,0.094979667,46.92577,1.601,5.071,0.558,-0.025571515,0.06108632,0.004778406,-0.29162185,0.2304949,-9.75352,-0.31535028,0.85025218,0.69798492,0.74788654,0,-1.69,-1.64,148.686
01:28.4,7,1.66,15.43028642,75.015659,732.772,0.091648594,47.61514,1.602,5.072,0.556,-0.02637511,0.04659894,0.008260773,-0.2935374,0.2289333,-9.751547,-0.36395264,0.84617114,0.69174476,0.73957422,0,-1.69,-1.64,148.698
01:28.4,7,1.66,15.43028643,75.015659,732.768,0.088317521,48.30451,1.603,5.073,0.554,-0.025112285,0.038299645,0.009838077,-0.28489955,0.2365886,-9.750218,-0.412555,0.8420901,0.6855046,0.7312619,0,-1.69,-1.64,148.71
01:28.4,7,1.66,15.43028644,75.015659,732.764,0.084986448,48.99388,1.604,5.074,0.552,-0.02384946,0.03000035,0.01141538,-0.2762617,0.2442439,-9.748889,-0.37864638,0.78255634,0.66432176,0.69944082,0,-1.69,-1.638,148.72
01:28.4,7,1.66,15.43028645,75.015659,732.76,0.081655375,49.68325,1.605,5.075,0.55,-0.02331424,0.026995335,0.015435965,-0.25834875,0.21110225,-9.775204,-0.34473776,0.72302258,0.64313892,0.66761974,0,-1.69,-1.636,148.73
01:28.4,7,1.66,15.43028646,75.015659,732.756,0.078324302,50.37262,1.606,5.076,0.548,-0.02277902,0.02399032,0.01945655,-0.2404358,0.1779606,-9.801519,-0.31082914,0.66348882,0.62195608,0.63579866,0,-1.69,-1.634,148.74
01:28.5,7,1.66,15.43028647,75.015659,732.752,0.074993229,51.06199,1.607,5.077,0.546,-0.015545175,0.014026567,0.018864185,-0.2507583,0.21990605,-9.765385,-0.27692052,0.60395506,0.60077324,0.60397758,0,-1.69,-1.632,148.75
01:28.5,7,1.66,15.43028648,75.015659,732.748,0.071662156,51.75136,1.608,5.078,0.544,-0.008311329,0.004062813,0.01827182,-0.2610808,0.2618515,-9.729251,-0.2430119,0.5444213,0.5795904,0.5721565,0,-1.69,-1.63,148.76
01:28.5,7,1.66,15.43028649,75.015659,732.744,0.068331083,52.44073,1.609,5.079,0.542,0.002467966,-0.004744739,0.020020405,-0.2567771,0.2684915,-9.728229,-0.23736046,0.57165914,0.58248636,0.58153296,0,-1.692,-1.626,148.766
01:28.5,7,1.66,15.4302865,75.015659,732.74,0.06500001,53.1301,1.61,5.08,0.54,0.01324726,-0.01355229,0.02176899,-0.2524734,0.2751315,-9.727207,-0.23170902,0.59889698,0.58538232,0.59090942,0,-1.694,-1.622,148.772
01:28.5,7,1.66,15.4302865,75.01565901,732.738,0.067608248,54.894022,1.61,5.081,0.54,0.024150565,-0.01498694,0.02122009,-0.25200535,0.28639185,-9.7270065,-0.22605758,0.62613482,0.58827828,0.60028588,0,-1.696,-1.618,148.778
01:28.6,7,1.66,15.4302865,75.01565902,732.736,0.070216486,56.657944,1.61,5.082,0.54,0.03505387,-0.01642159,0.02067119,-0.2515373,0.2976522,-9.726806,-0.22040614,0.65337266,0.59117424,0.60966234,0,-1.698,-1.614,148.784
01:28.6,7,1.66,15.4302865,75.01565903,732.734,0.072824724,58.421866,1.61,5.083,0.54,0.03853861,-0.011703226,0.018840735,-0.2512892,0.29309905,-9.7240065,-0.2147547,0.6806105,0.5940702,0.6190388,0,-1.7,-1.61,148.79
01:28.6,7,1.66,15.4302865,75.01565904,732.732,0.075432962,60.185788,1.61,5.084,0.54,0.04202335,-0.006984862,0.01701028,-0.2510411,0.2885459,-9.721207,-0.191018652,0.7572972,0.64658732,0.64583154,0,-1.7,-1.608,148.796
01:28.6,7,1.66,15.4302865,75.01565905,732.73,0.0780412,61.94971,1.61,5.085,0.54,0.041113025,0.004549269,0.014223035,-0.2010872,0.25480555,-9.7853065,-0.167282604,0.8339839,0.69910444,0.67262428,0,-1.7,-1.606,148.802
01:28.6,7,1.66,15.4302865,75.01565906,732.728,0.080649438,63.713632,1.61,5.086,0.54,0.0402027,0.0160834,0.01143579,-0.1511333,0.2210652,-9.849406,-0.143546556,0.9106706,0.75162156,0.69941702,0,-1.7,-1.604,148.808
01:28.7,7,1.66,15.4302865,75.01565907,732.726,0.083257676,65.477554,1.61,5.087,0.54,0.044596885,0.009397768,0.010934775,-0.1391479,0.22869005,-9.840681,-0.119810508,0.9873573,0.80413868,0.72620976,0,-1.7,-1.602,148.814
01:28.7,7,1.66,15.4302865,75.01565908,732.724,0.085865914,67.241476,1.61,5.088,0.54,0.04899107,0.002712136,0.01043376,-0.1271625,0.2363149,-9.831956,-0.09607446,1.064044,0.8566558,0.7530025,0,-1.7,-1.6,148.82
01:28.7,7,1.66,15.4302865,75.01565909,732.722,0.088474152,69.005398,1.61,5.089,0.54,0.058011655,-0.008035662,0.004575252,-0.19199325,0.26520475,-9.7796005,-0.09607446,1.0704906,0.84719412,0.76927398,0,-1.704,-1.6,148.824
01:28.7,7,1.66,15.4302865,75.0156591,732.72,0.09108239,70.76932,1.61,5.09,0.54,0.06703224,-0.01878346,-0.001283257,-0.256824,0.2940946,-9.727245,-0.09607446,1.0769372,0.83773244,0.78554546,0,-1.708,-1.6,148.828
01:28.7,7,1.66,15.43028651,75.01565911,732.721,0.088145861,69.994365,1.61,5.092,0.54,0.06748254,-0.0222769,-0.001531519,-0.2513968,0.2973382,-9.7263035,-0.09607446,1.0833838,0.82827076,0.80181694,0,-1.712,-1.6,148.832
01:28.8,7,1.66,15.43028652,75.01565912,732.722,0.085209332,69.21941,1.61,5.094,0.54,0.06793284,-0.02577034,-0.001779781,-0.2459696,0.3005818,-9.725362,-0.09607446,1.0898304,0.81880908,0.81808842,0,-1.716,-1.6,148.836
01:28.8,7,1.66,15.43028653,75.01565913,732.723,0.082272803,68.444455,1.61,5.096,0.54,0.06475752,-0.026765045,-0.003369908,-0.24913595,0.2981378,-9.7243,-0.09607446,1.096277,0.8093474,0.8343599,0,-1.72,-1.6,148.84
01:28.8,7,1.66,15.43028654,75.01565914,732.724,0.079336274,67.6695,1.61,5.098,0.54,0.0615822,-0.02775975,-0.004960035,-0.2523023,0.2956938,-9.723238,-0.118680208,1.04305936,0.79959412,0.80258586,0,-1.722,-1.6,148.846
01:28.8,7,1.66,15.43028655,75.01565915,732.725,0.076399745,66.894545,1.61,5.1,0.54,0.05581233,-0.02923515,-0.007796278,-0.2451561,0.2924852,-9.723385,-0.141285956,0.98984172,0.78984084,0.77081182,0,-1.724,-1.6,148.852
01:28.8,7,1.66,15.43028656,75.01565916,732.726,0.073463216,66.11959,1.61,5.102,0.54,0.05004246,-0.03071055,-0.01063252,-0.2380099,0.2892766,-9.723532,-0.163891704,0.93662408,0.78008756,0.73903778,0,-1.726,-1.6,148.858
01:28.9,7,1.66,15.43028657,75.01565917,732.727,0.070526687,65.344635,1.61,5.104,0.54,0.03929983,-0.037701525,-0.01061497,-0.21783725,0.2485508,-9.763122,-0.186497452,0.88340644,0.77033428,0.70726374,0,-1.728,-1.6,148.864
01:28.9,7,1.66,15.43028658,75.01565918,732.728,0.067590158,64.56968,1.61,5.106,0.54,0.0285572,-0.0446925,-0.01059742,-0.1976646,0.207825,-9.802712,-0.2091032,0.8301888,0.760581,0.6754897,0,-1.73,-1.6,148.87
01:28.9,7,1.66,15.43028659,75.01565919,732.729,0.064653629,63.794725,1.61,5.108,0.54,0.02373646,-0.059995935,-0.010009032,-0.20803665,0.24143845,-9.744338,-0.21362436,0.8215331,0.74271642,0.68311056,0,-1.732,-1.602,148.876
01:28.9,7,1.66,15.4302866,75.0156592,732.73,0.0617171,63.01977,1.61,5.11,0.54,0.01891572,-0.07529937,-0.009420644,-0.2184087,0.2750519,-9.685964,-0.21814552,0.8128774,0.72485184,0.69073142,0,-1.734,-1.604,148.882
01:28.9,7,1.66,15.4302866,75.0156592,732.727,0.064237916,63.415244,1.611,5.111,0.54,0.01640477,-0.083357045,-0.008332039,-0.21240235,0.2744365,-9.6877335,-0.22266668,0.8042217,0.70698726,0.69835228,0,-1.736,-1.606,148.888
01:29.0,7,1.66,15.4302866,75.0156592,732.724,0.066758732,63.810718,1.612,5.112,0.54,0.01389382,-0.09141472,-0.007243434,-0.206396,0.2738211,-9.689503,-0.22718784,0.795566,0.68912268,0.70597314,0,-1.738,-1.608,148.894
01:29.0,7,1.66,15.4302866,75.0156592,732.721,0.069279548,64.206192,1.613,5.113,0.54,0.01340184,-0.09770866,-0.007928805,-0.1996309,0.2641143,-9.6850255,-0.231709,0.7869103,0.6712581,0.713594,0,-1.74,-1.61,148.9
01:29.0,7,1.66,15.4302866,75.0156592,732.718,0.071800364,64.601666,1.614,5.114,0.54,0.01290986,-0.1040026,-0.008614176,-0.1928658,0.2544075,-9.680548,-0.26335706,0.83176264,0.7068664,0.7452885,0,-1.742,-1.61,148.904
01:29.0,7,1.66,15.4302866,75.0156592,732.715,0.07432118,64.99714,1.615,5.115,0.54,0.009187086,-0.0996021,-0.005192436,-0.13200998,0.24629535,-9.7309655,-0.29500512,0.87661498,0.7424747,0.776983,0,-1.744,-1.61,148.908
01:29.0,7,1.66,15.4302866,75.0156592,732.712,0.076841996,65.392614,1.616,5.116,0.54,0.005464311,-0.0952016,-0.001770696,-0.07115416,0.2381832,-9.781383,-0.32665318,0.92146732,0.778083,0.8086775,0,-1.746,-1.61,148.912
01:29.1,7,1.66,15.4302866,75.0156592,732.709,0.079362812,65.788088,1.617,5.117,0.54,0.006413421,-0.09044686,0.001250128,-0.05456399,0.2286047,-9.7733205,-0.35830124,0.96631966,0.8136913,0.840372,0,-1.748,-1.61,148.916
01:29.1,7,1.66,15.4302866,75.0156592,732.706,0.081883628,66.183562,1.618,5.118,0.54,0.007362531,-0.08569212,0.004270951,-0.03797382,0.2190262,-9.765258,-0.3899493,1.011172,0.8492996,0.8720665,0,-1.75,-1.61,148.92
01:29.1,7,1.66,15.4302866,75.0156592,732.703,0.084404444,66.579036,1.619,5.119,0.54,0.001644428,-0.09080512,0.004524058,-0.12315491,0.24054545,-9.720917,-0.3616921,1.0210982,0.87812674,0.85711418,0,-1.752,-1.61,148.922
01:29.1,7,1.66,15.4302866,75.0156592,732.7,0.08692526,66.97451,1.62,5.12,0.54,-0.004073674,-0.09591812,0.004777164,-0.208336,0.2620647,-9.676576,-0.3334349,1.0310244,0.90695388,0.84216186,0,-1.754,-1.61,148.924
01:29.1,7,1.66,15.4302866,75.0156592,732.694,0.085999329,68.088193,1.62,5.121,0.537,-0.006688985,-0.0855515,0.005435478,-0.1960352,0.2550669,-9.6846735,-0.3051777,1.0409506,0.93578102,0.82720954,0,-1.756,-1.61,148.926
01:29.2,7,1.66,15.4302866,75.0156592,732.688,0.085073398,69.201876,1.62,5.122,0.534,-0.009304297,-0.07518488,0.006093791,-0.1837344,0.2480691,-9.692771,-0.2769205,1.0508768,0.96460816,0.81225722,0,-1.758,-1.61,148.928
01:29.2,7,1.66,15.4302866,75.0156592,732.682,0.084147467,70.315559,1.62,5.123,0.531,-0.007091897,-0.069595445,0.008051386,-0.20332275,0.2514993,-9.700564,-0.2486633,1.060803,0.9934353,0.7973049,0,-1.76,-1.61,148.93
01:29.2,7,1.66,15.4302866,75.0156592,732.676,0.083221536,71.429242,1.62,5.124,0.528,-0.004879496,-0.06400601,0.01000898,-0.2229111,0.2549295,-9.708357,-0.23736042,1.03248074,0.97698164,0.7881273,0,-1.762,-1.608,148.932
01:29.2,7,1.66,15.4302866,75.0156592,732.67,0.082295605,72.542925,1.62,5.125,0.525,-0.009890818,-0.05624814,0.01196684,-0.21305475,0.25785485,-9.704891,-0.22605754,1.00415848,0.96052798,0.7789497,0,-1.764,-1.606,148.934
01:29.2,7,1.66,15.4302866,75.0156592,732.664,0.081369674,73.656608,1.62,5.126,0.522,-0.01490214,-0.04849027,0.0139247,-0.2031984,0.2607802,-9.701425,-0.21475466,0.97583622,0.94407432,0.7697721,0,-1.766,-1.604,148.936
01:29.3,7,1.66,15.4302866,75.0156592,732.658,0.080443743,74.770291,1.62,5.127,0.519,-0.01704086,-0.03751265,0.012153265,-0.16715875,0.24201735,-9.7407615,-0.20345178,0.94751396,0.92762066,0.7605945,0,-1.768,-1.602,148.938
01:29.3,7,1.66,15.4302866,75.0156592,732.652,0.079517812,75.883974,1.62,5.128,0.516,-0.01917958,-0.02653503,0.01038183,-0.1311191,0.2232545,-9.780098,-0.1921489,0.9191917,0.911167,0.7514169,0,-1.77,-1.6,148.94
01:29.3,7,1.66,15.4302866,75.0156592,732.646,0.078591881,76.997657,1.62,5.129,0.513,-0.023367125,-0.03370093,0.00812039,-0.1786494,0.24034115,-9.74359,-0.21475466,0.90668832,0.88912048,0.7845233,0,-1.772,-1.6,148.942
01:29.3,7,1.66,15.4302866,75.0156592,732.64,0.07766595,78.11134,1.62,5.13,0.51,-0.02755467,-0.04086683,0.005858949,-0.2261797,0.2574278,-9.707082,-0.23736042,0.89418494,0.86707396,0.8176297,0,-1.774,-1.6,148.944
01:29.3,7,1.66,15.43028661,75.0156592,732.632,0.082880105,77.735981,1.62,5.131,0.509,-0.03237923,-0.02921896,0.007754473,-0.2476166,0.2448629,-9.7114925,-0.25996618,0.88168156,0.84502744,0.8507361,0,-1.776,-1.6,148.946
01:29.4,7,1.66,15.43028662,75.0156592,732.624,0.08809426,77.360622,1.62,5.132,0.508,-0.03720379,-0.01757109,0.009649998,-0.2690535,0.232298,-9.715903,-0.28257194,0.86917818,0.82298092,0.8838425,0,-1.778,-1.6,148.948
01:29.4,7,1.66,15.43028663,75.0156592,732.616,0.093308415,76.985263,1.62,5.133,0.507,-0.037250085,-0.017556395,0.006089686,-0.26205965,0.24109325,-9.7136865,-0.3051777,0.8566748,0.8009344,0.9169489,0,-1.78,-1.6,148.95
01:29.4,7,1.66,15.43028664,75.0156592,732.608,0.09852257,76.609904,1.62,5.134,0.506,-0.03729638,-0.0175417,0.002529373,-0.2550658,0.2498885,-9.71147,-0.230530264,0.8297118,0.85517352,0.9140131,0,-1.78,-1.598,148.95
01:29.4,7,1.66,15.43028665,75.0156592,732.6,0.103736725,76.234545,1.62,5.135,0.505,-0.036114915,-0.00175955,0.001328037,-0.2758816,0.23961395,-9.720592,-0.155882828,0.8027488,0.90941264,0.9110773,0,-1.78,-1.596,148.95
01:29.4,7,1.66,15.43028666,75.0156592,732.592,0.10895088,75.859186,1.62,5.136,0.504,-0.03493345,0.0140226,0.000126701,-0.2966974,0.2293394,-9.729714,-0.081235392,0.7757858,0.96365176,0.9081415,0,-1.78,-1.594,148.95
01:29.5,7,1.66,15.43028667,75.0156592,732.584,0.114165035,75.483827,1.62,5.137,0.503,-0.02501312,0.01888312,-0.001769727,-0.25845545,0.2310712,-9.7722625,-0.006587956,0.7488228,1.01789088,0.9052057,0,-1.78,-1.592,148.95
01:29.5,7,1.66,15.43028668,75.0156592,732.576,0.11937919,75.108468,1.62,5.138,0.502,-0.01509279,0.02374364,-0.003666154,-0.2202135,0.232803,-9.814811,0.06805948,0.7218598,1.07213,0.9022699,0,-1.78,-1.59,148.95
01:29.5,7,1.66,15.43028669,75.0156592,732.568,0.124593345,74.733109,1.62,5.139,0.501,0.001440635,-0.010140975,0.006839923,-0.2421528,0.2462153,-9.762168,0.054496026,0.66925494,1.0217825,0.87585178,0,-1.782,-1.592,148.952
01:29.5,7,1.66,15.4302867,75.0156592,732.56,0.1298075,74.35775,1.62,5.14,0.5,0.01797406,-0.04402559,0.017346,-0.2640921,0.2596276,-9.709525,0.040932573,0.61665008,0.971435,0.84943366,0,-1.784,-1.594,148.954
01:29.5,7,1.66,15.43028669,75.01565921,732.561,0.121934588,82.616845,1.62,5.14,0.497,0.007953145,-0.014060095,0.00866487,-0.24383695,0.2622906,-9.7262675,0.027369119,0.56404522,0.9210875,0.82301554,0,-1.786,-1.596,148.956
01:29.6,7,1.66,15.43028668,75.01565922,732.562,0.114061676,90.87594,1.62,5.14,0.494,-0.00206777,0.0159054,-1.63E-05,-0.2235818,0.2649536,-9.74301,0.013805666,0.51144036,0.87074,0.79659742,0,-1.788,-1.598,148.958
01:29.6,7,1.66,15.43028667,75.01565923,732.563,0.106188764,99.135035,1.62,5.14,0.491,0.006453,0.00278499,-0.009288005,-0.23610505,0.2617889,-9.7451705,0.000242212,0.4588355,0.8203925,0.7701793,0,-1.79,-1.6,148.96
01:29.6,7,1.66,15.43028666,75.01565924,732.564,0.098315852,107.39413,1.62,5.14,0.488,0.01497377,-0.01033542,-0.01855975,-0.2486283,0.2586242,-9.747331,-0.02518927,0.43244766,0.82153136,0.73530404,0,-1.79,-1.602,148.956
01:29.6,7,1.66,15.43028665,75.01565925,732.565,0.09044294,115.653225,1.62,5.14,0.485,0.01840065,-0.01681438,-0.014954,-0.2564658,0.2617763,-9.7448225,-0.050620753,0.40605982,0.82267022,0.70042878,0,-1.79,-1.604,148.952
01:29.6,7,1.66,15.43028664,75.01565926,732.566,0.082570028,123.91232,1.62,5.14,0.482,0.02182753,-0.02329334,-0.01134825,-0.2643033,0.2649284,-9.742314,-0.076052235,0.37967198,0.82380908,0.66555352,0,-1.79,-1.606,148.948
01:29.7,7,1.66,15.43028663,75.01565927,732.567,0.074697116,132.171415,1.62,5.14,0.479,0.018569675,-0.00498981,-0.006293969,-0.25971865,0.24106055,-9.780609,-0.101483718,0.35328414,0.82494794,0.63067826,0,-1.79,-1.608,148.944
01:29.7,7,1.66,15.43028662,75.01565928,732.568,0.066824204,140.43051,1.62,5.14,0.476,0.01531182,0.01331372,-0.001239688,-0.255134,0.2171927,-9.818904,-0.1269152,0.3268963,0.8260868,0.595803,0,-1.79,-1.61,148.94
01:29.7,7,1.66,15.43028661,75.01565929,732.569,0.058951292,148.689605,1.62,5.14,0.473,0.014704685,0.005512944,-0.005346114,-0.2493123,0.2441631,-9.7832865,-0.085094544,0.3053922,0.7618395,0.5589066,0,-1.79,-1.61,148.936
01:29.7,7,1.66,15.4302866,75.0156593,732.57,0.05107838,156.9487,1.62,5.14,0.47,0.01409755,-0.002287833,-0.009452539,-0.2434906,0.2711335,-9.747669,-0.043273888,0.2838881,0.6975922,0.5220102,0,-1.79,-1.61,148.932
01:29.7,7,1.66,15.43028659,75.0156593,732.564,0.050200199,150.932726,1.621,5.141,0.472,0.006455616,-0.009248771,-0.009401211,-0.23801595,0.2605516,-9.7404365,-0.001453232,0.262384,0.6333449,0.4851138,0,-1.79,-1.61,148.928
01:29.8,7,1.66,15.43028658,75.0156593,732.558,0.049322018,144.916752,1.622,5.142,0.474,-0.001186318,-0.01620971,-0.009349882,-0.2325413,0.2499697,-9.733204,0.040367424,0.2408799,0.5690976,0.4482174,0,-1.79,-1.61,148.924
01:29.8,7,1.66,15.43028657,75.0156593,732.552,0.048443837,138.900778,1.623,5.143,0.476,0.0014832,-0.0141079,-0.000397324,-0.23972115,0.25553875,-9.7218515,0.08218808,0.2193758,0.5048503,0.411321,0,-1.79,-1.61,148.92
01:29.8,7,1.66,15.43028656,75.0156593,732.546,0.047565656,132.884804,1.624,5.144,0.478,0.004152717,-0.01200609,0.008555234,-0.246901,0.2611078,-9.710499,0.061277756,0.21179484,0.47338662,0.39643844,0,-1.788,-1.612,148.912
01:29.8,7,1.66,15.43028655,75.0156593,732.54,0.046687475,126.86883,1.625,5.145,0.48,0.006076876,-0.009320544,0.020659182,-0.26274285,0.2801025,-9.711965,0.040367432,0.20421388,0.44192294,0.38155588,0,-1.786,-1.614,148.904
01:29.8,7,1.66,15.43028654,75.0156593,732.534,0.045809294,120.852856,1.626,5.146,0.482,0.008001034,-0.006634998,0.03276313,-0.2785847,0.2990972,-9.713431,0.019457108,0.19663292,0.41045926,0.36667332,0,-1.784,-1.616,148.896
01:29.9,7,1.66,15.43028653,75.0156593,732.528,0.044931113,114.836882,1.627,5.147,0.484,0.00317443,-0.005274303,0.019599628,-0.2677421,0.2628993,-9.762779,-0.001453216,0.18905196,0.37899558,0.35179076,0,-1.782,-1.618,148.888
01:29.9,7,1.66,15.43028652,75.0156593,732.522,0.044052932,108.820908,1.628,5.148,0.486,-0.001652174,-0.003913608,0.006436125,-0.2568995,0.2267014,-9.812127,-0.02236354,0.181471,0.3475319,0.3369082,0,-1.78,-1.62,148.88
01:29.9,7,1.66,15.43028651,75.0156593,732.516,0.043174751,102.804934,1.629,5.149,0.488,0.000291709,-0.005118942,-0.017019183,-0.243329,0.2089351,-9.7785525,0.014370808,0.1746884,0.33779938,0.3203301,0,-1.778,-1.622,148.872
01:29.9,7,1.66,15.4302865,75.0156593,732.51,0.04229657,96.78896,1.63,5.15,0.49,0.002235592,-0.006324276,-0.04047449,-0.2297585,0.1911688,-9.744978,0.051105156,0.1679058,0.32806686,0.303752,0,-1.776,-1.624,148.864
01:29.9,7,1.66,15.4302865,75.0156593,732.508,0.045813525,91.033801,1.63,5.151,0.491,0.003809826,-0.006798323,-0.011230575,-0.25714955,0.2503982,-9.732329,0.087839504,0.1611232,0.31833434,0.2871739,0,-1.774,-1.626,148.856
01:30.0,7,1.66,15.4302865,75.0156593,732.506,0.04933048,85.278642,1.63,5.152,0.492,0.00538406,-0.00727237,0.01801334,-0.2845406,0.3096276,-9.71968,0.124573852,0.1543406,0.30860182,0.2705958,0,-1.772,-1.628,148.848
01:30.0,7,1.66,15.4302865,75.0156593,732.504,0.052847435,79.523483,1.63,5.153,0.493,0.003647464,-0.01051652,0.02542797,-0.2632938,0.31056795,-9.7152755,0.1613082,0.147558,0.2988693,0.2540177,0,-1.77,-1.63,148.84
01:30.0,7,1.66,15.4302865,75.0156593,732.502,0.05636439,73.768324,1.63,5.154,0.494,0.001910868,-0.01376067,0.0328426,-0.242047,0.3115083,-9.710871,0.137007018,0.14166224,0.29109122,0.24464076,0,-1.768,-1.63,148.84
01:30.0,7,1.66,15.4302865,75.0156593,732.5,0.059881345,68.013165,1.63,5.155,0.495,0.007106739,-0.013789195,-0.00259378,-0.2390885,0.2393706,-9.719974,0.112705836,0.13576648,0.28331314,0.23526382,0,-1.766,-1.63,148.84
01:30.0,7,1.66,15.4302865,75.0156593,732.498,0.0633983,62.258006,1.63,5.156,0.496,0.01230261,-0.01381772,-0.03803016,-0.23613,0.1672329,-9.729077,0.088404654,0.12987072,0.27553506,0.22588688,0,-1.764,-1.63,148.84
01:30.1,7,1.66,15.4302865,75.0156593,732.496,0.066915255,56.502847,1.63,5.157,0.497,0.003483013,-0.005110178,-0.018919701,-0.256246,0.22241665,-9.7767905,0.064103472,0.12397496,0.26775698,0.21650994,0,-1.762,-1.63,148.84
01:30.1,7,1.66,15.4302865,75.0156593,732.494,0.07043221,50.747688,1.63,5.158,0.498,-0.005336585,0.003597364,0.000190757,-0.276362,0.2776004,-9.824504,0.03980229,0.1180792,0.2599789,0.207133,0,-1.76,-1.63,148.84
01:30.1,7,1.66,15.4302865,75.0156593,732.492,0.073949165,44.992529,1.63,5.159,0.499,0.000735341,-0.007215718,0.012003679,-0.2572299,0.251218,-9.7699025,0.033585706,0.15822222,0.29792412,0.21488992,0,-1.758,-1.632,148.832
01:30.1,7,1.66,15.4302865,75.0156593,732.49,0.07746612,39.23737,1.63,5.16,0.5,0.006807267,-0.0180288,0.0238166,-0.2380978,0.2248356,-9.715301,0.027369122,0.19836524,0.33586934,0.22264684,0,-1.756,-1.634,148.824
01:30.1,7,1.66,15.4302865,75.01565928,732.482,0.071759116,70.182643,1.63,5.161,0.498,0.005358912,-0.01379874,0.00621677,-0.2545406,0.26307245,-9.7216405,0.021152539,0.23850826,0.37381456,0.23040376,0,-1.754,-1.636,148.816
01:30.2,7,1.66,15.4302865,75.01565926,732.474,0.066052112,101.127916,1.63,5.162,0.496,0.003910556,-0.009568679,-0.01138306,-0.2709834,0.3013093,-9.72798,0.014935955,0.27865128,0.41175978,0.23816068,0,-1.752,-1.638,148.808
01:30.2,7,1.66,15.4302865,75.01565924,732.466,0.060345108,132.073189,1.63,5.163,0.494,0.004362628,-0.008244052,-0.010814315,-0.2487817,0.25267065,-9.72402,0.008719371,0.3187943,0.449705,0.2459176,0,-1.75,-1.64,148.8
01:30.2,7,1.66,15.4302865,75.01565922,732.458,0.054638104,163.018462,1.63,5.164,0.492,0.0048147,-0.006919425,-0.01024557,-0.22658,0.204032,-9.72006,0.029064557,0.33048474,0.50666384,0.27136578,0,-1.748,-1.638,148.796
01:30.2,7,1.66,15.4302865,75.0156592,732.45,0.0489311,193.963735,1.63,5.165,0.49,0.00495195,-0.010439588,0.002227535,-0.25132465,0.2659154,-9.726978,0.049409743,0.34217518,0.56362268,0.29681396,0,-1.746,-1.636,148.792
01:30.2,7,1.66,15.4302865,75.01565918,732.442,0.043224096,224.909008,1.63,5.166,0.488,0.0050892,-0.01395975,0.01470064,-0.2760693,0.3277988,-9.733896,0.069754928,0.35386562,0.62058152,0.32226214,0,-1.744,-1.634,148.788
01:30.3,7,1.66,15.4302865,75.01565916,732.434,0.037517092,255.854281,1.63,5.167,0.486,0.003259818,-0.012182225,0.008236622,-0.25728675,0.26945545,-9.7276365,0.090100114,0.36555606,0.67754036,0.34771032,0,-1.742,-1.632,148.784
01:30.3,7,1.66,15.4302865,75.01565914,732.426,0.031810088,286.799554,1.63,5.168,0.484,0.001430436,-0.0104047,0.001772603,-0.2385042,0.2111121,-9.721377,0.1104453,0.3772465,0.7344992,0.3731585,0,-1.74,-1.63,148.78
01:30.3,7,1.66,15.4302865,75.01565912,732.418,0.026103084,317.744827,1.63,5.169,0.482,0.002058727,-0.005412576,-0.004147328,-0.2190043,0.2320272,-9.758717,0.05958234,0.39284554,0.77032564,0.40653468,0,-1.738,-1.628,148.776
01:30.3,7,1.66,15.4302865,75.0156591,732.41,0.02039608,348.6901,1.63,5.17,0.48,0.002687018,-0.000420453,-0.01006726,-0.1995044,0.2529423,-9.796057,0.00871938,0.40844458,0.80615208,0.43991086,0,-1.736,-1.626,148.772
01:30.3,7,1.66,15.4302865,75.01565908,732.399,0.02309778,343.58569,1.63,5.17,0.477,0.004337447,-0.00470994,-0.001307406,-0.23883585,0.24695535,-9.763214,-0.04214358,0.42404362,0.84197852,0.47328704,0,-1.734,-1.624,148.768
01:30.4,7,1.66,15.4302865,75.01565906,732.388,0.02579948,338.48128,1.63,5.17,0.474,0.005987875,-0.008999427,0.007452448,-0.2781673,0.2409684,-9.730371,-0.09300654,0.43964266,0.87780496,0.50666322,0,-1.732,-1.622,148.764
01:30.4,7,1.66,15.4302865,75.01565904,732.377,0.02850118,333.37687,1.63,5.17,0.471,0.008225393,-0.008638701,0.005954638,-0.25162185,0.26265535,-9.730857,-0.1438695,0.4552417,0.9136314,0.5400394,0,-1.73,-1.62,148.76
01:30.4,7,1.66,15.4302865,75.01565902,732.366,0.03120288,328.27246,1.63,5.17,0.468,0.01046291,-0.008277974,0.004456827,-0.2250764,0.2843423,-9.731343,-0.13991348,0.48042682,0.90429858,0.57258874,0,-1.728,-1.618,148.758
01:30.4,7,1.66,15.4302865,75.015659,732.355,0.03390458,323.16805,1.63,5.17,0.465,0.007060153,-0.00852273,-0.0008563,-0.24826195,0.26616165,-9.726688,-0.13595746,0.50561194,0.89496576,0.60513808,0,-1.726,-1.616,148.756
01:30.4,7,1.66,15.4302865,75.01565898,732.344,0.03660628,318.06364,1.63,5.17,0.462,0.003657395,-0.008767487,-0.006169426,-0.2714475,0.247981,-9.722033,-0.13200144,0.53079706,0.88563294,0.63768742,0,-1.724,-1.614,148.754
01:30.5,7,1.66,15.4302865,75.01565896,732.333,0.03930798,312.95923,1.63,5.17,0.459,0.00235458,-0.014866618,0.000982464,-0.25168695,0.26309985,-9.720117,-0.12804542,0.55598218,0.87630012,0.67023676,0,-1.722,-1.612,148.752
01:30.5,7,1.66,15.4302865,75.01565894,732.322,0.04200968,307.85482,1.63,5.17,0.456,0.001051764,-0.02096575,0.008134354,-0.2319264,0.2782187,-9.718201,-0.1240894,0.5811673,0.8669673,0.7027861,0,-1.72,-1.61,148.75
01:30.5,7,1.66,15.4302865,75.01565892,732.311,0.04471138,302.75041,1.63,5.17,0.453,0.003959748,-0.010181637,-0.001107943,-0.2449275,0.24584425,-9.7701275,-0.106004804,0.55464112,0.86410996,0.67772894,0,-1.718,-1.61,148.75
01:30.5,7,1.66,15.4302865,75.0156589,732.3,0.04741308,297.646,1.63,5.17,0.45,0.006867732,0.000602476,-0.01035024,-0.2579286,0.2134698,-9.822054,-0.087920208,0.52811494,0.86125262,0.65267178,0,-1.716,-1.61,148.75
01:30.5,7,1.66,15.43028649,75.01565888,732.294,0.049197107,287.39151,1.631,5.171,0.447,0.006059986,-0.00064104,-0.004777577,-0.24199345,0.2409065,-9.775762,-0.069835612,0.50158876,0.85839528,0.62761462,0,-1.714,-1.61,148.75
01:30.6,7,1.66,15.43028648,75.01565886,732.288,0.050981134,277.13702,1.632,5.172,0.444,0.005252239,-0.001884557,0.000795086,-0.2260583,0.2683432,-9.72947,-0.051751016,0.47506258,0.85553794,0.60255746,0,-1.712,-1.61,148.75
01:30.6,7,1.66,15.43028647,75.01565884,732.282,0.052765161,266.88253,1.633,5.173,0.441,0.00564501,-0.007756564,0.005462373,-0.2518403,0.2694937,-9.728408,-0.03366642,0.4485364,0.8526806,0.5775003,0,-1.71,-1.61,148.75
01:30.6,7,1.66,15.43028646,75.01565882,732.276,0.054549188,256.62804,1.634,5.174,0.438,0.006037781,-0.01362857,0.01012966,-0.2776223,0.2706442,-9.727346,-0.019537824,0.45611202,0.8664576,0.57569526,0,-1.708,-1.608,148.748
01:30.6,7,1.66,15.43028645,75.0156588,732.27,0.056333215,246.37355,1.635,5.175,0.435,0.006156408,-0.01311246,0.002661531,-0.25560195,0.2580991,-9.7280085,-0.005409228,0.46368764,0.8802346,0.57389022,0,-1.706,-1.606,148.746
01:30.6,7,1.66,15.43028644,75.01565878,732.264,0.058117242,236.11906,1.636,5.176,0.432,0.006275035,-0.01259635,-0.004806597,-0.2335816,0.245554,-9.728671,0.008719368,0.47126326,0.8940116,0.57208518,0,-1.704,-1.604,148.744
01:30.7,7,1.66,15.43028643,75.01565876,732.258,0.059901269,225.86457,1.637,5.177,0.429,0.007392779,-0.01333705,-0.002467245,-0.24870005,0.2578988,-9.7222835,0.022847964,0.47883888,0.9077886,0.57028014,0,-1.702,-1.602,148.742
01:30.7,7,1.66,15.43028642,75.01565874,732.252,0.061685296,215.61008,1.638,5.178,0.426,0.008510523,-0.01407775,-0.000127894,-0.2638185,0.2702436,-9.715896,0.03697656,0.4864145,0.9215656,0.5684751,0,-1.7,-1.6,148.74
01:30.7,7,1.66,15.43028641,75.01565872,732.246,0.063469323,205.35559,1.639,5.179,0.423,-0.001380023,-0.009755944,0.005742678,-0.22719145,0.23309665,-9.756021,0.052800588,0.479164,0.87714788,0.5476911,0,-1.696,-1.6,148.736
01:30.7,7,1.66,15.4302864,75.0156587,732.24,0.06525335,195.1011,1.64,5.18,0.42,-0.01127057,-0.005434138,0.01161325,-0.1905644,0.1959497,-9.796146,0.068624616,0.4719135,0.83273016,0.5269071,0,-1.692,-1.6,148.732
01:30.7,7,1.66,15.43028639,75.0156587,732.235,0.072041545,184.332688,1.64,5.181,0.425,-0.002917642,-0.007271029,0.003291732,-0.2326715,0.2244125,-9.7642375,0.084448644,0.464663,0.78831244,0.5061231,0,-1.688,-1.6,148.728
01:30.8,7,1.66,15.43028638,75.0156587,732.23,0.07882974,173.564276,1.64,5.182,0.43,0.005435287,-0.009107919,-0.005029786,-0.2747786,0.2528753,-9.732329,0.100272672,0.4574125,0.74389472,0.4853391,0,-1.684,-1.6,148.724
01:30.8,7,1.66,15.43028637,75.0156587,732.225,0.085617935,162.795864,1.64,5.183,0.435,0.007475327,-0.012314015,0.001111494,-0.25597305,0.26178345,-9.722703,0.1160967,0.450162,0.699477,0.4645551,0,-1.68,-1.6,148.72
01:30.8,7,1.66,15.43028636,75.0156587,732.22,0.09240613,152.027452,1.64,5.184,0.44,0.009515366,-0.01552011,0.007252774,-0.2371675,0.2706916,-9.713077,0.101968104,0.4310927,0.72304894,0.4654403,0,-1.676,-1.6,148.718
01:30.8,7,1.66,15.43028635,75.0156587,732.215,0.099194325,141.25904,1.64,5.185,0.445,0.005132878,-0.009256847,0.002102354,-0.2500148,0.26909145,-9.717936,0.087839508,0.4120234,0.74662088,0.4663255,0,-1.672,-1.6,148.716
01:30.8,7,1.66,15.43028634,75.0156587,732.21,0.10598252,130.490628,1.64,5.186,0.45,0.00075039,-0.002993584,-0.003048067,-0.2628621,0.2674913,-9.722795,0.073710912,0.3929541,0.77019282,0.4672107,0,-1.668,-1.6,148.714
01:30.9,7,1.66,15.43028633,75.0156587,732.205,0.112770715,119.722216,1.64,5.187,0.455,-0.000490633,-0.009329497,-0.001190646,-0.2533,0.2589825,-9.727539,0.059582316,0.3738848,0.79376476,0.4680959,0,-1.664,-1.6,148.712
01:30.9,7,1.66,15.43028632,75.0156587,732.2,0.11955891,108.953804,1.64,5.188,0.46,-0.001731657,-0.01566541,0.000666775,-0.2437379,0.2504737,-9.732283,0.04545372,0.3548155,0.8173367,0.4689811,0,-1.66,-1.6,148.71
01:30.9,7,1.66,15.43028631,75.0156587,732.195,0.126347105,98.185392,1.64,5.189,0.465,-0.004315237,-0.004322623,-0.000700011,-0.2237694,0.2641153,-9.767638,0.049409728,0.37916944,0.89975816,0.51775964,0,-1.658,-1.6,148.706
01:30.9,7,1.66,15.4302863,75.0156587,732.19,0.1331353,87.41698,1.64,5.19,0.47,-0.006898816,0.007020164,-0.002066797,-0.2038009,0.2777569,-9.802993,0.053365736,0.40352338,0.98217962,0.56653818,0,-1.656,-1.6,148.702
01:30.9,7,1.66,15.43028629,75.0156587,732.183,0.123623086,96.524542,1.64,5.191,0.47,0.003067062,-0.006675108,0.000909336,-0.22909725,0.27838325,-9.75833,0.057321744,0.42787732,1.06460108,0.61531672,0,-1.654,-1.6,148.698
01:31.0,7,1.66,15.43028628,75.0156587,732.176,0.114110872,105.632104,1.64,5.192,0.47,0.01303294,-0.02037038,0.00388547,-0.2543936,0.2790096,-9.713667,0.061277752,0.45223126,1.14702254,0.66409526,0,-1.652,-1.6,148.694
01:31.0,7,1.66,15.43028627,75.0156587,732.169,0.104598658,114.739666,1.64,5.193,0.47,0.007771481,-0.01942676,0.006115336,-0.2558621,0.27676575,-9.710494,0.06523376,0.4765852,1.229444,0.7128738,0,-1.65,-1.6,148.69
01:31.0,7,1.66,15.43028626,75.0156587,732.162,0.095086444,123.847228,1.64,5.194,0.47,0.002510022,-0.01848314,0.008345202,-0.2573306,0.2745219,-9.707321,0.090665228,0.46500044,1.1929684,0.70876818,0,-1.65,-1.602,148.69
01:31.0,7,1.66,15.43028625,75.0156587,732.155,0.08557423,132.95479,1.64,5.195,0.47,0.001697483,-0.013032217,0.004994522,-0.2556274,0.2689313,-9.717492,0.116096696,0.45341568,1.1564928,0.70466256,0,-1.65,-1.604,148.69
01:31.0,7,1.66,15.43028624,75.0156587,732.148,0.076062016,142.062352,1.64,5.196,0.47,0.000884943,-0.007581295,0.001643842,-0.2539242,0.2633407,-9.727663,0.141528164,0.44183092,1.1200172,0.70055694,0,-1.65,-1.606,148.69
01:31.1,7,1.66,15.43028623,75.0156587,732.141,0.066549802,151.169914,1.64,5.197,0.47,0.000328445,-0.001900877,0.003309712,-0.25921565,0.2388477,-9.7714025,0.166959632,0.43024616,1.0835416,0.69645132,0,-1.65,-1.608,148.69
01:31.1,7,1.66,15.43028622,75.0156587,732.134,0.057037588,160.277476,1.64,5.198,0.47,-0.000228052,0.003779541,0.004975582,-0.2645071,0.2143547,-9.815142,0.1923911,0.4186614,1.047066,0.6923457,0,-1.65,-1.61,148.69
01:31.1,7,1.66,15.43028621,75.0156587,732.127,0.047525374,169.385038,1.64,5.199,0.47,-0.002917722,0.002815334,-0.000775537,-0.259407,0.2065922,-9.817892,0.18108822,0.38388854,0.96297108,0.6592007,0,-1.648,-1.612,148.686
01:31.1,7,1.66,15.4302862,75.0156587,732.12,0.03801316,178.4926,1.64,5.2,0.47,-0.005607392,0.001851127,-0.006526656,-0.2543069,0.1988297,-9.820642,0.16978534,0.34911568,0.87887616,0.6260557,0,-1.646,-1.614,148.682
01:31.1,7,1.66,15.43028619,75.01565869,732.108,0.040757835,164.085176,1.64,5.201,0.474,-0.002179045,-0.005122281,0.006063897,-0.2545007,0.2378017,-9.767997,0.15848246,0.31434282,0.79478124,0.5929107,0,-1.644,-1.616,148.678
01:31.2,7,1.66,15.43028618,75.01565868,732.096,0.04350251,149.677752,1.64,5.202,0.478,0.001249303,-0.01209569,0.01865445,-0.2546945,0.2767737,-9.715352,0.14717958,0.27956996,0.71068632,0.5597657,0,-1.642,-1.618,148.674
01:31.2,7,1.66,15.43028617,75.01565867,732.084,0.046247185,135.270328,1.64,5.203,0.482,0.002380063,-0.013571085,0.015041935,-0.259258,0.27847645,-9.7181975,0.1358767,0.2447971,0.6265914,0.5266207,0,-1.64,-1.62,148.67
01:31.2,7,1.66,15.43028616,75.01565866,732.072,0.04899186,120.862904,1.64,5.204,0.486,0.003510824,-0.01504648,0.01142942,-0.2638215,0.2801792,-9.721043,0.103663508,0.22511826,0.57538728,0.48528942,0,-1.64,-1.622,148.672
01:31.2,7,1.66,15.43028615,75.01565865,732.06,0.051736535,106.45548,1.64,5.205,0.49,0.003229676,-0.011754299,-0.010228775,-0.25070495,0.24953705,-9.719704,0.071450316,0.20543942,0.52418316,0.44395814,0,-1.64,-1.624,148.674
01:31.2,7,1.66,15.43028614,75.01565864,732.048,0.05448121,92.048056,1.64,5.206,0.494,0.002948528,-0.008462118,-0.03188697,-0.2375884,0.2188949,-9.718365,0.039237124,0.18576058,0.47297904,0.40262686,0,-1.64,-1.626,148.676
01:31.3,7,1.66,15.43028613,75.01565863,732.036,0.057225885,77.640632,1.64,5.207,0.498,0.004480706,-0.011019909,-0.01070731,-0.2492819,0.2568403,-9.7188925,0.007023932,0.16608174,0.42177492,0.36129558,0,-1.64,-1.628,148.678
01:31.3,7,1.66,15.43028612,75.01565862,732.024,0.05997056,63.233208,1.64,5.208,0.502,0.006012883,-0.0135777,0.01047235,-0.2609754,0.2947857,-9.71942,-0.02518926,0.1464029,0.3705708,0.3199643,0,-1.64,-1.63,148.68
01:31.3,7,1.66,15.43028611,75.01565861,732.012,0.062715235,48.825784,1.64,5.209,0.506,0.00169447,-0.005435763,0.016244305,-0.26462365,0.2686015,-9.770428,0.017196532,0.133941302,0.33880938,0.29340662,0,-1.64,-1.632,148.678
01:31.3,7,1.66,15.4302861,75.0156586,732,0.06545991,34.41836,1.64,5.21,0.51,-0.002623944,0.002706173,0.02201626,-0.2682719,0.2424173,-9.821436,0.059582324,0.121479704,0.30704796,0.26684894,0,-1.64,-1.634,148.676
01:31.3,7,1.66,15.43028608,75.01565862,732.009,0.085594999,45.607514,1.641,5.211,0.491,0.001297219,-0.003975894,0.003597965,-0.2550946,0.24256465,-9.7707305,0.101968116,0.109018106,0.27528654,0.24029126,0,-1.64,-1.636,148.674
01:31.4,7,1.66,15.43028606,75.01565864,732.018,0.105730088,56.796668,1.642,5.212,0.472,0.005218382,-0.01065796,-0.01482033,-0.2419173,0.242712,-9.720025,0.144353908,0.096556508,0.24352512,0.21373358,0,-1.64,-1.638,148.672
01:31.4,7,1.66,15.43028604,75.01565866,732.027,0.125865177,67.985822,1.643,5.213,0.453,0.005403911,-0.010708625,-0.010620445,-0.2477382,0.2503824,-9.7223835,0.1867397,0.08409491,0.2117637,0.1871759,0,-1.64,-1.64,148.67
01:31.4,7,1.66,15.43028602,75.01565868,732.036,0.146000266,79.174976,1.644,5.214,0.434,0.00558944,-0.01075929,-0.006420559,-0.2535591,0.2580528,-9.724742,0.15339621,0.077616136,0.19328246,0.17186852,0,-1.64,-1.64,148.666
01:31.4,7,1.66,15.430286,75.0156587,732.045,0.166135355,90.36413,1.645,5.215,0.415,0.004557287,-0.01144934,0.004167135,-0.252759,0.2704176,-9.724715,0.12005272,0.071137362,0.17480122,0.15656114,0,-1.64,-1.64,148.662
01:31.4,7,1.66,15.43028598,75.01565872,732.054,0.186270444,101.553284,1.646,5.216,0.396,0.003525133,-0.01213939,0.01475483,-0.2519589,0.2827824,-9.724688,0.08670923,0.064658588,0.15631998,0.14125376,0,-1.64,-1.64,148.658
01:31.5,7,1.66,15.43028596,75.01565874,732.063,0.206405533,112.742438,1.647,5.217,0.377,0.002028789,-0.004578576,0.005117479,-0.25742025,0.24319765,-9.7747275,0.05336574,0.058179814,0.13783874,0.12594638,0,-1.64,-1.64,148.654
01:31.5,7,1.66,15.43028594,75.01565876,732.072,0.226540622,123.931592,1.648,5.218,0.358,0.000532445,0.002982238,-0.004519873,-0.2628816,0.2036129,-9.824767,0.02002225,0.05170104,0.1193575,0.110639,0,-1.64,-1.64,148.65
01:31.5,7,1.66,15.43028592,75.01565878,732.081,0.246675711,135.120746,1.649,5.219,0.339,-0.001665221,-0.000860329,-0.006210501,-0.2608156,0.20726585,-9.8224785,0.029064552,0.04817711,0.109592298,0.102152032,0,-1.64,-1.642,148.646
01:31.5,7,1.66,15.4302859,75.0156588,732.09,0.2668108,146.3099,1.65,5.22,0.32,-0.003862888,-0.004702895,-0.007901128,-0.2587496,0.2109188,-9.82019,0.038106854,0.04465318,0.099827096,0.093665064,0,-1.64,-1.644,148.642
01:31.5,7,1.66,15.43028587,75.01565881,732.09,0.242142181,143.33541,1.65,5.221,0.341,-0.000126453,-0.008310762,-0.001101459,-0.2569698,0.2415495,-9.772749,0.047149156,0.04112925,0.090061894,0.085178096,0,-1.64,-1.646,148.638
01:31.6,7,1.66,15.43028584,75.01565882,732.09,0.217473562,140.36092,1.65,5.222,0.362,0.003609982,-0.01191863,0.00569821,-0.25519,0.2721802,-9.725308,0.056191458,0.03760532,0.080296692,0.076691128,0,-1.64,-1.648,148.634
01:31.6,7,1.66,15.43028581,75.01565883,732.09,0.192804943,137.38643,1.65,5.223,0.383,0.003984066,-0.011770475,0.005735884,-0.2529773,0.26874165,-9.7232945,0.06523376,0.03408139,0.07053149,0.06820416,0,-1.64,-1.65,148.63
01:31.6,7,1.66,15.43028578,75.01565884,732.09,0.168136324,134.41194,1.65,5.224,0.404,0.004358149,-0.01162232,0.005773557,-0.2507646,0.2653031,-9.721281,0.030194848,0.032406896,0.06604133,0.063977518,0,-1.64,-1.654,148.624
01:31.6,7,1.66,15.43028575,75.01565885,732.09,0.143467705,131.43745,1.65,5.225,0.425,0.004316911,-0.011307795,0.001302739,-0.2507333,0.2618442,-9.722169,-0.004844064,0.030732402,0.06155117,0.059750876,0,-1.64,-1.658,148.618
01:31.6,7,1.66,15.43028572,75.01565886,732.09,0.118799086,128.46296,1.65,5.226,0.446,0.004275673,-0.01099327,-0.00316808,-0.250702,0.2583853,-9.723057,-0.039882976,0.029057908,0.05706101,0.055524234,0,-1.64,-1.662,148.612
01:31.7,7,1.66,15.43028569,75.01565887,732.09,0.094130467,125.48847,1.65,5.227,0.467,0.005000783,-0.010776375,-0.002088497,-0.25316695,0.26169775,-9.722641,-0.074921888,0.027383414,0.05257085,0.051297592,0,-1.64,-1.666,148.606
01:31.7,7,1.66,15.43028566,75.01565888,732.09,0.069461848,122.51398,1.65,5.228,0.488,0.005725892,-0.01055948,-0.001008913,-0.2556319,0.2650102,-9.722225,-0.1099608,0.02570892,0.04808069,0.04707095,0,-1.64,-1.67,148.6
01:31.7,7,1.66,15.43028563,75.01565889,732.09,0.044793229,119.53949,1.65,5.229,0.509,0.003300728,-0.003004379,0.001156073,-0.2554659,0.24367805,-9.7672635,-0.085659622,0.025370634,0.048099888,0.045364978,0,-1.64,-1.674,148.594
01:31.7,7,1.66,15.4302856,75.0156589,732.09,0.02012461,116.565,1.65,5.23,0.53,0.000875564,0.004550723,0.003321059,-0.2552999,0.2223459,-9.812302,-0.061358444,0.025032348,0.048119086,0.043659006,0,-1.64,-1.678,148.588
01:31.7,7,1.66,15.43028562,75.01565889,732.087,0.035242529,139.96777,1.65,5.232,0.529,0.002318905,-0.003507903,0.001640098,-0.25250605,0.2422568,-9.767872,-0.037057266,0.024694062,0.048138284,0.041953034,0,-1.64,-1.682,148.582
01:31.8,7,1.66,15.43028564,75.01565888,732.084,0.050360448,163.37054,1.65,5.234,0.528,0.003762247,-0.01156653,-4.09E-05,-0.2497122,0.2621677,-9.723442,-0.012756088,0.024355776,0.048157482,0.040247062,0,-1.64,-1.686,148.576
01:31.8,7,1.66,15.43028566,75.01565887,732.081,0.065478367,186.77331,1.65,5.236,0.527,0.003852658,-0.011088065,-0.001037437,-0.2498922,0.26141845,-9.7226495,0.01154509,0.02401749,0.04817668,0.03854109,0,-1.64,-1.69,148.57
01:31.8,7,1.66,15.43028568,75.01565886,732.078,0.080596286,210.17608,1.65,5.238,0.526,0.003943069,-0.0106096,-0.002034011,-0.2500722,0.2606692,-9.721857,0.007589083,0.03276742,0.055908918,0.04759469,0,-1.638,-1.692,148.562
01:31.8,7,1.66,15.4302857,75.01565885,732.075,0.095714205,233.57885,1.65,5.24,0.525,0.004313768,-0.011416945,-5.87E-05,-0.2527094,0.26324585,-9.72121,0.003633075,0.04151735,0.063641156,0.05664829,0,-1.636,-1.694,148.554
01:31.8,7,1.66,15.43028572,75.01565884,732.072,0.110832124,256.98162,1.65,5.242,0.524,0.004684467,-0.01222429,0.001916524,-0.2553466,0.2658225,-9.720563,-0.000322932,0.05026728,0.071373394,0.06570189,0,-1.634,-1.696,148.546
01:31.9,7,1.66,15.43028574,75.01565883,732.069,0.125950043,280.38439,1.65,5.244,0.523,0.004375895,-0.011563105,0.00179273,-0.25441075,0.26496565,-9.7213795,-0.00427894,0.05901721,0.079105632,0.07475549,0,-1.632,-1.698,148.538
01:31.9,7,1.66,15.43028576,75.01565882,732.066,0.141067962,303.78716,1.65,5.246,0.522,0.004067323,-0.01090192,0.001668935,-0.2534749,0.2641088,-9.722196,-0.008234947,0.06776714,0.08683787,0.08380909,0,-1.63,-1.7,148.53
01:31.9,7,1.66,15.43028578,75.01565881,732.063,0.156185881,327.18993,1.65,5.248,0.521,0.003429509,-0.005144981,0.000527593,-0.2534836,0.24645405,-9.772261,-0.031970998,0.05765481,0.07973337,0.07364591,0,-1.63,-1.702,148.524
01:31.9,7,1.66,15.4302858,75.0156588,732.06,0.1713038,350.5927,1.65,5.25,0.52,0.002791695,0.000611958,-0.000613748,-0.2534923,0.2287993,-9.822326,-0.055707048,0.04754248,0.07262887,0.06348273,0,-1.63,-1.704,148.518
01:31.9,7.2,1.609,15.4302858,75.01565879,732.066,0.16435674,332.79999,1.651,5.25,0.511,0.000299735,0.001604603,0.000567823,-0.2505892,0.22306745,-9.8099205,-0.079443099,0.03743015,0.06552437,0.05331955,0,-1.63,-1.706,148.512
01:32.0,7.4,1.558,15.4302858,75.01565878,732.072,0.15740968,315.00728,1.652,5.25,0.502,-0.002192225,0.002597249,0.001749395,-0.2476861,0.2173356,-9.797515,-0.103179149,0.02731782,0.05841987,0.04315637,0,-1.63,-1.708,148.506
01:32.0,7.6,1.507,15.4302858,75.01565877,732.078,0.15046262,297.21457,1.653,5.25,0.493,0.000883544,-0.004377561,0.001705597,-0.24924135,0.2401315,-9.7598035,-0.1269152,0.01720549,0.05131537,0.03299319,0,-1.63,-1.71,148.5
01:32.0,7.8,1.456,15.4302858,75.01565876,732.084,0.14351556,279.42186,1.654,5.25,0.484,0.003959312,-0.01135237,0.001661798,-0.2507966,0.2629274,-9.722092,-0.099223142,0.025062894,0.057751166,0.041944512,0,-1.63,-1.706,148.496
01:32.0,8,1.405,15.4302858,75.01565875,732.09,0.1365685,261.62915,1.655,5.25,0.475,0.004138908,-0.01195088,0.000930409,-0.25029995,0.26271135,-9.7210265,-0.071531084,0.032920298,0.064186962,0.050895834,0,-1.63,-1.702,148.492
01:32.0,8.2,1.354,15.4302858,75.01565874,732.096,0.12962144,243.83644,1.656,5.25,0.466,0.004318504,-0.01254939,0.00019902,-0.2498033,0.2624953,-9.719961,-0.043839026,0.040777702,0.070622758,0.059847156,0,-1.63,-1.698,148.488
01:32.1,8.4,1.303,15.4302858,75.01565873,732.102,0.12267438,226.04373,1.657,5.25,0.457,0.005073712,-0.01305029,0.002500933,-0.24879145,0.27134545,-9.7275015,-0.016146968,0.048635106,0.077058554,0.068798478,0,-1.63,-1.694,148.484
01:32.1,8.6,1.252,15.4302858,75.01565872,732.108,0.11572732,208.25102,1.658,5.25,0.448,0.00582892,-0.01355119,0.004802847,-0.2477796,0.2801956,-9.735042,0.01154509,0.05649251,0.08349435,0.0777498,0,-1.63,-1.69,148.48
01:32.1,8.8,1.201,15.4302858,75.01565871,732.114,0.10878026,190.45831,1.659,5.25,0.439,0.005122897,-0.011353606,0.000706458,-0.2430683,0.2615107,-9.7302135,0.018326816,0.057192718,0.081125442,0.076554038,0,-1.63,-1.69,148.474
01:32.1,9,1.15,15.4302858,75.0156587,732.12,0.1018332,172.6656,1.66,5.25,0.43,0.004416873,-0.009156023,-0.003389931,-0.238357,0.2428258,-9.725385,0.025108542,0.057892926,0.078756534,0.075358276,0,-1.63,-1.69,148.468
01:32.1,9,1.15,15.43028578,75.0156587,732.122,0.101557958,173.16767,1.66,5.251,0.43,0.004938257,-0.0090072,-0.002910875,-0.2500164,0.26061975,-9.718012,0.031890268,0.058593134,0.076387626,0.074162514,0,-1.63,-1.69,148.462
01:32.2,9,1.15,15.43028576,75.0156587,732.124,0.101282716,173.66974,1.66,5.252,0.43,0.005459642,-0.008858376,-0.002431818,-0.2616758,0.2784137,-9.710639,0.038671994,0.059293342,0.074018718,0.072966752,0,-1.63,-1.69,148.456
01:32.2,9,1.15,15.43028574,75.0156587,732.126,0.101007474,174.17181,1.66,5.253,0.43,0.002910538,-0.004972453,0.001418736,-0.2594518,0.24332215,-9.747172,0.04545372,0.05999355,0.07164981,0.07177099,0,-1.63,-1.69,148.45
01:32.2,9,1.15,15.43028572,75.0156587,732.128,0.100732232,174.67388,1.66,5.254,0.43,0.000361434,-0.00108653,0.00526929,-0.2572278,0.2082306,-9.783705,0.013805656,0.07373402,0.085910488,0.095700352,0,-1.628,-1.688,148.444
01:32.2,9,1.15,15.4302857,75.0156587,732.13,0.10045699,175.17595,1.66,5.255,0.43,0.000376864,-0.006101065,0.001943802,-0.2626629,0.2406048,-9.746751,-0.017842408,0.08747449,0.100171166,0.119629714,0,-1.626,-1.686,148.438
01:32.2,9,1.15,15.43028568,75.0156587,732.132,0.100181748,175.67802,1.66,5.256,0.43,0.000392295,-0.0111156,-0.001381687,-0.268098,0.272979,-9.709797,-0.049490472,0.10121496,0.114431844,0.143559076,0,-1.624,-1.684,148.432
01:32.3,9,1.15,15.43028566,75.0156587,732.134,0.099906506,176.18009,1.66,5.257,0.43,0.007301427,-0.008440185,0.004575957,-0.2375036,0.2763816,-9.8007845,-0.081138536,0.11495543,0.128692522,0.167488438,0,-1.622,-1.682,148.426
01:32.3,9,1.15,15.43028564,75.0156587,732.136,0.099631264,176.68216,1.66,5.258,0.43,0.01421056,-0.005764771,0.0105336,-0.2069092,0.2797842,-9.891772,-0.1127866,0.1286959,0.1429532,0.1914178,0,-1.62,-1.68,148.42
01:32.3,9,1.15,15.43028562,75.0156587,732.138,0.099356022,177.18423,1.66,5.259,0.43,0.010493359,-0.010454891,0.001221327,-0.2324318,0.2778916,-9.754213,-0.06983566,0.13273408,0.14979584,0.2115124,0,-1.62,-1.682,148.416
01:32.3,9,1.15,15.4302856,75.0156587,732.14,0.09908078,177.6863,1.66,5.26,0.43,0.006776157,-0.01514501,-0.008090946,-0.2579544,0.275999,-9.616654,-0.02688472,0.13677226,0.15663848,0.231607,0,-1.62,-1.684,148.412
01:32.3,9,1.15,15.43028556,75.01565873,732.148,0.130963732,174.36231,1.661,5.26,0.433,0.004140319,-0.011228838,-0.003386076,-0.27732755,0.2455531,-9.622615,0.01606622,0.14081044,0.16348112,0.2517016,0,-1.62,-1.686,148.408
01:32.4,9,1.15,15.43028552,75.01565876,732.156,0.162846684,171.03832,1.662,5.26,0.436,0.00150448,-0.007312665,0.001318795,-0.2967007,0.2151072,-9.628576,0.05901716,0.14484862,0.17032376,0.2717962,0,-1.62,-1.688,148.404
01:32.4,9,1.15,15.43028548,75.01565879,732.164,0.194729636,167.71433,1.663,5.26,0.439,-0.000984135,-0.001712709,0.008607103,-0.2723157,0.2315908,-9.7348505,0.1019681,0.1488868,0.1771664,0.2918908,0,-1.62,-1.69,148.4
01:32.4,9,1.15,15.43028544,75.01565882,732.172,0.226612588,164.39034,1.664,5.26,0.442,-0.00347275,0.003887247,0.01589541,-0.2479307,0.2480744,-9.841125,0.0567566,0.14308604,0.17294216,0.27704106,0,-1.618,-1.69,148.398
01:32.4,9,1.15,15.4302854,75.01565885,732.18,0.25849554,161.06635,1.665,5.26,0.445,0.00327254,-0.005918987,0.004885937,-0.25981175,0.2371526,-9.8116865,0.0115451,0.13728528,0.16871792,0.26219132,0,-1.616,-1.69,148.396
01:32.4,9,1.15,15.43028536,75.01565888,732.188,0.290378492,157.74236,1.666,5.26,0.448,0.01001783,-0.01572522,-0.006123537,-0.2716928,0.2262308,-9.782248,-0.0336664,0.13148452,0.16449368,0.24734158,0,-1.614,-1.69,148.394
01:32.5,9,1.15,15.43028532,75.01565891,732.196,0.322261444,154.41837,1.667,5.26,0.451,0.007260495,-0.01380731,-0.00456679,-0.2450455,0.2566602,-9.734528,-0.0788779,0.12568376,0.16026944,0.23249184,0,-1.612,-1.69,148.392
01:32.5,9,1.15,15.43028528,75.01565894,732.204,0.354144396,151.09438,1.668,5.26,0.454,0.00450316,-0.0118894,-0.003010043,-0.2183982,0.2870896,-9.686808,-0.1240894,0.119883,0.1560452,0.2176421,0,-1.61,-1.69,148.39
01:32.5,9,1.15,15.43028524,75.01565897,732.212,0.386027348,147.77039,1.669,5.26,0.457,0.004082159,-0.010472773,0.001357302,-0.2520751,0.2692848,-9.6866165,-0.110525956,0.1141983,0.14521188,0.20262298,0,-1.608,-1.694,148.386
01:32.5,9,1.15,15.4302852,75.015659,732.22,0.4179103,144.4464,1.67,5.26,0.46,0.003661157,-0.009056146,0.005724647,-0.285752,0.25148,-9.686425,-0.096962512,0.1085136,0.13437856,0.18760386,0,-1.606,-1.698,148.382
01:32.5,9,1.15,15.43028518,75.015659,732.214,0.40246562,164.73001,1.67,5.261,0.466,0.004681599,-0.010996203,0.004118474,-0.2517226,0.26371165,-9.714571,-0.083399068,0.1028289,0.12354524,0.17258474,0,-1.604,-1.702,148.378
01:32.6,9,1.15,15.43028516,75.015659,732.208,0.38702094,185.01362,1.67,5.262,0.472,0.005702041,-0.01293626,0.0025123,-0.2176932,0.2759433,-9.742717,-0.069835624,0.0971442,0.11271192,0.15756562,0,-1.602,-1.706,148.374
01:32.6,9,1.15,15.43028514,75.015659,732.202,0.37157626,205.29723,1.67,5.263,0.478,0.002956151,-0.005493531,-0.001465789,-0.2426581,0.2359801,-9.786835,-0.05627218,0.0914595,0.1018786,0.1425465,0,-1.6,-1.71,148.37
01:32.6,9,1.15,15.43028512,75.015659,732.196,0.35613158,225.58084,1.67,5.264,0.484,0.00021026,0.001949199,-0.005443878,-0.267623,0.1960169,-9.830953,-0.013886384,0.091506206,0.10197858,0.13768958,0,-1.6,-1.716,148.364
01:32.6,9,1.15,15.4302851,75.015659,732.19,0.3406869,245.86445,1.67,5.265,0.49,0.00220906,-0.004422921,-0.001522165,-0.24720155,0.2368802,-9.7685245,0.028499412,0.091552912,0.10207856,0.13283266,0,-1.6,-1.722,148.358
01:32.6,9,1.15,15.43028508,75.015659,732.184,0.32524222,266.14806,1.67,5.266,0.496,0.004207859,-0.01079504,0.002399549,-0.2267801,0.2777435,-9.706096,0.070885208,0.091599618,0.10217854,0.12797574,0,-1.6,-1.728,148.352
01:32.7,9,1.15,15.43028506,75.015659,732.178,0.30979754,286.43167,1.67,5.267,0.502,0.004471414,-0.01034926,0.00294851,-0.2516893,0.2677399,-9.7069035,0.113271004,0.091646324,0.10227852,0.12311882,0,-1.6,-1.734,148.346
01:32.7,9,1.15,15.43028504,75.015659,732.172,0.29435286,306.71528,1.67,5.268,0.508,0.004734968,-0.009903479,0.003497471,-0.2765985,0.2577363,-9.707711,0.1556568,0.09169303,0.1023785,0.1182619,0,-1.6,-1.74,148.34
01:32.7,9,1.15,15.43028502,75.015659,732.166,0.27890818,326.99889,1.67,5.269,0.514,0.00509857,-0.010699565,0.002033347,-0.251058,0.26107745,-9.721113,0.12852989,0.084033506,0.091148566,0.10648943,0,-1.6,-1.744,148.334
01:32.7,9,1.15,15.430285,75.015659,732.16,0.2634635,347.2825,1.67,5.27,0.52,0.005462172,-0.01149565,0.000569222,-0.2255175,0.2644186,-9.734515,0.10140298,0.076373982,0.079918632,0.09471696,0,-1.6,-1.748,148.328
01:32.7,9,1.15,15.43028503,75.01565898,732.147,0.246687939,345.95129,1.671,5.27,0.517,0.000883626,-0.006229662,-1.01E-05,-0.24536425,0.24222895,-9.782626,0.07427607,0.068714458,0.068688698,0.08294449,0,-1.6,-1.752,148.322
01:32.8,9,1.15,15.43028506,75.01565896,732.134,0.229912378,344.62008,1.672,5.27,0.514,-0.00369492,-0.000963673,-0.000589481,-0.265211,0.2200393,-9.830737,0.04714916,0.061054934,0.057458764,0.07117202,0,-1.6,-1.756,148.316
01:32.8,9,1.15,15.43028509,75.01565894,732.121,0.213136817,343.28887,1.673,5.27,0.511,-0.002786666,-0.001824389,0.001905111,-0.25422385,0.21941005,-9.819734,0.02002225,0.05339541,0.04622883,0.05939955,0,-1.6,-1.76,148.31
01:32.8,9,1.15,15.43028512,75.01565892,732.108,0.196361256,341.95766,1.674,5.27,0.508,-0.001878411,-0.002685104,0.004399703,-0.2432367,0.2187808,-9.808731,0.031325128,0.05098005,0.043189954,0.0554874,0,-1.6,-1.762,148.308
01:32.8,9,1.15,15.43028515,75.0156589,732.095,0.179585695,340.62645,1.675,5.27,0.505,0.001030133,-0.00622231,0.002712388,-0.2564121,0.23914145,-9.7616705,0.042628006,0.04856469,0.040151078,0.05157525,0,-1.6,-1.764,148.306
01:32.8,9,1.15,15.43028518,75.01565888,732.082,0.162810134,339.29524,1.676,5.27,0.502,0.003938677,-0.009759516,0.001025074,-0.2695875,0.2595021,-9.71461,0.053930884,0.04614933,0.037112202,0.0476631,0,-1.6,-1.766,148.304
01:32.9,9,1.15,15.43028521,75.01565886,732.069,0.146034573,337.96403,1.677,5.27,0.499,0.004354199,-0.010787563,0.000681003,-0.25554095,0.2631632,-9.7220635,0.065233762,0.04373397,0.034073326,0.04375095,0,-1.6,-1.768,148.302
01:32.9,9,1.15,15.43028524,75.01565884,732.056,0.129259012,336.63282,1.678,5.27,0.496,0.00476972,-0.01181561,0.000336931,-0.2414944,0.2668243,-9.729517,0.07653664,0.04131861,0.03103445,0.0398388,0,-1.6,-1.77,148.3
01:32.9,9,1.15,15.43028527,75.01565882,732.043,0.112483451,335.30161,1.679,5.27,0.493,0.005017557,-0.011453065,0.000586596,-0.25084305,0.2624817,-9.730258,0.057886892,0.039129196,0.02916579,0.03728811,0,-1.6,-1.768,148.298
01:32.9,9,1.15,15.4302853,75.0156588,732.03,0.09570789,333.9704,1.68,5.27,0.49,0.005265394,-0.01109052,0.000836261,-0.2601917,0.2581391,-9.730999,0.039237144,0.036939782,0.02729713,0.03473742,0,-1.6,-1.766,148.296
01:32.9,9.1,1.147,15.4302853,75.01565881,732.029,0.096107557,305.032725,1.68,5.271,0.494,0.005010961,-0.01160374,0.000808252,-0.25231445,0.26200345,-9.7265005,0.020587396,0.034750368,0.02542847,0.03218673,0,-1.6,-1.764,148.294
01:33.0,9.2,1.144,15.4302853,75.01565882,732.028,0.096507224,276.09505,1.68,5.272,0.498,0.004756527,-0.01211696,0.000780242,-0.2444372,0.2658678,-9.722002,0.001937648,0.032560954,0.02355981,0.02963604,0,-1.6,-1.762,148.292
01:33.0,9.3,1.141,15.4302853,75.01565883,732.027,0.096906891,247.157375,1.68,5.273,0.502,0.001568278,-0.008798576,0.000744214,-0.25255005,0.23892095,-9.7687355,-0.0167121,0.03037154,0.02169115,0.02708535,0,-1.6,-1.76,148.29
01:33.0,9.4,1.138,15.4302853,75.01565884,732.026,0.097306558,218.2197,1.68,5.274,0.506,-0.001619971,-0.005480191,0.000708187,-0.2606629,0.2119741,-9.815469,-0.015016669,0.029142696,0.020837268,0.0255498,0,-1.602,-1.758,148.288
01:33.0,9.5,1.135,15.4302853,75.01565885,732.025,0.097706225,189.282025,1.68,5.275,0.51,0.001946012,-0.00857705,0.001073701,-0.255128,0.24238905,-9.771002,-0.013321239,0.027913852,0.019983386,0.02401425,0,-1.604,-1.756,148.286
01:33.0,9.6,1.132,15.4302853,75.01565886,732.024,0.098105892,160.34435,1.68,5.276,0.514,0.005511995,-0.01167391,0.001439215,-0.2495931,0.272804,-9.726535,-0.011625808,0.026685008,0.019129504,0.0224787,0,-1.606,-1.754,148.284
01:33.1,9.7,1.129,15.4302853,75.01565887,732.023,0.098505559,131.406675,1.68,5.277,0.518,0.004990969,-0.01245691,0.001595965,-0.2529787,0.2666192,-9.7258615,-0.009930378,0.025456164,0.018275622,0.02094315,0,-1.608,-1.752,148.282
01:33.1,9.8,1.126,15.4302853,75.01565888,732.022,0.098905226,102.469,1.68,5.278,0.522,0.004469944,-0.01323991,0.001752715,-0.2563643,0.2604344,-9.725188,-0.008234947,0.02422732,0.01742174,0.0194076,0,-1.61,-1.75,148.28
01:33.1,9.9,1.123,15.4302853,75.01565889,732.021,0.099304893,73.531325,1.68,5.279,0.526,0.004510143,-0.0116645,0.001691656,-0.25177355,0.26284845,-9.7247875,-0.002583508,0.022706072,0.01664791,0.018385084,0,-1.61,-1.746,148.278
01:33.1,10,1.12,15.4302853,75.0156589,732.02,0.09970456,44.59365,1.68,5.28,0.53,0.004550341,-0.01008909,0.001630597,-0.2471828,0.2652625,-9.724387,0.003067932,0.021184824,0.01587408,0.017362568,0,-1.61,-1.742,148.276
01:33.1,10,1.12,15.43028529,75.01565891,732.008,0.103834454,49.174919,1.681,5.28,0.522,0.004758782,-0.0104143,0.001361134,-0.25016625,0.26175065,-9.7232665,0.008719371,0.019663576,0.01510025,0.016340052,0,-1.61,-1.738,148.274
01:33.2,10,1.12,15.43028528,75.01565892,731.996,0.107964348,53.756188,1.682,5.28,0.514,0.004967222,-0.01073951,0.001091671,-0.2531497,0.2582388,-9.722146,0.014370811,0.018142328,0.01432642,0.015317536,0,-1.61,-1.734,148.272
01:33.2,10,1.12,15.43028527,75.01565893,731.984,0.112094242,58.337457,1.683,5.28,0.506,0.002681495,-0.007192855,0.00127825,-0.25125705,0.24255565,-9.7710595,0.02002225,0.01662108,0.01355259,0.01429502,0,-1.61,-1.73,148.27
01:33.2,10,1.12,15.43028526,75.01565894,731.972,0.116224136,62.918726,1.684,5.28,0.498,0.000395769,-0.003646199,0.001464828,-0.2493644,0.2268725,-9.819973,0.029064552,0.01594397,0.01329241,0.013832048,0,-1.612,-1.728,148.268
01:33.2,10,1.12,15.43028525,75.01565895,731.96,0.12035403,67.499995,1.685,5.28,0.49,0.002761231,-0.00782902,0.001702106,-0.2510578,0.2425529,-9.7733295,0.038106854,0.01526686,0.01303223,0.013369076,0,-1.614,-1.726,148.266
01:33.2,10,1.12,15.43028524,75.01565896,731.948,0.124483924,72.081264,1.686,5.28,0.482,0.005126693,-0.01201184,0.001939384,-0.2527512,0.2582333,-9.726686,0.047149156,0.01458975,0.01277205,0.012906104,0,-1.616,-1.724,148.264
01:33.3,10,1.12,15.43028523,75.01565897,731.936,0.128613818,76.662533,1.687,5.28,0.474,0.005096939,-0.010949226,0.001455888,-0.25123775,0.26182075,-9.725261,0.056191458,0.01391264,0.01251187,0.012443132,0,-1.618,-1.722,148.262
01:33.3,10,1.12,15.43028522,75.01565898,731.924,0.132743712,81.243802,1.688,5.28,0.466,0.005067184,-0.009886612,0.000972391,-0.2497243,0.2654082,-9.723836,0.06523376,0.01323553,0.01225169,0.01198016,0,-1.62,-1.72,148.26
01:33.3,10,1.12,15.43028521,75.01565899,731.912,0.136873606,85.825071,1.689,5.28,0.458,0.004995257,-0.011318871,0.00065142,-0.2512806,0.2627327,-9.7241785,0.0335857,0.012817584,0.01204998,0.01175285,0,-1.62,-1.718,148.258
01:33.3,10,1.12,15.4302852,75.015659,731.9,0.1410035,90.40634,1.69,5.28,0.45,0.00492333,-0.01275113,0.000330448,-0.2528369,0.2600572,-9.724521,0.00193764,0.012399638,0.01184827,0.01152554,0,-1.62,-1.716,148.256
01:33.3,10,1.12,15.43028519,75.01565904,731.905,0.135917029,88.421702,1.69,5.281,0.456,0.003840098,-0.007507453,-0.000424134,-0.25439145,0.2379642,-9.7724245,-0.02971042,0.011981692,0.01164656,0.01129823,0,-1.62,-1.714,148.254
01:33.4,10,1.12,15.43028518,75.01565908,731.91,0.130830558,86.437064,1.69,5.282,0.462,0.002756865,-0.002263776,-0.001178716,-0.255946,0.2158712,-9.820328,-0.06135848,0.011563746,0.01144485,0.01107092,0,-1.62,-1.712,148.252
01:33.4,10,1.12,15.43028517,75.01565912,731.915,0.125744087,84.452426,1.69,5.283,0.468,0.002329332,-0.001550831,-0.001478449,-0.26131955,0.21619455,-9.8224495,-0.09300654,0.0111458,0.01124314,0.01084361,0,-1.62,-1.71,148.25
01:33.4,10,1.12,15.43028516,75.01565916,731.92,0.120657616,82.467788,1.69,5.284,0.474,0.0019018,-0.000837886,-0.001778181,-0.2666931,0.2165179,-9.824571,-0.056272184,0.020990446,0.022124878,0.024119974,0,-1.622,-1.71,148.248
01:33.4,10,1.12,15.43028515,75.0156592,731.925,0.115571145,80.48315,1.69,5.285,0.48,0.003200588,-0.006145708,-0.000468751,-0.2597394,0.2400293,-9.7737165,-0.019537828,0.030835092,0.033006616,0.037396338,0,-1.624,-1.71,148.246
01:33.4,10,1.12,15.43028514,75.01565924,731.93,0.110484674,78.498512,1.69,5.286,0.486,0.004499375,-0.01145353,0.000840679,-0.2527857,0.2635407,-9.722862,0.017196528,0.040679738,0.043888354,0.050672702,0,-1.626,-1.71,148.244
01:33.5,10,1.12,15.43028513,75.01565928,731.935,0.105398203,76.513874,1.69,5.287,0.492,0.004534813,-0.01146146,0.000689886,-0.25254525,0.26254855,-9.7202405,0.053930884,0.050524384,0.054770092,0.063949066,0,-1.628,-1.71,148.242
01:33.5,10,1.12,15.43028512,75.01565932,731.94,0.100311732,74.529236,1.69,5.288,0.498,0.004570251,-0.01146939,0.000539094,-0.2523048,0.2615564,-9.717619,0.09066524,0.06036903,0.06565183,0.07722543,0,-1.63,-1.71,148.24
01:33.5,10,1.12,15.43028511,75.01565936,731.945,0.095225261,72.544598,1.69,5.289,0.504,0.004399395,-0.010552063,0.000649927,-0.2544018,0.2617746,-9.7208265,0.110445272,0.050061302,0.054521064,0.064353172,0,-1.632,-1.71,148.238
01:33.5,10,1.12,15.4302851,75.0156594,731.95,0.09013879,70.55996,1.69,5.29,0.51,0.004228538,-0.009634736,0.000760761,-0.2564988,0.2619928,-9.724034,0.130225304,0.039753574,0.043390297,0.051480914,0,-1.634,-1.71,148.236
01:33.5,10,1.12,15.43028508,75.01565939,731.943,0.093886181,86.736154,1.691,5.291,0.493,0.001843996,-0.005898649,0.000532247,-0.2546114,0.23937705,-9.7657375,0.150005336,0.029445845,0.032259531,0.038608656,0,-1.636,-1.71,148.234
01:33.6,10,1.12,15.43028506,75.01565938,731.936,0.097633572,102.912348,1.692,5.292,0.476,-0.000540546,-0.002162562,0.000303733,-0.252724,0.2167613,-9.807441,0.169785368,0.019138117,0.021128764,0.025736398,0,-1.638,-1.71,148.232
01:33.6,10,1.12,15.43028504,75.01565937,731.929,0.101380963,119.088542,1.693,5.293,0.459,-0.000586813,-0.0006432,-9.34E-05,-0.2578253,0.210674,-9.8094485,0.1895654,0.008830389,0.009997998,0.01286414,0,-1.64,-1.71,148.23
01:33.6,10,1.12,15.43028502,75.01565936,731.922,0.105128354,135.264736,1.694,5.294,0.442,-0.00063308,0.000876162,-0.000490457,-0.2629266,0.2045867,-9.811456,0.20143342,0.008868166,0.010032256,0.012895766,0,-1.64,-1.71,148.228
01:33.6,10,1.12,15.430285,75.01565935,731.915,0.108875745,151.44093,1.695,5.295,0.425,0.001840252,-0.005014189,0.000261439,-0.25728585,0.2334055,-9.7664525,0.21330144,0.008905944,0.010066515,0.012927392,0,-1.64,-1.71,148.226
01:33.6,10,1.12,15.43028498,75.01565934,731.908,0.112623136,167.617124,1.696,5.296,0.408,0.004313584,-0.01090454,0.001013335,-0.2516451,0.2622243,-9.721449,0.22516946,0.008943721,0.010100773,0.012959018,0,-1.64,-1.71,148.224
01:33.7,10,1.12,15.43028496,75.01565933,731.901,0.116370527,183.793318,1.697,5.297,0.391,0.004200783,-0.011461145,0.000609164,-0.25474575,0.26302285,-9.722822,0.23703748,0.008981499,0.010135032,0.012990644,0,-1.64,-1.71,148.222
01:33.7,10,1.12,15.43028494,75.01565932,731.894,0.120117918,199.969512,1.698,5.298,0.374,0.004087981,-0.01201775,0.000204994,-0.2578464,0.2638214,-9.724195,0.2489055,0.009019276,0.01016929,0.01302227,0,-1.64,-1.71,148.22
01:33.7,10,1.12,15.43028492,75.01565931,731.887,0.123865309,216.145706,1.699,5.299,0.357,0.004269541,-0.01208754,0.000647269,-0.25508485,0.26531665,-9.72468,0.206519712,0.008974904,0.010389596,0.01282903,0,-1.64,-1.71,148.216
01:33.7,10,1.12,15.4302849,75.0156593,731.88,0.1276127,232.3219,1.7,5.3,0.34,0.0044511,-0.01215733,0.001089545,-0.2523233,0.2668119,-9.725165,0.164133924,0.008930532,0.010609902,0.01263579,0,-1.64,-1.71,148.212
01:33.7,10,1.12,15.43028489,75.01565931,731.873,0.13263822,215.087254,1.7,5.3,0.359,0.004546572,-0.011177745,0.000832777,-0.2515806,0.2664879,-9.726014,0.121748136,0.008886159,0.010830208,0.01244255,0,-1.64,-1.71,148.208
01:33.8,10,1.12,15.43028488,75.01565932,731.866,0.13766374,197.852608,1.7,5.3,0.378,0.004642044,-0.01019816,0.00057601,-0.2508379,0.2661639,-9.726863,0.079362348,0.008841787,0.011050514,0.01224931,0,-1.64,-1.71,148.204
01:33.8,10,1.12,15.43028487,75.01565933,731.859,0.14268926,180.617962,1.7,5.3,0.397,0.003251898,-0.005307983,0.000833517,-0.25080015,0.24499175,-9.772302,0.03697656,0.008797415,0.01127082,0.01205607,0,-1.64,-1.71,148.2
01:33.8,10,1.12,15.43028486,75.01565934,731.852,0.14771478,163.383316,1.7,5.3,0.416,0.001861751,-0.000417806,0.001091025,-0.2507624,0.2238196,-9.817741,0.01663138,0.008659382,0.010940787,0.012069656,0,-1.64,-1.71,148.198
01:33.8,10,1.12,15.43028485,75.01565935,731.845,0.1527403,146.14867,1.7,5.3,0.435,0.003394117,-0.005911093,0.000538463,-0.24992335,0.24251545,-9.768596,-0.0037138,0.008521349,0.010610753,0.012083242,0,-1.64,-1.71,148.196
01:33.8,10,1.12,15.43028484,75.01565936,731.838,0.15776582,128.914024,1.7,5.3,0.454,0.004926483,-0.01140438,-1.41E-05,-0.2490843,0.2612113,-9.719451,-0.02405898,0.008383316,0.01028072,0.012096828,0,-1.64,-1.71,148.194
01:33.9,10,1.12,15.43028483,75.01565937,731.831,0.16279134,111.679378,1.7,5.3,0.473,0.004800694,-0.01180945,0.000615168,-0.25135065,0.2615312,-9.7202655,-0.04440416,0.008245283,0.009950686,0.012110414,0,-1.64,-1.71,148.192
01:33.9,10,1.12,15.43028482,75.01565938,731.824,0.16781686,94.444732,1.7,5.3,0.492,0.004674905,-0.01221452,0.001244435,-0.253617,0.2618511,-9.72108,-0.06474934,0.00810725,0.009620653,0.012124,0,-1.64,-1.71,148.19
01:33.9,10,1.12,15.43028481,75.01565939,731.817,0.17284238,77.210086,1.7,5.3,0.511,0.004979979,-0.01199525,0.001038107,-0.25385705,0.26163475,-9.722434,-0.061358476,0.008084271,0.009714464,0.011924156,0,-1.638,-1.71,148.188
01:33.9,10,1.12,15.4302848,75.0156594,731.81,0.1778679,59.97544,1.7,5.3,0.53,0.005285052,-0.01177598,0.000831779,-0.2540971,0.2614184,-9.723788,-0.057967612,0.008061291,0.009808276,0.011724312,0,-1.636,-1.71,148.186
01:33.9,10,1.12,15.4302848,75.01565941,731.808,0.168893034,87.205066,1.701,5.301,0.526,0.004169376,-0.008312618,0.000853809,-0.25101685,0.24296885,-9.773351,-0.054576748,0.008038312,0.009902087,0.011524468,0,-1.634,-1.71,148.184
01:34.0,10,1.12,15.4302848,75.01565942,731.806,0.159918168,114.434692,1.702,5.302,0.522,0.003053699,-0.004849256,0.000875839,-0.2479366,0.2245193,-9.822914,-0.051185884,0.008015332,0.009995899,0.011324624,0,-1.632,-1.71,148.182
01:34.0,10,1.12,15.4302848,75.01565943,731.804,0.150943302,141.664318,1.703,5.303,0.518,-0.000592762,-0.000891027,0.000508333,-0.2520619,0.2210817,-9.8113155,-0.04779502,0.007992353,0.01008971,0.01112478,0,-1.63,-1.71,148.18
01:34.0,10,1.12,15.4302848,75.01565944,731.802,0.141968436,168.893944,1.704,5.304,0.514,-0.004239223,0.003067201,0.000140828,-0.2561872,0.2176441,-9.799717,-0.050055596,0.007956487,0.010294632,0.011072454,0,-1.632,-1.712,148.178
01:34.0,10,1.12,15.4302848,75.01565945,731.8,0.13299357,196.12357,1.705,5.305,0.51,-0.000455106,-0.003861365,0.000571485,-0.25345905,0.23975385,-9.764241,-0.052316172,0.007920621,0.010499554,0.011020128,0,-1.634,-1.714,148.176
01:34.0,10,1.12,15.4302848,75.01565946,731.798,0.124018704,223.353196,1.706,5.306,0.506,0.003329011,-0.01078993,0.001002142,-0.2507309,0.2618636,-9.728765,-0.054576748,0.007884755,0.010704476,0.010967802,0,-1.636,-1.716,148.174
01:34.1,10,1.12,15.4302848,75.01565947,731.796,0.115043838,250.582822,1.707,5.307,0.502,0.003796462,-0.011048105,0.001062656,-0.25022765,0.263468,-9.7265605,-0.056837324,0.007848889,0.010909398,0.010915476,0,-1.638,-1.718,148.172
01:34.1,10,1.12,15.4302848,75.01565948,731.794,0.106068972,277.812448,1.708,5.308,0.498,0.004263913,-0.01130628,0.00112317,-0.2497244,0.2650724,-9.724356,-0.0590979,0.007813023,0.01111432,0.01086315,0,-1.64,-1.72,148.17
01:34.1,10,1.12,15.4302848,75.01565949,731.792,0.097094106,305.042074,1.709,5.309,0.494,0.004165304,-0.01196163,0.001149329,-0.25018295,0.263724,-9.7263205,-0.037057288,0.022462972,0.029134456,0.06354746,0,-1.64,-1.72,148.166
01:34.1,10,1.12,15.4302848,75.0156595,731.79,0.08811924,332.2717,1.71,5.31,0.49,0.004066695,-0.01261698,0.001175488,-0.2506415,0.2623756,-9.728285,-0.015016676,0.037112922,0.047154592,0.11623177,0,-1.64,-1.72,148.162
01:34.1,10,1.12,15.4302848,75.01565951,731.788,0.085108178,304.456316,1.71,5.31,0.492,0.004533235,-0.01195243,0.000788611,-0.25021575,0.2627231,-9.727388,0.007023936,0.051762871,0.065174728,0.16891608,0,-1.64,-1.72,148.158
01:34.2,10,1.12,15.4302848,75.01565952,731.786,0.082097116,276.640932,1.71,5.31,0.494,0.004999775,-0.01128788,0.000401734,-0.24979,0.2630706,-9.726491,0.029064548,0.066412821,0.083194864,0.22160039,0,-1.64,-1.72,148.154
01:34.2,10,1.12,15.4302848,75.01565953,731.784,0.079086054,248.825548,1.71,5.31,0.496,0.012616998,-0.026518565,-0.000593124,-0.2270958,0.24835325,-9.7928325,0.05110516,0.08106277,0.101215,0.2742847,0,-1.64,-1.72,148.15
01:34.2,10,1.12,15.4302848,75.01565954,731.782,0.076074992,221.010164,1.71,5.31,0.498,0.02023422,-0.04174925,-0.001587982,-0.2044016,0.2336359,-9.859174,0.040367426,0.134956256,0.3389046,0.40182038,0,-1.632,-1.724,148.132
01:34.2,10,1.12,15.4302848,75.01565955,731.78,0.07306393,193.19478,1.71,5.31,0.5,0.020438475,-0.02738628,-0.045392456,-0.22007895,-0.04493655,-9.572148,0.029629693,0.188849742,0.5765942,0.52935606,0,-1.624,-1.728,148.114
01:34.2,10,1.12,15.4302848,75.01565956,731.778,0.070052868,165.379396,1.71,5.31,0.502,0.02064273,-0.01302331,-0.08919693,-0.2357563,-0.323509,-9.285122,0.018891959,0.242743228,0.8142838,0.65689174,0,-1.616,-1.732,148.096
01:34.3,10,1.12,15.4302848,75.01565957,731.776,0.067041806,137.564012,1.71,5.31,0.504,0.002706695,-0.001162835,-0.020207015,-0.27694665,0.3107969,-9.806431,0.008154226,0.296636714,1.0519734,0.78442742,0,-1.608,-1.736,148.078
01:34.3,10,1.12,15.4302848,75.01565958,731.774,0.064030744,109.748628,1.71,5.31,0.506,-0.01522934,0.01069764,0.0487829,-0.318137,0.9451028,-10.32774,-0.002583508,0.3505302,1.289663,0.9119631,0,-1.6,-1.74,148.06
01:34.3,10,1.12,15.4302848,75.01565959,731.772,0.061019682,81.933244,1.71,5.31,0.508,-0.004774602,-0.01919919,0.03248023,-0.20686143,0.63457845,-9.97197,0.027934254,0.39476626,1.2583074,0.86968314,0,-1.612,-1.73,148.074
01:34.3,10,1.12,15.4302848,75.0156596,731.77,0.05800862,54.11786,1.71,5.31,0.51,0.005680137,-0.04909602,0.01617756,-0.09558586,0.3240541,-9.6162,0.058452015,0.43900232,1.2269518,0.82740318,0,-1.624,-1.72,148.088
01:34.3,10,1.12,15.43028481,75.01565961,731.765,0.054832639,80.669624,1.711,5.311,0.503,-0.008468961,-0.03112407,0.03120584,-0.41238968,0.18427237,-9.563219,0.088969777,0.48323838,1.1955962,0.78512322,0,-1.636,-1.71,148.102
01:34.4,10,1.12,15.43028482,75.01565962,731.76,0.051656658,107.221388,1.712,5.312,0.496,-0.02261806,-0.01315212,0.04623412,-0.7291935,0.04449064,-9.510238,0.119487538,0.52747444,1.1642406,0.74284326,0,-1.648,-1.7,148.116
01:34.4,10,1.12,15.43028483,75.01565963,731.755,0.048480677,133.773152,1.713,5.313,0.489,-0.010584331,-0.009219207,0.00507496,-0.1742772,0.04909348,-9.6214275,0.1500053,0.5717105,1.132885,0.7005633,0,-1.66,-1.69,148.13
01:34.4,10,1.12,15.43028484,75.01565964,731.75,0.045304696,160.324916,1.714,5.314,0.482,0.001449397,-0.005286293,-0.0360842,0.3806391,0.05369632,-9.732617,0.121748114,0.549043,1.07503082,0.65788634,0,-1.66,-1.688,148.134
01:34.4,10,1.12,15.43028485,75.01565965,731.745,0.042128715,186.87668,1.715,5.315,0.475,0.006506259,0.000112319,-0.035561685,-0.02533095,0.20196736,-9.748031,0.093490928,0.5263755,1.01717664,0.61520938,0,-1.66,-1.686,148.138
01:34.4,10,1.12,15.43028486,75.01565966,731.74,0.038952734,213.428444,1.716,5.316,0.468,0.01156312,0.005510931,-0.03503917,-0.431301,0.3502384,-9.763445,0.065233743,0.503708,0.95932246,0.57253242,0,-1.66,-1.684,148.142
01:34.5,10,1.12,15.43028487,75.01565967,731.735,0.035776753,239.980208,1.717,5.317,0.461,0.004902304,-0.000543497,0.00080438,-0.2925652,0.25478405,-9.747925,0.036976557,0.4810405,0.90146828,0.52985546,0,-1.66,-1.682,148.146
01:34.5,10,1.12,15.43028488,75.01565968,731.73,0.032600772,266.531972,1.718,5.318,0.454,-0.001758513,-0.006597925,0.03664793,-0.1538294,0.1593297,-9.732405,0.008719371,0.458373,0.8436141,0.4871785,0,-1.66,-1.68,148.15
01:34.5,10,1.12,15.43028489,75.01565969,731.725,0.029424791,293.083736,1.719,5.319,0.447,0.001145658,-0.00607312,0.021273725,-0.2264174,0.30136505,-9.745773,-0.003713795,0.4297408,0.80481832,0.45020796,0,-1.662,-1.672,148.138
01:34.5,10,1.12,15.4302849,75.0156597,731.72,0.02624881,319.6355,1.72,5.32,0.44,0.004049829,-0.005548314,0.00589952,-0.2990054,0.4434004,-9.759141,-0.016146961,0.4011086,0.76602254,0.41323742,0,-1.664,-1.664,148.126
01:34.5,10,1.12,15.43028489,75.0156597,731.714,0.026763993,301.94847,1.72,5.32,0.439,0.003656804,-0.004105593,-0.011110545,-0.2061532,0.2386192,-9.730619,-0.028580128,0.3724764,0.72722676,0.37626688,0,-1.666,-1.656,148.114
01:34.6,10,1.12,15.43028488,75.0156597,731.708,0.027279176,284.26144,1.72,5.32,0.438,0.003263779,-0.002662872,-0.02812061,-0.113301,0.033838,-9.702097,-0.041013294,0.3438442,0.68843098,0.33929634,0,-1.668,-1.648,148.102
01:34.6,10,1.12,15.43028487,75.0156597,731.702,0.027794359,266.57441,1.72,5.32,0.437,-0.002560792,-0.007626291,-0.018887236,-0.22671945,0.24566755,-9.75897,-0.05344646,0.315212,0.6496352,0.3023258,0,-1.67,-1.64,148.09
01:34.6,10,1.12,15.43028486,75.0156597,731.696,0.028309542,248.88738,1.72,5.32,0.436,-0.008385362,-0.01258971,-0.009653861,-0.3401379,0.4574971,-9.815843,-0.035361856,0.29220772,0.59946284,0.27978872,0,-1.672,-1.648,148.086
01:34.6,10,1.12,15.43028485,75.0156597,731.69,0.028824725,231.20035,1.72,5.32,0.435,-0.003259397,-0.017590715,0.009038575,-0.2498868,0.28066405,-9.752301,-0.017277252,0.26920344,0.54929048,0.25725164,0,-1.674,-1.656,148.082
01:34.6,10,1.12,15.43028484,75.0156597,731.684,0.029339908,213.51332,1.72,5.32,0.434,0.001866569,-0.02259172,0.02773101,-0.1596357,0.103831,-9.688759,0.000807352,0.24619916,0.49911812,0.23471456,0,-1.676,-1.664,148.078
01:34.7,10,1.12,15.43028483,75.0156597,731.678,0.029855091,195.82629,1.72,5.32,0.433,0.004813266,-0.02052969,0.008731575,-0.2711752,0.250288,-9.7095205,0.018891956,0.22319488,0.44894576,0.21217748,0,-1.678,-1.672,148.074
01:34.7,10,1.12,15.43028482,75.0156597,731.672,0.030370274,178.13926,1.72,5.32,0.432,0.007759963,-0.01846766,-0.01026786,-0.3827147,0.396745,-9.730282,0.03697656,0.2001906,0.3987734,0.1896404,0,-1.68,-1.68,148.07
01:34.7,10,1.12,15.43028481,75.0156597,731.666,0.030885457,160.45223,1.72,5.32,0.431,0.009401182,-0.019425705,-0.01425425,-0.26348105,0.241317095,-9.7022295,0.061277748,0.1914568,0.378122,0.188061,0,-1.676,-1.682,148.07
01:34.7,10,1.12,15.4302848,75.0156597,731.66,0.03140064,142.7652,1.72,5.32,0.43,0.0110424,-0.02038375,-0.01824064,-0.1442474,0.08588919,-9.674177,0.085578936,0.182723,0.3574706,0.1864816,0,-1.672,-1.684,148.07
01:34.7,10,1.12,15.4302848,75.0156597,731.66,0.030877827,150.83386,1.72,5.321,0.429,0.010260653,-0.018998095,-0.00249899,-0.21539095,0.258092295,-9.7502195,0.109880124,0.1739892,0.3368192,0.1849022,0,-1.668,-1.686,148.07
01:34.8,10,1.12,15.4302848,75.0156597,731.66,0.030355014,158.90252,1.72,5.322,0.428,0.009478906,-0.01761244,0.01324266,-0.2865345,0.4302954,-9.826262,0.134181312,0.1652554,0.3161678,0.1833228,0,-1.664,-1.688,148.07
01:34.8,10,1.12,15.4302848,75.0156597,731.66,0.029832201,166.97118,1.72,5.323,0.427,0.005888195,-0.006455197,0.01611105,-0.33227805,0.3592013,-9.860174,0.1584825,0.1565216,0.2955164,0.1817434,0,-1.66,-1.69,148.07
01:34.8,10,1.12,15.4302848,75.0156597,731.66,0.029309388,175.03984,1.72,5.324,0.426,0.002297483,0.004702046,0.01897944,-0.3780216,0.2881072,-9.894086,0.142093328,0.16269296,0.27785596,0.17941666,0,-1.662,-1.69,148.074
01:34.8,10,1.12,15.4302848,75.0156597,731.66,0.028786575,183.1085,1.72,5.325,0.425,0.002666038,-0.007833792,0.007949969,-0.22041966,0.21752625,-9.7642605,0.125704156,0.16886432,0.26019552,0.17708992,0,-1.664,-1.69,148.078
01:34.8,10,1.12,15.4302848,75.0156597,731.66,0.028263762,191.17716,1.72,5.326,0.424,0.003034592,-0.02036963,-0.003079502,-0.06281772,0.1469453,-9.634435,0.109314984,0.17503568,0.24253508,0.17476318,0,-1.666,-1.69,148.082
01:34.9,10,1.12,15.4302848,75.0156597,731.66,0.027740949,199.24582,1.72,5.327,0.423,0.002405616,-0.01386399,-0.003384961,-0.21922921,0.20723735,-9.688296,0.092925812,0.18120704,0.22487464,0.17243644,0,-1.668,-1.69,148.086
01:34.9,10,1.12,15.4302848,75.0156597,731.66,0.027218136,207.31448,1.72,5.328,0.422,0.001776639,-0.007358349,-0.00369042,-0.3756407,0.2675294,-9.742157,0.07653664,0.1873784,0.2072142,0.1701097,0,-1.67,-1.69,148.09
01:34.9,10,1.12,15.4302848,75.0156597,731.66,0.026695323,215.38314,1.72,5.329,0.421,0.002013676,-0.01125207,0.007094255,-0.2679227,0.28180745,-9.7116395,0.065233762,0.19313114,0.20087798,0.17378962,0,-1.668,-1.688,148.09
01:34.9,10,1.12,15.4302848,75.0156597,731.66,0.02617251,223.4518,1.72,5.33,0.42,0.002250712,-0.01514579,0.01787893,-0.1602047,0.2960855,-9.681122,0.053930884,0.19888388,0.19454176,0.17746954,0,-1.666,-1.686,148.09
01:34.9,10,1.12,15.43028479,75.01565969,731.655,0.02369668,232.60662,1.721,5.331,0.423,-0.001212689,-0.006529136,0.005115581,-0.2668325,0.28945155,-9.7177325,0.042628006,0.20463662,0.18820554,0.18114946,0,-1.664,-1.684,148.09
01:35.0,10,1.12,15.43028478,75.01565968,731.65,0.021220851,241.76144,1.722,5.332,0.426,-0.00467609,0.002087517,-0.007647768,-0.3734603,0.2828176,-9.754343,0.031325128,0.21038936,0.18186932,0.18482938,0,-1.662,-1.682,148.09
01:35.0,10,1.12,15.43028477,75.01565967,731.645,0.018745021,250.91626,1.723,5.333,0.429,-0.005476315,-0.000826257,-0.004003876,-0.21798143,0.2498169,-9.749423,0.02002225,0.2161421,0.1755331,0.1885093,0,-1.66,-1.68,148.09
01:35.0,10,1.12,15.43028476,75.01565966,731.64,0.016269192,260.07108,1.724,5.334,0.432,-0.00627654,-0.00374003,-0.000359984,-0.06250256,0.2168162,-9.744503,0.031890272,0.21240294,0.16235996,0.18333986,0,-1.66,-1.68,148.088
01:35.0,10,1.12,15.43028475,75.01565965,731.635,0.013793362,269.2259,1.725,5.335,0.435,-0.000164699,-0.012153085,-0.003610504,-0.19977203,0.2516764,-9.759765,0.043758294,0.20866378,0.14918682,0.17817042,0,-1.66,-1.68,148.086
01:35.0,10,1.12,15.43028474,75.01565964,731.63,0.011317532,278.38072,1.726,5.336,0.438,0.005947143,-0.02056614,-0.006861024,-0.3370415,0.2865366,-9.775027,0.055626316,0.20492462,0.13601368,0.17300098,0,-1.66,-1.68,148.084
01:35.1,10,1.12,15.43028473,75.01565963,731.625,0.008841703,287.53554,1.727,5.337,0.441,0.004914595,-0.006140647,-0.001607795,-0.28809965,0.2802396,-9.778002,0.067494338,0.20118546,0.12284054,0.16783154,0,-1.66,-1.68,148.082
01:35.1,10,1.12,15.43028472,75.01565962,731.62,0.006365873,296.69036,1.728,5.338,0.444,0.003882046,0.008284846,0.003645435,-0.2391578,0.2739426,-9.780977,0.07936236,0.1974463,0.1096674,0.1626621,0,-1.66,-1.68,148.08
01:35.1,10,1.12,15.43028471,75.01565961,731.615,0.003890044,305.84518,1.729,5.339,0.447,0.005173692,0.007570669,0.001244578,-0.2705889,0.25871025,-9.7527775,0.067494338,0.1879419,0.103288202,0.15299738,0,-1.66,-1.666,148.07
01:35.1,10,1.12,15.4302847,75.0156596,731.61,0.001414214,315,1.73,5.34,0.45,0.006465338,0.006856491,-0.001156279,-0.30202,0.2434779,-9.724578,0.055626316,0.1784375,0.096909004,0.14333266,0,-1.66,-1.652,148.06
01:35.1,10,1.12,15.4302847,75.0156596,731.61,0.001414214,315,1.73,5.34,0.45,0.004779042,0.000570169,-0.006637225,-0.2287146,0.26269525,-9.7168505,0.043758294,0.1689331,0.090529806,0.13366794,0,-1.66,-1.638,148.05
01:35.2,10,1.12,15.4302847,75.0156596,731.61,0.001414214,315,1.73,5.34,0.45,0.003092746,-0.005716154,-0.01211817,-0.1554092,0.2819126,-9.709123,0.031890272,0.1594287,0.084150608,0.12400322,0,-1.66,-1.624,148.04
01:35.2,10,1.12,15.4302847,75.0156596,731.61,0.001414214,315,1.73,5.34,0.45,0.003452724,-0.004873179,-0.007806725,-0.24523075,0.25764825,-9.7099165,0.02002225,0.1499243,0.07777141,0.1143385,0,-1.66,-1.61,148.03
01:35.2,10,1.12,15.4302847,75.0156596,731.61,0.001414214,315,1.73,5.34,0.45,0.003812702,-0.004030204,-0.003495279,-0.3350523,0.2333839,-9.71071,0.02002225,0.1499243,0.07777141,0.1143385,0,-1.66,-1.61,148.03
